source_file,record_id,object_id,part_id,frame_table_id,frame_abs_hex,frame_type,dx,dy,shape_ref_hex,shape_ref_unsigned,shape_ref_signed,shape_ref_low_byte,shape_ref_high_byte,candidate_kind,base_hex,target_hex,target_in_range,target_first_16_hex,score,evidence
MARPCK_TBL.decoded.bin,pck_object_0017_part_000_choice_000_frame_110,pck_object_0017,pck_object_0017_part_000,pck_object_0017_part_000_choice_000,0x0022E9,2,10,9,0xFF03,65283,-253,3,255,direct_unsigned,0x000000,0x00FF03,no,,0,outside_decoded_stream
MARPCK_TBL.decoded.bin,pck_object_0017_part_000_choice_000_frame_110,pck_object_0017,pck_object_0017_part_000,pck_object_0017_part_000_choice_000,0x0022E9,2,10,9,0xFF03,65283,-253,3,255,direct_signed,0x000000,-0x0000FD,no,,0,outside_decoded_stream
MARPCK_TBL.decoded.bin,pck_object_0017_part_000_choice_000_frame_110,pck_object_0017,pck_object_0017_part_000,pck_object_0017_part_000_choice_000,0x0022E9,2,10,9,0xFF03,65283,-253,3,255,object_plus_unsigned,0x001EF8,0x011DFB,no,,0,outside_decoded_stream
MARPCK_TBL.decoded.bin,pck_object_0017_part_000_choice_000_frame_110,pck_object_0017,pck_object_0017_part_000,pck_object_0017_part_000_choice_000,0x0022E9,2,10,9,0xFF03,65283,-253,3,255,object_plus_signed,0x001EF8,0x001DFB,yes,6A046A04B80B0000000000F800000000,0,in_range_no_structural_match
MARPCK_TBL.decoded.bin,pck_object_0017_part_000_choice_000_frame_110,pck_object_0017,pck_object_0017_part_000,pck_object_0017_part_000_choice_000,0x0022E9,2,10,9,0xFF03,65283,-253,3,255,block_plus_unsigned,0x001EF0,0x011DF3,no,,0,outside_decoded_stream
MARPCK_TBL.decoded.bin,pck_object_0017_part_000_choice_000_frame_110,pck_object_0017,pck_object_0017_part_000,pck_object_0017_part_000_choice_000,0x0022E9,2,10,9,0xFF03,65283,-253,3,255,block_plus_signed,0x001EF0,0x001DF3,yes,64F92F03D1FC00056A046A04B80B0000,0,in_range_no_structural_match
MARPCK_TBL.decoded.bin,pck_object_0017_part_000_choice_000_frame_110,pck_object_0017,pck_object_0017_part_000,pck_object_0017_part_000_choice_000,0x0022E9,2,10,9,0xFF03,65283,-253,3,255,part_plus_signed,0x001F06,0x001E09,yes,0000E800AC00C4FFE8007E01C4FFE800,5,plausible_frame_record_prefix
MARPCK_TBL.decoded.bin,pck_object_0017_part_000_choice_000_frame_110,pck_object_0017,pck_object_0017_part_000,pck_object_0017_part_000_choice_000,0x0022E9,2,10,9,0xFF03,65283,-253,3,255,frame_plus_signed,0x0022E9,0x0021EC,yes,0100CA000F1B280001002B01D6057CFF,15,plausible_drawable_extents_at_plus6_plus8;plausible_frame_record_prefix
MARPCK_TBL.decoded.bin,pck_object_0017_part_000_choice_000_frame_110,pck_object_0017,pck_object_0017_part_000,pck_object_0017_part_000_choice_000,0x0022E9,2,10,9,0xFF03,65283,-253,3,255,payload_plus_signed,0x0022EB,0x0021EE,yes,CA000F1B280001002B01D6057CFF0000,10,byte0_high_bit_set;plausible_frame_record_prefix
MARPCK_TBL.decoded.bin,pck_object_0017_part_000_choice_000_frame_136,pck_object_0017,pck_object_0017_part_000,pck_object_0017_part_000_choice_000,0x0023B9,3,-47,-4,0x0500,1280,1280,0,5,direct_unsigned,0x000000,0x000500,yes,07BE0397FF3C006BFE97FFE8006BFE5B,0,in_range_no_structural_match
MARPCK_TBL.decoded.bin,pck_object_0017_part_000_choice_000_frame_136,pck_object_0017,pck_object_0017_part_000,pck_object_0017_part_000_choice_000,0x0023B9,3,-47,-4,0x0500,1280,1280,0,5,direct_signed,0x000000,0x000500,yes,07BE0397FF3C006BFE97FFE8006BFE5B,0,in_range_no_structural_match
MARPCK_TBL.decoded.bin,pck_object_0017_part_000_choice_000_frame_136,pck_object_0017,pck_object_0017_part_000,pck_object_0017_part_000_choice_000,0x0023B9,3,-47,-4,0x0500,1280,1280,0,5,object_plus_unsigned,0x001EF8,0x0023F8,yes,00000014F9FEFB000000080000000000,5,plausible_frame_record_prefix
MARPCK_TBL.decoded.bin,pck_object_0017_part_000_choice_000_frame_136,pck_object_0017,pck_object_0017_part_000,pck_object_0017_part_000_choice_000,0x0023B9,3,-47,-4,0x0500,1280,1280,0,5,object_plus_signed,0x001EF8,0x0023F8,yes,00000014F9FEFB000000080000000000,5,plausible_frame_record_prefix
MARPCK_TBL.decoded.bin,pck_object_0017_part_000_choice_000_frame_136,pck_object_0017,pck_object_0017_part_000,pck_object_0017_part_000_choice_000,0x0023B9,3,-47,-4,0x0500,1280,1280,0,5,block_plus_unsigned,0x001EF0,0x0023F0,yes,00530015017E015300000014F9FEFB00,0,in_range_no_structural_match
MARPCK_TBL.decoded.bin,pck_object_0017_part_000_choice_000_frame_136,pck_object_0017,pck_object_0017_part_000,pck_object_0017_part_000_choice_000,0x0023B9,3,-47,-4,0x0500,1280,1280,0,5,block_plus_signed,0x001EF0,0x0023F0,yes,00530015017E015300000014F9FEFB00,0,in_range_no_structural_match
MARPCK_TBL.decoded.bin,pck_object_0017_part_000_choice_000_frame_136,pck_object_0017,pck_object_0017_part_000,pck_object_0017_part_000_choice_000,0x0023B9,3,-47,-4,0x0500,1280,1280,0,5,part_plus_signed,0x001F06,0x002406,yes,00000000080100CF0000000600D70081,5,plausible_frame_record_prefix
MARPCK_TBL.decoded.bin,pck_object_0017_part_000_choice_000_frame_136,pck_object_0017,pck_object_0017_part_000,pck_object_0017_part_000_choice_000,0x0023B9,3,-47,-4,0x0500,1280,1280,0,5,frame_plus_signed,0x0023B9,0x0028B9,yes,01009D0200000500A502070081070800,5,plausible_frame_record_prefix
MARPCK_TBL.decoded.bin,pck_object_0017_part_000_choice_000_frame_136,pck_object_0017,pck_object_0017_part_000,pck_object_0017_part_000_choice_000,0x0023B9,3,-47,-4,0x0500,1280,1280,0,5,payload_plus_signed,0x0023BB,0x0028BB,yes,9D0200000500A502070081070800002D,40,exact_frame_record;byte0_high_bit_set;plausible_frame_record_prefix
MARPCK_TBL.decoded.bin,pck_object_0017_part_000_choice_000_frame_156,pck_object_0017,pck_object_0017_part_000,pck_object_0017_part_000_choice_000,0x002459,2,2,10,0x0309,777,777,9,3,direct_unsigned,0x000000,0x000309,yes,000000E80078005300E80087004400E8,5,plausible_frame_record_prefix
MARPCK_TBL.decoded.bin,pck_object_0017_part_000_choice_000_frame_156,pck_object_0017,pck_object_0017_part_000,pck_object_0017_part_000_choice_000,0x002459,2,2,10,0x0309,777,777,9,3,direct_signed,0x000000,0x000309,yes,000000E80078005300E80087004400E8,5,plausible_frame_record_prefix
MARPCK_TBL.decoded.bin,pck_object_0017_part_000_choice_000_frame_156,pck_object_0017,pck_object_0017_part_000,pck_object_0017_part_000_choice_000,0x002459,2,2,10,0x0309,777,777,9,3,object_plus_unsigned,0x001EF8,0x002201,yes,008BFD78000300E9008A002800BC007F,30,exact_frame_record
MARPCK_TBL.decoded.bin,pck_object_0017_part_000_choice_000_frame_156,pck_object_0017,pck_object_0017_part_000,pck_object_0017_part_000_choice_000,0x002459,2,2,10,0x0309,777,777,9,3,object_plus_signed,0x001EF8,0x002201,yes,008BFD78000300E9008A002800BC007F,30,exact_frame_record
MARPCK_TBL.decoded.bin,pck_object_0017_part_000_choice_000_frame_156,pck_object_0017,pck_object_0017_part_000,pck_object_0017_part_000_choice_000,0x002459,2,2,10,0x0309,777,777,9,3,block_plus_unsigned,0x001EF0,0x0021F9,yes,057CFF00006CF8B0008BFD78000300E9,30,exact_frame_record
MARPCK_TBL.decoded.bin,pck_object_0017_part_000_choice_000_frame_156,pck_object_0017,pck_object_0017_part_000,pck_object_0017_part_000_choice_000,0x002459,2,2,10,0x0309,777,777,9,3,block_plus_signed,0x001EF0,0x0021F9,yes,057CFF00006CF8B0008BFD78000300E9,30,exact_frame_record
MARPCK_TBL.decoded.bin,pck_object_0017_part_000_choice_000_frame_156,pck_object_0017,pck_object_0017_part_000,pck_object_0017_part_000_choice_000,0x002459,2,2,10,0x0309,777,777,9,3,part_plus_signed,0x001F06,0x00220F,yes,007F005500E9006C002A001D01F50735,0,in_range_no_structural_match
MARPCK_TBL.decoded.bin,pck_object_0017_part_000_choice_000_frame_156,pck_object_0017,pck_object_0017_part_000,pck_object_0017_part_000_choice_000,0x002459,2,2,10,0x0309,777,777,9,3,frame_plus_signed,0x002459,0x002762,yes,F849FD33029CFFB1FFBD008DFF82FF53,5,byte0_high_bit_set
MARPCK_TBL.decoded.bin,pck_object_0017_part_000_choice_000_frame_156,pck_object_0017,pck_object_0017_part_000,pck_object_0017_part_000_choice_000,0x002459,2,2,10,0x0309,777,777,9,3,payload_plus_signed,0x00245B,0x002764,yes,FD33029CFFB1FFBD008DFF82FF530097,5,byte0_high_bit_set
MARPCK_TBL.decoded.bin,pck_object_0017_part_000_choice_000_frame_200,pck_object_0017,pck_object_0017_part_000,pck_object_0017_part_000_choice_000,0x0025B9,3,4,5,0x07FF,2047,2047,255,7,direct_unsigned,0x000000,0x0007FF,yes,37FE1E00060137FE1E003C0037FE6900,0,in_range_no_structural_match
MARPCK_TBL.decoded.bin,pck_object_0017_part_000_choice_000_frame_200,pck_object_0017,pck_object_0017_part_000,pck_object_0017_part_000_choice_000,0x0025B9,3,4,5,0x07FF,2047,2047,255,7,direct_signed,0x000000,0x0007FF,yes,37FE1E00060137FE1E003C0037FE6900,0,in_range_no_structural_match
MARPCK_TBL.decoded.bin,pck_object_0017_part_000_choice_000_frame_200,pck_object_0017,pck_object_0017_part_000,pck_object_0017_part_000_choice_000,0x0025B9,3,4,5,0x07FF,2047,2047,255,7,object_plus_unsigned,0x001EF8,0x0026F7,yes,C20149FE13FFF90059FE5EFFAE0061FE,10,byte0_high_bit_set;plausible_frame_record_prefix
MARPCK_TBL.decoded.bin,pck_object_0017_part_000_choice_000_frame_200,pck_object_0017,pck_object_0017_part_000,pck_object_0017_part_000_choice_000,0x0025B9,3,4,5,0x07FF,2047,2047,255,7,object_plus_signed,0x001EF8,0x0026F7,yes,C20149FE13FFF90059FE5EFFAE0061FE,10,byte0_high_bit_set;plausible_frame_record_prefix
MARPCK_TBL.decoded.bin,pck_object_0017_part_000_choice_000_frame_200,pck_object_0017,pck_object_0017_part_000,pck_object_0017_part_000_choice_000,0x0025B9,3,4,5,0x07FF,2047,2047,255,7,block_plus_unsigned,0x001EF0,0x0026EF,yes,5BFF50023AFE10FFC20149FE13FFF900,0,in_range_no_structural_match
MARPCK_TBL.decoded.bin,pck_object_0017_part_000_choice_000_frame_200,pck_object_0017,pck_object_0017_part_000,pck_object_0017_part_000_choice_000,0x0025B9,3,4,5,0x07FF,2047,2047,255,7,block_plus_signed,0x001EF0,0x0026EF,yes,5BFF50023AFE10FFC20149FE13FFF900,0,in_range_no_structural_match
MARPCK_TBL.decoded.bin,pck_object_0017_part_000_choice_000_frame_200,pck_object_0017,pck_object_0017_part_000,pck_object_0017_part_000_choice_000,0x0025B9,3,4,5,0x07FF,2047,2047,255,7,part_plus_signed,0x001F06,0x002705,yes,61FE9AFFAE0061FEE5FFF90059FEE2FF,0,in_range_no_structural_match
MARPCK_TBL.decoded.bin,pck_object_0017_part_000_choice_000_frame_200,pck_object_0017,pck_object_0017_part_000,pck_object_0017_part_000_choice_000,0x0025B9,3,4,5,0x07FF,2047,2047,255,7,frame_plus_signed,0x0025B9,0x002DB8,yes,160F0281070800001715020202030405,0,in_range_no_structural_match
MARPCK_TBL.decoded.bin,pck_object_0017_part_000_choice_000_frame_200,pck_object_0017,pck_object_0017_part_000,pck_object_0017_part_000_choice_000,0x0025B9,3,4,5,0x07FF,2047,2047,255,7,payload_plus_signed,0x0025BB,0x002DBA,yes,028107080000171502020203040506FF,0,in_range_no_structural_match
MARPCK_TBL.decoded.bin,pck_object_0017_part_000_choice_000_frame_203,pck_object_0017,pck_object_0017_part_000,pck_object_0017_part_000_choice_000,0x0025D1,3,9,8,0xFF04,65284,-252,4,255,direct_unsigned,0x000000,0x00FF04,no,,0,outside_decoded_stream
MARPCK_TBL.decoded.bin,pck_object_0017_part_000_choice_000_frame_203,pck_object_0017,pck_object_0017_part_000,pck_object_0017_part_000_choice_000,0x0025D1,3,9,8,0xFF04,65284,-252,4,255,direct_signed,0x000000,-0x0000FC,no,,0,outside_decoded_stream
MARPCK_TBL.decoded.bin,pck_object_0017_part_000_choice_000_frame_203,pck_object_0017,pck_object_0017_part_000,pck_object_0017_part_000_choice_000,0x0025D1,3,9,8,0xFF04,65284,-252,4,255,object_plus_unsigned,0x001EF8,0x011DFC,no,,0,outside_decoded_stream
MARPCK_TBL.decoded.bin,pck_object_0017_part_000_choice_000_frame_203,pck_object_0017,pck_object_0017_part_000,pck_object_0017_part_000_choice_000,0x0025D1,3,9,8,0xFF04,65284,-252,4,255,object_plus_signed,0x001EF8,0x001DFC,yes,046A04B80B0000000000F800000000E8,0,in_range_no_structural_match
MARPCK_TBL.decoded.bin,pck_object_0017_part_000_choice_000_frame_203,pck_object_0017,pck_object_0017_part_000,pck_object_0017_part_000_choice_000,0x0025D1,3,9,8,0xFF04,65284,-252,4,255,block_plus_unsigned,0x001EF0,0x011DF4,no,,0,outside_decoded_stream
MARPCK_TBL.decoded.bin,pck_object_0017_part_000_choice_000_frame_203,pck_object_0017,pck_object_0017_part_000,pck_object_0017_part_000_choice_000,0x0025D1,3,9,8,0xFF04,65284,-252,4,255,block_plus_signed,0x001EF0,0x001DF4,yes,F92F03D1FC00056A046A04B80B000000,5,byte0_high_bit_set
MARPCK_TBL.decoded.bin,pck_object_0017_part_000_choice_000_frame_203,pck_object_0017,pck_object_0017_part_000,pck_object_0017_part_000_choice_000,0x0025D1,3,9,8,0xFF04,65284,-252,4,255,part_plus_signed,0x001F06,0x001E0A,yes,00E800AC00C4FFE8007E01C4FFE8007E,0,in_range_no_structural_match
MARPCK_TBL.decoded.bin,pck_object_0017_part_000_choice_000_frame_203,pck_object_0017,pck_object_0017_part_000,pck_object_0017_part_000_choice_000,0x0025D1,3,9,8,0xFF04,65284,-252,4,255,frame_plus_signed,0x0025D1,0x0024D5,yes,0001002D01D605800000006CF873FF81,5,plausible_frame_record_prefix
MARPCK_TBL.decoded.bin,pck_object_0017_part_000_choice_000_frame_203,pck_object_0017,pck_object_0017_part_000,pck_object_0017_part_000_choice_000,0x0025D1,3,9,8,0xFF04,65284,-252,4,255,payload_plus_signed,0x0025D3,0x0024D7,yes,002D01D605800000006CF873FF81FD75,0,in_range_no_structural_match
MARPCK_TBL.decoded.bin,pck_object_0019_part_000_choice_000_frame_008,pck_object_0019,pck_object_0019_part_000,pck_object_0019_part_000_choice_000,0x002B9B,2,0,0,0x0005,5,5,5,0,direct_unsigned,0x000000,0x000005,yes,002C00050043000D006F0003009D0001,0,in_range_no_structural_match
MARPCK_TBL.decoded.bin,pck_object_0019_part_000_choice_000_frame_008,pck_object_0019,pck_object_0019_part_000,pck_object_0019_part_000_choice_000,0x002B9B,2,0,0,0x0005,5,5,5,0,direct_signed,0x000000,0x000005,yes,002C00050043000D006F0003009D0001,0,in_range_no_structural_match
MARPCK_TBL.decoded.bin,pck_object_0019_part_000_choice_000_frame_008,pck_object_0019,pck_object_0019_part_000,pck_object_0019_part_000_choice_000,0x002B9B,2,0,0,0x0005,5,5,5,0,object_plus_unsigned,0x0021DA,0x0021DF,yes,000000000002001800001B28000100CA,5,plausible_frame_record_prefix
MARPCK_TBL.decoded.bin,pck_object_0019_part_000_choice_000_frame_008,pck_object_0019,pck_object_0019_part_000,pck_object_0019_part_000_choice_000,0x002B9B,2,0,0,0x0005,5,5,5,0,object_plus_signed,0x0021DA,0x0021DF,yes,000000000002001800001B28000100CA,5,plausible_frame_record_prefix
MARPCK_TBL.decoded.bin,pck_object_0019_part_000_choice_000_frame_008,pck_object_0019,pck_object_0019_part_000,pck_object_0019_part_000_choice_000,0x002B9B,2,0,0,0x0005,5,5,5,0,block_plus_unsigned,0x0021D0,0x0021D5,yes,13171614FF8000C60100000000000002,0,in_range_no_structural_match
MARPCK_TBL.decoded.bin,pck_object_0019_part_000_choice_000_frame_008,pck_object_0019,pck_object_0019_part_000,pck_object_0019_part_000_choice_000,0x002B9B,2,0,0,0x0005,5,5,5,0,block_plus_signed,0x0021D0,0x0021D5,yes,13171614FF8000C60100000000000002,0,in_range_no_structural_match
MARPCK_TBL.decoded.bin,pck_object_0019_part_000_choice_000_frame_008,pck_object_0019,pck_object_0019_part_000,pck_object_0019_part_000_choice_000,0x002B9B,2,0,0,0x0005,5,5,5,0,part_plus_signed,0x0021E8,0x0021ED,yes,00CA000F1B280001002B01D6057CFF00,0,in_range_no_structural_match
MARPCK_TBL.decoded.bin,pck_object_0019_part_000_choice_000_frame_008,pck_object_0019,pck_object_0019_part_000,pck_object_0019_part_000_choice_000,0x002B9B,2,0,0,0x0005,5,5,5,0,frame_plus_signed,0x002B9B,0x002BA0,yes,00A502070081070800002BCD02810708,0,in_range_no_structural_match
MARPCK_TBL.decoded.bin,pck_object_0019_part_000_choice_000_frame_008,pck_object_0019,pck_object_0019_part_000,pck_object_0019_part_000_choice_000,0x002B9B,2,0,0,0x0005,5,5,5,0,payload_plus_signed,0x002B9D,0x002BA2,yes,02070081070800002BCD028107080000,0,in_range_no_structural_match
MARPCK_TBL.decoded.bin,pck_object_0019_part_000_choice_000_frame_010,pck_object_0019,pck_object_0019_part_000,pck_object_0019_part_000_choice_000,0x002BAB,2,-127,7,0x0008,8,8,8,0,direct_unsigned,0x000000,0x000008,yes,050043000D006F0003009D000100E200,15,plausible_drawable_extents_at_plus6_plus8;plausible_frame_record_prefix
MARPCK_TBL.decoded.bin,pck_object_0019_part_000_choice_000_frame_010,pck_object_0019,pck_object_0019_part_000,pck_object_0019_part_000_choice_000,0x002BAB,2,-127,7,0x0008,8,8,8,0,direct_signed,0x000000,0x000008,yes,050043000D006F0003009D000100E200,15,plausible_drawable_extents_at_plus6_plus8;plausible_frame_record_prefix
MARPCK_TBL.decoded.bin,pck_object_0019_part_000_choice_000_frame_010,pck_object_0019,pck_object_0019_part_000,pck_object_0019_part_000_choice_000,0x002BAB,2,-127,7,0x0008,8,8,8,0,object_plus_unsigned,0x0021DA,0x0021E2,yes,000002001800001B28000100CA000F1B,5,plausible_frame_record_prefix
MARPCK_TBL.decoded.bin,pck_object_0019_part_000_choice_000_frame_010,pck_object_0019,pck_object_0019_part_000,pck_object_0019_part_000_choice_000,0x002BAB,2,-127,7,0x0008,8,8,8,0,object_plus_signed,0x0021DA,0x0021E2,yes,000002001800001B28000100CA000F1B,5,plausible_frame_record_prefix
MARPCK_TBL.decoded.bin,pck_object_0019_part_000_choice_000_frame_010,pck_object_0019,pck_object_0019_part_000,pck_object_0019_part_000_choice_000,0x002BAB,2,-127,7,0x0008,8,8,8,0,block_plus_unsigned,0x0021D0,0x0021D8,yes,14FF8000C60100000000000002001800,0,in_range_no_structural_match
MARPCK_TBL.decoded.bin,pck_object_0019_part_000_choice_000_frame_010,pck_object_0019,pck_object_0019_part_000,pck_object_0019_part_000_choice_000,0x002BAB,2,-127,7,0x0008,8,8,8,0,block_plus_signed,0x0021D0,0x0021D8,yes,14FF8000C60100000000000002001800,0,in_range_no_structural_match
MARPCK_TBL.decoded.bin,pck_object_0019_part_000_choice_000_frame_010,pck_object_0019,pck_object_0019_part_000,pck_object_0019_part_000_choice_000,0x002BAB,2,-127,7,0x0008,8,8,8,0,part_plus_signed,0x0021E8,0x0021F0,yes,0F1B280001002B01D6057CFF00006CF8,35,exact_part_offset
MARPCK_TBL.decoded.bin,pck_object_0019_part_000_choice_000_frame_010,pck_object_0019,pck_object_0019_part_000,pck_object_0019_part_000_choice_000,0x002BAB,2,-127,7,0x0008,8,8,8,0,frame_plus_signed,0x002BAB,0x002BB3,yes,D402810708040435DB02810708000036,40,exact_frame_record;byte0_high_bit_set;plausible_frame_record_prefix
MARPCK_TBL.decoded.bin,pck_object_0019_part_000_choice_000_frame_010,pck_object_0019,pck_object_0019_part_000,pck_object_0019_part_000_choice_000,0x002BAB,2,-127,7,0x0008,8,8,8,0,payload_plus_signed,0x002BAD,0x002BB5,yes,810708040435DB02810708000036E102,20,byte0_high_bit_set;plausible_object_header
MARPCK_TBL.decoded.bin,pck_object_0019_part_000_choice_000_frame_011,pck_object_0019,pck_object_0019_part_000,pck_object_0019_part_000_choice_000,0x002BB3,2,-127,7,0x0408,1032,1032,8,4,direct_unsigned,0x000000,0x000408,yes,018100070808196A0181000704041A6F,0,in_range_no_structural_match
MARPCK_TBL.decoded.bin,pck_object_0019_part_000_choice_000_frame_011,pck_object_0019,pck_object_0019_part_000,pck_object_0019_part_000_choice_000,0x002BB3,2,-127,7,0x0408,1032,1032,8,4,direct_signed,0x000000,0x000408,yes,018100070808196A0181000704041A6F,0,in_range_no_structural_match
MARPCK_TBL.decoded.bin,pck_object_0019_part_000_choice_000_frame_011,pck_object_0019,pck_object_0019_part_000,pck_object_0019_part_000_choice_000,0x002BB3,2,-127,7,0x0408,1032,1032,8,4,object_plus_unsigned,0x0021DA,0x0025E2,yes,0005003901FF81810007000010610181,0,in_range_no_structural_match
MARPCK_TBL.decoded.bin,pck_object_0019_part_000_choice_000_frame_011,pck_object_0019,pck_object_0019_part_000,pck_object_0019_part_000_choice_000,0x002BB3,2,-127,7,0x0408,1032,1032,8,4,object_plus_signed,0x0021DA,0x0025E2,yes,0005003901FF81810007000010610181,0,in_range_no_structural_match
MARPCK_TBL.decoded.bin,pck_object_0019_part_000_choice_000_frame_011,pck_object_0019,pck_object_0019_part_000,pck_object_0019_part_000_choice_000,0x002BB3,2,-127,7,0x0408,1032,1032,8,4,block_plus_unsigned,0x0021D0,0x0025D8,yes,04080705FF01003101000005003901FF,0,in_range_no_structural_match
MARPCK_TBL.decoded.bin,pck_object_0019_part_000_choice_000_frame_011,pck_object_0019,pck_object_0019_part_000,pck_object_0019_part_000_choice_000,0x002BB3,2,-127,7,0x0408,1032,1032,8,4,block_plus_signed,0x0021D0,0x0025D8,yes,04080705FF01003101000005003901FF,0,in_range_no_structural_match
MARPCK_TBL.decoded.bin,pck_object_0019_part_000_choice_000_frame_011,pck_object_0019,pck_object_0019_part_000,pck_object_0019_part_000_choice_000,0x002BB3,2,-127,7,0x0408,1032,1032,8,4,part_plus_signed,0x0021E8,0x0025F0,yes,0181000700001567018100070404186D,0,in_range_no_structural_match
MARPCK_TBL.decoded.bin,pck_object_0019_part_000_choice_000_frame_011,pck_object_0019,pck_object_0019_part_000,pck_object_0019_part_000_choice_000,0x002BB3,2,-127,7,0x0408,1032,1032,8,4,frame_plus_signed,0x002BB3,0x002FBB,yes,45FF50FEE2FF0D003EFE97FF990031FE,0,in_range_no_structural_match
MARPCK_TBL.decoded.bin,pck_object_0019_part_000_choice_000_frame_011,pck_object_0019,pck_object_0019_part_000,pck_object_0019_part_000_choice_000,0x002BB3,2,-127,7,0x0408,1032,1032,8,4,payload_plus_signed,0x002BB5,0x002FBD,yes,50FEE2FF0D003EFE97FF990031FE0000,0,in_range_no_structural_match
MARPCK_TBL.decoded.bin,pck_object_0019_part_000_choice_000_frame_012,pck_object_0019,pck_object_0019_part_000,pck_object_0019_part_000_choice_000,0x002BBB,2,-127,7,0x0008,8,8,8,0,direct_unsigned,0x000000,0x000008,yes,050043000D006F0003009D000100E200,15,plausible_drawable_extents_at_plus6_plus8;plausible_frame_record_prefix
MARPCK_TBL.decoded.bin,pck_object_0019_part_000_choice_000_frame_012,pck_object_0019,pck_object_0019_part_000,pck_object_0019_part_000_choice_000,0x002BBB,2,-127,7,0x0008,8,8,8,0,direct_signed,0x000000,0x000008,yes,050043000D006F0003009D000100E200,15,plausible_drawable_extents_at_plus6_plus8;plausible_frame_record_prefix
MARPCK_TBL.decoded.bin,pck_object_0019_part_000_choice_000_frame_012,pck_object_0019,pck_object_0019_part_000,pck_object_0019_part_000_choice_000,0x002BBB,2,-127,7,0x0008,8,8,8,0,object_plus_unsigned,0x0021DA,0x0021E2,yes,000002001800001B28000100CA000F1B,5,plausible_frame_record_prefix
MARPCK_TBL.decoded.bin,pck_object_0019_part_000_choice_000_frame_012,pck_object_0019,pck_object_0019_part_000,pck_object_0019_part_000_choice_000,0x002BBB,2,-127,7,0x0008,8,8,8,0,object_plus_signed,0x0021DA,0x0021E2,yes,000002001800001B28000100CA000F1B,5,plausible_frame_record_prefix
MARPCK_TBL.decoded.bin,pck_object_0019_part_000_choice_000_frame_012,pck_object_0019,pck_object_0019_part_000,pck_object_0019_part_000_choice_000,0x002BBB,2,-127,7,0x0008,8,8,8,0,block_plus_unsigned,0x0021D0,0x0021D8,yes,14FF8000C60100000000000002001800,0,in_range_no_structural_match
MARPCK_TBL.decoded.bin,pck_object_0019_part_000_choice_000_frame_012,pck_object_0019,pck_object_0019_part_000,pck_object_0019_part_000_choice_000,0x002BBB,2,-127,7,0x0008,8,8,8,0,block_plus_signed,0x0021D0,0x0021D8,yes,14FF8000C60100000000000002001800,0,in_range_no_structural_match
MARPCK_TBL.decoded.bin,pck_object_0019_part_000_choice_000_frame_012,pck_object_0019,pck_object_0019_part_000,pck_object_0019_part_000_choice_000,0x002BBB,2,-127,7,0x0008,8,8,8,0,part_plus_signed,0x0021E8,0x0021F0,yes,0F1B280001002B01D6057CFF00006CF8,35,exact_part_offset
MARPCK_TBL.decoded.bin,pck_object_0019_part_000_choice_000_frame_012,pck_object_0019,pck_object_0019_part_000,pck_object_0019_part_000_choice_000,0x002BBB,2,-127,7,0x0008,8,8,8,0,frame_plus_signed,0x002BBB,0x002BC3,yes,E102810708080837E7022C2C2D022E2F,40,exact_frame_record;byte0_high_bit_set;plausible_frame_record_prefix
MARPCK_TBL.decoded.bin,pck_object_0019_part_000_choice_000_frame_012,pck_object_0019,pck_object_0019_part_000,pck_object_0019_part_000_choice_000,0x002BBB,2,-127,7,0x0008,8,8,8,0,payload_plus_signed,0x002BBD,0x002BC5,yes,810708080837E7022C2C2D022E2FFF31,5,byte0_high_bit_set
MARPCK_TBL.decoded.bin,pck_object_0019_part_000_choice_000_frame_013,pck_object_0019,pck_object_0019_part_000,pck_object_0019_part_000_choice_000,0x002BC3,2,-127,7,0x0808,2056,2056,8,8,direct_unsigned,0x000000,0x000808,yes,003C0037FE6900F1FF37FEA500F1FF37,0,in_range_no_structural_match
MARPCK_TBL.decoded.bin,pck_object_0019_part_000_choice_000_frame_013,pck_object_0019,pck_object_0019_part_000,pck_object_0019_part_000_choice_000,0x002BC3,2,-127,7,0x0808,2056,2056,8,8,direct_signed,0x000000,0x000808,yes,003C0037FE6900F1FF37FEA500F1FF37,0,in_range_no_structural_match
MARPCK_TBL.decoded.bin,pck_object_0019_part_000_choice_000_frame_013,pck_object_0019,pck_object_0019_part_000,pck_object_0019_part_000_choice_000,0x002BC3,2,-127,7,0x0808,2056,2056,8,8,object_plus_unsigned,0x0021DA,0x0029E2,yes,FF340037FE97FF340037FEE2FF7F0037,5,byte0_high_bit_set
MARPCK_TBL.decoded.bin,pck_object_0019_part_000_choice_000_frame_013,pck_object_0019,pck_object_0019_part_000,pck_object_0019_part_000_choice_000,0x002BC3,2,-127,7,0x0808,2056,2056,8,8,object_plus_signed,0x0021DA,0x0029E2,yes,FF340037FE97FF340037FEE2FF7F0037,5,byte0_high_bit_set
MARPCK_TBL.decoded.bin,pck_object_0019_part_000_choice_000_frame_013,pck_object_0019,pck_object_0019_part_000,pck_object_0019_part_000_choice_000,0x002BC3,2,-127,7,0x0808,2056,2056,8,8,block_plus_unsigned,0x0021D0,0x0029D8,yes,0138FE10FF810038FE5BFF340037FE97,0,in_range_no_structural_match
MARPCK_TBL.decoded.bin,pck_object_0019_part_000_choice_000_frame_013,pck_object_0019,pck_object_0019_part_000,pck_object_0019_part_000_choice_000,0x002BC3,2,-127,7,0x0808,2056,2056,8,8,block_plus_signed,0x0021D0,0x0029D8,yes,0138FE10FF810038FE5BFF340037FE97,0,in_range_no_structural_match
MARPCK_TBL.decoded.bin,pck_object_0019_part_000_choice_000_frame_013,pck_object_0019,pck_object_0019_part_000,pck_object_0019_part_000_choice_000,0x002BC3,2,-127,7,0x0808,2056,2056,8,8,part_plus_signed,0x0021E8,0x0029F0,yes,0037FEE2FF4B0138FE97FFD80137FE00,0,in_range_no_structural_match
MARPCK_TBL.decoded.bin,pck_object_0019_part_000_choice_000_frame_013,pck_object_0019,pck_object_0019_part_000,pck_object_0019_part_000_choice_000,0x002BC3,2,-127,7,0x0808,2056,2056,8,8,frame_plus_signed,0x002BC3,0x0033CB,yes,140905FF1111151412FF04040A1511FF,0,in_range_no_structural_match
MARPCK_TBL.decoded.bin,pck_object_0019_part_000_choice_000_frame_013,pck_object_0019,pck_object_0019_part_000,pck_object_0019_part_000_choice_000,0x002BC3,2,-127,7,0x0808,2056,2056,8,8,payload_plus_signed,0x002BC5,0x0033CD,yes,05FF1111151412FF04040A1511FF0100,0,in_range_no_structural_match
MARPCK_TBL.decoded.bin,pck_object_0019_part_000_choice_000_frame_014,pck_object_0019,pck_object_0019_part_000,pck_object_0019_part_000_choice_000,0x002BCB,2,44,44,0x022D,557,557,45,2,direct_unsigned,0x000000,0x00022D,yes,06060181090008080B0C018109000000,0,in_range_no_structural_match
MARPCK_TBL.decoded.bin,pck_object_0019_part_000_choice_000_frame_014,pck_object_0019,pck_object_0019_part_000,pck_object_0019_part_000_choice_000,0x002BCB,2,44,44,0x022D,557,557,45,2,direct_signed,0x000000,0x00022D,yes,06060181090008080B0C018109000000,0,in_range_no_structural_match
MARPCK_TBL.decoded.bin,pck_object_0019_part_000_choice_000_frame_014,pck_object_0019,pck_object_0019_part_000,pck_object_0019_part_000_choice_000,0x002BCB,2,44,44,0x022D,557,557,45,2,object_plus_unsigned,0x0021DA,0x002407,yes,000000080100CF0000000600D7008100,5,plausible_frame_record_prefix
MARPCK_TBL.decoded.bin,pck_object_0019_part_000_choice_000_frame_014,pck_object_0019,pck_object_0019_part_000,pck_object_0019_part_000_choice_000,0x002BCB,2,44,44,0x022D,557,557,45,2,object_plus_signed,0x0021DA,0x002407,yes,000000080100CF0000000600D7008100,5,plausible_frame_record_prefix
MARPCK_TBL.decoded.bin,pck_object_0019_part_000_choice_000_frame_014,pck_object_0019,pck_object_0019_part_000,pck_object_0019_part_000_choice_000,0x002BCB,2,44,44,0x022D,557,557,45,2,block_plus_unsigned,0x0021D0,0x0023FD,yes,FEFB0000000800000000000000080100,20,byte0_high_bit_set;plausible_object_header
MARPCK_TBL.decoded.bin,pck_object_0019_part_000_choice_000_frame_014,pck_object_0019,pck_object_0019_part_000,pck_object_0019_part_000_choice_000,0x002BCB,2,44,44,0x022D,557,557,45,2,block_plus_signed,0x0021D0,0x0023FD,yes,FEFB0000000800000000000000080100,20,byte0_high_bit_set;plausible_object_header
MARPCK_TBL.decoded.bin,pck_object_0019_part_000_choice_000_frame_014,pck_object_0019,pck_object_0019_part_000,pck_object_0019_part_000_choice_000,0x002BCB,2,44,44,0x022D,557,557,45,2,part_plus_signed,0x0021E8,0x002415,yes,810081091D0808010701810900000806,10,byte0_high_bit_set;plausible_frame_record_prefix
MARPCK_TBL.decoded.bin,pck_object_0019_part_000_choice_000_frame_014,pck_object_0019,pck_object_0019_part_000,pck_object_0019_part_000_choice_000,0x002BCB,2,44,44,0x022D,557,557,45,2,frame_plus_signed,0x002BCB,0x002DF8,yes,1511FF01001F02000009002702090081,0,in_range_no_structural_match
MARPCK_TBL.decoded.bin,pck_object_0019_part_000_choice_000_frame_014,pck_object_0019,pck_object_0019_part_000,pck_object_0019_part_000_choice_000,0x002BCB,2,44,44,0x022D,557,557,45,2,payload_plus_signed,0x002BCD,0x002DFA,yes,FF01001F020000090027020900810400,10,byte0_high_bit_set;plausible_frame_record_prefix
MARPCK_TBL.decoded.bin,pck_object_0019_part_000_choice_000_frame_051,pck_object_0019,pck_object_0019_part_000,pck_object_0019_part_000_choice_000,0x002CF3,2,-78,6,0x0496,1174,1174,150,4,direct_unsigned,0x000000,0x000496,yes,005BFF54FF2D005BFF9FFF1E0097FF00,0,in_range_no_structural_match
MARPCK_TBL.decoded.bin,pck_object_0019_part_000_choice_000_frame_051,pck_object_0019,pck_object_0019_part_000,pck_object_0019_part_000_choice_000,0x002CF3,2,-78,6,0x0496,1174,1174,150,4,direct_signed,0x000000,0x000496,yes,005BFF54FF2D005BFF9FFF1E0097FF00,0,in_range_no_structural_match
MARPCK_TBL.decoded.bin,pck_object_0019_part_000_choice_000_frame_051,pck_object_0019,pck_object_0019_part_000,pck_object_0019_part_000_choice_000,0x002CF3,2,-78,6,0x0496,1174,1174,150,4,object_plus_unsigned,0x0021DA,0x002670,yes,FF5BFF6C0097FF5DFF07000F00FF071E,5,byte0_high_bit_set
MARPCK_TBL.decoded.bin,pck_object_0019_part_000_choice_000_frame_051,pck_object_0019,pck_object_0019_part_000,pck_object_0019_part_000_choice_000,0x002CF3,2,-78,6,0x0496,1174,1174,150,4,object_plus_signed,0x0021DA,0x002670,yes,FF5BFF6C0097FF5DFF07000F00FF071E,5,byte0_high_bit_set
MARPCK_TBL.decoded.bin,pck_object_0019_part_000_choice_000_frame_051,pck_object_0019,pck_object_0019_part_000,pck_object_0019_part_000_choice_000,0x002CF3,2,-78,6,0x0496,1174,1174,150,4,block_plus_unsigned,0x0021D0,0x002666,yes,FF7CFFA9FF5BFF69004BFF5BFF6C0097,5,byte0_high_bit_set
MARPCK_TBL.decoded.bin,pck_object_0019_part_000_choice_000_frame_051,pck_object_0019,pck_object_0019_part_000,pck_object_0019_part_000_choice_000,0x002CF3,2,-78,6,0x0496,1174,1174,150,4,block_plus_signed,0x0021D0,0x002666,yes,FF7CFFA9FF5BFF69004BFF5BFF6C0097,5,byte0_high_bit_set
MARPCK_TBL.decoded.bin,pck_object_0019_part_000_choice_000_frame_051,pck_object_0019,pck_object_0019_part_000,pck_object_0019_part_000_choice_000,0x002CF3,2,-78,6,0x0496,1174,1174,150,4,part_plus_signed,0x0021E8,0x00267E,yes,071E00000099FF07000F0097FF6A0096,0,in_range_no_structural_match
MARPCK_TBL.decoded.bin,pck_object_0019_part_000_choice_000_frame_051,pck_object_0019,pck_object_0019_part_000,pck_object_0019_part_000_choice_000,0x002CF3,2,-78,6,0x0496,1174,1174,150,4,frame_plus_signed,0x002CF3,0x003189,yes,810708000036DD02810708080837E302,5,byte0_high_bit_set
MARPCK_TBL.decoded.bin,pck_object_0019_part_000_choice_000_frame_051,pck_object_0019,pck_object_0019_part_000,pck_object_0019_part_000_choice_000,0x002CF3,2,-78,6,0x0496,1174,1174,150,4,payload_plus_signed,0x002CF5,0x00318B,yes,08000036DD02810708080837E3022E2E,5,plausible_frame_record_prefix
MARPCK_TBL.decoded.bin,pck_object_0019_part_000_choice_000_frame_077,pck_object_0019,pck_object_0019_part_000,pck_object_0019_part_000_choice_000,0x002DC3,2,3,4,0x0605,1541,1541,5,6,direct_unsigned,0x000000,0x000605,yes,08040419190281070800001A1F028107,0,in_range_no_structural_match
MARPCK_TBL.decoded.bin,pck_object_0019_part_000_choice_000_frame_077,pck_object_0019,pck_object_0019_part_000,pck_object_0019_part_000_choice_000,0x002DC3,2,3,4,0x0605,1541,1541,5,6,direct_signed,0x000000,0x000605,yes,08040419190281070800001A1F028107,0,in_range_no_structural_match
MARPCK_TBL.decoded.bin,pck_object_0019_part_000_choice_000_frame_077,pck_object_0019,pck_object_0019_part_000,pck_object_0019_part_000_choice_000,0x002DC3,2,3,4,0x0605,1541,1541,5,6,object_plus_unsigned,0x0021DA,0x0027DF,yes,810708080813FD018107080000160302,20,byte0_high_bit_set;plausible_object_header
MARPCK_TBL.decoded.bin,pck_object_0019_part_000_choice_000_frame_077,pck_object_0019,pck_object_0019_part_000,pck_object_0019_part_000_choice_000,0x002DC3,2,3,4,0x0605,1541,1541,5,6,object_plus_signed,0x0021DA,0x0027DF,yes,810708080813FD018107080000160302,20,byte0_high_bit_set;plausible_object_header
MARPCK_TBL.decoded.bin,pck_object_0019_part_000_choice_000_frame_077,pck_object_0019,pck_object_0019_part_000,pck_object_0019_part_000_choice_000,0x002DC3,2,3,4,0x0605,1541,1541,5,6,block_plus_unsigned,0x0021D0,0x0027D5,yes,F101810708040410F701810708080813,10,byte0_high_bit_set;plausible_frame_record_prefix
MARPCK_TBL.decoded.bin,pck_object_0019_part_000_choice_000_frame_077,pck_object_0019,pck_object_0019_part_000,pck_object_0019_part_000_choice_000,0x002DC3,2,3,4,0x0605,1541,1541,5,6,block_plus_signed,0x0021D0,0x0027D5,yes,F101810708040410F701810708080813,10,byte0_high_bit_set;plausible_frame_record_prefix
MARPCK_TBL.decoded.bin,pck_object_0019_part_000_choice_000_frame_077,pck_object_0019,pck_object_0019_part_000,pck_object_0019_part_000_choice_000,0x002DC3,2,3,4,0x0605,1541,1541,5,6,part_plus_signed,0x0021E8,0x0027ED,yes,03028107080000170902020203040506,5,plausible_frame_record_prefix
MARPCK_TBL.decoded.bin,pck_object_0019_part_000_choice_000_frame_077,pck_object_0019,pck_object_0019_part_000,pck_object_0019_part_000_choice_000,0x002DC3,2,3,4,0x0605,1541,1541,5,6,frame_plus_signed,0x002DC3,0x0033C8,yes,FF1212140905FF1111151412FF04040A,5,byte0_high_bit_set
MARPCK_TBL.decoded.bin,pck_object_0019_part_000_choice_000_frame_077,pck_object_0019,pck_object_0019_part_000,pck_object_0019_part_000_choice_000,0x002DC3,2,3,4,0x0605,1541,1541,5,6,payload_plus_signed,0x002DC5,0x0033CA,yes,12140905FF1111151412FF04040A1511,0,in_range_no_structural_match
MARPCK_TBL.decoded.bin,pck_object_0019_part_000_choice_000_frame_085,pck_object_0019,pck_object_0019_part_000,pck_object_0019_part_000_choice_000,0x002E03,2,9,0,0x0481,1153,1153,129,4,direct_unsigned,0x000000,0x000481,yes,B5FFD200B0F833FF220397FFB5FFD200,5,byte0_high_bit_set
MARPCK_TBL.decoded.bin,pck_object_0019_part_000_choice_000_frame_085,pck_object_0019,pck_object_0019_part_000,pck_object_0019_part_000_choice_000,0x002E03,2,9,0,0x0481,1153,1153,129,4,direct_signed,0x000000,0x000481,yes,B5FFD200B0F833FF220397FFB5FFD200,5,byte0_high_bit_set
MARPCK_TBL.decoded.bin,pck_object_0019_part_000_choice_000_frame_085,pck_object_0019,pck_object_0019_part_000,pck_object_0019_part_000_choice_000,0x002E03,2,9,0,0x0481,1153,1153,129,4,object_plus_unsigned,0x0021DA,0x00265B,yes,E2FF140060FFBDFF080060FF7CFFA9FF,35,exact_frame_record;byte0_high_bit_set
MARPCK_TBL.decoded.bin,pck_object_0019_part_000_choice_000_frame_085,pck_object_0019,pck_object_0019_part_000,pck_object_0019_part_000_choice_000,0x002E03,2,9,0,0x0481,1153,1153,129,4,object_plus_signed,0x0021DA,0x00265B,yes,E2FF140060FFBDFF080060FF7CFFA9FF,35,exact_frame_record;byte0_high_bit_set
MARPCK_TBL.decoded.bin,pck_object_0019_part_000_choice_000_frame_085,pck_object_0019,pck_object_0019_part_000,pck_object_0019_part_000_choice_000,0x002E03,2,9,0,0x0481,1153,1153,129,4,block_plus_unsigned,0x0021D0,0x002651,yes,99029DFF220143F801F8E2FF140060FF,10,byte0_high_bit_set;plausible_frame_record_prefix
MARPCK_TBL.decoded.bin,pck_object_0019_part_000_choice_000_frame_085,pck_object_0019,pck_object_0019_part_000,pck_object_0019_part_000_choice_000,0x002E03,2,9,0,0x0481,1153,1153,129,4,block_plus_signed,0x0021D0,0x002651,yes,99029DFF220143F801F8E2FF140060FF,10,byte0_high_bit_set;plausible_frame_record_prefix
MARPCK_TBL.decoded.bin,pck_object_0019_part_000_choice_000_frame_085,pck_object_0019,pck_object_0019_part_000,pck_object_0019_part_000_choice_000,0x002E03,2,9,0,0x0481,1153,1153,129,4,part_plus_signed,0x0021E8,0x002669,yes,A9FF5BFF69004BFF5BFF6C0097FF5DFF,5,byte0_high_bit_set
MARPCK_TBL.decoded.bin,pck_object_0019_part_000_choice_000_frame_085,pck_object_0019,pck_object_0019_part_000,pck_object_0019_part_000_choice_000,0x002E03,2,9,0,0x0481,1153,1153,129,4,frame_plus_signed,0x002E03,0x003284,yes,0050FE10FFF9FF6AFE13FF31FF8EFE5E,0,in_range_no_structural_match
MARPCK_TBL.decoded.bin,pck_object_0019_part_000_choice_000_frame_085,pck_object_0019,pck_object_0019_part_000,pck_object_0019_part_000_choice_000,0x002E03,2,9,0,0x0481,1153,1153,129,4,payload_plus_signed,0x002E05,0x003286,yes,FE10FFF9FF6AFE13FF31FF8EFE5EFFE8,5,byte0_high_bit_set
MARPCK_TBL.decoded.bin,pck_object_0019_part_000_choice_000_frame_112,pck_object_0019,pck_object_0019_part_000,pck_object_0019_part_000_choice_000,0x002EDB,2,0,0,0x0000,0,0,0,0,direct_unsigned,0x000000,0x000000,yes,0400150004002C00050043000D006F00,15,plausible_drawable_extents_at_plus6_plus8;plausible_frame_record_prefix
MARPCK_TBL.decoded.bin,pck_object_0019_part_000_choice_000_frame_112,pck_object_0019,pck_object_0019_part_000,pck_object_0019_part_000_choice_000,0x002EDB,2,0,0,0x0000,0,0,0,0,direct_signed,0x000000,0x000000,yes,0400150004002C00050043000D006F00,15,plausible_drawable_extents_at_plus6_plus8;plausible_frame_record_prefix
MARPCK_TBL.decoded.bin,pck_object_0019_part_000_choice_000_frame_112,pck_object_0019,pck_object_0019_part_000,pck_object_0019_part_000_choice_000,0x002EDB,2,0,0,0x0000,0,0,0,0,object_plus_unsigned,0x0021DA,0x0021DA,yes,8000C60100000000000002001800001B,75,exact_object_offset;byte0_high_bit_set;plausible_object_header;plausible_frame_record_prefix
MARPCK_TBL.decoded.bin,pck_object_0019_part_000_choice_000_frame_112,pck_object_0019,pck_object_0019_part_000,pck_object_0019_part_000_choice_000,0x002EDB,2,0,0,0x0000,0,0,0,0,object_plus_signed,0x0021DA,0x0021DA,yes,8000C60100000000000002001800001B,75,exact_object_offset;byte0_high_bit_set;plausible_object_header;plausible_frame_record_prefix
MARPCK_TBL.decoded.bin,pck_object_0019_part_000_choice_000_frame_112,pck_object_0019,pck_object_0019_part_000,pck_object_0019_part_000_choice_000,0x002EDB,2,0,0,0x0000,0,0,0,0,block_plus_unsigned,0x0021D0,0x0021D0,yes,121713FF1313171614FF8000C6010000,25,exact_block_offset
MARPCK_TBL.decoded.bin,pck_object_0019_part_000_choice_000_frame_112,pck_object_0019,pck_object_0019_part_000,pck_object_0019_part_000_choice_000,0x002EDB,2,0,0,0x0000,0,0,0,0,block_plus_signed,0x0021D0,0x0021D0,yes,121713FF1313171614FF8000C6010000,25,exact_block_offset
MARPCK_TBL.decoded.bin,pck_object_0019_part_000_choice_000_frame_112,pck_object_0019,pck_object_0019_part_000,pck_object_0019_part_000_choice_000,0x002EDB,2,0,0,0x0000,0,0,0,0,part_plus_signed,0x0021E8,0x0021E8,yes,001B28000100CA000F1B280001002B01,35,exact_part_offset
MARPCK_TBL.decoded.bin,pck_object_0019_part_000_choice_000_frame_112,pck_object_0019,pck_object_0019_part_000,pck_object_0019_part_000_choice_000,0x002EDB,2,0,0,0x0000,0,0,0,0,frame_plus_signed,0x002EDB,0x002EDB,yes,0F020000000000000300170000382F00,35,exact_frame_record;plausible_frame_record_prefix
MARPCK_TBL.decoded.bin,pck_object_0019_part_000_choice_000_frame_112,pck_object_0019,pck_object_0019_part_000,pck_object_0019_part_000_choice_000,0x002EDB,2,0,0,0x0000,0,0,0,0,payload_plus_signed,0x002EDD,0x002EDD,yes,0000000000000300170000382F000100,15,plausible_drawable_extents_at_plus6_plus8;plausible_frame_record_prefix
MARPCK_TBL.decoded.bin,pck_object_0021_part_001_choice_000_frame_033,pck_object_0021,pck_object_0021_part_001,pck_object_0021_part_001_choice_000,0x0025CB,2,10,9,0xFF03,65283,-253,3,255,direct_unsigned,0x000000,0x00FF03,no,,0,outside_decoded_stream
MARPCK_TBL.decoded.bin,pck_object_0021_part_001_choice_000_frame_033,pck_object_0021,pck_object_0021_part_001,pck_object_0021_part_001_choice_000,0x0025CB,2,10,9,0xFF03,65283,-253,3,255,direct_signed,0x000000,-0x0000FD,no,,0,outside_decoded_stream
MARPCK_TBL.decoded.bin,pck_object_0021_part_001_choice_000_frame_033,pck_object_0021,pck_object_0021_part_001,pck_object_0021_part_001_choice_000,0x0025CB,2,10,9,0xFF03,65283,-253,3,255,object_plus_unsigned,0x0024BC,0x0123BF,no,,0,outside_decoded_stream
MARPCK_TBL.decoded.bin,pck_object_0021_part_001_choice_000_frame_033,pck_object_0021,pck_object_0021_part_001,pck_object_0021_part_001_choice_000,0x0025CB,2,10,9,0xFF03,65283,-253,3,255,object_plus_signed,0x0024BC,0x0023BF,yes,6A046A04B80B0000000000F800000000,0,in_range_no_structural_match
MARPCK_TBL.decoded.bin,pck_object_0021_part_001_choice_000_frame_033,pck_object_0021,pck_object_0021_part_001,pck_object_0021_part_001_choice_000,0x0025CB,2,10,9,0xFF03,65283,-253,3,255,block_plus_unsigned,0x0024B0,0x0123B3,no,,0,outside_decoded_stream
MARPCK_TBL.decoded.bin,pck_object_0021_part_001_choice_000_frame_033,pck_object_0021,pck_object_0021_part_001,pck_object_0021_part_001_choice_000,0x0025CB,2,10,9,0xFF03,65283,-253,3,255,block_plus_signed,0x0024B0,0x0023B3,yes,E3FAE3FA64F92F03D1FC00056A046A04,5,byte0_high_bit_set
MARPCK_TBL.decoded.bin,pck_object_0021_part_001_choice_000_frame_033,pck_object_0021,pck_object_0021_part_001,pck_object_0021_part_001_choice_000,0x0025CB,2,10,9,0xFF03,65283,-253,3,255,part_plus_signed,0x0024D2,0x0023D5,yes,E8007E01C4FFE8007E015300E8005A00,10,byte0_high_bit_set;plausible_frame_record_prefix
MARPCK_TBL.decoded.bin,pck_object_0021_part_001_choice_000_frame_033,pck_object_0021,pck_object_0021_part_001,pck_object_0021_part_001_choice_000,0x0025CB,2,10,9,0xFF03,65283,-253,3,255,frame_plus_signed,0x0025CB,0x0024CE,yes,0100CC000F1B2A0001002D01D6058000,15,plausible_drawable_extents_at_plus6_plus8;plausible_frame_record_prefix
MARPCK_TBL.decoded.bin,pck_object_0021_part_001_choice_000_frame_033,pck_object_0021,pck_object_0021_part_001,pck_object_0021_part_001_choice_000,0x0025CB,2,10,9,0xFF03,65283,-253,3,255,payload_plus_signed,0x0025CD,0x0024D0,yes,CC000F1B2A0001002D01D60580000000,10,byte0_high_bit_set;plausible_frame_record_prefix
MARPCK_TBL.decoded.bin,pck_object_0021_part_001_choice_000_frame_075,pck_object_0021,pck_object_0021_part_001,pck_object_0021_part_001_choice_000,0x00271B,2,56,-2,0x0000,0,0,0,0,direct_unsigned,0x000000,0x000000,yes,0400150004002C00050043000D006F00,15,plausible_drawable_extents_at_plus6_plus8;plausible_frame_record_prefix
MARPCK_TBL.decoded.bin,pck_object_0021_part_001_choice_000_frame_075,pck_object_0021,pck_object_0021_part_001,pck_object_0021_part_001_choice_000,0x00271B,2,56,-2,0x0000,0,0,0,0,direct_signed,0x000000,0x000000,yes,0400150004002C00050043000D006F00,15,plausible_drawable_extents_at_plus6_plus8;plausible_frame_record_prefix
MARPCK_TBL.decoded.bin,pck_object_0021_part_001_choice_000_frame_075,pck_object_0021,pck_object_0021_part_001,pck_object_0021_part_001_choice_000,0x00271B,2,56,-2,0x0000,0,0,0,0,object_plus_unsigned,0x0024BC,0x0024BC,yes,8000F50100000000000002001A00001B,75,exact_object_offset;byte0_high_bit_set;plausible_object_header;plausible_frame_record_prefix
MARPCK_TBL.decoded.bin,pck_object_0021_part_001_choice_000_frame_075,pck_object_0021,pck_object_0021_part_001,pck_object_0021_part_001_choice_000,0x00271B,2,56,-2,0x0000,0,0,0,0,object_plus_signed,0x0024BC,0x0024BC,yes,8000F50100000000000002001A00001B,75,exact_object_offset;byte0_high_bit_set;plausible_object_header;plausible_frame_record_prefix
MARPCK_TBL.decoded.bin,pck_object_0021_part_001_choice_000_frame_075,pck_object_0021,pck_object_0021_part_001,pck_object_0021_part_001_choice_000,0x00271B,2,56,-2,0x0000,0,0,0,0,block_plus_unsigned,0x0024B0,0x0024B0,yes,FF12121713FF1313171614FF8000F501,30,exact_block_offset;byte0_high_bit_set
MARPCK_TBL.decoded.bin,pck_object_0021_part_001_choice_000_frame_075,pck_object_0021,pck_object_0021_part_001,pck_object_0021_part_001_choice_000,0x00271B,2,56,-2,0x0000,0,0,0,0,block_plus_signed,0x0024B0,0x0024B0,yes,FF12121713FF1313171614FF8000F501,30,exact_block_offset;byte0_high_bit_set
MARPCK_TBL.decoded.bin,pck_object_0021_part_001_choice_000_frame_075,pck_object_0021,pck_object_0021_part_001,pck_object_0021_part_001_choice_000,0x00271B,2,56,-2,0x0000,0,0,0,0,part_plus_signed,0x0024D2,0x0024D2,yes,0F1B2A0001002D01D605800000006CF8,35,exact_part_offset
MARPCK_TBL.decoded.bin,pck_object_0021_part_001_choice_000_frame_075,pck_object_0021,pck_object_0021_part_001,pck_object_0021_part_001_choice_000,0x00271B,2,56,-2,0x0000,0,0,0,0,frame_plus_signed,0x00271B,0x00271B,yes,500238FE0000330355070000FCFC6807,35,exact_frame_record;plausible_frame_record_prefix
MARPCK_TBL.decoded.bin,pck_object_0021_part_001_choice_000_frame_075,pck_object_0021,pck_object_0021_part_001,pck_object_0021_part_001_choice_000,0x00271B,2,56,-2,0x0000,0,0,0,0,payload_plus_signed,0x00271D,0x00271D,yes,38FE0000330355070000FCFC68075EFF,0,in_range_no_structural_match
MARPCK_TBL.decoded.bin,pck_object_0021_part_001_choice_000_frame_080,pck_object_0021,pck_object_0021_part_001,pck_object_0021_part_001_choice_000,0x002743,3,16,0,0x0709,1801,1801,9,7,direct_unsigned,0x000000,0x000709,yes,1B000034330001006B01103433000100,5,plausible_frame_record_prefix
MARPCK_TBL.decoded.bin,pck_object_0021_part_001_choice_000_frame_080,pck_object_0021,pck_object_0021_part_001,pck_object_0021_part_001_choice_000,0x002743,3,16,0,0x0709,1801,1801,9,7,direct_signed,0x000000,0x000709,yes,1B000034330001006B01103433000100,5,plausible_frame_record_prefix
MARPCK_TBL.decoded.bin,pck_object_0021_part_001_choice_000_frame_080,pck_object_0021,pck_object_0021_part_001,pck_object_0021_part_001_choice_000,0x002743,3,16,0,0x0709,1801,1801,9,7,object_plus_unsigned,0x0024BC,0x002BC5,yes,810708080837E7022C2C2D022E2FFF31,5,byte0_high_bit_set
MARPCK_TBL.decoded.bin,pck_object_0021_part_001_choice_000_frame_080,pck_object_0021,pck_object_0021_part_001,pck_object_0021_part_001_choice_000,0x002743,3,16,0,0x0709,1801,1801,9,7,object_plus_signed,0x0024BC,0x002BC5,yes,810708080837E7022C2C2D022E2FFF31,5,byte0_high_bit_set
MARPCK_TBL.decoded.bin,pck_object_0021_part_001_choice_000_frame_080,pck_object_0021,pck_object_0021_part_001,pck_object_0021_part_001_choice_000,0x002743,3,16,0,0x0709,1801,1801,9,7,block_plus_unsigned,0x0024B0,0x002BB9,yes,0435DB02810708000036E10281070808,0,in_range_no_structural_match
MARPCK_TBL.decoded.bin,pck_object_0021_part_001_choice_000_frame_080,pck_object_0021,pck_object_0021_part_001,pck_object_0021_part_001_choice_000,0x002743,3,16,0,0x0709,1801,1801,9,7,block_plus_signed,0x0024B0,0x002BB9,yes,0435DB02810708000036E10281070808,0,in_range_no_structural_match
MARPCK_TBL.decoded.bin,pck_object_0021_part_001_choice_000_frame_080,pck_object_0021,pck_object_0021_part_001,pck_object_0021_part_001_choice_000,0x002743,3,16,0,0x0709,1801,1801,9,7,part_plus_signed,0x0024D2,0x002BDB,yes,2E2E32312FFF2D2D330C02FF2C2C3433,30,exact_frame_record
MARPCK_TBL.decoded.bin,pck_object_0021_part_001_choice_000_frame_080,pck_object_0021,pck_object_0021_part_001,pck_object_0021_part_001_choice_000,0x002743,3,16,0,0x0709,1801,1801,9,7,frame_plus_signed,0x002743,0x002E4C,yes,299F021A1A1B1C1D1E1F2021FF141412,0,in_range_no_structural_match
MARPCK_TBL.decoded.bin,pck_object_0021_part_001_choice_000_frame_080,pck_object_0021,pck_object_0021_part_001,pck_object_0021_part_001_choice_000,0x002743,3,16,0,0x0709,1801,1801,9,7,payload_plus_signed,0x002745,0x002E4E,yes,021A1A1B1C1D1E1F2021FF1414121A21,0,in_range_no_structural_match
MARPCK_TBL.decoded.bin,pck_object_0021_part_001_choice_000_frame_105,pck_object_0021,pck_object_0021_part_001,pck_object_0021_part_001_choice_000,0x00280B,3,11,10,0xFF04,65284,-252,4,255,direct_unsigned,0x000000,0x00FF04,no,,0,outside_decoded_stream
MARPCK_TBL.decoded.bin,pck_object_0021_part_001_choice_000_frame_105,pck_object_0021,pck_object_0021_part_001,pck_object_0021_part_001_choice_000,0x00280B,3,11,10,0xFF04,65284,-252,4,255,direct_signed,0x000000,-0x0000FC,no,,0,outside_decoded_stream
MARPCK_TBL.decoded.bin,pck_object_0021_part_001_choice_000_frame_105,pck_object_0021,pck_object_0021_part_001,pck_object_0021_part_001_choice_000,0x00280B,3,11,10,0xFF04,65284,-252,4,255,object_plus_unsigned,0x0024BC,0x0123C0,no,,0,outside_decoded_stream
MARPCK_TBL.decoded.bin,pck_object_0021_part_001_choice_000_frame_105,pck_object_0021,pck_object_0021_part_001,pck_object_0021_part_001_choice_000,0x00280B,3,11,10,0xFF04,65284,-252,4,255,object_plus_signed,0x0024BC,0x0023C0,yes,046A04B80B0000000000F800000000E8,0,in_range_no_structural_match
MARPCK_TBL.decoded.bin,pck_object_0021_part_001_choice_000_frame_105,pck_object_0021,pck_object_0021_part_001,pck_object_0021_part_001_choice_000,0x00280B,3,11,10,0xFF04,65284,-252,4,255,block_plus_unsigned,0x0024B0,0x0123B4,no,,0,outside_decoded_stream
MARPCK_TBL.decoded.bin,pck_object_0021_part_001_choice_000_frame_105,pck_object_0021,pck_object_0021_part_001,pck_object_0021_part_001_choice_000,0x00280B,3,11,10,0xFF04,65284,-252,4,255,block_plus_signed,0x0024B0,0x0023B4,yes,FAE3FA64F92F03D1FC00056A046A04B8,5,byte0_high_bit_set
MARPCK_TBL.decoded.bin,pck_object_0021_part_001_choice_000_frame_105,pck_object_0021,pck_object_0021_part_001,pck_object_0021_part_001_choice_000,0x00280B,3,11,10,0xFF04,65284,-252,4,255,part_plus_signed,0x0024D2,0x0023D6,yes,007E01C4FFE8007E015300E8005A0053,0,in_range_no_structural_match
MARPCK_TBL.decoded.bin,pck_object_0021_part_001_choice_000_frame_105,pck_object_0021,pck_object_0021_part_001,pck_object_0021_part_001_choice_000,0x00280B,3,11,10,0xFF04,65284,-252,4,255,frame_plus_signed,0x00280B,0x00270F,yes,F90059FEE2FFC20147FE97FF500238FE,10,byte0_high_bit_set;plausible_frame_record_prefix
MARPCK_TBL.decoded.bin,pck_object_0021_part_001_choice_000_frame_105,pck_object_0021,pck_object_0021_part_001,pck_object_0021_part_001_choice_000,0x00280B,3,11,10,0xFF04,65284,-252,4,255,payload_plus_signed,0x00280D,0x002711,yes,59FEE2FFC20147FE97FF500238FE0000,0,in_range_no_structural_match
MARPCK_TBL.decoded.bin,pck_object_0021_part_001_choice_000_frame_127,pck_object_0021,pck_object_0021_part_001,pck_object_0021_part_001_choice_000,0x0028BB,2,0,0,0x0005,5,5,5,0,direct_unsigned,0x000000,0x000005,yes,002C00050043000D006F0003009D0001,0,in_range_no_structural_match
MARPCK_TBL.decoded.bin,pck_object_0021_part_001_choice_000_frame_127,pck_object_0021,pck_object_0021_part_001,pck_object_0021_part_001_choice_000,0x0028BB,2,0,0,0x0005,5,5,5,0,direct_signed,0x000000,0x000005,yes,002C00050043000D006F0003009D0001,0,in_range_no_structural_match
MARPCK_TBL.decoded.bin,pck_object_0021_part_001_choice_000_frame_127,pck_object_0021,pck_object_0021_part_001,pck_object_0021_part_001_choice_000,0x0028BB,2,0,0,0x0005,5,5,5,0,object_plus_unsigned,0x0024BC,0x0024C1,yes,000000000002001A00001B2A000100CC,35,exact_frame_record;plausible_frame_record_prefix
MARPCK_TBL.decoded.bin,pck_object_0021_part_001_choice_000_frame_127,pck_object_0021,pck_object_0021_part_001,pck_object_0021_part_001_choice_000,0x0028BB,2,0,0,0x0005,5,5,5,0,object_plus_signed,0x0024BC,0x0024C1,yes,000000000002001A00001B2A000100CC,35,exact_frame_record;plausible_frame_record_prefix
MARPCK_TBL.decoded.bin,pck_object_0021_part_001_choice_000_frame_127,pck_object_0021,pck_object_0021_part_001,pck_object_0021_part_001_choice_000,0x0028BB,2,0,0,0x0005,5,5,5,0,block_plus_unsigned,0x0024B0,0x0024B5,yes,FF1313171614FF8000F5010000000000,20,byte0_high_bit_set;plausible_object_header
MARPCK_TBL.decoded.bin,pck_object_0021_part_001_choice_000_frame_127,pck_object_0021,pck_object_0021_part_001,pck_object_0021_part_001_choice_000,0x0028BB,2,0,0,0x0005,5,5,5,0,block_plus_signed,0x0024B0,0x0024B5,yes,FF1313171614FF8000F5010000000000,20,byte0_high_bit_set;plausible_object_header
MARPCK_TBL.decoded.bin,pck_object_0021_part_001_choice_000_frame_127,pck_object_0021,pck_object_0021_part_001,pck_object_0021_part_001_choice_000,0x0028BB,2,0,0,0x0005,5,5,5,0,part_plus_signed,0x0024D2,0x0024D7,yes,002D01D605800000006CF873FF81FD75,0,in_range_no_structural_match
MARPCK_TBL.decoded.bin,pck_object_0021_part_001_choice_000_frame_127,pck_object_0021,pck_object_0021_part_001,pck_object_0021_part_001_choice_000,0x0028BB,2,0,0,0x0005,5,5,5,0,frame_plus_signed,0x0028BB,0x0028C0,yes,00A502070081070800002DCD02810708,0,in_range_no_structural_match
MARPCK_TBL.decoded.bin,pck_object_0021_part_001_choice_000_frame_127,pck_object_0021,pck_object_0021_part_001,pck_object_0021_part_001_choice_000,0x0028BB,2,0,0,0x0005,5,5,5,0,payload_plus_signed,0x0028BD,0x0028C2,yes,02070081070800002DCD028107080000,0,in_range_no_structural_match
MARPCK_TBL.decoded.bin,pck_object_0044_part_005_choice_000_frame_011,pck_object_0044,pck_object_0044_part_005,pck_object_0044_part_005_choice_000,0x00A9C3,2,-8,-87,0x20FF,8447,8447,255,32,direct_unsigned,0x000000,0x0020FF,yes,EA00F4FF53008607ABFEA3FD1501EDFF,10,byte0_high_bit_set;plausible_frame_record_prefix
MARPCK_TBL.decoded.bin,pck_object_0044_part_005_choice_000_frame_011,pck_object_0044,pck_object_0044_part_005,pck_object_0044_part_005_choice_000,0x00A9C3,2,-8,-87,0x20FF,8447,8447,255,32,direct_signed,0x000000,0x0020FF,yes,EA00F4FF53008607ABFEA3FD1501EDFF,10,byte0_high_bit_set;plausible_frame_record_prefix
MARPCK_TBL.decoded.bin,pck_object_0044_part_005_choice_000_frame_011,pck_object_0044,pck_object_0044_part_005,pck_object_0044_part_005_choice_000,0x00A9C3,2,-8,-87,0x20FF,8447,8447,255,32,object_plus_unsigned,0x006F67,0x009066,yes,01009A0100000500A201780081070800,5,plausible_frame_record_prefix
MARPCK_TBL.decoded.bin,pck_object_0044_part_005_choice_000_frame_011,pck_object_0044,pck_object_0044_part_005,pck_object_0044_part_005_choice_000,0x00A9C3,2,-8,-87,0x20FF,8447,8447,255,32,object_plus_signed,0x006F67,0x009066,yes,01009A0100000500A201780081070800,5,plausible_frame_record_prefix
MARPCK_TBL.decoded.bin,pck_object_0044_part_005_choice_000_frame_011,pck_object_0044,pck_object_0044_part_005,pck_object_0044_part_005_choice_000,0x00A9C3,2,-8,-87,0x20FF,8447,8447,255,32,block_plus_unsigned,0x006F60,0x00905F,yes,05960400008D0601009A0100000500A2,0,in_range_no_structural_match
MARPCK_TBL.decoded.bin,pck_object_0044_part_005_choice_000_frame_011,pck_object_0044,pck_object_0044_part_005,pck_object_0044_part_005_choice_000,0x00A9C3,2,-8,-87,0x20FF,8447,8447,255,32,block_plus_signed,0x006F60,0x00905F,yes,05960400008D0601009A0100000500A2,0,in_range_no_structural_match
MARPCK_TBL.decoded.bin,pck_object_0044_part_005_choice_000_frame_011,pck_object_0044,pck_object_0044_part_005,pck_object_0044_part_005_choice_000,0x00A9C3,2,-8,-87,0x20FF,8447,8447,255,32,part_plus_signed,0x006F9D,0x00909C,yes,03040506FF0808090A0B0CFF02020C0B,0,in_range_no_structural_match
MARPCK_TBL.decoded.bin,pck_object_0044_part_005_choice_000_frame_011,pck_object_0044,pck_object_0044_part_005,pck_object_0044_part_005_choice_000,0x00A9C3,2,-8,-87,0x20FF,8447,8447,255,32,frame_plus_signed,0x00A9C3,0x00CAC2,no,,0,outside_decoded_stream
MARPCK_TBL.decoded.bin,pck_object_0044_part_005_choice_000_frame_011,pck_object_0044,pck_object_0044_part_005,pck_object_0044_part_005_choice_000,0x00A9C3,2,-8,-87,0x20FF,8447,8447,255,32,payload_plus_signed,0x00A9C5,0x00CAC4,no,,0,outside_decoded_stream
MARPCK_TBL.decoded.bin,pck_object_0044_part_005_choice_000_frame_044,pck_object_0044,pck_object_0044_part_005,pck_object_0044_part_005_choice_000,0x00AACB,2,5,8,0x0BFF,3071,3071,255,11,direct_unsigned,0x000000,0x000BFF,yes,0804040155028108080404065B028100,0,in_range_no_structural_match
MARPCK_TBL.decoded.bin,pck_object_0044_part_005_choice_000_frame_044,pck_object_0044,pck_object_0044_part_005,pck_object_0044_part_005_choice_000,0x00AACB,2,5,8,0x0BFF,3071,3071,255,11,direct_signed,0x000000,0x000BFF,yes,0804040155028108080404065B028100,0,in_range_no_structural_match
MARPCK_TBL.decoded.bin,pck_object_0044_part_005_choice_000_frame_044,pck_object_0044,pck_object_0044_part_005,pck_object_0044_part_005_choice_000,0x00AACB,2,5,8,0x0BFF,3071,3071,255,11,object_plus_unsigned,0x006F67,0x007B66,yes,016C002A01E900DC002001AD001E0057,0,in_range_no_structural_match
MARPCK_TBL.decoded.bin,pck_object_0044_part_005_choice_000_frame_044,pck_object_0044,pck_object_0044_part_005,pck_object_0044_part_005_choice_000,0x00AACB,2,5,8,0x0BFF,3071,3071,255,11,object_plus_signed,0x006F67,0x007B66,yes,016C002A01E900DC002001AD001E0057,0,in_range_no_structural_match
MARPCK_TBL.decoded.bin,pck_object_0044_part_005_choice_000_frame_044,pck_object_0044,pck_object_0044_part_005,pck_object_0044_part_005_choice_000,0x00AACB,2,5,8,0x0BFF,3071,3071,255,11,block_plus_unsigned,0x006F60,0x007B5F,yes,C300750030011D016C002A01E900DC00,20,byte0_high_bit_set;plausible_drawable_extents_at_plus6_plus8;plausible_frame_record_prefix
MARPCK_TBL.decoded.bin,pck_object_0044_part_005_choice_000_frame_044,pck_object_0044,pck_object_0044_part_005,pck_object_0044_part_005_choice_000,0x00AACB,2,5,8,0x0BFF,3071,3071,255,11,block_plus_signed,0x006F60,0x007B5F,yes,C300750030011D016C002A01E900DC00,20,byte0_high_bit_set;plausible_drawable_extents_at_plus6_plus8;plausible_frame_record_prefix
MARPCK_TBL.decoded.bin,pck_object_0044_part_005_choice_000_frame_044,pck_object_0044,pck_object_0044_part_005,pck_object_0044_part_005_choice_000,0x00AACB,2,5,8,0x0BFF,3071,3071,255,11,part_plus_signed,0x006F9D,0x007B9C,yes,00C9FF3901E90058FF4201AD003B0083,0,in_range_no_structural_match
MARPCK_TBL.decoded.bin,pck_object_0044_part_005_choice_000_frame_044,pck_object_0044,pck_object_0044_part_005,pck_object_0044_part_005_choice_000,0x00AACB,2,5,8,0x0BFF,3071,3071,255,11,frame_plus_signed,0x00AACB,0x00B6CA,yes,02020A0903FF0303090804FF04040807,5,plausible_frame_record_prefix
MARPCK_TBL.decoded.bin,pck_object_0044_part_005_choice_000_frame_044,pck_object_0044,pck_object_0044_part_005,pck_object_0044_part_005_choice_000,0x00AACB,2,5,8,0x0BFF,3071,3071,255,11,payload_plus_signed,0x00AACD,0x00B6CC,yes,0A0903FF0303090804FF0404080705FF,0,in_range_no_structural_match
MARPCK_TBL.decoded.bin,pck_object_0044_part_005_choice_000_frame_045,pck_object_0044,pck_object_0044_part_005,pck_object_0044_part_005_choice_000,0x00AAD3,2,-1,3,0x0A03,2563,2563,3,10,direct_unsigned,0x000000,0x000A03,yes,410001009D03425041000100F1030000,5,plausible_frame_record_prefix
MARPCK_TBL.decoded.bin,pck_object_0044_part_005_choice_000_frame_045,pck_object_0044,pck_object_0044_part_005,pck_object_0044_part_005_choice_000,0x00AAD3,2,-1,3,0x0A03,2563,2563,3,10,direct_signed,0x000000,0x000A03,yes,410001009D03425041000100F1030000,5,plausible_frame_record_prefix
MARPCK_TBL.decoded.bin,pck_object_0044_part_005_choice_000_frame_045,pck_object_0044,pck_object_0044_part_005,pck_object_0044_part_005_choice_000,0x00AAD3,2,-1,3,0x0A03,2563,2563,3,10,object_plus_unsigned,0x006F67,0x00796A,yes,00E2FF5701C300D9FFB701960009F813,0,in_range_no_structural_match
MARPCK_TBL.decoded.bin,pck_object_0044_part_005_choice_000_frame_045,pck_object_0044,pck_object_0044_part_005,pck_object_0044_part_005_choice_000,0x00AAD3,2,-1,3,0x0A03,2563,2563,3,10,object_plus_signed,0x006F67,0x00796A,yes,00E2FF5701C300D9FFB701960009F813,0,in_range_no_structural_match
MARPCK_TBL.decoded.bin,pck_object_0044_part_005_choice_000_frame_045,pck_object_0044,pck_object_0044_part_005,pck_object_0044_part_005_choice_000,0x00AAD3,2,-1,3,0x0A03,2563,2563,3,10,block_plus_unsigned,0x006F60,0x007963,yes,E900A6004201AD00E2FF5701C300D9FF,10,byte0_high_bit_set;plausible_frame_record_prefix
MARPCK_TBL.decoded.bin,pck_object_0044_part_005_choice_000_frame_045,pck_object_0044,pck_object_0044_part_005,pck_object_0044_part_005_choice_000,0x00AAD3,2,-1,3,0x0A03,2563,2563,3,10,block_plus_signed,0x006F60,0x007963,yes,E900A6004201AD00E2FF5701C300D9FF,10,byte0_high_bit_set;plausible_frame_record_prefix
MARPCK_TBL.decoded.bin,pck_object_0044_part_005_choice_000_frame_045,pck_object_0044,pck_object_0044_part_005,pck_object_0044_part_005_choice_000,0x00AAD3,2,-1,3,0x0A03,2563,2563,3,10,part_plus_signed,0x006F9D,0x0079A0,yes,00CAFF8B02940753FF750730FD000000,0,in_range_no_structural_match
MARPCK_TBL.decoded.bin,pck_object_0044_part_005_choice_000_frame_045,pck_object_0044,pck_object_0044_part_005,pck_object_0044_part_005_choice_000,0x00AAD3,2,-1,3,0x0A03,2563,2563,3,10,frame_plus_signed,0x00AAD3,0x00B4D6,yes,C4FDAE070000A4F8DFFC0000C9FD51F8,5,byte0_high_bit_set
MARPCK_TBL.decoded.bin,pck_object_0044_part_005_choice_000_frame_045,pck_object_0044,pck_object_0044_part_005,pck_object_0044_part_005_choice_000,0x00AAD3,2,-1,3,0x0A03,2563,2563,3,10,payload_plus_signed,0x00AAD5,0x00B4D8,yes,AE070000A4F8DFFC0000C9FD51F8E303,5,byte0_high_bit_set
MARPCK_TBL.decoded.bin,pck_object_0044_part_005_choice_000_frame_160,pck_object_0044,pck_object_0044_part_005,pck_object_0044_part_005_choice_000,0x00AE6B,2,2,3,0x0504,1284,1284,4,5,direct_unsigned,0x000000,0x000504,yes,FF3C006BFE97FFE8006BFE5BFF3C006B,5,byte0_high_bit_set
MARPCK_TBL.decoded.bin,pck_object_0044_part_005_choice_000_frame_160,pck_object_0044,pck_object_0044_part_005,pck_object_0044_part_005_choice_000,0x00AE6B,2,2,3,0x0504,1284,1284,4,5,direct_signed,0x000000,0x000504,yes,FF3C006BFE97FFE8006BFE5BFF3C006B,5,byte0_high_bit_set
MARPCK_TBL.decoded.bin,pck_object_0044_part_005_choice_000_frame_160,pck_object_0044,pck_object_0044_part_005,pck_object_0044_part_005_choice_000,0x00AE6B,2,2,3,0x0504,1284,1284,4,5,object_plus_unsigned,0x006F67,0x00746B,yes,A80008F8DDFF88003FFF8D01B50043FF,10,byte0_high_bit_set;plausible_frame_record_prefix
MARPCK_TBL.decoded.bin,pck_object_0044_part_005_choice_000_frame_160,pck_object_0044,pck_object_0044_part_005,pck_object_0044_part_005_choice_000,0x00AE6B,2,2,3,0x0504,1284,1284,4,5,object_plus_signed,0x006F67,0x00746B,yes,A80008F8DDFF88003FFF8D01B50043FF,10,byte0_high_bit_set;plausible_frame_record_prefix
MARPCK_TBL.decoded.bin,pck_object_0044_part_005_choice_000_frame_160,pck_object_0044,pck_object_0044_part_005,pck_object_0044_part_005_choice_000,0x00AE6B,2,2,3,0x0504,1284,1284,4,5,block_plus_unsigned,0x006F60,0x007464,yes,01760021008F01A80008F8DDFF88003F,0,in_range_no_structural_match
MARPCK_TBL.decoded.bin,pck_object_0044_part_005_choice_000_frame_160,pck_object_0044,pck_object_0044_part_005,pck_object_0044_part_005_choice_000,0x00AE6B,2,2,3,0x0504,1284,1284,4,5,block_plus_signed,0x006F60,0x007464,yes,01760021008F01A80008F8DDFF88003F,0,in_range_no_structural_match
MARPCK_TBL.decoded.bin,pck_object_0044_part_005_choice_000_frame_160,pck_object_0044,pck_object_0044_part_005,pck_object_0044_part_005_choice_000,0x00AE6B,2,2,3,0x0504,1284,1284,4,5,part_plus_signed,0x006F9D,0x0074A1,yes,24FC77FFCA0054FFF60798FF58FF0900,0,in_range_no_structural_match
MARPCK_TBL.decoded.bin,pck_object_0044_part_005_choice_000_frame_160,pck_object_0044,pck_object_0044_part_005,pck_object_0044_part_005_choice_000,0x00AE6B,2,2,3,0x0504,1284,1284,4,5,frame_plus_signed,0x00AE6B,0x00B36F,yes,21252422FF0100180300000700200307,0,in_range_no_structural_match
MARPCK_TBL.decoded.bin,pck_object_0044_part_005_choice_000_frame_160,pck_object_0044,pck_object_0044_part_005,pck_object_0044_part_005_choice_000,0x00AE6B,2,2,3,0x0504,1284,1284,4,5,payload_plus_signed,0x00AE6D,0x00B371,yes,2422FF01001803000007002003070081,0,in_range_no_structural_match
MARPCK_TBL.decoded.bin,pck_object_0044_part_005_choice_000_frame_162,pck_object_0044,pck_object_0044_part_005,pck_object_0044_part_005_choice_000,0x00AE7B,3,-1,3,0x0903,2307,2307,3,9,direct_unsigned,0x000000,0x000903,yes,8107080000225302030312131404FF0A,5,byte0_high_bit_set
MARPCK_TBL.decoded.bin,pck_object_0044_part_005_choice_000_frame_162,pck_object_0044,pck_object_0044_part_005,pck_object_0044_part_005_choice_000,0x00AE7B,3,-1,3,0x0903,2307,2307,3,9,direct_signed,0x000000,0x000903,yes,8107080000225302030312131404FF0A,5,byte0_high_bit_set
MARPCK_TBL.decoded.bin,pck_object_0044_part_005_choice_000_frame_162,pck_object_0044,pck_object_0044_part_005,pck_object_0044_part_005_choice_000,0x00AE7B,3,-1,3,0x0903,2307,2307,3,9,object_plus_unsigned,0x006F67,0x00786A,yes,01C300B4FFB301960012F852FF37FF70,0,in_range_no_structural_match
MARPCK_TBL.decoded.bin,pck_object_0044_part_005_choice_000_frame_162,pck_object_0044,pck_object_0044_part_005,pck_object_0044_part_005_choice_000,0x00AE7B,3,-1,3,0x0903,2307,2307,3,9,object_plus_signed,0x006F67,0x00786A,yes,01C300B4FFB301960012F852FF37FF70,0,in_range_no_structural_match
MARPCK_TBL.decoded.bin,pck_object_0044_part_005_choice_000_frame_162,pck_object_0044,pck_object_0044_part_005,pck_object_0044_part_005_choice_000,0x00AE7B,3,-1,3,0x0903,2307,2307,3,9,block_plus_unsigned,0x006F60,0x007863,yes,5001AD00C4FF5301C300B4FFB3019600,5,plausible_frame_record_prefix
MARPCK_TBL.decoded.bin,pck_object_0044_part_005_choice_000_frame_162,pck_object_0044,pck_object_0044_part_005,pck_object_0044_part_005_choice_000,0x00AE7B,3,-1,3,0x0903,2307,2307,3,9,block_plus_signed,0x006F60,0x007863,yes,5001AD00C4FF5301C300B4FFB3019600,5,plausible_frame_record_prefix
MARPCK_TBL.decoded.bin,pck_object_0044_part_005_choice_000_frame_162,pck_object_0044,pck_object_0044_part_005,pck_object_0044_part_005_choice_000,0x00AE7B,3,-1,3,0x0903,2307,2307,3,9,part_plus_signed,0x006F9D,0x0078A0,yes,029707B9FE5F072CFD0000000000F801,0,in_range_no_structural_match
MARPCK_TBL.decoded.bin,pck_object_0044_part_005_choice_000_frame_162,pck_object_0044,pck_object_0044_part_005,pck_object_0044_part_005_choice_000,0x00AE7B,3,-1,3,0x0903,2307,2307,3,9,frame_plus_signed,0x00AE7B,0x00B77E,yes,2323242526FF212123261EFF1E1E2625,0,in_range_no_structural_match
MARPCK_TBL.decoded.bin,pck_object_0044_part_005_choice_000_frame_162,pck_object_0044,pck_object_0044_part_005,pck_object_0044_part_005_choice_000,0x00AE7B,3,-1,3,0x0903,2307,2307,3,9,payload_plus_signed,0x00AE7D,0x00B780,yes,242526FF212123261EFF1E1E26251FFF,0,in_range_no_structural_match
MARPCK_TBL.decoded.bin,pck_object_0044_part_005_choice_000_frame_227,pck_object_0044,pck_object_0044_part_005,pck_object_0044_part_005_choice_000,0x00B083,2,2,15,0x4648,17992,17992,72,70,direct_unsigned,0x000000,0x004648,yes,00000003000F00003A27000100830110,5,plausible_frame_record_prefix
MARPCK_TBL.decoded.bin,pck_object_0044_part_005_choice_000_frame_227,pck_object_0044,pck_object_0044_part_005,pck_object_0044_part_005_choice_000,0x00B083,2,2,15,0x4648,17992,17992,72,70,direct_signed,0x000000,0x004648,yes,00000003000F00003A27000100830110,5,plausible_frame_record_prefix
MARPCK_TBL.decoded.bin,pck_object_0044_part_005_choice_000_frame_227,pck_object_0044,pck_object_0044_part_005,pck_object_0044_part_005_choice_000,0x00B083,2,2,15,0x4648,17992,17992,72,70,object_plus_unsigned,0x006F67,0x00B5AF,yes,001F005A002F00BDFF6E071401C202F5,0,in_range_no_structural_match
MARPCK_TBL.decoded.bin,pck_object_0044_part_005_choice_000_frame_227,pck_object_0044,pck_object_0044_part_005,pck_object_0044_part_005_choice_000,0x00B083,2,2,15,0x4648,17992,17992,72,70,object_plus_signed,0x006F67,0x00B5AF,yes,001F005A002F00BDFF6E071401C202F5,0,in_range_no_structural_match
MARPCK_TBL.decoded.bin,pck_object_0044_part_005_choice_000_frame_227,pck_object_0044,pck_object_0044_part_005,pck_object_0044_part_005_choice_000,0x00B083,2,2,15,0x4648,17992,17992,72,70,block_plus_unsigned,0x006F60,0x00B5A8,yes,63FF84005A0081001F005A002F00BDFF,10,plausible_drawable_extents_at_plus6_plus8
MARPCK_TBL.decoded.bin,pck_object_0044_part_005_choice_000_frame_227,pck_object_0044,pck_object_0044_part_005,pck_object_0044_part_005_choice_000,0x00B083,2,2,15,0x4648,17992,17992,72,70,block_plus_signed,0x006F60,0x00B5A8,yes,63FF84005A0081001F005A002F00BDFF,10,plausible_drawable_extents_at_plus6_plus8
MARPCK_TBL.decoded.bin,pck_object_0044_part_005_choice_000_frame_227,pck_object_0044,pck_object_0044_part_005,pck_object_0044_part_005_choice_000,0x00B083,2,2,15,0x4648,17992,17992,72,70,part_plus_signed,0x006F9D,0x00B5E5,yes,FF61FF4B0050FF9BFF4B002F00BDFF4B,5,byte0_high_bit_set
MARPCK_TBL.decoded.bin,pck_object_0044_part_005_choice_000_frame_227,pck_object_0044,pck_object_0044_part_005,pck_object_0044_part_005_choice_000,0x00B083,2,2,15,0x4648,17992,17992,72,70,frame_plus_signed,0x00B083,0x00F6CB,no,,0,outside_decoded_stream
MARPCK_TBL.decoded.bin,pck_object_0044_part_005_choice_000_frame_227,pck_object_0044,pck_object_0044_part_005,pck_object_0044_part_005_choice_000,0x00B083,2,2,15,0x4648,17992,17992,72,70,payload_plus_signed,0x00B085,0x00F6CD,no,,0,outside_decoded_stream
MARPCK_TBL.decoded.bin,pck_object_0056_part_000_choice_000_frame_172,pck_object_0056,pck_object_0056_part_000,pck_object_0056_part_000_choice_000,0x008882,2,10,9,0xFF03,65283,-253,3,255,direct_unsigned,0x000000,0x00FF03,no,,0,outside_decoded_stream
MARPCK_TBL.decoded.bin,pck_object_0056_part_000_choice_000_frame_172,pck_object_0056,pck_object_0056_part_000,pck_object_0056_part_000_choice_000,0x008882,2,10,9,0xFF03,65283,-253,3,255,direct_signed,0x000000,-0x0000FD,no,,0,outside_decoded_stream
MARPCK_TBL.decoded.bin,pck_object_0056_part_000_choice_000_frame_172,pck_object_0056,pck_object_0056_part_000,pck_object_0056_part_000_choice_000,0x008882,2,10,9,0xFF03,65283,-253,3,255,object_plus_unsigned,0x008322,0x018225,no,,0,outside_decoded_stream
MARPCK_TBL.decoded.bin,pck_object_0056_part_000_choice_000_frame_172,pck_object_0056,pck_object_0056_part_000,pck_object_0056_part_000_choice_000,0x008882,2,10,9,0xFF03,65283,-253,3,255,object_plus_signed,0x008322,0x008225,yes,C503EE04B80BFFFF040000F800000000,10,byte0_high_bit_set;plausible_frame_record_prefix
MARPCK_TBL.decoded.bin,pck_object_0056_part_000_choice_000_frame_172,pck_object_0056,pck_object_0056_part_000,pck_object_0056_part_000_choice_000,0x008882,2,10,9,0xFF03,65283,-253,3,255,block_plus_unsigned,0x008320,0x018223,no,,0,outside_decoded_stream
MARPCK_TBL.decoded.bin,pck_object_0056_part_000_choice_000_frame_172,pck_object_0056,pck_object_0056_part_000,pck_object_0056_part_000_choice_000,0x008882,2,10,9,0xFF03,65283,-253,3,255,block_plus_signed,0x008320,0x008223,yes,0C05C503EE04B80BFFFF040000F80000,0,in_range_no_structural_match
MARPCK_TBL.decoded.bin,pck_object_0056_part_000_choice_000_frame_172,pck_object_0056,pck_object_0056_part_000,pck_object_0056_part_000_choice_000,0x008882,2,10,9,0xFF03,65283,-253,3,255,part_plus_signed,0x008330,0x008233,yes,0000E800390007FFE800090120FFE800,5,plausible_frame_record_prefix
MARPCK_TBL.decoded.bin,pck_object_0056_part_000_choice_000_frame_172,pck_object_0056,pck_object_0056_part_000,pck_object_0056_part_000_choice_000,0x008882,2,10,9,0xFF03,65283,-253,3,255,frame_plus_signed,0x008882,0x008785,yes,0100C3000F1B210001002401DC050000,15,plausible_drawable_extents_at_plus6_plus8;plausible_frame_record_prefix
MARPCK_TBL.decoded.bin,pck_object_0056_part_000_choice_000_frame_172,pck_object_0056,pck_object_0056_part_000,pck_object_0056_part_000_choice_000,0x008882,2,10,9,0xFF03,65283,-253,3,255,payload_plus_signed,0x008884,0x008787,yes,C3000F1B210001002401DC0500000100,10,byte0_high_bit_set;plausible_frame_record_prefix
MARPCK_TBL.decoded.bin,pck_object_0057_part_000_choice_000_frame_126,pck_object_0057,pck_object_0057_part_000,pck_object_0057_part_000_choice_000,0x008882,2,10,9,0xFF03,65283,-253,3,255,direct_unsigned,0x000000,0x00FF03,no,,0,outside_decoded_stream
MARPCK_TBL.decoded.bin,pck_object_0057_part_000_choice_000_frame_126,pck_object_0057,pck_object_0057_part_000,pck_object_0057_part_000_choice_000,0x008882,2,10,9,0xFF03,65283,-253,3,255,direct_signed,0x000000,-0x0000FD,no,,0,outside_decoded_stream
MARPCK_TBL.decoded.bin,pck_object_0057_part_000_choice_000_frame_126,pck_object_0057,pck_object_0057_part_000,pck_object_0057_part_000_choice_000,0x008882,2,10,9,0xFF03,65283,-253,3,255,object_plus_unsigned,0x008492,0x018395,no,,0,outside_decoded_stream
MARPCK_TBL.decoded.bin,pck_object_0057_part_000_choice_000_frame_126,pck_object_0057,pck_object_0057_part_000,pck_object_0057_part_000_choice_000,0x008882,2,10,9,0xFF03,65283,-253,3,255,object_plus_signed,0x008492,0x008395,yes,FBFC03E70448F40000FDFF0008000000,5,byte0_high_bit_set
MARPCK_TBL.decoded.bin,pck_object_0057_part_000_choice_000_frame_126,pck_object_0057,pck_object_0057_part_000,pck_object_0057_part_000_choice_000,0x008882,2,10,9,0xFF03,65283,-253,3,255,block_plus_unsigned,0x008490,0x018393,no,,0,outside_decoded_stream
MARPCK_TBL.decoded.bin,pck_object_0057_part_000_choice_000_frame_126,pck_object_0057,pck_object_0057_part_000,pck_object_0057_part_000_choice_000,0x008882,2,10,9,0xFF03,65283,-253,3,255,block_plus_signed,0x008490,0x008393,yes,FC19FBFC03E70448F40000FDFF000800,5,byte0_high_bit_set
MARPCK_TBL.decoded.bin,pck_object_0057_part_000_choice_000_frame_126,pck_object_0057,pck_object_0057_part_000,pck_object_0057_part_000_choice_000,0x008882,2,10,9,0xFF03,65283,-253,3,255,part_plus_signed,0x0084A0,0x0083A3,yes,00000018FFB2FF42FF18FFD5005BFF18,5,plausible_frame_record_prefix
MARPCK_TBL.decoded.bin,pck_object_0057_part_000_choice_000_frame_126,pck_object_0057,pck_object_0057_part_000,pck_object_0057_part_000_choice_000,0x008882,2,10,9,0xFF03,65283,-253,3,255,frame_plus_signed,0x008882,0x008785,yes,0100C3000F1B210001002401DC050000,15,plausible_drawable_extents_at_plus6_plus8;plausible_frame_record_prefix
MARPCK_TBL.decoded.bin,pck_object_0057_part_000_choice_000_frame_126,pck_object_0057,pck_object_0057_part_000,pck_object_0057_part_000_choice_000,0x008882,2,10,9,0xFF03,65283,-253,3,255,payload_plus_signed,0x008884,0x008787,yes,C3000F1B210001002401DC0500000100,10,byte0_high_bit_set;plausible_frame_record_prefix
MARPCK_TBL.decoded.bin,pck_object_0057_part_000_choice_000_frame_152,pck_object_0057,pck_object_0057_part_000,pck_object_0057_part_000_choice_000,0x008952,3,-72,-8,0x0000,0,0,0,0,direct_unsigned,0x000000,0x000000,yes,0400150004002C00050043000D006F00,15,plausible_drawable_extents_at_plus6_plus8;plausible_frame_record_prefix
MARPCK_TBL.decoded.bin,pck_object_0057_part_000_choice_000_frame_152,pck_object_0057,pck_object_0057_part_000,pck_object_0057_part_000_choice_000,0x008952,3,-72,-8,0x0000,0,0,0,0,direct_signed,0x000000,0x000000,yes,0400150004002C00050043000D006F00,15,plausible_drawable_extents_at_plus6_plus8;plausible_frame_record_prefix
MARPCK_TBL.decoded.bin,pck_object_0057_part_000_choice_000_frame_152,pck_object_0057,pck_object_0057_part_000,pck_object_0057_part_000_choice_000,0x008952,3,-72,-8,0x0000,0,0,0,0,object_plus_unsigned,0x008492,0x008492,yes,8000340200000000000002001000001B,105,exact_object_offset;exact_frame_record;byte0_high_bit_set;plausible_object_header;plausible_frame_record_prefix
MARPCK_TBL.decoded.bin,pck_object_0057_part_000_choice_000_frame_152,pck_object_0057,pck_object_0057_part_000,pck_object_0057_part_000_choice_000,0x008952,3,-72,-8,0x0000,0,0,0,0,object_plus_signed,0x008492,0x008492,yes,8000340200000000000002001000001B,105,exact_object_offset;exact_frame_record;byte0_high_bit_set;plausible_object_header;plausible_frame_record_prefix
MARPCK_TBL.decoded.bin,pck_object_0057_part_000_choice_000_frame_152,pck_object_0057,pck_object_0057_part_000,pck_object_0057_part_000_choice_000,0x008952,3,-72,-8,0x0000,0,0,0,0,block_plus_unsigned,0x008490,0x008490,yes,12FF8000340200000000000002001000,25,exact_block_offset
MARPCK_TBL.decoded.bin,pck_object_0057_part_000_choice_000_frame_152,pck_object_0057,pck_object_0057_part_000,pck_object_0057_part_000_choice_000,0x008952,3,-72,-8,0x0000,0,0,0,0,block_plus_signed,0x008490,0x008490,yes,12FF8000340200000000000002001000,25,exact_block_offset
MARPCK_TBL.decoded.bin,pck_object_0057_part_000_choice_000_frame_152,pck_object_0057,pck_object_0057_part_000,pck_object_0057_part_000_choice_000,0x008952,3,-72,-8,0x0000,0,0,0,0,part_plus_signed,0x0084A0,0x0084A0,yes,001B20000100C2000F1B200001002201,35,exact_part_offset
MARPCK_TBL.decoded.bin,pck_object_0057_part_000_choice_000_frame_152,pck_object_0057,pck_object_0057_part_000,pck_object_0057_part_000_choice_000,0x008952,3,-72,-8,0x0000,0,0,0,0,frame_plus_signed,0x008952,0x008952,yes,5003B8F80000F80010F80000DFF860FC,35,exact_frame_record;plausible_frame_record_prefix
MARPCK_TBL.decoded.bin,pck_object_0057_part_000_choice_000_frame_152,pck_object_0057,pck_object_0057_part_000,pck_object_0057_part_000_choice_000,0x008952,3,-72,-8,0x0000,0,0,0,0,payload_plus_signed,0x008954,0x008954,yes,B8F80000F80010F80000DFF860FC24FA,5,byte0_high_bit_set
MARPCK_TBL.decoded.bin,pck_object_0057_part_000_choice_000_frame_163,pck_object_0057,pck_object_0057_part_000,pck_object_0057_part_000_choice_000,0x0089AA,3,94,-5,0xFA60,64096,-1440,96,250,direct_unsigned,0x000000,0x00FA60,no,,0,outside_decoded_stream
MARPCK_TBL.decoded.bin,pck_object_0057_part_000_choice_000_frame_163,pck_object_0057,pck_object_0057_part_000,pck_object_0057_part_000_choice_000,0x0089AA,3,94,-5,0xFA60,64096,-1440,96,250,direct_signed,0x000000,-0x0005A0,no,,0,outside_decoded_stream
MARPCK_TBL.decoded.bin,pck_object_0057_part_000_choice_000_frame_163,pck_object_0057,pck_object_0057_part_000,pck_object_0057_part_000_choice_000,0x0089AA,3,94,-5,0xFA60,64096,-1440,96,250,object_plus_unsigned,0x008492,0x017EF2,no,,0,outside_decoded_stream
MARPCK_TBL.decoded.bin,pck_object_0057_part_000_choice_000_frame_163,pck_object_0057,pck_object_0057_part_000,pck_object_0057_part_000_choice_000,0x0089AA,3,94,-5,0xFA60,64096,-1440,96,250,object_plus_signed,0x008492,0x007EF2,yes,008000000000FFF700810E0E040411FB,0,in_range_no_structural_match
MARPCK_TBL.decoded.bin,pck_object_0057_part_000_choice_000_frame_163,pck_object_0057,pck_object_0057_part_000,pck_object_0057_part_000_choice_000,0x0089AA,3,94,-5,0xFA60,64096,-1440,96,250,block_plus_unsigned,0x008490,0x017EF0,no,,0,outside_decoded_stream
MARPCK_TBL.decoded.bin,pck_object_0057_part_000_choice_000_frame_163,pck_object_0057,pck_object_0057_part_000,pck_object_0057_part_000_choice_000,0x0089AA,3,94,-5,0xFA60,64096,-1440,96,250,block_plus_signed,0x008490,0x007EF0,yes,0AF1008000000000FFF700810E0E0404,0,in_range_no_structural_match
MARPCK_TBL.decoded.bin,pck_object_0057_part_000_choice_000_frame_163,pck_object_0057,pck_object_0057_part_000,pck_object_0057_part_000_choice_000,0x0089AA,3,94,-5,0xFA60,64096,-1440,96,250,part_plus_signed,0x0084A0,0x007F00,yes,11FB0081000704001201018108080808,0,in_range_no_structural_match
MARPCK_TBL.decoded.bin,pck_object_0057_part_000_choice_000_frame_163,pck_object_0057,pck_object_0057_part_000,pck_object_0057_part_000_choice_000,0x0089AA,3,94,-5,0xFA60,64096,-1440,96,250,frame_plus_signed,0x0089AA,0x00840A,yes,000C100181090000000D160181090004,30,exact_frame_record
MARPCK_TBL.decoded.bin,pck_object_0057_part_000_choice_000_frame_163,pck_object_0057,pck_object_0057_part_000,pck_object_0057_part_000_choice_000,0x0089AA,3,94,-5,0xFA60,64096,-1440,96,250,payload_plus_signed,0x0089AC,0x00840C,yes,100181090000000D160181090004040E,5,plausible_frame_record_prefix
MARPCK_TBL.decoded.bin,pck_object_0057_part_000_choice_000_frame_175,pck_object_0057,pck_object_0057_part_000,pck_object_0057_part_000_choice_000,0x008A0A,3,11,10,0xFF04,65284,-252,4,255,direct_unsigned,0x000000,0x00FF04,no,,0,outside_decoded_stream
MARPCK_TBL.decoded.bin,pck_object_0057_part_000_choice_000_frame_175,pck_object_0057,pck_object_0057_part_000,pck_object_0057_part_000_choice_000,0x008A0A,3,11,10,0xFF04,65284,-252,4,255,direct_signed,0x000000,-0x0000FC,no,,0,outside_decoded_stream
MARPCK_TBL.decoded.bin,pck_object_0057_part_000_choice_000_frame_175,pck_object_0057,pck_object_0057_part_000,pck_object_0057_part_000_choice_000,0x008A0A,3,11,10,0xFF04,65284,-252,4,255,object_plus_unsigned,0x008492,0x018396,no,,0,outside_decoded_stream
MARPCK_TBL.decoded.bin,pck_object_0057_part_000_choice_000_frame_175,pck_object_0057,pck_object_0057_part_000,pck_object_0057_part_000_choice_000,0x008A0A,3,11,10,0xFF04,65284,-252,4,255,object_plus_signed,0x008492,0x008396,yes,FC03E70448F40000FDFF000800000000,10,byte0_high_bit_set;plausible_frame_record_prefix
MARPCK_TBL.decoded.bin,pck_object_0057_part_000_choice_000_frame_175,pck_object_0057,pck_object_0057_part_000,pck_object_0057_part_000_choice_000,0x008A0A,3,11,10,0xFF04,65284,-252,4,255,block_plus_unsigned,0x008490,0x018394,no,,0,outside_decoded_stream
MARPCK_TBL.decoded.bin,pck_object_0057_part_000_choice_000_frame_175,pck_object_0057,pck_object_0057_part_000,pck_object_0057_part_000_choice_000,0x008A0A,3,11,10,0xFF04,65284,-252,4,255,block_plus_signed,0x008490,0x008394,yes,19FBFC03E70448F40000FDFF00080000,0,in_range_no_structural_match
MARPCK_TBL.decoded.bin,pck_object_0057_part_000_choice_000_frame_175,pck_object_0057,pck_object_0057_part_000,pck_object_0057_part_000_choice_000,0x008A0A,3,11,10,0xFF04,65284,-252,4,255,part_plus_signed,0x0084A0,0x0083A4,yes,000018FFB2FF42FF18FFD5005BFF18FF,5,plausible_frame_record_prefix
MARPCK_TBL.decoded.bin,pck_object_0057_part_000_choice_000_frame_175,pck_object_0057,pck_object_0057_part_000,pck_object_0057_part_000_choice_000,0x008A0A,3,11,10,0xFF04,65284,-252,4,255,frame_plus_signed,0x008A0A,0x00890E,yes,2D00E8FFB2FF3C008EFFA7FF4A0071FF,5,plausible_frame_record_prefix
MARPCK_TBL.decoded.bin,pck_object_0057_part_000_choice_000_frame_175,pck_object_0057,pck_object_0057_part_000,pck_object_0057_part_000_choice_000,0x008A0A,3,11,10,0xFF04,65284,-252,4,255,payload_plus_signed,0x008A0C,0x008910,yes,E8FFB2FF3C008EFFA7FF4A0071FFE0FF,5,byte0_high_bit_set
MARPCK_TBL.decoded.bin,pck_object_0058_part_000_choice_000_frame_080,pck_object_0058,pck_object_0058_part_000,pck_object_0058_part_000_choice_000,0x008882,2,10,9,0xFF03,65283,-253,3,255,direct_unsigned,0x000000,0x00FF03,no,,0,outside_decoded_stream
MARPCK_TBL.decoded.bin,pck_object_0058_part_000_choice_000_frame_080,pck_object_0058,pck_object_0058_part_000,pck_object_0058_part_000_choice_000,0x008882,2,10,9,0xFF03,65283,-253,3,255,direct_signed,0x000000,-0x0000FD,no,,0,outside_decoded_stream
MARPCK_TBL.decoded.bin,pck_object_0058_part_000_choice_000_frame_080,pck_object_0058,pck_object_0058_part_000,pck_object_0058_part_000_choice_000,0x008882,2,10,9,0xFF03,65283,-253,3,255,object_plus_unsigned,0x008602,0x018505,no,,0,outside_decoded_stream
MARPCK_TBL.decoded.bin,pck_object_0058_part_000_choice_000_frame_080,pck_object_0058,pck_object_0058_part_000,pck_object_0058_part_000_choice_000,0x008882,2,10,9,0xFF03,65283,-253,3,255,object_plus_signed,0x008602,0x008505,yes,FBBE04260448F40000FDFF0008000000,5,byte0_high_bit_set
MARPCK_TBL.decoded.bin,pck_object_0058_part_000_choice_000_frame_080,pck_object_0058,pck_object_0058_part_000,pck_object_0058_part_000_choice_000,0x008882,2,10,9,0xFF03,65283,-253,3,255,block_plus_unsigned,0x008600,0x018503,no,,0,outside_decoded_stream
MARPCK_TBL.decoded.bin,pck_object_0058_part_000_choice_000_frame_080,pck_object_0058,pck_object_0058_part_000,pck_object_0058_part_000_choice_000,0x008882,2,10,9,0xFF03,65283,-253,3,255,block_plus_signed,0x008600,0x008503,yes,FC13FBBE04260448F40000FDFF000800,5,byte0_high_bit_set
MARPCK_TBL.decoded.bin,pck_object_0058_part_000_choice_000_frame_080,pck_object_0058,pck_object_0058_part_000,pck_object_0058_part_000_choice_000,0x008882,2,10,9,0xFF03,65283,-253,3,255,part_plus_signed,0x008610,0x008513,yes,00000018FF98FFC4FE18FFBB00ABFE18,5,plausible_frame_record_prefix
MARPCK_TBL.decoded.bin,pck_object_0058_part_000_choice_000_frame_080,pck_object_0058,pck_object_0058_part_000,pck_object_0058_part_000_choice_000,0x008882,2,10,9,0xFF03,65283,-253,3,255,frame_plus_signed,0x008882,0x008785,yes,0100C3000F1B210001002401DC050000,15,plausible_drawable_extents_at_plus6_plus8;plausible_frame_record_prefix
MARPCK_TBL.decoded.bin,pck_object_0058_part_000_choice_000_frame_080,pck_object_0058,pck_object_0058_part_000,pck_object_0058_part_000_choice_000,0x008882,2,10,9,0xFF03,65283,-253,3,255,payload_plus_signed,0x008884,0x008787,yes,C3000F1B210001002401DC0500000100,10,byte0_high_bit_set;plausible_frame_record_prefix
MARPCK_TBL.decoded.bin,pck_object_0058_part_000_choice_000_frame_106,pck_object_0058,pck_object_0058_part_000,pck_object_0058_part_000_choice_000,0x008952,3,-72,-8,0x0000,0,0,0,0,direct_unsigned,0x000000,0x000000,yes,0400150004002C00050043000D006F00,15,plausible_drawable_extents_at_plus6_plus8;plausible_frame_record_prefix
MARPCK_TBL.decoded.bin,pck_object_0058_part_000_choice_000_frame_106,pck_object_0058,pck_object_0058_part_000,pck_object_0058_part_000_choice_000,0x008952,3,-72,-8,0x0000,0,0,0,0,direct_signed,0x000000,0x000000,yes,0400150004002C00050043000D006F00,15,plausible_drawable_extents_at_plus6_plus8;plausible_frame_record_prefix
MARPCK_TBL.decoded.bin,pck_object_0058_part_000_choice_000_frame_106,pck_object_0058,pck_object_0058_part_000,pck_object_0058_part_000_choice_000,0x008952,3,-72,-8,0x0000,0,0,0,0,object_plus_unsigned,0x008602,0x008602,yes,80007C0200000000000002001000001B,105,exact_object_offset;exact_frame_record;byte0_high_bit_set;plausible_object_header;plausible_frame_record_prefix
MARPCK_TBL.decoded.bin,pck_object_0058_part_000_choice_000_frame_106,pck_object_0058,pck_object_0058_part_000,pck_object_0058_part_000_choice_000,0x008952,3,-72,-8,0x0000,0,0,0,0,object_plus_signed,0x008602,0x008602,yes,80007C0200000000000002001000001B,105,exact_object_offset;exact_frame_record;byte0_high_bit_set;plausible_object_header;plausible_frame_record_prefix
MARPCK_TBL.decoded.bin,pck_object_0058_part_000_choice_000_frame_106,pck_object_0058,pck_object_0058_part_000,pck_object_0058_part_000_choice_000,0x008952,3,-72,-8,0x0000,0,0,0,0,block_plus_unsigned,0x008600,0x008600,yes,12FF80007C0200000000000002001000,25,exact_block_offset
MARPCK_TBL.decoded.bin,pck_object_0058_part_000_choice_000_frame_106,pck_object_0058,pck_object_0058_part_000,pck_object_0058_part_000_choice_000,0x008952,3,-72,-8,0x0000,0,0,0,0,block_plus_signed,0x008600,0x008600,yes,12FF80007C0200000000000002001000,25,exact_block_offset
MARPCK_TBL.decoded.bin,pck_object_0058_part_000_choice_000_frame_106,pck_object_0058,pck_object_0058_part_000,pck_object_0058_part_000_choice_000,0x008952,3,-72,-8,0x0000,0,0,0,0,part_plus_signed,0x008610,0x008610,yes,001B20000100C2000F1B200001002301,35,exact_part_offset
MARPCK_TBL.decoded.bin,pck_object_0058_part_000_choice_000_frame_106,pck_object_0058,pck_object_0058_part_000,pck_object_0058_part_000_choice_000,0x008952,3,-72,-8,0x0000,0,0,0,0,frame_plus_signed,0x008952,0x008952,yes,5003B8F80000F80010F80000DFF860FC,35,exact_frame_record;plausible_frame_record_prefix
MARPCK_TBL.decoded.bin,pck_object_0058_part_000_choice_000_frame_106,pck_object_0058,pck_object_0058_part_000,pck_object_0058_part_000_choice_000,0x008952,3,-72,-8,0x0000,0,0,0,0,payload_plus_signed,0x008954,0x008954,yes,B8F80000F80010F80000DFF860FC24FA,5,byte0_high_bit_set
MARPCK_TBL.decoded.bin,pck_object_0058_part_000_choice_000_frame_117,pck_object_0058,pck_object_0058_part_000,pck_object_0058_part_000_choice_000,0x0089AA,3,94,-5,0xFA60,64096,-1440,96,250,direct_unsigned,0x000000,0x00FA60,no,,0,outside_decoded_stream
MARPCK_TBL.decoded.bin,pck_object_0058_part_000_choice_000_frame_117,pck_object_0058,pck_object_0058_part_000,pck_object_0058_part_000_choice_000,0x0089AA,3,94,-5,0xFA60,64096,-1440,96,250,direct_signed,0x000000,-0x0005A0,no,,0,outside_decoded_stream
MARPCK_TBL.decoded.bin,pck_object_0058_part_000_choice_000_frame_117,pck_object_0058,pck_object_0058_part_000,pck_object_0058_part_000_choice_000,0x0089AA,3,94,-5,0xFA60,64096,-1440,96,250,object_plus_unsigned,0x008602,0x018062,no,,0,outside_decoded_stream
MARPCK_TBL.decoded.bin,pck_object_0058_part_000_choice_000_frame_117,pck_object_0058,pck_object_0058_part_000,pck_object_0058_part_000_choice_000,0x0089AA,3,94,-5,0xFA60,64096,-1440,96,250,object_plus_signed,0x008602,0x008062,yes,00FEFFA4070600A4FD97FFADFFA80088,0,in_range_no_structural_match
MARPCK_TBL.decoded.bin,pck_object_0058_part_000_choice_000_frame_117,pck_object_0058,pck_object_0058_part_000,pck_object_0058_part_000_choice_000,0x0089AA,3,94,-5,0xFA60,64096,-1440,96,250,block_plus_unsigned,0x008600,0x018060,no,,0,outside_decoded_stream
MARPCK_TBL.decoded.bin,pck_object_0058_part_000_choice_000_frame_117,pck_object_0058,pck_object_0058_part_000,pck_object_0058_part_000_choice_000,0x0089AA,3,94,-5,0xFA60,64096,-1440,96,250,block_plus_signed,0x008600,0x008060,yes,FA0000FEFFA4070600A4FD97FFADFFA8,10,byte0_high_bit_set;plausible_frame_record_prefix
MARPCK_TBL.decoded.bin,pck_object_0058_part_000_choice_000_frame_117,pck_object_0058,pck_object_0058_part_000,pck_object_0058_part_000_choice_000,0x0089AA,3,94,-5,0xFA60,64096,-1440,96,250,part_plus_signed,0x008610,0x008070,yes,0088FFDEFF780079FFB5FF470088FF8C,0,in_range_no_structural_match
MARPCK_TBL.decoded.bin,pck_object_0058_part_000_choice_000_frame_117,pck_object_0058,pck_object_0058_part_000,pck_object_0058_part_000_choice_000,0x0089AA,3,94,-5,0xFA60,64096,-1440,96,250,frame_plus_signed,0x0089AA,0x00840A,yes,000C100181090000000D160181090004,30,exact_frame_record
MARPCK_TBL.decoded.bin,pck_object_0058_part_000_choice_000_frame_117,pck_object_0058,pck_object_0058_part_000,pck_object_0058_part_000_choice_000,0x0089AA,3,94,-5,0xFA60,64096,-1440,96,250,payload_plus_signed,0x0089AC,0x00840C,yes,100181090000000D160181090004040E,5,plausible_frame_record_prefix
MARPCK_TBL.decoded.bin,pck_object_0058_part_000_choice_000_frame_129,pck_object_0058,pck_object_0058_part_000,pck_object_0058_part_000_choice_000,0x008A0A,3,11,10,0xFF04,65284,-252,4,255,direct_unsigned,0x000000,0x00FF04,no,,0,outside_decoded_stream
MARPCK_TBL.decoded.bin,pck_object_0058_part_000_choice_000_frame_129,pck_object_0058,pck_object_0058_part_000,pck_object_0058_part_000_choice_000,0x008A0A,3,11,10,0xFF04,65284,-252,4,255,direct_signed,0x000000,-0x0000FC,no,,0,outside_decoded_stream
MARPCK_TBL.decoded.bin,pck_object_0058_part_000_choice_000_frame_129,pck_object_0058,pck_object_0058_part_000,pck_object_0058_part_000_choice_000,0x008A0A,3,11,10,0xFF04,65284,-252,4,255,object_plus_unsigned,0x008602,0x018506,no,,0,outside_decoded_stream
MARPCK_TBL.decoded.bin,pck_object_0058_part_000_choice_000_frame_129,pck_object_0058,pck_object_0058_part_000,pck_object_0058_part_000_choice_000,0x008A0A,3,11,10,0xFF04,65284,-252,4,255,object_plus_signed,0x008602,0x008506,yes,BE04260448F40000FDFF000800000000,5,byte0_high_bit_set
MARPCK_TBL.decoded.bin,pck_object_0058_part_000_choice_000_frame_129,pck_object_0058,pck_object_0058_part_000,pck_object_0058_part_000_choice_000,0x008A0A,3,11,10,0xFF04,65284,-252,4,255,block_plus_unsigned,0x008600,0x018504,no,,0,outside_decoded_stream
MARPCK_TBL.decoded.bin,pck_object_0058_part_000_choice_000_frame_129,pck_object_0058,pck_object_0058_part_000,pck_object_0058_part_000_choice_000,0x008A0A,3,11,10,0xFF04,65284,-252,4,255,block_plus_signed,0x008600,0x008504,yes,13FBBE04260448F40000FDFF00080000,0,in_range_no_structural_match
MARPCK_TBL.decoded.bin,pck_object_0058_part_000_choice_000_frame_129,pck_object_0058,pck_object_0058_part_000,pck_object_0058_part_000_choice_000,0x008A0A,3,11,10,0xFF04,65284,-252,4,255,part_plus_signed,0x008610,0x008514,yes,000018FF98FFC4FE18FFBB00ABFE18FF,5,plausible_frame_record_prefix
MARPCK_TBL.decoded.bin,pck_object_0058_part_000_choice_000_frame_129,pck_object_0058,pck_object_0058_part_000,pck_object_0058_part_000_choice_000,0x008A0A,3,11,10,0xFF04,65284,-252,4,255,frame_plus_signed,0x008A0A,0x00890E,yes,2D00E8FFB2FF3C008EFFA7FF4A0071FF,5,plausible_frame_record_prefix
MARPCK_TBL.decoded.bin,pck_object_0058_part_000_choice_000_frame_129,pck_object_0058,pck_object_0058_part_000,pck_object_0058_part_000_choice_000,0x008A0A,3,11,10,0xFF04,65284,-252,4,255,payload_plus_signed,0x008A0C,0x008910,yes,E8FFB2FF3C008EFFA7FF4A0071FFE0FF,5,byte0_high_bit_set
MARPCK_TBL.decoded.bin,pck_object_0058_part_000_choice_000_frame_176,pck_object_0058,pck_object_0058_part_000,pck_object_0058_part_000_choice_000,0x008B82,3,-1,3,0x0903,2307,2307,3,9,direct_unsigned,0x000000,0x000903,yes,8107080000225302030312131404FF0A,5,byte0_high_bit_set
MARPCK_TBL.decoded.bin,pck_object_0058_part_000_choice_000_frame_176,pck_object_0058,pck_object_0058_part_000,pck_object_0058_part_000_choice_000,0x008B82,3,-1,3,0x0903,2307,2307,3,9,direct_signed,0x000000,0x000903,yes,8107080000225302030312131404FF0A,5,byte0_high_bit_set
MARPCK_TBL.decoded.bin,pck_object_0058_part_000_choice_000_frame_176,pck_object_0058,pck_object_0058_part_000,pck_object_0058_part_000_choice_000,0x008B82,3,-1,3,0x0903,2307,2307,3,9,object_plus_unsigned,0x008602,0x008F05,yes,07BFFF64FDD0FF54FF480094FF10FFA1,0,in_range_no_structural_match
MARPCK_TBL.decoded.bin,pck_object_0058_part_000_choice_000_frame_176,pck_object_0058,pck_object_0058_part_000,pck_object_0058_part_000_choice_000,0x008B82,3,-1,3,0x0903,2307,2307,3,9,object_plus_signed,0x008602,0x008F05,yes,07BFFF64FDD0FF54FF480094FF10FFA1,0,in_range_no_structural_match
MARPCK_TBL.decoded.bin,pck_object_0058_part_000_choice_000_frame_176,pck_object_0058,pck_object_0058_part_000,pck_object_0058_part_000_choice_000,0x008B82,3,-1,3,0x0903,2307,2307,3,9,block_plus_unsigned,0x008600,0x008F03,yes,FC8E07BFFF64FDD0FF54FF480094FF10,5,byte0_high_bit_set
MARPCK_TBL.decoded.bin,pck_object_0058_part_000_choice_000_frame_176,pck_object_0058,pck_object_0058_part_000,pck_object_0058_part_000_choice_000,0x008B82,3,-1,3,0x0903,2307,2307,3,9,block_plus_signed,0x008600,0x008F03,yes,FC8E07BFFF64FDD0FF54FF480094FF10,5,byte0_high_bit_set
MARPCK_TBL.decoded.bin,pck_object_0058_part_000_choice_000_frame_176,pck_object_0058,pck_object_0058_part_000,pck_object_0058_part_000_choice_000,0x008B82,3,-1,3,0x0903,2307,2307,3,9,part_plus_signed,0x008610,0x008F13,yes,FFA1FF93FFC0FEA6FFC0FFAFFE0D00CF,5,byte0_high_bit_set
MARPCK_TBL.decoded.bin,pck_object_0058_part_000_choice_000_frame_176,pck_object_0058,pck_object_0058_part_000,pck_object_0058_part_000_choice_000,0x008B82,3,-1,3,0x0903,2307,2307,3,9,frame_plus_signed,0x008B82,0x009485,yes,3C2C00010074029AFF57FF20FC070762,0,in_range_no_structural_match
MARPCK_TBL.decoded.bin,pck_object_0058_part_000_choice_000_frame_176,pck_object_0058,pck_object_0058_part_000,pck_object_0058_part_000_choice_000,0x008B82,3,-1,3,0x0903,2307,2307,3,9,payload_plus_signed,0x008B84,0x009487,yes,00010074029AFF57FF20FC0707620034,5,plausible_frame_record_prefix
MARPCK_TBL.decoded.bin,pck_object_0058_part_000_choice_000_frame_189,pck_object_0058,pck_object_0058_part_000,pck_object_0058_part_000_choice_000,0x008BEA,2,0,15,0x0000,0,0,0,0,direct_unsigned,0x000000,0x000000,yes,0400150004002C00050043000D006F00,15,plausible_drawable_extents_at_plus6_plus8;plausible_frame_record_prefix
MARPCK_TBL.decoded.bin,pck_object_0058_part_000_choice_000_frame_189,pck_object_0058,pck_object_0058_part_000,pck_object_0058_part_000_choice_000,0x008BEA,2,0,15,0x0000,0,0,0,0,direct_signed,0x000000,0x000000,yes,0400150004002C00050043000D006F00,15,plausible_drawable_extents_at_plus6_plus8;plausible_frame_record_prefix
MARPCK_TBL.decoded.bin,pck_object_0058_part_000_choice_000_frame_189,pck_object_0058,pck_object_0058_part_000,pck_object_0058_part_000_choice_000,0x008BEA,2,0,15,0x0000,0,0,0,0,object_plus_unsigned,0x008602,0x008602,yes,80007C0200000000000002001000001B,105,exact_object_offset;exact_frame_record;byte0_high_bit_set;plausible_object_header;plausible_frame_record_prefix
MARPCK_TBL.decoded.bin,pck_object_0058_part_000_choice_000_frame_189,pck_object_0058,pck_object_0058_part_000,pck_object_0058_part_000_choice_000,0x008BEA,2,0,15,0x0000,0,0,0,0,object_plus_signed,0x008602,0x008602,yes,80007C0200000000000002001000001B,105,exact_object_offset;exact_frame_record;byte0_high_bit_set;plausible_object_header;plausible_frame_record_prefix
MARPCK_TBL.decoded.bin,pck_object_0058_part_000_choice_000_frame_189,pck_object_0058,pck_object_0058_part_000,pck_object_0058_part_000_choice_000,0x008BEA,2,0,15,0x0000,0,0,0,0,block_plus_unsigned,0x008600,0x008600,yes,12FF80007C0200000000000002001000,25,exact_block_offset
MARPCK_TBL.decoded.bin,pck_object_0058_part_000_choice_000_frame_189,pck_object_0058,pck_object_0058_part_000,pck_object_0058_part_000_choice_000,0x008BEA,2,0,15,0x0000,0,0,0,0,block_plus_signed,0x008600,0x008600,yes,12FF80007C0200000000000002001000,25,exact_block_offset
MARPCK_TBL.decoded.bin,pck_object_0058_part_000_choice_000_frame_189,pck_object_0058,pck_object_0058_part_000,pck_object_0058_part_000_choice_000,0x008BEA,2,0,15,0x0000,0,0,0,0,part_plus_signed,0x008610,0x008610,yes,001B20000100C2000F1B200001002301,35,exact_part_offset
MARPCK_TBL.decoded.bin,pck_object_0058_part_000_choice_000_frame_189,pck_object_0058,pck_object_0058_part_000,pck_object_0058_part_000_choice_000,0x008BEA,2,0,15,0x0000,0,0,0,0,frame_plus_signed,0x008BEA,0x008BEA,yes,0002000F00001B1F000100C1000F1B1F,35,exact_frame_record;plausible_frame_record_prefix
MARPCK_TBL.decoded.bin,pck_object_0058_part_000_choice_000_frame_189,pck_object_0058,pck_object_0058_part_000,pck_object_0058_part_000_choice_000,0x008BEA,2,0,15,0x0000,0,0,0,0,payload_plus_signed,0x008BEC,0x008BEC,yes,000F00001B1F000100C1000F1B1F0001,0,in_range_no_structural_match
MARPCK_TBL.decoded.bin,pck_object_0063_part_000_choice_000_frame_024,pck_object_0063,pck_object_0063_part_000,pck_object_0063_part_000_choice_000,0x008E12,3,31,-6,0xFBDA,64474,-1062,218,251,direct_unsigned,0x000000,0x00FBDA,no,,0,outside_decoded_stream
MARPCK_TBL.decoded.bin,pck_object_0063_part_000_choice_000_frame_024,pck_object_0063,pck_object_0063_part_000,pck_object_0063_part_000_choice_000,0x008E12,3,31,-6,0xFBDA,64474,-1062,218,251,direct_signed,0x000000,-0x000426,no,,0,outside_decoded_stream
MARPCK_TBL.decoded.bin,pck_object_0063_part_000_choice_000_frame_024,pck_object_0063,pck_object_0063_part_000,pck_object_0063_part_000_choice_000,0x008E12,3,31,-6,0xFBDA,64474,-1062,218,251,object_plus_unsigned,0x008D52,0x01892C,no,,0,outside_decoded_stream
MARPCK_TBL.decoded.bin,pck_object_0063_part_000_choice_000_frame_024,pck_object_0063,pck_object_0063_part_000,pck_object_0063_part_000_choice_000,0x008E12,3,31,-6,0xFBDA,64474,-1062,218,251,object_plus_signed,0x008D52,0x00892C,yes,05F8F0FF8900B5FFC6001700B5FF4F00,0,in_range_no_structural_match
MARPCK_TBL.decoded.bin,pck_object_0063_part_000_choice_000_frame_024,pck_object_0063,pck_object_0063_part_000,pck_object_0063_part_000_choice_000,0x008E12,3,31,-6,0xFBDA,64474,-1062,218,251,block_plus_unsigned,0x008D50,0x01892A,no,,0,outside_decoded_stream
MARPCK_TBL.decoded.bin,pck_object_0063_part_000_choice_000_frame_024,pck_object_0063,pck_object_0063_part_000,pck_object_0063_part_000_choice_000,0x008E12,3,31,-6,0xFBDA,64474,-1062,218,251,block_plus_signed,0x008D50,0x00892A,yes,170005F8F0FF8900B5FFC6001700B5FF,35,exact_frame_record;plausible_frame_record_prefix
MARPCK_TBL.decoded.bin,pck_object_0063_part_000_choice_000_frame_024,pck_object_0063,pck_object_0063_part_000,pck_object_0063_part_000_choice_000,0x008E12,3,31,-6,0xFBDA,64474,-1062,218,251,part_plus_signed,0x008D60,0x00893A,yes,4F000900B4FF71FFE0FFC4FF8EFFA7FF,35,exact_frame_record;plausible_frame_record_prefix
MARPCK_TBL.decoded.bin,pck_object_0063_part_000_choice_000_frame_024,pck_object_0063,pck_object_0063_part_000,pck_object_0063_part_000_choice_000,0x008E12,3,31,-6,0xFBDA,64474,-1062,218,251,frame_plus_signed,0x008E12,0x0089EC,yes,000F2A01020203040506FF0808090A0B,0,in_range_no_structural_match
MARPCK_TBL.decoded.bin,pck_object_0063_part_000_choice_000_frame_024,pck_object_0063,pck_object_0063_part_000,pck_object_0063_part_000_choice_000,0x008E12,3,31,-6,0xFBDA,64474,-1062,218,251,payload_plus_signed,0x008E14,0x0089EE,yes,2A01020203040506FF0808090A0B0CFF,5,plausible_frame_record_prefix
MARPCK_TBL.decoded.bin,pck_object_0063_part_000_choice_000_frame_025,pck_object_0063,pck_object_0063_part_000,pck_object_0063_part_000_choice_000,0x008E1A,2,-9,-5,0xFB31,64305,-1231,49,251,direct_unsigned,0x000000,0x00FB31,no,,0,outside_decoded_stream
MARPCK_TBL.decoded.bin,pck_object_0063_part_000_choice_000_frame_025,pck_object_0063,pck_object_0063_part_000,pck_object_0063_part_000_choice_000,0x008E1A,2,-9,-5,0xFB31,64305,-1231,49,251,direct_signed,0x000000,-0x0004CF,no,,0,outside_decoded_stream
MARPCK_TBL.decoded.bin,pck_object_0063_part_000_choice_000_frame_025,pck_object_0063,pck_object_0063_part_000,pck_object_0063_part_000_choice_000,0x008E1A,2,-9,-5,0xFB31,64305,-1231,49,251,object_plus_unsigned,0x008D52,0x018883,no,,0,outside_decoded_stream
MARPCK_TBL.decoded.bin,pck_object_0063_part_000_choice_000_frame_025,pck_object_0063,pck_object_0063_part_000,pck_object_0063_part_000_choice_000,0x008E1A,2,-9,-5,0xFB31,64305,-1231,49,251,object_plus_signed,0x008D52,0x008883,yes,020A0903FF0303090804FF0404080705,0,in_range_no_structural_match
MARPCK_TBL.decoded.bin,pck_object_0063_part_000_choice_000_frame_025,pck_object_0063,pck_object_0063_part_000,pck_object_0063_part_000_choice_000,0x008E1A,2,-9,-5,0xFB31,64305,-1231,49,251,block_plus_unsigned,0x008D50,0x018881,no,,0,outside_decoded_stream
MARPCK_TBL.decoded.bin,pck_object_0063_part_000_choice_000_frame_025,pck_object_0063,pck_object_0063_part_000,pck_object_0063_part_000_choice_000,0x008E1A,2,-9,-5,0xFB31,64305,-1231,49,251,block_plus_signed,0x008D50,0x008881,yes,FF02020A0903FF0303090804FF040408,10,byte0_high_bit_set;plausible_frame_record_prefix
MARPCK_TBL.decoded.bin,pck_object_0063_part_000_choice_000_frame_025,pck_object_0063,pck_object_0063_part_000,pck_object_0063_part_000_choice_000,0x008E1A,2,-9,-5,0xFB31,64305,-1231,49,251,part_plus_signed,0x008D60,0x008891,yes,0705FF01002801000005003001FF8181,0,in_range_no_structural_match
MARPCK_TBL.decoded.bin,pck_object_0063_part_000_choice_000_frame_025,pck_object_0063,pck_object_0063_part_000,pck_object_0063_part_000_choice_000,0x008E1A,2,-9,-5,0xFB31,64305,-1231,49,251,frame_plus_signed,0x008E1A,0x00894B,yes,FFE8FFB2FF00005003B8F80000F80010,5,byte0_high_bit_set
MARPCK_TBL.decoded.bin,pck_object_0063_part_000_choice_000_frame_025,pck_object_0063,pck_object_0063_part_000,pck_object_0063_part_000_choice_000,0x008E1A,2,-9,-5,0xFB31,64305,-1231,49,251,payload_plus_signed,0x008E1C,0x00894D,yes,FFB2FF00005003B8F80000F80010F800,5,byte0_high_bit_set
MARPCK_TBL.decoded.bin,pck_object_0063_part_000_choice_000_frame_026,pck_object_0063,pck_object_0063_part_000,pck_object_0063_part_000_choice_000,0x008E22,3,1,0,0x00D8,216,216,216,0,direct_unsigned,0x000000,0x0000D8,yes,0100040801001B080200320802004908,5,plausible_frame_record_prefix
MARPCK_TBL.decoded.bin,pck_object_0063_part_000_choice_000_frame_026,pck_object_0063,pck_object_0063_part_000,pck_object_0063_part_000_choice_000,0x008E22,3,1,0,0x00D8,216,216,216,0,direct_signed,0x000000,0x0000D8,yes,0100040801001B080200320802004908,5,plausible_frame_record_prefix
MARPCK_TBL.decoded.bin,pck_object_0063_part_000_choice_000_frame_026,pck_object_0063,pck_object_0063_part_000,pck_object_0063_part_000_choice_000,0x008E22,3,1,0,0x00D8,216,216,216,0,object_plus_unsigned,0x008D52,0x008E2A,yes,0500E0008109810E0E0000010801810E,35,exact_frame_record;plausible_frame_record_prefix
MARPCK_TBL.decoded.bin,pck_object_0063_part_000_choice_000_frame_026,pck_object_0063,pck_object_0063_part_000,pck_object_0063_part_000_choice_000,0x008E22,3,1,0,0x00D8,216,216,216,0,object_plus_signed,0x008D52,0x008E2A,yes,0500E0008109810E0E0000010801810E,35,exact_frame_record;plausible_frame_record_prefix
MARPCK_TBL.decoded.bin,pck_object_0063_part_000_choice_000_frame_026,pck_object_0063,pck_object_0063_part_000,pck_object_0063_part_000_choice_000,0x008E22,3,1,0,0x00D8,216,216,216,0,block_plus_unsigned,0x008D50,0x008E28,yes,00000500E0008109810E0E0000010801,5,plausible_frame_record_prefix
MARPCK_TBL.decoded.bin,pck_object_0063_part_000_choice_000_frame_026,pck_object_0063,pck_object_0063_part_000,pck_object_0063_part_000_choice_000,0x008E22,3,1,0,0x00D8,216,216,216,0,block_plus_signed,0x008D50,0x008E28,yes,00000500E0008109810E0E0000010801,5,plausible_frame_record_prefix
MARPCK_TBL.decoded.bin,pck_object_0063_part_000_choice_000_frame_026,pck_object_0063,pck_object_0063_part_000,pck_object_0063_part_000_choice_000,0x008E22,3,1,0,0x00D8,216,216,216,0,part_plus_signed,0x008D60,0x008E38,yes,810E0E0000070F0181000008080D1601,15,byte0_high_bit_set;plausible_drawable_extents_at_plus6_plus8
MARPCK_TBL.decoded.bin,pck_object_0063_part_000_choice_000_frame_026,pck_object_0063,pck_object_0063_part_000,pck_object_0063_part_000_choice_000,0x008E22,3,1,0,0x00D8,216,216,216,0,frame_plus_signed,0x008E22,0x008EFA,yes,010076029BFF640019FC8E07BFFF64FD,35,exact_frame_record;plausible_frame_record_prefix
MARPCK_TBL.decoded.bin,pck_object_0063_part_000_choice_000_frame_026,pck_object_0063,pck_object_0063_part_000,pck_object_0063_part_000_choice_000,0x008E22,3,1,0,0x00D8,216,216,216,0,payload_plus_signed,0x008E24,0x008EFC,yes,76029BFF640019FC8E07BFFF64FDD0FF,5,plausible_frame_record_prefix
MARPCK_TBL.decoded.bin,pck_object_0063_part_000_choice_000_frame_036,pck_object_0063,pck_object_0063_part_000,pck_object_0063_part_000_choice_000,0x008E72,3,11,10,0xFF04,65284,-252,4,255,direct_unsigned,0x000000,0x00FF04,no,,0,outside_decoded_stream
MARPCK_TBL.decoded.bin,pck_object_0063_part_000_choice_000_frame_036,pck_object_0063,pck_object_0063_part_000,pck_object_0063_part_000_choice_000,0x008E72,3,11,10,0xFF04,65284,-252,4,255,direct_signed,0x000000,-0x0000FC,no,,0,outside_decoded_stream
MARPCK_TBL.decoded.bin,pck_object_0063_part_000_choice_000_frame_036,pck_object_0063,pck_object_0063_part_000,pck_object_0063_part_000_choice_000,0x008E72,3,11,10,0xFF04,65284,-252,4,255,object_plus_unsigned,0x008D52,0x018C56,no,,0,outside_decoded_stream
MARPCK_TBL.decoded.bin,pck_object_0063_part_000_choice_000_frame_036,pck_object_0063,pck_object_0063_part_000,pck_object_0063_part_000_choice_000,0x008E72,3,11,10,0xFF04,65284,-252,4,255,object_plus_signed,0x008D52,0x008C56,yes,041204B80B0000020000F800000000E8,0,in_range_no_structural_match
MARPCK_TBL.decoded.bin,pck_object_0063_part_000_choice_000_frame_036,pck_object_0063,pck_object_0063_part_000,pck_object_0063_part_000_choice_000,0x008E72,3,11,10,0xFF04,65284,-252,4,255,block_plus_unsigned,0x008D50,0x018C54,no,,0,outside_decoded_stream
MARPCK_TBL.decoded.bin,pck_object_0063_part_000_choice_000_frame_036,pck_object_0063,pck_object_0063_part_000,pck_object_0063_part_000_choice_000,0x008E72,3,11,10,0xFF04,65284,-252,4,255,block_plus_signed,0x008D50,0x008C54,yes,05A7041204B80B0000020000F8000000,0,in_range_no_structural_match
MARPCK_TBL.decoded.bin,pck_object_0063_part_000_choice_000_frame_036,pck_object_0063,pck_object_0063_part_000,pck_object_0063_part_000_choice_000,0x008E72,3,11,10,0xFF04,65284,-252,4,255,part_plus_signed,0x008D60,0x008C64,yes,00E800DEFF2FFEE800AF001DFEE800BB,0,in_range_no_structural_match
MARPCK_TBL.decoded.bin,pck_object_0063_part_000_choice_000_frame_036,pck_object_0063,pck_object_0063_part_000,pck_object_0063_part_000_choice_000,0x008E72,3,11,10,0xFF04,65284,-252,4,255,frame_plus_signed,0x008E72,0x008D76,yes,C207010155FE2D00B6FFA5FE3C005DFF,5,byte0_high_bit_set
MARPCK_TBL.decoded.bin,pck_object_0063_part_000_choice_000_frame_036,pck_object_0063,pck_object_0063_part_000,pck_object_0063_part_000_choice_000,0x008E72,3,11,10,0xFF04,65284,-252,4,255,payload_plus_signed,0x008E74,0x008D78,yes,010155FE2D00B6FFA5FE3C005DFFB5FE,5,plausible_frame_record_prefix
MARPCK_TBL.decoded.bin,pck_object_0063_part_000_choice_000_frame_049,pck_object_0063,pck_object_0063_part_000,pck_object_0063_part_000_choice_000,0x008EDA,2,0,0,0x0000,0,0,0,0,direct_unsigned,0x000000,0x000000,yes,0400150004002C00050043000D006F00,15,plausible_drawable_extents_at_plus6_plus8;plausible_frame_record_prefix
MARPCK_TBL.decoded.bin,pck_object_0063_part_000_choice_000_frame_049,pck_object_0063,pck_object_0063_part_000,pck_object_0063_part_000_choice_000,0x008EDA,2,0,0,0x0000,0,0,0,0,direct_signed,0x000000,0x000000,yes,0400150004002C00050043000D006F00,15,plausible_drawable_extents_at_plus6_plus8;plausible_frame_record_prefix
MARPCK_TBL.decoded.bin,pck_object_0063_part_000_choice_000_frame_049,pck_object_0063,pck_object_0063_part_000,pck_object_0063_part_000_choice_000,0x008EDA,2,0,0,0x0000,0,0,0,0,object_plus_unsigned,0x008D52,0x008D52,yes,8000E00100000000000002001000001E,105,exact_object_offset;exact_frame_record;byte0_high_bit_set;plausible_object_header;plausible_frame_record_prefix
MARPCK_TBL.decoded.bin,pck_object_0063_part_000_choice_000_frame_049,pck_object_0063,pck_object_0063_part_000,pck_object_0063_part_000_choice_000,0x008EDA,2,0,0,0x0000,0,0,0,0,object_plus_signed,0x008D52,0x008D52,yes,8000E00100000000000002001000001E,105,exact_object_offset;exact_frame_record;byte0_high_bit_set;plausible_object_header;plausible_frame_record_prefix
MARPCK_TBL.decoded.bin,pck_object_0063_part_000_choice_000_frame_049,pck_object_0063,pck_object_0063_part_000,pck_object_0063_part_000_choice_000,0x008EDA,2,0,0,0x0000,0,0,0,0,block_plus_unsigned,0x008D50,0x008D50,yes,14FF8000E00100000000000002001000,25,exact_block_offset
MARPCK_TBL.decoded.bin,pck_object_0063_part_000_choice_000_frame_049,pck_object_0063,pck_object_0063_part_000,pck_object_0063_part_000_choice_000,0x008EDA,2,0,0,0x0000,0,0,0,0,block_plus_signed,0x008D50,0x008D50,yes,14FF8000E00100000000000002001000,25,exact_block_offset
MARPCK_TBL.decoded.bin,pck_object_0063_part_000_choice_000_frame_049,pck_object_0063,pck_object_0063_part_000,pck_object_0063_part_000_choice_000,0x008EDA,2,0,0,0x0000,0,0,0,0,part_plus_signed,0x008D60,0x008D60,yes,001E20000100D400101E200001002801,35,exact_part_offset
MARPCK_TBL.decoded.bin,pck_object_0063_part_000_choice_000_frame_049,pck_object_0063,pck_object_0063_part_000,pck_object_0063_part_000_choice_000,0x008EDA,2,0,0,0x0000,0,0,0,0,frame_plus_signed,0x008EDA,0x008EDA,yes,780200000000000003001600003C2E00,35,exact_frame_record;plausible_frame_record_prefix
MARPCK_TBL.decoded.bin,pck_object_0063_part_000_choice_000_frame_049,pck_object_0063,pck_object_0063_part_000,pck_object_0063_part_000_choice_000,0x008EDA,2,0,0,0x0000,0,0,0,0,payload_plus_signed,0x008EDC,0x008EDC,yes,00000000000003001600003C2E000100,15,plausible_drawable_extents_at_plus6_plus8;plausible_frame_record_prefix
MARPCK_TBL.decoded.bin,pck_object_0063_part_000_choice_000_frame_094,pck_object_0063,pck_object_0063_part_000,pck_object_0063_part_000_choice_000,0x009042,3,9,2,0x06B2,1714,1714,178,6,direct_unsigned,0x000000,0x0006B2,yes,000031BD02810904000032C202810904,5,plausible_frame_record_prefix
MARPCK_TBL.decoded.bin,pck_object_0063_part_000_choice_000_frame_094,pck_object_0063,pck_object_0063_part_000,pck_object_0063_part_000_choice_000,0x009042,3,9,2,0x06B2,1714,1714,178,6,direct_signed,0x000000,0x0006B2,yes,000031BD02810904000032C202810904,5,plausible_frame_record_prefix
MARPCK_TBL.decoded.bin,pck_object_0063_part_000_choice_000_frame_094,pck_object_0063,pck_object_0063_part_000,pck_object_0063_part_000_choice_000,0x009042,3,9,2,0x06B2,1714,1714,178,6,object_plus_unsigned,0x008D52,0x009404,yes,042F76028109040404307B0281090400,0,in_range_no_structural_match
MARPCK_TBL.decoded.bin,pck_object_0063_part_000_choice_000_frame_094,pck_object_0063,pck_object_0063_part_000,pck_object_0063_part_000_choice_000,0x009042,3,9,2,0x06B2,1714,1714,178,6,object_plus_signed,0x008D52,0x009404,yes,042F76028109040404307B0281090400,0,in_range_no_structural_match
MARPCK_TBL.decoded.bin,pck_object_0063_part_000_choice_000_frame_094,pck_object_0063,pck_object_0063_part_000,pck_object_0063_part_000_choice_000,0x009042,3,9,2,0x06B2,1714,1714,178,6,block_plus_unsigned,0x008D50,0x009402,yes,0404042F76028109040404307B028109,30,exact_frame_record
MARPCK_TBL.decoded.bin,pck_object_0063_part_000_choice_000_frame_094,pck_object_0063,pck_object_0063_part_000,pck_object_0063_part_000_choice_000,0x009042,3,9,2,0x06B2,1714,1714,178,6,block_plus_signed,0x008D50,0x009402,yes,0404042F76028109040404307B028109,30,exact_frame_record
MARPCK_TBL.decoded.bin,pck_object_0063_part_000_choice_000_frame_094,pck_object_0063,pck_object_0063_part_000,pck_object_0063_part_000_choice_000,0x009042,3,9,2,0x06B2,1714,1714,178,6,part_plus_signed,0x008D60,0x009412,yes,04000031800281090400003286028109,5,plausible_frame_record_prefix
MARPCK_TBL.decoded.bin,pck_object_0063_part_000_choice_000_frame_094,pck_object_0063,pck_object_0063_part_000,pck_object_0063_part_000_choice_000,0x009042,3,9,2,0x06B2,1714,1714,178,6,frame_plus_signed,0x009042,0x0096F4,yes,0433D802810904040436DE0281090404,0,in_range_no_structural_match
MARPCK_TBL.decoded.bin,pck_object_0063_part_000_choice_000_frame_094,pck_object_0063,pck_object_0063_part_000,pck_object_0063_part_000_choice_000,0x009042,3,9,2,0x06B2,1714,1714,178,6,payload_plus_signed,0x009044,0x0096F6,yes,D802810904040436DE02810904040437,40,exact_frame_record;byte0_high_bit_set;plausible_frame_record_prefix
MARPCK_TBL.decoded.bin,pck_object_0063_part_000_choice_000_frame_095,pck_object_0063,pck_object_0063_part_000,pck_object_0063_part_000_choice_000,0x00904A,2,-78,6,0xFB6A,64362,-1174,106,251,direct_unsigned,0x000000,0x00FB6A,no,,0,outside_decoded_stream
MARPCK_TBL.decoded.bin,pck_object_0063_part_000_choice_000_frame_095,pck_object_0063,pck_object_0063_part_000,pck_object_0063_part_000_choice_000,0x00904A,2,-78,6,0xFB6A,64362,-1174,106,251,direct_signed,0x000000,-0x000496,no,,0,outside_decoded_stream
MARPCK_TBL.decoded.bin,pck_object_0063_part_000_choice_000_frame_095,pck_object_0063,pck_object_0063_part_000,pck_object_0063_part_000_choice_000,0x00904A,2,-78,6,0xFB6A,64362,-1174,106,251,object_plus_unsigned,0x008D52,0x0188BC,no,,0,outside_decoded_stream
MARPCK_TBL.decoded.bin,pck_object_0063_part_000_choice_000_frame_095,pck_object_0063,pck_object_0063_part_000,pck_object_0063_part_000_choice_000,0x00904A,2,-78,6,0xFB6A,64362,-1174,106,251,object_plus_signed,0x008D52,0x0088BC,yes,0819690181000704041A6E0111111213,0,in_range_no_structural_match
MARPCK_TBL.decoded.bin,pck_object_0063_part_000_choice_000_frame_095,pck_object_0063,pck_object_0063_part_000,pck_object_0063_part_000_choice_000,0x00904A,2,-78,6,0xFB6A,64362,-1174,106,251,block_plus_unsigned,0x008D50,0x0188BA,no,,0,outside_decoded_stream
MARPCK_TBL.decoded.bin,pck_object_0063_part_000_choice_000_frame_095,pck_object_0063,pck_object_0063_part_000,pck_object_0063_part_000_choice_000,0x00904A,2,-78,6,0xFB6A,64362,-1174,106,251,block_plus_signed,0x008D50,0x0088BA,yes,07080819690181000704041A6E011111,30,exact_frame_record
MARPCK_TBL.decoded.bin,pck_object_0063_part_000_choice_000_frame_095,pck_object_0063,pck_object_0063_part_000,pck_object_0063_part_000_choice_000,0x00904A,2,-78,6,0xFB6A,64362,-1174,106,251,part_plus_signed,0x008D60,0x0088CA,yes,121314FF1616171211FF14141611FF12,30,exact_frame_record
MARPCK_TBL.decoded.bin,pck_object_0063_part_000_choice_000_frame_095,pck_object_0063,pck_object_0063_part_000,pck_object_0063_part_000_choice_000,0x00904A,2,-78,6,0xFB6A,64362,-1174,106,251,frame_plus_signed,0x00904A,0x008BB4,yes,01810007080819660181000704041A6B,0,in_range_no_structural_match
MARPCK_TBL.decoded.bin,pck_object_0063_part_000_choice_000_frame_095,pck_object_0063,pck_object_0063_part_000,pck_object_0063_part_000_choice_000,0x00904A,2,-78,6,0xFB6A,64362,-1174,106,251,payload_plus_signed,0x00904C,0x008BB6,yes,0007080819660181000704041A6B0111,0,in_range_no_structural_match
MARPCK_TBL.decoded.bin,pck_object_0063_part_000_choice_000_frame_097,pck_object_0063,pck_object_0063_part_000,pck_object_0063_part_000_choice_000,0x00905A,3,6,-4,0x05AF,1455,1455,175,5,direct_unsigned,0x000000,0x0005AF,yes,81070804040DA50181070800000EAB01,20,byte0_high_bit_set;plausible_object_header
MARPCK_TBL.decoded.bin,pck_object_0063_part_000_choice_000_frame_097,pck_object_0063,pck_object_0063_part_000,pck_object_0063_part_000_choice_000,0x00905A,3,6,-4,0x05AF,1455,1455,175,5,direct_signed,0x000000,0x0005AF,yes,81070804040DA50181070800000EAB01,20,byte0_high_bit_set;plausible_object_header
MARPCK_TBL.decoded.bin,pck_object_0063_part_000_choice_000_frame_097,pck_object_0063,pck_object_0063_part_000,pck_object_0063_part_000_choice_000,0x00905A,3,6,-4,0x05AF,1455,1455,175,5,object_plus_unsigned,0x008D52,0x009301,yes,FAC905680037006BFEA40037006BFECD,5,byte0_high_bit_set
MARPCK_TBL.decoded.bin,pck_object_0063_part_000_choice_000_frame_097,pck_object_0063,pck_object_0063_part_000,pck_object_0063_part_000_choice_000,0x00905A,3,6,-4,0x05AF,1455,1455,175,5,object_plus_signed,0x008D52,0x009301,yes,FAC905680037006BFEA40037006BFECD,5,byte0_high_bit_set
MARPCK_TBL.decoded.bin,pck_object_0063_part_000_choice_000_frame_097,pck_object_0063,pck_object_0063_part_000,pck_object_0063_part_000_choice_000,0x00905A,3,6,-4,0x05AF,1455,1455,175,5,block_plus_unsigned,0x008D50,0x0092FF,yes,007BFAC905680037006BFEA40037006B,0,in_range_no_structural_match
MARPCK_TBL.decoded.bin,pck_object_0063_part_000_choice_000_frame_097,pck_object_0063,pck_object_0063_part_000,pck_object_0063_part_000_choice_000,0x00905A,3,6,-4,0x05AF,1455,1455,175,5,block_plus_signed,0x008D50,0x0092FF,yes,007BFAC905680037006BFEA40037006B,0,in_range_no_structural_match
MARPCK_TBL.decoded.bin,pck_object_0063_part_000_choice_000_frame_097,pck_object_0063,pck_object_0063_part_000,pck_object_0063_part_000_choice_000,0x00905A,3,6,-4,0x05AF,1455,1455,175,5,part_plus_signed,0x008D60,0x00930F,yes,FECD03C800FE0633FCC800FE0684FBE0,5,byte0_high_bit_set
MARPCK_TBL.decoded.bin,pck_object_0063_part_000_choice_000_frame_097,pck_object_0063,pck_object_0063_part_000,pck_object_0063_part_000_choice_000,0x00905A,3,6,-4,0x05AF,1455,1455,175,5,frame_plus_signed,0x00905A,0x009609,yes,0708000007CF0181070804040DD60181,0,in_range_no_structural_match
MARPCK_TBL.decoded.bin,pck_object_0063_part_000_choice_000_frame_097,pck_object_0063,pck_object_0063_part_000,pck_object_0063_part_000_choice_000,0x00905A,3,6,-4,0x05AF,1455,1455,175,5,payload_plus_signed,0x00905C,0x00960B,yes,000007CF0181070804040DD601810708,5,plausible_frame_record_prefix
MARPCK_TBL.decoded.bin,pck_object_0063_part_000_choice_000_frame_105,pck_object_0063,pck_object_0063_part_000,pck_object_0063_part_000_choice_000,0x00909A,2,3,4,0x0605,1541,1541,5,6,direct_unsigned,0x000000,0x000605,yes,08040419190281070800001A1F028107,0,in_range_no_structural_match
MARPCK_TBL.decoded.bin,pck_object_0063_part_000_choice_000_frame_105,pck_object_0063,pck_object_0063_part_000,pck_object_0063_part_000_choice_000,0x00909A,2,3,4,0x0605,1541,1541,5,6,direct_signed,0x000000,0x000605,yes,08040419190281070800001A1F028107,0,in_range_no_structural_match
MARPCK_TBL.decoded.bin,pck_object_0063_part_000_choice_000_frame_105,pck_object_0063,pck_object_0063_part_000,pck_object_0063_part_000_choice_000,0x00909A,2,3,4,0x0605,1541,1541,5,6,object_plus_unsigned,0x008D52,0x009357,yes,0181070800000EAC0181070808080FB2,0,in_range_no_structural_match
MARPCK_TBL.decoded.bin,pck_object_0063_part_000_choice_000_frame_105,pck_object_0063,pck_object_0063_part_000,pck_object_0063_part_000_choice_000,0x00909A,2,3,4,0x0605,1541,1541,5,6,object_plus_signed,0x008D52,0x009357,yes,0181070800000EAC0181070808080FB2,0,in_range_no_structural_match
MARPCK_TBL.decoded.bin,pck_object_0063_part_000_choice_000_frame_105,pck_object_0063,pck_object_0063_part_000,pck_object_0063_part_000_choice_000,0x00909A,2,3,4,0x0605,1541,1541,5,6,block_plus_unsigned,0x008D50,0x009355,yes,0DA60181070800000EAC018107080808,0,in_range_no_structural_match
MARPCK_TBL.decoded.bin,pck_object_0063_part_000_choice_000_frame_105,pck_object_0063,pck_object_0063_part_000,pck_object_0063_part_000_choice_000,0x00909A,2,3,4,0x0605,1541,1541,5,6,block_plus_signed,0x008D50,0x009355,yes,0DA60181070800000EAC018107080808,0,in_range_no_structural_match
MARPCK_TBL.decoded.bin,pck_object_0063_part_000_choice_000_frame_105,pck_object_0063,pck_object_0063_part_000,pck_object_0063_part_000_choice_000,0x00909A,2,3,4,0x0605,1541,1541,5,6,part_plus_signed,0x008D60,0x009365,yes,0FB201020203040506FF0808090A0B0C,0,in_range_no_structural_match
MARPCK_TBL.decoded.bin,pck_object_0063_part_000_choice_000_frame_105,pck_object_0063,pck_object_0063_part_000,pck_object_0063_part_000_choice_000,0x00909A,2,3,4,0x0605,1541,1541,5,6,frame_plus_signed,0x00909A,0x00969F,yes,141516FF1818191A1B1CFF1515191816,0,in_range_no_structural_match
MARPCK_TBL.decoded.bin,pck_object_0063_part_000_choice_000_frame_105,pck_object_0063,pck_object_0063_part_000,pck_object_0063_part_000_choice_000,0x00909A,2,3,4,0x0605,1541,1541,5,6,payload_plus_signed,0x00909C,0x0096A1,yes,16FF1818191A1B1CFF1515191816FF14,0,in_range_no_structural_match
MARPCK_TBL.decoded.bin,pck_object_0063_part_000_choice_000_frame_144,pck_object_0063,pck_object_0063_part_000,pck_object_0063_part_000_choice_000,0x0091D2,2,0,0,0x0000,0,0,0,0,direct_unsigned,0x000000,0x000000,yes,0400150004002C00050043000D006F00,15,plausible_drawable_extents_at_plus6_plus8;plausible_frame_record_prefix
MARPCK_TBL.decoded.bin,pck_object_0063_part_000_choice_000_frame_144,pck_object_0063,pck_object_0063_part_000,pck_object_0063_part_000_choice_000,0x0091D2,2,0,0,0x0000,0,0,0,0,direct_signed,0x000000,0x000000,yes,0400150004002C00050043000D006F00,15,plausible_drawable_extents_at_plus6_plus8;plausible_frame_record_prefix
MARPCK_TBL.decoded.bin,pck_object_0063_part_000_choice_000_frame_144,pck_object_0063,pck_object_0063_part_000,pck_object_0063_part_000_choice_000,0x0091D2,2,0,0,0x0000,0,0,0,0,object_plus_unsigned,0x008D52,0x008D52,yes,8000E00100000000000002001000001E,105,exact_object_offset;exact_frame_record;byte0_high_bit_set;plausible_object_header;plausible_frame_record_prefix
MARPCK_TBL.decoded.bin,pck_object_0063_part_000_choice_000_frame_144,pck_object_0063,pck_object_0063_part_000,pck_object_0063_part_000_choice_000,0x0091D2,2,0,0,0x0000,0,0,0,0,object_plus_signed,0x008D52,0x008D52,yes,8000E00100000000000002001000001E,105,exact_object_offset;exact_frame_record;byte0_high_bit_set;plausible_object_header;plausible_frame_record_prefix
MARPCK_TBL.decoded.bin,pck_object_0063_part_000_choice_000_frame_144,pck_object_0063,pck_object_0063_part_000,pck_object_0063_part_000_choice_000,0x0091D2,2,0,0,0x0000,0,0,0,0,block_plus_unsigned,0x008D50,0x008D50,yes,14FF8000E00100000000000002001000,25,exact_block_offset
MARPCK_TBL.decoded.bin,pck_object_0063_part_000_choice_000_frame_144,pck_object_0063,pck_object_0063_part_000,pck_object_0063_part_000_choice_000,0x0091D2,2,0,0,0x0000,0,0,0,0,block_plus_signed,0x008D50,0x008D50,yes,14FF8000E00100000000000002001000,25,exact_block_offset
MARPCK_TBL.decoded.bin,pck_object_0063_part_000_choice_000_frame_144,pck_object_0063,pck_object_0063_part_000,pck_object_0063_part_000_choice_000,0x0091D2,2,0,0,0x0000,0,0,0,0,part_plus_signed,0x008D60,0x008D60,yes,001E20000100D400101E200001002801,35,exact_part_offset
MARPCK_TBL.decoded.bin,pck_object_0063_part_000_choice_000_frame_144,pck_object_0063,pck_object_0063_part_000,pck_object_0063_part_000_choice_000,0x0091D2,2,0,0,0x0000,0,0,0,0,frame_plus_signed,0x0091D2,0x0091D2,yes,4C0200000000000003000E0000352600,35,exact_frame_record;plausible_frame_record_prefix
MARPCK_TBL.decoded.bin,pck_object_0063_part_000_choice_000_frame_144,pck_object_0063,pck_object_0063_part_000,pck_object_0063_part_000_choice_000,0x0091D2,2,0,0,0x0000,0,0,0,0,payload_plus_signed,0x0091D4,0x0091D4,yes,00000000000003000E00003526000100,15,plausible_drawable_extents_at_plus6_plus8;plausible_frame_record_prefix
MARPCK_TBL.decoded.bin,pck_object_0063_part_000_choice_000_frame_172,pck_object_0063,pck_object_0063_part_000,pck_object_0063_part_000_choice_000,0x0092B2,2,117,-12,0x0005,5,5,5,0,direct_unsigned,0x000000,0x000005,yes,002C00050043000D006F0003009D0001,0,in_range_no_structural_match
MARPCK_TBL.decoded.bin,pck_object_0063_part_000_choice_000_frame_172,pck_object_0063,pck_object_0063_part_000,pck_object_0063_part_000_choice_000,0x0092B2,2,117,-12,0x0005,5,5,5,0,direct_signed,0x000000,0x000005,yes,002C00050043000D006F0003009D0001,0,in_range_no_structural_match
MARPCK_TBL.decoded.bin,pck_object_0063_part_000_choice_000_frame_172,pck_object_0063,pck_object_0063_part_000,pck_object_0063_part_000_choice_000,0x0092B2,2,117,-12,0x0005,5,5,5,0,object_plus_unsigned,0x008D52,0x008D57,yes,000000000002001000001E20000100D4,5,plausible_frame_record_prefix
MARPCK_TBL.decoded.bin,pck_object_0063_part_000_choice_000_frame_172,pck_object_0063,pck_object_0063_part_000,pck_object_0063_part_000_choice_000,0x0092B2,2,117,-12,0x0005,5,5,5,0,object_plus_signed,0x008D52,0x008D57,yes,000000000002001000001E20000100D4,5,plausible_frame_record_prefix
MARPCK_TBL.decoded.bin,pck_object_0063_part_000_choice_000_frame_172,pck_object_0063,pck_object_0063_part_000,pck_object_0063_part_000_choice_000,0x0092B2,2,117,-12,0x0005,5,5,5,0,block_plus_unsigned,0x008D50,0x008D55,yes,0100000000000002001000001E200001,5,plausible_frame_record_prefix
MARPCK_TBL.decoded.bin,pck_object_0063_part_000_choice_000_frame_172,pck_object_0063,pck_object_0063_part_000,pck_object_0063_part_000_choice_000,0x0092B2,2,117,-12,0x0005,5,5,5,0,block_plus_signed,0x008D50,0x008D55,yes,0100000000000002001000001E200001,5,plausible_frame_record_prefix
MARPCK_TBL.decoded.bin,pck_object_0063_part_000_choice_000_frame_172,pck_object_0063,pck_object_0063_part_000,pck_object_0063_part_000_choice_000,0x0092B2,2,117,-12,0x0005,5,5,5,0,part_plus_signed,0x008D60,0x008D65,yes,00D400101E20000100280100000B0002,0,in_range_no_structural_match
MARPCK_TBL.decoded.bin,pck_object_0063_part_000_choice_000_frame_172,pck_object_0063,pck_object_0063_part_000,pck_object_0063_part_000_choice_000,0x0092B2,2,117,-12,0x0005,5,5,5,0,frame_plus_signed,0x0092B2,0x0092B7,yes,0062011FF86900940175FE1E0007015C,0,in_range_no_structural_match
MARPCK_TBL.decoded.bin,pck_object_0063_part_000_choice_000_frame_172,pck_object_0063,pck_object_0063_part_000,pck_object_0063_part_000_choice_000,0x0092B2,2,117,-12,0x0005,5,5,5,0,payload_plus_signed,0x0092B4,0x0092B9,yes,011FF86900940175FE1E0007015CFE1D,0,in_range_no_structural_match
MARPCK_TBL.decoded.bin,pck_object_0063_part_000_choice_000_frame_200,pck_object_0063,pck_object_0063_part_000,pck_object_0063_part_000_choice_000,0x009392,2,-127,7,0x0008,8,8,8,0,direct_unsigned,0x000000,0x000008,yes,050043000D006F0003009D000100E200,15,plausible_drawable_extents_at_plus6_plus8;plausible_frame_record_prefix
MARPCK_TBL.decoded.bin,pck_object_0063_part_000_choice_000_frame_200,pck_object_0063,pck_object_0063_part_000,pck_object_0063_part_000_choice_000,0x009392,2,-127,7,0x0008,8,8,8,0,direct_signed,0x000000,0x000008,yes,050043000D006F0003009D000100E200,15,plausible_drawable_extents_at_plus6_plus8;plausible_frame_record_prefix
MARPCK_TBL.decoded.bin,pck_object_0063_part_000_choice_000_frame_200,pck_object_0063,pck_object_0063_part_000,pck_object_0063_part_000_choice_000,0x009392,2,-127,7,0x0008,8,8,8,0,object_plus_unsigned,0x008D52,0x008D5A,yes,000002001000001E20000100D400101E,35,exact_frame_record;plausible_frame_record_prefix
MARPCK_TBL.decoded.bin,pck_object_0063_part_000_choice_000_frame_200,pck_object_0063,pck_object_0063_part_000,pck_object_0063_part_000_choice_000,0x009392,2,-127,7,0x0008,8,8,8,0,object_plus_signed,0x008D52,0x008D5A,yes,000002001000001E20000100D400101E,35,exact_frame_record;plausible_frame_record_prefix
MARPCK_TBL.decoded.bin,pck_object_0063_part_000_choice_000_frame_200,pck_object_0063,pck_object_0063_part_000,pck_object_0063_part_000_choice_000,0x009392,2,-127,7,0x0008,8,8,8,0,block_plus_unsigned,0x008D50,0x008D58,yes,0000000002001000001E20000100D400,5,plausible_frame_record_prefix
MARPCK_TBL.decoded.bin,pck_object_0063_part_000_choice_000_frame_200,pck_object_0063,pck_object_0063_part_000,pck_object_0063_part_000_choice_000,0x009392,2,-127,7,0x0008,8,8,8,0,block_plus_signed,0x008D50,0x008D58,yes,0000000002001000001E20000100D400,5,plausible_frame_record_prefix
MARPCK_TBL.decoded.bin,pck_object_0063_part_000_choice_000_frame_200,pck_object_0063,pck_object_0063_part_000,pck_object_0063_part_000_choice_000,0x009392,2,-127,7,0x0008,8,8,8,0,part_plus_signed,0x008D60,0x008D68,yes,101E20000100280100000B0002FEC207,35,exact_part_offset
MARPCK_TBL.decoded.bin,pck_object_0063_part_000_choice_000_frame_200,pck_object_0063,pck_object_0063_part_000,pck_object_0063_part_000_choice_000,0x009392,2,-127,7,0x0008,8,8,8,0,frame_plus_signed,0x009392,0x00939A,yes,EC01810708000017F30181070804041D,40,exact_frame_record;byte0_high_bit_set;plausible_frame_record_prefix
MARPCK_TBL.decoded.bin,pck_object_0063_part_000_choice_000_frame_200,pck_object_0063,pck_object_0063_part_000,pck_object_0063_part_000_choice_000,0x009392,2,-127,7,0x0008,8,8,8,0,payload_plus_signed,0x009394,0x00939C,yes,810708000017F30181070804041DFA01,5,byte0_high_bit_set
MARPCK_TBL.decoded.bin,pck_object_0063_part_000_choice_000_frame_204,pck_object_0063,pck_object_0063_part_000,pck_object_0063_part_000_choice_000,0x0093B2,2,-127,7,0x0808,2056,2056,8,8,direct_unsigned,0x000000,0x000808,yes,003C0037FE6900F1FF37FEA500F1FF37,0,in_range_no_structural_match
MARPCK_TBL.decoded.bin,pck_object_0063_part_000_choice_000_frame_204,pck_object_0063,pck_object_0063_part_000,pck_object_0063_part_000_choice_000,0x0093B2,2,-127,7,0x0808,2056,2056,8,8,direct_signed,0x000000,0x000808,yes,003C0037FE6900F1FF37FEA500F1FF37,0,in_range_no_structural_match
MARPCK_TBL.decoded.bin,pck_object_0063_part_000_choice_000_frame_204,pck_object_0063,pck_object_0063_part_000,pck_object_0063_part_000_choice_000,0x0093B2,2,-127,7,0x0808,2056,2056,8,8,object_plus_unsigned,0x008D52,0x00955A,yes,320057FE5BFFD20093FE0000DA01C807,5,plausible_frame_record_prefix
MARPCK_TBL.decoded.bin,pck_object_0063_part_000_choice_000_frame_204,pck_object_0063,pck_object_0063_part_000,pck_object_0063_part_000_choice_000,0x0093B2,2,-127,7,0x0808,2056,2056,8,8,object_plus_signed,0x008D52,0x00955A,yes,320057FE5BFFD20093FE0000DA01C807,5,plausible_frame_record_prefix
MARPCK_TBL.decoded.bin,pck_object_0063_part_000_choice_000_frame_204,pck_object_0063,pck_object_0063_part_000,pck_object_0063_part_000_choice_000,0x0093B2,2,-127,7,0x0808,2056,2056,8,8,block_plus_unsigned,0x008D50,0x009558,yes,54FF320057FE5BFFD20093FE0000DA01,0,in_range_no_structural_match
MARPCK_TBL.decoded.bin,pck_object_0063_part_000_choice_000_frame_204,pck_object_0063,pck_object_0063_part_000,pck_object_0063_part_000_choice_000,0x0093B2,2,-127,7,0x0808,2056,2056,8,8,block_plus_signed,0x008D50,0x009558,yes,54FF320057FE5BFFD20093FE0000DA01,0,in_range_no_structural_match
MARPCK_TBL.decoded.bin,pck_object_0063_part_000_choice_000_frame_204,pck_object_0063,pck_object_0063_part_000,pck_object_0063_part_000_choice_000,0x0093B2,2,-127,7,0x0808,2056,2056,8,8,part_plus_signed,0x008D60,0x009568,yes,C807000014FD8EF89CFFFA03F9F40800,5,byte0_high_bit_set
MARPCK_TBL.decoded.bin,pck_object_0063_part_000_choice_000_frame_204,pck_object_0063,pck_object_0063_part_000,pck_object_0063_part_000_choice_000,0x0093B2,2,-127,7,0x0808,2056,2056,8,8,frame_plus_signed,0x0093B2,0x009BBA,yes,050080013B03810708000001A8018107,5,plausible_frame_record_prefix
MARPCK_TBL.decoded.bin,pck_object_0063_part_000_choice_000_frame_204,pck_object_0063,pck_object_0063_part_000,pck_object_0063_part_000_choice_000,0x0093B2,2,-127,7,0x0808,2056,2056,8,8,payload_plus_signed,0x0093B4,0x009BBC,yes,80013B03810708000001A80181070800,10,byte0_high_bit_set;plausible_frame_record_prefix
MARPCK_TBL.decoded.bin,pck_object_0063_part_000_choice_000_frame_205,pck_object_0063,pck_object_0063_part_000,pck_object_0063_part_000_choice_000,0x0093BA,2,18,18,0x1413,5139,5139,19,20,direct_unsigned,0x000000,0x001413,yes,A70095FD0FFFB3015300F5FE8E005300,10,byte0_high_bit_set;plausible_frame_record_prefix
MARPCK_TBL.decoded.bin,pck_object_0063_part_000_choice_000_frame_205,pck_object_0063,pck_object_0063_part_000,pck_object_0063_part_000_choice_000,0x0093BA,2,18,18,0x1413,5139,5139,19,20,direct_signed,0x000000,0x001413,yes,A70095FD0FFFB3015300F5FE8E005300,10,byte0_high_bit_set;plausible_frame_record_prefix
MARPCK_TBL.decoded.bin,pck_object_0063_part_000_choice_000_frame_205,pck_object_0063,pck_object_0063_part_000,pck_object_0063_part_000_choice_000,0x0093BA,2,18,18,0x1413,5139,5139,19,20,object_plus_unsigned,0x008D52,0x00A165,yes,0120F80000B2FCB8F801009201000006,0,in_range_no_structural_match
MARPCK_TBL.decoded.bin,pck_object_0063_part_000_choice_000_frame_205,pck_object_0063,pck_object_0063_part_000,pck_object_0063_part_000_choice_000,0x0093BA,2,18,18,0x1413,5139,5139,19,20,object_plus_signed,0x008D52,0x00A165,yes,0120F80000B2FCB8F801009201000006,0,in_range_no_structural_match
MARPCK_TBL.decoded.bin,pck_object_0063_part_000_choice_000_frame_205,pck_object_0063,pck_object_0063_part_000,pck_object_0063_part_000_choice_000,0x0093BA,2,18,18,0x1413,5139,5139,19,20,block_plus_unsigned,0x008D50,0x00A163,yes,00630120F80000B2FCB8F80100920100,0,in_range_no_structural_match
MARPCK_TBL.decoded.bin,pck_object_0063_part_000_choice_000_frame_205,pck_object_0063,pck_object_0063_part_000,pck_object_0063_part_000_choice_000,0x0093BA,2,18,18,0x1413,5139,5139,19,20,block_plus_signed,0x008D50,0x00A163,yes,00630120F80000B2FCB8F80100920100,0,in_range_no_structural_match
MARPCK_TBL.decoded.bin,pck_object_0063_part_000_choice_000_frame_205,pck_object_0063,pck_object_0063_part_000,pck_object_0063_part_000_choice_000,0x0093BA,2,18,18,0x1413,5139,5139,19,20,part_plus_signed,0x008D60,0x00A173,yes,0006009A01000E810808080801CA0181,0,in_range_no_structural_match
MARPCK_TBL.decoded.bin,pck_object_0063_part_000_choice_000_frame_205,pck_object_0063,pck_object_0063_part_000,pck_object_0063_part_000_choice_000,0x0093BA,2,18,18,0x1413,5139,5139,19,20,frame_plus_signed,0x0093BA,0x00A7CD,yes,0806FF0100E40100000A00EC0106FF81,0,in_range_no_structural_match
MARPCK_TBL.decoded.bin,pck_object_0063_part_000_choice_000_frame_205,pck_object_0063,pck_object_0063_part_000,pck_object_0063_part_000_choice_000,0x0093BA,2,18,18,0x1413,5139,5139,19,20,payload_plus_signed,0x0093BC,0x00A7CF,yes,FF0100E40100000A00EC0106FF810708,10,byte0_high_bit_set;plausible_frame_record_prefix
MARPCK_TBL.decoded.bin,pck_object_0066_part_001_choice_000_frame_000,pck_object_0066,pck_object_0066_part_001,pck_object_0066_part_001_choice_000,0x00965A,2,-127,7,0x0808,2056,2056,8,8,direct_unsigned,0x000000,0x000808,yes,003C0037FE6900F1FF37FEA500F1FF37,0,in_range_no_structural_match
MARPCK_TBL.decoded.bin,pck_object_0066_part_001_choice_000_frame_000,pck_object_0066,pck_object_0066_part_001,pck_object_0066_part_001_choice_000,0x00965A,2,-127,7,0x0808,2056,2056,8,8,direct_signed,0x000000,0x000808,yes,003C0037FE6900F1FF37FEA500F1FF37,0,in_range_no_structural_match
MARPCK_TBL.decoded.bin,pck_object_0066_part_001_choice_000_frame_000,pck_object_0066,pck_object_0066_part_001,pck_object_0066_part_001_choice_000,0x00965A,2,-127,7,0x0808,2056,2056,8,8,object_plus_unsigned,0x009466,0x009C6E,yes,700281040900002A7A0281000904042D,5,plausible_frame_record_prefix
MARPCK_TBL.decoded.bin,pck_object_0066_part_001_choice_000_frame_000,pck_object_0066,pck_object_0066_part_001,pck_object_0066_part_001_choice_000,0x00965A,2,-127,7,0x0808,2056,2056,8,8,object_plus_signed,0x009466,0x009C6E,yes,700281040900002A7A0281000904042D,5,plausible_frame_record_prefix
MARPCK_TBL.decoded.bin,pck_object_0066_part_001_choice_000_frame_000,pck_object_0066,pck_object_0066_part_001,pck_object_0066_part_001_choice_000,0x00965A,2,-127,7,0x0808,2056,2056,8,8,block_plus_unsigned,0x009460,0x009C68,yes,810400000021700281040900002A7A02,20,byte0_high_bit_set;plausible_object_header
MARPCK_TBL.decoded.bin,pck_object_0066_part_001_choice_000_frame_000,pck_object_0066,pck_object_0066_part_001,pck_object_0066_part_001_choice_000,0x00965A,2,-127,7,0x0808,2056,2056,8,8,block_plus_signed,0x009460,0x009C68,yes,810400000021700281040900002A7A02,20,byte0_high_bit_set;plausible_object_header
MARPCK_TBL.decoded.bin,pck_object_0066_part_001_choice_000_frame_000,pck_object_0066,pck_object_0066_part_001,pck_object_0066_part_001_choice_000,0x00965A,2,-127,7,0x0808,2056,2056,8,8,part_plus_signed,0x00947C,0x009C84,yes,043086028109040404318B0281090400,0,in_range_no_structural_match
MARPCK_TBL.decoded.bin,pck_object_0066_part_001_choice_000_frame_000,pck_object_0066,pck_object_0066_part_001,pck_object_0066_part_001_choice_000,0x00965A,2,-127,7,0x0808,2056,2056,8,8,frame_plus_signed,0x00965A,0x009E62,yes,FA0306FCAF05960400008D0601009201,10,byte0_high_bit_set;plausible_frame_record_prefix
MARPCK_TBL.decoded.bin,pck_object_0066_part_001_choice_000_frame_000,pck_object_0066,pck_object_0066_part_001,pck_object_0066_part_001_choice_000,0x00965A,2,-127,7,0x0808,2056,2056,8,8,payload_plus_signed,0x00965C,0x009E64,yes,06FCAF05960400008D06010092010000,0,in_range_no_structural_match
MARPCK_TBL.decoded.bin,pck_object_0066_part_001_choice_000_frame_001,pck_object_0066,pck_object_0066_part_001,pck_object_0066_part_001_choice_000,0x009662,2,-127,7,0x0408,1032,1032,8,4,direct_unsigned,0x000000,0x000408,yes,018100070808196A0181000704041A6F,0,in_range_no_structural_match
MARPCK_TBL.decoded.bin,pck_object_0066_part_001_choice_000_frame_001,pck_object_0066,pck_object_0066_part_001,pck_object_0066_part_001_choice_000,0x009662,2,-127,7,0x0408,1032,1032,8,4,direct_signed,0x000000,0x000408,yes,018100070808196A0181000704041A6F,0,in_range_no_structural_match
MARPCK_TBL.decoded.bin,pck_object_0066_part_001_choice_000_frame_001,pck_object_0066,pck_object_0066_part_001,pck_object_0066_part_001_choice_000,0x009662,2,-127,7,0x0408,1032,1032,8,4,object_plus_unsigned,0x009466,0x00986E,yes,0A00FB0310F95BFF7501C4FE10FFFA00,35,exact_frame_record;plausible_frame_record_prefix
MARPCK_TBL.decoded.bin,pck_object_0066_part_001_choice_000_frame_001,pck_object_0066,pck_object_0066_part_001,pck_object_0066_part_001_choice_000,0x009662,2,-127,7,0x0408,1032,1032,8,4,object_plus_signed,0x009466,0x00986E,yes,0A00FB0310F95BFF7501C4FE10FFFA00,35,exact_frame_record;plausible_frame_record_prefix
MARPCK_TBL.decoded.bin,pck_object_0066_part_001_choice_000_frame_001,pck_object_0066,pck_object_0066_part_001,pck_object_0066_part_001_choice_000,0x009662,2,-127,7,0x0408,1032,1032,8,4,block_plus_unsigned,0x009460,0x009868,yes,9CFFD105D2F50A00FB0310F95BFF7501,5,byte0_high_bit_set
MARPCK_TBL.decoded.bin,pck_object_0066_part_001_choice_000_frame_001,pck_object_0066,pck_object_0066_part_001,pck_object_0066_part_001_choice_000,0x009662,2,-127,7,0x0408,1032,1032,8,4,block_plus_signed,0x009460,0x009868,yes,9CFFD105D2F50A00FB0310F95BFF7501,5,byte0_high_bit_set
MARPCK_TBL.decoded.bin,pck_object_0066_part_001_choice_000_frame_001,pck_object_0066,pck_object_0066_part_001,pck_object_0066_part_001_choice_000,0x009662,2,-127,7,0x0408,1032,1032,8,4,part_plus_signed,0x00947C,0x009884,yes,18FE58FF0900F4FD94FF0900F4FDDFFF,0,in_range_no_structural_match
MARPCK_TBL.decoded.bin,pck_object_0066_part_001_choice_000_frame_001,pck_object_0066,pck_object_0066_part_001,pck_object_0066_part_001_choice_000,0x009662,2,-127,7,0x0408,1032,1032,8,4,frame_plus_signed,0x009662,0x009A6A,yes,300001001C0298FF52FF1FFCB506CD00,5,plausible_frame_record_prefix
MARPCK_TBL.decoded.bin,pck_object_0066_part_001_choice_000_frame_001,pck_object_0066,pck_object_0066_part_001,pck_object_0066_part_001_choice_000,0x009662,2,-127,7,0x0408,1032,1032,8,4,payload_plus_signed,0x009664,0x009A6C,yes,01001C0298FF52FF1FFCB506CD00B8FB,5,plausible_frame_record_prefix
MARPCK_TBL.decoded.bin,pck_object_0066_part_001_choice_000_frame_002,pck_object_0066,pck_object_0066_part_001,pck_object_0066_part_001_choice_000,0x00966A,2,-127,7,0x0008,8,8,8,0,direct_unsigned,0x000000,0x000008,yes,050043000D006F0003009D000100E200,15,plausible_drawable_extents_at_plus6_plus8;plausible_frame_record_prefix
MARPCK_TBL.decoded.bin,pck_object_0066_part_001_choice_000_frame_002,pck_object_0066,pck_object_0066_part_001,pck_object_0066_part_001_choice_000,0x00966A,2,-127,7,0x0008,8,8,8,0,direct_signed,0x000000,0x000008,yes,050043000D006F0003009D000100E200,15,plausible_drawable_extents_at_plus6_plus8;plausible_frame_record_prefix
MARPCK_TBL.decoded.bin,pck_object_0066_part_001_choice_000_frame_002,pck_object_0066,pck_object_0066_part_001,pck_object_0066_part_001_choice_000,0x00966A,2,-127,7,0x0008,8,8,8,0,object_plus_unsigned,0x009466,0x00946E,yes,000003001400003C2C0001009401103C,5,plausible_frame_record_prefix
MARPCK_TBL.decoded.bin,pck_object_0066_part_001_choice_000_frame_002,pck_object_0066,pck_object_0066_part_001,pck_object_0066_part_001_choice_000,0x00966A,2,-127,7,0x0008,8,8,8,0,object_plus_signed,0x009466,0x00946E,yes,000003001400003C2C0001009401103C,5,plausible_frame_record_prefix
MARPCK_TBL.decoded.bin,pck_object_0066_part_001_choice_000_frame_002,pck_object_0066,pck_object_0066_part_001,pck_object_0066_part_001_choice_000,0x00966A,2,-127,7,0x0008,8,8,8,0,block_plus_unsigned,0x009460,0x009468,yes,3E0200000000000003001400003C2C00,5,plausible_frame_record_prefix
MARPCK_TBL.decoded.bin,pck_object_0066_part_001_choice_000_frame_002,pck_object_0066,pck_object_0066_part_001,pck_object_0066_part_001_choice_000,0x00966A,2,-127,7,0x0008,8,8,8,0,block_plus_signed,0x009460,0x009468,yes,3E0200000000000003001400003C2C00,5,plausible_frame_record_prefix
MARPCK_TBL.decoded.bin,pck_object_0066_part_001_choice_000_frame_002,pck_object_0066,pck_object_0066_part_001,pck_object_0066_part_001_choice_000,0x00966A,2,-127,7,0x0008,8,8,8,0,part_plus_signed,0x00947C,0x009484,yes,263C2C00010074029AFF57FF20FC0707,35,exact_part_offset
MARPCK_TBL.decoded.bin,pck_object_0066_part_001_choice_000_frame_002,pck_object_0066,pck_object_0066_part_001,pck_object_0066_part_001_choice_000,0x00966A,2,-127,7,0x0008,8,8,8,0,frame_plus_signed,0x00966A,0x009672,yes,500281070800001F5602810708080811,35,exact_frame_record;plausible_frame_record_prefix
MARPCK_TBL.decoded.bin,pck_object_0066_part_001_choice_000_frame_002,pck_object_0066,pck_object_0066_part_001,pck_object_0066_part_001_choice_000,0x00966A,2,-127,7,0x0008,8,8,8,0,payload_plus_signed,0x00966C,0x009674,yes,81070800001F56028107080808115C02,5,byte0_high_bit_set
MARPCK_TBL.decoded.bin,pck_object_0066_part_001_choice_000_frame_003,pck_object_0066,pck_object_0066_part_001,pck_object_0066_part_001_choice_000,0x009672,2,-127,7,0x0008,8,8,8,0,direct_unsigned,0x000000,0x000008,yes,050043000D006F0003009D000100E200,15,plausible_drawable_extents_at_plus6_plus8;plausible_frame_record_prefix
MARPCK_TBL.decoded.bin,pck_object_0066_part_001_choice_000_frame_003,pck_object_0066,pck_object_0066_part_001,pck_object_0066_part_001_choice_000,0x009672,2,-127,7,0x0008,8,8,8,0,direct_signed,0x000000,0x000008,yes,050043000D006F0003009D000100E200,15,plausible_drawable_extents_at_plus6_plus8;plausible_frame_record_prefix
MARPCK_TBL.decoded.bin,pck_object_0066_part_001_choice_000_frame_003,pck_object_0066,pck_object_0066_part_001,pck_object_0066_part_001_choice_000,0x009672,2,-127,7,0x0008,8,8,8,0,object_plus_unsigned,0x009466,0x00946E,yes,000003001400003C2C0001009401103C,5,plausible_frame_record_prefix
MARPCK_TBL.decoded.bin,pck_object_0066_part_001_choice_000_frame_003,pck_object_0066,pck_object_0066_part_001,pck_object_0066_part_001_choice_000,0x009672,2,-127,7,0x0008,8,8,8,0,object_plus_signed,0x009466,0x00946E,yes,000003001400003C2C0001009401103C,5,plausible_frame_record_prefix
MARPCK_TBL.decoded.bin,pck_object_0066_part_001_choice_000_frame_003,pck_object_0066,pck_object_0066_part_001,pck_object_0066_part_001_choice_000,0x009672,2,-127,7,0x0008,8,8,8,0,block_plus_unsigned,0x009460,0x009468,yes,3E0200000000000003001400003C2C00,5,plausible_frame_record_prefix
MARPCK_TBL.decoded.bin,pck_object_0066_part_001_choice_000_frame_003,pck_object_0066,pck_object_0066_part_001,pck_object_0066_part_001_choice_000,0x009672,2,-127,7,0x0008,8,8,8,0,block_plus_signed,0x009460,0x009468,yes,3E0200000000000003001400003C2C00,5,plausible_frame_record_prefix
MARPCK_TBL.decoded.bin,pck_object_0066_part_001_choice_000_frame_003,pck_object_0066,pck_object_0066_part_001,pck_object_0066_part_001_choice_000,0x009672,2,-127,7,0x0008,8,8,8,0,part_plus_signed,0x00947C,0x009484,yes,263C2C00010074029AFF57FF20FC0707,35,exact_part_offset
MARPCK_TBL.decoded.bin,pck_object_0066_part_001_choice_000_frame_003,pck_object_0066,pck_object_0066_part_001,pck_object_0066_part_001_choice_000,0x009672,2,-127,7,0x0008,8,8,8,0,frame_plus_signed,0x009672,0x00967A,yes,56028107080808115C02810708040417,35,exact_frame_record;plausible_frame_record_prefix
MARPCK_TBL.decoded.bin,pck_object_0066_part_001_choice_000_frame_003,pck_object_0066,pck_object_0066_part_001,pck_object_0066_part_001_choice_000,0x009672,2,-127,7,0x0008,8,8,8,0,payload_plus_signed,0x009674,0x00967C,yes,8107080808115C028107080404176202,5,byte0_high_bit_set
MARPCK_TBL.decoded.bin,pck_object_0066_part_001_choice_000_frame_004,pck_object_0066,pck_object_0066_part_001,pck_object_0066_part_001_choice_000,0x00967A,2,-127,7,0x0808,2056,2056,8,8,direct_unsigned,0x000000,0x000808,yes,003C0037FE6900F1FF37FEA500F1FF37,0,in_range_no_structural_match
MARPCK_TBL.decoded.bin,pck_object_0066_part_001_choice_000_frame_004,pck_object_0066,pck_object_0066_part_001,pck_object_0066_part_001_choice_000,0x00967A,2,-127,7,0x0808,2056,2056,8,8,direct_signed,0x000000,0x000808,yes,003C0037FE6900F1FF37FEA500F1FF37,0,in_range_no_structural_match
MARPCK_TBL.decoded.bin,pck_object_0066_part_001_choice_000_frame_004,pck_object_0066,pck_object_0066_part_001,pck_object_0066_part_001_choice_000,0x00967A,2,-127,7,0x0808,2056,2056,8,8,object_plus_unsigned,0x009466,0x009C6E,yes,700281040900002A7A0281000904042D,5,plausible_frame_record_prefix
MARPCK_TBL.decoded.bin,pck_object_0066_part_001_choice_000_frame_004,pck_object_0066,pck_object_0066_part_001,pck_object_0066_part_001_choice_000,0x00967A,2,-127,7,0x0808,2056,2056,8,8,object_plus_signed,0x009466,0x009C6E,yes,700281040900002A7A0281000904042D,5,plausible_frame_record_prefix
MARPCK_TBL.decoded.bin,pck_object_0066_part_001_choice_000_frame_004,pck_object_0066,pck_object_0066_part_001,pck_object_0066_part_001_choice_000,0x00967A,2,-127,7,0x0808,2056,2056,8,8,block_plus_unsigned,0x009460,0x009C68,yes,810400000021700281040900002A7A02,20,byte0_high_bit_set;plausible_object_header
MARPCK_TBL.decoded.bin,pck_object_0066_part_001_choice_000_frame_004,pck_object_0066,pck_object_0066_part_001,pck_object_0066_part_001_choice_000,0x00967A,2,-127,7,0x0808,2056,2056,8,8,block_plus_signed,0x009460,0x009C68,yes,810400000021700281040900002A7A02,20,byte0_high_bit_set;plausible_object_header
MARPCK_TBL.decoded.bin,pck_object_0066_part_001_choice_000_frame_004,pck_object_0066,pck_object_0066_part_001,pck_object_0066_part_001_choice_000,0x00967A,2,-127,7,0x0808,2056,2056,8,8,part_plus_signed,0x00947C,0x009C84,yes,043086028109040404318B0281090400,0,in_range_no_structural_match
MARPCK_TBL.decoded.bin,pck_object_0066_part_001_choice_000_frame_004,pck_object_0066,pck_object_0066_part_001,pck_object_0066_part_001_choice_000,0x00967A,2,-127,7,0x0808,2056,2056,8,8,frame_plus_signed,0x00967A,0x009E82,yes,810708000007C90181070804040DD001,5,byte0_high_bit_set
MARPCK_TBL.decoded.bin,pck_object_0066_part_001_choice_000_frame_004,pck_object_0066,pck_object_0066_part_001,pck_object_0066_part_001_choice_000,0x00967A,2,-127,7,0x0808,2056,2056,8,8,payload_plus_signed,0x00967C,0x009E84,yes,08000007C90181070804040DD0018107,5,plausible_frame_record_prefix
MARPCK_TBL.decoded.bin,pck_object_0066_part_001_choice_000_frame_005,pck_object_0066,pck_object_0066_part_001,pck_object_0066_part_001_choice_000,0x009682,2,-127,7,0x0408,1032,1032,8,4,direct_unsigned,0x000000,0x000408,yes,018100070808196A0181000704041A6F,0,in_range_no_structural_match
MARPCK_TBL.decoded.bin,pck_object_0066_part_001_choice_000_frame_005,pck_object_0066,pck_object_0066_part_001,pck_object_0066_part_001_choice_000,0x009682,2,-127,7,0x0408,1032,1032,8,4,direct_signed,0x000000,0x000408,yes,018100070808196A0181000704041A6F,0,in_range_no_structural_match
MARPCK_TBL.decoded.bin,pck_object_0066_part_001_choice_000_frame_005,pck_object_0066,pck_object_0066_part_001,pck_object_0066_part_001_choice_000,0x009682,2,-127,7,0x0408,1032,1032,8,4,object_plus_unsigned,0x009466,0x00986E,yes,0A00FB0310F95BFF7501C4FE10FFFA00,35,exact_frame_record;plausible_frame_record_prefix
MARPCK_TBL.decoded.bin,pck_object_0066_part_001_choice_000_frame_005,pck_object_0066,pck_object_0066_part_001,pck_object_0066_part_001_choice_000,0x009682,2,-127,7,0x0408,1032,1032,8,4,object_plus_signed,0x009466,0x00986E,yes,0A00FB0310F95BFF7501C4FE10FFFA00,35,exact_frame_record;plausible_frame_record_prefix
MARPCK_TBL.decoded.bin,pck_object_0066_part_001_choice_000_frame_005,pck_object_0066,pck_object_0066_part_001,pck_object_0066_part_001_choice_000,0x009682,2,-127,7,0x0408,1032,1032,8,4,block_plus_unsigned,0x009460,0x009868,yes,9CFFD105D2F50A00FB0310F95BFF7501,5,byte0_high_bit_set
MARPCK_TBL.decoded.bin,pck_object_0066_part_001_choice_000_frame_005,pck_object_0066,pck_object_0066_part_001,pck_object_0066_part_001_choice_000,0x009682,2,-127,7,0x0408,1032,1032,8,4,block_plus_signed,0x009460,0x009868,yes,9CFFD105D2F50A00FB0310F95BFF7501,5,byte0_high_bit_set
MARPCK_TBL.decoded.bin,pck_object_0066_part_001_choice_000_frame_005,pck_object_0066,pck_object_0066_part_001,pck_object_0066_part_001_choice_000,0x009682,2,-127,7,0x0408,1032,1032,8,4,part_plus_signed,0x00947C,0x009884,yes,18FE58FF0900F4FD94FF0900F4FDDFFF,0,in_range_no_structural_match
MARPCK_TBL.decoded.bin,pck_object_0066_part_001_choice_000_frame_005,pck_object_0066,pck_object_0066_part_001,pck_object_0066_part_001_choice_000,0x009682,2,-127,7,0x0408,1032,1032,8,4,frame_plus_signed,0x009682,0x009A8A,yes,52FE93FEB8FF53FE0DFFCAFFBCFE3FFF,0,in_range_no_structural_match
MARPCK_TBL.decoded.bin,pck_object_0066_part_001_choice_000_frame_005,pck_object_0066,pck_object_0066_part_001,pck_object_0066_part_001_choice_000,0x009682,2,-127,7,0x0408,1032,1032,8,4,payload_plus_signed,0x009684,0x009A8C,yes,93FEB8FF53FE0DFFCAFFBCFE3FFF81F8,5,byte0_high_bit_set
MARPCK_TBL.decoded.bin,pck_object_0066_part_001_choice_000_frame_006,pck_object_0066,pck_object_0066_part_001,pck_object_0066_part_001_choice_000,0x00968A,2,-127,7,0x0008,8,8,8,0,direct_unsigned,0x000000,0x000008,yes,050043000D006F0003009D000100E200,15,plausible_drawable_extents_at_plus6_plus8;plausible_frame_record_prefix
MARPCK_TBL.decoded.bin,pck_object_0066_part_001_choice_000_frame_006,pck_object_0066,pck_object_0066_part_001,pck_object_0066_part_001_choice_000,0x00968A,2,-127,7,0x0008,8,8,8,0,direct_signed,0x000000,0x000008,yes,050043000D006F0003009D000100E200,15,plausible_drawable_extents_at_plus6_plus8;plausible_frame_record_prefix
MARPCK_TBL.decoded.bin,pck_object_0066_part_001_choice_000_frame_006,pck_object_0066,pck_object_0066_part_001,pck_object_0066_part_001_choice_000,0x00968A,2,-127,7,0x0008,8,8,8,0,object_plus_unsigned,0x009466,0x00946E,yes,000003001400003C2C0001009401103C,5,plausible_frame_record_prefix
MARPCK_TBL.decoded.bin,pck_object_0066_part_001_choice_000_frame_006,pck_object_0066,pck_object_0066_part_001,pck_object_0066_part_001_choice_000,0x00968A,2,-127,7,0x0008,8,8,8,0,object_plus_signed,0x009466,0x00946E,yes,000003001400003C2C0001009401103C,5,plausible_frame_record_prefix
MARPCK_TBL.decoded.bin,pck_object_0066_part_001_choice_000_frame_006,pck_object_0066,pck_object_0066_part_001,pck_object_0066_part_001_choice_000,0x00968A,2,-127,7,0x0008,8,8,8,0,block_plus_unsigned,0x009460,0x009468,yes,3E0200000000000003001400003C2C00,5,plausible_frame_record_prefix
MARPCK_TBL.decoded.bin,pck_object_0066_part_001_choice_000_frame_006,pck_object_0066,pck_object_0066_part_001,pck_object_0066_part_001_choice_000,0x00968A,2,-127,7,0x0008,8,8,8,0,block_plus_signed,0x009460,0x009468,yes,3E0200000000000003001400003C2C00,5,plausible_frame_record_prefix
MARPCK_TBL.decoded.bin,pck_object_0066_part_001_choice_000_frame_006,pck_object_0066,pck_object_0066_part_001,pck_object_0066_part_001_choice_000,0x00968A,2,-127,7,0x0008,8,8,8,0,part_plus_signed,0x00947C,0x009484,yes,263C2C00010074029AFF57FF20FC0707,35,exact_part_offset
MARPCK_TBL.decoded.bin,pck_object_0066_part_001_choice_000_frame_006,pck_object_0066,pck_object_0066_part_001,pck_object_0066_part_001_choice_000,0x00968A,2,-127,7,0x0008,8,8,8,0,frame_plus_signed,0x00968A,0x009692,yes,68028107080000256E02121213141516,35,exact_frame_record;plausible_frame_record_prefix
MARPCK_TBL.decoded.bin,pck_object_0066_part_001_choice_000_frame_006,pck_object_0066,pck_object_0066_part_001,pck_object_0066_part_001_choice_000,0x00968A,2,-127,7,0x0008,8,8,8,0,payload_plus_signed,0x00968C,0x009694,yes,8107080000256E02121213141516FF18,5,byte0_high_bit_set
MARPCK_TBL.decoded.bin,pck_object_0066_part_001_choice_000_frame_007,pck_object_0066,pck_object_0066_part_001,pck_object_0066_part_001_choice_000,0x009692,2,-127,7,0x0008,8,8,8,0,direct_unsigned,0x000000,0x000008,yes,050043000D006F0003009D000100E200,15,plausible_drawable_extents_at_plus6_plus8;plausible_frame_record_prefix
MARPCK_TBL.decoded.bin,pck_object_0066_part_001_choice_000_frame_007,pck_object_0066,pck_object_0066_part_001,pck_object_0066_part_001_choice_000,0x009692,2,-127,7,0x0008,8,8,8,0,direct_signed,0x000000,0x000008,yes,050043000D006F0003009D000100E200,15,plausible_drawable_extents_at_plus6_plus8;plausible_frame_record_prefix
MARPCK_TBL.decoded.bin,pck_object_0066_part_001_choice_000_frame_007,pck_object_0066,pck_object_0066_part_001,pck_object_0066_part_001_choice_000,0x009692,2,-127,7,0x0008,8,8,8,0,object_plus_unsigned,0x009466,0x00946E,yes,000003001400003C2C0001009401103C,5,plausible_frame_record_prefix
MARPCK_TBL.decoded.bin,pck_object_0066_part_001_choice_000_frame_007,pck_object_0066,pck_object_0066_part_001,pck_object_0066_part_001_choice_000,0x009692,2,-127,7,0x0008,8,8,8,0,object_plus_signed,0x009466,0x00946E,yes,000003001400003C2C0001009401103C,5,plausible_frame_record_prefix
MARPCK_TBL.decoded.bin,pck_object_0066_part_001_choice_000_frame_007,pck_object_0066,pck_object_0066_part_001,pck_object_0066_part_001_choice_000,0x009692,2,-127,7,0x0008,8,8,8,0,block_plus_unsigned,0x009460,0x009468,yes,3E0200000000000003001400003C2C00,5,plausible_frame_record_prefix
MARPCK_TBL.decoded.bin,pck_object_0066_part_001_choice_000_frame_007,pck_object_0066,pck_object_0066_part_001,pck_object_0066_part_001_choice_000,0x009692,2,-127,7,0x0008,8,8,8,0,block_plus_signed,0x009460,0x009468,yes,3E0200000000000003001400003C2C00,5,plausible_frame_record_prefix
MARPCK_TBL.decoded.bin,pck_object_0066_part_001_choice_000_frame_007,pck_object_0066,pck_object_0066_part_001,pck_object_0066_part_001_choice_000,0x009692,2,-127,7,0x0008,8,8,8,0,part_plus_signed,0x00947C,0x009484,yes,263C2C00010074029AFF57FF20FC0707,35,exact_part_offset
MARPCK_TBL.decoded.bin,pck_object_0066_part_001_choice_000_frame_007,pck_object_0066,pck_object_0066_part_001,pck_object_0066_part_001_choice_000,0x009692,2,-127,7,0x0008,8,8,8,0,frame_plus_signed,0x009692,0x00969A,yes,6E02121213141516FF1818191A1B1CFF,35,exact_frame_record;plausible_frame_record_prefix
MARPCK_TBL.decoded.bin,pck_object_0066_part_001_choice_000_frame_007,pck_object_0066,pck_object_0066_part_001,pck_object_0066_part_001_choice_000,0x009692,2,-127,7,0x0008,8,8,8,0,payload_plus_signed,0x009694,0x00969C,yes,121213141516FF1818191A1B1CFF1515,0,in_range_no_structural_match
MARPCK_TBL.decoded.bin,pck_object_0066_part_001_choice_000_frame_008,pck_object_0066,pck_object_0066_part_001,pck_object_0066_part_001_choice_000,0x00969A,2,18,18,0x1413,5139,5139,19,20,direct_unsigned,0x000000,0x001413,yes,A70095FD0FFFB3015300F5FE8E005300,10,byte0_high_bit_set;plausible_frame_record_prefix
MARPCK_TBL.decoded.bin,pck_object_0066_part_001_choice_000_frame_008,pck_object_0066,pck_object_0066_part_001,pck_object_0066_part_001_choice_000,0x00969A,2,18,18,0x1413,5139,5139,19,20,direct_signed,0x000000,0x001413,yes,A70095FD0FFFB3015300F5FE8E005300,10,byte0_high_bit_set;plausible_frame_record_prefix
MARPCK_TBL.decoded.bin,pck_object_0066_part_001_choice_000_frame_008,pck_object_0066,pck_object_0066_part_001,pck_object_0066_part_001_choice_000,0x00969A,2,18,18,0x1413,5139,5139,19,20,object_plus_unsigned,0x009466,0x00A879,yes,000027CE02810409000030D802810009,5,plausible_frame_record_prefix
MARPCK_TBL.decoded.bin,pck_object_0066_part_001_choice_000_frame_008,pck_object_0066,pck_object_0066_part_001,pck_object_0066_part_001_choice_000,0x00969A,2,18,18,0x1413,5139,5139,19,20,object_plus_signed,0x009466,0x00A879,yes,000027CE02810409000030D802810009,5,plausible_frame_record_prefix
MARPCK_TBL.decoded.bin,pck_object_0066_part_001_choice_000_frame_008,pck_object_0066,pck_object_0066_part_001,pck_object_0066_part_001_choice_000,0x00969A,2,18,18,0x1413,5139,5139,19,20,block_plus_unsigned,0x009460,0x00A873,yes,0213FF810400000027CE028104090000,0,in_range_no_structural_match
MARPCK_TBL.decoded.bin,pck_object_0066_part_001_choice_000_frame_008,pck_object_0066,pck_object_0066_part_001,pck_object_0066_part_001_choice_000,0x00969A,2,18,18,0x1413,5139,5139,19,20,block_plus_signed,0x009460,0x00A873,yes,0213FF810400000027CE028104090000,0,in_range_no_structural_match
MARPCK_TBL.decoded.bin,pck_object_0066_part_001_choice_000_frame_008,pck_object_0066,pck_object_0066_part_001,pck_object_0066_part_001_choice_000,0x00969A,2,18,18,0x1413,5139,5139,19,20,part_plus_signed,0x00947C,0x00A88F,yes,0904040434E402810904040435E90281,0,in_range_no_structural_match
MARPCK_TBL.decoded.bin,pck_object_0066_part_001_choice_000_frame_008,pck_object_0066,pck_object_0066_part_001,pck_object_0066_part_001_choice_000,0x00969A,2,18,18,0x1413,5139,5139,19,20,frame_plus_signed,0x00969A,0x00AAAD,yes,0DE00181000807070EE6010202030405,0,in_range_no_structural_match
MARPCK_TBL.decoded.bin,pck_object_0066_part_001_choice_000_frame_008,pck_object_0066,pck_object_0066_part_001,pck_object_0066_part_001_choice_000,0x00969A,2,18,18,0x1413,5139,5139,19,20,payload_plus_signed,0x00969C,0x00AAAF,yes,0181000807070EE6010202030405FF05,0,in_range_no_structural_match
MARPCK_TBL.decoded.bin,pck_object_0066_part_002_choice_000_frame_000,pck_object_0066,pck_object_0066_part_002,pck_object_0066_part_002_choice_000,0x0096E6,2,-127,4,0x0009,9,9,9,0,direct_unsigned,0x000000,0x000009,yes,0043000D006F0003009D000100E20005,0,in_range_no_structural_match
MARPCK_TBL.decoded.bin,pck_object_0066_part_002_choice_000_frame_000,pck_object_0066,pck_object_0066_part_002,pck_object_0066_part_002_choice_000,0x0096E6,2,-127,4,0x0009,9,9,9,0,direct_signed,0x000000,0x000009,yes,0043000D006F0003009D000100E20005,0,in_range_no_structural_match
MARPCK_TBL.decoded.bin,pck_object_0066_part_002_choice_000_frame_000,pck_object_0066,pck_object_0066_part_002,pck_object_0066_part_002_choice_000,0x0096E6,2,-127,4,0x0009,9,9,9,0,object_plus_unsigned,0x009466,0x00946F,yes,0003001400003C2C0001009401103C2C,5,plausible_frame_record_prefix
MARPCK_TBL.decoded.bin,pck_object_0066_part_002_choice_000_frame_000,pck_object_0066,pck_object_0066_part_002,pck_object_0066_part_002_choice_000,0x0096E6,2,-127,4,0x0009,9,9,9,0,object_plus_signed,0x009466,0x00946F,yes,0003001400003C2C0001009401103C2C,5,plausible_frame_record_prefix
MARPCK_TBL.decoded.bin,pck_object_0066_part_002_choice_000_frame_000,pck_object_0066,pck_object_0066_part_002,pck_object_0066_part_002_choice_000,0x0096E6,2,-127,4,0x0009,9,9,9,0,block_plus_unsigned,0x009460,0x009469,yes,0200000000000003001400003C2C0001,5,plausible_frame_record_prefix
MARPCK_TBL.decoded.bin,pck_object_0066_part_002_choice_000_frame_000,pck_object_0066,pck_object_0066_part_002,pck_object_0066_part_002_choice_000,0x0096E6,2,-127,4,0x0009,9,9,9,0,block_plus_signed,0x009460,0x009469,yes,0200000000000003001400003C2C0001,5,plausible_frame_record_prefix
MARPCK_TBL.decoded.bin,pck_object_0066_part_002_choice_000_frame_000,pck_object_0066,pck_object_0066_part_002,pck_object_0066_part_002_choice_000,0x0096E6,2,-127,4,0x0009,9,9,9,0,part_plus_signed,0x009484,0x00948D,yes,FF57FF20FC0707620034FCCEFF2CFFA8,5,byte0_high_bit_set
MARPCK_TBL.decoded.bin,pck_object_0066_part_002_choice_000_frame_000,pck_object_0066,pck_object_0066_part_002,pck_object_0066_part_002_choice_000,0x0096E6,2,-127,4,0x0009,9,9,9,0,frame_plus_signed,0x0096E6,0x0096EF,yes,02810009040433D802810904040436DE,0,in_range_no_structural_match
MARPCK_TBL.decoded.bin,pck_object_0066_part_002_choice_000_frame_000,pck_object_0066,pck_object_0066_part_002,pck_object_0066_part_002_choice_000,0x0096E6,2,-127,4,0x0009,9,9,9,0,payload_plus_signed,0x0096E8,0x0096F1,yes,0009040433D802810904040436DE0281,0,in_range_no_structural_match
MARPCK_TBL.decoded.bin,pck_object_0066_part_002_choice_000_frame_001,pck_object_0066,pck_object_0066_part_002,pck_object_0066_part_002_choice_000,0x0096EE,2,-127,0,0x0409,1033,1033,9,4,direct_unsigned,0x000000,0x000409,yes,8100070808196A0181000704041A6F01,10,byte0_high_bit_set;plausible_frame_record_prefix
MARPCK_TBL.decoded.bin,pck_object_0066_part_002_choice_000_frame_001,pck_object_0066,pck_object_0066_part_002,pck_object_0066_part_002_choice_000,0x0096EE,2,-127,0,0x0409,1033,1033,9,4,direct_signed,0x000000,0x000409,yes,8100070808196A0181000704041A6F01,10,byte0_high_bit_set;plausible_frame_record_prefix
MARPCK_TBL.decoded.bin,pck_object_0066_part_002_choice_000_frame_001,pck_object_0066,pck_object_0066_part_002,pck_object_0066_part_002_choice_000,0x0096EE,2,-127,0,0x0409,1033,1033,9,4,object_plus_unsigned,0x009466,0x00986F,yes,00FB0310F95BFF7501C4FE10FFFA007D,0,in_range_no_structural_match
MARPCK_TBL.decoded.bin,pck_object_0066_part_002_choice_000_frame_001,pck_object_0066,pck_object_0066_part_002,pck_object_0066_part_002_choice_000,0x0096EE,2,-127,0,0x0409,1033,1033,9,4,object_plus_signed,0x009466,0x00986F,yes,00FB0310F95BFF7501C4FE10FFFA007D,0,in_range_no_structural_match
MARPCK_TBL.decoded.bin,pck_object_0066_part_002_choice_000_frame_001,pck_object_0066,pck_object_0066_part_002,pck_object_0066_part_002_choice_000,0x0096EE,2,-127,0,0x0409,1033,1033,9,4,block_plus_unsigned,0x009460,0x009869,yes,FFD105D2F50A00FB0310F95BFF7501C4,5,byte0_high_bit_set
MARPCK_TBL.decoded.bin,pck_object_0066_part_002_choice_000_frame_001,pck_object_0066,pck_object_0066_part_002,pck_object_0066_part_002_choice_000,0x0096EE,2,-127,0,0x0409,1033,1033,9,4,block_plus_signed,0x009460,0x009869,yes,FFD105D2F50A00FB0310F95BFF7501C4,5,byte0_high_bit_set
MARPCK_TBL.decoded.bin,pck_object_0066_part_002_choice_000_frame_001,pck_object_0066,pck_object_0066_part_002,pck_object_0066_part_002_choice_000,0x0096EE,2,-127,0,0x0409,1033,1033,9,4,part_plus_signed,0x009484,0x00988D,yes,FF0900F4FDDFFF490019FEE2FFFA007D,5,byte0_high_bit_set
MARPCK_TBL.decoded.bin,pck_object_0066_part_002_choice_000_frame_001,pck_object_0066,pck_object_0066_part_002,pck_object_0066_part_002_choice_000,0x0096EE,2,-127,0,0x0409,1033,1033,9,4,frame_plus_signed,0x0096EE,0x009AF7,yes,FE3FFFC8F83601C8FC2600BCFE3DFF2B,5,byte0_high_bit_set
MARPCK_TBL.decoded.bin,pck_object_0066_part_002_choice_000_frame_001,pck_object_0066,pck_object_0066_part_002,pck_object_0066_part_002_choice_000,0x0096EE,2,-127,0,0x0409,1033,1033,9,4,payload_plus_signed,0x0096F0,0x009AF9,yes,FFC8F83601C8FC2600BCFE3DFF2B0055,5,byte0_high_bit_set
MARPCK_TBL.decoded.bin,pck_object_0066_part_002_choice_000_frame_002,pck_object_0066,pck_object_0066_part_002,pck_object_0066_part_002_choice_000,0x0096F6,2,-127,9,0x0404,1028,1028,4,4,direct_unsigned,0x000000,0x000404,yes,04041865018100070808196A01810007,0,in_range_no_structural_match
MARPCK_TBL.decoded.bin,pck_object_0066_part_002_choice_000_frame_002,pck_object_0066,pck_object_0066_part_002,pck_object_0066_part_002_choice_000,0x0096F6,2,-127,9,0x0404,1028,1028,4,4,direct_signed,0x000000,0x000404,yes,04041865018100070808196A01810007,0,in_range_no_structural_match
MARPCK_TBL.decoded.bin,pck_object_0066_part_002_choice_000_frame_002,pck_object_0066,pck_object_0066_part_002,pck_object_0066_part_002_choice_000,0x0096F6,2,-127,9,0x0404,1028,1028,4,4,object_plus_unsigned,0x009466,0x00986A,yes,D105D2F50A00FB0310F95BFF7501C4FE,5,byte0_high_bit_set
MARPCK_TBL.decoded.bin,pck_object_0066_part_002_choice_000_frame_002,pck_object_0066,pck_object_0066_part_002,pck_object_0066_part_002_choice_000,0x0096F6,2,-127,9,0x0404,1028,1028,4,4,object_plus_signed,0x009466,0x00986A,yes,D105D2F50A00FB0310F95BFF7501C4FE,5,byte0_high_bit_set
MARPCK_TBL.decoded.bin,pck_object_0066_part_002_choice_000_frame_002,pck_object_0066,pck_object_0066_part_002,pck_object_0066_part_002_choice_000,0x0096F6,2,-127,9,0x0404,1028,1028,4,4,block_plus_unsigned,0x009460,0x009864,yes,6AFE29F89CFFD105D2F50A00FB0310F9,0,in_range_no_structural_match
MARPCK_TBL.decoded.bin,pck_object_0066_part_002_choice_000_frame_002,pck_object_0066,pck_object_0066_part_002,pck_object_0066_part_002_choice_000,0x0096F6,2,-127,9,0x0404,1028,1028,4,4,block_plus_signed,0x009460,0x009864,yes,6AFE29F89CFFD105D2F50A00FB0310F9,0,in_range_no_structural_match
MARPCK_TBL.decoded.bin,pck_object_0066_part_002_choice_000_frame_002,pck_object_0066,pck_object_0066_part_002,pck_object_0066_part_002_choice_000,0x0096F6,2,-127,9,0x0404,1028,1028,4,4,part_plus_signed,0x009484,0x009888,yes,0900F4FD94FF0900F4FDDFFF490019FE,5,plausible_frame_record_prefix
MARPCK_TBL.decoded.bin,pck_object_0066_part_002_choice_000_frame_002,pck_object_0066,pck_object_0066_part_002,pck_object_0066_part_002_choice_000,0x0096F6,2,-127,9,0x0404,1028,1028,4,4,frame_plus_signed,0x0096F6,0x009AFA,yes,C8F83601C8FC2600BCFE3DFF2B0055FE,5,byte0_high_bit_set
MARPCK_TBL.decoded.bin,pck_object_0066_part_002_choice_000_frame_002,pck_object_0066,pck_object_0066_part_002,pck_object_0066_part_002_choice_000,0x0096F6,2,-127,9,0x0404,1028,1028,4,4,payload_plus_signed,0x0096F8,0x009AFC,yes,3601C8FC2600BCFE3DFF2B0055FE0BFF,5,plausible_frame_record_prefix
MARPCK_TBL.decoded.bin,pck_object_0066_part_002_choice_000_frame_003,pck_object_0066,pck_object_0066_part_002,pck_object_0066_part_002_choice_000,0x0096FE,2,-127,9,0x0404,1028,1028,4,4,direct_unsigned,0x000000,0x000404,yes,04041865018100070808196A01810007,0,in_range_no_structural_match
MARPCK_TBL.decoded.bin,pck_object_0066_part_002_choice_000_frame_003,pck_object_0066,pck_object_0066_part_002,pck_object_0066_part_002_choice_000,0x0096FE,2,-127,9,0x0404,1028,1028,4,4,direct_signed,0x000000,0x000404,yes,04041865018100070808196A01810007,0,in_range_no_structural_match
MARPCK_TBL.decoded.bin,pck_object_0066_part_002_choice_000_frame_003,pck_object_0066,pck_object_0066_part_002,pck_object_0066_part_002_choice_000,0x0096FE,2,-127,9,0x0404,1028,1028,4,4,object_plus_unsigned,0x009466,0x00986A,yes,D105D2F50A00FB0310F95BFF7501C4FE,5,byte0_high_bit_set
MARPCK_TBL.decoded.bin,pck_object_0066_part_002_choice_000_frame_003,pck_object_0066,pck_object_0066_part_002,pck_object_0066_part_002_choice_000,0x0096FE,2,-127,9,0x0404,1028,1028,4,4,object_plus_signed,0x009466,0x00986A,yes,D105D2F50A00FB0310F95BFF7501C4FE,5,byte0_high_bit_set
MARPCK_TBL.decoded.bin,pck_object_0066_part_002_choice_000_frame_003,pck_object_0066,pck_object_0066_part_002,pck_object_0066_part_002_choice_000,0x0096FE,2,-127,9,0x0404,1028,1028,4,4,block_plus_unsigned,0x009460,0x009864,yes,6AFE29F89CFFD105D2F50A00FB0310F9,0,in_range_no_structural_match
MARPCK_TBL.decoded.bin,pck_object_0066_part_002_choice_000_frame_003,pck_object_0066,pck_object_0066_part_002,pck_object_0066_part_002_choice_000,0x0096FE,2,-127,9,0x0404,1028,1028,4,4,block_plus_signed,0x009460,0x009864,yes,6AFE29F89CFFD105D2F50A00FB0310F9,0,in_range_no_structural_match
MARPCK_TBL.decoded.bin,pck_object_0066_part_002_choice_000_frame_003,pck_object_0066,pck_object_0066_part_002,pck_object_0066_part_002_choice_000,0x0096FE,2,-127,9,0x0404,1028,1028,4,4,part_plus_signed,0x009484,0x009888,yes,0900F4FD94FF0900F4FDDFFF490019FE,5,plausible_frame_record_prefix
MARPCK_TBL.decoded.bin,pck_object_0066_part_002_choice_000_frame_003,pck_object_0066,pck_object_0066_part_002,pck_object_0066_part_002_choice_000,0x0096FE,2,-127,9,0x0404,1028,1028,4,4,frame_plus_signed,0x0096FE,0x009B02,yes,BCFE3DFF2B0055FE0BFF600052FE93FE,5,byte0_high_bit_set
MARPCK_TBL.decoded.bin,pck_object_0066_part_002_choice_000_frame_003,pck_object_0066,pck_object_0066_part_002,pck_object_0066_part_002_choice_000,0x0096FE,2,-127,9,0x0404,1028,1028,4,4,payload_plus_signed,0x009700,0x009B04,yes,3DFF2B0055FE0BFF600052FE93FE6400,0,in_range_no_structural_match
MARPCK_TBL.decoded.bin,pck_object_0066_part_002_choice_000_frame_004,pck_object_0066,pck_object_0066_part_002,pck_object_0066_part_002_choice_000,0x009706,2,-127,9,0x0004,4,4,4,0,direct_unsigned,0x000000,0x000004,yes,04002C00050043000D006F0003009D00,15,plausible_drawable_extents_at_plus6_plus8;plausible_frame_record_prefix
MARPCK_TBL.decoded.bin,pck_object_0066_part_002_choice_000_frame_004,pck_object_0066,pck_object_0066_part_002,pck_object_0066_part_002_choice_000,0x009706,2,-127,9,0x0004,4,4,4,0,direct_signed,0x000000,0x000004,yes,04002C00050043000D006F0003009D00,15,plausible_drawable_extents_at_plus6_plus8;plausible_frame_record_prefix
MARPCK_TBL.decoded.bin,pck_object_0066_part_002_choice_000_frame_004,pck_object_0066,pck_object_0066_part_002,pck_object_0066_part_002_choice_000,0x009706,2,-127,9,0x0004,4,4,4,0,object_plus_unsigned,0x009466,0x00946A,yes,00000000000003001400003C2C000100,15,plausible_drawable_extents_at_plus6_plus8;plausible_frame_record_prefix
MARPCK_TBL.decoded.bin,pck_object_0066_part_002_choice_000_frame_004,pck_object_0066,pck_object_0066_part_002,pck_object_0066_part_002_choice_000,0x009706,2,-127,9,0x0004,4,4,4,0,object_plus_signed,0x009466,0x00946A,yes,00000000000003001400003C2C000100,15,plausible_drawable_extents_at_plus6_plus8;plausible_frame_record_prefix
MARPCK_TBL.decoded.bin,pck_object_0066_part_002_choice_000_frame_004,pck_object_0066,pck_object_0066_part_002,pck_object_0066_part_002_choice_000,0x009706,2,-127,9,0x0004,4,4,4,0,block_plus_unsigned,0x009460,0x009464,yes,27FF80003E0200000000000003001400,0,in_range_no_structural_match
MARPCK_TBL.decoded.bin,pck_object_0066_part_002_choice_000_frame_004,pck_object_0066,pck_object_0066_part_002,pck_object_0066_part_002_choice_000,0x009706,2,-127,9,0x0004,4,4,4,0,block_plus_signed,0x009460,0x009464,yes,27FF80003E0200000000000003001400,0,in_range_no_structural_match
MARPCK_TBL.decoded.bin,pck_object_0066_part_002_choice_000_frame_004,pck_object_0066,pck_object_0066_part_002,pck_object_0066_part_002_choice_000,0x009706,2,-127,9,0x0004,4,4,4,0,part_plus_signed,0x009484,0x009488,yes,010074029AFF57FF20FC0707620034FC,5,plausible_frame_record_prefix
MARPCK_TBL.decoded.bin,pck_object_0066_part_002_choice_000_frame_004,pck_object_0066,pck_object_0066_part_002,pck_object_0066_part_002_choice_000,0x009706,2,-127,9,0x0004,4,4,4,0,frame_plus_signed,0x009706,0x00970A,yes,04000038E802810904000039EE028109,5,plausible_frame_record_prefix
MARPCK_TBL.decoded.bin,pck_object_0066_part_002_choice_000_frame_004,pck_object_0066,pck_object_0066_part_002,pck_object_0066_part_002_choice_000,0x009706,2,-127,9,0x0004,4,4,4,0,payload_plus_signed,0x009708,0x00970C,yes,0038E802810904000039EE0281090400,0,in_range_no_structural_match
MARPCK_TBL.decoded.bin,pck_object_0066_part_002_choice_000_frame_005,pck_object_0066,pck_object_0066_part_002,pck_object_0066_part_002_choice_000,0x00970E,2,-127,9,0x0004,4,4,4,0,direct_unsigned,0x000000,0x000004,yes,04002C00050043000D006F0003009D00,15,plausible_drawable_extents_at_plus6_plus8;plausible_frame_record_prefix
MARPCK_TBL.decoded.bin,pck_object_0066_part_002_choice_000_frame_005,pck_object_0066,pck_object_0066_part_002,pck_object_0066_part_002_choice_000,0x00970E,2,-127,9,0x0004,4,4,4,0,direct_signed,0x000000,0x000004,yes,04002C00050043000D006F0003009D00,15,plausible_drawable_extents_at_plus6_plus8;plausible_frame_record_prefix
MARPCK_TBL.decoded.bin,pck_object_0066_part_002_choice_000_frame_005,pck_object_0066,pck_object_0066_part_002,pck_object_0066_part_002_choice_000,0x00970E,2,-127,9,0x0004,4,4,4,0,object_plus_unsigned,0x009466,0x00946A,yes,00000000000003001400003C2C000100,15,plausible_drawable_extents_at_plus6_plus8;plausible_frame_record_prefix
MARPCK_TBL.decoded.bin,pck_object_0066_part_002_choice_000_frame_005,pck_object_0066,pck_object_0066_part_002,pck_object_0066_part_002_choice_000,0x00970E,2,-127,9,0x0004,4,4,4,0,object_plus_signed,0x009466,0x00946A,yes,00000000000003001400003C2C000100,15,plausible_drawable_extents_at_plus6_plus8;plausible_frame_record_prefix
MARPCK_TBL.decoded.bin,pck_object_0066_part_002_choice_000_frame_005,pck_object_0066,pck_object_0066_part_002,pck_object_0066_part_002_choice_000,0x00970E,2,-127,9,0x0004,4,4,4,0,block_plus_unsigned,0x009460,0x009464,yes,27FF80003E0200000000000003001400,0,in_range_no_structural_match
MARPCK_TBL.decoded.bin,pck_object_0066_part_002_choice_000_frame_005,pck_object_0066,pck_object_0066_part_002,pck_object_0066_part_002_choice_000,0x00970E,2,-127,9,0x0004,4,4,4,0,block_plus_signed,0x009460,0x009464,yes,27FF80003E0200000000000003001400,0,in_range_no_structural_match
MARPCK_TBL.decoded.bin,pck_object_0066_part_002_choice_000_frame_005,pck_object_0066,pck_object_0066_part_002,pck_object_0066_part_002_choice_000,0x00970E,2,-127,9,0x0004,4,4,4,0,part_plus_signed,0x009484,0x009488,yes,010074029AFF57FF20FC0707620034FC,5,plausible_frame_record_prefix
MARPCK_TBL.decoded.bin,pck_object_0066_part_002_choice_000_frame_005,pck_object_0066,pck_object_0066_part_002,pck_object_0066_part_002_choice_000,0x00970E,2,-127,9,0x0004,4,4,4,0,frame_plus_signed,0x00970E,0x009712,yes,04000039EE0281090400003AF3028109,5,plausible_frame_record_prefix
MARPCK_TBL.decoded.bin,pck_object_0066_part_002_choice_000_frame_005,pck_object_0066,pck_object_0066_part_002,pck_object_0066_part_002_choice_000,0x00970E,2,-127,9,0x0004,4,4,4,0,payload_plus_signed,0x009710,0x009714,yes,0039EE0281090400003AF30281090400,0,in_range_no_structural_match
MARPCK_TBL.decoded.bin,pck_object_0066_part_002_choice_000_frame_006,pck_object_0066,pck_object_0066_part_002,pck_object_0066_part_002_choice_000,0x009716,2,-127,9,0x0004,4,4,4,0,direct_unsigned,0x000000,0x000004,yes,04002C00050043000D006F0003009D00,15,plausible_drawable_extents_at_plus6_plus8;plausible_frame_record_prefix
MARPCK_TBL.decoded.bin,pck_object_0066_part_002_choice_000_frame_006,pck_object_0066,pck_object_0066_part_002,pck_object_0066_part_002_choice_000,0x009716,2,-127,9,0x0004,4,4,4,0,direct_signed,0x000000,0x000004,yes,04002C00050043000D006F0003009D00,15,plausible_drawable_extents_at_plus6_plus8;plausible_frame_record_prefix
MARPCK_TBL.decoded.bin,pck_object_0066_part_002_choice_000_frame_006,pck_object_0066,pck_object_0066_part_002,pck_object_0066_part_002_choice_000,0x009716,2,-127,9,0x0004,4,4,4,0,object_plus_unsigned,0x009466,0x00946A,yes,00000000000003001400003C2C000100,15,plausible_drawable_extents_at_plus6_plus8;plausible_frame_record_prefix
MARPCK_TBL.decoded.bin,pck_object_0066_part_002_choice_000_frame_006,pck_object_0066,pck_object_0066_part_002,pck_object_0066_part_002_choice_000,0x009716,2,-127,9,0x0004,4,4,4,0,object_plus_signed,0x009466,0x00946A,yes,00000000000003001400003C2C000100,15,plausible_drawable_extents_at_plus6_plus8;plausible_frame_record_prefix
MARPCK_TBL.decoded.bin,pck_object_0066_part_002_choice_000_frame_006,pck_object_0066,pck_object_0066_part_002,pck_object_0066_part_002_choice_000,0x009716,2,-127,9,0x0004,4,4,4,0,block_plus_unsigned,0x009460,0x009464,yes,27FF80003E0200000000000003001400,0,in_range_no_structural_match
MARPCK_TBL.decoded.bin,pck_object_0066_part_002_choice_000_frame_006,pck_object_0066,pck_object_0066_part_002,pck_object_0066_part_002_choice_000,0x009716,2,-127,9,0x0004,4,4,4,0,block_plus_signed,0x009460,0x009464,yes,27FF80003E0200000000000003001400,0,in_range_no_structural_match
MARPCK_TBL.decoded.bin,pck_object_0066_part_002_choice_000_frame_006,pck_object_0066,pck_object_0066_part_002,pck_object_0066_part_002_choice_000,0x009716,2,-127,9,0x0004,4,4,4,0,part_plus_signed,0x009484,0x009488,yes,010074029AFF57FF20FC0707620034FC,5,plausible_frame_record_prefix
MARPCK_TBL.decoded.bin,pck_object_0066_part_002_choice_000_frame_006,pck_object_0066,pck_object_0066_part_002,pck_object_0066_part_002_choice_000,0x009716,2,-127,9,0x0004,4,4,4,0,frame_plus_signed,0x009716,0x00971A,yes,0400003AF30281090400003BF8022828,5,plausible_frame_record_prefix
MARPCK_TBL.decoded.bin,pck_object_0066_part_002_choice_000_frame_006,pck_object_0066,pck_object_0066_part_002,pck_object_0066_part_002_choice_000,0x009716,2,-127,9,0x0004,4,4,4,0,payload_plus_signed,0x009718,0x00971C,yes,003AF30281090400003BF8022828292A,0,in_range_no_structural_match
MARPCK_TBL.decoded.bin,pck_object_0066_part_002_choice_000_frame_007,pck_object_0066,pck_object_0066_part_002,pck_object_0066_part_002_choice_000,0x00971E,2,-127,9,0x0004,4,4,4,0,direct_unsigned,0x000000,0x000004,yes,04002C00050043000D006F0003009D00,15,plausible_drawable_extents_at_plus6_plus8;plausible_frame_record_prefix
MARPCK_TBL.decoded.bin,pck_object_0066_part_002_choice_000_frame_007,pck_object_0066,pck_object_0066_part_002,pck_object_0066_part_002_choice_000,0x00971E,2,-127,9,0x0004,4,4,4,0,direct_signed,0x000000,0x000004,yes,04002C00050043000D006F0003009D00,15,plausible_drawable_extents_at_plus6_plus8;plausible_frame_record_prefix
MARPCK_TBL.decoded.bin,pck_object_0066_part_002_choice_000_frame_007,pck_object_0066,pck_object_0066_part_002,pck_object_0066_part_002_choice_000,0x00971E,2,-127,9,0x0004,4,4,4,0,object_plus_unsigned,0x009466,0x00946A,yes,00000000000003001400003C2C000100,15,plausible_drawable_extents_at_plus6_plus8;plausible_frame_record_prefix
MARPCK_TBL.decoded.bin,pck_object_0066_part_002_choice_000_frame_007,pck_object_0066,pck_object_0066_part_002,pck_object_0066_part_002_choice_000,0x00971E,2,-127,9,0x0004,4,4,4,0,object_plus_signed,0x009466,0x00946A,yes,00000000000003001400003C2C000100,15,plausible_drawable_extents_at_plus6_plus8;plausible_frame_record_prefix
MARPCK_TBL.decoded.bin,pck_object_0066_part_002_choice_000_frame_007,pck_object_0066,pck_object_0066_part_002,pck_object_0066_part_002_choice_000,0x00971E,2,-127,9,0x0004,4,4,4,0,block_plus_unsigned,0x009460,0x009464,yes,27FF80003E0200000000000003001400,0,in_range_no_structural_match
MARPCK_TBL.decoded.bin,pck_object_0066_part_002_choice_000_frame_007,pck_object_0066,pck_object_0066_part_002,pck_object_0066_part_002_choice_000,0x00971E,2,-127,9,0x0004,4,4,4,0,block_plus_signed,0x009460,0x009464,yes,27FF80003E0200000000000003001400,0,in_range_no_structural_match
MARPCK_TBL.decoded.bin,pck_object_0066_part_002_choice_000_frame_007,pck_object_0066,pck_object_0066_part_002,pck_object_0066_part_002_choice_000,0x00971E,2,-127,9,0x0004,4,4,4,0,part_plus_signed,0x009484,0x009488,yes,010074029AFF57FF20FC0707620034FC,5,plausible_frame_record_prefix
MARPCK_TBL.decoded.bin,pck_object_0066_part_002_choice_000_frame_007,pck_object_0066,pck_object_0066_part_002,pck_object_0066_part_002_choice_000,0x00971E,2,-127,9,0x0004,4,4,4,0,frame_plus_signed,0x00971E,0x009722,yes,0400003BF8022828292A2B2C2D2E2FFF,5,plausible_frame_record_prefix
MARPCK_TBL.decoded.bin,pck_object_0066_part_002_choice_000_frame_007,pck_object_0066,pck_object_0066_part_002,pck_object_0066_part_002_choice_000,0x00971E,2,-127,9,0x0004,4,4,4,0,payload_plus_signed,0x009720,0x009724,yes,003BF8022828292A2B2C2D2E2FFF2828,0,in_range_no_structural_match
MARPCK_TBL.decoded.bin,pck_object_0066_part_002_choice_000_frame_008,pck_object_0066,pck_object_0066_part_002,pck_object_0066_part_002_choice_000,0x009726,2,40,40,0x2A29,10793,10793,41,42,direct_unsigned,0x000000,0x002A29,yes,6DFBB8FF8E069DFF11013BFCE4F8D0FD,0,in_range_no_structural_match
MARPCK_TBL.decoded.bin,pck_object_0066_part_002_choice_000_frame_008,pck_object_0066,pck_object_0066_part_002,pck_object_0066_part_002_choice_000,0x009726,2,40,40,0x2A29,10793,10793,41,42,direct_signed,0x000000,0x002A29,yes,6DFBB8FF8E069DFF11013BFCE4F8D0FD,0,in_range_no_structural_match
MARPCK_TBL.decoded.bin,pck_object_0066_part_002_choice_000_frame_008,pck_object_0066,pck_object_0066_part_002,pck_object_0066_part_002_choice_000,0x009726,2,40,40,0x2A29,10793,10793,41,42,object_plus_unsigned,0x009466,0x00BE8F,yes,FEF507B20095FF4B00EE00F7FE4B00CD,5,byte0_high_bit_set
MARPCK_TBL.decoded.bin,pck_object_0066_part_002_choice_000_frame_008,pck_object_0066,pck_object_0066_part_002,pck_object_0066_part_002_choice_000,0x009726,2,40,40,0x2A29,10793,10793,41,42,object_plus_signed,0x009466,0x00BE8F,yes,FEF507B20095FF4B00EE00F7FE4B00CD,5,byte0_high_bit_set
MARPCK_TBL.decoded.bin,pck_object_0066_part_002_choice_000_frame_008,pck_object_0066,pck_object_0066_part_002,pck_object_0066_part_002_choice_000,0x009726,2,40,40,0x2A29,10793,10793,41,42,block_plus_unsigned,0x009460,0x00BE89,yes,F90100B107A3FEF507B20095FF4B00EE,10,byte0_high_bit_set;plausible_frame_record_prefix
MARPCK_TBL.decoded.bin,pck_object_0066_part_002_choice_000_frame_008,pck_object_0066,pck_object_0066_part_002,pck_object_0066_part_002_choice_000,0x009726,2,40,40,0x2A29,10793,10793,41,42,block_plus_signed,0x009460,0x00BE89,yes,F90100B107A3FEF507B20095FF4B00EE,10,byte0_high_bit_set;plausible_frame_record_prefix
MARPCK_TBL.decoded.bin,pck_object_0066_part_002_choice_000_frame_008,pck_object_0066,pck_object_0066_part_002,pck_object_0066_part_002_choice_000,0x009726,2,40,40,0x2A29,10793,10793,41,42,part_plus_signed,0x009484,0x00BEAD,yes,FE0000A800C6FE0000000189FE13F89D,10,byte0_high_bit_set;plausible_frame_record_prefix
MARPCK_TBL.decoded.bin,pck_object_0066_part_002_choice_000_frame_008,pck_object_0066,pck_object_0066_part_002,pck_object_0066_part_002_choice_000,0x009726,2,40,40,0x2A29,10793,10793,41,42,frame_plus_signed,0x009726,0x00C14F,yes,006A00B5FF0F01A800AEFFAF008A003D,0,in_range_no_structural_match
MARPCK_TBL.decoded.bin,pck_object_0066_part_002_choice_000_frame_008,pck_object_0066,pck_object_0066_part_002,pck_object_0066_part_002_choice_000,0x009726,2,40,40,0x2A29,10793,10793,41,42,payload_plus_signed,0x009728,0x00C151,yes,00B5FF0F01A800AEFFAF008A003DFFB5,0,in_range_no_structural_match
MARPCK_TBL.decoded.bin,pck_object_0069_part_001_choice_000_frame_000,pck_object_0069,pck_object_0069_part_001,pck_object_0069_part_001_choice_000,0x009ED4,2,-127,7,0x0808,2056,2056,8,8,direct_unsigned,0x000000,0x000808,yes,003C0037FE6900F1FF37FEA500F1FF37,0,in_range_no_structural_match
MARPCK_TBL.decoded.bin,pck_object_0069_part_001_choice_000_frame_000,pck_object_0069,pck_object_0069_part_001,pck_object_0069_part_001_choice_000,0x009ED4,2,-127,7,0x0808,2056,2056,8,8,direct_signed,0x000000,0x000808,yes,003C0037FE6900F1FF37FEA500F1FF37,0,in_range_no_structural_match
MARPCK_TBL.decoded.bin,pck_object_0069_part_001_choice_000_frame_000,pck_object_0069,pck_object_0069_part_001,pck_object_0069_part_001_choice_000,0x009ED4,2,-127,7,0x0808,2056,2056,8,8,object_plus_unsigned,0x009CE6,0x00A4EE,yes,0816490281070804041B500281070800,0,in_range_no_structural_match
MARPCK_TBL.decoded.bin,pck_object_0069_part_001_choice_000_frame_000,pck_object_0069,pck_object_0069_part_001,pck_object_0069_part_001_choice_000,0x009ED4,2,-127,7,0x0808,2056,2056,8,8,object_plus_signed,0x009CE6,0x00A4EE,yes,0816490281070804041B500281070800,0,in_range_no_structural_match
MARPCK_TBL.decoded.bin,pck_object_0069_part_001_choice_000_frame_000,pck_object_0069,pck_object_0069_part_001,pck_object_0069_part_001_choice_000,0x009ED4,2,-127,7,0x0808,2056,2056,8,8,block_plus_unsigned,0x009CE0,0x00A4E8,yes,4202810708080816490281070804041B,5,plausible_frame_record_prefix
MARPCK_TBL.decoded.bin,pck_object_0069_part_001_choice_000_frame_000,pck_object_0069,pck_object_0069_part_001,pck_object_0069_part_001_choice_000,0x009ED4,2,-127,7,0x0808,2056,2056,8,8,block_plus_signed,0x009CE0,0x00A4E8,yes,4202810708080816490281070804041B,5,plausible_frame_record_prefix
MARPCK_TBL.decoded.bin,pck_object_0069_part_001_choice_000_frame_000,pck_object_0069,pck_object_0069_part_001,pck_object_0069_part_001_choice_000,0x009ED4,2,-127,7,0x0808,2056,2056,8,8,part_plus_signed,0x009CFC,0x00A504,yes,0800001D5C0281070804041E62028107,5,plausible_frame_record_prefix
MARPCK_TBL.decoded.bin,pck_object_0069_part_001_choice_000_frame_000,pck_object_0069,pck_object_0069_part_001,pck_object_0069_part_001_choice_000,0x009ED4,2,-127,7,0x0808,2056,2056,8,8,frame_plus_signed,0x009ED4,0x00A6DC,yes,C30098FEA100320043FE6500320043FE,10,byte0_high_bit_set;plausible_frame_record_prefix
MARPCK_TBL.decoded.bin,pck_object_0069_part_001_choice_000_frame_000,pck_object_0069,pck_object_0069_part_001,pck_object_0069_part_001_choice_000,0x009ED4,2,-127,7,0x0808,2056,2056,8,8,payload_plus_signed,0x009ED6,0x00A6DE,yes,98FEA100320043FE6500320043FE6900,5,byte0_high_bit_set
MARPCK_TBL.decoded.bin,pck_object_0069_part_001_choice_000_frame_001,pck_object_0069,pck_object_0069_part_001,pck_object_0069_part_001_choice_000,0x009EDC,2,-127,7,0x0408,1032,1032,8,4,direct_unsigned,0x000000,0x000408,yes,018100070808196A0181000704041A6F,0,in_range_no_structural_match
MARPCK_TBL.decoded.bin,pck_object_0069_part_001_choice_000_frame_001,pck_object_0069,pck_object_0069_part_001,pck_object_0069_part_001_choice_000,0x009EDC,2,-127,7,0x0408,1032,1032,8,4,direct_signed,0x000000,0x000408,yes,018100070808196A0181000704041A6F,0,in_range_no_structural_match
MARPCK_TBL.decoded.bin,pck_object_0069_part_001_choice_000_frame_001,pck_object_0069,pck_object_0069_part_001,pck_object_0069_part_001_choice_000,0x009EDC,2,-127,7,0x0408,1032,1032,8,4,object_plus_unsigned,0x009CE6,0x00A0EE,yes,21F9A300D4FE56FFA30050FF12FFA300,0,in_range_no_structural_match
MARPCK_TBL.decoded.bin,pck_object_0069_part_001_choice_000_frame_001,pck_object_0069,pck_object_0069_part_001,pck_object_0069_part_001_choice_000,0x009EDC,2,-127,7,0x0408,1032,1032,8,4,object_plus_signed,0x009CE6,0x00A0EE,yes,21F9A300D4FE56FFA30050FF12FFA300,0,in_range_no_structural_match
MARPCK_TBL.decoded.bin,pck_object_0069_part_001_choice_000_frame_001,pck_object_0069,pck_object_0069_part_001,pck_object_0069_part_001_choice_000,0x009EDC,2,-127,7,0x0408,1032,1032,8,4,block_plus_unsigned,0x009CE0,0x00A0E8,yes,B0F86300B80321F9A300D4FE56FFA300,5,byte0_high_bit_set
MARPCK_TBL.decoded.bin,pck_object_0069_part_001_choice_000_frame_001,pck_object_0069,pck_object_0069_part_001,pck_object_0069_part_001_choice_000,0x009EDC,2,-127,7,0x0408,1032,1032,8,4,block_plus_signed,0x009CE0,0x00A0E8,yes,B0F86300B80321F9A300D4FE56FFA300,5,byte0_high_bit_set
MARPCK_TBL.decoded.bin,pck_object_0069_part_001_choice_000_frame_001,pck_object_0069,pck_object_0069_part_001,pck_object_0069_part_001_choice_000,0x009EDC,2,-127,7,0x0408,1032,1032,8,4,part_plus_signed,0x009CFC,0x00A104,yes,68FED2FEA30089FE51FF670089FE51FF,0,in_range_no_structural_match
MARPCK_TBL.decoded.bin,pck_object_0069_part_001_choice_000_frame_001,pck_object_0069,pck_object_0069_part_001,pck_object_0069_part_001_choice_000,0x009EDC,2,-127,7,0x0408,1032,1032,8,4,frame_plus_signed,0x009EDC,0x00A2E4,yes,2E3734FF3434373635FF3535362D28FF,0,in_range_no_structural_match
MARPCK_TBL.decoded.bin,pck_object_0069_part_001_choice_000_frame_001,pck_object_0069,pck_object_0069_part_001,pck_object_0069_part_001_choice_000,0x009EDC,2,-127,7,0x0408,1032,1032,8,4,payload_plus_signed,0x009EDE,0x00A2E6,yes,34FF3434373635FF3535362D28FF8000,0,in_range_no_structural_match
MARPCK_TBL.decoded.bin,pck_object_0069_part_001_choice_000_frame_002,pck_object_0069,pck_object_0069_part_001,pck_object_0069_part_001_choice_000,0x009EE4,2,-127,7,0x0008,8,8,8,0,direct_unsigned,0x000000,0x000008,yes,050043000D006F0003009D000100E200,15,plausible_drawable_extents_at_plus6_plus8;plausible_frame_record_prefix
MARPCK_TBL.decoded.bin,pck_object_0069_part_001_choice_000_frame_002,pck_object_0069,pck_object_0069_part_001,pck_object_0069_part_001_choice_000,0x009EE4,2,-127,7,0x0008,8,8,8,0,direct_signed,0x000000,0x000008,yes,050043000D006F0003009D000100E200,15,plausible_drawable_extents_at_plus6_plus8;plausible_frame_record_prefix
MARPCK_TBL.decoded.bin,pck_object_0069_part_001_choice_000_frame_002,pck_object_0069,pck_object_0069_part_001,pck_object_0069_part_001_choice_000,0x009EE4,2,-127,7,0x0008,8,8,8,0,object_plus_unsigned,0x009CE6,0x009CEE,yes,000003001400003B2C0001008E01103B,5,plausible_frame_record_prefix
MARPCK_TBL.decoded.bin,pck_object_0069_part_001_choice_000_frame_002,pck_object_0069,pck_object_0069_part_001,pck_object_0069_part_001_choice_000,0x009EE4,2,-127,7,0x0008,8,8,8,0,object_plus_signed,0x009CE6,0x009CEE,yes,000003001400003B2C0001008E01103B,5,plausible_frame_record_prefix
MARPCK_TBL.decoded.bin,pck_object_0069_part_001_choice_000_frame_002,pck_object_0069,pck_object_0069_part_001,pck_object_0069_part_001_choice_000,0x009EE4,2,-127,7,0x0008,8,8,8,0,block_plus_unsigned,0x009CE0,0x009CE8,yes,780200000000000003001400003B2C00,5,plausible_frame_record_prefix
MARPCK_TBL.decoded.bin,pck_object_0069_part_001_choice_000_frame_002,pck_object_0069,pck_object_0069_part_001,pck_object_0069_part_001_choice_000,0x009EE4,2,-127,7,0x0008,8,8,8,0,block_plus_signed,0x009CE0,0x009CE8,yes,780200000000000003001400003B2C00,5,plausible_frame_record_prefix
MARPCK_TBL.decoded.bin,pck_object_0069_part_001_choice_000_frame_002,pck_object_0069,pck_object_0069_part_001,pck_object_0069_part_001_choice_000,0x009EE4,2,-127,7,0x0008,8,8,8,0,part_plus_signed,0x009CFC,0x009D04,yes,263B2C0001007C02630067001AFC8907,35,exact_part_offset
MARPCK_TBL.decoded.bin,pck_object_0069_part_001_choice_000_frame_002,pck_object_0069,pck_object_0069_part_001,pck_object_0069_part_001_choice_000,0x009EE4,2,-127,7,0x0008,8,8,8,0,frame_plus_signed,0x009EE4,0x009EEC,yes,520281070800001D580281070804041E,35,exact_frame_record;plausible_frame_record_prefix
MARPCK_TBL.decoded.bin,pck_object_0069_part_001_choice_000_frame_002,pck_object_0069,pck_object_0069_part_001,pck_object_0069_part_001_choice_000,0x009EE4,2,-127,7,0x0008,8,8,8,0,payload_plus_signed,0x009EE6,0x009EEE,yes,81070800001D580281070804041E5E02,5,byte0_high_bit_set
MARPCK_TBL.decoded.bin,pck_object_0069_part_001_choice_000_frame_003,pck_object_0069,pck_object_0069_part_001,pck_object_0069_part_001_choice_000,0x009EEC,2,-127,7,0x0008,8,8,8,0,direct_unsigned,0x000000,0x000008,yes,050043000D006F0003009D000100E200,15,plausible_drawable_extents_at_plus6_plus8;plausible_frame_record_prefix
MARPCK_TBL.decoded.bin,pck_object_0069_part_001_choice_000_frame_003,pck_object_0069,pck_object_0069_part_001,pck_object_0069_part_001_choice_000,0x009EEC,2,-127,7,0x0008,8,8,8,0,direct_signed,0x000000,0x000008,yes,050043000D006F0003009D000100E200,15,plausible_drawable_extents_at_plus6_plus8;plausible_frame_record_prefix
MARPCK_TBL.decoded.bin,pck_object_0069_part_001_choice_000_frame_003,pck_object_0069,pck_object_0069_part_001,pck_object_0069_part_001_choice_000,0x009EEC,2,-127,7,0x0008,8,8,8,0,object_plus_unsigned,0x009CE6,0x009CEE,yes,000003001400003B2C0001008E01103B,5,plausible_frame_record_prefix
MARPCK_TBL.decoded.bin,pck_object_0069_part_001_choice_000_frame_003,pck_object_0069,pck_object_0069_part_001,pck_object_0069_part_001_choice_000,0x009EEC,2,-127,7,0x0008,8,8,8,0,object_plus_signed,0x009CE6,0x009CEE,yes,000003001400003B2C0001008E01103B,5,plausible_frame_record_prefix
MARPCK_TBL.decoded.bin,pck_object_0069_part_001_choice_000_frame_003,pck_object_0069,pck_object_0069_part_001,pck_object_0069_part_001_choice_000,0x009EEC,2,-127,7,0x0008,8,8,8,0,block_plus_unsigned,0x009CE0,0x009CE8,yes,780200000000000003001400003B2C00,5,plausible_frame_record_prefix
MARPCK_TBL.decoded.bin,pck_object_0069_part_001_choice_000_frame_003,pck_object_0069,pck_object_0069_part_001,pck_object_0069_part_001_choice_000,0x009EEC,2,-127,7,0x0008,8,8,8,0,block_plus_signed,0x009CE0,0x009CE8,yes,780200000000000003001400003B2C00,5,plausible_frame_record_prefix
MARPCK_TBL.decoded.bin,pck_object_0069_part_001_choice_000_frame_003,pck_object_0069,pck_object_0069_part_001,pck_object_0069_part_001_choice_000,0x009EEC,2,-127,7,0x0008,8,8,8,0,part_plus_signed,0x009CFC,0x009D04,yes,263B2C0001007C02630067001AFC8907,35,exact_part_offset
MARPCK_TBL.decoded.bin,pck_object_0069_part_001_choice_000_frame_003,pck_object_0069,pck_object_0069_part_001,pck_object_0069_part_001_choice_000,0x009EEC,2,-127,7,0x0008,8,8,8,0,frame_plus_signed,0x009EEC,0x009EF4,yes,580281070804041E5E02810708080816,35,exact_frame_record;plausible_frame_record_prefix
MARPCK_TBL.decoded.bin,pck_object_0069_part_001_choice_000_frame_003,pck_object_0069,pck_object_0069_part_001,pck_object_0069_part_001_choice_000,0x009EEC,2,-127,7,0x0008,8,8,8,0,payload_plus_signed,0x009EEE,0x009EF6,yes,81070804041E5E028107080808166402,5,byte0_high_bit_set
MARPCK_TBL.decoded.bin,pck_object_0069_part_001_choice_000_frame_004,pck_object_0069,pck_object_0069_part_001,pck_object_0069_part_001_choice_000,0x009EF4,2,-127,7,0x0408,1032,1032,8,4,direct_unsigned,0x000000,0x000408,yes,018100070808196A0181000704041A6F,0,in_range_no_structural_match
MARPCK_TBL.decoded.bin,pck_object_0069_part_001_choice_000_frame_004,pck_object_0069,pck_object_0069_part_001,pck_object_0069_part_001_choice_000,0x009EF4,2,-127,7,0x0408,1032,1032,8,4,direct_signed,0x000000,0x000408,yes,018100070808196A0181000704041A6F,0,in_range_no_structural_match
MARPCK_TBL.decoded.bin,pck_object_0069_part_001_choice_000_frame_004,pck_object_0069,pck_object_0069_part_001,pck_object_0069_part_001_choice_000,0x009EF4,2,-127,7,0x0408,1032,1032,8,4,object_plus_unsigned,0x009CE6,0x00A0EE,yes,21F9A300D4FE56FFA30050FF12FFA300,0,in_range_no_structural_match
MARPCK_TBL.decoded.bin,pck_object_0069_part_001_choice_000_frame_004,pck_object_0069,pck_object_0069_part_001,pck_object_0069_part_001_choice_000,0x009EF4,2,-127,7,0x0408,1032,1032,8,4,object_plus_signed,0x009CE6,0x00A0EE,yes,21F9A300D4FE56FFA30050FF12FFA300,0,in_range_no_structural_match
MARPCK_TBL.decoded.bin,pck_object_0069_part_001_choice_000_frame_004,pck_object_0069,pck_object_0069_part_001,pck_object_0069_part_001_choice_000,0x009EF4,2,-127,7,0x0408,1032,1032,8,4,block_plus_unsigned,0x009CE0,0x00A0E8,yes,B0F86300B80321F9A300D4FE56FFA300,5,byte0_high_bit_set
MARPCK_TBL.decoded.bin,pck_object_0069_part_001_choice_000_frame_004,pck_object_0069,pck_object_0069_part_001,pck_object_0069_part_001_choice_000,0x009EF4,2,-127,7,0x0408,1032,1032,8,4,block_plus_signed,0x009CE0,0x00A0E8,yes,B0F86300B80321F9A300D4FE56FFA300,5,byte0_high_bit_set
MARPCK_TBL.decoded.bin,pck_object_0069_part_001_choice_000_frame_004,pck_object_0069,pck_object_0069_part_001,pck_object_0069_part_001_choice_000,0x009EF4,2,-127,7,0x0408,1032,1032,8,4,part_plus_signed,0x009CFC,0x00A104,yes,68FED2FEA30089FE51FF670089FE51FF,0,in_range_no_structural_match
MARPCK_TBL.decoded.bin,pck_object_0069_part_001_choice_000_frame_004,pck_object_0069,pck_object_0069_part_001,pck_object_0069_part_001_choice_000,0x009EF4,2,-127,7,0x0408,1032,1032,8,4,frame_plus_signed,0x009EF4,0x00A2FC,yes,000003001200003C2A0001009201103C,5,plausible_frame_record_prefix
MARPCK_TBL.decoded.bin,pck_object_0069_part_001_choice_000_frame_004,pck_object_0069,pck_object_0069_part_001,pck_object_0069_part_001_choice_000,0x009EF4,2,-127,7,0x0408,1032,1032,8,4,payload_plus_signed,0x009EF6,0x00A2FE,yes,03001200003C2A0001009201103C2A00,15,plausible_drawable_extents_at_plus6_plus8;plausible_frame_record_prefix
MARPCK_TBL.decoded.bin,pck_object_0069_part_001_choice_000_frame_005,pck_object_0069,pck_object_0069_part_001,pck_object_0069_part_001_choice_000,0x009EFC,2,-127,7,0x0808,2056,2056,8,8,direct_unsigned,0x000000,0x000808,yes,003C0037FE6900F1FF37FEA500F1FF37,0,in_range_no_structural_match
MARPCK_TBL.decoded.bin,pck_object_0069_part_001_choice_000_frame_005,pck_object_0069,pck_object_0069_part_001,pck_object_0069_part_001_choice_000,0x009EFC,2,-127,7,0x0808,2056,2056,8,8,direct_signed,0x000000,0x000808,yes,003C0037FE6900F1FF37FEA500F1FF37,0,in_range_no_structural_match
MARPCK_TBL.decoded.bin,pck_object_0069_part_001_choice_000_frame_005,pck_object_0069,pck_object_0069_part_001,pck_object_0069_part_001_choice_000,0x009EFC,2,-127,7,0x0808,2056,2056,8,8,object_plus_unsigned,0x009CE6,0x00A4EE,yes,0816490281070804041B500281070800,0,in_range_no_structural_match
MARPCK_TBL.decoded.bin,pck_object_0069_part_001_choice_000_frame_005,pck_object_0069,pck_object_0069_part_001,pck_object_0069_part_001_choice_000,0x009EFC,2,-127,7,0x0808,2056,2056,8,8,object_plus_signed,0x009CE6,0x00A4EE,yes,0816490281070804041B500281070800,0,in_range_no_structural_match
MARPCK_TBL.decoded.bin,pck_object_0069_part_001_choice_000_frame_005,pck_object_0069,pck_object_0069_part_001,pck_object_0069_part_001_choice_000,0x009EFC,2,-127,7,0x0808,2056,2056,8,8,block_plus_unsigned,0x009CE0,0x00A4E8,yes,4202810708080816490281070804041B,5,plausible_frame_record_prefix
MARPCK_TBL.decoded.bin,pck_object_0069_part_001_choice_000_frame_005,pck_object_0069,pck_object_0069_part_001,pck_object_0069_part_001_choice_000,0x009EFC,2,-127,7,0x0808,2056,2056,8,8,block_plus_signed,0x009CE0,0x00A4E8,yes,4202810708080816490281070804041B,5,plausible_frame_record_prefix
MARPCK_TBL.decoded.bin,pck_object_0069_part_001_choice_000_frame_005,pck_object_0069,pck_object_0069_part_001,pck_object_0069_part_001_choice_000,0x009EFC,2,-127,7,0x0808,2056,2056,8,8,part_plus_signed,0x009CFC,0x00A504,yes,0800001D5C0281070804041E62028107,5,plausible_frame_record_prefix
MARPCK_TBL.decoded.bin,pck_object_0069_part_001_choice_000_frame_005,pck_object_0069,pck_object_0069_part_001,pck_object_0069_part_001_choice_000,0x009EFC,2,-127,7,0x0808,2056,2056,8,8,frame_plus_signed,0x009EFC,0x00A704,yes,6400D105D3F50A00FB0310F969007501,5,plausible_frame_record_prefix
MARPCK_TBL.decoded.bin,pck_object_0069_part_001_choice_000_frame_005,pck_object_0069,pck_object_0069_part_001,pck_object_0069_part_001_choice_000,0x009EFC,2,-127,7,0x0808,2056,2056,8,8,payload_plus_signed,0x009EFE,0x00A706,yes,D105D3F50A00FB0310F969007501C4FE,5,byte0_high_bit_set
MARPCK_TBL.decoded.bin,pck_object_0069_part_001_choice_000_frame_006,pck_object_0069,pck_object_0069_part_001,pck_object_0069_part_001_choice_000,0x009F04,2,-127,7,0x0008,8,8,8,0,direct_unsigned,0x000000,0x000008,yes,050043000D006F0003009D000100E200,15,plausible_drawable_extents_at_plus6_plus8;plausible_frame_record_prefix
MARPCK_TBL.decoded.bin,pck_object_0069_part_001_choice_000_frame_006,pck_object_0069,pck_object_0069_part_001,pck_object_0069_part_001_choice_000,0x009F04,2,-127,7,0x0008,8,8,8,0,direct_signed,0x000000,0x000008,yes,050043000D006F0003009D000100E200,15,plausible_drawable_extents_at_plus6_plus8;plausible_frame_record_prefix
MARPCK_TBL.decoded.bin,pck_object_0069_part_001_choice_000_frame_006,pck_object_0069,pck_object_0069_part_001,pck_object_0069_part_001_choice_000,0x009F04,2,-127,7,0x0008,8,8,8,0,object_plus_unsigned,0x009CE6,0x009CEE,yes,000003001400003B2C0001008E01103B,5,plausible_frame_record_prefix
MARPCK_TBL.decoded.bin,pck_object_0069_part_001_choice_000_frame_006,pck_object_0069,pck_object_0069_part_001,pck_object_0069_part_001_choice_000,0x009F04,2,-127,7,0x0008,8,8,8,0,object_plus_signed,0x009CE6,0x009CEE,yes,000003001400003B2C0001008E01103B,5,plausible_frame_record_prefix
MARPCK_TBL.decoded.bin,pck_object_0069_part_001_choice_000_frame_006,pck_object_0069,pck_object_0069_part_001,pck_object_0069_part_001_choice_000,0x009F04,2,-127,7,0x0008,8,8,8,0,block_plus_unsigned,0x009CE0,0x009CE8,yes,780200000000000003001400003B2C00,5,plausible_frame_record_prefix
MARPCK_TBL.decoded.bin,pck_object_0069_part_001_choice_000_frame_006,pck_object_0069,pck_object_0069_part_001,pck_object_0069_part_001_choice_000,0x009F04,2,-127,7,0x0008,8,8,8,0,block_plus_signed,0x009CE0,0x009CE8,yes,780200000000000003001400003B2C00,5,plausible_frame_record_prefix
MARPCK_TBL.decoded.bin,pck_object_0069_part_001_choice_000_frame_006,pck_object_0069,pck_object_0069_part_001,pck_object_0069_part_001_choice_000,0x009F04,2,-127,7,0x0008,8,8,8,0,part_plus_signed,0x009CFC,0x009D04,yes,263B2C0001007C02630067001AFC8907,35,exact_part_offset
MARPCK_TBL.decoded.bin,pck_object_0069_part_001_choice_000_frame_006,pck_object_0069,pck_object_0069_part_001,pck_object_0069_part_001_choice_000,0x009F04,2,-127,7,0x0008,8,8,8,0,frame_plus_signed,0x009F04,0x009F0C,yes,6A028107080708247002810708000025,35,exact_frame_record;plausible_frame_record_prefix
MARPCK_TBL.decoded.bin,pck_object_0069_part_001_choice_000_frame_006,pck_object_0069,pck_object_0069_part_001,pck_object_0069_part_001_choice_000,0x009F04,2,-127,7,0x0008,8,8,8,0,payload_plus_signed,0x009F06,0x009F0E,yes,81070807082470028107080000257602,20,byte0_high_bit_set;plausible_object_header
MARPCK_TBL.decoded.bin,pck_object_0069_part_001_choice_000_frame_007,pck_object_0069,pck_object_0069_part_001,pck_object_0069_part_001_choice_000,0x009F0C,2,-127,7,0x0708,1800,1800,8,7,direct_unsigned,0x000000,0x000708,yes,001B000034330001006B011034330001,0,in_range_no_structural_match
MARPCK_TBL.decoded.bin,pck_object_0069_part_001_choice_000_frame_007,pck_object_0069,pck_object_0069_part_001,pck_object_0069_part_001_choice_000,0x009F0C,2,-127,7,0x0708,1800,1800,8,7,direct_signed,0x000000,0x000708,yes,001B000034330001006B011034330001,0,in_range_no_structural_match
MARPCK_TBL.decoded.bin,pck_object_0069_part_001_choice_000_frame_007,pck_object_0069,pck_object_0069_part_001,pck_object_0069_part_001_choice_000,0x009F0C,2,-127,7,0x0708,1800,1800,8,7,object_plus_unsigned,0x009CE6,0x00A3EE,yes,DF01C7070000CF0283F80000FFFC97F8,10,byte0_high_bit_set;plausible_frame_record_prefix
MARPCK_TBL.decoded.bin,pck_object_0069_part_001_choice_000_frame_007,pck_object_0069,pck_object_0069_part_001,pck_object_0069_part_001_choice_000,0x009F0C,2,-127,7,0x0708,1800,1800,8,7,object_plus_signed,0x009CE6,0x00A3EE,yes,DF01C7070000CF0283F80000FFFC97F8,10,byte0_high_bit_set;plausible_frame_record_prefix
MARPCK_TBL.decoded.bin,pck_object_0069_part_001_choice_000_frame_007,pck_object_0069,pck_object_0069_part_001,pck_object_0069_part_001_choice_000,0x009F0C,2,-127,7,0x0708,1800,1800,8,7,block_plus_unsigned,0x009CE0,0x00A3E8,yes,D20093FE0000DF01C7070000CF0283F8,25,byte0_high_bit_set;plausible_object_header;plausible_frame_record_prefix
MARPCK_TBL.decoded.bin,pck_object_0069_part_001_choice_000_frame_007,pck_object_0069,pck_object_0069_part_001,pck_object_0069_part_001_choice_000,0x009F0C,2,-127,7,0x0708,1800,1800,8,7,block_plus_signed,0x009CE0,0x00A3E8,yes,D20093FE0000DF01C7070000CF0283F8,25,byte0_high_bit_set;plausible_object_header;plausible_frame_record_prefix
MARPCK_TBL.decoded.bin,pck_object_0069_part_001_choice_000_frame_007,pck_object_0069,pck_object_0069_part_001,pck_object_0069_part_001_choice_000,0x009F0C,2,-127,7,0x0708,1800,1800,8,7,part_plus_signed,0x009CFC,0x00A404,yes,0800BA027BF8690088019EFE1E000201,5,plausible_frame_record_prefix
MARPCK_TBL.decoded.bin,pck_object_0069_part_001_choice_000_frame_007,pck_object_0069,pck_object_0069_part_001,pck_object_0069_part_001_choice_000,0x009F0C,2,-127,7,0x0708,1800,1800,8,7,frame_plus_signed,0x009F0C,0x00A614,yes,0100E001263A300001007A02610004FF,15,plausible_drawable_extents_at_plus6_plus8;plausible_frame_record_prefix
MARPCK_TBL.decoded.bin,pck_object_0069_part_001_choice_000_frame_007,pck_object_0069,pck_object_0069_part_001,pck_object_0069_part_001_choice_000,0x009F0C,2,-127,7,0x0708,1800,1800,8,7,payload_plus_signed,0x009F0E,0x00A616,yes,E001263A300001007A02610004FF33FC,10,byte0_high_bit_set;plausible_frame_record_prefix
MARPCK_TBL.decoded.bin,pck_object_0069_part_001_choice_000_frame_008,pck_object_0069,pck_object_0069_part_001,pck_object_0069_part_001_choice_000,0x009F14,2,-127,7,0x0008,8,8,8,0,direct_unsigned,0x000000,0x000008,yes,050043000D006F0003009D000100E200,15,plausible_drawable_extents_at_plus6_plus8;plausible_frame_record_prefix
MARPCK_TBL.decoded.bin,pck_object_0069_part_001_choice_000_frame_008,pck_object_0069,pck_object_0069_part_001,pck_object_0069_part_001_choice_000,0x009F14,2,-127,7,0x0008,8,8,8,0,direct_signed,0x000000,0x000008,yes,050043000D006F0003009D000100E200,15,plausible_drawable_extents_at_plus6_plus8;plausible_frame_record_prefix
MARPCK_TBL.decoded.bin,pck_object_0069_part_001_choice_000_frame_008,pck_object_0069,pck_object_0069_part_001,pck_object_0069_part_001_choice_000,0x009F14,2,-127,7,0x0008,8,8,8,0,object_plus_unsigned,0x009CE6,0x009CEE,yes,000003001400003B2C0001008E01103B,5,plausible_frame_record_prefix
MARPCK_TBL.decoded.bin,pck_object_0069_part_001_choice_000_frame_008,pck_object_0069,pck_object_0069_part_001,pck_object_0069_part_001_choice_000,0x009F14,2,-127,7,0x0008,8,8,8,0,object_plus_signed,0x009CE6,0x009CEE,yes,000003001400003B2C0001008E01103B,5,plausible_frame_record_prefix
MARPCK_TBL.decoded.bin,pck_object_0069_part_001_choice_000_frame_008,pck_object_0069,pck_object_0069_part_001,pck_object_0069_part_001_choice_000,0x009F14,2,-127,7,0x0008,8,8,8,0,block_plus_unsigned,0x009CE0,0x009CE8,yes,780200000000000003001400003B2C00,5,plausible_frame_record_prefix
MARPCK_TBL.decoded.bin,pck_object_0069_part_001_choice_000_frame_008,pck_object_0069,pck_object_0069_part_001,pck_object_0069_part_001_choice_000,0x009F14,2,-127,7,0x0008,8,8,8,0,block_plus_signed,0x009CE0,0x009CE8,yes,780200000000000003001400003B2C00,5,plausible_frame_record_prefix
MARPCK_TBL.decoded.bin,pck_object_0069_part_001_choice_000_frame_008,pck_object_0069,pck_object_0069_part_001,pck_object_0069_part_001_choice_000,0x009F14,2,-127,7,0x0008,8,8,8,0,part_plus_signed,0x009CFC,0x009D04,yes,263B2C0001007C02630067001AFC8907,35,exact_part_offset
MARPCK_TBL.decoded.bin,pck_object_0069_part_001_choice_000_frame_008,pck_object_0069,pck_object_0069_part_001,pck_object_0069_part_001_choice_000,0x009F14,2,-127,7,0x0008,8,8,8,0,frame_plus_signed,0x009F14,0x009F1C,yes,7602030312131415FF171718191A0BFF,35,exact_frame_record;plausible_frame_record_prefix
MARPCK_TBL.decoded.bin,pck_object_0069_part_001_choice_000_frame_008,pck_object_0069,pck_object_0069_part_001,pck_object_0069_part_001_choice_000,0x009F14,2,-127,7,0x0008,8,8,8,0,payload_plus_signed,0x009F16,0x009F1E,yes,030312131415FF171718191A0BFF1414,5,plausible_frame_record_prefix
MARPCK_TBL.decoded.bin,pck_object_0069_part_001_choice_000_frame_009,pck_object_0069,pck_object_0069_part_001,pck_object_0069_part_001_choice_000,0x009F1C,2,3,3,0x1312,4882,4882,18,19,direct_unsigned,0x000000,0x001312,yes,FF0404080705FF0303090804FF02020A,5,byte0_high_bit_set
MARPCK_TBL.decoded.bin,pck_object_0069_part_001_choice_000_frame_009,pck_object_0069,pck_object_0069_part_001,pck_object_0069_part_001_choice_000,0x009F1C,2,3,3,0x1312,4882,4882,18,19,direct_signed,0x000000,0x001312,yes,FF0404080705FF0303090804FF02020A,5,byte0_high_bit_set
MARPCK_TBL.decoded.bin,pck_object_0069_part_001_choice_000_frame_009,pck_object_0069,pck_object_0069_part_001,pck_object_0069_part_001_choice_000,0x009F1C,2,3,3,0x1312,4882,4882,18,19,object_plus_unsigned,0x009CE6,0x00AFF8,yes,3D4137FF3737414038FF3838403F39FF,0,in_range_no_structural_match
MARPCK_TBL.decoded.bin,pck_object_0069_part_001_choice_000_frame_009,pck_object_0069,pck_object_0069_part_001,pck_object_0069_part_001_choice_000,0x009F1C,2,3,3,0x1312,4882,4882,18,19,object_plus_signed,0x009CE6,0x00AFF8,yes,3D4137FF3737414038FF3838403F39FF,0,in_range_no_structural_match
MARPCK_TBL.decoded.bin,pck_object_0069_part_001_choice_000_frame_009,pck_object_0069,pck_object_0069_part_001,pck_object_0069_part_001_choice_000,0x009F1C,2,3,3,0x1312,4882,4882,18,19,block_plus_unsigned,0x009CE0,0x00AFF2,yes,3F4041FF3B3B3D4137FF3737414038FF,0,in_range_no_structural_match
MARPCK_TBL.decoded.bin,pck_object_0069_part_001_choice_000_frame_009,pck_object_0069,pck_object_0069_part_001,pck_object_0069_part_001_choice_000,0x009F1C,2,3,3,0x1312,4882,4882,18,19,block_plus_signed,0x009CE0,0x00AFF2,yes,3F4041FF3B3B3D4137FF3737414038FF,0,in_range_no_structural_match
MARPCK_TBL.decoded.bin,pck_object_0069_part_001_choice_000_frame_009,pck_object_0069,pck_object_0069_part_001,pck_object_0069_part_001_choice_000,0x009F1C,2,3,3,0x1312,4882,4882,18,19,part_plus_signed,0x009CFC,0x00B00E,yes,06001404000081080808084644048100,5,plausible_frame_record_prefix
MARPCK_TBL.decoded.bin,pck_object_0069_part_001_choice_000_frame_009,pck_object_0069,pck_object_0069_part_001,pck_object_0069_part_001_choice_000,0x009F1C,2,3,3,0x1312,4882,4882,18,19,frame_plus_signed,0x009F1C,0x00B22E,yes,EB001C00B5FFFB005A00AEFF9C003900,20,byte0_high_bit_set;plausible_drawable_extents_at_plus6_plus8;plausible_frame_record_prefix
MARPCK_TBL.decoded.bin,pck_object_0069_part_001_choice_000_frame_009,pck_object_0069,pck_object_0069_part_001,pck_object_0069_part_001_choice_000,0x009F1C,2,3,3,0x1312,4882,4882,18,19,payload_plus_signed,0x009F1E,0x00B230,yes,1C00B5FFFB005A00AEFF9C0039003DFF,5,plausible_frame_record_prefix
MARPCK_TBL.decoded.bin,pck_object_0069_part_002_choice_000_frame_000,pck_object_0069,pck_object_0069_part_002,pck_object_0069_part_002_choice_000,0x009F6E,2,-127,4,0x0009,9,9,9,0,direct_unsigned,0x000000,0x000009,yes,0043000D006F0003009D000100E20005,0,in_range_no_structural_match
MARPCK_TBL.decoded.bin,pck_object_0069_part_002_choice_000_frame_000,pck_object_0069,pck_object_0069_part_002,pck_object_0069_part_002_choice_000,0x009F6E,2,-127,4,0x0009,9,9,9,0,direct_signed,0x000000,0x000009,yes,0043000D006F0003009D000100E20005,0,in_range_no_structural_match
MARPCK_TBL.decoded.bin,pck_object_0069_part_002_choice_000_frame_000,pck_object_0069,pck_object_0069_part_002,pck_object_0069_part_002_choice_000,0x009F6E,2,-127,4,0x0009,9,9,9,0,object_plus_unsigned,0x009CE6,0x009CEF,yes,0003001400003B2C0001008E01103B2C,5,plausible_frame_record_prefix
MARPCK_TBL.decoded.bin,pck_object_0069_part_002_choice_000_frame_000,pck_object_0069,pck_object_0069_part_002,pck_object_0069_part_002_choice_000,0x009F6E,2,-127,4,0x0009,9,9,9,0,object_plus_signed,0x009CE6,0x009CEF,yes,0003001400003B2C0001008E01103B2C,5,plausible_frame_record_prefix
MARPCK_TBL.decoded.bin,pck_object_0069_part_002_choice_000_frame_000,pck_object_0069,pck_object_0069_part_002,pck_object_0069_part_002_choice_000,0x009F6E,2,-127,4,0x0009,9,9,9,0,block_plus_unsigned,0x009CE0,0x009CE9,yes,0200000000000003001400003B2C0001,5,plausible_frame_record_prefix
MARPCK_TBL.decoded.bin,pck_object_0069_part_002_choice_000_frame_000,pck_object_0069,pck_object_0069_part_002,pck_object_0069_part_002_choice_000,0x009F6E,2,-127,4,0x0009,9,9,9,0,block_plus_signed,0x009CE0,0x009CE9,yes,0200000000000003001400003B2C0001,5,plausible_frame_record_prefix
MARPCK_TBL.decoded.bin,pck_object_0069_part_002_choice_000_frame_000,pck_object_0069,pck_object_0069_part_002,pck_object_0069_part_002_choice_000,0x009F6E,2,-127,4,0x0009,9,9,9,0,part_plus_signed,0x009D04,0x009D0D,yes,0067001AFC89071200AD02680054FF48,0,in_range_no_structural_match
MARPCK_TBL.decoded.bin,pck_object_0069_part_002_choice_000_frame_000,pck_object_0069,pck_object_0069_part_002,pck_object_0069_part_002_choice_000,0x009F6E,2,-127,4,0x0009,9,9,9,0,frame_plus_signed,0x009F6E,0x009F77,yes,02810009040432E002810904040435E6,0,in_range_no_structural_match
MARPCK_TBL.decoded.bin,pck_object_0069_part_002_choice_000_frame_000,pck_object_0069,pck_object_0069_part_002,pck_object_0069_part_002_choice_000,0x009F6E,2,-127,4,0x0009,9,9,9,0,payload_plus_signed,0x009F70,0x009F79,yes,0009040432E002810904040435E60281,0,in_range_no_structural_match
MARPCK_TBL.decoded.bin,pck_object_0069_part_002_choice_000_frame_001,pck_object_0069,pck_object_0069_part_002,pck_object_0069_part_002_choice_000,0x009F76,2,-127,0,0x0409,1033,1033,9,4,direct_unsigned,0x000000,0x000409,yes,8100070808196A0181000704041A6F01,10,byte0_high_bit_set;plausible_frame_record_prefix
MARPCK_TBL.decoded.bin,pck_object_0069_part_002_choice_000_frame_001,pck_object_0069,pck_object_0069_part_002,pck_object_0069_part_002_choice_000,0x009F76,2,-127,0,0x0409,1033,1033,9,4,direct_signed,0x000000,0x000409,yes,8100070808196A0181000704041A6F01,10,byte0_high_bit_set;plausible_frame_record_prefix
MARPCK_TBL.decoded.bin,pck_object_0069_part_002_choice_000_frame_001,pck_object_0069,pck_object_0069_part_002,pck_object_0069_part_002_choice_000,0x009F76,2,-127,0,0x0409,1033,1033,9,4,object_plus_unsigned,0x009CE6,0x00A0EF,yes,F9A300D4FE56FFA30050FF12FFA30068,5,byte0_high_bit_set
MARPCK_TBL.decoded.bin,pck_object_0069_part_002_choice_000_frame_001,pck_object_0069,pck_object_0069_part_002,pck_object_0069_part_002_choice_000,0x009F76,2,-127,0,0x0409,1033,1033,9,4,object_plus_signed,0x009CE6,0x00A0EF,yes,F9A300D4FE56FFA30050FF12FFA30068,5,byte0_high_bit_set
MARPCK_TBL.decoded.bin,pck_object_0069_part_002_choice_000_frame_001,pck_object_0069,pck_object_0069_part_002,pck_object_0069_part_002_choice_000,0x009F76,2,-127,0,0x0409,1033,1033,9,4,block_plus_unsigned,0x009CE0,0x00A0E9,yes,F86300B80321F9A300D4FE56FFA30050,5,byte0_high_bit_set
MARPCK_TBL.decoded.bin,pck_object_0069_part_002_choice_000_frame_001,pck_object_0069,pck_object_0069_part_002,pck_object_0069_part_002_choice_000,0x009F76,2,-127,0,0x0409,1033,1033,9,4,block_plus_signed,0x009CE0,0x00A0E9,yes,F86300B80321F9A300D4FE56FFA30050,5,byte0_high_bit_set
MARPCK_TBL.decoded.bin,pck_object_0069_part_002_choice_000_frame_001,pck_object_0069,pck_object_0069_part_002,pck_object_0069_part_002_choice_000,0x009F76,2,-127,0,0x0409,1033,1033,9,4,part_plus_signed,0x009D04,0x00A10D,yes,FF670089FE51FF670068FED2FE670068,5,byte0_high_bit_set
MARPCK_TBL.decoded.bin,pck_object_0069_part_002_choice_000_frame_001,pck_object_0069,pck_object_0069_part_002,pck_object_0069_part_002_choice_000,0x009F76,2,-127,0,0x0409,1033,1033,9,4,frame_plus_signed,0x009F76,0x00A37F,yes,F9000800000000A2003FFFF4FEA2005E,10,byte0_high_bit_set;plausible_frame_record_prefix
MARPCK_TBL.decoded.bin,pck_object_0069_part_002_choice_000_frame_001,pck_object_0069,pck_object_0069_part_002,pck_object_0069_part_002_choice_000,0x009F76,2,-127,0,0x0409,1033,1033,9,4,payload_plus_signed,0x009F78,0x00A381,yes,0800000000A2003FFFF4FEA2005EFFAD,5,plausible_frame_record_prefix
MARPCK_TBL.decoded.bin,pck_object_0069_part_002_choice_000_frame_002,pck_object_0069,pck_object_0069_part_002,pck_object_0069_part_002_choice_000,0x009F7E,2,-127,9,0x0404,1028,1028,4,4,direct_unsigned,0x000000,0x000404,yes,04041865018100070808196A01810007,0,in_range_no_structural_match
MARPCK_TBL.decoded.bin,pck_object_0069_part_002_choice_000_frame_002,pck_object_0069,pck_object_0069_part_002,pck_object_0069_part_002_choice_000,0x009F7E,2,-127,9,0x0404,1028,1028,4,4,direct_signed,0x000000,0x000404,yes,04041865018100070808196A01810007,0,in_range_no_structural_match
MARPCK_TBL.decoded.bin,pck_object_0069_part_002_choice_000_frame_002,pck_object_0069,pck_object_0069_part_002,pck_object_0069_part_002_choice_000,0x009F7E,2,-127,9,0x0404,1028,1028,4,4,object_plus_unsigned,0x009CE6,0x00A0EA,yes,6300B80321F9A300D4FE56FFA30050FF,5,plausible_frame_record_prefix
MARPCK_TBL.decoded.bin,pck_object_0069_part_002_choice_000_frame_002,pck_object_0069,pck_object_0069_part_002,pck_object_0069_part_002_choice_000,0x009F7E,2,-127,9,0x0404,1028,1028,4,4,object_plus_signed,0x009CE6,0x00A0EA,yes,6300B80321F9A300D4FE56FFA30050FF,5,plausible_frame_record_prefix
MARPCK_TBL.decoded.bin,pck_object_0069_part_002_choice_000_frame_002,pck_object_0069,pck_object_0069_part_002,pck_object_0069_part_002_choice_000,0x009F7E,2,-127,9,0x0404,1028,1028,4,4,block_plus_unsigned,0x009CE0,0x00A0E4,yes,0000C4FCB0F86300B80321F9A300D4FE,5,plausible_frame_record_prefix
MARPCK_TBL.decoded.bin,pck_object_0069_part_002_choice_000_frame_002,pck_object_0069,pck_object_0069_part_002,pck_object_0069_part_002_choice_000,0x009F7E,2,-127,9,0x0404,1028,1028,4,4,block_plus_signed,0x009CE0,0x00A0E4,yes,0000C4FCB0F86300B80321F9A300D4FE,5,plausible_frame_record_prefix
MARPCK_TBL.decoded.bin,pck_object_0069_part_002_choice_000_frame_002,pck_object_0069,pck_object_0069_part_002,pck_object_0069_part_002_choice_000,0x009F7E,2,-127,9,0x0404,1028,1028,4,4,part_plus_signed,0x009D04,0x00A108,yes,A30089FE51FF670089FE51FF670068FE,10,byte0_high_bit_set;plausible_frame_record_prefix
MARPCK_TBL.decoded.bin,pck_object_0069_part_002_choice_000_frame_002,pck_object_0069,pck_object_0069_part_002,pck_object_0069_part_002_choice_000,0x009F7E,2,-127,9,0x0404,1028,1028,4,4,frame_plus_signed,0x009F7E,0x00A382,yes,00000000A2003FFFF4FEA2005EFFADFE,5,plausible_frame_record_prefix
MARPCK_TBL.decoded.bin,pck_object_0069_part_002_choice_000_frame_002,pck_object_0069,pck_object_0069_part_002,pck_object_0069_part_002_choice_000,0x009F7E,2,-127,9,0x0404,1028,1028,4,4,payload_plus_signed,0x009F80,0x00A384,yes,0000A2003FFFF4FEA2005EFFADFEA200,5,plausible_frame_record_prefix
MARPCK_TBL.decoded.bin,pck_object_0069_part_002_choice_000_frame_003,pck_object_0069,pck_object_0069_part_002,pck_object_0069_part_002_choice_000,0x009F86,2,-127,9,0x0404,1028,1028,4,4,direct_unsigned,0x000000,0x000404,yes,04041865018100070808196A01810007,0,in_range_no_structural_match
MARPCK_TBL.decoded.bin,pck_object_0069_part_002_choice_000_frame_003,pck_object_0069,pck_object_0069_part_002,pck_object_0069_part_002_choice_000,0x009F86,2,-127,9,0x0404,1028,1028,4,4,direct_signed,0x000000,0x000404,yes,04041865018100070808196A01810007,0,in_range_no_structural_match
MARPCK_TBL.decoded.bin,pck_object_0069_part_002_choice_000_frame_003,pck_object_0069,pck_object_0069_part_002,pck_object_0069_part_002_choice_000,0x009F86,2,-127,9,0x0404,1028,1028,4,4,object_plus_unsigned,0x009CE6,0x00A0EA,yes,6300B80321F9A300D4FE56FFA30050FF,5,plausible_frame_record_prefix
MARPCK_TBL.decoded.bin,pck_object_0069_part_002_choice_000_frame_003,pck_object_0069,pck_object_0069_part_002,pck_object_0069_part_002_choice_000,0x009F86,2,-127,9,0x0404,1028,1028,4,4,object_plus_signed,0x009CE6,0x00A0EA,yes,6300B80321F9A300D4FE56FFA30050FF,5,plausible_frame_record_prefix
MARPCK_TBL.decoded.bin,pck_object_0069_part_002_choice_000_frame_003,pck_object_0069,pck_object_0069_part_002,pck_object_0069_part_002_choice_000,0x009F86,2,-127,9,0x0404,1028,1028,4,4,block_plus_unsigned,0x009CE0,0x00A0E4,yes,0000C4FCB0F86300B80321F9A300D4FE,5,plausible_frame_record_prefix
MARPCK_TBL.decoded.bin,pck_object_0069_part_002_choice_000_frame_003,pck_object_0069,pck_object_0069_part_002,pck_object_0069_part_002_choice_000,0x009F86,2,-127,9,0x0404,1028,1028,4,4,block_plus_signed,0x009CE0,0x00A0E4,yes,0000C4FCB0F86300B80321F9A300D4FE,5,plausible_frame_record_prefix
MARPCK_TBL.decoded.bin,pck_object_0069_part_002_choice_000_frame_003,pck_object_0069,pck_object_0069_part_002,pck_object_0069_part_002_choice_000,0x009F86,2,-127,9,0x0404,1028,1028,4,4,part_plus_signed,0x009D04,0x00A108,yes,A30089FE51FF670089FE51FF670068FE,10,byte0_high_bit_set;plausible_frame_record_prefix
MARPCK_TBL.decoded.bin,pck_object_0069_part_002_choice_000_frame_003,pck_object_0069,pck_object_0069_part_002,pck_object_0069_part_002_choice_000,0x009F86,2,-127,9,0x0404,1028,1028,4,4,frame_plus_signed,0x009F86,0x00A38A,yes,F4FEA2005EFFADFEA2005EFEA0FEA200,5,byte0_high_bit_set
MARPCK_TBL.decoded.bin,pck_object_0069_part_002_choice_000_frame_003,pck_object_0069,pck_object_0069_part_002,pck_object_0069_part_002_choice_000,0x009F86,2,-127,9,0x0404,1028,1028,4,4,payload_plus_signed,0x009F88,0x00A38C,yes,A2005EFFADFEA2005EFEA0FEA20075FE,10,byte0_high_bit_set;plausible_frame_record_prefix
MARPCK_TBL.decoded.bin,pck_object_0069_part_002_choice_000_frame_004,pck_object_0069,pck_object_0069_part_002,pck_object_0069_part_002_choice_000,0x009F8E,2,-127,9,0x0004,4,4,4,0,direct_unsigned,0x000000,0x000004,yes,04002C00050043000D006F0003009D00,15,plausible_drawable_extents_at_plus6_plus8;plausible_frame_record_prefix
MARPCK_TBL.decoded.bin,pck_object_0069_part_002_choice_000_frame_004,pck_object_0069,pck_object_0069_part_002,pck_object_0069_part_002_choice_000,0x009F8E,2,-127,9,0x0004,4,4,4,0,direct_signed,0x000000,0x000004,yes,04002C00050043000D006F0003009D00,15,plausible_drawable_extents_at_plus6_plus8;plausible_frame_record_prefix
MARPCK_TBL.decoded.bin,pck_object_0069_part_002_choice_000_frame_004,pck_object_0069,pck_object_0069_part_002,pck_object_0069_part_002_choice_000,0x009F8E,2,-127,9,0x0004,4,4,4,0,object_plus_unsigned,0x009CE6,0x009CEA,yes,00000000000003001400003B2C000100,15,plausible_drawable_extents_at_plus6_plus8;plausible_frame_record_prefix
MARPCK_TBL.decoded.bin,pck_object_0069_part_002_choice_000_frame_004,pck_object_0069,pck_object_0069_part_002,pck_object_0069_part_002_choice_000,0x009F8E,2,-127,9,0x0004,4,4,4,0,object_plus_signed,0x009CE6,0x009CEA,yes,00000000000003001400003B2C000100,15,plausible_drawable_extents_at_plus6_plus8;plausible_frame_record_prefix
MARPCK_TBL.decoded.bin,pck_object_0069_part_002_choice_000_frame_004,pck_object_0069,pck_object_0069_part_002,pck_object_0069_part_002_choice_000,0x009F8E,2,-127,9,0x0004,4,4,4,0,block_plus_unsigned,0x009CE0,0x009CE4,yes,28FF8000780200000000000003001400,0,in_range_no_structural_match
MARPCK_TBL.decoded.bin,pck_object_0069_part_002_choice_000_frame_004,pck_object_0069,pck_object_0069_part_002,pck_object_0069_part_002_choice_000,0x009F8E,2,-127,9,0x0004,4,4,4,0,block_plus_signed,0x009CE0,0x009CE4,yes,28FF8000780200000000000003001400,0,in_range_no_structural_match
MARPCK_TBL.decoded.bin,pck_object_0069_part_002_choice_000_frame_004,pck_object_0069,pck_object_0069_part_002,pck_object_0069_part_002_choice_000,0x009F8E,2,-127,9,0x0004,4,4,4,0,part_plus_signed,0x009D04,0x009D08,yes,01007C02630067001AFC89071200AD02,5,plausible_frame_record_prefix
MARPCK_TBL.decoded.bin,pck_object_0069_part_002_choice_000_frame_004,pck_object_0069,pck_object_0069_part_002,pck_object_0069_part_002_choice_000,0x009F8E,2,-127,9,0x0004,4,4,4,0,frame_plus_signed,0x009F8E,0x009F92,yes,04000037F002810904000038F6028109,5,plausible_frame_record_prefix
MARPCK_TBL.decoded.bin,pck_object_0069_part_002_choice_000_frame_004,pck_object_0069,pck_object_0069_part_002,pck_object_0069_part_002_choice_000,0x009F8E,2,-127,9,0x0004,4,4,4,0,payload_plus_signed,0x009F90,0x009F94,yes,0037F002810904000038F60281090400,0,in_range_no_structural_match
MARPCK_TBL.decoded.bin,pck_object_0069_part_002_choice_000_frame_005,pck_object_0069,pck_object_0069_part_002,pck_object_0069_part_002_choice_000,0x009F96,2,-127,9,0x0004,4,4,4,0,direct_unsigned,0x000000,0x000004,yes,04002C00050043000D006F0003009D00,15,plausible_drawable_extents_at_plus6_plus8;plausible_frame_record_prefix
MARPCK_TBL.decoded.bin,pck_object_0069_part_002_choice_000_frame_005,pck_object_0069,pck_object_0069_part_002,pck_object_0069_part_002_choice_000,0x009F96,2,-127,9,0x0004,4,4,4,0,direct_signed,0x000000,0x000004,yes,04002C00050043000D006F0003009D00,15,plausible_drawable_extents_at_plus6_plus8;plausible_frame_record_prefix
MARPCK_TBL.decoded.bin,pck_object_0069_part_002_choice_000_frame_005,pck_object_0069,pck_object_0069_part_002,pck_object_0069_part_002_choice_000,0x009F96,2,-127,9,0x0004,4,4,4,0,object_plus_unsigned,0x009CE6,0x009CEA,yes,00000000000003001400003B2C000100,15,plausible_drawable_extents_at_plus6_plus8;plausible_frame_record_prefix
MARPCK_TBL.decoded.bin,pck_object_0069_part_002_choice_000_frame_005,pck_object_0069,pck_object_0069_part_002,pck_object_0069_part_002_choice_000,0x009F96,2,-127,9,0x0004,4,4,4,0,object_plus_signed,0x009CE6,0x009CEA,yes,00000000000003001400003B2C000100,15,plausible_drawable_extents_at_plus6_plus8;plausible_frame_record_prefix
MARPCK_TBL.decoded.bin,pck_object_0069_part_002_choice_000_frame_005,pck_object_0069,pck_object_0069_part_002,pck_object_0069_part_002_choice_000,0x009F96,2,-127,9,0x0004,4,4,4,0,block_plus_unsigned,0x009CE0,0x009CE4,yes,28FF8000780200000000000003001400,0,in_range_no_structural_match
MARPCK_TBL.decoded.bin,pck_object_0069_part_002_choice_000_frame_005,pck_object_0069,pck_object_0069_part_002,pck_object_0069_part_002_choice_000,0x009F96,2,-127,9,0x0004,4,4,4,0,block_plus_signed,0x009CE0,0x009CE4,yes,28FF8000780200000000000003001400,0,in_range_no_structural_match
MARPCK_TBL.decoded.bin,pck_object_0069_part_002_choice_000_frame_005,pck_object_0069,pck_object_0069_part_002,pck_object_0069_part_002_choice_000,0x009F96,2,-127,9,0x0004,4,4,4,0,part_plus_signed,0x009D04,0x009D08,yes,01007C02630067001AFC89071200AD02,5,plausible_frame_record_prefix
MARPCK_TBL.decoded.bin,pck_object_0069_part_002_choice_000_frame_005,pck_object_0069,pck_object_0069_part_002,pck_object_0069_part_002_choice_000,0x009F96,2,-127,9,0x0004,4,4,4,0,frame_plus_signed,0x009F96,0x009F9A,yes,04000038F602810904000039FB028109,5,plausible_frame_record_prefix
MARPCK_TBL.decoded.bin,pck_object_0069_part_002_choice_000_frame_005,pck_object_0069,pck_object_0069_part_002,pck_object_0069_part_002_choice_000,0x009F96,2,-127,9,0x0004,4,4,4,0,payload_plus_signed,0x009F98,0x009F9C,yes,0038F602810904000039FB0281090400,0,in_range_no_structural_match
MARPCK_TBL.decoded.bin,pck_object_0069_part_002_choice_000_frame_006,pck_object_0069,pck_object_0069_part_002,pck_object_0069_part_002_choice_000,0x009F9E,2,-127,9,0x0004,4,4,4,0,direct_unsigned,0x000000,0x000004,yes,04002C00050043000D006F0003009D00,15,plausible_drawable_extents_at_plus6_plus8;plausible_frame_record_prefix
MARPCK_TBL.decoded.bin,pck_object_0069_part_002_choice_000_frame_006,pck_object_0069,pck_object_0069_part_002,pck_object_0069_part_002_choice_000,0x009F9E,2,-127,9,0x0004,4,4,4,0,direct_signed,0x000000,0x000004,yes,04002C00050043000D006F0003009D00,15,plausible_drawable_extents_at_plus6_plus8;plausible_frame_record_prefix
MARPCK_TBL.decoded.bin,pck_object_0069_part_002_choice_000_frame_006,pck_object_0069,pck_object_0069_part_002,pck_object_0069_part_002_choice_000,0x009F9E,2,-127,9,0x0004,4,4,4,0,object_plus_unsigned,0x009CE6,0x009CEA,yes,00000000000003001400003B2C000100,15,plausible_drawable_extents_at_plus6_plus8;plausible_frame_record_prefix
MARPCK_TBL.decoded.bin,pck_object_0069_part_002_choice_000_frame_006,pck_object_0069,pck_object_0069_part_002,pck_object_0069_part_002_choice_000,0x009F9E,2,-127,9,0x0004,4,4,4,0,object_plus_signed,0x009CE6,0x009CEA,yes,00000000000003001400003B2C000100,15,plausible_drawable_extents_at_plus6_plus8;plausible_frame_record_prefix
MARPCK_TBL.decoded.bin,pck_object_0069_part_002_choice_000_frame_006,pck_object_0069,pck_object_0069_part_002,pck_object_0069_part_002_choice_000,0x009F9E,2,-127,9,0x0004,4,4,4,0,block_plus_unsigned,0x009CE0,0x009CE4,yes,28FF8000780200000000000003001400,0,in_range_no_structural_match
MARPCK_TBL.decoded.bin,pck_object_0069_part_002_choice_000_frame_006,pck_object_0069,pck_object_0069_part_002,pck_object_0069_part_002_choice_000,0x009F9E,2,-127,9,0x0004,4,4,4,0,block_plus_signed,0x009CE0,0x009CE4,yes,28FF8000780200000000000003001400,0,in_range_no_structural_match
MARPCK_TBL.decoded.bin,pck_object_0069_part_002_choice_000_frame_006,pck_object_0069,pck_object_0069_part_002,pck_object_0069_part_002_choice_000,0x009F9E,2,-127,9,0x0004,4,4,4,0,part_plus_signed,0x009D04,0x009D08,yes,01007C02630067001AFC89071200AD02,5,plausible_frame_record_prefix
MARPCK_TBL.decoded.bin,pck_object_0069_part_002_choice_000_frame_006,pck_object_0069,pck_object_0069_part_002,pck_object_0069_part_002_choice_000,0x009F9E,2,-127,9,0x0004,4,4,4,0,frame_plus_signed,0x009F9E,0x009FA2,yes,04000039FB0281090400003A00032727,5,plausible_frame_record_prefix
MARPCK_TBL.decoded.bin,pck_object_0069_part_002_choice_000_frame_006,pck_object_0069,pck_object_0069_part_002,pck_object_0069_part_002_choice_000,0x009F9E,2,-127,9,0x0004,4,4,4,0,payload_plus_signed,0x009FA0,0x009FA4,yes,0039FB0281090400003A000327272829,0,in_range_no_structural_match
MARPCK_TBL.decoded.bin,pck_object_0069_part_002_choice_000_frame_007,pck_object_0069,pck_object_0069_part_002,pck_object_0069_part_002_choice_000,0x009FA6,2,-127,9,0x0004,4,4,4,0,direct_unsigned,0x000000,0x000004,yes,04002C00050043000D006F0003009D00,15,plausible_drawable_extents_at_plus6_plus8;plausible_frame_record_prefix
MARPCK_TBL.decoded.bin,pck_object_0069_part_002_choice_000_frame_007,pck_object_0069,pck_object_0069_part_002,pck_object_0069_part_002_choice_000,0x009FA6,2,-127,9,0x0004,4,4,4,0,direct_signed,0x000000,0x000004,yes,04002C00050043000D006F0003009D00,15,plausible_drawable_extents_at_plus6_plus8;plausible_frame_record_prefix
MARPCK_TBL.decoded.bin,pck_object_0069_part_002_choice_000_frame_007,pck_object_0069,pck_object_0069_part_002,pck_object_0069_part_002_choice_000,0x009FA6,2,-127,9,0x0004,4,4,4,0,object_plus_unsigned,0x009CE6,0x009CEA,yes,00000000000003001400003B2C000100,15,plausible_drawable_extents_at_plus6_plus8;plausible_frame_record_prefix
MARPCK_TBL.decoded.bin,pck_object_0069_part_002_choice_000_frame_007,pck_object_0069,pck_object_0069_part_002,pck_object_0069_part_002_choice_000,0x009FA6,2,-127,9,0x0004,4,4,4,0,object_plus_signed,0x009CE6,0x009CEA,yes,00000000000003001400003B2C000100,15,plausible_drawable_extents_at_plus6_plus8;plausible_frame_record_prefix
MARPCK_TBL.decoded.bin,pck_object_0069_part_002_choice_000_frame_007,pck_object_0069,pck_object_0069_part_002,pck_object_0069_part_002_choice_000,0x009FA6,2,-127,9,0x0004,4,4,4,0,block_plus_unsigned,0x009CE0,0x009CE4,yes,28FF8000780200000000000003001400,0,in_range_no_structural_match
MARPCK_TBL.decoded.bin,pck_object_0069_part_002_choice_000_frame_007,pck_object_0069,pck_object_0069_part_002,pck_object_0069_part_002_choice_000,0x009FA6,2,-127,9,0x0004,4,4,4,0,block_plus_signed,0x009CE0,0x009CE4,yes,28FF8000780200000000000003001400,0,in_range_no_structural_match
MARPCK_TBL.decoded.bin,pck_object_0069_part_002_choice_000_frame_007,pck_object_0069,pck_object_0069_part_002,pck_object_0069_part_002_choice_000,0x009FA6,2,-127,9,0x0004,4,4,4,0,part_plus_signed,0x009D04,0x009D08,yes,01007C02630067001AFC89071200AD02,5,plausible_frame_record_prefix
MARPCK_TBL.decoded.bin,pck_object_0069_part_002_choice_000_frame_007,pck_object_0069,pck_object_0069_part_002,pck_object_0069_part_002_choice_000,0x009FA6,2,-127,9,0x0004,4,4,4,0,frame_plus_signed,0x009FA6,0x009FAA,yes,0400003A0003272728292A2B2C2D2EFF,5,plausible_frame_record_prefix
MARPCK_TBL.decoded.bin,pck_object_0069_part_002_choice_000_frame_007,pck_object_0069,pck_object_0069_part_002,pck_object_0069_part_002_choice_000,0x009FA6,2,-127,9,0x0004,4,4,4,0,payload_plus_signed,0x009FA8,0x009FAC,yes,003A0003272728292A2B2C2D2EFF2727,0,in_range_no_structural_match
MARPCK_TBL.decoded.bin,pck_object_0069_part_002_choice_000_frame_008,pck_object_0069,pck_object_0069_part_002,pck_object_0069_part_002_choice_000,0x009FAE,3,39,39,0x2928,10536,10536,40,41,direct_unsigned,0x000000,0x002928,yes,000F022A383300010099029DFFCAFF30,0,in_range_no_structural_match
MARPCK_TBL.decoded.bin,pck_object_0069_part_002_choice_000_frame_008,pck_object_0069,pck_object_0069_part_002,pck_object_0069_part_002_choice_000,0x009FAE,3,39,39,0x2928,10536,10536,40,41,direct_signed,0x000000,0x002928,yes,000F022A383300010099029DFFCAFF30,0,in_range_no_structural_match
MARPCK_TBL.decoded.bin,pck_object_0069_part_002_choice_000_frame_008,pck_object_0069,pck_object_0069_part_002,pck_object_0069_part_002_choice_000,0x009FAE,3,39,39,0x2928,10536,10536,40,41,object_plus_unsigned,0x009CE6,0x00C60E,no,,0,outside_decoded_stream
MARPCK_TBL.decoded.bin,pck_object_0069_part_002_choice_000_frame_008,pck_object_0069,pck_object_0069_part_002,pck_object_0069_part_002_choice_000,0x009FAE,3,39,39,0x2928,10536,10536,40,41,object_plus_signed,0x009CE6,0x00C60E,no,,0,outside_decoded_stream
MARPCK_TBL.decoded.bin,pck_object_0069_part_002_choice_000_frame_008,pck_object_0069,pck_object_0069_part_002,pck_object_0069_part_002_choice_000,0x009FAE,3,39,39,0x2928,10536,10536,40,41,block_plus_unsigned,0x009CE0,0x00C608,no,,0,outside_decoded_stream
MARPCK_TBL.decoded.bin,pck_object_0069_part_002_choice_000_frame_008,pck_object_0069,pck_object_0069_part_002,pck_object_0069_part_002_choice_000,0x009FAE,3,39,39,0x2928,10536,10536,40,41,block_plus_signed,0x009CE0,0x00C608,no,,0,outside_decoded_stream
MARPCK_TBL.decoded.bin,pck_object_0069_part_002_choice_000_frame_008,pck_object_0069,pck_object_0069_part_002,pck_object_0069_part_002_choice_000,0x009FAE,3,39,39,0x2928,10536,10536,40,41,part_plus_signed,0x009D04,0x00C62C,no,,0,outside_decoded_stream
MARPCK_TBL.decoded.bin,pck_object_0069_part_002_choice_000_frame_008,pck_object_0069,pck_object_0069_part_002,pck_object_0069_part_002_choice_000,0x009FAE,3,39,39,0x2928,10536,10536,40,41,frame_plus_signed,0x009FAE,0x00C8D6,no,,0,outside_decoded_stream
MARPCK_TBL.decoded.bin,pck_object_0069_part_002_choice_000_frame_008,pck_object_0069,pck_object_0069_part_002,pck_object_0069_part_002_choice_000,0x009FAE,3,39,39,0x2928,10536,10536,40,41,payload_plus_signed,0x009FB0,0x00C8D8,no,,0,outside_decoded_stream
MARPCK_TBL.decoded.bin,pck_object_0070_part_001_choice_000_frame_000,pck_object_0070,pck_object_0070_part_001,pck_object_0070_part_001_choice_000,0x00A1E0,2,-127,7,0x0808,2056,2056,8,8,direct_unsigned,0x000000,0x000808,yes,003C0037FE6900F1FF37FEA500F1FF37,0,in_range_no_structural_match
MARPCK_TBL.decoded.bin,pck_object_0070_part_001_choice_000_frame_000,pck_object_0070,pck_object_0070_part_001,pck_object_0070_part_001_choice_000,0x00A1E0,2,-127,7,0x0808,2056,2056,8,8,direct_signed,0x000000,0x000808,yes,003C0037FE6900F1FF37FEA500F1FF37,0,in_range_no_structural_match
MARPCK_TBL.decoded.bin,pck_object_0070_part_001_choice_000_frame_000,pck_object_0070,pck_object_0070_part_001,pck_object_0070_part_001_choice_000,0x00A1E0,2,-127,7,0x0808,2056,2056,8,8,object_plus_unsigned,0x009FE6,0x00A7EE,yes,0804041B4A0281070800001C50028107,0,in_range_no_structural_match
MARPCK_TBL.decoded.bin,pck_object_0070_part_001_choice_000_frame_000,pck_object_0070,pck_object_0070_part_001,pck_object_0070_part_001_choice_000,0x00A1E0,2,-127,7,0x0808,2056,2056,8,8,object_plus_signed,0x009FE6,0x00A7EE,yes,0804041B4A0281070800001C50028107,0,in_range_no_structural_match
MARPCK_TBL.decoded.bin,pck_object_0070_part_001_choice_000_frame_000,pck_object_0070,pck_object_0070_part_001,pck_object_0070_part_001_choice_000,0x00A1E0,2,-127,7,0x0808,2056,2056,8,8,block_plus_unsigned,0x009FE0,0x00A7E8,yes,0816430281070804041B4A0281070800,0,in_range_no_structural_match
MARPCK_TBL.decoded.bin,pck_object_0070_part_001_choice_000_frame_000,pck_object_0070,pck_object_0070_part_001,pck_object_0070_part_001_choice_000,0x00A1E0,2,-127,7,0x0808,2056,2056,8,8,block_plus_signed,0x009FE0,0x00A7E8,yes,0816430281070804041B4A0281070800,0,in_range_no_structural_match
MARPCK_TBL.decoded.bin,pck_object_0070_part_001_choice_000_frame_000,pck_object_0070,pck_object_0070_part_001,pck_object_0070_part_001_choice_000,0x00A1E0,2,-127,7,0x0808,2056,2056,8,8,part_plus_signed,0x009FFC,0x00A804,yes,81070804041E5C028107080808166202,5,byte0_high_bit_set
MARPCK_TBL.decoded.bin,pck_object_0070_part_001_choice_000_frame_000,pck_object_0070,pck_object_0070_part_001,pck_object_0070_part_001_choice_000,0x00A1E0,2,-127,7,0x0808,2056,2056,8,8,frame_plus_signed,0x00A1E0,0x00A9E8,yes,B9009DFE0000CAFFFF07000046FF09F8,10,byte0_high_bit_set;plausible_frame_record_prefix
MARPCK_TBL.decoded.bin,pck_object_0070_part_001_choice_000_frame_000,pck_object_0070,pck_object_0070_part_001,pck_object_0070_part_001_choice_000,0x00A1E0,2,-127,7,0x0808,2056,2056,8,8,payload_plus_signed,0x00A1E2,0x00A9EA,yes,9DFE0000CAFFFF07000046FF09F86400,5,byte0_high_bit_set
MARPCK_TBL.decoded.bin,pck_object_0070_part_001_choice_000_frame_001,pck_object_0070,pck_object_0070_part_001,pck_object_0070_part_001_choice_000,0x00A1E8,2,-127,7,0x0408,1032,1032,8,4,direct_unsigned,0x000000,0x000408,yes,018100070808196A0181000704041A6F,0,in_range_no_structural_match
MARPCK_TBL.decoded.bin,pck_object_0070_part_001_choice_000_frame_001,pck_object_0070,pck_object_0070_part_001,pck_object_0070_part_001_choice_000,0x00A1E8,2,-127,7,0x0408,1032,1032,8,4,direct_signed,0x000000,0x000408,yes,018100070808196A0181000704041A6F,0,in_range_no_structural_match
MARPCK_TBL.decoded.bin,pck_object_0070_part_001_choice_000_frame_001,pck_object_0070,pck_object_0070_part_001,pck_object_0070_part_001_choice_000,0x00A1E8,2,-127,7,0x0408,1032,1032,8,4,object_plus_unsigned,0x009FE6,0x00A3EE,yes,DF01C7070000CF0283F80000FFFC97F8,10,byte0_high_bit_set;plausible_frame_record_prefix
MARPCK_TBL.decoded.bin,pck_object_0070_part_001_choice_000_frame_001,pck_object_0070,pck_object_0070_part_001,pck_object_0070_part_001_choice_000,0x00A1E8,2,-127,7,0x0408,1032,1032,8,4,object_plus_signed,0x009FE6,0x00A3EE,yes,DF01C7070000CF0283F80000FFFC97F8,10,byte0_high_bit_set;plausible_frame_record_prefix
MARPCK_TBL.decoded.bin,pck_object_0070_part_001_choice_000_frame_001,pck_object_0070,pck_object_0070_part_001,pck_object_0070_part_001_choice_000,0x00A1E8,2,-127,7,0x0408,1032,1032,8,4,block_plus_unsigned,0x009FE0,0x00A3E8,yes,D20093FE0000DF01C7070000CF0283F8,25,byte0_high_bit_set;plausible_object_header;plausible_frame_record_prefix
MARPCK_TBL.decoded.bin,pck_object_0070_part_001_choice_000_frame_001,pck_object_0070,pck_object_0070_part_001,pck_object_0070_part_001_choice_000,0x00A1E8,2,-127,7,0x0408,1032,1032,8,4,block_plus_signed,0x009FE0,0x00A3E8,yes,D20093FE0000DF01C7070000CF0283F8,25,byte0_high_bit_set;plausible_object_header;plausible_frame_record_prefix
MARPCK_TBL.decoded.bin,pck_object_0070_part_001_choice_000_frame_001,pck_object_0070,pck_object_0070_part_001,pck_object_0070_part_001_choice_000,0x00A1E8,2,-127,7,0x0408,1032,1032,8,4,part_plus_signed,0x009FFC,0x00A404,yes,0800BA027BF8690088019EFE1E000201,5,plausible_frame_record_prefix
MARPCK_TBL.decoded.bin,pck_object_0070_part_001_choice_000_frame_001,pck_object_0070,pck_object_0070_part_001,pck_object_0070_part_001_choice_000,0x00A1E8,2,-127,7,0x0408,1032,1032,8,4,frame_plus_signed,0x00A1E8,0x00A5F0,yes,2C352DFF2D2D35312EFF800081020000,25,exact_block_offset
MARPCK_TBL.decoded.bin,pck_object_0070_part_001_choice_000_frame_001,pck_object_0070,pck_object_0070_part_001,pck_object_0070_part_001_choice_000,0x00A1E8,2,-127,7,0x0408,1032,1032,8,4,payload_plus_signed,0x00A1EA,0x00A5F2,yes,2DFF2D2D35312EFF8000810200000000,0,in_range_no_structural_match
MARPCK_TBL.decoded.bin,pck_object_0070_part_001_choice_000_frame_002,pck_object_0070,pck_object_0070_part_001,pck_object_0070_part_001_choice_000,0x00A1F0,2,-127,7,0x0008,8,8,8,0,direct_unsigned,0x000000,0x000008,yes,050043000D006F0003009D000100E200,15,plausible_drawable_extents_at_plus6_plus8;plausible_frame_record_prefix
MARPCK_TBL.decoded.bin,pck_object_0070_part_001_choice_000_frame_002,pck_object_0070,pck_object_0070_part_001,pck_object_0070_part_001_choice_000,0x00A1F0,2,-127,7,0x0008,8,8,8,0,direct_signed,0x000000,0x000008,yes,050043000D006F0003009D000100E200,15,plausible_drawable_extents_at_plus6_plus8;plausible_frame_record_prefix
MARPCK_TBL.decoded.bin,pck_object_0070_part_001_choice_000_frame_002,pck_object_0070,pck_object_0070_part_001,pck_object_0070_part_001_choice_000,0x00A1F0,2,-127,7,0x0008,8,8,8,0,object_plus_unsigned,0x009FE6,0x009FEE,yes,000003001400003B2C0001008E010F3B,5,plausible_frame_record_prefix
MARPCK_TBL.decoded.bin,pck_object_0070_part_001_choice_000_frame_002,pck_object_0070,pck_object_0070_part_001,pck_object_0070_part_001_choice_000,0x00A1F0,2,-127,7,0x0008,8,8,8,0,object_plus_signed,0x009FE6,0x009FEE,yes,000003001400003B2C0001008E010F3B,5,plausible_frame_record_prefix
MARPCK_TBL.decoded.bin,pck_object_0070_part_001_choice_000_frame_002,pck_object_0070,pck_object_0070_part_001,pck_object_0070_part_001_choice_000,0x00A1F0,2,-127,7,0x0008,8,8,8,0,block_plus_unsigned,0x009FE0,0x009FE8,yes,170200000000000003001400003B2C00,5,plausible_frame_record_prefix
MARPCK_TBL.decoded.bin,pck_object_0070_part_001_choice_000_frame_002,pck_object_0070,pck_object_0070_part_001,pck_object_0070_part_001_choice_000,0x00A1F0,2,-127,7,0x0008,8,8,8,0,block_plus_signed,0x009FE0,0x009FE8,yes,170200000000000003001400003B2C00,5,plausible_frame_record_prefix
MARPCK_TBL.decoded.bin,pck_object_0070_part_001_choice_000_frame_002,pck_object_0070,pck_object_0070_part_001,pck_object_0070_part_001_choice_000,0x00A1F0,2,-127,7,0x0008,8,8,8,0,part_plus_signed,0x009FFC,0x00A004,yes,253B2C0001007A0200000101FC0752FA,35,exact_part_offset
MARPCK_TBL.decoded.bin,pck_object_0070_part_001_choice_000_frame_002,pck_object_0070,pck_object_0070_part_001,pck_object_0070_part_001_choice_000,0x00A1F0,2,-127,7,0x0008,8,8,8,0,frame_plus_signed,0x00A1F0,0x00A1F8,yes,560281070800001E5C02810708080810,35,exact_frame_record;plausible_frame_record_prefix
MARPCK_TBL.decoded.bin,pck_object_0070_part_001_choice_000_frame_002,pck_object_0070,pck_object_0070_part_001,pck_object_0070_part_001_choice_000,0x00A1F0,2,-127,7,0x0008,8,8,8,0,payload_plus_signed,0x00A1F2,0x00A1FA,yes,81070800001E5C028107080808106202,5,byte0_high_bit_set
MARPCK_TBL.decoded.bin,pck_object_0070_part_001_choice_000_frame_003,pck_object_0070,pck_object_0070_part_001,pck_object_0070_part_001_choice_000,0x00A1F8,2,-127,7,0x0008,8,8,8,0,direct_unsigned,0x000000,0x000008,yes,050043000D006F0003009D000100E200,15,plausible_drawable_extents_at_plus6_plus8;plausible_frame_record_prefix
MARPCK_TBL.decoded.bin,pck_object_0070_part_001_choice_000_frame_003,pck_object_0070,pck_object_0070_part_001,pck_object_0070_part_001_choice_000,0x00A1F8,2,-127,7,0x0008,8,8,8,0,direct_signed,0x000000,0x000008,yes,050043000D006F0003009D000100E200,15,plausible_drawable_extents_at_plus6_plus8;plausible_frame_record_prefix
MARPCK_TBL.decoded.bin,pck_object_0070_part_001_choice_000_frame_003,pck_object_0070,pck_object_0070_part_001,pck_object_0070_part_001_choice_000,0x00A1F8,2,-127,7,0x0008,8,8,8,0,object_plus_unsigned,0x009FE6,0x009FEE,yes,000003001400003B2C0001008E010F3B,5,plausible_frame_record_prefix
MARPCK_TBL.decoded.bin,pck_object_0070_part_001_choice_000_frame_003,pck_object_0070,pck_object_0070_part_001,pck_object_0070_part_001_choice_000,0x00A1F8,2,-127,7,0x0008,8,8,8,0,object_plus_signed,0x009FE6,0x009FEE,yes,000003001400003B2C0001008E010F3B,5,plausible_frame_record_prefix
MARPCK_TBL.decoded.bin,pck_object_0070_part_001_choice_000_frame_003,pck_object_0070,pck_object_0070_part_001,pck_object_0070_part_001_choice_000,0x00A1F8,2,-127,7,0x0008,8,8,8,0,block_plus_unsigned,0x009FE0,0x009FE8,yes,170200000000000003001400003B2C00,5,plausible_frame_record_prefix
MARPCK_TBL.decoded.bin,pck_object_0070_part_001_choice_000_frame_003,pck_object_0070,pck_object_0070_part_001,pck_object_0070_part_001_choice_000,0x00A1F8,2,-127,7,0x0008,8,8,8,0,block_plus_signed,0x009FE0,0x009FE8,yes,170200000000000003001400003B2C00,5,plausible_frame_record_prefix
MARPCK_TBL.decoded.bin,pck_object_0070_part_001_choice_000_frame_003,pck_object_0070,pck_object_0070_part_001,pck_object_0070_part_001_choice_000,0x00A1F8,2,-127,7,0x0008,8,8,8,0,part_plus_signed,0x009FFC,0x00A004,yes,253B2C0001007A0200000101FC0752FA,35,exact_part_offset
MARPCK_TBL.decoded.bin,pck_object_0070_part_001_choice_000_frame_003,pck_object_0070,pck_object_0070_part_001,pck_object_0070_part_001_choice_000,0x00A1F8,2,-127,7,0x0008,8,8,8,0,frame_plus_signed,0x00A1F8,0x00A200,yes,5C028107080808106202810708040416,35,exact_frame_record;plausible_frame_record_prefix
MARPCK_TBL.decoded.bin,pck_object_0070_part_001_choice_000_frame_003,pck_object_0070,pck_object_0070_part_001,pck_object_0070_part_001_choice_000,0x00A1F8,2,-127,7,0x0008,8,8,8,0,payload_plus_signed,0x00A1FA,0x00A202,yes,81070808081062028107080404166802,5,byte0_high_bit_set
MARPCK_TBL.decoded.bin,pck_object_0070_part_001_choice_000_frame_004,pck_object_0070,pck_object_0070_part_001,pck_object_0070_part_001_choice_000,0x00A200,2,-127,7,0x0808,2056,2056,8,8,direct_unsigned,0x000000,0x000808,yes,003C0037FE6900F1FF37FEA500F1FF37,0,in_range_no_structural_match
MARPCK_TBL.decoded.bin,pck_object_0070_part_001_choice_000_frame_004,pck_object_0070,pck_object_0070_part_001,pck_object_0070_part_001_choice_000,0x00A200,2,-127,7,0x0808,2056,2056,8,8,direct_signed,0x000000,0x000808,yes,003C0037FE6900F1FF37FEA500F1FF37,0,in_range_no_structural_match
MARPCK_TBL.decoded.bin,pck_object_0070_part_001_choice_000_frame_004,pck_object_0070,pck_object_0070_part_001,pck_object_0070_part_001_choice_000,0x00A200,2,-127,7,0x0808,2056,2056,8,8,object_plus_unsigned,0x009FE6,0x00A7EE,yes,0804041B4A0281070800001C50028107,0,in_range_no_structural_match
MARPCK_TBL.decoded.bin,pck_object_0070_part_001_choice_000_frame_004,pck_object_0070,pck_object_0070_part_001,pck_object_0070_part_001_choice_000,0x00A200,2,-127,7,0x0808,2056,2056,8,8,object_plus_signed,0x009FE6,0x00A7EE,yes,0804041B4A0281070800001C50028107,0,in_range_no_structural_match
MARPCK_TBL.decoded.bin,pck_object_0070_part_001_choice_000_frame_004,pck_object_0070,pck_object_0070_part_001,pck_object_0070_part_001_choice_000,0x00A200,2,-127,7,0x0808,2056,2056,8,8,block_plus_unsigned,0x009FE0,0x00A7E8,yes,0816430281070804041B4A0281070800,0,in_range_no_structural_match
MARPCK_TBL.decoded.bin,pck_object_0070_part_001_choice_000_frame_004,pck_object_0070,pck_object_0070_part_001,pck_object_0070_part_001_choice_000,0x00A200,2,-127,7,0x0808,2056,2056,8,8,block_plus_signed,0x009FE0,0x00A7E8,yes,0816430281070804041B4A0281070800,0,in_range_no_structural_match
MARPCK_TBL.decoded.bin,pck_object_0070_part_001_choice_000_frame_004,pck_object_0070,pck_object_0070_part_001,pck_object_0070_part_001_choice_000,0x00A200,2,-127,7,0x0808,2056,2056,8,8,part_plus_signed,0x009FFC,0x00A804,yes,81070804041E5C028107080808166202,5,byte0_high_bit_set
MARPCK_TBL.decoded.bin,pck_object_0070_part_001_choice_000_frame_004,pck_object_0070,pck_object_0070_part_001,pck_object_0070_part_001_choice_000,0x00A200,2,-127,7,0x0808,2056,2056,8,8,frame_plus_signed,0x00A200,0x00AA08,yes,93FEA0004EFF56FEA0005AFE08FEA000,5,byte0_high_bit_set
MARPCK_TBL.decoded.bin,pck_object_0070_part_001_choice_000_frame_004,pck_object_0070,pck_object_0070_part_001,pck_object_0070_part_001_choice_000,0x00A200,2,-127,7,0x0808,2056,2056,8,8,payload_plus_signed,0x00A202,0x00AA0A,yes,A0004EFF56FEA0005AFE08FEA00052FE,10,byte0_high_bit_set;plausible_frame_record_prefix
MARPCK_TBL.decoded.bin,pck_object_0070_part_001_choice_000_frame_005,pck_object_0070,pck_object_0070_part_001,pck_object_0070_part_001_choice_000,0x00A208,2,-127,7,0x0408,1032,1032,8,4,direct_unsigned,0x000000,0x000408,yes,018100070808196A0181000704041A6F,0,in_range_no_structural_match
MARPCK_TBL.decoded.bin,pck_object_0070_part_001_choice_000_frame_005,pck_object_0070,pck_object_0070_part_001,pck_object_0070_part_001_choice_000,0x00A208,2,-127,7,0x0408,1032,1032,8,4,direct_signed,0x000000,0x000408,yes,018100070808196A0181000704041A6F,0,in_range_no_structural_match
MARPCK_TBL.decoded.bin,pck_object_0070_part_001_choice_000_frame_005,pck_object_0070,pck_object_0070_part_001,pck_object_0070_part_001_choice_000,0x00A208,2,-127,7,0x0408,1032,1032,8,4,object_plus_unsigned,0x009FE6,0x00A3EE,yes,DF01C7070000CF0283F80000FFFC97F8,10,byte0_high_bit_set;plausible_frame_record_prefix
MARPCK_TBL.decoded.bin,pck_object_0070_part_001_choice_000_frame_005,pck_object_0070,pck_object_0070_part_001,pck_object_0070_part_001_choice_000,0x00A208,2,-127,7,0x0408,1032,1032,8,4,object_plus_signed,0x009FE6,0x00A3EE,yes,DF01C7070000CF0283F80000FFFC97F8,10,byte0_high_bit_set;plausible_frame_record_prefix
MARPCK_TBL.decoded.bin,pck_object_0070_part_001_choice_000_frame_005,pck_object_0070,pck_object_0070_part_001,pck_object_0070_part_001_choice_000,0x00A208,2,-127,7,0x0408,1032,1032,8,4,block_plus_unsigned,0x009FE0,0x00A3E8,yes,D20093FE0000DF01C7070000CF0283F8,25,byte0_high_bit_set;plausible_object_header;plausible_frame_record_prefix
MARPCK_TBL.decoded.bin,pck_object_0070_part_001_choice_000_frame_005,pck_object_0070,pck_object_0070_part_001,pck_object_0070_part_001_choice_000,0x00A208,2,-127,7,0x0408,1032,1032,8,4,block_plus_signed,0x009FE0,0x00A3E8,yes,D20093FE0000DF01C7070000CF0283F8,25,byte0_high_bit_set;plausible_object_header;plausible_frame_record_prefix
MARPCK_TBL.decoded.bin,pck_object_0070_part_001_choice_000_frame_005,pck_object_0070,pck_object_0070_part_001,pck_object_0070_part_001_choice_000,0x00A208,2,-127,7,0x0408,1032,1032,8,4,part_plus_signed,0x009FFC,0x00A404,yes,0800BA027BF8690088019EFE1E000201,5,plausible_frame_record_prefix
MARPCK_TBL.decoded.bin,pck_object_0070_part_001_choice_000_frame_005,pck_object_0070,pck_object_0070_part_001,pck_object_0070_part_001_choice_000,0x00A208,2,-127,7,0x0408,1032,1032,8,4,frame_plus_signed,0x00A208,0x00A610,yes,103A30000100E001263A300001007A02,35,exact_part_offset
MARPCK_TBL.decoded.bin,pck_object_0070_part_001_choice_000_frame_005,pck_object_0070,pck_object_0070_part_001,pck_object_0070_part_001_choice_000,0x00A208,2,-127,7,0x0408,1032,1032,8,4,payload_plus_signed,0x00A20A,0x00A612,yes,30000100E001263A300001007A026100,5,plausible_frame_record_prefix
MARPCK_TBL.decoded.bin,pck_object_0070_part_001_choice_000_frame_006,pck_object_0070,pck_object_0070_part_001,pck_object_0070_part_001_choice_000,0x00A210,2,-127,7,0x0008,8,8,8,0,direct_unsigned,0x000000,0x000008,yes,050043000D006F0003009D000100E200,15,plausible_drawable_extents_at_plus6_plus8;plausible_frame_record_prefix
MARPCK_TBL.decoded.bin,pck_object_0070_part_001_choice_000_frame_006,pck_object_0070,pck_object_0070_part_001,pck_object_0070_part_001_choice_000,0x00A210,2,-127,7,0x0008,8,8,8,0,direct_signed,0x000000,0x000008,yes,050043000D006F0003009D000100E200,15,plausible_drawable_extents_at_plus6_plus8;plausible_frame_record_prefix
MARPCK_TBL.decoded.bin,pck_object_0070_part_001_choice_000_frame_006,pck_object_0070,pck_object_0070_part_001,pck_object_0070_part_001_choice_000,0x00A210,2,-127,7,0x0008,8,8,8,0,object_plus_unsigned,0x009FE6,0x009FEE,yes,000003001400003B2C0001008E010F3B,5,plausible_frame_record_prefix
MARPCK_TBL.decoded.bin,pck_object_0070_part_001_choice_000_frame_006,pck_object_0070,pck_object_0070_part_001,pck_object_0070_part_001_choice_000,0x00A210,2,-127,7,0x0008,8,8,8,0,object_plus_signed,0x009FE6,0x009FEE,yes,000003001400003B2C0001008E010F3B,5,plausible_frame_record_prefix
MARPCK_TBL.decoded.bin,pck_object_0070_part_001_choice_000_frame_006,pck_object_0070,pck_object_0070_part_001,pck_object_0070_part_001_choice_000,0x00A210,2,-127,7,0x0008,8,8,8,0,block_plus_unsigned,0x009FE0,0x009FE8,yes,170200000000000003001400003B2C00,5,plausible_frame_record_prefix
MARPCK_TBL.decoded.bin,pck_object_0070_part_001_choice_000_frame_006,pck_object_0070,pck_object_0070_part_001,pck_object_0070_part_001_choice_000,0x00A210,2,-127,7,0x0008,8,8,8,0,block_plus_signed,0x009FE0,0x009FE8,yes,170200000000000003001400003B2C00,5,plausible_frame_record_prefix
MARPCK_TBL.decoded.bin,pck_object_0070_part_001_choice_000_frame_006,pck_object_0070,pck_object_0070_part_001,pck_object_0070_part_001_choice_000,0x00A210,2,-127,7,0x0008,8,8,8,0,part_plus_signed,0x009FFC,0x00A004,yes,253B2C0001007A0200000101FC0752FA,35,exact_part_offset
MARPCK_TBL.decoded.bin,pck_object_0070_part_001_choice_000_frame_006,pck_object_0070,pck_object_0070_part_001,pck_object_0070_part_001_choice_000,0x00A210,2,-127,7,0x0008,8,8,8,0,frame_plus_signed,0x00A210,0x00A218,yes,6E028107080000247402111112131415,35,exact_frame_record;plausible_frame_record_prefix
MARPCK_TBL.decoded.bin,pck_object_0070_part_001_choice_000_frame_006,pck_object_0070,pck_object_0070_part_001,pck_object_0070_part_001_choice_000,0x00A210,2,-127,7,0x0008,8,8,8,0,payload_plus_signed,0x00A212,0x00A21A,yes,8107080000247402111112131415FF17,5,byte0_high_bit_set
MARPCK_TBL.decoded.bin,pck_object_0070_part_001_choice_000_frame_007,pck_object_0070,pck_object_0070_part_001,pck_object_0070_part_001_choice_000,0x00A218,2,-127,7,0x0008,8,8,8,0,direct_unsigned,0x000000,0x000008,yes,050043000D006F0003009D000100E200,15,plausible_drawable_extents_at_plus6_plus8;plausible_frame_record_prefix
MARPCK_TBL.decoded.bin,pck_object_0070_part_001_choice_000_frame_007,pck_object_0070,pck_object_0070_part_001,pck_object_0070_part_001_choice_000,0x00A218,2,-127,7,0x0008,8,8,8,0,direct_signed,0x000000,0x000008,yes,050043000D006F0003009D000100E200,15,plausible_drawable_extents_at_plus6_plus8;plausible_frame_record_prefix
MARPCK_TBL.decoded.bin,pck_object_0070_part_001_choice_000_frame_007,pck_object_0070,pck_object_0070_part_001,pck_object_0070_part_001_choice_000,0x00A218,2,-127,7,0x0008,8,8,8,0,object_plus_unsigned,0x009FE6,0x009FEE,yes,000003001400003B2C0001008E010F3B,5,plausible_frame_record_prefix
MARPCK_TBL.decoded.bin,pck_object_0070_part_001_choice_000_frame_007,pck_object_0070,pck_object_0070_part_001,pck_object_0070_part_001_choice_000,0x00A218,2,-127,7,0x0008,8,8,8,0,object_plus_signed,0x009FE6,0x009FEE,yes,000003001400003B2C0001008E010F3B,5,plausible_frame_record_prefix
MARPCK_TBL.decoded.bin,pck_object_0070_part_001_choice_000_frame_007,pck_object_0070,pck_object_0070_part_001,pck_object_0070_part_001_choice_000,0x00A218,2,-127,7,0x0008,8,8,8,0,block_plus_unsigned,0x009FE0,0x009FE8,yes,170200000000000003001400003B2C00,5,plausible_frame_record_prefix
MARPCK_TBL.decoded.bin,pck_object_0070_part_001_choice_000_frame_007,pck_object_0070,pck_object_0070_part_001,pck_object_0070_part_001_choice_000,0x00A218,2,-127,7,0x0008,8,8,8,0,block_plus_signed,0x009FE0,0x009FE8,yes,170200000000000003001400003B2C00,5,plausible_frame_record_prefix
MARPCK_TBL.decoded.bin,pck_object_0070_part_001_choice_000_frame_007,pck_object_0070,pck_object_0070_part_001,pck_object_0070_part_001_choice_000,0x00A218,2,-127,7,0x0008,8,8,8,0,part_plus_signed,0x009FFC,0x00A004,yes,253B2C0001007A0200000101FC0752FA,35,exact_part_offset
MARPCK_TBL.decoded.bin,pck_object_0070_part_001_choice_000_frame_007,pck_object_0070,pck_object_0070_part_001,pck_object_0070_part_001_choice_000,0x00A218,2,-127,7,0x0008,8,8,8,0,frame_plus_signed,0x00A218,0x00A220,yes,7402111112131415FF171718191A1BFF,35,exact_frame_record;plausible_frame_record_prefix
MARPCK_TBL.decoded.bin,pck_object_0070_part_001_choice_000_frame_007,pck_object_0070,pck_object_0070_part_001,pck_object_0070_part_001_choice_000,0x00A218,2,-127,7,0x0008,8,8,8,0,payload_plus_signed,0x00A21A,0x00A222,yes,111112131415FF171718191A1BFF1414,0,in_range_no_structural_match
MARPCK_TBL.decoded.bin,pck_object_0070_part_001_choice_000_frame_008,pck_object_0070,pck_object_0070_part_001,pck_object_0070_part_001_choice_000,0x00A220,2,17,17,0x1312,4882,4882,18,19,direct_unsigned,0x000000,0x001312,yes,FF0404080705FF0303090804FF02020A,5,byte0_high_bit_set
MARPCK_TBL.decoded.bin,pck_object_0070_part_001_choice_000_frame_008,pck_object_0070,pck_object_0070_part_001,pck_object_0070_part_001_choice_000,0x00A220,2,17,17,0x1312,4882,4882,18,19,direct_signed,0x000000,0x001312,yes,FF0404080705FF0303090804FF02020A,5,byte0_high_bit_set
MARPCK_TBL.decoded.bin,pck_object_0070_part_001_choice_000_frame_008,pck_object_0070,pck_object_0070_part_001,pck_object_0070_part_001_choice_000,0x00A220,2,17,17,0x1312,4882,4882,18,19,object_plus_unsigned,0x009FE6,0x00B2F8,yes,171819FF1414161911FF1111191812FF,0,in_range_no_structural_match
MARPCK_TBL.decoded.bin,pck_object_0070_part_001_choice_000_frame_008,pck_object_0070,pck_object_0070_part_001,pck_object_0070_part_001_choice_000,0x00A220,2,17,17,0x1312,4882,4882,18,19,object_plus_signed,0x009FE6,0x00B2F8,yes,171819FF1414161911FF1111191812FF,0,in_range_no_structural_match
MARPCK_TBL.decoded.bin,pck_object_0070_part_001_choice_000_frame_008,pck_object_0070,pck_object_0070_part_001,pck_object_0070_part_001_choice_000,0x00A220,2,17,17,0x1312,4882,4882,18,19,block_plus_unsigned,0x009FE0,0x00B2F2,yes,121314FF1616171819FF1414161911FF,0,in_range_no_structural_match
MARPCK_TBL.decoded.bin,pck_object_0070_part_001_choice_000_frame_008,pck_object_0070,pck_object_0070_part_001,pck_object_0070_part_001_choice_000,0x00A220,2,17,17,0x1312,4882,4882,18,19,block_plus_signed,0x009FE0,0x00B2F2,yes,121314FF1616171819FF1414161911FF,0,in_range_no_structural_match
MARPCK_TBL.decoded.bin,pck_object_0070_part_001_choice_000_frame_008,pck_object_0070,pck_object_0070_part_001,pck_object_0070_part_001_choice_000,0x00A220,2,17,17,0x1312,4882,4882,18,19,part_plus_signed,0x009FFC,0x00B30E,yes,1313171614FF0100B80200000600C002,0,in_range_no_structural_match
MARPCK_TBL.decoded.bin,pck_object_0070_part_001_choice_000_frame_008,pck_object_0070,pck_object_0070_part_001,pck_object_0070_part_001_choice_000,0x00A220,2,17,17,0x1312,4882,4882,18,19,frame_plus_signed,0x00A220,0x00B532,yes,16FA530557000BFAAE053BFF94051BFC,0,in_range_no_structural_match
MARPCK_TBL.decoded.bin,pck_object_0070_part_001_choice_000_frame_008,pck_object_0070,pck_object_0070_part_001,pck_object_0070_part_001_choice_000,0x00A220,2,17,17,0x1312,4882,4882,18,19,payload_plus_signed,0x00A222,0x00B534,yes,530557000BFAAE053BFF94051BFCBBFF,0,in_range_no_structural_match
MARPCK_TBL.decoded.bin,pck_object_0070_part_002_choice_000_frame_000,pck_object_0070,pck_object_0070_part_002,pck_object_0070_part_002_choice_000,0x00A26C,2,-127,7,0x0808,2056,2056,8,8,direct_unsigned,0x000000,0x000808,yes,003C0037FE6900F1FF37FEA500F1FF37,0,in_range_no_structural_match
MARPCK_TBL.decoded.bin,pck_object_0070_part_002_choice_000_frame_000,pck_object_0070,pck_object_0070_part_002,pck_object_0070_part_002_choice_000,0x00A26C,2,-127,7,0x0808,2056,2056,8,8,direct_signed,0x000000,0x000808,yes,003C0037FE6900F1FF37FEA500F1FF37,0,in_range_no_structural_match
MARPCK_TBL.decoded.bin,pck_object_0070_part_002_choice_000_frame_000,pck_object_0070,pck_object_0070_part_002,pck_object_0070_part_002_choice_000,0x00A26C,2,-127,7,0x0808,2056,2056,8,8,object_plus_unsigned,0x009FE6,0x00A7EE,yes,0804041B4A0281070800001C50028107,0,in_range_no_structural_match
MARPCK_TBL.decoded.bin,pck_object_0070_part_002_choice_000_frame_000,pck_object_0070,pck_object_0070_part_002,pck_object_0070_part_002_choice_000,0x00A26C,2,-127,7,0x0808,2056,2056,8,8,object_plus_signed,0x009FE6,0x00A7EE,yes,0804041B4A0281070800001C50028107,0,in_range_no_structural_match
MARPCK_TBL.decoded.bin,pck_object_0070_part_002_choice_000_frame_000,pck_object_0070,pck_object_0070_part_002,pck_object_0070_part_002_choice_000,0x00A26C,2,-127,7,0x0808,2056,2056,8,8,block_plus_unsigned,0x009FE0,0x00A7E8,yes,0816430281070804041B4A0281070800,0,in_range_no_structural_match
MARPCK_TBL.decoded.bin,pck_object_0070_part_002_choice_000_frame_000,pck_object_0070,pck_object_0070_part_002,pck_object_0070_part_002_choice_000,0x00A26C,2,-127,7,0x0808,2056,2056,8,8,block_plus_signed,0x009FE0,0x00A7E8,yes,0816430281070804041B4A0281070800,0,in_range_no_structural_match
MARPCK_TBL.decoded.bin,pck_object_0070_part_002_choice_000_frame_000,pck_object_0070,pck_object_0070_part_002,pck_object_0070_part_002_choice_000,0x00A26C,2,-127,7,0x0808,2056,2056,8,8,part_plus_signed,0x00A004,0x00A80C,yes,81070808081662028107080000236802,20,byte0_high_bit_set;plausible_object_header
MARPCK_TBL.decoded.bin,pck_object_0070_part_002_choice_000_frame_000,pck_object_0070,pck_object_0070_part_002,pck_object_0070_part_002_choice_000,0x00A26C,2,-127,7,0x0808,2056,2056,8,8,frame_plus_signed,0x00A26C,0x00AA74,yes,76F900002AFF0CF80100900100000600,0,in_range_no_structural_match
MARPCK_TBL.decoded.bin,pck_object_0070_part_002_choice_000_frame_000,pck_object_0070,pck_object_0070_part_002,pck_object_0070_part_002_choice_000,0x00A26C,2,-127,7,0x0808,2056,2056,8,8,payload_plus_signed,0x00A26E,0x00AA76,yes,00002AFF0CF801009001000006009801,5,plausible_frame_record_prefix
MARPCK_TBL.decoded.bin,pck_object_0070_part_002_choice_000_frame_001,pck_object_0070,pck_object_0070_part_002,pck_object_0070_part_002_choice_000,0x00A274,2,-127,7,0x0408,1032,1032,8,4,direct_unsigned,0x000000,0x000408,yes,018100070808196A0181000704041A6F,0,in_range_no_structural_match
MARPCK_TBL.decoded.bin,pck_object_0070_part_002_choice_000_frame_001,pck_object_0070,pck_object_0070_part_002,pck_object_0070_part_002_choice_000,0x00A274,2,-127,7,0x0408,1032,1032,8,4,direct_signed,0x000000,0x000408,yes,018100070808196A0181000704041A6F,0,in_range_no_structural_match
MARPCK_TBL.decoded.bin,pck_object_0070_part_002_choice_000_frame_001,pck_object_0070,pck_object_0070_part_002,pck_object_0070_part_002_choice_000,0x00A274,2,-127,7,0x0408,1032,1032,8,4,object_plus_unsigned,0x009FE6,0x00A3EE,yes,DF01C7070000CF0283F80000FFFC97F8,10,byte0_high_bit_set;plausible_frame_record_prefix
MARPCK_TBL.decoded.bin,pck_object_0070_part_002_choice_000_frame_001,pck_object_0070,pck_object_0070_part_002,pck_object_0070_part_002_choice_000,0x00A274,2,-127,7,0x0408,1032,1032,8,4,object_plus_signed,0x009FE6,0x00A3EE,yes,DF01C7070000CF0283F80000FFFC97F8,10,byte0_high_bit_set;plausible_frame_record_prefix
MARPCK_TBL.decoded.bin,pck_object_0070_part_002_choice_000_frame_001,pck_object_0070,pck_object_0070_part_002,pck_object_0070_part_002_choice_000,0x00A274,2,-127,7,0x0408,1032,1032,8,4,block_plus_unsigned,0x009FE0,0x00A3E8,yes,D20093FE0000DF01C7070000CF0283F8,25,byte0_high_bit_set;plausible_object_header;plausible_frame_record_prefix
MARPCK_TBL.decoded.bin,pck_object_0070_part_002_choice_000_frame_001,pck_object_0070,pck_object_0070_part_002,pck_object_0070_part_002_choice_000,0x00A274,2,-127,7,0x0408,1032,1032,8,4,block_plus_signed,0x009FE0,0x00A3E8,yes,D20093FE0000DF01C7070000CF0283F8,25,byte0_high_bit_set;plausible_object_header;plausible_frame_record_prefix
MARPCK_TBL.decoded.bin,pck_object_0070_part_002_choice_000_frame_001,pck_object_0070,pck_object_0070_part_002,pck_object_0070_part_002_choice_000,0x00A274,2,-127,7,0x0408,1032,1032,8,4,part_plus_signed,0x00A004,0x00A40C,yes,88019EFE1E0002016DFE1C00440028FE,25,byte0_high_bit_set;plausible_object_header;plausible_frame_record_prefix
MARPCK_TBL.decoded.bin,pck_object_0070_part_002_choice_000_frame_001,pck_object_0070,pck_object_0070_part_002,pck_object_0070_part_002_choice_000,0x00A274,2,-127,7,0x0408,1032,1032,8,4,frame_plus_signed,0x00A274,0x00A67C,yes,22FD770763005A054FFA000800000000,0,in_range_no_structural_match
MARPCK_TBL.decoded.bin,pck_object_0070_part_002_choice_000_frame_001,pck_object_0070,pck_object_0070_part_002,pck_object_0070_part_002_choice_000,0x00A274,2,-127,7,0x0408,1032,1032,8,4,payload_plus_signed,0x00A276,0x00A67E,yes,770763005A054FFA000800000000A100,0,in_range_no_structural_match
MARPCK_TBL.decoded.bin,pck_object_0070_part_002_choice_000_frame_002,pck_object_0070,pck_object_0070_part_002,pck_object_0070_part_002_choice_000,0x00A27C,2,-127,7,0x0008,8,8,8,0,direct_unsigned,0x000000,0x000008,yes,050043000D006F0003009D000100E200,15,plausible_drawable_extents_at_plus6_plus8;plausible_frame_record_prefix
MARPCK_TBL.decoded.bin,pck_object_0070_part_002_choice_000_frame_002,pck_object_0070,pck_object_0070_part_002,pck_object_0070_part_002_choice_000,0x00A27C,2,-127,7,0x0008,8,8,8,0,direct_signed,0x000000,0x000008,yes,050043000D006F0003009D000100E200,15,plausible_drawable_extents_at_plus6_plus8;plausible_frame_record_prefix
MARPCK_TBL.decoded.bin,pck_object_0070_part_002_choice_000_frame_002,pck_object_0070,pck_object_0070_part_002,pck_object_0070_part_002_choice_000,0x00A27C,2,-127,7,0x0008,8,8,8,0,object_plus_unsigned,0x009FE6,0x009FEE,yes,000003001400003B2C0001008E010F3B,5,plausible_frame_record_prefix
MARPCK_TBL.decoded.bin,pck_object_0070_part_002_choice_000_frame_002,pck_object_0070,pck_object_0070_part_002,pck_object_0070_part_002_choice_000,0x00A27C,2,-127,7,0x0008,8,8,8,0,object_plus_signed,0x009FE6,0x009FEE,yes,000003001400003B2C0001008E010F3B,5,plausible_frame_record_prefix
MARPCK_TBL.decoded.bin,pck_object_0070_part_002_choice_000_frame_002,pck_object_0070,pck_object_0070_part_002,pck_object_0070_part_002_choice_000,0x00A27C,2,-127,7,0x0008,8,8,8,0,block_plus_unsigned,0x009FE0,0x009FE8,yes,170200000000000003001400003B2C00,5,plausible_frame_record_prefix
MARPCK_TBL.decoded.bin,pck_object_0070_part_002_choice_000_frame_002,pck_object_0070,pck_object_0070_part_002,pck_object_0070_part_002_choice_000,0x00A27C,2,-127,7,0x0008,8,8,8,0,block_plus_signed,0x009FE0,0x009FE8,yes,170200000000000003001400003B2C00,5,plausible_frame_record_prefix
MARPCK_TBL.decoded.bin,pck_object_0070_part_002_choice_000_frame_002,pck_object_0070,pck_object_0070_part_002,pck_object_0070_part_002_choice_000,0x00A27C,2,-127,7,0x0008,8,8,8,0,part_plus_signed,0x00A004,0x00A00C,yes,00000101FC0752FA5AFF9805EFFFC4FE,5,plausible_frame_record_prefix
MARPCK_TBL.decoded.bin,pck_object_0070_part_002_choice_000_frame_002,pck_object_0070,pck_object_0070_part_002,pck_object_0070_part_002_choice_000,0x00A27C,2,-127,7,0x0008,8,8,8,0,frame_plus_signed,0x00A27C,0x00A284,yes,EA02810708000032F002810708040433,40,exact_frame_record;byte0_high_bit_set;plausible_frame_record_prefix
MARPCK_TBL.decoded.bin,pck_object_0070_part_002_choice_000_frame_002,pck_object_0070,pck_object_0070_part_002,pck_object_0070_part_002_choice_000,0x00A27C,2,-127,7,0x0008,8,8,8,0,payload_plus_signed,0x00A27E,0x00A286,yes,810708000032F002810708040433F602,5,byte0_high_bit_set
MARPCK_TBL.decoded.bin,pck_object_0070_part_002_choice_000_frame_003,pck_object_0070,pck_object_0070_part_002,pck_object_0070_part_002_choice_000,0x00A284,2,-127,7,0x0008,8,8,8,0,direct_unsigned,0x000000,0x000008,yes,050043000D006F0003009D000100E200,15,plausible_drawable_extents_at_plus6_plus8;plausible_frame_record_prefix
MARPCK_TBL.decoded.bin,pck_object_0070_part_002_choice_000_frame_003,pck_object_0070,pck_object_0070_part_002,pck_object_0070_part_002_choice_000,0x00A284,2,-127,7,0x0008,8,8,8,0,direct_signed,0x000000,0x000008,yes,050043000D006F0003009D000100E200,15,plausible_drawable_extents_at_plus6_plus8;plausible_frame_record_prefix
MARPCK_TBL.decoded.bin,pck_object_0070_part_002_choice_000_frame_003,pck_object_0070,pck_object_0070_part_002,pck_object_0070_part_002_choice_000,0x00A284,2,-127,7,0x0008,8,8,8,0,object_plus_unsigned,0x009FE6,0x009FEE,yes,000003001400003B2C0001008E010F3B,5,plausible_frame_record_prefix
MARPCK_TBL.decoded.bin,pck_object_0070_part_002_choice_000_frame_003,pck_object_0070,pck_object_0070_part_002,pck_object_0070_part_002_choice_000,0x00A284,2,-127,7,0x0008,8,8,8,0,object_plus_signed,0x009FE6,0x009FEE,yes,000003001400003B2C0001008E010F3B,5,plausible_frame_record_prefix
MARPCK_TBL.decoded.bin,pck_object_0070_part_002_choice_000_frame_003,pck_object_0070,pck_object_0070_part_002,pck_object_0070_part_002_choice_000,0x00A284,2,-127,7,0x0008,8,8,8,0,block_plus_unsigned,0x009FE0,0x009FE8,yes,170200000000000003001400003B2C00,5,plausible_frame_record_prefix
MARPCK_TBL.decoded.bin,pck_object_0070_part_002_choice_000_frame_003,pck_object_0070,pck_object_0070_part_002,pck_object_0070_part_002_choice_000,0x00A284,2,-127,7,0x0008,8,8,8,0,block_plus_signed,0x009FE0,0x009FE8,yes,170200000000000003001400003B2C00,5,plausible_frame_record_prefix
MARPCK_TBL.decoded.bin,pck_object_0070_part_002_choice_000_frame_003,pck_object_0070,pck_object_0070_part_002,pck_object_0070_part_002_choice_000,0x00A284,2,-127,7,0x0008,8,8,8,0,part_plus_signed,0x00A004,0x00A00C,yes,00000101FC0752FA5AFF9805EFFFC4FE,5,plausible_frame_record_prefix
MARPCK_TBL.decoded.bin,pck_object_0070_part_002_choice_000_frame_003,pck_object_0070,pck_object_0070_part_002,pck_object_0070_part_002_choice_000,0x00A284,2,-127,7,0x0008,8,8,8,0,frame_plus_signed,0x00A284,0x00A28C,yes,F002810708040433F602810708080816,40,exact_frame_record;byte0_high_bit_set;plausible_frame_record_prefix
MARPCK_TBL.decoded.bin,pck_object_0070_part_002_choice_000_frame_003,pck_object_0070,pck_object_0070_part_002,pck_object_0070_part_002_choice_000,0x00A284,2,-127,7,0x0008,8,8,8,0,payload_plus_signed,0x00A286,0x00A28E,yes,810708040433F602810708080816FC02,5,byte0_high_bit_set
MARPCK_TBL.decoded.bin,pck_object_0070_part_002_choice_000_frame_004,pck_object_0070,pck_object_0070_part_002,pck_object_0070_part_002_choice_000,0x00A28C,2,-127,7,0x0408,1032,1032,8,4,direct_unsigned,0x000000,0x000408,yes,018100070808196A0181000704041A6F,0,in_range_no_structural_match
MARPCK_TBL.decoded.bin,pck_object_0070_part_002_choice_000_frame_004,pck_object_0070,pck_object_0070_part_002,pck_object_0070_part_002_choice_000,0x00A28C,2,-127,7,0x0408,1032,1032,8,4,direct_signed,0x000000,0x000408,yes,018100070808196A0181000704041A6F,0,in_range_no_structural_match
MARPCK_TBL.decoded.bin,pck_object_0070_part_002_choice_000_frame_004,pck_object_0070,pck_object_0070_part_002,pck_object_0070_part_002_choice_000,0x00A28C,2,-127,7,0x0408,1032,1032,8,4,object_plus_unsigned,0x009FE6,0x00A3EE,yes,DF01C7070000CF0283F80000FFFC97F8,10,byte0_high_bit_set;plausible_frame_record_prefix
MARPCK_TBL.decoded.bin,pck_object_0070_part_002_choice_000_frame_004,pck_object_0070,pck_object_0070_part_002,pck_object_0070_part_002_choice_000,0x00A28C,2,-127,7,0x0408,1032,1032,8,4,object_plus_signed,0x009FE6,0x00A3EE,yes,DF01C7070000CF0283F80000FFFC97F8,10,byte0_high_bit_set;plausible_frame_record_prefix
MARPCK_TBL.decoded.bin,pck_object_0070_part_002_choice_000_frame_004,pck_object_0070,pck_object_0070_part_002,pck_object_0070_part_002_choice_000,0x00A28C,2,-127,7,0x0408,1032,1032,8,4,block_plus_unsigned,0x009FE0,0x00A3E8,yes,D20093FE0000DF01C7070000CF0283F8,25,byte0_high_bit_set;plausible_object_header;plausible_frame_record_prefix
MARPCK_TBL.decoded.bin,pck_object_0070_part_002_choice_000_frame_004,pck_object_0070,pck_object_0070_part_002,pck_object_0070_part_002_choice_000,0x00A28C,2,-127,7,0x0408,1032,1032,8,4,block_plus_signed,0x009FE0,0x00A3E8,yes,D20093FE0000DF01C7070000CF0283F8,25,byte0_high_bit_set;plausible_object_header;plausible_frame_record_prefix
MARPCK_TBL.decoded.bin,pck_object_0070_part_002_choice_000_frame_004,pck_object_0070,pck_object_0070_part_002,pck_object_0070_part_002_choice_000,0x00A28C,2,-127,7,0x0408,1032,1032,8,4,part_plus_signed,0x00A004,0x00A40C,yes,88019EFE1E0002016DFE1C00440028FE,25,byte0_high_bit_set;plausible_object_header;plausible_frame_record_prefix
MARPCK_TBL.decoded.bin,pck_object_0070_part_002_choice_000_frame_004,pck_object_0070,pck_object_0070_part_002,pck_object_0070_part_002_choice_000,0x00A28C,2,-127,7,0x0408,1032,1032,8,4,frame_plus_signed,0x00A28C,0x00A694,yes,51FF73FEA10057FE3BFEA10057FEC5FE,0,in_range_no_structural_match
MARPCK_TBL.decoded.bin,pck_object_0070_part_002_choice_000_frame_004,pck_object_0070,pck_object_0070_part_002,pck_object_0070_part_002_choice_000,0x00A28C,2,-127,7,0x0408,1032,1032,8,4,payload_plus_signed,0x00A28E,0x00A696,yes,73FEA10057FE3BFEA10057FEC5FE00F8,0,in_range_no_structural_match
MARPCK_TBL.decoded.bin,pck_object_0070_part_002_choice_000_frame_005,pck_object_0070,pck_object_0070_part_002,pck_object_0070_part_002_choice_000,0x00A294,2,-127,7,0x0808,2056,2056,8,8,direct_unsigned,0x000000,0x000808,yes,003C0037FE6900F1FF37FEA500F1FF37,0,in_range_no_structural_match
MARPCK_TBL.decoded.bin,pck_object_0070_part_002_choice_000_frame_005,pck_object_0070,pck_object_0070_part_002,pck_object_0070_part_002_choice_000,0x00A294,2,-127,7,0x0808,2056,2056,8,8,direct_signed,0x000000,0x000808,yes,003C0037FE6900F1FF37FEA500F1FF37,0,in_range_no_structural_match
MARPCK_TBL.decoded.bin,pck_object_0070_part_002_choice_000_frame_005,pck_object_0070,pck_object_0070_part_002,pck_object_0070_part_002_choice_000,0x00A294,2,-127,7,0x0808,2056,2056,8,8,object_plus_unsigned,0x009FE6,0x00A7EE,yes,0804041B4A0281070800001C50028107,0,in_range_no_structural_match
MARPCK_TBL.decoded.bin,pck_object_0070_part_002_choice_000_frame_005,pck_object_0070,pck_object_0070_part_002,pck_object_0070_part_002_choice_000,0x00A294,2,-127,7,0x0808,2056,2056,8,8,object_plus_signed,0x009FE6,0x00A7EE,yes,0804041B4A0281070800001C50028107,0,in_range_no_structural_match
MARPCK_TBL.decoded.bin,pck_object_0070_part_002_choice_000_frame_005,pck_object_0070,pck_object_0070_part_002,pck_object_0070_part_002_choice_000,0x00A294,2,-127,7,0x0808,2056,2056,8,8,block_plus_unsigned,0x009FE0,0x00A7E8,yes,0816430281070804041B4A0281070800,0,in_range_no_structural_match
MARPCK_TBL.decoded.bin,pck_object_0070_part_002_choice_000_frame_005,pck_object_0070,pck_object_0070_part_002,pck_object_0070_part_002_choice_000,0x00A294,2,-127,7,0x0808,2056,2056,8,8,block_plus_signed,0x009FE0,0x00A7E8,yes,0816430281070804041B4A0281070800,0,in_range_no_structural_match
MARPCK_TBL.decoded.bin,pck_object_0070_part_002_choice_000_frame_005,pck_object_0070,pck_object_0070_part_002,pck_object_0070_part_002_choice_000,0x00A294,2,-127,7,0x0808,2056,2056,8,8,part_plus_signed,0x00A004,0x00A80C,yes,81070808081662028107080000236802,20,byte0_high_bit_set;plausible_object_header
MARPCK_TBL.decoded.bin,pck_object_0070_part_002_choice_000_frame_005,pck_object_0070,pck_object_0070_part_002,pck_object_0070_part_002_choice_000,0x00A294,2,-127,7,0x0808,2056,2056,8,8,frame_plus_signed,0x00A294,0x00AA9C,yes,0009D40181000908080CDA0181000000,0,in_range_no_structural_match
MARPCK_TBL.decoded.bin,pck_object_0070_part_002_choice_000_frame_005,pck_object_0070,pck_object_0070_part_002,pck_object_0070_part_002_choice_000,0x00A294,2,-127,7,0x0808,2056,2056,8,8,payload_plus_signed,0x00A296,0x00AA9E,yes,D40181000908080CDA0181000000000D,10,byte0_high_bit_set;plausible_frame_record_prefix
MARPCK_TBL.decoded.bin,pck_object_0070_part_002_choice_000_frame_006,pck_object_0070,pck_object_0070_part_002,pck_object_0070_part_002_choice_000,0x00A29C,2,-127,7,0x0008,8,8,8,0,direct_unsigned,0x000000,0x000008,yes,050043000D006F0003009D000100E200,15,plausible_drawable_extents_at_plus6_plus8;plausible_frame_record_prefix
MARPCK_TBL.decoded.bin,pck_object_0070_part_002_choice_000_frame_006,pck_object_0070,pck_object_0070_part_002,pck_object_0070_part_002_choice_000,0x00A29C,2,-127,7,0x0008,8,8,8,0,direct_signed,0x000000,0x000008,yes,050043000D006F0003009D000100E200,15,plausible_drawable_extents_at_plus6_plus8;plausible_frame_record_prefix
MARPCK_TBL.decoded.bin,pck_object_0070_part_002_choice_000_frame_006,pck_object_0070,pck_object_0070_part_002,pck_object_0070_part_002_choice_000,0x00A29C,2,-127,7,0x0008,8,8,8,0,object_plus_unsigned,0x009FE6,0x009FEE,yes,000003001400003B2C0001008E010F3B,5,plausible_frame_record_prefix
MARPCK_TBL.decoded.bin,pck_object_0070_part_002_choice_000_frame_006,pck_object_0070,pck_object_0070_part_002,pck_object_0070_part_002_choice_000,0x00A29C,2,-127,7,0x0008,8,8,8,0,object_plus_signed,0x009FE6,0x009FEE,yes,000003001400003B2C0001008E010F3B,5,plausible_frame_record_prefix
MARPCK_TBL.decoded.bin,pck_object_0070_part_002_choice_000_frame_006,pck_object_0070,pck_object_0070_part_002,pck_object_0070_part_002_choice_000,0x00A29C,2,-127,7,0x0008,8,8,8,0,block_plus_unsigned,0x009FE0,0x009FE8,yes,170200000000000003001400003B2C00,5,plausible_frame_record_prefix
MARPCK_TBL.decoded.bin,pck_object_0070_part_002_choice_000_frame_006,pck_object_0070,pck_object_0070_part_002,pck_object_0070_part_002_choice_000,0x00A29C,2,-127,7,0x0008,8,8,8,0,block_plus_signed,0x009FE0,0x009FE8,yes,170200000000000003001400003B2C00,5,plausible_frame_record_prefix
MARPCK_TBL.decoded.bin,pck_object_0070_part_002_choice_000_frame_006,pck_object_0070,pck_object_0070_part_002,pck_object_0070_part_002_choice_000,0x00A29C,2,-127,7,0x0008,8,8,8,0,part_plus_signed,0x00A004,0x00A00C,yes,00000101FC0752FA5AFF9805EFFFC4FE,5,plausible_frame_record_prefix
MARPCK_TBL.decoded.bin,pck_object_0070_part_002_choice_000_frame_006,pck_object_0070,pck_object_0070_part_002,pck_object_0070_part_002_choice_000,0x00A29C,2,-127,7,0x0008,8,8,8,0,frame_plus_signed,0x00A29C,0x00A2A4,yes,0203810708070839080381070800003A,35,exact_frame_record;plausible_frame_record_prefix
MARPCK_TBL.decoded.bin,pck_object_0070_part_002_choice_000_frame_006,pck_object_0070,pck_object_0070_part_002,pck_object_0070_part_002_choice_000,0x00A29C,2,-127,7,0x0008,8,8,8,0,payload_plus_signed,0x00A29E,0x00A2A6,yes,810708070839080381070800003A0E03,20,byte0_high_bit_set;plausible_object_header
MARPCK_TBL.decoded.bin,pck_object_0070_part_002_choice_000_frame_007,pck_object_0070,pck_object_0070_part_002,pck_object_0070_part_002_choice_000,0x00A2A4,3,-127,7,0x0708,1800,1800,8,7,direct_unsigned,0x000000,0x000708,yes,001B000034330001006B011034330001,0,in_range_no_structural_match
MARPCK_TBL.decoded.bin,pck_object_0070_part_002_choice_000_frame_007,pck_object_0070,pck_object_0070_part_002,pck_object_0070_part_002_choice_000,0x00A2A4,3,-127,7,0x0708,1800,1800,8,7,direct_signed,0x000000,0x000708,yes,001B000034330001006B011034330001,0,in_range_no_structural_match
MARPCK_TBL.decoded.bin,pck_object_0070_part_002_choice_000_frame_007,pck_object_0070,pck_object_0070_part_002,pck_object_0070_part_002_choice_000,0x00A2A4,3,-127,7,0x0708,1800,1800,8,7,object_plus_unsigned,0x009FE6,0x00A6EE,yes,C30098FE00008A00FB0700000B041AF9,25,byte0_high_bit_set;plausible_object_header;plausible_frame_record_prefix
MARPCK_TBL.decoded.bin,pck_object_0070_part_002_choice_000_frame_007,pck_object_0070,pck_object_0070_part_002,pck_object_0070_part_002_choice_000,0x00A2A4,3,-127,7,0x0708,1800,1800,8,7,object_plus_signed,0x009FE6,0x00A6EE,yes,C30098FE00008A00FB0700000B041AF9,25,byte0_high_bit_set;plausible_object_header;plausible_frame_record_prefix
MARPCK_TBL.decoded.bin,pck_object_0070_part_002_choice_000_frame_007,pck_object_0070,pck_object_0070_part_002,pck_object_0070_part_002_choice_000,0x00A2A4,3,-127,7,0x0708,1800,1800,8,7,block_plus_unsigned,0x009FE0,0x00A6E8,yes,320043FE6900C30098FE00008A00FB07,5,plausible_frame_record_prefix
MARPCK_TBL.decoded.bin,pck_object_0070_part_002_choice_000_frame_007,pck_object_0070,pck_object_0070_part_002,pck_object_0070_part_002_choice_000,0x00A2A4,3,-127,7,0x0708,1800,1800,8,7,block_plus_signed,0x009FE0,0x00A6E8,yes,320043FE6900C30098FE00008A00FB07,5,plausible_frame_record_prefix
MARPCK_TBL.decoded.bin,pck_object_0070_part_002_choice_000_frame_007,pck_object_0070,pck_object_0070_part_002,pck_object_0070_part_002_choice_000,0x00A2A4,3,-127,7,0x0708,1800,1800,8,7,part_plus_signed,0x00A004,0x00A70C,yes,FB0310F969007501C4FE1E00FA007DFE,25,byte0_high_bit_set;plausible_object_header;plausible_frame_record_prefix
MARPCK_TBL.decoded.bin,pck_object_0070_part_002_choice_000_frame_007,pck_object_0070,pck_object_0070_part_002,pck_object_0070_part_002_choice_000,0x00A2A4,3,-127,7,0x0708,1800,1800,8,7,frame_plus_signed,0x00A2A4,0x00A9AC,yes,58FE07FE52FF4CFF53FE52FF1EFF92FE,0,in_range_no_structural_match
MARPCK_TBL.decoded.bin,pck_object_0070_part_002_choice_000_frame_007,pck_object_0070,pck_object_0070_part_002,pck_object_0070_part_002_choice_000,0x00A2A4,3,-127,7,0x0708,1800,1800,8,7,payload_plus_signed,0x00A2A6,0x00A9AE,yes,07FE52FF4CFF53FE52FF1EFF92FE52FF,0,in_range_no_structural_match
MARPCK_TBL.decoded.bin,pck_object_0070_part_002_choice_000_frame_008,pck_object_0070,pck_object_0070_part_002,pck_object_0070_part_002_choice_000,0x00A2AC,3,-127,7,0x0008,8,8,8,0,direct_unsigned,0x000000,0x000008,yes,050043000D006F0003009D000100E200,15,plausible_drawable_extents_at_plus6_plus8;plausible_frame_record_prefix
MARPCK_TBL.decoded.bin,pck_object_0070_part_002_choice_000_frame_008,pck_object_0070,pck_object_0070_part_002,pck_object_0070_part_002_choice_000,0x00A2AC,3,-127,7,0x0008,8,8,8,0,direct_signed,0x000000,0x000008,yes,050043000D006F0003009D000100E200,15,plausible_drawable_extents_at_plus6_plus8;plausible_frame_record_prefix
MARPCK_TBL.decoded.bin,pck_object_0070_part_002_choice_000_frame_008,pck_object_0070,pck_object_0070_part_002,pck_object_0070_part_002_choice_000,0x00A2AC,3,-127,7,0x0008,8,8,8,0,object_plus_unsigned,0x009FE6,0x009FEE,yes,000003001400003B2C0001008E010F3B,5,plausible_frame_record_prefix
MARPCK_TBL.decoded.bin,pck_object_0070_part_002_choice_000_frame_008,pck_object_0070,pck_object_0070_part_002,pck_object_0070_part_002_choice_000,0x00A2AC,3,-127,7,0x0008,8,8,8,0,object_plus_signed,0x009FE6,0x009FEE,yes,000003001400003B2C0001008E010F3B,5,plausible_frame_record_prefix
MARPCK_TBL.decoded.bin,pck_object_0070_part_002_choice_000_frame_008,pck_object_0070,pck_object_0070_part_002,pck_object_0070_part_002_choice_000,0x00A2AC,3,-127,7,0x0008,8,8,8,0,block_plus_unsigned,0x009FE0,0x009FE8,yes,170200000000000003001400003B2C00,5,plausible_frame_record_prefix
MARPCK_TBL.decoded.bin,pck_object_0070_part_002_choice_000_frame_008,pck_object_0070,pck_object_0070_part_002,pck_object_0070_part_002_choice_000,0x00A2AC,3,-127,7,0x0008,8,8,8,0,block_plus_signed,0x009FE0,0x009FE8,yes,170200000000000003001400003B2C00,5,plausible_frame_record_prefix
MARPCK_TBL.decoded.bin,pck_object_0070_part_002_choice_000_frame_008,pck_object_0070,pck_object_0070_part_002,pck_object_0070_part_002_choice_000,0x00A2AC,3,-127,7,0x0008,8,8,8,0,part_plus_signed,0x00A004,0x00A00C,yes,00000101FC0752FA5AFF9805EFFFC4FE,5,plausible_frame_record_prefix
MARPCK_TBL.decoded.bin,pck_object_0070_part_002_choice_000_frame_008,pck_object_0070,pck_object_0070_part_002,pck_object_0070_part_002_choice_000,0x00A2AC,3,-127,7,0x0008,8,8,8,0,frame_plus_signed,0x00A2AC,0x00A2B4,yes,0E0326262728292AFF2B2B2C2D2E2FFF,35,exact_frame_record;plausible_frame_record_prefix
MARPCK_TBL.decoded.bin,pck_object_0070_part_002_choice_000_frame_008,pck_object_0070,pck_object_0070_part_002,pck_object_0070_part_002_choice_000,0x00A2AC,3,-127,7,0x0008,8,8,8,0,payload_plus_signed,0x00A2AE,0x00A2B6,yes,26262728292AFF2B2B2C2D2E2FFF2929,0,in_range_no_structural_match
MARPCK_TBL.decoded.bin,pck_object_0070_part_002_choice_000_frame_009,pck_object_0070,pck_object_0070_part_002,pck_object_0070_part_002_choice_000,0x00A2B4,3,38,38,0x2827,10279,10279,39,40,direct_unsigned,0x000000,0x002827,yes,05FF04040A1511FF0100130200000900,0,in_range_no_structural_match
MARPCK_TBL.decoded.bin,pck_object_0070_part_002_choice_000_frame_009,pck_object_0070,pck_object_0070_part_002,pck_object_0070_part_002_choice_000,0x00A2B4,3,38,38,0x2827,10279,10279,39,40,direct_signed,0x000000,0x002827,yes,05FF04040A1511FF0100130200000900,0,in_range_no_structural_match
MARPCK_TBL.decoded.bin,pck_object_0070_part_002_choice_000_frame_009,pck_object_0070,pck_object_0070_part_002,pck_object_0070_part_002_choice_000,0x00A2B4,3,38,38,0x2827,10279,10279,39,40,object_plus_unsigned,0x009FE6,0x00C80D,no,,0,outside_decoded_stream
MARPCK_TBL.decoded.bin,pck_object_0070_part_002_choice_000_frame_009,pck_object_0070,pck_object_0070_part_002,pck_object_0070_part_002_choice_000,0x00A2B4,3,38,38,0x2827,10279,10279,39,40,object_plus_signed,0x009FE6,0x00C80D,no,,0,outside_decoded_stream
MARPCK_TBL.decoded.bin,pck_object_0070_part_002_choice_000_frame_009,pck_object_0070,pck_object_0070_part_002,pck_object_0070_part_002_choice_000,0x00A2B4,3,38,38,0x2827,10279,10279,39,40,block_plus_unsigned,0x009FE0,0x00C807,no,,0,outside_decoded_stream
MARPCK_TBL.decoded.bin,pck_object_0070_part_002_choice_000_frame_009,pck_object_0070,pck_object_0070_part_002,pck_object_0070_part_002_choice_000,0x00A2B4,3,38,38,0x2827,10279,10279,39,40,block_plus_signed,0x009FE0,0x00C807,no,,0,outside_decoded_stream
MARPCK_TBL.decoded.bin,pck_object_0070_part_002_choice_000_frame_009,pck_object_0070,pck_object_0070_part_002,pck_object_0070_part_002_choice_000,0x00A2B4,3,38,38,0x2827,10279,10279,39,40,part_plus_signed,0x00A004,0x00C82B,no,,0,outside_decoded_stream
MARPCK_TBL.decoded.bin,pck_object_0070_part_002_choice_000_frame_009,pck_object_0070,pck_object_0070_part_002,pck_object_0070_part_002_choice_000,0x00A2B4,3,38,38,0x2827,10279,10279,39,40,frame_plus_signed,0x00A2B4,0x00CADB,no,,0,outside_decoded_stream
MARPCK_TBL.decoded.bin,pck_object_0070_part_002_choice_000_frame_009,pck_object_0070,pck_object_0070_part_002,pck_object_0070_part_002_choice_000,0x00A2B4,3,38,38,0x2827,10279,10279,39,40,payload_plus_signed,0x00A2B6,0x00CADD,no,,0,outside_decoded_stream
MARPCK_TBL.decoded.bin,pck_object_0078_part_003_choice_000_frame_005,pck_object_0078,pck_object_0078_part_003,pck_object_0078_part_003_choice_000,0x00C1C3,3,4,5,0x06FF,1791,1791,255,6,direct_unsigned,0x000000,0x0006FF,yes,780200000000000003001B0000343300,5,plausible_frame_record_prefix
MARPCK_TBL.decoded.bin,pck_object_0078_part_003_choice_000_frame_005,pck_object_0078,pck_object_0078_part_003,pck_object_0078_part_003_choice_000,0x00C1C3,3,4,5,0x06FF,1791,1791,255,6,direct_signed,0x000000,0x0006FF,yes,780200000000000003001B0000343300,5,plausible_frame_record_prefix
MARPCK_TBL.decoded.bin,pck_object_0078_part_003_choice_000_frame_005,pck_object_0078,pck_object_0078_part_003,pck_object_0078_part_003_choice_000,0x00C1C3,3,4,5,0x06FF,1791,1791,255,6,object_plus_unsigned,0x00BD1A,0x00C419,yes,FF0000330354070000340786FC000049,10,byte0_high_bit_set;plausible_frame_record_prefix
MARPCK_TBL.decoded.bin,pck_object_0078_part_003_choice_000_frame_005,pck_object_0078,pck_object_0078_part_003,pck_object_0078_part_003_choice_000,0x00C1C3,3,4,5,0x06FF,1791,1791,255,6,object_plus_signed,0x00BD1A,0x00C419,yes,FF0000330354070000340786FC000049,10,byte0_high_bit_set;plausible_frame_record_prefix
MARPCK_TBL.decoded.bin,pck_object_0078_part_003_choice_000_frame_005,pck_object_0078,pck_object_0078_part_003,pck_object_0078_part_003_choice_000,0x00C1C3,3,4,5,0x06FF,1791,1791,255,6,block_plus_unsigned,0x00BD10,0x00C40F,yes,FF7E0047FF3DFF78000BFF0000330354,5,byte0_high_bit_set
MARPCK_TBL.decoded.bin,pck_object_0078_part_003_choice_000_frame_005,pck_object_0078,pck_object_0078_part_003,pck_object_0078_part_003_choice_000,0x00C1C3,3,4,5,0x06FF,1791,1791,255,6,block_plus_signed,0x00BD10,0x00C40F,yes,FF7E0047FF3DFF78000BFF0000330354,5,byte0_high_bit_set
MARPCK_TBL.decoded.bin,pck_object_0078_part_003_choice_000_frame_005,pck_object_0078,pck_object_0078_part_003,pck_object_0078_part_003_choice_000,0x00C1C3,3,4,5,0x06FF,1791,1791,255,6,part_plus_signed,0x00BD40,0x00C43F,yes,008000000000FFEE008009070000FFF2,0,in_range_no_structural_match
MARPCK_TBL.decoded.bin,pck_object_0078_part_003_choice_000_frame_005,pck_object_0078,pck_object_0078_part_003,pck_object_0078_part_003_choice_000,0x00C1C3,3,4,5,0x06FF,1791,1791,255,6,frame_plus_signed,0x00C1C3,0x00C8C2,no,,0,outside_decoded_stream
MARPCK_TBL.decoded.bin,pck_object_0078_part_003_choice_000_frame_005,pck_object_0078,pck_object_0078_part_003,pck_object_0078_part_003_choice_000,0x00C1C3,3,4,5,0x06FF,1791,1791,255,6,payload_plus_signed,0x00C1C5,0x00C8C4,no,,0,outside_decoded_stream
