source_file,record_id,object_id,part_id,frame_table_id,frame_abs_hex,frame_type,dx,dy,shape_ref_hex,shape_ref_unsigned,shape_ref_signed,shape_ref_low_byte,shape_ref_high_byte,candidate_kind,base_hex,target_hex,target_in_range,target_first_16_hex,score,evidence
PHAPCK_TBL.decoded.bin,pck_object_0001_part_000_choice_000_frame_008,pck_object_0001,pck_object_0001_part_000,pck_object_0001_part_000_choice_000,0x000BDB,3,2,-1,0x0001,1,1,1,0,direct_unsigned,0x000000,0x000001,yes,001E000A003100060045000F005A0008,0,in_range_no_structural_match
PHAPCK_TBL.decoded.bin,pck_object_0001_part_000_choice_000_frame_008,pck_object_0001,pck_object_0001_part_000,pck_object_0001_part_000_choice_000,0x000BDB,3,2,-1,0x0001,1,1,1,0,direct_signed,0x000000,0x000001,yes,001E000A003100060045000F005A0008,0,in_range_no_structural_match
PHAPCK_TBL.decoded.bin,pck_object_0001_part_000_choice_000_frame_008,pck_object_0001,pck_object_0001_part_000,pck_object_0001_part_000_choice_000,0x000BDB,3,2,-1,0x0001,1,1,1,0,object_plus_unsigned,0x00031A,0x00031B,yes,002F0100000000000002001800001628,0,in_range_no_structural_match
PHAPCK_TBL.decoded.bin,pck_object_0001_part_000_choice_000_frame_008,pck_object_0001,pck_object_0001_part_000,pck_object_0001_part_000_choice_000,0x000BDB,3,2,-1,0x0001,1,1,1,0,object_plus_signed,0x00031A,0x00031B,yes,002F0100000000000002001800001628,0,in_range_no_structural_match
PHAPCK_TBL.decoded.bin,pck_object_0001_part_000_choice_000_frame_008,pck_object_0001,pck_object_0001_part_000,pck_object_0001_part_000_choice_000,0x000BDB,3,2,-1,0x0001,1,1,1,0,block_plus_unsigned,0x000310,0x000311,yes,120A08FF130F070BFF80002F01000000,0,in_range_no_structural_match
PHAPCK_TBL.decoded.bin,pck_object_0001_part_000_choice_000_frame_008,pck_object_0001,pck_object_0001_part_000,pck_object_0001_part_000_choice_000,0x000BDB,3,2,-1,0x0001,1,1,1,0,block_plus_signed,0x000310,0x000311,yes,120A08FF130F070BFF80002F01000000,0,in_range_no_structural_match
PHAPCK_TBL.decoded.bin,pck_object_0001_part_000_choice_000_frame_008,pck_object_0001,pck_object_0001_part_000,pck_object_0001_part_000_choice_000,0x000BDB,3,2,-1,0x0001,1,1,1,0,part_plus_signed,0x000328,0x000329,yes,1628000100AC000E1628000100F900E8,0,in_range_no_structural_match
PHAPCK_TBL.decoded.bin,pck_object_0001_part_000_choice_000_frame_008,pck_object_0001,pck_object_0001_part_000,pck_object_0001_part_000_choice_000,0x000BDB,3,2,-1,0x0001,1,1,1,0,frame_plus_signed,0x000BDB,0x000BDC,yes,0302FF01000301000005000B01000C81,5,plausible_frame_record_prefix
PHAPCK_TBL.decoded.bin,pck_object_0001_part_000_choice_000_frame_008,pck_object_0001,pck_object_0001_part_000,pck_object_0001_part_000_choice_000,0x000BDB,3,2,-1,0x0001,1,1,1,0,payload_plus_signed,0x000BDD,0x000BDE,yes,FF01000301000005000B01000C810303,25,byte0_high_bit_set;plausible_object_header;plausible_frame_record_prefix
PHAPCK_TBL.decoded.bin,pck_object_0001_part_000_choice_000_frame_010,pck_object_0001,pck_object_0001_part_000,pck_object_0001_part_000_choice_000,0x000BEB,3,3,3,0x0F03,3843,3843,3,15,direct_unsigned,0x000000,0x000F03,yes,00000028F86FFE7EFFF6FF500056FFF6,35,exact_frame_record;plausible_frame_record_prefix
PHAPCK_TBL.decoded.bin,pck_object_0001_part_000_choice_000_frame_010,pck_object_0001,pck_object_0001_part_000,pck_object_0001_part_000_choice_000,0x000BEB,3,3,3,0x0F03,3843,3843,3,15,direct_signed,0x000000,0x000F03,yes,00000028F86FFE7EFFF6FF500056FFF6,35,exact_frame_record;plausible_frame_record_prefix
PHAPCK_TBL.decoded.bin,pck_object_0001_part_000_choice_000_frame_010,pck_object_0001,pck_object_0001_part_000,pck_object_0001_part_000_choice_000,0x000BEB,3,3,3,0x0F03,3843,3843,3,15,object_plus_unsigned,0x00031A,0x00121D,yes,05FF04080A05FF0B070302FF0100FD00,0,in_range_no_structural_match
PHAPCK_TBL.decoded.bin,pck_object_0001_part_000_choice_000_frame_010,pck_object_0001,pck_object_0001_part_000,pck_object_0001_part_000_choice_000,0x000BEB,3,3,3,0x0F03,3843,3843,3,15,object_plus_signed,0x00031A,0x00121D,yes,05FF04080A05FF0B070302FF0100FD00,0,in_range_no_structural_match
PHAPCK_TBL.decoded.bin,pck_object_0001_part_000_choice_000_frame_010,pck_object_0001,pck_object_0001_part_000,pck_object_0001_part_000_choice_000,0x000BEB,3,3,3,0x0F03,3843,3843,3,15,block_plus_unsigned,0x000310,0x001213,yes,05FF07080403FF0A0B0205FF04080A05,30,exact_frame_record
PHAPCK_TBL.decoded.bin,pck_object_0001_part_000_choice_000_frame_010,pck_object_0001,pck_object_0001_part_000,pck_object_0001_part_000_choice_000,0x000BEB,3,3,3,0x0F03,3843,3843,3,15,block_plus_signed,0x000310,0x001213,yes,05FF07080403FF0A0B0205FF04080A05,30,exact_frame_record
PHAPCK_TBL.decoded.bin,pck_object_0001_part_000_choice_000_frame_010,pck_object_0001,pck_object_0001_part_000,pck_object_0001_part_000_choice_000,0x000BEB,3,3,3,0x0F03,3843,3843,3,15,part_plus_signed,0x000328,0x00122B,yes,FD00000005000501000C81030303030F,40,exact_frame_record;byte0_high_bit_set;plausible_frame_record_prefix
PHAPCK_TBL.decoded.bin,pck_object_0001_part_000_choice_000_frame_010,pck_object_0001,pck_object_0001_part_000,pck_object_0001_part_000_choice_000,0x000BEB,3,3,3,0x0F03,3843,3843,3,15,frame_plus_signed,0x000BEB,0x001AEE,yes,02050A0BFF020B0703FF0504080AFF01,0,in_range_no_structural_match
PHAPCK_TBL.decoded.bin,pck_object_0001_part_000_choice_000_frame_010,pck_object_0001,pck_object_0001_part_000,pck_object_0001_part_000_choice_000,0x000BEB,3,3,3,0x0F03,3843,3843,3,15,payload_plus_signed,0x000BED,0x001AF0,yes,0A0BFF020B0703FF0504080AFF010001,30,exact_frame_record
PHAPCK_TBL.decoded.bin,pck_object_0001_part_000_choice_000_frame_012,pck_object_0001,pck_object_0001_part_000,pck_object_0001_part_000_choice_000,0x000BFB,3,3,3,0x1503,5379,5379,3,21,direct_unsigned,0x000000,0x001503,yes,0002001800001728000100B2000E1728,5,plausible_frame_record_prefix
PHAPCK_TBL.decoded.bin,pck_object_0001_part_000_choice_000_frame_012,pck_object_0001,pck_object_0001_part_000,pck_object_0001_part_000_choice_000,0x000BFB,3,3,3,0x1503,5379,5379,3,21,direct_signed,0x000000,0x001503,yes,0002001800001728000100B2000E1728,5,plausible_frame_record_prefix
PHAPCK_TBL.decoded.bin,pck_object_0001_part_000_choice_000_frame_012,pck_object_0001,pck_object_0001_part_000,pck_object_0001_part_000_choice_000,0x000BFB,3,3,3,0x1503,5379,5379,3,21,object_plus_unsigned,0x00031A,0x00181D,yes,F86FFF8200D8FF42FF0000000000F801,20,byte0_high_bit_set;plausible_object_header
PHAPCK_TBL.decoded.bin,pck_object_0001_part_000_choice_000_frame_012,pck_object_0001,pck_object_0001_part_000,pck_object_0001_part_000_choice_000,0x000BFB,3,3,3,0x1503,5379,5379,3,21,object_plus_signed,0x00031A,0x00181D,yes,F86FFF8200D8FF42FF0000000000F801,20,byte0_high_bit_set;plausible_object_header
PHAPCK_TBL.decoded.bin,pck_object_0001_part_000_choice_000_frame_012,pck_object_0001,pck_object_0001_part_000,pck_object_0001_part_000_choice_000,0x000BFB,3,3,3,0x1503,5379,5379,3,21,block_plus_unsigned,0x000310,0x001813,yes,FFA000D8FF42FF000006F86FFF8200D8,5,byte0_high_bit_set
PHAPCK_TBL.decoded.bin,pck_object_0001_part_000_choice_000_frame_012,pck_object_0001,pck_object_0001_part_000,pck_object_0001_part_000_choice_000,0x000BFB,3,3,3,0x1503,5379,5379,3,21,block_plus_signed,0x000310,0x001813,yes,FFA000D8FF42FF000006F86FFF8200D8,5,byte0_high_bit_set
PHAPCK_TBL.decoded.bin,pck_object_0001_part_000_choice_000_frame_012,pck_object_0001,pck_object_0001_part_000,pck_object_0001_part_000_choice_000,0x000BFB,3,3,3,0x1503,5379,5379,3,21,part_plus_signed,0x000328,0x00182B,yes,F80100C00000000500C8000301810303,10,byte0_high_bit_set;plausible_frame_record_prefix
PHAPCK_TBL.decoded.bin,pck_object_0001_part_000_choice_000_frame_012,pck_object_0001,pck_object_0001_part_000,pck_object_0001_part_000_choice_000,0x000BFB,3,3,3,0x1503,5379,5379,3,21,frame_plus_signed,0x000BFB,0x0020FE,yes,EFF8BE03D8FF0A00CAFEA6FF0A00CAFE,5,byte0_high_bit_set
PHAPCK_TBL.decoded.bin,pck_object_0001_part_000_choice_000_frame_012,pck_object_0001,pck_object_0001_part_000,pck_object_0001_part_000_choice_000,0x000BFB,3,3,3,0x1503,5379,5379,3,21,payload_plus_signed,0x000BFD,0x002100,yes,BE03D8FF0A00CAFEA6FF0A00CAFE0000,10,byte0_high_bit_set;plausible_frame_record_prefix
PHAPCK_TBL.decoded.bin,pck_object_0001_part_000_choice_000_frame_013,pck_object_0001,pck_object_0001_part_000,pck_object_0001_part_000_choice_000,0x000C03,3,3,3,0x0C03,3075,3075,3,12,direct_unsigned,0x000000,0x000C03,yes,81030303030C42018102020505164701,40,exact_frame_record;byte0_high_bit_set;plausible_frame_record_prefix
PHAPCK_TBL.decoded.bin,pck_object_0001_part_000_choice_000_frame_013,pck_object_0001,pck_object_0001_part_000,pck_object_0001_part_000_choice_000,0x000C03,3,3,3,0x0C03,3075,3075,3,12,direct_signed,0x000000,0x000C03,yes,81030303030C42018102020505164701,40,exact_frame_record;byte0_high_bit_set;plausible_frame_record_prefix
PHAPCK_TBL.decoded.bin,pck_object_0001_part_000_choice_000_frame_013,pck_object_0001,pck_object_0001_part_000,pck_object_0001_part_000_choice_000,0x000C03,3,3,3,0x0C03,3075,3075,3,12,object_plus_unsigned,0x00031A,0x000F1D,yes,F80000000018FC000038FF000048074F,10,byte0_high_bit_set;plausible_frame_record_prefix
PHAPCK_TBL.decoded.bin,pck_object_0001_part_000_choice_000_frame_013,pck_object_0001,pck_object_0001_part_000,pck_object_0001_part_000_choice_000,0x000C03,3,3,3,0x0C03,3075,3075,3,12,object_plus_signed,0x00031A,0x000F1D,yes,F80000000018FC000038FF000048074F,10,byte0_high_bit_set;plausible_frame_record_prefix
PHAPCK_TBL.decoded.bin,pck_object_0001_part_000_choice_000_frame_013,pck_object_0001,pck_object_0001_part_000,pck_object_0001_part_000_choice_000,0x000C03,3,3,3,0x0C03,3075,3075,3,12,block_plus_unsigned,0x000310,0x000F13,yes,FF500000080000000000F80000000018,35,exact_frame_record;byte0_high_bit_set
PHAPCK_TBL.decoded.bin,pck_object_0001_part_000_choice_000_frame_013,pck_object_0001,pck_object_0001_part_000,pck_object_0001_part_000_choice_000,0x000C03,3,3,3,0x0C03,3075,3075,3,12,block_plus_signed,0x000310,0x000F13,yes,FF500000080000000000F80000000018,35,exact_frame_record;byte0_high_bit_set
PHAPCK_TBL.decoded.bin,pck_object_0001_part_000_choice_000_frame_013,pck_object_0001,pck_object_0001_part_000,pck_object_0001_part_000_choice_000,0x000C03,3,3,3,0x0C03,3075,3075,3,12,part_plus_signed,0x000328,0x000F2B,yes,074F0360FF5000F6FF7EFF5000F6FF00,30,exact_frame_record
PHAPCK_TBL.decoded.bin,pck_object_0001_part_000_choice_000_frame_013,pck_object_0001,pck_object_0001_part_000,pck_object_0001_part_000_choice_000,0x000C03,3,3,3,0x0C03,3075,3075,3,12,frame_plus_signed,0x000C03,0x001806,yes,42FF8200ECFF4600FE07DBFFB5FFA000,0,in_range_no_structural_match
PHAPCK_TBL.decoded.bin,pck_object_0001_part_000_choice_000_frame_013,pck_object_0001,pck_object_0001_part_000,pck_object_0001_part_000_choice_000,0x000C03,3,3,3,0x0C03,3075,3075,3,12,payload_plus_signed,0x000C05,0x001808,yes,8200ECFF4600FE07DBFFB5FFA000D8FF,10,byte0_high_bit_set;plausible_frame_record_prefix
PHAPCK_TBL.decoded.bin,pck_object_0001_part_000_choice_000_frame_014,pck_object_0001,pck_object_0001_part_000,pck_object_0001_part_000_choice_000,0x000C0B,2,2,5,0x1605,5637,5637,5,22,direct_unsigned,0x000000,0x001605,yes,0000001238018100000000143D018100,5,plausible_frame_record_prefix
PHAPCK_TBL.decoded.bin,pck_object_0001_part_000_choice_000_frame_014,pck_object_0001,pck_object_0001_part_000,pck_object_0001_part_000_choice_000,0x000C0B,2,2,5,0x1605,5637,5637,5,22,direct_signed,0x000000,0x001605,yes,0000001238018100000000143D018100,5,plausible_frame_record_prefix
PHAPCK_TBL.decoded.bin,pck_object_0001_part_000_choice_000_frame_014,pck_object_0001,pck_object_0001_part_000,pck_object_0001_part_000_choice_000,0x000C0B,2,2,5,0x1605,5637,5637,5,22,object_plus_unsigned,0x00031A,0x00191F,yes,FFAA00E2FF50008200E2FF500000F800,5,byte0_high_bit_set
PHAPCK_TBL.decoded.bin,pck_object_0001_part_000_choice_000_frame_014,pck_object_0001,pck_object_0001_part_000,pck_object_0001_part_000_choice_000,0x000C0B,2,2,5,0x1605,5637,5637,5,22,object_plus_signed,0x00031A,0x00191F,yes,FFAA00E2FF50008200E2FF500000F800,5,byte0_high_bit_set
PHAPCK_TBL.decoded.bin,pck_object_0001_part_000_choice_000_frame_014,pck_object_0001,pck_object_0001_part_000,pck_object_0001_part_000_choice_000,0x000C0B,2,2,5,0x1605,5637,5637,5,22,block_plus_unsigned,0x000310,0x001915,yes,000A005000000005F878FFAA00E2FF50,0,in_range_no_structural_match
PHAPCK_TBL.decoded.bin,pck_object_0001_part_000_choice_000_frame_014,pck_object_0001,pck_object_0001_part_000,pck_object_0001_part_000_choice_000,0x000C0B,2,2,5,0x1605,5637,5637,5,22,block_plus_signed,0x000310,0x001915,yes,000A005000000005F878FFAA00E2FF50,0,in_range_no_structural_match
PHAPCK_TBL.decoded.bin,pck_object_0001_part_000_choice_000_frame_014,pck_object_0001,pck_object_0001_part_000,pck_object_0001_part_000_choice_000,0x000C0B,2,2,5,0x1605,5637,5637,5,22,part_plus_signed,0x000328,0x00192D,yes,F800000000000800000000E803000038,10,byte0_high_bit_set;plausible_frame_record_prefix
PHAPCK_TBL.decoded.bin,pck_object_0001_part_000_choice_000_frame_014,pck_object_0001,pck_object_0001_part_000,pck_object_0001_part_000_choice_000,0x000C0B,2,2,5,0x1605,5637,5637,5,22,frame_plus_signed,0x000C0B,0x002210,yes,00E2FF00001B06D6FAA6FF74FF06FFD8,0,in_range_no_structural_match
PHAPCK_TBL.decoded.bin,pck_object_0001_part_000_choice_000_frame_014,pck_object_0001,pck_object_0001_part_000,pck_object_0001_part_000_choice_000,0x000C0B,2,2,5,0x1605,5637,5637,5,22,payload_plus_signed,0x000C0D,0x002212,yes,FF00001B06D6FAA6FF74FF06FFD8FF74,10,byte0_high_bit_set;plausible_frame_record_prefix
PHAPCK_TBL.decoded.bin,pck_object_0001_part_000_choice_000_frame_041,pck_object_0001,pck_object_0001_part_000,pck_object_0001_part_000_choice_000,0x000CE3,3,1,-24,0x8100,33024,-32512,0,129,direct_unsigned,0x000000,0x008100,yes,AAFFA0003C001AFF000058FA58FA8200,5,byte0_high_bit_set
PHAPCK_TBL.decoded.bin,pck_object_0001_part_000_choice_000_frame_041,pck_object_0001,pck_object_0001_part_000,pck_object_0001_part_000_choice_000,0x000CE3,3,1,-24,0x8100,33024,-32512,0,129,direct_signed,0x000000,-0x007F00,no,,0,outside_decoded_stream
PHAPCK_TBL.decoded.bin,pck_object_0001_part_000_choice_000_frame_041,pck_object_0001,pck_object_0001_part_000,pck_object_0001_part_000_choice_000,0x000CE3,3,1,-24,0x8100,33024,-32512,0,129,object_plus_unsigned,0x00031A,0x00841A,yes,100807FF120A0810FF0B0A1214FF070B,30,exact_frame_record
PHAPCK_TBL.decoded.bin,pck_object_0001_part_000_choice_000_frame_041,pck_object_0001,pck_object_0001_part_000,pck_object_0001_part_000_choice_000,0x000CE3,3,1,-24,0x8100,33024,-32512,0,129,object_plus_signed,0x00031A,-0x007BE6,no,,0,outside_decoded_stream
PHAPCK_TBL.decoded.bin,pck_object_0001_part_000_choice_000_frame_041,pck_object_0001,pck_object_0001_part_000,pck_object_0001_part_000_choice_000,0x000CE3,3,1,-24,0x8100,33024,-32512,0,129,block_plus_unsigned,0x000310,0x008410,yes,018100000000153D010F100807FF120A,0,in_range_no_structural_match
PHAPCK_TBL.decoded.bin,pck_object_0001_part_000_choice_000_frame_041,pck_object_0001,pck_object_0001_part_000,pck_object_0001_part_000_choice_000,0x000CE3,3,1,-24,0x8100,33024,-32512,0,129,block_plus_signed,0x000310,-0x007BF0,no,,0,outside_decoded_stream
PHAPCK_TBL.decoded.bin,pck_object_0001_part_000_choice_000_frame_041,pck_object_0001,pck_object_0001_part_000,pck_object_0001_part_000_choice_000,0x000CE3,3,1,-24,0x8100,33024,-32512,0,129,part_plus_signed,0x000328,-0x007BD8,no,,0,outside_decoded_stream
PHAPCK_TBL.decoded.bin,pck_object_0001_part_000_choice_000_frame_041,pck_object_0001,pck_object_0001_part_000,pck_object_0001_part_000_choice_000,0x000CE3,3,1,-24,0x8100,33024,-32512,0,129,frame_plus_signed,0x000CE3,-0x00721D,no,,0,outside_decoded_stream
PHAPCK_TBL.decoded.bin,pck_object_0001_part_000_choice_000_frame_041,pck_object_0001,pck_object_0001_part_000,pck_object_0001_part_000_choice_000,0x000CE3,3,1,-24,0x8100,33024,-32512,0,129,payload_plus_signed,0x000CE5,-0x00721B,no,,0,outside_decoded_stream
PHAPCK_TBL.decoded.bin,pck_object_0001_part_000_choice_000_frame_044,pck_object_0001,pck_object_0001_part_000,pck_object_0001_part_000_choice_000,0x000CFB,3,12,-9,0x8100,33024,-32512,0,129,direct_unsigned,0x000000,0x008100,yes,AAFFA0003C001AFF000058FA58FA8200,5,byte0_high_bit_set
PHAPCK_TBL.decoded.bin,pck_object_0001_part_000_choice_000_frame_044,pck_object_0001,pck_object_0001_part_000,pck_object_0001_part_000_choice_000,0x000CFB,3,12,-9,0x8100,33024,-32512,0,129,direct_signed,0x000000,-0x007F00,no,,0,outside_decoded_stream
PHAPCK_TBL.decoded.bin,pck_object_0001_part_000_choice_000_frame_044,pck_object_0001,pck_object_0001_part_000,pck_object_0001_part_000_choice_000,0x000CFB,3,12,-9,0x8100,33024,-32512,0,129,object_plus_unsigned,0x00031A,0x00841A,yes,100807FF120A0810FF0B0A1214FF070B,30,exact_frame_record
PHAPCK_TBL.decoded.bin,pck_object_0001_part_000_choice_000_frame_044,pck_object_0001,pck_object_0001_part_000,pck_object_0001_part_000_choice_000,0x000CFB,3,12,-9,0x8100,33024,-32512,0,129,object_plus_signed,0x00031A,-0x007BE6,no,,0,outside_decoded_stream
PHAPCK_TBL.decoded.bin,pck_object_0001_part_000_choice_000_frame_044,pck_object_0001,pck_object_0001_part_000,pck_object_0001_part_000_choice_000,0x000CFB,3,12,-9,0x8100,33024,-32512,0,129,block_plus_unsigned,0x000310,0x008410,yes,018100000000153D010F100807FF120A,0,in_range_no_structural_match
PHAPCK_TBL.decoded.bin,pck_object_0001_part_000_choice_000_frame_044,pck_object_0001,pck_object_0001_part_000,pck_object_0001_part_000_choice_000,0x000CFB,3,12,-9,0x8100,33024,-32512,0,129,block_plus_signed,0x000310,-0x007BF0,no,,0,outside_decoded_stream
PHAPCK_TBL.decoded.bin,pck_object_0001_part_000_choice_000_frame_044,pck_object_0001,pck_object_0001_part_000,pck_object_0001_part_000_choice_000,0x000CFB,3,12,-9,0x8100,33024,-32512,0,129,part_plus_signed,0x000328,-0x007BD8,no,,0,outside_decoded_stream
PHAPCK_TBL.decoded.bin,pck_object_0001_part_000_choice_000_frame_044,pck_object_0001,pck_object_0001_part_000,pck_object_0001_part_000_choice_000,0x000CFB,3,12,-9,0x8100,33024,-32512,0,129,frame_plus_signed,0x000CFB,-0x007205,no,,0,outside_decoded_stream
PHAPCK_TBL.decoded.bin,pck_object_0001_part_000_choice_000_frame_044,pck_object_0001,pck_object_0001_part_000,pck_object_0001_part_000_choice_000,0x000CFB,3,12,-9,0x8100,33024,-32512,0,129,payload_plus_signed,0x000CFD,-0x007203,no,,0,outside_decoded_stream
PHAPCK_TBL.decoded.bin,pck_object_0001_part_000_choice_000_frame_045,pck_object_0001,pck_object_0001_part_000,pck_object_0001_part_000_choice_000,0x000D03,3,13,-4,0x0200,512,512,0,2,direct_unsigned,0x000000,0x000200,yes,ED0018FC000000000000F8026D0756FF,10,byte0_high_bit_set;plausible_frame_record_prefix
PHAPCK_TBL.decoded.bin,pck_object_0001_part_000_choice_000_frame_045,pck_object_0001,pck_object_0001_part_000,pck_object_0001_part_000_choice_000,0x000D03,3,13,-4,0x0200,512,512,0,2,direct_signed,0x000000,0x000200,yes,ED0018FC000000000000F8026D0756FF,10,byte0_high_bit_set;plausible_frame_record_prefix
PHAPCK_TBL.decoded.bin,pck_object_0001_part_000_choice_000_frame_045,pck_object_0001,pck_object_0001_part_000,pck_object_0001_part_000_choice_000,0x000D03,3,13,-4,0x0200,512,512,0,2,object_plus_unsigned,0x00031A,0x00051A,yes,0000000B2A0181000000000E2F018107,5,plausible_frame_record_prefix
PHAPCK_TBL.decoded.bin,pck_object_0001_part_000_choice_000_frame_045,pck_object_0001,pck_object_0001_part_000,pck_object_0001_part_000_choice_000,0x000D03,3,13,-4,0x0200,512,512,0,2,object_plus_signed,0x00031A,0x00051A,yes,0000000B2A0181000000000E2F018107,5,plausible_frame_record_prefix
PHAPCK_TBL.decoded.bin,pck_object_0001_part_000_choice_000_frame_045,pck_object_0001,pck_object_0001_part_000,pck_object_0001_part_000_choice_000,0x000D03,3,13,-4,0x0200,512,512,0,2,block_plus_unsigned,0x000310,0x000510,yes,810707050506250181000000000B2A01,30,byte0_high_bit_set;plausible_object_header;plausible_drawable_extents_at_plus6_plus8
PHAPCK_TBL.decoded.bin,pck_object_0001_part_000_choice_000_frame_045,pck_object_0001,pck_object_0001_part_000,pck_object_0001_part_000_choice_000,0x000D03,3,13,-4,0x0200,512,512,0,2,block_plus_signed,0x000310,0x000510,yes,810707050506250181000000000B2A01,30,byte0_high_bit_set;plausible_object_header;plausible_drawable_extents_at_plus6_plus8
PHAPCK_TBL.decoded.bin,pck_object_0001_part_000_choice_000_frame_045,pck_object_0001,pck_object_0001_part_000,pck_object_0001_part_000_choice_000,0x000D03,3,13,-4,0x0200,512,512,0,2,part_plus_signed,0x000328,0x000528,yes,810707050511340181080800000E3901,20,byte0_high_bit_set;plausible_object_header
PHAPCK_TBL.decoded.bin,pck_object_0001_part_000_choice_000_frame_045,pck_object_0001,pck_object_0001_part_000,pck_object_0001_part_000_choice_000,0x000D03,3,13,-4,0x0200,512,512,0,2,frame_plus_signed,0x000D03,0x000F03,yes,00000028F86FFE7EFFF6FF500056FFF6,35,exact_frame_record;plausible_frame_record_prefix
PHAPCK_TBL.decoded.bin,pck_object_0001_part_000_choice_000_frame_045,pck_object_0001,pck_object_0001_part_000,pck_object_0001_part_000_choice_000,0x000D03,3,13,-4,0x0200,512,512,0,2,payload_plus_signed,0x000D05,0x000F05,yes,0028F86FFE7EFFF6FF500056FFF6FF50,0,in_range_no_structural_match
PHAPCK_TBL.decoded.bin,pck_object_0001_part_000_choice_000_frame_047,pck_object_0001,pck_object_0001_part_000,pck_object_0001_part_000_choice_000,0x000D13,2,5,-1,0x0804,2052,2052,4,8,direct_unsigned,0x000000,0x000804,yes,00000A000C0181088108080000015C01,5,plausible_frame_record_prefix
PHAPCK_TBL.decoded.bin,pck_object_0001_part_000_choice_000_frame_047,pck_object_0001,pck_object_0001_part_000,pck_object_0001_part_000_choice_000,0x000D13,2,5,-1,0x0804,2052,2052,4,8,direct_signed,0x000000,0x000804,yes,00000A000C0181088108080000015C01,5,plausible_frame_record_prefix
PHAPCK_TBL.decoded.bin,pck_object_0001_part_000_choice_000_frame_047,pck_object_0001,pck_object_0001_part_000,pck_object_0001_part_000_choice_000,0x000D13,2,5,-1,0x0804,2052,2052,4,8,object_plus_unsigned,0x00031A,0x000B1E,yes,DC007EFF2800DC007EFFF6FFDC000000,10,byte0_high_bit_set;plausible_frame_record_prefix
PHAPCK_TBL.decoded.bin,pck_object_0001_part_000_choice_000_frame_047,pck_object_0001,pck_object_0001_part_000,pck_object_0001_part_000_choice_000,0x000D13,2,5,-1,0x0804,2052,2052,4,8,object_plus_signed,0x00031A,0x000B1E,yes,DC007EFF2800DC007EFFF6FFDC000000,10,byte0_high_bit_set;plausible_frame_record_prefix
PHAPCK_TBL.decoded.bin,pck_object_0001_part_000_choice_000_frame_047,pck_object_0001,pck_object_0001_part_000,pck_object_0001_part_000_choice_000,0x000D13,2,5,-1,0x0804,2052,2052,4,8,block_plus_unsigned,0x000310,0x000B14,yes,56FFF6FFDC0056FF2800DC007EFF2800,0,in_range_no_structural_match
PHAPCK_TBL.decoded.bin,pck_object_0001_part_000_choice_000_frame_047,pck_object_0001,pck_object_0001_part_000,pck_object_0001_part_000_choice_000,0x000D13,2,5,-1,0x0804,2052,2052,4,8,block_plus_signed,0x000310,0x000B14,yes,56FFF6FFDC0056FF2800DC007EFF2800,0,in_range_no_structural_match
PHAPCK_TBL.decoded.bin,pck_object_0001_part_000_choice_000_frame_047,pck_object_0001,pck_object_0001_part_000,pck_object_0001_part_000_choice_000,0x000D13,2,5,-1,0x0804,2052,2052,4,8,part_plus_signed,0x000328,0x000B2C,yes,00008407BB0256FF50006E007EFF5000,5,plausible_frame_record_prefix
PHAPCK_TBL.decoded.bin,pck_object_0001_part_000_choice_000_frame_047,pck_object_0001,pck_object_0001_part_000,pck_object_0001_part_000_choice_000,0x000D13,2,5,-1,0x0804,2052,2052,4,8,frame_plus_signed,0x000D13,0x001517,yes,00E803000000000000930327078200D8,0,in_range_no_structural_match
PHAPCK_TBL.decoded.bin,pck_object_0001_part_000_choice_000_frame_047,pck_object_0001,pck_object_0001_part_000,pck_object_0001_part_000_choice_000,0x000D13,2,5,-1,0x0804,2052,2052,4,8,payload_plus_signed,0x000D15,0x001519,yes,03000000000000930327078200D8FFFA,5,plausible_frame_record_prefix
PHAPCK_TBL.decoded.bin,pck_object_0001_part_000_choice_000_frame_081,pck_object_0001,pck_object_0001_part_000,pck_object_0001_part_000_choice_000,0x000E23,3,3,3,0xEA01,59905,-5631,1,234,direct_unsigned,0x000000,0x00EA01,no,,0,outside_decoded_stream
PHAPCK_TBL.decoded.bin,pck_object_0001_part_000_choice_000_frame_081,pck_object_0001,pck_object_0001_part_000,pck_object_0001_part_000_choice_000,0x000E23,3,3,3,0xEA01,59905,-5631,1,234,direct_signed,0x000000,-0x0015FF,no,,0,outside_decoded_stream
PHAPCK_TBL.decoded.bin,pck_object_0001_part_000_choice_000_frame_081,pck_object_0001,pck_object_0001_part_000,pck_object_0001_part_000_choice_000,0x000E23,3,3,3,0xEA01,59905,-5631,1,234,object_plus_unsigned,0x00031A,0x00ED1B,no,,0,outside_decoded_stream
PHAPCK_TBL.decoded.bin,pck_object_0001_part_000_choice_000_frame_081,pck_object_0001,pck_object_0001_part_000,pck_object_0001_part_000_choice_000,0x000E23,3,3,3,0xEA01,59905,-5631,1,234,object_plus_signed,0x00031A,-0x0012E5,no,,0,outside_decoded_stream
PHAPCK_TBL.decoded.bin,pck_object_0001_part_000_choice_000_frame_081,pck_object_0001,pck_object_0001_part_000,pck_object_0001_part_000_choice_000,0x000E23,3,3,3,0xEA01,59905,-5631,1,234,block_plus_unsigned,0x000310,0x00ED11,no,,0,outside_decoded_stream
PHAPCK_TBL.decoded.bin,pck_object_0001_part_000_choice_000_frame_081,pck_object_0001,pck_object_0001_part_000,pck_object_0001_part_000_choice_000,0x000E23,3,3,3,0xEA01,59905,-5631,1,234,block_plus_signed,0x000310,-0x0012EF,no,,0,outside_decoded_stream
PHAPCK_TBL.decoded.bin,pck_object_0001_part_000_choice_000_frame_081,pck_object_0001,pck_object_0001_part_000,pck_object_0001_part_000_choice_000,0x000E23,3,3,3,0xEA01,59905,-5631,1,234,part_plus_signed,0x000328,-0x0012D7,no,,0,outside_decoded_stream
PHAPCK_TBL.decoded.bin,pck_object_0001_part_000_choice_000_frame_081,pck_object_0001,pck_object_0001_part_000,pck_object_0001_part_000_choice_000,0x000E23,3,3,3,0xEA01,59905,-5631,1,234,frame_plus_signed,0x000E23,-0x0007DC,no,,0,outside_decoded_stream
PHAPCK_TBL.decoded.bin,pck_object_0001_part_000_choice_000_frame_081,pck_object_0001,pck_object_0001_part_000,pck_object_0001_part_000_choice_000,0x000E23,3,3,3,0xEA01,59905,-5631,1,234,payload_plus_signed,0x000E25,-0x0007DA,no,,0,outside_decoded_stream
PHAPCK_TBL.decoded.bin,pck_object_0001_part_000_choice_000_frame_082,pck_object_0001,pck_object_0001_part_000,pck_object_0001_part_000_choice_000,0x000E2B,2,5,5,0xEF06,61190,-4346,6,239,direct_unsigned,0x000000,0x00EF06,no,,0,outside_decoded_stream
PHAPCK_TBL.decoded.bin,pck_object_0001_part_000_choice_000_frame_082,pck_object_0001,pck_object_0001_part_000,pck_object_0001_part_000_choice_000,0x000E2B,2,5,5,0xEF06,61190,-4346,6,239,direct_signed,0x000000,-0x0010FA,no,,0,outside_decoded_stream
PHAPCK_TBL.decoded.bin,pck_object_0001_part_000_choice_000_frame_082,pck_object_0001,pck_object_0001_part_000,pck_object_0001_part_000_choice_000,0x000E2B,2,5,5,0xEF06,61190,-4346,6,239,object_plus_unsigned,0x00031A,0x00F220,no,,0,outside_decoded_stream
PHAPCK_TBL.decoded.bin,pck_object_0001_part_000_choice_000_frame_082,pck_object_0001,pck_object_0001_part_000,pck_object_0001_part_000_choice_000,0x000E2B,2,5,5,0xEF06,61190,-4346,6,239,object_plus_signed,0x00031A,-0x000DE0,no,,0,outside_decoded_stream
PHAPCK_TBL.decoded.bin,pck_object_0001_part_000_choice_000_frame_082,pck_object_0001,pck_object_0001_part_000,pck_object_0001_part_000_choice_000,0x000E2B,2,5,5,0xEF06,61190,-4346,6,239,block_plus_unsigned,0x000310,0x00F216,no,,0,outside_decoded_stream
PHAPCK_TBL.decoded.bin,pck_object_0001_part_000_choice_000_frame_082,pck_object_0001,pck_object_0001_part_000,pck_object_0001_part_000_choice_000,0x000E2B,2,5,5,0xEF06,61190,-4346,6,239,block_plus_signed,0x000310,-0x000DEA,no,,0,outside_decoded_stream
PHAPCK_TBL.decoded.bin,pck_object_0001_part_000_choice_000_frame_082,pck_object_0001,pck_object_0001_part_000,pck_object_0001_part_000_choice_000,0x000E2B,2,5,5,0xEF06,61190,-4346,6,239,part_plus_signed,0x000328,-0x000DD2,no,,0,outside_decoded_stream
PHAPCK_TBL.decoded.bin,pck_object_0001_part_000_choice_000_frame_082,pck_object_0001,pck_object_0001_part_000,pck_object_0001_part_000_choice_000,0x000E2B,2,5,5,0xEF06,61190,-4346,6,239,frame_plus_signed,0x000E2B,-0x0002CF,no,,0,outside_decoded_stream
PHAPCK_TBL.decoded.bin,pck_object_0001_part_000_choice_000_frame_082,pck_object_0001,pck_object_0001_part_000,pck_object_0001_part_000_choice_000,0x000E2B,2,5,5,0xEF06,61190,-4346,6,239,payload_plus_signed,0x000E2D,-0x0002CD,no,,0,outside_decoded_stream
PHAPCK_TBL.decoded.bin,pck_object_0001_part_000_choice_000_frame_083,pck_object_0001,pck_object_0001_part_000,pck_object_0001_part_000_choice_000,0x000E33,2,5,5,0xF409,62473,-3063,9,244,direct_unsigned,0x000000,0x00F409,no,,0,outside_decoded_stream
PHAPCK_TBL.decoded.bin,pck_object_0001_part_000_choice_000_frame_083,pck_object_0001,pck_object_0001_part_000,pck_object_0001_part_000_choice_000,0x000E33,2,5,5,0xF409,62473,-3063,9,244,direct_signed,0x000000,-0x000BF7,no,,0,outside_decoded_stream
PHAPCK_TBL.decoded.bin,pck_object_0001_part_000_choice_000_frame_083,pck_object_0001,pck_object_0001_part_000,pck_object_0001_part_000_choice_000,0x000E33,2,5,5,0xF409,62473,-3063,9,244,object_plus_unsigned,0x00031A,0x00F723,no,,0,outside_decoded_stream
PHAPCK_TBL.decoded.bin,pck_object_0001_part_000_choice_000_frame_083,pck_object_0001,pck_object_0001_part_000,pck_object_0001_part_000_choice_000,0x000E33,2,5,5,0xF409,62473,-3063,9,244,object_plus_signed,0x00031A,-0x0008DD,no,,0,outside_decoded_stream
PHAPCK_TBL.decoded.bin,pck_object_0001_part_000_choice_000_frame_083,pck_object_0001,pck_object_0001_part_000,pck_object_0001_part_000_choice_000,0x000E33,2,5,5,0xF409,62473,-3063,9,244,block_plus_unsigned,0x000310,0x00F719,no,,0,outside_decoded_stream
PHAPCK_TBL.decoded.bin,pck_object_0001_part_000_choice_000_frame_083,pck_object_0001,pck_object_0001_part_000,pck_object_0001_part_000_choice_000,0x000E33,2,5,5,0xF409,62473,-3063,9,244,block_plus_signed,0x000310,-0x0008E7,no,,0,outside_decoded_stream
PHAPCK_TBL.decoded.bin,pck_object_0001_part_000_choice_000_frame_083,pck_object_0001,pck_object_0001_part_000,pck_object_0001_part_000_choice_000,0x000E33,2,5,5,0xF409,62473,-3063,9,244,part_plus_signed,0x000328,-0x0008CF,no,,0,outside_decoded_stream
PHAPCK_TBL.decoded.bin,pck_object_0001_part_000_choice_000_frame_083,pck_object_0001,pck_object_0001_part_000,pck_object_0001_part_000_choice_000,0x000E33,2,5,5,0xF409,62473,-3063,9,244,frame_plus_signed,0x000E33,0x00023C,yes,6FFF7EFFECFF6E0056FFECFF6E000008,0,in_range_no_structural_match
PHAPCK_TBL.decoded.bin,pck_object_0001_part_000_choice_000_frame_083,pck_object_0001,pck_object_0001_part_000,pck_object_0001_part_000_choice_000,0x000E33,2,5,5,0xF409,62473,-3063,9,244,payload_plus_signed,0x000E35,0x00023E,yes,7EFFECFF6E0056FFECFF6E0000080000,0,in_range_no_structural_match
PHAPCK_TBL.decoded.bin,pck_object_0001_part_000_choice_000_frame_084,pck_object_0001,pck_object_0001_part_000,pck_object_0001_part_000_choice_000,0x000E3B,3,3,3,0xF90C,63756,-1780,12,249,direct_unsigned,0x000000,0x00F90C,no,,0,outside_decoded_stream
PHAPCK_TBL.decoded.bin,pck_object_0001_part_000_choice_000_frame_084,pck_object_0001,pck_object_0001_part_000,pck_object_0001_part_000_choice_000,0x000E3B,3,3,3,0xF90C,63756,-1780,12,249,direct_signed,0x000000,-0x0006F4,no,,0,outside_decoded_stream
PHAPCK_TBL.decoded.bin,pck_object_0001_part_000_choice_000_frame_084,pck_object_0001,pck_object_0001_part_000,pck_object_0001_part_000_choice_000,0x000E3B,3,3,3,0xF90C,63756,-1780,12,249,object_plus_unsigned,0x00031A,0x00FC26,no,,0,outside_decoded_stream
PHAPCK_TBL.decoded.bin,pck_object_0001_part_000_choice_000_frame_084,pck_object_0001,pck_object_0001_part_000,pck_object_0001_part_000_choice_000,0x000E3B,3,3,3,0xF90C,63756,-1780,12,249,object_plus_signed,0x00031A,-0x0003DA,no,,0,outside_decoded_stream
PHAPCK_TBL.decoded.bin,pck_object_0001_part_000_choice_000_frame_084,pck_object_0001,pck_object_0001_part_000,pck_object_0001_part_000_choice_000,0x000E3B,3,3,3,0xF90C,63756,-1780,12,249,block_plus_unsigned,0x000310,0x00FC1C,no,,0,outside_decoded_stream
PHAPCK_TBL.decoded.bin,pck_object_0001_part_000_choice_000_frame_084,pck_object_0001,pck_object_0001_part_000,pck_object_0001_part_000_choice_000,0x000E3B,3,3,3,0xF90C,63756,-1780,12,249,block_plus_signed,0x000310,-0x0003E4,no,,0,outside_decoded_stream
PHAPCK_TBL.decoded.bin,pck_object_0001_part_000_choice_000_frame_084,pck_object_0001,pck_object_0001_part_000,pck_object_0001_part_000_choice_000,0x000E3B,3,3,3,0xF90C,63756,-1780,12,249,part_plus_signed,0x000328,-0x0003CC,no,,0,outside_decoded_stream
PHAPCK_TBL.decoded.bin,pck_object_0001_part_000_choice_000_frame_084,pck_object_0001,pck_object_0001_part_000,pck_object_0001_part_000_choice_000,0x000E3B,3,3,3,0xF90C,63756,-1780,12,249,frame_plus_signed,0x000E3B,0x000747,yes,FF0000DC0000001D04DC068200CEFFFA,10,byte0_high_bit_set;plausible_frame_record_prefix
PHAPCK_TBL.decoded.bin,pck_object_0001_part_000_choice_000_frame_084,pck_object_0001,pck_object_0001_part_000,pck_object_0001_part_000_choice_000,0x000E3B,3,3,3,0xF90C,63756,-1780,12,249,payload_plus_signed,0x000E3D,0x000749,yes,00DC0000001D04DC068200CEFFFA007E,0,in_range_no_structural_match
PHAPCK_TBL.decoded.bin,pck_object_0001_part_000_choice_000_frame_085,pck_object_0001,pck_object_0001_part_000,pck_object_0001_part_000_choice_000,0x000E43,3,3,3,0xFE0D,65037,-499,13,254,direct_unsigned,0x000000,0x00FE0D,no,,0,outside_decoded_stream
PHAPCK_TBL.decoded.bin,pck_object_0001_part_000_choice_000_frame_085,pck_object_0001,pck_object_0001_part_000,pck_object_0001_part_000_choice_000,0x000E43,3,3,3,0xFE0D,65037,-499,13,254,direct_signed,0x000000,-0x0001F3,no,,0,outside_decoded_stream
PHAPCK_TBL.decoded.bin,pck_object_0001_part_000_choice_000_frame_085,pck_object_0001,pck_object_0001_part_000,pck_object_0001_part_000_choice_000,0x000E43,3,3,3,0xFE0D,65037,-499,13,254,object_plus_unsigned,0x00031A,0x010127,no,,0,outside_decoded_stream
PHAPCK_TBL.decoded.bin,pck_object_0001_part_000_choice_000_frame_085,pck_object_0001,pck_object_0001_part_000,pck_object_0001_part_000_choice_000,0x000E43,3,3,3,0xFE0D,65037,-499,13,254,object_plus_signed,0x00031A,0x000127,yes,060C00280605003E060E005306070069,0,in_range_no_structural_match
PHAPCK_TBL.decoded.bin,pck_object_0001_part_000_choice_000_frame_085,pck_object_0001,pck_object_0001_part_000,pck_object_0001_part_000_choice_000,0x000E43,3,3,3,0xFE0D,65037,-499,13,254,block_plus_unsigned,0x000310,0x01011D,no,,0,outside_decoded_stream
PHAPCK_TBL.decoded.bin,pck_object_0001_part_000_choice_000_frame_085,pck_object_0001,pck_object_0001_part_000,pck_object_0001_part_000_choice_000,0x000E43,3,3,3,0xFE0D,65037,-499,13,254,block_plus_signed,0x000310,0x00011D,yes,00E8050A00FD05030013060C00280605,0,in_range_no_structural_match
PHAPCK_TBL.decoded.bin,pck_object_0001_part_000_choice_000_frame_085,pck_object_0001,pck_object_0001_part_000,pck_object_0001_part_000_choice_000,0x000E43,3,3,3,0xFE0D,65037,-499,13,254,part_plus_signed,0x000328,0x000135,yes,00690600007F060C009E060800BE0604,0,in_range_no_structural_match
PHAPCK_TBL.decoded.bin,pck_object_0001_part_000_choice_000_frame_085,pck_object_0001,pck_object_0001_part_000,pck_object_0001_part_000_choice_000,0x000E43,3,3,3,0xFE0D,65037,-499,13,254,frame_plus_signed,0x000E43,0x000C50,yes,00006FFED80756FFECFFD20056FF1E00,5,plausible_frame_record_prefix
PHAPCK_TBL.decoded.bin,pck_object_0001_part_000_choice_000_frame_085,pck_object_0001,pck_object_0001_part_000,pck_object_0001_part_000_choice_000,0x000E43,3,3,3,0xFE0D,65037,-499,13,254,payload_plus_signed,0x000E45,0x000C52,yes,6FFED80756FFECFFD20056FF1E00DC00,0,in_range_no_structural_match
PHAPCK_TBL.decoded.bin,pck_object_0001_part_000_choice_000_frame_126,pck_object_0001,pck_object_0001_part_000,pck_object_0001_part_000_choice_000,0x000F8B,2,3,4,0xFF05,65285,-251,5,255,direct_unsigned,0x000000,0x00FF05,no,,0,outside_decoded_stream
PHAPCK_TBL.decoded.bin,pck_object_0001_part_000_choice_000_frame_126,pck_object_0001,pck_object_0001_part_000,pck_object_0001_part_000_choice_000,0x000F8B,2,3,4,0xFF05,65285,-251,5,255,direct_signed,0x000000,-0x0000FB,no,,0,outside_decoded_stream
PHAPCK_TBL.decoded.bin,pck_object_0001_part_000_choice_000_frame_126,pck_object_0001,pck_object_0001_part_000,pck_object_0001_part_000_choice_000,0x000F8B,2,3,4,0xFF05,65285,-251,5,255,object_plus_unsigned,0x00031A,0x01021F,no,,0,outside_decoded_stream
PHAPCK_TBL.decoded.bin,pck_object_0001_part_000_choice_000_frame_126,pck_object_0001,pck_object_0001_part_000,pck_object_0001_part_000_choice_000,0x000F8B,2,3,4,0xFF05,65285,-251,5,255,object_plus_signed,0x00031A,0x00021F,yes,007EFFE2FFFA0000000008000056FF14,0,in_range_no_structural_match
PHAPCK_TBL.decoded.bin,pck_object_0001_part_000_choice_000_frame_126,pck_object_0001,pck_object_0001_part_000,pck_object_0001_part_000_choice_000,0x000F8B,2,3,4,0xFF05,65285,-251,5,255,block_plus_unsigned,0x000310,0x010215,no,,0,outside_decoded_stream
PHAPCK_TBL.decoded.bin,pck_object_0001_part_000_choice_000_frame_126,pck_object_0001,pck_object_0001_part_000,pck_object_0001_part_000_choice_000,0x000F8B,2,3,4,0xFF05,65285,-251,5,255,block_plus_signed,0x000310,0x000215,yes,FF1400E6007EFF1400E6007EFFE2FFFA,5,byte0_high_bit_set
PHAPCK_TBL.decoded.bin,pck_object_0001_part_000_choice_000_frame_126,pck_object_0001,pck_object_0001_part_000,pck_object_0001_part_000_choice_000,0x000F8B,2,3,4,0xFF05,65285,-251,5,255,part_plus_signed,0x000328,0x00022D,yes,FF14006E007EFF14006E00000006F86F,20,byte0_high_bit_set;plausible_object_header
PHAPCK_TBL.decoded.bin,pck_object_0001_part_000_choice_000_frame_126,pck_object_0001,pck_object_0001_part_000,pck_object_0001_part_000_choice_000,0x000F8B,2,3,4,0xFF05,65285,-251,5,255,frame_plus_signed,0x000F8B,0x000E90,yes,02020505164B0108071011FF13111014,5,plausible_frame_record_prefix
PHAPCK_TBL.decoded.bin,pck_object_0001_part_000_choice_000_frame_126,pck_object_0001,pck_object_0001_part_000,pck_object_0001_part_000_choice_000,0x000F8B,2,3,4,0xFF05,65285,-251,5,255,payload_plus_signed,0x000F8D,0x000E92,yes,0505164B0108071011FF13111014FF0A,0,in_range_no_structural_match
PHAPCK_TBL.decoded.bin,pck_object_0001_part_000_choice_000_frame_127,pck_object_0001,pck_object_0001_part_000,pck_object_0001_part_000_choice_000,0x000F93,3,-1,10,0x020B,523,523,11,2,direct_unsigned,0x000000,0x00020B,yes,026D0756FFE2FFFA0056FF1400E6007E,0,in_range_no_structural_match
PHAPCK_TBL.decoded.bin,pck_object_0001_part_000_choice_000_frame_127,pck_object_0001,pck_object_0001_part_000,pck_object_0001_part_000_choice_000,0x000F93,3,-1,10,0x020B,523,523,11,2,direct_signed,0x000000,0x00020B,yes,026D0756FFE2FFFA0056FF1400E6007E,0,in_range_no_structural_match
PHAPCK_TBL.decoded.bin,pck_object_0001_part_000_choice_000_frame_127,pck_object_0001,pck_object_0001_part_000,pck_object_0001_part_000_choice_000,0x000F93,3,-1,10,0x020B,523,523,11,2,object_plus_unsigned,0x00031A,0x000525,yes,0E2F0181070705051134018108080000,0,in_range_no_structural_match
PHAPCK_TBL.decoded.bin,pck_object_0001_part_000_choice_000_frame_127,pck_object_0001,pck_object_0001_part_000,pck_object_0001_part_000_choice_000,0x000F93,3,-1,10,0x020B,523,523,11,2,object_plus_signed,0x00031A,0x000525,yes,0E2F0181070705051134018108080000,0,in_range_no_structural_match
PHAPCK_TBL.decoded.bin,pck_object_0001_part_000_choice_000_frame_127,pck_object_0001,pck_object_0001_part_000,pck_object_0001_part_000_choice_000,0x000F93,3,-1,10,0x020B,523,523,11,2,block_plus_unsigned,0x000310,0x00051B,yes,00000B2A0181000000000E2F01810707,5,plausible_frame_record_prefix
PHAPCK_TBL.decoded.bin,pck_object_0001_part_000_choice_000_frame_127,pck_object_0001,pck_object_0001_part_000,pck_object_0001_part_000_choice_000,0x000F93,3,-1,10,0x020B,523,523,11,2,block_plus_signed,0x000310,0x00051B,yes,00000B2A0181000000000E2F01810707,5,plausible_frame_record_prefix
PHAPCK_TBL.decoded.bin,pck_object_0001_part_000_choice_000_frame_127,pck_object_0001,pck_object_0001_part_000,pck_object_0001_part_000_choice_000,0x000F93,3,-1,10,0x020B,523,523,11,2,part_plus_signed,0x000328,0x000533,yes,00000E390181080800000B3D01810000,5,plausible_frame_record_prefix
PHAPCK_TBL.decoded.bin,pck_object_0001_part_000_choice_000_frame_127,pck_object_0001,pck_object_0001_part_000,pck_object_0001_part_000_choice_000,0x000F93,3,-1,10,0x020B,523,523,11,2,frame_plus_signed,0x000F93,0x00119E,yes,000000F80000000018FC000038FF0000,5,plausible_frame_record_prefix
PHAPCK_TBL.decoded.bin,pck_object_0001_part_000_choice_000_frame_127,pck_object_0001,pck_object_0001_part_000,pck_object_0001_part_000_choice_000,0x000F93,3,-1,10,0x020B,523,523,11,2,payload_plus_signed,0x000F95,0x0011A0,yes,00F80000000018FC000038FF0000D807,0,in_range_no_structural_match
PHAPCK_TBL.decoded.bin,pck_object_0001_part_000_choice_000_frame_131,pck_object_0001,pck_object_0001_part_000,pck_object_0001_part_000_choice_000,0x000FB3,3,3,15,0x0129,297,297,41,1,direct_unsigned,0x000000,0x000129,yes,00280605003E060E0053060700690600,0,in_range_no_structural_match
PHAPCK_TBL.decoded.bin,pck_object_0001_part_000_choice_000_frame_131,pck_object_0001,pck_object_0001_part_000,pck_object_0001_part_000_choice_000,0x000FB3,3,3,15,0x0129,297,297,41,1,direct_signed,0x000000,0x000129,yes,00280605003E060E0053060700690600,0,in_range_no_structural_match
PHAPCK_TBL.decoded.bin,pck_object_0001_part_000_choice_000_frame_131,pck_object_0001,pck_object_0001_part_000,pck_object_0001_part_000_choice_000,0x000FB3,3,3,15,0x0129,297,297,41,1,object_plus_unsigned,0x00031A,0x000443,yes,0A0810FF0B0A1214FF070B140FFF0F14,0,in_range_no_structural_match
PHAPCK_TBL.decoded.bin,pck_object_0001_part_000_choice_000_frame_131,pck_object_0001,pck_object_0001_part_000,pck_object_0001_part_000_choice_000,0x000FB3,3,3,15,0x0129,297,297,41,1,object_plus_signed,0x00031A,0x000443,yes,0A0810FF0B0A1214FF070B140FFF0F14,0,in_range_no_structural_match
PHAPCK_TBL.decoded.bin,pck_object_0001_part_000_choice_000_frame_131,pck_object_0001,pck_object_0001_part_000,pck_object_0001_part_000_choice_000,0x000FB3,3,3,15,0x0129,297,297,41,1,block_plus_unsigned,0x000310,0x000439,yes,001541010F100807FF120A0810FF0B0A,0,in_range_no_structural_match
PHAPCK_TBL.decoded.bin,pck_object_0001_part_000_choice_000_frame_131,pck_object_0001,pck_object_0001_part_000,pck_object_0001_part_000_choice_000,0x000FB3,3,3,15,0x0129,297,297,41,1,block_plus_signed,0x000310,0x000439,yes,001541010F100807FF120A0810FF0B0A,0,in_range_no_structural_match
PHAPCK_TBL.decoded.bin,pck_object_0001_part_000_choice_000_frame_131,pck_object_0001,pck_object_0001_part_000,pck_object_0001_part_000_choice_000,0x000FB3,3,3,15,0x0129,297,297,41,1,part_plus_signed,0x000328,0x000451,yes,0F141210FF80004F0100000000000001,0,in_range_no_structural_match
PHAPCK_TBL.decoded.bin,pck_object_0001_part_000_choice_000_frame_131,pck_object_0001,pck_object_0001_part_000,pck_object_0001_part_000_choice_000,0x000FB3,3,3,15,0x0129,297,297,41,1,frame_plus_signed,0x000FB3,0x0010DC,yes,FF04080A05FF0B070302FF0100FB0000,5,byte0_high_bit_set
PHAPCK_TBL.decoded.bin,pck_object_0001_part_000_choice_000_frame_131,pck_object_0001,pck_object_0001_part_000,pck_object_0001_part_000_choice_000,0x000FB3,3,3,15,0x0129,297,297,41,1,payload_plus_signed,0x000FB5,0x0010DE,yes,080A05FF0B070302FF0100FB00000005,0,in_range_no_structural_match
PHAPCK_TBL.decoded.bin,pck_object_0001_part_000_choice_000_frame_133,pck_object_0001,pck_object_0001_part_000,pck_object_0001_part_000_choice_000,0x000FC3,3,3,21,0x0133,307,307,51,1,direct_unsigned,0x000000,0x000133,yes,060700690600007F060C009E060800BE,0,in_range_no_structural_match
PHAPCK_TBL.decoded.bin,pck_object_0001_part_000_choice_000_frame_133,pck_object_0001,pck_object_0001_part_000,pck_object_0001_part_000_choice_000,0x000FC3,3,3,21,0x0133,307,307,51,1,direct_signed,0x000000,0x000133,yes,060700690600007F060C009E060800BE,0,in_range_no_structural_match
PHAPCK_TBL.decoded.bin,pck_object_0001_part_000_choice_000_frame_133,pck_object_0001,pck_object_0001_part_000,pck_object_0001_part_000_choice_000,0x000FC3,3,3,21,0x0133,307,307,51,1,object_plus_unsigned,0x00031A,0x00044D,yes,0B140FFF0F141210FF80004F01000000,0,in_range_no_structural_match
PHAPCK_TBL.decoded.bin,pck_object_0001_part_000_choice_000_frame_133,pck_object_0001,pck_object_0001_part_000,pck_object_0001_part_000_choice_000,0x000FC3,3,3,21,0x0133,307,307,51,1,object_plus_signed,0x00031A,0x00044D,yes,0B140FFF0F141210FF80004F01000000,0,in_range_no_structural_match
PHAPCK_TBL.decoded.bin,pck_object_0001_part_000_choice_000_frame_133,pck_object_0001,pck_object_0001_part_000,pck_object_0001_part_000_choice_000,0x000FC3,3,3,21,0x0133,307,307,51,1,block_plus_unsigned,0x000310,0x000443,yes,0A0810FF0B0A1214FF070B140FFF0F14,0,in_range_no_structural_match
PHAPCK_TBL.decoded.bin,pck_object_0001_part_000_choice_000_frame_133,pck_object_0001,pck_object_0001_part_000,pck_object_0001_part_000_choice_000,0x000FC3,3,3,21,0x0133,307,307,51,1,block_plus_signed,0x000310,0x000443,yes,0A0810FF0B0A1214FF070B140FFF0F14,0,in_range_no_structural_match
PHAPCK_TBL.decoded.bin,pck_object_0001_part_000_choice_000_frame_133,pck_object_0001,pck_object_0001_part_000,pck_object_0001_part_000_choice_000,0x000FC3,3,3,21,0x0133,307,307,51,1,part_plus_signed,0x000328,0x00045B,yes,00000000000100140000181C000100AC,5,plausible_frame_record_prefix
PHAPCK_TBL.decoded.bin,pck_object_0001_part_000_choice_000_frame_133,pck_object_0001,pck_object_0001_part_000,pck_object_0001_part_000_choice_000,0x000FC3,3,3,21,0x0133,307,307,51,1,frame_plus_signed,0x000FC3,0x0010F6,yes,03030F2B018100000000123001810303,5,plausible_frame_record_prefix
PHAPCK_TBL.decoded.bin,pck_object_0001_part_000_choice_000_frame_133,pck_object_0001,pck_object_0001_part_000,pck_object_0001_part_000_choice_000,0x000FC3,3,3,21,0x0133,307,307,51,1,payload_plus_signed,0x000FC5,0x0010F8,yes,0F2B0181000000001230018103030303,0,in_range_no_structural_match
PHAPCK_TBL.decoded.bin,pck_object_0001_part_000_choice_000_frame_134,pck_object_0001,pck_object_0001_part_000,pck_object_0001_part_000_choice_000,0x000FCB,3,3,12,0x0138,312,312,56,1,direct_unsigned,0x000000,0x000138,yes,00007F060C009E060800BE060400DE06,5,plausible_frame_record_prefix
PHAPCK_TBL.decoded.bin,pck_object_0001_part_000_choice_000_frame_134,pck_object_0001,pck_object_0001_part_000,pck_object_0001_part_000_choice_000,0x000FCB,3,3,12,0x0138,312,312,56,1,direct_signed,0x000000,0x000138,yes,00007F060C009E060800BE060400DE06,5,plausible_frame_record_prefix
PHAPCK_TBL.decoded.bin,pck_object_0001_part_000_choice_000_frame_134,pck_object_0001,pck_object_0001_part_000,pck_object_0001_part_000_choice_000,0x000FCB,3,3,12,0x0138,312,312,56,1,object_plus_unsigned,0x00031A,0x000452,yes,141210FF80004F010000000000000100,0,in_range_no_structural_match
PHAPCK_TBL.decoded.bin,pck_object_0001_part_000_choice_000_frame_134,pck_object_0001,pck_object_0001_part_000,pck_object_0001_part_000_choice_000,0x000FCB,3,3,12,0x0138,312,312,56,1,object_plus_signed,0x00031A,0x000452,yes,141210FF80004F010000000000000100,0,in_range_no_structural_match
PHAPCK_TBL.decoded.bin,pck_object_0001_part_000_choice_000_frame_134,pck_object_0001,pck_object_0001_part_000,pck_object_0001_part_000_choice_000,0x000FCB,3,3,12,0x0138,312,312,56,1,block_plus_unsigned,0x000310,0x000448,yes,0A1214FF070B140FFF0F141210FF8000,0,in_range_no_structural_match
PHAPCK_TBL.decoded.bin,pck_object_0001_part_000_choice_000_frame_134,pck_object_0001,pck_object_0001_part_000,pck_object_0001_part_000_choice_000,0x000FCB,3,3,12,0x0138,312,312,56,1,block_plus_signed,0x000310,0x000448,yes,0A1214FF070B140FFF0F141210FF8000,0,in_range_no_structural_match
PHAPCK_TBL.decoded.bin,pck_object_0001_part_000_choice_000_frame_134,pck_object_0001,pck_object_0001_part_000,pck_object_0001_part_000_choice_000,0x000FCB,3,3,12,0x0138,312,312,56,1,part_plus_signed,0x000328,0x000460,yes,0100140000181C000100AC000CFE6400,15,plausible_drawable_extents_at_plus6_plus8;plausible_frame_record_prefix
PHAPCK_TBL.decoded.bin,pck_object_0001_part_000_choice_000_frame_134,pck_object_0001,pck_object_0001_part_000,pck_object_0001_part_000_choice_000,0x000FCB,3,3,12,0x0138,312,312,56,1,frame_plus_signed,0x000FCB,0x001103,yes,810303030315350181030303030C3A01,40,exact_frame_record;byte0_high_bit_set;plausible_frame_record_prefix
PHAPCK_TBL.decoded.bin,pck_object_0001_part_000_choice_000_frame_134,pck_object_0001,pck_object_0001_part_000,pck_object_0001_part_000_choice_000,0x000FCB,3,3,12,0x0138,312,312,56,1,payload_plus_signed,0x000FCD,0x001105,yes,03030315350181030303030C3A018102,5,plausible_frame_record_prefix
PHAPCK_TBL.decoded.bin,pck_object_0001_part_000_choice_000_frame_140,pck_object_0001,pck_object_0001_part_000,pck_object_0001_part_000_choice_000,0x000FFB,2,0,16,0x0000,0,0,0,0,direct_unsigned,0x000000,0x000000,yes,04001E000A003100060045000F005A00,15,plausible_drawable_extents_at_plus6_plus8;plausible_frame_record_prefix
PHAPCK_TBL.decoded.bin,pck_object_0001_part_000_choice_000_frame_140,pck_object_0001,pck_object_0001_part_000,pck_object_0001_part_000_choice_000,0x000FFB,2,0,16,0x0000,0,0,0,0,direct_signed,0x000000,0x000000,yes,04001E000A003100060045000F005A00,15,plausible_drawable_extents_at_plus6_plus8;plausible_frame_record_prefix
PHAPCK_TBL.decoded.bin,pck_object_0001_part_000_choice_000_frame_140,pck_object_0001,pck_object_0001_part_000,pck_object_0001_part_000_choice_000,0x000FFB,2,0,16,0x0000,0,0,0,0,object_plus_unsigned,0x00031A,0x00031A,yes,80002F01000000000000020018000016,75,exact_object_offset;byte0_high_bit_set;plausible_object_header;plausible_frame_record_prefix
PHAPCK_TBL.decoded.bin,pck_object_0001_part_000_choice_000_frame_140,pck_object_0001,pck_object_0001_part_000,pck_object_0001_part_000_choice_000,0x000FFB,2,0,16,0x0000,0,0,0,0,object_plus_signed,0x00031A,0x00031A,yes,80002F01000000000000020018000016,75,exact_object_offset;byte0_high_bit_set;plausible_object_header;plausible_frame_record_prefix
PHAPCK_TBL.decoded.bin,pck_object_0001_part_000_choice_000_frame_140,pck_object_0001,pck_object_0001_part_000,pck_object_0001_part_000_choice_000,0x000FFB,2,0,16,0x0000,0,0,0,0,block_plus_unsigned,0x000310,0x000310,yes,10120A08FF130F070BFF80002F010000,25,exact_block_offset
PHAPCK_TBL.decoded.bin,pck_object_0001_part_000_choice_000_frame_140,pck_object_0001,pck_object_0001_part_000,pck_object_0001_part_000_choice_000,0x000FFB,2,0,16,0x0000,0,0,0,0,block_plus_signed,0x000310,0x000310,yes,10120A08FF130F070BFF80002F010000,25,exact_block_offset
PHAPCK_TBL.decoded.bin,pck_object_0001_part_000_choice_000_frame_140,pck_object_0001,pck_object_0001_part_000,pck_object_0001_part_000_choice_000,0x000FFB,2,0,16,0x0000,0,0,0,0,part_plus_signed,0x000328,0x000328,yes,001628000100AC000E1628000100F900,35,exact_part_offset
PHAPCK_TBL.decoded.bin,pck_object_0001_part_000_choice_000_frame_140,pck_object_0001,pck_object_0001_part_000,pck_object_0001_part_000_choice_000,0x000FFB,2,0,16,0x0000,0,0,0,0,frame_plus_signed,0x000FFB,0x000FFB,yes,0002001000001720000100AA000E1720,35,exact_frame_record;plausible_frame_record_prefix
PHAPCK_TBL.decoded.bin,pck_object_0001_part_000_choice_000_frame_140,pck_object_0001,pck_object_0001_part_000,pck_object_0001_part_000_choice_000,0x000FFB,2,0,16,0x0000,0,0,0,0,payload_plus_signed,0x000FFD,0x000FFD,yes,001000001720000100AA000E17200001,0,in_range_no_structural_match
PHAPCK_TBL.decoded.bin,pck_object_0001_part_000_choice_000_frame_169,pck_object_0001,pck_object_0001_part_000,pck_object_0001_part_000_choice_000,0x0010E3,3,2,-1,0x0001,1,1,1,0,direct_unsigned,0x000000,0x000001,yes,001E000A003100060045000F005A0008,0,in_range_no_structural_match
PHAPCK_TBL.decoded.bin,pck_object_0001_part_000_choice_000_frame_169,pck_object_0001,pck_object_0001_part_000,pck_object_0001_part_000_choice_000,0x0010E3,3,2,-1,0x0001,1,1,1,0,direct_signed,0x000000,0x000001,yes,001E000A003100060045000F005A0008,0,in_range_no_structural_match
PHAPCK_TBL.decoded.bin,pck_object_0001_part_000_choice_000_frame_169,pck_object_0001,pck_object_0001_part_000,pck_object_0001_part_000_choice_000,0x0010E3,3,2,-1,0x0001,1,1,1,0,object_plus_unsigned,0x00031A,0x00031B,yes,002F0100000000000002001800001628,0,in_range_no_structural_match
PHAPCK_TBL.decoded.bin,pck_object_0001_part_000_choice_000_frame_169,pck_object_0001,pck_object_0001_part_000,pck_object_0001_part_000_choice_000,0x0010E3,3,2,-1,0x0001,1,1,1,0,object_plus_signed,0x00031A,0x00031B,yes,002F0100000000000002001800001628,0,in_range_no_structural_match
PHAPCK_TBL.decoded.bin,pck_object_0001_part_000_choice_000_frame_169,pck_object_0001,pck_object_0001_part_000,pck_object_0001_part_000_choice_000,0x0010E3,3,2,-1,0x0001,1,1,1,0,block_plus_unsigned,0x000310,0x000311,yes,120A08FF130F070BFF80002F01000000,0,in_range_no_structural_match
PHAPCK_TBL.decoded.bin,pck_object_0001_part_000_choice_000_frame_169,pck_object_0001,pck_object_0001_part_000,pck_object_0001_part_000_choice_000,0x0010E3,3,2,-1,0x0001,1,1,1,0,block_plus_signed,0x000310,0x000311,yes,120A08FF130F070BFF80002F01000000,0,in_range_no_structural_match
PHAPCK_TBL.decoded.bin,pck_object_0001_part_000_choice_000_frame_169,pck_object_0001,pck_object_0001_part_000,pck_object_0001_part_000_choice_000,0x0010E3,3,2,-1,0x0001,1,1,1,0,part_plus_signed,0x000328,0x000329,yes,1628000100AC000E1628000100F900E8,0,in_range_no_structural_match
PHAPCK_TBL.decoded.bin,pck_object_0001_part_000_choice_000_frame_169,pck_object_0001,pck_object_0001_part_000,pck_object_0001_part_000_choice_000,0x0010E3,3,2,-1,0x0001,1,1,1,0,frame_plus_signed,0x0010E3,0x0010E4,yes,0302FF0100FB00000005000301000C81,5,plausible_frame_record_prefix
PHAPCK_TBL.decoded.bin,pck_object_0001_part_000_choice_000_frame_169,pck_object_0001,pck_object_0001_part_000,pck_object_0001_part_000_choice_000,0x0010E3,3,2,-1,0x0001,1,1,1,0,payload_plus_signed,0x0010E5,0x0010E6,yes,FF0100FB00000005000301000C810303,25,byte0_high_bit_set;plausible_object_header;plausible_frame_record_prefix
PHAPCK_TBL.decoded.bin,pck_object_0001_part_000_choice_000_frame_171,pck_object_0001,pck_object_0001_part_000,pck_object_0001_part_000_choice_000,0x0010F3,3,3,3,0x0F03,3843,3843,3,15,direct_unsigned,0x000000,0x000F03,yes,00000028F86FFE7EFFF6FF500056FFF6,35,exact_frame_record;plausible_frame_record_prefix
PHAPCK_TBL.decoded.bin,pck_object_0001_part_000_choice_000_frame_171,pck_object_0001,pck_object_0001_part_000,pck_object_0001_part_000_choice_000,0x0010F3,3,3,3,0x0F03,3843,3843,3,15,direct_signed,0x000000,0x000F03,yes,00000028F86FFE7EFFF6FF500056FFF6,35,exact_frame_record;plausible_frame_record_prefix
PHAPCK_TBL.decoded.bin,pck_object_0001_part_000_choice_000_frame_171,pck_object_0001,pck_object_0001_part_000,pck_object_0001_part_000_choice_000,0x0010F3,3,3,3,0x0F03,3843,3843,3,15,object_plus_unsigned,0x00031A,0x00121D,yes,05FF04080A05FF0B070302FF0100FD00,0,in_range_no_structural_match
PHAPCK_TBL.decoded.bin,pck_object_0001_part_000_choice_000_frame_171,pck_object_0001,pck_object_0001_part_000,pck_object_0001_part_000_choice_000,0x0010F3,3,3,3,0x0F03,3843,3843,3,15,object_plus_signed,0x00031A,0x00121D,yes,05FF04080A05FF0B070302FF0100FD00,0,in_range_no_structural_match
PHAPCK_TBL.decoded.bin,pck_object_0001_part_000_choice_000_frame_171,pck_object_0001,pck_object_0001_part_000,pck_object_0001_part_000_choice_000,0x0010F3,3,3,3,0x0F03,3843,3843,3,15,block_plus_unsigned,0x000310,0x001213,yes,05FF07080403FF0A0B0205FF04080A05,30,exact_frame_record
PHAPCK_TBL.decoded.bin,pck_object_0001_part_000_choice_000_frame_171,pck_object_0001,pck_object_0001_part_000,pck_object_0001_part_000_choice_000,0x0010F3,3,3,3,0x0F03,3843,3843,3,15,block_plus_signed,0x000310,0x001213,yes,05FF07080403FF0A0B0205FF04080A05,30,exact_frame_record
PHAPCK_TBL.decoded.bin,pck_object_0001_part_000_choice_000_frame_171,pck_object_0001,pck_object_0001_part_000,pck_object_0001_part_000_choice_000,0x0010F3,3,3,3,0x0F03,3843,3843,3,15,part_plus_signed,0x000328,0x00122B,yes,FD00000005000501000C81030303030F,40,exact_frame_record;byte0_high_bit_set;plausible_frame_record_prefix
PHAPCK_TBL.decoded.bin,pck_object_0001_part_000_choice_000_frame_171,pck_object_0001,pck_object_0001_part_000,pck_object_0001_part_000_choice_000,0x0010F3,3,3,3,0x0F03,3843,3843,3,15,frame_plus_signed,0x0010F3,0x001FF6,yes,0E300181020205051135018103030303,0,in_range_no_structural_match
PHAPCK_TBL.decoded.bin,pck_object_0001_part_000_choice_000_frame_171,pck_object_0001,pck_object_0001_part_000,pck_object_0001_part_000_choice_000,0x0010F3,3,3,3,0x0F03,3843,3843,3,15,payload_plus_signed,0x0010F5,0x001FF8,yes,01810202050511350181030303030E3A,0,in_range_no_structural_match
PHAPCK_TBL.decoded.bin,pck_object_0001_part_000_choice_000_frame_173,pck_object_0001,pck_object_0001_part_000,pck_object_0001_part_000_choice_000,0x001103,3,3,3,0x1503,5379,5379,3,21,direct_unsigned,0x000000,0x001503,yes,0002001800001728000100B2000E1728,5,plausible_frame_record_prefix
PHAPCK_TBL.decoded.bin,pck_object_0001_part_000_choice_000_frame_173,pck_object_0001,pck_object_0001_part_000,pck_object_0001_part_000_choice_000,0x001103,3,3,3,0x1503,5379,5379,3,21,direct_signed,0x000000,0x001503,yes,0002001800001728000100B2000E1728,5,plausible_frame_record_prefix
PHAPCK_TBL.decoded.bin,pck_object_0001_part_000_choice_000_frame_173,pck_object_0001,pck_object_0001_part_000,pck_object_0001_part_000_choice_000,0x001103,3,3,3,0x1503,5379,5379,3,21,object_plus_unsigned,0x00031A,0x00181D,yes,F86FFF8200D8FF42FF0000000000F801,20,byte0_high_bit_set;plausible_object_header
PHAPCK_TBL.decoded.bin,pck_object_0001_part_000_choice_000_frame_173,pck_object_0001,pck_object_0001_part_000,pck_object_0001_part_000_choice_000,0x001103,3,3,3,0x1503,5379,5379,3,21,object_plus_signed,0x00031A,0x00181D,yes,F86FFF8200D8FF42FF0000000000F801,20,byte0_high_bit_set;plausible_object_header
PHAPCK_TBL.decoded.bin,pck_object_0001_part_000_choice_000_frame_173,pck_object_0001,pck_object_0001_part_000,pck_object_0001_part_000_choice_000,0x001103,3,3,3,0x1503,5379,5379,3,21,block_plus_unsigned,0x000310,0x001813,yes,FFA000D8FF42FF000006F86FFF8200D8,5,byte0_high_bit_set
PHAPCK_TBL.decoded.bin,pck_object_0001_part_000_choice_000_frame_173,pck_object_0001,pck_object_0001_part_000,pck_object_0001_part_000_choice_000,0x001103,3,3,3,0x1503,5379,5379,3,21,block_plus_signed,0x000310,0x001813,yes,FFA000D8FF42FF000006F86FFF8200D8,5,byte0_high_bit_set
PHAPCK_TBL.decoded.bin,pck_object_0001_part_000_choice_000_frame_173,pck_object_0001,pck_object_0001_part_000,pck_object_0001_part_000_choice_000,0x001103,3,3,3,0x1503,5379,5379,3,21,part_plus_signed,0x000328,0x00182B,yes,F80100C00000000500C8000301810303,10,byte0_high_bit_set;plausible_frame_record_prefix
PHAPCK_TBL.decoded.bin,pck_object_0001_part_000_choice_000_frame_173,pck_object_0001,pck_object_0001_part_000,pck_object_0001_part_000_choice_000,0x001103,3,3,3,0x1503,5379,5379,3,21,frame_plus_signed,0x001103,0x002606,yes,D8FFD8FFF6FFA6FFD8FFF6FFA6FF1E00,5,byte0_high_bit_set
PHAPCK_TBL.decoded.bin,pck_object_0001_part_000_choice_000_frame_173,pck_object_0001,pck_object_0001_part_000,pck_object_0001_part_000_choice_000,0x001103,3,3,3,0x1503,5379,5379,3,21,payload_plus_signed,0x001105,0x002608,yes,D8FFF6FFA6FFD8FFF6FFA6FF1E002800,5,byte0_high_bit_set
PHAPCK_TBL.decoded.bin,pck_object_0001_part_000_choice_000_frame_174,pck_object_0001,pck_object_0001_part_000,pck_object_0001_part_000_choice_000,0x00110B,3,3,3,0x0C03,3075,3075,3,12,direct_unsigned,0x000000,0x000C03,yes,81030303030C42018102020505164701,40,exact_frame_record;byte0_high_bit_set;plausible_frame_record_prefix
PHAPCK_TBL.decoded.bin,pck_object_0001_part_000_choice_000_frame_174,pck_object_0001,pck_object_0001_part_000,pck_object_0001_part_000_choice_000,0x00110B,3,3,3,0x0C03,3075,3075,3,12,direct_signed,0x000000,0x000C03,yes,81030303030C42018102020505164701,40,exact_frame_record;byte0_high_bit_set;plausible_frame_record_prefix
PHAPCK_TBL.decoded.bin,pck_object_0001_part_000_choice_000_frame_174,pck_object_0001,pck_object_0001_part_000,pck_object_0001_part_000_choice_000,0x00110B,3,3,3,0x0C03,3075,3075,3,12,object_plus_unsigned,0x00031A,0x000F1D,yes,F80000000018FC000038FF000048074F,10,byte0_high_bit_set;plausible_frame_record_prefix
PHAPCK_TBL.decoded.bin,pck_object_0001_part_000_choice_000_frame_174,pck_object_0001,pck_object_0001_part_000,pck_object_0001_part_000_choice_000,0x00110B,3,3,3,0x0C03,3075,3075,3,12,object_plus_signed,0x00031A,0x000F1D,yes,F80000000018FC000038FF000048074F,10,byte0_high_bit_set;plausible_frame_record_prefix
PHAPCK_TBL.decoded.bin,pck_object_0001_part_000_choice_000_frame_174,pck_object_0001,pck_object_0001_part_000,pck_object_0001_part_000_choice_000,0x00110B,3,3,3,0x0C03,3075,3075,3,12,block_plus_unsigned,0x000310,0x000F13,yes,FF500000080000000000F80000000018,35,exact_frame_record;byte0_high_bit_set
PHAPCK_TBL.decoded.bin,pck_object_0001_part_000_choice_000_frame_174,pck_object_0001,pck_object_0001_part_000,pck_object_0001_part_000_choice_000,0x00110B,3,3,3,0x0C03,3075,3075,3,12,block_plus_signed,0x000310,0x000F13,yes,FF500000080000000000F80000000018,35,exact_frame_record;byte0_high_bit_set
PHAPCK_TBL.decoded.bin,pck_object_0001_part_000_choice_000_frame_174,pck_object_0001,pck_object_0001_part_000,pck_object_0001_part_000_choice_000,0x00110B,3,3,3,0x0C03,3075,3075,3,12,part_plus_signed,0x000328,0x000F2B,yes,074F0360FF5000F6FF7EFF5000F6FF00,30,exact_frame_record
PHAPCK_TBL.decoded.bin,pck_object_0001_part_000_choice_000_frame_174,pck_object_0001,pck_object_0001_part_000,pck_object_0001_part_000_choice_000,0x00110B,3,3,3,0x0C03,3075,3075,3,12,frame_plus_signed,0x00110B,0x001D0E,yes,56FFA000460056FFFE070000AFFFA000,0,in_range_no_structural_match
PHAPCK_TBL.decoded.bin,pck_object_0001_part_000_choice_000_frame_174,pck_object_0001,pck_object_0001_part_000,pck_object_0001_part_000_choice_000,0x00110B,3,3,3,0x0C03,3075,3075,3,12,payload_plus_signed,0x00110D,0x001D10,yes,A000460056FFFE070000AFFFA0002800,40,exact_frame_record;byte0_high_bit_set;plausible_frame_record_prefix
PHAPCK_TBL.decoded.bin,pck_object_0001_part_000_choice_000_frame_175,pck_object_0001,pck_object_0001_part_000,pck_object_0001_part_000_choice_000,0x001113,2,2,5,0x1605,5637,5637,5,22,direct_unsigned,0x000000,0x001605,yes,0000001238018100000000143D018100,5,plausible_frame_record_prefix
PHAPCK_TBL.decoded.bin,pck_object_0001_part_000_choice_000_frame_175,pck_object_0001,pck_object_0001_part_000,pck_object_0001_part_000_choice_000,0x001113,2,2,5,0x1605,5637,5637,5,22,direct_signed,0x000000,0x001605,yes,0000001238018100000000143D018100,5,plausible_frame_record_prefix
PHAPCK_TBL.decoded.bin,pck_object_0001_part_000_choice_000_frame_175,pck_object_0001,pck_object_0001_part_000,pck_object_0001_part_000_choice_000,0x001113,2,2,5,0x1605,5637,5637,5,22,object_plus_unsigned,0x00031A,0x00191F,yes,FFAA00E2FF50008200E2FF500000F800,5,byte0_high_bit_set
PHAPCK_TBL.decoded.bin,pck_object_0001_part_000_choice_000_frame_175,pck_object_0001,pck_object_0001_part_000,pck_object_0001_part_000_choice_000,0x001113,2,2,5,0x1605,5637,5637,5,22,object_plus_signed,0x00031A,0x00191F,yes,FFAA00E2FF50008200E2FF500000F800,5,byte0_high_bit_set
PHAPCK_TBL.decoded.bin,pck_object_0001_part_000_choice_000_frame_175,pck_object_0001,pck_object_0001_part_000,pck_object_0001_part_000_choice_000,0x001113,2,2,5,0x1605,5637,5637,5,22,block_plus_unsigned,0x000310,0x001915,yes,000A005000000005F878FFAA00E2FF50,0,in_range_no_structural_match
PHAPCK_TBL.decoded.bin,pck_object_0001_part_000_choice_000_frame_175,pck_object_0001,pck_object_0001_part_000,pck_object_0001_part_000_choice_000,0x001113,2,2,5,0x1605,5637,5637,5,22,block_plus_signed,0x000310,0x001915,yes,000A005000000005F878FFAA00E2FF50,0,in_range_no_structural_match
PHAPCK_TBL.decoded.bin,pck_object_0001_part_000_choice_000_frame_175,pck_object_0001,pck_object_0001_part_000,pck_object_0001_part_000_choice_000,0x001113,2,2,5,0x1605,5637,5637,5,22,part_plus_signed,0x000328,0x00192D,yes,F800000000000800000000E803000038,10,byte0_high_bit_set;plausible_frame_record_prefix
PHAPCK_TBL.decoded.bin,pck_object_0001_part_000_choice_000_frame_175,pck_object_0001,pck_object_0001_part_000,pck_object_0001_part_000_choice_000,0x001113,2,2,5,0x1605,5637,5637,5,22,frame_plus_signed,0x001113,0x002718,yes,0F12130CFF02050A09FF02091003FF0A,0,in_range_no_structural_match
PHAPCK_TBL.decoded.bin,pck_object_0001_part_000_choice_000_frame_175,pck_object_0001,pck_object_0001_part_000,pck_object_0001_part_000_choice_000,0x001113,2,2,5,0x1605,5637,5637,5,22,payload_plus_signed,0x001115,0x00271A,yes,130CFF02050A09FF02091003FF0A0504,30,exact_frame_record
PHAPCK_TBL.decoded.bin,pck_object_0001_part_000_choice_000_frame_202,pck_object_0001,pck_object_0001_part_000,pck_object_0001_part_000_choice_000,0x0011EB,3,1,-32,0x8100,33024,-32512,0,129,direct_unsigned,0x000000,0x008100,yes,AAFFA0003C001AFF000058FA58FA8200,5,byte0_high_bit_set
PHAPCK_TBL.decoded.bin,pck_object_0001_part_000_choice_000_frame_202,pck_object_0001,pck_object_0001_part_000,pck_object_0001_part_000_choice_000,0x0011EB,3,1,-32,0x8100,33024,-32512,0,129,direct_signed,0x000000,-0x007F00,no,,0,outside_decoded_stream
PHAPCK_TBL.decoded.bin,pck_object_0001_part_000_choice_000_frame_202,pck_object_0001,pck_object_0001_part_000,pck_object_0001_part_000_choice_000,0x0011EB,3,1,-32,0x8100,33024,-32512,0,129,object_plus_unsigned,0x00031A,0x00841A,yes,100807FF120A0810FF0B0A1214FF070B,30,exact_frame_record
PHAPCK_TBL.decoded.bin,pck_object_0001_part_000_choice_000_frame_202,pck_object_0001,pck_object_0001_part_000,pck_object_0001_part_000_choice_000,0x0011EB,3,1,-32,0x8100,33024,-32512,0,129,object_plus_signed,0x00031A,-0x007BE6,no,,0,outside_decoded_stream
PHAPCK_TBL.decoded.bin,pck_object_0001_part_000_choice_000_frame_202,pck_object_0001,pck_object_0001_part_000,pck_object_0001_part_000_choice_000,0x0011EB,3,1,-32,0x8100,33024,-32512,0,129,block_plus_unsigned,0x000310,0x008410,yes,018100000000153D010F100807FF120A,0,in_range_no_structural_match
PHAPCK_TBL.decoded.bin,pck_object_0001_part_000_choice_000_frame_202,pck_object_0001,pck_object_0001_part_000,pck_object_0001_part_000_choice_000,0x0011EB,3,1,-32,0x8100,33024,-32512,0,129,block_plus_signed,0x000310,-0x007BF0,no,,0,outside_decoded_stream
PHAPCK_TBL.decoded.bin,pck_object_0001_part_000_choice_000_frame_202,pck_object_0001,pck_object_0001_part_000,pck_object_0001_part_000_choice_000,0x0011EB,3,1,-32,0x8100,33024,-32512,0,129,part_plus_signed,0x000328,-0x007BD8,no,,0,outside_decoded_stream
PHAPCK_TBL.decoded.bin,pck_object_0001_part_000_choice_000_frame_202,pck_object_0001,pck_object_0001_part_000,pck_object_0001_part_000_choice_000,0x0011EB,3,1,-32,0x8100,33024,-32512,0,129,frame_plus_signed,0x0011EB,-0x006D15,no,,0,outside_decoded_stream
PHAPCK_TBL.decoded.bin,pck_object_0001_part_000_choice_000_frame_202,pck_object_0001,pck_object_0001_part_000,pck_object_0001_part_000_choice_000,0x0011EB,3,1,-32,0x8100,33024,-32512,0,129,payload_plus_signed,0x0011ED,-0x006D13,no,,0,outside_decoded_stream
PHAPCK_TBL.decoded.bin,pck_object_0001_part_000_choice_000_frame_205,pck_object_0001,pck_object_0001_part_000,pck_object_0001_part_000_choice_000,0x001203,3,12,-17,0x8100,33024,-32512,0,129,direct_unsigned,0x000000,0x008100,yes,AAFFA0003C001AFF000058FA58FA8200,5,byte0_high_bit_set
PHAPCK_TBL.decoded.bin,pck_object_0001_part_000_choice_000_frame_205,pck_object_0001,pck_object_0001_part_000,pck_object_0001_part_000_choice_000,0x001203,3,12,-17,0x8100,33024,-32512,0,129,direct_signed,0x000000,-0x007F00,no,,0,outside_decoded_stream
PHAPCK_TBL.decoded.bin,pck_object_0001_part_000_choice_000_frame_205,pck_object_0001,pck_object_0001_part_000,pck_object_0001_part_000_choice_000,0x001203,3,12,-17,0x8100,33024,-32512,0,129,object_plus_unsigned,0x00031A,0x00841A,yes,100807FF120A0810FF0B0A1214FF070B,30,exact_frame_record
PHAPCK_TBL.decoded.bin,pck_object_0001_part_000_choice_000_frame_205,pck_object_0001,pck_object_0001_part_000,pck_object_0001_part_000_choice_000,0x001203,3,12,-17,0x8100,33024,-32512,0,129,object_plus_signed,0x00031A,-0x007BE6,no,,0,outside_decoded_stream
PHAPCK_TBL.decoded.bin,pck_object_0001_part_000_choice_000_frame_205,pck_object_0001,pck_object_0001_part_000,pck_object_0001_part_000_choice_000,0x001203,3,12,-17,0x8100,33024,-32512,0,129,block_plus_unsigned,0x000310,0x008410,yes,018100000000153D010F100807FF120A,0,in_range_no_structural_match
PHAPCK_TBL.decoded.bin,pck_object_0001_part_000_choice_000_frame_205,pck_object_0001,pck_object_0001_part_000,pck_object_0001_part_000_choice_000,0x001203,3,12,-17,0x8100,33024,-32512,0,129,block_plus_signed,0x000310,-0x007BF0,no,,0,outside_decoded_stream
PHAPCK_TBL.decoded.bin,pck_object_0001_part_000_choice_000_frame_205,pck_object_0001,pck_object_0001_part_000,pck_object_0001_part_000_choice_000,0x001203,3,12,-17,0x8100,33024,-32512,0,129,part_plus_signed,0x000328,-0x007BD8,no,,0,outside_decoded_stream
PHAPCK_TBL.decoded.bin,pck_object_0001_part_000_choice_000_frame_205,pck_object_0001,pck_object_0001_part_000,pck_object_0001_part_000_choice_000,0x001203,3,12,-17,0x8100,33024,-32512,0,129,frame_plus_signed,0x001203,-0x006CFD,no,,0,outside_decoded_stream
PHAPCK_TBL.decoded.bin,pck_object_0001_part_000_choice_000_frame_205,pck_object_0001,pck_object_0001_part_000,pck_object_0001_part_000_choice_000,0x001203,3,12,-17,0x8100,33024,-32512,0,129,payload_plus_signed,0x001205,-0x006CFB,no,,0,outside_decoded_stream
PHAPCK_TBL.decoded.bin,pck_object_0001_part_000_choice_000_frame_206,pck_object_0001,pck_object_0001_part_000,pck_object_0001_part_000_choice_000,0x00120B,3,13,-12,0x0200,512,512,0,2,direct_unsigned,0x000000,0x000200,yes,ED0018FC000000000000F8026D0756FF,10,byte0_high_bit_set;plausible_frame_record_prefix
PHAPCK_TBL.decoded.bin,pck_object_0001_part_000_choice_000_frame_206,pck_object_0001,pck_object_0001_part_000,pck_object_0001_part_000_choice_000,0x00120B,3,13,-12,0x0200,512,512,0,2,direct_signed,0x000000,0x000200,yes,ED0018FC000000000000F8026D0756FF,10,byte0_high_bit_set;plausible_frame_record_prefix
PHAPCK_TBL.decoded.bin,pck_object_0001_part_000_choice_000_frame_206,pck_object_0001,pck_object_0001_part_000,pck_object_0001_part_000_choice_000,0x00120B,3,13,-12,0x0200,512,512,0,2,object_plus_unsigned,0x00031A,0x00051A,yes,0000000B2A0181000000000E2F018107,5,plausible_frame_record_prefix
PHAPCK_TBL.decoded.bin,pck_object_0001_part_000_choice_000_frame_206,pck_object_0001,pck_object_0001_part_000,pck_object_0001_part_000_choice_000,0x00120B,3,13,-12,0x0200,512,512,0,2,object_plus_signed,0x00031A,0x00051A,yes,0000000B2A0181000000000E2F018107,5,plausible_frame_record_prefix
PHAPCK_TBL.decoded.bin,pck_object_0001_part_000_choice_000_frame_206,pck_object_0001,pck_object_0001_part_000,pck_object_0001_part_000_choice_000,0x00120B,3,13,-12,0x0200,512,512,0,2,block_plus_unsigned,0x000310,0x000510,yes,810707050506250181000000000B2A01,30,byte0_high_bit_set;plausible_object_header;plausible_drawable_extents_at_plus6_plus8
PHAPCK_TBL.decoded.bin,pck_object_0001_part_000_choice_000_frame_206,pck_object_0001,pck_object_0001_part_000,pck_object_0001_part_000_choice_000,0x00120B,3,13,-12,0x0200,512,512,0,2,block_plus_signed,0x000310,0x000510,yes,810707050506250181000000000B2A01,30,byte0_high_bit_set;plausible_object_header;plausible_drawable_extents_at_plus6_plus8
PHAPCK_TBL.decoded.bin,pck_object_0001_part_000_choice_000_frame_206,pck_object_0001,pck_object_0001_part_000,pck_object_0001_part_000_choice_000,0x00120B,3,13,-12,0x0200,512,512,0,2,part_plus_signed,0x000328,0x000528,yes,810707050511340181080800000E3901,20,byte0_high_bit_set;plausible_object_header
PHAPCK_TBL.decoded.bin,pck_object_0001_part_000_choice_000_frame_206,pck_object_0001,pck_object_0001_part_000,pck_object_0001_part_000_choice_000,0x00120B,3,13,-12,0x0200,512,512,0,2,frame_plus_signed,0x00120B,0x00140B,yes,00000018F83701AA00CEFF6E008200CE,5,plausible_frame_record_prefix
PHAPCK_TBL.decoded.bin,pck_object_0001_part_000_choice_000_frame_206,pck_object_0001,pck_object_0001_part_000,pck_object_0001_part_000_choice_000,0x00120B,3,13,-12,0x0200,512,512,0,2,payload_plus_signed,0x00120D,0x00140D,yes,0018F83701AA00CEFF6E008200CEFF6E,0,in_range_no_structural_match
PHAPCK_TBL.decoded.bin,pck_object_0001_part_000_choice_000_frame_208,pck_object_0001,pck_object_0001_part_000,pck_object_0001_part_000_choice_000,0x00121B,2,5,-1,0x0804,2052,2052,4,8,direct_unsigned,0x000000,0x000804,yes,00000A000C0181088108080000015C01,5,plausible_frame_record_prefix
PHAPCK_TBL.decoded.bin,pck_object_0001_part_000_choice_000_frame_208,pck_object_0001,pck_object_0001_part_000,pck_object_0001_part_000_choice_000,0x00121B,2,5,-1,0x0804,2052,2052,4,8,direct_signed,0x000000,0x000804,yes,00000A000C0181088108080000015C01,5,plausible_frame_record_prefix
PHAPCK_TBL.decoded.bin,pck_object_0001_part_000_choice_000_frame_208,pck_object_0001,pck_object_0001_part_000,pck_object_0001_part_000_choice_000,0x00121B,2,5,-1,0x0804,2052,2052,4,8,object_plus_unsigned,0x00031A,0x000B1E,yes,DC007EFF2800DC007EFFF6FFDC000000,10,byte0_high_bit_set;plausible_frame_record_prefix
PHAPCK_TBL.decoded.bin,pck_object_0001_part_000_choice_000_frame_208,pck_object_0001,pck_object_0001_part_000,pck_object_0001_part_000_choice_000,0x00121B,2,5,-1,0x0804,2052,2052,4,8,object_plus_signed,0x00031A,0x000B1E,yes,DC007EFF2800DC007EFFF6FFDC000000,10,byte0_high_bit_set;plausible_frame_record_prefix
PHAPCK_TBL.decoded.bin,pck_object_0001_part_000_choice_000_frame_208,pck_object_0001,pck_object_0001_part_000,pck_object_0001_part_000_choice_000,0x00121B,2,5,-1,0x0804,2052,2052,4,8,block_plus_unsigned,0x000310,0x000B14,yes,56FFF6FFDC0056FF2800DC007EFF2800,0,in_range_no_structural_match
PHAPCK_TBL.decoded.bin,pck_object_0001_part_000_choice_000_frame_208,pck_object_0001,pck_object_0001_part_000,pck_object_0001_part_000_choice_000,0x00121B,2,5,-1,0x0804,2052,2052,4,8,block_plus_signed,0x000310,0x000B14,yes,56FFF6FFDC0056FF2800DC007EFF2800,0,in_range_no_structural_match
PHAPCK_TBL.decoded.bin,pck_object_0001_part_000_choice_000_frame_208,pck_object_0001,pck_object_0001_part_000,pck_object_0001_part_000_choice_000,0x00121B,2,5,-1,0x0804,2052,2052,4,8,part_plus_signed,0x000328,0x000B2C,yes,00008407BB0256FF50006E007EFF5000,5,plausible_frame_record_prefix
PHAPCK_TBL.decoded.bin,pck_object_0001_part_000_choice_000_frame_208,pck_object_0001,pck_object_0001_part_000,pck_object_0001_part_000_choice_000,0x00121B,2,5,-1,0x0804,2052,2052,4,8,frame_plus_signed,0x00121B,0x001A1F,yes,1726000100FD00E80300000000000091,0,in_range_no_structural_match
PHAPCK_TBL.decoded.bin,pck_object_0001_part_000_choice_000_frame_208,pck_object_0001,pck_object_0001_part_000,pck_object_0001_part_000_choice_000,0x00121B,2,5,-1,0x0804,2052,2052,4,8,payload_plus_signed,0x00121D,0x001A21,yes,000100FD00E8030000000000009101D8,5,plausible_frame_record_prefix
PHAPCK_TBL.decoded.bin,pck_object_0001_part_000_choice_000_frame_242,pck_object_0001,pck_object_0001_part_000,pck_object_0001_part_000_choice_000,0x00132B,3,3,3,0xE201,57857,-7679,1,226,direct_unsigned,0x000000,0x00E201,no,,0,outside_decoded_stream
PHAPCK_TBL.decoded.bin,pck_object_0001_part_000_choice_000_frame_242,pck_object_0001,pck_object_0001_part_000,pck_object_0001_part_000_choice_000,0x00132B,3,3,3,0xE201,57857,-7679,1,226,direct_signed,0x000000,-0x001DFF,no,,0,outside_decoded_stream
PHAPCK_TBL.decoded.bin,pck_object_0001_part_000_choice_000_frame_242,pck_object_0001,pck_object_0001_part_000,pck_object_0001_part_000_choice_000,0x00132B,3,3,3,0xE201,57857,-7679,1,226,object_plus_unsigned,0x00031A,0x00E51B,no,,0,outside_decoded_stream
PHAPCK_TBL.decoded.bin,pck_object_0001_part_000_choice_000_frame_242,pck_object_0001,pck_object_0001_part_000,pck_object_0001_part_000_choice_000,0x00132B,3,3,3,0xE201,57857,-7679,1,226,object_plus_signed,0x00031A,-0x001AE5,no,,0,outside_decoded_stream
PHAPCK_TBL.decoded.bin,pck_object_0001_part_000_choice_000_frame_242,pck_object_0001,pck_object_0001_part_000,pck_object_0001_part_000_choice_000,0x00132B,3,3,3,0xE201,57857,-7679,1,226,block_plus_unsigned,0x000310,0x00E511,no,,0,outside_decoded_stream
PHAPCK_TBL.decoded.bin,pck_object_0001_part_000_choice_000_frame_242,pck_object_0001,pck_object_0001_part_000,pck_object_0001_part_000_choice_000,0x00132B,3,3,3,0xE201,57857,-7679,1,226,block_plus_signed,0x000310,-0x001AEF,no,,0,outside_decoded_stream
PHAPCK_TBL.decoded.bin,pck_object_0001_part_000_choice_000_frame_242,pck_object_0001,pck_object_0001_part_000,pck_object_0001_part_000_choice_000,0x00132B,3,3,3,0xE201,57857,-7679,1,226,part_plus_signed,0x000328,-0x001AD7,no,,0,outside_decoded_stream
PHAPCK_TBL.decoded.bin,pck_object_0001_part_000_choice_000_frame_242,pck_object_0001,pck_object_0001_part_000,pck_object_0001_part_000_choice_000,0x00132B,3,3,3,0xE201,57857,-7679,1,226,frame_plus_signed,0x00132B,-0x000AD4,no,,0,outside_decoded_stream
PHAPCK_TBL.decoded.bin,pck_object_0001_part_000_choice_000_frame_242,pck_object_0001,pck_object_0001_part_000,pck_object_0001_part_000_choice_000,0x00132B,3,3,3,0xE201,57857,-7679,1,226,payload_plus_signed,0x00132D,-0x000AD2,no,,0,outside_decoded_stream
PHAPCK_TBL.decoded.bin,pck_object_0001_part_000_choice_000_frame_243,pck_object_0001,pck_object_0001_part_000,pck_object_0001_part_000_choice_000,0x001333,2,5,5,0xE706,59142,-6394,6,231,direct_unsigned,0x000000,0x00E706,no,,0,outside_decoded_stream
PHAPCK_TBL.decoded.bin,pck_object_0001_part_000_choice_000_frame_243,pck_object_0001,pck_object_0001_part_000,pck_object_0001_part_000_choice_000,0x001333,2,5,5,0xE706,59142,-6394,6,231,direct_signed,0x000000,-0x0018FA,no,,0,outside_decoded_stream
PHAPCK_TBL.decoded.bin,pck_object_0001_part_000_choice_000_frame_243,pck_object_0001,pck_object_0001_part_000,pck_object_0001_part_000_choice_000,0x001333,2,5,5,0xE706,59142,-6394,6,231,object_plus_unsigned,0x00031A,0x00EA20,no,,0,outside_decoded_stream
PHAPCK_TBL.decoded.bin,pck_object_0001_part_000_choice_000_frame_243,pck_object_0001,pck_object_0001_part_000,pck_object_0001_part_000_choice_000,0x001333,2,5,5,0xE706,59142,-6394,6,231,object_plus_signed,0x00031A,-0x0015E0,no,,0,outside_decoded_stream
PHAPCK_TBL.decoded.bin,pck_object_0001_part_000_choice_000_frame_243,pck_object_0001,pck_object_0001_part_000,pck_object_0001_part_000_choice_000,0x001333,2,5,5,0xE706,59142,-6394,6,231,block_plus_unsigned,0x000310,0x00EA16,no,,0,outside_decoded_stream
PHAPCK_TBL.decoded.bin,pck_object_0001_part_000_choice_000_frame_243,pck_object_0001,pck_object_0001_part_000,pck_object_0001_part_000_choice_000,0x001333,2,5,5,0xE706,59142,-6394,6,231,block_plus_signed,0x000310,-0x0015EA,no,,0,outside_decoded_stream
PHAPCK_TBL.decoded.bin,pck_object_0001_part_000_choice_000_frame_243,pck_object_0001,pck_object_0001_part_000,pck_object_0001_part_000_choice_000,0x001333,2,5,5,0xE706,59142,-6394,6,231,part_plus_signed,0x000328,-0x0015D2,no,,0,outside_decoded_stream
PHAPCK_TBL.decoded.bin,pck_object_0001_part_000_choice_000_frame_243,pck_object_0001,pck_object_0001_part_000,pck_object_0001_part_000_choice_000,0x001333,2,5,5,0xE706,59142,-6394,6,231,frame_plus_signed,0x001333,-0x0005C7,no,,0,outside_decoded_stream
PHAPCK_TBL.decoded.bin,pck_object_0001_part_000_choice_000_frame_243,pck_object_0001,pck_object_0001_part_000,pck_object_0001_part_000_choice_000,0x001333,2,5,5,0xE706,59142,-6394,6,231,payload_plus_signed,0x001335,-0x0005C5,no,,0,outside_decoded_stream
PHAPCK_TBL.decoded.bin,pck_object_0001_part_000_choice_000_frame_244,pck_object_0001,pck_object_0001_part_000,pck_object_0001_part_000_choice_000,0x00133B,2,5,5,0xEC09,60425,-5111,9,236,direct_unsigned,0x000000,0x00EC09,no,,0,outside_decoded_stream
PHAPCK_TBL.decoded.bin,pck_object_0001_part_000_choice_000_frame_244,pck_object_0001,pck_object_0001_part_000,pck_object_0001_part_000_choice_000,0x00133B,2,5,5,0xEC09,60425,-5111,9,236,direct_signed,0x000000,-0x0013F7,no,,0,outside_decoded_stream
PHAPCK_TBL.decoded.bin,pck_object_0001_part_000_choice_000_frame_244,pck_object_0001,pck_object_0001_part_000,pck_object_0001_part_000_choice_000,0x00133B,2,5,5,0xEC09,60425,-5111,9,236,object_plus_unsigned,0x00031A,0x00EF23,no,,0,outside_decoded_stream
PHAPCK_TBL.decoded.bin,pck_object_0001_part_000_choice_000_frame_244,pck_object_0001,pck_object_0001_part_000,pck_object_0001_part_000_choice_000,0x00133B,2,5,5,0xEC09,60425,-5111,9,236,object_plus_signed,0x00031A,-0x0010DD,no,,0,outside_decoded_stream
PHAPCK_TBL.decoded.bin,pck_object_0001_part_000_choice_000_frame_244,pck_object_0001,pck_object_0001_part_000,pck_object_0001_part_000_choice_000,0x00133B,2,5,5,0xEC09,60425,-5111,9,236,block_plus_unsigned,0x000310,0x00EF19,no,,0,outside_decoded_stream
PHAPCK_TBL.decoded.bin,pck_object_0001_part_000_choice_000_frame_244,pck_object_0001,pck_object_0001_part_000,pck_object_0001_part_000_choice_000,0x00133B,2,5,5,0xEC09,60425,-5111,9,236,block_plus_signed,0x000310,-0x0010E7,no,,0,outside_decoded_stream
PHAPCK_TBL.decoded.bin,pck_object_0001_part_000_choice_000_frame_244,pck_object_0001,pck_object_0001_part_000,pck_object_0001_part_000_choice_000,0x00133B,2,5,5,0xEC09,60425,-5111,9,236,part_plus_signed,0x000328,-0x0010CF,no,,0,outside_decoded_stream
PHAPCK_TBL.decoded.bin,pck_object_0001_part_000_choice_000_frame_244,pck_object_0001,pck_object_0001_part_000,pck_object_0001_part_000_choice_000,0x00133B,2,5,5,0xEC09,60425,-5111,9,236,frame_plus_signed,0x00133B,-0x0000BC,no,,0,outside_decoded_stream
PHAPCK_TBL.decoded.bin,pck_object_0001_part_000_choice_000_frame_244,pck_object_0001,pck_object_0001_part_000,pck_object_0001_part_000_choice_000,0x00133B,2,5,5,0xEC09,60425,-5111,9,236,payload_plus_signed,0x00133D,-0x0000BA,no,,0,outside_decoded_stream
PHAPCK_TBL.decoded.bin,pck_object_0001_part_000_choice_000_frame_245,pck_object_0001,pck_object_0001_part_000,pck_object_0001_part_000_choice_000,0x001343,3,3,3,0xF10C,61708,-3828,12,241,direct_unsigned,0x000000,0x00F10C,no,,0,outside_decoded_stream
PHAPCK_TBL.decoded.bin,pck_object_0001_part_000_choice_000_frame_245,pck_object_0001,pck_object_0001_part_000,pck_object_0001_part_000_choice_000,0x001343,3,3,3,0xF10C,61708,-3828,12,241,direct_signed,0x000000,-0x000EF4,no,,0,outside_decoded_stream
PHAPCK_TBL.decoded.bin,pck_object_0001_part_000_choice_000_frame_245,pck_object_0001,pck_object_0001_part_000,pck_object_0001_part_000_choice_000,0x001343,3,3,3,0xF10C,61708,-3828,12,241,object_plus_unsigned,0x00031A,0x00F426,no,,0,outside_decoded_stream
PHAPCK_TBL.decoded.bin,pck_object_0001_part_000_choice_000_frame_245,pck_object_0001,pck_object_0001_part_000,pck_object_0001_part_000_choice_000,0x001343,3,3,3,0xF10C,61708,-3828,12,241,object_plus_signed,0x00031A,-0x000BDA,no,,0,outside_decoded_stream
PHAPCK_TBL.decoded.bin,pck_object_0001_part_000_choice_000_frame_245,pck_object_0001,pck_object_0001_part_000,pck_object_0001_part_000_choice_000,0x001343,3,3,3,0xF10C,61708,-3828,12,241,block_plus_unsigned,0x000310,0x00F41C,no,,0,outside_decoded_stream
PHAPCK_TBL.decoded.bin,pck_object_0001_part_000_choice_000_frame_245,pck_object_0001,pck_object_0001_part_000,pck_object_0001_part_000_choice_000,0x001343,3,3,3,0xF10C,61708,-3828,12,241,block_plus_signed,0x000310,-0x000BE4,no,,0,outside_decoded_stream
PHAPCK_TBL.decoded.bin,pck_object_0001_part_000_choice_000_frame_245,pck_object_0001,pck_object_0001_part_000,pck_object_0001_part_000_choice_000,0x001343,3,3,3,0xF10C,61708,-3828,12,241,part_plus_signed,0x000328,-0x000BCC,no,,0,outside_decoded_stream
PHAPCK_TBL.decoded.bin,pck_object_0001_part_000_choice_000_frame_245,pck_object_0001,pck_object_0001_part_000,pck_object_0001_part_000_choice_000,0x001343,3,3,3,0xF10C,61708,-3828,12,241,frame_plus_signed,0x001343,0x00044F,yes,0FFF0F141210FF80004F010000000000,0,in_range_no_structural_match
PHAPCK_TBL.decoded.bin,pck_object_0001_part_000_choice_000_frame_245,pck_object_0001,pck_object_0001_part_000,pck_object_0001_part_000_choice_000,0x001343,3,3,3,0xF10C,61708,-3828,12,241,payload_plus_signed,0x001345,0x000451,yes,0F141210FF80004F0100000000000001,0,in_range_no_structural_match
PHAPCK_TBL.decoded.bin,pck_object_0001_part_000_choice_000_frame_246,pck_object_0001,pck_object_0001_part_000,pck_object_0001_part_000_choice_000,0x00134B,3,3,3,0xF60D,62989,-2547,13,246,direct_unsigned,0x000000,0x00F60D,no,,0,outside_decoded_stream
PHAPCK_TBL.decoded.bin,pck_object_0001_part_000_choice_000_frame_246,pck_object_0001,pck_object_0001_part_000,pck_object_0001_part_000_choice_000,0x00134B,3,3,3,0xF60D,62989,-2547,13,246,direct_signed,0x000000,-0x0009F3,no,,0,outside_decoded_stream
PHAPCK_TBL.decoded.bin,pck_object_0001_part_000_choice_000_frame_246,pck_object_0001,pck_object_0001_part_000,pck_object_0001_part_000_choice_000,0x00134B,3,3,3,0xF60D,62989,-2547,13,246,object_plus_unsigned,0x00031A,0x00F927,no,,0,outside_decoded_stream
PHAPCK_TBL.decoded.bin,pck_object_0001_part_000_choice_000_frame_246,pck_object_0001,pck_object_0001_part_000,pck_object_0001_part_000_choice_000,0x00134B,3,3,3,0xF60D,62989,-2547,13,246,object_plus_signed,0x00031A,-0x0006D9,no,,0,outside_decoded_stream
PHAPCK_TBL.decoded.bin,pck_object_0001_part_000_choice_000_frame_246,pck_object_0001,pck_object_0001_part_000,pck_object_0001_part_000_choice_000,0x00134B,3,3,3,0xF60D,62989,-2547,13,246,block_plus_unsigned,0x000310,0x00F91D,no,,0,outside_decoded_stream
PHAPCK_TBL.decoded.bin,pck_object_0001_part_000_choice_000_frame_246,pck_object_0001,pck_object_0001_part_000,pck_object_0001_part_000_choice_000,0x00134B,3,3,3,0xF60D,62989,-2547,13,246,block_plus_signed,0x000310,-0x0006E3,no,,0,outside_decoded_stream
PHAPCK_TBL.decoded.bin,pck_object_0001_part_000_choice_000_frame_246,pck_object_0001,pck_object_0001_part_000,pck_object_0001_part_000_choice_000,0x00134B,3,3,3,0xF60D,62989,-2547,13,246,part_plus_signed,0x000328,-0x0006CB,no,,0,outside_decoded_stream
PHAPCK_TBL.decoded.bin,pck_object_0001_part_000_choice_000_frame_246,pck_object_0001,pck_object_0001_part_000,pck_object_0001_part_000_choice_000,0x00134B,3,3,3,0xF60D,62989,-2547,13,246,frame_plus_signed,0x00134B,0x000958,yes,E2FFF000000024F91D04010066000000,20,byte0_high_bit_set;plausible_object_header
PHAPCK_TBL.decoded.bin,pck_object_0001_part_000_choice_000_frame_246,pck_object_0001,pck_object_0001_part_000,pck_object_0001_part_000_choice_000,0x00134B,3,3,3,0xF60D,62989,-2547,13,246,payload_plus_signed,0x00134D,0x00095A,yes,F000000024F91D040100660000000500,10,byte0_high_bit_set;plausible_frame_record_prefix
PHAPCK_TBL.decoded.bin,pck_object_0003_part_000_choice_000_frame_015,pck_object_0003,pck_object_0003_part_000,pck_object_0003_part_000_choice_000,0x002F28,3,9,-1,0x050D,1293,1293,13,5,direct_unsigned,0x000000,0x00050D,yes,01200181070705050625018100000000,0,in_range_no_structural_match
PHAPCK_TBL.decoded.bin,pck_object_0003_part_000_choice_000_frame_015,pck_object_0003,pck_object_0003_part_000,pck_object_0003_part_000_choice_000,0x002F28,3,9,-1,0x050D,1293,1293,13,5,direct_signed,0x000000,0x00050D,yes,01200181070705050625018100000000,0,in_range_no_structural_match
PHAPCK_TBL.decoded.bin,pck_object_0003_part_000_choice_000_frame_015,pck_object_0003,pck_object_0003_part_000,pck_object_0003_part_000_choice_000,0x002F28,3,9,-1,0x050D,1293,1293,13,5,object_plus_unsigned,0x0005AF,0x000ABC,yes,0303153B0181030303030C4001810202,5,plausible_frame_record_prefix
PHAPCK_TBL.decoded.bin,pck_object_0003_part_000_choice_000_frame_015,pck_object_0003,pck_object_0003_part_000,pck_object_0003_part_000_choice_000,0x002F28,3,9,-1,0x050D,1293,1293,13,5,object_plus_signed,0x0005AF,0x000ABC,yes,0303153B0181030303030C4001810202,5,plausible_frame_record_prefix
PHAPCK_TBL.decoded.bin,pck_object_0003_part_000_choice_000_frame_015,pck_object_0003,pck_object_0003_part_000,pck_object_0003_part_000_choice_000,0x002F28,3,9,-1,0x050D,1293,1293,13,5,block_plus_unsigned,0x0005A0,0x000AAD,yes,030F3101810000000012360181030303,0,in_range_no_structural_match
PHAPCK_TBL.decoded.bin,pck_object_0003_part_000_choice_000_frame_015,pck_object_0003,pck_object_0003_part_000,pck_object_0003_part_000_choice_000,0x002F28,3,9,-1,0x050D,1293,1293,13,5,block_plus_signed,0x0005A0,0x000AAD,yes,030F3101810000000012360181030303,0,in_range_no_structural_match
PHAPCK_TBL.decoded.bin,pck_object_0003_part_000_choice_000_frame_015,pck_object_0003,pck_object_0003_part_000,pck_object_0003_part_000_choice_000,0x002F28,3,9,-1,0x050D,1293,1293,13,5,part_plus_signed,0x0005BD,0x000ACA,yes,0202050516450108071011FF13111014,5,plausible_frame_record_prefix
PHAPCK_TBL.decoded.bin,pck_object_0003_part_000_choice_000_frame_015,pck_object_0003,pck_object_0003_part_000,pck_object_0003_part_000_choice_000,0x002F28,3,9,-1,0x050D,1293,1293,13,5,frame_plus_signed,0x002F28,0x003435,yes,072102C4FF0200D200AEFFE5FF4001CB,0,in_range_no_structural_match
PHAPCK_TBL.decoded.bin,pck_object_0003_part_000_choice_000_frame_015,pck_object_0003,pck_object_0003_part_000,pck_object_0003_part_000_choice_000,0x002F28,3,9,-1,0x050D,1293,1293,13,5,payload_plus_signed,0x002F2A,0x003437,yes,02C4FF0200D200AEFFE5FF4001CB0791,0,in_range_no_structural_match
PHAPCK_TBL.decoded.bin,pck_object_0003_part_000_choice_000_frame_045,pck_object_0003,pck_object_0003_part_000,pck_object_0003_part_000_choice_000,0x003018,3,11,62,0x8101,33025,-32511,1,129,direct_unsigned,0x000000,0x008101,yes,FFA0003C001AFF000058FA58FA82003C,5,byte0_high_bit_set
PHAPCK_TBL.decoded.bin,pck_object_0003_part_000_choice_000_frame_045,pck_object_0003,pck_object_0003_part_000,pck_object_0003_part_000_choice_000,0x003018,3,11,62,0x8101,33025,-32511,1,129,direct_signed,0x000000,-0x007EFF,no,,0,outside_decoded_stream
PHAPCK_TBL.decoded.bin,pck_object_0003_part_000_choice_000_frame_045,pck_object_0003,pck_object_0003_part_000,pck_object_0003_part_000_choice_000,0x003018,3,11,62,0x8101,33025,-32511,1,129,object_plus_unsigned,0x0005AF,0x0086B0,yes,070A0DFF0F100908FF0D100F0CFF120F,0,in_range_no_structural_match
PHAPCK_TBL.decoded.bin,pck_object_0003_part_000_choice_000_frame_045,pck_object_0003,pck_object_0003_part_000,pck_object_0003_part_000_choice_000,0x003018,3,11,62,0x8101,33025,-32511,1,129,object_plus_signed,0x0005AF,-0x007950,no,,0,outside_decoded_stream
PHAPCK_TBL.decoded.bin,pck_object_0003_part_000_choice_000_frame_045,pck_object_0003,pck_object_0003_part_000,pck_object_0003_part_000_choice_000,0x003018,3,11,62,0x8101,33025,-32511,1,129,block_plus_unsigned,0x0005A0,0x0086A1,yes,00175F0102030405FF0708090AFF0C07,0,in_range_no_structural_match
PHAPCK_TBL.decoded.bin,pck_object_0003_part_000_choice_000_frame_045,pck_object_0003,pck_object_0003_part_000,pck_object_0003_part_000_choice_000,0x003018,3,11,62,0x8101,33025,-32511,1,129,block_plus_signed,0x0005A0,-0x00795F,no,,0,outside_decoded_stream
PHAPCK_TBL.decoded.bin,pck_object_0003_part_000_choice_000_frame_045,pck_object_0003,pck_object_0003_part_000,pck_object_0003_part_000_choice_000,0x003018,3,11,62,0x8101,33025,-32511,1,129,part_plus_signed,0x0005BD,-0x007942,no,,0,outside_decoded_stream
PHAPCK_TBL.decoded.bin,pck_object_0003_part_000_choice_000_frame_045,pck_object_0003,pck_object_0003_part_000,pck_object_0003_part_000_choice_000,0x003018,3,11,62,0x8101,33025,-32511,1,129,frame_plus_signed,0x003018,-0x004EE7,no,,0,outside_decoded_stream
PHAPCK_TBL.decoded.bin,pck_object_0003_part_000_choice_000_frame_045,pck_object_0003,pck_object_0003_part_000,pck_object_0003_part_000_choice_000,0x003018,3,11,62,0x8101,33025,-32511,1,129,payload_plus_signed,0x00301A,-0x004EE5,no,,0,outside_decoded_stream
PHAPCK_TBL.decoded.bin,pck_object_0003_part_000_choice_000_frame_046,pck_object_0003,pck_object_0003_part_000,pck_object_0003_part_000_choice_000,0x003020,3,14,66,0x8101,33025,-32511,1,129,direct_unsigned,0x000000,0x008101,yes,FFA0003C001AFF000058FA58FA82003C,5,byte0_high_bit_set
PHAPCK_TBL.decoded.bin,pck_object_0003_part_000_choice_000_frame_046,pck_object_0003,pck_object_0003_part_000,pck_object_0003_part_000_choice_000,0x003020,3,14,66,0x8101,33025,-32511,1,129,direct_signed,0x000000,-0x007EFF,no,,0,outside_decoded_stream
PHAPCK_TBL.decoded.bin,pck_object_0003_part_000_choice_000_frame_046,pck_object_0003,pck_object_0003_part_000,pck_object_0003_part_000_choice_000,0x003020,3,14,66,0x8101,33025,-32511,1,129,object_plus_unsigned,0x0005AF,0x0086B0,yes,070A0DFF0F100908FF0D100F0CFF120F,0,in_range_no_structural_match
PHAPCK_TBL.decoded.bin,pck_object_0003_part_000_choice_000_frame_046,pck_object_0003,pck_object_0003_part_000,pck_object_0003_part_000_choice_000,0x003020,3,14,66,0x8101,33025,-32511,1,129,object_plus_signed,0x0005AF,-0x007950,no,,0,outside_decoded_stream
PHAPCK_TBL.decoded.bin,pck_object_0003_part_000_choice_000_frame_046,pck_object_0003,pck_object_0003_part_000,pck_object_0003_part_000_choice_000,0x003020,3,14,66,0x8101,33025,-32511,1,129,block_plus_unsigned,0x0005A0,0x0086A1,yes,00175F0102030405FF0708090AFF0C07,0,in_range_no_structural_match
PHAPCK_TBL.decoded.bin,pck_object_0003_part_000_choice_000_frame_046,pck_object_0003,pck_object_0003_part_000,pck_object_0003_part_000_choice_000,0x003020,3,14,66,0x8101,33025,-32511,1,129,block_plus_signed,0x0005A0,-0x00795F,no,,0,outside_decoded_stream
PHAPCK_TBL.decoded.bin,pck_object_0003_part_000_choice_000_frame_046,pck_object_0003,pck_object_0003_part_000,pck_object_0003_part_000_choice_000,0x003020,3,14,66,0x8101,33025,-32511,1,129,part_plus_signed,0x0005BD,-0x007942,no,,0,outside_decoded_stream
PHAPCK_TBL.decoded.bin,pck_object_0003_part_000_choice_000_frame_046,pck_object_0003,pck_object_0003_part_000,pck_object_0003_part_000_choice_000,0x003020,3,14,66,0x8101,33025,-32511,1,129,frame_plus_signed,0x003020,-0x004EDF,no,,0,outside_decoded_stream
PHAPCK_TBL.decoded.bin,pck_object_0003_part_000_choice_000_frame_046,pck_object_0003,pck_object_0003_part_000,pck_object_0003_part_000_choice_000,0x003020,3,14,66,0x8101,33025,-32511,1,129,payload_plus_signed,0x003022,-0x004EDD,no,,0,outside_decoded_stream
PHAPCK_TBL.decoded.bin,pck_object_0003_part_000_choice_000_frame_050,pck_object_0003,pck_object_0003_part_000,pck_object_0003_part_000_choice_000,0x003040,3,22,85,0x8101,33025,-32511,1,129,direct_unsigned,0x000000,0x008101,yes,FFA0003C001AFF000058FA58FA82003C,5,byte0_high_bit_set
PHAPCK_TBL.decoded.bin,pck_object_0003_part_000_choice_000_frame_050,pck_object_0003,pck_object_0003_part_000,pck_object_0003_part_000_choice_000,0x003040,3,22,85,0x8101,33025,-32511,1,129,direct_signed,0x000000,-0x007EFF,no,,0,outside_decoded_stream
PHAPCK_TBL.decoded.bin,pck_object_0003_part_000_choice_000_frame_050,pck_object_0003,pck_object_0003_part_000,pck_object_0003_part_000_choice_000,0x003040,3,22,85,0x8101,33025,-32511,1,129,object_plus_unsigned,0x0005AF,0x0086B0,yes,070A0DFF0F100908FF0D100F0CFF120F,0,in_range_no_structural_match
PHAPCK_TBL.decoded.bin,pck_object_0003_part_000_choice_000_frame_050,pck_object_0003,pck_object_0003_part_000,pck_object_0003_part_000_choice_000,0x003040,3,22,85,0x8101,33025,-32511,1,129,object_plus_signed,0x0005AF,-0x007950,no,,0,outside_decoded_stream
PHAPCK_TBL.decoded.bin,pck_object_0003_part_000_choice_000_frame_050,pck_object_0003,pck_object_0003_part_000,pck_object_0003_part_000_choice_000,0x003040,3,22,85,0x8101,33025,-32511,1,129,block_plus_unsigned,0x0005A0,0x0086A1,yes,00175F0102030405FF0708090AFF0C07,0,in_range_no_structural_match
PHAPCK_TBL.decoded.bin,pck_object_0003_part_000_choice_000_frame_050,pck_object_0003,pck_object_0003_part_000,pck_object_0003_part_000_choice_000,0x003040,3,22,85,0x8101,33025,-32511,1,129,block_plus_signed,0x0005A0,-0x00795F,no,,0,outside_decoded_stream
PHAPCK_TBL.decoded.bin,pck_object_0003_part_000_choice_000_frame_050,pck_object_0003,pck_object_0003_part_000,pck_object_0003_part_000_choice_000,0x003040,3,22,85,0x8101,33025,-32511,1,129,part_plus_signed,0x0005BD,-0x007942,no,,0,outside_decoded_stream
PHAPCK_TBL.decoded.bin,pck_object_0003_part_000_choice_000_frame_050,pck_object_0003,pck_object_0003_part_000,pck_object_0003_part_000_choice_000,0x003040,3,22,85,0x8101,33025,-32511,1,129,frame_plus_signed,0x003040,-0x004EBF,no,,0,outside_decoded_stream
PHAPCK_TBL.decoded.bin,pck_object_0003_part_000_choice_000_frame_050,pck_object_0003,pck_object_0003_part_000,pck_object_0003_part_000_choice_000,0x003040,3,22,85,0x8101,33025,-32511,1,129,payload_plus_signed,0x003042,-0x004EBD,no,,0,outside_decoded_stream
PHAPCK_TBL.decoded.bin,pck_object_0003_part_000_choice_000_frame_051,pck_object_0003,pck_object_0003_part_000,pck_object_0003_part_000_choice_000,0x003048,3,23,90,0x8101,33025,-32511,1,129,direct_unsigned,0x000000,0x008101,yes,FFA0003C001AFF000058FA58FA82003C,5,byte0_high_bit_set
PHAPCK_TBL.decoded.bin,pck_object_0003_part_000_choice_000_frame_051,pck_object_0003,pck_object_0003_part_000,pck_object_0003_part_000_choice_000,0x003048,3,23,90,0x8101,33025,-32511,1,129,direct_signed,0x000000,-0x007EFF,no,,0,outside_decoded_stream
PHAPCK_TBL.decoded.bin,pck_object_0003_part_000_choice_000_frame_051,pck_object_0003,pck_object_0003_part_000,pck_object_0003_part_000_choice_000,0x003048,3,23,90,0x8101,33025,-32511,1,129,object_plus_unsigned,0x0005AF,0x0086B0,yes,070A0DFF0F100908FF0D100F0CFF120F,0,in_range_no_structural_match
PHAPCK_TBL.decoded.bin,pck_object_0003_part_000_choice_000_frame_051,pck_object_0003,pck_object_0003_part_000,pck_object_0003_part_000_choice_000,0x003048,3,23,90,0x8101,33025,-32511,1,129,object_plus_signed,0x0005AF,-0x007950,no,,0,outside_decoded_stream
PHAPCK_TBL.decoded.bin,pck_object_0003_part_000_choice_000_frame_051,pck_object_0003,pck_object_0003_part_000,pck_object_0003_part_000_choice_000,0x003048,3,23,90,0x8101,33025,-32511,1,129,block_plus_unsigned,0x0005A0,0x0086A1,yes,00175F0102030405FF0708090AFF0C07,0,in_range_no_structural_match
PHAPCK_TBL.decoded.bin,pck_object_0003_part_000_choice_000_frame_051,pck_object_0003,pck_object_0003_part_000,pck_object_0003_part_000_choice_000,0x003048,3,23,90,0x8101,33025,-32511,1,129,block_plus_signed,0x0005A0,-0x00795F,no,,0,outside_decoded_stream
PHAPCK_TBL.decoded.bin,pck_object_0003_part_000_choice_000_frame_051,pck_object_0003,pck_object_0003_part_000,pck_object_0003_part_000_choice_000,0x003048,3,23,90,0x8101,33025,-32511,1,129,part_plus_signed,0x0005BD,-0x007942,no,,0,outside_decoded_stream
PHAPCK_TBL.decoded.bin,pck_object_0003_part_000_choice_000_frame_051,pck_object_0003,pck_object_0003_part_000,pck_object_0003_part_000_choice_000,0x003048,3,23,90,0x8101,33025,-32511,1,129,frame_plus_signed,0x003048,-0x004EB7,no,,0,outside_decoded_stream
PHAPCK_TBL.decoded.bin,pck_object_0003_part_000_choice_000_frame_051,pck_object_0003,pck_object_0003_part_000,pck_object_0003_part_000_choice_000,0x003048,3,23,90,0x8101,33025,-32511,1,129,payload_plus_signed,0x00304A,-0x004EB5,no,,0,outside_decoded_stream
PHAPCK_TBL.decoded.bin,pck_object_0003_part_000_choice_000_frame_052,pck_object_0003,pck_object_0003_part_000,pck_object_0003_part_000_choice_000,0x003050,3,11,95,0x0201,513,513,1,2,direct_unsigned,0x000000,0x000201,yes,0018FC000000000000F8026D0756FFE2,0,in_range_no_structural_match
PHAPCK_TBL.decoded.bin,pck_object_0003_part_000_choice_000_frame_052,pck_object_0003,pck_object_0003_part_000,pck_object_0003_part_000_choice_000,0x003050,3,11,95,0x0201,513,513,1,2,direct_signed,0x000000,0x000201,yes,0018FC000000000000F8026D0756FFE2,0,in_range_no_structural_match
PHAPCK_TBL.decoded.bin,pck_object_0003_part_000_choice_000_frame_052,pck_object_0003,pck_object_0003_part_000,pck_object_0003_part_000_choice_000,0x003050,3,11,95,0x0201,513,513,1,2,object_plus_unsigned,0x0005AF,0x0007B0,yes,DC05C1070201AF016E00E2FF4A010000,5,byte0_high_bit_set
PHAPCK_TBL.decoded.bin,pck_object_0003_part_000_choice_000_frame_052,pck_object_0003,pck_object_0003_part_000,pck_object_0003_part_000_choice_000,0x003050,3,11,95,0x0201,513,513,1,2,object_plus_signed,0x0005AF,0x0007B0,yes,DC05C1070201AF016E00E2FF4A010000,5,byte0_high_bit_set
PHAPCK_TBL.decoded.bin,pck_object_0003_part_000_choice_000_frame_052,pck_object_0003,pck_object_0003_part_000,pck_object_0003_part_000_choice_000,0x003050,3,11,95,0x0201,513,513,1,2,block_plus_unsigned,0x0005A0,0x0007A1,yes,009AF934FB9E042B06DBFD32006400DC,0,in_range_no_structural_match
PHAPCK_TBL.decoded.bin,pck_object_0003_part_000_choice_000_frame_052,pck_object_0003,pck_object_0003_part_000,pck_object_0003_part_000_choice_000,0x003050,3,11,95,0x0201,513,513,1,2,block_plus_signed,0x0005A0,0x0007A1,yes,009AF934FB9E042B06DBFD32006400DC,0,in_range_no_structural_match
PHAPCK_TBL.decoded.bin,pck_object_0003_part_000_choice_000_frame_052,pck_object_0003,pck_object_0003_part_000,pck_object_0003_part_000_choice_000,0x003050,3,11,95,0x0201,513,513,1,2,part_plus_signed,0x0005BD,0x0007BE,yes,00003EF8F0013C00CEFFFA005000E2FF,5,plausible_frame_record_prefix
PHAPCK_TBL.decoded.bin,pck_object_0003_part_000_choice_000_frame_052,pck_object_0003,pck_object_0003_part_000,pck_object_0003_part_000_choice_000,0x003050,3,11,95,0x0201,513,513,1,2,frame_plus_signed,0x003050,0x003251,yes,2800C4FFA6FF0008000000005A00C4FF,5,plausible_frame_record_prefix
PHAPCK_TBL.decoded.bin,pck_object_0003_part_000_choice_000_frame_052,pck_object_0003,pck_object_0003_part_000,pck_object_0003_part_000_choice_000,0x003050,3,11,95,0x0201,513,513,1,2,payload_plus_signed,0x003052,0x003253,yes,C4FFA6FF0008000000005A00C4FFA6FF,5,byte0_high_bit_set
PHAPCK_TBL.decoded.bin,pck_object_0003_part_000_choice_000_frame_083,pck_object_0003,pck_object_0003_part_000,pck_object_0003_part_000_choice_000,0x003148,3,1,1,0x011E,286,286,30,1,direct_unsigned,0x000000,0x00011E,yes,E8050A00FD05030013060C0028060500,20,byte0_high_bit_set;plausible_object_header
PHAPCK_TBL.decoded.bin,pck_object_0003_part_000_choice_000_frame_083,pck_object_0003,pck_object_0003_part_000,pck_object_0003_part_000_choice_000,0x003148,3,1,1,0x011E,286,286,30,1,direct_signed,0x000000,0x00011E,yes,E8050A00FD05030013060C0028060500,20,byte0_high_bit_set;plausible_object_header
PHAPCK_TBL.decoded.bin,pck_object_0003_part_000_choice_000_frame_083,pck_object_0003,pck_object_0003_part_000,pck_object_0003_part_000_choice_000,0x003148,3,1,1,0x011E,286,286,30,1,object_plus_unsigned,0x0005AF,0x0006CD,yes,FF0708090AFF0C070A0DFF0F090810FF,5,byte0_high_bit_set
PHAPCK_TBL.decoded.bin,pck_object_0003_part_000_choice_000_frame_083,pck_object_0003,pck_object_0003_part_000,pck_object_0003_part_000_choice_000,0x003148,3,1,1,0x011E,286,286,30,1,object_plus_signed,0x0005AF,0x0006CD,yes,FF0708090AFF0C070A0DFF0F090810FF,5,byte0_high_bit_set
PHAPCK_TBL.decoded.bin,pck_object_0003_part_000_choice_000_frame_083,pck_object_0003,pck_object_0003_part_000,pck_object_0003_part_000_choice_000,0x003148,3,1,1,0x011E,286,286,30,1,block_plus_unsigned,0x0005A0,0x0006BE,yes,175E0181080800000B630102030405FF,0,in_range_no_structural_match
PHAPCK_TBL.decoded.bin,pck_object_0003_part_000_choice_000_frame_083,pck_object_0003,pck_object_0003_part_000,pck_object_0003_part_000_choice_000,0x003148,3,1,1,0x011E,286,286,30,1,block_plus_signed,0x0005A0,0x0006BE,yes,175E0181080800000B630102030405FF,0,in_range_no_structural_match
PHAPCK_TBL.decoded.bin,pck_object_0003_part_000_choice_000_frame_083,pck_object_0003,pck_object_0003_part_000,pck_object_0003_part_000_choice_000,0x003148,3,1,1,0x011E,286,286,30,1,part_plus_signed,0x0005BD,0x0006DB,yes,10FF0D0F100CFF12070CFF100813FF13,0,in_range_no_structural_match
PHAPCK_TBL.decoded.bin,pck_object_0003_part_000_choice_000_frame_083,pck_object_0003,pck_object_0003_part_000,pck_object_0003_part_000_choice_000,0x003148,3,1,1,0x011E,286,286,30,1,frame_plus_signed,0x003148,0x003266,yes,FF24FF0000F5FA350628007EFFCAFE5A,5,byte0_high_bit_set
PHAPCK_TBL.decoded.bin,pck_object_0003_part_000_choice_000_frame_083,pck_object_0003,pck_object_0003_part_000,pck_object_0003_part_000_choice_000,0x003148,3,1,1,0x011E,286,286,30,1,payload_plus_signed,0x00314A,0x003268,yes,FF0000F5FA350628007EFFCAFE5A007E,40,exact_frame_record;byte0_high_bit_set;plausible_frame_record_prefix
PHAPCK_TBL.decoded.bin,pck_object_0003_part_000_choice_000_frame_088,pck_object_0003,pck_object_0003_part_000,pck_object_0003_part_000_choice_000,0x003170,3,3,11,0x0137,311,311,55,1,direct_unsigned,0x000000,0x000137,yes,0600007F060C009E060800BE060400DE,5,plausible_frame_record_prefix
PHAPCK_TBL.decoded.bin,pck_object_0003_part_000_choice_000_frame_088,pck_object_0003,pck_object_0003_part_000,pck_object_0003_part_000_choice_000,0x003170,3,3,11,0x0137,311,311,55,1,direct_signed,0x000000,0x000137,yes,0600007F060C009E060800BE060400DE,5,plausible_frame_record_prefix
PHAPCK_TBL.decoded.bin,pck_object_0003_part_000_choice_000_frame_088,pck_object_0003,pck_object_0003_part_000,pck_object_0003_part_000_choice_000,0x003170,3,3,11,0x0137,311,311,55,1,object_plus_unsigned,0x0005AF,0x0006E6,yes,100813FF13080712FF0C101312FF0F04,0,in_range_no_structural_match
PHAPCK_TBL.decoded.bin,pck_object_0003_part_000_choice_000_frame_088,pck_object_0003,pck_object_0003_part_000,pck_object_0003_part_000_choice_000,0x003170,3,3,11,0x0137,311,311,55,1,object_plus_signed,0x0005AF,0x0006E6,yes,100813FF13080712FF0C101312FF0F04,0,in_range_no_structural_match
PHAPCK_TBL.decoded.bin,pck_object_0003_part_000_choice_000_frame_088,pck_object_0003,pck_object_0003_part_000,pck_object_0003_part_000_choice_000,0x003170,3,3,11,0x0137,311,311,55,1,block_plus_unsigned,0x0005A0,0x0006D7,yes,FF0F090810FF0D0F100CFF12070CFF10,5,byte0_high_bit_set
PHAPCK_TBL.decoded.bin,pck_object_0003_part_000_choice_000_frame_088,pck_object_0003,pck_object_0003_part_000,pck_object_0003_part_000_choice_000,0x003170,3,3,11,0x0137,311,311,55,1,block_plus_signed,0x0005A0,0x0006D7,yes,FF0F090810FF0D0F100CFF12070CFF10,5,byte0_high_bit_set
PHAPCK_TBL.decoded.bin,pck_object_0003_part_000_choice_000_frame_088,pck_object_0003,pck_object_0003_part_000,pck_object_0003_part_000_choice_000,0x003170,3,3,11,0x0137,311,311,55,1,part_plus_signed,0x0005BD,0x0006F4,yes,0F040309FF0D05040FFF0A090302FF0A,0,in_range_no_structural_match
PHAPCK_TBL.decoded.bin,pck_object_0003_part_000_choice_000_frame_088,pck_object_0003,pck_object_0003_part_000,pck_object_0003_part_000_choice_000,0x003170,3,3,11,0x0137,311,311,55,1,frame_plus_signed,0x003170,0x0032A7,yes,8102020505062C0181000000000B3101,35,byte0_high_bit_set;plausible_object_header;plausible_drawable_extents_at_plus6_plus8;plausible_frame_record_prefix
PHAPCK_TBL.decoded.bin,pck_object_0003_part_000_choice_000_frame_088,pck_object_0003,pck_object_0003_part_000,pck_object_0003_part_000_choice_000,0x003170,3,3,11,0x0137,311,311,55,1,payload_plus_signed,0x003172,0x0032A9,yes,020505062C0181000000000B31018100,0,in_range_no_structural_match
PHAPCK_TBL.decoded.bin,pck_object_0003_part_000_choice_000_frame_089,pck_object_0003,pck_object_0003_part_000,pck_object_0003_part_000_choice_000,0x003178,3,3,14,0x013B,315,315,59,1,direct_unsigned,0x000000,0x00013B,yes,060C009E060800BE060400DE060000FE,0,in_range_no_structural_match
PHAPCK_TBL.decoded.bin,pck_object_0003_part_000_choice_000_frame_089,pck_object_0003,pck_object_0003_part_000,pck_object_0003_part_000_choice_000,0x003178,3,3,14,0x013B,315,315,59,1,direct_signed,0x000000,0x00013B,yes,060C009E060800BE060400DE060000FE,0,in_range_no_structural_match
PHAPCK_TBL.decoded.bin,pck_object_0003_part_000_choice_000_frame_089,pck_object_0003,pck_object_0003_part_000,pck_object_0003_part_000_choice_000,0x003178,3,3,14,0x013B,315,315,59,1,object_plus_unsigned,0x0005AF,0x0006EA,yes,13080712FF0C101312FF0F040309FF0D,0,in_range_no_structural_match
PHAPCK_TBL.decoded.bin,pck_object_0003_part_000_choice_000_frame_089,pck_object_0003,pck_object_0003_part_000,pck_object_0003_part_000_choice_000,0x003178,3,3,14,0x013B,315,315,59,1,object_plus_signed,0x0005AF,0x0006EA,yes,13080712FF0C101312FF0F040309FF0D,0,in_range_no_structural_match
PHAPCK_TBL.decoded.bin,pck_object_0003_part_000_choice_000_frame_089,pck_object_0003,pck_object_0003_part_000,pck_object_0003_part_000_choice_000,0x003178,3,3,14,0x013B,315,315,59,1,block_plus_unsigned,0x0005A0,0x0006DB,yes,10FF0D0F100CFF12070CFF100813FF13,0,in_range_no_structural_match
PHAPCK_TBL.decoded.bin,pck_object_0003_part_000_choice_000_frame_089,pck_object_0003,pck_object_0003_part_000,pck_object_0003_part_000_choice_000,0x003178,3,3,14,0x013B,315,315,59,1,block_plus_signed,0x0005A0,0x0006DB,yes,10FF0D0F100CFF12070CFF100813FF13,0,in_range_no_structural_match
PHAPCK_TBL.decoded.bin,pck_object_0003_part_000_choice_000_frame_089,pck_object_0003,pck_object_0003_part_000,pck_object_0003_part_000_choice_000,0x003178,3,3,14,0x013B,315,315,59,1,part_plus_signed,0x0005BD,0x0006F8,yes,FF0D05040FFF0A090302FF0A02050DFF,5,byte0_high_bit_set
PHAPCK_TBL.decoded.bin,pck_object_0003_part_000_choice_000_frame_089,pck_object_0003,pck_object_0003_part_000,pck_object_0003_part_000_choice_000,0x003178,3,3,14,0x013B,315,315,59,1,frame_plus_signed,0x003178,0x0032B3,yes,000B310181000000000E360181020205,0,in_range_no_structural_match
PHAPCK_TBL.decoded.bin,pck_object_0003_part_000_choice_000_frame_089,pck_object_0003,pck_object_0003_part_000,pck_object_0003_part_000_choice_000,0x003178,3,3,14,0x013B,315,315,59,1,payload_plus_signed,0x00317A,0x0032B5,yes,310181000000000E3601810202050511,5,plausible_frame_record_prefix
PHAPCK_TBL.decoded.bin,pck_object_0003_part_000_choice_000_frame_093,pck_object_0003,pck_object_0003_part_000,pck_object_0003_part_000_choice_000,0x003198,3,3,22,0x014E,334,334,78,1,direct_unsigned,0x000000,0x00014E,yes,1D0708003D070C004707000052070400,0,in_range_no_structural_match
PHAPCK_TBL.decoded.bin,pck_object_0003_part_000_choice_000_frame_093,pck_object_0003,pck_object_0003_part_000,pck_object_0003_part_000_choice_000,0x003198,3,3,22,0x014E,334,334,78,1,direct_signed,0x000000,0x00014E,yes,1D0708003D070C004707000052070400,0,in_range_no_structural_match
PHAPCK_TBL.decoded.bin,pck_object_0003_part_000_choice_000_frame_093,pck_object_0003,pck_object_0003_part_000,pck_object_0003_part_000_choice_000,0x003198,3,3,22,0x014E,334,334,78,1,object_plus_unsigned,0x0005AF,0x0006FD,yes,FF0A090302FF0A02050DFF80005D0100,5,byte0_high_bit_set
PHAPCK_TBL.decoded.bin,pck_object_0003_part_000_choice_000_frame_093,pck_object_0003,pck_object_0003_part_000,pck_object_0003_part_000_choice_000,0x003198,3,3,22,0x014E,334,334,78,1,object_plus_signed,0x0005AF,0x0006FD,yes,FF0A090302FF0A02050DFF80005D0100,5,byte0_high_bit_set
PHAPCK_TBL.decoded.bin,pck_object_0003_part_000_choice_000_frame_093,pck_object_0003,pck_object_0003_part_000,pck_object_0003_part_000_choice_000,0x003198,3,3,22,0x014E,334,334,78,1,block_plus_unsigned,0x0005A0,0x0006EE,yes,FF0C101312FF0F040309FF0D05040FFF,5,byte0_high_bit_set
PHAPCK_TBL.decoded.bin,pck_object_0003_part_000_choice_000_frame_093,pck_object_0003,pck_object_0003_part_000,pck_object_0003_part_000_choice_000,0x003198,3,3,22,0x014E,334,334,78,1,block_plus_signed,0x0005A0,0x0006EE,yes,FF0C101312FF0F040309FF0D05040FFF,5,byte0_high_bit_set
PHAPCK_TBL.decoded.bin,pck_object_0003_part_000_choice_000_frame_093,pck_object_0003,pck_object_0003_part_000,pck_object_0003_part_000_choice_000,0x003198,3,3,22,0x014E,334,334,78,1,part_plus_signed,0x0005BD,0x00070B,yes,010000000000000300160000232E0001,5,plausible_frame_record_prefix
PHAPCK_TBL.decoded.bin,pck_object_0003_part_000_choice_000_frame_093,pck_object_0003,pck_object_0003_part_000,pck_object_0003_part_000_choice_000,0x003198,3,3,22,0x014E,334,334,78,1,frame_plus_signed,0x003198,0x0032E6,yes,0181020205050E520181030303031657,0,in_range_no_structural_match
PHAPCK_TBL.decoded.bin,pck_object_0003_part_000_choice_000_frame_093,pck_object_0003,pck_object_0003_part_000,pck_object_0003_part_000_choice_000,0x003198,3,3,22,0x014E,334,334,78,1,payload_plus_signed,0x00319A,0x0032E8,yes,020205050E5201810303030316570181,35,exact_frame_record;plausible_frame_record_prefix
PHAPCK_TBL.decoded.bin,pck_object_0003_part_000_choice_000_frame_094,pck_object_0003,pck_object_0003_part_000,pck_object_0003_part_000_choice_000,0x0031A0,3,3,23,0x0153,339,339,83,1,direct_unsigned,0x000000,0x000153,yes,070C0047070000520704005C07080066,0,in_range_no_structural_match
PHAPCK_TBL.decoded.bin,pck_object_0003_part_000_choice_000_frame_094,pck_object_0003,pck_object_0003_part_000,pck_object_0003_part_000_choice_000,0x0031A0,3,3,23,0x0153,339,339,83,1,direct_signed,0x000000,0x000153,yes,070C0047070000520704005C07080066,0,in_range_no_structural_match
PHAPCK_TBL.decoded.bin,pck_object_0003_part_000_choice_000_frame_094,pck_object_0003,pck_object_0003_part_000,pck_object_0003_part_000_choice_000,0x0031A0,3,3,23,0x0153,339,339,83,1,object_plus_unsigned,0x0005AF,0x000702,yes,FF0A02050DFF80005D01000000000000,20,byte0_high_bit_set;plausible_object_header
PHAPCK_TBL.decoded.bin,pck_object_0003_part_000_choice_000_frame_094,pck_object_0003,pck_object_0003_part_000,pck_object_0003_part_000_choice_000,0x0031A0,3,3,23,0x0153,339,339,83,1,object_plus_signed,0x0005AF,0x000702,yes,FF0A02050DFF80005D01000000000000,20,byte0_high_bit_set;plausible_object_header
PHAPCK_TBL.decoded.bin,pck_object_0003_part_000_choice_000_frame_094,pck_object_0003,pck_object_0003_part_000,pck_object_0003_part_000_choice_000,0x0031A0,3,3,23,0x0153,339,339,83,1,block_plus_unsigned,0x0005A0,0x0006F3,yes,FF0F040309FF0D05040FFF0A090302FF,5,byte0_high_bit_set
PHAPCK_TBL.decoded.bin,pck_object_0003_part_000_choice_000_frame_094,pck_object_0003,pck_object_0003_part_000,pck_object_0003_part_000_choice_000,0x0031A0,3,3,23,0x0153,339,339,83,1,block_plus_signed,0x0005A0,0x0006F3,yes,FF0F040309FF0D05040FFF0A090302FF,5,byte0_high_bit_set
PHAPCK_TBL.decoded.bin,pck_object_0003_part_000_choice_000_frame_094,pck_object_0003,pck_object_0003_part_000,pck_object_0003_part_000_choice_000,0x0031A0,3,3,23,0x0153,339,339,83,1,part_plus_signed,0x0005BD,0x000710,yes,00000300160000232E00010000011523,5,plausible_frame_record_prefix
PHAPCK_TBL.decoded.bin,pck_object_0003_part_000_choice_000_frame_094,pck_object_0003,pck_object_0003_part_000,pck_object_0003_part_000_choice_000,0x0031A0,3,3,23,0x0153,339,339,83,1,frame_plus_signed,0x0031A0,0x0032F3,yes,031657018103030303175C0181030303,0,in_range_no_structural_match
PHAPCK_TBL.decoded.bin,pck_object_0003_part_000_choice_000_frame_094,pck_object_0003,pck_object_0003_part_000,pck_object_0003_part_000_choice_000,0x0031A0,3,3,23,0x0153,339,339,83,1,payload_plus_signed,0x0031A2,0x0032F5,yes,57018103030303175C0181030303030B,5,plausible_frame_record_prefix
PHAPCK_TBL.decoded.bin,pck_object_0003_part_000_choice_000_frame_095,pck_object_0003,pck_object_0003_part_000,pck_object_0003_part_000_choice_000,0x0031A8,3,3,11,0x0158,344,344,88,1,direct_unsigned,0x000000,0x000158,yes,0000520704005C07080066070C007007,5,plausible_frame_record_prefix
PHAPCK_TBL.decoded.bin,pck_object_0003_part_000_choice_000_frame_095,pck_object_0003,pck_object_0003_part_000,pck_object_0003_part_000_choice_000,0x0031A8,3,3,11,0x0158,344,344,88,1,direct_signed,0x000000,0x000158,yes,0000520704005C07080066070C007007,5,plausible_frame_record_prefix
PHAPCK_TBL.decoded.bin,pck_object_0003_part_000_choice_000_frame_095,pck_object_0003,pck_object_0003_part_000,pck_object_0003_part_000_choice_000,0x0031A8,3,3,11,0x0158,344,344,88,1,object_plus_unsigned,0x0005AF,0x000707,yes,FF80005D010000000000000300160000,5,byte0_high_bit_set
PHAPCK_TBL.decoded.bin,pck_object_0003_part_000_choice_000_frame_095,pck_object_0003,pck_object_0003_part_000,pck_object_0003_part_000_choice_000,0x0031A8,3,3,11,0x0158,344,344,88,1,object_plus_signed,0x0005AF,0x000707,yes,FF80005D010000000000000300160000,5,byte0_high_bit_set
PHAPCK_TBL.decoded.bin,pck_object_0003_part_000_choice_000_frame_095,pck_object_0003,pck_object_0003_part_000,pck_object_0003_part_000_choice_000,0x0031A8,3,3,11,0x0158,344,344,88,1,block_plus_unsigned,0x0005A0,0x0006F8,yes,FF0D05040FFF0A090302FF0A02050DFF,5,byte0_high_bit_set
PHAPCK_TBL.decoded.bin,pck_object_0003_part_000_choice_000_frame_095,pck_object_0003,pck_object_0003_part_000,pck_object_0003_part_000_choice_000,0x0031A8,3,3,11,0x0158,344,344,88,1,block_plus_signed,0x0005A0,0x0006F8,yes,FF0D05040FFF0A090302FF0A02050DFF,5,byte0_high_bit_set
PHAPCK_TBL.decoded.bin,pck_object_0003_part_000_choice_000_frame_095,pck_object_0003,pck_object_0003_part_000,pck_object_0003_part_000_choice_000,0x0031A8,3,3,11,0x0158,344,344,88,1,part_plus_signed,0x0005BD,0x000715,yes,0000232E000100000115232E00010088,5,plausible_frame_record_prefix
PHAPCK_TBL.decoded.bin,pck_object_0003_part_000_choice_000_frame_095,pck_object_0003,pck_object_0003_part_000,pck_object_0003_part_000_choice_000,0x0031A8,3,3,11,0x0158,344,344,88,1,frame_plus_signed,0x0031A8,0x003300,yes,030303030B610102030405FF0708090A,35,exact_frame_record;plausible_frame_record_prefix
PHAPCK_TBL.decoded.bin,pck_object_0003_part_000_choice_000_frame_095,pck_object_0003,pck_object_0003_part_000,pck_object_0003_part_000_choice_000,0x0031A8,3,3,11,0x0158,344,344,88,1,payload_plus_signed,0x0031AA,0x003302,yes,03030B610102030405FF0708090AFF0C,35,exact_frame_record;plausible_frame_record_prefix
PHAPCK_TBL.decoded.bin,pck_object_0003_part_000_choice_000_frame_103,pck_object_0003,pck_object_0003_part_000,pck_object_0003_part_000_choice_000,0x0031E8,2,5,13,0x80FF,33023,-32513,255,128,direct_unsigned,0x000000,0x0080FF,yes,00AAFFA0003C001AFF000058FA58FA82,0,in_range_no_structural_match
PHAPCK_TBL.decoded.bin,pck_object_0003_part_000_choice_000_frame_103,pck_object_0003,pck_object_0003_part_000,pck_object_0003_part_000_choice_000,0x0031E8,2,5,13,0x80FF,33023,-32513,255,128,direct_signed,0x000000,-0x007F01,no,,0,outside_decoded_stream
PHAPCK_TBL.decoded.bin,pck_object_0003_part_000_choice_000_frame_103,pck_object_0003,pck_object_0003_part_000,pck_object_0003_part_000_choice_000,0x0031E8,2,5,13,0x80FF,33023,-32513,255,128,object_plus_unsigned,0x0005AF,0x0086AE,yes,FF0C070A0DFF0F100908FF0D100F0CFF,5,byte0_high_bit_set
PHAPCK_TBL.decoded.bin,pck_object_0003_part_000_choice_000_frame_103,pck_object_0003,pck_object_0003_part_000,pck_object_0003_part_000_choice_000,0x0031E8,2,5,13,0x80FF,33023,-32513,255,128,object_plus_signed,0x0005AF,-0x007952,no,,0,outside_decoded_stream
PHAPCK_TBL.decoded.bin,pck_object_0003_part_000_choice_000_frame_103,pck_object_0003,pck_object_0003_part_000,pck_object_0003_part_000_choice_000,0x0031E8,2,5,13,0x80FF,33023,-32513,255,128,block_plus_unsigned,0x0005A0,0x00869F,yes,080000175F0102030405FF0708090AFF,5,plausible_frame_record_prefix
PHAPCK_TBL.decoded.bin,pck_object_0003_part_000_choice_000_frame_103,pck_object_0003,pck_object_0003_part_000,pck_object_0003_part_000_choice_000,0x0031E8,2,5,13,0x80FF,33023,-32513,255,128,block_plus_signed,0x0005A0,-0x007961,no,,0,outside_decoded_stream
PHAPCK_TBL.decoded.bin,pck_object_0003_part_000_choice_000_frame_103,pck_object_0003,pck_object_0003_part_000,pck_object_0003_part_000_choice_000,0x0031E8,2,5,13,0x80FF,33023,-32513,255,128,part_plus_signed,0x0005BD,-0x007944,no,,0,outside_decoded_stream
PHAPCK_TBL.decoded.bin,pck_object_0003_part_000_choice_000_frame_103,pck_object_0003,pck_object_0003_part_000,pck_object_0003_part_000_choice_000,0x0031E8,2,5,13,0x80FF,33023,-32513,255,128,frame_plus_signed,0x0031E8,-0x004D19,no,,0,outside_decoded_stream
PHAPCK_TBL.decoded.bin,pck_object_0003_part_000_choice_000_frame_103,pck_object_0003,pck_object_0003_part_000,pck_object_0003_part_000_choice_000,0x0031E8,2,5,13,0x80FF,33023,-32513,255,128,payload_plus_signed,0x0031EA,-0x004D17,no,,0,outside_decoded_stream
PHAPCK_TBL.decoded.bin,pck_object_0003_part_000_choice_000_frame_127,pck_object_0003,pck_object_0003_part_000,pck_object_0003_part_000_choice_000,0x0032A8,2,5,5,0x2C06,11270,11270,6,44,direct_unsigned,0x000000,0x002C06,yes,05112E0181030303030B330181030303,0,in_range_no_structural_match
PHAPCK_TBL.decoded.bin,pck_object_0003_part_000_choice_000_frame_127,pck_object_0003,pck_object_0003_part_000,pck_object_0003_part_000_choice_000,0x0032A8,2,5,5,0x2C06,11270,11270,6,44,direct_signed,0x000000,0x002C06,yes,05112E0181030303030B330181030303,0,in_range_no_structural_match
PHAPCK_TBL.decoded.bin,pck_object_0003_part_000_choice_000_frame_127,pck_object_0003,pck_object_0003_part_000,pck_object_0003_part_000_choice_000,0x0032A8,2,5,5,0x2C06,11270,11270,6,44,object_plus_unsigned,0x0005AF,0x0031B5,yes,090AFF0C070A0DFF0F090810FF0D0F10,0,in_range_no_structural_match
PHAPCK_TBL.decoded.bin,pck_object_0003_part_000_choice_000_frame_127,pck_object_0003,pck_object_0003_part_000,pck_object_0003_part_000_choice_000,0x0032A8,2,5,5,0x2C06,11270,11270,6,44,object_plus_signed,0x0005AF,0x0031B5,yes,090AFF0C070A0DFF0F090810FF0D0F10,0,in_range_no_structural_match
PHAPCK_TBL.decoded.bin,pck_object_0003_part_000_choice_000_frame_127,pck_object_0003,pck_object_0003_part_000,pck_object_0003_part_000_choice_000,0x0032A8,2,5,5,0x2C06,11270,11270,6,44,block_plus_unsigned,0x0005A0,0x0031A6,yes,81030303030B580102030405FF070809,10,byte0_high_bit_set;plausible_frame_record_prefix
PHAPCK_TBL.decoded.bin,pck_object_0003_part_000_choice_000_frame_127,pck_object_0003,pck_object_0003_part_000,pck_object_0003_part_000_choice_000,0x0032A8,2,5,5,0x2C06,11270,11270,6,44,block_plus_signed,0x0005A0,0x0031A6,yes,81030303030B580102030405FF070809,10,byte0_high_bit_set;plausible_frame_record_prefix
PHAPCK_TBL.decoded.bin,pck_object_0003_part_000_choice_000_frame_127,pck_object_0003,pck_object_0003_part_000,pck_object_0003_part_000_choice_000,0x0032A8,2,5,5,0x2C06,11270,11270,6,44,part_plus_signed,0x0005BD,0x0031C3,yes,0F100CFF12070CFF100813FF13080712,0,in_range_no_structural_match
PHAPCK_TBL.decoded.bin,pck_object_0003_part_000_choice_000_frame_127,pck_object_0003,pck_object_0003_part_000,pck_object_0003_part_000_choice_000,0x0032A8,2,5,5,0x2C06,11270,11270,6,44,frame_plus_signed,0x0032A8,0x005EAE,yes,00A6FF78000A00A6FFC800F6FF0000A8,30,exact_frame_record
PHAPCK_TBL.decoded.bin,pck_object_0003_part_000_choice_000_frame_127,pck_object_0003,pck_object_0003_part_000,pck_object_0003_part_000_choice_000,0x0032A8,2,5,5,0x2C06,11270,11270,6,44,payload_plus_signed,0x0032AA,0x005EB0,yes,FF78000A00A6FFC800F6FF0000A80558,5,byte0_high_bit_set
PHAPCK_TBL.decoded.bin,pck_object_0003_part_000_choice_000_frame_130,pck_object_0003,pck_object_0003_part_000,pck_object_0003_part_000_choice_000,0x0032C0,2,5,5,0x3B11,15121,15121,17,59,direct_unsigned,0x000000,0x003B11,yes,1708FF191A1706FF1C1A19FF1C08171A,0,in_range_no_structural_match
PHAPCK_TBL.decoded.bin,pck_object_0003_part_000_choice_000_frame_130,pck_object_0003,pck_object_0003_part_000,pck_object_0003_part_000_choice_000,0x0032C0,2,5,5,0x3B11,15121,15121,17,59,direct_signed,0x000000,0x003B11,yes,1708FF191A1706FF1C1A19FF1C08171A,0,in_range_no_structural_match
PHAPCK_TBL.decoded.bin,pck_object_0003_part_000_choice_000_frame_130,pck_object_0003,pck_object_0003_part_000,pck_object_0003_part_000_choice_000,0x0032C0,2,5,5,0x3B11,15121,15121,17,59,object_plus_unsigned,0x0005AF,0x0040C0,yes,81030303030E8E018103030303109201,10,byte0_high_bit_set;plausible_frame_record_prefix
PHAPCK_TBL.decoded.bin,pck_object_0003_part_000_choice_000_frame_130,pck_object_0003,pck_object_0003_part_000,pck_object_0003_part_000_choice_000,0x0032C0,2,5,5,0x3B11,15121,15121,17,59,object_plus_signed,0x0005AF,0x0040C0,yes,81030303030E8E018103030303109201,10,byte0_high_bit_set;plausible_frame_record_prefix
PHAPCK_TBL.decoded.bin,pck_object_0003_part_000_choice_000_frame_130,pck_object_0003,pck_object_0003_part_000,pck_object_0003_part_000_choice_000,0x0032C0,2,5,5,0x3B11,15121,15121,17,59,block_plus_unsigned,0x0005A0,0x0040B1,yes,000000000A860181030303030B8A0181,5,plausible_frame_record_prefix
PHAPCK_TBL.decoded.bin,pck_object_0003_part_000_choice_000_frame_130,pck_object_0003,pck_object_0003_part_000,pck_object_0003_part_000_choice_000,0x0032C0,2,5,5,0x3B11,15121,15121,17,59,block_plus_signed,0x0005A0,0x0040B1,yes,000000000A860181030303030B8A0181,5,plausible_frame_record_prefix
PHAPCK_TBL.decoded.bin,pck_object_0003_part_000_choice_000_frame_130,pck_object_0003,pck_object_0003_part_000,pck_object_0003_part_000_choice_000,0x0032C0,2,5,5,0x3B11,15121,15121,17,59,part_plus_signed,0x0005BD,0x0040CE,yes,92018102020505129601810000000013,10,byte0_high_bit_set;plausible_frame_record_prefix
PHAPCK_TBL.decoded.bin,pck_object_0003_part_000_choice_000_frame_130,pck_object_0003,pck_object_0003_part_000,pck_object_0003_part_000_choice_000,0x0032C0,2,5,5,0x3B11,15121,15121,17,59,frame_plus_signed,0x0032C0,0x006DD1,yes,01041F07FF20211F04FF222120FF071F,0,in_range_no_structural_match
PHAPCK_TBL.decoded.bin,pck_object_0003_part_000_choice_000_frame_130,pck_object_0003,pck_object_0003_part_000,pck_object_0003_part_000_choice_000,0x0032C0,2,5,5,0x3B11,15121,15121,17,59,payload_plus_signed,0x0032C2,0x006DD3,yes,1F07FF20211F04FF222120FF071F2122,0,in_range_no_structural_match
PHAPCK_TBL.decoded.bin,pck_object_0003_part_000_choice_000_frame_131,pck_object_0003,pck_object_0003_part_000,pck_object_0003_part_000_choice_000,0x0032C8,3,3,3,0x400B,16395,16395,11,64,direct_unsigned,0x000000,0x00400B,yes,FF4600660003F8000052009CF934FB4F,5,byte0_high_bit_set
PHAPCK_TBL.decoded.bin,pck_object_0003_part_000_choice_000_frame_131,pck_object_0003,pck_object_0003_part_000,pck_object_0003_part_000_choice_000,0x0032C8,3,3,3,0x400B,16395,16395,11,64,direct_signed,0x000000,0x00400B,yes,FF4600660003F8000052009CF934FB4F,5,byte0_high_bit_set
PHAPCK_TBL.decoded.bin,pck_object_0003_part_000_choice_000_frame_131,pck_object_0003,pck_object_0003_part_000,pck_object_0003_part_000_choice_000,0x0032C8,3,3,3,0x400B,16395,16395,11,64,object_plus_unsigned,0x0005AF,0x0045BA,yes,0000FA00D8FFE2FF2C019C0519058C02,5,plausible_frame_record_prefix
PHAPCK_TBL.decoded.bin,pck_object_0003_part_000_choice_000_frame_131,pck_object_0003,pck_object_0003_part_000,pck_object_0003_part_000_choice_000,0x0032C8,3,3,3,0x400B,16395,16395,11,64,object_plus_signed,0x0005AF,0x0045BA,yes,0000FA00D8FFE2FF2C019C0519058C02,5,plausible_frame_record_prefix
PHAPCK_TBL.decoded.bin,pck_object_0003_part_000_choice_000_frame_131,pck_object_0003,pck_object_0003_part_000,pck_object_0003_part_000_choice_000,0x0032C8,3,3,3,0x400B,16395,16395,11,64,block_plus_unsigned,0x0005A0,0x0045AB,yes,000A000000FA002800E2FF2C01F6FF00,0,in_range_no_structural_match
PHAPCK_TBL.decoded.bin,pck_object_0003_part_000_choice_000_frame_131,pck_object_0003,pck_object_0003_part_000,pck_object_0003_part_000_choice_000,0x0032C8,3,3,3,0x400B,16395,16395,11,64,block_plus_signed,0x0005A0,0x0045AB,yes,000A000000FA002800E2FF2C01F6FF00,0,in_range_no_structural_match
PHAPCK_TBL.decoded.bin,pck_object_0003_part_000_choice_000_frame_131,pck_object_0003,pck_object_0003_part_000,pck_object_0003_part_000_choice_000,0x0032C8,3,3,3,0x400B,16395,16395,11,64,part_plus_signed,0x0005BD,0x0045C8,yes,8C023200E2FFDC00000024F91D040100,40,exact_frame_record;byte0_high_bit_set;plausible_frame_record_prefix
PHAPCK_TBL.decoded.bin,pck_object_0003_part_000_choice_000_frame_131,pck_object_0003,pck_object_0003_part_000,pck_object_0003_part_000_choice_000,0x0032C8,3,3,3,0x400B,16395,16395,11,64,frame_plus_signed,0x0032C8,0x0072D3,yes,000100080100000A0010018103810303,5,plausible_frame_record_prefix
PHAPCK_TBL.decoded.bin,pck_object_0003_part_000_choice_000_frame_131,pck_object_0003,pck_object_0003_part_000,pck_object_0003_part_000_choice_000,0x0032C8,3,3,3,0x400B,16395,16395,11,64,payload_plus_signed,0x0032CA,0x0072D5,yes,00080100000A00100181038103030303,0,in_range_no_structural_match
PHAPCK_TBL.decoded.bin,pck_object_0003_part_000_choice_000_frame_132,pck_object_0003,pck_object_0003_part_000,pck_object_0003_part_000_choice_000,0x0032D0,3,3,3,0x440E,17422,17422,14,68,direct_unsigned,0x000000,0x00440E,yes,810202050509A80081030303030BAC00,10,byte0_high_bit_set;plausible_frame_record_prefix
PHAPCK_TBL.decoded.bin,pck_object_0003_part_000_choice_000_frame_132,pck_object_0003,pck_object_0003_part_000,pck_object_0003_part_000_choice_000,0x0032D0,3,3,3,0x440E,17422,17422,14,68,direct_signed,0x000000,0x00440E,yes,810202050509A80081030303030BAC00,10,byte0_high_bit_set;plausible_frame_record_prefix
PHAPCK_TBL.decoded.bin,pck_object_0003_part_000_choice_000_frame_132,pck_object_0003,pck_object_0003_part_000,pck_object_0003_part_000_choice_000,0x0032D0,3,3,3,0x440E,17422,17422,14,68,object_plus_unsigned,0x0005AF,0x0049BD,yes,8103030303153F0181030303030C4401,10,byte0_high_bit_set;plausible_frame_record_prefix
PHAPCK_TBL.decoded.bin,pck_object_0003_part_000_choice_000_frame_132,pck_object_0003,pck_object_0003_part_000,pck_object_0003_part_000_choice_000,0x0032D0,3,3,3,0x440E,17422,17422,14,68,object_plus_signed,0x0005AF,0x0049BD,yes,8103030303153F0181030303030C4401,10,byte0_high_bit_set;plausible_frame_record_prefix
PHAPCK_TBL.decoded.bin,pck_object_0003_part_000_choice_000_frame_132,pck_object_0003,pck_object_0003_part_000,pck_object_0003_part_000_choice_000,0x0032D0,3,3,3,0x440E,17422,17422,14,68,block_plus_unsigned,0x0005A0,0x0049AE,yes,030303030F35018100000000123A0181,5,plausible_frame_record_prefix
PHAPCK_TBL.decoded.bin,pck_object_0003_part_000_choice_000_frame_132,pck_object_0003,pck_object_0003_part_000,pck_object_0003_part_000_choice_000,0x0032D0,3,3,3,0x440E,17422,17422,14,68,block_plus_signed,0x0005A0,0x0049AE,yes,030303030F35018100000000123A0181,5,plausible_frame_record_prefix
PHAPCK_TBL.decoded.bin,pck_object_0003_part_000_choice_000_frame_132,pck_object_0003,pck_object_0003_part_000,pck_object_0003_part_000_choice_000,0x0032D0,3,3,3,0x440E,17422,17422,14,68,part_plus_signed,0x0005BD,0x0049CB,yes,4401810202050516490108071011FF13,5,plausible_frame_record_prefix
PHAPCK_TBL.decoded.bin,pck_object_0003_part_000_choice_000_frame_132,pck_object_0003,pck_object_0003_part_000,pck_object_0003_part_000_choice_000,0x0032D0,3,3,3,0x440E,17422,17422,14,68,frame_plus_signed,0x0032D0,0x0076DE,yes,03FF9E008003030303FFA10081020205,0,in_range_no_structural_match
PHAPCK_TBL.decoded.bin,pck_object_0003_part_000_choice_000_frame_132,pck_object_0003,pck_object_0003_part_000,pck_object_0003_part_000_choice_000,0x0032D0,3,3,3,0x440E,17422,17422,14,68,payload_plus_signed,0x0032D2,0x0076E0,yes,9E008003030303FFA100810202050509,40,exact_frame_record;byte0_high_bit_set;plausible_frame_record_prefix
PHAPCK_TBL.decoded.bin,pck_object_0003_part_000_choice_000_frame_135,pck_object_0003,pck_object_0003_part_000,pck_object_0003_part_000_choice_000,0x0032E8,2,5,5,0x520E,21006,21006,14,82,direct_unsigned,0x000000,0x00520E,yes,2D00000014FCF8068200FCFE2D000000,5,plausible_frame_record_prefix
PHAPCK_TBL.decoded.bin,pck_object_0003_part_000_choice_000_frame_135,pck_object_0003,pck_object_0003_part_000,pck_object_0003_part_000_choice_000,0x0032E8,2,5,5,0x520E,21006,21006,14,82,direct_signed,0x000000,0x00520E,yes,2D00000014FCF8068200FCFE2D000000,5,plausible_frame_record_prefix
PHAPCK_TBL.decoded.bin,pck_object_0003_part_000_choice_000_frame_135,pck_object_0003,pck_object_0003_part_000,pck_object_0003_part_000_choice_000,0x0032E8,2,5,5,0x520E,21006,21006,14,82,object_plus_unsigned,0x0005AF,0x0057BD,yes,10FF10151311FF80004F010000000000,0,in_range_no_structural_match
PHAPCK_TBL.decoded.bin,pck_object_0003_part_000_choice_000_frame_135,pck_object_0003,pck_object_0003_part_000,pck_object_0003_part_000_choice_000,0x0032E8,2,5,5,0x520E,21006,21006,14,82,object_plus_signed,0x0005AF,0x0057BD,yes,10FF10151311FF80004F010000000000,0,in_range_no_structural_match
PHAPCK_TBL.decoded.bin,pck_object_0003_part_000_choice_000_frame_135,pck_object_0003,pck_object_0003_part_000,pck_object_0003_part_000_choice_000,0x0032E8,2,5,5,0x520E,21006,21006,14,82,block_plus_unsigned,0x0005A0,0x0057AE,yes,07FF130A0811FF0B0A1315FF070B1510,0,in_range_no_structural_match
PHAPCK_TBL.decoded.bin,pck_object_0003_part_000_choice_000_frame_135,pck_object_0003,pck_object_0003_part_000,pck_object_0003_part_000_choice_000,0x0032E8,2,5,5,0x520E,21006,21006,14,82,block_plus_signed,0x0005A0,0x0057AE,yes,07FF130A0811FF0B0A1315FF070B1510,0,in_range_no_structural_match
PHAPCK_TBL.decoded.bin,pck_object_0003_part_000_choice_000_frame_135,pck_object_0003,pck_object_0003_part_000,pck_object_0003_part_000_choice_000,0x0032E8,2,5,5,0x520E,21006,21006,14,82,part_plus_signed,0x0005BD,0x0057CB,yes,0000000100120000181A000100AA000C,5,plausible_frame_record_prefix
PHAPCK_TBL.decoded.bin,pck_object_0003_part_000_choice_000_frame_135,pck_object_0003,pck_object_0003_part_000,pck_object_0003_part_000_choice_000,0x0032E8,2,5,5,0x520E,21006,21006,14,82,frame_plus_signed,0x0032E8,0x0084F6,yes,0000000B260181000000000E2B018107,5,plausible_frame_record_prefix
PHAPCK_TBL.decoded.bin,pck_object_0003_part_000_choice_000_frame_135,pck_object_0003,pck_object_0003_part_000,pck_object_0003_part_000_choice_000,0x0032E8,2,5,5,0x520E,21006,21006,14,82,payload_plus_signed,0x0032EA,0x0084F8,yes,000B260181000000000E2B0181070705,0,in_range_no_structural_match
PHAPCK_TBL.decoded.bin,pck_object_0003_part_000_choice_000_frame_136,pck_object_0003,pck_object_0003_part_000,pck_object_0003_part_000_choice_000,0x0032F0,3,3,3,0x5716,22294,22294,22,87,direct_unsigned,0x000000,0x005716,yes,7EFF000088F9B404820028007EFF0000,0,in_range_no_structural_match
PHAPCK_TBL.decoded.bin,pck_object_0003_part_000_choice_000_frame_136,pck_object_0003,pck_object_0003_part_000,pck_object_0003_part_000_choice_000,0x0032F0,3,3,3,0x5716,22294,22294,22,87,direct_signed,0x000000,0x005716,yes,7EFF000088F9B404820028007EFF0000,0,in_range_no_structural_match
PHAPCK_TBL.decoded.bin,pck_object_0003_part_000_choice_000_frame_136,pck_object_0003,pck_object_0003_part_000,pck_object_0003_part_000_choice_000,0x0032F0,3,3,3,0x5716,22294,22294,22,87,object_plus_unsigned,0x0005AF,0x005CC5,yes,00154F01810303030316540181030303,0,in_range_no_structural_match
PHAPCK_TBL.decoded.bin,pck_object_0003_part_000_choice_000_frame_136,pck_object_0003,pck_object_0003_part_000,pck_object_0003_part_000_choice_000,0x0032F0,3,3,3,0x5716,22294,22294,22,87,object_plus_signed,0x0005AF,0x005CC5,yes,00154F01810303030316540181030303,0,in_range_no_structural_match
PHAPCK_TBL.decoded.bin,pck_object_0003_part_000_choice_000_frame_136,pck_object_0003,pck_object_0003_part_000,pck_object_0003_part_000_choice_000,0x0032F0,3,3,3,0x5716,22294,22294,22,87,block_plus_unsigned,0x0005A0,0x005CB6,yes,0B46018100000000144A018100000000,0,in_range_no_structural_match
PHAPCK_TBL.decoded.bin,pck_object_0003_part_000_choice_000_frame_136,pck_object_0003,pck_object_0003_part_000,pck_object_0003_part_000_choice_000,0x0032F0,3,3,3,0x5716,22294,22294,22,87,block_plus_signed,0x0005A0,0x005CB6,yes,0B46018100000000144A018100000000,0,in_range_no_structural_match
PHAPCK_TBL.decoded.bin,pck_object_0003_part_000_choice_000_frame_136,pck_object_0003,pck_object_0003_part_000,pck_object_0003_part_000_choice_000,0x0032F0,3,3,3,0x5716,22294,22294,22,87,part_plus_signed,0x0005BD,0x005CD3,yes,0303030E590181020205050B5E018103,5,plausible_frame_record_prefix
PHAPCK_TBL.decoded.bin,pck_object_0003_part_000_choice_000_frame_136,pck_object_0003,pck_object_0003_part_000,pck_object_0003_part_000_choice_000,0x0032F0,3,3,3,0x5716,22294,22294,22,87,frame_plus_signed,0x0032F0,0x008A06,yes,D8FFD8FFCAFED8FF9CFF42FFD8FF5A00,5,byte0_high_bit_set
PHAPCK_TBL.decoded.bin,pck_object_0003_part_000_choice_000_frame_136,pck_object_0003,pck_object_0003_part_000,pck_object_0003_part_000_choice_000,0x0032F0,3,3,3,0x5716,22294,22294,22,87,payload_plus_signed,0x0032F2,0x008A08,yes,D8FFCAFED8FF9CFF42FFD8FF5A00CAFE,5,byte0_high_bit_set
PHAPCK_TBL.decoded.bin,pck_object_0003_part_000_choice_000_frame_137,pck_object_0003,pck_object_0003_part_000,pck_object_0003_part_000_choice_000,0x0032F8,3,3,3,0x5C17,23575,23575,23,92,direct_unsigned,0x000000,0x005C17,yes,2800E8FED8FF78007EFFA6FF78007EFF,5,plausible_frame_record_prefix
PHAPCK_TBL.decoded.bin,pck_object_0003_part_000_choice_000_frame_137,pck_object_0003,pck_object_0003_part_000,pck_object_0003_part_000_choice_000,0x0032F8,3,3,3,0x5C17,23575,23575,23,92,direct_signed,0x000000,0x005C17,yes,2800E8FED8FF78007EFFA6FF78007EFF,5,plausible_frame_record_prefix
PHAPCK_TBL.decoded.bin,pck_object_0003_part_000_choice_000_frame_137,pck_object_0003,pck_object_0003_part_000,pck_object_0003_part_000_choice_000,0x0032F8,3,3,3,0x5C17,23575,23575,23,92,object_plus_unsigned,0x0005AF,0x0061C6,yes,060000000000F8000017F9F9FB0000CB,35,exact_frame_record;plausible_frame_record_prefix
PHAPCK_TBL.decoded.bin,pck_object_0003_part_000_choice_000_frame_137,pck_object_0003,pck_object_0003_part_000,pck_object_0003_part_000_choice_000,0x0032F8,3,3,3,0x5C17,23575,23575,23,92,object_plus_signed,0x0005AF,0x0061C6,yes,060000000000F8000017F9F9FB0000CB,35,exact_frame_record;plausible_frame_record_prefix
PHAPCK_TBL.decoded.bin,pck_object_0003_part_000_choice_000_frame_137,pck_object_0003,pck_object_0003_part_000,pck_object_0003_part_000_choice_000,0x0032F8,3,3,3,0x5C17,23575,23575,23,92,block_plus_unsigned,0x0005A0,0x0061B7,yes,5A00CAFE5A005A00CAFE00001D04DC06,5,plausible_frame_record_prefix
PHAPCK_TBL.decoded.bin,pck_object_0003_part_000_choice_000_frame_137,pck_object_0003,pck_object_0003_part_000,pck_object_0003_part_000_choice_000,0x0032F8,3,3,3,0x5C17,23575,23575,23,92,block_plus_signed,0x0005A0,0x0061B7,yes,5A00CAFE5A005A00CAFE00001D04DC06,5,plausible_frame_record_prefix
PHAPCK_TBL.decoded.bin,pck_object_0003_part_000_choice_000_frame_137,pck_object_0003,pck_object_0003_part_000,pck_object_0003_part_000_choice_000,0x0032F8,3,3,3,0x5C17,23575,23575,23,92,part_plus_signed,0x0005BD,0x0061D4,yes,00CB07CC010100AD0000000D00B500B6,0,in_range_no_structural_match
PHAPCK_TBL.decoded.bin,pck_object_0003_part_000_choice_000_frame_137,pck_object_0003,pck_object_0003_part_000,pck_object_0003_part_000_choice_000,0x0032F8,3,3,3,0x5C17,23575,23575,23,92,frame_plus_signed,0x0032F8,0x008F0F,yes,FC00003EF810FE28002EFF56FF5A002E,10,byte0_high_bit_set;plausible_frame_record_prefix
PHAPCK_TBL.decoded.bin,pck_object_0003_part_000_choice_000_frame_137,pck_object_0003,pck_object_0003_part_000,pck_object_0003_part_000_choice_000,0x0032F8,3,3,3,0x5C17,23575,23575,23,92,payload_plus_signed,0x0032FA,0x008F11,yes,003EF810FE28002EFF56FF5A002EFF56,0,in_range_no_structural_match
PHAPCK_TBL.decoded.bin,pck_object_0003_part_000_choice_000_frame_138,pck_object_0003,pck_object_0003_part_000,pck_object_0003_part_000_choice_000,0x003300,3,3,3,0x610B,24843,24843,11,97,direct_unsigned,0x000000,0x00610B,yes,0CFF12070CFF100813FF13080712FF0C,0,in_range_no_structural_match
PHAPCK_TBL.decoded.bin,pck_object_0003_part_000_choice_000_frame_138,pck_object_0003,pck_object_0003_part_000,pck_object_0003_part_000_choice_000,0x003300,3,3,3,0x610B,24843,24843,11,97,direct_signed,0x000000,0x00610B,yes,0CFF12070CFF100813FF13080712FF0C,0,in_range_no_structural_match
PHAPCK_TBL.decoded.bin,pck_object_0003_part_000_choice_000_frame_138,pck_object_0003,pck_object_0003_part_000,pck_object_0003_part_000_choice_000,0x003300,3,3,3,0x610B,24843,24843,11,97,object_plus_unsigned,0x0005AF,0x0066BA,yes,00C800F6FF5A00C800F6FF5A0078000A,0,in_range_no_structural_match
PHAPCK_TBL.decoded.bin,pck_object_0003_part_000_choice_000_frame_138,pck_object_0003,pck_object_0003_part_000,pck_object_0003_part_000_choice_000,0x003300,3,3,3,0x610B,24843,24843,11,97,object_plus_signed,0x0005AF,0x0066BA,yes,00C800F6FF5A00C800F6FF5A0078000A,0,in_range_no_structural_match
PHAPCK_TBL.decoded.bin,pck_object_0003_part_000_choice_000_frame_138,pck_object_0003,pck_object_0003_part_000,pck_object_0003_part_000_choice_000,0x003300,3,3,3,0x610B,24843,24843,11,97,block_plus_unsigned,0x0005A0,0x0066AB,yes,AD00F401640018FC0000F001C2072800,40,exact_frame_record;byte0_high_bit_set;plausible_frame_record_prefix
PHAPCK_TBL.decoded.bin,pck_object_0003_part_000_choice_000_frame_138,pck_object_0003,pck_object_0003_part_000,pck_object_0003_part_000_choice_000,0x003300,3,3,3,0x610B,24843,24843,11,97,block_plus_signed,0x0005A0,0x0066AB,yes,AD00F401640018FC0000F001C2072800,40,exact_frame_record;byte0_high_bit_set;plausible_frame_record_prefix
PHAPCK_TBL.decoded.bin,pck_object_0003_part_000_choice_000_frame_138,pck_object_0003,pck_object_0003_part_000,pck_object_0003_part_000_choice_000,0x003300,3,3,3,0x610B,24843,24843,11,97,part_plus_signed,0x0005BD,0x0066C8,yes,000A00280078000A000000A80558FA28,0,in_range_no_structural_match
PHAPCK_TBL.decoded.bin,pck_object_0003_part_000_choice_000_frame_138,pck_object_0003,pck_object_0003_part_000,pck_object_0003_part_000_choice_000,0x003300,3,3,3,0x610B,24843,24843,11,97,frame_plus_signed,0x003300,0x00940B,yes,FFDDFFDBFF3200DDFFDBFF6907EE01B0,5,byte0_high_bit_set
PHAPCK_TBL.decoded.bin,pck_object_0003_part_000_choice_000_frame_138,pck_object_0003,pck_object_0003_part_000,pck_object_0003_part_000_choice_000,0x003300,3,3,3,0x610B,24843,24843,11,97,payload_plus_signed,0x003302,0x00940D,yes,FFDBFF3200DDFFDBFF6907EE01B0FD46,5,byte0_high_bit_set
PHAPCK_TBL.decoded.bin,pck_object_0003_part_000_choice_000_frame_152,pck_object_0003,pck_object_0003_part_000,pck_object_0003_part_000_choice_000,0x003370,3,-79,-5,0x0663,1635,1635,99,6,direct_unsigned,0x000000,0x000663,yes,0F00010129018107070505062E018100,5,plausible_frame_record_prefix
PHAPCK_TBL.decoded.bin,pck_object_0003_part_000_choice_000_frame_152,pck_object_0003,pck_object_0003_part_000,pck_object_0003_part_000_choice_000,0x003370,3,-79,-5,0x0663,1635,1635,99,6,direct_signed,0x000000,0x000663,yes,0F00010129018107070505062E018100,5,plausible_frame_record_prefix
PHAPCK_TBL.decoded.bin,pck_object_0003_part_000_choice_000_frame_152,pck_object_0003,pck_object_0003_part_000,pck_object_0003_part_000_choice_000,0x003370,3,-79,-5,0x0663,1635,1635,99,6,object_plus_unsigned,0x0005AF,0x000C12,yes,0108071011FF13111014FF0A13140BFF,0,in_range_no_structural_match
PHAPCK_TBL.decoded.bin,pck_object_0003_part_000_choice_000_frame_152,pck_object_0003,pck_object_0003_part_000,pck_object_0003_part_000_choice_000,0x003370,3,-79,-5,0x0663,1635,1635,99,6,object_plus_signed,0x0005AF,0x000C12,yes,0108071011FF13111014FF0A13140BFF,0,in_range_no_structural_match
PHAPCK_TBL.decoded.bin,pck_object_0003_part_000_choice_000_frame_152,pck_object_0003,pck_object_0003_part_000,pck_object_0003_part_000_choice_000,0x003370,3,-79,-5,0x0663,1635,1635,99,6,block_plus_unsigned,0x0005A0,0x000C03,yes,81030303030C42018102020505164701,40,exact_frame_record;byte0_high_bit_set;plausible_frame_record_prefix
PHAPCK_TBL.decoded.bin,pck_object_0003_part_000_choice_000_frame_152,pck_object_0003,pck_object_0003_part_000,pck_object_0003_part_000_choice_000,0x003370,3,-79,-5,0x0663,1635,1635,99,6,block_plus_signed,0x0005A0,0x000C03,yes,81030303030C42018102020505164701,40,exact_frame_record;byte0_high_bit_set;plausible_frame_record_prefix
PHAPCK_TBL.decoded.bin,pck_object_0003_part_000_choice_000_frame_152,pck_object_0003,pck_object_0003_part_000,pck_object_0003_part_000_choice_000,0x003370,3,-79,-5,0x0663,1635,1635,99,6,part_plus_signed,0x0005BD,0x000C20,yes,0BFF11130A08FF1410070BFF80001701,25,exact_block_offset
PHAPCK_TBL.decoded.bin,pck_object_0003_part_000_choice_000_frame_152,pck_object_0003,pck_object_0003_part_000,pck_object_0003_part_000_choice_000,0x003370,3,-79,-5,0x0663,1635,1635,99,6,frame_plus_signed,0x003370,0x0039D3,yes,FFECFF14003200ECFF14006B07740162,5,byte0_high_bit_set
PHAPCK_TBL.decoded.bin,pck_object_0003_part_000_choice_000_frame_152,pck_object_0003,pck_object_0003_part_000,pck_object_0003_part_000_choice_000,0x003370,3,-79,-5,0x0663,1635,1635,99,6,payload_plus_signed,0x003372,0x0039D5,yes,FF14003200ECFF14006B07740162FD46,5,byte0_high_bit_set
PHAPCK_TBL.decoded.bin,pck_object_0003_part_000_choice_000_frame_207,pck_object_0003,pck_object_0003_part_000,pck_object_0003_part_000_choice_000,0x003528,2,-127,0,0x0000,0,0,0,0,direct_unsigned,0x000000,0x000000,yes,04001E000A003100060045000F005A00,15,plausible_drawable_extents_at_plus6_plus8;plausible_frame_record_prefix
PHAPCK_TBL.decoded.bin,pck_object_0003_part_000_choice_000_frame_207,pck_object_0003,pck_object_0003_part_000,pck_object_0003_part_000_choice_000,0x003528,2,-127,0,0x0000,0,0,0,0,direct_signed,0x000000,0x000000,yes,04001E000A003100060045000F005A00,15,plausible_drawable_extents_at_plus6_plus8;plausible_frame_record_prefix
PHAPCK_TBL.decoded.bin,pck_object_0003_part_000_choice_000_frame_207,pck_object_0003,pck_object_0003_part_000,pck_object_0003_part_000_choice_000,0x003528,2,-127,0,0x0000,0,0,0,0,object_plus_unsigned,0x0005AF,0x0005AF,yes,80004F0100000000000001001D000018,75,exact_object_offset;byte0_high_bit_set;plausible_object_header;plausible_frame_record_prefix
PHAPCK_TBL.decoded.bin,pck_object_0003_part_000_choice_000_frame_207,pck_object_0003,pck_object_0003_part_000,pck_object_0003_part_000_choice_000,0x003528,2,-127,0,0x0000,0,0,0,0,object_plus_signed,0x0005AF,0x0005AF,yes,80004F0100000000000001001D000018,75,exact_object_offset;byte0_high_bit_set;plausible_object_header;plausible_frame_record_prefix
PHAPCK_TBL.decoded.bin,pck_object_0003_part_000_choice_000_frame_207,pck_object_0003,pck_object_0003_part_000,pck_object_0003_part_000_choice_000,0x003528,2,-127,0,0x0000,0,0,0,0,block_plus_unsigned,0x0005A0,0x0005A0,yes,02091003FF0A05040DFF0403100DFF80,25,exact_block_offset
PHAPCK_TBL.decoded.bin,pck_object_0003_part_000_choice_000_frame_207,pck_object_0003,pck_object_0003_part_000,pck_object_0003_part_000_choice_000,0x003528,2,-127,0,0x0000,0,0,0,0,block_plus_signed,0x0005A0,0x0005A0,yes,02091003FF0A05040DFF0403100DFF80,25,exact_block_offset
PHAPCK_TBL.decoded.bin,pck_object_0003_part_000_choice_000_frame_207,pck_object_0003,pck_object_0003_part_000,pck_object_0003_part_000_choice_000,0x003528,2,-127,0,0x0000,0,0,0,0,part_plus_signed,0x0005BD,0x0005BD,yes,001825000100B500F401640018FC0000,35,exact_part_offset
PHAPCK_TBL.decoded.bin,pck_object_0003_part_000_choice_000_frame_207,pck_object_0003,pck_object_0003_part_000,pck_object_0003_part_000_choice_000,0x003528,2,-127,0,0x0000,0,0,0,0,frame_plus_signed,0x003528,0x003528,yes,02028100000000210602810303030324,35,exact_frame_record;plausible_frame_record_prefix
PHAPCK_TBL.decoded.bin,pck_object_0003_part_000_choice_000_frame_207,pck_object_0003,pck_object_0003_part_000,pck_object_0003_part_000_choice_000,0x003528,2,-127,0,0x0000,0,0,0,0,payload_plus_signed,0x00352A,0x00352A,yes,81000000002106028103030303240B02,10,byte0_high_bit_set;plausible_frame_record_prefix
PHAPCK_TBL.decoded.bin,pck_object_0003_part_000_choice_000_frame_208,pck_object_0003,pck_object_0003_part_000,pck_object_0003_part_000_choice_000,0x003530,2,-127,3,0x0303,771,771,3,3,direct_unsigned,0x000000,0x000303,yes,0F10FF12100F13FF0A12130BFF10120A,0,in_range_no_structural_match
PHAPCK_TBL.decoded.bin,pck_object_0003_part_000_choice_000_frame_208,pck_object_0003,pck_object_0003_part_000,pck_object_0003_part_000_choice_000,0x003530,2,-127,3,0x0303,771,771,3,3,direct_signed,0x000000,0x000303,yes,0F10FF12100F13FF0A12130BFF10120A,0,in_range_no_structural_match
PHAPCK_TBL.decoded.bin,pck_object_0003_part_000_choice_000_frame_208,pck_object_0003,pck_object_0003_part_000,pck_object_0003_part_000_choice_000,0x003530,2,-127,3,0x0303,771,771,3,3,object_plus_unsigned,0x0005AF,0x0008B2,yes,C101061708FF191A1706FF1C1A19FF1C,10,byte0_high_bit_set;plausible_frame_record_prefix
PHAPCK_TBL.decoded.bin,pck_object_0003_part_000_choice_000_frame_208,pck_object_0003,pck_object_0003_part_000,pck_object_0003_part_000_choice_000,0x003530,2,-127,3,0x0303,771,771,3,3,object_plus_signed,0x0005AF,0x0008B2,yes,C101061708FF191A1706FF1C1A19FF1C,10,byte0_high_bit_set;plausible_frame_record_prefix
PHAPCK_TBL.decoded.bin,pck_object_0003_part_000_choice_000_frame_208,pck_object_0003,pck_object_0003_part_000,pck_object_0003_part_000_choice_000,0x003530,2,-127,3,0x0303,771,771,3,3,block_plus_unsigned,0x0005A0,0x0008A3,yes,0181080800001BBD0181000000001DC1,0,in_range_no_structural_match
PHAPCK_TBL.decoded.bin,pck_object_0003_part_000_choice_000_frame_208,pck_object_0003,pck_object_0003_part_000,pck_object_0003_part_000_choice_000,0x003530,2,-127,3,0x0303,771,771,3,3,block_plus_signed,0x0005A0,0x0008A3,yes,0181080800001BBD0181000000001DC1,0,in_range_no_structural_match
PHAPCK_TBL.decoded.bin,pck_object_0003_part_000_choice_000_frame_208,pck_object_0003,pck_object_0003_part_000,pck_object_0003_part_000_choice_000,0x003530,2,-127,3,0x0303,771,771,3,3,part_plus_signed,0x0005BD,0x0008C0,yes,FF1C08171AFF0100CA0100000400D201,20,byte0_high_bit_set;plausible_object_header
PHAPCK_TBL.decoded.bin,pck_object_0003_part_000_choice_000_frame_208,pck_object_0003,pck_object_0003_part_000,pck_object_0003_part_000_choice_000,0x003530,2,-127,3,0x0303,771,771,3,3,frame_plus_signed,0x003530,0x003833,yes,00DC0551F87601AB0190FFE7FF400183,0,in_range_no_structural_match
PHAPCK_TBL.decoded.bin,pck_object_0003_part_000_choice_000_frame_208,pck_object_0003,pck_object_0003_part_000,pck_object_0003_part_000_choice_000,0x003530,2,-127,3,0x0303,771,771,3,3,payload_plus_signed,0x003532,0x003835,yes,0551F87601AB0190FFE7FF40018300B1,0,in_range_no_structural_match
PHAPCK_TBL.decoded.bin,pck_object_0003_part_000_choice_000_frame_209,pck_object_0003,pck_object_0003_part_000,pck_object_0003_part_000_choice_000,0x003538,2,-127,2,0x0502,1282,1282,2,5,direct_unsigned,0x000000,0x000502,yes,0D00B800080081080F00010120018107,35,exact_frame_table_entry;plausible_frame_record_prefix
PHAPCK_TBL.decoded.bin,pck_object_0003_part_000_choice_000_frame_209,pck_object_0003,pck_object_0003_part_000,pck_object_0003_part_000_choice_000,0x003538,2,-127,2,0x0502,1282,1282,2,5,direct_signed,0x000000,0x000502,yes,0D00B800080081080F00010120018107,35,exact_frame_table_entry;plausible_frame_record_prefix
PHAPCK_TBL.decoded.bin,pck_object_0003_part_000_choice_000_frame_209,pck_object_0003,pck_object_0003_part_000,pck_object_0003_part_000_choice_000,0x003538,2,-127,2,0x0502,1282,1282,2,5,object_plus_unsigned,0x0005AF,0x000AB1,yes,81000000001236018103030303153B01,10,byte0_high_bit_set;plausible_frame_record_prefix
PHAPCK_TBL.decoded.bin,pck_object_0003_part_000_choice_000_frame_209,pck_object_0003,pck_object_0003_part_000,pck_object_0003_part_000_choice_000,0x003538,2,-127,2,0x0502,1282,1282,2,5,object_plus_signed,0x0005AF,0x000AB1,yes,81000000001236018103030303153B01,10,byte0_high_bit_set;plausible_frame_record_prefix
PHAPCK_TBL.decoded.bin,pck_object_0003_part_000_choice_000_frame_209,pck_object_0003,pck_object_0003_part_000,pck_object_0003_part_000_choice_000,0x003538,2,-127,2,0x0502,1282,1282,2,5,block_plus_unsigned,0x0005A0,0x000AA2,yes,0005000901000C81030303030F310181,0,in_range_no_structural_match
PHAPCK_TBL.decoded.bin,pck_object_0003_part_000_choice_000_frame_209,pck_object_0003,pck_object_0003_part_000,pck_object_0003_part_000_choice_000,0x003538,2,-127,2,0x0502,1282,1282,2,5,block_plus_signed,0x0005A0,0x000AA2,yes,0005000901000C81030303030F310181,0,in_range_no_structural_match
PHAPCK_TBL.decoded.bin,pck_object_0003_part_000_choice_000_frame_209,pck_object_0003,pck_object_0003_part_000,pck_object_0003_part_000_choice_000,0x003538,2,-127,2,0x0502,1282,1282,2,5,part_plus_signed,0x0005BD,0x000ABF,yes,3B0181030303030C4001810202050516,5,plausible_frame_record_prefix
PHAPCK_TBL.decoded.bin,pck_object_0003_part_000_choice_000_frame_209,pck_object_0003,pck_object_0003_part_000,pck_object_0003_part_000_choice_000,0x003538,2,-127,2,0x0502,1282,1282,2,5,frame_plus_signed,0x003538,0x003A3A,yes,B7071A02CEFF6400DC0592FFE2FF3601,5,byte0_high_bit_set
PHAPCK_TBL.decoded.bin,pck_object_0003_part_000_choice_000_frame_209,pck_object_0003,pck_object_0003_part_000,pck_object_0003_part_000_choice_000,0x003538,2,-127,2,0x0502,1282,1282,2,5,payload_plus_signed,0x00353A,0x003A3C,yes,1A02CEFF6400DC0592FFE2FF3601C4FF,5,plausible_frame_record_prefix
PHAPCK_TBL.decoded.bin,pck_object_0003_part_000_choice_000_frame_210,pck_object_0003,pck_object_0003_part_000,pck_object_0003_part_000_choice_000,0x003540,2,4,32,0xFF07,65287,-249,7,255,direct_unsigned,0x000000,0x00FF07,no,,0,outside_decoded_stream
PHAPCK_TBL.decoded.bin,pck_object_0003_part_000_choice_000_frame_210,pck_object_0003,pck_object_0003_part_000,pck_object_0003_part_000_choice_000,0x003540,2,4,32,0xFF07,65287,-249,7,255,direct_signed,0x000000,-0x0000F9,no,,0,outside_decoded_stream
PHAPCK_TBL.decoded.bin,pck_object_0003_part_000_choice_000_frame_210,pck_object_0003,pck_object_0003_part_000,pck_object_0003_part_000_choice_000,0x003540,2,4,32,0xFF07,65287,-249,7,255,object_plus_unsigned,0x0005AF,0x0104B6,no,,0,outside_decoded_stream
PHAPCK_TBL.decoded.bin,pck_object_0003_part_000_choice_000_frame_210,pck_object_0003,pck_object_0003_part_000,pck_object_0003_part_000_choice_000,0x003540,2,4,32,0xFF07,65287,-249,7,255,object_plus_signed,0x0005AF,0x0004B6,yes,D8FFCAFEA6FF000092FF000800000000,5,byte0_high_bit_set
PHAPCK_TBL.decoded.bin,pck_object_0003_part_000_choice_000_frame_210,pck_object_0003,pck_object_0003_part_000,pck_object_0003_part_000_choice_000,0x003540,2,4,32,0xFF07,65287,-249,7,255,block_plus_unsigned,0x0005A0,0x0104A7,no,,0,outside_decoded_stream
PHAPCK_TBL.decoded.bin,pck_object_0003_part_000_choice_000_frame_210,pck_object_0003,pck_object_0003_part_000,pck_object_0003_part_000_choice_000,0x003540,2,4,32,0xFF07,65287,-249,7,255,block_plus_signed,0x0005A0,0x0004A7,yes,FFA6FF280092FF00F800000000A6FFD8,5,byte0_high_bit_set
PHAPCK_TBL.decoded.bin,pck_object_0003_part_000_choice_000_frame_210,pck_object_0003,pck_object_0003_part_000,pck_object_0003_part_000_choice_000,0x003540,2,4,32,0xFF07,65287,-249,7,255,part_plus_signed,0x0005BD,0x0004C4,yes,0000D8FFD8FFCAFED8FF000092FF0000,5,plausible_frame_record_prefix
PHAPCK_TBL.decoded.bin,pck_object_0003_part_000_choice_000_frame_210,pck_object_0003,pck_object_0003_part_000,pck_object_0003_part_000_choice_000,0x003540,2,4,32,0xFF07,65287,-249,7,255,frame_plus_signed,0x003540,0x003447,yes,00B501C1FFD1FFF0000100140100000A,0,in_range_no_structural_match
PHAPCK_TBL.decoded.bin,pck_object_0003_part_000_choice_000_frame_210,pck_object_0003,pck_object_0003_part_000,pck_object_0003_part_000_choice_000,0x003540,2,4,32,0xFF07,65287,-249,7,255,payload_plus_signed,0x003542,0x003449,yes,01C1FFD1FFF0000100140100000A001C,0,in_range_no_structural_match
PHAPCK_TBL.decoded.bin,pck_object_0003_part_000_choice_000_frame_246,pck_object_0003,pck_object_0003_part_000,pck_object_0003_part_000_choice_000,0x003660,3,3,1,0x015E,350,350,94,1,direct_unsigned,0x000000,0x00015E,yes,5C07080066070C00700700007B070200,0,in_range_no_structural_match
PHAPCK_TBL.decoded.bin,pck_object_0003_part_000_choice_000_frame_246,pck_object_0003,pck_object_0003_part_000,pck_object_0003_part_000_choice_000,0x003660,3,3,1,0x015E,350,350,94,1,direct_signed,0x000000,0x00015E,yes,5C07080066070C00700700007B070200,0,in_range_no_structural_match
PHAPCK_TBL.decoded.bin,pck_object_0003_part_000_choice_000_frame_246,pck_object_0003,pck_object_0003_part_000,pck_object_0003_part_000_choice_000,0x003660,3,3,1,0x015E,350,350,94,1,object_plus_unsigned,0x0005AF,0x00070D,yes,00000000000300160000232E00010000,5,plausible_frame_record_prefix
PHAPCK_TBL.decoded.bin,pck_object_0003_part_000_choice_000_frame_246,pck_object_0003,pck_object_0003_part_000,pck_object_0003_part_000_choice_000,0x003660,3,3,1,0x015E,350,350,94,1,object_plus_signed,0x0005AF,0x00070D,yes,00000000000300160000232E00010000,5,plausible_frame_record_prefix
PHAPCK_TBL.decoded.bin,pck_object_0003_part_000_choice_000_frame_246,pck_object_0003,pck_object_0003_part_000,pck_object_0003_part_000_choice_000,0x003660,3,3,1,0x015E,350,350,94,1,block_plus_unsigned,0x0005A0,0x0006FE,yes,0A090302FF0A02050DFF80005D010000,0,in_range_no_structural_match
PHAPCK_TBL.decoded.bin,pck_object_0003_part_000_choice_000_frame_246,pck_object_0003,pck_object_0003_part_000,pck_object_0003_part_000_choice_000,0x003660,3,3,1,0x015E,350,350,94,1,block_plus_signed,0x0005A0,0x0006FE,yes,0A090302FF0A02050DFF80005D010000,0,in_range_no_structural_match
PHAPCK_TBL.decoded.bin,pck_object_0003_part_000_choice_000_frame_246,pck_object_0003,pck_object_0003_part_000,pck_object_0003_part_000_choice_000,0x003660,3,3,1,0x015E,350,350,94,1,part_plus_signed,0x0005BD,0x00071B,yes,00000115232E00010088011E232E0001,5,plausible_frame_record_prefix
PHAPCK_TBL.decoded.bin,pck_object_0003_part_000_choice_000_frame_246,pck_object_0003,pck_object_0003_part_000,pck_object_0003_part_000_choice_000,0x003660,3,3,1,0x015E,350,350,94,1,frame_plus_signed,0x003660,0x0037BE,yes,9BFF2DF864FECDFFEEFF1E003000E9FF,20,byte0_high_bit_set;plausible_object_header
PHAPCK_TBL.decoded.bin,pck_object_0003_part_000_choice_000_frame_246,pck_object_0003,pck_object_0003_part_000,pck_object_0003_part_000_choice_000,0x003660,3,3,1,0x015E,350,350,94,1,payload_plus_signed,0x003662,0x0037C0,yes,2DF864FECDFFEEFF1E003000E9FF1E00,0,in_range_no_structural_match
PHAPCK_TBL.decoded.bin,pck_object_0003_part_000_choice_000_frame_250,pck_object_0003,pck_object_0003_part_000,pck_object_0003_part_000_choice_000,0x003680,3,3,11,0x0170,368,368,112,1,direct_unsigned,0x000000,0x000170,yes,0400A3070600B7070800CB070E00DE07,5,plausible_frame_record_prefix
PHAPCK_TBL.decoded.bin,pck_object_0003_part_000_choice_000_frame_250,pck_object_0003,pck_object_0003_part_000,pck_object_0003_part_000_choice_000,0x003680,3,3,11,0x0170,368,368,112,1,direct_signed,0x000000,0x000170,yes,0400A3070600B7070800CB070E00DE07,5,plausible_frame_record_prefix
PHAPCK_TBL.decoded.bin,pck_object_0003_part_000_choice_000_frame_250,pck_object_0003,pck_object_0003_part_000,pck_object_0003_part_000_choice_000,0x003680,3,3,11,0x0170,368,368,112,1,object_plus_unsigned,0x0005AF,0x00071F,yes,232E00010088011E232E000100C60100,0,in_range_no_structural_match
PHAPCK_TBL.decoded.bin,pck_object_0003_part_000_choice_000_frame_250,pck_object_0003,pck_object_0003_part_000,pck_object_0003_part_000_choice_000,0x003680,3,3,11,0x0170,368,368,112,1,object_plus_signed,0x0005AF,0x00071F,yes,232E00010088011E232E000100C60100,0,in_range_no_structural_match
PHAPCK_TBL.decoded.bin,pck_object_0003_part_000_choice_000_frame_250,pck_object_0003,pck_object_0003_part_000,pck_object_0003_part_000_choice_000,0x003680,3,3,11,0x0170,368,368,112,1,block_plus_unsigned,0x0005A0,0x000710,yes,00000300160000232E00010000011523,5,plausible_frame_record_prefix
PHAPCK_TBL.decoded.bin,pck_object_0003_part_000_choice_000_frame_250,pck_object_0003,pck_object_0003_part_000,pck_object_0003_part_000_choice_000,0x003680,3,3,11,0x0170,368,368,112,1,block_plus_signed,0x0005A0,0x000710,yes,00000300160000232E00010000011523,5,plausible_frame_record_prefix
PHAPCK_TBL.decoded.bin,pck_object_0003_part_000_choice_000_frame_250,pck_object_0003,pck_object_0003_part_000,pck_object_0003_part_000_choice_000,0x003680,3,3,11,0x0170,368,368,112,1,part_plus_signed,0x0005BD,0x00072D,yes,0100001300E80362FB2B06DBFD000000,5,plausible_frame_record_prefix
PHAPCK_TBL.decoded.bin,pck_object_0003_part_000_choice_000_frame_250,pck_object_0003,pck_object_0003_part_000,pck_object_0003_part_000_choice_000,0x003680,3,3,11,0x0170,368,368,112,1,frame_plus_signed,0x003680,0x0037F0,yes,9EF932FBE704F505E4FD36006100DC05,20,byte0_high_bit_set;plausible_object_header
PHAPCK_TBL.decoded.bin,pck_object_0003_part_000_choice_000_frame_250,pck_object_0003,pck_object_0003_part_000,pck_object_0003_part_000_choice_000,0x003680,3,3,11,0x0170,368,368,112,1,payload_plus_signed,0x003682,0x0037F2,yes,32FBE704F505E4FD36006100DC05CB07,0,in_range_no_structural_match
PHAPCK_TBL.decoded.bin,pck_object_0003_part_000_choice_000_frame_251,pck_object_0003,pck_object_0003_part_000,pck_object_0003_part_000_choice_000,0x003688,3,3,14,0x0174,372,372,116,1,direct_unsigned,0x000000,0x000174,yes,0600B7070800CB070E00DE070000F307,5,plausible_frame_record_prefix
PHAPCK_TBL.decoded.bin,pck_object_0003_part_000_choice_000_frame_251,pck_object_0003,pck_object_0003_part_000,pck_object_0003_part_000_choice_000,0x003688,3,3,14,0x0174,372,372,116,1,direct_signed,0x000000,0x000174,yes,0600B7070800CB070E00DE070000F307,5,plausible_frame_record_prefix
PHAPCK_TBL.decoded.bin,pck_object_0003_part_000_choice_000_frame_251,pck_object_0003,pck_object_0003_part_000,pck_object_0003_part_000_choice_000,0x003688,3,3,14,0x0174,372,372,116,1,object_plus_unsigned,0x0005AF,0x000723,yes,0088011E232E000100C60100001300E8,0,in_range_no_structural_match
PHAPCK_TBL.decoded.bin,pck_object_0003_part_000_choice_000_frame_251,pck_object_0003,pck_object_0003_part_000,pck_object_0003_part_000_choice_000,0x003688,3,3,14,0x0174,372,372,116,1,object_plus_signed,0x0005AF,0x000723,yes,0088011E232E000100C60100001300E8,0,in_range_no_structural_match
PHAPCK_TBL.decoded.bin,pck_object_0003_part_000_choice_000_frame_251,pck_object_0003,pck_object_0003_part_000,pck_object_0003_part_000_choice_000,0x003688,3,3,14,0x0174,372,372,116,1,block_plus_unsigned,0x0005A0,0x000714,yes,160000232E000100000115232E000100,5,plausible_frame_record_prefix
PHAPCK_TBL.decoded.bin,pck_object_0003_part_000_choice_000_frame_251,pck_object_0003,pck_object_0003_part_000,pck_object_0003_part_000_choice_000,0x003688,3,3,14,0x0174,372,372,116,1,block_plus_signed,0x0005A0,0x000714,yes,160000232E000100000115232E000100,5,plausible_frame_record_prefix
PHAPCK_TBL.decoded.bin,pck_object_0003_part_000_choice_000_frame_251,pck_object_0003,pck_object_0003_part_000,pck_object_0003_part_000_choice_000,0x003688,3,3,14,0x0174,372,372,116,1,part_plus_signed,0x0005BD,0x000731,yes,00E80362FB2B06DBFD00000000C4FF00,0,in_range_no_structural_match
PHAPCK_TBL.decoded.bin,pck_object_0003_part_000_choice_000_frame_251,pck_object_0003,pck_object_0003_part_000,pck_object_0003_part_000_choice_000,0x003688,3,3,14,0x0174,372,372,116,1,frame_plus_signed,0x003688,0x0037FC,yes,6100DC05CB07B000AB016C00DCFF4001,5,plausible_frame_record_prefix
PHAPCK_TBL.decoded.bin,pck_object_0003_part_000_choice_000_frame_251,pck_object_0003,pck_object_0003_part_000,pck_object_0003_part_000_choice_000,0x003688,3,3,14,0x0174,372,372,116,1,payload_plus_signed,0x00368A,0x0037FE,yes,DC05CB07B000AB016C00DCFF40017CFF,5,byte0_high_bit_set
PHAPCK_TBL.decoded.bin,pck_object_0003_part_000_choice_000_frame_252,pck_object_0003,pck_object_0003_part_000,pck_object_0003_part_000_choice_000,0x003690,3,3,16,0x0178,376,376,120,1,direct_unsigned,0x000000,0x000178,yes,0800CB070E00DE070000F30702000708,5,plausible_frame_record_prefix
PHAPCK_TBL.decoded.bin,pck_object_0003_part_000_choice_000_frame_252,pck_object_0003,pck_object_0003_part_000,pck_object_0003_part_000_choice_000,0x003690,3,3,16,0x0178,376,376,120,1,direct_signed,0x000000,0x000178,yes,0800CB070E00DE070000F30702000708,5,plausible_frame_record_prefix
PHAPCK_TBL.decoded.bin,pck_object_0003_part_000_choice_000_frame_252,pck_object_0003,pck_object_0003_part_000,pck_object_0003_part_000_choice_000,0x003690,3,3,16,0x0178,376,376,120,1,object_plus_unsigned,0x0005AF,0x000727,yes,232E000100C60100001300E80362FB2B,0,in_range_no_structural_match
PHAPCK_TBL.decoded.bin,pck_object_0003_part_000_choice_000_frame_252,pck_object_0003,pck_object_0003_part_000,pck_object_0003_part_000_choice_000,0x003690,3,3,16,0x0178,376,376,120,1,object_plus_signed,0x0005AF,0x000727,yes,232E000100C60100001300E80362FB2B,0,in_range_no_structural_match
PHAPCK_TBL.decoded.bin,pck_object_0003_part_000_choice_000_frame_252,pck_object_0003,pck_object_0003_part_000,pck_object_0003_part_000_choice_000,0x003690,3,3,16,0x0178,376,376,120,1,block_plus_unsigned,0x0005A0,0x000718,yes,2E000100000115232E00010088011E23,5,plausible_frame_record_prefix
PHAPCK_TBL.decoded.bin,pck_object_0003_part_000_choice_000_frame_252,pck_object_0003,pck_object_0003_part_000,pck_object_0003_part_000_choice_000,0x003690,3,3,16,0x0178,376,376,120,1,block_plus_signed,0x0005A0,0x000718,yes,2E000100000115232E00010088011E23,5,plausible_frame_record_prefix
PHAPCK_TBL.decoded.bin,pck_object_0003_part_000_choice_000_frame_252,pck_object_0003,pck_object_0003_part_000,pck_object_0003_part_000_choice_000,0x003690,3,3,16,0x0178,376,376,120,1,part_plus_signed,0x0005BD,0x000735,yes,FB2B06DBFD00000000C4FF00005000AA,5,byte0_high_bit_set
PHAPCK_TBL.decoded.bin,pck_object_0003_part_000_choice_000_frame_252,pck_object_0003,pck_object_0003_part_000,pck_object_0003_part_000_choice_000,0x003690,3,3,16,0x0178,376,376,120,1,frame_plus_signed,0x003690,0x003808,yes,DCFF40017CFF44F8F8013900CBFFF000,5,byte0_high_bit_set
PHAPCK_TBL.decoded.bin,pck_object_0003_part_000_choice_000_frame_252,pck_object_0003,pck_object_0003_part_000,pck_object_0003_part_000_choice_000,0x003690,3,3,16,0x0178,376,376,120,1,payload_plus_signed,0x003692,0x00380A,yes,40017CFF44F8F8013900CBFFF0004E00,5,plausible_frame_record_prefix
PHAPCK_TBL.decoded.bin,pck_object_0011_part_000_choice_000_frame_063,pck_object_0011,pck_object_0011_part_000,pck_object_0011_part_000_choice_000,0x0011EA,3,3,1,0x00E0,224,224,224,0,direct_unsigned,0x000000,0x0000E0,yes,0000B3040200C7040400DB040600EF04,5,plausible_frame_record_prefix
PHAPCK_TBL.decoded.bin,pck_object_0011_part_000_choice_000_frame_063,pck_object_0011,pck_object_0011_part_000,pck_object_0011_part_000_choice_000,0x0011EA,3,3,1,0x00E0,224,224,224,0,direct_signed,0x000000,0x0000E0,yes,0000B3040200C7040400DB040600EF04,5,plausible_frame_record_prefix
PHAPCK_TBL.decoded.bin,pck_object_0011_part_000_choice_000_frame_063,pck_object_0011,pck_object_0011_part_000,pck_object_0011_part_000_choice_000,0x0011EA,3,3,1,0x00E0,224,224,224,0,object_plus_unsigned,0x000FF2,0x0010D2,yes,FF07080403FF0A0B0205FF04080A05FF,35,exact_frame_record;byte0_high_bit_set
PHAPCK_TBL.decoded.bin,pck_object_0011_part_000_choice_000_frame_063,pck_object_0011,pck_object_0011_part_000,pck_object_0011_part_000_choice_000,0x0011EA,3,3,1,0x00E0,224,224,224,0,object_plus_signed,0x000FF2,0x0010D2,yes,FF07080403FF0A0B0205FF04080A05FF,35,exact_frame_record;byte0_high_bit_set
PHAPCK_TBL.decoded.bin,pck_object_0011_part_000_choice_000_frame_063,pck_object_0011,pck_object_0011_part_000,pck_object_0011_part_000_choice_000,0x0011EA,3,3,1,0x00E0,224,224,224,0,block_plus_unsigned,0x000FF0,0x0010D0,yes,0405FF07080403FF0A0B0205FF04080A,0,in_range_no_structural_match
PHAPCK_TBL.decoded.bin,pck_object_0011_part_000_choice_000_frame_063,pck_object_0011,pck_object_0011_part_000,pck_object_0011_part_000_choice_000,0x0011EA,3,3,1,0x00E0,224,224,224,0,block_plus_signed,0x000FF0,0x0010D0,yes,0405FF07080403FF0A0B0205FF04080A,0,in_range_no_structural_match
PHAPCK_TBL.decoded.bin,pck_object_0011_part_000_choice_000_frame_063,pck_object_0011,pck_object_0011_part_000,pck_object_0011_part_000_choice_000,0x0011EA,3,3,1,0x00E0,224,224,224,0,part_plus_signed,0x001000,0x0010E0,yes,05FF0B070302FF0100FB000000050003,0,in_range_no_structural_match
PHAPCK_TBL.decoded.bin,pck_object_0011_part_000_choice_000_frame_063,pck_object_0011,pck_object_0011_part_000,pck_object_0011_part_000_choice_000,0x0011EA,3,3,1,0x00E0,224,224,224,0,frame_plus_signed,0x0011EA,0x0012CA,yes,000015F821017EFFD8FF500056FFD8FF,35,exact_frame_record;plausible_frame_record_prefix
PHAPCK_TBL.decoded.bin,pck_object_0011_part_000_choice_000_frame_063,pck_object_0011,pck_object_0011_part_000,pck_object_0011_part_000_choice_000,0x0011EA,3,3,1,0x00E0,224,224,224,0,payload_plus_signed,0x0011EC,0x0012CC,yes,15F821017EFFD8FF500056FFD8FF5000,0,in_range_no_structural_match
PHAPCK_TBL.decoded.bin,pck_object_0011_part_000_choice_000_frame_066,pck_object_0011,pck_object_0011_part_000,pck_object_0011_part_000_choice_000,0x001202,3,3,12,0x00EF,239,239,239,0,direct_unsigned,0x000000,0x0000EF,yes,04080003050A0017050C002B050E003F,0,in_range_no_structural_match
PHAPCK_TBL.decoded.bin,pck_object_0011_part_000_choice_000_frame_066,pck_object_0011,pck_object_0011_part_000,pck_object_0011_part_000_choice_000,0x001202,3,3,12,0x00EF,239,239,239,0,direct_signed,0x000000,0x0000EF,yes,04080003050A0017050C002B050E003F,0,in_range_no_structural_match
PHAPCK_TBL.decoded.bin,pck_object_0011_part_000_choice_000_frame_066,pck_object_0011,pck_object_0011_part_000,pck_object_0011_part_000_choice_000,0x001202,3,3,12,0x00EF,239,239,239,0,object_plus_unsigned,0x000FF2,0x0010E1,yes,FF0B070302FF0100FB00000005000301,20,byte0_high_bit_set;plausible_object_header
PHAPCK_TBL.decoded.bin,pck_object_0011_part_000_choice_000_frame_066,pck_object_0011,pck_object_0011_part_000,pck_object_0011_part_000_choice_000,0x001202,3,3,12,0x00EF,239,239,239,0,object_plus_signed,0x000FF2,0x0010E1,yes,FF0B070302FF0100FB00000005000301,20,byte0_high_bit_set;plausible_object_header
PHAPCK_TBL.decoded.bin,pck_object_0011_part_000_choice_000_frame_066,pck_object_0011,pck_object_0011_part_000,pck_object_0011_part_000_choice_000,0x001202,3,3,12,0x00EF,239,239,239,0,block_plus_unsigned,0x000FF0,0x0010DF,yes,0A05FF0B070302FF0100FB0000000500,0,in_range_no_structural_match
PHAPCK_TBL.decoded.bin,pck_object_0011_part_000_choice_000_frame_066,pck_object_0011,pck_object_0011_part_000,pck_object_0011_part_000_choice_000,0x001202,3,3,12,0x00EF,239,239,239,0,block_plus_signed,0x000FF0,0x0010DF,yes,0A05FF0B070302FF0100FB0000000500,0,in_range_no_structural_match
PHAPCK_TBL.decoded.bin,pck_object_0011_part_000_choice_000_frame_066,pck_object_0011,pck_object_0011_part_000,pck_object_0011_part_000_choice_000,0x001202,3,3,12,0x00EF,239,239,239,0,part_plus_signed,0x001000,0x0010EF,yes,0301000C81030303030F2B0181000000,5,plausible_frame_record_prefix
PHAPCK_TBL.decoded.bin,pck_object_0011_part_000_choice_000_frame_066,pck_object_0011,pck_object_0011_part_000,pck_object_0011_part_000_choice_000,0x001202,3,3,12,0x00EF,239,239,239,0,frame_plus_signed,0x001202,0x0012F1,yes,07500160FF1400D8FF7EFF1400D8FF00,0,in_range_no_structural_match
PHAPCK_TBL.decoded.bin,pck_object_0011_part_000_choice_000_frame_066,pck_object_0011,pck_object_0011_part_000,pck_object_0011_part_000_choice_000,0x001202,3,3,12,0x00EF,239,239,239,0,payload_plus_signed,0x001204,0x0012F3,yes,0160FF1400D8FF7EFF1400D8FF000087,30,exact_frame_record
PHAPCK_TBL.decoded.bin,pck_object_0011_part_000_choice_000_frame_067,pck_object_0011,pck_object_0011_part_000,pck_object_0011_part_000_choice_000,0x00120A,3,3,13,0x00F4,244,244,244,0,direct_unsigned,0x000000,0x0000F4,yes,0A0017050C002B050E003F0500005405,5,plausible_frame_record_prefix
PHAPCK_TBL.decoded.bin,pck_object_0011_part_000_choice_000_frame_067,pck_object_0011,pck_object_0011_part_000,pck_object_0011_part_000_choice_000,0x00120A,3,3,13,0x00F4,244,244,244,0,direct_signed,0x000000,0x0000F4,yes,0A0017050C002B050E003F0500005405,5,plausible_frame_record_prefix
PHAPCK_TBL.decoded.bin,pck_object_0011_part_000_choice_000_frame_067,pck_object_0011,pck_object_0011_part_000,pck_object_0011_part_000_choice_000,0x00120A,3,3,13,0x00F4,244,244,244,0,object_plus_unsigned,0x000FF2,0x0010E6,yes,FF0100FB00000005000301000C810303,25,byte0_high_bit_set;plausible_object_header;plausible_frame_record_prefix
PHAPCK_TBL.decoded.bin,pck_object_0011_part_000_choice_000_frame_067,pck_object_0011,pck_object_0011_part_000,pck_object_0011_part_000_choice_000,0x00120A,3,3,13,0x00F4,244,244,244,0,object_plus_signed,0x000FF2,0x0010E6,yes,FF0100FB00000005000301000C810303,25,byte0_high_bit_set;plausible_object_header;plausible_frame_record_prefix
PHAPCK_TBL.decoded.bin,pck_object_0011_part_000_choice_000_frame_067,pck_object_0011,pck_object_0011_part_000,pck_object_0011_part_000_choice_000,0x00120A,3,3,13,0x00F4,244,244,244,0,block_plus_unsigned,0x000FF0,0x0010E4,yes,0302FF0100FB00000005000301000C81,5,plausible_frame_record_prefix
PHAPCK_TBL.decoded.bin,pck_object_0011_part_000_choice_000_frame_067,pck_object_0011,pck_object_0011_part_000,pck_object_0011_part_000_choice_000,0x00120A,3,3,13,0x00F4,244,244,244,0,block_plus_signed,0x000FF0,0x0010E4,yes,0302FF0100FB00000005000301000C81,5,plausible_frame_record_prefix
PHAPCK_TBL.decoded.bin,pck_object_0011_part_000_choice_000_frame_067,pck_object_0011,pck_object_0011_part_000,pck_object_0011_part_000_choice_000,0x00120A,3,3,13,0x00F4,244,244,244,0,part_plus_signed,0x001000,0x0010F4,yes,030303030F2B01810000000012300181,5,plausible_frame_record_prefix
PHAPCK_TBL.decoded.bin,pck_object_0011_part_000_choice_000_frame_067,pck_object_0011,pck_object_0011_part_000,pck_object_0011_part_000_choice_000,0x00120A,3,3,13,0x00F4,244,244,244,0,frame_plus_signed,0x00120A,0x0012FE,yes,D8FF000087026AF87EFFF6FFCEFF60FF,5,byte0_high_bit_set
PHAPCK_TBL.decoded.bin,pck_object_0011_part_000_choice_000_frame_067,pck_object_0011,pck_object_0011_part_000,pck_object_0011_part_000_choice_000,0x00120A,3,3,13,0x00F4,244,244,244,0,payload_plus_signed,0x00120C,0x001300,yes,000087026AF87EFFF6FFCEFF60FFF6FF,5,plausible_frame_record_prefix
PHAPCK_TBL.decoded.bin,pck_object_0011_part_000_choice_000_frame_098,pck_object_0011,pck_object_0011_part_000,pck_object_0011_part_000_choice_000,0x001302,2,106,-8,0xFF7E,65406,-130,126,255,direct_unsigned,0x000000,0x00FF7E,no,,0,outside_decoded_stream
PHAPCK_TBL.decoded.bin,pck_object_0011_part_000_choice_000_frame_098,pck_object_0011,pck_object_0011_part_000,pck_object_0011_part_000_choice_000,0x001302,2,106,-8,0xFF7E,65406,-130,126,255,direct_signed,0x000000,-0x000082,no,,0,outside_decoded_stream
PHAPCK_TBL.decoded.bin,pck_object_0011_part_000_choice_000_frame_098,pck_object_0011,pck_object_0011_part_000,pck_object_0011_part_000_choice_000,0x001302,2,106,-8,0xFF7E,65406,-130,126,255,object_plus_unsigned,0x000FF2,0x010F70,no,,0,outside_decoded_stream
PHAPCK_TBL.decoded.bin,pck_object_0011_part_000_choice_000_frame_098,pck_object_0011,pck_object_0011_part_000,pck_object_0011_part_000_choice_000,0x001302,2,106,-8,0xFF7E,65406,-130,126,255,object_plus_signed,0x000FF2,0x000F70,yes,0506E100810202050509E60081030303,0,in_range_no_structural_match
PHAPCK_TBL.decoded.bin,pck_object_0011_part_000_choice_000_frame_098,pck_object_0011,pck_object_0011_part_000,pck_object_0011_part_000_choice_000,0x001302,2,106,-8,0xFF7E,65406,-130,126,255,block_plus_unsigned,0x000FF0,0x010F6E,no,,0,outside_decoded_stream
PHAPCK_TBL.decoded.bin,pck_object_0011_part_000_choice_000_frame_098,pck_object_0011,pck_object_0011_part_000,pck_object_0011_part_000_choice_000,0x001302,2,106,-8,0xFF7E,65406,-130,126,255,block_plus_signed,0x000FF0,0x000F6E,yes,02050506E100810202050509E6008103,0,in_range_no_structural_match
PHAPCK_TBL.decoded.bin,pck_object_0011_part_000_choice_000_frame_098,pck_object_0011,pck_object_0011_part_000,pck_object_0011_part_000_choice_000,0x001302,2,106,-8,0xFF7E,65406,-130,126,255,part_plus_signed,0x001000,0x000F7E,yes,0303030CEB0081030303030DF0000203,5,plausible_frame_record_prefix
PHAPCK_TBL.decoded.bin,pck_object_0011_part_000_choice_000_frame_098,pck_object_0011,pck_object_0011_part_000,pck_object_0011_part_000_choice_000,0x001302,2,106,-8,0xFF7E,65406,-130,126,255,frame_plus_signed,0x001302,0x001280,yes,02001400001724000100AE000E172400,15,plausible_drawable_extents_at_plus6_plus8;plausible_frame_record_prefix
PHAPCK_TBL.decoded.bin,pck_object_0011_part_000_choice_000_frame_098,pck_object_0011,pck_object_0011_part_000,pck_object_0011_part_000_choice_000,0x001302,2,106,-8,0xFF7E,65406,-130,126,255,payload_plus_signed,0x001304,0x001282,yes,1400001724000100AE000E1724000100,45,exact_frame_record;plausible_drawable_extents_at_plus6_plus8;plausible_frame_record_prefix
PHAPCK_TBL.decoded.bin,pck_object_0011_part_000_choice_000_frame_103,pck_object_0011,pck_object_0011_part_000,pck_object_0011_part_000_choice_000,0x00132A,3,3,3,0x0103,259,259,3,1,direct_unsigned,0x000000,0x000103,yes,050200680504007C050D0091050600A7,5,plausible_frame_record_prefix
PHAPCK_TBL.decoded.bin,pck_object_0011_part_000_choice_000_frame_103,pck_object_0011,pck_object_0011_part_000,pck_object_0011_part_000_choice_000,0x00132A,3,3,3,0x0103,259,259,3,1,direct_signed,0x000000,0x000103,yes,050200680504007C050D0091050600A7,5,plausible_frame_record_prefix
PHAPCK_TBL.decoded.bin,pck_object_0011_part_000_choice_000_frame_103,pck_object_0011,pck_object_0011_part_000,pck_object_0011_part_000_choice_000,0x00132A,3,3,3,0x0103,259,259,3,1,object_plus_unsigned,0x000FF2,0x0010F5,yes,0303030F2B0181000000001230018103,5,plausible_frame_record_prefix
PHAPCK_TBL.decoded.bin,pck_object_0011_part_000_choice_000_frame_103,pck_object_0011,pck_object_0011_part_000,pck_object_0011_part_000_choice_000,0x00132A,3,3,3,0x0103,259,259,3,1,object_plus_signed,0x000FF2,0x0010F5,yes,0303030F2B0181000000001230018103,5,plausible_frame_record_prefix
PHAPCK_TBL.decoded.bin,pck_object_0011_part_000_choice_000_frame_103,pck_object_0011,pck_object_0011_part_000,pck_object_0011_part_000_choice_000,0x00132A,3,3,3,0x0103,259,259,3,1,block_plus_unsigned,0x000FF0,0x0010F3,yes,81030303030F2B018100000000123001,65,exact_frame_record;byte0_high_bit_set;plausible_object_header;plausible_drawable_extents_at_plus6_plus8;plausible_frame_record_prefix
PHAPCK_TBL.decoded.bin,pck_object_0011_part_000_choice_000_frame_103,pck_object_0011,pck_object_0011_part_000,pck_object_0011_part_000_choice_000,0x00132A,3,3,3,0x0103,259,259,3,1,block_plus_signed,0x000FF0,0x0010F3,yes,81030303030F2B018100000000123001,65,exact_frame_record;byte0_high_bit_set;plausible_object_header;plausible_drawable_extents_at_plus6_plus8;plausible_frame_record_prefix
PHAPCK_TBL.decoded.bin,pck_object_0011_part_000_choice_000_frame_103,pck_object_0011,pck_object_0011_part_000,pck_object_0011_part_000_choice_000,0x00132A,3,3,3,0x0103,259,259,3,1,part_plus_signed,0x001000,0x001103,yes,810303030315350181030303030C3A01,40,exact_frame_record;byte0_high_bit_set;plausible_frame_record_prefix
PHAPCK_TBL.decoded.bin,pck_object_0011_part_000_choice_000_frame_103,pck_object_0011,pck_object_0011_part_000,pck_object_0011_part_000_choice_000,0x00132A,3,3,3,0x0103,259,259,3,1,frame_plus_signed,0x00132A,0x00142D,yes,0038FF0000000800008200F6FF56FFA0,0,in_range_no_structural_match
PHAPCK_TBL.decoded.bin,pck_object_0011_part_000_choice_000_frame_103,pck_object_0011,pck_object_0011_part_000,pck_object_0011_part_000_choice_000,0x00132A,3,3,3,0x0103,259,259,3,1,payload_plus_signed,0x00132C,0x00142F,yes,FF0000000800008200F6FF56FFA000F6,10,byte0_high_bit_set;plausible_frame_record_prefix
PHAPCK_TBL.decoded.bin,pck_object_0011_part_000_choice_000_frame_104,pck_object_0011,pck_object_0011_part_000,pck_object_0011_part_000_choice_000,0x001332,2,2,5,0x0605,1541,1541,5,6,direct_unsigned,0x000000,0x000605,yes,92FF00F8000000002800D8FFCAFE2800,5,byte0_high_bit_set
PHAPCK_TBL.decoded.bin,pck_object_0011_part_000_choice_000_frame_104,pck_object_0011,pck_object_0011_part_000,pck_object_0011_part_000_choice_000,0x001332,2,2,5,0x0605,1541,1541,5,6,direct_signed,0x000000,0x000605,yes,92FF00F8000000002800D8FFCAFE2800,5,byte0_high_bit_set
PHAPCK_TBL.decoded.bin,pck_object_0011_part_000_choice_000_frame_104,pck_object_0011,pck_object_0011_part_000,pck_object_0011_part_000_choice_000,0x001332,2,2,5,0x0605,1541,1541,5,6,object_plus_unsigned,0x000FF2,0x0015F7,yes,0B01000C81000000000F330181000000,5,plausible_frame_record_prefix
PHAPCK_TBL.decoded.bin,pck_object_0011_part_000_choice_000_frame_104,pck_object_0011,pck_object_0011_part_000,pck_object_0011_part_000_choice_000,0x001332,2,2,5,0x0605,1541,1541,5,6,object_plus_signed,0x000FF2,0x0015F7,yes,0B01000C81000000000F330181000000,5,plausible_frame_record_prefix
PHAPCK_TBL.decoded.bin,pck_object_0011_part_000_choice_000_frame_104,pck_object_0011,pck_object_0011_part_000,pck_object_0011_part_000_choice_000,0x001332,2,2,5,0x0605,1541,1541,5,6,block_plus_unsigned,0x000FF0,0x0015F5,yes,05000B01000C81000000000F33018100,5,plausible_frame_record_prefix
PHAPCK_TBL.decoded.bin,pck_object_0011_part_000_choice_000_frame_104,pck_object_0011,pck_object_0011_part_000,pck_object_0011_part_000_choice_000,0x001332,2,2,5,0x0605,1541,1541,5,6,block_plus_signed,0x000FF0,0x0015F5,yes,05000B01000C81000000000F33018100,5,plausible_frame_record_prefix
PHAPCK_TBL.decoded.bin,pck_object_0011_part_000_choice_000_frame_104,pck_object_0011,pck_object_0011_part_000,pck_object_0011_part_000_choice_000,0x001332,2,2,5,0x0605,1541,1541,5,6,part_plus_signed,0x001000,0x001605,yes,0000001238018100000000143D018100,5,plausible_frame_record_prefix
PHAPCK_TBL.decoded.bin,pck_object_0011_part_000_choice_000_frame_104,pck_object_0011,pck_object_0011_part_000,pck_object_0011_part_000_choice_000,0x001332,2,2,5,0x0605,1541,1541,5,6,frame_plus_signed,0x001332,0x001937,yes,00E803000038FF00000008000082000A,0,in_range_no_structural_match
PHAPCK_TBL.decoded.bin,pck_object_0011_part_000_choice_000_frame_104,pck_object_0011,pck_object_0011_part_000,pck_object_0011_part_000_choice_000,0x001332,2,2,5,0x0605,1541,1541,5,6,payload_plus_signed,0x001334,0x001939,yes,03000038FF00000008000082000A0042,5,plausible_frame_record_prefix
PHAPCK_TBL.decoded.bin,pck_object_0011_part_000_choice_000_frame_105,pck_object_0011,pck_object_0011_part_000,pck_object_0011_part_000_choice_000,0x00133A,2,2,5,0x0905,2309,2309,5,9,direct_unsigned,0x000000,0x000905,yes,00430100000000000001001200000C1A,0,in_range_no_structural_match
PHAPCK_TBL.decoded.bin,pck_object_0011_part_000_choice_000_frame_105,pck_object_0011,pck_object_0011_part_000,pck_object_0011_part_000_choice_000,0x00133A,2,2,5,0x0905,2309,2309,5,9,direct_signed,0x000000,0x000905,yes,00430100000000000001001200000C1A,0,in_range_no_structural_match
PHAPCK_TBL.decoded.bin,pck_object_0011_part_000_choice_000_frame_105,pck_object_0011,pck_object_0011_part_000,pck_object_0011_part_000_choice_000,0x00133A,2,2,5,0x0905,2309,2309,5,9,object_plus_unsigned,0x000FF2,0x0018F7,yes,001E00D200AA001E00D200AA00D8FFE6,0,in_range_no_structural_match
PHAPCK_TBL.decoded.bin,pck_object_0011_part_000_choice_000_frame_105,pck_object_0011,pck_object_0011_part_000,pck_object_0011_part_000_choice_000,0x00133A,2,2,5,0x0905,2309,2309,5,9,object_plus_signed,0x000FF2,0x0018F7,yes,001E00D200AA001E00D200AA00D8FFE6,0,in_range_no_structural_match
PHAPCK_TBL.decoded.bin,pck_object_0011_part_000_choice_000_frame_105,pck_object_0011,pck_object_0011_part_000,pck_object_0011_part_000_choice_000,0x00133A,2,2,5,0x0905,2309,2309,5,9,block_plus_unsigned,0x000FF0,0x0018F5,yes,0082001E00D200AA001E00D200AA00D8,0,in_range_no_structural_match
PHAPCK_TBL.decoded.bin,pck_object_0011_part_000_choice_000_frame_105,pck_object_0011,pck_object_0011_part_000,pck_object_0011_part_000_choice_000,0x00133A,2,2,5,0x0905,2309,2309,5,9,block_plus_signed,0x000FF0,0x0018F5,yes,0082001E00D200AA001E00D200AA00D8,0,in_range_no_structural_match
PHAPCK_TBL.decoded.bin,pck_object_0011_part_000_choice_000_frame_105,pck_object_0011,pck_object_0011_part_000,pck_object_0011_part_000_choice_000,0x00133A,2,2,5,0x0905,2309,2309,5,9,part_plus_signed,0x001000,0x001905,yes,FFE6000000E807C9FE82000A005000AA,5,byte0_high_bit_set
PHAPCK_TBL.decoded.bin,pck_object_0011_part_000_choice_000_frame_105,pck_object_0011,pck_object_0011_part_000,pck_object_0011_part_000_choice_000,0x00133A,2,2,5,0x0905,2309,2309,5,9,frame_plus_signed,0x00133A,0x001C3F,yes,01000301000005000B01000081000000,5,plausible_frame_record_prefix
PHAPCK_TBL.decoded.bin,pck_object_0011_part_000_choice_000_frame_105,pck_object_0011,pck_object_0011_part_000,pck_object_0011_part_000_choice_000,0x00133A,2,2,5,0x0905,2309,2309,5,9,payload_plus_signed,0x00133C,0x001C41,yes,0301000005000B01000081000000000F,5,plausible_frame_record_prefix
PHAPCK_TBL.decoded.bin,pck_object_0011_part_000_choice_000_frame_106,pck_object_0011,pck_object_0011_part_000,pck_object_0011_part_000_choice_000,0x001342,3,3,3,0x0C03,3075,3075,3,12,direct_unsigned,0x000000,0x000C03,yes,81030303030C42018102020505164701,40,exact_frame_record;byte0_high_bit_set;plausible_frame_record_prefix
PHAPCK_TBL.decoded.bin,pck_object_0011_part_000_choice_000_frame_106,pck_object_0011,pck_object_0011_part_000,pck_object_0011_part_000_choice_000,0x001342,3,3,3,0x0C03,3075,3075,3,12,direct_signed,0x000000,0x000C03,yes,81030303030C42018102020505164701,40,exact_frame_record;byte0_high_bit_set;plausible_frame_record_prefix
PHAPCK_TBL.decoded.bin,pck_object_0011_part_000_choice_000_frame_106,pck_object_0011,pck_object_0011_part_000,pck_object_0011_part_000_choice_000,0x001342,3,3,3,0x0C03,3075,3075,3,12,object_plus_unsigned,0x000FF2,0x001BF5,yes,0000000500BE000000810303030301E6,5,plausible_frame_record_prefix
PHAPCK_TBL.decoded.bin,pck_object_0011_part_000_choice_000_frame_106,pck_object_0011,pck_object_0011_part_000,pck_object_0011_part_000_choice_000,0x001342,3,3,3,0x0C03,3075,3075,3,12,object_plus_signed,0x000FF2,0x001BF5,yes,0000000500BE000000810303030301E6,5,plausible_frame_record_prefix
PHAPCK_TBL.decoded.bin,pck_object_0011_part_000_choice_000_frame_106,pck_object_0011,pck_object_0011_part_000,pck_object_0011_part_000_choice_000,0x001342,3,3,3,0x0C03,3075,3075,3,12,block_plus_unsigned,0x000FF0,0x001BF3,yes,00B60000000500BE0000008103030303,0,in_range_no_structural_match
PHAPCK_TBL.decoded.bin,pck_object_0011_part_000_choice_000_frame_106,pck_object_0011,pck_object_0011_part_000,pck_object_0011_part_000_choice_000,0x001342,3,3,3,0x0C03,3075,3075,3,12,block_plus_signed,0x000FF0,0x001BF3,yes,00B60000000500BE0000008103030303,0,in_range_no_structural_match
PHAPCK_TBL.decoded.bin,pck_object_0011_part_000_choice_000_frame_106,pck_object_0011,pck_object_0011_part_000,pck_object_0011_part_000_choice_000,0x001342,3,3,3,0x0C03,3075,3075,3,12,part_plus_signed,0x001000,0x001C03,yes,01E600810202050506EB008102020505,0,in_range_no_structural_match
PHAPCK_TBL.decoded.bin,pck_object_0011_part_000_choice_000_frame_106,pck_object_0011,pck_object_0011_part_000,pck_object_0011_part_000_choice_000,0x001342,3,3,3,0x0C03,3075,3075,3,12,frame_plus_signed,0x001342,0x001F45,yes,F001C207D8FF32000A00D8FFE2FF1E00,20,byte0_high_bit_set;plausible_drawable_extents_at_plus6_plus8;plausible_frame_record_prefix
PHAPCK_TBL.decoded.bin,pck_object_0011_part_000_choice_000_frame_106,pck_object_0011,pck_object_0011_part_000,pck_object_0011_part_000_choice_000,0x001342,3,3,3,0x0C03,3075,3075,3,12,payload_plus_signed,0x001344,0x001F47,yes,C207D8FF32000A00D8FFE2FF1E00A6FF,5,byte0_high_bit_set
PHAPCK_TBL.decoded.bin,pck_object_0011_part_000_choice_000_frame_107,pck_object_0011,pck_object_0011_part_000,pck_object_0011_part_000_choice_000,0x00134A,3,3,3,0x0D03,3331,3331,3,13,direct_unsigned,0x000000,0x000D03,yes,03030DFC0002030405FF07080403FF0A,35,exact_frame_record;plausible_frame_record_prefix
PHAPCK_TBL.decoded.bin,pck_object_0011_part_000_choice_000_frame_107,pck_object_0011,pck_object_0011_part_000,pck_object_0011_part_000_choice_000,0x00134A,3,3,3,0x0D03,3331,3331,3,13,direct_signed,0x000000,0x000D03,yes,03030DFC0002030405FF07080403FF0A,35,exact_frame_record;plausible_frame_record_prefix
PHAPCK_TBL.decoded.bin,pck_object_0011_part_000_choice_000_frame_107,pck_object_0011,pck_object_0011_part_000,pck_object_0011_part_000_choice_000,0x00134A,3,3,3,0x0D03,3331,3331,3,13,object_plus_unsigned,0x000FF2,0x001CF5,yes,000000000800000000E803000038FF00,5,plausible_frame_record_prefix
PHAPCK_TBL.decoded.bin,pck_object_0011_part_000_choice_000_frame_107,pck_object_0011,pck_object_0011_part_000,pck_object_0011_part_000_choice_000,0x00134A,3,3,3,0x0D03,3331,3331,3,13,object_plus_signed,0x000FF2,0x001CF5,yes,000000000800000000E803000038FF00,5,plausible_frame_record_prefix
PHAPCK_TBL.decoded.bin,pck_object_0011_part_000_choice_000_frame_107,pck_object_0011,pck_object_0011_part_000,pck_object_0011_part_000_choice_000,0x00134A,3,3,3,0x0D03,3331,3331,3,13,block_plus_unsigned,0x000FF0,0x001CF3,yes,F800000000000800000000E803000038,10,byte0_high_bit_set;plausible_frame_record_prefix
PHAPCK_TBL.decoded.bin,pck_object_0011_part_000_choice_000_frame_107,pck_object_0011,pck_object_0011_part_000,pck_object_0011_part_000_choice_000,0x00134A,3,3,3,0x0D03,3331,3331,3,13,block_plus_signed,0x000FF0,0x001CF3,yes,F800000000000800000000E803000038,10,byte0_high_bit_set;plausible_frame_record_prefix
PHAPCK_TBL.decoded.bin,pck_object_0011_part_000_choice_000_frame_107,pck_object_0011,pck_object_0011_part_000,pck_object_0011_part_000_choice_000,0x00134A,3,3,3,0x0D03,3331,3331,3,13,part_plus_signed,0x001000,0x001D03,yes,FF0000E60743018200460056FFA00046,10,byte0_high_bit_set;plausible_frame_record_prefix
PHAPCK_TBL.decoded.bin,pck_object_0011_part_000_choice_000_frame_107,pck_object_0011,pck_object_0011_part_000,pck_object_0011_part_000_choice_000,0x00134A,3,3,3,0x0D03,3331,3331,3,13,frame_plus_signed,0x00134A,0x00204D,yes,0A0DFF0F100908FF0D100F0CFF120F08,0,in_range_no_structural_match
PHAPCK_TBL.decoded.bin,pck_object_0011_part_000_choice_000_frame_107,pck_object_0011,pck_object_0011_part_000,pck_object_0011_part_000_choice_000,0x00134A,3,3,3,0x0D03,3331,3331,3,13,payload_plus_signed,0x00134C,0x00204F,yes,FF0F100908FF0D100F0CFF120F08FF13,5,byte0_high_bit_set
PHAPCK_TBL.decoded.bin,pck_object_0011_part_000_choice_000_frame_108,pck_object_0011,pck_object_0011_part_000,pck_object_0011_part_000_choice_000,0x001352,3,4,5,0x07FF,2047,2047,255,7,direct_unsigned,0x000000,0x0007FF,yes,000100040100000A000C018108810808,5,plausible_frame_record_prefix
PHAPCK_TBL.decoded.bin,pck_object_0011_part_000_choice_000_frame_108,pck_object_0011,pck_object_0011_part_000,pck_object_0011_part_000_choice_000,0x001352,3,4,5,0x07FF,2047,2047,255,7,direct_signed,0x000000,0x0007FF,yes,000100040100000A000C018108810808,5,plausible_frame_record_prefix
PHAPCK_TBL.decoded.bin,pck_object_0011_part_000_choice_000_frame_108,pck_object_0011,pck_object_0011_part_000,pck_object_0011_part_000_choice_000,0x001352,3,4,5,0x07FF,2047,2047,255,7,object_plus_unsigned,0x000FF2,0x0017F1,yes,03000038FF0000FE074E008200F6FF42,5,plausible_frame_record_prefix
PHAPCK_TBL.decoded.bin,pck_object_0011_part_000_choice_000_frame_108,pck_object_0011,pck_object_0011_part_000,pck_object_0011_part_000_choice_000,0x001352,3,4,5,0x07FF,2047,2047,255,7,object_plus_signed,0x000FF2,0x0017F1,yes,03000038FF0000FE074E008200F6FF42,5,plausible_frame_record_prefix
PHAPCK_TBL.decoded.bin,pck_object_0011_part_000_choice_000_frame_108,pck_object_0011,pck_object_0011_part_000,pck_object_0011_part_000_choice_000,0x001352,3,4,5,0x07FF,2047,2047,255,7,block_plus_unsigned,0x000FF0,0x0017EF,yes,00E803000038FF0000FE074E008200F6,0,in_range_no_structural_match
PHAPCK_TBL.decoded.bin,pck_object_0011_part_000_choice_000_frame_108,pck_object_0011,pck_object_0011_part_000,pck_object_0011_part_000_choice_000,0x001352,3,4,5,0x07FF,2047,2047,255,7,block_plus_signed,0x000FF0,0x0017EF,yes,00E803000038FF0000FE074E008200F6,0,in_range_no_structural_match
PHAPCK_TBL.decoded.bin,pck_object_0011_part_000_choice_000_frame_108,pck_object_0011,pck_object_0011_part_000,pck_object_0011_part_000_choice_000,0x001352,3,4,5,0x07FF,2047,2047,255,7,part_plus_signed,0x001000,0x0017FF,yes,FF42FFA000F6FF42FF8200ECFF4600FE,5,byte0_high_bit_set
PHAPCK_TBL.decoded.bin,pck_object_0011_part_000_choice_000_frame_108,pck_object_0011,pck_object_0011_part_000,pck_object_0011_part_000_choice_000,0x001352,3,4,5,0x07FF,2047,2047,255,7,frame_plus_signed,0x001352,0x001B51,yes,00000002001800001728000100B2000E,5,plausible_frame_record_prefix
PHAPCK_TBL.decoded.bin,pck_object_0011_part_000_choice_000_frame_108,pck_object_0011,pck_object_0011_part_000,pck_object_0011_part_000_choice_000,0x001352,3,4,5,0x07FF,2047,2047,255,7,payload_plus_signed,0x001354,0x001B53,yes,0002001800001728000100B2000E1728,5,plausible_frame_record_prefix
PHAPCK_TBL.decoded.bin,pck_object_0011_part_000_choice_000_frame_113,pck_object_0011,pck_object_0011_part_000,pck_object_0011_part_000_choice_000,0x00137A,3,15,47,0x8101,33025,-32511,1,129,direct_unsigned,0x000000,0x008101,yes,FFA0003C001AFF000058FA58FA82003C,5,byte0_high_bit_set
PHAPCK_TBL.decoded.bin,pck_object_0011_part_000_choice_000_frame_113,pck_object_0011,pck_object_0011_part_000,pck_object_0011_part_000_choice_000,0x00137A,3,15,47,0x8101,33025,-32511,1,129,direct_signed,0x000000,-0x007EFF,no,,0,outside_decoded_stream
PHAPCK_TBL.decoded.bin,pck_object_0011_part_000_choice_000_frame_113,pck_object_0011,pck_object_0011_part_000,pck_object_0011_part_000_choice_000,0x00137A,3,15,47,0x8101,33025,-32511,1,129,object_plus_unsigned,0x000FF2,0x0090F3,yes,0D00B900000081080F00010121018107,5,plausible_frame_record_prefix
PHAPCK_TBL.decoded.bin,pck_object_0011_part_000_choice_000_frame_113,pck_object_0011,pck_object_0011_part_000,pck_object_0011_part_000_choice_000,0x00137A,3,15,47,0x8101,33025,-32511,1,129,object_plus_signed,0x000FF2,-0x006F0D,no,,0,outside_decoded_stream
PHAPCK_TBL.decoded.bin,pck_object_0011_part_000_choice_000_frame_113,pck_object_0011,pck_object_0011_part_000,pck_object_0011_part_000_choice_000,0x00137A,3,15,47,0x8101,33025,-32511,1,129,block_plus_unsigned,0x000FF0,0x0090F1,yes,00000D00B900000081080F0001012101,5,plausible_frame_record_prefix
PHAPCK_TBL.decoded.bin,pck_object_0011_part_000_choice_000_frame_113,pck_object_0011,pck_object_0011_part_000,pck_object_0011_part_000_choice_000,0x00137A,3,15,47,0x8101,33025,-32511,1,129,block_plus_signed,0x000FF0,-0x006F0F,no,,0,outside_decoded_stream
PHAPCK_TBL.decoded.bin,pck_object_0011_part_000_choice_000_frame_113,pck_object_0011,pck_object_0011_part_000,pck_object_0011_part_000_choice_000,0x00137A,3,15,47,0x8101,33025,-32511,1,129,part_plus_signed,0x001000,-0x006EFF,no,,0,outside_decoded_stream
PHAPCK_TBL.decoded.bin,pck_object_0011_part_000_choice_000_frame_113,pck_object_0011,pck_object_0011_part_000,pck_object_0011_part_000_choice_000,0x00137A,3,15,47,0x8101,33025,-32511,1,129,frame_plus_signed,0x00137A,-0x006B85,no,,0,outside_decoded_stream
PHAPCK_TBL.decoded.bin,pck_object_0011_part_000_choice_000_frame_113,pck_object_0011,pck_object_0011_part_000,pck_object_0011_part_000_choice_000,0x00137A,3,15,47,0x8101,33025,-32511,1,129,payload_plus_signed,0x00137C,-0x006B83,no,,0,outside_decoded_stream
PHAPCK_TBL.decoded.bin,pck_object_0011_part_000_choice_000_frame_115,pck_object_0011,pck_object_0011_part_000,pck_object_0011_part_000_choice_000,0x00138A,3,21,57,0x8101,33025,-32511,1,129,direct_unsigned,0x000000,0x008101,yes,FFA0003C001AFF000058FA58FA82003C,5,byte0_high_bit_set
PHAPCK_TBL.decoded.bin,pck_object_0011_part_000_choice_000_frame_115,pck_object_0011,pck_object_0011_part_000,pck_object_0011_part_000_choice_000,0x00138A,3,21,57,0x8101,33025,-32511,1,129,direct_signed,0x000000,-0x007EFF,no,,0,outside_decoded_stream
PHAPCK_TBL.decoded.bin,pck_object_0011_part_000_choice_000_frame_115,pck_object_0011,pck_object_0011_part_000,pck_object_0011_part_000_choice_000,0x00138A,3,21,57,0x8101,33025,-32511,1,129,object_plus_unsigned,0x000FF2,0x0090F3,yes,0D00B900000081080F00010121018107,5,plausible_frame_record_prefix
PHAPCK_TBL.decoded.bin,pck_object_0011_part_000_choice_000_frame_115,pck_object_0011,pck_object_0011_part_000,pck_object_0011_part_000_choice_000,0x00138A,3,21,57,0x8101,33025,-32511,1,129,object_plus_signed,0x000FF2,-0x006F0D,no,,0,outside_decoded_stream
PHAPCK_TBL.decoded.bin,pck_object_0011_part_000_choice_000_frame_115,pck_object_0011,pck_object_0011_part_000,pck_object_0011_part_000_choice_000,0x00138A,3,21,57,0x8101,33025,-32511,1,129,block_plus_unsigned,0x000FF0,0x0090F1,yes,00000D00B900000081080F0001012101,5,plausible_frame_record_prefix
PHAPCK_TBL.decoded.bin,pck_object_0011_part_000_choice_000_frame_115,pck_object_0011,pck_object_0011_part_000,pck_object_0011_part_000_choice_000,0x00138A,3,21,57,0x8101,33025,-32511,1,129,block_plus_signed,0x000FF0,-0x006F0F,no,,0,outside_decoded_stream
PHAPCK_TBL.decoded.bin,pck_object_0011_part_000_choice_000_frame_115,pck_object_0011,pck_object_0011_part_000,pck_object_0011_part_000_choice_000,0x00138A,3,21,57,0x8101,33025,-32511,1,129,part_plus_signed,0x001000,-0x006EFF,no,,0,outside_decoded_stream
PHAPCK_TBL.decoded.bin,pck_object_0011_part_000_choice_000_frame_115,pck_object_0011,pck_object_0011_part_000,pck_object_0011_part_000_choice_000,0x00138A,3,21,57,0x8101,33025,-32511,1,129,frame_plus_signed,0x00138A,-0x006B75,no,,0,outside_decoded_stream
PHAPCK_TBL.decoded.bin,pck_object_0011_part_000_choice_000_frame_115,pck_object_0011,pck_object_0011_part_000,pck_object_0011_part_000_choice_000,0x00138A,3,21,57,0x8101,33025,-32511,1,129,payload_plus_signed,0x00138C,-0x006B73,no,,0,outside_decoded_stream
PHAPCK_TBL.decoded.bin,pck_object_0011_part_000_choice_000_frame_116,pck_object_0011,pck_object_0011_part_000,pck_object_0011_part_000_choice_000,0x001392,3,12,62,0x8101,33025,-32511,1,129,direct_unsigned,0x000000,0x008101,yes,FFA0003C001AFF000058FA58FA82003C,5,byte0_high_bit_set
PHAPCK_TBL.decoded.bin,pck_object_0011_part_000_choice_000_frame_116,pck_object_0011,pck_object_0011_part_000,pck_object_0011_part_000_choice_000,0x001392,3,12,62,0x8101,33025,-32511,1,129,direct_signed,0x000000,-0x007EFF,no,,0,outside_decoded_stream
PHAPCK_TBL.decoded.bin,pck_object_0011_part_000_choice_000_frame_116,pck_object_0011,pck_object_0011_part_000,pck_object_0011_part_000_choice_000,0x001392,3,12,62,0x8101,33025,-32511,1,129,object_plus_unsigned,0x000FF2,0x0090F3,yes,0D00B900000081080F00010121018107,5,plausible_frame_record_prefix
PHAPCK_TBL.decoded.bin,pck_object_0011_part_000_choice_000_frame_116,pck_object_0011,pck_object_0011_part_000,pck_object_0011_part_000_choice_000,0x001392,3,12,62,0x8101,33025,-32511,1,129,object_plus_signed,0x000FF2,-0x006F0D,no,,0,outside_decoded_stream
PHAPCK_TBL.decoded.bin,pck_object_0011_part_000_choice_000_frame_116,pck_object_0011,pck_object_0011_part_000,pck_object_0011_part_000_choice_000,0x001392,3,12,62,0x8101,33025,-32511,1,129,block_plus_unsigned,0x000FF0,0x0090F1,yes,00000D00B900000081080F0001012101,5,plausible_frame_record_prefix
PHAPCK_TBL.decoded.bin,pck_object_0011_part_000_choice_000_frame_116,pck_object_0011,pck_object_0011_part_000,pck_object_0011_part_000_choice_000,0x001392,3,12,62,0x8101,33025,-32511,1,129,block_plus_signed,0x000FF0,-0x006F0F,no,,0,outside_decoded_stream
PHAPCK_TBL.decoded.bin,pck_object_0011_part_000_choice_000_frame_116,pck_object_0011,pck_object_0011_part_000,pck_object_0011_part_000_choice_000,0x001392,3,12,62,0x8101,33025,-32511,1,129,part_plus_signed,0x001000,-0x006EFF,no,,0,outside_decoded_stream
PHAPCK_TBL.decoded.bin,pck_object_0011_part_000_choice_000_frame_116,pck_object_0011,pck_object_0011_part_000,pck_object_0011_part_000_choice_000,0x001392,3,12,62,0x8101,33025,-32511,1,129,frame_plus_signed,0x001392,-0x006B6D,no,,0,outside_decoded_stream
PHAPCK_TBL.decoded.bin,pck_object_0011_part_000_choice_000_frame_116,pck_object_0011,pck_object_0011_part_000,pck_object_0011_part_000_choice_000,0x001392,3,12,62,0x8101,33025,-32511,1,129,payload_plus_signed,0x001394,-0x006B6B,no,,0,outside_decoded_stream
PHAPCK_TBL.decoded.bin,pck_object_0011_part_000_choice_000_frame_135,pck_object_0011,pck_object_0011_part_000,pck_object_0011_part_000_choice_000,0x00142A,3,0,0,0xFF38,65336,-200,56,255,direct_unsigned,0x000000,0x00FF38,no,,0,outside_decoded_stream
PHAPCK_TBL.decoded.bin,pck_object_0011_part_000_choice_000_frame_135,pck_object_0011,pck_object_0011_part_000,pck_object_0011_part_000_choice_000,0x00142A,3,0,0,0xFF38,65336,-200,56,255,direct_signed,0x000000,-0x0000C8,no,,0,outside_decoded_stream
PHAPCK_TBL.decoded.bin,pck_object_0011_part_000_choice_000_frame_135,pck_object_0011,pck_object_0011_part_000,pck_object_0011_part_000_choice_000,0x00142A,3,0,0,0xFF38,65336,-200,56,255,object_plus_unsigned,0x000FF2,0x010F2A,no,,0,outside_decoded_stream
PHAPCK_TBL.decoded.bin,pck_object_0011_part_000_choice_000_frame_135,pck_object_0011,pck_object_0011_part_000,pck_object_0011_part_000_choice_000,0x00142A,3,0,0,0xFF38,65336,-200,56,255,object_plus_signed,0x000FF2,0x000F2A,yes,48074F0360FF5000F6FF7EFF5000F6FF,0,in_range_no_structural_match
PHAPCK_TBL.decoded.bin,pck_object_0011_part_000_choice_000_frame_135,pck_object_0011,pck_object_0011_part_000,pck_object_0011_part_000_choice_000,0x00142A,3,0,0,0xFF38,65336,-200,56,255,block_plus_unsigned,0x000FF0,0x010F28,no,,0,outside_decoded_stream
PHAPCK_TBL.decoded.bin,pck_object_0011_part_000_choice_000_frame_135,pck_object_0011,pck_object_0011_part_000,pck_object_0011_part_000_choice_000,0x00142A,3,0,0,0xFF38,65336,-200,56,255,block_plus_signed,0x000FF0,0x000F28,yes,000048074F0360FF5000F6FF7EFF5000,5,plausible_frame_record_prefix
PHAPCK_TBL.decoded.bin,pck_object_0011_part_000_choice_000_frame_135,pck_object_0011,pck_object_0011_part_000,pck_object_0011_part_000_choice_000,0x00142A,3,0,0,0xFF38,65336,-200,56,255,part_plus_signed,0x001000,0x000F38,yes,F6FF0000700458F97EFF3200E2FF60FF,5,byte0_high_bit_set
PHAPCK_TBL.decoded.bin,pck_object_0011_part_000_choice_000_frame_135,pck_object_0011,pck_object_0011_part_000,pck_object_0011_part_000_choice_000,0x00142A,3,0,0,0xFF38,65336,-200,56,255,frame_plus_signed,0x00142A,0x001362,yes,080A05FF0B070302FF0100FF00000005,30,exact_frame_record
PHAPCK_TBL.decoded.bin,pck_object_0011_part_000_choice_000_frame_135,pck_object_0011,pck_object_0011_part_000,pck_object_0011_part_000_choice_000,0x00142A,3,0,0,0xFF38,65336,-200,56,255,payload_plus_signed,0x00142C,0x001364,yes,05FF0B070302FF0100FF000000050007,0,in_range_no_structural_match
PHAPCK_TBL.decoded.bin,pck_object_0011_part_000_choice_000_frame_150,pck_object_0011,pck_object_0011_part_000,pck_object_0011_part_000_choice_000,0x0014A2,2,11,7,0xFF03,65283,-253,3,255,direct_unsigned,0x000000,0x00FF03,no,,0,outside_decoded_stream
PHAPCK_TBL.decoded.bin,pck_object_0011_part_000_choice_000_frame_150,pck_object_0011,pck_object_0011_part_000,pck_object_0011_part_000_choice_000,0x0014A2,2,11,7,0xFF03,65283,-253,3,255,direct_signed,0x000000,-0x0000FD,no,,0,outside_decoded_stream
PHAPCK_TBL.decoded.bin,pck_object_0011_part_000_choice_000_frame_150,pck_object_0011,pck_object_0011_part_000,pck_object_0011_part_000_choice_000,0x0014A2,2,11,7,0xFF03,65283,-253,3,255,object_plus_unsigned,0x000FF2,0x010EF5,no,,0,outside_decoded_stream
PHAPCK_TBL.decoded.bin,pck_object_0011_part_000_choice_000_frame_150,pck_object_0011,pck_object_0011_part_000,pck_object_0011_part_000_choice_000,0x0014A2,2,11,7,0xFF03,65283,-253,3,255,object_plus_signed,0x000FF2,0x000EF5,yes,07370156FF1E0064007EFF1E00640000,0,in_range_no_structural_match
PHAPCK_TBL.decoded.bin,pck_object_0011_part_000_choice_000_frame_150,pck_object_0011,pck_object_0011_part_000,pck_object_0011_part_000_choice_000,0x0014A2,2,11,7,0xFF03,65283,-253,3,255,block_plus_unsigned,0x000FF0,0x010EF3,no,,0,outside_decoded_stream
PHAPCK_TBL.decoded.bin,pck_object_0011_part_000_choice_000_frame_150,pck_object_0011,pck_object_0011_part_000,pck_object_0011_part_000_choice_000,0x0014A2,2,11,7,0xFF03,65283,-253,3,255,block_plus_signed,0x000FF0,0x000EF3,yes,00E807370156FF1E0064007EFF1E0064,30,exact_frame_record
PHAPCK_TBL.decoded.bin,pck_object_0011_part_000_choice_000_frame_150,pck_object_0011,pck_object_0011_part_000,pck_object_0011_part_000_choice_000,0x0014A2,2,11,7,0xFF03,65283,-253,3,255,part_plus_signed,0x001000,0x000F03,yes,00000028F86FFE7EFFF6FF500056FFF6,35,exact_frame_record;plausible_frame_record_prefix
PHAPCK_TBL.decoded.bin,pck_object_0011_part_000_choice_000_frame_150,pck_object_0011,pck_object_0011_part_000,pck_object_0011_part_000_choice_000,0x0014A2,2,11,7,0xFF03,65283,-253,3,255,frame_plus_signed,0x0014A2,0x0013A5,yes,111014FF0A13140BFF11130A08FF1410,0,in_range_no_structural_match
PHAPCK_TBL.decoded.bin,pck_object_0011_part_000_choice_000_frame_150,pck_object_0011,pck_object_0011_part_000,pck_object_0011_part_000_choice_000,0x0014A2,2,11,7,0xFF03,65283,-253,3,255,payload_plus_signed,0x0014A4,0x0013A7,yes,14FF0A13140BFF11130A08FF1410070B,0,in_range_no_structural_match
PHAPCK_TBL.decoded.bin,pck_object_0011_part_001_choice_000_frame_063,pck_object_0011,pck_object_0011_part_001,pck_object_0011_part_001_choice_000,0x0011EA,3,3,1,0x00E0,224,224,224,0,direct_unsigned,0x000000,0x0000E0,yes,0000B3040200C7040400DB040600EF04,5,plausible_frame_record_prefix
PHAPCK_TBL.decoded.bin,pck_object_0011_part_001_choice_000_frame_063,pck_object_0011,pck_object_0011_part_001,pck_object_0011_part_001_choice_000,0x0011EA,3,3,1,0x00E0,224,224,224,0,direct_signed,0x000000,0x0000E0,yes,0000B3040200C7040400DB040600EF04,5,plausible_frame_record_prefix
PHAPCK_TBL.decoded.bin,pck_object_0011_part_001_choice_000_frame_063,pck_object_0011,pck_object_0011_part_001,pck_object_0011_part_001_choice_000,0x0011EA,3,3,1,0x00E0,224,224,224,0,object_plus_unsigned,0x000FF2,0x0010D2,yes,FF07080403FF0A0B0205FF04080A05FF,35,exact_frame_record;byte0_high_bit_set
PHAPCK_TBL.decoded.bin,pck_object_0011_part_001_choice_000_frame_063,pck_object_0011,pck_object_0011_part_001,pck_object_0011_part_001_choice_000,0x0011EA,3,3,1,0x00E0,224,224,224,0,object_plus_signed,0x000FF2,0x0010D2,yes,FF07080403FF0A0B0205FF04080A05FF,35,exact_frame_record;byte0_high_bit_set
PHAPCK_TBL.decoded.bin,pck_object_0011_part_001_choice_000_frame_063,pck_object_0011,pck_object_0011_part_001,pck_object_0011_part_001_choice_000,0x0011EA,3,3,1,0x00E0,224,224,224,0,block_plus_unsigned,0x000FF0,0x0010D0,yes,0405FF07080403FF0A0B0205FF04080A,0,in_range_no_structural_match
PHAPCK_TBL.decoded.bin,pck_object_0011_part_001_choice_000_frame_063,pck_object_0011,pck_object_0011_part_001,pck_object_0011_part_001_choice_000,0x0011EA,3,3,1,0x00E0,224,224,224,0,block_plus_signed,0x000FF0,0x0010D0,yes,0405FF07080403FF0A0B0205FF04080A,0,in_range_no_structural_match
PHAPCK_TBL.decoded.bin,pck_object_0011_part_001_choice_000_frame_063,pck_object_0011,pck_object_0011_part_001,pck_object_0011_part_001_choice_000,0x0011EA,3,3,1,0x00E0,224,224,224,0,part_plus_signed,0x001008,0x0010E8,yes,00FB00000005000301000C8103030303,0,in_range_no_structural_match
PHAPCK_TBL.decoded.bin,pck_object_0011_part_001_choice_000_frame_063,pck_object_0011,pck_object_0011_part_001,pck_object_0011_part_001_choice_000,0x0011EA,3,3,1,0x00E0,224,224,224,0,frame_plus_signed,0x0011EA,0x0012CA,yes,000015F821017EFFD8FF500056FFD8FF,35,exact_frame_record;plausible_frame_record_prefix
PHAPCK_TBL.decoded.bin,pck_object_0011_part_001_choice_000_frame_063,pck_object_0011,pck_object_0011_part_001,pck_object_0011_part_001_choice_000,0x0011EA,3,3,1,0x00E0,224,224,224,0,payload_plus_signed,0x0011EC,0x0012CC,yes,15F821017EFFD8FF500056FFD8FF5000,0,in_range_no_structural_match
PHAPCK_TBL.decoded.bin,pck_object_0011_part_001_choice_000_frame_066,pck_object_0011,pck_object_0011_part_001,pck_object_0011_part_001_choice_000,0x001202,3,3,12,0x00EF,239,239,239,0,direct_unsigned,0x000000,0x0000EF,yes,04080003050A0017050C002B050E003F,0,in_range_no_structural_match
PHAPCK_TBL.decoded.bin,pck_object_0011_part_001_choice_000_frame_066,pck_object_0011,pck_object_0011_part_001,pck_object_0011_part_001_choice_000,0x001202,3,3,12,0x00EF,239,239,239,0,direct_signed,0x000000,0x0000EF,yes,04080003050A0017050C002B050E003F,0,in_range_no_structural_match
PHAPCK_TBL.decoded.bin,pck_object_0011_part_001_choice_000_frame_066,pck_object_0011,pck_object_0011_part_001,pck_object_0011_part_001_choice_000,0x001202,3,3,12,0x00EF,239,239,239,0,object_plus_unsigned,0x000FF2,0x0010E1,yes,FF0B070302FF0100FB00000005000301,20,byte0_high_bit_set;plausible_object_header
PHAPCK_TBL.decoded.bin,pck_object_0011_part_001_choice_000_frame_066,pck_object_0011,pck_object_0011_part_001,pck_object_0011_part_001_choice_000,0x001202,3,3,12,0x00EF,239,239,239,0,object_plus_signed,0x000FF2,0x0010E1,yes,FF0B070302FF0100FB00000005000301,20,byte0_high_bit_set;plausible_object_header
PHAPCK_TBL.decoded.bin,pck_object_0011_part_001_choice_000_frame_066,pck_object_0011,pck_object_0011_part_001,pck_object_0011_part_001_choice_000,0x001202,3,3,12,0x00EF,239,239,239,0,block_plus_unsigned,0x000FF0,0x0010DF,yes,0A05FF0B070302FF0100FB0000000500,0,in_range_no_structural_match
PHAPCK_TBL.decoded.bin,pck_object_0011_part_001_choice_000_frame_066,pck_object_0011,pck_object_0011_part_001,pck_object_0011_part_001_choice_000,0x001202,3,3,12,0x00EF,239,239,239,0,block_plus_signed,0x000FF0,0x0010DF,yes,0A05FF0B070302FF0100FB0000000500,0,in_range_no_structural_match
PHAPCK_TBL.decoded.bin,pck_object_0011_part_001_choice_000_frame_066,pck_object_0011,pck_object_0011_part_001,pck_object_0011_part_001_choice_000,0x001202,3,3,12,0x00EF,239,239,239,0,part_plus_signed,0x001008,0x0010F7,yes,030F2B01810000000012300181030303,0,in_range_no_structural_match
PHAPCK_TBL.decoded.bin,pck_object_0011_part_001_choice_000_frame_066,pck_object_0011,pck_object_0011_part_001,pck_object_0011_part_001_choice_000,0x001202,3,3,12,0x00EF,239,239,239,0,frame_plus_signed,0x001202,0x0012F1,yes,07500160FF1400D8FF7EFF1400D8FF00,0,in_range_no_structural_match
PHAPCK_TBL.decoded.bin,pck_object_0011_part_001_choice_000_frame_066,pck_object_0011,pck_object_0011_part_001,pck_object_0011_part_001_choice_000,0x001202,3,3,12,0x00EF,239,239,239,0,payload_plus_signed,0x001204,0x0012F3,yes,0160FF1400D8FF7EFF1400D8FF000087,30,exact_frame_record
PHAPCK_TBL.decoded.bin,pck_object_0011_part_001_choice_000_frame_067,pck_object_0011,pck_object_0011_part_001,pck_object_0011_part_001_choice_000,0x00120A,3,3,13,0x00F4,244,244,244,0,direct_unsigned,0x000000,0x0000F4,yes,0A0017050C002B050E003F0500005405,5,plausible_frame_record_prefix
PHAPCK_TBL.decoded.bin,pck_object_0011_part_001_choice_000_frame_067,pck_object_0011,pck_object_0011_part_001,pck_object_0011_part_001_choice_000,0x00120A,3,3,13,0x00F4,244,244,244,0,direct_signed,0x000000,0x0000F4,yes,0A0017050C002B050E003F0500005405,5,plausible_frame_record_prefix
PHAPCK_TBL.decoded.bin,pck_object_0011_part_001_choice_000_frame_067,pck_object_0011,pck_object_0011_part_001,pck_object_0011_part_001_choice_000,0x00120A,3,3,13,0x00F4,244,244,244,0,object_plus_unsigned,0x000FF2,0x0010E6,yes,FF0100FB00000005000301000C810303,25,byte0_high_bit_set;plausible_object_header;plausible_frame_record_prefix
PHAPCK_TBL.decoded.bin,pck_object_0011_part_001_choice_000_frame_067,pck_object_0011,pck_object_0011_part_001,pck_object_0011_part_001_choice_000,0x00120A,3,3,13,0x00F4,244,244,244,0,object_plus_signed,0x000FF2,0x0010E6,yes,FF0100FB00000005000301000C810303,25,byte0_high_bit_set;plausible_object_header;plausible_frame_record_prefix
PHAPCK_TBL.decoded.bin,pck_object_0011_part_001_choice_000_frame_067,pck_object_0011,pck_object_0011_part_001,pck_object_0011_part_001_choice_000,0x00120A,3,3,13,0x00F4,244,244,244,0,block_plus_unsigned,0x000FF0,0x0010E4,yes,0302FF0100FB00000005000301000C81,5,plausible_frame_record_prefix
PHAPCK_TBL.decoded.bin,pck_object_0011_part_001_choice_000_frame_067,pck_object_0011,pck_object_0011_part_001,pck_object_0011_part_001_choice_000,0x00120A,3,3,13,0x00F4,244,244,244,0,block_plus_signed,0x000FF0,0x0010E4,yes,0302FF0100FB00000005000301000C81,5,plausible_frame_record_prefix
PHAPCK_TBL.decoded.bin,pck_object_0011_part_001_choice_000_frame_067,pck_object_0011,pck_object_0011_part_001,pck_object_0011_part_001_choice_000,0x00120A,3,3,13,0x00F4,244,244,244,0,part_plus_signed,0x001008,0x0010FC,yes,00000000123001810303030315350181,5,plausible_frame_record_prefix
PHAPCK_TBL.decoded.bin,pck_object_0011_part_001_choice_000_frame_067,pck_object_0011,pck_object_0011_part_001,pck_object_0011_part_001_choice_000,0x00120A,3,3,13,0x00F4,244,244,244,0,frame_plus_signed,0x00120A,0x0012FE,yes,D8FF000087026AF87EFFF6FFCEFF60FF,5,byte0_high_bit_set
PHAPCK_TBL.decoded.bin,pck_object_0011_part_001_choice_000_frame_067,pck_object_0011,pck_object_0011_part_001,pck_object_0011_part_001_choice_000,0x00120A,3,3,13,0x00F4,244,244,244,0,payload_plus_signed,0x00120C,0x001300,yes,000087026AF87EFFF6FFCEFF60FFF6FF,5,plausible_frame_record_prefix
PHAPCK_TBL.decoded.bin,pck_object_0011_part_001_choice_000_frame_098,pck_object_0011,pck_object_0011_part_001,pck_object_0011_part_001_choice_000,0x001302,2,106,-8,0xFF7E,65406,-130,126,255,direct_unsigned,0x000000,0x00FF7E,no,,0,outside_decoded_stream
PHAPCK_TBL.decoded.bin,pck_object_0011_part_001_choice_000_frame_098,pck_object_0011,pck_object_0011_part_001,pck_object_0011_part_001_choice_000,0x001302,2,106,-8,0xFF7E,65406,-130,126,255,direct_signed,0x000000,-0x000082,no,,0,outside_decoded_stream
PHAPCK_TBL.decoded.bin,pck_object_0011_part_001_choice_000_frame_098,pck_object_0011,pck_object_0011_part_001,pck_object_0011_part_001_choice_000,0x001302,2,106,-8,0xFF7E,65406,-130,126,255,object_plus_unsigned,0x000FF2,0x010F70,no,,0,outside_decoded_stream
PHAPCK_TBL.decoded.bin,pck_object_0011_part_001_choice_000_frame_098,pck_object_0011,pck_object_0011_part_001,pck_object_0011_part_001_choice_000,0x001302,2,106,-8,0xFF7E,65406,-130,126,255,object_plus_signed,0x000FF2,0x000F70,yes,0506E100810202050509E60081030303,0,in_range_no_structural_match
PHAPCK_TBL.decoded.bin,pck_object_0011_part_001_choice_000_frame_098,pck_object_0011,pck_object_0011_part_001,pck_object_0011_part_001_choice_000,0x001302,2,106,-8,0xFF7E,65406,-130,126,255,block_plus_unsigned,0x000FF0,0x010F6E,no,,0,outside_decoded_stream
PHAPCK_TBL.decoded.bin,pck_object_0011_part_001_choice_000_frame_098,pck_object_0011,pck_object_0011_part_001,pck_object_0011_part_001_choice_000,0x001302,2,106,-8,0xFF7E,65406,-130,126,255,block_plus_signed,0x000FF0,0x000F6E,yes,02050506E100810202050509E6008103,0,in_range_no_structural_match
PHAPCK_TBL.decoded.bin,pck_object_0011_part_001_choice_000_frame_098,pck_object_0011,pck_object_0011_part_001,pck_object_0011_part_001_choice_000,0x001302,2,106,-8,0xFF7E,65406,-130,126,255,part_plus_signed,0x001008,0x000F86,yes,0303030DF00002030405FF07080403FF,5,plausible_frame_record_prefix
PHAPCK_TBL.decoded.bin,pck_object_0011_part_001_choice_000_frame_098,pck_object_0011,pck_object_0011_part_001,pck_object_0011_part_001_choice_000,0x001302,2,106,-8,0xFF7E,65406,-130,126,255,frame_plus_signed,0x001302,0x001280,yes,02001400001724000100AE000E172400,15,plausible_drawable_extents_at_plus6_plus8;plausible_frame_record_prefix
PHAPCK_TBL.decoded.bin,pck_object_0011_part_001_choice_000_frame_098,pck_object_0011,pck_object_0011_part_001,pck_object_0011_part_001_choice_000,0x001302,2,106,-8,0xFF7E,65406,-130,126,255,payload_plus_signed,0x001304,0x001282,yes,1400001724000100AE000E1724000100,45,exact_frame_record;plausible_drawable_extents_at_plus6_plus8;plausible_frame_record_prefix
PHAPCK_TBL.decoded.bin,pck_object_0011_part_001_choice_000_frame_103,pck_object_0011,pck_object_0011_part_001,pck_object_0011_part_001_choice_000,0x00132A,3,3,3,0x0103,259,259,3,1,direct_unsigned,0x000000,0x000103,yes,050200680504007C050D0091050600A7,5,plausible_frame_record_prefix
PHAPCK_TBL.decoded.bin,pck_object_0011_part_001_choice_000_frame_103,pck_object_0011,pck_object_0011_part_001,pck_object_0011_part_001_choice_000,0x00132A,3,3,3,0x0103,259,259,3,1,direct_signed,0x000000,0x000103,yes,050200680504007C050D0091050600A7,5,plausible_frame_record_prefix
PHAPCK_TBL.decoded.bin,pck_object_0011_part_001_choice_000_frame_103,pck_object_0011,pck_object_0011_part_001,pck_object_0011_part_001_choice_000,0x00132A,3,3,3,0x0103,259,259,3,1,object_plus_unsigned,0x000FF2,0x0010F5,yes,0303030F2B0181000000001230018103,5,plausible_frame_record_prefix
PHAPCK_TBL.decoded.bin,pck_object_0011_part_001_choice_000_frame_103,pck_object_0011,pck_object_0011_part_001,pck_object_0011_part_001_choice_000,0x00132A,3,3,3,0x0103,259,259,3,1,object_plus_signed,0x000FF2,0x0010F5,yes,0303030F2B0181000000001230018103,5,plausible_frame_record_prefix
PHAPCK_TBL.decoded.bin,pck_object_0011_part_001_choice_000_frame_103,pck_object_0011,pck_object_0011_part_001,pck_object_0011_part_001_choice_000,0x00132A,3,3,3,0x0103,259,259,3,1,block_plus_unsigned,0x000FF0,0x0010F3,yes,81030303030F2B018100000000123001,65,exact_frame_record;byte0_high_bit_set;plausible_object_header;plausible_drawable_extents_at_plus6_plus8;plausible_frame_record_prefix
PHAPCK_TBL.decoded.bin,pck_object_0011_part_001_choice_000_frame_103,pck_object_0011,pck_object_0011_part_001,pck_object_0011_part_001_choice_000,0x00132A,3,3,3,0x0103,259,259,3,1,block_plus_signed,0x000FF0,0x0010F3,yes,81030303030F2B018100000000123001,65,exact_frame_record;byte0_high_bit_set;plausible_object_header;plausible_drawable_extents_at_plus6_plus8;plausible_frame_record_prefix
PHAPCK_TBL.decoded.bin,pck_object_0011_part_001_choice_000_frame_103,pck_object_0011,pck_object_0011_part_001,pck_object_0011_part_001_choice_000,0x00132A,3,3,3,0x0103,259,259,3,1,part_plus_signed,0x001008,0x00110B,yes,81030303030C3A018102020505163F01,40,exact_frame_record;byte0_high_bit_set;plausible_frame_record_prefix
PHAPCK_TBL.decoded.bin,pck_object_0011_part_001_choice_000_frame_103,pck_object_0011,pck_object_0011_part_001,pck_object_0011_part_001_choice_000,0x00132A,3,3,3,0x0103,259,259,3,1,frame_plus_signed,0x00132A,0x00142D,yes,0038FF0000000800008200F6FF56FFA0,0,in_range_no_structural_match
PHAPCK_TBL.decoded.bin,pck_object_0011_part_001_choice_000_frame_103,pck_object_0011,pck_object_0011_part_001,pck_object_0011_part_001_choice_000,0x00132A,3,3,3,0x0103,259,259,3,1,payload_plus_signed,0x00132C,0x00142F,yes,FF0000000800008200F6FF56FFA000F6,10,byte0_high_bit_set;plausible_frame_record_prefix
PHAPCK_TBL.decoded.bin,pck_object_0011_part_001_choice_000_frame_104,pck_object_0011,pck_object_0011_part_001,pck_object_0011_part_001_choice_000,0x001332,2,2,5,0x0605,1541,1541,5,6,direct_unsigned,0x000000,0x000605,yes,92FF00F8000000002800D8FFCAFE2800,5,byte0_high_bit_set
PHAPCK_TBL.decoded.bin,pck_object_0011_part_001_choice_000_frame_104,pck_object_0011,pck_object_0011_part_001,pck_object_0011_part_001_choice_000,0x001332,2,2,5,0x0605,1541,1541,5,6,direct_signed,0x000000,0x000605,yes,92FF00F8000000002800D8FFCAFE2800,5,byte0_high_bit_set
PHAPCK_TBL.decoded.bin,pck_object_0011_part_001_choice_000_frame_104,pck_object_0011,pck_object_0011_part_001,pck_object_0011_part_001_choice_000,0x001332,2,2,5,0x0605,1541,1541,5,6,object_plus_unsigned,0x000FF2,0x0015F7,yes,0B01000C81000000000F330181000000,5,plausible_frame_record_prefix
PHAPCK_TBL.decoded.bin,pck_object_0011_part_001_choice_000_frame_104,pck_object_0011,pck_object_0011_part_001,pck_object_0011_part_001_choice_000,0x001332,2,2,5,0x0605,1541,1541,5,6,object_plus_signed,0x000FF2,0x0015F7,yes,0B01000C81000000000F330181000000,5,plausible_frame_record_prefix
PHAPCK_TBL.decoded.bin,pck_object_0011_part_001_choice_000_frame_104,pck_object_0011,pck_object_0011_part_001,pck_object_0011_part_001_choice_000,0x001332,2,2,5,0x0605,1541,1541,5,6,block_plus_unsigned,0x000FF0,0x0015F5,yes,05000B01000C81000000000F33018100,5,plausible_frame_record_prefix
PHAPCK_TBL.decoded.bin,pck_object_0011_part_001_choice_000_frame_104,pck_object_0011,pck_object_0011_part_001,pck_object_0011_part_001_choice_000,0x001332,2,2,5,0x0605,1541,1541,5,6,block_plus_signed,0x000FF0,0x0015F5,yes,05000B01000C81000000000F33018100,5,plausible_frame_record_prefix
PHAPCK_TBL.decoded.bin,pck_object_0011_part_001_choice_000_frame_104,pck_object_0011,pck_object_0011_part_001,pck_object_0011_part_001_choice_000,0x001332,2,2,5,0x0605,1541,1541,5,6,part_plus_signed,0x001008,0x00160D,yes,000000143D0181000000000C42018100,5,plausible_frame_record_prefix
PHAPCK_TBL.decoded.bin,pck_object_0011_part_001_choice_000_frame_104,pck_object_0011,pck_object_0011_part_001,pck_object_0011_part_001_choice_000,0x001332,2,2,5,0x0605,1541,1541,5,6,frame_plus_signed,0x001332,0x001937,yes,00E803000038FF00000008000082000A,0,in_range_no_structural_match
PHAPCK_TBL.decoded.bin,pck_object_0011_part_001_choice_000_frame_104,pck_object_0011,pck_object_0011_part_001,pck_object_0011_part_001_choice_000,0x001332,2,2,5,0x0605,1541,1541,5,6,payload_plus_signed,0x001334,0x001939,yes,03000038FF00000008000082000A0042,5,plausible_frame_record_prefix
PHAPCK_TBL.decoded.bin,pck_object_0011_part_001_choice_000_frame_105,pck_object_0011,pck_object_0011_part_001,pck_object_0011_part_001_choice_000,0x00133A,2,2,5,0x0905,2309,2309,5,9,direct_unsigned,0x000000,0x000905,yes,00430100000000000001001200000C1A,0,in_range_no_structural_match
PHAPCK_TBL.decoded.bin,pck_object_0011_part_001_choice_000_frame_105,pck_object_0011,pck_object_0011_part_001,pck_object_0011_part_001_choice_000,0x00133A,2,2,5,0x0905,2309,2309,5,9,direct_signed,0x000000,0x000905,yes,00430100000000000001001200000C1A,0,in_range_no_structural_match
PHAPCK_TBL.decoded.bin,pck_object_0011_part_001_choice_000_frame_105,pck_object_0011,pck_object_0011_part_001,pck_object_0011_part_001_choice_000,0x00133A,2,2,5,0x0905,2309,2309,5,9,object_plus_unsigned,0x000FF2,0x0018F7,yes,001E00D200AA001E00D200AA00D8FFE6,0,in_range_no_structural_match
PHAPCK_TBL.decoded.bin,pck_object_0011_part_001_choice_000_frame_105,pck_object_0011,pck_object_0011_part_001,pck_object_0011_part_001_choice_000,0x00133A,2,2,5,0x0905,2309,2309,5,9,object_plus_signed,0x000FF2,0x0018F7,yes,001E00D200AA001E00D200AA00D8FFE6,0,in_range_no_structural_match
PHAPCK_TBL.decoded.bin,pck_object_0011_part_001_choice_000_frame_105,pck_object_0011,pck_object_0011_part_001,pck_object_0011_part_001_choice_000,0x00133A,2,2,5,0x0905,2309,2309,5,9,block_plus_unsigned,0x000FF0,0x0018F5,yes,0082001E00D200AA001E00D200AA00D8,0,in_range_no_structural_match
PHAPCK_TBL.decoded.bin,pck_object_0011_part_001_choice_000_frame_105,pck_object_0011,pck_object_0011_part_001,pck_object_0011_part_001_choice_000,0x00133A,2,2,5,0x0905,2309,2309,5,9,block_plus_signed,0x000FF0,0x0018F5,yes,0082001E00D200AA001E00D200AA00D8,0,in_range_no_structural_match
PHAPCK_TBL.decoded.bin,pck_object_0011_part_001_choice_000_frame_105,pck_object_0011,pck_object_0011_part_001,pck_object_0011_part_001_choice_000,0x00133A,2,2,5,0x0905,2309,2309,5,9,part_plus_signed,0x001008,0x00190D,yes,FE82000A005000AA000A005000000005,5,byte0_high_bit_set
PHAPCK_TBL.decoded.bin,pck_object_0011_part_001_choice_000_frame_105,pck_object_0011,pck_object_0011_part_001,pck_object_0011_part_001_choice_000,0x00133A,2,2,5,0x0905,2309,2309,5,9,frame_plus_signed,0x00133A,0x001C3F,yes,01000301000005000B01000081000000,5,plausible_frame_record_prefix
PHAPCK_TBL.decoded.bin,pck_object_0011_part_001_choice_000_frame_105,pck_object_0011,pck_object_0011_part_001,pck_object_0011_part_001_choice_000,0x00133A,2,2,5,0x0905,2309,2309,5,9,payload_plus_signed,0x00133C,0x001C41,yes,0301000005000B01000081000000000F,5,plausible_frame_record_prefix
PHAPCK_TBL.decoded.bin,pck_object_0011_part_001_choice_000_frame_106,pck_object_0011,pck_object_0011_part_001,pck_object_0011_part_001_choice_000,0x001342,3,3,3,0x0C03,3075,3075,3,12,direct_unsigned,0x000000,0x000C03,yes,81030303030C42018102020505164701,40,exact_frame_record;byte0_high_bit_set;plausible_frame_record_prefix
PHAPCK_TBL.decoded.bin,pck_object_0011_part_001_choice_000_frame_106,pck_object_0011,pck_object_0011_part_001,pck_object_0011_part_001_choice_000,0x001342,3,3,3,0x0C03,3075,3075,3,12,direct_signed,0x000000,0x000C03,yes,81030303030C42018102020505164701,40,exact_frame_record;byte0_high_bit_set;plausible_frame_record_prefix
PHAPCK_TBL.decoded.bin,pck_object_0011_part_001_choice_000_frame_106,pck_object_0011,pck_object_0011_part_001,pck_object_0011_part_001_choice_000,0x001342,3,3,3,0x0C03,3075,3075,3,12,object_plus_unsigned,0x000FF2,0x001BF5,yes,0000000500BE000000810303030301E6,5,plausible_frame_record_prefix
PHAPCK_TBL.decoded.bin,pck_object_0011_part_001_choice_000_frame_106,pck_object_0011,pck_object_0011_part_001,pck_object_0011_part_001_choice_000,0x001342,3,3,3,0x0C03,3075,3075,3,12,object_plus_signed,0x000FF2,0x001BF5,yes,0000000500BE000000810303030301E6,5,plausible_frame_record_prefix
PHAPCK_TBL.decoded.bin,pck_object_0011_part_001_choice_000_frame_106,pck_object_0011,pck_object_0011_part_001,pck_object_0011_part_001_choice_000,0x001342,3,3,3,0x0C03,3075,3075,3,12,block_plus_unsigned,0x000FF0,0x001BF3,yes,00B60000000500BE0000008103030303,0,in_range_no_structural_match
PHAPCK_TBL.decoded.bin,pck_object_0011_part_001_choice_000_frame_106,pck_object_0011,pck_object_0011_part_001,pck_object_0011_part_001_choice_000,0x001342,3,3,3,0x0C03,3075,3075,3,12,block_plus_signed,0x000FF0,0x001BF3,yes,00B60000000500BE0000008103030303,0,in_range_no_structural_match
PHAPCK_TBL.decoded.bin,pck_object_0011_part_001_choice_000_frame_106,pck_object_0011,pck_object_0011_part_001,pck_object_0011_part_001_choice_000,0x001342,3,3,3,0x0C03,3075,3075,3,12,part_plus_signed,0x001008,0x001C0B,yes,06EB00810202050509F0008103030303,0,in_range_no_structural_match
PHAPCK_TBL.decoded.bin,pck_object_0011_part_001_choice_000_frame_106,pck_object_0011,pck_object_0011_part_001,pck_object_0011_part_001_choice_000,0x001342,3,3,3,0x0C03,3075,3075,3,12,frame_plus_signed,0x001342,0x001F45,yes,F001C207D8FF32000A00D8FFE2FF1E00,20,byte0_high_bit_set;plausible_drawable_extents_at_plus6_plus8;plausible_frame_record_prefix
PHAPCK_TBL.decoded.bin,pck_object_0011_part_001_choice_000_frame_106,pck_object_0011,pck_object_0011_part_001,pck_object_0011_part_001_choice_000,0x001342,3,3,3,0x0C03,3075,3075,3,12,payload_plus_signed,0x001344,0x001F47,yes,C207D8FF32000A00D8FFE2FF1E00A6FF,5,byte0_high_bit_set
PHAPCK_TBL.decoded.bin,pck_object_0011_part_001_choice_000_frame_107,pck_object_0011,pck_object_0011_part_001,pck_object_0011_part_001_choice_000,0x00134A,3,3,3,0x0D03,3331,3331,3,13,direct_unsigned,0x000000,0x000D03,yes,03030DFC0002030405FF07080403FF0A,35,exact_frame_record;plausible_frame_record_prefix
PHAPCK_TBL.decoded.bin,pck_object_0011_part_001_choice_000_frame_107,pck_object_0011,pck_object_0011_part_001,pck_object_0011_part_001_choice_000,0x00134A,3,3,3,0x0D03,3331,3331,3,13,direct_signed,0x000000,0x000D03,yes,03030DFC0002030405FF07080403FF0A,35,exact_frame_record;plausible_frame_record_prefix
PHAPCK_TBL.decoded.bin,pck_object_0011_part_001_choice_000_frame_107,pck_object_0011,pck_object_0011_part_001,pck_object_0011_part_001_choice_000,0x00134A,3,3,3,0x0D03,3331,3331,3,13,object_plus_unsigned,0x000FF2,0x001CF5,yes,000000000800000000E803000038FF00,5,plausible_frame_record_prefix
PHAPCK_TBL.decoded.bin,pck_object_0011_part_001_choice_000_frame_107,pck_object_0011,pck_object_0011_part_001,pck_object_0011_part_001_choice_000,0x00134A,3,3,3,0x0D03,3331,3331,3,13,object_plus_signed,0x000FF2,0x001CF5,yes,000000000800000000E803000038FF00,5,plausible_frame_record_prefix
PHAPCK_TBL.decoded.bin,pck_object_0011_part_001_choice_000_frame_107,pck_object_0011,pck_object_0011_part_001,pck_object_0011_part_001_choice_000,0x00134A,3,3,3,0x0D03,3331,3331,3,13,block_plus_unsigned,0x000FF0,0x001CF3,yes,F800000000000800000000E803000038,10,byte0_high_bit_set;plausible_frame_record_prefix
PHAPCK_TBL.decoded.bin,pck_object_0011_part_001_choice_000_frame_107,pck_object_0011,pck_object_0011_part_001,pck_object_0011_part_001_choice_000,0x00134A,3,3,3,0x0D03,3331,3331,3,13,block_plus_signed,0x000FF0,0x001CF3,yes,F800000000000800000000E803000038,10,byte0_high_bit_set;plausible_frame_record_prefix
PHAPCK_TBL.decoded.bin,pck_object_0011_part_001_choice_000_frame_107,pck_object_0011,pck_object_0011_part_001,pck_object_0011_part_001_choice_000,0x00134A,3,3,3,0x0D03,3331,3331,3,13,part_plus_signed,0x001008,0x001D0B,yes,00460056FFA000460056FFFE070000AF,0,in_range_no_structural_match
PHAPCK_TBL.decoded.bin,pck_object_0011_part_001_choice_000_frame_107,pck_object_0011,pck_object_0011_part_001,pck_object_0011_part_001_choice_000,0x00134A,3,3,3,0x0D03,3331,3331,3,13,frame_plus_signed,0x00134A,0x00204D,yes,0A0DFF0F100908FF0D100F0CFF120F08,0,in_range_no_structural_match
PHAPCK_TBL.decoded.bin,pck_object_0011_part_001_choice_000_frame_107,pck_object_0011,pck_object_0011_part_001,pck_object_0011_part_001_choice_000,0x00134A,3,3,3,0x0D03,3331,3331,3,13,payload_plus_signed,0x00134C,0x00204F,yes,FF0F100908FF0D100F0CFF120F08FF13,5,byte0_high_bit_set
PHAPCK_TBL.decoded.bin,pck_object_0011_part_001_choice_000_frame_108,pck_object_0011,pck_object_0011_part_001,pck_object_0011_part_001_choice_000,0x001352,3,4,5,0x07FF,2047,2047,255,7,direct_unsigned,0x000000,0x0007FF,yes,000100040100000A000C018108810808,5,plausible_frame_record_prefix
PHAPCK_TBL.decoded.bin,pck_object_0011_part_001_choice_000_frame_108,pck_object_0011,pck_object_0011_part_001,pck_object_0011_part_001_choice_000,0x001352,3,4,5,0x07FF,2047,2047,255,7,direct_signed,0x000000,0x0007FF,yes,000100040100000A000C018108810808,5,plausible_frame_record_prefix
PHAPCK_TBL.decoded.bin,pck_object_0011_part_001_choice_000_frame_108,pck_object_0011,pck_object_0011_part_001,pck_object_0011_part_001_choice_000,0x001352,3,4,5,0x07FF,2047,2047,255,7,object_plus_unsigned,0x000FF2,0x0017F1,yes,03000038FF0000FE074E008200F6FF42,5,plausible_frame_record_prefix
PHAPCK_TBL.decoded.bin,pck_object_0011_part_001_choice_000_frame_108,pck_object_0011,pck_object_0011_part_001,pck_object_0011_part_001_choice_000,0x001352,3,4,5,0x07FF,2047,2047,255,7,object_plus_signed,0x000FF2,0x0017F1,yes,03000038FF0000FE074E008200F6FF42,5,plausible_frame_record_prefix
PHAPCK_TBL.decoded.bin,pck_object_0011_part_001_choice_000_frame_108,pck_object_0011,pck_object_0011_part_001,pck_object_0011_part_001_choice_000,0x001352,3,4,5,0x07FF,2047,2047,255,7,block_plus_unsigned,0x000FF0,0x0017EF,yes,00E803000038FF0000FE074E008200F6,0,in_range_no_structural_match
PHAPCK_TBL.decoded.bin,pck_object_0011_part_001_choice_000_frame_108,pck_object_0011,pck_object_0011_part_001,pck_object_0011_part_001_choice_000,0x001352,3,4,5,0x07FF,2047,2047,255,7,block_plus_signed,0x000FF0,0x0017EF,yes,00E803000038FF0000FE074E008200F6,0,in_range_no_structural_match
PHAPCK_TBL.decoded.bin,pck_object_0011_part_001_choice_000_frame_108,pck_object_0011,pck_object_0011_part_001,pck_object_0011_part_001_choice_000,0x001352,3,4,5,0x07FF,2047,2047,255,7,part_plus_signed,0x001008,0x001807,yes,FF8200ECFF4600FE07DBFFB5FFA000D8,5,byte0_high_bit_set
PHAPCK_TBL.decoded.bin,pck_object_0011_part_001_choice_000_frame_108,pck_object_0011,pck_object_0011_part_001,pck_object_0011_part_001_choice_000,0x001352,3,4,5,0x07FF,2047,2047,255,7,frame_plus_signed,0x001352,0x001B51,yes,00000002001800001728000100B2000E,5,plausible_frame_record_prefix
PHAPCK_TBL.decoded.bin,pck_object_0011_part_001_choice_000_frame_108,pck_object_0011,pck_object_0011_part_001,pck_object_0011_part_001_choice_000,0x001352,3,4,5,0x07FF,2047,2047,255,7,payload_plus_signed,0x001354,0x001B53,yes,0002001800001728000100B2000E1728,5,plausible_frame_record_prefix
PHAPCK_TBL.decoded.bin,pck_object_0011_part_001_choice_000_frame_113,pck_object_0011,pck_object_0011_part_001,pck_object_0011_part_001_choice_000,0x00137A,3,15,47,0x8101,33025,-32511,1,129,direct_unsigned,0x000000,0x008101,yes,FFA0003C001AFF000058FA58FA82003C,5,byte0_high_bit_set
PHAPCK_TBL.decoded.bin,pck_object_0011_part_001_choice_000_frame_113,pck_object_0011,pck_object_0011_part_001,pck_object_0011_part_001_choice_000,0x00137A,3,15,47,0x8101,33025,-32511,1,129,direct_signed,0x000000,-0x007EFF,no,,0,outside_decoded_stream
PHAPCK_TBL.decoded.bin,pck_object_0011_part_001_choice_000_frame_113,pck_object_0011,pck_object_0011_part_001,pck_object_0011_part_001_choice_000,0x00137A,3,15,47,0x8101,33025,-32511,1,129,object_plus_unsigned,0x000FF2,0x0090F3,yes,0D00B900000081080F00010121018107,5,plausible_frame_record_prefix
PHAPCK_TBL.decoded.bin,pck_object_0011_part_001_choice_000_frame_113,pck_object_0011,pck_object_0011_part_001,pck_object_0011_part_001_choice_000,0x00137A,3,15,47,0x8101,33025,-32511,1,129,object_plus_signed,0x000FF2,-0x006F0D,no,,0,outside_decoded_stream
PHAPCK_TBL.decoded.bin,pck_object_0011_part_001_choice_000_frame_113,pck_object_0011,pck_object_0011_part_001,pck_object_0011_part_001_choice_000,0x00137A,3,15,47,0x8101,33025,-32511,1,129,block_plus_unsigned,0x000FF0,0x0090F1,yes,00000D00B900000081080F0001012101,5,plausible_frame_record_prefix
PHAPCK_TBL.decoded.bin,pck_object_0011_part_001_choice_000_frame_113,pck_object_0011,pck_object_0011_part_001,pck_object_0011_part_001_choice_000,0x00137A,3,15,47,0x8101,33025,-32511,1,129,block_plus_signed,0x000FF0,-0x006F0F,no,,0,outside_decoded_stream
PHAPCK_TBL.decoded.bin,pck_object_0011_part_001_choice_000_frame_113,pck_object_0011,pck_object_0011_part_001,pck_object_0011_part_001_choice_000,0x00137A,3,15,47,0x8101,33025,-32511,1,129,part_plus_signed,0x001008,-0x006EF7,no,,0,outside_decoded_stream
PHAPCK_TBL.decoded.bin,pck_object_0011_part_001_choice_000_frame_113,pck_object_0011,pck_object_0011_part_001,pck_object_0011_part_001_choice_000,0x00137A,3,15,47,0x8101,33025,-32511,1,129,frame_plus_signed,0x00137A,-0x006B85,no,,0,outside_decoded_stream
PHAPCK_TBL.decoded.bin,pck_object_0011_part_001_choice_000_frame_113,pck_object_0011,pck_object_0011_part_001,pck_object_0011_part_001_choice_000,0x00137A,3,15,47,0x8101,33025,-32511,1,129,payload_plus_signed,0x00137C,-0x006B83,no,,0,outside_decoded_stream
PHAPCK_TBL.decoded.bin,pck_object_0011_part_001_choice_000_frame_115,pck_object_0011,pck_object_0011_part_001,pck_object_0011_part_001_choice_000,0x00138A,3,21,57,0x8101,33025,-32511,1,129,direct_unsigned,0x000000,0x008101,yes,FFA0003C001AFF000058FA58FA82003C,5,byte0_high_bit_set
PHAPCK_TBL.decoded.bin,pck_object_0011_part_001_choice_000_frame_115,pck_object_0011,pck_object_0011_part_001,pck_object_0011_part_001_choice_000,0x00138A,3,21,57,0x8101,33025,-32511,1,129,direct_signed,0x000000,-0x007EFF,no,,0,outside_decoded_stream
PHAPCK_TBL.decoded.bin,pck_object_0011_part_001_choice_000_frame_115,pck_object_0011,pck_object_0011_part_001,pck_object_0011_part_001_choice_000,0x00138A,3,21,57,0x8101,33025,-32511,1,129,object_plus_unsigned,0x000FF2,0x0090F3,yes,0D00B900000081080F00010121018107,5,plausible_frame_record_prefix
PHAPCK_TBL.decoded.bin,pck_object_0011_part_001_choice_000_frame_115,pck_object_0011,pck_object_0011_part_001,pck_object_0011_part_001_choice_000,0x00138A,3,21,57,0x8101,33025,-32511,1,129,object_plus_signed,0x000FF2,-0x006F0D,no,,0,outside_decoded_stream
PHAPCK_TBL.decoded.bin,pck_object_0011_part_001_choice_000_frame_115,pck_object_0011,pck_object_0011_part_001,pck_object_0011_part_001_choice_000,0x00138A,3,21,57,0x8101,33025,-32511,1,129,block_plus_unsigned,0x000FF0,0x0090F1,yes,00000D00B900000081080F0001012101,5,plausible_frame_record_prefix
PHAPCK_TBL.decoded.bin,pck_object_0011_part_001_choice_000_frame_115,pck_object_0011,pck_object_0011_part_001,pck_object_0011_part_001_choice_000,0x00138A,3,21,57,0x8101,33025,-32511,1,129,block_plus_signed,0x000FF0,-0x006F0F,no,,0,outside_decoded_stream
PHAPCK_TBL.decoded.bin,pck_object_0011_part_001_choice_000_frame_115,pck_object_0011,pck_object_0011_part_001,pck_object_0011_part_001_choice_000,0x00138A,3,21,57,0x8101,33025,-32511,1,129,part_plus_signed,0x001008,-0x006EF7,no,,0,outside_decoded_stream
PHAPCK_TBL.decoded.bin,pck_object_0011_part_001_choice_000_frame_115,pck_object_0011,pck_object_0011_part_001,pck_object_0011_part_001_choice_000,0x00138A,3,21,57,0x8101,33025,-32511,1,129,frame_plus_signed,0x00138A,-0x006B75,no,,0,outside_decoded_stream
PHAPCK_TBL.decoded.bin,pck_object_0011_part_001_choice_000_frame_115,pck_object_0011,pck_object_0011_part_001,pck_object_0011_part_001_choice_000,0x00138A,3,21,57,0x8101,33025,-32511,1,129,payload_plus_signed,0x00138C,-0x006B73,no,,0,outside_decoded_stream
PHAPCK_TBL.decoded.bin,pck_object_0011_part_001_choice_000_frame_116,pck_object_0011,pck_object_0011_part_001,pck_object_0011_part_001_choice_000,0x001392,3,12,62,0x8101,33025,-32511,1,129,direct_unsigned,0x000000,0x008101,yes,FFA0003C001AFF000058FA58FA82003C,5,byte0_high_bit_set
PHAPCK_TBL.decoded.bin,pck_object_0011_part_001_choice_000_frame_116,pck_object_0011,pck_object_0011_part_001,pck_object_0011_part_001_choice_000,0x001392,3,12,62,0x8101,33025,-32511,1,129,direct_signed,0x000000,-0x007EFF,no,,0,outside_decoded_stream
PHAPCK_TBL.decoded.bin,pck_object_0011_part_001_choice_000_frame_116,pck_object_0011,pck_object_0011_part_001,pck_object_0011_part_001_choice_000,0x001392,3,12,62,0x8101,33025,-32511,1,129,object_plus_unsigned,0x000FF2,0x0090F3,yes,0D00B900000081080F00010121018107,5,plausible_frame_record_prefix
PHAPCK_TBL.decoded.bin,pck_object_0011_part_001_choice_000_frame_116,pck_object_0011,pck_object_0011_part_001,pck_object_0011_part_001_choice_000,0x001392,3,12,62,0x8101,33025,-32511,1,129,object_plus_signed,0x000FF2,-0x006F0D,no,,0,outside_decoded_stream
PHAPCK_TBL.decoded.bin,pck_object_0011_part_001_choice_000_frame_116,pck_object_0011,pck_object_0011_part_001,pck_object_0011_part_001_choice_000,0x001392,3,12,62,0x8101,33025,-32511,1,129,block_plus_unsigned,0x000FF0,0x0090F1,yes,00000D00B900000081080F0001012101,5,plausible_frame_record_prefix
PHAPCK_TBL.decoded.bin,pck_object_0011_part_001_choice_000_frame_116,pck_object_0011,pck_object_0011_part_001,pck_object_0011_part_001_choice_000,0x001392,3,12,62,0x8101,33025,-32511,1,129,block_plus_signed,0x000FF0,-0x006F0F,no,,0,outside_decoded_stream
PHAPCK_TBL.decoded.bin,pck_object_0011_part_001_choice_000_frame_116,pck_object_0011,pck_object_0011_part_001,pck_object_0011_part_001_choice_000,0x001392,3,12,62,0x8101,33025,-32511,1,129,part_plus_signed,0x001008,-0x006EF7,no,,0,outside_decoded_stream
PHAPCK_TBL.decoded.bin,pck_object_0011_part_001_choice_000_frame_116,pck_object_0011,pck_object_0011_part_001,pck_object_0011_part_001_choice_000,0x001392,3,12,62,0x8101,33025,-32511,1,129,frame_plus_signed,0x001392,-0x006B6D,no,,0,outside_decoded_stream
PHAPCK_TBL.decoded.bin,pck_object_0011_part_001_choice_000_frame_116,pck_object_0011,pck_object_0011_part_001,pck_object_0011_part_001_choice_000,0x001392,3,12,62,0x8101,33025,-32511,1,129,payload_plus_signed,0x001394,-0x006B6B,no,,0,outside_decoded_stream
PHAPCK_TBL.decoded.bin,pck_object_0011_part_001_choice_000_frame_135,pck_object_0011,pck_object_0011_part_001,pck_object_0011_part_001_choice_000,0x00142A,3,0,0,0xFF38,65336,-200,56,255,direct_unsigned,0x000000,0x00FF38,no,,0,outside_decoded_stream
PHAPCK_TBL.decoded.bin,pck_object_0011_part_001_choice_000_frame_135,pck_object_0011,pck_object_0011_part_001,pck_object_0011_part_001_choice_000,0x00142A,3,0,0,0xFF38,65336,-200,56,255,direct_signed,0x000000,-0x0000C8,no,,0,outside_decoded_stream
PHAPCK_TBL.decoded.bin,pck_object_0011_part_001_choice_000_frame_135,pck_object_0011,pck_object_0011_part_001,pck_object_0011_part_001_choice_000,0x00142A,3,0,0,0xFF38,65336,-200,56,255,object_plus_unsigned,0x000FF2,0x010F2A,no,,0,outside_decoded_stream
PHAPCK_TBL.decoded.bin,pck_object_0011_part_001_choice_000_frame_135,pck_object_0011,pck_object_0011_part_001,pck_object_0011_part_001_choice_000,0x00142A,3,0,0,0xFF38,65336,-200,56,255,object_plus_signed,0x000FF2,0x000F2A,yes,48074F0360FF5000F6FF7EFF5000F6FF,0,in_range_no_structural_match
PHAPCK_TBL.decoded.bin,pck_object_0011_part_001_choice_000_frame_135,pck_object_0011,pck_object_0011_part_001,pck_object_0011_part_001_choice_000,0x00142A,3,0,0,0xFF38,65336,-200,56,255,block_plus_unsigned,0x000FF0,0x010F28,no,,0,outside_decoded_stream
PHAPCK_TBL.decoded.bin,pck_object_0011_part_001_choice_000_frame_135,pck_object_0011,pck_object_0011_part_001,pck_object_0011_part_001_choice_000,0x00142A,3,0,0,0xFF38,65336,-200,56,255,block_plus_signed,0x000FF0,0x000F28,yes,000048074F0360FF5000F6FF7EFF5000,5,plausible_frame_record_prefix
PHAPCK_TBL.decoded.bin,pck_object_0011_part_001_choice_000_frame_135,pck_object_0011,pck_object_0011_part_001,pck_object_0011_part_001_choice_000,0x00142A,3,0,0,0xFF38,65336,-200,56,255,part_plus_signed,0x001008,0x000F40,yes,7EFF3200E2FF60FF3200E2FF0000FBF8,0,in_range_no_structural_match
PHAPCK_TBL.decoded.bin,pck_object_0011_part_001_choice_000_frame_135,pck_object_0011,pck_object_0011_part_001,pck_object_0011_part_001_choice_000,0x00142A,3,0,0,0xFF38,65336,-200,56,255,frame_plus_signed,0x00142A,0x001362,yes,080A05FF0B070302FF0100FF00000005,30,exact_frame_record
PHAPCK_TBL.decoded.bin,pck_object_0011_part_001_choice_000_frame_135,pck_object_0011,pck_object_0011_part_001,pck_object_0011_part_001_choice_000,0x00142A,3,0,0,0xFF38,65336,-200,56,255,payload_plus_signed,0x00142C,0x001364,yes,05FF0B070302FF0100FF000000050007,0,in_range_no_structural_match
PHAPCK_TBL.decoded.bin,pck_object_0011_part_001_choice_000_frame_150,pck_object_0011,pck_object_0011_part_001,pck_object_0011_part_001_choice_000,0x0014A2,2,11,7,0xFF03,65283,-253,3,255,direct_unsigned,0x000000,0x00FF03,no,,0,outside_decoded_stream
PHAPCK_TBL.decoded.bin,pck_object_0011_part_001_choice_000_frame_150,pck_object_0011,pck_object_0011_part_001,pck_object_0011_part_001_choice_000,0x0014A2,2,11,7,0xFF03,65283,-253,3,255,direct_signed,0x000000,-0x0000FD,no,,0,outside_decoded_stream
PHAPCK_TBL.decoded.bin,pck_object_0011_part_001_choice_000_frame_150,pck_object_0011,pck_object_0011_part_001,pck_object_0011_part_001_choice_000,0x0014A2,2,11,7,0xFF03,65283,-253,3,255,object_plus_unsigned,0x000FF2,0x010EF5,no,,0,outside_decoded_stream
PHAPCK_TBL.decoded.bin,pck_object_0011_part_001_choice_000_frame_150,pck_object_0011,pck_object_0011_part_001,pck_object_0011_part_001_choice_000,0x0014A2,2,11,7,0xFF03,65283,-253,3,255,object_plus_signed,0x000FF2,0x000EF5,yes,07370156FF1E0064007EFF1E00640000,0,in_range_no_structural_match
PHAPCK_TBL.decoded.bin,pck_object_0011_part_001_choice_000_frame_150,pck_object_0011,pck_object_0011_part_001,pck_object_0011_part_001_choice_000,0x0014A2,2,11,7,0xFF03,65283,-253,3,255,block_plus_unsigned,0x000FF0,0x010EF3,no,,0,outside_decoded_stream
PHAPCK_TBL.decoded.bin,pck_object_0011_part_001_choice_000_frame_150,pck_object_0011,pck_object_0011_part_001,pck_object_0011_part_001_choice_000,0x0014A2,2,11,7,0xFF03,65283,-253,3,255,block_plus_signed,0x000FF0,0x000EF3,yes,00E807370156FF1E0064007EFF1E0064,30,exact_frame_record
PHAPCK_TBL.decoded.bin,pck_object_0011_part_001_choice_000_frame_150,pck_object_0011,pck_object_0011_part_001,pck_object_0011_part_001_choice_000,0x0014A2,2,11,7,0xFF03,65283,-253,3,255,part_plus_signed,0x001008,0x000F0B,yes,FFF6FF500056FFF6FF50000008000000,50,exact_frame_record;byte0_high_bit_set;plausible_object_header
PHAPCK_TBL.decoded.bin,pck_object_0011_part_001_choice_000_frame_150,pck_object_0011,pck_object_0011_part_001,pck_object_0011_part_001_choice_000,0x0014A2,2,11,7,0xFF03,65283,-253,3,255,frame_plus_signed,0x0014A2,0x0013A5,yes,111014FF0A13140BFF11130A08FF1410,0,in_range_no_structural_match
PHAPCK_TBL.decoded.bin,pck_object_0011_part_001_choice_000_frame_150,pck_object_0011,pck_object_0011_part_001,pck_object_0011_part_001_choice_000,0x0014A2,2,11,7,0xFF03,65283,-253,3,255,payload_plus_signed,0x0014A4,0x0013A7,yes,14FF0A13140BFF11130A08FF1410070B,0,in_range_no_structural_match
PHAPCK_TBL.decoded.bin,pck_object_0011_part_001_choice_000_frame_205,pck_object_0011,pck_object_0011_part_001,pck_object_0011_part_001_choice_000,0x00165A,3,0,0,0x0000,0,0,0,0,direct_unsigned,0x000000,0x000000,yes,04001E000A003100060045000F005A00,15,plausible_drawable_extents_at_plus6_plus8;plausible_frame_record_prefix
PHAPCK_TBL.decoded.bin,pck_object_0011_part_001_choice_000_frame_205,pck_object_0011,pck_object_0011_part_001,pck_object_0011_part_001_choice_000,0x00165A,3,0,0,0x0000,0,0,0,0,direct_signed,0x000000,0x000000,yes,04001E000A003100060045000F005A00,15,plausible_drawable_extents_at_plus6_plus8;plausible_frame_record_prefix
PHAPCK_TBL.decoded.bin,pck_object_0011_part_001_choice_000_frame_205,pck_object_0011,pck_object_0011_part_001,pck_object_0011_part_001_choice_000,0x00165A,3,0,0,0x0000,0,0,0,0,object_plus_unsigned,0x000FF2,0x000FF2,yes,80003001000000000000020010000017,105,exact_object_offset;exact_frame_record;byte0_high_bit_set;plausible_object_header;plausible_frame_record_prefix
PHAPCK_TBL.decoded.bin,pck_object_0011_part_001_choice_000_frame_205,pck_object_0011,pck_object_0011_part_001,pck_object_0011_part_001_choice_000,0x00165A,3,0,0,0x0000,0,0,0,0,object_plus_signed,0x000FF2,0x000FF2,yes,80003001000000000000020010000017,105,exact_object_offset;exact_frame_record;byte0_high_bit_set;plausible_object_header;plausible_frame_record_prefix
PHAPCK_TBL.decoded.bin,pck_object_0011_part_001_choice_000_frame_205,pck_object_0011,pck_object_0011_part_001,pck_object_0011_part_001_choice_000,0x00165A,3,0,0,0x0000,0,0,0,0,block_plus_unsigned,0x000FF0,0x000FF0,yes,0BFF8000300100000000000002001000,25,exact_block_offset
PHAPCK_TBL.decoded.bin,pck_object_0011_part_001_choice_000_frame_205,pck_object_0011,pck_object_0011_part_001,pck_object_0011_part_001_choice_000,0x00165A,3,0,0,0x0000,0,0,0,0,block_plus_signed,0x000FF0,0x000FF0,yes,0BFF8000300100000000000002001000,25,exact_block_offset
PHAPCK_TBL.decoded.bin,pck_object_0011_part_001_choice_000_frame_205,pck_object_0011,pck_object_0011_part_001,pck_object_0011_part_001_choice_000,0x00165A,3,0,0,0x0000,0,0,0,0,part_plus_signed,0x001008,0x001008,yes,0E1720000100F70018FC000000000000,35,exact_part_offset
PHAPCK_TBL.decoded.bin,pck_object_0011_part_001_choice_000_frame_205,pck_object_0011,pck_object_0011_part_001,pck_object_0011_part_001_choice_000,0x00165A,3,0,0,0x0000,0,0,0,0,frame_plus_signed,0x00165A,0x00165A,yes,E803000000000000CC0466068200ECFF,40,exact_frame_record;byte0_high_bit_set;plausible_frame_record_prefix
PHAPCK_TBL.decoded.bin,pck_object_0011_part_001_choice_000_frame_205,pck_object_0011,pck_object_0011_part_001,pck_object_0011_part_001_choice_000,0x00165A,3,0,0,0x0000,0,0,0,0,payload_plus_signed,0x00165C,0x00165C,yes,000000000000CC0466068200ECFFF000,35,exact_frame_record;plausible_frame_record_prefix
PHAPCK_TBL.decoded.bin,pck_object_0011_part_001_choice_000_frame_224,pck_object_0011,pck_object_0011_part_001,pck_object_0011_part_001_choice_000,0x0016F2,3,3,1,0x00E8,232,232,232,0,direct_unsigned,0x000000,0x0000E8,yes,0400DB040600EF04080003050A001705,5,plausible_frame_record_prefix
PHAPCK_TBL.decoded.bin,pck_object_0011_part_001_choice_000_frame_224,pck_object_0011,pck_object_0011_part_001,pck_object_0011_part_001_choice_000,0x0016F2,3,3,1,0x00E8,232,232,232,0,direct_signed,0x000000,0x0000E8,yes,0400DB040600EF04080003050A001705,5,plausible_frame_record_prefix
PHAPCK_TBL.decoded.bin,pck_object_0011_part_001_choice_000_frame_224,pck_object_0011,pck_object_0011_part_001,pck_object_0011_part_001_choice_000,0x0016F2,3,3,1,0x00E8,232,232,232,0,object_plus_unsigned,0x000FF2,0x0010DA,yes,0205FF04080A05FF0B070302FF0100FB,30,exact_frame_record
PHAPCK_TBL.decoded.bin,pck_object_0011_part_001_choice_000_frame_224,pck_object_0011,pck_object_0011_part_001,pck_object_0011_part_001_choice_000,0x0016F2,3,3,1,0x00E8,232,232,232,0,object_plus_signed,0x000FF2,0x0010DA,yes,0205FF04080A05FF0B070302FF0100FB,30,exact_frame_record
PHAPCK_TBL.decoded.bin,pck_object_0011_part_001_choice_000_frame_224,pck_object_0011,pck_object_0011_part_001,pck_object_0011_part_001_choice_000,0x0016F2,3,3,1,0x00E8,232,232,232,0,block_plus_unsigned,0x000FF0,0x0010D8,yes,0A0B0205FF04080A05FF0B070302FF01,0,in_range_no_structural_match
PHAPCK_TBL.decoded.bin,pck_object_0011_part_001_choice_000_frame_224,pck_object_0011,pck_object_0011_part_001,pck_object_0011_part_001_choice_000,0x0016F2,3,3,1,0x00E8,232,232,232,0,block_plus_signed,0x000FF0,0x0010D8,yes,0A0B0205FF04080A05FF0B070302FF01,0,in_range_no_structural_match
PHAPCK_TBL.decoded.bin,pck_object_0011_part_001_choice_000_frame_224,pck_object_0011,pck_object_0011_part_001,pck_object_0011_part_001_choice_000,0x0016F2,3,3,1,0x00E8,232,232,232,0,part_plus_signed,0x001008,0x0010F0,yes,01000C81030303030F2B018100000000,5,plausible_frame_record_prefix
PHAPCK_TBL.decoded.bin,pck_object_0011_part_001_choice_000_frame_224,pck_object_0011,pck_object_0011_part_001,pck_object_0011_part_001_choice_000,0x0016F2,3,3,1,0x00E8,232,232,232,0,frame_plus_signed,0x0016F2,0x0017DA,yes,C4FF5A008200C4FF5A0000F800000000,5,byte0_high_bit_set
PHAPCK_TBL.decoded.bin,pck_object_0011_part_001_choice_000_frame_224,pck_object_0011,pck_object_0011_part_001,pck_object_0011_part_001_choice_000,0x0016F2,3,3,1,0x00E8,232,232,232,0,payload_plus_signed,0x0016F4,0x0017DC,yes,5A008200C4FF5A0000F8000000000008,35,exact_frame_record;plausible_frame_record_prefix
PHAPCK_TBL.decoded.bin,pck_object_0011_part_001_choice_000_frame_227,pck_object_0011,pck_object_0011_part_001,pck_object_0011_part_001_choice_000,0x00170A,3,3,12,0x00F7,247,247,247,0,direct_unsigned,0x000000,0x0000F7,yes,050C002B050E003F0500005405020068,0,in_range_no_structural_match
PHAPCK_TBL.decoded.bin,pck_object_0011_part_001_choice_000_frame_227,pck_object_0011,pck_object_0011_part_001,pck_object_0011_part_001_choice_000,0x00170A,3,3,12,0x00F7,247,247,247,0,direct_signed,0x000000,0x0000F7,yes,050C002B050E003F0500005405020068,0,in_range_no_structural_match
PHAPCK_TBL.decoded.bin,pck_object_0011_part_001_choice_000_frame_227,pck_object_0011,pck_object_0011_part_001,pck_object_0011_part_001_choice_000,0x00170A,3,3,12,0x00F7,247,247,247,0,object_plus_unsigned,0x000FF2,0x0010E9,yes,FB00000005000301000C81030303030F,40,exact_frame_table_entry;byte0_high_bit_set;plausible_frame_record_prefix
PHAPCK_TBL.decoded.bin,pck_object_0011_part_001_choice_000_frame_227,pck_object_0011,pck_object_0011_part_001,pck_object_0011_part_001_choice_000,0x00170A,3,3,12,0x00F7,247,247,247,0,object_plus_signed,0x000FF2,0x0010E9,yes,FB00000005000301000C81030303030F,40,exact_frame_table_entry;byte0_high_bit_set;plausible_frame_record_prefix
PHAPCK_TBL.decoded.bin,pck_object_0011_part_001_choice_000_frame_227,pck_object_0011,pck_object_0011_part_001,pck_object_0011_part_001_choice_000,0x00170A,3,3,12,0x00F7,247,247,247,0,block_plus_unsigned,0x000FF0,0x0010E7,yes,0100FB00000005000301000C81030303,5,plausible_frame_record_prefix
PHAPCK_TBL.decoded.bin,pck_object_0011_part_001_choice_000_frame_227,pck_object_0011,pck_object_0011_part_001,pck_object_0011_part_001_choice_000,0x00170A,3,3,12,0x00F7,247,247,247,0,block_plus_signed,0x000FF0,0x0010E7,yes,0100FB00000005000301000C81030303,5,plausible_frame_record_prefix
PHAPCK_TBL.decoded.bin,pck_object_0011_part_001_choice_000_frame_227,pck_object_0011,pck_object_0011_part_001,pck_object_0011_part_001_choice_000,0x00170A,3,3,12,0x00F7,247,247,247,0,part_plus_signed,0x001008,0x0010FF,yes,00123001810303030315350181030303,0,in_range_no_structural_match
PHAPCK_TBL.decoded.bin,pck_object_0011_part_001_choice_000_frame_227,pck_object_0011,pck_object_0011_part_001,pck_object_0011_part_001_choice_000,0x00170A,3,3,12,0x00F7,247,247,247,0,frame_plus_signed,0x00170A,0x001801,yes,FFA000F6FF42FF8200ECFF4600FE07DB,5,byte0_high_bit_set
PHAPCK_TBL.decoded.bin,pck_object_0011_part_001_choice_000_frame_227,pck_object_0011,pck_object_0011_part_001,pck_object_0011_part_001_choice_000,0x00170A,3,3,12,0x00F7,247,247,247,0,payload_plus_signed,0x00170C,0x001803,yes,00F6FF42FF8200ECFF4600FE07DBFFB5,0,in_range_no_structural_match
PHAPCK_TBL.decoded.bin,pck_object_0011_part_001_choice_000_frame_228,pck_object_0011,pck_object_0011_part_001,pck_object_0011_part_001_choice_000,0x001712,3,3,13,0x00FC,252,252,252,0,direct_unsigned,0x000000,0x0000FC,yes,0E003F05000054050200680504007C05,5,plausible_frame_record_prefix
PHAPCK_TBL.decoded.bin,pck_object_0011_part_001_choice_000_frame_228,pck_object_0011,pck_object_0011_part_001,pck_object_0011_part_001_choice_000,0x001712,3,3,13,0x00FC,252,252,252,0,direct_signed,0x000000,0x0000FC,yes,0E003F05000054050200680504007C05,5,plausible_frame_record_prefix
PHAPCK_TBL.decoded.bin,pck_object_0011_part_001_choice_000_frame_228,pck_object_0011,pck_object_0011_part_001,pck_object_0011_part_001_choice_000,0x001712,3,3,13,0x00FC,252,252,252,0,object_plus_unsigned,0x000FF2,0x0010EE,yes,000301000C81030303030F2B01810000,5,plausible_frame_record_prefix
PHAPCK_TBL.decoded.bin,pck_object_0011_part_001_choice_000_frame_228,pck_object_0011,pck_object_0011_part_001,pck_object_0011_part_001_choice_000,0x001712,3,3,13,0x00FC,252,252,252,0,object_plus_signed,0x000FF2,0x0010EE,yes,000301000C81030303030F2B01810000,5,plausible_frame_record_prefix
PHAPCK_TBL.decoded.bin,pck_object_0011_part_001_choice_000_frame_228,pck_object_0011,pck_object_0011_part_001,pck_object_0011_part_001_choice_000,0x001712,3,3,13,0x00FC,252,252,252,0,block_plus_unsigned,0x000FF0,0x0010EC,yes,0005000301000C81030303030F2B0181,0,in_range_no_structural_match
PHAPCK_TBL.decoded.bin,pck_object_0011_part_001_choice_000_frame_228,pck_object_0011,pck_object_0011_part_001,pck_object_0011_part_001_choice_000,0x001712,3,3,13,0x00FC,252,252,252,0,block_plus_signed,0x000FF0,0x0010EC,yes,0005000301000C81030303030F2B0181,0,in_range_no_structural_match
PHAPCK_TBL.decoded.bin,pck_object_0011_part_001_choice_000_frame_228,pck_object_0011,pck_object_0011_part_001,pck_object_0011_part_001_choice_000,0x001712,3,3,13,0x00FC,252,252,252,0,part_plus_signed,0x001008,0x001104,yes,0303030315350181030303030C3A0181,5,plausible_frame_record_prefix
PHAPCK_TBL.decoded.bin,pck_object_0011_part_001_choice_000_frame_228,pck_object_0011,pck_object_0011_part_001,pck_object_0011_part_001_choice_000,0x001712,3,3,13,0x00FC,252,252,252,0,frame_plus_signed,0x001712,0x00180E,yes,FE07DBFFB5FFA000D8FF42FF000006F8,5,byte0_high_bit_set
PHAPCK_TBL.decoded.bin,pck_object_0011_part_001_choice_000_frame_228,pck_object_0011,pck_object_0011_part_001,pck_object_0011_part_001_choice_000,0x001712,3,3,13,0x00FC,252,252,252,0,payload_plus_signed,0x001714,0x001810,yes,DBFFB5FFA000D8FF42FF000006F86FFF,5,byte0_high_bit_set
PHAPCK_TBL.decoded.bin,pck_object_0016_part_001_choice_000_frame_011,pck_object_0016,pck_object_0016_part_001,pck_object_0016_part_001_choice_000,0x001694,3,-86,0,0xFFB0,65456,-80,176,255,direct_unsigned,0x000000,0x00FFB0,no,,0,outside_decoded_stream
PHAPCK_TBL.decoded.bin,pck_object_0016_part_001_choice_000_frame_011,pck_object_0016,pck_object_0016_part_001,pck_object_0016_part_001_choice_000,0x001694,3,-86,0,0xFFB0,65456,-80,176,255,direct_signed,0x000000,-0x000050,no,,0,outside_decoded_stream
PHAPCK_TBL.decoded.bin,pck_object_0016_part_001_choice_000_frame_011,pck_object_0016,pck_object_0016_part_001,pck_object_0016_part_001_choice_000,0x001694,3,-86,0,0xFFB0,65456,-80,176,255,object_plus_unsigned,0x00163C,0x0115EC,no,,0,outside_decoded_stream
PHAPCK_TBL.decoded.bin,pck_object_0016_part_001_choice_000_frame_011,pck_object_0016,pck_object_0016_part_001,pck_object_0016_part_001_choice_000,0x001694,3,-86,0,0xFFB0,65456,-80,176,255,object_plus_signed,0x00163C,0x0015EC,yes,080AFF01000301000005000B01000C81,0,in_range_no_structural_match
PHAPCK_TBL.decoded.bin,pck_object_0016_part_001_choice_000_frame_011,pck_object_0016,pck_object_0016_part_001,pck_object_0016_part_001_choice_000,0x001694,3,-86,0,0xFFB0,65456,-80,176,255,block_plus_unsigned,0x001630,0x0115E0,no,,0,outside_decoded_stream
PHAPCK_TBL.decoded.bin,pck_object_0016_part_001_choice_000_frame_011,pck_object_0016,pck_object_0016_part_001,pck_object_0016_part_001_choice_000,0x001694,3,-86,0,0xFFB0,65456,-80,176,255,block_plus_signed,0x001630,0x0015E0,yes,02050A0BFF020B0703FF0504080AFF01,0,in_range_no_structural_match
PHAPCK_TBL.decoded.bin,pck_object_0016_part_001_choice_000_frame_011,pck_object_0016,pck_object_0016_part_001,pck_object_0016_part_001_choice_000,0x001694,3,-86,0,0xFFB0,65456,-80,176,255,part_plus_signed,0x001652,0x001602,yes,0181000000001238018100000000143D,30,exact_frame_record
PHAPCK_TBL.decoded.bin,pck_object_0016_part_001_choice_000_frame_011,pck_object_0016,pck_object_0016_part_001,pck_object_0016_part_001_choice_000,0x001694,3,-86,0,0xFFB0,65456,-80,176,255,frame_plus_signed,0x001694,0x001644,yes,000002001A0000172A000100B4000E17,35,exact_frame_record;plausible_frame_record_prefix
PHAPCK_TBL.decoded.bin,pck_object_0016_part_001_choice_000_frame_011,pck_object_0016,pck_object_0016_part_001,pck_object_0016_part_001_choice_000,0x001694,3,-86,0,0xFFB0,65456,-80,176,255,payload_plus_signed,0x001696,0x001646,yes,02001A0000172A000100B4000E172A00,15,plausible_drawable_extents_at_plus6_plus8;plausible_frame_record_prefix
PHAPCK_TBL.decoded.bin,pck_object_0016_part_001_choice_000_frame_044,pck_object_0016,pck_object_0016_part_001,pck_object_0016_part_001_choice_000,0x00179C,3,0,0,0x0000,0,0,0,0,direct_unsigned,0x000000,0x000000,yes,04001E000A003100060045000F005A00,15,plausible_drawable_extents_at_plus6_plus8;plausible_frame_record_prefix
PHAPCK_TBL.decoded.bin,pck_object_0016_part_001_choice_000_frame_044,pck_object_0016,pck_object_0016_part_001,pck_object_0016_part_001_choice_000,0x00179C,3,0,0,0x0000,0,0,0,0,direct_signed,0x000000,0x000000,yes,04001E000A003100060045000F005A00,15,plausible_drawable_extents_at_plus6_plus8;plausible_frame_record_prefix
PHAPCK_TBL.decoded.bin,pck_object_0016_part_001_choice_000_frame_044,pck_object_0016,pck_object_0016_part_001,pck_object_0016_part_001_choice_000,0x00179C,3,0,0,0x0000,0,0,0,0,object_plus_unsigned,0x00163C,0x00163C,yes,8000260100000000000002001A000017,105,exact_object_offset;exact_frame_record;byte0_high_bit_set;plausible_object_header;plausible_frame_record_prefix
PHAPCK_TBL.decoded.bin,pck_object_0016_part_001_choice_000_frame_044,pck_object_0016,pck_object_0016_part_001,pck_object_0016_part_001_choice_000,0x00179C,3,0,0,0x0000,0,0,0,0,object_plus_signed,0x00163C,0x00163C,yes,8000260100000000000002001A000017,105,exact_object_offset;exact_frame_record;byte0_high_bit_set;plausible_object_header;plausible_frame_record_prefix
PHAPCK_TBL.decoded.bin,pck_object_0016_part_001_choice_000_frame_044,pck_object_0016,pck_object_0016_part_001,pck_object_0016_part_001_choice_000,0x00179C,3,0,0,0x0000,0,0,0,0,block_plus_unsigned,0x001630,0x001630,yes,15FF070B1510FF10151311FF80002601,25,exact_block_offset
PHAPCK_TBL.decoded.bin,pck_object_0016_part_001_choice_000_frame_044,pck_object_0016,pck_object_0016_part_001,pck_object_0016_part_001_choice_000,0x00179C,3,0,0,0x0000,0,0,0,0,block_plus_signed,0x001630,0x001630,yes,15FF070B1510FF10151311FF80002601,25,exact_block_offset
PHAPCK_TBL.decoded.bin,pck_object_0016_part_001_choice_000_frame_044,pck_object_0016,pck_object_0016_part_001,pck_object_0016_part_001_choice_000,0x00179C,3,0,0,0x0000,0,0,0,0,part_plus_signed,0x001652,0x001652,yes,0E172A0001000101E803000000000000,65,exact_part_offset;exact_frame_record
PHAPCK_TBL.decoded.bin,pck_object_0016_part_001_choice_000_frame_044,pck_object_0016,pck_object_0016_part_001,pck_object_0016_part_001_choice_000,0x00179C,3,0,0,0x0000,0,0,0,0,frame_plus_signed,0x00179C,0x00179C,yes,E803000000000000A805A8058200F6FF,40,exact_frame_record;byte0_high_bit_set;plausible_frame_record_prefix
PHAPCK_TBL.decoded.bin,pck_object_0016_part_001_choice_000_frame_044,pck_object_0016,pck_object_0016_part_001,pck_object_0016_part_001_choice_000,0x00179C,3,0,0,0x0000,0,0,0,0,payload_plus_signed,0x00179E,0x00179E,yes,000000000000A805A8058200F6FFE600,5,plausible_frame_record_prefix
PHAPCK_TBL.decoded.bin,pck_object_0016_part_001_choice_000_frame_085,pck_object_0016,pck_object_0016_part_001,pck_object_0016_part_001_choice_000,0x0018E4,3,0,0,0x0000,0,0,0,0,direct_unsigned,0x000000,0x000000,yes,04001E000A003100060045000F005A00,15,plausible_drawable_extents_at_plus6_plus8;plausible_frame_record_prefix
PHAPCK_TBL.decoded.bin,pck_object_0016_part_001_choice_000_frame_085,pck_object_0016,pck_object_0016_part_001,pck_object_0016_part_001_choice_000,0x0018E4,3,0,0,0x0000,0,0,0,0,direct_signed,0x000000,0x000000,yes,04001E000A003100060045000F005A00,15,plausible_drawable_extents_at_plus6_plus8;plausible_frame_record_prefix
PHAPCK_TBL.decoded.bin,pck_object_0016_part_001_choice_000_frame_085,pck_object_0016,pck_object_0016_part_001,pck_object_0016_part_001_choice_000,0x0018E4,3,0,0,0x0000,0,0,0,0,object_plus_unsigned,0x00163C,0x00163C,yes,8000260100000000000002001A000017,105,exact_object_offset;exact_frame_record;byte0_high_bit_set;plausible_object_header;plausible_frame_record_prefix
PHAPCK_TBL.decoded.bin,pck_object_0016_part_001_choice_000_frame_085,pck_object_0016,pck_object_0016_part_001,pck_object_0016_part_001_choice_000,0x0018E4,3,0,0,0x0000,0,0,0,0,object_plus_signed,0x00163C,0x00163C,yes,8000260100000000000002001A000017,105,exact_object_offset;exact_frame_record;byte0_high_bit_set;plausible_object_header;plausible_frame_record_prefix
PHAPCK_TBL.decoded.bin,pck_object_0016_part_001_choice_000_frame_085,pck_object_0016,pck_object_0016_part_001,pck_object_0016_part_001_choice_000,0x0018E4,3,0,0,0x0000,0,0,0,0,block_plus_unsigned,0x001630,0x001630,yes,15FF070B1510FF10151311FF80002601,25,exact_block_offset
PHAPCK_TBL.decoded.bin,pck_object_0016_part_001_choice_000_frame_085,pck_object_0016,pck_object_0016_part_001,pck_object_0016_part_001_choice_000,0x0018E4,3,0,0,0x0000,0,0,0,0,block_plus_signed,0x001630,0x001630,yes,15FF070B1510FF10151311FF80002601,25,exact_block_offset
PHAPCK_TBL.decoded.bin,pck_object_0016_part_001_choice_000_frame_085,pck_object_0016,pck_object_0016_part_001,pck_object_0016_part_001_choice_000,0x0018E4,3,0,0,0x0000,0,0,0,0,part_plus_signed,0x001652,0x001652,yes,0E172A0001000101E803000000000000,65,exact_part_offset;exact_frame_record
PHAPCK_TBL.decoded.bin,pck_object_0016_part_001_choice_000_frame_085,pck_object_0016,pck_object_0016_part_001,pck_object_0016_part_001_choice_000,0x0018E4,3,0,0,0x0000,0,0,0,0,frame_plus_signed,0x0018E4,0x0018E4,yes,E8030000000000003202B1078200D8FF,40,exact_frame_record;byte0_high_bit_set;plausible_frame_record_prefix
PHAPCK_TBL.decoded.bin,pck_object_0016_part_001_choice_000_frame_085,pck_object_0016,pck_object_0016_part_001,pck_object_0016_part_001_choice_000,0x0018E4,3,0,0,0x0000,0,0,0,0,payload_plus_signed,0x0018E6,0x0018E6,yes,0000000000003202B1078200D8FFE600,5,plausible_frame_record_prefix
PHAPCK_TBL.decoded.bin,pck_object_0016_part_001_choice_000_frame_086,pck_object_0016,pck_object_0016_part_001,pck_object_0016_part_001_choice_000,0x0018EC,2,-79,7,0x0082,130,130,130,0,direct_unsigned,0x000000,0x000082,yes,B3020900C8020200DE020B00F3020400,25,byte0_high_bit_set;plausible_object_header;plausible_frame_record_prefix
PHAPCK_TBL.decoded.bin,pck_object_0016_part_001_choice_000_frame_086,pck_object_0016,pck_object_0016_part_001,pck_object_0016_part_001_choice_000,0x0018EC,2,-79,7,0x0082,130,130,130,0,direct_signed,0x000000,0x000082,yes,B3020900C8020200DE020B00F3020400,25,byte0_high_bit_set;plausible_object_header;plausible_frame_record_prefix
PHAPCK_TBL.decoded.bin,pck_object_0016_part_001_choice_000_frame_086,pck_object_0016,pck_object_0016_part_001,pck_object_0016_part_001_choice_000,0x0018EC,2,-79,7,0x0082,130,130,130,0,object_plus_unsigned,0x00163C,0x0016BE,yes,60FFA000E2FF60FFFE07DBFFB5FFA000,0,in_range_no_structural_match
PHAPCK_TBL.decoded.bin,pck_object_0016_part_001_choice_000_frame_086,pck_object_0016,pck_object_0016_part_001,pck_object_0016_part_001_choice_000,0x0018EC,2,-79,7,0x0082,130,130,130,0,object_plus_signed,0x00163C,0x0016BE,yes,60FFA000E2FF60FFFE07DBFFB5FFA000,0,in_range_no_structural_match
PHAPCK_TBL.decoded.bin,pck_object_0016_part_001_choice_000_frame_086,pck_object_0016,pck_object_0016_part_001,pck_object_0016_part_001_choice_000,0x0018EC,2,-79,7,0x0082,130,130,130,0,block_plus_unsigned,0x001630,0x0016B2,yes,38FF0000FE074E008200E2FF60FFA000,40,exact_frame_record;plausible_drawable_extents_at_plus6_plus8
PHAPCK_TBL.decoded.bin,pck_object_0016_part_001_choice_000_frame_086,pck_object_0016,pck_object_0016_part_001,pck_object_0016_part_001_choice_000,0x0018EC,2,-79,7,0x0082,130,130,130,0,block_plus_signed,0x001630,0x0016B2,yes,38FF0000FE074E008200E2FF60FFA000,40,exact_frame_record;plausible_drawable_extents_at_plus6_plus8
PHAPCK_TBL.decoded.bin,pck_object_0016_part_001_choice_000_frame_086,pck_object_0016,pck_object_0016_part_001,pck_object_0016_part_001_choice_000,0x0018EC,2,-79,7,0x0082,130,130,130,0,part_plus_signed,0x001652,0x0016D4,yes,06F86FFF8200C4FF60FF0000000000F8,30,exact_frame_record
PHAPCK_TBL.decoded.bin,pck_object_0016_part_001_choice_000_frame_086,pck_object_0016,pck_object_0016_part_001,pck_object_0016_part_001_choice_000,0x0018EC,2,-79,7,0x0082,130,130,130,0,frame_plus_signed,0x0018EC,0x00196E,yes,0100B20000000500BA00000081030303,15,plausible_drawable_extents_at_plus6_plus8;plausible_frame_record_prefix
PHAPCK_TBL.decoded.bin,pck_object_0016_part_001_choice_000_frame_086,pck_object_0016,pck_object_0016_part_001,pck_object_0016_part_001_choice_000,0x0018EC,2,-79,7,0x0082,130,130,130,0,payload_plus_signed,0x0018EE,0x001970,yes,B20000000500BA000000810303030301,10,byte0_high_bit_set;plausible_frame_record_prefix
PHAPCK_TBL.decoded.bin,pck_object_0016_part_001_choice_000_frame_104,pck_object_0016,pck_object_0016_part_001,pck_object_0016_part_001_choice_000,0x00197C,3,3,1,0x00E2,226,226,226,0,direct_unsigned,0x000000,0x0000E2,yes,B3040200C7040400DB040600EF040800,20,byte0_high_bit_set;plausible_object_header
PHAPCK_TBL.decoded.bin,pck_object_0016_part_001_choice_000_frame_104,pck_object_0016,pck_object_0016_part_001,pck_object_0016_part_001_choice_000,0x00197C,3,3,1,0x00E2,226,226,226,0,direct_signed,0x000000,0x0000E2,yes,B3040200C7040400DB040600EF040800,20,byte0_high_bit_set;plausible_object_header
PHAPCK_TBL.decoded.bin,pck_object_0016_part_001_choice_000_frame_104,pck_object_0016,pck_object_0016_part_001,pck_object_0016_part_001_choice_000,0x00197C,3,3,1,0x00E2,226,226,226,0,object_plus_unsigned,0x00163C,0x00171E,yes,030708FF02050A0BFF020B0703FF0504,0,in_range_no_structural_match
PHAPCK_TBL.decoded.bin,pck_object_0016_part_001_choice_000_frame_104,pck_object_0016,pck_object_0016_part_001,pck_object_0016_part_001_choice_000,0x00197C,3,3,1,0x00E2,226,226,226,0,object_plus_signed,0x00163C,0x00171E,yes,030708FF02050A0BFF020B0703FF0504,0,in_range_no_structural_match
PHAPCK_TBL.decoded.bin,pck_object_0016_part_001_choice_000_frame_104,pck_object_0016,pck_object_0016_part_001,pck_object_0016_part_001_choice_000,0x00197C,3,3,1,0x00E2,226,226,226,0,block_plus_unsigned,0x001630,0x001712,yes,0303030DFC0002030405FF04030708FF,35,exact_frame_record;plausible_frame_record_prefix
PHAPCK_TBL.decoded.bin,pck_object_0016_part_001_choice_000_frame_104,pck_object_0016,pck_object_0016_part_001,pck_object_0016_part_001_choice_000,0x00197C,3,3,1,0x00E2,226,226,226,0,block_plus_signed,0x001630,0x001712,yes,0303030DFC0002030405FF04030708FF,35,exact_frame_record;plausible_frame_record_prefix
PHAPCK_TBL.decoded.bin,pck_object_0016_part_001_choice_000_frame_104,pck_object_0016,pck_object_0016_part_001,pck_object_0016_part_001_choice_000,0x00197C,3,3,1,0x00E2,226,226,226,0,part_plus_signed,0x001652,0x001734,yes,01000005000D01000C81000000000F35,35,exact_frame_record;plausible_frame_record_prefix
PHAPCK_TBL.decoded.bin,pck_object_0016_part_001_choice_000_frame_104,pck_object_0016,pck_object_0016_part_001,pck_object_0016_part_001_choice_000,0x00197C,3,3,1,0x00E2,226,226,226,0,frame_plus_signed,0x00197C,0x001A5E,yes,35F834FEAA0014005A00820014005A00,10,plausible_drawable_extents_at_plus6_plus8
PHAPCK_TBL.decoded.bin,pck_object_0016_part_001_choice_000_frame_104,pck_object_0016,pck_object_0016_part_001,pck_object_0016_part_001_choice_000,0x00197C,3,3,1,0x00E2,226,226,226,0,payload_plus_signed,0x00197E,0x001A60,yes,34FEAA0014005A00820014005A0000F8,40,exact_frame_record;plausible_drawable_extents_at_plus6_plus8
PHAPCK_TBL.decoded.bin,pck_object_0016_part_001_choice_000_frame_107,pck_object_0016,pck_object_0016_part_001,pck_object_0016_part_001_choice_000,0x001994,3,3,12,0x00F1,241,241,241,0,direct_unsigned,0x000000,0x0000F1,yes,0003050A0017050C002B050E003F0500,5,plausible_frame_record_prefix
PHAPCK_TBL.decoded.bin,pck_object_0016_part_001_choice_000_frame_107,pck_object_0016,pck_object_0016_part_001,pck_object_0016_part_001_choice_000,0x001994,3,3,12,0x00F1,241,241,241,0,direct_signed,0x000000,0x0000F1,yes,0003050A0017050C002B050E003F0500,5,plausible_frame_record_prefix
PHAPCK_TBL.decoded.bin,pck_object_0016_part_001_choice_000_frame_107,pck_object_0016,pck_object_0016_part_001,pck_object_0016_part_001_choice_000,0x001994,3,3,12,0x00F1,241,241,241,0,object_plus_unsigned,0x00163C,0x00172D,yes,04080AFF01000501000005000D01000C,0,in_range_no_structural_match
PHAPCK_TBL.decoded.bin,pck_object_0016_part_001_choice_000_frame_107,pck_object_0016,pck_object_0016_part_001,pck_object_0016_part_001_choice_000,0x001994,3,3,12,0x00F1,241,241,241,0,object_plus_signed,0x00163C,0x00172D,yes,04080AFF01000501000005000D01000C,0,in_range_no_structural_match
PHAPCK_TBL.decoded.bin,pck_object_0016_part_001_choice_000_frame_107,pck_object_0016,pck_object_0016_part_001,pck_object_0016_part_001_choice_000,0x001994,3,3,12,0x00F1,241,241,241,0,block_plus_unsigned,0x001630,0x001721,yes,FF02050A0BFF020B0703FF0504080AFF,10,byte0_high_bit_set;plausible_frame_record_prefix
PHAPCK_TBL.decoded.bin,pck_object_0016_part_001_choice_000_frame_107,pck_object_0016,pck_object_0016_part_001,pck_object_0016_part_001_choice_000,0x001994,3,3,12,0x00F1,241,241,241,0,block_plus_signed,0x001630,0x001721,yes,FF02050A0BFF020B0703FF0504080AFF,10,byte0_high_bit_set;plausible_frame_record_prefix
PHAPCK_TBL.decoded.bin,pck_object_0016_part_001_choice_000_frame_107,pck_object_0016,pck_object_0016_part_001,pck_object_0016_part_001_choice_000,0x001994,3,3,12,0x00F1,241,241,241,0,part_plus_signed,0x001652,0x001743,yes,35018100000000123A01810000000014,5,plausible_frame_record_prefix
PHAPCK_TBL.decoded.bin,pck_object_0016_part_001_choice_000_frame_107,pck_object_0016,pck_object_0016_part_001,pck_object_0016_part_001_choice_000,0x001994,3,3,12,0x00F1,241,241,241,0,frame_plus_signed,0x001994,0x001A85,yes,0282008C0056FFA0008C0056FFFE0700,0,in_range_no_structural_match
PHAPCK_TBL.decoded.bin,pck_object_0016_part_001_choice_000_frame_107,pck_object_0016,pck_object_0016_part_001,pck_object_0016_part_001_choice_000,0x001994,3,3,12,0x00F1,241,241,241,0,payload_plus_signed,0x001996,0x001A87,yes,008C0056FFA0008C0056FFFE070000B5,0,in_range_no_structural_match
PHAPCK_TBL.decoded.bin,pck_object_0016_part_001_choice_000_frame_108,pck_object_0016,pck_object_0016_part_001,pck_object_0016_part_001_choice_000,0x00199C,3,3,13,0x00F6,246,246,246,0,direct_unsigned,0x000000,0x0000F6,yes,17050C002B050E003F05000054050200,0,in_range_no_structural_match
PHAPCK_TBL.decoded.bin,pck_object_0016_part_001_choice_000_frame_108,pck_object_0016,pck_object_0016_part_001,pck_object_0016_part_001_choice_000,0x00199C,3,3,13,0x00F6,246,246,246,0,direct_signed,0x000000,0x0000F6,yes,17050C002B050E003F05000054050200,0,in_range_no_structural_match
PHAPCK_TBL.decoded.bin,pck_object_0016_part_001_choice_000_frame_108,pck_object_0016,pck_object_0016_part_001,pck_object_0016_part_001_choice_000,0x00199C,3,3,13,0x00F6,246,246,246,0,object_plus_unsigned,0x00163C,0x001732,yes,000501000005000D01000C8100000000,30,exact_frame_record
PHAPCK_TBL.decoded.bin,pck_object_0016_part_001_choice_000_frame_108,pck_object_0016,pck_object_0016_part_001,pck_object_0016_part_001_choice_000,0x00199C,3,3,13,0x00F6,246,246,246,0,object_plus_signed,0x00163C,0x001732,yes,000501000005000D01000C8100000000,30,exact_frame_record
PHAPCK_TBL.decoded.bin,pck_object_0016_part_001_choice_000_frame_108,pck_object_0016,pck_object_0016_part_001,pck_object_0016_part_001_choice_000,0x00199C,3,3,13,0x00F6,246,246,246,0,block_plus_unsigned,0x001630,0x001726,yes,FF020B0703FF0504080AFF0100050100,10,byte0_high_bit_set;plausible_frame_record_prefix
PHAPCK_TBL.decoded.bin,pck_object_0016_part_001_choice_000_frame_108,pck_object_0016,pck_object_0016_part_001,pck_object_0016_part_001_choice_000,0x00199C,3,3,13,0x00F6,246,246,246,0,block_plus_signed,0x001630,0x001726,yes,FF020B0703FF0504080AFF0100050100,10,byte0_high_bit_set;plausible_frame_record_prefix
PHAPCK_TBL.decoded.bin,pck_object_0016_part_001_choice_000_frame_108,pck_object_0016,pck_object_0016_part_001,pck_object_0016_part_001_choice_000,0x00199C,3,3,13,0x00F6,246,246,246,0,part_plus_signed,0x001652,0x001748,yes,0000123A018100000000143F01810000,5,plausible_frame_record_prefix
PHAPCK_TBL.decoded.bin,pck_object_0016_part_001_choice_000_frame_108,pck_object_0016,pck_object_0016_part_001,pck_object_0016_part_001_choice_000,0x00199C,3,3,13,0x00F6,246,246,246,0,frame_plus_signed,0x00199C,0x001A92,yes,FE070000B5FFA0006E004CFF00006AF8,15,byte0_high_bit_set;plausible_drawable_extents_at_plus6_plus8
PHAPCK_TBL.decoded.bin,pck_object_0016_part_001_choice_000_frame_108,pck_object_0016,pck_object_0016_part_001,pck_object_0016_part_001_choice_000,0x00199C,3,3,13,0x00F6,246,246,246,0,payload_plus_signed,0x00199E,0x001A94,yes,0000B5FFA0006E004CFF00006AF879FD,5,plausible_frame_record_prefix
PHAPCK_TBL.decoded.bin,pck_object_0019_part_000_choice_000_frame_044,pck_object_0019,pck_object_0019_part_000,pck_object_0019_part_000_choice_000,0x001B68,3,0,0,0x0000,0,0,0,0,direct_unsigned,0x000000,0x000000,yes,04001E000A003100060045000F005A00,15,plausible_drawable_extents_at_plus6_plus8;plausible_frame_record_prefix
PHAPCK_TBL.decoded.bin,pck_object_0019_part_000_choice_000_frame_044,pck_object_0019,pck_object_0019_part_000,pck_object_0019_part_000_choice_000,0x001B68,3,0,0,0x0000,0,0,0,0,direct_signed,0x000000,0x000000,yes,04001E000A003100060045000F005A00,15,plausible_drawable_extents_at_plus6_plus8;plausible_frame_record_prefix
PHAPCK_TBL.decoded.bin,pck_object_0019_part_000_choice_000_frame_044,pck_object_0019,pck_object_0019_part_000,pck_object_0019_part_000_choice_000,0x001B68,3,0,0,0x0000,0,0,0,0,object_plus_unsigned,0x001A08,0x001A08,yes,80001601000000000000020016000017,105,exact_object_offset;exact_frame_record;byte0_high_bit_set;plausible_object_header;plausible_frame_record_prefix
PHAPCK_TBL.decoded.bin,pck_object_0019_part_000_choice_000_frame_044,pck_object_0019,pck_object_0019_part_000,pck_object_0019_part_000_choice_000,0x001B68,3,0,0,0x0000,0,0,0,0,object_plus_signed,0x001A08,0x001A08,yes,80001601000000000000020016000017,105,exact_object_offset;exact_frame_record;byte0_high_bit_set;plausible_object_header;plausible_frame_record_prefix
PHAPCK_TBL.decoded.bin,pck_object_0019_part_000_choice_000_frame_044,pck_object_0019,pck_object_0019_part_000,pck_object_0019_part_000_choice_000,0x001B68,3,0,0,0x0000,0,0,0,0,block_plus_unsigned,0x001A00,0x001A00,yes,1510FF10151311FF8000160100000000,25,exact_block_offset
PHAPCK_TBL.decoded.bin,pck_object_0019_part_000_choice_000_frame_044,pck_object_0019,pck_object_0019_part_000,pck_object_0019_part_000_choice_000,0x001B68,3,0,0,0x0000,0,0,0,0,block_plus_signed,0x001A00,0x001A00,yes,1510FF10151311FF8000160100000000,25,exact_block_offset
PHAPCK_TBL.decoded.bin,pck_object_0019_part_000_choice_000_frame_044,pck_object_0019,pck_object_0019_part_000,pck_object_0019_part_000_choice_000,0x001B68,3,0,0,0x0000,0,0,0,0,part_plus_signed,0x001A16,0x001A16,yes,001726000100B0000E1726000100FD00,35,exact_part_offset
PHAPCK_TBL.decoded.bin,pck_object_0019_part_000_choice_000_frame_044,pck_object_0019,pck_object_0019_part_000,pck_object_0019_part_000_choice_000,0x001B68,3,0,0,0x0000,0,0,0,0,frame_plus_signed,0x001B68,0x001B68,yes,E803000000000000F001C2078200F6FF,40,exact_frame_record;byte0_high_bit_set;plausible_frame_record_prefix
PHAPCK_TBL.decoded.bin,pck_object_0019_part_000_choice_000_frame_044,pck_object_0019,pck_object_0019_part_000,pck_object_0019_part_000_choice_000,0x001B68,3,0,0,0x0000,0,0,0,0,payload_plus_signed,0x001B6A,0x001B6A,yes,000000000000F001C2078200F6FFDC00,5,plausible_frame_record_prefix
PHAPCK_TBL.decoded.bin,pck_object_0019_part_000_choice_000_frame_063,pck_object_0019,pck_object_0019_part_000,pck_object_0019_part_000_choice_000,0x001C00,3,3,1,0x00E6,230,230,230,0,direct_unsigned,0x000000,0x0000E6,yes,C7040400DB040600EF04080003050A00,20,byte0_high_bit_set;plausible_object_header
PHAPCK_TBL.decoded.bin,pck_object_0019_part_000_choice_000_frame_063,pck_object_0019,pck_object_0019_part_000,pck_object_0019_part_000_choice_000,0x001C00,3,3,1,0x00E6,230,230,230,0,direct_signed,0x000000,0x0000E6,yes,C7040400DB040600EF04080003050A00,20,byte0_high_bit_set;plausible_object_header
PHAPCK_TBL.decoded.bin,pck_object_0019_part_000_choice_000_frame_063,pck_object_0019,pck_object_0019_part_000,pck_object_0019_part_000_choice_000,0x001C00,3,3,1,0x00E6,230,230,230,0,object_plus_unsigned,0x001A08,0x001AEE,yes,02050A0BFF020B0703FF0504080AFF01,0,in_range_no_structural_match
PHAPCK_TBL.decoded.bin,pck_object_0019_part_000_choice_000_frame_063,pck_object_0019,pck_object_0019_part_000,pck_object_0019_part_000_choice_000,0x001C00,3,3,1,0x00E6,230,230,230,0,object_plus_signed,0x001A08,0x001AEE,yes,02050A0BFF020B0703FF0504080AFF01,0,in_range_no_structural_match
PHAPCK_TBL.decoded.bin,pck_object_0019_part_000_choice_000_frame_063,pck_object_0019,pck_object_0019_part_000,pck_object_0019_part_000_choice_000,0x001C00,3,3,1,0x00E6,230,230,230,0,block_plus_unsigned,0x001A00,0x001AE6,yes,0405FF04030708FF02050A0BFF020B07,0,in_range_no_structural_match
PHAPCK_TBL.decoded.bin,pck_object_0019_part_000_choice_000_frame_063,pck_object_0019,pck_object_0019_part_000,pck_object_0019_part_000_choice_000,0x001C00,3,3,1,0x00E6,230,230,230,0,block_plus_signed,0x001A00,0x001AE6,yes,0405FF04030708FF02050A0BFF020B07,0,in_range_no_structural_match
PHAPCK_TBL.decoded.bin,pck_object_0019_part_000_choice_000_frame_063,pck_object_0019,pck_object_0019_part_000,pck_object_0019_part_000_choice_000,0x001C00,3,3,1,0x00E6,230,230,230,0,part_plus_signed,0x001A16,0x001AFC,yes,FF010001010000050009010000810000,25,byte0_high_bit_set;plausible_object_header;plausible_frame_record_prefix
PHAPCK_TBL.decoded.bin,pck_object_0019_part_000_choice_000_frame_063,pck_object_0019,pck_object_0019_part_000,pck_object_0019_part_000_choice_000,0x001C00,3,3,1,0x00E6,230,230,230,0,frame_plus_signed,0x001C00,0x001CE6,yes,AA00F6FF50008200F6FF500000F80000,10,byte0_high_bit_set;plausible_frame_record_prefix
PHAPCK_TBL.decoded.bin,pck_object_0019_part_000_choice_000_frame_063,pck_object_0019,pck_object_0019_part_000,pck_object_0019_part_000_choice_000,0x001C00,3,3,1,0x00E6,230,230,230,0,payload_plus_signed,0x001C02,0x001CE8,yes,F6FF50008200F6FF500000F800000000,35,exact_frame_record;byte0_high_bit_set
PHAPCK_TBL.decoded.bin,pck_object_0019_part_000_choice_000_frame_066,pck_object_0019,pck_object_0019_part_000,pck_object_0019_part_000_choice_000,0x001C18,3,3,12,0x00F5,245,245,245,0,direct_unsigned,0x000000,0x0000F5,yes,0017050C002B050E003F050000540502,0,in_range_no_structural_match
PHAPCK_TBL.decoded.bin,pck_object_0019_part_000_choice_000_frame_066,pck_object_0019,pck_object_0019_part_000,pck_object_0019_part_000_choice_000,0x001C18,3,3,12,0x00F5,245,245,245,0,direct_signed,0x000000,0x0000F5,yes,0017050C002B050E003F050000540502,0,in_range_no_structural_match
PHAPCK_TBL.decoded.bin,pck_object_0019_part_000_choice_000_frame_066,pck_object_0019,pck_object_0019_part_000,pck_object_0019_part_000_choice_000,0x001C18,3,3,12,0x00F5,245,245,245,0,object_plus_unsigned,0x001A08,0x001AFD,yes,01000101000005000901000081000000,5,plausible_frame_record_prefix
PHAPCK_TBL.decoded.bin,pck_object_0019_part_000_choice_000_frame_066,pck_object_0019,pck_object_0019_part_000,pck_object_0019_part_000_choice_000,0x001C18,3,3,12,0x00F5,245,245,245,0,object_plus_signed,0x001A08,0x001AFD,yes,01000101000005000901000081000000,5,plausible_frame_record_prefix
PHAPCK_TBL.decoded.bin,pck_object_0019_part_000_choice_000_frame_066,pck_object_0019,pck_object_0019_part_000,pck_object_0019_part_000_choice_000,0x001C18,3,3,12,0x00F5,245,245,245,0,block_plus_unsigned,0x001A00,0x001AF5,yes,0703FF0504080AFF0100010100000500,5,plausible_frame_record_prefix
PHAPCK_TBL.decoded.bin,pck_object_0019_part_000_choice_000_frame_066,pck_object_0019,pck_object_0019_part_000,pck_object_0019_part_000_choice_000,0x001C18,3,3,12,0x00F5,245,245,245,0,block_plus_signed,0x001A00,0x001AF5,yes,0703FF0504080AFF0100010100000500,5,plausible_frame_record_prefix
PHAPCK_TBL.decoded.bin,pck_object_0019_part_000_choice_000_frame_066,pck_object_0019,pck_object_0019_part_000,pck_object_0019_part_000_choice_000,0x001C18,3,3,12,0x00F5,245,245,245,0,part_plus_signed,0x001A16,0x001B0B,yes,0000000F310181000000001236018100,5,plausible_frame_record_prefix
PHAPCK_TBL.decoded.bin,pck_object_0019_part_000_choice_000_frame_066,pck_object_0019,pck_object_0019_part_000,pck_object_0019_part_000_choice_000,0x001C18,3,3,12,0x00F5,245,245,245,0,frame_plus_signed,0x001C18,0x001D0D,yes,0056FFA000460056FFFE070000AFFFA0,0,in_range_no_structural_match
PHAPCK_TBL.decoded.bin,pck_object_0019_part_000_choice_000_frame_066,pck_object_0019,pck_object_0019_part_000,pck_object_0019_part_000_choice_000,0x001C18,3,3,12,0x00F5,245,245,245,0,payload_plus_signed,0x001C1A,0x001D0F,yes,FFA000460056FFFE070000AFFFA00028,5,byte0_high_bit_set
PHAPCK_TBL.decoded.bin,pck_object_0019_part_000_choice_000_frame_067,pck_object_0019,pck_object_0019_part_000,pck_object_0019_part_000_choice_000,0x001C20,3,3,13,0x00FA,250,250,250,0,direct_unsigned,0x000000,0x0000FA,yes,2B050E003F0500005405020068050400,0,in_range_no_structural_match
PHAPCK_TBL.decoded.bin,pck_object_0019_part_000_choice_000_frame_067,pck_object_0019,pck_object_0019_part_000,pck_object_0019_part_000_choice_000,0x001C20,3,3,13,0x00FA,250,250,250,0,direct_signed,0x000000,0x0000FA,yes,2B050E003F0500005405020068050400,0,in_range_no_structural_match
PHAPCK_TBL.decoded.bin,pck_object_0019_part_000_choice_000_frame_067,pck_object_0019,pck_object_0019_part_000,pck_object_0019_part_000_choice_000,0x001C20,3,3,13,0x00FA,250,250,250,0,object_plus_unsigned,0x001A08,0x001B02,yes,0005000901000081000000000F310181,0,in_range_no_structural_match
PHAPCK_TBL.decoded.bin,pck_object_0019_part_000_choice_000_frame_067,pck_object_0019,pck_object_0019_part_000,pck_object_0019_part_000_choice_000,0x001C20,3,3,13,0x00FA,250,250,250,0,object_plus_signed,0x001A08,0x001B02,yes,0005000901000081000000000F310181,0,in_range_no_structural_match
PHAPCK_TBL.decoded.bin,pck_object_0019_part_000_choice_000_frame_067,pck_object_0019,pck_object_0019_part_000,pck_object_0019_part_000_choice_000,0x001C20,3,3,13,0x00FA,250,250,250,0,block_plus_unsigned,0x001A00,0x001AFA,yes,080AFF01000101000005000901000081,0,in_range_no_structural_match
PHAPCK_TBL.decoded.bin,pck_object_0019_part_000_choice_000_frame_067,pck_object_0019,pck_object_0019_part_000,pck_object_0019_part_000_choice_000,0x001C20,3,3,13,0x00FA,250,250,250,0,block_plus_signed,0x001A00,0x001AFA,yes,080AFF01000101000005000901000081,0,in_range_no_structural_match
PHAPCK_TBL.decoded.bin,pck_object_0019_part_000_choice_000_frame_067,pck_object_0019,pck_object_0019_part_000,pck_object_0019_part_000_choice_000,0x001C20,3,3,13,0x00FA,250,250,250,0,part_plus_signed,0x001A16,0x001B10,yes,0181000000001236018100000000143B,30,exact_frame_record
PHAPCK_TBL.decoded.bin,pck_object_0019_part_000_choice_000_frame_067,pck_object_0019,pck_object_0019_part_000,pck_object_0019_part_000_choice_000,0x001C20,3,3,13,0x00FA,250,250,250,0,frame_plus_signed,0x001C20,0x001D1A,yes,AFFFA000280056FF000028F86FFE8200,5,byte0_high_bit_set
PHAPCK_TBL.decoded.bin,pck_object_0019_part_000_choice_000_frame_067,pck_object_0019,pck_object_0019_part_000,pck_object_0019_part_000_choice_000,0x001C20,3,3,13,0x00FA,250,250,250,0,payload_plus_signed,0x001C22,0x001D1C,yes,A000280056FF000028F86FFE82002800,40,exact_frame_record;byte0_high_bit_set;plausible_frame_record_prefix
PHAPCK_TBL.decoded.bin,pck_object_0019_part_000_choice_000_frame_071,pck_object_0019,pck_object_0019_part_000,pck_object_0019_part_000_choice_000,0x001C40,3,1,0,0x0500,1280,1280,0,5,direct_unsigned,0x000000,0x000500,yes,00000D00B800080081080F0001012001,5,plausible_frame_record_prefix
PHAPCK_TBL.decoded.bin,pck_object_0019_part_000_choice_000_frame_071,pck_object_0019,pck_object_0019_part_000,pck_object_0019_part_000_choice_000,0x001C40,3,1,0,0x0500,1280,1280,0,5,direct_signed,0x000000,0x000500,yes,00000D00B800080081080F0001012001,5,plausible_frame_record_prefix
PHAPCK_TBL.decoded.bin,pck_object_0019_part_000_choice_000_frame_071,pck_object_0019,pck_object_0019_part_000,pck_object_0019_part_000_choice_000,0x001C40,3,1,0,0x0500,1280,1280,0,5,object_plus_unsigned,0x001A08,0x001F08,yes,FF12080713FF0F12130CFF02050A09FF,35,exact_frame_record;byte0_high_bit_set
PHAPCK_TBL.decoded.bin,pck_object_0019_part_000_choice_000_frame_071,pck_object_0019,pck_object_0019_part_000,pck_object_0019_part_000_choice_000,0x001C40,3,1,0,0x0500,1280,1280,0,5,object_plus_signed,0x001A08,0x001F08,yes,FF12080713FF0F12130CFF02050A09FF,35,exact_frame_record;byte0_high_bit_set
PHAPCK_TBL.decoded.bin,pck_object_0019_part_000_choice_000_frame_071,pck_object_0019,pck_object_0019_part_000,pck_object_0019_part_000_choice_000,0x001C40,3,1,0,0x0500,1280,1280,0,5,block_plus_unsigned,0x001A00,0x001F00,yes,FF120F08FF13070CFF12080713FF0F12,35,exact_frame_record;byte0_high_bit_set
PHAPCK_TBL.decoded.bin,pck_object_0019_part_000_choice_000_frame_071,pck_object_0019,pck_object_0019_part_000,pck_object_0019_part_000_choice_000,0x001C40,3,1,0,0x0500,1280,1280,0,5,block_plus_signed,0x001A00,0x001F00,yes,FF120F08FF13070CFF12080713FF0F12,35,exact_frame_record;byte0_high_bit_set
PHAPCK_TBL.decoded.bin,pck_object_0019_part_000_choice_000_frame_071,pck_object_0019,pck_object_0019_part_000,pck_object_0019_part_000_choice_000,0x001C40,3,1,0,0x0500,1280,1280,0,5,part_plus_signed,0x001A16,0x001F16,yes,09FF02091003FF0A05040DFF0403100D,0,in_range_no_structural_match
PHAPCK_TBL.decoded.bin,pck_object_0019_part_000_choice_000_frame_071,pck_object_0019,pck_object_0019_part_000,pck_object_0019_part_000_choice_000,0x001C40,3,1,0,0x0500,1280,1280,0,5,frame_plus_signed,0x001C40,0x002140,yes,1F0181000000000B240181000000000E,5,plausible_frame_record_prefix
PHAPCK_TBL.decoded.bin,pck_object_0019_part_000_choice_000_frame_071,pck_object_0019,pck_object_0019_part_000,pck_object_0019_part_000_choice_000,0x001C40,3,1,0,0x0500,1280,1280,0,5,payload_plus_signed,0x001C42,0x002142,yes,81000000000B240181000000000E2901,35,byte0_high_bit_set;plausible_object_header;plausible_drawable_extents_at_plus6_plus8;plausible_frame_record_prefix
PHAPCK_TBL.decoded.bin,pck_object_0019_part_000_choice_000_frame_103,pck_object_0019,pck_object_0019_part_000,pck_object_0019_part_000_choice_000,0x001D40,3,3,3,0x0103,259,259,3,1,direct_unsigned,0x000000,0x000103,yes,050200680504007C050D0091050600A7,5,plausible_frame_record_prefix
PHAPCK_TBL.decoded.bin,pck_object_0019_part_000_choice_000_frame_103,pck_object_0019,pck_object_0019_part_000,pck_object_0019_part_000_choice_000,0x001D40,3,3,3,0x0103,259,259,3,1,direct_signed,0x000000,0x000103,yes,050200680504007C050D0091050600A7,5,plausible_frame_record_prefix
PHAPCK_TBL.decoded.bin,pck_object_0019_part_000_choice_000_frame_103,pck_object_0019,pck_object_0019_part_000,pck_object_0019_part_000_choice_000,0x001D40,3,3,3,0x0103,259,259,3,1,object_plus_unsigned,0x001A08,0x001B0B,yes,0000000F310181000000001236018100,5,plausible_frame_record_prefix
PHAPCK_TBL.decoded.bin,pck_object_0019_part_000_choice_000_frame_103,pck_object_0019,pck_object_0019_part_000,pck_object_0019_part_000_choice_000,0x001D40,3,3,3,0x0103,259,259,3,1,object_plus_signed,0x001A08,0x001B0B,yes,0000000F310181000000001236018100,5,plausible_frame_record_prefix
PHAPCK_TBL.decoded.bin,pck_object_0019_part_000_choice_000_frame_103,pck_object_0019,pck_object_0019_part_000,pck_object_0019_part_000_choice_000,0x001D40,3,3,3,0x0103,259,259,3,1,block_plus_unsigned,0x001A00,0x001B03,yes,05000901000081000000000F31018100,5,plausible_frame_record_prefix
PHAPCK_TBL.decoded.bin,pck_object_0019_part_000_choice_000_frame_103,pck_object_0019,pck_object_0019_part_000,pck_object_0019_part_000_choice_000,0x001D40,3,3,3,0x0103,259,259,3,1,block_plus_signed,0x001A00,0x001B03,yes,05000901000081000000000F31018100,5,plausible_frame_record_prefix
PHAPCK_TBL.decoded.bin,pck_object_0019_part_000_choice_000_frame_103,pck_object_0019,pck_object_0019_part_000,pck_object_0019_part_000_choice_000,0x001D40,3,3,3,0x0103,259,259,3,1,part_plus_signed,0x001A16,0x001B19,yes,8100000000143B0181000000000C4001,35,byte0_high_bit_set;plausible_object_header;plausible_drawable_extents_at_plus6_plus8;plausible_frame_record_prefix
PHAPCK_TBL.decoded.bin,pck_object_0019_part_000_choice_000_frame_103,pck_object_0019,pck_object_0019_part_000,pck_object_0019_part_000_choice_000,0x001D40,3,3,3,0x0103,259,259,3,1,frame_plus_signed,0x001D40,0x001E43,yes,FED8FF000092FF000028F89101D8FF5A,5,byte0_high_bit_set
PHAPCK_TBL.decoded.bin,pck_object_0019_part_000_choice_000_frame_103,pck_object_0019,pck_object_0019_part_000,pck_object_0019_part_000_choice_000,0x001D40,3,3,3,0x0103,259,259,3,1,payload_plus_signed,0x001D42,0x001E45,yes,FF000092FF000028F89101D8FF5A00CA,10,byte0_high_bit_set;plausible_frame_record_prefix
PHAPCK_TBL.decoded.bin,pck_object_0019_part_000_choice_000_frame_104,pck_object_0019,pck_object_0019_part_000,pck_object_0019_part_000_choice_000,0x001D48,2,2,5,0x0605,1541,1541,5,6,direct_unsigned,0x000000,0x000605,yes,92FF00F8000000002800D8FFCAFE2800,5,byte0_high_bit_set
PHAPCK_TBL.decoded.bin,pck_object_0019_part_000_choice_000_frame_104,pck_object_0019,pck_object_0019_part_000,pck_object_0019_part_000_choice_000,0x001D48,2,2,5,0x0605,1541,1541,5,6,direct_signed,0x000000,0x000605,yes,92FF00F8000000002800D8FFCAFE2800,5,byte0_high_bit_set
PHAPCK_TBL.decoded.bin,pck_object_0019_part_000_choice_000_frame_104,pck_object_0019,pck_object_0019_part_000,pck_object_0019_part_000_choice_000,0x001D48,2,2,5,0x0605,1541,1541,5,6,object_plus_unsigned,0x001A08,0x00200D,yes,030B3E01810000000014420181000000,0,in_range_no_structural_match
PHAPCK_TBL.decoded.bin,pck_object_0019_part_000_choice_000_frame_104,pck_object_0019,pck_object_0019_part_000,pck_object_0019_part_000_choice_000,0x001D48,2,2,5,0x0605,1541,1541,5,6,object_plus_signed,0x001A08,0x00200D,yes,030B3E01810000000014420181000000,0,in_range_no_structural_match
PHAPCK_TBL.decoded.bin,pck_object_0019_part_000_choice_000_frame_104,pck_object_0019,pck_object_0019_part_000,pck_object_0019_part_000_choice_000,0x001D48,2,2,5,0x0605,1541,1541,5,6,block_plus_unsigned,0x001A00,0x002005,yes,030E3A0181030303030B3E0181000000,0,in_range_no_structural_match
PHAPCK_TBL.decoded.bin,pck_object_0019_part_000_choice_000_frame_104,pck_object_0019,pck_object_0019_part_000,pck_object_0019_part_000_choice_000,0x001D48,2,2,5,0x0605,1541,1541,5,6,block_plus_signed,0x001A00,0x002005,yes,030E3A0181030303030B3E0181000000,0,in_range_no_structural_match
PHAPCK_TBL.decoded.bin,pck_object_0019_part_000_choice_000_frame_104,pck_object_0019,pck_object_0019_part_000,pck_object_0019_part_000_choice_000,0x001D48,2,2,5,0x0605,1541,1541,5,6,part_plus_signed,0x001A16,0x00201B,yes,0000001547018103030303164C018103,5,plausible_frame_record_prefix
PHAPCK_TBL.decoded.bin,pck_object_0019_part_000_choice_000_frame_104,pck_object_0019,pck_object_0019_part_000,pck_object_0019_part_000_choice_000,0x001D48,2,2,5,0x0605,1541,1541,5,6,frame_plus_signed,0x001D48,0x00234D,yes,FC000000000008D8FF32001400D8FFE2,10,byte0_high_bit_set;plausible_frame_record_prefix
PHAPCK_TBL.decoded.bin,pck_object_0019_part_000_choice_000_frame_104,pck_object_0019,pck_object_0019_part_000,pck_object_0019_part_000_choice_000,0x001D48,2,2,5,0x0605,1541,1541,5,6,payload_plus_signed,0x001D4A,0x00234F,yes,0000000008D8FF32001400D8FFE2FF14,5,plausible_frame_record_prefix
PHAPCK_TBL.decoded.bin,pck_object_0019_part_000_choice_000_frame_105,pck_object_0019,pck_object_0019_part_000,pck_object_0019_part_000_choice_000,0x001D50,2,2,5,0x0905,2309,2309,5,9,direct_unsigned,0x000000,0x000905,yes,00430100000000000001001200000C1A,0,in_range_no_structural_match
PHAPCK_TBL.decoded.bin,pck_object_0019_part_000_choice_000_frame_105,pck_object_0019,pck_object_0019_part_000,pck_object_0019_part_000_choice_000,0x001D50,2,2,5,0x0905,2309,2309,5,9,direct_signed,0x000000,0x000905,yes,00430100000000000001001200000C1A,0,in_range_no_structural_match
PHAPCK_TBL.decoded.bin,pck_object_0019_part_000_choice_000_frame_105,pck_object_0019,pck_object_0019_part_000,pck_object_0019_part_000_choice_000,0x001D50,2,2,5,0x0905,2309,2309,5,9,object_plus_unsigned,0x001A08,0x00230D,yes,0F08FF13070CFF12080713FF0F12130C,0,in_range_no_structural_match
PHAPCK_TBL.decoded.bin,pck_object_0019_part_000_choice_000_frame_105,pck_object_0019,pck_object_0019_part_000,pck_object_0019_part_000_choice_000,0x001D50,2,2,5,0x0905,2309,2309,5,9,object_plus_signed,0x001A08,0x00230D,yes,0F08FF13070CFF12080713FF0F12130C,0,in_range_no_structural_match
PHAPCK_TBL.decoded.bin,pck_object_0019_part_000_choice_000_frame_105,pck_object_0019,pck_object_0019_part_000,pck_object_0019_part_000_choice_000,0x001D50,2,2,5,0x0905,2309,2309,5,9,block_plus_unsigned,0x001A00,0x002305,yes,08FF0D100F0CFF120F08FF13070CFF12,0,in_range_no_structural_match
PHAPCK_TBL.decoded.bin,pck_object_0019_part_000_choice_000_frame_105,pck_object_0019,pck_object_0019_part_000,pck_object_0019_part_000_choice_000,0x001D50,2,2,5,0x0905,2309,2309,5,9,block_plus_signed,0x001A00,0x002305,yes,08FF0D100F0CFF120F08FF13070CFF12,0,in_range_no_structural_match
PHAPCK_TBL.decoded.bin,pck_object_0019_part_000_choice_000_frame_105,pck_object_0019,pck_object_0019_part_000,pck_object_0019_part_000_choice_000,0x001D50,2,2,5,0x0905,2309,2309,5,9,part_plus_signed,0x001A16,0x00231B,yes,130CFF02050A09FF02091003FF0A0504,0,in_range_no_structural_match
PHAPCK_TBL.decoded.bin,pck_object_0019_part_000_choice_000_frame_105,pck_object_0019,pck_object_0019_part_000,pck_object_0019_part_000_choice_000,0x001D50,2,2,5,0x0905,2309,2309,5,9,frame_plus_signed,0x001D50,0x002655,yes,FF3C00C4FF00009BF80B03D8FF820006,5,byte0_high_bit_set
PHAPCK_TBL.decoded.bin,pck_object_0019_part_000_choice_000_frame_105,pck_object_0019,pck_object_0019_part_000,pck_object_0019_part_000_choice_000,0x001D50,2,2,5,0x0905,2309,2309,5,9,payload_plus_signed,0x001D52,0x002657,yes,00C4FF00009BF80B03D8FF820006FFA6,0,in_range_no_structural_match
PHAPCK_TBL.decoded.bin,pck_object_0019_part_000_choice_000_frame_106,pck_object_0019,pck_object_0019_part_000,pck_object_0019_part_000_choice_000,0x001D58,3,3,3,0x0C03,3075,3075,3,12,direct_unsigned,0x000000,0x000C03,yes,81030303030C42018102020505164701,40,exact_frame_record;byte0_high_bit_set;plausible_frame_record_prefix
PHAPCK_TBL.decoded.bin,pck_object_0019_part_000_choice_000_frame_106,pck_object_0019,pck_object_0019_part_000,pck_object_0019_part_000_choice_000,0x001D58,3,3,3,0x0C03,3075,3075,3,12,direct_signed,0x000000,0x000C03,yes,81030303030C42018102020505164701,40,exact_frame_record;byte0_high_bit_set;plausible_frame_record_prefix
PHAPCK_TBL.decoded.bin,pck_object_0019_part_000_choice_000_frame_106,pck_object_0019,pck_object_0019_part_000,pck_object_0019_part_000_choice_000,0x001D58,3,3,3,0x0C03,3075,3075,3,12,object_plus_unsigned,0x001A08,0x00260B,yes,FFA6FFD8FFF6FFA6FF1E0028000000F1,5,byte0_high_bit_set
PHAPCK_TBL.decoded.bin,pck_object_0019_part_000_choice_000_frame_106,pck_object_0019,pck_object_0019_part_000,pck_object_0019_part_000_choice_000,0x001D58,3,3,3,0x0C03,3075,3075,3,12,object_plus_signed,0x001A08,0x00260B,yes,FFA6FFD8FFF6FFA6FF1E0028000000F1,5,byte0_high_bit_set
PHAPCK_TBL.decoded.bin,pck_object_0019_part_000_choice_000_frame_106,pck_object_0019,pck_object_0019_part_000,pck_object_0019_part_000_choice_000,0x001D58,3,3,3,0x0C03,3075,3075,3,12,block_plus_unsigned,0x001A00,0x002603,yes,002800D8FFD8FFF6FFA6FFD8FFF6FFA6,0,in_range_no_structural_match
PHAPCK_TBL.decoded.bin,pck_object_0019_part_000_choice_000_frame_106,pck_object_0019,pck_object_0019_part_000,pck_object_0019_part_000_choice_000,0x001D58,3,3,3,0x0C03,3075,3075,3,12,block_plus_signed,0x001A00,0x002603,yes,002800D8FFD8FFF6FFA6FFD8FFF6FFA6,0,in_range_no_structural_match
PHAPCK_TBL.decoded.bin,pck_object_0019_part_000_choice_000_frame_106,pck_object_0019,pck_object_0019_part_000,pck_object_0019_part_000_choice_000,0x001D58,3,3,3,0x0C03,3075,3075,3,12,part_plus_signed,0x001A16,0x002619,yes,00F10711FFA6FF5A002EFFD8FF5A002E,0,in_range_no_structural_match
PHAPCK_TBL.decoded.bin,pck_object_0019_part_000_choice_000_frame_106,pck_object_0019,pck_object_0019_part_000,pck_object_0019_part_000_choice_000,0x001D58,3,3,3,0x0C03,3075,3075,3,12,frame_plus_signed,0x001D58,0x00295B,yes,11320181030303030B37018103030303,0,in_range_no_structural_match
PHAPCK_TBL.decoded.bin,pck_object_0019_part_000_choice_000_frame_106,pck_object_0019,pck_object_0019_part_000,pck_object_0019_part_000_choice_000,0x001D58,3,3,3,0x0C03,3075,3075,3,12,payload_plus_signed,0x001D5A,0x00295D,yes,0181030303030B370181030303030E3B,0,in_range_no_structural_match
PHAPCK_TBL.decoded.bin,pck_object_0019_part_000_choice_000_frame_107,pck_object_0019,pck_object_0019_part_000,pck_object_0019_part_000_choice_000,0x001D60,3,3,3,0x0D03,3331,3331,3,13,direct_unsigned,0x000000,0x000D03,yes,03030DFC0002030405FF07080403FF0A,35,exact_frame_record;plausible_frame_record_prefix
PHAPCK_TBL.decoded.bin,pck_object_0019_part_000_choice_000_frame_107,pck_object_0019,pck_object_0019_part_000,pck_object_0019_part_000_choice_000,0x001D60,3,3,3,0x0D03,3331,3331,3,13,direct_signed,0x000000,0x000D03,yes,03030DFC0002030405FF07080403FF0A,35,exact_frame_record;plausible_frame_record_prefix
PHAPCK_TBL.decoded.bin,pck_object_0019_part_000_choice_000_frame_107,pck_object_0019,pck_object_0019_part_000,pck_object_0019_part_000_choice_000,0x001D60,3,3,3,0x0D03,3331,3331,3,13,object_plus_unsigned,0x001A08,0x00270B,yes,120F08FF13070CFF12080713FF0F1213,0,in_range_no_structural_match
PHAPCK_TBL.decoded.bin,pck_object_0019_part_000_choice_000_frame_107,pck_object_0019,pck_object_0019_part_000,pck_object_0019_part_000_choice_000,0x001D60,3,3,3,0x0D03,3331,3331,3,13,object_plus_signed,0x001A08,0x00270B,yes,120F08FF13070CFF12080713FF0F1213,0,in_range_no_structural_match
PHAPCK_TBL.decoded.bin,pck_object_0019_part_000_choice_000_frame_107,pck_object_0019,pck_object_0019_part_000,pck_object_0019_part_000_choice_000,0x001D60,3,3,3,0x0D03,3331,3331,3,13,block_plus_unsigned,0x001A00,0x002703,yes,0908FF0D100F0CFF120F08FF13070CFF,0,in_range_no_structural_match
PHAPCK_TBL.decoded.bin,pck_object_0019_part_000_choice_000_frame_107,pck_object_0019,pck_object_0019_part_000,pck_object_0019_part_000_choice_000,0x001D60,3,3,3,0x0D03,3331,3331,3,13,block_plus_signed,0x001A00,0x002703,yes,0908FF0D100F0CFF120F08FF13070CFF,0,in_range_no_structural_match
PHAPCK_TBL.decoded.bin,pck_object_0019_part_000_choice_000_frame_107,pck_object_0019,pck_object_0019_part_000,pck_object_0019_part_000_choice_000,0x001D60,3,3,3,0x0D03,3331,3331,3,13,part_plus_signed,0x001A16,0x002719,yes,12130CFF02050A09FF02091003FF0A05,0,in_range_no_structural_match
PHAPCK_TBL.decoded.bin,pck_object_0019_part_000_choice_000_frame_107,pck_object_0019,pck_object_0019_part_000,pck_object_0019_part_000_choice_000,0x001D60,3,3,3,0x0D03,3331,3331,3,13,frame_plus_signed,0x001D60,0x002A63,yes,E8FE5A005000E8FE00003F06FF040000,5,byte0_high_bit_set
PHAPCK_TBL.decoded.bin,pck_object_0019_part_000_choice_000_frame_107,pck_object_0019,pck_object_0019_part_000,pck_object_0019_part_000_choice_000,0x001D60,3,3,3,0x0D03,3331,3331,3,13,payload_plus_signed,0x001D62,0x002A65,yes,5A005000E8FE00003F06FF040000EDFC,5,plausible_frame_record_prefix
PHAPCK_TBL.decoded.bin,pck_object_0019_part_000_choice_000_frame_108,pck_object_0019,pck_object_0019_part_000,pck_object_0019_part_000_choice_000,0x001D68,3,4,5,0x04FF,1279,1279,255,4,direct_unsigned,0x000000,0x0004FF,yes,0000000D00B800080081080F00010120,5,plausible_frame_record_prefix
PHAPCK_TBL.decoded.bin,pck_object_0019_part_000_choice_000_frame_108,pck_object_0019,pck_object_0019_part_000,pck_object_0019_part_000_choice_000,0x001D68,3,4,5,0x04FF,1279,1279,255,4,direct_signed,0x000000,0x0004FF,yes,0000000D00B800080081080F00010120,5,plausible_frame_record_prefix
PHAPCK_TBL.decoded.bin,pck_object_0019_part_000_choice_000_frame_108,pck_object_0019,pck_object_0019_part_000,pck_object_0019_part_000_choice_000,0x001D68,3,4,5,0x04FF,1279,1279,255,4,object_plus_unsigned,0x001A08,0x001F07,yes,0CFF12080713FF0F12130CFF02050A09,0,in_range_no_structural_match
PHAPCK_TBL.decoded.bin,pck_object_0019_part_000_choice_000_frame_108,pck_object_0019,pck_object_0019_part_000,pck_object_0019_part_000_choice_000,0x001D68,3,4,5,0x04FF,1279,1279,255,4,object_plus_signed,0x001A08,0x001F07,yes,0CFF12080713FF0F12130CFF02050A09,0,in_range_no_structural_match
PHAPCK_TBL.decoded.bin,pck_object_0019_part_000_choice_000_frame_108,pck_object_0019,pck_object_0019_part_000,pck_object_0019_part_000_choice_000,0x001D68,3,4,5,0x04FF,1279,1279,255,4,block_plus_unsigned,0x001A00,0x001EFF,yes,0CFF120F08FF13070CFF12080713FF0F,0,in_range_no_structural_match
PHAPCK_TBL.decoded.bin,pck_object_0019_part_000_choice_000_frame_108,pck_object_0019,pck_object_0019_part_000,pck_object_0019_part_000_choice_000,0x001D68,3,4,5,0x04FF,1279,1279,255,4,block_plus_signed,0x001A00,0x001EFF,yes,0CFF120F08FF13070CFF12080713FF0F,0,in_range_no_structural_match
PHAPCK_TBL.decoded.bin,pck_object_0019_part_000_choice_000_frame_108,pck_object_0019,pck_object_0019_part_000,pck_object_0019_part_000_choice_000,0x001D68,3,4,5,0x04FF,1279,1279,255,4,part_plus_signed,0x001A16,0x001F15,yes,0A09FF02091003FF0A05040DFF040310,0,in_range_no_structural_match
PHAPCK_TBL.decoded.bin,pck_object_0019_part_000_choice_000_frame_108,pck_object_0019,pck_object_0019_part_000,pck_object_0019_part_000_choice_000,0x001D68,3,4,5,0x04FF,1279,1279,255,4,frame_plus_signed,0x001D68,0x002267,yes,0000E4075001000058FA58FA0000FA05,5,plausible_frame_record_prefix
PHAPCK_TBL.decoded.bin,pck_object_0019_part_000_choice_000_frame_108,pck_object_0019,pck_object_0019_part_000,pck_object_0019_part_000_choice_000,0x001D68,3,4,5,0x04FF,1279,1279,255,4,payload_plus_signed,0x001D6A,0x002269,yes,E4075001000058FA58FA0000FA05B0FA,20,byte0_high_bit_set;plausible_object_header
PHAPCK_TBL.decoded.bin,pck_object_0019_part_000_choice_000_frame_143,pck_object_0019,pck_object_0019_part_000,pck_object_0019_part_000_choice_000,0x001E80,3,1,3,0x0101,257,257,1,1,direct_unsigned,0x000000,0x000101,yes,0054050200680504007C050D00910506,0,in_range_no_structural_match
PHAPCK_TBL.decoded.bin,pck_object_0019_part_000_choice_000_frame_143,pck_object_0019,pck_object_0019_part_000,pck_object_0019_part_000_choice_000,0x001E80,3,1,3,0x0101,257,257,1,1,direct_signed,0x000000,0x000101,yes,0054050200680504007C050D00910506,0,in_range_no_structural_match
PHAPCK_TBL.decoded.bin,pck_object_0019_part_000_choice_000_frame_143,pck_object_0019,pck_object_0019_part_000,pck_object_0019_part_000_choice_000,0x001E80,3,1,3,0x0101,257,257,1,1,object_plus_unsigned,0x001A08,0x001B09,yes,81000000000F31018100000000123601,35,byte0_high_bit_set;plausible_object_header;plausible_drawable_extents_at_plus6_plus8;plausible_frame_record_prefix
PHAPCK_TBL.decoded.bin,pck_object_0019_part_000_choice_000_frame_143,pck_object_0019,pck_object_0019_part_000,pck_object_0019_part_000_choice_000,0x001E80,3,1,3,0x0101,257,257,1,1,object_plus_signed,0x001A08,0x001B09,yes,81000000000F31018100000000123601,35,byte0_high_bit_set;plausible_object_header;plausible_drawable_extents_at_plus6_plus8;plausible_frame_record_prefix
PHAPCK_TBL.decoded.bin,pck_object_0019_part_000_choice_000_frame_143,pck_object_0019,pck_object_0019_part_000,pck_object_0019_part_000_choice_000,0x001E80,3,1,3,0x0101,257,257,1,1,block_plus_unsigned,0x001A00,0x001B01,yes,000005000901000081000000000F3101,5,plausible_frame_record_prefix
PHAPCK_TBL.decoded.bin,pck_object_0019_part_000_choice_000_frame_143,pck_object_0019,pck_object_0019_part_000,pck_object_0019_part_000_choice_000,0x001E80,3,1,3,0x0101,257,257,1,1,block_plus_signed,0x001A00,0x001B01,yes,000005000901000081000000000F3101,5,plausible_frame_record_prefix
PHAPCK_TBL.decoded.bin,pck_object_0019_part_000_choice_000_frame_143,pck_object_0019,pck_object_0019_part_000,pck_object_0019_part_000_choice_000,0x001E80,3,1,3,0x0101,257,257,1,1,part_plus_signed,0x001A16,0x001B17,yes,36018100000000143B0181000000000C,5,plausible_frame_record_prefix
PHAPCK_TBL.decoded.bin,pck_object_0019_part_000_choice_000_frame_143,pck_object_0019,pck_object_0019_part_000,pck_object_0019_part_000_choice_000,0x001E80,3,1,3,0x0101,257,257,1,1,frame_plus_signed,0x001E80,0x001F81,yes,00000000A6FFD8FFCAFEA6FF0A0092FF,5,plausible_frame_record_prefix
PHAPCK_TBL.decoded.bin,pck_object_0019_part_000_choice_000_frame_143,pck_object_0019,pck_object_0019_part_000,pck_object_0019_part_000_choice_000,0x001E80,3,1,3,0x0101,257,257,1,1,payload_plus_signed,0x001E82,0x001F83,yes,0000A6FFD8FFCAFEA6FF0A0092FF0008,5,plausible_frame_record_prefix
PHAPCK_TBL.decoded.bin,pck_object_0019_part_000_choice_000_frame_144,pck_object_0019,pck_object_0019_part_000,pck_object_0019_part_000_choice_000,0x001E88,2,2,5,0x0605,1541,1541,5,6,direct_unsigned,0x000000,0x000605,yes,92FF00F8000000002800D8FFCAFE2800,5,byte0_high_bit_set
PHAPCK_TBL.decoded.bin,pck_object_0019_part_000_choice_000_frame_144,pck_object_0019,pck_object_0019_part_000,pck_object_0019_part_000_choice_000,0x001E88,2,2,5,0x0605,1541,1541,5,6,direct_signed,0x000000,0x000605,yes,92FF00F8000000002800D8FFCAFE2800,5,byte0_high_bit_set
PHAPCK_TBL.decoded.bin,pck_object_0019_part_000_choice_000_frame_144,pck_object_0019,pck_object_0019_part_000,pck_object_0019_part_000_choice_000,0x001E88,2,2,5,0x0605,1541,1541,5,6,object_plus_unsigned,0x001A08,0x00200D,yes,030B3E01810000000014420181000000,0,in_range_no_structural_match
PHAPCK_TBL.decoded.bin,pck_object_0019_part_000_choice_000_frame_144,pck_object_0019,pck_object_0019_part_000,pck_object_0019_part_000_choice_000,0x001E88,2,2,5,0x0605,1541,1541,5,6,object_plus_signed,0x001A08,0x00200D,yes,030B3E01810000000014420181000000,0,in_range_no_structural_match
PHAPCK_TBL.decoded.bin,pck_object_0019_part_000_choice_000_frame_144,pck_object_0019,pck_object_0019_part_000,pck_object_0019_part_000_choice_000,0x001E88,2,2,5,0x0605,1541,1541,5,6,block_plus_unsigned,0x001A00,0x002005,yes,030E3A0181030303030B3E0181000000,0,in_range_no_structural_match
PHAPCK_TBL.decoded.bin,pck_object_0019_part_000_choice_000_frame_144,pck_object_0019,pck_object_0019_part_000,pck_object_0019_part_000_choice_000,0x001E88,2,2,5,0x0605,1541,1541,5,6,block_plus_signed,0x001A00,0x002005,yes,030E3A0181030303030B3E0181000000,0,in_range_no_structural_match
PHAPCK_TBL.decoded.bin,pck_object_0019_part_000_choice_000_frame_144,pck_object_0019,pck_object_0019_part_000,pck_object_0019_part_000_choice_000,0x001E88,2,2,5,0x0605,1541,1541,5,6,part_plus_signed,0x001A16,0x00201B,yes,0000001547018103030303164C018103,5,plausible_frame_record_prefix
PHAPCK_TBL.decoded.bin,pck_object_0019_part_000_choice_000_frame_144,pck_object_0019,pck_object_0019_part_000,pck_object_0019_part_000_choice_000,0x001E88,2,2,5,0x0605,1541,1541,5,6,frame_plus_signed,0x001E88,0x00248D,yes,00000100130000181B000100AB000CFE,5,plausible_frame_record_prefix
PHAPCK_TBL.decoded.bin,pck_object_0019_part_000_choice_000_frame_144,pck_object_0019,pck_object_0019_part_000,pck_object_0019_part_000_choice_000,0x001E88,2,2,5,0x0605,1541,1541,5,6,payload_plus_signed,0x001E8A,0x00248F,yes,0100130000181B000100AB000CFE6400,15,plausible_drawable_extents_at_plus6_plus8;plausible_frame_record_prefix
PHAPCK_TBL.decoded.bin,pck_object_0019_part_000_choice_000_frame_147,pck_object_0019,pck_object_0019_part_000,pck_object_0019_part_000_choice_000,0x001EA0,2,2,5,0x1105,4357,4357,5,17,direct_unsigned,0x000000,0x001105,yes,03030315350181030303030C3A018102,5,plausible_frame_record_prefix
PHAPCK_TBL.decoded.bin,pck_object_0019_part_000_choice_000_frame_147,pck_object_0019,pck_object_0019_part_000,pck_object_0019_part_000_choice_000,0x001EA0,2,2,5,0x1105,4357,4357,5,17,direct_signed,0x000000,0x001105,yes,03030315350181030303030C3A018102,5,plausible_frame_record_prefix
PHAPCK_TBL.decoded.bin,pck_object_0019_part_000_choice_000_frame_147,pck_object_0019,pck_object_0019_part_000,pck_object_0019_part_000_choice_000,0x001EA0,2,2,5,0x1105,4357,4357,5,17,object_plus_unsigned,0x001A08,0x002B0D,yes,100CFF12070CFF100813FF13080712FF,0,in_range_no_structural_match
PHAPCK_TBL.decoded.bin,pck_object_0019_part_000_choice_000_frame_147,pck_object_0019,pck_object_0019_part_000,pck_object_0019_part_000_choice_000,0x001EA0,2,2,5,0x1105,4357,4357,5,17,object_plus_signed,0x001A08,0x002B0D,yes,100CFF12070CFF100813FF13080712FF,0,in_range_no_structural_match
PHAPCK_TBL.decoded.bin,pck_object_0019_part_000_choice_000_frame_147,pck_object_0019,pck_object_0019_part_000,pck_object_0019_part_000_choice_000,0x001EA0,2,2,5,0x1105,4357,4357,5,17,block_plus_unsigned,0x001A00,0x002B05,yes,FF0F090810FF0D0F100CFF12070CFF10,5,byte0_high_bit_set
PHAPCK_TBL.decoded.bin,pck_object_0019_part_000_choice_000_frame_147,pck_object_0019,pck_object_0019_part_000,pck_object_0019_part_000_choice_000,0x001EA0,2,2,5,0x1105,4357,4357,5,17,block_plus_signed,0x001A00,0x002B05,yes,FF0F090810FF0D0F100CFF12070CFF10,5,byte0_high_bit_set
PHAPCK_TBL.decoded.bin,pck_object_0019_part_000_choice_000_frame_147,pck_object_0019,pck_object_0019_part_000,pck_object_0019_part_000_choice_000,0x001EA0,2,2,5,0x1105,4357,4357,5,17,part_plus_signed,0x001A16,0x002B1B,yes,12FF0C101312FF0F040309FF0D05040F,0,in_range_no_structural_match
PHAPCK_TBL.decoded.bin,pck_object_0019_part_000_choice_000_frame_147,pck_object_0019,pck_object_0019_part_000,pck_object_0019_part_000_choice_000,0x001EA0,2,2,5,0x1105,4357,4357,5,17,frame_plus_signed,0x001EA0,0x002FA5,yes,0008000000005A000A0092FF5A00D8FF,10,plausible_drawable_extents_at_plus6_plus8
PHAPCK_TBL.decoded.bin,pck_object_0019_part_000_choice_000_frame_147,pck_object_0019,pck_object_0019_part_000,pck_object_0019_part_000_choice_000,0x001EA0,2,2,5,0x1105,4357,4357,5,17,payload_plus_signed,0x001EA2,0x002FA7,yes,000000005A000A0092FF5A00D8FFCAFE,5,plausible_frame_record_prefix
PHAPCK_TBL.decoded.bin,pck_object_0019_part_000_choice_000_frame_148,pck_object_0019,pck_object_0019_part_000,pck_object_0019_part_000_choice_000,0x001EA8,3,3,3,0x0E03,3587,3587,3,14,direct_unsigned,0x000000,0x000E03,yes,FF60FF7800ECFF0000A6FA0EFA09F898,35,exact_frame_record;byte0_high_bit_set
PHAPCK_TBL.decoded.bin,pck_object_0019_part_000_choice_000_frame_148,pck_object_0019,pck_object_0019_part_000,pck_object_0019_part_000_choice_000,0x001EA8,3,3,3,0x0E03,3587,3587,3,14,direct_signed,0x000000,0x000E03,yes,FF60FF7800ECFF0000A6FA0EFA09F898,35,exact_frame_record;byte0_high_bit_set
PHAPCK_TBL.decoded.bin,pck_object_0019_part_000_choice_000_frame_148,pck_object_0019,pck_object_0019_part_000,pck_object_0019_part_000_choice_000,0x001EA8,3,3,3,0x0E03,3587,3587,3,14,object_plus_unsigned,0x001A08,0x00280B,yes,81030303030E340181030303030B3801,10,byte0_high_bit_set;plausible_frame_record_prefix
PHAPCK_TBL.decoded.bin,pck_object_0019_part_000_choice_000_frame_148,pck_object_0019,pck_object_0019_part_000,pck_object_0019_part_000_choice_000,0x001EA8,3,3,3,0x0E03,3587,3587,3,14,object_plus_signed,0x001A08,0x00280B,yes,81030303030E340181030303030B3801,10,byte0_high_bit_set;plausible_frame_record_prefix
PHAPCK_TBL.decoded.bin,pck_object_0019_part_000_choice_000_frame_148,pck_object_0019,pck_object_0019_part_000,pck_object_0019_part_000_choice_000,0x001EA8,3,3,3,0x0E03,3587,3587,3,14,block_plus_unsigned,0x001A00,0x002803,yes,8102020505112F0181030303030E3401,10,byte0_high_bit_set;plausible_frame_record_prefix
PHAPCK_TBL.decoded.bin,pck_object_0019_part_000_choice_000_frame_148,pck_object_0019,pck_object_0019_part_000,pck_object_0019_part_000_choice_000,0x001EA8,3,3,3,0x0E03,3587,3587,3,14,block_plus_signed,0x001A00,0x002803,yes,8102020505112F0181030303030E3401,10,byte0_high_bit_set;plausible_frame_record_prefix
PHAPCK_TBL.decoded.bin,pck_object_0019_part_000_choice_000_frame_148,pck_object_0019,pck_object_0019_part_000,pck_object_0019_part_000_choice_000,0x001EA8,3,3,3,0x0E03,3587,3587,3,14,part_plus_signed,0x001A16,0x002819,yes,38018100000000143C01810000000015,5,plausible_frame_record_prefix
PHAPCK_TBL.decoded.bin,pck_object_0019_part_000_choice_000_frame_148,pck_object_0019,pck_object_0019_part_000,pck_object_0019_part_000_choice_000,0x001EA8,3,3,3,0x0E03,3587,3587,3,14,frame_plus_signed,0x001EA8,0x002CAB,yes,280032000A005A0032000A005A00E2FF,15,plausible_drawable_extents_at_plus6_plus8;plausible_frame_record_prefix
PHAPCK_TBL.decoded.bin,pck_object_0019_part_000_choice_000_frame_148,pck_object_0019,pck_object_0019_part_000,pck_object_0019_part_000_choice_000,0x001EA8,3,3,3,0x0E03,3587,3587,3,14,payload_plus_signed,0x001EAA,0x002CAD,yes,32000A005A0032000A005A00E2FF0A00,15,plausible_drawable_extents_at_plus6_plus8;plausible_frame_record_prefix
PHAPCK_TBL.decoded.bin,pck_object_0019_part_000_choice_000_frame_149,pck_object_0019,pck_object_0019_part_000,pck_object_0019_part_000_choice_000,0x001EB0,3,3,3,0x0B03,2819,2819,3,11,direct_unsigned,0x000000,0x000B03,yes,000100FF0018FC000000000000000000,5,plausible_frame_record_prefix
PHAPCK_TBL.decoded.bin,pck_object_0019_part_000_choice_000_frame_149,pck_object_0019,pck_object_0019_part_000,pck_object_0019_part_000_choice_000,0x001EB0,3,3,3,0x0B03,2819,2819,3,11,direct_signed,0x000000,0x000B03,yes,000100FF0018FC000000000000000000,5,plausible_frame_record_prefix
PHAPCK_TBL.decoded.bin,pck_object_0019_part_000_choice_000_frame_149,pck_object_0019,pck_object_0019_part_000,pck_object_0019_part_000_choice_000,0x001EB0,3,3,3,0x0B03,2819,2819,3,11,object_plus_unsigned,0x001A08,0x00250B,yes,E8FEA6FF5000E8FE00003F06FF040000,5,byte0_high_bit_set
PHAPCK_TBL.decoded.bin,pck_object_0019_part_000_choice_000_frame_149,pck_object_0019,pck_object_0019_part_000,pck_object_0019_part_000_choice_000,0x001EB0,3,3,3,0x0B03,2819,2819,3,11,object_plus_signed,0x001A08,0x00250B,yes,E8FEA6FF5000E8FE00003F06FF040000,5,byte0_high_bit_set
PHAPCK_TBL.decoded.bin,pck_object_0019_part_000_choice_000_frame_149,pck_object_0019,pck_object_0019_part_000,pck_object_0019_part_000_choice_000,0x001EB0,3,3,3,0x0B03,2819,2819,3,11,block_plus_unsigned,0x001A00,0x002503,yes,24F91D04D8FF5000E8FEA6FF5000E8FE,0,in_range_no_structural_match
PHAPCK_TBL.decoded.bin,pck_object_0019_part_000_choice_000_frame_149,pck_object_0019,pck_object_0019_part_000,pck_object_0019_part_000_choice_000,0x001EB0,3,3,3,0x0B03,2819,2819,3,11,block_plus_signed,0x001A00,0x002503,yes,24F91D04D8FF5000E8FEA6FF5000E8FE,0,in_range_no_structural_match
PHAPCK_TBL.decoded.bin,pck_object_0019_part_000_choice_000_frame_149,pck_object_0019,pck_object_0019_part_000,pck_object_0019_part_000_choice_000,0x001EB0,3,3,3,0x0B03,2819,2819,3,11,part_plus_signed,0x001A16,0x002519,yes,0000EDFC9EF80000DC061D040000B0FA,5,plausible_frame_record_prefix
PHAPCK_TBL.decoded.bin,pck_object_0019_part_000_choice_000_frame_149,pck_object_0019,pck_object_0019_part_000,pck_object_0019_part_000_choice_000,0x001EB0,3,3,3,0x0B03,2819,2819,3,11,frame_plus_signed,0x001EB0,0x0029B3,yes,0F100CFF12070CFF100813FF13080712,0,in_range_no_structural_match
PHAPCK_TBL.decoded.bin,pck_object_0019_part_000_choice_000_frame_149,pck_object_0019,pck_object_0019_part_000,pck_object_0019_part_000_choice_000,0x001EB0,3,3,3,0x0B03,2819,2819,3,11,payload_plus_signed,0x001EB2,0x0029B5,yes,0CFF12070CFF100813FF13080712FF0C,0,in_range_no_structural_match
PHAPCK_TBL.decoded.bin,pck_object_0019_part_000_choice_000_frame_152,pck_object_0019,pck_object_0019_part_000,pck_object_0019_part_000_choice_000,0x001EC8,3,3,3,0x1603,5635,5635,3,22,direct_unsigned,0x000000,0x001603,yes,81000000001238018100000000143D01,35,byte0_high_bit_set;plausible_object_header;plausible_drawable_extents_at_plus6_plus8;plausible_frame_record_prefix
PHAPCK_TBL.decoded.bin,pck_object_0019_part_000_choice_000_frame_152,pck_object_0019,pck_object_0019_part_000,pck_object_0019_part_000_choice_000,0x001EC8,3,3,3,0x1603,5635,5635,3,22,direct_signed,0x000000,0x001603,yes,81000000001238018100000000143D01,35,byte0_high_bit_set;plausible_object_header;plausible_drawable_extents_at_plus6_plus8;plausible_frame_record_prefix
PHAPCK_TBL.decoded.bin,pck_object_0019_part_000_choice_000_frame_152,pck_object_0019,pck_object_0019_part_000,pck_object_0019_part_000_choice_000,0x001EC8,3,3,3,0x1603,5635,5635,3,22,object_plus_unsigned,0x001A08,0x00300B,yes,3401810202050511390181030303030B,5,plausible_frame_record_prefix
PHAPCK_TBL.decoded.bin,pck_object_0019_part_000_choice_000_frame_152,pck_object_0019,pck_object_0019_part_000,pck_object_0019_part_000_choice_000,0x001EC8,3,3,3,0x1603,5635,5635,3,22,object_plus_signed,0x001A08,0x00300B,yes,3401810202050511390181030303030B,5,plausible_frame_record_prefix
PHAPCK_TBL.decoded.bin,pck_object_0019_part_000_choice_000_frame_152,pck_object_0019,pck_object_0019_part_000,pck_object_0019_part_000_choice_000,0x001EC8,3,3,3,0x1603,5635,5635,3,22,block_plus_unsigned,0x001A00,0x003003,yes,2F0181000000000E3401810202050511,5,plausible_frame_record_prefix
PHAPCK_TBL.decoded.bin,pck_object_0019_part_000_choice_000_frame_152,pck_object_0019,pck_object_0019_part_000,pck_object_0019_part_000_choice_000,0x001EC8,3,3,3,0x1603,5635,5635,3,22,block_plus_signed,0x001A00,0x003003,yes,2F0181000000000E3401810202050511,5,plausible_frame_record_prefix
PHAPCK_TBL.decoded.bin,pck_object_0019_part_000_choice_000_frame_152,pck_object_0019,pck_object_0019_part_000,pck_object_0019_part_000_choice_000,0x001EC8,3,3,3,0x1603,5635,5635,3,22,part_plus_signed,0x001A16,0x003019,yes,030B3E0181030303030E420181000000,0,in_range_no_structural_match
PHAPCK_TBL.decoded.bin,pck_object_0019_part_000_choice_000_frame_152,pck_object_0019,pck_object_0019_part_000,pck_object_0019_part_000_choice_000,0x001EC8,3,3,3,0x1603,5635,5635,3,22,frame_plus_signed,0x001EC8,0x0034CB,yes,110706FF0D0C110FFF080302FF01009C,0,in_range_no_structural_match
PHAPCK_TBL.decoded.bin,pck_object_0019_part_000_choice_000_frame_152,pck_object_0019,pck_object_0019_part_000,pck_object_0019_part_000_choice_000,0x001EC8,3,3,3,0x1603,5635,5635,3,22,payload_plus_signed,0x001ECA,0x0034CD,yes,06FF0D0C110FFF080302FF01009C0100,0,in_range_no_structural_match
PHAPCK_TBL.decoded.bin,pck_object_0019_part_000_choice_000_frame_153,pck_object_0019,pck_object_0019_part_000,pck_object_0019_part_000_choice_000,0x001ED0,3,3,3,0x0E03,3587,3587,3,14,direct_unsigned,0x000000,0x000E03,yes,FF60FF7800ECFF0000A6FA0EFA09F898,35,exact_frame_record;byte0_high_bit_set
PHAPCK_TBL.decoded.bin,pck_object_0019_part_000_choice_000_frame_153,pck_object_0019,pck_object_0019_part_000,pck_object_0019_part_000_choice_000,0x001ED0,3,3,3,0x0E03,3587,3587,3,14,direct_signed,0x000000,0x000E03,yes,FF60FF7800ECFF0000A6FA0EFA09F898,35,exact_frame_record;byte0_high_bit_set
PHAPCK_TBL.decoded.bin,pck_object_0019_part_000_choice_000_frame_153,pck_object_0019,pck_object_0019_part_000,pck_object_0019_part_000_choice_000,0x001ED0,3,3,3,0x0E03,3587,3587,3,14,object_plus_unsigned,0x001A08,0x00280B,yes,81030303030E340181030303030B3801,10,byte0_high_bit_set;plausible_frame_record_prefix
PHAPCK_TBL.decoded.bin,pck_object_0019_part_000_choice_000_frame_153,pck_object_0019,pck_object_0019_part_000,pck_object_0019_part_000_choice_000,0x001ED0,3,3,3,0x0E03,3587,3587,3,14,object_plus_signed,0x001A08,0x00280B,yes,81030303030E340181030303030B3801,10,byte0_high_bit_set;plausible_frame_record_prefix
PHAPCK_TBL.decoded.bin,pck_object_0019_part_000_choice_000_frame_153,pck_object_0019,pck_object_0019_part_000,pck_object_0019_part_000_choice_000,0x001ED0,3,3,3,0x0E03,3587,3587,3,14,block_plus_unsigned,0x001A00,0x002803,yes,8102020505112F0181030303030E3401,10,byte0_high_bit_set;plausible_frame_record_prefix
PHAPCK_TBL.decoded.bin,pck_object_0019_part_000_choice_000_frame_153,pck_object_0019,pck_object_0019_part_000,pck_object_0019_part_000_choice_000,0x001ED0,3,3,3,0x0E03,3587,3587,3,14,block_plus_signed,0x001A00,0x002803,yes,8102020505112F0181030303030E3401,10,byte0_high_bit_set;plausible_frame_record_prefix
PHAPCK_TBL.decoded.bin,pck_object_0019_part_000_choice_000_frame_153,pck_object_0019,pck_object_0019_part_000,pck_object_0019_part_000_choice_000,0x001ED0,3,3,3,0x0E03,3587,3587,3,14,part_plus_signed,0x001A16,0x002819,yes,38018100000000143C01810000000015,5,plausible_frame_record_prefix
PHAPCK_TBL.decoded.bin,pck_object_0019_part_000_choice_000_frame_153,pck_object_0019,pck_object_0019_part_000,pck_object_0019_part_000_choice_000,0x001ED0,3,3,3,0x0E03,3587,3587,3,14,frame_plus_signed,0x001ED0,0x002CD3,yes,E8FE5A00460092FF2800460092FF00F8,5,byte0_high_bit_set
PHAPCK_TBL.decoded.bin,pck_object_0019_part_000_choice_000_frame_153,pck_object_0019,pck_object_0019_part_000,pck_object_0019_part_000_choice_000,0x001ED0,3,3,3,0x0E03,3587,3587,3,14,payload_plus_signed,0x001ED2,0x002CD5,yes,5A00460092FF2800460092FF00F80000,15,plausible_drawable_extents_at_plus6_plus8;plausible_frame_record_prefix
PHAPCK_TBL.decoded.bin,pck_object_0019_part_000_choice_000_frame_154,pck_object_0019,pck_object_0019_part_000,pck_object_0019_part_000_choice_000,0x001ED8,2,2,5,0x0B05,2821,2821,5,11,direct_unsigned,0x000000,0x000B05,yes,00FF0018FC0000000000000000000856,0,in_range_no_structural_match
PHAPCK_TBL.decoded.bin,pck_object_0019_part_000_choice_000_frame_154,pck_object_0019,pck_object_0019_part_000,pck_object_0019_part_000_choice_000,0x001ED8,2,2,5,0x0B05,2821,2821,5,11,direct_signed,0x000000,0x000B05,yes,00FF0018FC0000000000000000000856,0,in_range_no_structural_match
PHAPCK_TBL.decoded.bin,pck_object_0019_part_000_choice_000_frame_154,pck_object_0019,pck_object_0019_part_000,pck_object_0019_part_000_choice_000,0x001ED8,2,2,5,0x0B05,2821,2821,5,11,object_plus_unsigned,0x001A08,0x00250D,yes,A6FF5000E8FE00003F06FF040000EDFC,5,byte0_high_bit_set
PHAPCK_TBL.decoded.bin,pck_object_0019_part_000_choice_000_frame_154,pck_object_0019,pck_object_0019_part_000,pck_object_0019_part_000_choice_000,0x001ED8,2,2,5,0x0B05,2821,2821,5,11,object_plus_signed,0x001A08,0x00250D,yes,A6FF5000E8FE00003F06FF040000EDFC,5,byte0_high_bit_set
PHAPCK_TBL.decoded.bin,pck_object_0019_part_000_choice_000_frame_154,pck_object_0019,pck_object_0019_part_000,pck_object_0019_part_000_choice_000,0x001ED8,2,2,5,0x0B05,2821,2821,5,11,block_plus_unsigned,0x001A00,0x002505,yes,1D04D8FF5000E8FEA6FF5000E8FE0000,0,in_range_no_structural_match
PHAPCK_TBL.decoded.bin,pck_object_0019_part_000_choice_000_frame_154,pck_object_0019,pck_object_0019_part_000,pck_object_0019_part_000_choice_000,0x001ED8,2,2,5,0x0B05,2821,2821,5,11,block_plus_signed,0x001A00,0x002505,yes,1D04D8FF5000E8FEA6FF5000E8FE0000,0,in_range_no_structural_match
PHAPCK_TBL.decoded.bin,pck_object_0019_part_000_choice_000_frame_154,pck_object_0019,pck_object_0019_part_000,pck_object_0019_part_000_choice_000,0x001ED8,2,2,5,0x0B05,2821,2821,5,11,part_plus_signed,0x001A16,0x00251B,yes,EDFC9EF80000DC061D040000B0FA06FA,5,byte0_high_bit_set
PHAPCK_TBL.decoded.bin,pck_object_0019_part_000_choice_000_frame_154,pck_object_0019,pck_object_0019_part_000,pck_object_0019_part_000_choice_000,0x001ED8,2,2,5,0x0B05,2821,2821,5,11,frame_plus_signed,0x001ED8,0x0029DD,yes,8000300100000000000001001B000018,75,exact_object_offset;byte0_high_bit_set;plausible_object_header;plausible_frame_record_prefix
PHAPCK_TBL.decoded.bin,pck_object_0019_part_000_choice_000_frame_154,pck_object_0019,pck_object_0019_part_000,pck_object_0019_part_000_choice_000,0x001ED8,2,2,5,0x0B05,2821,2821,5,11,payload_plus_signed,0x001EDA,0x0029DF,yes,300100000000000001001B0000182300,5,plausible_frame_record_prefix
PHAPCK_TBL.decoded.bin,pck_object_0019_part_000_choice_000_frame_155,pck_object_0019,pck_object_0019_part_000,pck_object_0019_part_000_choice_000,0x001EE0,3,3,3,0x1703,5891,5891,3,23,direct_unsigned,0x000000,0x001703,yes,050509F20081030303030CF700810303,0,in_range_no_structural_match
PHAPCK_TBL.decoded.bin,pck_object_0019_part_000_choice_000_frame_155,pck_object_0019,pck_object_0019_part_000,pck_object_0019_part_000_choice_000,0x001EE0,3,3,3,0x1703,5891,5891,3,23,direct_signed,0x000000,0x001703,yes,050509F20081030303030CF700810303,0,in_range_no_structural_match
PHAPCK_TBL.decoded.bin,pck_object_0019_part_000_choice_000_frame_155,pck_object_0019,pck_object_0019_part_000,pck_object_0019_part_000_choice_000,0x001EE0,3,3,3,0x1703,5891,5891,3,23,object_plus_unsigned,0x001A08,0x00310B,yes,009CFFE8FEBFFE05F9B20328000A00CA,0,in_range_no_structural_match
PHAPCK_TBL.decoded.bin,pck_object_0019_part_000_choice_000_frame_155,pck_object_0019,pck_object_0019_part_000,pck_object_0019_part_000_choice_000,0x001EE0,3,3,3,0x1703,5891,5891,3,23,object_plus_signed,0x001A08,0x00310B,yes,009CFFE8FEBFFE05F9B20328000A00CA,0,in_range_no_structural_match
PHAPCK_TBL.decoded.bin,pck_object_0019_part_000_choice_000_frame_155,pck_object_0019,pck_object_0019_part_000,pck_object_0019_part_000_choice_000,0x001EE0,3,3,3,0x1703,5891,5891,3,23,block_plus_unsigned,0x001A00,0x003103,yes,005A00F6FF92FF5A009CFFE8FEBFFE05,0,in_range_no_structural_match
PHAPCK_TBL.decoded.bin,pck_object_0019_part_000_choice_000_frame_155,pck_object_0019,pck_object_0019_part_000,pck_object_0019_part_000_choice_000,0x001EE0,3,3,3,0x1703,5891,5891,3,23,block_plus_signed,0x001A00,0x003103,yes,005A00F6FF92FF5A009CFFE8FEBFFE05,0,in_range_no_structural_match
PHAPCK_TBL.decoded.bin,pck_object_0019_part_000_choice_000_frame_155,pck_object_0019,pck_object_0019_part_000,pck_object_0019_part_000_choice_000,0x001EE0,3,3,3,0x1703,5891,5891,3,23,part_plus_signed,0x001A16,0x003119,yes,00CAFE5A000A00CAFE00006606CC0400,0,in_range_no_structural_match
PHAPCK_TBL.decoded.bin,pck_object_0019_part_000_choice_000_frame_155,pck_object_0019,pck_object_0019_part_000,pck_object_0019_part_000_choice_000,0x001EE0,3,3,3,0x1703,5891,5891,3,23,frame_plus_signed,0x001EE0,0x0035E3,yes,FF500033FF0BF8F4FF6AFF8DF94FFB2D,5,byte0_high_bit_set
PHAPCK_TBL.decoded.bin,pck_object_0019_part_000_choice_000_frame_155,pck_object_0019,pck_object_0019_part_000,pck_object_0019_part_000_choice_000,0x001EE0,3,3,3,0x1703,5891,5891,3,23,payload_plus_signed,0x001EE2,0x0035E5,yes,0033FF0BF8F4FF6AFF8DF94FFB2D05B7,0,in_range_no_structural_match
PHAPCK_TBL.decoded.bin,pck_object_0019_part_000_choice_000_frame_156,pck_object_0019,pck_object_0019_part_000,pck_object_0019_part_000_choice_000,0x001EE8,3,4,5,0x07FF,2047,2047,255,7,direct_unsigned,0x000000,0x0007FF,yes,000100040100000A000C018108810808,5,plausible_frame_record_prefix
PHAPCK_TBL.decoded.bin,pck_object_0019_part_000_choice_000_frame_156,pck_object_0019,pck_object_0019_part_000,pck_object_0019_part_000_choice_000,0x001EE8,3,4,5,0x07FF,2047,2047,255,7,direct_signed,0x000000,0x0007FF,yes,000100040100000A000C018108810808,5,plausible_frame_record_prefix
PHAPCK_TBL.decoded.bin,pck_object_0019_part_000_choice_000_frame_156,pck_object_0019,pck_object_0019_part_000,pck_object_0019_part_000_choice_000,0x001EE8,3,4,5,0x07FF,2047,2047,255,7,object_plus_unsigned,0x001A08,0x002207,yes,A6FFF6FF1E00A6FF3200E2FF00001B06,5,byte0_high_bit_set
PHAPCK_TBL.decoded.bin,pck_object_0019_part_000_choice_000_frame_156,pck_object_0019,pck_object_0019_part_000,pck_object_0019_part_000_choice_000,0x001EE8,3,4,5,0x07FF,2047,2047,255,7,object_plus_signed,0x001A08,0x002207,yes,A6FFF6FF1E00A6FF3200E2FF00001B06,5,byte0_high_bit_set
PHAPCK_TBL.decoded.bin,pck_object_0019_part_000_choice_000_frame_156,pck_object_0019,pck_object_0019_part_000,pck_object_0019_part_000_choice_000,0x001EE8,3,4,5,0x07FF,2047,2047,255,7,block_plus_unsigned,0x001A00,0x0021FF,yes,E2FFD8FFF6FF1E00A6FFF6FF1E00A6FF,5,byte0_high_bit_set
PHAPCK_TBL.decoded.bin,pck_object_0019_part_000_choice_000_frame_156,pck_object_0019,pck_object_0019_part_000,pck_object_0019_part_000_choice_000,0x001EE8,3,4,5,0x07FF,2047,2047,255,7,block_plus_signed,0x001A00,0x0021FF,yes,E2FFD8FFF6FF1E00A6FFF6FF1E00A6FF,5,byte0_high_bit_set
PHAPCK_TBL.decoded.bin,pck_object_0019_part_000_choice_000_frame_156,pck_object_0019,pck_object_0019_part_000,pck_object_0019_part_000_choice_000,0x001EE8,3,4,5,0x07FF,2047,2047,255,7,part_plus_signed,0x001A16,0x002215,yes,1B06D6FAA6FF74FF06FFD8FF74FF06FF,0,in_range_no_structural_match
PHAPCK_TBL.decoded.bin,pck_object_0019_part_000_choice_000_frame_156,pck_object_0019,pck_object_0019_part_000,pck_object_0019_part_000_choice_000,0x001EE8,3,4,5,0x07FF,2047,2047,255,7,frame_plus_signed,0x001EE8,0x0026E7,yes,0B57018103030303165C0102030405FF,0,in_range_no_structural_match
PHAPCK_TBL.decoded.bin,pck_object_0019_part_000_choice_000_frame_156,pck_object_0019,pck_object_0019_part_000,pck_object_0019_part_000_choice_000,0x001EE8,3,4,5,0x07FF,2047,2047,255,7,payload_plus_signed,0x001EEA,0x0026E9,yes,018103030303165C0102030405FF0708,0,in_range_no_structural_match
PHAPCK_TBL.decoded.bin,pck_object_0021_part_001_choice_000_frame_111,pck_object_0021,pck_object_0021_part_001,pck_object_0021_part_001_choice_000,0x002004,3,14,58,0x8101,33025,-32511,1,129,direct_unsigned,0x000000,0x008101,yes,FFA0003C001AFF000058FA58FA82003C,5,byte0_high_bit_set
PHAPCK_TBL.decoded.bin,pck_object_0021_part_001_choice_000_frame_111,pck_object_0021,pck_object_0021_part_001,pck_object_0021_part_001_choice_000,0x002004,3,14,58,0x8101,33025,-32511,1,129,direct_signed,0x000000,-0x007EFF,no,,0,outside_decoded_stream
PHAPCK_TBL.decoded.bin,pck_object_0021_part_001_choice_000_frame_111,pck_object_0021,pck_object_0021_part_001,pck_object_0021_part_001_choice_000,0x002004,3,14,58,0x8101,33025,-32511,1,129,object_plus_unsigned,0x001C8C,0x009D8D,yes,00000007FB130663FAD1016705000088,5,plausible_frame_record_prefix
PHAPCK_TBL.decoded.bin,pck_object_0021_part_001_choice_000_frame_111,pck_object_0021,pck_object_0021_part_001,pck_object_0021_part_001_choice_000,0x002004,3,14,58,0x8101,33025,-32511,1,129,object_plus_signed,0x001C8C,-0x006273,no,,0,outside_decoded_stream
PHAPCK_TBL.decoded.bin,pck_object_0021_part_001_choice_000_frame_111,pck_object_0021,pck_object_0021_part_001,pck_object_0021_part_001_choice_000,0x002004,3,14,58,0x8101,33025,-32511,1,129,block_plus_unsigned,0x001C80,0x009D81,yes,0001001600000C1E0001006600000007,5,plausible_frame_record_prefix
PHAPCK_TBL.decoded.bin,pck_object_0021_part_001_choice_000_frame_111,pck_object_0021,pck_object_0021_part_001,pck_object_0021_part_001_choice_000,0x002004,3,14,58,0x8101,33025,-32511,1,129,block_plus_signed,0x001C80,-0x00627F,no,,0,outside_decoded_stream
PHAPCK_TBL.decoded.bin,pck_object_0021_part_001_choice_000_frame_111,pck_object_0021,pck_object_0021_part_001,pck_object_0021_part_001_choice_000,0x002004,3,14,58,0x8101,33025,-32511,1,129,part_plus_signed,0x001CA2,-0x00625D,no,,0,outside_decoded_stream
PHAPCK_TBL.decoded.bin,pck_object_0021_part_001_choice_000_frame_111,pck_object_0021,pck_object_0021_part_001,pck_object_0021_part_001_choice_000,0x002004,3,14,58,0x8101,33025,-32511,1,129,frame_plus_signed,0x002004,-0x005EFB,no,,0,outside_decoded_stream
PHAPCK_TBL.decoded.bin,pck_object_0021_part_001_choice_000_frame_111,pck_object_0021,pck_object_0021_part_001,pck_object_0021_part_001_choice_000,0x002004,3,14,58,0x8101,33025,-32511,1,129,payload_plus_signed,0x002006,-0x005EF9,no,,0,outside_decoded_stream
PHAPCK_TBL.decoded.bin,pck_object_0021_part_001_choice_000_frame_112,pck_object_0021,pck_object_0021_part_001,pck_object_0021_part_001_choice_000,0x00200C,3,11,62,0x8101,33025,-32511,1,129,direct_unsigned,0x000000,0x008101,yes,FFA0003C001AFF000058FA58FA82003C,5,byte0_high_bit_set
PHAPCK_TBL.decoded.bin,pck_object_0021_part_001_choice_000_frame_112,pck_object_0021,pck_object_0021_part_001,pck_object_0021_part_001_choice_000,0x00200C,3,11,62,0x8101,33025,-32511,1,129,direct_signed,0x000000,-0x007EFF,no,,0,outside_decoded_stream
PHAPCK_TBL.decoded.bin,pck_object_0021_part_001_choice_000_frame_112,pck_object_0021,pck_object_0021_part_001,pck_object_0021_part_001_choice_000,0x00200C,3,11,62,0x8101,33025,-32511,1,129,object_plus_unsigned,0x001C8C,0x009D8D,yes,00000007FB130663FAD1016705000088,5,plausible_frame_record_prefix
PHAPCK_TBL.decoded.bin,pck_object_0021_part_001_choice_000_frame_112,pck_object_0021,pck_object_0021_part_001,pck_object_0021_part_001_choice_000,0x00200C,3,11,62,0x8101,33025,-32511,1,129,object_plus_signed,0x001C8C,-0x006273,no,,0,outside_decoded_stream
PHAPCK_TBL.decoded.bin,pck_object_0021_part_001_choice_000_frame_112,pck_object_0021,pck_object_0021_part_001,pck_object_0021_part_001_choice_000,0x00200C,3,11,62,0x8101,33025,-32511,1,129,block_plus_unsigned,0x001C80,0x009D81,yes,0001001600000C1E0001006600000007,5,plausible_frame_record_prefix
PHAPCK_TBL.decoded.bin,pck_object_0021_part_001_choice_000_frame_112,pck_object_0021,pck_object_0021_part_001,pck_object_0021_part_001_choice_000,0x00200C,3,11,62,0x8101,33025,-32511,1,129,block_plus_signed,0x001C80,-0x00627F,no,,0,outside_decoded_stream
PHAPCK_TBL.decoded.bin,pck_object_0021_part_001_choice_000_frame_112,pck_object_0021,pck_object_0021_part_001,pck_object_0021_part_001_choice_000,0x00200C,3,11,62,0x8101,33025,-32511,1,129,part_plus_signed,0x001CA2,-0x00625D,no,,0,outside_decoded_stream
PHAPCK_TBL.decoded.bin,pck_object_0021_part_001_choice_000_frame_112,pck_object_0021,pck_object_0021_part_001,pck_object_0021_part_001_choice_000,0x00200C,3,11,62,0x8101,33025,-32511,1,129,frame_plus_signed,0x00200C,-0x005EF3,no,,0,outside_decoded_stream
PHAPCK_TBL.decoded.bin,pck_object_0021_part_001_choice_000_frame_112,pck_object_0021,pck_object_0021_part_001,pck_object_0021_part_001_choice_000,0x00200C,3,11,62,0x8101,33025,-32511,1,129,payload_plus_signed,0x00200E,-0x005EF1,no,,0,outside_decoded_stream
PHAPCK_TBL.decoded.bin,pck_object_0021_part_001_choice_000_frame_115,pck_object_0021,pck_object_0021_part_001,pck_object_0021_part_001_choice_000,0x002024,3,22,76,0x8101,33025,-32511,1,129,direct_unsigned,0x000000,0x008101,yes,FFA0003C001AFF000058FA58FA82003C,5,byte0_high_bit_set
PHAPCK_TBL.decoded.bin,pck_object_0021_part_001_choice_000_frame_115,pck_object_0021,pck_object_0021_part_001,pck_object_0021_part_001_choice_000,0x002024,3,22,76,0x8101,33025,-32511,1,129,direct_signed,0x000000,-0x007EFF,no,,0,outside_decoded_stream
PHAPCK_TBL.decoded.bin,pck_object_0021_part_001_choice_000_frame_115,pck_object_0021,pck_object_0021_part_001,pck_object_0021_part_001_choice_000,0x002024,3,22,76,0x8101,33025,-32511,1,129,object_plus_unsigned,0x001C8C,0x009D8D,yes,00000007FB130663FAD1016705000088,5,plausible_frame_record_prefix
PHAPCK_TBL.decoded.bin,pck_object_0021_part_001_choice_000_frame_115,pck_object_0021,pck_object_0021_part_001,pck_object_0021_part_001_choice_000,0x002024,3,22,76,0x8101,33025,-32511,1,129,object_plus_signed,0x001C8C,-0x006273,no,,0,outside_decoded_stream
PHAPCK_TBL.decoded.bin,pck_object_0021_part_001_choice_000_frame_115,pck_object_0021,pck_object_0021_part_001,pck_object_0021_part_001_choice_000,0x002024,3,22,76,0x8101,33025,-32511,1,129,block_plus_unsigned,0x001C80,0x009D81,yes,0001001600000C1E0001006600000007,5,plausible_frame_record_prefix
PHAPCK_TBL.decoded.bin,pck_object_0021_part_001_choice_000_frame_115,pck_object_0021,pck_object_0021_part_001,pck_object_0021_part_001_choice_000,0x002024,3,22,76,0x8101,33025,-32511,1,129,block_plus_signed,0x001C80,-0x00627F,no,,0,outside_decoded_stream
PHAPCK_TBL.decoded.bin,pck_object_0021_part_001_choice_000_frame_115,pck_object_0021,pck_object_0021_part_001,pck_object_0021_part_001_choice_000,0x002024,3,22,76,0x8101,33025,-32511,1,129,part_plus_signed,0x001CA2,-0x00625D,no,,0,outside_decoded_stream
PHAPCK_TBL.decoded.bin,pck_object_0021_part_001_choice_000_frame_115,pck_object_0021,pck_object_0021_part_001,pck_object_0021_part_001_choice_000,0x002024,3,22,76,0x8101,33025,-32511,1,129,frame_plus_signed,0x002024,-0x005EDB,no,,0,outside_decoded_stream
PHAPCK_TBL.decoded.bin,pck_object_0021_part_001_choice_000_frame_115,pck_object_0021,pck_object_0021_part_001,pck_object_0021_part_001_choice_000,0x002024,3,22,76,0x8101,33025,-32511,1,129,payload_plus_signed,0x002026,-0x005ED9,no,,0,outside_decoded_stream
PHAPCK_TBL.decoded.bin,pck_object_0021_part_001_choice_000_frame_116,pck_object_0021,pck_object_0021_part_001,pck_object_0021_part_001_choice_000,0x00202C,3,14,81,0x8101,33025,-32511,1,129,direct_unsigned,0x000000,0x008101,yes,FFA0003C001AFF000058FA58FA82003C,5,byte0_high_bit_set
PHAPCK_TBL.decoded.bin,pck_object_0021_part_001_choice_000_frame_116,pck_object_0021,pck_object_0021_part_001,pck_object_0021_part_001_choice_000,0x00202C,3,14,81,0x8101,33025,-32511,1,129,direct_signed,0x000000,-0x007EFF,no,,0,outside_decoded_stream
PHAPCK_TBL.decoded.bin,pck_object_0021_part_001_choice_000_frame_116,pck_object_0021,pck_object_0021_part_001,pck_object_0021_part_001_choice_000,0x00202C,3,14,81,0x8101,33025,-32511,1,129,object_plus_unsigned,0x001C8C,0x009D8D,yes,00000007FB130663FAD1016705000088,5,plausible_frame_record_prefix
PHAPCK_TBL.decoded.bin,pck_object_0021_part_001_choice_000_frame_116,pck_object_0021,pck_object_0021_part_001,pck_object_0021_part_001_choice_000,0x00202C,3,14,81,0x8101,33025,-32511,1,129,object_plus_signed,0x001C8C,-0x006273,no,,0,outside_decoded_stream
PHAPCK_TBL.decoded.bin,pck_object_0021_part_001_choice_000_frame_116,pck_object_0021,pck_object_0021_part_001,pck_object_0021_part_001_choice_000,0x00202C,3,14,81,0x8101,33025,-32511,1,129,block_plus_unsigned,0x001C80,0x009D81,yes,0001001600000C1E0001006600000007,5,plausible_frame_record_prefix
PHAPCK_TBL.decoded.bin,pck_object_0021_part_001_choice_000_frame_116,pck_object_0021,pck_object_0021_part_001,pck_object_0021_part_001_choice_000,0x00202C,3,14,81,0x8101,33025,-32511,1,129,block_plus_signed,0x001C80,-0x00627F,no,,0,outside_decoded_stream
PHAPCK_TBL.decoded.bin,pck_object_0021_part_001_choice_000_frame_116,pck_object_0021,pck_object_0021_part_001,pck_object_0021_part_001_choice_000,0x00202C,3,14,81,0x8101,33025,-32511,1,129,part_plus_signed,0x001CA2,-0x00625D,no,,0,outside_decoded_stream
PHAPCK_TBL.decoded.bin,pck_object_0021_part_001_choice_000_frame_116,pck_object_0021,pck_object_0021_part_001,pck_object_0021_part_001_choice_000,0x00202C,3,14,81,0x8101,33025,-32511,1,129,frame_plus_signed,0x00202C,-0x005ED3,no,,0,outside_decoded_stream
PHAPCK_TBL.decoded.bin,pck_object_0021_part_001_choice_000_frame_116,pck_object_0021,pck_object_0021_part_001,pck_object_0021_part_001_choice_000,0x00202C,3,14,81,0x8101,33025,-32511,1,129,payload_plus_signed,0x00202E,-0x005ED1,no,,0,outside_decoded_stream
PHAPCK_TBL.decoded.bin,pck_object_0021_part_001_choice_000_frame_118,pck_object_0021,pck_object_0021_part_001,pck_object_0021_part_001_choice_000,0x00203C,3,23,91,0x0201,513,513,1,2,direct_unsigned,0x000000,0x000201,yes,0018FC000000000000F8026D0756FFE2,0,in_range_no_structural_match
PHAPCK_TBL.decoded.bin,pck_object_0021_part_001_choice_000_frame_118,pck_object_0021,pck_object_0021_part_001,pck_object_0021_part_001_choice_000,0x00203C,3,23,91,0x0201,513,513,1,2,direct_signed,0x000000,0x000201,yes,0018FC000000000000F8026D0756FFE2,0,in_range_no_structural_match
PHAPCK_TBL.decoded.bin,pck_object_0021_part_001_choice_000_frame_118,pck_object_0021,pck_object_0021_part_001,pck_object_0021_part_001_choice_000,0x00203C,3,23,91,0x0201,513,513,1,2,object_plus_unsigned,0x001C8C,0x001E8D,yes,062D0181000000000B32018100000000,0,in_range_no_structural_match
PHAPCK_TBL.decoded.bin,pck_object_0021_part_001_choice_000_frame_118,pck_object_0021,pck_object_0021_part_001,pck_object_0021_part_001_choice_000,0x00203C,3,23,91,0x0201,513,513,1,2,object_plus_signed,0x001C8C,0x001E8D,yes,062D0181000000000B32018100000000,0,in_range_no_structural_match
PHAPCK_TBL.decoded.bin,pck_object_0021_part_001_choice_000_frame_118,pck_object_0021,pck_object_0021_part_001,pck_object_0021_part_001_choice_000,0x00203C,3,23,91,0x0201,513,513,1,2,block_plus_unsigned,0x001C80,0x001E81,yes,030103010128018102020505062D0181,5,plausible_frame_record_prefix
PHAPCK_TBL.decoded.bin,pck_object_0021_part_001_choice_000_frame_118,pck_object_0021,pck_object_0021_part_001,pck_object_0021_part_001_choice_000,0x00203C,3,23,91,0x0201,513,513,1,2,block_plus_signed,0x001C80,0x001E81,yes,030103010128018102020505062D0181,5,plausible_frame_record_prefix
PHAPCK_TBL.decoded.bin,pck_object_0021_part_001_choice_000_frame_118,pck_object_0021,pck_object_0021_part_001,pck_object_0021_part_001_choice_000,0x00203C,3,23,91,0x0201,513,513,1,2,part_plus_signed,0x001CA2,0x001EA3,yes,0505113C0181030303030E4101810303,0,in_range_no_structural_match
PHAPCK_TBL.decoded.bin,pck_object_0021_part_001_choice_000_frame_118,pck_object_0021,pck_object_0021_part_001,pck_object_0021_part_001_choice_000,0x00203C,3,23,91,0x0201,513,513,1,2,frame_plus_signed,0x00203C,0x00223D,yes,A6FFC4FFA6FF000800000000D8FF24FF,5,byte0_high_bit_set
PHAPCK_TBL.decoded.bin,pck_object_0021_part_001_choice_000_frame_118,pck_object_0021,pck_object_0021_part_001,pck_object_0021_part_001_choice_000,0x00203C,3,23,91,0x0201,513,513,1,2,payload_plus_signed,0x00203E,0x00223F,yes,C4FFA6FF000800000000D8FF24FF24FF,5,byte0_high_bit_set
PHAPCK_TBL.decoded.bin,pck_object_0026_part_000_choice_000_frame_070,pck_object_0026,pck_object_0026_part_000,pck_object_0026_part_000_choice_000,0x002562,3,14,56,0x8101,33025,-32511,1,129,direct_unsigned,0x000000,0x008101,yes,FFA0003C001AFF000058FA58FA82003C,5,byte0_high_bit_set
PHAPCK_TBL.decoded.bin,pck_object_0026_part_000_choice_000_frame_070,pck_object_0026,pck_object_0026_part_000,pck_object_0026_part_000_choice_000,0x002562,3,14,56,0x8101,33025,-32511,1,129,direct_signed,0x000000,-0x007EFF,no,,0,outside_decoded_stream
PHAPCK_TBL.decoded.bin,pck_object_0026_part_000_choice_000_frame_070,pck_object_0026,pck_object_0026_part_000,pck_object_0026_part_000_choice_000,0x002562,3,14,56,0x8101,33025,-32511,1,129,object_plus_unsigned,0x002332,0x00A433,no,,0,outside_decoded_stream
PHAPCK_TBL.decoded.bin,pck_object_0026_part_000_choice_000_frame_070,pck_object_0026,pck_object_0026_part_000,pck_object_0026_part_000_choice_000,0x002562,3,14,56,0x8101,33025,-32511,1,129,object_plus_signed,0x002332,-0x005BCD,no,,0,outside_decoded_stream
PHAPCK_TBL.decoded.bin,pck_object_0026_part_000_choice_000_frame_070,pck_object_0026,pck_object_0026_part_000,pck_object_0026_part_000_choice_000,0x002562,3,14,56,0x8101,33025,-32511,1,129,block_plus_unsigned,0x002330,0x00A431,no,,0,outside_decoded_stream
PHAPCK_TBL.decoded.bin,pck_object_0026_part_000_choice_000_frame_070,pck_object_0026,pck_object_0026_part_000,pck_object_0026_part_000_choice_000,0x002562,3,14,56,0x8101,33025,-32511,1,129,block_plus_signed,0x002330,-0x005BCF,no,,0,outside_decoded_stream
PHAPCK_TBL.decoded.bin,pck_object_0026_part_000_choice_000_frame_070,pck_object_0026,pck_object_0026_part_000,pck_object_0026_part_000_choice_000,0x002562,3,14,56,0x8101,33025,-32511,1,129,part_plus_signed,0x002340,-0x005BBF,no,,0,outside_decoded_stream
PHAPCK_TBL.decoded.bin,pck_object_0026_part_000_choice_000_frame_070,pck_object_0026,pck_object_0026_part_000,pck_object_0026_part_000_choice_000,0x002562,3,14,56,0x8101,33025,-32511,1,129,frame_plus_signed,0x002562,-0x00599D,no,,0,outside_decoded_stream
PHAPCK_TBL.decoded.bin,pck_object_0026_part_000_choice_000_frame_070,pck_object_0026,pck_object_0026_part_000,pck_object_0026_part_000_choice_000,0x002562,3,14,56,0x8101,33025,-32511,1,129,payload_plus_signed,0x002564,-0x00599B,no,,0,outside_decoded_stream
PHAPCK_TBL.decoded.bin,pck_object_0026_part_000_choice_000_frame_071,pck_object_0026,pck_object_0026_part_000,pck_object_0026_part_000_choice_000,0x00256A,3,11,60,0x8101,33025,-32511,1,129,direct_unsigned,0x000000,0x008101,yes,FFA0003C001AFF000058FA58FA82003C,5,byte0_high_bit_set
PHAPCK_TBL.decoded.bin,pck_object_0026_part_000_choice_000_frame_071,pck_object_0026,pck_object_0026_part_000,pck_object_0026_part_000_choice_000,0x00256A,3,11,60,0x8101,33025,-32511,1,129,direct_signed,0x000000,-0x007EFF,no,,0,outside_decoded_stream
PHAPCK_TBL.decoded.bin,pck_object_0026_part_000_choice_000_frame_071,pck_object_0026,pck_object_0026_part_000,pck_object_0026_part_000_choice_000,0x00256A,3,11,60,0x8101,33025,-32511,1,129,object_plus_unsigned,0x002332,0x00A433,no,,0,outside_decoded_stream
PHAPCK_TBL.decoded.bin,pck_object_0026_part_000_choice_000_frame_071,pck_object_0026,pck_object_0026_part_000,pck_object_0026_part_000_choice_000,0x00256A,3,11,60,0x8101,33025,-32511,1,129,object_plus_signed,0x002332,-0x005BCD,no,,0,outside_decoded_stream
PHAPCK_TBL.decoded.bin,pck_object_0026_part_000_choice_000_frame_071,pck_object_0026,pck_object_0026_part_000,pck_object_0026_part_000_choice_000,0x00256A,3,11,60,0x8101,33025,-32511,1,129,block_plus_unsigned,0x002330,0x00A431,no,,0,outside_decoded_stream
PHAPCK_TBL.decoded.bin,pck_object_0026_part_000_choice_000_frame_071,pck_object_0026,pck_object_0026_part_000,pck_object_0026_part_000_choice_000,0x00256A,3,11,60,0x8101,33025,-32511,1,129,block_plus_signed,0x002330,-0x005BCF,no,,0,outside_decoded_stream
PHAPCK_TBL.decoded.bin,pck_object_0026_part_000_choice_000_frame_071,pck_object_0026,pck_object_0026_part_000,pck_object_0026_part_000_choice_000,0x00256A,3,11,60,0x8101,33025,-32511,1,129,part_plus_signed,0x002340,-0x005BBF,no,,0,outside_decoded_stream
PHAPCK_TBL.decoded.bin,pck_object_0026_part_000_choice_000_frame_071,pck_object_0026,pck_object_0026_part_000,pck_object_0026_part_000_choice_000,0x00256A,3,11,60,0x8101,33025,-32511,1,129,frame_plus_signed,0x00256A,-0x005995,no,,0,outside_decoded_stream
PHAPCK_TBL.decoded.bin,pck_object_0026_part_000_choice_000_frame_071,pck_object_0026,pck_object_0026_part_000,pck_object_0026_part_000_choice_000,0x00256A,3,11,60,0x8101,33025,-32511,1,129,payload_plus_signed,0x00256C,-0x005993,no,,0,outside_decoded_stream
PHAPCK_TBL.decoded.bin,pck_object_0026_part_000_choice_000_frame_074,pck_object_0026,pck_object_0026_part_000,pck_object_0026_part_000_choice_000,0x002582,3,22,74,0x8101,33025,-32511,1,129,direct_unsigned,0x000000,0x008101,yes,FFA0003C001AFF000058FA58FA82003C,5,byte0_high_bit_set
PHAPCK_TBL.decoded.bin,pck_object_0026_part_000_choice_000_frame_074,pck_object_0026,pck_object_0026_part_000,pck_object_0026_part_000_choice_000,0x002582,3,22,74,0x8101,33025,-32511,1,129,direct_signed,0x000000,-0x007EFF,no,,0,outside_decoded_stream
PHAPCK_TBL.decoded.bin,pck_object_0026_part_000_choice_000_frame_074,pck_object_0026,pck_object_0026_part_000,pck_object_0026_part_000_choice_000,0x002582,3,22,74,0x8101,33025,-32511,1,129,object_plus_unsigned,0x002332,0x00A433,no,,0,outside_decoded_stream
PHAPCK_TBL.decoded.bin,pck_object_0026_part_000_choice_000_frame_074,pck_object_0026,pck_object_0026_part_000,pck_object_0026_part_000_choice_000,0x002582,3,22,74,0x8101,33025,-32511,1,129,object_plus_signed,0x002332,-0x005BCD,no,,0,outside_decoded_stream
PHAPCK_TBL.decoded.bin,pck_object_0026_part_000_choice_000_frame_074,pck_object_0026,pck_object_0026_part_000,pck_object_0026_part_000_choice_000,0x002582,3,22,74,0x8101,33025,-32511,1,129,block_plus_unsigned,0x002330,0x00A431,no,,0,outside_decoded_stream
PHAPCK_TBL.decoded.bin,pck_object_0026_part_000_choice_000_frame_074,pck_object_0026,pck_object_0026_part_000,pck_object_0026_part_000_choice_000,0x002582,3,22,74,0x8101,33025,-32511,1,129,block_plus_signed,0x002330,-0x005BCF,no,,0,outside_decoded_stream
PHAPCK_TBL.decoded.bin,pck_object_0026_part_000_choice_000_frame_074,pck_object_0026,pck_object_0026_part_000,pck_object_0026_part_000_choice_000,0x002582,3,22,74,0x8101,33025,-32511,1,129,part_plus_signed,0x002340,-0x005BBF,no,,0,outside_decoded_stream
PHAPCK_TBL.decoded.bin,pck_object_0026_part_000_choice_000_frame_074,pck_object_0026,pck_object_0026_part_000,pck_object_0026_part_000_choice_000,0x002582,3,22,74,0x8101,33025,-32511,1,129,frame_plus_signed,0x002582,-0x00597D,no,,0,outside_decoded_stream
PHAPCK_TBL.decoded.bin,pck_object_0026_part_000_choice_000_frame_074,pck_object_0026,pck_object_0026_part_000,pck_object_0026_part_000_choice_000,0x002582,3,22,74,0x8101,33025,-32511,1,129,payload_plus_signed,0x002584,-0x00597B,no,,0,outside_decoded_stream
PHAPCK_TBL.decoded.bin,pck_object_0026_part_000_choice_000_frame_075,pck_object_0026,pck_object_0026_part_000,pck_object_0026_part_000_choice_000,0x00258A,3,14,79,0x8101,33025,-32511,1,129,direct_unsigned,0x000000,0x008101,yes,FFA0003C001AFF000058FA58FA82003C,5,byte0_high_bit_set
PHAPCK_TBL.decoded.bin,pck_object_0026_part_000_choice_000_frame_075,pck_object_0026,pck_object_0026_part_000,pck_object_0026_part_000_choice_000,0x00258A,3,14,79,0x8101,33025,-32511,1,129,direct_signed,0x000000,-0x007EFF,no,,0,outside_decoded_stream
PHAPCK_TBL.decoded.bin,pck_object_0026_part_000_choice_000_frame_075,pck_object_0026,pck_object_0026_part_000,pck_object_0026_part_000_choice_000,0x00258A,3,14,79,0x8101,33025,-32511,1,129,object_plus_unsigned,0x002332,0x00A433,no,,0,outside_decoded_stream
PHAPCK_TBL.decoded.bin,pck_object_0026_part_000_choice_000_frame_075,pck_object_0026,pck_object_0026_part_000,pck_object_0026_part_000_choice_000,0x00258A,3,14,79,0x8101,33025,-32511,1,129,object_plus_signed,0x002332,-0x005BCD,no,,0,outside_decoded_stream
PHAPCK_TBL.decoded.bin,pck_object_0026_part_000_choice_000_frame_075,pck_object_0026,pck_object_0026_part_000,pck_object_0026_part_000_choice_000,0x00258A,3,14,79,0x8101,33025,-32511,1,129,block_plus_unsigned,0x002330,0x00A431,no,,0,outside_decoded_stream
PHAPCK_TBL.decoded.bin,pck_object_0026_part_000_choice_000_frame_075,pck_object_0026,pck_object_0026_part_000,pck_object_0026_part_000_choice_000,0x00258A,3,14,79,0x8101,33025,-32511,1,129,block_plus_signed,0x002330,-0x005BCF,no,,0,outside_decoded_stream
PHAPCK_TBL.decoded.bin,pck_object_0026_part_000_choice_000_frame_075,pck_object_0026,pck_object_0026_part_000,pck_object_0026_part_000_choice_000,0x00258A,3,14,79,0x8101,33025,-32511,1,129,part_plus_signed,0x002340,-0x005BBF,no,,0,outside_decoded_stream
PHAPCK_TBL.decoded.bin,pck_object_0026_part_000_choice_000_frame_075,pck_object_0026,pck_object_0026_part_000,pck_object_0026_part_000_choice_000,0x00258A,3,14,79,0x8101,33025,-32511,1,129,frame_plus_signed,0x00258A,-0x005975,no,,0,outside_decoded_stream
PHAPCK_TBL.decoded.bin,pck_object_0026_part_000_choice_000_frame_075,pck_object_0026,pck_object_0026_part_000,pck_object_0026_part_000_choice_000,0x00258A,3,14,79,0x8101,33025,-32511,1,129,payload_plus_signed,0x00258C,-0x005973,no,,0,outside_decoded_stream
PHAPCK_TBL.decoded.bin,pck_object_0026_part_000_choice_000_frame_077,pck_object_0026,pck_object_0026_part_000,pck_object_0026_part_000_choice_000,0x00259A,3,23,89,0x0201,513,513,1,2,direct_unsigned,0x000000,0x000201,yes,0018FC000000000000F8026D0756FFE2,0,in_range_no_structural_match
PHAPCK_TBL.decoded.bin,pck_object_0026_part_000_choice_000_frame_077,pck_object_0026,pck_object_0026_part_000,pck_object_0026_part_000_choice_000,0x00259A,3,23,89,0x0201,513,513,1,2,direct_signed,0x000000,0x000201,yes,0018FC000000000000F8026D0756FFE2,0,in_range_no_structural_match
PHAPCK_TBL.decoded.bin,pck_object_0026_part_000_choice_000_frame_077,pck_object_0026,pck_object_0026_part_000,pck_object_0026_part_000_choice_000,0x00259A,3,23,89,0x0201,513,513,1,2,object_plus_unsigned,0x002332,0x002533,yes,B70001018103010301011F0181020205,10,byte0_high_bit_set;plausible_frame_record_prefix
PHAPCK_TBL.decoded.bin,pck_object_0026_part_000_choice_000_frame_077,pck_object_0026,pck_object_0026_part_000,pck_object_0026_part_000_choice_000,0x00259A,3,23,89,0x0201,513,513,1,2,object_plus_signed,0x002332,0x002533,yes,B70001018103010301011F0181020205,10,byte0_high_bit_set;plausible_frame_record_prefix
PHAPCK_TBL.decoded.bin,pck_object_0026_part_000_choice_000_frame_077,pck_object_0026,pck_object_0026_part_000,pck_object_0026_part_000_choice_000,0x00259A,3,23,89,0x0201,513,513,1,2,block_plus_unsigned,0x002330,0x002531,yes,0D00B70001018103010301011F018102,5,plausible_frame_record_prefix
PHAPCK_TBL.decoded.bin,pck_object_0026_part_000_choice_000_frame_077,pck_object_0026,pck_object_0026_part_000,pck_object_0026_part_000_choice_000,0x00259A,3,23,89,0x0201,513,513,1,2,block_plus_signed,0x002330,0x002531,yes,0D00B70001018103010301011F018102,5,plausible_frame_record_prefix
PHAPCK_TBL.decoded.bin,pck_object_0026_part_000_choice_000_frame_077,pck_object_0026,pck_object_0026_part_000,pck_object_0026_part_000_choice_000,0x00259A,3,23,89,0x0201,513,513,1,2,part_plus_signed,0x002340,0x002541,yes,02050506240181000000000B29018100,0,in_range_no_structural_match
PHAPCK_TBL.decoded.bin,pck_object_0026_part_000_choice_000_frame_077,pck_object_0026,pck_object_0026_part_000,pck_object_0026_part_000_choice_000,0x00259A,3,23,89,0x0201,513,513,1,2,frame_plus_signed,0x00259A,0x00279B,yes,000800000000D8FFF6FFCAFED8FF1E00,0,in_range_no_structural_match
PHAPCK_TBL.decoded.bin,pck_object_0026_part_000_choice_000_frame_077,pck_object_0026,pck_object_0026_part_000,pck_object_0026_part_000_choice_000,0x00259A,3,23,89,0x0201,513,513,1,2,payload_plus_signed,0x00259C,0x00279D,yes,00000000D8FFF6FFCAFED8FF1E0088FF,5,plausible_frame_record_prefix
PHAPCK_TBL.decoded.bin,pck_object_0026_part_000_choice_000_frame_107,pck_object_0026,pck_object_0026_part_000,pck_object_0026_part_000_choice_000,0x00268A,3,1,3,0x0101,257,257,1,1,direct_unsigned,0x000000,0x000101,yes,0054050200680504007C050D00910506,0,in_range_no_structural_match
PHAPCK_TBL.decoded.bin,pck_object_0026_part_000_choice_000_frame_107,pck_object_0026,pck_object_0026_part_000,pck_object_0026_part_000_choice_000,0x00268A,3,1,3,0x0101,257,257,1,1,direct_signed,0x000000,0x000101,yes,0054050200680504007C050D00910506,0,in_range_no_structural_match
PHAPCK_TBL.decoded.bin,pck_object_0026_part_000_choice_000_frame_107,pck_object_0026,pck_object_0026_part_000,pck_object_0026_part_000_choice_000,0x00268A,3,1,3,0x0101,257,257,1,1,object_plus_unsigned,0x002332,0x002433,yes,0E460181020205050B4B018103030303,0,in_range_no_structural_match
PHAPCK_TBL.decoded.bin,pck_object_0026_part_000_choice_000_frame_107,pck_object_0026,pck_object_0026_part_000,pck_object_0026_part_000_choice_000,0x00268A,3,1,3,0x0101,257,257,1,1,object_plus_signed,0x002332,0x002433,yes,0E460181020205050B4B018103030303,0,in_range_no_structural_match
PHAPCK_TBL.decoded.bin,pck_object_0026_part_000_choice_000_frame_107,pck_object_0026,pck_object_0026_part_000,pck_object_0026_part_000_choice_000,0x00268A,3,1,3,0x0101,257,257,1,1,block_plus_unsigned,0x002330,0x002431,yes,03030E460181020205050B4B01810303,5,plausible_frame_record_prefix
PHAPCK_TBL.decoded.bin,pck_object_0026_part_000_choice_000_frame_107,pck_object_0026,pck_object_0026_part_000,pck_object_0026_part_000_choice_000,0x00268A,3,1,3,0x0101,257,257,1,1,block_plus_signed,0x002330,0x002431,yes,03030E460181020205050B4B01810303,5,plausible_frame_record_prefix
PHAPCK_TBL.decoded.bin,pck_object_0026_part_000_choice_000_frame_107,pck_object_0026,pck_object_0026_part_000,pck_object_0026_part_000_choice_000,0x00268A,3,1,3,0x0101,257,257,1,1,part_plus_signed,0x002340,0x002441,yes,030316500102030405FF0708090AFF0C,5,plausible_frame_record_prefix
PHAPCK_TBL.decoded.bin,pck_object_0026_part_000_choice_000_frame_107,pck_object_0026,pck_object_0026_part_000,pck_object_0026_part_000_choice_000,0x00268A,3,1,3,0x0101,257,257,1,1,frame_plus_signed,0x00268A,0x00278B,yes,00000000A6FFF6FFCAFEA6FF1E0088FF,5,plausible_frame_record_prefix
PHAPCK_TBL.decoded.bin,pck_object_0026_part_000_choice_000_frame_107,pck_object_0026,pck_object_0026_part_000,pck_object_0026_part_000_choice_000,0x00268A,3,1,3,0x0101,257,257,1,1,payload_plus_signed,0x00268C,0x00278D,yes,0000A6FFF6FFCAFEA6FF1E0088FF0008,5,plausible_frame_record_prefix
PHAPCK_TBL.decoded.bin,pck_object_0026_part_000_choice_000_frame_108,pck_object_0026,pck_object_0026_part_000,pck_object_0026_part_000_choice_000,0x002692,2,2,5,0x0605,1541,1541,5,6,direct_unsigned,0x000000,0x000605,yes,92FF00F8000000002800D8FFCAFE2800,5,byte0_high_bit_set
PHAPCK_TBL.decoded.bin,pck_object_0026_part_000_choice_000_frame_108,pck_object_0026,pck_object_0026_part_000,pck_object_0026_part_000_choice_000,0x002692,2,2,5,0x0605,1541,1541,5,6,direct_signed,0x000000,0x000605,yes,92FF00F8000000002800D8FFCAFE2800,5,byte0_high_bit_set
PHAPCK_TBL.decoded.bin,pck_object_0026_part_000_choice_000_frame_108,pck_object_0026,pck_object_0026_part_000,pck_object_0026_part_000_choice_000,0x002692,2,2,5,0x0605,1541,1541,5,6,object_plus_unsigned,0x002332,0x002937,yes,03010301011E01810202050506230181,5,plausible_frame_record_prefix
PHAPCK_TBL.decoded.bin,pck_object_0026_part_000_choice_000_frame_108,pck_object_0026,pck_object_0026_part_000,pck_object_0026_part_000_choice_000,0x002692,2,2,5,0x0605,1541,1541,5,6,object_plus_signed,0x002332,0x002937,yes,03010301011E01810202050506230181,5,plausible_frame_record_prefix
PHAPCK_TBL.decoded.bin,pck_object_0026_part_000_choice_000_frame_108,pck_object_0026,pck_object_0026_part_000,pck_object_0026_part_000_choice_000,0x002692,2,2,5,0x0605,1541,1541,5,6,block_plus_unsigned,0x002330,0x002935,yes,008103010301011E0181020205050623,0,in_range_no_structural_match
PHAPCK_TBL.decoded.bin,pck_object_0026_part_000_choice_000_frame_108,pck_object_0026,pck_object_0026_part_000,pck_object_0026_part_000_choice_000,0x002692,2,2,5,0x0605,1541,1541,5,6,block_plus_signed,0x002330,0x002935,yes,008103010301011E0181020205050623,0,in_range_no_structural_match
PHAPCK_TBL.decoded.bin,pck_object_0026_part_000_choice_000_frame_108,pck_object_0026,pck_object_0026_part_000,pck_object_0026_part_000_choice_000,0x002692,2,2,5,0x0605,1541,1541,5,6,part_plus_signed,0x002340,0x002945,yes,0181000000000B280181000000000E2D,0,in_range_no_structural_match
PHAPCK_TBL.decoded.bin,pck_object_0026_part_000_choice_000_frame_108,pck_object_0026,pck_object_0026_part_000,pck_object_0026_part_000_choice_000,0x002692,2,2,5,0x0605,1541,1541,5,6,frame_plus_signed,0x002692,0x002C97,yes,00181F000100AF00F401640018FC0000,35,exact_part_offset
PHAPCK_TBL.decoded.bin,pck_object_0026_part_000_choice_000_frame_108,pck_object_0026,pck_object_0026_part_000,pck_object_0026_part_000_choice_000,0x002692,2,2,5,0x0605,1541,1541,5,6,payload_plus_signed,0x002694,0x002C99,yes,1F000100AF00F401640018FC00000000,5,plausible_frame_record_prefix
PHAPCK_TBL.decoded.bin,pck_object_0026_part_000_choice_000_frame_111,pck_object_0026,pck_object_0026_part_000,pck_object_0026_part_000_choice_000,0x0026AA,2,2,5,0x1105,4357,4357,5,17,direct_unsigned,0x000000,0x001105,yes,03030315350181030303030C3A018102,5,plausible_frame_record_prefix
PHAPCK_TBL.decoded.bin,pck_object_0026_part_000_choice_000_frame_111,pck_object_0026,pck_object_0026_part_000,pck_object_0026_part_000_choice_000,0x0026AA,2,2,5,0x1105,4357,4357,5,17,direct_signed,0x000000,0x001105,yes,03030315350181030303030C3A018102,5,plausible_frame_record_prefix
PHAPCK_TBL.decoded.bin,pck_object_0026_part_000_choice_000_frame_111,pck_object_0026,pck_object_0026_part_000,pck_object_0026_part_000_choice_000,0x0026AA,2,2,5,0x1105,4357,4357,5,17,object_plus_unsigned,0x002332,0x003437,yes,02C4FF0200D200AEFFE5FF4001CB0791,0,in_range_no_structural_match
PHAPCK_TBL.decoded.bin,pck_object_0026_part_000_choice_000_frame_111,pck_object_0026,pck_object_0026_part_000,pck_object_0026_part_000_choice_000,0x0026AA,2,2,5,0x1105,4357,4357,5,17,object_plus_signed,0x002332,0x003437,yes,02C4FF0200D200AEFFE5FF4001CB0791,0,in_range_no_structural_match
PHAPCK_TBL.decoded.bin,pck_object_0026_part_000_choice_000_frame_111,pck_object_0026,pck_object_0026_part_000,pck_object_0026_part_000_choice_000,0x0026AA,2,2,5,0x1105,4357,4357,5,17,block_plus_unsigned,0x002330,0x003435,yes,072102C4FF0200D200AEFFE5FF4001CB,0,in_range_no_structural_match
PHAPCK_TBL.decoded.bin,pck_object_0026_part_000_choice_000_frame_111,pck_object_0026,pck_object_0026_part_000,pck_object_0026_part_000_choice_000,0x0026AA,2,2,5,0x1105,4357,4357,5,17,block_plus_signed,0x002330,0x003435,yes,072102C4FF0200D200AEFFE5FF4001CB,0,in_range_no_structural_match
PHAPCK_TBL.decoded.bin,pck_object_0026_part_000_choice_000_frame_111,pck_object_0026,pck_object_0026_part_000,pck_object_0026_part_000_choice_000,0x0026AA,2,2,5,0x1105,4357,4357,5,17,part_plus_signed,0x002340,0x003445,yes,079100B501C1FFD1FFF0000100140100,0,in_range_no_structural_match
PHAPCK_TBL.decoded.bin,pck_object_0026_part_000_choice_000_frame_111,pck_object_0026,pck_object_0026_part_000,pck_object_0026_part_000_choice_000,0x0026AA,2,2,5,0x1105,4357,4357,5,17,frame_plus_signed,0x0026AA,0x0037AF,yes,FFD200F406C4FDBEFCDEF876FEB9FC9B,5,byte0_high_bit_set
PHAPCK_TBL.decoded.bin,pck_object_0026_part_000_choice_000_frame_111,pck_object_0026,pck_object_0026_part_000,pck_object_0026_part_000_choice_000,0x0026AA,2,2,5,0x1105,4357,4357,5,17,payload_plus_signed,0x0026AC,0x0037B1,yes,00F406C4FDBEFCDEF876FEB9FC9BFF2D,0,in_range_no_structural_match
PHAPCK_TBL.decoded.bin,pck_object_0026_part_000_choice_000_frame_112,pck_object_0026,pck_object_0026_part_000,pck_object_0026_part_000_choice_000,0x0026B2,3,3,3,0x0E03,3587,3587,3,14,direct_unsigned,0x000000,0x000E03,yes,FF60FF7800ECFF0000A6FA0EFA09F898,35,exact_frame_record;byte0_high_bit_set
PHAPCK_TBL.decoded.bin,pck_object_0026_part_000_choice_000_frame_112,pck_object_0026,pck_object_0026_part_000,pck_object_0026_part_000_choice_000,0x0026B2,3,3,3,0x0E03,3587,3587,3,14,direct_signed,0x000000,0x000E03,yes,FF60FF7800ECFF0000A6FA0EFA09F898,35,exact_frame_record;byte0_high_bit_set
PHAPCK_TBL.decoded.bin,pck_object_0026_part_000_choice_000_frame_112,pck_object_0026,pck_object_0026_part_000,pck_object_0026_part_000_choice_000,0x0026B2,3,3,3,0x0E03,3587,3587,3,14,object_plus_unsigned,0x002332,0x003135,yes,00E407B0FE0100AE0000000D00B60001,0,in_range_no_structural_match
PHAPCK_TBL.decoded.bin,pck_object_0026_part_000_choice_000_frame_112,pck_object_0026,pck_object_0026_part_000,pck_object_0026_part_000_choice_000,0x0026B2,3,3,3,0x0E03,3587,3587,3,14,object_plus_signed,0x002332,0x003135,yes,00E407B0FE0100AE0000000D00B60001,0,in_range_no_structural_match
PHAPCK_TBL.decoded.bin,pck_object_0026_part_000_choice_000_frame_112,pck_object_0026,pck_object_0026_part_000,pck_object_0026_part_000_choice_000,0x0026B2,3,3,3,0x0E03,3587,3587,3,14,block_plus_unsigned,0x002330,0x003133,yes,FE0000E407B0FE0100AE0000000D00B6,25,byte0_high_bit_set;plausible_object_header;plausible_frame_record_prefix
PHAPCK_TBL.decoded.bin,pck_object_0026_part_000_choice_000_frame_112,pck_object_0026,pck_object_0026_part_000,pck_object_0026_part_000_choice_000,0x0026B2,3,3,3,0x0E03,3587,3587,3,14,block_plus_signed,0x002330,0x003133,yes,FE0000E407B0FE0100AE0000000D00B6,25,byte0_high_bit_set;plausible_object_header;plausible_frame_record_prefix
PHAPCK_TBL.decoded.bin,pck_object_0026_part_000_choice_000_frame_112,pck_object_0026,pck_object_0026_part_000,pck_object_0026_part_000_choice_000,0x0026B2,3,3,3,0x0E03,3587,3587,3,14,part_plus_signed,0x002340,0x003143,yes,0001018103010301011E018102020505,5,plausible_frame_record_prefix
PHAPCK_TBL.decoded.bin,pck_object_0026_part_000_choice_000_frame_112,pck_object_0026,pck_object_0026_part_000,pck_object_0026_part_000_choice_000,0x0026B2,3,3,3,0x0E03,3587,3587,3,14,frame_plus_signed,0x0026B2,0x0034B5,yes,FF020608FF020407FF0C0D02FF0D0F06,10,byte0_high_bit_set;plausible_frame_record_prefix
PHAPCK_TBL.decoded.bin,pck_object_0026_part_000_choice_000_frame_112,pck_object_0026,pck_object_0026_part_000,pck_object_0026_part_000_choice_000,0x0026B2,3,3,3,0x0E03,3587,3587,3,14,payload_plus_signed,0x0026B4,0x0034B7,yes,0608FF020407FF0C0D02FF0D0F06FF07,0,in_range_no_structural_match
PHAPCK_TBL.decoded.bin,pck_object_0026_part_000_choice_000_frame_113,pck_object_0026,pck_object_0026_part_000,pck_object_0026_part_000_choice_000,0x0026BA,3,3,3,0x0B03,2819,2819,3,11,direct_unsigned,0x000000,0x000B03,yes,000100FF0018FC000000000000000000,5,plausible_frame_record_prefix
PHAPCK_TBL.decoded.bin,pck_object_0026_part_000_choice_000_frame_113,pck_object_0026,pck_object_0026_part_000,pck_object_0026_part_000_choice_000,0x0026BA,3,3,3,0x0B03,2819,2819,3,11,direct_signed,0x000000,0x000B03,yes,000100FF0018FC000000000000000000,5,plausible_frame_record_prefix
PHAPCK_TBL.decoded.bin,pck_object_0026_part_000_choice_000_frame_113,pck_object_0026,pck_object_0026_part_000,pck_object_0026_part_000_choice_000,0x0026BA,3,3,3,0x0B03,2819,2819,3,11,object_plus_unsigned,0x002332,0x002E35,yes,00280092FF00F8000000002800D8FFCA,0,in_range_no_structural_match
PHAPCK_TBL.decoded.bin,pck_object_0026_part_000_choice_000_frame_113,pck_object_0026,pck_object_0026_part_000,pck_object_0026_part_000_choice_000,0x0026BA,3,3,3,0x0B03,2819,2819,3,11,object_plus_signed,0x002332,0x002E35,yes,00280092FF00F8000000002800D8FFCA,0,in_range_no_structural_match
PHAPCK_TBL.decoded.bin,pck_object_0026_part_000_choice_000_frame_113,pck_object_0026,pck_object_0026_part_000,pck_object_0026_part_000_choice_000,0x0026BA,3,3,3,0x0B03,2819,2819,3,11,block_plus_unsigned,0x002330,0x002E33,yes,FF2800280092FF00F8000000002800D8,20,byte0_high_bit_set;plausible_object_header
PHAPCK_TBL.decoded.bin,pck_object_0026_part_000_choice_000_frame_113,pck_object_0026,pck_object_0026_part_000,pck_object_0026_part_000_choice_000,0x0026BA,3,3,3,0x0B03,2819,2819,3,11,block_plus_signed,0x002330,0x002E33,yes,FF2800280092FF00F8000000002800D8,20,byte0_high_bit_set;plausible_object_header
PHAPCK_TBL.decoded.bin,pck_object_0026_part_000_choice_000_frame_113,pck_object_0026,pck_object_0026_part_000,pck_object_0026_part_000_choice_000,0x0026BA,3,3,3,0x0B03,2819,2819,3,11,part_plus_signed,0x002340,0x002E43,yes,FFCAFE2800000092FF0008000000005A,20,byte0_high_bit_set;plausible_object_header
PHAPCK_TBL.decoded.bin,pck_object_0026_part_000_choice_000_frame_113,pck_object_0026,pck_object_0026_part_000,pck_object_0026_part_000_choice_000,0x0026BA,3,3,3,0x0B03,2819,2819,3,11,frame_plus_signed,0x0026BA,0x0031BD,yes,0F090810FF0D0F100CFF12070CFF1008,0,in_range_no_structural_match
PHAPCK_TBL.decoded.bin,pck_object_0026_part_000_choice_000_frame_113,pck_object_0026,pck_object_0026_part_000,pck_object_0026_part_000_choice_000,0x0026BA,3,3,3,0x0B03,2819,2819,3,11,payload_plus_signed,0x0026BC,0x0031BF,yes,0810FF0D0F100CFF12070CFF100813FF,0,in_range_no_structural_match
PHAPCK_TBL.decoded.bin,pck_object_0026_part_000_choice_000_frame_116,pck_object_0026,pck_object_0026_part_000,pck_object_0026_part_000_choice_000,0x0026D2,3,3,3,0x1403,5123,5123,3,20,direct_unsigned,0x000000,0x001403,yes,FF5A00AA00F6FF5A00000018F83701AA,5,byte0_high_bit_set
PHAPCK_TBL.decoded.bin,pck_object_0026_part_000_choice_000_frame_116,pck_object_0026,pck_object_0026_part_000,pck_object_0026_part_000_choice_000,0x0026D2,3,3,3,0x1403,5123,5123,3,20,direct_signed,0x000000,0x001403,yes,FF5A00AA00F6FF5A00000018F83701AA,5,byte0_high_bit_set
PHAPCK_TBL.decoded.bin,pck_object_0026_part_000_choice_000_frame_116,pck_object_0026,pck_object_0026_part_000,pck_object_0026_part_000_choice_000,0x0026D2,3,3,3,0x1403,5123,5123,3,20,object_plus_unsigned,0x002332,0x003735,yes,0303030322FD01810202050518010204,5,plausible_frame_record_prefix
PHAPCK_TBL.decoded.bin,pck_object_0026_part_000_choice_000_frame_116,pck_object_0026,pck_object_0026_part_000,pck_object_0026_part_000_choice_000,0x0026D2,3,3,3,0x1403,5123,5123,3,20,object_plus_signed,0x002332,0x003735,yes,0303030322FD01810202050518010204,5,plausible_frame_record_prefix
PHAPCK_TBL.decoded.bin,pck_object_0026_part_000_choice_000_frame_116,pck_object_0026,pck_object_0026_part_000,pck_object_0026_part_000_choice_000,0x0026D2,3,3,3,0x1403,5123,5123,3,20,block_plus_unsigned,0x002330,0x003733,yes,01810303030322FD0181020205051801,0,in_range_no_structural_match
PHAPCK_TBL.decoded.bin,pck_object_0026_part_000_choice_000_frame_116,pck_object_0026,pck_object_0026_part_000,pck_object_0026_part_000_choice_000,0x0026D2,3,3,3,0x1403,5123,5123,3,20,block_plus_signed,0x002330,0x003733,yes,01810303030322FD0181020205051801,0,in_range_no_structural_match
PHAPCK_TBL.decoded.bin,pck_object_0026_part_000_choice_000_frame_116,pck_object_0026,pck_object_0026_part_000,pck_object_0026_part_000_choice_000,0x0026D2,3,3,3,0x1403,5123,5123,3,20,part_plus_signed,0x002340,0x003743,yes,02041F07FF20211F04FF232120FF071F,0,in_range_no_structural_match
PHAPCK_TBL.decoded.bin,pck_object_0026_part_000_choice_000_frame_116,pck_object_0026,pck_object_0026_part_000,pck_object_0026_part_000_choice_000,0x0026D2,3,3,3,0x1403,5123,5123,3,20,frame_plus_signed,0x0026D2,0x003AD5,yes,FF0F110706FF0D0C110FFF080302FF01,5,byte0_high_bit_set
PHAPCK_TBL.decoded.bin,pck_object_0026_part_000_choice_000_frame_116,pck_object_0026,pck_object_0026_part_000,pck_object_0026_part_000_choice_000,0x0026D2,3,3,3,0x1403,5123,5123,3,20,payload_plus_signed,0x0026D4,0x003AD7,yes,110706FF0D0C110FFF080302FF010088,0,in_range_no_structural_match
PHAPCK_TBL.decoded.bin,pck_object_0026_part_000_choice_000_frame_117,pck_object_0026,pck_object_0026_part_000,pck_object_0026_part_000_choice_000,0x0026DA,3,3,3,0x0E03,3587,3587,3,14,direct_unsigned,0x000000,0x000E03,yes,FF60FF7800ECFF0000A6FA0EFA09F898,35,exact_frame_record;byte0_high_bit_set
PHAPCK_TBL.decoded.bin,pck_object_0026_part_000_choice_000_frame_117,pck_object_0026,pck_object_0026_part_000,pck_object_0026_part_000_choice_000,0x0026DA,3,3,3,0x0E03,3587,3587,3,14,direct_signed,0x000000,0x000E03,yes,FF60FF7800ECFF0000A6FA0EFA09F898,35,exact_frame_record;byte0_high_bit_set
PHAPCK_TBL.decoded.bin,pck_object_0026_part_000_choice_000_frame_117,pck_object_0026,pck_object_0026_part_000,pck_object_0026_part_000_choice_000,0x0026DA,3,3,3,0x0E03,3587,3587,3,14,object_plus_unsigned,0x002332,0x003135,yes,00E407B0FE0100AE0000000D00B60001,0,in_range_no_structural_match
PHAPCK_TBL.decoded.bin,pck_object_0026_part_000_choice_000_frame_117,pck_object_0026,pck_object_0026_part_000,pck_object_0026_part_000_choice_000,0x0026DA,3,3,3,0x0E03,3587,3587,3,14,object_plus_signed,0x002332,0x003135,yes,00E407B0FE0100AE0000000D00B60001,0,in_range_no_structural_match
PHAPCK_TBL.decoded.bin,pck_object_0026_part_000_choice_000_frame_117,pck_object_0026,pck_object_0026_part_000,pck_object_0026_part_000_choice_000,0x0026DA,3,3,3,0x0E03,3587,3587,3,14,block_plus_unsigned,0x002330,0x003133,yes,FE0000E407B0FE0100AE0000000D00B6,25,byte0_high_bit_set;plausible_object_header;plausible_frame_record_prefix
PHAPCK_TBL.decoded.bin,pck_object_0026_part_000_choice_000_frame_117,pck_object_0026,pck_object_0026_part_000,pck_object_0026_part_000_choice_000,0x0026DA,3,3,3,0x0E03,3587,3587,3,14,block_plus_signed,0x002330,0x003133,yes,FE0000E407B0FE0100AE0000000D00B6,25,byte0_high_bit_set;plausible_object_header;plausible_frame_record_prefix
PHAPCK_TBL.decoded.bin,pck_object_0026_part_000_choice_000_frame_117,pck_object_0026,pck_object_0026_part_000,pck_object_0026_part_000_choice_000,0x0026DA,3,3,3,0x0E03,3587,3587,3,14,part_plus_signed,0x002340,0x003143,yes,0001018103010301011E018102020505,5,plausible_frame_record_prefix
PHAPCK_TBL.decoded.bin,pck_object_0026_part_000_choice_000_frame_117,pck_object_0026,pck_object_0026_part_000,pck_object_0026_part_000_choice_000,0x0026DA,3,3,3,0x0E03,3587,3587,3,14,frame_plus_signed,0x0026DA,0x0034DD,yes,000400A4018108810303030316C40181,0,in_range_no_structural_match
PHAPCK_TBL.decoded.bin,pck_object_0026_part_000_choice_000_frame_117,pck_object_0026,pck_object_0026_part_000,pck_object_0026_part_000_choice_000,0x0026DA,3,3,3,0x0E03,3587,3587,3,14,payload_plus_signed,0x0026DC,0x0034DF,yes,00A4018108810303030316C401810202,0,in_range_no_structural_match
PHAPCK_TBL.decoded.bin,pck_object_0026_part_000_choice_000_frame_118,pck_object_0026,pck_object_0026_part_000,pck_object_0026_part_000_choice_000,0x0026E2,2,2,5,0x0B05,2821,2821,5,11,direct_unsigned,0x000000,0x000B05,yes,00FF0018FC0000000000000000000856,0,in_range_no_structural_match
PHAPCK_TBL.decoded.bin,pck_object_0026_part_000_choice_000_frame_118,pck_object_0026,pck_object_0026_part_000,pck_object_0026_part_000_choice_000,0x0026E2,2,2,5,0x0B05,2821,2821,5,11,direct_signed,0x000000,0x000B05,yes,00FF0018FC0000000000000000000856,0,in_range_no_structural_match
PHAPCK_TBL.decoded.bin,pck_object_0026_part_000_choice_000_frame_118,pck_object_0026,pck_object_0026_part_000,pck_object_0026_part_000_choice_000,0x0026E2,2,2,5,0x0B05,2821,2821,5,11,object_plus_unsigned,0x002332,0x002E37,yes,0092FF00F8000000002800D8FFCAFE28,0,in_range_no_structural_match
PHAPCK_TBL.decoded.bin,pck_object_0026_part_000_choice_000_frame_118,pck_object_0026,pck_object_0026_part_000,pck_object_0026_part_000_choice_000,0x0026E2,2,2,5,0x0B05,2821,2821,5,11,object_plus_signed,0x002332,0x002E37,yes,0092FF00F8000000002800D8FFCAFE28,0,in_range_no_structural_match
PHAPCK_TBL.decoded.bin,pck_object_0026_part_000_choice_000_frame_118,pck_object_0026,pck_object_0026_part_000,pck_object_0026_part_000_choice_000,0x0026E2,2,2,5,0x0B05,2821,2821,5,11,block_plus_unsigned,0x002330,0x002E35,yes,00280092FF00F8000000002800D8FFCA,0,in_range_no_structural_match
PHAPCK_TBL.decoded.bin,pck_object_0026_part_000_choice_000_frame_118,pck_object_0026,pck_object_0026_part_000,pck_object_0026_part_000_choice_000,0x0026E2,2,2,5,0x0B05,2821,2821,5,11,block_plus_signed,0x002330,0x002E35,yes,00280092FF00F8000000002800D8FFCA,0,in_range_no_structural_match
PHAPCK_TBL.decoded.bin,pck_object_0026_part_000_choice_000_frame_118,pck_object_0026,pck_object_0026_part_000,pck_object_0026_part_000_choice_000,0x0026E2,2,2,5,0x0B05,2821,2821,5,11,part_plus_signed,0x002340,0x002E45,yes,FE2800000092FF0008000000005A0000,30,byte0_high_bit_set;plausible_object_header;plausible_drawable_extents_at_plus6_plus8
PHAPCK_TBL.decoded.bin,pck_object_0026_part_000_choice_000_frame_118,pck_object_0026,pck_object_0026_part_000,pck_object_0026_part_000_choice_000,0x0026E2,2,2,5,0x0B05,2821,2821,5,11,frame_plus_signed,0x0026E2,0x0031E7,yes,FF0A02050DFF80005B01000000000000,20,byte0_high_bit_set;plausible_object_header
PHAPCK_TBL.decoded.bin,pck_object_0026_part_000_choice_000_frame_118,pck_object_0026,pck_object_0026_part_000,pck_object_0026_part_000_choice_000,0x0026E2,2,2,5,0x0B05,2821,2821,5,11,payload_plus_signed,0x0026E4,0x0031E9,yes,02050DFF80005B010000000000000100,0,in_range_no_structural_match
PHAPCK_TBL.decoded.bin,pck_object_0026_part_000_choice_000_frame_119,pck_object_0026,pck_object_0026_part_000,pck_object_0026_part_000_choice_000,0x0026EA,3,3,3,0x1603,5635,5635,3,22,direct_unsigned,0x000000,0x001603,yes,81000000001238018100000000143D01,35,byte0_high_bit_set;plausible_object_header;plausible_drawable_extents_at_plus6_plus8;plausible_frame_record_prefix
PHAPCK_TBL.decoded.bin,pck_object_0026_part_000_choice_000_frame_119,pck_object_0026,pck_object_0026_part_000,pck_object_0026_part_000_choice_000,0x0026EA,3,3,3,0x1603,5635,5635,3,22,direct_signed,0x000000,0x001603,yes,81000000001238018100000000143D01,35,byte0_high_bit_set;plausible_object_header;plausible_drawable_extents_at_plus6_plus8;plausible_frame_record_prefix
PHAPCK_TBL.decoded.bin,pck_object_0026_part_000_choice_000_frame_119,pck_object_0026,pck_object_0026_part_000,pck_object_0026_part_000_choice_000,0x0026EA,3,3,3,0x1603,5635,5635,3,22,object_plus_unsigned,0x002332,0x003935,yes,03031F02028100000000210602810303,5,plausible_frame_record_prefix
PHAPCK_TBL.decoded.bin,pck_object_0026_part_000_choice_000_frame_119,pck_object_0026,pck_object_0026_part_000,pck_object_0026_part_000_choice_000,0x0026EA,3,3,3,0x1603,5635,5635,3,22,object_plus_signed,0x002332,0x003935,yes,03031F02028100000000210602810303,5,plausible_frame_record_prefix
PHAPCK_TBL.decoded.bin,pck_object_0026_part_000_choice_000_frame_119,pck_object_0026,pck_object_0026_part_000,pck_object_0026_part_000_choice_000,0x0026EA,3,3,3,0x1603,5635,5635,3,22,block_plus_unsigned,0x002330,0x003933,yes,030303031F0202810000000021060281,5,plausible_frame_record_prefix
PHAPCK_TBL.decoded.bin,pck_object_0026_part_000_choice_000_frame_119,pck_object_0026,pck_object_0026_part_000,pck_object_0026_part_000_choice_000,0x0026EA,3,3,3,0x1603,5635,5635,3,22,block_plus_signed,0x002330,0x003933,yes,030303031F0202810000000021060281,5,plausible_frame_record_prefix
PHAPCK_TBL.decoded.bin,pck_object_0026_part_000_choice_000_frame_119,pck_object_0026,pck_object_0026_part_000,pck_object_0026_part_000_choice_000,0x0026EA,3,3,3,0x1603,5635,5635,3,22,part_plus_signed,0x002340,0x003943,yes,03030303240B028102020505180F0204,5,plausible_frame_record_prefix
PHAPCK_TBL.decoded.bin,pck_object_0026_part_000_choice_000_frame_119,pck_object_0026,pck_object_0026_part_000,pck_object_0026_part_000_choice_000,0x0026EA,3,3,3,0x1603,5635,5635,3,22,frame_plus_signed,0x0026EA,0x003CED,yes,06FF0D0C110FFF080302FF01009C0100,0,in_range_no_structural_match
PHAPCK_TBL.decoded.bin,pck_object_0026_part_000_choice_000_frame_119,pck_object_0026,pck_object_0026_part_000,pck_object_0026_part_000_choice_000,0x0026EA,3,3,3,0x1603,5635,5635,3,22,payload_plus_signed,0x0026EC,0x003CEF,yes,0D0C110FFF080302FF01009C01000004,0,in_range_no_structural_match
PHAPCK_TBL.decoded.bin,pck_object_0026_part_000_choice_000_frame_120,pck_object_0026,pck_object_0026_part_000,pck_object_0026_part_000_choice_000,0x0026F2,3,4,5,0x07FF,2047,2047,255,7,direct_unsigned,0x000000,0x0007FF,yes,000100040100000A000C018108810808,5,plausible_frame_record_prefix
PHAPCK_TBL.decoded.bin,pck_object_0026_part_000_choice_000_frame_120,pck_object_0026,pck_object_0026_part_000,pck_object_0026_part_000_choice_000,0x0026F2,3,4,5,0x07FF,2047,2047,255,7,direct_signed,0x000000,0x0007FF,yes,000100040100000A000C018108810808,5,plausible_frame_record_prefix
PHAPCK_TBL.decoded.bin,pck_object_0026_part_000_choice_000_frame_120,pck_object_0026,pck_object_0026_part_000,pck_object_0026_part_000_choice_000,0x0026F2,3,4,5,0x07FF,2047,2047,255,7,object_plus_unsigned,0x002332,0x002B31,yes,0A02050DFF8000270100000000000001,5,plausible_frame_record_prefix
PHAPCK_TBL.decoded.bin,pck_object_0026_part_000_choice_000_frame_120,pck_object_0026,pck_object_0026_part_000,pck_object_0026_part_000_choice_000,0x0026F2,3,4,5,0x07FF,2047,2047,255,7,object_plus_signed,0x002332,0x002B31,yes,0A02050DFF8000270100000000000001,5,plausible_frame_record_prefix
PHAPCK_TBL.decoded.bin,pck_object_0026_part_000_choice_000_frame_120,pck_object_0026,pck_object_0026_part_000,pck_object_0026_part_000_choice_000,0x0026F2,3,4,5,0x07FF,2047,2047,255,7,block_plus_unsigned,0x002330,0x002B2F,yes,02FF0A02050DFF800027010000000000,0,in_range_no_structural_match
PHAPCK_TBL.decoded.bin,pck_object_0026_part_000_choice_000_frame_120,pck_object_0026,pck_object_0026_part_000,pck_object_0026_part_000_choice_000,0x0026F2,3,4,5,0x07FF,2047,2047,255,7,block_plus_signed,0x002330,0x002B2F,yes,02FF0A02050DFF800027010000000000,0,in_range_no_structural_match
PHAPCK_TBL.decoded.bin,pck_object_0026_part_000_choice_000_frame_120,pck_object_0026,pck_object_0026_part_000,pck_object_0026_part_000_choice_000,0x0026F2,3,4,5,0x07FF,2047,2047,255,7,part_plus_signed,0x002340,0x002B3F,yes,000100140000171C000100A600F40164,5,plausible_frame_record_prefix
PHAPCK_TBL.decoded.bin,pck_object_0026_part_000_choice_000_frame_120,pck_object_0026,pck_object_0026_part_000,pck_object_0026_part_000_choice_000,0x0026F2,3,4,5,0x07FF,2047,2047,255,7,frame_plus_signed,0x0026F2,0x002EF1,yes,17510181030303030B560102030405FF,0,in_range_no_structural_match
PHAPCK_TBL.decoded.bin,pck_object_0026_part_000_choice_000_frame_120,pck_object_0026,pck_object_0026_part_000,pck_object_0026_part_000_choice_000,0x0026F2,3,4,5,0x07FF,2047,2047,255,7,payload_plus_signed,0x0026F4,0x002EF3,yes,0181030303030B560102030405FF0708,0,in_range_no_structural_match
PHAPCK_TBL.decoded.bin,pck_object_0026_part_000_choice_000_frame_163,pck_object_0026,pck_object_0026_part_000,pck_object_0026_part_000_choice_000,0x00284A,2,3,4,0xFF05,65285,-251,5,255,direct_unsigned,0x000000,0x00FF05,no,,0,outside_decoded_stream
PHAPCK_TBL.decoded.bin,pck_object_0026_part_000_choice_000_frame_163,pck_object_0026,pck_object_0026_part_000,pck_object_0026_part_000_choice_000,0x00284A,2,3,4,0xFF05,65285,-251,5,255,direct_signed,0x000000,-0x0000FB,no,,0,outside_decoded_stream
PHAPCK_TBL.decoded.bin,pck_object_0026_part_000_choice_000_frame_163,pck_object_0026,pck_object_0026_part_000,pck_object_0026_part_000_choice_000,0x00284A,2,3,4,0xFF05,65285,-251,5,255,object_plus_unsigned,0x002332,0x012237,no,,0,outside_decoded_stream
PHAPCK_TBL.decoded.bin,pck_object_0026_part_000_choice_000_frame_163,pck_object_0026,pck_object_0026_part_000,pck_object_0026_part_000_choice_000,0x00284A,2,3,4,0xFF05,65285,-251,5,255,object_plus_signed,0x002332,0x002237,yes,A6FF24FF24FFA6FFC4FFA6FF00080000,5,byte0_high_bit_set
PHAPCK_TBL.decoded.bin,pck_object_0026_part_000_choice_000_frame_163,pck_object_0026,pck_object_0026_part_000,pck_object_0026_part_000_choice_000,0x00284A,2,3,4,0xFF05,65285,-251,5,255,block_plus_unsigned,0x002330,0x012235,no,,0,outside_decoded_stream
PHAPCK_TBL.decoded.bin,pck_object_0026_part_000_choice_000_frame_163,pck_object_0026,pck_object_0026_part_000,pck_object_0026_part_000_choice_000,0x00284A,2,3,4,0xFF05,65285,-251,5,255,block_plus_signed,0x002330,0x002235,yes,0000A6FF24FF24FFA6FFC4FFA6FF0008,5,plausible_frame_record_prefix
PHAPCK_TBL.decoded.bin,pck_object_0026_part_000_choice_000_frame_163,pck_object_0026,pck_object_0026_part_000,pck_object_0026_part_000_choice_000,0x00284A,2,3,4,0xFF05,65285,-251,5,255,part_plus_signed,0x002340,0x002245,yes,00000000D8FF24FF24FFD8FFC4FFA6FF,5,plausible_frame_record_prefix
PHAPCK_TBL.decoded.bin,pck_object_0026_part_000_choice_000_frame_163,pck_object_0026,pck_object_0026_part_000,pck_object_0026_part_000_choice_000,0x00284A,2,3,4,0xFF05,65285,-251,5,255,frame_plus_signed,0x00284A,0x00274F,yes,31FD7D07D8FF32001400D8FFE2FFF6FF,10,plausible_drawable_extents_at_plus6_plus8
PHAPCK_TBL.decoded.bin,pck_object_0026_part_000_choice_000_frame_163,pck_object_0026,pck_object_0026_part_000,pck_object_0026_part_000_choice_000,0x00284A,2,3,4,0xFF05,65285,-251,5,255,payload_plus_signed,0x00284C,0x002751,yes,7D07D8FF32001400D8FFE2FFF6FFA6FF,0,in_range_no_structural_match
PHAPCK_TBL.decoded.bin,pck_object_0034_part_000_choice_000_frame_042,pck_object_0034,pck_object_0034_part_000,pck_object_0034_part_000_choice_000,0x002F32,3,2,-1,0x020A,522,522,10,2,direct_unsigned,0x000000,0x00020A,yes,F8026D0756FFE2FFFA0056FF1400E600,10,byte0_high_bit_set;plausible_frame_record_prefix
PHAPCK_TBL.decoded.bin,pck_object_0034_part_000_choice_000_frame_042,pck_object_0034,pck_object_0034_part_000,pck_object_0034_part_000_choice_000,0x002F32,3,2,-1,0x020A,522,522,10,2,direct_signed,0x000000,0x00020A,yes,F8026D0756FFE2FFFA0056FF1400E600,10,byte0_high_bit_set;plausible_frame_record_prefix
PHAPCK_TBL.decoded.bin,pck_object_0034_part_000_choice_000_frame_042,pck_object_0034,pck_object_0034_part_000,pck_object_0034_part_000_choice_000,0x002F32,3,2,-1,0x020A,522,522,10,2,object_plus_unsigned,0x002DE2,0x002FEC,yes,0181030103010125018102020505062A,30,exact_frame_table_entry
PHAPCK_TBL.decoded.bin,pck_object_0034_part_000_choice_000_frame_042,pck_object_0034,pck_object_0034_part_000,pck_object_0034_part_000_choice_000,0x002F32,3,2,-1,0x020A,522,522,10,2,object_plus_signed,0x002DE2,0x002FEC,yes,0181030103010125018102020505062A,30,exact_frame_table_entry
PHAPCK_TBL.decoded.bin,pck_object_0034_part_000_choice_000_frame_042,pck_object_0034,pck_object_0034_part_000,pck_object_0034_part_000_choice_000,0x002F32,3,2,-1,0x020A,522,522,10,2,block_plus_unsigned,0x002DE0,0x002FEA,yes,00010181030103010125018102020505,35,exact_frame_record;plausible_frame_record_prefix
PHAPCK_TBL.decoded.bin,pck_object_0034_part_000_choice_000_frame_042,pck_object_0034,pck_object_0034_part_000,pck_object_0034_part_000_choice_000,0x002F32,3,2,-1,0x020A,522,522,10,2,block_plus_signed,0x002DE0,0x002FEA,yes,00010181030103010125018102020505,35,exact_frame_record;plausible_frame_record_prefix
PHAPCK_TBL.decoded.bin,pck_object_0034_part_000_choice_000_frame_042,pck_object_0034,pck_object_0034_part_000,pck_object_0034_part_000_choice_000,0x002F32,3,2,-1,0x020A,522,522,10,2,part_plus_signed,0x002DF0,0x002FFA,yes,062A0181000000000B2F018100000000,30,exact_frame_record
PHAPCK_TBL.decoded.bin,pck_object_0034_part_000_choice_000_frame_042,pck_object_0034,pck_object_0034_part_000,pck_object_0034_part_000_choice_000,0x002F32,3,2,-1,0x020A,522,522,10,2,frame_plus_signed,0x002F32,0x00313C,yes,AE0000000D00B6000101810301030101,10,byte0_high_bit_set;plausible_frame_record_prefix
PHAPCK_TBL.decoded.bin,pck_object_0034_part_000_choice_000_frame_042,pck_object_0034,pck_object_0034_part_000,pck_object_0034_part_000_choice_000,0x002F32,3,2,-1,0x020A,522,522,10,2,payload_plus_signed,0x002F34,0x00313E,yes,00000D00B60001018103010301011E01,35,exact_frame_table_entry;plausible_frame_record_prefix
PHAPCK_TBL.decoded.bin,pck_object_0034_part_000_choice_000_frame_090,pck_object_0034,pck_object_0034_part_000,pck_object_0034_part_000_choice_000,0x0030B2,2,125,7,0x0028,40,40,40,0,direct_unsigned,0x000000,0x000028,yes,0000EB000200FF000400130106002701,15,plausible_drawable_extents_at_plus6_plus8;plausible_frame_record_prefix
PHAPCK_TBL.decoded.bin,pck_object_0034_part_000_choice_000_frame_090,pck_object_0034,pck_object_0034_part_000,pck_object_0034_part_000_choice_000,0x0030B2,2,125,7,0x0028,40,40,40,0,direct_signed,0x000000,0x000028,yes,0000EB000200FF000400130106002701,15,plausible_drawable_extents_at_plus6_plus8;plausible_frame_record_prefix
PHAPCK_TBL.decoded.bin,pck_object_0034_part_000_choice_000_frame_090,pck_object_0034,pck_object_0034_part_000,pck_object_0034_part_000_choice_000,0x0030B2,2,125,7,0x0028,40,40,40,0,object_plus_unsigned,0x002DE2,0x002E0A,yes,5A0032000A005A00E2FF1E002800E2FF,35,exact_frame_record;plausible_frame_record_prefix
PHAPCK_TBL.decoded.bin,pck_object_0034_part_000_choice_000_frame_090,pck_object_0034,pck_object_0034_part_000,pck_object_0034_part_000_choice_000,0x0030B2,2,125,7,0x0028,40,40,40,0,object_plus_signed,0x002DE2,0x002E0A,yes,5A0032000A005A00E2FF1E002800E2FF,35,exact_frame_record;plausible_frame_record_prefix
PHAPCK_TBL.decoded.bin,pck_object_0034_part_000_choice_000_frame_090,pck_object_0034,pck_object_0034_part_000,pck_object_0034_part_000_choice_000,0x0030B2,2,125,7,0x0028,40,40,40,0,block_plus_unsigned,0x002DE0,0x002E08,yes,0A005A0032000A005A00E2FF1E002800,15,plausible_drawable_extents_at_plus6_plus8;plausible_frame_record_prefix
PHAPCK_TBL.decoded.bin,pck_object_0034_part_000_choice_000_frame_090,pck_object_0034,pck_object_0034_part_000,pck_object_0034_part_000_choice_000,0x0030B2,2,125,7,0x0028,40,40,40,0,block_plus_signed,0x002DE0,0x002E08,yes,0A005A0032000A005A00E2FF1E002800,15,plausible_drawable_extents_at_plus6_plus8;plausible_frame_record_prefix
PHAPCK_TBL.decoded.bin,pck_object_0034_part_000_choice_000_frame_090,pck_object_0034,pck_object_0034_part_000,pck_object_0034_part_000_choice_000,0x0030B2,2,125,7,0x0028,40,40,40,0,part_plus_signed,0x002DF0,0x002E18,yes,E2FF1E0000000008000028002800E8FE,20,byte0_high_bit_set;plausible_object_header
PHAPCK_TBL.decoded.bin,pck_object_0034_part_000_choice_000_frame_090,pck_object_0034,pck_object_0034_part_000,pck_object_0034_part_000_choice_000,0x0030B2,2,125,7,0x0028,40,40,40,0,frame_plus_signed,0x0030B2,0x0030DA,yes,5A00ECFFF2FE5A001E0088FF28001E00,45,exact_frame_record;plausible_drawable_extents_at_plus6_plus8;plausible_frame_record_prefix
PHAPCK_TBL.decoded.bin,pck_object_0034_part_000_choice_000_frame_090,pck_object_0034,pck_object_0034_part_000,pck_object_0034_part_000_choice_000,0x0030B2,2,125,7,0x0028,40,40,40,0,payload_plus_signed,0x0030B4,0x0030DC,yes,ECFFF2FE5A001E0088FF28001E0088FF,20,byte0_high_bit_set;plausible_object_header
PHAPCK_TBL.decoded.bin,pck_object_0034_part_000_choice_000_frame_127,pck_object_0034,pck_object_0034_part_000,pck_object_0034_part_000_choice_000,0x0031DA,3,9,-1,0x050D,1293,1293,13,5,direct_unsigned,0x000000,0x00050D,yes,01200181070705050625018100000000,0,in_range_no_structural_match
PHAPCK_TBL.decoded.bin,pck_object_0034_part_000_choice_000_frame_127,pck_object_0034,pck_object_0034_part_000,pck_object_0034_part_000_choice_000,0x0031DA,3,9,-1,0x050D,1293,1293,13,5,direct_signed,0x000000,0x00050D,yes,01200181070705050625018100000000,0,in_range_no_structural_match
PHAPCK_TBL.decoded.bin,pck_object_0034_part_000_choice_000_frame_127,pck_object_0034,pck_object_0034_part_000,pck_object_0034_part_000_choice_000,0x0031DA,3,9,-1,0x050D,1293,1293,13,5,object_plus_unsigned,0x002DE2,0x0032EF,yes,81030303031657018103030303175C01,10,byte0_high_bit_set;plausible_frame_record_prefix
PHAPCK_TBL.decoded.bin,pck_object_0034_part_000_choice_000_frame_127,pck_object_0034,pck_object_0034_part_000,pck_object_0034_part_000_choice_000,0x0031DA,3,9,-1,0x050D,1293,1293,13,5,object_plus_signed,0x002DE2,0x0032EF,yes,81030303031657018103030303175C01,10,byte0_high_bit_set;plausible_frame_record_prefix
PHAPCK_TBL.decoded.bin,pck_object_0034_part_000_choice_000_frame_127,pck_object_0034,pck_object_0034_part_000,pck_object_0034_part_000_choice_000,0x0031DA,3,9,-1,0x050D,1293,1293,13,5,block_plus_unsigned,0x002DE0,0x0032ED,yes,52018103030303165701810303030317,5,plausible_frame_record_prefix
PHAPCK_TBL.decoded.bin,pck_object_0034_part_000_choice_000_frame_127,pck_object_0034,pck_object_0034_part_000,pck_object_0034_part_000_choice_000,0x0031DA,3,9,-1,0x050D,1293,1293,13,5,block_plus_signed,0x002DE0,0x0032ED,yes,52018103030303165701810303030317,5,plausible_frame_record_prefix
PHAPCK_TBL.decoded.bin,pck_object_0034_part_000_choice_000_frame_127,pck_object_0034,pck_object_0034_part_000,pck_object_0034_part_000_choice_000,0x0031DA,3,9,-1,0x050D,1293,1293,13,5,part_plus_signed,0x002DF0,0x0032FD,yes,5C0181030303030B610102030405FF07,5,plausible_frame_record_prefix
PHAPCK_TBL.decoded.bin,pck_object_0034_part_000_choice_000_frame_127,pck_object_0034,pck_object_0034_part_000,pck_object_0034_part_000_choice_000,0x0031DA,3,9,-1,0x050D,1293,1293,13,5,frame_plus_signed,0x0031DA,0x0036E7,yes,0303030316B601810202050518BA0181,5,plausible_frame_record_prefix
PHAPCK_TBL.decoded.bin,pck_object_0034_part_000_choice_000_frame_127,pck_object_0034,pck_object_0034_part_000,pck_object_0034_part_000_choice_000,0x0031DA,3,9,-1,0x050D,1293,1293,13,5,payload_plus_signed,0x0031DC,0x0036E9,yes,030316B601810202050518BA01810303,5,plausible_frame_record_prefix
PHAPCK_TBL.decoded.bin,pck_object_0034_part_000_choice_000_frame_157,pck_object_0034,pck_object_0034_part_000,pck_object_0034_part_000_choice_000,0x0032CA,3,11,64,0x8101,33025,-32511,1,129,direct_unsigned,0x000000,0x008101,yes,FFA0003C001AFF000058FA58FA82003C,5,byte0_high_bit_set
PHAPCK_TBL.decoded.bin,pck_object_0034_part_000_choice_000_frame_157,pck_object_0034,pck_object_0034_part_000,pck_object_0034_part_000_choice_000,0x0032CA,3,11,64,0x8101,33025,-32511,1,129,direct_signed,0x000000,-0x007EFF,no,,0,outside_decoded_stream
PHAPCK_TBL.decoded.bin,pck_object_0034_part_000_choice_000_frame_157,pck_object_0034,pck_object_0034_part_000,pck_object_0034_part_000_choice_000,0x0032CA,3,11,64,0x8101,33025,-32511,1,129,object_plus_unsigned,0x002DE2,0x00AEE3,no,,0,outside_decoded_stream
PHAPCK_TBL.decoded.bin,pck_object_0034_part_000_choice_000_frame_157,pck_object_0034,pck_object_0034_part_000,pck_object_0034_part_000_choice_000,0x0032CA,3,11,64,0x8101,33025,-32511,1,129,object_plus_signed,0x002DE2,-0x00511D,no,,0,outside_decoded_stream
PHAPCK_TBL.decoded.bin,pck_object_0034_part_000_choice_000_frame_157,pck_object_0034,pck_object_0034_part_000,pck_object_0034_part_000_choice_000,0x0032CA,3,11,64,0x8101,33025,-32511,1,129,block_plus_unsigned,0x002DE0,0x00AEE1,no,,0,outside_decoded_stream
PHAPCK_TBL.decoded.bin,pck_object_0034_part_000_choice_000_frame_157,pck_object_0034,pck_object_0034_part_000,pck_object_0034_part_000_choice_000,0x0032CA,3,11,64,0x8101,33025,-32511,1,129,block_plus_signed,0x002DE0,-0x00511F,no,,0,outside_decoded_stream
PHAPCK_TBL.decoded.bin,pck_object_0034_part_000_choice_000_frame_157,pck_object_0034,pck_object_0034_part_000,pck_object_0034_part_000_choice_000,0x0032CA,3,11,64,0x8101,33025,-32511,1,129,part_plus_signed,0x002DF0,-0x00510F,no,,0,outside_decoded_stream
PHAPCK_TBL.decoded.bin,pck_object_0034_part_000_choice_000_frame_157,pck_object_0034,pck_object_0034_part_000,pck_object_0034_part_000_choice_000,0x0032CA,3,11,64,0x8101,33025,-32511,1,129,frame_plus_signed,0x0032CA,-0x004C35,no,,0,outside_decoded_stream
PHAPCK_TBL.decoded.bin,pck_object_0034_part_000_choice_000_frame_157,pck_object_0034,pck_object_0034_part_000,pck_object_0034_part_000_choice_000,0x0032CA,3,11,64,0x8101,33025,-32511,1,129,payload_plus_signed,0x0032CC,-0x004C33,no,,0,outside_decoded_stream
PHAPCK_TBL.decoded.bin,pck_object_0034_part_000_choice_000_frame_158,pck_object_0034,pck_object_0034_part_000,pck_object_0034_part_000_choice_000,0x0032D2,3,14,68,0x8101,33025,-32511,1,129,direct_unsigned,0x000000,0x008101,yes,FFA0003C001AFF000058FA58FA82003C,5,byte0_high_bit_set
PHAPCK_TBL.decoded.bin,pck_object_0034_part_000_choice_000_frame_158,pck_object_0034,pck_object_0034_part_000,pck_object_0034_part_000_choice_000,0x0032D2,3,14,68,0x8101,33025,-32511,1,129,direct_signed,0x000000,-0x007EFF,no,,0,outside_decoded_stream
PHAPCK_TBL.decoded.bin,pck_object_0034_part_000_choice_000_frame_158,pck_object_0034,pck_object_0034_part_000,pck_object_0034_part_000_choice_000,0x0032D2,3,14,68,0x8101,33025,-32511,1,129,object_plus_unsigned,0x002DE2,0x00AEE3,no,,0,outside_decoded_stream
PHAPCK_TBL.decoded.bin,pck_object_0034_part_000_choice_000_frame_158,pck_object_0034,pck_object_0034_part_000,pck_object_0034_part_000_choice_000,0x0032D2,3,14,68,0x8101,33025,-32511,1,129,object_plus_signed,0x002DE2,-0x00511D,no,,0,outside_decoded_stream
PHAPCK_TBL.decoded.bin,pck_object_0034_part_000_choice_000_frame_158,pck_object_0034,pck_object_0034_part_000,pck_object_0034_part_000_choice_000,0x0032D2,3,14,68,0x8101,33025,-32511,1,129,block_plus_unsigned,0x002DE0,0x00AEE1,no,,0,outside_decoded_stream
PHAPCK_TBL.decoded.bin,pck_object_0034_part_000_choice_000_frame_158,pck_object_0034,pck_object_0034_part_000,pck_object_0034_part_000_choice_000,0x0032D2,3,14,68,0x8101,33025,-32511,1,129,block_plus_signed,0x002DE0,-0x00511F,no,,0,outside_decoded_stream
PHAPCK_TBL.decoded.bin,pck_object_0034_part_000_choice_000_frame_158,pck_object_0034,pck_object_0034_part_000,pck_object_0034_part_000_choice_000,0x0032D2,3,14,68,0x8101,33025,-32511,1,129,part_plus_signed,0x002DF0,-0x00510F,no,,0,outside_decoded_stream
PHAPCK_TBL.decoded.bin,pck_object_0034_part_000_choice_000_frame_158,pck_object_0034,pck_object_0034_part_000,pck_object_0034_part_000_choice_000,0x0032D2,3,14,68,0x8101,33025,-32511,1,129,frame_plus_signed,0x0032D2,-0x004C2D,no,,0,outside_decoded_stream
PHAPCK_TBL.decoded.bin,pck_object_0034_part_000_choice_000_frame_158,pck_object_0034,pck_object_0034_part_000,pck_object_0034_part_000_choice_000,0x0032D2,3,14,68,0x8101,33025,-32511,1,129,payload_plus_signed,0x0032D4,-0x004C2B,no,,0,outside_decoded_stream
PHAPCK_TBL.decoded.bin,pck_object_0034_part_000_choice_000_frame_162,pck_object_0034,pck_object_0034_part_000,pck_object_0034_part_000_choice_000,0x0032F2,3,22,87,0x8101,33025,-32511,1,129,direct_unsigned,0x000000,0x008101,yes,FFA0003C001AFF000058FA58FA82003C,5,byte0_high_bit_set
PHAPCK_TBL.decoded.bin,pck_object_0034_part_000_choice_000_frame_162,pck_object_0034,pck_object_0034_part_000,pck_object_0034_part_000_choice_000,0x0032F2,3,22,87,0x8101,33025,-32511,1,129,direct_signed,0x000000,-0x007EFF,no,,0,outside_decoded_stream
PHAPCK_TBL.decoded.bin,pck_object_0034_part_000_choice_000_frame_162,pck_object_0034,pck_object_0034_part_000,pck_object_0034_part_000_choice_000,0x0032F2,3,22,87,0x8101,33025,-32511,1,129,object_plus_unsigned,0x002DE2,0x00AEE3,no,,0,outside_decoded_stream
PHAPCK_TBL.decoded.bin,pck_object_0034_part_000_choice_000_frame_162,pck_object_0034,pck_object_0034_part_000,pck_object_0034_part_000_choice_000,0x0032F2,3,22,87,0x8101,33025,-32511,1,129,object_plus_signed,0x002DE2,-0x00511D,no,,0,outside_decoded_stream
PHAPCK_TBL.decoded.bin,pck_object_0034_part_000_choice_000_frame_162,pck_object_0034,pck_object_0034_part_000,pck_object_0034_part_000_choice_000,0x0032F2,3,22,87,0x8101,33025,-32511,1,129,block_plus_unsigned,0x002DE0,0x00AEE1,no,,0,outside_decoded_stream
PHAPCK_TBL.decoded.bin,pck_object_0034_part_000_choice_000_frame_162,pck_object_0034,pck_object_0034_part_000,pck_object_0034_part_000_choice_000,0x0032F2,3,22,87,0x8101,33025,-32511,1,129,block_plus_signed,0x002DE0,-0x00511F,no,,0,outside_decoded_stream
PHAPCK_TBL.decoded.bin,pck_object_0034_part_000_choice_000_frame_162,pck_object_0034,pck_object_0034_part_000,pck_object_0034_part_000_choice_000,0x0032F2,3,22,87,0x8101,33025,-32511,1,129,part_plus_signed,0x002DF0,-0x00510F,no,,0,outside_decoded_stream
PHAPCK_TBL.decoded.bin,pck_object_0034_part_000_choice_000_frame_162,pck_object_0034,pck_object_0034_part_000,pck_object_0034_part_000_choice_000,0x0032F2,3,22,87,0x8101,33025,-32511,1,129,frame_plus_signed,0x0032F2,-0x004C0D,no,,0,outside_decoded_stream
PHAPCK_TBL.decoded.bin,pck_object_0034_part_000_choice_000_frame_162,pck_object_0034,pck_object_0034_part_000,pck_object_0034_part_000_choice_000,0x0032F2,3,22,87,0x8101,33025,-32511,1,129,payload_plus_signed,0x0032F4,-0x004C0B,no,,0,outside_decoded_stream
PHAPCK_TBL.decoded.bin,pck_object_0034_part_000_choice_000_frame_163,pck_object_0034,pck_object_0034_part_000,pck_object_0034_part_000_choice_000,0x0032FA,3,23,92,0x8101,33025,-32511,1,129,direct_unsigned,0x000000,0x008101,yes,FFA0003C001AFF000058FA58FA82003C,5,byte0_high_bit_set
PHAPCK_TBL.decoded.bin,pck_object_0034_part_000_choice_000_frame_163,pck_object_0034,pck_object_0034_part_000,pck_object_0034_part_000_choice_000,0x0032FA,3,23,92,0x8101,33025,-32511,1,129,direct_signed,0x000000,-0x007EFF,no,,0,outside_decoded_stream
PHAPCK_TBL.decoded.bin,pck_object_0034_part_000_choice_000_frame_163,pck_object_0034,pck_object_0034_part_000,pck_object_0034_part_000_choice_000,0x0032FA,3,23,92,0x8101,33025,-32511,1,129,object_plus_unsigned,0x002DE2,0x00AEE3,no,,0,outside_decoded_stream
PHAPCK_TBL.decoded.bin,pck_object_0034_part_000_choice_000_frame_163,pck_object_0034,pck_object_0034_part_000,pck_object_0034_part_000_choice_000,0x0032FA,3,23,92,0x8101,33025,-32511,1,129,object_plus_signed,0x002DE2,-0x00511D,no,,0,outside_decoded_stream
PHAPCK_TBL.decoded.bin,pck_object_0034_part_000_choice_000_frame_163,pck_object_0034,pck_object_0034_part_000,pck_object_0034_part_000_choice_000,0x0032FA,3,23,92,0x8101,33025,-32511,1,129,block_plus_unsigned,0x002DE0,0x00AEE1,no,,0,outside_decoded_stream
PHAPCK_TBL.decoded.bin,pck_object_0034_part_000_choice_000_frame_163,pck_object_0034,pck_object_0034_part_000,pck_object_0034_part_000_choice_000,0x0032FA,3,23,92,0x8101,33025,-32511,1,129,block_plus_signed,0x002DE0,-0x00511F,no,,0,outside_decoded_stream
PHAPCK_TBL.decoded.bin,pck_object_0034_part_000_choice_000_frame_163,pck_object_0034,pck_object_0034_part_000,pck_object_0034_part_000_choice_000,0x0032FA,3,23,92,0x8101,33025,-32511,1,129,part_plus_signed,0x002DF0,-0x00510F,no,,0,outside_decoded_stream
PHAPCK_TBL.decoded.bin,pck_object_0034_part_000_choice_000_frame_163,pck_object_0034,pck_object_0034_part_000,pck_object_0034_part_000_choice_000,0x0032FA,3,23,92,0x8101,33025,-32511,1,129,frame_plus_signed,0x0032FA,-0x004C05,no,,0,outside_decoded_stream
PHAPCK_TBL.decoded.bin,pck_object_0034_part_000_choice_000_frame_163,pck_object_0034,pck_object_0034_part_000,pck_object_0034_part_000_choice_000,0x0032FA,3,23,92,0x8101,33025,-32511,1,129,payload_plus_signed,0x0032FC,-0x004C03,no,,0,outside_decoded_stream
PHAPCK_TBL.decoded.bin,pck_object_0034_part_000_choice_000_frame_164,pck_object_0034,pck_object_0034_part_000,pck_object_0034_part_000_choice_000,0x003302,3,11,97,0x0201,513,513,1,2,direct_unsigned,0x000000,0x000201,yes,0018FC000000000000F8026D0756FFE2,0,in_range_no_structural_match
PHAPCK_TBL.decoded.bin,pck_object_0034_part_000_choice_000_frame_164,pck_object_0034,pck_object_0034_part_000,pck_object_0034_part_000_choice_000,0x003302,3,11,97,0x0201,513,513,1,2,direct_signed,0x000000,0x000201,yes,0018FC000000000000F8026D0756FFE2,0,in_range_no_structural_match
PHAPCK_TBL.decoded.bin,pck_object_0034_part_000_choice_000_frame_164,pck_object_0034,pck_object_0034_part_000,pck_object_0034_part_000_choice_000,0x003302,3,11,97,0x0201,513,513,1,2,object_plus_unsigned,0x002DE2,0x002FE3,yes,B50000000D00BD000101810301030101,10,byte0_high_bit_set;plausible_frame_record_prefix
PHAPCK_TBL.decoded.bin,pck_object_0034_part_000_choice_000_frame_164,pck_object_0034,pck_object_0034_part_000,pck_object_0034_part_000_choice_000,0x003302,3,11,97,0x0201,513,513,1,2,object_plus_signed,0x002DE2,0x002FE3,yes,B50000000D00BD000101810301030101,10,byte0_high_bit_set;plausible_frame_record_prefix
PHAPCK_TBL.decoded.bin,pck_object_0034_part_000_choice_000_frame_164,pck_object_0034,pck_object_0034_part_000,pck_object_0034_part_000_choice_000,0x003302,3,11,97,0x0201,513,513,1,2,block_plus_unsigned,0x002DE0,0x002FE1,yes,0100B50000000D00BD00010181030103,15,plausible_drawable_extents_at_plus6_plus8;plausible_frame_record_prefix
PHAPCK_TBL.decoded.bin,pck_object_0034_part_000_choice_000_frame_164,pck_object_0034,pck_object_0034_part_000,pck_object_0034_part_000_choice_000,0x003302,3,11,97,0x0201,513,513,1,2,block_plus_signed,0x002DE0,0x002FE1,yes,0100B50000000D00BD00010181030103,15,plausible_drawable_extents_at_plus6_plus8;plausible_frame_record_prefix
PHAPCK_TBL.decoded.bin,pck_object_0034_part_000_choice_000_frame_164,pck_object_0034,pck_object_0034_part_000,pck_object_0034_part_000_choice_000,0x003302,3,11,97,0x0201,513,513,1,2,part_plus_signed,0x002DF0,0x002FF1,yes,010125018102020505062A0181000000,5,plausible_frame_record_prefix
PHAPCK_TBL.decoded.bin,pck_object_0034_part_000_choice_000_frame_164,pck_object_0034,pck_object_0034_part_000,pck_object_0034_part_000_choice_000,0x003302,3,11,97,0x0201,513,513,1,2,frame_plus_signed,0x003302,0x003503,yes,01061708FF191A1706FF1C1A19FF1C08,0,in_range_no_structural_match
PHAPCK_TBL.decoded.bin,pck_object_0034_part_000_choice_000_frame_164,pck_object_0034,pck_object_0034_part_000,pck_object_0034_part_000_choice_000,0x003302,3,11,97,0x0201,513,513,1,2,payload_plus_signed,0x003304,0x003505,yes,1708FF191A1706FF1C1A19FF1C08171A,0,in_range_no_structural_match
PHAPCK_TBL.decoded.bin,pck_object_0038_part_002_choice_000_frame_000,pck_object_0038,pck_object_0038_part_002,pck_object_0038_part_002_choice_000,0x003528,2,-127,0,0x0000,0,0,0,0,direct_unsigned,0x000000,0x000000,yes,04001E000A003100060045000F005A00,15,plausible_drawable_extents_at_plus6_plus8;plausible_frame_record_prefix
PHAPCK_TBL.decoded.bin,pck_object_0038_part_002_choice_000_frame_000,pck_object_0038,pck_object_0038_part_002,pck_object_0038_part_002_choice_000,0x003528,2,-127,0,0x0000,0,0,0,0,direct_signed,0x000000,0x000000,yes,04001E000A003100060045000F005A00,15,plausible_drawable_extents_at_plus6_plus8;plausible_frame_record_prefix
PHAPCK_TBL.decoded.bin,pck_object_0038_part_002_choice_000_frame_000,pck_object_0038,pck_object_0038_part_002,pck_object_0038_part_002_choice_000,0x003528,2,-127,0,0x0000,0,0,0,0,object_plus_unsigned,0x003346,0x003346,yes,80005301000000000000030014000026,75,exact_object_offset;byte0_high_bit_set;plausible_object_header;plausible_frame_record_prefix
PHAPCK_TBL.decoded.bin,pck_object_0038_part_002_choice_000_frame_000,pck_object_0038,pck_object_0038_part_002,pck_object_0038_part_002_choice_000,0x003528,2,-127,0,0x0000,0,0,0,0,object_plus_signed,0x003346,0x003346,yes,80005301000000000000030014000026,75,exact_object_offset;byte0_high_bit_set;plausible_object_header;plausible_frame_record_prefix
PHAPCK_TBL.decoded.bin,pck_object_0038_part_002_choice_000_frame_000,pck_object_0038,pck_object_0038_part_002,pck_object_0038_part_002_choice_000,0x003528,2,-127,0,0x0000,0,0,0,0,block_plus_unsigned,0x003340,0x003340,yes,FF0A02050DFF80005301000000000000,75,exact_frame_record;exact_block_offset;byte0_high_bit_set;plausible_object_header
PHAPCK_TBL.decoded.bin,pck_object_0038_part_002_choice_000_frame_000,pck_object_0038,pck_object_0038_part_002,pck_object_0038_part_002_choice_000,0x003528,2,-127,0,0x0000,0,0,0,0,block_plus_signed,0x003340,0x003340,yes,FF0A02050DFF80005301000000000000,75,exact_frame_record;exact_block_offset;byte0_high_bit_set;plausible_object_header
PHAPCK_TBL.decoded.bin,pck_object_0038_part_002_choice_000_frame_000,pck_object_0038,pck_object_0038_part_002,pck_object_0038_part_002_choice_000,0x003528,2,-127,0,0x0000,0,0,0,0,part_plus_signed,0x003364,0x003364,yes,1E262C000100D60100001200E803B1FB,35,exact_part_offset
PHAPCK_TBL.decoded.bin,pck_object_0038_part_002_choice_000_frame_000,pck_object_0038,pck_object_0038_part_002,pck_object_0038_part_002_choice_000,0x003528,2,-127,0,0x0000,0,0,0,0,frame_plus_signed,0x003528,0x003528,yes,02028100000000210602810303030324,35,exact_frame_record;plausible_frame_record_prefix
PHAPCK_TBL.decoded.bin,pck_object_0038_part_002_choice_000_frame_000,pck_object_0038,pck_object_0038_part_002,pck_object_0038_part_002_choice_000,0x003528,2,-127,0,0x0000,0,0,0,0,payload_plus_signed,0x00352A,0x00352A,yes,81000000002106028103030303240B02,10,byte0_high_bit_set;plausible_frame_record_prefix
PHAPCK_TBL.decoded.bin,pck_object_0038_part_002_choice_000_frame_001,pck_object_0038,pck_object_0038_part_002,pck_object_0038_part_002_choice_000,0x003530,2,-127,3,0x0303,771,771,3,3,direct_unsigned,0x000000,0x000303,yes,0F10FF12100F13FF0A12130BFF10120A,0,in_range_no_structural_match
PHAPCK_TBL.decoded.bin,pck_object_0038_part_002_choice_000_frame_001,pck_object_0038,pck_object_0038_part_002,pck_object_0038_part_002_choice_000,0x003530,2,-127,3,0x0303,771,771,3,3,direct_signed,0x000000,0x000303,yes,0F10FF12100F13FF0A12130BFF10120A,0,in_range_no_structural_match
PHAPCK_TBL.decoded.bin,pck_object_0038_part_002_choice_000_frame_001,pck_object_0038,pck_object_0038_part_002,pck_object_0038_part_002_choice_000,0x003530,2,-127,3,0x0303,771,771,3,3,object_plus_unsigned,0x003346,0x003649,yes,00B101BFFFD4FFFA000100060100000A,0,in_range_no_structural_match
PHAPCK_TBL.decoded.bin,pck_object_0038_part_002_choice_000_frame_001,pck_object_0038,pck_object_0038_part_002,pck_object_0038_part_002_choice_000,0x003530,2,-127,3,0x0303,771,771,3,3,object_plus_signed,0x003346,0x003649,yes,00B101BFFFD4FFFA000100060100000A,0,in_range_no_structural_match
PHAPCK_TBL.decoded.bin,pck_object_0038_part_002_choice_000_frame_001,pck_object_0038,pck_object_0038_part_002,pck_object_0038_part_002_choice_000,0x003530,2,-127,3,0x0303,771,771,3,3,block_plus_unsigned,0x003340,0x003643,yes,FF4A01D0073D00B101BFFFD4FFFA0001,5,byte0_high_bit_set
PHAPCK_TBL.decoded.bin,pck_object_0038_part_002_choice_000_frame_001,pck_object_0038,pck_object_0038_part_002,pck_object_0038_part_002_choice_000,0x003530,2,-127,3,0x0303,771,771,3,3,block_plus_signed,0x003340,0x003643,yes,FF4A01D0073D00B101BFFFD4FFFA0001,5,byte0_high_bit_set
PHAPCK_TBL.decoded.bin,pck_object_0038_part_002_choice_000_frame_001,pck_object_0038,pck_object_0038_part_002,pck_object_0038_part_002_choice_000,0x003530,2,-127,3,0x0303,771,771,3,3,part_plus_signed,0x003364,0x003667,yes,01010101056201810000000009680181,5,plausible_frame_record_prefix
PHAPCK_TBL.decoded.bin,pck_object_0038_part_002_choice_000_frame_001,pck_object_0038,pck_object_0038_part_002,pck_object_0038_part_002_choice_000,0x003530,2,-127,3,0x0303,771,771,3,3,frame_plus_signed,0x003530,0x003833,yes,00DC0551F87601AB0190FFE7FF400183,0,in_range_no_structural_match
PHAPCK_TBL.decoded.bin,pck_object_0038_part_002_choice_000_frame_001,pck_object_0038,pck_object_0038_part_002,pck_object_0038_part_002_choice_000,0x003530,2,-127,3,0x0303,771,771,3,3,payload_plus_signed,0x003532,0x003835,yes,0551F87601AB0190FFE7FF40018300B1,0,in_range_no_structural_match
PHAPCK_TBL.decoded.bin,pck_object_0038_part_002_choice_000_frame_002,pck_object_0038,pck_object_0038_part_002,pck_object_0038_part_002_choice_000,0x003538,2,-127,2,0x0502,1282,1282,2,5,direct_unsigned,0x000000,0x000502,yes,0D00B800080081080F00010120018107,35,exact_frame_table_entry;plausible_frame_record_prefix
PHAPCK_TBL.decoded.bin,pck_object_0038_part_002_choice_000_frame_002,pck_object_0038,pck_object_0038_part_002,pck_object_0038_part_002_choice_000,0x003538,2,-127,2,0x0502,1282,1282,2,5,direct_signed,0x000000,0x000502,yes,0D00B800080081080F00010120018107,35,exact_frame_table_entry;plausible_frame_record_prefix
PHAPCK_TBL.decoded.bin,pck_object_0038_part_002_choice_000_frame_002,pck_object_0038,pck_object_0038_part_002,pck_object_0038_part_002_choice_000,0x003538,2,-127,2,0x0502,1282,1282,2,5,object_plus_unsigned,0x003346,0x003848,yes,C4FF0200D200AEFFE5FF4001CB079100,5,byte0_high_bit_set
PHAPCK_TBL.decoded.bin,pck_object_0038_part_002_choice_000_frame_002,pck_object_0038,pck_object_0038_part_002,pck_object_0038_part_002_choice_000,0x003538,2,-127,2,0x0502,1282,1282,2,5,object_plus_signed,0x003346,0x003848,yes,C4FF0200D200AEFFE5FF4001CB079100,5,byte0_high_bit_set
PHAPCK_TBL.decoded.bin,pck_object_0038_part_002_choice_000_frame_002,pck_object_0038,pck_object_0038_part_002,pck_object_0038_part_002_choice_000,0x003538,2,-127,2,0x0502,1282,1282,2,5,block_plus_unsigned,0x003340,0x003842,yes,8300B1072102C4FF0200D200AEFFE5FF,10,byte0_high_bit_set;plausible_frame_record_prefix
PHAPCK_TBL.decoded.bin,pck_object_0038_part_002_choice_000_frame_002,pck_object_0038,pck_object_0038_part_002,pck_object_0038_part_002_choice_000,0x003538,2,-127,2,0x0502,1282,1282,2,5,block_plus_signed,0x003340,0x003842,yes,8300B1072102C4FF0200D200AEFFE5FF,10,byte0_high_bit_set;plausible_frame_record_prefix
PHAPCK_TBL.decoded.bin,pck_object_0038_part_002_choice_000_frame_002,pck_object_0038,pck_object_0038_part_002,pck_object_0038_part_002_choice_000,0x003538,2,-127,2,0x0502,1282,1282,2,5,part_plus_signed,0x003364,0x003866,yes,0A001C0101018103030303016C018101,35,exact_frame_table_entry;plausible_frame_record_prefix
PHAPCK_TBL.decoded.bin,pck_object_0038_part_002_choice_000_frame_002,pck_object_0038,pck_object_0038_part_002,pck_object_0038_part_002_choice_000,0x003538,2,-127,2,0x0502,1282,1282,2,5,frame_plus_signed,0x003538,0x003A3A,yes,B7071A02CEFF6400DC0592FFE2FF3601,5,byte0_high_bit_set
PHAPCK_TBL.decoded.bin,pck_object_0038_part_002_choice_000_frame_002,pck_object_0038,pck_object_0038_part_002,pck_object_0038_part_002_choice_000,0x003538,2,-127,2,0x0502,1282,1282,2,5,payload_plus_signed,0x00353A,0x003A3C,yes,1A02CEFF6400DC0592FFE2FF3601C4FF,5,plausible_frame_record_prefix
PHAPCK_TBL.decoded.bin,pck_object_0038_part_002_choice_000_frame_003,pck_object_0038,pck_object_0038_part_002,pck_object_0038_part_002_choice_000,0x003540,2,4,32,0xFF07,65287,-249,7,255,direct_unsigned,0x000000,0x00FF07,no,,0,outside_decoded_stream
PHAPCK_TBL.decoded.bin,pck_object_0038_part_002_choice_000_frame_003,pck_object_0038,pck_object_0038_part_002,pck_object_0038_part_002_choice_000,0x003540,2,4,32,0xFF07,65287,-249,7,255,direct_signed,0x000000,-0x0000F9,no,,0,outside_decoded_stream
PHAPCK_TBL.decoded.bin,pck_object_0038_part_002_choice_000_frame_003,pck_object_0038,pck_object_0038_part_002,pck_object_0038_part_002_choice_000,0x003540,2,4,32,0xFF07,65287,-249,7,255,object_plus_unsigned,0x003346,0x01324D,no,,0,outside_decoded_stream
PHAPCK_TBL.decoded.bin,pck_object_0038_part_002_choice_000_frame_003,pck_object_0038,pck_object_0038_part_002,pck_object_0038_part_002_choice_000,0x003540,2,4,32,0xFF07,65287,-249,7,255,object_plus_signed,0x003346,0x00324D,yes,24FF24FF2800C4FFA6FF000800000000,0,in_range_no_structural_match
PHAPCK_TBL.decoded.bin,pck_object_0038_part_002_choice_000_frame_003,pck_object_0038,pck_object_0038_part_002,pck_object_0038_part_002_choice_000,0x003540,2,4,32,0xFF07,65287,-249,7,255,block_plus_unsigned,0x003340,0x013247,no,,0,outside_decoded_stream
PHAPCK_TBL.decoded.bin,pck_object_0038_part_002_choice_000_frame_003,pck_object_0038,pck_object_0038_part_002,pck_object_0038_part_002_choice_000,0x003540,2,4,32,0xFF07,65287,-249,7,255,block_plus_signed,0x003340,0x003247,yes,00000000280024FF24FF2800C4FFA6FF,5,plausible_frame_record_prefix
PHAPCK_TBL.decoded.bin,pck_object_0038_part_002_choice_000_frame_003,pck_object_0038,pck_object_0038_part_002,pck_object_0038_part_002_choice_000,0x003540,2,4,32,0xFF07,65287,-249,7,255,part_plus_signed,0x003364,0x00326B,yes,F5FA350628007EFFCAFE5A007EFFCAFE,5,byte0_high_bit_set
PHAPCK_TBL.decoded.bin,pck_object_0038_part_002_choice_000_frame_003,pck_object_0038,pck_object_0038_part_002,pck_object_0038_part_002_choice_000,0x003540,2,4,32,0xFF07,65287,-249,7,255,frame_plus_signed,0x003540,0x003447,yes,00B501C1FFD1FFF0000100140100000A,0,in_range_no_structural_match
PHAPCK_TBL.decoded.bin,pck_object_0038_part_002_choice_000_frame_003,pck_object_0038,pck_object_0038_part_002,pck_object_0038_part_002_choice_000,0x003540,2,4,32,0xFF07,65287,-249,7,255,payload_plus_signed,0x003542,0x003449,yes,01C1FFD1FFF0000100140100000A001C,0,in_range_no_structural_match
PHAPCK_TBL.decoded.bin,pck_object_0040_part_002_choice_000_frame_000,pck_object_0040,pck_object_0040_part_002,pck_object_0040_part_002_choice_000,0x003938,2,-127,0,0x0000,0,0,0,0,direct_unsigned,0x000000,0x000000,yes,04001E000A003100060045000F005A00,15,plausible_drawable_extents_at_plus6_plus8;plausible_frame_record_prefix
PHAPCK_TBL.decoded.bin,pck_object_0040_part_002_choice_000_frame_000,pck_object_0040,pck_object_0040_part_002,pck_object_0040_part_002_choice_000,0x003938,2,-127,0,0x0000,0,0,0,0,direct_signed,0x000000,0x000000,yes,04001E000A003100060045000F005A00,15,plausible_drawable_extents_at_plus6_plus8;plausible_frame_record_prefix
PHAPCK_TBL.decoded.bin,pck_object_0040_part_002_choice_000_frame_000,pck_object_0040,pck_object_0040_part_002,pck_object_0040_part_002_choice_000,0x003938,2,-127,0,0x0000,0,0,0,0,object_plus_unsigned,0x003756,0x003756,yes,80005301000000000000030014000026,75,exact_object_offset;byte0_high_bit_set;plausible_object_header;plausible_frame_record_prefix
PHAPCK_TBL.decoded.bin,pck_object_0040_part_002_choice_000_frame_000,pck_object_0040,pck_object_0040_part_002,pck_object_0040_part_002_choice_000,0x003938,2,-127,0,0x0000,0,0,0,0,object_plus_signed,0x003756,0x003756,yes,80005301000000000000030014000026,75,exact_object_offset;byte0_high_bit_set;plausible_object_header;plausible_frame_record_prefix
PHAPCK_TBL.decoded.bin,pck_object_0040_part_002_choice_000_frame_000,pck_object_0040,pck_object_0040_part_002,pck_object_0040_part_002_choice_000,0x003938,2,-127,0,0x0000,0,0,0,0,block_plus_unsigned,0x003750,0x003750,yes,FF071F2123FF80005301000000000000,45,exact_block_offset;byte0_high_bit_set;plausible_object_header
PHAPCK_TBL.decoded.bin,pck_object_0040_part_002_choice_000_frame_000,pck_object_0040,pck_object_0040_part_002,pck_object_0040_part_002_choice_000,0x003938,2,-127,0,0x0000,0,0,0,0,block_plus_signed,0x003750,0x003750,yes,FF071F2123FF80005301000000000000,45,exact_block_offset;byte0_high_bit_set;plausible_object_header
PHAPCK_TBL.decoded.bin,pck_object_0040_part_002_choice_000_frame_000,pck_object_0040,pck_object_0040_part_002,pck_object_0040_part_002_choice_000,0x003938,2,-127,0,0x0000,0,0,0,0,part_plus_signed,0x003774,0x003774,yes,1E262C000100D60100001200E803B1FB,35,exact_part_offset
PHAPCK_TBL.decoded.bin,pck_object_0040_part_002_choice_000_frame_000,pck_object_0040,pck_object_0040_part_002,pck_object_0040_part_002_choice_000,0x003938,2,-127,0,0x0000,0,0,0,0,frame_plus_signed,0x003938,0x003938,yes,02028100000000210602810303030324,35,exact_frame_record;plausible_frame_record_prefix
PHAPCK_TBL.decoded.bin,pck_object_0040_part_002_choice_000_frame_000,pck_object_0040,pck_object_0040_part_002,pck_object_0040_part_002_choice_000,0x003938,2,-127,0,0x0000,0,0,0,0,payload_plus_signed,0x00393A,0x00393A,yes,81000000002106028103030303240B02,10,byte0_high_bit_set;plausible_frame_record_prefix
PHAPCK_TBL.decoded.bin,pck_object_0040_part_002_choice_000_frame_001,pck_object_0040,pck_object_0040_part_002,pck_object_0040_part_002_choice_000,0x003940,2,-127,3,0x0303,771,771,3,3,direct_unsigned,0x000000,0x000303,yes,0F10FF12100F13FF0A12130BFF10120A,0,in_range_no_structural_match
PHAPCK_TBL.decoded.bin,pck_object_0040_part_002_choice_000_frame_001,pck_object_0040,pck_object_0040_part_002,pck_object_0040_part_002_choice_000,0x003940,2,-127,3,0x0303,771,771,3,3,direct_signed,0x000000,0x000303,yes,0F10FF12100F13FF0A12130BFF10120A,0,in_range_no_structural_match
PHAPCK_TBL.decoded.bin,pck_object_0040_part_002_choice_000_frame_001,pck_object_0040,pck_object_0040_part_002,pck_object_0040_part_002_choice_000,0x003940,2,-127,3,0x0303,771,771,3,3,object_plus_unsigned,0x003756,0x003A59,yes,FFE6000100000100000A000801B50181,5,byte0_high_bit_set
PHAPCK_TBL.decoded.bin,pck_object_0040_part_002_choice_000_frame_001,pck_object_0040,pck_object_0040_part_002,pck_object_0040_part_002_choice_000,0x003940,2,-127,3,0x0303,771,771,3,3,object_plus_signed,0x003756,0x003A59,yes,FFE6000100000100000A000801B50181,5,byte0_high_bit_set
PHAPCK_TBL.decoded.bin,pck_object_0040_part_002_choice_000_frame_001,pck_object_0040,pck_object_0040_part_002,pck_object_0040_part_002_choice_000,0x003940,2,-127,3,0x0303,771,771,3,3,block_plus_unsigned,0x003750,0x003A53,yes,FF3601C4FFCEFFE6000100000100000A,20,byte0_high_bit_set;plausible_object_header
PHAPCK_TBL.decoded.bin,pck_object_0040_part_002_choice_000_frame_001,pck_object_0040,pck_object_0040_part_002,pck_object_0040_part_002_choice_000,0x003940,2,-127,3,0x0303,771,771,3,3,block_plus_signed,0x003750,0x003A53,yes,FF3601C4FFCEFFE6000100000100000A,20,byte0_high_bit_set;plausible_object_header
PHAPCK_TBL.decoded.bin,pck_object_0040_part_002_choice_000_frame_001,pck_object_0040,pck_object_0040_part_002,pck_object_0040_part_002_choice_000,0x003940,2,-127,3,0x0303,771,771,3,3,part_plus_signed,0x003774,0x003A77,yes,01810000000009620181000000000A66,0,in_range_no_structural_match
PHAPCK_TBL.decoded.bin,pck_object_0040_part_002_choice_000_frame_001,pck_object_0040,pck_object_0040_part_002,pck_object_0040_part_002_choice_000,0x003940,2,-127,3,0x0303,771,771,3,3,frame_plus_signed,0x003940,0x003C43,yes,00AB0193FFDCFF40017DFFB4071502C4,0,in_range_no_structural_match
PHAPCK_TBL.decoded.bin,pck_object_0040_part_002_choice_000_frame_001,pck_object_0040,pck_object_0040_part_002,pck_object_0040_part_002_choice_000,0x003940,2,-127,3,0x0303,771,771,3,3,payload_plus_signed,0x003942,0x003C45,yes,0193FFDCFF40017DFFB4071502C4FFFD,0,in_range_no_structural_match
PHAPCK_TBL.decoded.bin,pck_object_0040_part_002_choice_000_frame_002,pck_object_0040,pck_object_0040_part_002,pck_object_0040_part_002_choice_000,0x003948,2,-127,2,0x0502,1282,1282,2,5,direct_unsigned,0x000000,0x000502,yes,0D00B800080081080F00010120018107,35,exact_frame_table_entry;plausible_frame_record_prefix
PHAPCK_TBL.decoded.bin,pck_object_0040_part_002_choice_000_frame_002,pck_object_0040,pck_object_0040_part_002,pck_object_0040_part_002_choice_000,0x003948,2,-127,2,0x0502,1282,1282,2,5,direct_signed,0x000000,0x000502,yes,0D00B800080081080F00010120018107,35,exact_frame_table_entry;plausible_frame_record_prefix
PHAPCK_TBL.decoded.bin,pck_object_0040_part_002_choice_000_frame_002,pck_object_0040,pck_object_0040_part_002,pck_object_0040_part_002_choice_000,0x003948,2,-127,2,0x0502,1282,1282,2,5,object_plus_unsigned,0x003756,0x003C58,yes,B1FFDEFF4001B3075401B401C6FFCBFF,5,byte0_high_bit_set
PHAPCK_TBL.decoded.bin,pck_object_0040_part_002_choice_000_frame_002,pck_object_0040,pck_object_0040_part_002,pck_object_0040_part_002_choice_000,0x003948,2,-127,2,0x0502,1282,1282,2,5,object_plus_signed,0x003756,0x003C58,yes,B1FFDEFF4001B3075401B401C6FFCBFF,5,byte0_high_bit_set
PHAPCK_TBL.decoded.bin,pck_object_0040_part_002_choice_000_frame_002,pck_object_0040,pck_object_0040_part_002,pck_object_0040_part_002_choice_000,0x003948,2,-127,2,0x0502,1282,1282,2,5,block_plus_unsigned,0x003750,0x003C52,yes,C4FFFDFFD200B1FFDEFF4001B3075401,5,byte0_high_bit_set
PHAPCK_TBL.decoded.bin,pck_object_0040_part_002_choice_000_frame_002,pck_object_0040,pck_object_0040_part_002,pck_object_0040_part_002_choice_000,0x003948,2,-127,2,0x0502,1282,1282,2,5,block_plus_signed,0x003750,0x003C52,yes,C4FFFDFFD200B1FFDEFF4001B3075401,5,byte0_high_bit_set
PHAPCK_TBL.decoded.bin,pck_object_0040_part_002_choice_000_frame_002,pck_object_0040,pck_object_0040_part_002,pck_object_0040_part_002_choice_000,0x003948,2,-127,2,0x0502,1282,1282,2,5,part_plus_signed,0x003774,0x003C76,yes,0A001C0162018103030303016C018101,5,plausible_frame_record_prefix
PHAPCK_TBL.decoded.bin,pck_object_0040_part_002_choice_000_frame_002,pck_object_0040,pck_object_0040_part_002,pck_object_0040_part_002_choice_000,0x003948,2,-127,2,0x0502,1282,1282,2,5,frame_plus_signed,0x003948,0x003E4A,yes,AD071D02C4FF5E00DC0530F83C00B101,5,byte0_high_bit_set
PHAPCK_TBL.decoded.bin,pck_object_0040_part_002_choice_000_frame_002,pck_object_0040,pck_object_0040_part_002,pck_object_0040_part_002_choice_000,0x003948,2,-127,2,0x0502,1282,1282,2,5,payload_plus_signed,0x00394A,0x003E4C,yes,1D02C4FF5E00DC0530F83C00B10195FF,5,plausible_frame_record_prefix
PHAPCK_TBL.decoded.bin,pck_object_0040_part_002_choice_000_frame_003,pck_object_0040,pck_object_0040_part_002,pck_object_0040_part_002_choice_000,0x003950,2,4,32,0xFF07,65287,-249,7,255,direct_unsigned,0x000000,0x00FF07,no,,0,outside_decoded_stream
PHAPCK_TBL.decoded.bin,pck_object_0040_part_002_choice_000_frame_003,pck_object_0040,pck_object_0040_part_002,pck_object_0040_part_002_choice_000,0x003950,2,4,32,0xFF07,65287,-249,7,255,direct_signed,0x000000,-0x0000F9,no,,0,outside_decoded_stream
PHAPCK_TBL.decoded.bin,pck_object_0040_part_002_choice_000_frame_003,pck_object_0040,pck_object_0040_part_002,pck_object_0040_part_002_choice_000,0x003950,2,4,32,0xFF07,65287,-249,7,255,object_plus_unsigned,0x003756,0x01365D,no,,0,outside_decoded_stream
PHAPCK_TBL.decoded.bin,pck_object_0040_part_002_choice_000_frame_003,pck_object_0040,pck_object_0040_part_002,pck_object_0040_part_002_choice_000,0x003950,2,4,32,0xFF07,65287,-249,7,255,object_plus_signed,0x003756,0x00365D,yes,008103030303015E0181010101010562,0,in_range_no_structural_match
PHAPCK_TBL.decoded.bin,pck_object_0040_part_002_choice_000_frame_003,pck_object_0040,pck_object_0040_part_002,pck_object_0040_part_002_choice_000,0x003950,2,4,32,0xFF07,65287,-249,7,255,block_plus_unsigned,0x003750,0x013657,no,,0,outside_decoded_stream
PHAPCK_TBL.decoded.bin,pck_object_0040_part_002_choice_000_frame_003,pck_object_0040,pck_object_0040_part_002,pck_object_0040_part_002_choice_000,0x003950,2,4,32,0xFF07,65287,-249,7,255,block_plus_signed,0x003750,0x003657,yes,000A000E01F0008103030303015E0181,0,in_range_no_structural_match
PHAPCK_TBL.decoded.bin,pck_object_0040_part_002_choice_000_frame_003,pck_object_0040,pck_object_0040_part_002,pck_object_0040_part_002_choice_000,0x003950,2,4,32,0xFF07,65287,-249,7,255,part_plus_signed,0x003774,0x00367B,yes,0A6C0181030303030B70018103030303,0,in_range_no_structural_match
PHAPCK_TBL.decoded.bin,pck_object_0040_part_002_choice_000_frame_003,pck_object_0040,pck_object_0040_part_002,pck_object_0040_part_002_choice_000,0x003950,2,4,32,0xFF07,65287,-249,7,255,frame_plus_signed,0x003950,0x003857,yes,00B501C1FFD1FFF0000100140100000A,0,in_range_no_structural_match
PHAPCK_TBL.decoded.bin,pck_object_0040_part_002_choice_000_frame_003,pck_object_0040,pck_object_0040_part_002,pck_object_0040_part_002_choice_000,0x003950,2,4,32,0xFF07,65287,-249,7,255,payload_plus_signed,0x003952,0x003859,yes,01C1FFD1FFF0000100140100000A001C,0,in_range_no_structural_match
PHAPCK_TBL.decoded.bin,pck_object_0049_part_000_choice_000_frame_004,pck_object_0049,pck_object_0049_part_000,pck_object_0049_part_000_choice_000,0x004598,2,0,0,0x0000,0,0,0,0,direct_unsigned,0x000000,0x000000,yes,04001E000A003100060045000F005A00,15,plausible_drawable_extents_at_plus6_plus8;plausible_frame_record_prefix
PHAPCK_TBL.decoded.bin,pck_object_0049_part_000_choice_000_frame_004,pck_object_0049,pck_object_0049_part_000,pck_object_0049_part_000_choice_000,0x004598,2,0,0,0x0000,0,0,0,0,direct_signed,0x000000,0x000000,yes,04001E000A003100060045000F005A00,15,plausible_drawable_extents_at_plus6_plus8;plausible_frame_record_prefix
PHAPCK_TBL.decoded.bin,pck_object_0049_part_000_choice_000_frame_004,pck_object_0049,pck_object_0049_part_000,pck_object_0049_part_000_choice_000,0x004598,2,0,0,0x0000,0,0,0,0,object_plus_unsigned,0x004578,0x004578,yes,8000300100000000000001001600000C,105,exact_object_offset;exact_frame_record;byte0_high_bit_set;plausible_object_header;plausible_frame_record_prefix
PHAPCK_TBL.decoded.bin,pck_object_0049_part_000_choice_000_frame_004,pck_object_0049,pck_object_0049_part_000,pck_object_0049_part_000_choice_000,0x004598,2,0,0,0x0000,0,0,0,0,object_plus_signed,0x004578,0x004578,yes,8000300100000000000001001600000C,105,exact_object_offset;exact_frame_record;byte0_high_bit_set;plausible_object_header;plausible_frame_record_prefix
PHAPCK_TBL.decoded.bin,pck_object_0049_part_000_choice_000_frame_004,pck_object_0049,pck_object_0049_part_000,pck_object_0049_part_000_choice_000,0x004598,2,0,0,0x0000,0,0,0,0,block_plus_unsigned,0x004570,0x004570,yes,0A0204FF03020AFF8000300100000000,30,exact_block_offset;plausible_frame_record_prefix
PHAPCK_TBL.decoded.bin,pck_object_0049_part_000_choice_000_frame_004,pck_object_0049,pck_object_0049_part_000,pck_object_0049_part_000_choice_000,0x004598,2,0,0,0x0000,0,0,0,0,block_plus_signed,0x004570,0x004570,yes,0A0204FF03020AFF8000300100000000,30,exact_block_offset;plausible_frame_record_prefix
PHAPCK_TBL.decoded.bin,pck_object_0049_part_000_choice_000_frame_004,pck_object_0049,pck_object_0049_part_000,pck_object_0049_part_000_choice_000,0x004598,2,0,0,0x0000,0,0,0,0,part_plus_signed,0x004586,0x004586,yes,000C1E00010066000000C800D00764FA,35,exact_part_offset
PHAPCK_TBL.decoded.bin,pck_object_0049_part_000_choice_000_frame_004,pck_object_0049,pck_object_0049_part_000,pck_object_0049_part_000_choice_000,0x004598,2,0,0,0x0000,0,0,0,0,frame_plus_signed,0x004598,0x004598,yes,8C02000000000E01CEFFE2FFDC000000,40,exact_frame_record;byte0_high_bit_set;plausible_frame_record_prefix
PHAPCK_TBL.decoded.bin,pck_object_0049_part_000_choice_000_frame_004,pck_object_0049,pck_object_0049_part_000,pck_object_0049_part_000_choice_000,0x004598,2,0,0,0x0000,0,0,0,0,payload_plus_signed,0x00459A,0x00459A,yes,000000000E01CEFFE2FFDC0000003200,5,plausible_frame_record_prefix
PHAPCK_TBL.decoded.bin,pck_object_0049_part_000_choice_000_frame_010,pck_object_0049,pck_object_0049_part_000,pck_object_0049_part_000_choice_000,0x0045C8,2,50,0,0xFFE2,65506,-30,226,255,direct_unsigned,0x000000,0x00FFE2,no,,0,outside_decoded_stream
PHAPCK_TBL.decoded.bin,pck_object_0049_part_000_choice_000_frame_010,pck_object_0049,pck_object_0049_part_000,pck_object_0049_part_000_choice_000,0x0045C8,2,50,0,0xFFE2,65506,-30,226,255,direct_signed,0x000000,-0x00001E,no,,0,outside_decoded_stream
PHAPCK_TBL.decoded.bin,pck_object_0049_part_000_choice_000_frame_010,pck_object_0049,pck_object_0049_part_000,pck_object_0049_part_000_choice_000,0x0045C8,2,50,0,0xFFE2,65506,-30,226,255,object_plus_unsigned,0x004578,0x01455A,no,,0,outside_decoded_stream
PHAPCK_TBL.decoded.bin,pck_object_0049_part_000_choice_000_frame_010,pck_object_0049,pck_object_0049_part_000,pck_object_0049_part_000_choice_000,0x0045C8,2,50,0,0xFFE2,65506,-30,226,255,object_plus_signed,0x004578,0x00455A,yes,0509A00081030303030BA400020304FF,0,in_range_no_structural_match
PHAPCK_TBL.decoded.bin,pck_object_0049_part_000_choice_000_frame_010,pck_object_0049,pck_object_0049_part_000,pck_object_0049_part_000_choice_000,0x0045C8,2,50,0,0xFFE2,65506,-30,226,255,block_plus_unsigned,0x004570,0x014552,no,,0,outside_decoded_stream
PHAPCK_TBL.decoded.bin,pck_object_0049_part_000_choice_000_frame_010,pck_object_0049,pck_object_0049_part_000,pck_object_0049_part_000_choice_000,0x0045C8,2,50,0,0xFFE2,65506,-30,226,255,block_plus_signed,0x004570,0x004552,yes,03FF9D00810202050509A00081030303,0,in_range_no_structural_match
PHAPCK_TBL.decoded.bin,pck_object_0049_part_000_choice_000_frame_010,pck_object_0049,pck_object_0049_part_000,pck_object_0049_part_000_choice_000,0x0045C8,2,50,0,0xFFE2,65506,-30,226,255,part_plus_signed,0x004586,0x004568,yes,04FF0506FF0708FF0A0204FF03020AFF,0,in_range_no_structural_match
PHAPCK_TBL.decoded.bin,pck_object_0049_part_000_choice_000_frame_010,pck_object_0049,pck_object_0049_part_000,pck_object_0049_part_000_choice_000,0x0045C8,2,50,0,0xFFE2,65506,-30,226,255,frame_plus_signed,0x0045C8,0x0045AA,yes,AA000A000000FA002800E2FF2C01F6FF,20,byte0_high_bit_set;plausible_drawable_extents_at_plus6_plus8;plausible_frame_record_prefix
PHAPCK_TBL.decoded.bin,pck_object_0049_part_000_choice_000_frame_010,pck_object_0049,pck_object_0049_part_000,pck_object_0049_part_000_choice_000,0x0045C8,2,50,0,0xFFE2,65506,-30,226,255,payload_plus_signed,0x0045CA,0x0045AC,yes,0A000000FA002800E2FF2C01F6FF0000,5,plausible_frame_record_prefix
PHAPCK_TBL.decoded.bin,pck_object_0049_part_000_choice_000_frame_020,pck_object_0049,pck_object_0049_part_000,pck_object_0049_part_000_choice_000,0x004618,2,10,-1,0x0080,128,128,128,0,direct_unsigned,0x000000,0x000080,yes,0600B3020900C8020200DE020B00F302,5,plausible_frame_record_prefix
PHAPCK_TBL.decoded.bin,pck_object_0049_part_000_choice_000_frame_020,pck_object_0049,pck_object_0049_part_000,pck_object_0049_part_000_choice_000,0x004618,2,10,-1,0x0080,128,128,128,0,direct_signed,0x000000,0x000080,yes,0600B3020900C8020200DE020B00F302,5,plausible_frame_record_prefix
PHAPCK_TBL.decoded.bin,pck_object_0049_part_000_choice_000_frame_020,pck_object_0049,pck_object_0049_part_000,pck_object_0049_part_000_choice_000,0x004618,2,10,-1,0x0080,128,128,128,0,object_plus_unsigned,0x004578,0x0045F8,yes,A100810202050509A40081030303030B,40,exact_frame_record;byte0_high_bit_set;plausible_frame_record_prefix
PHAPCK_TBL.decoded.bin,pck_object_0049_part_000_choice_000_frame_020,pck_object_0049,pck_object_0049_part_000,pck_object_0049_part_000_choice_000,0x004618,2,10,-1,0x0080,128,128,128,0,object_plus_signed,0x004578,0x0045F8,yes,A100810202050509A40081030303030B,40,exact_frame_record;byte0_high_bit_set;plausible_frame_record_prefix
PHAPCK_TBL.decoded.bin,pck_object_0049_part_000_choice_000_frame_020,pck_object_0049,pck_object_0049_part_000,pck_object_0049_part_000_choice_000,0x004618,2,10,-1,0x0080,128,128,128,0,block_plus_unsigned,0x004570,0x0045F0,yes,9E008003030303FFA100810202050509,40,exact_frame_record;byte0_high_bit_set;plausible_frame_record_prefix
PHAPCK_TBL.decoded.bin,pck_object_0049_part_000_choice_000_frame_020,pck_object_0049,pck_object_0049_part_000,pck_object_0049_part_000_choice_000,0x004618,2,10,-1,0x0080,128,128,128,0,block_plus_signed,0x004570,0x0045F0,yes,9E008003030303FFA100810202050509,40,exact_frame_record;byte0_high_bit_set;plausible_frame_record_prefix
PHAPCK_TBL.decoded.bin,pck_object_0049_part_000_choice_000_frame_020,pck_object_0049,pck_object_0049_part_000,pck_object_0049_part_000_choice_000,0x004618,2,10,-1,0x0080,128,128,128,0,part_plus_signed,0x004586,0x004606,yes,030BA800020304FF0506FF0708FF0A02,0,in_range_no_structural_match
PHAPCK_TBL.decoded.bin,pck_object_0049_part_000_choice_000_frame_020,pck_object_0049,pck_object_0049_part_000,pck_object_0049_part_000_choice_000,0x004618,2,10,-1,0x0080,128,128,128,0,frame_plus_signed,0x004618,0x004698,yes,030303FFA500810202050509A8008103,35,exact_frame_record;plausible_frame_record_prefix
PHAPCK_TBL.decoded.bin,pck_object_0049_part_000_choice_000_frame_020,pck_object_0049,pck_object_0049_part_000,pck_object_0049_part_000_choice_000,0x004618,2,10,-1,0x0080,128,128,128,0,payload_plus_signed,0x00461A,0x00469A,yes,03FFA500810202050509A80081030303,0,in_range_no_structural_match
PHAPCK_TBL.decoded.bin,pck_object_0049_part_000_choice_000_frame_034,pck_object_0049,pck_object_0049_part_000,pck_object_0049_part_000_choice_000,0x004688,3,3,1,0x009E,158,158,158,0,direct_unsigned,0x000000,0x00009E,yes,550306007503040096030000B6030400,5,plausible_frame_record_prefix
PHAPCK_TBL.decoded.bin,pck_object_0049_part_000_choice_000_frame_034,pck_object_0049,pck_object_0049_part_000,pck_object_0049_part_000_choice_000,0x004688,3,3,1,0x009E,158,158,158,0,direct_signed,0x000000,0x00009E,yes,550306007503040096030000B6030400,5,plausible_frame_record_prefix
PHAPCK_TBL.decoded.bin,pck_object_0049_part_000_choice_000_frame_034,pck_object_0049,pck_object_0049_part_000,pck_object_0049_part_000_choice_000,0x004688,3,3,1,0x009E,158,158,158,0,object_plus_unsigned,0x004578,0x004616,yes,04FF03020AFF80003001000000000000,0,in_range_no_structural_match
PHAPCK_TBL.decoded.bin,pck_object_0049_part_000_choice_000_frame_034,pck_object_0049,pck_object_0049_part_000,pck_object_0049_part_000_choice_000,0x004688,3,3,1,0x009E,158,158,158,0,object_plus_signed,0x004578,0x004616,yes,04FF03020AFF80003001000000000000,0,in_range_no_structural_match
PHAPCK_TBL.decoded.bin,pck_object_0049_part_000_choice_000_frame_034,pck_object_0049,pck_object_0049_part_000,pck_object_0049_part_000_choice_000,0x004688,3,3,1,0x009E,158,158,158,0,block_plus_unsigned,0x004570,0x00460E,yes,0506FF0708FF0A0204FF03020AFF8000,0,in_range_no_structural_match
PHAPCK_TBL.decoded.bin,pck_object_0049_part_000_choice_000_frame_034,pck_object_0049,pck_object_0049_part_000,pck_object_0049_part_000_choice_000,0x004688,3,3,1,0x009E,158,158,158,0,block_plus_signed,0x004570,0x00460E,yes,0506FF0708FF0A0204FF03020AFF8000,0,in_range_no_structural_match
PHAPCK_TBL.decoded.bin,pck_object_0049_part_000_choice_000_frame_034,pck_object_0049,pck_object_0049_part_000,pck_object_0049_part_000_choice_000,0x004688,3,3,1,0x009E,158,158,158,0,part_plus_signed,0x004586,0x004624,yes,000001001A00000C220001006A000000,5,plausible_frame_record_prefix
PHAPCK_TBL.decoded.bin,pck_object_0049_part_000_choice_000_frame_034,pck_object_0049,pck_object_0049_part_000,pck_object_0049_part_000_choice_000,0x004688,3,3,1,0x009E,158,158,158,0,frame_plus_signed,0x004688,0x004726,yes,6A000000810303030301920080030303,5,plausible_frame_record_prefix
PHAPCK_TBL.decoded.bin,pck_object_0049_part_000_choice_000_frame_034,pck_object_0049,pck_object_0049_part_000,pck_object_0049_part_000_choice_000,0x004688,3,3,1,0x009E,158,158,158,0,payload_plus_signed,0x00468A,0x004728,yes,000081030303030192008003030303FF,45,exact_frame_record;plausible_drawable_extents_at_plus6_plus8;plausible_frame_record_prefix
PHAPCK_TBL.decoded.bin,pck_object_0049_part_000_choice_000_frame_035,pck_object_0049,pck_object_0049_part_000,pck_object_0049_part_000_choice_000,0x004690,3,3,-1,0x00A2,162,162,162,0,direct_unsigned,0x000000,0x0000A2,yes,7503040096030000B6030400D7030C00,5,plausible_frame_record_prefix
PHAPCK_TBL.decoded.bin,pck_object_0049_part_000_choice_000_frame_035,pck_object_0049,pck_object_0049_part_000,pck_object_0049_part_000_choice_000,0x004690,3,3,-1,0x00A2,162,162,162,0,direct_signed,0x000000,0x0000A2,yes,7503040096030000B6030400D7030C00,5,plausible_frame_record_prefix
PHAPCK_TBL.decoded.bin,pck_object_0049_part_000_choice_000_frame_035,pck_object_0049,pck_object_0049_part_000,pck_object_0049_part_000_choice_000,0x004690,3,3,-1,0x00A2,162,162,162,0,object_plus_unsigned,0x004578,0x00461A,yes,0AFF8000300100000000000001001A00,0,in_range_no_structural_match
PHAPCK_TBL.decoded.bin,pck_object_0049_part_000_choice_000_frame_035,pck_object_0049,pck_object_0049_part_000,pck_object_0049_part_000_choice_000,0x004690,3,3,-1,0x00A2,162,162,162,0,object_plus_signed,0x004578,0x00461A,yes,0AFF8000300100000000000001001A00,0,in_range_no_structural_match
PHAPCK_TBL.decoded.bin,pck_object_0049_part_000_choice_000_frame_035,pck_object_0049,pck_object_0049_part_000,pck_object_0049_part_000_choice_000,0x004690,3,3,-1,0x00A2,162,162,162,0,block_plus_unsigned,0x004570,0x004612,yes,08FF0A0204FF03020AFF800030010000,0,in_range_no_structural_match
PHAPCK_TBL.decoded.bin,pck_object_0049_part_000_choice_000_frame_035,pck_object_0049,pck_object_0049_part_000,pck_object_0049_part_000_choice_000,0x004690,3,3,-1,0x00A2,162,162,162,0,block_plus_signed,0x004570,0x004612,yes,08FF0A0204FF03020AFF800030010000,0,in_range_no_structural_match
PHAPCK_TBL.decoded.bin,pck_object_0049_part_000_choice_000_frame_035,pck_object_0049,pck_object_0049_part_000,pck_object_0049_part_000_choice_000,0x004690,3,3,-1,0x00A2,162,162,162,0,part_plus_signed,0x004586,0x004628,yes,1A00000C220001006A000000C800D007,45,exact_frame_record;plausible_drawable_extents_at_plus6_plus8;plausible_frame_record_prefix
PHAPCK_TBL.decoded.bin,pck_object_0049_part_000_choice_000_frame_035,pck_object_0049,pck_object_0049_part_000,pck_object_0049_part_000_choice_000,0x004690,3,3,-1,0x00A2,162,162,162,0,frame_plus_signed,0x004690,0x004732,yes,8003030303FF96008003030303FF9900,10,byte0_high_bit_set;plausible_frame_record_prefix
PHAPCK_TBL.decoded.bin,pck_object_0049_part_000_choice_000_frame_035,pck_object_0049,pck_object_0049_part_000,pck_object_0049_part_000_choice_000,0x004690,3,3,-1,0x00A2,162,162,162,0,payload_plus_signed,0x004692,0x004734,yes,030303FF96008003030303FF99008102,5,plausible_frame_record_prefix
PHAPCK_TBL.decoded.bin,pck_object_0049_part_000_choice_000_frame_036,pck_object_0049,pck_object_0049_part_000,pck_object_0049_part_000_choice_000,0x004698,3,3,-1,0x00A5,165,165,165,0,direct_unsigned,0x000000,0x0000A5,yes,0096030000B6030400D7030C00F70300,0,in_range_no_structural_match
PHAPCK_TBL.decoded.bin,pck_object_0049_part_000_choice_000_frame_036,pck_object_0049,pck_object_0049_part_000,pck_object_0049_part_000_choice_000,0x004698,3,3,-1,0x00A5,165,165,165,0,direct_signed,0x000000,0x0000A5,yes,0096030000B6030400D7030C00F70300,0,in_range_no_structural_match
PHAPCK_TBL.decoded.bin,pck_object_0049_part_000_choice_000_frame_036,pck_object_0049,pck_object_0049_part_000,pck_object_0049_part_000_choice_000,0x004698,3,3,-1,0x00A5,165,165,165,0,object_plus_unsigned,0x004578,0x00461D,yes,00300100000000000001001A00000C22,0,in_range_no_structural_match
PHAPCK_TBL.decoded.bin,pck_object_0049_part_000_choice_000_frame_036,pck_object_0049,pck_object_0049_part_000,pck_object_0049_part_000_choice_000,0x004698,3,3,-1,0x00A5,165,165,165,0,object_plus_signed,0x004578,0x00461D,yes,00300100000000000001001A00000C22,0,in_range_no_structural_match
PHAPCK_TBL.decoded.bin,pck_object_0049_part_000_choice_000_frame_036,pck_object_0049,pck_object_0049_part_000,pck_object_0049_part_000_choice_000,0x004698,3,3,-1,0x00A5,165,165,165,0,block_plus_unsigned,0x004570,0x004615,yes,0204FF03020AFF800030010000000000,0,in_range_no_structural_match
PHAPCK_TBL.decoded.bin,pck_object_0049_part_000_choice_000_frame_036,pck_object_0049,pck_object_0049_part_000,pck_object_0049_part_000_choice_000,0x004698,3,3,-1,0x00A5,165,165,165,0,block_plus_signed,0x004570,0x004615,yes,0204FF03020AFF800030010000000000,0,in_range_no_structural_match
PHAPCK_TBL.decoded.bin,pck_object_0049_part_000_choice_000_frame_036,pck_object_0049,pck_object_0049_part_000,pck_object_0049_part_000_choice_000,0x004698,3,3,-1,0x00A5,165,165,165,0,part_plus_signed,0x004586,0x00462B,yes,0C220001006A000000C800D00764FA19,0,in_range_no_structural_match
PHAPCK_TBL.decoded.bin,pck_object_0049_part_000_choice_000_frame_036,pck_object_0049,pck_object_0049_part_000,pck_object_0049_part_000_choice_000,0x004698,3,3,-1,0x00A5,165,165,165,0,frame_plus_signed,0x004698,0x00473D,yes,0303FF99008102020505099C00810303,5,plausible_frame_record_prefix
PHAPCK_TBL.decoded.bin,pck_object_0049_part_000_choice_000_frame_036,pck_object_0049,pck_object_0049_part_000,pck_object_0049_part_000_choice_000,0x004698,3,3,-1,0x00A5,165,165,165,0,payload_plus_signed,0x00469A,0x00473F,yes,FF99008102020505099C008103030303,5,byte0_high_bit_set
PHAPCK_TBL.decoded.bin,pck_object_0049_part_000_choice_000_frame_038,pck_object_0049,pck_object_0049_part_000,pck_object_0049_part_000_choice_000,0x0046A8,3,3,11,0x00AC,172,172,172,0,direct_unsigned,0x000000,0x0000AC,yes,0400D7030C00F703000019040C003804,5,plausible_frame_record_prefix
PHAPCK_TBL.decoded.bin,pck_object_0049_part_000_choice_000_frame_038,pck_object_0049,pck_object_0049_part_000,pck_object_0049_part_000_choice_000,0x0046A8,3,3,11,0x00AC,172,172,172,0,direct_signed,0x000000,0x0000AC,yes,0400D7030C00F703000019040C003804,5,plausible_frame_record_prefix
PHAPCK_TBL.decoded.bin,pck_object_0049_part_000_choice_000_frame_038,pck_object_0049,pck_object_0049_part_000,pck_object_0049_part_000_choice_000,0x0046A8,3,3,11,0x00AC,172,172,172,0,object_plus_unsigned,0x004578,0x004624,yes,000001001A00000C220001006A000000,5,plausible_frame_record_prefix
PHAPCK_TBL.decoded.bin,pck_object_0049_part_000_choice_000_frame_038,pck_object_0049,pck_object_0049_part_000,pck_object_0049_part_000_choice_000,0x0046A8,3,3,11,0x00AC,172,172,172,0,object_plus_signed,0x004578,0x004624,yes,000001001A00000C220001006A000000,5,plausible_frame_record_prefix
PHAPCK_TBL.decoded.bin,pck_object_0049_part_000_choice_000_frame_038,pck_object_0049,pck_object_0049_part_000,pck_object_0049_part_000_choice_000,0x0046A8,3,3,11,0x00AC,172,172,172,0,block_plus_unsigned,0x004570,0x00461C,yes,8000300100000000000001001A00000C,75,exact_object_offset;byte0_high_bit_set;plausible_object_header;plausible_frame_record_prefix
PHAPCK_TBL.decoded.bin,pck_object_0049_part_000_choice_000_frame_038,pck_object_0049,pck_object_0049_part_000,pck_object_0049_part_000_choice_000,0x0046A8,3,3,11,0x00AC,172,172,172,0,block_plus_signed,0x004570,0x00461C,yes,8000300100000000000001001A00000C,75,exact_object_offset;byte0_high_bit_set;plausible_object_header;plausible_frame_record_prefix
PHAPCK_TBL.decoded.bin,pck_object_0049_part_000_choice_000_frame_038,pck_object_0049,pck_object_0049_part_000,pck_object_0049_part_000_choice_000,0x0046A8,3,3,11,0x00AC,172,172,172,0,part_plus_signed,0x004586,0x004632,yes,0000C800D00764FA19058C0200000000,5,plausible_frame_record_prefix
PHAPCK_TBL.decoded.bin,pck_object_0049_part_000_choice_000_frame_038,pck_object_0049,pck_object_0049_part_000,pck_object_0049_part_000_choice_000,0x0046A8,3,3,11,0x00AC,172,172,172,0,frame_plus_signed,0x0046A8,0x004754,yes,04FF0506FF0708FF0A0204FF03020AFF,0,in_range_no_structural_match
PHAPCK_TBL.decoded.bin,pck_object_0049_part_000_choice_000_frame_038,pck_object_0049,pck_object_0049_part_000,pck_object_0049_part_000_choice_000,0x0046A8,3,3,11,0x00AC,172,172,172,0,payload_plus_signed,0x0046AA,0x004756,yes,0506FF0708FF0A0204FF03020AFF8000,0,in_range_no_structural_match
PHAPCK_TBL.decoded.bin,pck_object_0049_part_000_choice_000_frame_040,pck_object_0049,pck_object_0049_part_000,pck_object_0049_part_000_choice_000,0x0046B8,2,4,-1,0x0203,515,515,3,2,direct_unsigned,0x000000,0x000203,yes,FC000000000000F8026D0756FFE2FFFA,10,byte0_high_bit_set;plausible_frame_record_prefix
PHAPCK_TBL.decoded.bin,pck_object_0049_part_000_choice_000_frame_040,pck_object_0049,pck_object_0049_part_000,pck_object_0049_part_000_choice_000,0x0046B8,2,4,-1,0x0203,515,515,3,2,direct_signed,0x000000,0x000203,yes,FC000000000000F8026D0756FFE2FFFA,10,byte0_high_bit_set;plausible_frame_record_prefix
PHAPCK_TBL.decoded.bin,pck_object_0049_part_000_choice_000_frame_040,pck_object_0049,pck_object_0049_part_000,pck_object_0049_part_000_choice_000,0x0046B8,2,4,-1,0x0203,515,515,3,2,object_plus_unsigned,0x004578,0x00477B,yes,00C800D00764FA19058C02000000000E,0,in_range_no_structural_match
PHAPCK_TBL.decoded.bin,pck_object_0049_part_000_choice_000_frame_040,pck_object_0049,pck_object_0049_part_000,pck_object_0049_part_000_choice_000,0x0046B8,2,4,-1,0x0203,515,515,3,2,object_plus_signed,0x004578,0x00477B,yes,00C800D00764FA19058C02000000000E,0,in_range_no_structural_match
PHAPCK_TBL.decoded.bin,pck_object_0049_part_000_choice_000_frame_040,pck_object_0049,pck_object_0049_part_000,pck_object_0049_part_000_choice_000,0x0046B8,2,4,-1,0x0203,515,515,3,2,block_plus_unsigned,0x004570,0x004773,yes,0C1A00010062000000C800D00764FA19,0,in_range_no_structural_match
PHAPCK_TBL.decoded.bin,pck_object_0049_part_000_choice_000_frame_040,pck_object_0049,pck_object_0049_part_000,pck_object_0049_part_000_choice_000,0x0046B8,2,4,-1,0x0203,515,515,3,2,block_plus_signed,0x004570,0x004773,yes,0C1A00010062000000C800D00764FA19,0,in_range_no_structural_match
PHAPCK_TBL.decoded.bin,pck_object_0049_part_000_choice_000_frame_040,pck_object_0049,pck_object_0049_part_000,pck_object_0049_part_000_choice_000,0x0046B8,2,4,-1,0x0203,515,515,3,2,part_plus_signed,0x004586,0x004789,yes,000E01CEFFE2FFDC0000003200AA000A,0,in_range_no_structural_match
PHAPCK_TBL.decoded.bin,pck_object_0049_part_000_choice_000_frame_040,pck_object_0049,pck_object_0049_part_000,pck_object_0049_part_000_choice_000,0x0046B8,2,4,-1,0x0203,515,515,3,2,frame_plus_signed,0x0046B8,0x0048BB,yes,172A000100B4000E172A000100010118,0,in_range_no_structural_match
PHAPCK_TBL.decoded.bin,pck_object_0049_part_000_choice_000_frame_040,pck_object_0049,pck_object_0049_part_000,pck_object_0049_part_000_choice_000,0x0046B8,2,4,-1,0x0203,515,515,3,2,payload_plus_signed,0x0046BA,0x0048BD,yes,000100B4000E172A000100010118FC00,5,plausible_frame_record_prefix
PHAPCK_TBL.decoded.bin,pck_object_0049_part_000_choice_000_frame_045,pck_object_0049,pck_object_0049_part_000,pck_object_0049_part_000_choice_000,0x0046E0,2,0,0,0x0000,0,0,0,0,direct_unsigned,0x000000,0x000000,yes,04001E000A003100060045000F005A00,15,plausible_drawable_extents_at_plus6_plus8;plausible_frame_record_prefix
PHAPCK_TBL.decoded.bin,pck_object_0049_part_000_choice_000_frame_045,pck_object_0049,pck_object_0049_part_000,pck_object_0049_part_000_choice_000,0x0046E0,2,0,0,0x0000,0,0,0,0,direct_signed,0x000000,0x000000,yes,04001E000A003100060045000F005A00,15,plausible_drawable_extents_at_plus6_plus8;plausible_frame_record_prefix
PHAPCK_TBL.decoded.bin,pck_object_0049_part_000_choice_000_frame_045,pck_object_0049,pck_object_0049_part_000,pck_object_0049_part_000_choice_000,0x0046E0,2,0,0,0x0000,0,0,0,0,object_plus_unsigned,0x004578,0x004578,yes,8000300100000000000001001600000C,105,exact_object_offset;exact_frame_record;byte0_high_bit_set;plausible_object_header;plausible_frame_record_prefix
PHAPCK_TBL.decoded.bin,pck_object_0049_part_000_choice_000_frame_045,pck_object_0049,pck_object_0049_part_000,pck_object_0049_part_000_choice_000,0x0046E0,2,0,0,0x0000,0,0,0,0,object_plus_signed,0x004578,0x004578,yes,8000300100000000000001001600000C,105,exact_object_offset;exact_frame_record;byte0_high_bit_set;plausible_object_header;plausible_frame_record_prefix
PHAPCK_TBL.decoded.bin,pck_object_0049_part_000_choice_000_frame_045,pck_object_0049,pck_object_0049_part_000,pck_object_0049_part_000_choice_000,0x0046E0,2,0,0,0x0000,0,0,0,0,block_plus_unsigned,0x004570,0x004570,yes,0A0204FF03020AFF8000300100000000,30,exact_block_offset;plausible_frame_record_prefix
PHAPCK_TBL.decoded.bin,pck_object_0049_part_000_choice_000_frame_045,pck_object_0049,pck_object_0049_part_000,pck_object_0049_part_000_choice_000,0x0046E0,2,0,0,0x0000,0,0,0,0,block_plus_signed,0x004570,0x004570,yes,0A0204FF03020AFF8000300100000000,30,exact_block_offset;plausible_frame_record_prefix
PHAPCK_TBL.decoded.bin,pck_object_0049_part_000_choice_000_frame_045,pck_object_0049,pck_object_0049_part_000,pck_object_0049_part_000_choice_000,0x0046E0,2,0,0,0x0000,0,0,0,0,part_plus_signed,0x004586,0x004586,yes,000C1E00010066000000C800D00764FA,35,exact_part_offset
PHAPCK_TBL.decoded.bin,pck_object_0049_part_000_choice_000_frame_045,pck_object_0049,pck_object_0049_part_000,pck_object_0049_part_000_choice_000,0x0046E0,2,0,0,0x0000,0,0,0,0,frame_plus_signed,0x0046E0,0x0046E0,yes,8C02000000001801CEFFE2FFE6000000,40,exact_frame_record;byte0_high_bit_set;plausible_frame_record_prefix
PHAPCK_TBL.decoded.bin,pck_object_0049_part_000_choice_000_frame_045,pck_object_0049,pck_object_0049_part_000,pck_object_0049_part_000_choice_000,0x0046E0,2,0,0,0x0000,0,0,0,0,payload_plus_signed,0x0046E2,0x0046E2,yes,000000001801CEFFE2FFE60000003200,5,plausible_frame_record_prefix
PHAPCK_TBL.decoded.bin,pck_object_0049_part_000_choice_000_frame_051,pck_object_0049,pck_object_0049_part_000,pck_object_0049_part_000_choice_000,0x004710,2,50,0,0xFFE2,65506,-30,226,255,direct_unsigned,0x000000,0x00FFE2,no,,0,outside_decoded_stream
PHAPCK_TBL.decoded.bin,pck_object_0049_part_000_choice_000_frame_051,pck_object_0049,pck_object_0049_part_000,pck_object_0049_part_000_choice_000,0x004710,2,50,0,0xFFE2,65506,-30,226,255,direct_signed,0x000000,-0x00001E,no,,0,outside_decoded_stream
PHAPCK_TBL.decoded.bin,pck_object_0049_part_000_choice_000_frame_051,pck_object_0049,pck_object_0049_part_000,pck_object_0049_part_000_choice_000,0x004710,2,50,0,0xFFE2,65506,-30,226,255,object_plus_unsigned,0x004578,0x01455A,no,,0,outside_decoded_stream
PHAPCK_TBL.decoded.bin,pck_object_0049_part_000_choice_000_frame_051,pck_object_0049,pck_object_0049_part_000,pck_object_0049_part_000_choice_000,0x004710,2,50,0,0xFFE2,65506,-30,226,255,object_plus_signed,0x004578,0x00455A,yes,0509A00081030303030BA400020304FF,0,in_range_no_structural_match
PHAPCK_TBL.decoded.bin,pck_object_0049_part_000_choice_000_frame_051,pck_object_0049,pck_object_0049_part_000,pck_object_0049_part_000_choice_000,0x004710,2,50,0,0xFFE2,65506,-30,226,255,block_plus_unsigned,0x004570,0x014552,no,,0,outside_decoded_stream
PHAPCK_TBL.decoded.bin,pck_object_0049_part_000_choice_000_frame_051,pck_object_0049,pck_object_0049_part_000,pck_object_0049_part_000_choice_000,0x004710,2,50,0,0xFFE2,65506,-30,226,255,block_plus_signed,0x004570,0x004552,yes,03FF9D00810202050509A00081030303,0,in_range_no_structural_match
PHAPCK_TBL.decoded.bin,pck_object_0049_part_000_choice_000_frame_051,pck_object_0049,pck_object_0049_part_000,pck_object_0049_part_000_choice_000,0x004710,2,50,0,0xFFE2,65506,-30,226,255,part_plus_signed,0x004586,0x004568,yes,04FF0506FF0708FF0A0204FF03020AFF,0,in_range_no_structural_match
PHAPCK_TBL.decoded.bin,pck_object_0049_part_000_choice_000_frame_051,pck_object_0049,pck_object_0049_part_000,pck_object_0049_part_000_choice_000,0x004710,2,50,0,0xFFE2,65506,-30,226,255,frame_plus_signed,0x004710,0x0046F2,yes,B4000A00000004012800E2FF3601F6FF,20,byte0_high_bit_set;plausible_drawable_extents_at_plus6_plus8;plausible_frame_record_prefix
PHAPCK_TBL.decoded.bin,pck_object_0049_part_000_choice_000_frame_051,pck_object_0049,pck_object_0049_part_000,pck_object_0049_part_000_choice_000,0x004710,2,50,0,0xFFE2,65506,-30,226,255,payload_plus_signed,0x004712,0x0046F4,yes,0A00000004012800E2FF3601F6FF0000,5,plausible_frame_record_prefix
PHAPCK_TBL.decoded.bin,pck_object_0049_part_000_choice_000_frame_061,pck_object_0049,pck_object_0049_part_000,pck_object_0049_part_000_choice_000,0x004760,2,10,-1,0x0080,128,128,128,0,direct_unsigned,0x000000,0x000080,yes,0600B3020900C8020200DE020B00F302,5,plausible_frame_record_prefix
PHAPCK_TBL.decoded.bin,pck_object_0049_part_000_choice_000_frame_061,pck_object_0049,pck_object_0049_part_000,pck_object_0049_part_000_choice_000,0x004760,2,10,-1,0x0080,128,128,128,0,direct_signed,0x000000,0x000080,yes,0600B3020900C8020200DE020B00F302,5,plausible_frame_record_prefix
PHAPCK_TBL.decoded.bin,pck_object_0049_part_000_choice_000_frame_061,pck_object_0049,pck_object_0049_part_000,pck_object_0049_part_000_choice_000,0x004760,2,10,-1,0x0080,128,128,128,0,object_plus_unsigned,0x004578,0x0045F8,yes,A100810202050509A40081030303030B,40,exact_frame_record;byte0_high_bit_set;plausible_frame_record_prefix
PHAPCK_TBL.decoded.bin,pck_object_0049_part_000_choice_000_frame_061,pck_object_0049,pck_object_0049_part_000,pck_object_0049_part_000_choice_000,0x004760,2,10,-1,0x0080,128,128,128,0,object_plus_signed,0x004578,0x0045F8,yes,A100810202050509A40081030303030B,40,exact_frame_record;byte0_high_bit_set;plausible_frame_record_prefix
PHAPCK_TBL.decoded.bin,pck_object_0049_part_000_choice_000_frame_061,pck_object_0049,pck_object_0049_part_000,pck_object_0049_part_000_choice_000,0x004760,2,10,-1,0x0080,128,128,128,0,block_plus_unsigned,0x004570,0x0045F0,yes,9E008003030303FFA100810202050509,40,exact_frame_record;byte0_high_bit_set;plausible_frame_record_prefix
PHAPCK_TBL.decoded.bin,pck_object_0049_part_000_choice_000_frame_061,pck_object_0049,pck_object_0049_part_000,pck_object_0049_part_000_choice_000,0x004760,2,10,-1,0x0080,128,128,128,0,block_plus_signed,0x004570,0x0045F0,yes,9E008003030303FFA100810202050509,40,exact_frame_record;byte0_high_bit_set;plausible_frame_record_prefix
PHAPCK_TBL.decoded.bin,pck_object_0049_part_000_choice_000_frame_061,pck_object_0049,pck_object_0049_part_000,pck_object_0049_part_000_choice_000,0x004760,2,10,-1,0x0080,128,128,128,0,part_plus_signed,0x004586,0x004606,yes,030BA800020304FF0506FF0708FF0A02,0,in_range_no_structural_match
PHAPCK_TBL.decoded.bin,pck_object_0049_part_000_choice_000_frame_061,pck_object_0049,pck_object_0049_part_000,pck_object_0049_part_000_choice_000,0x004760,2,10,-1,0x0080,128,128,128,0,frame_plus_signed,0x004760,0x0047E0,yes,030303FF9D00810202050509A0008103,35,exact_frame_record;plausible_frame_record_prefix
PHAPCK_TBL.decoded.bin,pck_object_0049_part_000_choice_000_frame_061,pck_object_0049,pck_object_0049_part_000,pck_object_0049_part_000_choice_000,0x004760,2,10,-1,0x0080,128,128,128,0,payload_plus_signed,0x004762,0x0047E2,yes,03FF9D00810202050509A00081030303,0,in_range_no_structural_match
PHAPCK_TBL.decoded.bin,pck_object_0049_part_000_choice_000_frame_075,pck_object_0049,pck_object_0049_part_000,pck_object_0049_part_000_choice_000,0x0047D0,3,3,1,0x0096,150,150,150,0,direct_unsigned,0x000000,0x000096,yes,1E030600340304005503060075030400,5,plausible_frame_record_prefix
PHAPCK_TBL.decoded.bin,pck_object_0049_part_000_choice_000_frame_075,pck_object_0049,pck_object_0049_part_000,pck_object_0049_part_000_choice_000,0x0047D0,3,3,1,0x0096,150,150,150,0,direct_signed,0x000000,0x000096,yes,1E030600340304005503060075030400,5,plausible_frame_record_prefix
PHAPCK_TBL.decoded.bin,pck_object_0049_part_000_choice_000_frame_075,pck_object_0049,pck_object_0049_part_000,pck_object_0049_part_000_choice_000,0x0047D0,3,3,1,0x0096,150,150,150,0,object_plus_unsigned,0x004578,0x00460E,yes,0506FF0708FF0A0204FF03020AFF8000,0,in_range_no_structural_match
PHAPCK_TBL.decoded.bin,pck_object_0049_part_000_choice_000_frame_075,pck_object_0049,pck_object_0049_part_000,pck_object_0049_part_000_choice_000,0x0047D0,3,3,1,0x0096,150,150,150,0,object_plus_signed,0x004578,0x00460E,yes,0506FF0708FF0A0204FF03020AFF8000,0,in_range_no_structural_match
PHAPCK_TBL.decoded.bin,pck_object_0049_part_000_choice_000_frame_075,pck_object_0049,pck_object_0049_part_000,pck_object_0049_part_000_choice_000,0x0047D0,3,3,1,0x0096,150,150,150,0,block_plus_unsigned,0x004570,0x004606,yes,030BA800020304FF0506FF0708FF0A02,0,in_range_no_structural_match
PHAPCK_TBL.decoded.bin,pck_object_0049_part_000_choice_000_frame_075,pck_object_0049,pck_object_0049_part_000,pck_object_0049_part_000_choice_000,0x0047D0,3,3,1,0x0096,150,150,150,0,block_plus_signed,0x004570,0x004606,yes,030BA800020304FF0506FF0708FF0A02,0,in_range_no_structural_match
PHAPCK_TBL.decoded.bin,pck_object_0049_part_000_choice_000_frame_075,pck_object_0049,pck_object_0049_part_000,pck_object_0049_part_000_choice_000,0x0047D0,3,3,1,0x0096,150,150,150,0,part_plus_signed,0x004586,0x00461C,yes,8000300100000000000001001A00000C,75,exact_object_offset;byte0_high_bit_set;plausible_object_header;plausible_frame_record_prefix
PHAPCK_TBL.decoded.bin,pck_object_0049_part_000_choice_000_frame_075,pck_object_0049,pck_object_0049_part_000,pck_object_0049_part_000_choice_000,0x0047D0,3,3,1,0x0096,150,150,150,0,frame_plus_signed,0x0047D0,0x004866,yes,01006A00000005007200000081030303,15,plausible_drawable_extents_at_plus6_plus8;plausible_frame_record_prefix
PHAPCK_TBL.decoded.bin,pck_object_0049_part_000_choice_000_frame_075,pck_object_0049,pck_object_0049_part_000,pck_object_0049_part_000_choice_000,0x0047D0,3,3,1,0x0096,150,150,150,0,payload_plus_signed,0x0047D2,0x004868,yes,6A000000050072000000810303030301,35,exact_frame_record;plausible_frame_record_prefix
PHAPCK_TBL.decoded.bin,pck_object_0049_part_000_choice_000_frame_076,pck_object_0049,pck_object_0049_part_000,pck_object_0049_part_000_choice_000,0x0047D8,3,3,-1,0x009A,154,154,154,0,direct_unsigned,0x000000,0x00009A,yes,34030400550306007503040096030000,5,plausible_frame_record_prefix
PHAPCK_TBL.decoded.bin,pck_object_0049_part_000_choice_000_frame_076,pck_object_0049,pck_object_0049_part_000,pck_object_0049_part_000_choice_000,0x0047D8,3,3,-1,0x009A,154,154,154,0,direct_signed,0x000000,0x00009A,yes,34030400550306007503040096030000,5,plausible_frame_record_prefix
PHAPCK_TBL.decoded.bin,pck_object_0049_part_000_choice_000_frame_076,pck_object_0049,pck_object_0049_part_000,pck_object_0049_part_000_choice_000,0x0047D8,3,3,-1,0x009A,154,154,154,0,object_plus_unsigned,0x004578,0x004612,yes,08FF0A0204FF03020AFF800030010000,0,in_range_no_structural_match
PHAPCK_TBL.decoded.bin,pck_object_0049_part_000_choice_000_frame_076,pck_object_0049,pck_object_0049_part_000,pck_object_0049_part_000_choice_000,0x0047D8,3,3,-1,0x009A,154,154,154,0,object_plus_signed,0x004578,0x004612,yes,08FF0A0204FF03020AFF800030010000,0,in_range_no_structural_match
PHAPCK_TBL.decoded.bin,pck_object_0049_part_000_choice_000_frame_076,pck_object_0049,pck_object_0049_part_000,pck_object_0049_part_000_choice_000,0x0047D8,3,3,-1,0x009A,154,154,154,0,block_plus_unsigned,0x004570,0x00460A,yes,020304FF0506FF0708FF0A0204FF0302,5,plausible_frame_record_prefix
PHAPCK_TBL.decoded.bin,pck_object_0049_part_000_choice_000_frame_076,pck_object_0049,pck_object_0049_part_000,pck_object_0049_part_000_choice_000,0x0047D8,3,3,-1,0x009A,154,154,154,0,block_plus_signed,0x004570,0x00460A,yes,020304FF0506FF0708FF0A0204FF0302,5,plausible_frame_record_prefix
PHAPCK_TBL.decoded.bin,pck_object_0049_part_000_choice_000_frame_076,pck_object_0049,pck_object_0049_part_000,pck_object_0049_part_000_choice_000,0x0047D8,3,3,-1,0x009A,154,154,154,0,part_plus_signed,0x004586,0x004620,yes,00000000000001001A00000C22000100,45,exact_frame_record;plausible_drawable_extents_at_plus6_plus8;plausible_frame_record_prefix
PHAPCK_TBL.decoded.bin,pck_object_0049_part_000_choice_000_frame_076,pck_object_0049,pck_object_0049_part_000,pck_object_0049_part_000_choice_000,0x0047D8,3,3,-1,0x009A,154,154,154,0,frame_plus_signed,0x0047D8,0x004872,yes,8103030303019A008003030303FF9E00,10,byte0_high_bit_set;plausible_frame_record_prefix
PHAPCK_TBL.decoded.bin,pck_object_0049_part_000_choice_000_frame_076,pck_object_0049,pck_object_0049_part_000,pck_object_0049_part_000_choice_000,0x0047D8,3,3,-1,0x009A,154,154,154,0,payload_plus_signed,0x0047DA,0x004874,yes,030303019A008003030303FF9E008003,5,plausible_frame_record_prefix
PHAPCK_TBL.decoded.bin,pck_object_0049_part_000_choice_000_frame_077,pck_object_0049,pck_object_0049_part_000,pck_object_0049_part_000_choice_000,0x0047E0,3,3,-1,0x009D,157,157,157,0,direct_unsigned,0x000000,0x00009D,yes,00550306007503040096030000B60304,0,in_range_no_structural_match
PHAPCK_TBL.decoded.bin,pck_object_0049_part_000_choice_000_frame_077,pck_object_0049,pck_object_0049_part_000,pck_object_0049_part_000_choice_000,0x0047E0,3,3,-1,0x009D,157,157,157,0,direct_signed,0x000000,0x00009D,yes,00550306007503040096030000B60304,0,in_range_no_structural_match
PHAPCK_TBL.decoded.bin,pck_object_0049_part_000_choice_000_frame_077,pck_object_0049,pck_object_0049_part_000,pck_object_0049_part_000_choice_000,0x0047E0,3,3,-1,0x009D,157,157,157,0,object_plus_unsigned,0x004578,0x004615,yes,0204FF03020AFF800030010000000000,0,in_range_no_structural_match
PHAPCK_TBL.decoded.bin,pck_object_0049_part_000_choice_000_frame_077,pck_object_0049,pck_object_0049_part_000,pck_object_0049_part_000_choice_000,0x0047E0,3,3,-1,0x009D,157,157,157,0,object_plus_signed,0x004578,0x004615,yes,0204FF03020AFF800030010000000000,0,in_range_no_structural_match
PHAPCK_TBL.decoded.bin,pck_object_0049_part_000_choice_000_frame_077,pck_object_0049,pck_object_0049_part_000,pck_object_0049_part_000_choice_000,0x0047E0,3,3,-1,0x009D,157,157,157,0,block_plus_unsigned,0x004570,0x00460D,yes,FF0506FF0708FF0A0204FF03020AFF80,5,byte0_high_bit_set
PHAPCK_TBL.decoded.bin,pck_object_0049_part_000_choice_000_frame_077,pck_object_0049,pck_object_0049_part_000,pck_object_0049_part_000_choice_000,0x0047E0,3,3,-1,0x009D,157,157,157,0,block_plus_signed,0x004570,0x00460D,yes,FF0506FF0708FF0A0204FF03020AFF80,5,byte0_high_bit_set
PHAPCK_TBL.decoded.bin,pck_object_0049_part_000_choice_000_frame_077,pck_object_0049,pck_object_0049_part_000,pck_object_0049_part_000_choice_000,0x0047E0,3,3,-1,0x009D,157,157,157,0,part_plus_signed,0x004586,0x004623,yes,00000001001A00000C220001006A0000,5,plausible_frame_record_prefix
PHAPCK_TBL.decoded.bin,pck_object_0049_part_000_choice_000_frame_077,pck_object_0049,pck_object_0049_part_000,pck_object_0049_part_000_choice_000,0x0047E0,3,3,-1,0x009D,157,157,157,0,frame_plus_signed,0x0047E0,0x00487D,yes,0303FF9E008003030303FFA100810202,5,plausible_frame_record_prefix
PHAPCK_TBL.decoded.bin,pck_object_0049_part_000_choice_000_frame_077,pck_object_0049,pck_object_0049_part_000,pck_object_0049_part_000_choice_000,0x0047E0,3,3,-1,0x009D,157,157,157,0,payload_plus_signed,0x0047E2,0x00487F,yes,FF9E008003030303FFA1008102020505,5,byte0_high_bit_set
PHAPCK_TBL.decoded.bin,pck_object_0049_part_000_choice_000_frame_079,pck_object_0049,pck_object_0049_part_000,pck_object_0049_part_000_choice_000,0x0047F0,3,3,11,0x00A4,164,164,164,0,direct_unsigned,0x000000,0x0000A4,yes,040096030000B6030400D7030C00F703,5,plausible_frame_record_prefix
PHAPCK_TBL.decoded.bin,pck_object_0049_part_000_choice_000_frame_079,pck_object_0049,pck_object_0049_part_000,pck_object_0049_part_000_choice_000,0x0047F0,3,3,11,0x00A4,164,164,164,0,direct_signed,0x000000,0x0000A4,yes,040096030000B6030400D7030C00F703,5,plausible_frame_record_prefix
PHAPCK_TBL.decoded.bin,pck_object_0049_part_000_choice_000_frame_079,pck_object_0049,pck_object_0049_part_000,pck_object_0049_part_000_choice_000,0x0047F0,3,3,11,0x00A4,164,164,164,0,object_plus_unsigned,0x004578,0x00461C,yes,8000300100000000000001001A00000C,75,exact_object_offset;byte0_high_bit_set;plausible_object_header;plausible_frame_record_prefix
PHAPCK_TBL.decoded.bin,pck_object_0049_part_000_choice_000_frame_079,pck_object_0049,pck_object_0049_part_000,pck_object_0049_part_000_choice_000,0x0047F0,3,3,11,0x00A4,164,164,164,0,object_plus_signed,0x004578,0x00461C,yes,8000300100000000000001001A00000C,75,exact_object_offset;byte0_high_bit_set;plausible_object_header;plausible_frame_record_prefix
PHAPCK_TBL.decoded.bin,pck_object_0049_part_000_choice_000_frame_079,pck_object_0049,pck_object_0049_part_000,pck_object_0049_part_000_choice_000,0x0047F0,3,3,11,0x00A4,164,164,164,0,block_plus_unsigned,0x004570,0x004614,yes,0A0204FF03020AFF8000300100000000,5,plausible_frame_record_prefix
PHAPCK_TBL.decoded.bin,pck_object_0049_part_000_choice_000_frame_079,pck_object_0049,pck_object_0049_part_000,pck_object_0049_part_000_choice_000,0x0047F0,3,3,11,0x00A4,164,164,164,0,block_plus_signed,0x004570,0x004614,yes,0A0204FF03020AFF8000300100000000,5,plausible_frame_record_prefix
PHAPCK_TBL.decoded.bin,pck_object_0049_part_000_choice_000_frame_079,pck_object_0049,pck_object_0049_part_000,pck_object_0049_part_000_choice_000,0x0047F0,3,3,11,0x00A4,164,164,164,0,part_plus_signed,0x004586,0x00462A,yes,000C220001006A000000C800D00764FA,35,exact_part_offset
PHAPCK_TBL.decoded.bin,pck_object_0049_part_000_choice_000_frame_079,pck_object_0049,pck_object_0049_part_000,pck_object_0049_part_000_choice_000,0x0047F0,3,3,11,0x00A4,164,164,164,0,frame_plus_signed,0x0047F0,0x004894,yes,0303030BA800020304FF0506FF0708FF,5,plausible_frame_record_prefix
PHAPCK_TBL.decoded.bin,pck_object_0049_part_000_choice_000_frame_079,pck_object_0049,pck_object_0049_part_000,pck_object_0049_part_000_choice_000,0x0047F0,3,3,11,0x00A4,164,164,164,0,payload_plus_signed,0x0047F2,0x004896,yes,030BA800020304FF0506FF0708FF0A02,0,in_range_no_structural_match
PHAPCK_TBL.decoded.bin,pck_object_0049_part_000_choice_000_frame_081,pck_object_0049,pck_object_0049_part_000,pck_object_0049_part_000_choice_000,0x004800,2,4,-1,0x0203,515,515,3,2,direct_unsigned,0x000000,0x000203,yes,FC000000000000F8026D0756FFE2FFFA,10,byte0_high_bit_set;plausible_frame_record_prefix
PHAPCK_TBL.decoded.bin,pck_object_0049_part_000_choice_000_frame_081,pck_object_0049,pck_object_0049_part_000,pck_object_0049_part_000_choice_000,0x004800,2,4,-1,0x0203,515,515,3,2,direct_signed,0x000000,0x000203,yes,FC000000000000F8026D0756FFE2FFFA,10,byte0_high_bit_set;plausible_frame_record_prefix
PHAPCK_TBL.decoded.bin,pck_object_0049_part_000_choice_000_frame_081,pck_object_0049,pck_object_0049_part_000,pck_object_0049_part_000_choice_000,0x004800,2,4,-1,0x0203,515,515,3,2,object_plus_unsigned,0x004578,0x00477B,yes,00C800D00764FA19058C02000000000E,0,in_range_no_structural_match
PHAPCK_TBL.decoded.bin,pck_object_0049_part_000_choice_000_frame_081,pck_object_0049,pck_object_0049_part_000,pck_object_0049_part_000_choice_000,0x004800,2,4,-1,0x0203,515,515,3,2,object_plus_signed,0x004578,0x00477B,yes,00C800D00764FA19058C02000000000E,0,in_range_no_structural_match
PHAPCK_TBL.decoded.bin,pck_object_0049_part_000_choice_000_frame_081,pck_object_0049,pck_object_0049_part_000,pck_object_0049_part_000_choice_000,0x004800,2,4,-1,0x0203,515,515,3,2,block_plus_unsigned,0x004570,0x004773,yes,0C1A00010062000000C800D00764FA19,0,in_range_no_structural_match
PHAPCK_TBL.decoded.bin,pck_object_0049_part_000_choice_000_frame_081,pck_object_0049,pck_object_0049_part_000,pck_object_0049_part_000_choice_000,0x004800,2,4,-1,0x0203,515,515,3,2,block_plus_signed,0x004570,0x004773,yes,0C1A00010062000000C800D00764FA19,0,in_range_no_structural_match
PHAPCK_TBL.decoded.bin,pck_object_0049_part_000_choice_000_frame_081,pck_object_0049,pck_object_0049_part_000,pck_object_0049_part_000_choice_000,0x004800,2,4,-1,0x0203,515,515,3,2,part_plus_signed,0x004586,0x004789,yes,000E01CEFFE2FFDC0000003200AA000A,0,in_range_no_structural_match
PHAPCK_TBL.decoded.bin,pck_object_0049_part_000_choice_000_frame_081,pck_object_0049,pck_object_0049_part_000,pck_object_0049_part_000_choice_000,0x004800,2,4,-1,0x0203,515,515,3,2,frame_plus_signed,0x004800,0x004A03,yes,000E172C000100030118FC0000000000,0,in_range_no_structural_match
PHAPCK_TBL.decoded.bin,pck_object_0049_part_000_choice_000_frame_081,pck_object_0049,pck_object_0049_part_000,pck_object_0049_part_000_choice_000,0x004800,2,4,-1,0x0203,515,515,3,2,payload_plus_signed,0x004802,0x004A05,yes,172C000100030118FC00000000000000,0,in_range_no_structural_match
PHAPCK_TBL.decoded.bin,pck_object_0049_part_000_choice_000_frame_086,pck_object_0049,pck_object_0049_part_000,pck_object_0049_part_000_choice_000,0x004828,2,0,0,0x0000,0,0,0,0,direct_unsigned,0x000000,0x000000,yes,04001E000A003100060045000F005A00,15,plausible_drawable_extents_at_plus6_plus8;plausible_frame_record_prefix
PHAPCK_TBL.decoded.bin,pck_object_0049_part_000_choice_000_frame_086,pck_object_0049,pck_object_0049_part_000,pck_object_0049_part_000_choice_000,0x004828,2,0,0,0x0000,0,0,0,0,direct_signed,0x000000,0x000000,yes,04001E000A003100060045000F005A00,15,plausible_drawable_extents_at_plus6_plus8;plausible_frame_record_prefix
PHAPCK_TBL.decoded.bin,pck_object_0049_part_000_choice_000_frame_086,pck_object_0049,pck_object_0049_part_000,pck_object_0049_part_000_choice_000,0x004828,2,0,0,0x0000,0,0,0,0,object_plus_unsigned,0x004578,0x004578,yes,8000300100000000000001001600000C,105,exact_object_offset;exact_frame_record;byte0_high_bit_set;plausible_object_header;plausible_frame_record_prefix
PHAPCK_TBL.decoded.bin,pck_object_0049_part_000_choice_000_frame_086,pck_object_0049,pck_object_0049_part_000,pck_object_0049_part_000_choice_000,0x004828,2,0,0,0x0000,0,0,0,0,object_plus_signed,0x004578,0x004578,yes,8000300100000000000001001600000C,105,exact_object_offset;exact_frame_record;byte0_high_bit_set;plausible_object_header;plausible_frame_record_prefix
PHAPCK_TBL.decoded.bin,pck_object_0049_part_000_choice_000_frame_086,pck_object_0049,pck_object_0049_part_000,pck_object_0049_part_000_choice_000,0x004828,2,0,0,0x0000,0,0,0,0,block_plus_unsigned,0x004570,0x004570,yes,0A0204FF03020AFF8000300100000000,30,exact_block_offset;plausible_frame_record_prefix
PHAPCK_TBL.decoded.bin,pck_object_0049_part_000_choice_000_frame_086,pck_object_0049,pck_object_0049_part_000,pck_object_0049_part_000_choice_000,0x004828,2,0,0,0x0000,0,0,0,0,block_plus_signed,0x004570,0x004570,yes,0A0204FF03020AFF8000300100000000,30,exact_block_offset;plausible_frame_record_prefix
PHAPCK_TBL.decoded.bin,pck_object_0049_part_000_choice_000_frame_086,pck_object_0049,pck_object_0049_part_000,pck_object_0049_part_000_choice_000,0x004828,2,0,0,0x0000,0,0,0,0,part_plus_signed,0x004586,0x004586,yes,000C1E00010066000000C800D00764FA,35,exact_part_offset
PHAPCK_TBL.decoded.bin,pck_object_0049_part_000_choice_000_frame_086,pck_object_0049,pck_object_0049_part_000,pck_object_0049_part_000_choice_000,0x004828,2,0,0,0x0000,0,0,0,0,frame_plus_signed,0x004828,0x004828,yes,8C02000000000E01CEFFE2FFDC000000,40,exact_frame_record;byte0_high_bit_set;plausible_frame_record_prefix
PHAPCK_TBL.decoded.bin,pck_object_0049_part_000_choice_000_frame_086,pck_object_0049,pck_object_0049_part_000,pck_object_0049_part_000_choice_000,0x004828,2,0,0,0x0000,0,0,0,0,payload_plus_signed,0x00482A,0x00482A,yes,000000000E01CEFFE2FFDC0000003200,5,plausible_frame_record_prefix
PHAPCK_TBL.decoded.bin,pck_object_0049_part_000_choice_000_frame_092,pck_object_0049,pck_object_0049_part_000,pck_object_0049_part_000_choice_000,0x004858,2,50,0,0xFFE2,65506,-30,226,255,direct_unsigned,0x000000,0x00FFE2,no,,0,outside_decoded_stream
PHAPCK_TBL.decoded.bin,pck_object_0049_part_000_choice_000_frame_092,pck_object_0049,pck_object_0049_part_000,pck_object_0049_part_000_choice_000,0x004858,2,50,0,0xFFE2,65506,-30,226,255,direct_signed,0x000000,-0x00001E,no,,0,outside_decoded_stream
PHAPCK_TBL.decoded.bin,pck_object_0049_part_000_choice_000_frame_092,pck_object_0049,pck_object_0049_part_000,pck_object_0049_part_000_choice_000,0x004858,2,50,0,0xFFE2,65506,-30,226,255,object_plus_unsigned,0x004578,0x01455A,no,,0,outside_decoded_stream
PHAPCK_TBL.decoded.bin,pck_object_0049_part_000_choice_000_frame_092,pck_object_0049,pck_object_0049_part_000,pck_object_0049_part_000_choice_000,0x004858,2,50,0,0xFFE2,65506,-30,226,255,object_plus_signed,0x004578,0x00455A,yes,0509A00081030303030BA400020304FF,0,in_range_no_structural_match
PHAPCK_TBL.decoded.bin,pck_object_0049_part_000_choice_000_frame_092,pck_object_0049,pck_object_0049_part_000,pck_object_0049_part_000_choice_000,0x004858,2,50,0,0xFFE2,65506,-30,226,255,block_plus_unsigned,0x004570,0x014552,no,,0,outside_decoded_stream
PHAPCK_TBL.decoded.bin,pck_object_0049_part_000_choice_000_frame_092,pck_object_0049,pck_object_0049_part_000,pck_object_0049_part_000_choice_000,0x004858,2,50,0,0xFFE2,65506,-30,226,255,block_plus_signed,0x004570,0x004552,yes,03FF9D00810202050509A00081030303,0,in_range_no_structural_match
PHAPCK_TBL.decoded.bin,pck_object_0049_part_000_choice_000_frame_092,pck_object_0049,pck_object_0049_part_000,pck_object_0049_part_000_choice_000,0x004858,2,50,0,0xFFE2,65506,-30,226,255,part_plus_signed,0x004586,0x004568,yes,04FF0506FF0708FF0A0204FF03020AFF,0,in_range_no_structural_match
PHAPCK_TBL.decoded.bin,pck_object_0049_part_000_choice_000_frame_092,pck_object_0049,pck_object_0049_part_000,pck_object_0049_part_000_choice_000,0x004858,2,50,0,0xFFE2,65506,-30,226,255,frame_plus_signed,0x004858,0x00483A,yes,AA000A000000FA002800E2FF2C01F6FF,20,byte0_high_bit_set;plausible_drawable_extents_at_plus6_plus8;plausible_frame_record_prefix
PHAPCK_TBL.decoded.bin,pck_object_0049_part_000_choice_000_frame_092,pck_object_0049,pck_object_0049_part_000,pck_object_0049_part_000_choice_000,0x004858,2,50,0,0xFFE2,65506,-30,226,255,payload_plus_signed,0x00485A,0x00483C,yes,0A000000FA002800E2FF2C01F6FF0000,5,plausible_frame_record_prefix
PHAPCK_TBL.decoded.bin,pck_object_0049_part_000_choice_000_frame_102,pck_object_0049,pck_object_0049_part_000,pck_object_0049_part_000_choice_000,0x0048A8,2,10,-1,0x0080,128,128,128,0,direct_unsigned,0x000000,0x000080,yes,0600B3020900C8020200DE020B00F302,5,plausible_frame_record_prefix
PHAPCK_TBL.decoded.bin,pck_object_0049_part_000_choice_000_frame_102,pck_object_0049,pck_object_0049_part_000,pck_object_0049_part_000_choice_000,0x0048A8,2,10,-1,0x0080,128,128,128,0,direct_signed,0x000000,0x000080,yes,0600B3020900C8020200DE020B00F302,5,plausible_frame_record_prefix
PHAPCK_TBL.decoded.bin,pck_object_0049_part_000_choice_000_frame_102,pck_object_0049,pck_object_0049_part_000,pck_object_0049_part_000_choice_000,0x0048A8,2,10,-1,0x0080,128,128,128,0,object_plus_unsigned,0x004578,0x0045F8,yes,A100810202050509A40081030303030B,40,exact_frame_record;byte0_high_bit_set;plausible_frame_record_prefix
PHAPCK_TBL.decoded.bin,pck_object_0049_part_000_choice_000_frame_102,pck_object_0049,pck_object_0049_part_000,pck_object_0049_part_000_choice_000,0x0048A8,2,10,-1,0x0080,128,128,128,0,object_plus_signed,0x004578,0x0045F8,yes,A100810202050509A40081030303030B,40,exact_frame_record;byte0_high_bit_set;plausible_frame_record_prefix
PHAPCK_TBL.decoded.bin,pck_object_0049_part_000_choice_000_frame_102,pck_object_0049,pck_object_0049_part_000,pck_object_0049_part_000_choice_000,0x0048A8,2,10,-1,0x0080,128,128,128,0,block_plus_unsigned,0x004570,0x0045F0,yes,9E008003030303FFA100810202050509,40,exact_frame_record;byte0_high_bit_set;plausible_frame_record_prefix
PHAPCK_TBL.decoded.bin,pck_object_0049_part_000_choice_000_frame_102,pck_object_0049,pck_object_0049_part_000,pck_object_0049_part_000_choice_000,0x0048A8,2,10,-1,0x0080,128,128,128,0,block_plus_signed,0x004570,0x0045F0,yes,9E008003030303FFA100810202050509,40,exact_frame_record;byte0_high_bit_set;plausible_frame_record_prefix
PHAPCK_TBL.decoded.bin,pck_object_0049_part_000_choice_000_frame_102,pck_object_0049,pck_object_0049_part_000,pck_object_0049_part_000_choice_000,0x0048A8,2,10,-1,0x0080,128,128,128,0,part_plus_signed,0x004586,0x004606,yes,030BA800020304FF0506FF0708FF0A02,0,in_range_no_structural_match
PHAPCK_TBL.decoded.bin,pck_object_0049_part_000_choice_000_frame_102,pck_object_0049,pck_object_0049_part_000,pck_object_0049_part_000_choice_000,0x0048A8,2,10,-1,0x0080,128,128,128,0,frame_plus_signed,0x0048A8,0x004928,yes,6DFC60FFE2FF00007EFFE2FF00000000,30,exact_frame_record
PHAPCK_TBL.decoded.bin,pck_object_0049_part_000_choice_000_frame_102,pck_object_0049,pck_object_0049_part_000,pck_object_0049_part_000_choice_000,0x0048A8,2,10,-1,0x0080,128,128,128,0,payload_plus_signed,0x0048AA,0x00492A,yes,60FFE2FF00007EFFE2FF0000000079FD,0,in_range_no_structural_match
PHAPCK_TBL.decoded.bin,pck_object_0053_part_000_choice_000_frame_004,pck_object_0053,pck_object_0053_part_000,pck_object_0053_part_000_choice_000,0x004828,2,0,0,0x0000,0,0,0,0,direct_unsigned,0x000000,0x000000,yes,04001E000A003100060045000F005A00,15,plausible_drawable_extents_at_plus6_plus8;plausible_frame_record_prefix
PHAPCK_TBL.decoded.bin,pck_object_0053_part_000_choice_000_frame_004,pck_object_0053,pck_object_0053_part_000,pck_object_0053_part_000_choice_000,0x004828,2,0,0,0x0000,0,0,0,0,direct_signed,0x000000,0x000000,yes,04001E000A003100060045000F005A00,15,plausible_drawable_extents_at_plus6_plus8;plausible_frame_record_prefix
PHAPCK_TBL.decoded.bin,pck_object_0053_part_000_choice_000_frame_004,pck_object_0053,pck_object_0053_part_000,pck_object_0053_part_000_choice_000,0x004828,2,0,0,0x0000,0,0,0,0,object_plus_unsigned,0x004808,0x004808,yes,8000300100000000000001001600000C,105,exact_object_offset;exact_frame_record;byte0_high_bit_set;plausible_object_header;plausible_frame_record_prefix
PHAPCK_TBL.decoded.bin,pck_object_0053_part_000_choice_000_frame_004,pck_object_0053,pck_object_0053_part_000,pck_object_0053_part_000_choice_000,0x004828,2,0,0,0x0000,0,0,0,0,object_plus_signed,0x004808,0x004808,yes,8000300100000000000001001600000C,105,exact_object_offset;exact_frame_record;byte0_high_bit_set;plausible_object_header;plausible_frame_record_prefix
PHAPCK_TBL.decoded.bin,pck_object_0053_part_000_choice_000_frame_004,pck_object_0053,pck_object_0053_part_000,pck_object_0053_part_000_choice_000,0x004828,2,0,0,0x0000,0,0,0,0,block_plus_unsigned,0x004800,0x004800,yes,0A0204FF03020AFF8000300100000000,60,exact_frame_record;exact_block_offset;plausible_frame_record_prefix
PHAPCK_TBL.decoded.bin,pck_object_0053_part_000_choice_000_frame_004,pck_object_0053,pck_object_0053_part_000,pck_object_0053_part_000_choice_000,0x004828,2,0,0,0x0000,0,0,0,0,block_plus_signed,0x004800,0x004800,yes,0A0204FF03020AFF8000300100000000,60,exact_frame_record;exact_block_offset;plausible_frame_record_prefix
PHAPCK_TBL.decoded.bin,pck_object_0053_part_000_choice_000_frame_004,pck_object_0053,pck_object_0053_part_000,pck_object_0053_part_000_choice_000,0x004828,2,0,0,0x0000,0,0,0,0,part_plus_signed,0x004816,0x004816,yes,000C1E00010066000000C800D00764FA,35,exact_part_offset
PHAPCK_TBL.decoded.bin,pck_object_0053_part_000_choice_000_frame_004,pck_object_0053,pck_object_0053_part_000,pck_object_0053_part_000_choice_000,0x004828,2,0,0,0x0000,0,0,0,0,frame_plus_signed,0x004828,0x004828,yes,8C02000000000E01CEFFE2FFDC000000,40,exact_frame_record;byte0_high_bit_set;plausible_frame_record_prefix
PHAPCK_TBL.decoded.bin,pck_object_0053_part_000_choice_000_frame_004,pck_object_0053,pck_object_0053_part_000,pck_object_0053_part_000_choice_000,0x004828,2,0,0,0x0000,0,0,0,0,payload_plus_signed,0x00482A,0x00482A,yes,000000000E01CEFFE2FFDC0000003200,5,plausible_frame_record_prefix
PHAPCK_TBL.decoded.bin,pck_object_0053_part_000_choice_000_frame_010,pck_object_0053,pck_object_0053_part_000,pck_object_0053_part_000_choice_000,0x004858,2,50,0,0xFFE2,65506,-30,226,255,direct_unsigned,0x000000,0x00FFE2,no,,0,outside_decoded_stream
PHAPCK_TBL.decoded.bin,pck_object_0053_part_000_choice_000_frame_010,pck_object_0053,pck_object_0053_part_000,pck_object_0053_part_000_choice_000,0x004858,2,50,0,0xFFE2,65506,-30,226,255,direct_signed,0x000000,-0x00001E,no,,0,outside_decoded_stream
PHAPCK_TBL.decoded.bin,pck_object_0053_part_000_choice_000_frame_010,pck_object_0053,pck_object_0053_part_000,pck_object_0053_part_000_choice_000,0x004858,2,50,0,0xFFE2,65506,-30,226,255,object_plus_unsigned,0x004808,0x0147EA,no,,0,outside_decoded_stream
PHAPCK_TBL.decoded.bin,pck_object_0053_part_000_choice_000_frame_010,pck_object_0053,pck_object_0053_part_000,pck_object_0053_part_000_choice_000,0x004858,2,50,0,0xFFE2,65506,-30,226,255,object_plus_signed,0x004808,0x0047EA,yes,0509A00081030303030BA400020304FF,0,in_range_no_structural_match
PHAPCK_TBL.decoded.bin,pck_object_0053_part_000_choice_000_frame_010,pck_object_0053,pck_object_0053_part_000,pck_object_0053_part_000_choice_000,0x004858,2,50,0,0xFFE2,65506,-30,226,255,block_plus_unsigned,0x004800,0x0147E2,no,,0,outside_decoded_stream
PHAPCK_TBL.decoded.bin,pck_object_0053_part_000_choice_000_frame_010,pck_object_0053,pck_object_0053_part_000,pck_object_0053_part_000_choice_000,0x004858,2,50,0,0xFFE2,65506,-30,226,255,block_plus_signed,0x004800,0x0047E2,yes,03FF9D00810202050509A00081030303,0,in_range_no_structural_match
PHAPCK_TBL.decoded.bin,pck_object_0053_part_000_choice_000_frame_010,pck_object_0053,pck_object_0053_part_000,pck_object_0053_part_000_choice_000,0x004858,2,50,0,0xFFE2,65506,-30,226,255,part_plus_signed,0x004816,0x0047F8,yes,04FF0506FF0708FF0A0204FF03020AFF,30,exact_frame_record
PHAPCK_TBL.decoded.bin,pck_object_0053_part_000_choice_000_frame_010,pck_object_0053,pck_object_0053_part_000,pck_object_0053_part_000_choice_000,0x004858,2,50,0,0xFFE2,65506,-30,226,255,frame_plus_signed,0x004858,0x00483A,yes,AA000A000000FA002800E2FF2C01F6FF,20,byte0_high_bit_set;plausible_drawable_extents_at_plus6_plus8;plausible_frame_record_prefix
PHAPCK_TBL.decoded.bin,pck_object_0053_part_000_choice_000_frame_010,pck_object_0053,pck_object_0053_part_000,pck_object_0053_part_000_choice_000,0x004858,2,50,0,0xFFE2,65506,-30,226,255,payload_plus_signed,0x00485A,0x00483C,yes,0A000000FA002800E2FF2C01F6FF0000,5,plausible_frame_record_prefix
PHAPCK_TBL.decoded.bin,pck_object_0053_part_000_choice_000_frame_020,pck_object_0053,pck_object_0053_part_000,pck_object_0053_part_000_choice_000,0x0048A8,2,10,-1,0x0080,128,128,128,0,direct_unsigned,0x000000,0x000080,yes,0600B3020900C8020200DE020B00F302,5,plausible_frame_record_prefix
PHAPCK_TBL.decoded.bin,pck_object_0053_part_000_choice_000_frame_020,pck_object_0053,pck_object_0053_part_000,pck_object_0053_part_000_choice_000,0x0048A8,2,10,-1,0x0080,128,128,128,0,direct_signed,0x000000,0x000080,yes,0600B3020900C8020200DE020B00F302,5,plausible_frame_record_prefix
PHAPCK_TBL.decoded.bin,pck_object_0053_part_000_choice_000_frame_020,pck_object_0053,pck_object_0053_part_000,pck_object_0053_part_000_choice_000,0x0048A8,2,10,-1,0x0080,128,128,128,0,object_plus_unsigned,0x004808,0x004888,yes,A100810202050509A40081030303030B,40,exact_frame_record;byte0_high_bit_set;plausible_frame_record_prefix
PHAPCK_TBL.decoded.bin,pck_object_0053_part_000_choice_000_frame_020,pck_object_0053,pck_object_0053_part_000,pck_object_0053_part_000_choice_000,0x0048A8,2,10,-1,0x0080,128,128,128,0,object_plus_signed,0x004808,0x004888,yes,A100810202050509A40081030303030B,40,exact_frame_record;byte0_high_bit_set;plausible_frame_record_prefix
PHAPCK_TBL.decoded.bin,pck_object_0053_part_000_choice_000_frame_020,pck_object_0053,pck_object_0053_part_000,pck_object_0053_part_000_choice_000,0x0048A8,2,10,-1,0x0080,128,128,128,0,block_plus_unsigned,0x004800,0x004880,yes,9E008003030303FFA100810202050509,40,exact_frame_record;byte0_high_bit_set;plausible_frame_record_prefix
PHAPCK_TBL.decoded.bin,pck_object_0053_part_000_choice_000_frame_020,pck_object_0053,pck_object_0053_part_000,pck_object_0053_part_000_choice_000,0x0048A8,2,10,-1,0x0080,128,128,128,0,block_plus_signed,0x004800,0x004880,yes,9E008003030303FFA100810202050509,40,exact_frame_record;byte0_high_bit_set;plausible_frame_record_prefix
PHAPCK_TBL.decoded.bin,pck_object_0053_part_000_choice_000_frame_020,pck_object_0053,pck_object_0053_part_000,pck_object_0053_part_000_choice_000,0x0048A8,2,10,-1,0x0080,128,128,128,0,part_plus_signed,0x004816,0x004896,yes,030BA800020304FF0506FF0708FF0A02,0,in_range_no_structural_match
PHAPCK_TBL.decoded.bin,pck_object_0053_part_000_choice_000_frame_020,pck_object_0053,pck_object_0053_part_000,pck_object_0053_part_000_choice_000,0x0048A8,2,10,-1,0x0080,128,128,128,0,frame_plus_signed,0x0048A8,0x004928,yes,6DFC60FFE2FF00007EFFE2FF00000000,30,exact_frame_record
PHAPCK_TBL.decoded.bin,pck_object_0053_part_000_choice_000_frame_020,pck_object_0053,pck_object_0053_part_000,pck_object_0053_part_000_choice_000,0x0048A8,2,10,-1,0x0080,128,128,128,0,payload_plus_signed,0x0048AA,0x00492A,yes,60FFE2FF00007EFFE2FF0000000079FD,0,in_range_no_structural_match
PHAPCK_TBL.decoded.bin,pck_object_0053_part_000_choice_000_frame_043,pck_object_0053,pck_object_0053_part_000,pck_object_0053_part_000_choice_000,0x004960,3,3,3,0x0103,259,259,3,1,direct_unsigned,0x000000,0x000103,yes,050200680504007C050D0091050600A7,5,plausible_frame_record_prefix
PHAPCK_TBL.decoded.bin,pck_object_0053_part_000_choice_000_frame_043,pck_object_0053,pck_object_0053_part_000,pck_object_0053_part_000_choice_000,0x004960,3,3,3,0x0103,259,259,3,1,direct_signed,0x000000,0x000103,yes,050200680504007C050D0091050600A7,5,plausible_frame_record_prefix
PHAPCK_TBL.decoded.bin,pck_object_0053_part_000_choice_000_frame_043,pck_object_0053,pck_object_0053_part_000,pck_object_0053_part_000_choice_000,0x004960,3,3,3,0x0103,259,259,3,1,object_plus_unsigned,0x004808,0x00490B,yes,0056FFF6FF780000080000000000F800,0,in_range_no_structural_match
PHAPCK_TBL.decoded.bin,pck_object_0053_part_000_choice_000_frame_043,pck_object_0053,pck_object_0053_part_000,pck_object_0053_part_000_choice_000,0x004960,3,3,3,0x0103,259,259,3,1,object_plus_signed,0x004808,0x00490B,yes,0056FFF6FF780000080000000000F800,0,in_range_no_structural_match
PHAPCK_TBL.decoded.bin,pck_object_0053_part_000_choice_000_frame_043,pck_object_0053,pck_object_0053_part_000,pck_object_0053_part_000_choice_000,0x004960,3,3,3,0x0103,259,259,3,1,block_plus_unsigned,0x004800,0x004903,yes,F970047EFFF6FF780056FFF6FF780000,5,byte0_high_bit_set
PHAPCK_TBL.decoded.bin,pck_object_0053_part_000_choice_000_frame_043,pck_object_0053,pck_object_0053_part_000,pck_object_0053_part_000_choice_000,0x004960,3,3,3,0x0103,259,259,3,1,block_plus_signed,0x004800,0x004903,yes,F970047EFFF6FF780056FFF6FF780000,5,byte0_high_bit_set
PHAPCK_TBL.decoded.bin,pck_object_0053_part_000_choice_000_frame_043,pck_object_0053,pck_object_0053_part_000,pck_object_0053_part_000_choice_000,0x004960,3,3,3,0x0103,259,259,3,1,part_plus_signed,0x004816,0x004919,yes,F80000000018FC000038FF000027076D,10,byte0_high_bit_set;plausible_frame_record_prefix
PHAPCK_TBL.decoded.bin,pck_object_0053_part_000_choice_000_frame_043,pck_object_0053,pck_object_0053_part_000,pck_object_0053_part_000_choice_000,0x004960,3,3,3,0x0103,259,259,3,1,frame_plus_signed,0x004960,0x004A63,yes,0038FF00004F03B8F860FF88FF5A007E,0,in_range_no_structural_match
PHAPCK_TBL.decoded.bin,pck_object_0053_part_000_choice_000_frame_043,pck_object_0053,pck_object_0053_part_000,pck_object_0053_part_000_choice_000,0x004960,3,3,3,0x0103,259,259,3,1,payload_plus_signed,0x004962,0x004A65,yes,FF00004F03B8F860FF88FF5A007EFF88,10,byte0_high_bit_set;plausible_frame_record_prefix
PHAPCK_TBL.decoded.bin,pck_object_0053_part_000_choice_000_frame_044,pck_object_0053,pck_object_0053_part_000,pck_object_0053_part_000_choice_000,0x004968,2,2,5,0x0605,1541,1541,5,6,direct_unsigned,0x000000,0x000605,yes,92FF00F8000000002800D8FFCAFE2800,5,byte0_high_bit_set
PHAPCK_TBL.decoded.bin,pck_object_0053_part_000_choice_000_frame_044,pck_object_0053,pck_object_0053_part_000,pck_object_0053_part_000_choice_000,0x004968,2,2,5,0x0605,1541,1541,5,6,direct_signed,0x000000,0x000605,yes,92FF00F8000000002800D8FFCAFE2800,5,byte0_high_bit_set
PHAPCK_TBL.decoded.bin,pck_object_0053_part_000_choice_000_frame_044,pck_object_0053,pck_object_0053_part_000,pck_object_0053_part_000_choice_000,0x004968,2,2,5,0x0605,1541,1541,5,6,object_plus_unsigned,0x004808,0x004E0D,yes,067EFF6400280056FF64002800000800,0,in_range_no_structural_match
PHAPCK_TBL.decoded.bin,pck_object_0053_part_000_choice_000_frame_044,pck_object_0053,pck_object_0053_part_000,pck_object_0053_part_000_choice_000,0x004968,2,2,5,0x0605,1541,1541,5,6,object_plus_signed,0x004808,0x004E0D,yes,067EFF6400280056FF64002800000800,0,in_range_no_structural_match
PHAPCK_TBL.decoded.bin,pck_object_0053_part_000_choice_000_frame_044,pck_object_0053,pck_object_0053_part_000,pck_object_0053_part_000_choice_000,0x004968,2,2,5,0x0605,1541,1541,5,6,block_plus_unsigned,0x004800,0x004E05,yes,000A00000090FBA8067EFF6400280056,0,in_range_no_structural_match
PHAPCK_TBL.decoded.bin,pck_object_0053_part_000_choice_000_frame_044,pck_object_0053,pck_object_0053_part_000,pck_object_0053_part_000_choice_000,0x004968,2,2,5,0x0605,1541,1541,5,6,block_plus_signed,0x004800,0x004E05,yes,000A00000090FBA8067EFF6400280056,0,in_range_no_structural_match
PHAPCK_TBL.decoded.bin,pck_object_0053_part_000_choice_000_frame_044,pck_object_0053,pck_object_0053_part_000,pck_object_0053_part_000_choice_000,0x004968,2,2,5,0x0605,1541,1541,5,6,part_plus_signed,0x004816,0x004E1B,yes,080000000000F80000000018FC000038,5,plausible_frame_record_prefix
PHAPCK_TBL.decoded.bin,pck_object_0053_part_000_choice_000_frame_044,pck_object_0053,pck_object_0053_part_000,pck_object_0053_part_000_choice_000,0x004968,2,2,5,0x0605,1541,1541,5,6,frame_plus_signed,0x004968,0x004F6D,yes,FF0000500617FB60FFA000E2FF7EFFA0,10,byte0_high_bit_set;plausible_frame_record_prefix
PHAPCK_TBL.decoded.bin,pck_object_0053_part_000_choice_000_frame_044,pck_object_0053,pck_object_0053_part_000,pck_object_0053_part_000_choice_000,0x004968,2,2,5,0x0605,1541,1541,5,6,payload_plus_signed,0x00496A,0x004F6F,yes,00500617FB60FFA000E2FF7EFFA000E2,0,in_range_no_structural_match
PHAPCK_TBL.decoded.bin,pck_object_0053_part_000_choice_000_frame_045,pck_object_0053,pck_object_0053_part_000,pck_object_0053_part_000_choice_000,0x004970,2,2,5,0x0905,2309,2309,5,9,direct_unsigned,0x000000,0x000905,yes,00430100000000000001001200000C1A,0,in_range_no_structural_match
PHAPCK_TBL.decoded.bin,pck_object_0053_part_000_choice_000_frame_045,pck_object_0053,pck_object_0053_part_000,pck_object_0053_part_000_choice_000,0x004970,2,2,5,0x0905,2309,2309,5,9,direct_signed,0x000000,0x000905,yes,00430100000000000001001200000C1A,0,in_range_no_structural_match
PHAPCK_TBL.decoded.bin,pck_object_0053_part_000_choice_000_frame_045,pck_object_0053,pck_object_0053_part_000,pck_object_0053_part_000_choice_000,0x004970,2,2,5,0x0905,2309,2309,5,9,object_plus_unsigned,0x004808,0x00510D,yes,030303030DF80002030405FF04030708,5,plausible_frame_record_prefix
PHAPCK_TBL.decoded.bin,pck_object_0053_part_000_choice_000_frame_045,pck_object_0053,pck_object_0053_part_000,pck_object_0053_part_000_choice_000,0x004970,2,2,5,0x0905,2309,2309,5,9,object_plus_signed,0x004808,0x00510D,yes,030303030DF80002030405FF04030708,5,plausible_frame_record_prefix
PHAPCK_TBL.decoded.bin,pck_object_0053_part_000_choice_000_frame_045,pck_object_0053,pck_object_0053_part_000,pck_object_0053_part_000_choice_000,0x004970,2,2,5,0x0905,2309,2309,5,9,block_plus_unsigned,0x004800,0x005105,yes,030303030CF30081030303030DF80002,5,plausible_frame_record_prefix
PHAPCK_TBL.decoded.bin,pck_object_0053_part_000_choice_000_frame_045,pck_object_0053,pck_object_0053_part_000,pck_object_0053_part_000_choice_000,0x004970,2,2,5,0x0905,2309,2309,5,9,block_plus_signed,0x004800,0x005105,yes,030303030CF30081030303030DF80002,5,plausible_frame_record_prefix
PHAPCK_TBL.decoded.bin,pck_object_0053_part_000_choice_000_frame_045,pck_object_0053,pck_object_0053_part_000,pck_object_0053_part_000_choice_000,0x004970,2,2,5,0x0905,2309,2309,5,9,part_plus_signed,0x004816,0x00511B,yes,0708FF02050A0BFF020B0703FF050408,0,in_range_no_structural_match
PHAPCK_TBL.decoded.bin,pck_object_0053_part_000_choice_000_frame_045,pck_object_0053,pck_object_0053_part_000,pck_object_0053_part_000_choice_000,0x004970,2,2,5,0x0905,2309,2309,5,9,frame_plus_signed,0x004970,0x005275,yes,05000B01000481000000000F33018100,5,plausible_frame_record_prefix
PHAPCK_TBL.decoded.bin,pck_object_0053_part_000_choice_000_frame_045,pck_object_0053,pck_object_0053_part_000,pck_object_0053_part_000_choice_000,0x004970,2,2,5,0x0905,2309,2309,5,9,payload_plus_signed,0x004972,0x005277,yes,0B01000481000000000F330181000000,5,plausible_frame_record_prefix
PHAPCK_TBL.decoded.bin,pck_object_0053_part_000_choice_000_frame_046,pck_object_0053,pck_object_0053_part_000,pck_object_0053_part_000_choice_000,0x004978,3,3,3,0x0C03,3075,3075,3,12,direct_unsigned,0x000000,0x000C03,yes,81030303030C42018102020505164701,40,exact_frame_record;byte0_high_bit_set;plausible_frame_record_prefix
PHAPCK_TBL.decoded.bin,pck_object_0053_part_000_choice_000_frame_046,pck_object_0053,pck_object_0053_part_000,pck_object_0053_part_000_choice_000,0x004978,3,3,3,0x0C03,3075,3075,3,12,direct_signed,0x000000,0x000C03,yes,81030303030C42018102020505164701,40,exact_frame_record;byte0_high_bit_set;plausible_frame_record_prefix
PHAPCK_TBL.decoded.bin,pck_object_0053_part_000_choice_000_frame_046,pck_object_0053,pck_object_0053_part_000,pck_object_0053_part_000_choice_000,0x004978,3,3,3,0x0C03,3075,3075,3,12,object_plus_unsigned,0x004808,0x00540B,yes,0000172C000100B6000E172C00010003,5,plausible_frame_record_prefix
PHAPCK_TBL.decoded.bin,pck_object_0053_part_000_choice_000_frame_046,pck_object_0053,pck_object_0053_part_000,pck_object_0053_part_000_choice_000,0x004978,3,3,3,0x0C03,3075,3075,3,12,object_plus_signed,0x004808,0x00540B,yes,0000172C000100B6000E172C00010003,5,plausible_frame_record_prefix
PHAPCK_TBL.decoded.bin,pck_object_0053_part_000_choice_000_frame_046,pck_object_0053,pck_object_0053_part_000,pck_object_0053_part_000_choice_000,0x004978,3,3,3,0x0C03,3075,3075,3,12,block_plus_unsigned,0x004800,0x005403,yes,000000000002001C0000172C000100B6,5,plausible_frame_record_prefix
PHAPCK_TBL.decoded.bin,pck_object_0053_part_000_choice_000_frame_046,pck_object_0053,pck_object_0053_part_000,pck_object_0053_part_000_choice_000,0x004978,3,3,3,0x0C03,3075,3075,3,12,block_plus_signed,0x004800,0x005403,yes,000000000002001C0000172C000100B6,5,plausible_frame_record_prefix
PHAPCK_TBL.decoded.bin,pck_object_0053_part_000_choice_000_frame_046,pck_object_0053,pck_object_0053_part_000,pck_object_0053_part_000_choice_000,0x004978,3,3,3,0x0C03,3075,3075,3,12,part_plus_signed,0x004816,0x005419,yes,000301E803000000000000D8076FFE82,5,plausible_frame_record_prefix
PHAPCK_TBL.decoded.bin,pck_object_0053_part_000_choice_000_frame_046,pck_object_0053,pck_object_0053_part_000,pck_object_0053_part_000_choice_000,0x004978,3,3,3,0x0C03,3075,3075,3,12,frame_plus_signed,0x004978,0x00557B,yes,00AA00DC0078000000D403FBF8820078,0,in_range_no_structural_match
PHAPCK_TBL.decoded.bin,pck_object_0053_part_000_choice_000_frame_046,pck_object_0053,pck_object_0053_part_000,pck_object_0053_part_000_choice_000,0x004978,3,3,3,0x0C03,3075,3075,3,12,payload_plus_signed,0x00497A,0x00557D,yes,00DC0078000000D403FBF8820078000A,0,in_range_no_structural_match
PHAPCK_TBL.decoded.bin,pck_object_0053_part_000_choice_000_frame_047,pck_object_0053,pck_object_0053_part_000,pck_object_0053_part_000_choice_000,0x004980,3,3,3,0x0D03,3331,3331,3,13,direct_unsigned,0x000000,0x000D03,yes,03030DFC0002030405FF07080403FF0A,35,exact_frame_record;plausible_frame_record_prefix
PHAPCK_TBL.decoded.bin,pck_object_0053_part_000_choice_000_frame_047,pck_object_0053,pck_object_0053_part_000,pck_object_0053_part_000_choice_000,0x004980,3,3,3,0x0D03,3331,3331,3,13,direct_signed,0x000000,0x000D03,yes,03030DFC0002030405FF07080403FF0A,35,exact_frame_record;plausible_frame_record_prefix
PHAPCK_TBL.decoded.bin,pck_object_0053_part_000_choice_000_frame_047,pck_object_0053,pck_object_0053_part_000,pck_object_0053_part_000_choice_000,0x004980,3,3,3,0x0D03,3331,3331,3,13,object_plus_unsigned,0x004808,0x00550B,yes,00123C01810000000014410181000000,0,in_range_no_structural_match
PHAPCK_TBL.decoded.bin,pck_object_0053_part_000_choice_000_frame_047,pck_object_0053,pck_object_0053_part_000,pck_object_0053_part_000_choice_000,0x004980,3,3,3,0x0D03,3331,3331,3,13,object_plus_signed,0x004808,0x00550B,yes,00123C01810000000014410181000000,0,in_range_no_structural_match
PHAPCK_TBL.decoded.bin,pck_object_0053_part_000_choice_000_frame_047,pck_object_0053,pck_object_0053_part_000,pck_object_0053_part_000_choice_000,0x004980,3,3,3,0x0D03,3331,3331,3,13,block_plus_unsigned,0x004800,0x005503,yes,000F37018100000000123C0181000000,0,in_range_no_structural_match
PHAPCK_TBL.decoded.bin,pck_object_0053_part_000_choice_000_frame_047,pck_object_0053,pck_object_0053_part_000,pck_object_0053_part_000_choice_000,0x004980,3,3,3,0x0D03,3331,3331,3,13,block_plus_signed,0x004800,0x005503,yes,000F37018100000000123C0181000000,0,in_range_no_structural_match
PHAPCK_TBL.decoded.bin,pck_object_0053_part_000_choice_000_frame_047,pck_object_0053,pck_object_0053_part_000,pck_object_0053_part_000_choice_000,0x004980,3,3,3,0x0D03,3331,3331,3,13,part_plus_signed,0x004816,0x005519,yes,0000000C46018100000000164B011011,5,plausible_frame_record_prefix
PHAPCK_TBL.decoded.bin,pck_object_0053_part_000_choice_000_frame_047,pck_object_0053,pck_object_0053_part_000,pck_object_0053_part_000_choice_000,0x004980,3,3,3,0x0D03,3331,3331,3,13,frame_plus_signed,0x004980,0x005683,yes,00870100000000000002001000001720,0,in_range_no_structural_match
PHAPCK_TBL.decoded.bin,pck_object_0053_part_000_choice_000_frame_047,pck_object_0053,pck_object_0053_part_000,pck_object_0053_part_000_choice_000,0x004980,3,3,3,0x0D03,3331,3331,3,13,payload_plus_signed,0x004982,0x005685,yes,01000000000000020010000017200001,5,plausible_frame_record_prefix
PHAPCK_TBL.decoded.bin,pck_object_0053_part_000_choice_000_frame_048,pck_object_0053,pck_object_0053_part_000,pck_object_0053_part_000_choice_000,0x004988,3,4,5,0x07FF,2047,2047,255,7,direct_unsigned,0x000000,0x0007FF,yes,000100040100000A000C018108810808,5,plausible_frame_record_prefix
PHAPCK_TBL.decoded.bin,pck_object_0053_part_000_choice_000_frame_048,pck_object_0053,pck_object_0053_part_000,pck_object_0053_part_000_choice_000,0x004988,3,4,5,0x07FF,2047,2047,255,7,direct_signed,0x000000,0x0007FF,yes,000100040100000A000C018108810808,5,plausible_frame_record_prefix
PHAPCK_TBL.decoded.bin,pck_object_0053_part_000_choice_000_frame_048,pck_object_0053,pck_object_0053_part_000,pck_object_0053_part_000_choice_000,0x004988,3,4,5,0x07FF,2047,2047,255,7,object_plus_unsigned,0x004808,0x005007,yes,810303030315390181030303030C3E01,10,byte0_high_bit_set;plausible_frame_record_prefix
PHAPCK_TBL.decoded.bin,pck_object_0053_part_000_choice_000_frame_048,pck_object_0053,pck_object_0053_part_000,pck_object_0053_part_000_choice_000,0x004988,3,4,5,0x07FF,2047,2047,255,7,object_plus_signed,0x004808,0x005007,yes,810303030315390181030303030C3E01,10,byte0_high_bit_set;plausible_frame_record_prefix
PHAPCK_TBL.decoded.bin,pck_object_0053_part_000_choice_000_frame_048,pck_object_0053,pck_object_0053_part_000,pck_object_0053_part_000_choice_000,0x004988,3,4,5,0x07FF,2047,2047,255,7,block_plus_unsigned,0x004800,0x004FFF,yes,81000000001234018103030303153901,10,byte0_high_bit_set;plausible_frame_record_prefix
PHAPCK_TBL.decoded.bin,pck_object_0053_part_000_choice_000_frame_048,pck_object_0053,pck_object_0053_part_000,pck_object_0053_part_000_choice_000,0x004988,3,4,5,0x07FF,2047,2047,255,7,block_plus_signed,0x004800,0x004FFF,yes,81000000001234018103030303153901,10,byte0_high_bit_set;plausible_frame_record_prefix
PHAPCK_TBL.decoded.bin,pck_object_0053_part_000_choice_000_frame_048,pck_object_0053,pck_object_0053_part_000,pck_object_0053_part_000_choice_000,0x004988,3,4,5,0x07FF,2047,2047,255,7,part_plus_signed,0x004816,0x005015,yes,3E01810202050516430108071011FF13,35,exact_frame_record;plausible_frame_record_prefix
PHAPCK_TBL.decoded.bin,pck_object_0053_part_000_choice_000_frame_048,pck_object_0053,pck_object_0053_part_000,pck_object_0053_part_000_choice_000,0x004988,3,4,5,0x07FF,2047,2047,255,7,frame_plus_signed,0x004988,0x005187,yes,00001728000100B2000E1728000100FF,5,plausible_frame_record_prefix
PHAPCK_TBL.decoded.bin,pck_object_0053_part_000_choice_000_frame_048,pck_object_0053,pck_object_0053_part_000,pck_object_0053_part_000_choice_000,0x004988,3,4,5,0x07FF,2047,2047,255,7,payload_plus_signed,0x00498A,0x005189,yes,1728000100B2000E1728000100FF00E8,0,in_range_no_structural_match
PHAPCK_TBL.decoded.bin,pck_object_0053_part_000_choice_000_frame_053,pck_object_0053,pck_object_0053_part_000,pck_object_0053_part_000_choice_000,0x0049B0,3,15,53,0x8101,33025,-32511,1,129,direct_unsigned,0x000000,0x008101,yes,FFA0003C001AFF000058FA58FA82003C,5,byte0_high_bit_set
PHAPCK_TBL.decoded.bin,pck_object_0053_part_000_choice_000_frame_053,pck_object_0053,pck_object_0053_part_000,pck_object_0053_part_000_choice_000,0x0049B0,3,15,53,0x8101,33025,-32511,1,129,direct_signed,0x000000,-0x007EFF,no,,0,outside_decoded_stream
PHAPCK_TBL.decoded.bin,pck_object_0053_part_000_choice_000_frame_053,pck_object_0053,pck_object_0053_part_000,pck_object_0053_part_000_choice_000,0x0049B0,3,15,53,0x8101,33025,-32511,1,129,object_plus_unsigned,0x004808,0x00C909,no,,0,outside_decoded_stream
PHAPCK_TBL.decoded.bin,pck_object_0053_part_000_choice_000_frame_053,pck_object_0053,pck_object_0053_part_000,pck_object_0053_part_000_choice_000,0x0049B0,3,15,53,0x8101,33025,-32511,1,129,object_plus_signed,0x004808,-0x0036F7,no,,0,outside_decoded_stream
PHAPCK_TBL.decoded.bin,pck_object_0053_part_000_choice_000_frame_053,pck_object_0053,pck_object_0053_part_000,pck_object_0053_part_000_choice_000,0x0049B0,3,15,53,0x8101,33025,-32511,1,129,block_plus_unsigned,0x004800,0x00C901,no,,0,outside_decoded_stream
PHAPCK_TBL.decoded.bin,pck_object_0053_part_000_choice_000_frame_053,pck_object_0053,pck_object_0053_part_000,pck_object_0053_part_000_choice_000,0x0049B0,3,15,53,0x8101,33025,-32511,1,129,block_plus_signed,0x004800,-0x0036FF,no,,0,outside_decoded_stream
PHAPCK_TBL.decoded.bin,pck_object_0053_part_000_choice_000_frame_053,pck_object_0053,pck_object_0053_part_000,pck_object_0053_part_000_choice_000,0x0049B0,3,15,53,0x8101,33025,-32511,1,129,part_plus_signed,0x004816,-0x0036E9,no,,0,outside_decoded_stream
PHAPCK_TBL.decoded.bin,pck_object_0053_part_000_choice_000_frame_053,pck_object_0053,pck_object_0053_part_000,pck_object_0053_part_000_choice_000,0x0049B0,3,15,53,0x8101,33025,-32511,1,129,frame_plus_signed,0x0049B0,-0x00354F,no,,0,outside_decoded_stream
PHAPCK_TBL.decoded.bin,pck_object_0053_part_000_choice_000_frame_053,pck_object_0053,pck_object_0053_part_000,pck_object_0053_part_000_choice_000,0x0049B0,3,15,53,0x8101,33025,-32511,1,129,payload_plus_signed,0x0049B2,-0x00354D,no,,0,outside_decoded_stream
PHAPCK_TBL.decoded.bin,pck_object_0053_part_000_choice_000_frame_055,pck_object_0053,pck_object_0053_part_000,pck_object_0053_part_000_choice_000,0x0049C0,3,21,63,0x8101,33025,-32511,1,129,direct_unsigned,0x000000,0x008101,yes,FFA0003C001AFF000058FA58FA82003C,5,byte0_high_bit_set
PHAPCK_TBL.decoded.bin,pck_object_0053_part_000_choice_000_frame_055,pck_object_0053,pck_object_0053_part_000,pck_object_0053_part_000_choice_000,0x0049C0,3,21,63,0x8101,33025,-32511,1,129,direct_signed,0x000000,-0x007EFF,no,,0,outside_decoded_stream
PHAPCK_TBL.decoded.bin,pck_object_0053_part_000_choice_000_frame_055,pck_object_0053,pck_object_0053_part_000,pck_object_0053_part_000_choice_000,0x0049C0,3,21,63,0x8101,33025,-32511,1,129,object_plus_unsigned,0x004808,0x00C909,no,,0,outside_decoded_stream
PHAPCK_TBL.decoded.bin,pck_object_0053_part_000_choice_000_frame_055,pck_object_0053,pck_object_0053_part_000,pck_object_0053_part_000_choice_000,0x0049C0,3,21,63,0x8101,33025,-32511,1,129,object_plus_signed,0x004808,-0x0036F7,no,,0,outside_decoded_stream
PHAPCK_TBL.decoded.bin,pck_object_0053_part_000_choice_000_frame_055,pck_object_0053,pck_object_0053_part_000,pck_object_0053_part_000_choice_000,0x0049C0,3,21,63,0x8101,33025,-32511,1,129,block_plus_unsigned,0x004800,0x00C901,no,,0,outside_decoded_stream
PHAPCK_TBL.decoded.bin,pck_object_0053_part_000_choice_000_frame_055,pck_object_0053,pck_object_0053_part_000,pck_object_0053_part_000_choice_000,0x0049C0,3,21,63,0x8101,33025,-32511,1,129,block_plus_signed,0x004800,-0x0036FF,no,,0,outside_decoded_stream
PHAPCK_TBL.decoded.bin,pck_object_0053_part_000_choice_000_frame_055,pck_object_0053,pck_object_0053_part_000,pck_object_0053_part_000_choice_000,0x0049C0,3,21,63,0x8101,33025,-32511,1,129,part_plus_signed,0x004816,-0x0036E9,no,,0,outside_decoded_stream
PHAPCK_TBL.decoded.bin,pck_object_0053_part_000_choice_000_frame_055,pck_object_0053,pck_object_0053_part_000,pck_object_0053_part_000_choice_000,0x0049C0,3,21,63,0x8101,33025,-32511,1,129,frame_plus_signed,0x0049C0,-0x00353F,no,,0,outside_decoded_stream
PHAPCK_TBL.decoded.bin,pck_object_0053_part_000_choice_000_frame_055,pck_object_0053,pck_object_0053_part_000,pck_object_0053_part_000_choice_000,0x0049C0,3,21,63,0x8101,33025,-32511,1,129,payload_plus_signed,0x0049C2,-0x00353D,no,,0,outside_decoded_stream
PHAPCK_TBL.decoded.bin,pck_object_0053_part_000_choice_000_frame_056,pck_object_0053,pck_object_0053_part_000,pck_object_0053_part_000_choice_000,0x0049C8,3,12,68,0x8101,33025,-32511,1,129,direct_unsigned,0x000000,0x008101,yes,FFA0003C001AFF000058FA58FA82003C,5,byte0_high_bit_set
PHAPCK_TBL.decoded.bin,pck_object_0053_part_000_choice_000_frame_056,pck_object_0053,pck_object_0053_part_000,pck_object_0053_part_000_choice_000,0x0049C8,3,12,68,0x8101,33025,-32511,1,129,direct_signed,0x000000,-0x007EFF,no,,0,outside_decoded_stream
PHAPCK_TBL.decoded.bin,pck_object_0053_part_000_choice_000_frame_056,pck_object_0053,pck_object_0053_part_000,pck_object_0053_part_000_choice_000,0x0049C8,3,12,68,0x8101,33025,-32511,1,129,object_plus_unsigned,0x004808,0x00C909,no,,0,outside_decoded_stream
PHAPCK_TBL.decoded.bin,pck_object_0053_part_000_choice_000_frame_056,pck_object_0053,pck_object_0053_part_000,pck_object_0053_part_000_choice_000,0x0049C8,3,12,68,0x8101,33025,-32511,1,129,object_plus_signed,0x004808,-0x0036F7,no,,0,outside_decoded_stream
PHAPCK_TBL.decoded.bin,pck_object_0053_part_000_choice_000_frame_056,pck_object_0053,pck_object_0053_part_000,pck_object_0053_part_000_choice_000,0x0049C8,3,12,68,0x8101,33025,-32511,1,129,block_plus_unsigned,0x004800,0x00C901,no,,0,outside_decoded_stream
PHAPCK_TBL.decoded.bin,pck_object_0053_part_000_choice_000_frame_056,pck_object_0053,pck_object_0053_part_000,pck_object_0053_part_000_choice_000,0x0049C8,3,12,68,0x8101,33025,-32511,1,129,block_plus_signed,0x004800,-0x0036FF,no,,0,outside_decoded_stream
PHAPCK_TBL.decoded.bin,pck_object_0053_part_000_choice_000_frame_056,pck_object_0053,pck_object_0053_part_000,pck_object_0053_part_000_choice_000,0x0049C8,3,12,68,0x8101,33025,-32511,1,129,part_plus_signed,0x004816,-0x0036E9,no,,0,outside_decoded_stream
PHAPCK_TBL.decoded.bin,pck_object_0053_part_000_choice_000_frame_056,pck_object_0053,pck_object_0053_part_000,pck_object_0053_part_000_choice_000,0x0049C8,3,12,68,0x8101,33025,-32511,1,129,frame_plus_signed,0x0049C8,-0x003537,no,,0,outside_decoded_stream
PHAPCK_TBL.decoded.bin,pck_object_0053_part_000_choice_000_frame_056,pck_object_0053,pck_object_0053_part_000,pck_object_0053_part_000_choice_000,0x0049C8,3,12,68,0x8101,33025,-32511,1,129,payload_plus_signed,0x0049CA,-0x003535,no,,0,outside_decoded_stream
PHAPCK_TBL.decoded.bin,pck_object_0053_part_000_choice_000_frame_076,pck_object_0053,pck_object_0053_part_000,pck_object_0053_part_000_choice_000,0x004A68,3,-72,-8,0xFF60,65376,-160,96,255,direct_unsigned,0x000000,0x00FF60,no,,0,outside_decoded_stream
PHAPCK_TBL.decoded.bin,pck_object_0053_part_000_choice_000_frame_076,pck_object_0053,pck_object_0053_part_000,pck_object_0053_part_000_choice_000,0x004A68,3,-72,-8,0xFF60,65376,-160,96,255,direct_signed,0x000000,-0x0000A0,no,,0,outside_decoded_stream
PHAPCK_TBL.decoded.bin,pck_object_0053_part_000_choice_000_frame_076,pck_object_0053,pck_object_0053_part_000,pck_object_0053_part_000_choice_000,0x004A68,3,-72,-8,0xFF60,65376,-160,96,255,object_plus_unsigned,0x004808,0x014768,no,,0,outside_decoded_stream
PHAPCK_TBL.decoded.bin,pck_object_0053_part_000_choice_000_frame_076,pck_object_0053,pck_object_0053_part_000,pck_object_0053_part_000_choice_000,0x004A68,3,-72,-8,0xFF60,65376,-160,96,255,object_plus_signed,0x004808,0x004768,yes,00000000000001001200000C1A000100,45,exact_frame_record;plausible_drawable_extents_at_plus6_plus8;plausible_frame_record_prefix
PHAPCK_TBL.decoded.bin,pck_object_0053_part_000_choice_000_frame_076,pck_object_0053,pck_object_0053_part_000,pck_object_0053_part_000_choice_000,0x004A68,3,-72,-8,0xFF60,65376,-160,96,255,block_plus_unsigned,0x004800,0x014760,no,,0,outside_decoded_stream
PHAPCK_TBL.decoded.bin,pck_object_0053_part_000_choice_000_frame_076,pck_object_0053,pck_object_0053_part_000,pck_object_0053_part_000_choice_000,0x004A68,3,-72,-8,0xFF60,65376,-160,96,255,block_plus_signed,0x004800,0x004760,yes,03020AFF800030010000000000000100,60,exact_frame_record;exact_block_offset;plausible_frame_record_prefix
PHAPCK_TBL.decoded.bin,pck_object_0053_part_000_choice_000_frame_076,pck_object_0053,pck_object_0053_part_000,pck_object_0053_part_000_choice_000,0x004A68,3,-72,-8,0xFF60,65376,-160,96,255,part_plus_signed,0x004816,0x004776,yes,010062000000C800D00764FA19058C02,5,plausible_frame_record_prefix
PHAPCK_TBL.decoded.bin,pck_object_0053_part_000_choice_000_frame_076,pck_object_0053,pck_object_0053_part_000,pck_object_0053_part_000_choice_000,0x004A68,3,-72,-8,0xFF60,65376,-160,96,255,frame_plus_signed,0x004A68,0x0049C8,yes,03030C44018102020505164901080710,35,exact_frame_record;plausible_frame_record_prefix
PHAPCK_TBL.decoded.bin,pck_object_0053_part_000_choice_000_frame_076,pck_object_0053,pck_object_0053_part_000,pck_object_0053_part_000_choice_000,0x004A68,3,-72,-8,0xFF60,65376,-160,96,255,payload_plus_signed,0x004A6A,0x0049CA,yes,0C4401810202050516490108071011FF,0,in_range_no_structural_match
PHAPCK_TBL.decoded.bin,pck_object_0053_part_000_choice_000_frame_091,pck_object_0053,pck_object_0053_part_000,pck_object_0053_part_000_choice_000,0x004AE0,2,-1,1,0x0700,1792,1792,0,7,direct_unsigned,0x000000,0x000700,yes,0302FF0A02050DFF80005D0100000000,30,exact_block_offset;plausible_frame_record_prefix
PHAPCK_TBL.decoded.bin,pck_object_0053_part_000_choice_000_frame_091,pck_object_0053,pck_object_0053_part_000,pck_object_0053_part_000_choice_000,0x004AE0,2,-1,1,0x0700,1792,1792,0,7,direct_signed,0x000000,0x000700,yes,0302FF0A02050DFF80005D0100000000,30,exact_block_offset;plausible_frame_record_prefix
PHAPCK_TBL.decoded.bin,pck_object_0053_part_000_choice_000_frame_091,pck_object_0053,pck_object_0053_part_000,pck_object_0053_part_000_choice_000,0x004AE0,2,-1,1,0x0700,1792,1792,0,7,object_plus_unsigned,0x004808,0x004F08,yes,0100AE000E1724000100FB0018FC0000,15,plausible_drawable_extents_at_plus6_plus8;plausible_frame_record_prefix
PHAPCK_TBL.decoded.bin,pck_object_0053_part_000_choice_000_frame_091,pck_object_0053,pck_object_0053_part_000,pck_object_0053_part_000_choice_000,0x004AE0,2,-1,1,0x0700,1792,1792,0,7,object_plus_signed,0x004808,0x004F08,yes,0100AE000E1724000100FB0018FC0000,15,plausible_drawable_extents_at_plus6_plus8;plausible_frame_record_prefix
PHAPCK_TBL.decoded.bin,pck_object_0053_part_000_choice_000_frame_091,pck_object_0053,pck_object_0053_part_000,pck_object_0053_part_000_choice_000,0x004AE0,2,-1,1,0x0700,1792,1792,0,7,block_plus_unsigned,0x004800,0x004F00,yes,02001400001724000100AE000E172400,15,plausible_drawable_extents_at_plus6_plus8;plausible_frame_record_prefix
PHAPCK_TBL.decoded.bin,pck_object_0053_part_000_choice_000_frame_091,pck_object_0053,pck_object_0053_part_000,pck_object_0053_part_000_choice_000,0x004AE0,2,-1,1,0x0700,1792,1792,0,7,block_plus_signed,0x004800,0x004F00,yes,02001400001724000100AE000E172400,15,plausible_drawable_extents_at_plus6_plus8;plausible_frame_record_prefix
PHAPCK_TBL.decoded.bin,pck_object_0053_part_000_choice_000_frame_091,pck_object_0053,pck_object_0053_part_000,pck_object_0053_part_000_choice_000,0x004AE0,2,-1,1,0x0700,1792,1792,0,7,part_plus_signed,0x004816,0x004F16,yes,0000000000002707930356FF2201C800,5,plausible_frame_record_prefix
PHAPCK_TBL.decoded.bin,pck_object_0053_part_000_choice_000_frame_091,pck_object_0053,pck_object_0053_part_000,pck_object_0053_part_000_choice_000,0x004AE0,2,-1,1,0x0700,1792,1792,0,7,frame_plus_signed,0x004AE0,0x0051E0,yes,00F800000000000800000000E8030000,0,in_range_no_structural_match
PHAPCK_TBL.decoded.bin,pck_object_0053_part_000_choice_000_frame_091,pck_object_0053,pck_object_0053_part_000,pck_object_0053_part_000_choice_000,0x004AE0,2,-1,1,0x0700,1792,1792,0,7,payload_plus_signed,0x004AE2,0x0051E2,yes,00000000000800000000E803000038FF,35,exact_frame_record;plausible_frame_record_prefix
PHAPCK_TBL.decoded.bin,pck_object_0053_part_000_choice_000_frame_093,pck_object_0053,pck_object_0053_part_000,pck_object_0053_part_000_choice_000,0x004AF0,3,3,3,0x370F,14095,14095,15,55,direct_unsigned,0x000000,0x00370F,yes,1C1A19FF1C08171AFF0100CC01000004,0,in_range_no_structural_match
PHAPCK_TBL.decoded.bin,pck_object_0053_part_000_choice_000_frame_093,pck_object_0053,pck_object_0053_part_000,pck_object_0053_part_000_choice_000,0x004AF0,3,3,3,0x370F,14095,14095,15,55,direct_signed,0x000000,0x00370F,yes,1C1A19FF1C08171AFF0100CC01000004,0,in_range_no_structural_match
PHAPCK_TBL.decoded.bin,pck_object_0053_part_000_choice_000_frame_093,pck_object_0053,pck_object_0053_part_000,pck_object_0053_part_000_choice_000,0x004AF0,3,3,3,0x370F,14095,14095,15,55,object_plus_unsigned,0x004808,0x007F17,yes,10110807FF130A0811FF0B0A1315FF07,0,in_range_no_structural_match
PHAPCK_TBL.decoded.bin,pck_object_0053_part_000_choice_000_frame_093,pck_object_0053,pck_object_0053_part_000,pck_object_0053_part_000_choice_000,0x004AF0,3,3,3,0x370F,14095,14095,15,55,object_plus_signed,0x004808,0x007F17,yes,10110807FF130A0811FF0B0A1315FF07,0,in_range_no_structural_match
PHAPCK_TBL.decoded.bin,pck_object_0053_part_000_choice_000_frame_093,pck_object_0053,pck_object_0053_part_000,pck_object_0053_part_000_choice_000,0x004AF0,3,3,3,0x370F,14095,14095,15,55,block_plus_unsigned,0x004800,0x007F0F,yes,8100000000164B0110110807FF130A08,10,byte0_high_bit_set;plausible_frame_record_prefix
PHAPCK_TBL.decoded.bin,pck_object_0053_part_000_choice_000_frame_093,pck_object_0053,pck_object_0053_part_000,pck_object_0053_part_000_choice_000,0x004AF0,3,3,3,0x370F,14095,14095,15,55,block_plus_signed,0x004800,0x007F0F,yes,8100000000164B0110110807FF130A08,10,byte0_high_bit_set;plausible_frame_record_prefix
PHAPCK_TBL.decoded.bin,pck_object_0053_part_000_choice_000_frame_093,pck_object_0053,pck_object_0053_part_000,pck_object_0053_part_000_choice_000,0x004AF0,3,3,3,0x370F,14095,14095,15,55,part_plus_signed,0x004816,0x007F25,yes,FF070B1510FF10151311FF8000070100,5,byte0_high_bit_set
PHAPCK_TBL.decoded.bin,pck_object_0053_part_000_choice_000_frame_093,pck_object_0053,pck_object_0053_part_000,pck_object_0053_part_000_choice_000,0x004AF0,3,3,3,0x370F,14095,14095,15,55,frame_plus_signed,0x004AF0,0x0081FF,yes,FFB0FFAA0006FFB0FF0000F9FB17F9AA,5,byte0_high_bit_set
PHAPCK_TBL.decoded.bin,pck_object_0053_part_000_choice_000_frame_093,pck_object_0053,pck_object_0053_part_000,pck_object_0053_part_000_choice_000,0x004AF0,3,3,3,0x370F,14095,14095,15,55,payload_plus_signed,0x004AF2,0x008201,yes,FFAA0006FFB0FF0000F9FB17F9AA00FC,5,byte0_high_bit_set
PHAPCK_TBL.decoded.bin,pck_object_0053_part_000_choice_000_frame_095,pck_object_0053,pck_object_0053_part_000,pck_object_0053_part_000_choice_000,0x004B00,3,3,3,0x4115,16661,16661,21,65,direct_unsigned,0x000000,0x004115,yes,00A80100000400B00102058103030303,0,in_range_no_structural_match
PHAPCK_TBL.decoded.bin,pck_object_0053_part_000_choice_000_frame_095,pck_object_0053,pck_object_0053_part_000,pck_object_0053_part_000_choice_000,0x004B00,3,3,3,0x4115,16661,16661,21,65,direct_signed,0x000000,0x004115,yes,00A80100000400B00102058103030303,0,in_range_no_structural_match
PHAPCK_TBL.decoded.bin,pck_object_0053_part_000_choice_000_frame_095,pck_object_0053,pck_object_0053_part_000,pck_object_0053_part_000_choice_000,0x004B00,3,3,3,0x4115,16661,16661,21,65,object_plus_unsigned,0x004808,0x00891D,yes,400181080800000B4401810000000014,5,plausible_frame_record_prefix
PHAPCK_TBL.decoded.bin,pck_object_0053_part_000_choice_000_frame_095,pck_object_0053,pck_object_0053_part_000,pck_object_0053_part_000_choice_000,0x004B00,3,3,3,0x4115,16661,16661,21,65,object_plus_signed,0x004808,0x00891D,yes,400181080800000B4401810000000014,5,plausible_frame_record_prefix
PHAPCK_TBL.decoded.bin,pck_object_0053_part_000_choice_000_frame_095,pck_object_0053,pck_object_0053_part_000,pck_object_0053_part_000_choice_000,0x004B00,3,3,3,0x4115,16661,16661,21,65,block_plus_unsigned,0x004800,0x008915,yes,3B0181080800000E400181080800000B,5,plausible_frame_record_prefix
PHAPCK_TBL.decoded.bin,pck_object_0053_part_000_choice_000_frame_095,pck_object_0053,pck_object_0053_part_000,pck_object_0053_part_000_choice_000,0x004B00,3,3,3,0x4115,16661,16661,21,65,block_plus_signed,0x004800,0x008915,yes,3B0181080800000E400181080800000B,5,plausible_frame_record_prefix
PHAPCK_TBL.decoded.bin,pck_object_0053_part_000_choice_000_frame_095,pck_object_0053,pck_object_0053_part_000,pck_object_0053_part_000_choice_000,0x004B00,3,3,3,0x4115,16661,16661,21,65,part_plus_signed,0x004816,0x00892B,yes,001448018100000000154D0181080800,0,in_range_no_structural_match
PHAPCK_TBL.decoded.bin,pck_object_0053_part_000_choice_000_frame_095,pck_object_0053,pck_object_0053_part_000,pck_object_0053_part_000_choice_000,0x004B00,3,3,3,0x4115,16661,16661,21,65,frame_plus_signed,0x004B00,0x008C15,yes,10FF0D0F100CFF12070CFF100813FF13,0,in_range_no_structural_match
PHAPCK_TBL.decoded.bin,pck_object_0053_part_000_choice_000_frame_095,pck_object_0053,pck_object_0053_part_000,pck_object_0053_part_000_choice_000,0x004B00,3,3,3,0x4115,16661,16661,21,65,payload_plus_signed,0x004B02,0x008C17,yes,0D0F100CFF12070CFF100813FF130807,0,in_range_no_structural_match
PHAPCK_TBL.decoded.bin,pck_object_0053_part_000_choice_000_frame_096,pck_object_0053,pck_object_0053_part_000,pck_object_0053_part_000_choice_000,0x004B08,3,3,3,0x460C,17932,17932,12,70,direct_unsigned,0x000000,0x00460C,yes,04FF0506FF0708FF0A0204FF03020AFF,0,in_range_no_structural_match
PHAPCK_TBL.decoded.bin,pck_object_0053_part_000_choice_000_frame_096,pck_object_0053,pck_object_0053_part_000,pck_object_0053_part_000_choice_000,0x004B08,3,3,3,0x460C,17932,17932,12,70,direct_signed,0x000000,0x00460C,yes,04FF0506FF0708FF0A0204FF03020AFF,0,in_range_no_structural_match
PHAPCK_TBL.decoded.bin,pck_object_0053_part_000_choice_000_frame_096,pck_object_0053,pck_object_0053_part_000,pck_object_0053_part_000_choice_000,0x004B08,3,3,3,0x460C,17932,17932,12,70,object_plus_unsigned,0x004808,0x008E14,yes,FFCAFE000000F8000028005A00CAFE5A,5,byte0_high_bit_set
PHAPCK_TBL.decoded.bin,pck_object_0053_part_000_choice_000_frame_096,pck_object_0053,pck_object_0053_part_000,pck_object_0053_part_000_choice_000,0x004B08,3,3,3,0x460C,17932,17932,12,70,object_plus_signed,0x004808,0x008E14,yes,FFCAFE000000F8000028005A00CAFE5A,5,byte0_high_bit_set
PHAPCK_TBL.decoded.bin,pck_object_0053_part_000_choice_000_frame_096,pck_object_0053,pck_object_0053_part_000,pck_object_0053_part_000_choice_000,0x004B08,3,3,3,0x460C,17932,17932,12,70,block_plus_unsigned,0x004800,0x008E0C,yes,00D8FF74FF5A00D8FFCAFE000000F800,0,in_range_no_structural_match
PHAPCK_TBL.decoded.bin,pck_object_0053_part_000_choice_000_frame_096,pck_object_0053,pck_object_0053_part_000,pck_object_0053_part_000_choice_000,0x004B08,3,3,3,0x460C,17932,17932,12,70,block_plus_signed,0x004800,0x008E0C,yes,00D8FF74FF5A00D8FFCAFE000000F800,0,in_range_no_structural_match
PHAPCK_TBL.decoded.bin,pck_object_0053_part_000_choice_000_frame_096,pck_object_0053,pck_object_0053_part_000,pck_object_0053_part_000_choice_000,0x004B08,3,3,3,0x460C,17932,17932,12,70,part_plus_signed,0x004816,0x008E22,yes,FE5A005A00CAFE00001D04DC06000000,35,exact_frame_record;byte0_high_bit_set
PHAPCK_TBL.decoded.bin,pck_object_0053_part_000_choice_000_frame_096,pck_object_0053,pck_object_0053_part_000,pck_object_0053_part_000_choice_000,0x004B08,3,3,3,0x460C,17932,17932,12,70,frame_plus_signed,0x004B08,0x009114,yes,00000E30018107070505013501810808,5,plausible_frame_record_prefix
PHAPCK_TBL.decoded.bin,pck_object_0053_part_000_choice_000_frame_096,pck_object_0053,pck_object_0053_part_000,pck_object_0053_part_000_choice_000,0x004B08,3,3,3,0x460C,17932,17932,12,70,payload_plus_signed,0x004B0A,0x009116,yes,0E300181070705050135018108080000,0,in_range_no_structural_match
PHAPCK_TBL.decoded.bin,pck_object_0053_part_000_choice_000_frame_097,pck_object_0053,pck_object_0053_part_000,pck_object_0053_part_000_choice_000,0x004B10,2,5,5,0x4B16,19222,19222,22,75,direct_unsigned,0x000000,0x004B16,yes,0108071011FF13111014FF0A13140BFF,0,in_range_no_structural_match
PHAPCK_TBL.decoded.bin,pck_object_0053_part_000_choice_000_frame_097,pck_object_0053,pck_object_0053_part_000,pck_object_0053_part_000_choice_000,0x004B10,2,5,5,0x4B16,19222,19222,22,75,direct_signed,0x000000,0x004B16,yes,0108071011FF13111014FF0A13140BFF,0,in_range_no_structural_match
PHAPCK_TBL.decoded.bin,pck_object_0053_part_000_choice_000_frame_097,pck_object_0053,pck_object_0053_part_000,pck_object_0053_part_000_choice_000,0x004B10,2,5,5,0x4B16,19222,19222,22,75,object_plus_unsigned,0x004808,0x00931E,yes,02FF01008401000004008C010F118108,0,in_range_no_structural_match
PHAPCK_TBL.decoded.bin,pck_object_0053_part_000_choice_000_frame_097,pck_object_0053,pck_object_0053_part_000,pck_object_0053_part_000_choice_000,0x004B10,2,5,5,0x4B16,19222,19222,22,75,object_plus_signed,0x004808,0x00931E,yes,02FF01008401000004008C010F118108,0,in_range_no_structural_match
PHAPCK_TBL.decoded.bin,pck_object_0053_part_000_choice_000_frame_097,pck_object_0053,pck_object_0053_part_000,pck_object_0053_part_000_choice_000,0x004B10,2,5,5,0x4B16,19222,19222,22,75,block_plus_unsigned,0x004800,0x009316,yes,FF0D0C110FFF080302FF010084010000,20,byte0_high_bit_set;plausible_object_header
PHAPCK_TBL.decoded.bin,pck_object_0053_part_000_choice_000_frame_097,pck_object_0053,pck_object_0053_part_000,pck_object_0053_part_000_choice_000,0x004B10,2,5,5,0x4B16,19222,19222,22,75,block_plus_signed,0x004800,0x009316,yes,FF0D0C110FFF080302FF010084010000,20,byte0_high_bit_set;plausible_object_header
PHAPCK_TBL.decoded.bin,pck_object_0053_part_000_choice_000_frame_097,pck_object_0053,pck_object_0053_part_000,pck_object_0053_part_000_choice_000,0x004B10,2,5,5,0x4B16,19222,19222,22,75,part_plus_signed,0x004816,0x00932C,yes,810808000016AC01810707050518B001,5,byte0_high_bit_set
PHAPCK_TBL.decoded.bin,pck_object_0053_part_000_choice_000_frame_097,pck_object_0053,pck_object_0053_part_000,pck_object_0053_part_000_choice_000,0x004B10,2,5,5,0x4B16,19222,19222,22,75,frame_plus_signed,0x004B10,0x009626,yes,2EFFCEFF000000F8000000009AF934FB,0,in_range_no_structural_match
PHAPCK_TBL.decoded.bin,pck_object_0053_part_000_choice_000_frame_097,pck_object_0053,pck_object_0053_part_000,pck_object_0053_part_000_choice_000,0x004B10,2,5,5,0x4B16,19222,19222,22,75,payload_plus_signed,0x004B12,0x009628,yes,CEFF000000F8000000009AF934FB9E04,5,byte0_high_bit_set
PHAPCK_TBL.decoded.bin,pck_object_0057_part_000_choice_000_frame_063,pck_object_0057,pck_object_0057_part_000,pck_object_0057_part_000_choice_000,0x004E6A,3,3,1,0x00E0,224,224,224,0,direct_unsigned,0x000000,0x0000E0,yes,0000B3040200C7040400DB040600EF04,5,plausible_frame_record_prefix
PHAPCK_TBL.decoded.bin,pck_object_0057_part_000_choice_000_frame_063,pck_object_0057,pck_object_0057_part_000,pck_object_0057_part_000_choice_000,0x004E6A,3,3,1,0x00E0,224,224,224,0,direct_signed,0x000000,0x0000E0,yes,0000B3040200C7040400DB040600EF04,5,plausible_frame_record_prefix
PHAPCK_TBL.decoded.bin,pck_object_0057_part_000_choice_000_frame_063,pck_object_0057,pck_object_0057_part_000,pck_object_0057_part_000_choice_000,0x004E6A,3,3,1,0x00E0,224,224,224,0,object_plus_unsigned,0x004C72,0x004D52,yes,FF07080403FF0A0B0205FF04080A05FF,35,exact_frame_record;byte0_high_bit_set
PHAPCK_TBL.decoded.bin,pck_object_0057_part_000_choice_000_frame_063,pck_object_0057,pck_object_0057_part_000,pck_object_0057_part_000_choice_000,0x004E6A,3,3,1,0x00E0,224,224,224,0,object_plus_signed,0x004C72,0x004D52,yes,FF07080403FF0A0B0205FF04080A05FF,35,exact_frame_record;byte0_high_bit_set
PHAPCK_TBL.decoded.bin,pck_object_0057_part_000_choice_000_frame_063,pck_object_0057,pck_object_0057_part_000,pck_object_0057_part_000_choice_000,0x004E6A,3,3,1,0x00E0,224,224,224,0,block_plus_unsigned,0x004C70,0x004D50,yes,0405FF07080403FF0A0B0205FF04080A,0,in_range_no_structural_match
PHAPCK_TBL.decoded.bin,pck_object_0057_part_000_choice_000_frame_063,pck_object_0057,pck_object_0057_part_000,pck_object_0057_part_000_choice_000,0x004E6A,3,3,1,0x00E0,224,224,224,0,block_plus_signed,0x004C70,0x004D50,yes,0405FF07080403FF0A0B0205FF04080A,0,in_range_no_structural_match
PHAPCK_TBL.decoded.bin,pck_object_0057_part_000_choice_000_frame_063,pck_object_0057,pck_object_0057_part_000,pck_object_0057_part_000_choice_000,0x004E6A,3,3,1,0x00E0,224,224,224,0,part_plus_signed,0x004C80,0x004D60,yes,05FF0B070302FF0100FB000000050003,0,in_range_no_structural_match
PHAPCK_TBL.decoded.bin,pck_object_0057_part_000_choice_000_frame_063,pck_object_0057,pck_object_0057_part_000,pck_object_0057_part_000_choice_000,0x004E6A,3,3,1,0x00E0,224,224,224,0,frame_plus_signed,0x004E6A,0x004F4A,yes,0000CFF910057EFFC8005A0056FFC800,35,exact_frame_record;plausible_frame_record_prefix
PHAPCK_TBL.decoded.bin,pck_object_0057_part_000_choice_000_frame_063,pck_object_0057,pck_object_0057_part_000,pck_object_0057_part_000_choice_000,0x004E6A,3,3,1,0x00E0,224,224,224,0,payload_plus_signed,0x004E6C,0x004F4C,yes,CFF910057EFFC8005A0056FFC8005A00,15,byte0_high_bit_set;plausible_drawable_extents_at_plus6_plus8
PHAPCK_TBL.decoded.bin,pck_object_0057_part_000_choice_000_frame_066,pck_object_0057,pck_object_0057_part_000,pck_object_0057_part_000_choice_000,0x004E82,3,3,12,0x00EF,239,239,239,0,direct_unsigned,0x000000,0x0000EF,yes,04080003050A0017050C002B050E003F,0,in_range_no_structural_match
PHAPCK_TBL.decoded.bin,pck_object_0057_part_000_choice_000_frame_066,pck_object_0057,pck_object_0057_part_000,pck_object_0057_part_000_choice_000,0x004E82,3,3,12,0x00EF,239,239,239,0,direct_signed,0x000000,0x0000EF,yes,04080003050A0017050C002B050E003F,0,in_range_no_structural_match
PHAPCK_TBL.decoded.bin,pck_object_0057_part_000_choice_000_frame_066,pck_object_0057,pck_object_0057_part_000,pck_object_0057_part_000_choice_000,0x004E82,3,3,12,0x00EF,239,239,239,0,object_plus_unsigned,0x004C72,0x004D61,yes,FF0B070302FF0100FB00000005000301,20,byte0_high_bit_set;plausible_object_header
PHAPCK_TBL.decoded.bin,pck_object_0057_part_000_choice_000_frame_066,pck_object_0057,pck_object_0057_part_000,pck_object_0057_part_000_choice_000,0x004E82,3,3,12,0x00EF,239,239,239,0,object_plus_signed,0x004C72,0x004D61,yes,FF0B070302FF0100FB00000005000301,20,byte0_high_bit_set;plausible_object_header
PHAPCK_TBL.decoded.bin,pck_object_0057_part_000_choice_000_frame_066,pck_object_0057,pck_object_0057_part_000,pck_object_0057_part_000_choice_000,0x004E82,3,3,12,0x00EF,239,239,239,0,block_plus_unsigned,0x004C70,0x004D5F,yes,0A05FF0B070302FF0100FB0000000500,0,in_range_no_structural_match
PHAPCK_TBL.decoded.bin,pck_object_0057_part_000_choice_000_frame_066,pck_object_0057,pck_object_0057_part_000,pck_object_0057_part_000_choice_000,0x004E82,3,3,12,0x00EF,239,239,239,0,block_plus_signed,0x004C70,0x004D5F,yes,0A05FF0B070302FF0100FB0000000500,0,in_range_no_structural_match
PHAPCK_TBL.decoded.bin,pck_object_0057_part_000_choice_000_frame_066,pck_object_0057,pck_object_0057_part_000,pck_object_0057_part_000_choice_000,0x004E82,3,3,12,0x00EF,239,239,239,0,part_plus_signed,0x004C80,0x004D6F,yes,0301000481030303030F2B0181000000,5,plausible_frame_record_prefix
PHAPCK_TBL.decoded.bin,pck_object_0057_part_000_choice_000_frame_066,pck_object_0057,pck_object_0057_part_000,pck_object_0057_part_000_choice_000,0x004E82,3,3,12,0x00EF,239,239,239,0,frame_plus_signed,0x004E82,0x004F71,yes,0617FB60FFA000E2FF7EFFA000E2FF00,0,in_range_no_structural_match
PHAPCK_TBL.decoded.bin,pck_object_0057_part_000_choice_000_frame_066,pck_object_0057,pck_object_0057_part_000,pck_object_0057_part_000_choice_000,0x004E82,3,3,12,0x00EF,239,239,239,0,payload_plus_signed,0x004E84,0x004F73,yes,FB60FFA000E2FF7EFFA000E2FF000058,5,byte0_high_bit_set
PHAPCK_TBL.decoded.bin,pck_object_0057_part_000_choice_000_frame_067,pck_object_0057,pck_object_0057_part_000,pck_object_0057_part_000_choice_000,0x004E8A,3,3,13,0x00F4,244,244,244,0,direct_unsigned,0x000000,0x0000F4,yes,0A0017050C002B050E003F0500005405,5,plausible_frame_record_prefix
PHAPCK_TBL.decoded.bin,pck_object_0057_part_000_choice_000_frame_067,pck_object_0057,pck_object_0057_part_000,pck_object_0057_part_000_choice_000,0x004E8A,3,3,13,0x00F4,244,244,244,0,direct_signed,0x000000,0x0000F4,yes,0A0017050C002B050E003F0500005405,5,plausible_frame_record_prefix
PHAPCK_TBL.decoded.bin,pck_object_0057_part_000_choice_000_frame_067,pck_object_0057,pck_object_0057_part_000,pck_object_0057_part_000_choice_000,0x004E8A,3,3,13,0x00F4,244,244,244,0,object_plus_unsigned,0x004C72,0x004D66,yes,FF0100FB000000050003010004810303,25,byte0_high_bit_set;plausible_object_header;plausible_frame_record_prefix
PHAPCK_TBL.decoded.bin,pck_object_0057_part_000_choice_000_frame_067,pck_object_0057,pck_object_0057_part_000,pck_object_0057_part_000_choice_000,0x004E8A,3,3,13,0x00F4,244,244,244,0,object_plus_signed,0x004C72,0x004D66,yes,FF0100FB000000050003010004810303,25,byte0_high_bit_set;plausible_object_header;plausible_frame_record_prefix
PHAPCK_TBL.decoded.bin,pck_object_0057_part_000_choice_000_frame_067,pck_object_0057,pck_object_0057_part_000,pck_object_0057_part_000_choice_000,0x004E8A,3,3,13,0x00F4,244,244,244,0,block_plus_unsigned,0x004C70,0x004D64,yes,0302FF0100FB00000005000301000481,5,plausible_frame_record_prefix
PHAPCK_TBL.decoded.bin,pck_object_0057_part_000_choice_000_frame_067,pck_object_0057,pck_object_0057_part_000,pck_object_0057_part_000_choice_000,0x004E8A,3,3,13,0x00F4,244,244,244,0,block_plus_signed,0x004C70,0x004D64,yes,0302FF0100FB00000005000301000481,5,plausible_frame_record_prefix
PHAPCK_TBL.decoded.bin,pck_object_0057_part_000_choice_000_frame_067,pck_object_0057,pck_object_0057_part_000,pck_object_0057_part_000_choice_000,0x004E8A,3,3,13,0x00F4,244,244,244,0,part_plus_signed,0x004C80,0x004D74,yes,030303030F2B01810000000012300181,5,plausible_frame_record_prefix
PHAPCK_TBL.decoded.bin,pck_object_0057_part_000_choice_000_frame_067,pck_object_0057,pck_object_0057_part_000,pck_object_0057_part_000_choice_000,0x004E8A,3,3,13,0x00F4,244,244,244,0,frame_plus_signed,0x004E8A,0x004F7E,yes,E2FF000058FA58FA7EFF8C00F6FF60FF,5,byte0_high_bit_set
PHAPCK_TBL.decoded.bin,pck_object_0057_part_000_choice_000_frame_067,pck_object_0057,pck_object_0057_part_000,pck_object_0057_part_000_choice_000,0x004E8A,3,3,13,0x00F4,244,244,244,0,payload_plus_signed,0x004E8C,0x004F80,yes,000058FA58FA7EFF8C00F6FF60FF8C00,5,plausible_frame_record_prefix
PHAPCK_TBL.decoded.bin,pck_object_0057_part_000_choice_000_frame_103,pck_object_0057,pck_object_0057_part_000,pck_object_0057_part_000_choice_000,0x004FAA,3,3,3,0x0103,259,259,3,1,direct_unsigned,0x000000,0x000103,yes,050200680504007C050D0091050600A7,5,plausible_frame_record_prefix
PHAPCK_TBL.decoded.bin,pck_object_0057_part_000_choice_000_frame_103,pck_object_0057,pck_object_0057_part_000,pck_object_0057_part_000_choice_000,0x004FAA,3,3,3,0x0103,259,259,3,1,direct_signed,0x000000,0x000103,yes,050200680504007C050D0091050600A7,5,plausible_frame_record_prefix
PHAPCK_TBL.decoded.bin,pck_object_0057_part_000_choice_000_frame_103,pck_object_0057,pck_object_0057_part_000,pck_object_0057_part_000_choice_000,0x004FAA,3,3,3,0x0103,259,259,3,1,object_plus_unsigned,0x004C72,0x004D75,yes,0303030F2B0181000000001230018103,5,plausible_frame_record_prefix
PHAPCK_TBL.decoded.bin,pck_object_0057_part_000_choice_000_frame_103,pck_object_0057,pck_object_0057_part_000,pck_object_0057_part_000_choice_000,0x004FAA,3,3,3,0x0103,259,259,3,1,object_plus_signed,0x004C72,0x004D75,yes,0303030F2B0181000000001230018103,5,plausible_frame_record_prefix
PHAPCK_TBL.decoded.bin,pck_object_0057_part_000_choice_000_frame_103,pck_object_0057,pck_object_0057_part_000,pck_object_0057_part_000_choice_000,0x004FAA,3,3,3,0x0103,259,259,3,1,block_plus_unsigned,0x004C70,0x004D73,yes,81030303030F2B018100000000123001,35,byte0_high_bit_set;plausible_object_header;plausible_drawable_extents_at_plus6_plus8;plausible_frame_record_prefix
PHAPCK_TBL.decoded.bin,pck_object_0057_part_000_choice_000_frame_103,pck_object_0057,pck_object_0057_part_000,pck_object_0057_part_000_choice_000,0x004FAA,3,3,3,0x0103,259,259,3,1,block_plus_signed,0x004C70,0x004D73,yes,81030303030F2B018100000000123001,35,byte0_high_bit_set;plausible_object_header;plausible_drawable_extents_at_plus6_plus8;plausible_frame_record_prefix
PHAPCK_TBL.decoded.bin,pck_object_0057_part_000_choice_000_frame_103,pck_object_0057,pck_object_0057_part_000,pck_object_0057_part_000_choice_000,0x004FAA,3,3,3,0x0103,259,259,3,1,part_plus_signed,0x004C80,0x004D83,yes,810303030315350181030303030C3A01,10,byte0_high_bit_set;plausible_frame_record_prefix
PHAPCK_TBL.decoded.bin,pck_object_0057_part_000_choice_000_frame_103,pck_object_0057,pck_object_0057_part_000,pck_object_0057_part_000_choice_000,0x004FAA,3,3,3,0x0103,259,259,3,1,frame_plus_signed,0x004FAA,0x0050AD,yes,0038FF000017074DFC82009CFF7EFFA0,0,in_range_no_structural_match
PHAPCK_TBL.decoded.bin,pck_object_0057_part_000_choice_000_frame_103,pck_object_0057,pck_object_0057_part_000,pck_object_0057_part_000_choice_000,0x004FAA,3,3,3,0x0103,259,259,3,1,payload_plus_signed,0x004FAC,0x0050AF,yes,FF000017074DFC82009CFF7EFFA0009C,10,byte0_high_bit_set;plausible_frame_record_prefix
PHAPCK_TBL.decoded.bin,pck_object_0057_part_000_choice_000_frame_104,pck_object_0057,pck_object_0057_part_000,pck_object_0057_part_000_choice_000,0x004FB2,2,2,5,0x0605,1541,1541,5,6,direct_unsigned,0x000000,0x000605,yes,92FF00F8000000002800D8FFCAFE2800,5,byte0_high_bit_set
PHAPCK_TBL.decoded.bin,pck_object_0057_part_000_choice_000_frame_104,pck_object_0057,pck_object_0057_part_000,pck_object_0057_part_000_choice_000,0x004FB2,2,2,5,0x0605,1541,1541,5,6,direct_signed,0x000000,0x000605,yes,92FF00F8000000002800D8FFCAFE2800,5,byte0_high_bit_set
PHAPCK_TBL.decoded.bin,pck_object_0057_part_000_choice_000_frame_104,pck_object_0057,pck_object_0057_part_000,pck_object_0057_part_000_choice_000,0x004FB2,2,2,5,0x0605,1541,1541,5,6,object_plus_unsigned,0x004C72,0x005277,yes,0B01000481000000000F330181000000,5,plausible_frame_record_prefix
PHAPCK_TBL.decoded.bin,pck_object_0057_part_000_choice_000_frame_104,pck_object_0057,pck_object_0057_part_000,pck_object_0057_part_000_choice_000,0x004FB2,2,2,5,0x0605,1541,1541,5,6,object_plus_signed,0x004C72,0x005277,yes,0B01000481000000000F330181000000,5,plausible_frame_record_prefix
PHAPCK_TBL.decoded.bin,pck_object_0057_part_000_choice_000_frame_104,pck_object_0057,pck_object_0057_part_000,pck_object_0057_part_000_choice_000,0x004FB2,2,2,5,0x0605,1541,1541,5,6,block_plus_unsigned,0x004C70,0x005275,yes,05000B01000481000000000F33018100,5,plausible_frame_record_prefix
PHAPCK_TBL.decoded.bin,pck_object_0057_part_000_choice_000_frame_104,pck_object_0057,pck_object_0057_part_000,pck_object_0057_part_000_choice_000,0x004FB2,2,2,5,0x0605,1541,1541,5,6,block_plus_signed,0x004C70,0x005275,yes,05000B01000481000000000F33018100,5,plausible_frame_record_prefix
PHAPCK_TBL.decoded.bin,pck_object_0057_part_000_choice_000_frame_104,pck_object_0057,pck_object_0057_part_000,pck_object_0057_part_000_choice_000,0x004FB2,2,2,5,0x0605,1541,1541,5,6,part_plus_signed,0x004C80,0x005285,yes,0000001238018100000000143D018100,5,plausible_frame_record_prefix
PHAPCK_TBL.decoded.bin,pck_object_0057_part_000_choice_000_frame_104,pck_object_0057,pck_object_0057_part_000,pck_object_0057_part_000_choice_000,0x004FB2,2,2,5,0x0605,1541,1541,5,6,frame_plus_signed,0x004FB2,0x0055B7,yes,FF00002E05E8F98200B0FF60FFA000B0,10,byte0_high_bit_set;plausible_frame_record_prefix
PHAPCK_TBL.decoded.bin,pck_object_0057_part_000_choice_000_frame_104,pck_object_0057,pck_object_0057_part_000,pck_object_0057_part_000_choice_000,0x004FB2,2,2,5,0x0605,1541,1541,5,6,payload_plus_signed,0x004FB4,0x0055B9,yes,002E05E8F98200B0FF60FFA000B0FF60,0,in_range_no_structural_match
PHAPCK_TBL.decoded.bin,pck_object_0057_part_000_choice_000_frame_105,pck_object_0057,pck_object_0057_part_000,pck_object_0057_part_000_choice_000,0x004FBA,2,2,5,0x0905,2309,2309,5,9,direct_unsigned,0x000000,0x000905,yes,00430100000000000001001200000C1A,0,in_range_no_structural_match
PHAPCK_TBL.decoded.bin,pck_object_0057_part_000_choice_000_frame_105,pck_object_0057,pck_object_0057_part_000,pck_object_0057_part_000_choice_000,0x004FBA,2,2,5,0x0905,2309,2309,5,9,direct_signed,0x000000,0x000905,yes,00430100000000000001001200000C1A,0,in_range_no_structural_match
PHAPCK_TBL.decoded.bin,pck_object_0057_part_000_choice_000_frame_105,pck_object_0057,pck_object_0057_part_000,pck_object_0057_part_000_choice_000,0x004FBA,2,2,5,0x0905,2309,2309,5,9,object_plus_unsigned,0x004C72,0x005577,yes,00E6004600AA00DC0078000000D403FB,0,in_range_no_structural_match
PHAPCK_TBL.decoded.bin,pck_object_0057_part_000_choice_000_frame_105,pck_object_0057,pck_object_0057_part_000,pck_object_0057_part_000_choice_000,0x004FBA,2,2,5,0x0905,2309,2309,5,9,object_plus_signed,0x004C72,0x005577,yes,00E6004600AA00DC0078000000D403FB,0,in_range_no_structural_match
PHAPCK_TBL.decoded.bin,pck_object_0057_part_000_choice_000_frame_105,pck_object_0057,pck_object_0057_part_000,pck_object_0057_part_000_choice_000,0x004FBA,2,2,5,0x0905,2309,2309,5,9,block_plus_unsigned,0x004C70,0x005575,yes,00AA00E6004600AA00DC0078000000D4,0,in_range_no_structural_match
PHAPCK_TBL.decoded.bin,pck_object_0057_part_000_choice_000_frame_105,pck_object_0057,pck_object_0057_part_000,pck_object_0057_part_000_choice_000,0x004FBA,2,2,5,0x0905,2309,2309,5,9,block_plus_signed,0x004C70,0x005575,yes,00AA00E6004600AA00DC0078000000D4,0,in_range_no_structural_match
PHAPCK_TBL.decoded.bin,pck_object_0057_part_000_choice_000_frame_105,pck_object_0057,pck_object_0057_part_000,pck_object_0057_part_000_choice_000,0x004FBA,2,2,5,0x0905,2309,2309,5,9,part_plus_signed,0x004C80,0x005585,yes,03FBF8820078000A00AA0078000A0000,0,in_range_no_structural_match
PHAPCK_TBL.decoded.bin,pck_object_0057_part_000_choice_000_frame_105,pck_object_0057,pck_object_0057_part_000,pck_object_0057_part_000_choice_000,0x004FBA,2,2,5,0x0905,2309,2309,5,9,frame_plus_signed,0x004FBA,0x0058BF,yes,0303030316490181030303030E4E0181,5,plausible_frame_record_prefix
PHAPCK_TBL.decoded.bin,pck_object_0057_part_000_choice_000_frame_105,pck_object_0057,pck_object_0057_part_000,pck_object_0057_part_000_choice_000,0x004FBA,2,2,5,0x0905,2309,2309,5,9,payload_plus_signed,0x004FBC,0x0058C1,yes,030316490181030303030E4E01810202,5,plausible_frame_record_prefix
PHAPCK_TBL.decoded.bin,pck_object_0057_part_000_choice_000_frame_106,pck_object_0057,pck_object_0057_part_000,pck_object_0057_part_000_choice_000,0x004FC2,3,3,3,0x0C03,3075,3075,3,12,direct_unsigned,0x000000,0x000C03,yes,81030303030C42018102020505164701,40,exact_frame_record;byte0_high_bit_set;plausible_frame_record_prefix
PHAPCK_TBL.decoded.bin,pck_object_0057_part_000_choice_000_frame_106,pck_object_0057,pck_object_0057_part_000,pck_object_0057_part_000_choice_000,0x004FC2,3,3,3,0x0C03,3075,3075,3,12,direct_signed,0x000000,0x000C03,yes,81030303030C42018102020505164701,40,exact_frame_record;byte0_high_bit_set;plausible_frame_record_prefix
PHAPCK_TBL.decoded.bin,pck_object_0057_part_000_choice_000_frame_106,pck_object_0057,pck_object_0057_part_000,pck_object_0057_part_000_choice_000,0x004FC2,3,3,3,0x0C03,3075,3075,3,12,object_plus_unsigned,0x004C72,0x005875,yes,008103010301011E0181020205050623,0,in_range_no_structural_match
PHAPCK_TBL.decoded.bin,pck_object_0057_part_000_choice_000_frame_106,pck_object_0057,pck_object_0057_part_000,pck_object_0057_part_000_choice_000,0x004FC2,3,3,3,0x0C03,3075,3075,3,12,object_plus_signed,0x004C72,0x005875,yes,008103010301011E0181020205050623,0,in_range_no_structural_match
PHAPCK_TBL.decoded.bin,pck_object_0057_part_000_choice_000_frame_106,pck_object_0057,pck_object_0057_part_000,pck_object_0057_part_000_choice_000,0x004FC2,3,3,3,0x0C03,3075,3075,3,12,block_plus_unsigned,0x004C70,0x005873,yes,00B6008103010301011E018102020505,0,in_range_no_structural_match
PHAPCK_TBL.decoded.bin,pck_object_0057_part_000_choice_000_frame_106,pck_object_0057,pck_object_0057_part_000,pck_object_0057_part_000_choice_000,0x004FC2,3,3,3,0x0C03,3075,3075,3,12,block_plus_signed,0x004C70,0x005873,yes,00B6008103010301011E018102020505,0,in_range_no_structural_match
PHAPCK_TBL.decoded.bin,pck_object_0057_part_000_choice_000_frame_106,pck_object_0057,pck_object_0057_part_000,pck_object_0057_part_000_choice_000,0x004FC2,3,3,3,0x0C03,3075,3075,3,12,part_plus_signed,0x004C80,0x005883,yes,06230181000000000B28018100000000,0,in_range_no_structural_match
PHAPCK_TBL.decoded.bin,pck_object_0057_part_000_choice_000_frame_106,pck_object_0057,pck_object_0057_part_000,pck_object_0057_part_000_choice_000,0x004FC2,3,3,3,0x0C03,3075,3075,3,12,frame_plus_signed,0x004FC2,0x005BC5,yes,0A05040DFF0403100DFF80004F010000,0,in_range_no_structural_match
PHAPCK_TBL.decoded.bin,pck_object_0057_part_000_choice_000_frame_106,pck_object_0057,pck_object_0057_part_000,pck_object_0057_part_000_choice_000,0x004FC2,3,3,3,0x0C03,3075,3075,3,12,payload_plus_signed,0x004FC4,0x005BC7,yes,040DFF0403100DFF80004F0100000000,0,in_range_no_structural_match
PHAPCK_TBL.decoded.bin,pck_object_0057_part_000_choice_000_frame_107,pck_object_0057,pck_object_0057_part_000,pck_object_0057_part_000_choice_000,0x004FCA,3,3,3,0x0D03,3331,3331,3,13,direct_unsigned,0x000000,0x000D03,yes,03030DFC0002030405FF07080403FF0A,35,exact_frame_record;plausible_frame_record_prefix
PHAPCK_TBL.decoded.bin,pck_object_0057_part_000_choice_000_frame_107,pck_object_0057,pck_object_0057_part_000,pck_object_0057_part_000_choice_000,0x004FCA,3,3,3,0x0D03,3331,3331,3,13,direct_signed,0x000000,0x000D03,yes,03030DFC0002030405FF07080403FF0A,35,exact_frame_record;plausible_frame_record_prefix
PHAPCK_TBL.decoded.bin,pck_object_0057_part_000_choice_000_frame_107,pck_object_0057,pck_object_0057_part_000,pck_object_0057_part_000_choice_000,0x004FCA,3,3,3,0x0D03,3331,3331,3,13,object_plus_unsigned,0x004C72,0x005975,yes,00F800000000A6FFD8FFCAFEA6FF2800,0,in_range_no_structural_match
PHAPCK_TBL.decoded.bin,pck_object_0057_part_000_choice_000_frame_107,pck_object_0057,pck_object_0057_part_000,pck_object_0057_part_000_choice_000,0x004FCA,3,3,3,0x0D03,3331,3331,3,13,object_plus_signed,0x004C72,0x005975,yes,00F800000000A6FFD8FFCAFEA6FF2800,0,in_range_no_structural_match
PHAPCK_TBL.decoded.bin,pck_object_0057_part_000_choice_000_frame_107,pck_object_0057,pck_object_0057_part_000,pck_object_0057_part_000_choice_000,0x004FCA,3,3,3,0x0D03,3331,3331,3,13,block_plus_unsigned,0x004C70,0x005973,yes,88FF00F800000000A6FFD8FFCAFEA6FF,5,byte0_high_bit_set
PHAPCK_TBL.decoded.bin,pck_object_0057_part_000_choice_000_frame_107,pck_object_0057,pck_object_0057_part_000,pck_object_0057_part_000_choice_000,0x004FCA,3,3,3,0x0D03,3331,3331,3,13,block_plus_signed,0x004C70,0x005973,yes,88FF00F800000000A6FFD8FFCAFEA6FF,5,byte0_high_bit_set
PHAPCK_TBL.decoded.bin,pck_object_0057_part_000_choice_000_frame_107,pck_object_0057,pck_object_0057_part_000,pck_object_0057_part_000_choice_000,0x004FCA,3,3,3,0x0D03,3331,3331,3,13,part_plus_signed,0x004C80,0x005983,yes,280088FF000800000000D8FFD8FFCAFE,5,plausible_frame_record_prefix
PHAPCK_TBL.decoded.bin,pck_object_0057_part_000_choice_000_frame_107,pck_object_0057,pck_object_0057_part_000,pck_object_0057_part_000_choice_000,0x004FCA,3,3,3,0x0D03,3331,3331,3,13,frame_plus_signed,0x004FCA,0x005CCD,yes,0316540181030303030E590181020205,0,in_range_no_structural_match
PHAPCK_TBL.decoded.bin,pck_object_0057_part_000_choice_000_frame_107,pck_object_0057,pck_object_0057_part_000,pck_object_0057_part_000_choice_000,0x004FCA,3,3,3,0x0D03,3331,3331,3,13,payload_plus_signed,0x004FCC,0x005CCF,yes,540181030303030E590181020205050B,5,plausible_frame_record_prefix
PHAPCK_TBL.decoded.bin,pck_object_0057_part_000_choice_000_frame_108,pck_object_0057,pck_object_0057_part_000,pck_object_0057_part_000_choice_000,0x004FD2,3,4,5,0x07FF,2047,2047,255,7,direct_unsigned,0x000000,0x0007FF,yes,000100040100000A000C018108810808,5,plausible_frame_record_prefix
PHAPCK_TBL.decoded.bin,pck_object_0057_part_000_choice_000_frame_108,pck_object_0057,pck_object_0057_part_000,pck_object_0057_part_000_choice_000,0x004FD2,3,4,5,0x07FF,2047,2047,255,7,direct_signed,0x000000,0x0007FF,yes,000100040100000A000C018108810808,5,plausible_frame_record_prefix
PHAPCK_TBL.decoded.bin,pck_object_0057_part_000_choice_000_frame_108,pck_object_0057,pck_object_0057_part_000,pck_object_0057_part_000_choice_000,0x004FD2,3,4,5,0x07FF,2047,2047,255,7,object_plus_unsigned,0x004C72,0x005471,yes,03000038FF0000B303E9F882006AFFBA,5,plausible_frame_record_prefix
PHAPCK_TBL.decoded.bin,pck_object_0057_part_000_choice_000_frame_108,pck_object_0057,pck_object_0057_part_000,pck_object_0057_part_000_choice_000,0x004FD2,3,4,5,0x07FF,2047,2047,255,7,object_plus_signed,0x004C72,0x005471,yes,03000038FF0000B303E9F882006AFFBA,5,plausible_frame_record_prefix
PHAPCK_TBL.decoded.bin,pck_object_0057_part_000_choice_000_frame_108,pck_object_0057,pck_object_0057_part_000,pck_object_0057_part_000_choice_000,0x004FD2,3,4,5,0x07FF,2047,2047,255,7,block_plus_unsigned,0x004C70,0x00546F,yes,00E803000038FF0000B303E9F882006A,0,in_range_no_structural_match
PHAPCK_TBL.decoded.bin,pck_object_0057_part_000_choice_000_frame_108,pck_object_0057,pck_object_0057_part_000,pck_object_0057_part_000_choice_000,0x004FD2,3,4,5,0x07FF,2047,2047,255,7,block_plus_signed,0x004C70,0x00546F,yes,00E803000038FF0000B303E9F882006A,0,in_range_no_structural_match
PHAPCK_TBL.decoded.bin,pck_object_0057_part_000_choice_000_frame_108,pck_object_0057,pck_object_0057_part_000,pck_object_0057_part_000_choice_000,0x004FD2,3,4,5,0x07FF,2047,2047,255,7,part_plus_signed,0x004C80,0x00547F,yes,FFBAFFA0006AFFBAFFFE07ABFF0000A0,5,byte0_high_bit_set
PHAPCK_TBL.decoded.bin,pck_object_0057_part_000_choice_000_frame_108,pck_object_0057,pck_object_0057_part_000,pck_object_0057_part_000_choice_000,0x004FD2,3,4,5,0x07FF,2047,2047,255,7,frame_plus_signed,0x004FD2,0x0057D1,yes,0000181A000100AA000CFE640018FC00,5,plausible_frame_record_prefix
PHAPCK_TBL.decoded.bin,pck_object_0057_part_000_choice_000_frame_108,pck_object_0057,pck_object_0057_part_000,pck_object_0057_part_000_choice_000,0x004FD2,3,4,5,0x07FF,2047,2047,255,7,payload_plus_signed,0x004FD4,0x0057D3,yes,181A000100AA000CFE640018FC000000,0,in_range_no_structural_match
PHAPCK_TBL.decoded.bin,pck_object_0057_part_000_choice_000_frame_113,pck_object_0057,pck_object_0057_part_000,pck_object_0057_part_000_choice_000,0x004FFA,3,15,47,0x8101,33025,-32511,1,129,direct_unsigned,0x000000,0x008101,yes,FFA0003C001AFF000058FA58FA82003C,5,byte0_high_bit_set
PHAPCK_TBL.decoded.bin,pck_object_0057_part_000_choice_000_frame_113,pck_object_0057,pck_object_0057_part_000,pck_object_0057_part_000_choice_000,0x004FFA,3,15,47,0x8101,33025,-32511,1,129,direct_signed,0x000000,-0x007EFF,no,,0,outside_decoded_stream
PHAPCK_TBL.decoded.bin,pck_object_0057_part_000_choice_000_frame_113,pck_object_0057,pck_object_0057_part_000,pck_object_0057_part_000_choice_000,0x004FFA,3,15,47,0x8101,33025,-32511,1,129,object_plus_unsigned,0x004C72,0x00CD73,no,,0,outside_decoded_stream
PHAPCK_TBL.decoded.bin,pck_object_0057_part_000_choice_000_frame_113,pck_object_0057,pck_object_0057_part_000,pck_object_0057_part_000_choice_000,0x004FFA,3,15,47,0x8101,33025,-32511,1,129,object_plus_signed,0x004C72,-0x00328D,no,,0,outside_decoded_stream
PHAPCK_TBL.decoded.bin,pck_object_0057_part_000_choice_000_frame_113,pck_object_0057,pck_object_0057_part_000,pck_object_0057_part_000_choice_000,0x004FFA,3,15,47,0x8101,33025,-32511,1,129,block_plus_unsigned,0x004C70,0x00CD71,no,,0,outside_decoded_stream
PHAPCK_TBL.decoded.bin,pck_object_0057_part_000_choice_000_frame_113,pck_object_0057,pck_object_0057_part_000,pck_object_0057_part_000_choice_000,0x004FFA,3,15,47,0x8101,33025,-32511,1,129,block_plus_signed,0x004C70,-0x00328F,no,,0,outside_decoded_stream
PHAPCK_TBL.decoded.bin,pck_object_0057_part_000_choice_000_frame_113,pck_object_0057,pck_object_0057_part_000,pck_object_0057_part_000_choice_000,0x004FFA,3,15,47,0x8101,33025,-32511,1,129,part_plus_signed,0x004C80,-0x00327F,no,,0,outside_decoded_stream
PHAPCK_TBL.decoded.bin,pck_object_0057_part_000_choice_000_frame_113,pck_object_0057,pck_object_0057_part_000,pck_object_0057_part_000_choice_000,0x004FFA,3,15,47,0x8101,33025,-32511,1,129,frame_plus_signed,0x004FFA,-0x002F05,no,,0,outside_decoded_stream
PHAPCK_TBL.decoded.bin,pck_object_0057_part_000_choice_000_frame_113,pck_object_0057,pck_object_0057_part_000,pck_object_0057_part_000_choice_000,0x004FFA,3,15,47,0x8101,33025,-32511,1,129,payload_plus_signed,0x004FFC,-0x002F03,no,,0,outside_decoded_stream
PHAPCK_TBL.decoded.bin,pck_object_0057_part_000_choice_000_frame_115,pck_object_0057,pck_object_0057_part_000,pck_object_0057_part_000_choice_000,0x00500A,3,21,57,0x8101,33025,-32511,1,129,direct_unsigned,0x000000,0x008101,yes,FFA0003C001AFF000058FA58FA82003C,5,byte0_high_bit_set
PHAPCK_TBL.decoded.bin,pck_object_0057_part_000_choice_000_frame_115,pck_object_0057,pck_object_0057_part_000,pck_object_0057_part_000_choice_000,0x00500A,3,21,57,0x8101,33025,-32511,1,129,direct_signed,0x000000,-0x007EFF,no,,0,outside_decoded_stream
PHAPCK_TBL.decoded.bin,pck_object_0057_part_000_choice_000_frame_115,pck_object_0057,pck_object_0057_part_000,pck_object_0057_part_000_choice_000,0x00500A,3,21,57,0x8101,33025,-32511,1,129,object_plus_unsigned,0x004C72,0x00CD73,no,,0,outside_decoded_stream
PHAPCK_TBL.decoded.bin,pck_object_0057_part_000_choice_000_frame_115,pck_object_0057,pck_object_0057_part_000,pck_object_0057_part_000_choice_000,0x00500A,3,21,57,0x8101,33025,-32511,1,129,object_plus_signed,0x004C72,-0x00328D,no,,0,outside_decoded_stream
PHAPCK_TBL.decoded.bin,pck_object_0057_part_000_choice_000_frame_115,pck_object_0057,pck_object_0057_part_000,pck_object_0057_part_000_choice_000,0x00500A,3,21,57,0x8101,33025,-32511,1,129,block_plus_unsigned,0x004C70,0x00CD71,no,,0,outside_decoded_stream
PHAPCK_TBL.decoded.bin,pck_object_0057_part_000_choice_000_frame_115,pck_object_0057,pck_object_0057_part_000,pck_object_0057_part_000_choice_000,0x00500A,3,21,57,0x8101,33025,-32511,1,129,block_plus_signed,0x004C70,-0x00328F,no,,0,outside_decoded_stream
PHAPCK_TBL.decoded.bin,pck_object_0057_part_000_choice_000_frame_115,pck_object_0057,pck_object_0057_part_000,pck_object_0057_part_000_choice_000,0x00500A,3,21,57,0x8101,33025,-32511,1,129,part_plus_signed,0x004C80,-0x00327F,no,,0,outside_decoded_stream
PHAPCK_TBL.decoded.bin,pck_object_0057_part_000_choice_000_frame_115,pck_object_0057,pck_object_0057_part_000,pck_object_0057_part_000_choice_000,0x00500A,3,21,57,0x8101,33025,-32511,1,129,frame_plus_signed,0x00500A,-0x002EF5,no,,0,outside_decoded_stream
PHAPCK_TBL.decoded.bin,pck_object_0057_part_000_choice_000_frame_115,pck_object_0057,pck_object_0057_part_000,pck_object_0057_part_000_choice_000,0x00500A,3,21,57,0x8101,33025,-32511,1,129,payload_plus_signed,0x00500C,-0x002EF3,no,,0,outside_decoded_stream
PHAPCK_TBL.decoded.bin,pck_object_0057_part_000_choice_000_frame_116,pck_object_0057,pck_object_0057_part_000,pck_object_0057_part_000_choice_000,0x005012,3,12,62,0x8101,33025,-32511,1,129,direct_unsigned,0x000000,0x008101,yes,FFA0003C001AFF000058FA58FA82003C,5,byte0_high_bit_set
PHAPCK_TBL.decoded.bin,pck_object_0057_part_000_choice_000_frame_116,pck_object_0057,pck_object_0057_part_000,pck_object_0057_part_000_choice_000,0x005012,3,12,62,0x8101,33025,-32511,1,129,direct_signed,0x000000,-0x007EFF,no,,0,outside_decoded_stream
PHAPCK_TBL.decoded.bin,pck_object_0057_part_000_choice_000_frame_116,pck_object_0057,pck_object_0057_part_000,pck_object_0057_part_000_choice_000,0x005012,3,12,62,0x8101,33025,-32511,1,129,object_plus_unsigned,0x004C72,0x00CD73,no,,0,outside_decoded_stream
PHAPCK_TBL.decoded.bin,pck_object_0057_part_000_choice_000_frame_116,pck_object_0057,pck_object_0057_part_000,pck_object_0057_part_000_choice_000,0x005012,3,12,62,0x8101,33025,-32511,1,129,object_plus_signed,0x004C72,-0x00328D,no,,0,outside_decoded_stream
PHAPCK_TBL.decoded.bin,pck_object_0057_part_000_choice_000_frame_116,pck_object_0057,pck_object_0057_part_000,pck_object_0057_part_000_choice_000,0x005012,3,12,62,0x8101,33025,-32511,1,129,block_plus_unsigned,0x004C70,0x00CD71,no,,0,outside_decoded_stream
PHAPCK_TBL.decoded.bin,pck_object_0057_part_000_choice_000_frame_116,pck_object_0057,pck_object_0057_part_000,pck_object_0057_part_000_choice_000,0x005012,3,12,62,0x8101,33025,-32511,1,129,block_plus_signed,0x004C70,-0x00328F,no,,0,outside_decoded_stream
PHAPCK_TBL.decoded.bin,pck_object_0057_part_000_choice_000_frame_116,pck_object_0057,pck_object_0057_part_000,pck_object_0057_part_000_choice_000,0x005012,3,12,62,0x8101,33025,-32511,1,129,part_plus_signed,0x004C80,-0x00327F,no,,0,outside_decoded_stream
PHAPCK_TBL.decoded.bin,pck_object_0057_part_000_choice_000_frame_116,pck_object_0057,pck_object_0057_part_000,pck_object_0057_part_000_choice_000,0x005012,3,12,62,0x8101,33025,-32511,1,129,frame_plus_signed,0x005012,-0x002EED,no,,0,outside_decoded_stream
PHAPCK_TBL.decoded.bin,pck_object_0057_part_000_choice_000_frame_116,pck_object_0057,pck_object_0057_part_000,pck_object_0057_part_000_choice_000,0x005012,3,12,62,0x8101,33025,-32511,1,129,payload_plus_signed,0x005014,-0x002EEB,no,,0,outside_decoded_stream
PHAPCK_TBL.decoded.bin,pck_object_0057_part_000_choice_000_frame_135,pck_object_0057,pck_object_0057_part_000,pck_object_0057_part_000_choice_000,0x0050AA,3,0,0,0xFF38,65336,-200,56,255,direct_unsigned,0x000000,0x00FF38,no,,0,outside_decoded_stream
PHAPCK_TBL.decoded.bin,pck_object_0057_part_000_choice_000_frame_135,pck_object_0057,pck_object_0057_part_000,pck_object_0057_part_000_choice_000,0x0050AA,3,0,0,0xFF38,65336,-200,56,255,direct_signed,0x000000,-0x0000C8,no,,0,outside_decoded_stream
PHAPCK_TBL.decoded.bin,pck_object_0057_part_000_choice_000_frame_135,pck_object_0057,pck_object_0057_part_000,pck_object_0057_part_000_choice_000,0x0050AA,3,0,0,0xFF38,65336,-200,56,255,object_plus_unsigned,0x004C72,0x014BAA,no,,0,outside_decoded_stream
PHAPCK_TBL.decoded.bin,pck_object_0057_part_000_choice_000_frame_135,pck_object_0057,pck_object_0057_part_000,pck_object_0057_part_000_choice_000,0x0050AA,3,0,0,0xFF38,65336,-200,56,255,object_plus_signed,0x004C72,0x004BAA,yes,000000F860FFC4FF8C007EFFC4FF8C00,5,plausible_frame_record_prefix
PHAPCK_TBL.decoded.bin,pck_object_0057_part_000_choice_000_frame_135,pck_object_0057,pck_object_0057_part_000,pck_object_0057_part_000_choice_000,0x0050AA,3,0,0,0xFF38,65336,-200,56,255,block_plus_unsigned,0x004C70,0x014BA8,no,,0,outside_decoded_stream
PHAPCK_TBL.decoded.bin,pck_object_0057_part_000_choice_000_frame_135,pck_object_0057,pck_object_0057_part_000,pck_object_0057_part_000_choice_000,0x0050AA,3,0,0,0xFF38,65336,-200,56,255,block_plus_signed,0x004C70,0x004BA8,yes,0000000000F860FFC4FF8C007EFFC4FF,5,plausible_frame_record_prefix
PHAPCK_TBL.decoded.bin,pck_object_0057_part_000_choice_000_frame_135,pck_object_0057,pck_object_0057_part_000,pck_object_0057_part_000_choice_000,0x0050AA,3,0,0,0xFF38,65336,-200,56,255,part_plus_signed,0x004C80,0x004BB8,yes,8C00000000F800007EFFC4FFAA0060FF,10,byte0_high_bit_set;plausible_frame_record_prefix
PHAPCK_TBL.decoded.bin,pck_object_0057_part_000_choice_000_frame_135,pck_object_0057,pck_object_0057_part_000,pck_object_0057_part_000_choice_000,0x0050AA,3,0,0,0xFF38,65336,-200,56,255,frame_plus_signed,0x0050AA,0x004FE2,yes,080A05FF0B070302FF0100FF00000005,30,exact_frame_record
PHAPCK_TBL.decoded.bin,pck_object_0057_part_000_choice_000_frame_135,pck_object_0057,pck_object_0057_part_000,pck_object_0057_part_000_choice_000,0x0050AA,3,0,0,0xFF38,65336,-200,56,255,payload_plus_signed,0x0050AC,0x004FE4,yes,05FF0B070302FF0100FF000000050007,0,in_range_no_structural_match
PHAPCK_TBL.decoded.bin,pck_object_0057_part_000_choice_000_frame_140,pck_object_0057,pck_object_0057_part_000,pck_object_0057_part_000_choice_000,0x0050D2,3,-126,0,0xFF7E,65406,-130,126,255,direct_unsigned,0x000000,0x00FF7E,no,,0,outside_decoded_stream
PHAPCK_TBL.decoded.bin,pck_object_0057_part_000_choice_000_frame_140,pck_object_0057,pck_object_0057_part_000,pck_object_0057_part_000_choice_000,0x0050D2,3,-126,0,0xFF7E,65406,-130,126,255,direct_signed,0x000000,-0x000082,no,,0,outside_decoded_stream
PHAPCK_TBL.decoded.bin,pck_object_0057_part_000_choice_000_frame_140,pck_object_0057,pck_object_0057_part_000,pck_object_0057_part_000_choice_000,0x0050D2,3,-126,0,0xFF7E,65406,-130,126,255,object_plus_unsigned,0x004C72,0x014BF0,no,,0,outside_decoded_stream
PHAPCK_TBL.decoded.bin,pck_object_0057_part_000_choice_000_frame_140,pck_object_0057,pck_object_0057_part_000,pck_object_0057_part_000_choice_000,0x0050D2,3,-126,0,0xFF7E,65406,-130,126,255,object_plus_signed,0x004C72,0x004BF0,yes,0506E100810202050509E60081030303,0,in_range_no_structural_match
PHAPCK_TBL.decoded.bin,pck_object_0057_part_000_choice_000_frame_140,pck_object_0057,pck_object_0057_part_000,pck_object_0057_part_000_choice_000,0x0050D2,3,-126,0,0xFF7E,65406,-130,126,255,block_plus_unsigned,0x004C70,0x014BEE,no,,0,outside_decoded_stream
PHAPCK_TBL.decoded.bin,pck_object_0057_part_000_choice_000_frame_140,pck_object_0057,pck_object_0057_part_000,pck_object_0057_part_000_choice_000,0x0050D2,3,-126,0,0xFF7E,65406,-130,126,255,block_plus_signed,0x004C70,0x004BEE,yes,02050506E100810202050509E6008103,0,in_range_no_structural_match
PHAPCK_TBL.decoded.bin,pck_object_0057_part_000_choice_000_frame_140,pck_object_0057,pck_object_0057_part_000,pck_object_0057_part_000_choice_000,0x0050D2,3,-126,0,0xFF7E,65406,-130,126,255,part_plus_signed,0x004C80,0x004BFE,yes,0303030CEB0081030303030DF0000203,5,plausible_frame_record_prefix
PHAPCK_TBL.decoded.bin,pck_object_0057_part_000_choice_000_frame_140,pck_object_0057,pck_object_0057_part_000,pck_object_0057_part_000_choice_000,0x0050D2,3,-126,0,0xFF7E,65406,-130,126,255,frame_plus_signed,0x0050D2,0x005050,yes,26000100FD00E803000000000000DC06,5,plausible_frame_record_prefix
PHAPCK_TBL.decoded.bin,pck_object_0057_part_000_choice_000_frame_140,pck_object_0057,pck_object_0057_part_000,pck_object_0057_part_000_choice_000,0x0050D2,3,-126,0,0xFF7E,65406,-130,126,255,payload_plus_signed,0x0050D4,0x005052,yes,0100FD00E803000000000000DC061D04,35,exact_frame_record;plausible_frame_record_prefix
PHAPCK_TBL.decoded.bin,pck_object_0057_part_000_choice_000_frame_150,pck_object_0057,pck_object_0057_part_000,pck_object_0057_part_000_choice_000,0x005122,2,11,7,0xFF03,65283,-253,3,255,direct_unsigned,0x000000,0x00FF03,no,,0,outside_decoded_stream
PHAPCK_TBL.decoded.bin,pck_object_0057_part_000_choice_000_frame_150,pck_object_0057,pck_object_0057_part_000,pck_object_0057_part_000_choice_000,0x005122,2,11,7,0xFF03,65283,-253,3,255,direct_signed,0x000000,-0x0000FD,no,,0,outside_decoded_stream
PHAPCK_TBL.decoded.bin,pck_object_0057_part_000_choice_000_frame_150,pck_object_0057,pck_object_0057_part_000,pck_object_0057_part_000_choice_000,0x005122,2,11,7,0xFF03,65283,-253,3,255,object_plus_unsigned,0x004C72,0x014B75,no,,0,outside_decoded_stream
PHAPCK_TBL.decoded.bin,pck_object_0057_part_000_choice_000_frame_150,pck_object_0057,pck_object_0057_part_000,pck_object_0057_part_000_choice_000,0x005122,2,11,7,0xFF03,65283,-253,3,255,object_plus_signed,0x004C72,0x004B75,yes,FD7CF856FF3C008C007EFF3C008C0000,5,byte0_high_bit_set
PHAPCK_TBL.decoded.bin,pck_object_0057_part_000_choice_000_frame_150,pck_object_0057,pck_object_0057_part_000,pck_object_0057_part_000_choice_000,0x005122,2,11,7,0xFF03,65283,-253,3,255,block_plus_unsigned,0x004C70,0x014B73,no,,0,outside_decoded_stream
PHAPCK_TBL.decoded.bin,pck_object_0057_part_000_choice_000_frame_150,pck_object_0057,pck_object_0057_part_000,pck_object_0057_part_000_choice_000,0x005122,2,11,7,0xFF03,65283,-253,3,255,block_plus_signed,0x004C70,0x004B73,yes,0045FD7CF856FF3C008C007EFF3C008C,0,in_range_no_structural_match
PHAPCK_TBL.decoded.bin,pck_object_0057_part_000_choice_000_frame_150,pck_object_0057,pck_object_0057_part_000,pck_object_0057_part_000_choice_000,0x005122,2,11,7,0xFF03,65283,-253,3,255,part_plus_signed,0x004C80,0x004B83,yes,0000003202B1077EFF3C00B40056FF3C,5,plausible_frame_record_prefix
PHAPCK_TBL.decoded.bin,pck_object_0057_part_000_choice_000_frame_150,pck_object_0057,pck_object_0057_part_000,pck_object_0057_part_000_choice_000,0x005122,2,11,7,0xFF03,65283,-253,3,255,frame_plus_signed,0x005122,0x005025,yes,111014FF0A13140BFF11130A08FF1410,0,in_range_no_structural_match
PHAPCK_TBL.decoded.bin,pck_object_0057_part_000_choice_000_frame_150,pck_object_0057,pck_object_0057_part_000,pck_object_0057_part_000_choice_000,0x005122,2,11,7,0xFF03,65283,-253,3,255,payload_plus_signed,0x005124,0x005027,yes,14FF0A13140BFF11130A08FF1410070B,0,in_range_no_structural_match
PHAPCK_TBL.decoded.bin,pck_object_0057_part_001_choice_000_frame_063,pck_object_0057,pck_object_0057_part_001,pck_object_0057_part_001_choice_000,0x004E6A,3,3,1,0x00E0,224,224,224,0,direct_unsigned,0x000000,0x0000E0,yes,0000B3040200C7040400DB040600EF04,5,plausible_frame_record_prefix
PHAPCK_TBL.decoded.bin,pck_object_0057_part_001_choice_000_frame_063,pck_object_0057,pck_object_0057_part_001,pck_object_0057_part_001_choice_000,0x004E6A,3,3,1,0x00E0,224,224,224,0,direct_signed,0x000000,0x0000E0,yes,0000B3040200C7040400DB040600EF04,5,plausible_frame_record_prefix
PHAPCK_TBL.decoded.bin,pck_object_0057_part_001_choice_000_frame_063,pck_object_0057,pck_object_0057_part_001,pck_object_0057_part_001_choice_000,0x004E6A,3,3,1,0x00E0,224,224,224,0,object_plus_unsigned,0x004C72,0x004D52,yes,FF07080403FF0A0B0205FF04080A05FF,35,exact_frame_record;byte0_high_bit_set
PHAPCK_TBL.decoded.bin,pck_object_0057_part_001_choice_000_frame_063,pck_object_0057,pck_object_0057_part_001,pck_object_0057_part_001_choice_000,0x004E6A,3,3,1,0x00E0,224,224,224,0,object_plus_signed,0x004C72,0x004D52,yes,FF07080403FF0A0B0205FF04080A05FF,35,exact_frame_record;byte0_high_bit_set
PHAPCK_TBL.decoded.bin,pck_object_0057_part_001_choice_000_frame_063,pck_object_0057,pck_object_0057_part_001,pck_object_0057_part_001_choice_000,0x004E6A,3,3,1,0x00E0,224,224,224,0,block_plus_unsigned,0x004C70,0x004D50,yes,0405FF07080403FF0A0B0205FF04080A,0,in_range_no_structural_match
PHAPCK_TBL.decoded.bin,pck_object_0057_part_001_choice_000_frame_063,pck_object_0057,pck_object_0057_part_001,pck_object_0057_part_001_choice_000,0x004E6A,3,3,1,0x00E0,224,224,224,0,block_plus_signed,0x004C70,0x004D50,yes,0405FF07080403FF0A0B0205FF04080A,0,in_range_no_structural_match
PHAPCK_TBL.decoded.bin,pck_object_0057_part_001_choice_000_frame_063,pck_object_0057,pck_object_0057_part_001,pck_object_0057_part_001_choice_000,0x004E6A,3,3,1,0x00E0,224,224,224,0,part_plus_signed,0x004C88,0x004D68,yes,00FB0000000500030100048103030303,0,in_range_no_structural_match
PHAPCK_TBL.decoded.bin,pck_object_0057_part_001_choice_000_frame_063,pck_object_0057,pck_object_0057_part_001,pck_object_0057_part_001_choice_000,0x004E6A,3,3,1,0x00E0,224,224,224,0,frame_plus_signed,0x004E6A,0x004F4A,yes,0000CFF910057EFFC8005A0056FFC800,35,exact_frame_record;plausible_frame_record_prefix
PHAPCK_TBL.decoded.bin,pck_object_0057_part_001_choice_000_frame_063,pck_object_0057,pck_object_0057_part_001,pck_object_0057_part_001_choice_000,0x004E6A,3,3,1,0x00E0,224,224,224,0,payload_plus_signed,0x004E6C,0x004F4C,yes,CFF910057EFFC8005A0056FFC8005A00,15,byte0_high_bit_set;plausible_drawable_extents_at_plus6_plus8
PHAPCK_TBL.decoded.bin,pck_object_0057_part_001_choice_000_frame_066,pck_object_0057,pck_object_0057_part_001,pck_object_0057_part_001_choice_000,0x004E82,3,3,12,0x00EF,239,239,239,0,direct_unsigned,0x000000,0x0000EF,yes,04080003050A0017050C002B050E003F,0,in_range_no_structural_match
PHAPCK_TBL.decoded.bin,pck_object_0057_part_001_choice_000_frame_066,pck_object_0057,pck_object_0057_part_001,pck_object_0057_part_001_choice_000,0x004E82,3,3,12,0x00EF,239,239,239,0,direct_signed,0x000000,0x0000EF,yes,04080003050A0017050C002B050E003F,0,in_range_no_structural_match
PHAPCK_TBL.decoded.bin,pck_object_0057_part_001_choice_000_frame_066,pck_object_0057,pck_object_0057_part_001,pck_object_0057_part_001_choice_000,0x004E82,3,3,12,0x00EF,239,239,239,0,object_plus_unsigned,0x004C72,0x004D61,yes,FF0B070302FF0100FB00000005000301,20,byte0_high_bit_set;plausible_object_header
PHAPCK_TBL.decoded.bin,pck_object_0057_part_001_choice_000_frame_066,pck_object_0057,pck_object_0057_part_001,pck_object_0057_part_001_choice_000,0x004E82,3,3,12,0x00EF,239,239,239,0,object_plus_signed,0x004C72,0x004D61,yes,FF0B070302FF0100FB00000005000301,20,byte0_high_bit_set;plausible_object_header
PHAPCK_TBL.decoded.bin,pck_object_0057_part_001_choice_000_frame_066,pck_object_0057,pck_object_0057_part_001,pck_object_0057_part_001_choice_000,0x004E82,3,3,12,0x00EF,239,239,239,0,block_plus_unsigned,0x004C70,0x004D5F,yes,0A05FF0B070302FF0100FB0000000500,0,in_range_no_structural_match
PHAPCK_TBL.decoded.bin,pck_object_0057_part_001_choice_000_frame_066,pck_object_0057,pck_object_0057_part_001,pck_object_0057_part_001_choice_000,0x004E82,3,3,12,0x00EF,239,239,239,0,block_plus_signed,0x004C70,0x004D5F,yes,0A05FF0B070302FF0100FB0000000500,0,in_range_no_structural_match
PHAPCK_TBL.decoded.bin,pck_object_0057_part_001_choice_000_frame_066,pck_object_0057,pck_object_0057_part_001,pck_object_0057_part_001_choice_000,0x004E82,3,3,12,0x00EF,239,239,239,0,part_plus_signed,0x004C88,0x004D77,yes,030F2B01810000000012300181030303,0,in_range_no_structural_match
PHAPCK_TBL.decoded.bin,pck_object_0057_part_001_choice_000_frame_066,pck_object_0057,pck_object_0057_part_001,pck_object_0057_part_001_choice_000,0x004E82,3,3,12,0x00EF,239,239,239,0,frame_plus_signed,0x004E82,0x004F71,yes,0617FB60FFA000E2FF7EFFA000E2FF00,0,in_range_no_structural_match
PHAPCK_TBL.decoded.bin,pck_object_0057_part_001_choice_000_frame_066,pck_object_0057,pck_object_0057_part_001,pck_object_0057_part_001_choice_000,0x004E82,3,3,12,0x00EF,239,239,239,0,payload_plus_signed,0x004E84,0x004F73,yes,FB60FFA000E2FF7EFFA000E2FF000058,5,byte0_high_bit_set
PHAPCK_TBL.decoded.bin,pck_object_0057_part_001_choice_000_frame_067,pck_object_0057,pck_object_0057_part_001,pck_object_0057_part_001_choice_000,0x004E8A,3,3,13,0x00F4,244,244,244,0,direct_unsigned,0x000000,0x0000F4,yes,0A0017050C002B050E003F0500005405,5,plausible_frame_record_prefix
PHAPCK_TBL.decoded.bin,pck_object_0057_part_001_choice_000_frame_067,pck_object_0057,pck_object_0057_part_001,pck_object_0057_part_001_choice_000,0x004E8A,3,3,13,0x00F4,244,244,244,0,direct_signed,0x000000,0x0000F4,yes,0A0017050C002B050E003F0500005405,5,plausible_frame_record_prefix
PHAPCK_TBL.decoded.bin,pck_object_0057_part_001_choice_000_frame_067,pck_object_0057,pck_object_0057_part_001,pck_object_0057_part_001_choice_000,0x004E8A,3,3,13,0x00F4,244,244,244,0,object_plus_unsigned,0x004C72,0x004D66,yes,FF0100FB000000050003010004810303,25,byte0_high_bit_set;plausible_object_header;plausible_frame_record_prefix
PHAPCK_TBL.decoded.bin,pck_object_0057_part_001_choice_000_frame_067,pck_object_0057,pck_object_0057_part_001,pck_object_0057_part_001_choice_000,0x004E8A,3,3,13,0x00F4,244,244,244,0,object_plus_signed,0x004C72,0x004D66,yes,FF0100FB000000050003010004810303,25,byte0_high_bit_set;plausible_object_header;plausible_frame_record_prefix
PHAPCK_TBL.decoded.bin,pck_object_0057_part_001_choice_000_frame_067,pck_object_0057,pck_object_0057_part_001,pck_object_0057_part_001_choice_000,0x004E8A,3,3,13,0x00F4,244,244,244,0,block_plus_unsigned,0x004C70,0x004D64,yes,0302FF0100FB00000005000301000481,5,plausible_frame_record_prefix
PHAPCK_TBL.decoded.bin,pck_object_0057_part_001_choice_000_frame_067,pck_object_0057,pck_object_0057_part_001,pck_object_0057_part_001_choice_000,0x004E8A,3,3,13,0x00F4,244,244,244,0,block_plus_signed,0x004C70,0x004D64,yes,0302FF0100FB00000005000301000481,5,plausible_frame_record_prefix
PHAPCK_TBL.decoded.bin,pck_object_0057_part_001_choice_000_frame_067,pck_object_0057,pck_object_0057_part_001,pck_object_0057_part_001_choice_000,0x004E8A,3,3,13,0x00F4,244,244,244,0,part_plus_signed,0x004C88,0x004D7C,yes,00000000123001810303030315350181,5,plausible_frame_record_prefix
PHAPCK_TBL.decoded.bin,pck_object_0057_part_001_choice_000_frame_067,pck_object_0057,pck_object_0057_part_001,pck_object_0057_part_001_choice_000,0x004E8A,3,3,13,0x00F4,244,244,244,0,frame_plus_signed,0x004E8A,0x004F7E,yes,E2FF000058FA58FA7EFF8C00F6FF60FF,5,byte0_high_bit_set
PHAPCK_TBL.decoded.bin,pck_object_0057_part_001_choice_000_frame_067,pck_object_0057,pck_object_0057_part_001,pck_object_0057_part_001_choice_000,0x004E8A,3,3,13,0x00F4,244,244,244,0,payload_plus_signed,0x004E8C,0x004F80,yes,000058FA58FA7EFF8C00F6FF60FF8C00,5,plausible_frame_record_prefix
PHAPCK_TBL.decoded.bin,pck_object_0057_part_001_choice_000_frame_103,pck_object_0057,pck_object_0057_part_001,pck_object_0057_part_001_choice_000,0x004FAA,3,3,3,0x0103,259,259,3,1,direct_unsigned,0x000000,0x000103,yes,050200680504007C050D0091050600A7,5,plausible_frame_record_prefix
PHAPCK_TBL.decoded.bin,pck_object_0057_part_001_choice_000_frame_103,pck_object_0057,pck_object_0057_part_001,pck_object_0057_part_001_choice_000,0x004FAA,3,3,3,0x0103,259,259,3,1,direct_signed,0x000000,0x000103,yes,050200680504007C050D0091050600A7,5,plausible_frame_record_prefix
PHAPCK_TBL.decoded.bin,pck_object_0057_part_001_choice_000_frame_103,pck_object_0057,pck_object_0057_part_001,pck_object_0057_part_001_choice_000,0x004FAA,3,3,3,0x0103,259,259,3,1,object_plus_unsigned,0x004C72,0x004D75,yes,0303030F2B0181000000001230018103,5,plausible_frame_record_prefix
PHAPCK_TBL.decoded.bin,pck_object_0057_part_001_choice_000_frame_103,pck_object_0057,pck_object_0057_part_001,pck_object_0057_part_001_choice_000,0x004FAA,3,3,3,0x0103,259,259,3,1,object_plus_signed,0x004C72,0x004D75,yes,0303030F2B0181000000001230018103,5,plausible_frame_record_prefix
PHAPCK_TBL.decoded.bin,pck_object_0057_part_001_choice_000_frame_103,pck_object_0057,pck_object_0057_part_001,pck_object_0057_part_001_choice_000,0x004FAA,3,3,3,0x0103,259,259,3,1,block_plus_unsigned,0x004C70,0x004D73,yes,81030303030F2B018100000000123001,35,byte0_high_bit_set;plausible_object_header;plausible_drawable_extents_at_plus6_plus8;plausible_frame_record_prefix
PHAPCK_TBL.decoded.bin,pck_object_0057_part_001_choice_000_frame_103,pck_object_0057,pck_object_0057_part_001,pck_object_0057_part_001_choice_000,0x004FAA,3,3,3,0x0103,259,259,3,1,block_plus_signed,0x004C70,0x004D73,yes,81030303030F2B018100000000123001,35,byte0_high_bit_set;plausible_object_header;plausible_drawable_extents_at_plus6_plus8;plausible_frame_record_prefix
PHAPCK_TBL.decoded.bin,pck_object_0057_part_001_choice_000_frame_103,pck_object_0057,pck_object_0057_part_001,pck_object_0057_part_001_choice_000,0x004FAA,3,3,3,0x0103,259,259,3,1,part_plus_signed,0x004C88,0x004D8B,yes,81030303030C3A018102020505163F01,10,byte0_high_bit_set;plausible_frame_record_prefix
PHAPCK_TBL.decoded.bin,pck_object_0057_part_001_choice_000_frame_103,pck_object_0057,pck_object_0057_part_001,pck_object_0057_part_001_choice_000,0x004FAA,3,3,3,0x0103,259,259,3,1,frame_plus_signed,0x004FAA,0x0050AD,yes,0038FF000017074DFC82009CFF7EFFA0,0,in_range_no_structural_match
PHAPCK_TBL.decoded.bin,pck_object_0057_part_001_choice_000_frame_103,pck_object_0057,pck_object_0057_part_001,pck_object_0057_part_001_choice_000,0x004FAA,3,3,3,0x0103,259,259,3,1,payload_plus_signed,0x004FAC,0x0050AF,yes,FF000017074DFC82009CFF7EFFA0009C,10,byte0_high_bit_set;plausible_frame_record_prefix
PHAPCK_TBL.decoded.bin,pck_object_0057_part_001_choice_000_frame_104,pck_object_0057,pck_object_0057_part_001,pck_object_0057_part_001_choice_000,0x004FB2,2,2,5,0x0605,1541,1541,5,6,direct_unsigned,0x000000,0x000605,yes,92FF00F8000000002800D8FFCAFE2800,5,byte0_high_bit_set
PHAPCK_TBL.decoded.bin,pck_object_0057_part_001_choice_000_frame_104,pck_object_0057,pck_object_0057_part_001,pck_object_0057_part_001_choice_000,0x004FB2,2,2,5,0x0605,1541,1541,5,6,direct_signed,0x000000,0x000605,yes,92FF00F8000000002800D8FFCAFE2800,5,byte0_high_bit_set
PHAPCK_TBL.decoded.bin,pck_object_0057_part_001_choice_000_frame_104,pck_object_0057,pck_object_0057_part_001,pck_object_0057_part_001_choice_000,0x004FB2,2,2,5,0x0605,1541,1541,5,6,object_plus_unsigned,0x004C72,0x005277,yes,0B01000481000000000F330181000000,5,plausible_frame_record_prefix
PHAPCK_TBL.decoded.bin,pck_object_0057_part_001_choice_000_frame_104,pck_object_0057,pck_object_0057_part_001,pck_object_0057_part_001_choice_000,0x004FB2,2,2,5,0x0605,1541,1541,5,6,object_plus_signed,0x004C72,0x005277,yes,0B01000481000000000F330181000000,5,plausible_frame_record_prefix
PHAPCK_TBL.decoded.bin,pck_object_0057_part_001_choice_000_frame_104,pck_object_0057,pck_object_0057_part_001,pck_object_0057_part_001_choice_000,0x004FB2,2,2,5,0x0605,1541,1541,5,6,block_plus_unsigned,0x004C70,0x005275,yes,05000B01000481000000000F33018100,5,plausible_frame_record_prefix
PHAPCK_TBL.decoded.bin,pck_object_0057_part_001_choice_000_frame_104,pck_object_0057,pck_object_0057_part_001,pck_object_0057_part_001_choice_000,0x004FB2,2,2,5,0x0605,1541,1541,5,6,block_plus_signed,0x004C70,0x005275,yes,05000B01000481000000000F33018100,5,plausible_frame_record_prefix
PHAPCK_TBL.decoded.bin,pck_object_0057_part_001_choice_000_frame_104,pck_object_0057,pck_object_0057_part_001,pck_object_0057_part_001_choice_000,0x004FB2,2,2,5,0x0605,1541,1541,5,6,part_plus_signed,0x004C88,0x00528D,yes,000000143D0181000000000C42018100,5,plausible_frame_record_prefix
PHAPCK_TBL.decoded.bin,pck_object_0057_part_001_choice_000_frame_104,pck_object_0057,pck_object_0057_part_001,pck_object_0057_part_001_choice_000,0x004FB2,2,2,5,0x0605,1541,1541,5,6,frame_plus_signed,0x004FB2,0x0055B7,yes,FF00002E05E8F98200B0FF60FFA000B0,10,byte0_high_bit_set;plausible_frame_record_prefix
PHAPCK_TBL.decoded.bin,pck_object_0057_part_001_choice_000_frame_104,pck_object_0057,pck_object_0057_part_001,pck_object_0057_part_001_choice_000,0x004FB2,2,2,5,0x0605,1541,1541,5,6,payload_plus_signed,0x004FB4,0x0055B9,yes,002E05E8F98200B0FF60FFA000B0FF60,0,in_range_no_structural_match
PHAPCK_TBL.decoded.bin,pck_object_0057_part_001_choice_000_frame_105,pck_object_0057,pck_object_0057_part_001,pck_object_0057_part_001_choice_000,0x004FBA,2,2,5,0x0905,2309,2309,5,9,direct_unsigned,0x000000,0x000905,yes,00430100000000000001001200000C1A,0,in_range_no_structural_match
PHAPCK_TBL.decoded.bin,pck_object_0057_part_001_choice_000_frame_105,pck_object_0057,pck_object_0057_part_001,pck_object_0057_part_001_choice_000,0x004FBA,2,2,5,0x0905,2309,2309,5,9,direct_signed,0x000000,0x000905,yes,00430100000000000001001200000C1A,0,in_range_no_structural_match
PHAPCK_TBL.decoded.bin,pck_object_0057_part_001_choice_000_frame_105,pck_object_0057,pck_object_0057_part_001,pck_object_0057_part_001_choice_000,0x004FBA,2,2,5,0x0905,2309,2309,5,9,object_plus_unsigned,0x004C72,0x005577,yes,00E6004600AA00DC0078000000D403FB,0,in_range_no_structural_match
PHAPCK_TBL.decoded.bin,pck_object_0057_part_001_choice_000_frame_105,pck_object_0057,pck_object_0057_part_001,pck_object_0057_part_001_choice_000,0x004FBA,2,2,5,0x0905,2309,2309,5,9,object_plus_signed,0x004C72,0x005577,yes,00E6004600AA00DC0078000000D403FB,0,in_range_no_structural_match
PHAPCK_TBL.decoded.bin,pck_object_0057_part_001_choice_000_frame_105,pck_object_0057,pck_object_0057_part_001,pck_object_0057_part_001_choice_000,0x004FBA,2,2,5,0x0905,2309,2309,5,9,block_plus_unsigned,0x004C70,0x005575,yes,00AA00E6004600AA00DC0078000000D4,0,in_range_no_structural_match
PHAPCK_TBL.decoded.bin,pck_object_0057_part_001_choice_000_frame_105,pck_object_0057,pck_object_0057_part_001,pck_object_0057_part_001_choice_000,0x004FBA,2,2,5,0x0905,2309,2309,5,9,block_plus_signed,0x004C70,0x005575,yes,00AA00E6004600AA00DC0078000000D4,0,in_range_no_structural_match
PHAPCK_TBL.decoded.bin,pck_object_0057_part_001_choice_000_frame_105,pck_object_0057,pck_object_0057_part_001,pck_object_0057_part_001_choice_000,0x004FBA,2,2,5,0x0905,2309,2309,5,9,part_plus_signed,0x004C88,0x00558D,yes,00AA0078000A00000090FBA806AA0064,0,in_range_no_structural_match
PHAPCK_TBL.decoded.bin,pck_object_0057_part_001_choice_000_frame_105,pck_object_0057,pck_object_0057_part_001,pck_object_0057_part_001_choice_000,0x004FBA,2,2,5,0x0905,2309,2309,5,9,frame_plus_signed,0x004FBA,0x0058BF,yes,0303030316490181030303030E4E0181,5,plausible_frame_record_prefix
PHAPCK_TBL.decoded.bin,pck_object_0057_part_001_choice_000_frame_105,pck_object_0057,pck_object_0057_part_001,pck_object_0057_part_001_choice_000,0x004FBA,2,2,5,0x0905,2309,2309,5,9,payload_plus_signed,0x004FBC,0x0058C1,yes,030316490181030303030E4E01810202,5,plausible_frame_record_prefix
PHAPCK_TBL.decoded.bin,pck_object_0057_part_001_choice_000_frame_106,pck_object_0057,pck_object_0057_part_001,pck_object_0057_part_001_choice_000,0x004FC2,3,3,3,0x0C03,3075,3075,3,12,direct_unsigned,0x000000,0x000C03,yes,81030303030C42018102020505164701,40,exact_frame_record;byte0_high_bit_set;plausible_frame_record_prefix
PHAPCK_TBL.decoded.bin,pck_object_0057_part_001_choice_000_frame_106,pck_object_0057,pck_object_0057_part_001,pck_object_0057_part_001_choice_000,0x004FC2,3,3,3,0x0C03,3075,3075,3,12,direct_signed,0x000000,0x000C03,yes,81030303030C42018102020505164701,40,exact_frame_record;byte0_high_bit_set;plausible_frame_record_prefix
PHAPCK_TBL.decoded.bin,pck_object_0057_part_001_choice_000_frame_106,pck_object_0057,pck_object_0057_part_001,pck_object_0057_part_001_choice_000,0x004FC2,3,3,3,0x0C03,3075,3075,3,12,object_plus_unsigned,0x004C72,0x005875,yes,008103010301011E0181020205050623,0,in_range_no_structural_match
PHAPCK_TBL.decoded.bin,pck_object_0057_part_001_choice_000_frame_106,pck_object_0057,pck_object_0057_part_001,pck_object_0057_part_001_choice_000,0x004FC2,3,3,3,0x0C03,3075,3075,3,12,object_plus_signed,0x004C72,0x005875,yes,008103010301011E0181020205050623,0,in_range_no_structural_match
PHAPCK_TBL.decoded.bin,pck_object_0057_part_001_choice_000_frame_106,pck_object_0057,pck_object_0057_part_001,pck_object_0057_part_001_choice_000,0x004FC2,3,3,3,0x0C03,3075,3075,3,12,block_plus_unsigned,0x004C70,0x005873,yes,00B6008103010301011E018102020505,0,in_range_no_structural_match
PHAPCK_TBL.decoded.bin,pck_object_0057_part_001_choice_000_frame_106,pck_object_0057,pck_object_0057_part_001,pck_object_0057_part_001_choice_000,0x004FC2,3,3,3,0x0C03,3075,3075,3,12,block_plus_signed,0x004C70,0x005873,yes,00B6008103010301011E018102020505,0,in_range_no_structural_match
PHAPCK_TBL.decoded.bin,pck_object_0057_part_001_choice_000_frame_106,pck_object_0057,pck_object_0057_part_001,pck_object_0057_part_001_choice_000,0x004FC2,3,3,3,0x0C03,3075,3075,3,12,part_plus_signed,0x004C88,0x00588B,yes,0B280181000000000E2D018102020505,0,in_range_no_structural_match
PHAPCK_TBL.decoded.bin,pck_object_0057_part_001_choice_000_frame_106,pck_object_0057,pck_object_0057_part_001,pck_object_0057_part_001_choice_000,0x004FC2,3,3,3,0x0C03,3075,3075,3,12,frame_plus_signed,0x004FC2,0x005BC5,yes,0A05040DFF0403100DFF80004F010000,0,in_range_no_structural_match
PHAPCK_TBL.decoded.bin,pck_object_0057_part_001_choice_000_frame_106,pck_object_0057,pck_object_0057_part_001,pck_object_0057_part_001_choice_000,0x004FC2,3,3,3,0x0C03,3075,3075,3,12,payload_plus_signed,0x004FC4,0x005BC7,yes,040DFF0403100DFF80004F0100000000,0,in_range_no_structural_match
PHAPCK_TBL.decoded.bin,pck_object_0057_part_001_choice_000_frame_107,pck_object_0057,pck_object_0057_part_001,pck_object_0057_part_001_choice_000,0x004FCA,3,3,3,0x0D03,3331,3331,3,13,direct_unsigned,0x000000,0x000D03,yes,03030DFC0002030405FF07080403FF0A,35,exact_frame_record;plausible_frame_record_prefix
PHAPCK_TBL.decoded.bin,pck_object_0057_part_001_choice_000_frame_107,pck_object_0057,pck_object_0057_part_001,pck_object_0057_part_001_choice_000,0x004FCA,3,3,3,0x0D03,3331,3331,3,13,direct_signed,0x000000,0x000D03,yes,03030DFC0002030405FF07080403FF0A,35,exact_frame_record;plausible_frame_record_prefix
PHAPCK_TBL.decoded.bin,pck_object_0057_part_001_choice_000_frame_107,pck_object_0057,pck_object_0057_part_001,pck_object_0057_part_001_choice_000,0x004FCA,3,3,3,0x0D03,3331,3331,3,13,object_plus_unsigned,0x004C72,0x005975,yes,00F800000000A6FFD8FFCAFEA6FF2800,0,in_range_no_structural_match
PHAPCK_TBL.decoded.bin,pck_object_0057_part_001_choice_000_frame_107,pck_object_0057,pck_object_0057_part_001,pck_object_0057_part_001_choice_000,0x004FCA,3,3,3,0x0D03,3331,3331,3,13,object_plus_signed,0x004C72,0x005975,yes,00F800000000A6FFD8FFCAFEA6FF2800,0,in_range_no_structural_match
PHAPCK_TBL.decoded.bin,pck_object_0057_part_001_choice_000_frame_107,pck_object_0057,pck_object_0057_part_001,pck_object_0057_part_001_choice_000,0x004FCA,3,3,3,0x0D03,3331,3331,3,13,block_plus_unsigned,0x004C70,0x005973,yes,88FF00F800000000A6FFD8FFCAFEA6FF,5,byte0_high_bit_set
PHAPCK_TBL.decoded.bin,pck_object_0057_part_001_choice_000_frame_107,pck_object_0057,pck_object_0057_part_001,pck_object_0057_part_001_choice_000,0x004FCA,3,3,3,0x0D03,3331,3331,3,13,block_plus_signed,0x004C70,0x005973,yes,88FF00F800000000A6FFD8FFCAFEA6FF,5,byte0_high_bit_set
PHAPCK_TBL.decoded.bin,pck_object_0057_part_001_choice_000_frame_107,pck_object_0057,pck_object_0057_part_001,pck_object_0057_part_001_choice_000,0x004FCA,3,3,3,0x0D03,3331,3331,3,13,part_plus_signed,0x004C88,0x00598B,yes,0000D8FFD8FFCAFED8FF280088FF0000,5,plausible_frame_record_prefix
PHAPCK_TBL.decoded.bin,pck_object_0057_part_001_choice_000_frame_107,pck_object_0057,pck_object_0057_part_001,pck_object_0057_part_001_choice_000,0x004FCA,3,3,3,0x0D03,3331,3331,3,13,frame_plus_signed,0x004FCA,0x005CCD,yes,0316540181030303030E590181020205,0,in_range_no_structural_match
PHAPCK_TBL.decoded.bin,pck_object_0057_part_001_choice_000_frame_107,pck_object_0057,pck_object_0057_part_001,pck_object_0057_part_001_choice_000,0x004FCA,3,3,3,0x0D03,3331,3331,3,13,payload_plus_signed,0x004FCC,0x005CCF,yes,540181030303030E590181020205050B,5,plausible_frame_record_prefix
PHAPCK_TBL.decoded.bin,pck_object_0057_part_001_choice_000_frame_108,pck_object_0057,pck_object_0057_part_001,pck_object_0057_part_001_choice_000,0x004FD2,3,4,5,0x07FF,2047,2047,255,7,direct_unsigned,0x000000,0x0007FF,yes,000100040100000A000C018108810808,5,plausible_frame_record_prefix
PHAPCK_TBL.decoded.bin,pck_object_0057_part_001_choice_000_frame_108,pck_object_0057,pck_object_0057_part_001,pck_object_0057_part_001_choice_000,0x004FD2,3,4,5,0x07FF,2047,2047,255,7,direct_signed,0x000000,0x0007FF,yes,000100040100000A000C018108810808,5,plausible_frame_record_prefix
PHAPCK_TBL.decoded.bin,pck_object_0057_part_001_choice_000_frame_108,pck_object_0057,pck_object_0057_part_001,pck_object_0057_part_001_choice_000,0x004FD2,3,4,5,0x07FF,2047,2047,255,7,object_plus_unsigned,0x004C72,0x005471,yes,03000038FF0000B303E9F882006AFFBA,5,plausible_frame_record_prefix
PHAPCK_TBL.decoded.bin,pck_object_0057_part_001_choice_000_frame_108,pck_object_0057,pck_object_0057_part_001,pck_object_0057_part_001_choice_000,0x004FD2,3,4,5,0x07FF,2047,2047,255,7,object_plus_signed,0x004C72,0x005471,yes,03000038FF0000B303E9F882006AFFBA,5,plausible_frame_record_prefix
PHAPCK_TBL.decoded.bin,pck_object_0057_part_001_choice_000_frame_108,pck_object_0057,pck_object_0057_part_001,pck_object_0057_part_001_choice_000,0x004FD2,3,4,5,0x07FF,2047,2047,255,7,block_plus_unsigned,0x004C70,0x00546F,yes,00E803000038FF0000B303E9F882006A,0,in_range_no_structural_match
PHAPCK_TBL.decoded.bin,pck_object_0057_part_001_choice_000_frame_108,pck_object_0057,pck_object_0057_part_001,pck_object_0057_part_001_choice_000,0x004FD2,3,4,5,0x07FF,2047,2047,255,7,block_plus_signed,0x004C70,0x00546F,yes,00E803000038FF0000B303E9F882006A,0,in_range_no_structural_match
PHAPCK_TBL.decoded.bin,pck_object_0057_part_001_choice_000_frame_108,pck_object_0057,pck_object_0057_part_001,pck_object_0057_part_001_choice_000,0x004FD2,3,4,5,0x07FF,2047,2047,255,7,part_plus_signed,0x004C88,0x005487,yes,FFFE07ABFF0000A00060FFD8FF000031,5,byte0_high_bit_set
PHAPCK_TBL.decoded.bin,pck_object_0057_part_001_choice_000_frame_108,pck_object_0057,pck_object_0057_part_001,pck_object_0057_part_001_choice_000,0x004FD2,3,4,5,0x07FF,2047,2047,255,7,frame_plus_signed,0x004FD2,0x0057D1,yes,0000181A000100AA000CFE640018FC00,5,plausible_frame_record_prefix
PHAPCK_TBL.decoded.bin,pck_object_0057_part_001_choice_000_frame_108,pck_object_0057,pck_object_0057_part_001,pck_object_0057_part_001_choice_000,0x004FD2,3,4,5,0x07FF,2047,2047,255,7,payload_plus_signed,0x004FD4,0x0057D3,yes,181A000100AA000CFE640018FC000000,0,in_range_no_structural_match
PHAPCK_TBL.decoded.bin,pck_object_0057_part_001_choice_000_frame_113,pck_object_0057,pck_object_0057_part_001,pck_object_0057_part_001_choice_000,0x004FFA,3,15,47,0x8101,33025,-32511,1,129,direct_unsigned,0x000000,0x008101,yes,FFA0003C001AFF000058FA58FA82003C,5,byte0_high_bit_set
PHAPCK_TBL.decoded.bin,pck_object_0057_part_001_choice_000_frame_113,pck_object_0057,pck_object_0057_part_001,pck_object_0057_part_001_choice_000,0x004FFA,3,15,47,0x8101,33025,-32511,1,129,direct_signed,0x000000,-0x007EFF,no,,0,outside_decoded_stream
PHAPCK_TBL.decoded.bin,pck_object_0057_part_001_choice_000_frame_113,pck_object_0057,pck_object_0057_part_001,pck_object_0057_part_001_choice_000,0x004FFA,3,15,47,0x8101,33025,-32511,1,129,object_plus_unsigned,0x004C72,0x00CD73,no,,0,outside_decoded_stream
PHAPCK_TBL.decoded.bin,pck_object_0057_part_001_choice_000_frame_113,pck_object_0057,pck_object_0057_part_001,pck_object_0057_part_001_choice_000,0x004FFA,3,15,47,0x8101,33025,-32511,1,129,object_plus_signed,0x004C72,-0x00328D,no,,0,outside_decoded_stream
PHAPCK_TBL.decoded.bin,pck_object_0057_part_001_choice_000_frame_113,pck_object_0057,pck_object_0057_part_001,pck_object_0057_part_001_choice_000,0x004FFA,3,15,47,0x8101,33025,-32511,1,129,block_plus_unsigned,0x004C70,0x00CD71,no,,0,outside_decoded_stream
PHAPCK_TBL.decoded.bin,pck_object_0057_part_001_choice_000_frame_113,pck_object_0057,pck_object_0057_part_001,pck_object_0057_part_001_choice_000,0x004FFA,3,15,47,0x8101,33025,-32511,1,129,block_plus_signed,0x004C70,-0x00328F,no,,0,outside_decoded_stream
PHAPCK_TBL.decoded.bin,pck_object_0057_part_001_choice_000_frame_113,pck_object_0057,pck_object_0057_part_001,pck_object_0057_part_001_choice_000,0x004FFA,3,15,47,0x8101,33025,-32511,1,129,part_plus_signed,0x004C88,-0x003277,no,,0,outside_decoded_stream
PHAPCK_TBL.decoded.bin,pck_object_0057_part_001_choice_000_frame_113,pck_object_0057,pck_object_0057_part_001,pck_object_0057_part_001_choice_000,0x004FFA,3,15,47,0x8101,33025,-32511,1,129,frame_plus_signed,0x004FFA,-0x002F05,no,,0,outside_decoded_stream
PHAPCK_TBL.decoded.bin,pck_object_0057_part_001_choice_000_frame_113,pck_object_0057,pck_object_0057_part_001,pck_object_0057_part_001_choice_000,0x004FFA,3,15,47,0x8101,33025,-32511,1,129,payload_plus_signed,0x004FFC,-0x002F03,no,,0,outside_decoded_stream
PHAPCK_TBL.decoded.bin,pck_object_0057_part_001_choice_000_frame_115,pck_object_0057,pck_object_0057_part_001,pck_object_0057_part_001_choice_000,0x00500A,3,21,57,0x8101,33025,-32511,1,129,direct_unsigned,0x000000,0x008101,yes,FFA0003C001AFF000058FA58FA82003C,5,byte0_high_bit_set
PHAPCK_TBL.decoded.bin,pck_object_0057_part_001_choice_000_frame_115,pck_object_0057,pck_object_0057_part_001,pck_object_0057_part_001_choice_000,0x00500A,3,21,57,0x8101,33025,-32511,1,129,direct_signed,0x000000,-0x007EFF,no,,0,outside_decoded_stream
PHAPCK_TBL.decoded.bin,pck_object_0057_part_001_choice_000_frame_115,pck_object_0057,pck_object_0057_part_001,pck_object_0057_part_001_choice_000,0x00500A,3,21,57,0x8101,33025,-32511,1,129,object_plus_unsigned,0x004C72,0x00CD73,no,,0,outside_decoded_stream
PHAPCK_TBL.decoded.bin,pck_object_0057_part_001_choice_000_frame_115,pck_object_0057,pck_object_0057_part_001,pck_object_0057_part_001_choice_000,0x00500A,3,21,57,0x8101,33025,-32511,1,129,object_plus_signed,0x004C72,-0x00328D,no,,0,outside_decoded_stream
PHAPCK_TBL.decoded.bin,pck_object_0057_part_001_choice_000_frame_115,pck_object_0057,pck_object_0057_part_001,pck_object_0057_part_001_choice_000,0x00500A,3,21,57,0x8101,33025,-32511,1,129,block_plus_unsigned,0x004C70,0x00CD71,no,,0,outside_decoded_stream
PHAPCK_TBL.decoded.bin,pck_object_0057_part_001_choice_000_frame_115,pck_object_0057,pck_object_0057_part_001,pck_object_0057_part_001_choice_000,0x00500A,3,21,57,0x8101,33025,-32511,1,129,block_plus_signed,0x004C70,-0x00328F,no,,0,outside_decoded_stream
PHAPCK_TBL.decoded.bin,pck_object_0057_part_001_choice_000_frame_115,pck_object_0057,pck_object_0057_part_001,pck_object_0057_part_001_choice_000,0x00500A,3,21,57,0x8101,33025,-32511,1,129,part_plus_signed,0x004C88,-0x003277,no,,0,outside_decoded_stream
PHAPCK_TBL.decoded.bin,pck_object_0057_part_001_choice_000_frame_115,pck_object_0057,pck_object_0057_part_001,pck_object_0057_part_001_choice_000,0x00500A,3,21,57,0x8101,33025,-32511,1,129,frame_plus_signed,0x00500A,-0x002EF5,no,,0,outside_decoded_stream
PHAPCK_TBL.decoded.bin,pck_object_0057_part_001_choice_000_frame_115,pck_object_0057,pck_object_0057_part_001,pck_object_0057_part_001_choice_000,0x00500A,3,21,57,0x8101,33025,-32511,1,129,payload_plus_signed,0x00500C,-0x002EF3,no,,0,outside_decoded_stream
PHAPCK_TBL.decoded.bin,pck_object_0057_part_001_choice_000_frame_116,pck_object_0057,pck_object_0057_part_001,pck_object_0057_part_001_choice_000,0x005012,3,12,62,0x8101,33025,-32511,1,129,direct_unsigned,0x000000,0x008101,yes,FFA0003C001AFF000058FA58FA82003C,5,byte0_high_bit_set
PHAPCK_TBL.decoded.bin,pck_object_0057_part_001_choice_000_frame_116,pck_object_0057,pck_object_0057_part_001,pck_object_0057_part_001_choice_000,0x005012,3,12,62,0x8101,33025,-32511,1,129,direct_signed,0x000000,-0x007EFF,no,,0,outside_decoded_stream
PHAPCK_TBL.decoded.bin,pck_object_0057_part_001_choice_000_frame_116,pck_object_0057,pck_object_0057_part_001,pck_object_0057_part_001_choice_000,0x005012,3,12,62,0x8101,33025,-32511,1,129,object_plus_unsigned,0x004C72,0x00CD73,no,,0,outside_decoded_stream
PHAPCK_TBL.decoded.bin,pck_object_0057_part_001_choice_000_frame_116,pck_object_0057,pck_object_0057_part_001,pck_object_0057_part_001_choice_000,0x005012,3,12,62,0x8101,33025,-32511,1,129,object_plus_signed,0x004C72,-0x00328D,no,,0,outside_decoded_stream
PHAPCK_TBL.decoded.bin,pck_object_0057_part_001_choice_000_frame_116,pck_object_0057,pck_object_0057_part_001,pck_object_0057_part_001_choice_000,0x005012,3,12,62,0x8101,33025,-32511,1,129,block_plus_unsigned,0x004C70,0x00CD71,no,,0,outside_decoded_stream
PHAPCK_TBL.decoded.bin,pck_object_0057_part_001_choice_000_frame_116,pck_object_0057,pck_object_0057_part_001,pck_object_0057_part_001_choice_000,0x005012,3,12,62,0x8101,33025,-32511,1,129,block_plus_signed,0x004C70,-0x00328F,no,,0,outside_decoded_stream
PHAPCK_TBL.decoded.bin,pck_object_0057_part_001_choice_000_frame_116,pck_object_0057,pck_object_0057_part_001,pck_object_0057_part_001_choice_000,0x005012,3,12,62,0x8101,33025,-32511,1,129,part_plus_signed,0x004C88,-0x003277,no,,0,outside_decoded_stream
PHAPCK_TBL.decoded.bin,pck_object_0057_part_001_choice_000_frame_116,pck_object_0057,pck_object_0057_part_001,pck_object_0057_part_001_choice_000,0x005012,3,12,62,0x8101,33025,-32511,1,129,frame_plus_signed,0x005012,-0x002EED,no,,0,outside_decoded_stream
PHAPCK_TBL.decoded.bin,pck_object_0057_part_001_choice_000_frame_116,pck_object_0057,pck_object_0057_part_001,pck_object_0057_part_001_choice_000,0x005012,3,12,62,0x8101,33025,-32511,1,129,payload_plus_signed,0x005014,-0x002EEB,no,,0,outside_decoded_stream
PHAPCK_TBL.decoded.bin,pck_object_0057_part_001_choice_000_frame_135,pck_object_0057,pck_object_0057_part_001,pck_object_0057_part_001_choice_000,0x0050AA,3,0,0,0xFF38,65336,-200,56,255,direct_unsigned,0x000000,0x00FF38,no,,0,outside_decoded_stream
PHAPCK_TBL.decoded.bin,pck_object_0057_part_001_choice_000_frame_135,pck_object_0057,pck_object_0057_part_001,pck_object_0057_part_001_choice_000,0x0050AA,3,0,0,0xFF38,65336,-200,56,255,direct_signed,0x000000,-0x0000C8,no,,0,outside_decoded_stream
PHAPCK_TBL.decoded.bin,pck_object_0057_part_001_choice_000_frame_135,pck_object_0057,pck_object_0057_part_001,pck_object_0057_part_001_choice_000,0x0050AA,3,0,0,0xFF38,65336,-200,56,255,object_plus_unsigned,0x004C72,0x014BAA,no,,0,outside_decoded_stream
PHAPCK_TBL.decoded.bin,pck_object_0057_part_001_choice_000_frame_135,pck_object_0057,pck_object_0057_part_001,pck_object_0057_part_001_choice_000,0x0050AA,3,0,0,0xFF38,65336,-200,56,255,object_plus_signed,0x004C72,0x004BAA,yes,000000F860FFC4FF8C007EFFC4FF8C00,5,plausible_frame_record_prefix
PHAPCK_TBL.decoded.bin,pck_object_0057_part_001_choice_000_frame_135,pck_object_0057,pck_object_0057_part_001,pck_object_0057_part_001_choice_000,0x0050AA,3,0,0,0xFF38,65336,-200,56,255,block_plus_unsigned,0x004C70,0x014BA8,no,,0,outside_decoded_stream
PHAPCK_TBL.decoded.bin,pck_object_0057_part_001_choice_000_frame_135,pck_object_0057,pck_object_0057_part_001,pck_object_0057_part_001_choice_000,0x0050AA,3,0,0,0xFF38,65336,-200,56,255,block_plus_signed,0x004C70,0x004BA8,yes,0000000000F860FFC4FF8C007EFFC4FF,5,plausible_frame_record_prefix
PHAPCK_TBL.decoded.bin,pck_object_0057_part_001_choice_000_frame_135,pck_object_0057,pck_object_0057_part_001,pck_object_0057_part_001_choice_000,0x0050AA,3,0,0,0xFF38,65336,-200,56,255,part_plus_signed,0x004C88,0x004BC0,yes,7EFFC4FFAA0060FFC4FFAA00000056FF,0,in_range_no_structural_match
PHAPCK_TBL.decoded.bin,pck_object_0057_part_001_choice_000_frame_135,pck_object_0057,pck_object_0057_part_001,pck_object_0057_part_001_choice_000,0x0050AA,3,0,0,0xFF38,65336,-200,56,255,frame_plus_signed,0x0050AA,0x004FE2,yes,080A05FF0B070302FF0100FF00000005,30,exact_frame_record
PHAPCK_TBL.decoded.bin,pck_object_0057_part_001_choice_000_frame_135,pck_object_0057,pck_object_0057_part_001,pck_object_0057_part_001_choice_000,0x0050AA,3,0,0,0xFF38,65336,-200,56,255,payload_plus_signed,0x0050AC,0x004FE4,yes,05FF0B070302FF0100FF000000050007,0,in_range_no_structural_match
PHAPCK_TBL.decoded.bin,pck_object_0057_part_001_choice_000_frame_140,pck_object_0057,pck_object_0057_part_001,pck_object_0057_part_001_choice_000,0x0050D2,3,-126,0,0xFF7E,65406,-130,126,255,direct_unsigned,0x000000,0x00FF7E,no,,0,outside_decoded_stream
PHAPCK_TBL.decoded.bin,pck_object_0057_part_001_choice_000_frame_140,pck_object_0057,pck_object_0057_part_001,pck_object_0057_part_001_choice_000,0x0050D2,3,-126,0,0xFF7E,65406,-130,126,255,direct_signed,0x000000,-0x000082,no,,0,outside_decoded_stream
PHAPCK_TBL.decoded.bin,pck_object_0057_part_001_choice_000_frame_140,pck_object_0057,pck_object_0057_part_001,pck_object_0057_part_001_choice_000,0x0050D2,3,-126,0,0xFF7E,65406,-130,126,255,object_plus_unsigned,0x004C72,0x014BF0,no,,0,outside_decoded_stream
PHAPCK_TBL.decoded.bin,pck_object_0057_part_001_choice_000_frame_140,pck_object_0057,pck_object_0057_part_001,pck_object_0057_part_001_choice_000,0x0050D2,3,-126,0,0xFF7E,65406,-130,126,255,object_plus_signed,0x004C72,0x004BF0,yes,0506E100810202050509E60081030303,0,in_range_no_structural_match
PHAPCK_TBL.decoded.bin,pck_object_0057_part_001_choice_000_frame_140,pck_object_0057,pck_object_0057_part_001,pck_object_0057_part_001_choice_000,0x0050D2,3,-126,0,0xFF7E,65406,-130,126,255,block_plus_unsigned,0x004C70,0x014BEE,no,,0,outside_decoded_stream
PHAPCK_TBL.decoded.bin,pck_object_0057_part_001_choice_000_frame_140,pck_object_0057,pck_object_0057_part_001,pck_object_0057_part_001_choice_000,0x0050D2,3,-126,0,0xFF7E,65406,-130,126,255,block_plus_signed,0x004C70,0x004BEE,yes,02050506E100810202050509E6008103,0,in_range_no_structural_match
PHAPCK_TBL.decoded.bin,pck_object_0057_part_001_choice_000_frame_140,pck_object_0057,pck_object_0057_part_001,pck_object_0057_part_001_choice_000,0x0050D2,3,-126,0,0xFF7E,65406,-130,126,255,part_plus_signed,0x004C88,0x004C06,yes,0303030DF00002030405FF07080403FF,5,plausible_frame_record_prefix
PHAPCK_TBL.decoded.bin,pck_object_0057_part_001_choice_000_frame_140,pck_object_0057,pck_object_0057_part_001,pck_object_0057_part_001_choice_000,0x0050D2,3,-126,0,0xFF7E,65406,-130,126,255,frame_plus_signed,0x0050D2,0x005050,yes,26000100FD00E803000000000000DC06,5,plausible_frame_record_prefix
PHAPCK_TBL.decoded.bin,pck_object_0057_part_001_choice_000_frame_140,pck_object_0057,pck_object_0057_part_001,pck_object_0057_part_001_choice_000,0x0050D2,3,-126,0,0xFF7E,65406,-130,126,255,payload_plus_signed,0x0050D4,0x005052,yes,0100FD00E803000000000000DC061D04,35,exact_frame_record;plausible_frame_record_prefix
PHAPCK_TBL.decoded.bin,pck_object_0057_part_001_choice_000_frame_150,pck_object_0057,pck_object_0057_part_001,pck_object_0057_part_001_choice_000,0x005122,2,11,7,0xFF03,65283,-253,3,255,direct_unsigned,0x000000,0x00FF03,no,,0,outside_decoded_stream
PHAPCK_TBL.decoded.bin,pck_object_0057_part_001_choice_000_frame_150,pck_object_0057,pck_object_0057_part_001,pck_object_0057_part_001_choice_000,0x005122,2,11,7,0xFF03,65283,-253,3,255,direct_signed,0x000000,-0x0000FD,no,,0,outside_decoded_stream
PHAPCK_TBL.decoded.bin,pck_object_0057_part_001_choice_000_frame_150,pck_object_0057,pck_object_0057_part_001,pck_object_0057_part_001_choice_000,0x005122,2,11,7,0xFF03,65283,-253,3,255,object_plus_unsigned,0x004C72,0x014B75,no,,0,outside_decoded_stream
PHAPCK_TBL.decoded.bin,pck_object_0057_part_001_choice_000_frame_150,pck_object_0057,pck_object_0057_part_001,pck_object_0057_part_001_choice_000,0x005122,2,11,7,0xFF03,65283,-253,3,255,object_plus_signed,0x004C72,0x004B75,yes,FD7CF856FF3C008C007EFF3C008C0000,5,byte0_high_bit_set
PHAPCK_TBL.decoded.bin,pck_object_0057_part_001_choice_000_frame_150,pck_object_0057,pck_object_0057_part_001,pck_object_0057_part_001_choice_000,0x005122,2,11,7,0xFF03,65283,-253,3,255,block_plus_unsigned,0x004C70,0x014B73,no,,0,outside_decoded_stream
PHAPCK_TBL.decoded.bin,pck_object_0057_part_001_choice_000_frame_150,pck_object_0057,pck_object_0057_part_001,pck_object_0057_part_001_choice_000,0x005122,2,11,7,0xFF03,65283,-253,3,255,block_plus_signed,0x004C70,0x004B73,yes,0045FD7CF856FF3C008C007EFF3C008C,0,in_range_no_structural_match
PHAPCK_TBL.decoded.bin,pck_object_0057_part_001_choice_000_frame_150,pck_object_0057,pck_object_0057_part_001,pck_object_0057_part_001_choice_000,0x005122,2,11,7,0xFF03,65283,-253,3,255,part_plus_signed,0x004C88,0x004B8B,yes,FF3C00B40056FF3C00B4000008000000,20,byte0_high_bit_set;plausible_object_header
PHAPCK_TBL.decoded.bin,pck_object_0057_part_001_choice_000_frame_150,pck_object_0057,pck_object_0057_part_001,pck_object_0057_part_001_choice_000,0x005122,2,11,7,0xFF03,65283,-253,3,255,frame_plus_signed,0x005122,0x005025,yes,111014FF0A13140BFF11130A08FF1410,0,in_range_no_structural_match
PHAPCK_TBL.decoded.bin,pck_object_0057_part_001_choice_000_frame_150,pck_object_0057,pck_object_0057_part_001,pck_object_0057_part_001_choice_000,0x005122,2,11,7,0xFF03,65283,-253,3,255,payload_plus_signed,0x005124,0x005027,yes,14FF0A13140BFF11130A08FF1410070B,0,in_range_no_structural_match
PHAPCK_TBL.decoded.bin,pck_object_0057_part_001_choice_000_frame_205,pck_object_0057,pck_object_0057_part_001,pck_object_0057_part_001_choice_000,0x0052DA,3,0,0,0x0000,0,0,0,0,direct_unsigned,0x000000,0x000000,yes,04001E000A003100060045000F005A00,15,plausible_drawable_extents_at_plus6_plus8;plausible_frame_record_prefix
PHAPCK_TBL.decoded.bin,pck_object_0057_part_001_choice_000_frame_205,pck_object_0057,pck_object_0057_part_001,pck_object_0057_part_001_choice_000,0x0052DA,3,0,0,0x0000,0,0,0,0,direct_signed,0x000000,0x000000,yes,04001E000A003100060045000F005A00,15,plausible_drawable_extents_at_plus6_plus8;plausible_frame_record_prefix
PHAPCK_TBL.decoded.bin,pck_object_0057_part_001_choice_000_frame_205,pck_object_0057,pck_object_0057_part_001,pck_object_0057_part_001_choice_000,0x0052DA,3,0,0,0x0000,0,0,0,0,object_plus_unsigned,0x004C72,0x004C72,yes,80002E01000000000000020010000017,105,exact_object_offset;exact_frame_record;byte0_high_bit_set;plausible_object_header;plausible_frame_record_prefix
PHAPCK_TBL.decoded.bin,pck_object_0057_part_001_choice_000_frame_205,pck_object_0057,pck_object_0057_part_001,pck_object_0057_part_001_choice_000,0x0052DA,3,0,0,0x0000,0,0,0,0,object_plus_signed,0x004C72,0x004C72,yes,80002E01000000000000020010000017,105,exact_object_offset;exact_frame_record;byte0_high_bit_set;plausible_object_header;plausible_frame_record_prefix
PHAPCK_TBL.decoded.bin,pck_object_0057_part_001_choice_000_frame_205,pck_object_0057,pck_object_0057_part_001,pck_object_0057_part_001_choice_000,0x0052DA,3,0,0,0x0000,0,0,0,0,block_plus_unsigned,0x004C70,0x004C70,yes,0BFF80002E0100000000000002001000,25,exact_block_offset
PHAPCK_TBL.decoded.bin,pck_object_0057_part_001_choice_000_frame_205,pck_object_0057,pck_object_0057_part_001,pck_object_0057_part_001_choice_000,0x0052DA,3,0,0,0x0000,0,0,0,0,block_plus_signed,0x004C70,0x004C70,yes,0BFF80002E0100000000000002001000,25,exact_block_offset
PHAPCK_TBL.decoded.bin,pck_object_0057_part_001_choice_000_frame_205,pck_object_0057,pck_object_0057_part_001,pck_object_0057_part_001_choice_000,0x0052DA,3,0,0,0x0000,0,0,0,0,part_plus_signed,0x004C88,0x004C88,yes,0E1720000100F70018FC000000000000,35,exact_part_offset
PHAPCK_TBL.decoded.bin,pck_object_0057_part_001_choice_000_frame_205,pck_object_0057,pck_object_0057_part_001,pck_object_0057_part_001_choice_000,0x0052DA,3,0,0,0x0000,0,0,0,0,frame_plus_signed,0x0052DA,0x0052DA,yes,E803000000000000660634FB8200C800,40,exact_frame_record;byte0_high_bit_set;plausible_frame_record_prefix
PHAPCK_TBL.decoded.bin,pck_object_0057_part_001_choice_000_frame_205,pck_object_0057,pck_object_0057_part_001,pck_object_0057_part_001_choice_000,0x0052DA,3,0,0,0x0000,0,0,0,0,payload_plus_signed,0x0052DC,0x0052DC,yes,000000000000660634FB8200C8008C00,35,exact_frame_record;plausible_frame_record_prefix
PHAPCK_TBL.decoded.bin,pck_object_0057_part_001_choice_000_frame_212,pck_object_0057,pck_object_0057_part_001,pck_object_0057_part_001_choice_000,0x005312,2,-79,7,0x00AA,170,170,170,0,direct_unsigned,0x000000,0x0000AA,yes,B6030400D7030C00F703000019040C00,25,byte0_high_bit_set;plausible_object_header;plausible_frame_record_prefix
PHAPCK_TBL.decoded.bin,pck_object_0057_part_001_choice_000_frame_212,pck_object_0057,pck_object_0057_part_001,pck_object_0057_part_001_choice_000,0x005312,2,-79,7,0x00AA,170,170,170,0,direct_signed,0x000000,0x0000AA,yes,B6030400D7030C00F703000019040C00,25,byte0_high_bit_set;plausible_object_header;plausible_frame_record_prefix
PHAPCK_TBL.decoded.bin,pck_object_0057_part_001_choice_000_frame_212,pck_object_0057,pck_object_0057_part_001,pck_object_0057_part_001_choice_000,0x005312,2,-79,7,0x00AA,170,170,170,0,object_plus_unsigned,0x004C72,0x004D1C,yes,AE0000000500B600E2FF810303030301,40,exact_frame_table_entry;byte0_high_bit_set;plausible_frame_record_prefix
PHAPCK_TBL.decoded.bin,pck_object_0057_part_001_choice_000_frame_212,pck_object_0057,pck_object_0057_part_001,pck_object_0057_part_001_choice_000,0x005312,2,-79,7,0x00AA,170,170,170,0,object_plus_signed,0x004C72,0x004D1C,yes,AE0000000500B600E2FF810303030301,40,exact_frame_table_entry;byte0_high_bit_set;plausible_frame_record_prefix
PHAPCK_TBL.decoded.bin,pck_object_0057_part_001_choice_000_frame_212,pck_object_0057,pck_object_0057_part_001,pck_object_0057_part_001_choice_000,0x005312,2,-79,7,0x00AA,170,170,170,0,block_plus_unsigned,0x004C70,0x004D1A,yes,0100AE0000000500B600E2FF81030303,45,exact_frame_record;plausible_drawable_extents_at_plus6_plus8;plausible_frame_record_prefix
PHAPCK_TBL.decoded.bin,pck_object_0057_part_001_choice_000_frame_212,pck_object_0057,pck_object_0057_part_001,pck_object_0057_part_001_choice_000,0x005312,2,-79,7,0x00AA,170,170,170,0,block_plus_signed,0x004C70,0x004D1A,yes,0100AE0000000500B600E2FF81030303,45,exact_frame_record;plausible_drawable_extents_at_plus6_plus8;plausible_frame_record_prefix
PHAPCK_TBL.decoded.bin,pck_object_0057_part_001_choice_000_frame_212,pck_object_0057,pck_object_0057_part_001,pck_object_0057_part_001_choice_000,0x005312,2,-79,7,0x00AA,170,170,170,0,part_plus_signed,0x004C88,0x004D32,yes,0506E300810202050509E80081030303,30,exact_frame_record
PHAPCK_TBL.decoded.bin,pck_object_0057_part_001_choice_000_frame_212,pck_object_0057,pck_object_0057_part_001,pck_object_0057_part_001_choice_000,0x005312,2,-79,7,0x00AA,170,170,170,0,frame_plus_signed,0x005312,0x0053BC,yes,0481000000000F35018100000000123A,30,exact_frame_record
PHAPCK_TBL.decoded.bin,pck_object_0057_part_001_choice_000_frame_212,pck_object_0057,pck_object_0057_part_001,pck_object_0057_part_001_choice_000,0x005312,2,-79,7,0x00AA,170,170,170,0,payload_plus_signed,0x005314,0x0053BE,yes,000000000F35018100000000123A0181,5,plausible_frame_record_prefix
PHAPCK_TBL.decoded.bin,pck_object_0057_part_001_choice_000_frame_224,pck_object_0057,pck_object_0057_part_001,pck_object_0057_part_001_choice_000,0x005372,3,3,1,0x00E8,232,232,232,0,direct_unsigned,0x000000,0x0000E8,yes,0400DB040600EF04080003050A001705,5,plausible_frame_record_prefix
PHAPCK_TBL.decoded.bin,pck_object_0057_part_001_choice_000_frame_224,pck_object_0057,pck_object_0057_part_001,pck_object_0057_part_001_choice_000,0x005372,3,3,1,0x00E8,232,232,232,0,direct_signed,0x000000,0x0000E8,yes,0400DB040600EF04080003050A001705,5,plausible_frame_record_prefix
PHAPCK_TBL.decoded.bin,pck_object_0057_part_001_choice_000_frame_224,pck_object_0057,pck_object_0057_part_001,pck_object_0057_part_001_choice_000,0x005372,3,3,1,0x00E8,232,232,232,0,object_plus_unsigned,0x004C72,0x004D5A,yes,0205FF04080A05FF0B070302FF0100FB,30,exact_frame_record
PHAPCK_TBL.decoded.bin,pck_object_0057_part_001_choice_000_frame_224,pck_object_0057,pck_object_0057_part_001,pck_object_0057_part_001_choice_000,0x005372,3,3,1,0x00E8,232,232,232,0,object_plus_signed,0x004C72,0x004D5A,yes,0205FF04080A05FF0B070302FF0100FB,30,exact_frame_record
PHAPCK_TBL.decoded.bin,pck_object_0057_part_001_choice_000_frame_224,pck_object_0057,pck_object_0057_part_001,pck_object_0057_part_001_choice_000,0x005372,3,3,1,0x00E8,232,232,232,0,block_plus_unsigned,0x004C70,0x004D58,yes,0A0B0205FF04080A05FF0B070302FF01,0,in_range_no_structural_match
PHAPCK_TBL.decoded.bin,pck_object_0057_part_001_choice_000_frame_224,pck_object_0057,pck_object_0057_part_001,pck_object_0057_part_001_choice_000,0x005372,3,3,1,0x00E8,232,232,232,0,block_plus_signed,0x004C70,0x004D58,yes,0A0B0205FF04080A05FF0B070302FF01,0,in_range_no_structural_match
PHAPCK_TBL.decoded.bin,pck_object_0057_part_001_choice_000_frame_224,pck_object_0057,pck_object_0057_part_001,pck_object_0057_part_001_choice_000,0x005372,3,3,1,0x00E8,232,232,232,0,part_plus_signed,0x004C88,0x004D70,yes,01000481030303030F2B018100000000,5,plausible_frame_record_prefix
PHAPCK_TBL.decoded.bin,pck_object_0057_part_001_choice_000_frame_224,pck_object_0057,pck_object_0057_part_001,pck_object_0057_part_001_choice_000,0x005372,3,3,1,0x00E8,232,232,232,0,frame_plus_signed,0x005372,0x00545A,yes,50005A00820050005A0000F800000000,15,plausible_drawable_extents_at_plus6_plus8;plausible_frame_record_prefix
PHAPCK_TBL.decoded.bin,pck_object_0057_part_001_choice_000_frame_224,pck_object_0057,pck_object_0057_part_001,pck_object_0057_part_001_choice_000,0x005372,3,3,1,0x00E8,232,232,232,0,payload_plus_signed,0x005374,0x00545C,yes,5A00820050005A0000F8000000000008,35,exact_frame_record;plausible_frame_record_prefix
PHAPCK_TBL.decoded.bin,pck_object_0057_part_001_choice_000_frame_227,pck_object_0057,pck_object_0057_part_001,pck_object_0057_part_001_choice_000,0x00538A,3,3,12,0x00F7,247,247,247,0,direct_unsigned,0x000000,0x0000F7,yes,050C002B050E003F0500005405020068,0,in_range_no_structural_match
PHAPCK_TBL.decoded.bin,pck_object_0057_part_001_choice_000_frame_227,pck_object_0057,pck_object_0057_part_001,pck_object_0057_part_001_choice_000,0x00538A,3,3,12,0x00F7,247,247,247,0,direct_signed,0x000000,0x0000F7,yes,050C002B050E003F0500005405020068,0,in_range_no_structural_match
PHAPCK_TBL.decoded.bin,pck_object_0057_part_001_choice_000_frame_227,pck_object_0057,pck_object_0057_part_001,pck_object_0057_part_001_choice_000,0x00538A,3,3,12,0x00F7,247,247,247,0,object_plus_unsigned,0x004C72,0x004D69,yes,FB00000005000301000481030303030F,40,exact_frame_table_entry;byte0_high_bit_set;plausible_frame_record_prefix
PHAPCK_TBL.decoded.bin,pck_object_0057_part_001_choice_000_frame_227,pck_object_0057,pck_object_0057_part_001,pck_object_0057_part_001_choice_000,0x00538A,3,3,12,0x00F7,247,247,247,0,object_plus_signed,0x004C72,0x004D69,yes,FB00000005000301000481030303030F,40,exact_frame_table_entry;byte0_high_bit_set;plausible_frame_record_prefix
PHAPCK_TBL.decoded.bin,pck_object_0057_part_001_choice_000_frame_227,pck_object_0057,pck_object_0057_part_001,pck_object_0057_part_001_choice_000,0x00538A,3,3,12,0x00F7,247,247,247,0,block_plus_unsigned,0x004C70,0x004D67,yes,0100FB00000005000301000481030303,5,plausible_frame_record_prefix
PHAPCK_TBL.decoded.bin,pck_object_0057_part_001_choice_000_frame_227,pck_object_0057,pck_object_0057_part_001,pck_object_0057_part_001_choice_000,0x00538A,3,3,12,0x00F7,247,247,247,0,block_plus_signed,0x004C70,0x004D67,yes,0100FB00000005000301000481030303,5,plausible_frame_record_prefix
PHAPCK_TBL.decoded.bin,pck_object_0057_part_001_choice_000_frame_227,pck_object_0057,pck_object_0057_part_001,pck_object_0057_part_001_choice_000,0x00538A,3,3,12,0x00F7,247,247,247,0,part_plus_signed,0x004C88,0x004D7F,yes,00123001810303030315350181030303,0,in_range_no_structural_match
PHAPCK_TBL.decoded.bin,pck_object_0057_part_001_choice_000_frame_227,pck_object_0057,pck_object_0057_part_001,pck_object_0057_part_001_choice_000,0x00538A,3,3,12,0x00F7,247,247,247,0,frame_plus_signed,0x00538A,0x005481,yes,FFA0006AFFBAFFFE07ABFF0000A00060,5,byte0_high_bit_set
PHAPCK_TBL.decoded.bin,pck_object_0057_part_001_choice_000_frame_227,pck_object_0057,pck_object_0057_part_001,pck_object_0057_part_001_choice_000,0x00538A,3,3,12,0x00F7,247,247,247,0,payload_plus_signed,0x00538C,0x005483,yes,006AFFBAFFFE07ABFF0000A00060FFD8,0,in_range_no_structural_match
PHAPCK_TBL.decoded.bin,pck_object_0057_part_001_choice_000_frame_228,pck_object_0057,pck_object_0057_part_001,pck_object_0057_part_001_choice_000,0x005392,3,3,13,0x00FC,252,252,252,0,direct_unsigned,0x000000,0x0000FC,yes,0E003F05000054050200680504007C05,5,plausible_frame_record_prefix
PHAPCK_TBL.decoded.bin,pck_object_0057_part_001_choice_000_frame_228,pck_object_0057,pck_object_0057_part_001,pck_object_0057_part_001_choice_000,0x005392,3,3,13,0x00FC,252,252,252,0,direct_signed,0x000000,0x0000FC,yes,0E003F05000054050200680504007C05,5,plausible_frame_record_prefix
PHAPCK_TBL.decoded.bin,pck_object_0057_part_001_choice_000_frame_228,pck_object_0057,pck_object_0057_part_001,pck_object_0057_part_001_choice_000,0x005392,3,3,13,0x00FC,252,252,252,0,object_plus_unsigned,0x004C72,0x004D6E,yes,000301000481030303030F2B01810000,5,plausible_frame_record_prefix
PHAPCK_TBL.decoded.bin,pck_object_0057_part_001_choice_000_frame_228,pck_object_0057,pck_object_0057_part_001,pck_object_0057_part_001_choice_000,0x005392,3,3,13,0x00FC,252,252,252,0,object_plus_signed,0x004C72,0x004D6E,yes,000301000481030303030F2B01810000,5,plausible_frame_record_prefix
PHAPCK_TBL.decoded.bin,pck_object_0057_part_001_choice_000_frame_228,pck_object_0057,pck_object_0057_part_001,pck_object_0057_part_001_choice_000,0x005392,3,3,13,0x00FC,252,252,252,0,block_plus_unsigned,0x004C70,0x004D6C,yes,0005000301000481030303030F2B0181,0,in_range_no_structural_match
PHAPCK_TBL.decoded.bin,pck_object_0057_part_001_choice_000_frame_228,pck_object_0057,pck_object_0057_part_001,pck_object_0057_part_001_choice_000,0x005392,3,3,13,0x00FC,252,252,252,0,block_plus_signed,0x004C70,0x004D6C,yes,0005000301000481030303030F2B0181,0,in_range_no_structural_match
PHAPCK_TBL.decoded.bin,pck_object_0057_part_001_choice_000_frame_228,pck_object_0057,pck_object_0057_part_001,pck_object_0057_part_001_choice_000,0x005392,3,3,13,0x00FC,252,252,252,0,part_plus_signed,0x004C88,0x004D84,yes,0303030315350181030303030C3A0181,5,plausible_frame_record_prefix
PHAPCK_TBL.decoded.bin,pck_object_0057_part_001_choice_000_frame_228,pck_object_0057,pck_object_0057_part_001,pck_object_0057_part_001_choice_000,0x005392,3,3,13,0x00FC,252,252,252,0,frame_plus_signed,0x005392,0x00548E,yes,A00060FFD8FF000031FC0807820060FF,10,byte0_high_bit_set;plausible_frame_record_prefix
PHAPCK_TBL.decoded.bin,pck_object_0057_part_001_choice_000_frame_228,pck_object_0057,pck_object_0057_part_001,pck_object_0057_part_001_choice_000,0x005392,3,3,13,0x00FC,252,252,252,0,payload_plus_signed,0x005394,0x005490,yes,60FFD8FF000031FC0807820060FFD8FF,0,in_range_no_structural_match
PHAPCK_TBL.decoded.bin,pck_object_0062_part_001_choice_000_frame_044,pck_object_0062,pck_object_0062_part_001,pck_object_0062_part_001_choice_000,0x00541C,3,0,0,0x0000,0,0,0,0,direct_unsigned,0x000000,0x000000,yes,04001E000A003100060045000F005A00,15,plausible_drawable_extents_at_plus6_plus8;plausible_frame_record_prefix
PHAPCK_TBL.decoded.bin,pck_object_0062_part_001_choice_000_frame_044,pck_object_0062,pck_object_0062_part_001,pck_object_0062_part_001_choice_000,0x00541C,3,0,0,0x0000,0,0,0,0,direct_signed,0x000000,0x000000,yes,04001E000A003100060045000F005A00,15,plausible_drawable_extents_at_plus6_plus8;plausible_frame_record_prefix
PHAPCK_TBL.decoded.bin,pck_object_0062_part_001_choice_000_frame_044,pck_object_0062,pck_object_0062_part_001,pck_object_0062_part_001_choice_000,0x00541C,3,0,0,0x0000,0,0,0,0,object_plus_unsigned,0x0052BC,0x0052BC,yes,8000340100000000000002001A000017,105,exact_object_offset;exact_frame_record;byte0_high_bit_set;plausible_object_header;plausible_frame_record_prefix
PHAPCK_TBL.decoded.bin,pck_object_0062_part_001_choice_000_frame_044,pck_object_0062,pck_object_0062_part_001,pck_object_0062_part_001_choice_000,0x00541C,3,0,0,0x0000,0,0,0,0,object_plus_signed,0x0052BC,0x0052BC,yes,8000340100000000000002001A000017,105,exact_object_offset;exact_frame_record;byte0_high_bit_set;plausible_object_header;plausible_frame_record_prefix
PHAPCK_TBL.decoded.bin,pck_object_0062_part_001_choice_000_frame_044,pck_object_0062,pck_object_0062_part_001,pck_object_0062_part_001_choice_000,0x00541C,3,0,0,0x0000,0,0,0,0,block_plus_unsigned,0x0052B0,0x0052B0,yes,15FF070B1510FF10151311FF80003401,25,exact_block_offset
PHAPCK_TBL.decoded.bin,pck_object_0062_part_001_choice_000_frame_044,pck_object_0062,pck_object_0062_part_001,pck_object_0062_part_001_choice_000,0x00541C,3,0,0,0x0000,0,0,0,0,block_plus_signed,0x0052B0,0x0052B0,yes,15FF070B1510FF10151311FF80003401,25,exact_block_offset
PHAPCK_TBL.decoded.bin,pck_object_0062_part_001_choice_000_frame_044,pck_object_0062,pck_object_0062_part_001,pck_object_0062_part_001_choice_000,0x00541C,3,0,0,0x0000,0,0,0,0,part_plus_signed,0x0052D2,0x0052D2,yes,0E172A0001000101E803000000000000,65,exact_part_offset;exact_frame_record
PHAPCK_TBL.decoded.bin,pck_object_0062_part_001_choice_000_frame_044,pck_object_0062,pck_object_0062_part_001,pck_object_0062_part_001_choice_000,0x00541C,3,0,0,0x0000,0,0,0,0,frame_plus_signed,0x00541C,0x00541C,yes,E803000000000000D8076FFE8200DC00,40,exact_frame_record;byte0_high_bit_set;plausible_frame_record_prefix
PHAPCK_TBL.decoded.bin,pck_object_0062_part_001_choice_000_frame_044,pck_object_0062,pck_object_0062_part_001,pck_object_0062_part_001_choice_000,0x00541C,3,0,0,0x0000,0,0,0,0,payload_plus_signed,0x00541E,0x00541E,yes,000000000000D8076FFE8200DC007800,5,plausible_frame_record_prefix
PHAPCK_TBL.decoded.bin,pck_object_0062_part_001_choice_000_frame_063,pck_object_0062,pck_object_0062_part_001,pck_object_0062_part_001_choice_000,0x0054B4,3,3,1,0x00EA,234,234,234,0,direct_unsigned,0x000000,0x0000EA,yes,DB040600EF04080003050A0017050C00,20,byte0_high_bit_set;plausible_object_header
PHAPCK_TBL.decoded.bin,pck_object_0062_part_001_choice_000_frame_063,pck_object_0062,pck_object_0062_part_001,pck_object_0062_part_001_choice_000,0x0054B4,3,3,1,0x00EA,234,234,234,0,direct_signed,0x000000,0x0000EA,yes,DB040600EF04080003050A0017050C00,20,byte0_high_bit_set;plausible_object_header
PHAPCK_TBL.decoded.bin,pck_object_0062_part_001_choice_000_frame_063,pck_object_0062,pck_object_0062_part_001,pck_object_0062_part_001_choice_000,0x0054B4,3,3,1,0x00EA,234,234,234,0,object_plus_unsigned,0x0052BC,0x0053A6,yes,FF020B0703FF0504080AFF0100050100,10,byte0_high_bit_set;plausible_frame_record_prefix
PHAPCK_TBL.decoded.bin,pck_object_0062_part_001_choice_000_frame_063,pck_object_0062,pck_object_0062_part_001,pck_object_0062_part_001_choice_000,0x0054B4,3,3,1,0x00EA,234,234,234,0,object_plus_signed,0x0052BC,0x0053A6,yes,FF020B0703FF0504080AFF0100050100,10,byte0_high_bit_set;plausible_frame_record_prefix
PHAPCK_TBL.decoded.bin,pck_object_0062_part_001_choice_000_frame_063,pck_object_0062,pck_object_0062_part_001,pck_object_0062_part_001_choice_000,0x0054B4,3,3,1,0x00EA,234,234,234,0,block_plus_unsigned,0x0052B0,0x00539A,yes,0405FF04030708FF02050A0BFF020B07,30,exact_frame_record
PHAPCK_TBL.decoded.bin,pck_object_0062_part_001_choice_000_frame_063,pck_object_0062,pck_object_0062_part_001,pck_object_0062_part_001_choice_000,0x0054B4,3,3,1,0x00EA,234,234,234,0,block_plus_signed,0x0052B0,0x00539A,yes,0405FF04030708FF02050A0BFF020B07,30,exact_frame_record
PHAPCK_TBL.decoded.bin,pck_object_0062_part_001_choice_000_frame_063,pck_object_0062,pck_object_0062_part_001,pck_object_0062_part_001_choice_000,0x0054B4,3,3,1,0x00EA,234,234,234,0,part_plus_signed,0x0052D2,0x0053BC,yes,0481000000000F35018100000000123A,30,exact_frame_record
PHAPCK_TBL.decoded.bin,pck_object_0062_part_001_choice_000_frame_063,pck_object_0062,pck_object_0062_part_001,pck_object_0062_part_001_choice_000,0x0054B4,3,3,1,0x00EA,234,234,234,0,frame_plus_signed,0x0054B4,0x00559E,yes,280082006400280000F8000000000008,5,plausible_frame_record_prefix
PHAPCK_TBL.decoded.bin,pck_object_0062_part_001_choice_000_frame_063,pck_object_0062,pck_object_0062_part_001,pck_object_0062_part_001_choice_000,0x0054B4,3,3,1,0x00EA,234,234,234,0,payload_plus_signed,0x0054B6,0x0055A0,yes,82006400280000F80000000000080000,25,byte0_high_bit_set;plausible_object_header;plausible_frame_record_prefix
PHAPCK_TBL.decoded.bin,pck_object_0062_part_001_choice_000_frame_066,pck_object_0062,pck_object_0062_part_001,pck_object_0062_part_001_choice_000,0x0054CC,3,3,12,0x00F9,249,249,249,0,direct_unsigned,0x000000,0x0000F9,yes,002B050E003F05000054050200680504,0,in_range_no_structural_match
PHAPCK_TBL.decoded.bin,pck_object_0062_part_001_choice_000_frame_066,pck_object_0062,pck_object_0062_part_001,pck_object_0062_part_001_choice_000,0x0054CC,3,3,12,0x00F9,249,249,249,0,direct_signed,0x000000,0x0000F9,yes,002B050E003F05000054050200680504,0,in_range_no_structural_match
PHAPCK_TBL.decoded.bin,pck_object_0062_part_001_choice_000_frame_066,pck_object_0062,pck_object_0062_part_001,pck_object_0062_part_001_choice_000,0x0054CC,3,3,12,0x00F9,249,249,249,0,object_plus_unsigned,0x0052BC,0x0053B5,yes,000005000D01000481000000000F3501,5,plausible_frame_record_prefix
PHAPCK_TBL.decoded.bin,pck_object_0062_part_001_choice_000_frame_066,pck_object_0062,pck_object_0062_part_001,pck_object_0062_part_001_choice_000,0x0054CC,3,3,12,0x00F9,249,249,249,0,object_plus_signed,0x0052BC,0x0053B5,yes,000005000D01000481000000000F3501,5,plausible_frame_record_prefix
PHAPCK_TBL.decoded.bin,pck_object_0062_part_001_choice_000_frame_066,pck_object_0062,pck_object_0062_part_001,pck_object_0062_part_001_choice_000,0x0054CC,3,3,12,0x00F9,249,249,249,0,block_plus_unsigned,0x0052B0,0x0053A9,yes,0703FF0504080AFF0100050100000500,5,plausible_frame_record_prefix
PHAPCK_TBL.decoded.bin,pck_object_0062_part_001_choice_000_frame_066,pck_object_0062,pck_object_0062_part_001,pck_object_0062_part_001_choice_000,0x0054CC,3,3,12,0x00F9,249,249,249,0,block_plus_signed,0x0052B0,0x0053A9,yes,0703FF0504080AFF0100050100000500,5,plausible_frame_record_prefix
PHAPCK_TBL.decoded.bin,pck_object_0062_part_001_choice_000_frame_066,pck_object_0062,pck_object_0062_part_001,pck_object_0062_part_001_choice_000,0x0054CC,3,3,12,0x00F9,249,249,249,0,part_plus_signed,0x0052D2,0x0053CB,yes,3A018100000000143F0181000000000C,5,plausible_frame_record_prefix
PHAPCK_TBL.decoded.bin,pck_object_0062_part_001_choice_000_frame_066,pck_object_0062,pck_object_0062_part_001,pck_object_0062_part_001_choice_000,0x0054CC,3,3,12,0x00F9,249,249,249,0,frame_plus_signed,0x0054CC,0x0055C5,yes,00B0FF60FFFE07BFFFD5FFA0009CFF7E,0,in_range_no_structural_match
PHAPCK_TBL.decoded.bin,pck_object_0062_part_001_choice_000_frame_066,pck_object_0062,pck_object_0062_part_001,pck_object_0062_part_001_choice_000,0x0054CC,3,3,12,0x00F9,249,249,249,0,payload_plus_signed,0x0054CE,0x0055C7,yes,FF60FFFE07BFFFD5FFA0009CFF7EFF00,5,byte0_high_bit_set
PHAPCK_TBL.decoded.bin,pck_object_0062_part_001_choice_000_frame_067,pck_object_0062,pck_object_0062_part_001,pck_object_0062_part_001_choice_000,0x0054D4,3,3,13,0x00FE,254,254,254,0,direct_unsigned,0x000000,0x0000FE,yes,3F05000054050200680504007C050D00,0,in_range_no_structural_match
PHAPCK_TBL.decoded.bin,pck_object_0062_part_001_choice_000_frame_067,pck_object_0062,pck_object_0062_part_001,pck_object_0062_part_001_choice_000,0x0054D4,3,3,13,0x00FE,254,254,254,0,direct_signed,0x000000,0x0000FE,yes,3F05000054050200680504007C050D00,0,in_range_no_structural_match
PHAPCK_TBL.decoded.bin,pck_object_0062_part_001_choice_000_frame_067,pck_object_0062,pck_object_0062_part_001,pck_object_0062_part_001_choice_000,0x0054D4,3,3,13,0x00FE,254,254,254,0,object_plus_unsigned,0x0052BC,0x0053BA,yes,01000481000000000F35018100000000,35,exact_frame_record;plausible_frame_record_prefix
PHAPCK_TBL.decoded.bin,pck_object_0062_part_001_choice_000_frame_067,pck_object_0062,pck_object_0062_part_001,pck_object_0062_part_001_choice_000,0x0054D4,3,3,13,0x00FE,254,254,254,0,object_plus_signed,0x0052BC,0x0053BA,yes,01000481000000000F35018100000000,35,exact_frame_record;plausible_frame_record_prefix
PHAPCK_TBL.decoded.bin,pck_object_0062_part_001_choice_000_frame_067,pck_object_0062,pck_object_0062_part_001,pck_object_0062_part_001_choice_000,0x0054D4,3,3,13,0x00FE,254,254,254,0,block_plus_unsigned,0x0052B0,0x0053AE,yes,080AFF01000501000005000D01000481,0,in_range_no_structural_match
PHAPCK_TBL.decoded.bin,pck_object_0062_part_001_choice_000_frame_067,pck_object_0062,pck_object_0062_part_001,pck_object_0062_part_001_choice_000,0x0054D4,3,3,13,0x00FE,254,254,254,0,block_plus_signed,0x0052B0,0x0053AE,yes,080AFF01000501000005000D01000481,0,in_range_no_structural_match
PHAPCK_TBL.decoded.bin,pck_object_0062_part_001_choice_000_frame_067,pck_object_0062,pck_object_0062_part_001,pck_object_0062_part_001_choice_000,0x0054D4,3,3,13,0x00FE,254,254,254,0,part_plus_signed,0x0052D2,0x0053D0,yes,0000143F0181000000000C4401810000,5,plausible_frame_record_prefix
PHAPCK_TBL.decoded.bin,pck_object_0062_part_001_choice_000_frame_067,pck_object_0062,pck_object_0062_part_001,pck_object_0062_part_001_choice_000,0x0054D4,3,3,13,0x00FE,254,254,254,0,frame_plus_signed,0x0054D4,0x0055D2,yes,9CFF7EFF0000D2FA180682009CFF7EFF,5,byte0_high_bit_set
PHAPCK_TBL.decoded.bin,pck_object_0062_part_001_choice_000_frame_067,pck_object_0062,pck_object_0062_part_001,pck_object_0062_part_001_choice_000,0x0054D4,3,3,13,0x00FE,254,254,254,0,payload_plus_signed,0x0054D6,0x0055D4,yes,7EFF0000D2FA180682009CFF7EFF0000,30,exact_frame_record
PHAPCK_TBL.decoded.bin,pck_object_0062_part_001_choice_000_frame_089,pck_object_0062,pck_object_0062_part_001,pck_object_0062_part_001_choice_000,0x005584,3,-5,-8,0x0082,130,130,130,0,direct_unsigned,0x000000,0x000082,yes,B3020900C8020200DE020B00F3020400,25,byte0_high_bit_set;plausible_object_header;plausible_frame_record_prefix
PHAPCK_TBL.decoded.bin,pck_object_0062_part_001_choice_000_frame_089,pck_object_0062,pck_object_0062_part_001,pck_object_0062_part_001_choice_000,0x005584,3,-5,-8,0x0082,130,130,130,0,direct_signed,0x000000,0x000082,yes,B3020900C8020200DE020B00F3020400,25,byte0_high_bit_set;plausible_object_header;plausible_frame_record_prefix
PHAPCK_TBL.decoded.bin,pck_object_0062_part_001_choice_000_frame_089,pck_object_0062,pck_object_0062_part_001,pck_object_0062_part_001_choice_000,0x005584,3,-5,-8,0x0082,130,130,130,0,object_plus_unsigned,0x0052BC,0x00533E,yes,8200A0002EFF8200FE07B5FF0000A000,10,byte0_high_bit_set;plausible_frame_record_prefix
PHAPCK_TBL.decoded.bin,pck_object_0062_part_001_choice_000_frame_089,pck_object_0062,pck_object_0062_part_001,pck_object_0062_part_001_choice_000,0x005584,3,-5,-8,0x0082,130,130,130,0,object_plus_signed,0x0052BC,0x00533E,yes,8200A0002EFF8200FE07B5FF0000A000,10,byte0_high_bit_set;plausible_frame_record_prefix
PHAPCK_TBL.decoded.bin,pck_object_0062_part_001_choice_000_frame_089,pck_object_0062,pck_object_0062_part_001,pck_object_0062_part_001_choice_000,0x005584,3,-5,-8,0x0082,130,130,130,0,block_plus_unsigned,0x0052B0,0x005332,yes,38FF00004B0002F882002EFF8200A000,30,exact_frame_record
PHAPCK_TBL.decoded.bin,pck_object_0062_part_001_choice_000_frame_089,pck_object_0062,pck_object_0062_part_001,pck_object_0062_part_001_choice_000,0x005584,3,-5,-8,0x0082,130,130,130,0,block_plus_signed,0x0052B0,0x005332,yes,38FF00004B0002F882002EFF8200A000,30,exact_frame_record
PHAPCK_TBL.decoded.bin,pck_object_0062_part_001_choice_000_frame_089,pck_object_0062,pck_object_0062_part_001,pck_object_0062_part_001_choice_000,0x005584,3,-5,-8,0x0082,130,130,130,0,part_plus_signed,0x0052D2,0x005354,yes,69FFFA0782002EFFA000000000F80000,30,exact_frame_record
PHAPCK_TBL.decoded.bin,pck_object_0062_part_001_choice_000_frame_089,pck_object_0062,pck_object_0062_part_001,pck_object_0062_part_001_choice_000,0x005584,3,-5,-8,0x0082,130,130,130,0,frame_plus_signed,0x005584,0x005606,yes,02050509E60081030303030CEB008103,0,in_range_no_structural_match
PHAPCK_TBL.decoded.bin,pck_object_0062_part_001_choice_000_frame_089,pck_object_0062,pck_object_0062_part_001,pck_object_0062_part_001_choice_000,0x005584,3,-5,-8,0x0082,130,130,130,0,payload_plus_signed,0x005586,0x005608,yes,0509E60081030303030CEB0081030303,0,in_range_no_structural_match
PHAPCK_TBL.decoded.bin,pck_object_0062_part_001_choice_000_frame_103,pck_object_0062,pck_object_0062_part_001,pck_object_0062_part_001_choice_000,0x0055F4,3,3,3,0x0103,259,259,3,1,direct_unsigned,0x000000,0x000103,yes,050200680504007C050D0091050600A7,5,plausible_frame_record_prefix
PHAPCK_TBL.decoded.bin,pck_object_0062_part_001_choice_000_frame_103,pck_object_0062,pck_object_0062_part_001,pck_object_0062_part_001_choice_000,0x0055F4,3,3,3,0x0103,259,259,3,1,direct_signed,0x000000,0x000103,yes,050200680504007C050D0091050600A7,5,plausible_frame_record_prefix
PHAPCK_TBL.decoded.bin,pck_object_0062_part_001_choice_000_frame_103,pck_object_0062,pck_object_0062_part_001,pck_object_0062_part_001_choice_000,0x0055F4,3,3,3,0x0103,259,259,3,1,object_plus_unsigned,0x0052BC,0x0053BF,yes,0000000F35018100000000123A018100,5,plausible_frame_record_prefix
PHAPCK_TBL.decoded.bin,pck_object_0062_part_001_choice_000_frame_103,pck_object_0062,pck_object_0062_part_001,pck_object_0062_part_001_choice_000,0x0055F4,3,3,3,0x0103,259,259,3,1,object_plus_signed,0x0052BC,0x0053BF,yes,0000000F35018100000000123A018100,5,plausible_frame_record_prefix
PHAPCK_TBL.decoded.bin,pck_object_0062_part_001_choice_000_frame_103,pck_object_0062,pck_object_0062_part_001,pck_object_0062_part_001_choice_000,0x0055F4,3,3,3,0x0103,259,259,3,1,block_plus_unsigned,0x0052B0,0x0053B3,yes,0501000005000D01000481000000000F,5,plausible_frame_record_prefix
PHAPCK_TBL.decoded.bin,pck_object_0062_part_001_choice_000_frame_103,pck_object_0062,pck_object_0062_part_001,pck_object_0062_part_001_choice_000,0x0055F4,3,3,3,0x0103,259,259,3,1,block_plus_signed,0x0052B0,0x0053B3,yes,0501000005000D01000481000000000F,5,plausible_frame_record_prefix
PHAPCK_TBL.decoded.bin,pck_object_0062_part_001_choice_000_frame_103,pck_object_0062,pck_object_0062_part_001,pck_object_0062_part_001_choice_000,0x0055F4,3,3,3,0x0103,259,259,3,1,part_plus_signed,0x0052D2,0x0053D5,yes,81000000000C44018100000000164901,25,byte0_high_bit_set;plausible_object_header;plausible_frame_record_prefix
PHAPCK_TBL.decoded.bin,pck_object_0062_part_001_choice_000_frame_103,pck_object_0062,pck_object_0062_part_001,pck_object_0062_part_001_choice_000,0x0055F4,3,3,3,0x0103,259,259,3,1,frame_plus_signed,0x0055F4,0x0056F7,yes,0038FF00005D0627FB820046006AFFA0,0,in_range_no_structural_match
PHAPCK_TBL.decoded.bin,pck_object_0062_part_001_choice_000_frame_103,pck_object_0062,pck_object_0062_part_001,pck_object_0062_part_001_choice_000,0x0055F4,3,3,3,0x0103,259,259,3,1,payload_plus_signed,0x0055F6,0x0056F9,yes,FF00005D0627FB820046006AFFA00046,10,byte0_high_bit_set;plausible_frame_record_prefix
PHAPCK_TBL.decoded.bin,pck_object_0062_part_001_choice_000_frame_104,pck_object_0062,pck_object_0062_part_001,pck_object_0062_part_001_choice_000,0x0055FC,2,2,5,0x0605,1541,1541,5,6,direct_unsigned,0x000000,0x000605,yes,92FF00F8000000002800D8FFCAFE2800,5,byte0_high_bit_set
PHAPCK_TBL.decoded.bin,pck_object_0062_part_001_choice_000_frame_104,pck_object_0062,pck_object_0062_part_001,pck_object_0062_part_001_choice_000,0x0055FC,2,2,5,0x0605,1541,1541,5,6,direct_signed,0x000000,0x000605,yes,92FF00F8000000002800D8FFCAFE2800,5,byte0_high_bit_set
PHAPCK_TBL.decoded.bin,pck_object_0062_part_001_choice_000_frame_104,pck_object_0062,pck_object_0062_part_001,pck_object_0062_part_001_choice_000,0x0055FC,2,2,5,0x0605,1541,1541,5,6,object_plus_unsigned,0x0052BC,0x0058C1,yes,030316490181030303030E4E01810202,5,plausible_frame_record_prefix
PHAPCK_TBL.decoded.bin,pck_object_0062_part_001_choice_000_frame_104,pck_object_0062,pck_object_0062_part_001,pck_object_0062_part_001_choice_000,0x0055FC,2,2,5,0x0605,1541,1541,5,6,object_plus_signed,0x0052BC,0x0058C1,yes,030316490181030303030E4E01810202,5,plausible_frame_record_prefix
PHAPCK_TBL.decoded.bin,pck_object_0062_part_001_choice_000_frame_104,pck_object_0062,pck_object_0062_part_001,pck_object_0062_part_001_choice_000,0x0055FC,2,2,5,0x0605,1541,1541,5,6,block_plus_unsigned,0x0052B0,0x0058B5,yes,01810000000015440181030303031649,0,in_range_no_structural_match
PHAPCK_TBL.decoded.bin,pck_object_0062_part_001_choice_000_frame_104,pck_object_0062,pck_object_0062_part_001,pck_object_0062_part_001_choice_000,0x0055FC,2,2,5,0x0605,1541,1541,5,6,block_plus_signed,0x0052B0,0x0058B5,yes,01810000000015440181030303031649,0,in_range_no_structural_match
PHAPCK_TBL.decoded.bin,pck_object_0062_part_001_choice_000_frame_104,pck_object_0062,pck_object_0062_part_001,pck_object_0062_part_001_choice_000,0x0055FC,2,2,5,0x0605,1541,1541,5,6,part_plus_signed,0x0052D2,0x0058D7,yes,0303030317580102030405FF0708090A,5,plausible_frame_record_prefix
PHAPCK_TBL.decoded.bin,pck_object_0062_part_001_choice_000_frame_104,pck_object_0062,pck_object_0062_part_001,pck_object_0062_part_001_choice_000,0x0055FC,2,2,5,0x0605,1541,1541,5,6,frame_plus_signed,0x0055FC,0x005C01,yes,C4FFA6FF2800ECFF00000F073DFCA6FF,5,byte0_high_bit_set
PHAPCK_TBL.decoded.bin,pck_object_0062_part_001_choice_000_frame_104,pck_object_0062,pck_object_0062_part_001,pck_object_0062_part_001_choice_000,0x0055FC,2,2,5,0x0605,1541,1541,5,6,payload_plus_signed,0x0055FE,0x005C03,yes,A6FF2800ECFF00000F073DFCA6FF2800,5,byte0_high_bit_set
PHAPCK_TBL.decoded.bin,pck_object_0062_part_001_choice_000_frame_105,pck_object_0062,pck_object_0062_part_001,pck_object_0062_part_001_choice_000,0x005604,2,2,5,0x0905,2309,2309,5,9,direct_unsigned,0x000000,0x000905,yes,00430100000000000001001200000C1A,0,in_range_no_structural_match
PHAPCK_TBL.decoded.bin,pck_object_0062_part_001_choice_000_frame_105,pck_object_0062,pck_object_0062_part_001,pck_object_0062_part_001_choice_000,0x005604,2,2,5,0x0905,2309,2309,5,9,direct_signed,0x000000,0x000905,yes,00430100000000000001001200000C1A,0,in_range_no_structural_match
PHAPCK_TBL.decoded.bin,pck_object_0062_part_001_choice_000_frame_105,pck_object_0062,pck_object_0062_part_001,pck_object_0062_part_001_choice_000,0x005604,2,2,5,0x0905,2309,2309,5,9,object_plus_unsigned,0x0052BC,0x005BC1,yes,091003FF0A05040DFF0403100DFF8000,0,in_range_no_structural_match
PHAPCK_TBL.decoded.bin,pck_object_0062_part_001_choice_000_frame_105,pck_object_0062,pck_object_0062_part_001,pck_object_0062_part_001_choice_000,0x005604,2,2,5,0x0905,2309,2309,5,9,object_plus_signed,0x0052BC,0x005BC1,yes,091003FF0A05040DFF0403100DFF8000,0,in_range_no_structural_match
PHAPCK_TBL.decoded.bin,pck_object_0062_part_001_choice_000_frame_105,pck_object_0062,pck_object_0062_part_001,pck_object_0062_part_001_choice_000,0x005604,2,2,5,0x0905,2309,2309,5,9,block_plus_unsigned,0x0052B0,0x005BB5,yes,FF0F12130CFF02050A09FF02091003FF,5,byte0_high_bit_set
PHAPCK_TBL.decoded.bin,pck_object_0062_part_001_choice_000_frame_105,pck_object_0062,pck_object_0062_part_001,pck_object_0062_part_001_choice_000,0x005604,2,2,5,0x0905,2309,2309,5,9,block_plus_signed,0x0052B0,0x005BB5,yes,FF0F12130CFF02050A09FF02091003FF,5,byte0_high_bit_set
PHAPCK_TBL.decoded.bin,pck_object_0062_part_001_choice_000_frame_105,pck_object_0062,pck_object_0062_part_001,pck_object_0062_part_001_choice_000,0x005604,2,2,5,0x0905,2309,2309,5,9,part_plus_signed,0x0052D2,0x005BD7,yes,000001001D00001825000100B5000CFE,5,plausible_frame_record_prefix
PHAPCK_TBL.decoded.bin,pck_object_0062_part_001_choice_000_frame_105,pck_object_0062,pck_object_0062_part_001,pck_object_0062_part_001_choice_000,0x005604,2,2,5,0x0905,2309,2309,5,9,frame_plus_signed,0x005604,0x005F09,yes,A6FF5A00CAFE0000DC061D0400002CFC,5,byte0_high_bit_set
PHAPCK_TBL.decoded.bin,pck_object_0062_part_001_choice_000_frame_105,pck_object_0062,pck_object_0062_part_001,pck_object_0062_part_001_choice_000,0x005604,2,2,5,0x0905,2309,2309,5,9,payload_plus_signed,0x005606,0x005F0B,yes,5A00CAFE0000DC061D0400002CFCFBF8,5,plausible_frame_record_prefix
PHAPCK_TBL.decoded.bin,pck_object_0062_part_001_choice_000_frame_106,pck_object_0062,pck_object_0062_part_001,pck_object_0062_part_001_choice_000,0x00560C,3,3,3,0x0C03,3075,3075,3,12,direct_unsigned,0x000000,0x000C03,yes,81030303030C42018102020505164701,40,exact_frame_record;byte0_high_bit_set;plausible_frame_record_prefix
PHAPCK_TBL.decoded.bin,pck_object_0062_part_001_choice_000_frame_106,pck_object_0062,pck_object_0062_part_001,pck_object_0062_part_001_choice_000,0x00560C,3,3,3,0x0C03,3075,3075,3,12,direct_signed,0x000000,0x000C03,yes,81030303030C42018102020505164701,40,exact_frame_record;byte0_high_bit_set;plausible_frame_record_prefix
PHAPCK_TBL.decoded.bin,pck_object_0062_part_001_choice_000_frame_106,pck_object_0062,pck_object_0062_part_001,pck_object_0062_part_001_choice_000,0x00560C,3,3,3,0x0C03,3075,3075,3,12,object_plus_unsigned,0x0052BC,0x005EBF,yes,58FAA6FF3C00FCFED8FF3C00FCFED8FF,0,in_range_no_structural_match
PHAPCK_TBL.decoded.bin,pck_object_0062_part_001_choice_000_frame_106,pck_object_0062,pck_object_0062_part_001,pck_object_0062_part_001_choice_000,0x00560C,3,3,3,0x0C03,3075,3075,3,12,object_plus_signed,0x0052BC,0x005EBF,yes,58FAA6FF3C00FCFED8FF3C00FCFED8FF,0,in_range_no_structural_match
PHAPCK_TBL.decoded.bin,pck_object_0062_part_001_choice_000_frame_106,pck_object_0062,pck_object_0062_part_001,pck_object_0062_part_001_choice_000,0x00560C,3,3,3,0x0C03,3075,3075,3,12,block_plus_unsigned,0x0052B0,0x005EB3,yes,0A00A6FFC800F6FF0000A80558FAA6FF,5,plausible_frame_record_prefix
PHAPCK_TBL.decoded.bin,pck_object_0062_part_001_choice_000_frame_106,pck_object_0062,pck_object_0062_part_001,pck_object_0062_part_001_choice_000,0x00560C,3,3,3,0x0C03,3075,3075,3,12,block_plus_signed,0x0052B0,0x005EB3,yes,0A00A6FFC800F6FF0000A80558FAA6FF,5,plausible_frame_record_prefix
PHAPCK_TBL.decoded.bin,pck_object_0062_part_001_choice_000_frame_106,pck_object_0062,pck_object_0062_part_001,pck_object_0062_part_001_choice_000,0x00560C,3,3,3,0x0C03,3075,3075,3,12,part_plus_signed,0x0052D2,0x005ED5,yes,BE007EFF00F800000000A6FFECFF06FF,10,byte0_high_bit_set;plausible_frame_record_prefix
PHAPCK_TBL.decoded.bin,pck_object_0062_part_001_choice_000_frame_106,pck_object_0062,pck_object_0062_part_001,pck_object_0062_part_001_choice_000,0x00560C,3,3,3,0x0C03,3075,3075,3,12,frame_plus_signed,0x00560C,0x00620F,yes,0303030B360181030303030E3A018100,5,plausible_frame_record_prefix
PHAPCK_TBL.decoded.bin,pck_object_0062_part_001_choice_000_frame_106,pck_object_0062,pck_object_0062_part_001,pck_object_0062_part_001_choice_000,0x00560C,3,3,3,0x0C03,3075,3075,3,12,payload_plus_signed,0x00560E,0x006211,yes,030B360181030303030E3A0181000000,0,in_range_no_structural_match
PHAPCK_TBL.decoded.bin,pck_object_0062_part_001_choice_000_frame_107,pck_object_0062,pck_object_0062_part_001,pck_object_0062_part_001_choice_000,0x005614,3,3,3,0x0D03,3331,3331,3,13,direct_unsigned,0x000000,0x000D03,yes,03030DFC0002030405FF07080403FF0A,35,exact_frame_record;plausible_frame_record_prefix
PHAPCK_TBL.decoded.bin,pck_object_0062_part_001_choice_000_frame_107,pck_object_0062,pck_object_0062_part_001,pck_object_0062_part_001_choice_000,0x005614,3,3,3,0x0D03,3331,3331,3,13,direct_signed,0x000000,0x000D03,yes,03030DFC0002030405FF07080403FF0A,35,exact_frame_record;plausible_frame_record_prefix
PHAPCK_TBL.decoded.bin,pck_object_0062_part_001_choice_000_frame_107,pck_object_0062,pck_object_0062_part_001,pck_object_0062_part_001_choice_000,0x005614,3,3,3,0x0D03,3331,3331,3,13,object_plus_unsigned,0x0052BC,0x005FBF,yes,13FF0F12130CFF02050A09FF02091003,0,in_range_no_structural_match
PHAPCK_TBL.decoded.bin,pck_object_0062_part_001_choice_000_frame_107,pck_object_0062,pck_object_0062_part_001,pck_object_0062_part_001_choice_000,0x005614,3,3,3,0x0D03,3331,3331,3,13,object_plus_signed,0x0052BC,0x005FBF,yes,13FF0F12130CFF02050A09FF02091003,0,in_range_no_structural_match
PHAPCK_TBL.decoded.bin,pck_object_0062_part_001_choice_000_frame_107,pck_object_0062,pck_object_0062_part_001,pck_object_0062_part_001_choice_000,0x005614,3,3,3,0x0D03,3331,3331,3,13,block_plus_unsigned,0x0052B0,0x005FB3,yes,FF120F08FF13070CFF12080713FF0F12,5,byte0_high_bit_set
PHAPCK_TBL.decoded.bin,pck_object_0062_part_001_choice_000_frame_107,pck_object_0062,pck_object_0062_part_001,pck_object_0062_part_001_choice_000,0x005614,3,3,3,0x0D03,3331,3331,3,13,block_plus_signed,0x0052B0,0x005FB3,yes,FF120F08FF13070CFF12080713FF0F12,5,byte0_high_bit_set
PHAPCK_TBL.decoded.bin,pck_object_0062_part_001_choice_000_frame_107,pck_object_0062,pck_object_0062_part_001,pck_object_0062_part_001_choice_000,0x005614,3,3,3,0x0D03,3331,3331,3,13,part_plus_signed,0x0052D2,0x005FD5,yes,0403100DFF80004F0100000000000001,5,plausible_frame_record_prefix
PHAPCK_TBL.decoded.bin,pck_object_0062_part_001_choice_000_frame_107,pck_object_0062,pck_object_0062_part_001,pck_object_0062_part_001_choice_000,0x005614,3,3,3,0x0D03,3331,3331,3,13,frame_plus_signed,0x005614,0x006317,yes,00CAFE00001D04DC060000000000F800,0,in_range_no_structural_match
PHAPCK_TBL.decoded.bin,pck_object_0062_part_001_choice_000_frame_107,pck_object_0062,pck_object_0062_part_001,pck_object_0062_part_001_choice_000,0x005614,3,3,3,0x0D03,3331,3331,3,13,payload_plus_signed,0x005616,0x006319,yes,FE00001D04DC060000000000F8000058,25,byte0_high_bit_set;plausible_object_header;plausible_frame_record_prefix
PHAPCK_TBL.decoded.bin,pck_object_0062_part_001_choice_000_frame_108,pck_object_0062,pck_object_0062_part_001,pck_object_0062_part_001_choice_000,0x00561C,3,4,5,0x04FF,1279,1279,255,4,direct_unsigned,0x000000,0x0004FF,yes,0000000D00B800080081080F00010120,5,plausible_frame_record_prefix
PHAPCK_TBL.decoded.bin,pck_object_0062_part_001_choice_000_frame_108,pck_object_0062,pck_object_0062_part_001,pck_object_0062_part_001_choice_000,0x00561C,3,4,5,0x04FF,1279,1279,255,4,direct_signed,0x000000,0x0004FF,yes,0000000D00B800080081080F00010120,5,plausible_frame_record_prefix
PHAPCK_TBL.decoded.bin,pck_object_0062_part_001_choice_000_frame_108,pck_object_0062,pck_object_0062_part_001,pck_object_0062_part_001_choice_000,0x00561C,3,4,5,0x04FF,1279,1279,255,4,object_plus_unsigned,0x0052BC,0x0057BB,yes,0B1510FF10151311FF80004F01000000,0,in_range_no_structural_match
PHAPCK_TBL.decoded.bin,pck_object_0062_part_001_choice_000_frame_108,pck_object_0062,pck_object_0062_part_001,pck_object_0062_part_001_choice_000,0x00561C,3,4,5,0x04FF,1279,1279,255,4,object_plus_signed,0x0052BC,0x0057BB,yes,0B1510FF10151311FF80004F01000000,0,in_range_no_structural_match
PHAPCK_TBL.decoded.bin,pck_object_0062_part_001_choice_000_frame_108,pck_object_0062,pck_object_0062_part_001,pck_object_0062_part_001_choice_000,0x00561C,3,4,5,0x04FF,1279,1279,255,4,block_plus_unsigned,0x0052B0,0x0057AF,yes,FF130A0811FF0B0A1315FF070B1510FF,5,byte0_high_bit_set
PHAPCK_TBL.decoded.bin,pck_object_0062_part_001_choice_000_frame_108,pck_object_0062,pck_object_0062_part_001,pck_object_0062_part_001_choice_000,0x00561C,3,4,5,0x04FF,1279,1279,255,4,block_plus_signed,0x0052B0,0x0057AF,yes,FF130A0811FF0B0A1315FF070B1510FF,5,byte0_high_bit_set
PHAPCK_TBL.decoded.bin,pck_object_0062_part_001_choice_000_frame_108,pck_object_0062,pck_object_0062_part_001,pck_object_0062_part_001_choice_000,0x00561C,3,4,5,0x04FF,1279,1279,255,4,part_plus_signed,0x0052D2,0x0057D1,yes,0000181A000100AA000CFE640018FC00,5,plausible_frame_record_prefix
PHAPCK_TBL.decoded.bin,pck_object_0062_part_001_choice_000_frame_108,pck_object_0062,pck_object_0062_part_001,pck_object_0062_part_001_choice_000,0x00561C,3,4,5,0x04FF,1279,1279,255,4,frame_plus_signed,0x00561C,0x005B1B,yes,FA0100B00000000D00B800B600810301,10,byte0_high_bit_set;plausible_frame_record_prefix
PHAPCK_TBL.decoded.bin,pck_object_0062_part_001_choice_000_frame_108,pck_object_0062,pck_object_0062_part_001,pck_object_0062_part_001_choice_000,0x00561C,3,4,5,0x04FF,1279,1279,255,4,payload_plus_signed,0x00561E,0x005B1D,yes,00B00000000D00B800B6008103010301,0,in_range_no_structural_match
PHAPCK_TBL.decoded.bin,pck_object_0065_part_000_choice_000_frame_005,pck_object_0065,pck_object_0065_part_000,pck_object_0065_part_000_choice_000,0x0056AA,3,-126,0,0x0122,290,290,34,1,direct_unsigned,0x000000,0x000122,yes,FD05030013060C00280605003E060E00,20,byte0_high_bit_set;plausible_object_header
PHAPCK_TBL.decoded.bin,pck_object_0065_part_000_choice_000_frame_005,pck_object_0065,pck_object_0065_part_000,pck_object_0065_part_000_choice_000,0x0056AA,3,-126,0,0x0122,290,290,34,1,direct_signed,0x000000,0x000122,yes,FD05030013060C00280605003E060E00,20,byte0_high_bit_set;plausible_object_header
PHAPCK_TBL.decoded.bin,pck_object_0065_part_000_choice_000_frame_005,pck_object_0065,pck_object_0065_part_000,pck_object_0065_part_000_choice_000,0x0056AA,3,-126,0,0x0122,290,290,34,1,object_plus_unsigned,0x005682,0x0057A4,yes,00000000163F0110110807FF130A0811,5,plausible_frame_record_prefix
PHAPCK_TBL.decoded.bin,pck_object_0065_part_000_choice_000_frame_005,pck_object_0065,pck_object_0065_part_000,pck_object_0065_part_000_choice_000,0x0056AA,3,-126,0,0x0122,290,290,34,1,object_plus_signed,0x005682,0x0057A4,yes,00000000163F0110110807FF130A0811,5,plausible_frame_record_prefix
PHAPCK_TBL.decoded.bin,pck_object_0065_part_000_choice_000_frame_005,pck_object_0065,pck_object_0065_part_000,pck_object_0065_part_000_choice_000,0x0056AA,3,-126,0,0x0122,290,290,34,1,block_plus_unsigned,0x005680,0x0057A2,yes,018100000000163F0110110807FF130A,30,exact_frame_record
PHAPCK_TBL.decoded.bin,pck_object_0065_part_000_choice_000_frame_005,pck_object_0065,pck_object_0065_part_000,pck_object_0065_part_000_choice_000,0x0056AA,3,-126,0,0x0122,290,290,34,1,block_plus_signed,0x005680,0x0057A2,yes,018100000000163F0110110807FF130A,30,exact_frame_record
PHAPCK_TBL.decoded.bin,pck_object_0065_part_000_choice_000_frame_005,pck_object_0065,pck_object_0065_part_000,pck_object_0065_part_000_choice_000,0x0056AA,3,-126,0,0x0122,290,290,34,1,part_plus_signed,0x005690,0x0057B2,yes,0811FF0B0A1315FF070B1510FF101513,30,exact_frame_record
PHAPCK_TBL.decoded.bin,pck_object_0065_part_000_choice_000_frame_005,pck_object_0065,pck_object_0065_part_000,pck_object_0065_part_000_choice_000,0x0056AA,3,-126,0,0x0122,290,290,34,1,frame_plus_signed,0x0056AA,0x0057CC,yes,00000100120000181A000100AA000CFE,5,plausible_frame_record_prefix
PHAPCK_TBL.decoded.bin,pck_object_0065_part_000_choice_000_frame_005,pck_object_0065,pck_object_0065_part_000,pck_object_0065_part_000_choice_000,0x0056AA,3,-126,0,0x0122,290,290,34,1,payload_plus_signed,0x0056AC,0x0057CE,yes,0100120000181A000100AA000CFE6400,15,plausible_drawable_extents_at_plus6_plus8;plausible_frame_record_prefix
PHAPCK_TBL.decoded.bin,pck_object_0065_part_000_choice_000_frame_087,pck_object_0065,pck_object_0065_part_000,pck_object_0065_part_000_choice_000,0x00593A,2,-1,-16,0xD807,55303,-10233,7,216,direct_unsigned,0x000000,0x00D807,no,,0,outside_decoded_stream
PHAPCK_TBL.decoded.bin,pck_object_0065_part_000_choice_000_frame_087,pck_object_0065,pck_object_0065_part_000,pck_object_0065_part_000_choice_000,0x00593A,2,-1,-16,0xD807,55303,-10233,7,216,direct_signed,0x000000,-0x0027F9,no,,0,outside_decoded_stream
PHAPCK_TBL.decoded.bin,pck_object_0065_part_000_choice_000_frame_087,pck_object_0065,pck_object_0065_part_000,pck_object_0065_part_000_choice_000,0x00593A,2,-1,-16,0xD807,55303,-10233,7,216,object_plus_unsigned,0x005682,0x012E89,no,,0,outside_decoded_stream
PHAPCK_TBL.decoded.bin,pck_object_0065_part_000_choice_000_frame_087,pck_object_0065,pck_object_0065_part_000,pck_object_0065_part_000_choice_000,0x00593A,2,-1,-16,0xD807,55303,-10233,7,216,object_plus_signed,0x005682,0x002E89,yes,00AC0000000D00B40001018103010301,0,in_range_no_structural_match
PHAPCK_TBL.decoded.bin,pck_object_0065_part_000_choice_000_frame_087,pck_object_0065,pck_object_0065_part_000,pck_object_0065_part_000_choice_000,0x00593A,2,-1,-16,0xD807,55303,-10233,7,216,block_plus_unsigned,0x005680,0x012E87,no,,0,outside_decoded_stream
PHAPCK_TBL.decoded.bin,pck_object_0065_part_000_choice_000_frame_087,pck_object_0065,pck_object_0065_part_000,pck_object_0065_part_000_choice_000,0x00593A,2,-1,-16,0xD807,55303,-10233,7,216,block_plus_signed,0x005680,0x002E87,yes,FF0100AC0000000D00B4000101810301,10,byte0_high_bit_set;plausible_frame_record_prefix
PHAPCK_TBL.decoded.bin,pck_object_0065_part_000_choice_000_frame_087,pck_object_0065,pck_object_0065_part_000,pck_object_0065_part_000_choice_000,0x00593A,2,-1,-16,0xD807,55303,-10233,7,216,part_plus_signed,0x005690,0x002E97,yes,0301011C018102020505062101810000,5,plausible_frame_record_prefix
PHAPCK_TBL.decoded.bin,pck_object_0065_part_000_choice_000_frame_087,pck_object_0065,pck_object_0065_part_000,pck_object_0065_part_000_choice_000,0x00593A,2,-1,-16,0xD807,55303,-10233,7,216,frame_plus_signed,0x00593A,0x003141,yes,00B60001018103010301011E01810202,0,in_range_no_structural_match
PHAPCK_TBL.decoded.bin,pck_object_0065_part_000_choice_000_frame_087,pck_object_0065,pck_object_0065_part_000,pck_object_0065_part_000_choice_000,0x00593A,2,-1,-16,0xD807,55303,-10233,7,216,payload_plus_signed,0x00593C,0x003143,yes,0001018103010301011E018102020505,5,plausible_frame_record_prefix
PHAPCK_TBL.decoded.bin,pck_object_0065_part_000_choice_000_frame_111,pck_object_0065,pck_object_0065_part_000,pck_object_0065_part_000_choice_000,0x0059FA,3,14,64,0x8101,33025,-32511,1,129,direct_unsigned,0x000000,0x008101,yes,FFA0003C001AFF000058FA58FA82003C,5,byte0_high_bit_set
PHAPCK_TBL.decoded.bin,pck_object_0065_part_000_choice_000_frame_111,pck_object_0065,pck_object_0065_part_000,pck_object_0065_part_000_choice_000,0x0059FA,3,14,64,0x8101,33025,-32511,1,129,direct_signed,0x000000,-0x007EFF,no,,0,outside_decoded_stream
PHAPCK_TBL.decoded.bin,pck_object_0065_part_000_choice_000_frame_111,pck_object_0065,pck_object_0065_part_000,pck_object_0065_part_000_choice_000,0x0059FA,3,14,64,0x8101,33025,-32511,1,129,object_plus_unsigned,0x005682,0x00D783,no,,0,outside_decoded_stream
PHAPCK_TBL.decoded.bin,pck_object_0065_part_000_choice_000_frame_111,pck_object_0065,pck_object_0065_part_000,pck_object_0065_part_000_choice_000,0x0059FA,3,14,64,0x8101,33025,-32511,1,129,object_plus_signed,0x005682,-0x00287D,no,,0,outside_decoded_stream
PHAPCK_TBL.decoded.bin,pck_object_0065_part_000_choice_000_frame_111,pck_object_0065,pck_object_0065_part_000,pck_object_0065_part_000_choice_000,0x0059FA,3,14,64,0x8101,33025,-32511,1,129,block_plus_unsigned,0x005680,0x00D781,no,,0,outside_decoded_stream
PHAPCK_TBL.decoded.bin,pck_object_0065_part_000_choice_000_frame_111,pck_object_0065,pck_object_0065_part_000,pck_object_0065_part_000_choice_000,0x0059FA,3,14,64,0x8101,33025,-32511,1,129,block_plus_signed,0x005680,-0x00287F,no,,0,outside_decoded_stream
PHAPCK_TBL.decoded.bin,pck_object_0065_part_000_choice_000_frame_111,pck_object_0065,pck_object_0065_part_000,pck_object_0065_part_000_choice_000,0x0059FA,3,14,64,0x8101,33025,-32511,1,129,part_plus_signed,0x005690,-0x00286F,no,,0,outside_decoded_stream
PHAPCK_TBL.decoded.bin,pck_object_0065_part_000_choice_000_frame_111,pck_object_0065,pck_object_0065_part_000,pck_object_0065_part_000_choice_000,0x0059FA,3,14,64,0x8101,33025,-32511,1,129,frame_plus_signed,0x0059FA,-0x002505,no,,0,outside_decoded_stream
PHAPCK_TBL.decoded.bin,pck_object_0065_part_000_choice_000_frame_111,pck_object_0065,pck_object_0065_part_000,pck_object_0065_part_000_choice_000,0x0059FA,3,14,64,0x8101,33025,-32511,1,129,payload_plus_signed,0x0059FC,-0x002503,no,,0,outside_decoded_stream
PHAPCK_TBL.decoded.bin,pck_object_0065_part_000_choice_000_frame_112,pck_object_0065,pck_object_0065_part_000,pck_object_0065_part_000_choice_000,0x005A02,3,11,68,0x8101,33025,-32511,1,129,direct_unsigned,0x000000,0x008101,yes,FFA0003C001AFF000058FA58FA82003C,5,byte0_high_bit_set
PHAPCK_TBL.decoded.bin,pck_object_0065_part_000_choice_000_frame_112,pck_object_0065,pck_object_0065_part_000,pck_object_0065_part_000_choice_000,0x005A02,3,11,68,0x8101,33025,-32511,1,129,direct_signed,0x000000,-0x007EFF,no,,0,outside_decoded_stream
PHAPCK_TBL.decoded.bin,pck_object_0065_part_000_choice_000_frame_112,pck_object_0065,pck_object_0065_part_000,pck_object_0065_part_000_choice_000,0x005A02,3,11,68,0x8101,33025,-32511,1,129,object_plus_unsigned,0x005682,0x00D783,no,,0,outside_decoded_stream
PHAPCK_TBL.decoded.bin,pck_object_0065_part_000_choice_000_frame_112,pck_object_0065,pck_object_0065_part_000,pck_object_0065_part_000_choice_000,0x005A02,3,11,68,0x8101,33025,-32511,1,129,object_plus_signed,0x005682,-0x00287D,no,,0,outside_decoded_stream
PHAPCK_TBL.decoded.bin,pck_object_0065_part_000_choice_000_frame_112,pck_object_0065,pck_object_0065_part_000,pck_object_0065_part_000_choice_000,0x005A02,3,11,68,0x8101,33025,-32511,1,129,block_plus_unsigned,0x005680,0x00D781,no,,0,outside_decoded_stream
PHAPCK_TBL.decoded.bin,pck_object_0065_part_000_choice_000_frame_112,pck_object_0065,pck_object_0065_part_000,pck_object_0065_part_000_choice_000,0x005A02,3,11,68,0x8101,33025,-32511,1,129,block_plus_signed,0x005680,-0x00287F,no,,0,outside_decoded_stream
PHAPCK_TBL.decoded.bin,pck_object_0065_part_000_choice_000_frame_112,pck_object_0065,pck_object_0065_part_000,pck_object_0065_part_000_choice_000,0x005A02,3,11,68,0x8101,33025,-32511,1,129,part_plus_signed,0x005690,-0x00286F,no,,0,outside_decoded_stream
PHAPCK_TBL.decoded.bin,pck_object_0065_part_000_choice_000_frame_112,pck_object_0065,pck_object_0065_part_000,pck_object_0065_part_000_choice_000,0x005A02,3,11,68,0x8101,33025,-32511,1,129,frame_plus_signed,0x005A02,-0x0024FD,no,,0,outside_decoded_stream
PHAPCK_TBL.decoded.bin,pck_object_0065_part_000_choice_000_frame_112,pck_object_0065,pck_object_0065_part_000,pck_object_0065_part_000_choice_000,0x005A02,3,11,68,0x8101,33025,-32511,1,129,payload_plus_signed,0x005A04,-0x0024FB,no,,0,outside_decoded_stream
PHAPCK_TBL.decoded.bin,pck_object_0065_part_000_choice_000_frame_115,pck_object_0065,pck_object_0065_part_000,pck_object_0065_part_000_choice_000,0x005A1A,3,22,82,0x8101,33025,-32511,1,129,direct_unsigned,0x000000,0x008101,yes,FFA0003C001AFF000058FA58FA82003C,5,byte0_high_bit_set
PHAPCK_TBL.decoded.bin,pck_object_0065_part_000_choice_000_frame_115,pck_object_0065,pck_object_0065_part_000,pck_object_0065_part_000_choice_000,0x005A1A,3,22,82,0x8101,33025,-32511,1,129,direct_signed,0x000000,-0x007EFF,no,,0,outside_decoded_stream
PHAPCK_TBL.decoded.bin,pck_object_0065_part_000_choice_000_frame_115,pck_object_0065,pck_object_0065_part_000,pck_object_0065_part_000_choice_000,0x005A1A,3,22,82,0x8101,33025,-32511,1,129,object_plus_unsigned,0x005682,0x00D783,no,,0,outside_decoded_stream
PHAPCK_TBL.decoded.bin,pck_object_0065_part_000_choice_000_frame_115,pck_object_0065,pck_object_0065_part_000,pck_object_0065_part_000_choice_000,0x005A1A,3,22,82,0x8101,33025,-32511,1,129,object_plus_signed,0x005682,-0x00287D,no,,0,outside_decoded_stream
PHAPCK_TBL.decoded.bin,pck_object_0065_part_000_choice_000_frame_115,pck_object_0065,pck_object_0065_part_000,pck_object_0065_part_000_choice_000,0x005A1A,3,22,82,0x8101,33025,-32511,1,129,block_plus_unsigned,0x005680,0x00D781,no,,0,outside_decoded_stream
PHAPCK_TBL.decoded.bin,pck_object_0065_part_000_choice_000_frame_115,pck_object_0065,pck_object_0065_part_000,pck_object_0065_part_000_choice_000,0x005A1A,3,22,82,0x8101,33025,-32511,1,129,block_plus_signed,0x005680,-0x00287F,no,,0,outside_decoded_stream
PHAPCK_TBL.decoded.bin,pck_object_0065_part_000_choice_000_frame_115,pck_object_0065,pck_object_0065_part_000,pck_object_0065_part_000_choice_000,0x005A1A,3,22,82,0x8101,33025,-32511,1,129,part_plus_signed,0x005690,-0x00286F,no,,0,outside_decoded_stream
PHAPCK_TBL.decoded.bin,pck_object_0065_part_000_choice_000_frame_115,pck_object_0065,pck_object_0065_part_000,pck_object_0065_part_000_choice_000,0x005A1A,3,22,82,0x8101,33025,-32511,1,129,frame_plus_signed,0x005A1A,-0x0024E5,no,,0,outside_decoded_stream
PHAPCK_TBL.decoded.bin,pck_object_0065_part_000_choice_000_frame_115,pck_object_0065,pck_object_0065_part_000,pck_object_0065_part_000_choice_000,0x005A1A,3,22,82,0x8101,33025,-32511,1,129,payload_plus_signed,0x005A1C,-0x0024E3,no,,0,outside_decoded_stream
PHAPCK_TBL.decoded.bin,pck_object_0065_part_000_choice_000_frame_116,pck_object_0065,pck_object_0065_part_000,pck_object_0065_part_000_choice_000,0x005A22,3,14,87,0x8101,33025,-32511,1,129,direct_unsigned,0x000000,0x008101,yes,FFA0003C001AFF000058FA58FA82003C,5,byte0_high_bit_set
PHAPCK_TBL.decoded.bin,pck_object_0065_part_000_choice_000_frame_116,pck_object_0065,pck_object_0065_part_000,pck_object_0065_part_000_choice_000,0x005A22,3,14,87,0x8101,33025,-32511,1,129,direct_signed,0x000000,-0x007EFF,no,,0,outside_decoded_stream
PHAPCK_TBL.decoded.bin,pck_object_0065_part_000_choice_000_frame_116,pck_object_0065,pck_object_0065_part_000,pck_object_0065_part_000_choice_000,0x005A22,3,14,87,0x8101,33025,-32511,1,129,object_plus_unsigned,0x005682,0x00D783,no,,0,outside_decoded_stream
PHAPCK_TBL.decoded.bin,pck_object_0065_part_000_choice_000_frame_116,pck_object_0065,pck_object_0065_part_000,pck_object_0065_part_000_choice_000,0x005A22,3,14,87,0x8101,33025,-32511,1,129,object_plus_signed,0x005682,-0x00287D,no,,0,outside_decoded_stream
PHAPCK_TBL.decoded.bin,pck_object_0065_part_000_choice_000_frame_116,pck_object_0065,pck_object_0065_part_000,pck_object_0065_part_000_choice_000,0x005A22,3,14,87,0x8101,33025,-32511,1,129,block_plus_unsigned,0x005680,0x00D781,no,,0,outside_decoded_stream
PHAPCK_TBL.decoded.bin,pck_object_0065_part_000_choice_000_frame_116,pck_object_0065,pck_object_0065_part_000,pck_object_0065_part_000_choice_000,0x005A22,3,14,87,0x8101,33025,-32511,1,129,block_plus_signed,0x005680,-0x00287F,no,,0,outside_decoded_stream
PHAPCK_TBL.decoded.bin,pck_object_0065_part_000_choice_000_frame_116,pck_object_0065,pck_object_0065_part_000,pck_object_0065_part_000_choice_000,0x005A22,3,14,87,0x8101,33025,-32511,1,129,part_plus_signed,0x005690,-0x00286F,no,,0,outside_decoded_stream
PHAPCK_TBL.decoded.bin,pck_object_0065_part_000_choice_000_frame_116,pck_object_0065,pck_object_0065_part_000,pck_object_0065_part_000_choice_000,0x005A22,3,14,87,0x8101,33025,-32511,1,129,frame_plus_signed,0x005A22,-0x0024DD,no,,0,outside_decoded_stream
PHAPCK_TBL.decoded.bin,pck_object_0065_part_000_choice_000_frame_116,pck_object_0065,pck_object_0065_part_000,pck_object_0065_part_000_choice_000,0x005A22,3,14,87,0x8101,33025,-32511,1,129,payload_plus_signed,0x005A24,-0x0024DB,no,,0,outside_decoded_stream
PHAPCK_TBL.decoded.bin,pck_object_0065_part_000_choice_000_frame_118,pck_object_0065,pck_object_0065_part_000,pck_object_0065_part_000_choice_000,0x005A32,3,23,97,0x0201,513,513,1,2,direct_unsigned,0x000000,0x000201,yes,0018FC000000000000F8026D0756FFE2,0,in_range_no_structural_match
PHAPCK_TBL.decoded.bin,pck_object_0065_part_000_choice_000_frame_118,pck_object_0065,pck_object_0065_part_000,pck_object_0065_part_000_choice_000,0x005A32,3,23,97,0x0201,513,513,1,2,direct_signed,0x000000,0x000201,yes,0018FC000000000000F8026D0756FFE2,0,in_range_no_structural_match
PHAPCK_TBL.decoded.bin,pck_object_0065_part_000_choice_000_frame_118,pck_object_0065,pck_object_0065_part_000,pck_object_0065_part_000_choice_000,0x005A32,3,23,97,0x0201,513,513,1,2,object_plus_unsigned,0x005682,0x005883,yes,06230181000000000B28018100000000,0,in_range_no_structural_match
PHAPCK_TBL.decoded.bin,pck_object_0065_part_000_choice_000_frame_118,pck_object_0065,pck_object_0065_part_000,pck_object_0065_part_000_choice_000,0x005A32,3,23,97,0x0201,513,513,1,2,object_plus_signed,0x005682,0x005883,yes,06230181000000000B28018100000000,0,in_range_no_structural_match
PHAPCK_TBL.decoded.bin,pck_object_0065_part_000_choice_000_frame_118,pck_object_0065,pck_object_0065_part_000,pck_object_0065_part_000_choice_000,0x005A32,3,23,97,0x0201,513,513,1,2,block_plus_unsigned,0x005680,0x005881,yes,050506230181000000000B2801810000,0,in_range_no_structural_match
PHAPCK_TBL.decoded.bin,pck_object_0065_part_000_choice_000_frame_118,pck_object_0065,pck_object_0065_part_000,pck_object_0065_part_000_choice_000,0x005A32,3,23,97,0x0201,513,513,1,2,block_plus_signed,0x005680,0x005881,yes,050506230181000000000B2801810000,0,in_range_no_structural_match
PHAPCK_TBL.decoded.bin,pck_object_0065_part_000_choice_000_frame_118,pck_object_0065,pck_object_0065_part_000,pck_object_0065_part_000_choice_000,0x005A32,3,23,97,0x0201,513,513,1,2,part_plus_signed,0x005690,0x005891,yes,00000E2D018102020505113201810303,5,plausible_frame_record_prefix
PHAPCK_TBL.decoded.bin,pck_object_0065_part_000_choice_000_frame_118,pck_object_0065,pck_object_0065_part_000,pck_object_0065_part_000_choice_000,0x005A32,3,23,97,0x0201,513,513,1,2,frame_plus_signed,0x005A32,0x005C33,yes,A6FF50007EFF000800000000D8FFD8FF,5,byte0_high_bit_set
PHAPCK_TBL.decoded.bin,pck_object_0065_part_000_choice_000_frame_118,pck_object_0065,pck_object_0065_part_000,pck_object_0065_part_000_choice_000,0x005A32,3,23,97,0x0201,513,513,1,2,payload_plus_signed,0x005A34,0x005C35,yes,50007EFF000800000000D8FFD8FFCAFE,5,plausible_frame_record_prefix
PHAPCK_TBL.decoded.bin,pck_object_0065_part_000_choice_000_frame_149,pck_object_0065,pck_object_0065_part_000,pck_object_0065_part_000_choice_000,0x005B2A,3,1,1,0x0120,288,288,32,1,direct_unsigned,0x000000,0x000120,yes,0A00FD05030013060C00280605003E06,5,plausible_frame_record_prefix
PHAPCK_TBL.decoded.bin,pck_object_0065_part_000_choice_000_frame_149,pck_object_0065,pck_object_0065_part_000,pck_object_0065_part_000_choice_000,0x005B2A,3,1,1,0x0120,288,288,32,1,direct_signed,0x000000,0x000120,yes,0A00FD05030013060C00280605003E06,5,plausible_frame_record_prefix
PHAPCK_TBL.decoded.bin,pck_object_0065_part_000_choice_000_frame_149,pck_object_0065,pck_object_0065_part_000,pck_object_0065_part_000_choice_000,0x005B2A,3,1,1,0x0120,288,288,32,1,object_plus_unsigned,0x005682,0x0057A2,yes,018100000000163F0110110807FF130A,30,exact_frame_record
PHAPCK_TBL.decoded.bin,pck_object_0065_part_000_choice_000_frame_149,pck_object_0065,pck_object_0065_part_000,pck_object_0065_part_000_choice_000,0x005B2A,3,1,1,0x0120,288,288,32,1,object_plus_signed,0x005682,0x0057A2,yes,018100000000163F0110110807FF130A,30,exact_frame_record
PHAPCK_TBL.decoded.bin,pck_object_0065_part_000_choice_000_frame_149,pck_object_0065,pck_object_0065_part_000,pck_object_0065_part_000_choice_000,0x005B2A,3,1,1,0x0120,288,288,32,1,block_plus_unsigned,0x005680,0x0057A0,yes,0C3A018100000000163F0110110807FF,0,in_range_no_structural_match
PHAPCK_TBL.decoded.bin,pck_object_0065_part_000_choice_000_frame_149,pck_object_0065,pck_object_0065_part_000,pck_object_0065_part_000_choice_000,0x005B2A,3,1,1,0x0120,288,288,32,1,block_plus_signed,0x005680,0x0057A0,yes,0C3A018100000000163F0110110807FF,0,in_range_no_structural_match
PHAPCK_TBL.decoded.bin,pck_object_0065_part_000_choice_000_frame_149,pck_object_0065,pck_object_0065_part_000,pck_object_0065_part_000_choice_000,0x005B2A,3,1,1,0x0120,288,288,32,1,part_plus_signed,0x005690,0x0057B0,yes,130A0811FF0B0A1315FF070B1510FF10,0,in_range_no_structural_match
PHAPCK_TBL.decoded.bin,pck_object_0065_part_000_choice_000_frame_149,pck_object_0065,pck_object_0065_part_000,pck_object_0065_part_000_choice_000,0x005B2A,3,1,1,0x0120,288,288,32,1,frame_plus_signed,0x005B2A,0x005C4A,yes,FF000058F97004D8FF5A00CAFEA6FF5A,40,exact_frame_record;byte0_high_bit_set;plausible_frame_record_prefix
PHAPCK_TBL.decoded.bin,pck_object_0065_part_000_choice_000_frame_149,pck_object_0065,pck_object_0065_part_000,pck_object_0065_part_000_choice_000,0x005B2A,3,1,1,0x0120,288,288,32,1,payload_plus_signed,0x005B2C,0x005C4C,yes,0058F97004D8FF5A00CAFEA6FF5A00CA,0,in_range_no_structural_match
PHAPCK_TBL.decoded.bin,pck_object_0065_part_000_choice_000_frame_154,pck_object_0065,pck_object_0065_part_000,pck_object_0065_part_000_choice_000,0x005B52,3,3,14,0x0139,313,313,57,1,direct_unsigned,0x000000,0x000139,yes,007F060C009E060800BE060400DE0600,0,in_range_no_structural_match
PHAPCK_TBL.decoded.bin,pck_object_0065_part_000_choice_000_frame_154,pck_object_0065,pck_object_0065_part_000,pck_object_0065_part_000_choice_000,0x005B52,3,3,14,0x0139,313,313,57,1,direct_signed,0x000000,0x000139,yes,007F060C009E060800BE060400DE0600,0,in_range_no_structural_match
PHAPCK_TBL.decoded.bin,pck_object_0065_part_000_choice_000_frame_154,pck_object_0065,pck_object_0065_part_000,pck_object_0065_part_000_choice_000,0x005B52,3,3,14,0x0139,313,313,57,1,object_plus_unsigned,0x005682,0x0057BB,yes,0B1510FF10151311FF80004F01000000,0,in_range_no_structural_match
PHAPCK_TBL.decoded.bin,pck_object_0065_part_000_choice_000_frame_154,pck_object_0065,pck_object_0065_part_000,pck_object_0065_part_000_choice_000,0x005B52,3,3,14,0x0139,313,313,57,1,object_plus_signed,0x005682,0x0057BB,yes,0B1510FF10151311FF80004F01000000,0,in_range_no_structural_match
PHAPCK_TBL.decoded.bin,pck_object_0065_part_000_choice_000_frame_154,pck_object_0065,pck_object_0065_part_000,pck_object_0065_part_000_choice_000,0x005B52,3,3,14,0x0139,313,313,57,1,block_plus_unsigned,0x005680,0x0057B9,yes,FF070B1510FF10151311FF80004F0100,5,byte0_high_bit_set
PHAPCK_TBL.decoded.bin,pck_object_0065_part_000_choice_000_frame_154,pck_object_0065,pck_object_0065_part_000,pck_object_0065_part_000_choice_000,0x005B52,3,3,14,0x0139,313,313,57,1,block_plus_signed,0x005680,0x0057B9,yes,FF070B1510FF10151311FF80004F0100,5,byte0_high_bit_set
PHAPCK_TBL.decoded.bin,pck_object_0065_part_000_choice_000_frame_154,pck_object_0065,pck_object_0065_part_000,pck_object_0065_part_000_choice_000,0x005B52,3,3,14,0x0139,313,313,57,1,part_plus_signed,0x005690,0x0057C9,yes,00000000000100120000181A000100AA,5,plausible_frame_record_prefix
PHAPCK_TBL.decoded.bin,pck_object_0065_part_000_choice_000_frame_154,pck_object_0065,pck_object_0065_part_000,pck_object_0065_part_000_choice_000,0x005B52,3,3,14,0x0139,313,313,57,1,frame_plus_signed,0x005B52,0x005C8B,yes,020505062E0181000000000B33018100,0,in_range_no_structural_match
PHAPCK_TBL.decoded.bin,pck_object_0065_part_000_choice_000_frame_154,pck_object_0065,pck_object_0065_part_000,pck_object_0065_part_000_choice_000,0x005B52,3,3,14,0x0139,313,313,57,1,payload_plus_signed,0x005B54,0x005C8D,yes,05062E0181000000000B330181000000,0,in_range_no_structural_match
PHAPCK_TBL.decoded.bin,pck_object_0065_part_000_choice_000_frame_155,pck_object_0065,pck_object_0065_part_000,pck_object_0065_part_000_choice_000,0x005B5A,3,3,11,0x013D,317,317,61,1,direct_unsigned,0x000000,0x00013D,yes,009E060800BE060400DE060000FE060C,0,in_range_no_structural_match
PHAPCK_TBL.decoded.bin,pck_object_0065_part_000_choice_000_frame_155,pck_object_0065,pck_object_0065_part_000,pck_object_0065_part_000_choice_000,0x005B5A,3,3,11,0x013D,317,317,61,1,direct_signed,0x000000,0x00013D,yes,009E060800BE060400DE060000FE060C,0,in_range_no_structural_match
PHAPCK_TBL.decoded.bin,pck_object_0065_part_000_choice_000_frame_155,pck_object_0065,pck_object_0065_part_000,pck_object_0065_part_000_choice_000,0x005B5A,3,3,11,0x013D,317,317,61,1,object_plus_unsigned,0x005682,0x0057BF,yes,10151311FF80004F0100000000000001,0,in_range_no_structural_match
PHAPCK_TBL.decoded.bin,pck_object_0065_part_000_choice_000_frame_155,pck_object_0065,pck_object_0065_part_000,pck_object_0065_part_000_choice_000,0x005B5A,3,3,11,0x013D,317,317,61,1,object_plus_signed,0x005682,0x0057BF,yes,10151311FF80004F0100000000000001,0,in_range_no_structural_match
PHAPCK_TBL.decoded.bin,pck_object_0065_part_000_choice_000_frame_155,pck_object_0065,pck_object_0065_part_000,pck_object_0065_part_000_choice_000,0x005B5A,3,3,11,0x013D,317,317,61,1,block_plus_unsigned,0x005680,0x0057BD,yes,10FF10151311FF80004F010000000000,0,in_range_no_structural_match
PHAPCK_TBL.decoded.bin,pck_object_0065_part_000_choice_000_frame_155,pck_object_0065,pck_object_0065_part_000,pck_object_0065_part_000_choice_000,0x005B5A,3,3,11,0x013D,317,317,61,1,block_plus_signed,0x005680,0x0057BD,yes,10FF10151311FF80004F010000000000,0,in_range_no_structural_match
PHAPCK_TBL.decoded.bin,pck_object_0065_part_000_choice_000_frame_155,pck_object_0065,pck_object_0065_part_000,pck_object_0065_part_000_choice_000,0x005B5A,3,3,11,0x013D,317,317,61,1,part_plus_signed,0x005690,0x0057CD,yes,000100120000181A000100AA000CFE64,5,plausible_frame_record_prefix
PHAPCK_TBL.decoded.bin,pck_object_0065_part_000_choice_000_frame_155,pck_object_0065,pck_object_0065_part_000,pck_object_0065_part_000_choice_000,0x005B5A,3,3,11,0x013D,317,317,61,1,frame_plus_signed,0x005B5A,0x005C97,yes,330181000000000E3801810202050511,5,plausible_frame_record_prefix
PHAPCK_TBL.decoded.bin,pck_object_0065_part_000_choice_000_frame_155,pck_object_0065,pck_object_0065_part_000,pck_object_0065_part_000_choice_000,0x005B5A,3,3,11,0x013D,317,317,61,1,payload_plus_signed,0x005B5C,0x005C99,yes,81000000000E38018102020505113D01,10,byte0_high_bit_set;plausible_frame_record_prefix
PHAPCK_TBL.decoded.bin,pck_object_0065_part_000_choice_000_frame_158,pck_object_0065,pck_object_0065_part_000,pck_object_0065_part_000_choice_000,0x005B72,3,3,22,0x014B,331,331,75,1,direct_unsigned,0x000000,0x00014B,yes,060C001D0708003D070C004707000052,0,in_range_no_structural_match
PHAPCK_TBL.decoded.bin,pck_object_0065_part_000_choice_000_frame_158,pck_object_0065,pck_object_0065_part_000,pck_object_0065_part_000_choice_000,0x005B72,3,3,22,0x014B,331,331,75,1,direct_signed,0x000000,0x00014B,yes,060C001D0708003D070C004707000052,0,in_range_no_structural_match
PHAPCK_TBL.decoded.bin,pck_object_0065_part_000_choice_000_frame_158,pck_object_0065,pck_object_0065_part_000,pck_object_0065_part_000_choice_000,0x005B72,3,3,22,0x014B,331,331,75,1,object_plus_unsigned,0x005682,0x0057CD,yes,000100120000181A000100AA000CFE64,5,plausible_frame_record_prefix
PHAPCK_TBL.decoded.bin,pck_object_0065_part_000_choice_000_frame_158,pck_object_0065,pck_object_0065_part_000,pck_object_0065_part_000_choice_000,0x005B72,3,3,22,0x014B,331,331,75,1,object_plus_signed,0x005682,0x0057CD,yes,000100120000181A000100AA000CFE64,5,plausible_frame_record_prefix
PHAPCK_TBL.decoded.bin,pck_object_0065_part_000_choice_000_frame_158,pck_object_0065,pck_object_0065_part_000,pck_object_0065_part_000_choice_000,0x005B72,3,3,22,0x014B,331,331,75,1,block_plus_unsigned,0x005680,0x0057CB,yes,0000000100120000181A000100AA000C,5,plausible_frame_record_prefix
PHAPCK_TBL.decoded.bin,pck_object_0065_part_000_choice_000_frame_158,pck_object_0065,pck_object_0065_part_000,pck_object_0065_part_000_choice_000,0x005B72,3,3,22,0x014B,331,331,75,1,block_plus_signed,0x005680,0x0057CB,yes,0000000100120000181A000100AA000C,5,plausible_frame_record_prefix
PHAPCK_TBL.decoded.bin,pck_object_0065_part_000_choice_000_frame_158,pck_object_0065,pck_object_0065_part_000,pck_object_0065_part_000_choice_000,0x005B72,3,3,22,0x014B,331,331,75,1,part_plus_signed,0x005690,0x0057DB,yes,FE640018FC000000000008D8FF320014,5,byte0_high_bit_set
PHAPCK_TBL.decoded.bin,pck_object_0065_part_000_choice_000_frame_158,pck_object_0065,pck_object_0065_part_000,pck_object_0065_part_000_choice_000,0x005B72,3,3,22,0x014B,331,331,75,1,frame_plus_signed,0x005B72,0x005CBD,yes,00144A018100000000154F0181030303,0,in_range_no_structural_match
PHAPCK_TBL.decoded.bin,pck_object_0065_part_000_choice_000_frame_158,pck_object_0065,pck_object_0065_part_000,pck_object_0065_part_000_choice_000,0x005B72,3,3,22,0x014B,331,331,75,1,payload_plus_signed,0x005B74,0x005CBF,yes,4A018100000000154F01810303030316,5,plausible_frame_record_prefix
PHAPCK_TBL.decoded.bin,pck_object_0065_part_000_choice_000_frame_159,pck_object_0065,pck_object_0065_part_000,pck_object_0065_part_000_choice_000,0x005B7A,3,3,14,0x0150,336,336,80,1,direct_unsigned,0x000000,0x000150,yes,08003D070C0047070000520704005C07,5,plausible_frame_record_prefix
PHAPCK_TBL.decoded.bin,pck_object_0065_part_000_choice_000_frame_159,pck_object_0065,pck_object_0065_part_000,pck_object_0065_part_000_choice_000,0x005B7A,3,3,14,0x0150,336,336,80,1,direct_signed,0x000000,0x000150,yes,08003D070C0047070000520704005C07,5,plausible_frame_record_prefix
PHAPCK_TBL.decoded.bin,pck_object_0065_part_000_choice_000_frame_159,pck_object_0065,pck_object_0065_part_000,pck_object_0065_part_000_choice_000,0x005B7A,3,3,14,0x0150,336,336,80,1,object_plus_unsigned,0x005682,0x0057D2,yes,00181A000100AA000CFE640018FC0000,65,exact_part_offset;exact_frame_record
PHAPCK_TBL.decoded.bin,pck_object_0065_part_000_choice_000_frame_159,pck_object_0065,pck_object_0065_part_000,pck_object_0065_part_000_choice_000,0x005B7A,3,3,14,0x0150,336,336,80,1,object_plus_signed,0x005682,0x0057D2,yes,00181A000100AA000CFE640018FC0000,65,exact_part_offset;exact_frame_record
PHAPCK_TBL.decoded.bin,pck_object_0065_part_000_choice_000_frame_159,pck_object_0065,pck_object_0065_part_000,pck_object_0065_part_000_choice_000,0x005B7A,3,3,14,0x0150,336,336,80,1,block_plus_unsigned,0x005680,0x0057D0,yes,120000181A000100AA000CFE640018FC,15,plausible_drawable_extents_at_plus6_plus8;plausible_frame_record_prefix
PHAPCK_TBL.decoded.bin,pck_object_0065_part_000_choice_000_frame_159,pck_object_0065,pck_object_0065_part_000,pck_object_0065_part_000_choice_000,0x005B7A,3,3,14,0x0150,336,336,80,1,block_plus_signed,0x005680,0x0057D0,yes,120000181A000100AA000CFE640018FC,15,plausible_drawable_extents_at_plus6_plus8;plausible_frame_record_prefix
PHAPCK_TBL.decoded.bin,pck_object_0065_part_000_choice_000_frame_159,pck_object_0065,pck_object_0065_part_000,pck_object_0065_part_000_choice_000,0x005B7A,3,3,14,0x0150,336,336,80,1,part_plus_signed,0x005690,0x0057E0,yes,000000000008D8FF32001400D8FFE2FF,5,plausible_frame_record_prefix
PHAPCK_TBL.decoded.bin,pck_object_0065_part_000_choice_000_frame_159,pck_object_0065,pck_object_0065_part_000,pck_object_0065_part_000_choice_000,0x005B7A,3,3,14,0x0150,336,336,80,1,frame_plus_signed,0x005B7A,0x005CCA,yes,0303030316540181030303030E590181,35,exact_frame_record;plausible_frame_record_prefix
PHAPCK_TBL.decoded.bin,pck_object_0065_part_000_choice_000_frame_159,pck_object_0065,pck_object_0065_part_000,pck_object_0065_part_000_choice_000,0x005B7A,3,3,14,0x0150,336,336,80,1,payload_plus_signed,0x005B7C,0x005CCC,yes,030316540181030303030E5901810202,5,plausible_frame_record_prefix
PHAPCK_TBL.decoded.bin,pck_object_0065_part_000_choice_000_frame_161,pck_object_0065,pck_object_0065_part_000,pck_object_0065_part_000_choice_000,0x005B8A,3,3,23,0x015A,346,346,90,1,direct_unsigned,0x000000,0x00015A,yes,520704005C07080066070C0070070000,0,in_range_no_structural_match
PHAPCK_TBL.decoded.bin,pck_object_0065_part_000_choice_000_frame_161,pck_object_0065,pck_object_0065_part_000,pck_object_0065_part_000_choice_000,0x005B8A,3,3,23,0x015A,346,346,90,1,direct_signed,0x000000,0x00015A,yes,520704005C07080066070C0070070000,0,in_range_no_structural_match
PHAPCK_TBL.decoded.bin,pck_object_0065_part_000_choice_000_frame_161,pck_object_0065,pck_object_0065_part_000,pck_object_0065_part_000_choice_000,0x005B8A,3,3,23,0x015A,346,346,90,1,object_plus_unsigned,0x005682,0x0057DC,yes,640018FC000000000008D8FF32001400,5,plausible_frame_record_prefix
PHAPCK_TBL.decoded.bin,pck_object_0065_part_000_choice_000_frame_161,pck_object_0065,pck_object_0065_part_000,pck_object_0065_part_000_choice_000,0x005B8A,3,3,23,0x015A,346,346,90,1,object_plus_signed,0x005682,0x0057DC,yes,640018FC000000000008D8FF32001400,5,plausible_frame_record_prefix
PHAPCK_TBL.decoded.bin,pck_object_0065_part_000_choice_000_frame_161,pck_object_0065,pck_object_0065_part_000,pck_object_0065_part_000_choice_000,0x005B8A,3,3,23,0x015A,346,346,90,1,block_plus_unsigned,0x005680,0x0057DA,yes,0CFE640018FC000000000008D8FF3200,30,exact_frame_record
PHAPCK_TBL.decoded.bin,pck_object_0065_part_000_choice_000_frame_161,pck_object_0065,pck_object_0065_part_000,pck_object_0065_part_000_choice_000,0x005B8A,3,3,23,0x015A,346,346,90,1,block_plus_signed,0x005680,0x0057DA,yes,0CFE640018FC000000000008D8FF3200,30,exact_frame_record
PHAPCK_TBL.decoded.bin,pck_object_0065_part_000_choice_000_frame_161,pck_object_0065,pck_object_0065_part_000,pck_object_0065_part_000_choice_000,0x005B8A,3,3,23,0x015A,346,346,90,1,part_plus_signed,0x005690,0x0057EA,yes,1400D8FFE2FF1400A6FFE2FF1400A6FF,35,exact_frame_record;plausible_frame_record_prefix
PHAPCK_TBL.decoded.bin,pck_object_0065_part_000_choice_000_frame_161,pck_object_0065,pck_object_0065_part_000,pck_object_0065_part_000_choice_000,0x005B8A,3,3,23,0x015A,346,346,90,1,frame_plus_signed,0x005B8A,0x005CE4,yes,030317630102030405FF0708090AFF0C,5,plausible_frame_record_prefix
PHAPCK_TBL.decoded.bin,pck_object_0065_part_000_choice_000_frame_161,pck_object_0065,pck_object_0065_part_000,pck_object_0065_part_000_choice_000,0x005B8A,3,3,23,0x015A,346,346,90,1,payload_plus_signed,0x005B8C,0x005CE6,yes,17630102030405FF0708090AFF0C070A,0,in_range_no_structural_match
PHAPCK_TBL.decoded.bin,pck_object_0065_part_000_choice_000_frame_167,pck_object_0065,pck_object_0065_part_000,pck_object_0065_part_000_choice_000,0x005BBA,2,5,10,0xFF09,65289,-247,9,255,direct_unsigned,0x000000,0x00FF09,no,,0,outside_decoded_stream
PHAPCK_TBL.decoded.bin,pck_object_0065_part_000_choice_000_frame_167,pck_object_0065,pck_object_0065_part_000,pck_object_0065_part_000_choice_000,0x005BBA,2,5,10,0xFF09,65289,-247,9,255,direct_signed,0x000000,-0x0000F7,no,,0,outside_decoded_stream
PHAPCK_TBL.decoded.bin,pck_object_0065_part_000_choice_000_frame_167,pck_object_0065,pck_object_0065_part_000,pck_object_0065_part_000_choice_000,0x005BBA,2,5,10,0xFF09,65289,-247,9,255,object_plus_unsigned,0x005682,0x01558B,no,,0,outside_decoded_stream
PHAPCK_TBL.decoded.bin,pck_object_0065_part_000_choice_000_frame_167,pck_object_0065,pck_object_0065_part_000,pck_object_0065_part_000_choice_000,0x005BBA,2,5,10,0xFF09,65289,-247,9,255,object_plus_signed,0x005682,0x00558B,yes,000A00AA0078000A00000090FBA806AA,0,in_range_no_structural_match
PHAPCK_TBL.decoded.bin,pck_object_0065_part_000_choice_000_frame_167,pck_object_0065,pck_object_0065_part_000,pck_object_0065_part_000_choice_000,0x005BBA,2,5,10,0xFF09,65289,-247,9,255,block_plus_unsigned,0x005680,0x015589,no,,0,outside_decoded_stream
PHAPCK_TBL.decoded.bin,pck_object_0065_part_000_choice_000_frame_167,pck_object_0065,pck_object_0065_part_000,pck_object_0065_part_000_choice_000,0x005BBA,2,5,10,0xFF09,65289,-247,9,255,block_plus_signed,0x005680,0x005589,yes,0078000A00AA0078000A00000090FBA8,0,in_range_no_structural_match
PHAPCK_TBL.decoded.bin,pck_object_0065_part_000_choice_000_frame_167,pck_object_0065,pck_object_0065_part_000,pck_object_0065_part_000_choice_000,0x005BBA,2,5,10,0xFF09,65289,-247,9,255,part_plus_signed,0x005690,0x005599,yes,06AA006400280082006400280000F800,0,in_range_no_structural_match
PHAPCK_TBL.decoded.bin,pck_object_0065_part_000_choice_000_frame_167,pck_object_0065,pck_object_0065_part_000,pck_object_0065_part_000_choice_000,0x005BBA,2,5,10,0xFF09,65289,-247,9,255,frame_plus_signed,0x005BBA,0x005AC3,yes,FF5A0088FFA6FF5A0088FF00F8000000,5,byte0_high_bit_set
PHAPCK_TBL.decoded.bin,pck_object_0065_part_000_choice_000_frame_167,pck_object_0065,pck_object_0065_part_000,pck_object_0065_part_000_choice_000,0x005BBA,2,5,10,0xFF09,65289,-247,9,255,payload_plus_signed,0x005BBC,0x005AC5,yes,0088FFA6FF5A0088FF00F800000000A6,0,in_range_no_structural_match
PHAPCK_TBL.decoded.bin,pck_object_0065_part_000_choice_000_frame_168,pck_object_0065,pck_object_0065_part_000,pck_object_0065_part_000_choice_000,0x005BC2,3,-1,10,0x0405,1029,1029,5,4,direct_unsigned,0x000000,0x000405,yes,04080AFF0100FD000000050005010006,0,in_range_no_structural_match
PHAPCK_TBL.decoded.bin,pck_object_0065_part_000_choice_000_frame_168,pck_object_0065,pck_object_0065_part_000,pck_object_0065_part_000_choice_000,0x005BC2,3,-1,10,0x0405,1029,1029,5,4,direct_signed,0x000000,0x000405,yes,04080AFF0100FD000000050005010006,0,in_range_no_structural_match
PHAPCK_TBL.decoded.bin,pck_object_0065_part_000_choice_000_frame_168,pck_object_0065,pck_object_0065_part_000,pck_object_0065_part_000_choice_000,0x005BC2,3,-1,10,0x0405,1029,1029,5,4,object_plus_unsigned,0x005682,0x005A87,yes,000100AC000CFE640018FC000010FEC2,5,plausible_frame_record_prefix
PHAPCK_TBL.decoded.bin,pck_object_0065_part_000_choice_000_frame_168,pck_object_0065,pck_object_0065_part_000,pck_object_0065_part_000_choice_000,0x005BC2,3,-1,10,0x0405,1029,1029,5,4,object_plus_signed,0x005682,0x005A87,yes,000100AC000CFE640018FC000010FEC2,5,plausible_frame_record_prefix
PHAPCK_TBL.decoded.bin,pck_object_0065_part_000_choice_000_frame_168,pck_object_0065,pck_object_0065_part_000,pck_object_0065_part_000_choice_000,0x005BC2,3,-1,10,0x0405,1029,1029,5,4,block_plus_unsigned,0x005680,0x005A85,yes,181C000100AC000CFE640018FC000010,0,in_range_no_structural_match
PHAPCK_TBL.decoded.bin,pck_object_0065_part_000_choice_000_frame_168,pck_object_0065,pck_object_0065_part_000,pck_object_0065_part_000_choice_000,0x005BC2,3,-1,10,0x0405,1029,1029,5,4,block_plus_signed,0x005680,0x005A85,yes,181C000100AC000CFE640018FC000010,0,in_range_no_structural_match
PHAPCK_TBL.decoded.bin,pck_object_0065_part_000_choice_000_frame_168,pck_object_0065,pck_object_0065_part_000,pck_object_0065_part_000_choice_000,0x005BC2,3,-1,10,0x0405,1029,1029,5,4,part_plus_signed,0x005690,0x005A95,yes,FEC207D8FF2800F6FFD8FFD8FFE2FFA6,5,byte0_high_bit_set
PHAPCK_TBL.decoded.bin,pck_object_0065_part_000_choice_000_frame_168,pck_object_0065,pck_object_0065_part_000,pck_object_0065_part_000_choice_000,0x005BC2,3,-1,10,0x0405,1029,1029,5,4,frame_plus_signed,0x005BC2,0x005FC7,yes,050A09FF02091003FF0A05040DFF0403,0,in_range_no_structural_match
PHAPCK_TBL.decoded.bin,pck_object_0065_part_000_choice_000_frame_168,pck_object_0065,pck_object_0065_part_000,pck_object_0065_part_000_choice_000,0x005BC2,3,-1,10,0x0405,1029,1029,5,4,payload_plus_signed,0x005BC4,0x005FC9,yes,09FF02091003FF0A05040DFF0403100D,0,in_range_no_structural_match
PHAPCK_TBL.decoded.bin,pck_object_0065_part_000_choice_000_frame_169,pck_object_0065,pck_object_0065_part_000,pck_object_0065_part_000_choice_000,0x005BCA,3,16,13,0x80FF,33023,-32513,255,128,direct_unsigned,0x000000,0x0080FF,yes,00AAFFA0003C001AFF000058FA58FA82,0,in_range_no_structural_match
PHAPCK_TBL.decoded.bin,pck_object_0065_part_000_choice_000_frame_169,pck_object_0065,pck_object_0065_part_000,pck_object_0065_part_000_choice_000,0x005BCA,3,16,13,0x80FF,33023,-32513,255,128,direct_signed,0x000000,-0x007F01,no,,0,outside_decoded_stream
PHAPCK_TBL.decoded.bin,pck_object_0065_part_000_choice_000_frame_169,pck_object_0065,pck_object_0065_part_000,pck_object_0065_part_000_choice_000,0x005BCA,3,16,13,0x80FF,33023,-32513,255,128,object_plus_unsigned,0x005682,0x00D781,no,,0,outside_decoded_stream
PHAPCK_TBL.decoded.bin,pck_object_0065_part_000_choice_000_frame_169,pck_object_0065,pck_object_0065_part_000,pck_object_0065_part_000_choice_000,0x005BCA,3,16,13,0x80FF,33023,-32513,255,128,object_plus_signed,0x005682,-0x00287F,no,,0,outside_decoded_stream
PHAPCK_TBL.decoded.bin,pck_object_0065_part_000_choice_000_frame_169,pck_object_0065,pck_object_0065_part_000,pck_object_0065_part_000_choice_000,0x005BCA,3,16,13,0x80FF,33023,-32513,255,128,block_plus_unsigned,0x005680,0x00D77F,no,,0,outside_decoded_stream
PHAPCK_TBL.decoded.bin,pck_object_0065_part_000_choice_000_frame_169,pck_object_0065,pck_object_0065_part_000,pck_object_0065_part_000_choice_000,0x005BCA,3,16,13,0x80FF,33023,-32513,255,128,block_plus_signed,0x005680,-0x002881,no,,0,outside_decoded_stream
PHAPCK_TBL.decoded.bin,pck_object_0065_part_000_choice_000_frame_169,pck_object_0065,pck_object_0065_part_000,pck_object_0065_part_000_choice_000,0x005BCA,3,16,13,0x80FF,33023,-32513,255,128,part_plus_signed,0x005690,-0x002871,no,,0,outside_decoded_stream
PHAPCK_TBL.decoded.bin,pck_object_0065_part_000_choice_000_frame_169,pck_object_0065,pck_object_0065_part_000,pck_object_0065_part_000_choice_000,0x005BCA,3,16,13,0x80FF,33023,-32513,255,128,frame_plus_signed,0x005BCA,-0x002337,no,,0,outside_decoded_stream
PHAPCK_TBL.decoded.bin,pck_object_0065_part_000_choice_000_frame_169,pck_object_0065,pck_object_0065_part_000,pck_object_0065_part_000_choice_000,0x005BCA,3,16,13,0x80FF,33023,-32513,255,128,payload_plus_signed,0x005BCC,-0x002335,no,,0,outside_decoded_stream
PHAPCK_TBL.decoded.bin,pck_object_0065_part_001_choice_000_frame_005,pck_object_0065,pck_object_0065_part_001,pck_object_0065_part_001_choice_000,0x0056AA,3,-126,0,0x0122,290,290,34,1,direct_unsigned,0x000000,0x000122,yes,FD05030013060C00280605003E060E00,20,byte0_high_bit_set;plausible_object_header
PHAPCK_TBL.decoded.bin,pck_object_0065_part_001_choice_000_frame_005,pck_object_0065,pck_object_0065_part_001,pck_object_0065_part_001_choice_000,0x0056AA,3,-126,0,0x0122,290,290,34,1,direct_signed,0x000000,0x000122,yes,FD05030013060C00280605003E060E00,20,byte0_high_bit_set;plausible_object_header
PHAPCK_TBL.decoded.bin,pck_object_0065_part_001_choice_000_frame_005,pck_object_0065,pck_object_0065_part_001,pck_object_0065_part_001_choice_000,0x0056AA,3,-126,0,0x0122,290,290,34,1,object_plus_unsigned,0x005682,0x0057A4,yes,00000000163F0110110807FF130A0811,5,plausible_frame_record_prefix
PHAPCK_TBL.decoded.bin,pck_object_0065_part_001_choice_000_frame_005,pck_object_0065,pck_object_0065_part_001,pck_object_0065_part_001_choice_000,0x0056AA,3,-126,0,0x0122,290,290,34,1,object_plus_signed,0x005682,0x0057A4,yes,00000000163F0110110807FF130A0811,5,plausible_frame_record_prefix
PHAPCK_TBL.decoded.bin,pck_object_0065_part_001_choice_000_frame_005,pck_object_0065,pck_object_0065_part_001,pck_object_0065_part_001_choice_000,0x0056AA,3,-126,0,0x0122,290,290,34,1,block_plus_unsigned,0x005680,0x0057A2,yes,018100000000163F0110110807FF130A,30,exact_frame_record
PHAPCK_TBL.decoded.bin,pck_object_0065_part_001_choice_000_frame_005,pck_object_0065,pck_object_0065_part_001,pck_object_0065_part_001_choice_000,0x0056AA,3,-126,0,0x0122,290,290,34,1,block_plus_signed,0x005680,0x0057A2,yes,018100000000163F0110110807FF130A,30,exact_frame_record
PHAPCK_TBL.decoded.bin,pck_object_0065_part_001_choice_000_frame_005,pck_object_0065,pck_object_0065_part_001,pck_object_0065_part_001_choice_000,0x0056AA,3,-126,0,0x0122,290,290,34,1,part_plus_signed,0x005698,0x0057BA,yes,070B1510FF10151311FF80004F010000,30,exact_frame_record
PHAPCK_TBL.decoded.bin,pck_object_0065_part_001_choice_000_frame_005,pck_object_0065,pck_object_0065_part_001,pck_object_0065_part_001_choice_000,0x0056AA,3,-126,0,0x0122,290,290,34,1,frame_plus_signed,0x0056AA,0x0057CC,yes,00000100120000181A000100AA000CFE,5,plausible_frame_record_prefix
PHAPCK_TBL.decoded.bin,pck_object_0065_part_001_choice_000_frame_005,pck_object_0065,pck_object_0065_part_001,pck_object_0065_part_001_choice_000,0x0056AA,3,-126,0,0x0122,290,290,34,1,payload_plus_signed,0x0056AC,0x0057CE,yes,0100120000181A000100AA000CFE6400,15,plausible_drawable_extents_at_plus6_plus8;plausible_frame_record_prefix
PHAPCK_TBL.decoded.bin,pck_object_0065_part_001_choice_000_frame_087,pck_object_0065,pck_object_0065_part_001,pck_object_0065_part_001_choice_000,0x00593A,2,-1,-16,0xD807,55303,-10233,7,216,direct_unsigned,0x000000,0x00D807,no,,0,outside_decoded_stream
PHAPCK_TBL.decoded.bin,pck_object_0065_part_001_choice_000_frame_087,pck_object_0065,pck_object_0065_part_001,pck_object_0065_part_001_choice_000,0x00593A,2,-1,-16,0xD807,55303,-10233,7,216,direct_signed,0x000000,-0x0027F9,no,,0,outside_decoded_stream
PHAPCK_TBL.decoded.bin,pck_object_0065_part_001_choice_000_frame_087,pck_object_0065,pck_object_0065_part_001,pck_object_0065_part_001_choice_000,0x00593A,2,-1,-16,0xD807,55303,-10233,7,216,object_plus_unsigned,0x005682,0x012E89,no,,0,outside_decoded_stream
PHAPCK_TBL.decoded.bin,pck_object_0065_part_001_choice_000_frame_087,pck_object_0065,pck_object_0065_part_001,pck_object_0065_part_001_choice_000,0x00593A,2,-1,-16,0xD807,55303,-10233,7,216,object_plus_signed,0x005682,0x002E89,yes,00AC0000000D00B40001018103010301,0,in_range_no_structural_match
PHAPCK_TBL.decoded.bin,pck_object_0065_part_001_choice_000_frame_087,pck_object_0065,pck_object_0065_part_001,pck_object_0065_part_001_choice_000,0x00593A,2,-1,-16,0xD807,55303,-10233,7,216,block_plus_unsigned,0x005680,0x012E87,no,,0,outside_decoded_stream
PHAPCK_TBL.decoded.bin,pck_object_0065_part_001_choice_000_frame_087,pck_object_0065,pck_object_0065_part_001,pck_object_0065_part_001_choice_000,0x00593A,2,-1,-16,0xD807,55303,-10233,7,216,block_plus_signed,0x005680,0x002E87,yes,FF0100AC0000000D00B4000101810301,10,byte0_high_bit_set;plausible_frame_record_prefix
PHAPCK_TBL.decoded.bin,pck_object_0065_part_001_choice_000_frame_087,pck_object_0065,pck_object_0065_part_001,pck_object_0065_part_001_choice_000,0x00593A,2,-1,-16,0xD807,55303,-10233,7,216,part_plus_signed,0x005698,0x002E9F,yes,050506210181000000000B2601810000,0,in_range_no_structural_match
PHAPCK_TBL.decoded.bin,pck_object_0065_part_001_choice_000_frame_087,pck_object_0065,pck_object_0065_part_001,pck_object_0065_part_001_choice_000,0x00593A,2,-1,-16,0xD807,55303,-10233,7,216,frame_plus_signed,0x00593A,0x003141,yes,00B60001018103010301011E01810202,0,in_range_no_structural_match
PHAPCK_TBL.decoded.bin,pck_object_0065_part_001_choice_000_frame_087,pck_object_0065,pck_object_0065_part_001,pck_object_0065_part_001_choice_000,0x00593A,2,-1,-16,0xD807,55303,-10233,7,216,payload_plus_signed,0x00593C,0x003143,yes,0001018103010301011E018102020505,5,plausible_frame_record_prefix
PHAPCK_TBL.decoded.bin,pck_object_0065_part_001_choice_000_frame_111,pck_object_0065,pck_object_0065_part_001,pck_object_0065_part_001_choice_000,0x0059FA,3,14,64,0x8101,33025,-32511,1,129,direct_unsigned,0x000000,0x008101,yes,FFA0003C001AFF000058FA58FA82003C,5,byte0_high_bit_set
PHAPCK_TBL.decoded.bin,pck_object_0065_part_001_choice_000_frame_111,pck_object_0065,pck_object_0065_part_001,pck_object_0065_part_001_choice_000,0x0059FA,3,14,64,0x8101,33025,-32511,1,129,direct_signed,0x000000,-0x007EFF,no,,0,outside_decoded_stream
PHAPCK_TBL.decoded.bin,pck_object_0065_part_001_choice_000_frame_111,pck_object_0065,pck_object_0065_part_001,pck_object_0065_part_001_choice_000,0x0059FA,3,14,64,0x8101,33025,-32511,1,129,object_plus_unsigned,0x005682,0x00D783,no,,0,outside_decoded_stream
PHAPCK_TBL.decoded.bin,pck_object_0065_part_001_choice_000_frame_111,pck_object_0065,pck_object_0065_part_001,pck_object_0065_part_001_choice_000,0x0059FA,3,14,64,0x8101,33025,-32511,1,129,object_plus_signed,0x005682,-0x00287D,no,,0,outside_decoded_stream
PHAPCK_TBL.decoded.bin,pck_object_0065_part_001_choice_000_frame_111,pck_object_0065,pck_object_0065_part_001,pck_object_0065_part_001_choice_000,0x0059FA,3,14,64,0x8101,33025,-32511,1,129,block_plus_unsigned,0x005680,0x00D781,no,,0,outside_decoded_stream
PHAPCK_TBL.decoded.bin,pck_object_0065_part_001_choice_000_frame_111,pck_object_0065,pck_object_0065_part_001,pck_object_0065_part_001_choice_000,0x0059FA,3,14,64,0x8101,33025,-32511,1,129,block_plus_signed,0x005680,-0x00287F,no,,0,outside_decoded_stream
PHAPCK_TBL.decoded.bin,pck_object_0065_part_001_choice_000_frame_111,pck_object_0065,pck_object_0065_part_001,pck_object_0065_part_001_choice_000,0x0059FA,3,14,64,0x8101,33025,-32511,1,129,part_plus_signed,0x005698,-0x002867,no,,0,outside_decoded_stream
PHAPCK_TBL.decoded.bin,pck_object_0065_part_001_choice_000_frame_111,pck_object_0065,pck_object_0065_part_001,pck_object_0065_part_001_choice_000,0x0059FA,3,14,64,0x8101,33025,-32511,1,129,frame_plus_signed,0x0059FA,-0x002505,no,,0,outside_decoded_stream
PHAPCK_TBL.decoded.bin,pck_object_0065_part_001_choice_000_frame_111,pck_object_0065,pck_object_0065_part_001,pck_object_0065_part_001_choice_000,0x0059FA,3,14,64,0x8101,33025,-32511,1,129,payload_plus_signed,0x0059FC,-0x002503,no,,0,outside_decoded_stream
PHAPCK_TBL.decoded.bin,pck_object_0065_part_001_choice_000_frame_112,pck_object_0065,pck_object_0065_part_001,pck_object_0065_part_001_choice_000,0x005A02,3,11,68,0x8101,33025,-32511,1,129,direct_unsigned,0x000000,0x008101,yes,FFA0003C001AFF000058FA58FA82003C,5,byte0_high_bit_set
PHAPCK_TBL.decoded.bin,pck_object_0065_part_001_choice_000_frame_112,pck_object_0065,pck_object_0065_part_001,pck_object_0065_part_001_choice_000,0x005A02,3,11,68,0x8101,33025,-32511,1,129,direct_signed,0x000000,-0x007EFF,no,,0,outside_decoded_stream
PHAPCK_TBL.decoded.bin,pck_object_0065_part_001_choice_000_frame_112,pck_object_0065,pck_object_0065_part_001,pck_object_0065_part_001_choice_000,0x005A02,3,11,68,0x8101,33025,-32511,1,129,object_plus_unsigned,0x005682,0x00D783,no,,0,outside_decoded_stream
PHAPCK_TBL.decoded.bin,pck_object_0065_part_001_choice_000_frame_112,pck_object_0065,pck_object_0065_part_001,pck_object_0065_part_001_choice_000,0x005A02,3,11,68,0x8101,33025,-32511,1,129,object_plus_signed,0x005682,-0x00287D,no,,0,outside_decoded_stream
PHAPCK_TBL.decoded.bin,pck_object_0065_part_001_choice_000_frame_112,pck_object_0065,pck_object_0065_part_001,pck_object_0065_part_001_choice_000,0x005A02,3,11,68,0x8101,33025,-32511,1,129,block_plus_unsigned,0x005680,0x00D781,no,,0,outside_decoded_stream
PHAPCK_TBL.decoded.bin,pck_object_0065_part_001_choice_000_frame_112,pck_object_0065,pck_object_0065_part_001,pck_object_0065_part_001_choice_000,0x005A02,3,11,68,0x8101,33025,-32511,1,129,block_plus_signed,0x005680,-0x00287F,no,,0,outside_decoded_stream
PHAPCK_TBL.decoded.bin,pck_object_0065_part_001_choice_000_frame_112,pck_object_0065,pck_object_0065_part_001,pck_object_0065_part_001_choice_000,0x005A02,3,11,68,0x8101,33025,-32511,1,129,part_plus_signed,0x005698,-0x002867,no,,0,outside_decoded_stream
PHAPCK_TBL.decoded.bin,pck_object_0065_part_001_choice_000_frame_112,pck_object_0065,pck_object_0065_part_001,pck_object_0065_part_001_choice_000,0x005A02,3,11,68,0x8101,33025,-32511,1,129,frame_plus_signed,0x005A02,-0x0024FD,no,,0,outside_decoded_stream
PHAPCK_TBL.decoded.bin,pck_object_0065_part_001_choice_000_frame_112,pck_object_0065,pck_object_0065_part_001,pck_object_0065_part_001_choice_000,0x005A02,3,11,68,0x8101,33025,-32511,1,129,payload_plus_signed,0x005A04,-0x0024FB,no,,0,outside_decoded_stream
PHAPCK_TBL.decoded.bin,pck_object_0065_part_001_choice_000_frame_115,pck_object_0065,pck_object_0065_part_001,pck_object_0065_part_001_choice_000,0x005A1A,3,22,82,0x8101,33025,-32511,1,129,direct_unsigned,0x000000,0x008101,yes,FFA0003C001AFF000058FA58FA82003C,5,byte0_high_bit_set
PHAPCK_TBL.decoded.bin,pck_object_0065_part_001_choice_000_frame_115,pck_object_0065,pck_object_0065_part_001,pck_object_0065_part_001_choice_000,0x005A1A,3,22,82,0x8101,33025,-32511,1,129,direct_signed,0x000000,-0x007EFF,no,,0,outside_decoded_stream
PHAPCK_TBL.decoded.bin,pck_object_0065_part_001_choice_000_frame_115,pck_object_0065,pck_object_0065_part_001,pck_object_0065_part_001_choice_000,0x005A1A,3,22,82,0x8101,33025,-32511,1,129,object_plus_unsigned,0x005682,0x00D783,no,,0,outside_decoded_stream
PHAPCK_TBL.decoded.bin,pck_object_0065_part_001_choice_000_frame_115,pck_object_0065,pck_object_0065_part_001,pck_object_0065_part_001_choice_000,0x005A1A,3,22,82,0x8101,33025,-32511,1,129,object_plus_signed,0x005682,-0x00287D,no,,0,outside_decoded_stream
PHAPCK_TBL.decoded.bin,pck_object_0065_part_001_choice_000_frame_115,pck_object_0065,pck_object_0065_part_001,pck_object_0065_part_001_choice_000,0x005A1A,3,22,82,0x8101,33025,-32511,1,129,block_plus_unsigned,0x005680,0x00D781,no,,0,outside_decoded_stream
PHAPCK_TBL.decoded.bin,pck_object_0065_part_001_choice_000_frame_115,pck_object_0065,pck_object_0065_part_001,pck_object_0065_part_001_choice_000,0x005A1A,3,22,82,0x8101,33025,-32511,1,129,block_plus_signed,0x005680,-0x00287F,no,,0,outside_decoded_stream
PHAPCK_TBL.decoded.bin,pck_object_0065_part_001_choice_000_frame_115,pck_object_0065,pck_object_0065_part_001,pck_object_0065_part_001_choice_000,0x005A1A,3,22,82,0x8101,33025,-32511,1,129,part_plus_signed,0x005698,-0x002867,no,,0,outside_decoded_stream
PHAPCK_TBL.decoded.bin,pck_object_0065_part_001_choice_000_frame_115,pck_object_0065,pck_object_0065_part_001,pck_object_0065_part_001_choice_000,0x005A1A,3,22,82,0x8101,33025,-32511,1,129,frame_plus_signed,0x005A1A,-0x0024E5,no,,0,outside_decoded_stream
PHAPCK_TBL.decoded.bin,pck_object_0065_part_001_choice_000_frame_115,pck_object_0065,pck_object_0065_part_001,pck_object_0065_part_001_choice_000,0x005A1A,3,22,82,0x8101,33025,-32511,1,129,payload_plus_signed,0x005A1C,-0x0024E3,no,,0,outside_decoded_stream
PHAPCK_TBL.decoded.bin,pck_object_0065_part_001_choice_000_frame_116,pck_object_0065,pck_object_0065_part_001,pck_object_0065_part_001_choice_000,0x005A22,3,14,87,0x8101,33025,-32511,1,129,direct_unsigned,0x000000,0x008101,yes,FFA0003C001AFF000058FA58FA82003C,5,byte0_high_bit_set
PHAPCK_TBL.decoded.bin,pck_object_0065_part_001_choice_000_frame_116,pck_object_0065,pck_object_0065_part_001,pck_object_0065_part_001_choice_000,0x005A22,3,14,87,0x8101,33025,-32511,1,129,direct_signed,0x000000,-0x007EFF,no,,0,outside_decoded_stream
PHAPCK_TBL.decoded.bin,pck_object_0065_part_001_choice_000_frame_116,pck_object_0065,pck_object_0065_part_001,pck_object_0065_part_001_choice_000,0x005A22,3,14,87,0x8101,33025,-32511,1,129,object_plus_unsigned,0x005682,0x00D783,no,,0,outside_decoded_stream
PHAPCK_TBL.decoded.bin,pck_object_0065_part_001_choice_000_frame_116,pck_object_0065,pck_object_0065_part_001,pck_object_0065_part_001_choice_000,0x005A22,3,14,87,0x8101,33025,-32511,1,129,object_plus_signed,0x005682,-0x00287D,no,,0,outside_decoded_stream
PHAPCK_TBL.decoded.bin,pck_object_0065_part_001_choice_000_frame_116,pck_object_0065,pck_object_0065_part_001,pck_object_0065_part_001_choice_000,0x005A22,3,14,87,0x8101,33025,-32511,1,129,block_plus_unsigned,0x005680,0x00D781,no,,0,outside_decoded_stream
PHAPCK_TBL.decoded.bin,pck_object_0065_part_001_choice_000_frame_116,pck_object_0065,pck_object_0065_part_001,pck_object_0065_part_001_choice_000,0x005A22,3,14,87,0x8101,33025,-32511,1,129,block_plus_signed,0x005680,-0x00287F,no,,0,outside_decoded_stream
PHAPCK_TBL.decoded.bin,pck_object_0065_part_001_choice_000_frame_116,pck_object_0065,pck_object_0065_part_001,pck_object_0065_part_001_choice_000,0x005A22,3,14,87,0x8101,33025,-32511,1,129,part_plus_signed,0x005698,-0x002867,no,,0,outside_decoded_stream
PHAPCK_TBL.decoded.bin,pck_object_0065_part_001_choice_000_frame_116,pck_object_0065,pck_object_0065_part_001,pck_object_0065_part_001_choice_000,0x005A22,3,14,87,0x8101,33025,-32511,1,129,frame_plus_signed,0x005A22,-0x0024DD,no,,0,outside_decoded_stream
PHAPCK_TBL.decoded.bin,pck_object_0065_part_001_choice_000_frame_116,pck_object_0065,pck_object_0065_part_001,pck_object_0065_part_001_choice_000,0x005A22,3,14,87,0x8101,33025,-32511,1,129,payload_plus_signed,0x005A24,-0x0024DB,no,,0,outside_decoded_stream
PHAPCK_TBL.decoded.bin,pck_object_0065_part_001_choice_000_frame_118,pck_object_0065,pck_object_0065_part_001,pck_object_0065_part_001_choice_000,0x005A32,3,23,97,0x0201,513,513,1,2,direct_unsigned,0x000000,0x000201,yes,0018FC000000000000F8026D0756FFE2,0,in_range_no_structural_match
PHAPCK_TBL.decoded.bin,pck_object_0065_part_001_choice_000_frame_118,pck_object_0065,pck_object_0065_part_001,pck_object_0065_part_001_choice_000,0x005A32,3,23,97,0x0201,513,513,1,2,direct_signed,0x000000,0x000201,yes,0018FC000000000000F8026D0756FFE2,0,in_range_no_structural_match
PHAPCK_TBL.decoded.bin,pck_object_0065_part_001_choice_000_frame_118,pck_object_0065,pck_object_0065_part_001,pck_object_0065_part_001_choice_000,0x005A32,3,23,97,0x0201,513,513,1,2,object_plus_unsigned,0x005682,0x005883,yes,06230181000000000B28018100000000,0,in_range_no_structural_match
PHAPCK_TBL.decoded.bin,pck_object_0065_part_001_choice_000_frame_118,pck_object_0065,pck_object_0065_part_001,pck_object_0065_part_001_choice_000,0x005A32,3,23,97,0x0201,513,513,1,2,object_plus_signed,0x005682,0x005883,yes,06230181000000000B28018100000000,0,in_range_no_structural_match
PHAPCK_TBL.decoded.bin,pck_object_0065_part_001_choice_000_frame_118,pck_object_0065,pck_object_0065_part_001,pck_object_0065_part_001_choice_000,0x005A32,3,23,97,0x0201,513,513,1,2,block_plus_unsigned,0x005680,0x005881,yes,050506230181000000000B2801810000,0,in_range_no_structural_match
PHAPCK_TBL.decoded.bin,pck_object_0065_part_001_choice_000_frame_118,pck_object_0065,pck_object_0065_part_001,pck_object_0065_part_001_choice_000,0x005A32,3,23,97,0x0201,513,513,1,2,block_plus_signed,0x005680,0x005881,yes,050506230181000000000B2801810000,0,in_range_no_structural_match
PHAPCK_TBL.decoded.bin,pck_object_0065_part_001_choice_000_frame_118,pck_object_0065,pck_object_0065_part_001,pck_object_0065_part_001_choice_000,0x005A32,3,23,97,0x0201,513,513,1,2,part_plus_signed,0x005698,0x005899,yes,050511320181030303030E3701810303,0,in_range_no_structural_match
PHAPCK_TBL.decoded.bin,pck_object_0065_part_001_choice_000_frame_118,pck_object_0065,pck_object_0065_part_001,pck_object_0065_part_001_choice_000,0x005A32,3,23,97,0x0201,513,513,1,2,frame_plus_signed,0x005A32,0x005C33,yes,A6FF50007EFF000800000000D8FFD8FF,5,byte0_high_bit_set
PHAPCK_TBL.decoded.bin,pck_object_0065_part_001_choice_000_frame_118,pck_object_0065,pck_object_0065_part_001,pck_object_0065_part_001_choice_000,0x005A32,3,23,97,0x0201,513,513,1,2,payload_plus_signed,0x005A34,0x005C35,yes,50007EFF000800000000D8FFD8FFCAFE,5,plausible_frame_record_prefix
PHAPCK_TBL.decoded.bin,pck_object_0065_part_001_choice_000_frame_149,pck_object_0065,pck_object_0065_part_001,pck_object_0065_part_001_choice_000,0x005B2A,3,1,1,0x0120,288,288,32,1,direct_unsigned,0x000000,0x000120,yes,0A00FD05030013060C00280605003E06,5,plausible_frame_record_prefix
PHAPCK_TBL.decoded.bin,pck_object_0065_part_001_choice_000_frame_149,pck_object_0065,pck_object_0065_part_001,pck_object_0065_part_001_choice_000,0x005B2A,3,1,1,0x0120,288,288,32,1,direct_signed,0x000000,0x000120,yes,0A00FD05030013060C00280605003E06,5,plausible_frame_record_prefix
PHAPCK_TBL.decoded.bin,pck_object_0065_part_001_choice_000_frame_149,pck_object_0065,pck_object_0065_part_001,pck_object_0065_part_001_choice_000,0x005B2A,3,1,1,0x0120,288,288,32,1,object_plus_unsigned,0x005682,0x0057A2,yes,018100000000163F0110110807FF130A,30,exact_frame_record
PHAPCK_TBL.decoded.bin,pck_object_0065_part_001_choice_000_frame_149,pck_object_0065,pck_object_0065_part_001,pck_object_0065_part_001_choice_000,0x005B2A,3,1,1,0x0120,288,288,32,1,object_plus_signed,0x005682,0x0057A2,yes,018100000000163F0110110807FF130A,30,exact_frame_record
PHAPCK_TBL.decoded.bin,pck_object_0065_part_001_choice_000_frame_149,pck_object_0065,pck_object_0065_part_001,pck_object_0065_part_001_choice_000,0x005B2A,3,1,1,0x0120,288,288,32,1,block_plus_unsigned,0x005680,0x0057A0,yes,0C3A018100000000163F0110110807FF,0,in_range_no_structural_match
PHAPCK_TBL.decoded.bin,pck_object_0065_part_001_choice_000_frame_149,pck_object_0065,pck_object_0065_part_001,pck_object_0065_part_001_choice_000,0x005B2A,3,1,1,0x0120,288,288,32,1,block_plus_signed,0x005680,0x0057A0,yes,0C3A018100000000163F0110110807FF,0,in_range_no_structural_match
PHAPCK_TBL.decoded.bin,pck_object_0065_part_001_choice_000_frame_149,pck_object_0065,pck_object_0065_part_001,pck_object_0065_part_001_choice_000,0x005B2A,3,1,1,0x0120,288,288,32,1,part_plus_signed,0x005698,0x0057B8,yes,15FF070B1510FF10151311FF80004F01,0,in_range_no_structural_match
PHAPCK_TBL.decoded.bin,pck_object_0065_part_001_choice_000_frame_149,pck_object_0065,pck_object_0065_part_001,pck_object_0065_part_001_choice_000,0x005B2A,3,1,1,0x0120,288,288,32,1,frame_plus_signed,0x005B2A,0x005C4A,yes,FF000058F97004D8FF5A00CAFEA6FF5A,40,exact_frame_record;byte0_high_bit_set;plausible_frame_record_prefix
PHAPCK_TBL.decoded.bin,pck_object_0065_part_001_choice_000_frame_149,pck_object_0065,pck_object_0065_part_001,pck_object_0065_part_001_choice_000,0x005B2A,3,1,1,0x0120,288,288,32,1,payload_plus_signed,0x005B2C,0x005C4C,yes,0058F97004D8FF5A00CAFEA6FF5A00CA,0,in_range_no_structural_match
PHAPCK_TBL.decoded.bin,pck_object_0065_part_001_choice_000_frame_154,pck_object_0065,pck_object_0065_part_001,pck_object_0065_part_001_choice_000,0x005B52,3,3,14,0x0139,313,313,57,1,direct_unsigned,0x000000,0x000139,yes,007F060C009E060800BE060400DE0600,0,in_range_no_structural_match
PHAPCK_TBL.decoded.bin,pck_object_0065_part_001_choice_000_frame_154,pck_object_0065,pck_object_0065_part_001,pck_object_0065_part_001_choice_000,0x005B52,3,3,14,0x0139,313,313,57,1,direct_signed,0x000000,0x000139,yes,007F060C009E060800BE060400DE0600,0,in_range_no_structural_match
PHAPCK_TBL.decoded.bin,pck_object_0065_part_001_choice_000_frame_154,pck_object_0065,pck_object_0065_part_001,pck_object_0065_part_001_choice_000,0x005B52,3,3,14,0x0139,313,313,57,1,object_plus_unsigned,0x005682,0x0057BB,yes,0B1510FF10151311FF80004F01000000,0,in_range_no_structural_match
PHAPCK_TBL.decoded.bin,pck_object_0065_part_001_choice_000_frame_154,pck_object_0065,pck_object_0065_part_001,pck_object_0065_part_001_choice_000,0x005B52,3,3,14,0x0139,313,313,57,1,object_plus_signed,0x005682,0x0057BB,yes,0B1510FF10151311FF80004F01000000,0,in_range_no_structural_match
PHAPCK_TBL.decoded.bin,pck_object_0065_part_001_choice_000_frame_154,pck_object_0065,pck_object_0065_part_001,pck_object_0065_part_001_choice_000,0x005B52,3,3,14,0x0139,313,313,57,1,block_plus_unsigned,0x005680,0x0057B9,yes,FF070B1510FF10151311FF80004F0100,5,byte0_high_bit_set
PHAPCK_TBL.decoded.bin,pck_object_0065_part_001_choice_000_frame_154,pck_object_0065,pck_object_0065_part_001,pck_object_0065_part_001_choice_000,0x005B52,3,3,14,0x0139,313,313,57,1,block_plus_signed,0x005680,0x0057B9,yes,FF070B1510FF10151311FF80004F0100,5,byte0_high_bit_set
PHAPCK_TBL.decoded.bin,pck_object_0065_part_001_choice_000_frame_154,pck_object_0065,pck_object_0065_part_001,pck_object_0065_part_001_choice_000,0x005B52,3,3,14,0x0139,313,313,57,1,part_plus_signed,0x005698,0x0057D1,yes,0000181A000100AA000CFE640018FC00,5,plausible_frame_record_prefix
PHAPCK_TBL.decoded.bin,pck_object_0065_part_001_choice_000_frame_154,pck_object_0065,pck_object_0065_part_001,pck_object_0065_part_001_choice_000,0x005B52,3,3,14,0x0139,313,313,57,1,frame_plus_signed,0x005B52,0x005C8B,yes,020505062E0181000000000B33018100,0,in_range_no_structural_match
PHAPCK_TBL.decoded.bin,pck_object_0065_part_001_choice_000_frame_154,pck_object_0065,pck_object_0065_part_001,pck_object_0065_part_001_choice_000,0x005B52,3,3,14,0x0139,313,313,57,1,payload_plus_signed,0x005B54,0x005C8D,yes,05062E0181000000000B330181000000,0,in_range_no_structural_match
PHAPCK_TBL.decoded.bin,pck_object_0065_part_001_choice_000_frame_155,pck_object_0065,pck_object_0065_part_001,pck_object_0065_part_001_choice_000,0x005B5A,3,3,11,0x013D,317,317,61,1,direct_unsigned,0x000000,0x00013D,yes,009E060800BE060400DE060000FE060C,0,in_range_no_structural_match
PHAPCK_TBL.decoded.bin,pck_object_0065_part_001_choice_000_frame_155,pck_object_0065,pck_object_0065_part_001,pck_object_0065_part_001_choice_000,0x005B5A,3,3,11,0x013D,317,317,61,1,direct_signed,0x000000,0x00013D,yes,009E060800BE060400DE060000FE060C,0,in_range_no_structural_match
PHAPCK_TBL.decoded.bin,pck_object_0065_part_001_choice_000_frame_155,pck_object_0065,pck_object_0065_part_001,pck_object_0065_part_001_choice_000,0x005B5A,3,3,11,0x013D,317,317,61,1,object_plus_unsigned,0x005682,0x0057BF,yes,10151311FF80004F0100000000000001,0,in_range_no_structural_match
PHAPCK_TBL.decoded.bin,pck_object_0065_part_001_choice_000_frame_155,pck_object_0065,pck_object_0065_part_001,pck_object_0065_part_001_choice_000,0x005B5A,3,3,11,0x013D,317,317,61,1,object_plus_signed,0x005682,0x0057BF,yes,10151311FF80004F0100000000000001,0,in_range_no_structural_match
PHAPCK_TBL.decoded.bin,pck_object_0065_part_001_choice_000_frame_155,pck_object_0065,pck_object_0065_part_001,pck_object_0065_part_001_choice_000,0x005B5A,3,3,11,0x013D,317,317,61,1,block_plus_unsigned,0x005680,0x0057BD,yes,10FF10151311FF80004F010000000000,0,in_range_no_structural_match
PHAPCK_TBL.decoded.bin,pck_object_0065_part_001_choice_000_frame_155,pck_object_0065,pck_object_0065_part_001,pck_object_0065_part_001_choice_000,0x005B5A,3,3,11,0x013D,317,317,61,1,block_plus_signed,0x005680,0x0057BD,yes,10FF10151311FF80004F010000000000,0,in_range_no_structural_match
PHAPCK_TBL.decoded.bin,pck_object_0065_part_001_choice_000_frame_155,pck_object_0065,pck_object_0065_part_001,pck_object_0065_part_001_choice_000,0x005B5A,3,3,11,0x013D,317,317,61,1,part_plus_signed,0x005698,0x0057D5,yes,000100AA000CFE640018FC0000000000,5,plausible_frame_record_prefix
PHAPCK_TBL.decoded.bin,pck_object_0065_part_001_choice_000_frame_155,pck_object_0065,pck_object_0065_part_001,pck_object_0065_part_001_choice_000,0x005B5A,3,3,11,0x013D,317,317,61,1,frame_plus_signed,0x005B5A,0x005C97,yes,330181000000000E3801810202050511,5,plausible_frame_record_prefix
PHAPCK_TBL.decoded.bin,pck_object_0065_part_001_choice_000_frame_155,pck_object_0065,pck_object_0065_part_001,pck_object_0065_part_001_choice_000,0x005B5A,3,3,11,0x013D,317,317,61,1,payload_plus_signed,0x005B5C,0x005C99,yes,81000000000E38018102020505113D01,10,byte0_high_bit_set;plausible_frame_record_prefix
PHAPCK_TBL.decoded.bin,pck_object_0065_part_001_choice_000_frame_158,pck_object_0065,pck_object_0065_part_001,pck_object_0065_part_001_choice_000,0x005B72,3,3,22,0x014B,331,331,75,1,direct_unsigned,0x000000,0x00014B,yes,060C001D0708003D070C004707000052,0,in_range_no_structural_match
PHAPCK_TBL.decoded.bin,pck_object_0065_part_001_choice_000_frame_158,pck_object_0065,pck_object_0065_part_001,pck_object_0065_part_001_choice_000,0x005B72,3,3,22,0x014B,331,331,75,1,direct_signed,0x000000,0x00014B,yes,060C001D0708003D070C004707000052,0,in_range_no_structural_match
PHAPCK_TBL.decoded.bin,pck_object_0065_part_001_choice_000_frame_158,pck_object_0065,pck_object_0065_part_001,pck_object_0065_part_001_choice_000,0x005B72,3,3,22,0x014B,331,331,75,1,object_plus_unsigned,0x005682,0x0057CD,yes,000100120000181A000100AA000CFE64,5,plausible_frame_record_prefix
PHAPCK_TBL.decoded.bin,pck_object_0065_part_001_choice_000_frame_158,pck_object_0065,pck_object_0065_part_001,pck_object_0065_part_001_choice_000,0x005B72,3,3,22,0x014B,331,331,75,1,object_plus_signed,0x005682,0x0057CD,yes,000100120000181A000100AA000CFE64,5,plausible_frame_record_prefix
PHAPCK_TBL.decoded.bin,pck_object_0065_part_001_choice_000_frame_158,pck_object_0065,pck_object_0065_part_001,pck_object_0065_part_001_choice_000,0x005B72,3,3,22,0x014B,331,331,75,1,block_plus_unsigned,0x005680,0x0057CB,yes,0000000100120000181A000100AA000C,5,plausible_frame_record_prefix
PHAPCK_TBL.decoded.bin,pck_object_0065_part_001_choice_000_frame_158,pck_object_0065,pck_object_0065_part_001,pck_object_0065_part_001_choice_000,0x005B72,3,3,22,0x014B,331,331,75,1,block_plus_signed,0x005680,0x0057CB,yes,0000000100120000181A000100AA000C,5,plausible_frame_record_prefix
PHAPCK_TBL.decoded.bin,pck_object_0065_part_001_choice_000_frame_158,pck_object_0065,pck_object_0065_part_001,pck_object_0065_part_001_choice_000,0x005B72,3,3,22,0x014B,331,331,75,1,part_plus_signed,0x005698,0x0057E3,yes,000008D8FF32001400D8FFE2FF1400A6,5,plausible_frame_record_prefix
PHAPCK_TBL.decoded.bin,pck_object_0065_part_001_choice_000_frame_158,pck_object_0065,pck_object_0065_part_001,pck_object_0065_part_001_choice_000,0x005B72,3,3,22,0x014B,331,331,75,1,frame_plus_signed,0x005B72,0x005CBD,yes,00144A018100000000154F0181030303,0,in_range_no_structural_match
PHAPCK_TBL.decoded.bin,pck_object_0065_part_001_choice_000_frame_158,pck_object_0065,pck_object_0065_part_001,pck_object_0065_part_001_choice_000,0x005B72,3,3,22,0x014B,331,331,75,1,payload_plus_signed,0x005B74,0x005CBF,yes,4A018100000000154F01810303030316,5,plausible_frame_record_prefix
PHAPCK_TBL.decoded.bin,pck_object_0065_part_001_choice_000_frame_159,pck_object_0065,pck_object_0065_part_001,pck_object_0065_part_001_choice_000,0x005B7A,3,3,14,0x0150,336,336,80,1,direct_unsigned,0x000000,0x000150,yes,08003D070C0047070000520704005C07,5,plausible_frame_record_prefix
PHAPCK_TBL.decoded.bin,pck_object_0065_part_001_choice_000_frame_159,pck_object_0065,pck_object_0065_part_001,pck_object_0065_part_001_choice_000,0x005B7A,3,3,14,0x0150,336,336,80,1,direct_signed,0x000000,0x000150,yes,08003D070C0047070000520704005C07,5,plausible_frame_record_prefix
PHAPCK_TBL.decoded.bin,pck_object_0065_part_001_choice_000_frame_159,pck_object_0065,pck_object_0065_part_001,pck_object_0065_part_001_choice_000,0x005B7A,3,3,14,0x0150,336,336,80,1,object_plus_unsigned,0x005682,0x0057D2,yes,00181A000100AA000CFE640018FC0000,65,exact_part_offset;exact_frame_record
PHAPCK_TBL.decoded.bin,pck_object_0065_part_001_choice_000_frame_159,pck_object_0065,pck_object_0065_part_001,pck_object_0065_part_001_choice_000,0x005B7A,3,3,14,0x0150,336,336,80,1,object_plus_signed,0x005682,0x0057D2,yes,00181A000100AA000CFE640018FC0000,65,exact_part_offset;exact_frame_record
PHAPCK_TBL.decoded.bin,pck_object_0065_part_001_choice_000_frame_159,pck_object_0065,pck_object_0065_part_001,pck_object_0065_part_001_choice_000,0x005B7A,3,3,14,0x0150,336,336,80,1,block_plus_unsigned,0x005680,0x0057D0,yes,120000181A000100AA000CFE640018FC,15,plausible_drawable_extents_at_plus6_plus8;plausible_frame_record_prefix
PHAPCK_TBL.decoded.bin,pck_object_0065_part_001_choice_000_frame_159,pck_object_0065,pck_object_0065_part_001,pck_object_0065_part_001_choice_000,0x005B7A,3,3,14,0x0150,336,336,80,1,block_plus_signed,0x005680,0x0057D0,yes,120000181A000100AA000CFE640018FC,15,plausible_drawable_extents_at_plus6_plus8;plausible_frame_record_prefix
PHAPCK_TBL.decoded.bin,pck_object_0065_part_001_choice_000_frame_159,pck_object_0065,pck_object_0065_part_001,pck_object_0065_part_001_choice_000,0x005B7A,3,3,14,0x0150,336,336,80,1,part_plus_signed,0x005698,0x0057E8,yes,32001400D8FFE2FF1400A6FFE2FF1400,5,plausible_frame_record_prefix
PHAPCK_TBL.decoded.bin,pck_object_0065_part_001_choice_000_frame_159,pck_object_0065,pck_object_0065_part_001,pck_object_0065_part_001_choice_000,0x005B7A,3,3,14,0x0150,336,336,80,1,frame_plus_signed,0x005B7A,0x005CCA,yes,0303030316540181030303030E590181,35,exact_frame_record;plausible_frame_record_prefix
PHAPCK_TBL.decoded.bin,pck_object_0065_part_001_choice_000_frame_159,pck_object_0065,pck_object_0065_part_001,pck_object_0065_part_001_choice_000,0x005B7A,3,3,14,0x0150,336,336,80,1,payload_plus_signed,0x005B7C,0x005CCC,yes,030316540181030303030E5901810202,5,plausible_frame_record_prefix
PHAPCK_TBL.decoded.bin,pck_object_0065_part_001_choice_000_frame_161,pck_object_0065,pck_object_0065_part_001,pck_object_0065_part_001_choice_000,0x005B8A,3,3,23,0x015A,346,346,90,1,direct_unsigned,0x000000,0x00015A,yes,520704005C07080066070C0070070000,0,in_range_no_structural_match
PHAPCK_TBL.decoded.bin,pck_object_0065_part_001_choice_000_frame_161,pck_object_0065,pck_object_0065_part_001,pck_object_0065_part_001_choice_000,0x005B8A,3,3,23,0x015A,346,346,90,1,direct_signed,0x000000,0x00015A,yes,520704005C07080066070C0070070000,0,in_range_no_structural_match
PHAPCK_TBL.decoded.bin,pck_object_0065_part_001_choice_000_frame_161,pck_object_0065,pck_object_0065_part_001,pck_object_0065_part_001_choice_000,0x005B8A,3,3,23,0x015A,346,346,90,1,object_plus_unsigned,0x005682,0x0057DC,yes,640018FC000000000008D8FF32001400,5,plausible_frame_record_prefix
PHAPCK_TBL.decoded.bin,pck_object_0065_part_001_choice_000_frame_161,pck_object_0065,pck_object_0065_part_001,pck_object_0065_part_001_choice_000,0x005B8A,3,3,23,0x015A,346,346,90,1,object_plus_signed,0x005682,0x0057DC,yes,640018FC000000000008D8FF32001400,5,plausible_frame_record_prefix
PHAPCK_TBL.decoded.bin,pck_object_0065_part_001_choice_000_frame_161,pck_object_0065,pck_object_0065_part_001,pck_object_0065_part_001_choice_000,0x005B8A,3,3,23,0x015A,346,346,90,1,block_plus_unsigned,0x005680,0x0057DA,yes,0CFE640018FC000000000008D8FF3200,30,exact_frame_record
PHAPCK_TBL.decoded.bin,pck_object_0065_part_001_choice_000_frame_161,pck_object_0065,pck_object_0065_part_001,pck_object_0065_part_001_choice_000,0x005B8A,3,3,23,0x015A,346,346,90,1,block_plus_signed,0x005680,0x0057DA,yes,0CFE640018FC000000000008D8FF3200,30,exact_frame_record
PHAPCK_TBL.decoded.bin,pck_object_0065_part_001_choice_000_frame_161,pck_object_0065,pck_object_0065_part_001,pck_object_0065_part_001_choice_000,0x005B8A,3,3,23,0x015A,346,346,90,1,part_plus_signed,0x005698,0x0057F2,yes,A6FFE2FF1400A6FF320014000000F107,50,exact_frame_record;byte0_high_bit_set;plausible_object_header
PHAPCK_TBL.decoded.bin,pck_object_0065_part_001_choice_000_frame_161,pck_object_0065,pck_object_0065_part_001,pck_object_0065_part_001_choice_000,0x005B8A,3,3,23,0x015A,346,346,90,1,frame_plus_signed,0x005B8A,0x005CE4,yes,030317630102030405FF0708090AFF0C,5,plausible_frame_record_prefix
PHAPCK_TBL.decoded.bin,pck_object_0065_part_001_choice_000_frame_161,pck_object_0065,pck_object_0065_part_001,pck_object_0065_part_001_choice_000,0x005B8A,3,3,23,0x015A,346,346,90,1,payload_plus_signed,0x005B8C,0x005CE6,yes,17630102030405FF0708090AFF0C070A,0,in_range_no_structural_match
PHAPCK_TBL.decoded.bin,pck_object_0065_part_001_choice_000_frame_167,pck_object_0065,pck_object_0065_part_001,pck_object_0065_part_001_choice_000,0x005BBA,2,5,10,0xFF09,65289,-247,9,255,direct_unsigned,0x000000,0x00FF09,no,,0,outside_decoded_stream
PHAPCK_TBL.decoded.bin,pck_object_0065_part_001_choice_000_frame_167,pck_object_0065,pck_object_0065_part_001,pck_object_0065_part_001_choice_000,0x005BBA,2,5,10,0xFF09,65289,-247,9,255,direct_signed,0x000000,-0x0000F7,no,,0,outside_decoded_stream
PHAPCK_TBL.decoded.bin,pck_object_0065_part_001_choice_000_frame_167,pck_object_0065,pck_object_0065_part_001,pck_object_0065_part_001_choice_000,0x005BBA,2,5,10,0xFF09,65289,-247,9,255,object_plus_unsigned,0x005682,0x01558B,no,,0,outside_decoded_stream
PHAPCK_TBL.decoded.bin,pck_object_0065_part_001_choice_000_frame_167,pck_object_0065,pck_object_0065_part_001,pck_object_0065_part_001_choice_000,0x005BBA,2,5,10,0xFF09,65289,-247,9,255,object_plus_signed,0x005682,0x00558B,yes,000A00AA0078000A00000090FBA806AA,0,in_range_no_structural_match
PHAPCK_TBL.decoded.bin,pck_object_0065_part_001_choice_000_frame_167,pck_object_0065,pck_object_0065_part_001,pck_object_0065_part_001_choice_000,0x005BBA,2,5,10,0xFF09,65289,-247,9,255,block_plus_unsigned,0x005680,0x015589,no,,0,outside_decoded_stream
PHAPCK_TBL.decoded.bin,pck_object_0065_part_001_choice_000_frame_167,pck_object_0065,pck_object_0065_part_001,pck_object_0065_part_001_choice_000,0x005BBA,2,5,10,0xFF09,65289,-247,9,255,block_plus_signed,0x005680,0x005589,yes,0078000A00AA0078000A00000090FBA8,0,in_range_no_structural_match
PHAPCK_TBL.decoded.bin,pck_object_0065_part_001_choice_000_frame_167,pck_object_0065,pck_object_0065_part_001,pck_object_0065_part_001_choice_000,0x005BBA,2,5,10,0xFF09,65289,-247,9,255,part_plus_signed,0x005698,0x0055A1,yes,006400280000F8000000000008000000,0,in_range_no_structural_match
PHAPCK_TBL.decoded.bin,pck_object_0065_part_001_choice_000_frame_167,pck_object_0065,pck_object_0065_part_001,pck_object_0065_part_001_choice_000,0x005BBA,2,5,10,0xFF09,65289,-247,9,255,frame_plus_signed,0x005BBA,0x005AC3,yes,FF5A0088FFA6FF5A0088FF00F8000000,5,byte0_high_bit_set
PHAPCK_TBL.decoded.bin,pck_object_0065_part_001_choice_000_frame_167,pck_object_0065,pck_object_0065_part_001,pck_object_0065_part_001_choice_000,0x005BBA,2,5,10,0xFF09,65289,-247,9,255,payload_plus_signed,0x005BBC,0x005AC5,yes,0088FFA6FF5A0088FF00F800000000A6,0,in_range_no_structural_match
PHAPCK_TBL.decoded.bin,pck_object_0065_part_001_choice_000_frame_168,pck_object_0065,pck_object_0065_part_001,pck_object_0065_part_001_choice_000,0x005BC2,3,-1,10,0x0405,1029,1029,5,4,direct_unsigned,0x000000,0x000405,yes,04080AFF0100FD000000050005010006,0,in_range_no_structural_match
PHAPCK_TBL.decoded.bin,pck_object_0065_part_001_choice_000_frame_168,pck_object_0065,pck_object_0065_part_001,pck_object_0065_part_001_choice_000,0x005BC2,3,-1,10,0x0405,1029,1029,5,4,direct_signed,0x000000,0x000405,yes,04080AFF0100FD000000050005010006,0,in_range_no_structural_match
PHAPCK_TBL.decoded.bin,pck_object_0065_part_001_choice_000_frame_168,pck_object_0065,pck_object_0065_part_001,pck_object_0065_part_001_choice_000,0x005BC2,3,-1,10,0x0405,1029,1029,5,4,object_plus_unsigned,0x005682,0x005A87,yes,000100AC000CFE640018FC000010FEC2,5,plausible_frame_record_prefix
PHAPCK_TBL.decoded.bin,pck_object_0065_part_001_choice_000_frame_168,pck_object_0065,pck_object_0065_part_001,pck_object_0065_part_001_choice_000,0x005BC2,3,-1,10,0x0405,1029,1029,5,4,object_plus_signed,0x005682,0x005A87,yes,000100AC000CFE640018FC000010FEC2,5,plausible_frame_record_prefix
PHAPCK_TBL.decoded.bin,pck_object_0065_part_001_choice_000_frame_168,pck_object_0065,pck_object_0065_part_001,pck_object_0065_part_001_choice_000,0x005BC2,3,-1,10,0x0405,1029,1029,5,4,block_plus_unsigned,0x005680,0x005A85,yes,181C000100AC000CFE640018FC000010,0,in_range_no_structural_match
PHAPCK_TBL.decoded.bin,pck_object_0065_part_001_choice_000_frame_168,pck_object_0065,pck_object_0065_part_001,pck_object_0065_part_001_choice_000,0x005BC2,3,-1,10,0x0405,1029,1029,5,4,block_plus_signed,0x005680,0x005A85,yes,181C000100AC000CFE640018FC000010,0,in_range_no_structural_match
PHAPCK_TBL.decoded.bin,pck_object_0065_part_001_choice_000_frame_168,pck_object_0065,pck_object_0065_part_001,pck_object_0065_part_001_choice_000,0x005BC2,3,-1,10,0x0405,1029,1029,5,4,part_plus_signed,0x005698,0x005A9D,yes,FFD8FFD8FFE2FFA6FFD8FFE2FFA6FF28,5,byte0_high_bit_set
PHAPCK_TBL.decoded.bin,pck_object_0065_part_001_choice_000_frame_168,pck_object_0065,pck_object_0065_part_001,pck_object_0065_part_001_choice_000,0x005BC2,3,-1,10,0x0405,1029,1029,5,4,frame_plus_signed,0x005BC2,0x005FC7,yes,050A09FF02091003FF0A05040DFF0403,0,in_range_no_structural_match
PHAPCK_TBL.decoded.bin,pck_object_0065_part_001_choice_000_frame_168,pck_object_0065,pck_object_0065_part_001,pck_object_0065_part_001_choice_000,0x005BC2,3,-1,10,0x0405,1029,1029,5,4,payload_plus_signed,0x005BC4,0x005FC9,yes,09FF02091003FF0A05040DFF0403100D,0,in_range_no_structural_match
PHAPCK_TBL.decoded.bin,pck_object_0065_part_001_choice_000_frame_169,pck_object_0065,pck_object_0065_part_001,pck_object_0065_part_001_choice_000,0x005BCA,3,16,13,0x80FF,33023,-32513,255,128,direct_unsigned,0x000000,0x0080FF,yes,00AAFFA0003C001AFF000058FA58FA82,0,in_range_no_structural_match
PHAPCK_TBL.decoded.bin,pck_object_0065_part_001_choice_000_frame_169,pck_object_0065,pck_object_0065_part_001,pck_object_0065_part_001_choice_000,0x005BCA,3,16,13,0x80FF,33023,-32513,255,128,direct_signed,0x000000,-0x007F01,no,,0,outside_decoded_stream
PHAPCK_TBL.decoded.bin,pck_object_0065_part_001_choice_000_frame_169,pck_object_0065,pck_object_0065_part_001,pck_object_0065_part_001_choice_000,0x005BCA,3,16,13,0x80FF,33023,-32513,255,128,object_plus_unsigned,0x005682,0x00D781,no,,0,outside_decoded_stream
PHAPCK_TBL.decoded.bin,pck_object_0065_part_001_choice_000_frame_169,pck_object_0065,pck_object_0065_part_001,pck_object_0065_part_001_choice_000,0x005BCA,3,16,13,0x80FF,33023,-32513,255,128,object_plus_signed,0x005682,-0x00287F,no,,0,outside_decoded_stream
PHAPCK_TBL.decoded.bin,pck_object_0065_part_001_choice_000_frame_169,pck_object_0065,pck_object_0065_part_001,pck_object_0065_part_001_choice_000,0x005BCA,3,16,13,0x80FF,33023,-32513,255,128,block_plus_unsigned,0x005680,0x00D77F,no,,0,outside_decoded_stream
PHAPCK_TBL.decoded.bin,pck_object_0065_part_001_choice_000_frame_169,pck_object_0065,pck_object_0065_part_001,pck_object_0065_part_001_choice_000,0x005BCA,3,16,13,0x80FF,33023,-32513,255,128,block_plus_signed,0x005680,-0x002881,no,,0,outside_decoded_stream
PHAPCK_TBL.decoded.bin,pck_object_0065_part_001_choice_000_frame_169,pck_object_0065,pck_object_0065_part_001,pck_object_0065_part_001_choice_000,0x005BCA,3,16,13,0x80FF,33023,-32513,255,128,part_plus_signed,0x005698,-0x002869,no,,0,outside_decoded_stream
PHAPCK_TBL.decoded.bin,pck_object_0065_part_001_choice_000_frame_169,pck_object_0065,pck_object_0065_part_001,pck_object_0065_part_001_choice_000,0x005BCA,3,16,13,0x80FF,33023,-32513,255,128,frame_plus_signed,0x005BCA,-0x002337,no,,0,outside_decoded_stream
PHAPCK_TBL.decoded.bin,pck_object_0065_part_001_choice_000_frame_169,pck_object_0065,pck_object_0065_part_001,pck_object_0065_part_001_choice_000,0x005BCA,3,16,13,0x80FF,33023,-32513,255,128,payload_plus_signed,0x005BCC,-0x002335,no,,0,outside_decoded_stream
PHAPCK_TBL.decoded.bin,pck_object_0065_part_001_choice_000_frame_193,pck_object_0065,pck_object_0065_part_001,pck_object_0065_part_001_choice_000,0x005C8A,2,5,5,0x2E06,11782,11782,6,46,direct_unsigned,0x000000,0x002E06,yes,32000A005A0032000A005A00E2FF1E00,15,plausible_drawable_extents_at_plus6_plus8;plausible_frame_record_prefix
PHAPCK_TBL.decoded.bin,pck_object_0065_part_001_choice_000_frame_193,pck_object_0065,pck_object_0065_part_001,pck_object_0065_part_001_choice_000,0x005C8A,2,5,5,0x2E06,11782,11782,6,46,direct_signed,0x000000,0x002E06,yes,32000A005A0032000A005A00E2FF1E00,15,plausible_drawable_extents_at_plus6_plus8;plausible_frame_record_prefix
PHAPCK_TBL.decoded.bin,pck_object_0065_part_001_choice_000_frame_193,pck_object_0065,pck_object_0065_part_001,pck_object_0065_part_001_choice_000,0x005C8A,2,5,5,0x2E06,11782,11782,6,46,object_plus_unsigned,0x005682,0x008488,yes,7EFF00F800000000A6FFD8FFCAFEA6FF,0,in_range_no_structural_match
PHAPCK_TBL.decoded.bin,pck_object_0065_part_001_choice_000_frame_193,pck_object_0065,pck_object_0065_part_001,pck_object_0065_part_001_choice_000,0x005C8A,2,5,5,0x2E06,11782,11782,6,46,object_plus_signed,0x005682,0x008488,yes,7EFF00F800000000A6FFD8FFCAFEA6FF,0,in_range_no_structural_match
PHAPCK_TBL.decoded.bin,pck_object_0065_part_001_choice_000_frame_193,pck_object_0065,pck_object_0065_part_001,pck_object_0065_part_001_choice_000,0x005C8A,2,5,5,0x2E06,11782,11782,6,46,block_plus_unsigned,0x005680,0x008486,yes,46007EFF00F800000000A6FFD8FFCAFE,5,plausible_frame_record_prefix
PHAPCK_TBL.decoded.bin,pck_object_0065_part_001_choice_000_frame_193,pck_object_0065,pck_object_0065_part_001,pck_object_0065_part_001_choice_000,0x005C8A,2,5,5,0x2E06,11782,11782,6,46,block_plus_signed,0x005680,0x008486,yes,46007EFF00F800000000A6FFD8FFCAFE,5,plausible_frame_record_prefix
PHAPCK_TBL.decoded.bin,pck_object_0065_part_001_choice_000_frame_193,pck_object_0065,pck_object_0065_part_001,pck_object_0065_part_001_choice_000,0x005C8A,2,5,5,0x2E06,11782,11782,6,46,part_plus_signed,0x005698,0x00849E,yes,00000000D8FFD8FFCAFED8FF1E007EFF,5,plausible_frame_record_prefix
PHAPCK_TBL.decoded.bin,pck_object_0065_part_001_choice_000_frame_193,pck_object_0065,pck_object_0065_part_001,pck_object_0065_part_001_choice_000,0x005C8A,2,5,5,0x2E06,11782,11782,6,46,frame_plus_signed,0x005C8A,0x008A90,yes,450181080800000E4A0181070705050B,35,exact_frame_record;plausible_frame_record_prefix
PHAPCK_TBL.decoded.bin,pck_object_0065_part_001_choice_000_frame_193,pck_object_0065,pck_object_0065_part_001,pck_object_0065_part_001_choice_000,0x005C8A,2,5,5,0x2E06,11782,11782,6,46,payload_plus_signed,0x005C8C,0x008A92,yes,81080800000E4A0181070705050B4F01,5,byte0_high_bit_set
PHAPCK_TBL.decoded.bin,pck_object_0065_part_001_choice_000_frame_196,pck_object_0065,pck_object_0065_part_001,pck_object_0065_part_001_choice_000,0x005CA2,2,5,5,0x3D11,15633,15633,17,61,direct_unsigned,0x000000,0x003D11,yes,18C80181030303031BCD018100000000,0,in_range_no_structural_match
PHAPCK_TBL.decoded.bin,pck_object_0065_part_001_choice_000_frame_196,pck_object_0065,pck_object_0065_part_001,pck_object_0065_part_001_choice_000,0x005CA2,2,5,5,0x3D11,15633,15633,17,61,direct_signed,0x000000,0x003D11,yes,18C80181030303031BCD018100000000,0,in_range_no_structural_match
PHAPCK_TBL.decoded.bin,pck_object_0065_part_001_choice_000_frame_196,pck_object_0065,pck_object_0065_part_001,pck_object_0065_part_001_choice_000,0x005CA2,2,5,5,0x3D11,15633,15633,17,61,object_plus_unsigned,0x005682,0x009393,yes,222120FF071F2122FF80001E01000000,0,in_range_no_structural_match
PHAPCK_TBL.decoded.bin,pck_object_0065_part_001_choice_000_frame_196,pck_object_0065,pck_object_0065_part_001,pck_object_0065_part_001_choice_000,0x005CA2,2,5,5,0x3D11,15633,15633,17,61,object_plus_signed,0x005682,0x009393,yes,222120FF071F2122FF80001E01000000,0,in_range_no_structural_match
PHAPCK_TBL.decoded.bin,pck_object_0065_part_001_choice_000_frame_196,pck_object_0065,pck_object_0065_part_001,pck_object_0065_part_001_choice_000,0x005CA2,2,5,5,0x3D11,15633,15633,17,61,block_plus_unsigned,0x005680,0x009391,yes,04FF222120FF071F2122FF80001E0100,0,in_range_no_structural_match
PHAPCK_TBL.decoded.bin,pck_object_0065_part_001_choice_000_frame_196,pck_object_0065,pck_object_0065_part_001,pck_object_0065_part_001_choice_000,0x005CA2,2,5,5,0x3D11,15633,15633,17,61,block_plus_signed,0x005680,0x009391,yes,04FF222120FF071F2122FF80001E0100,0,in_range_no_structural_match
PHAPCK_TBL.decoded.bin,pck_object_0065_part_001_choice_000_frame_196,pck_object_0065,pck_object_0065_part_001,pck_object_0065_part_001_choice_000,0x005CA2,2,5,5,0x3D11,15633,15633,17,61,part_plus_signed,0x005698,0x0093A9,yes,0000233200010004011523320001008C,5,plausible_frame_record_prefix
PHAPCK_TBL.decoded.bin,pck_object_0065_part_001_choice_000_frame_196,pck_object_0065,pck_object_0065_part_001,pck_object_0065_part_001_choice_000,0x005CA2,2,5,5,0x3D11,15633,15633,17,61,frame_plus_signed,0x005CA2,0x0099B3,yes,00BE01000018FC130062FB25022B0600,0,in_range_no_structural_match
PHAPCK_TBL.decoded.bin,pck_object_0065_part_001_choice_000_frame_196,pck_object_0065,pck_object_0065_part_001,pck_object_0065_part_001_choice_000,0x005CA2,2,5,5,0x3D11,15633,15633,17,61,payload_plus_signed,0x005CA4,0x0099B5,yes,01000018FC130062FB25022B06000092,5,plausible_frame_record_prefix
PHAPCK_TBL.decoded.bin,pck_object_0065_part_001_choice_000_frame_197,pck_object_0065,pck_object_0065_part_001,pck_object_0065_part_001_choice_000,0x005CAA,3,3,3,0x420E,16910,16910,14,66,direct_unsigned,0x000000,0x00420E,yes,62FD4600CEFF3C0095F8740162FDBAFF,0,in_range_no_structural_match
PHAPCK_TBL.decoded.bin,pck_object_0065_part_001_choice_000_frame_197,pck_object_0065,pck_object_0065_part_001,pck_object_0065_part_001_choice_000,0x005CAA,3,3,3,0x420E,16910,16910,14,66,direct_signed,0x000000,0x00420E,yes,62FD4600CEFF3C0095F8740162FDBAFF,0,in_range_no_structural_match
PHAPCK_TBL.decoded.bin,pck_object_0065_part_001_choice_000_frame_197,pck_object_0065,pck_object_0065_part_001,pck_object_0065_part_001_choice_000,0x005CAA,3,3,3,0x420E,16910,16910,14,66,object_plus_unsigned,0x005682,0x009890,yes,00000A00080151018108080000015801,35,exact_frame_table_entry;plausible_frame_record_prefix
PHAPCK_TBL.decoded.bin,pck_object_0065_part_001_choice_000_frame_197,pck_object_0065,pck_object_0065_part_001,pck_object_0065_part_001_choice_000,0x005CAA,3,3,3,0x420E,16910,16910,14,66,object_plus_signed,0x005682,0x009890,yes,00000A00080151018108080000015801,35,exact_frame_table_entry;plausible_frame_record_prefix
PHAPCK_TBL.decoded.bin,pck_object_0065_part_001_choice_000_frame_197,pck_object_0065,pck_object_0065_part_001,pck_object_0065_part_001_choice_000,0x005CAA,3,3,3,0x420E,16910,16910,14,66,block_plus_unsigned,0x005680,0x00988E,yes,000100000A0008015101810808000001,5,plausible_frame_record_prefix
PHAPCK_TBL.decoded.bin,pck_object_0065_part_001_choice_000_frame_197,pck_object_0065,pck_object_0065_part_001,pck_object_0065_part_001_choice_000,0x005CAA,3,3,3,0x420E,16910,16910,14,66,block_plus_signed,0x005680,0x00988E,yes,000100000A0008015101810808000001,5,plausible_frame_record_prefix
PHAPCK_TBL.decoded.bin,pck_object_0065_part_001_choice_000_frame_197,pck_object_0065,pck_object_0065_part_001,pck_object_0065_part_001_choice_000,0x005CAA,3,3,3,0x420E,16910,16910,14,66,part_plus_signed,0x005698,0x0098A6,yes,5C01810000000009620181000000000A,5,plausible_frame_record_prefix
PHAPCK_TBL.decoded.bin,pck_object_0065_part_001_choice_000_frame_197,pck_object_0065,pck_object_0065_part_001,pck_object_0065_part_001_choice_000,0x005CAA,3,3,3,0x420E,16910,16910,14,66,frame_plus_signed,0x005CAA,0x009EB8,yes,0A0204FF03020AFF,5,plausible_frame_record_prefix
PHAPCK_TBL.decoded.bin,pck_object_0065_part_001_choice_000_frame_197,pck_object_0065,pck_object_0065_part_001,pck_object_0065_part_001_choice_000,0x005CAA,3,3,3,0x420E,16910,16910,14,66,payload_plus_signed,0x005CAC,0x009EBA,yes,04FF03020AFF,0,in_range_no_structural_match
PHAPCK_TBL.decoded.bin,pck_object_0065_part_001_choice_000_frame_198,pck_object_0065,pck_object_0065_part_001,pck_object_0065_part_001_choice_000,0x005CB2,3,3,3,0x460B,17931,17931,11,70,direct_unsigned,0x000000,0x00460B,yes,0304FF0506FF0708FF0A0204FF03020A,0,in_range_no_structural_match
PHAPCK_TBL.decoded.bin,pck_object_0065_part_001_choice_000_frame_198,pck_object_0065,pck_object_0065_part_001,pck_object_0065_part_001_choice_000,0x005CB2,3,3,3,0x460B,17931,17931,11,70,direct_signed,0x000000,0x00460B,yes,0304FF0506FF0708FF0A0204FF03020A,0,in_range_no_structural_match
PHAPCK_TBL.decoded.bin,pck_object_0065_part_001_choice_000_frame_198,pck_object_0065,pck_object_0065_part_001,pck_object_0065_part_001_choice_000,0x005CB2,3,3,3,0x460B,17931,17931,11,70,object_plus_unsigned,0x005682,0x009C8D,yes,0201006200000005006A000000810808,5,plausible_frame_record_prefix
PHAPCK_TBL.decoded.bin,pck_object_0065_part_001_choice_000_frame_198,pck_object_0065,pck_object_0065_part_001,pck_object_0065_part_001_choice_000,0x005CB2,3,3,3,0x460B,17931,17931,11,70,object_plus_signed,0x005682,0x009C8D,yes,0201006200000005006A000000810808,5,plausible_frame_record_prefix
PHAPCK_TBL.decoded.bin,pck_object_0065_part_001_choice_000_frame_198,pck_object_0065,pck_object_0065_part_001,pck_object_0065_part_001_choice_000,0x005CB2,3,3,3,0x460B,17931,17931,11,70,block_plus_unsigned,0x005680,0x009C8B,yes,F8E60201006200000005006A00000081,5,byte0_high_bit_set
PHAPCK_TBL.decoded.bin,pck_object_0065_part_001_choice_000_frame_198,pck_object_0065,pck_object_0065_part_001,pck_object_0065_part_001_choice_000,0x005CB2,3,3,3,0x460B,17931,17931,11,70,block_plus_signed,0x005680,0x009C8B,yes,F8E60201006200000005006A00000081,5,byte0_high_bit_set
PHAPCK_TBL.decoded.bin,pck_object_0065_part_001_choice_000_frame_198,pck_object_0065,pck_object_0065_part_001,pck_object_0065_part_001_choice_000,0x005CB2,3,3,3,0x460B,17931,17931,11,70,part_plus_signed,0x005698,0x009CA3,yes,08080000FF96008008080000FF990081,0,in_range_no_structural_match
PHAPCK_TBL.decoded.bin,pck_object_0065_part_001_choice_000_frame_198,pck_object_0065,pck_object_0065_part_001,pck_object_0065_part_001_choice_000,0x005CB2,3,3,3,0x460B,17931,17931,11,70,frame_plus_signed,0x005CB2,0x00A2BD,no,,0,outside_decoded_stream
PHAPCK_TBL.decoded.bin,pck_object_0065_part_001_choice_000_frame_198,pck_object_0065,pck_object_0065_part_001,pck_object_0065_part_001_choice_000,0x005CB2,3,3,3,0x460B,17931,17931,11,70,payload_plus_signed,0x005CB4,0x00A2BF,no,,0,outside_decoded_stream
PHAPCK_TBL.decoded.bin,pck_object_0065_part_001_choice_000_frame_201,pck_object_0065,pck_object_0065_part_001,pck_object_0065_part_001_choice_000,0x005CCA,3,3,3,0x5416,21526,21526,22,84,direct_unsigned,0x000000,0x005416,yes,2C0001000301E803000000000000D807,5,plausible_frame_record_prefix
PHAPCK_TBL.decoded.bin,pck_object_0065_part_001_choice_000_frame_201,pck_object_0065,pck_object_0065_part_001,pck_object_0065_part_001_choice_000,0x005CCA,3,3,3,0x5416,21526,21526,22,84,direct_signed,0x000000,0x005416,yes,2C0001000301E803000000000000D807,5,plausible_frame_record_prefix
PHAPCK_TBL.decoded.bin,pck_object_0065_part_001_choice_000_frame_201,pck_object_0065,pck_object_0065_part_001,pck_object_0065_part_001_choice_000,0x005CCA,3,3,3,0x5416,21526,21526,22,84,object_plus_unsigned,0x005682,0x00AA98,no,,0,outside_decoded_stream
PHAPCK_TBL.decoded.bin,pck_object_0065_part_001_choice_000_frame_201,pck_object_0065,pck_object_0065_part_001,pck_object_0065_part_001_choice_000,0x005CCA,3,3,3,0x5416,21526,21526,22,84,object_plus_signed,0x005682,0x00AA98,no,,0,outside_decoded_stream
PHAPCK_TBL.decoded.bin,pck_object_0065_part_001_choice_000_frame_201,pck_object_0065,pck_object_0065_part_001,pck_object_0065_part_001_choice_000,0x005CCA,3,3,3,0x5416,21526,21526,22,84,block_plus_unsigned,0x005680,0x00AA96,no,,0,outside_decoded_stream
PHAPCK_TBL.decoded.bin,pck_object_0065_part_001_choice_000_frame_201,pck_object_0065,pck_object_0065_part_001,pck_object_0065_part_001_choice_000,0x005CCA,3,3,3,0x5416,21526,21526,22,84,block_plus_signed,0x005680,0x00AA96,no,,0,outside_decoded_stream
PHAPCK_TBL.decoded.bin,pck_object_0065_part_001_choice_000_frame_201,pck_object_0065,pck_object_0065_part_001,pck_object_0065_part_001_choice_000,0x005CCA,3,3,3,0x5416,21526,21526,22,84,part_plus_signed,0x005698,0x00AAAE,no,,0,outside_decoded_stream
PHAPCK_TBL.decoded.bin,pck_object_0065_part_001_choice_000_frame_201,pck_object_0065,pck_object_0065_part_001,pck_object_0065_part_001_choice_000,0x005CCA,3,3,3,0x5416,21526,21526,22,84,frame_plus_signed,0x005CCA,0x00B0E0,no,,0,outside_decoded_stream
PHAPCK_TBL.decoded.bin,pck_object_0065_part_001_choice_000_frame_201,pck_object_0065,pck_object_0065_part_001,pck_object_0065_part_001_choice_000,0x005CCA,3,3,3,0x5416,21526,21526,22,84,payload_plus_signed,0x005CCC,0x00B0E2,no,,0,outside_decoded_stream
PHAPCK_TBL.decoded.bin,pck_object_0065_part_001_choice_000_frame_202,pck_object_0065,pck_object_0065_part_001,pck_object_0065_part_001_choice_000,0x005CD2,3,3,3,0x590E,22798,22798,14,89,direct_unsigned,0x000000,0x00590E,yes,02091003FF0A05040DFF0403100DFF80,0,in_range_no_structural_match
PHAPCK_TBL.decoded.bin,pck_object_0065_part_001_choice_000_frame_202,pck_object_0065,pck_object_0065_part_001,pck_object_0065_part_001_choice_000,0x005CD2,3,3,3,0x590E,22798,22798,14,89,direct_signed,0x000000,0x00590E,yes,02091003FF0A05040DFF0403100DFF80,0,in_range_no_structural_match
PHAPCK_TBL.decoded.bin,pck_object_0065_part_001_choice_000_frame_202,pck_object_0065,pck_object_0065_part_001,pck_object_0065_part_001_choice_000,0x005CD2,3,3,3,0x590E,22798,22798,14,89,object_plus_unsigned,0x005682,0x00AF90,no,,0,outside_decoded_stream
PHAPCK_TBL.decoded.bin,pck_object_0065_part_001_choice_000_frame_202,pck_object_0065,pck_object_0065_part_001,pck_object_0065_part_001_choice_000,0x005CD2,3,3,3,0x590E,22798,22798,14,89,object_plus_signed,0x005682,0x00AF90,no,,0,outside_decoded_stream
PHAPCK_TBL.decoded.bin,pck_object_0065_part_001_choice_000_frame_202,pck_object_0065,pck_object_0065_part_001,pck_object_0065_part_001_choice_000,0x005CD2,3,3,3,0x590E,22798,22798,14,89,block_plus_unsigned,0x005680,0x00AF8E,no,,0,outside_decoded_stream
PHAPCK_TBL.decoded.bin,pck_object_0065_part_001_choice_000_frame_202,pck_object_0065,pck_object_0065_part_001,pck_object_0065_part_001_choice_000,0x005CD2,3,3,3,0x590E,22798,22798,14,89,block_plus_signed,0x005680,0x00AF8E,no,,0,outside_decoded_stream
PHAPCK_TBL.decoded.bin,pck_object_0065_part_001_choice_000_frame_202,pck_object_0065,pck_object_0065_part_001,pck_object_0065_part_001_choice_000,0x005CD2,3,3,3,0x590E,22798,22798,14,89,part_plus_signed,0x005698,0x00AFA6,no,,0,outside_decoded_stream
PHAPCK_TBL.decoded.bin,pck_object_0065_part_001_choice_000_frame_202,pck_object_0065,pck_object_0065_part_001,pck_object_0065_part_001_choice_000,0x005CD2,3,3,3,0x590E,22798,22798,14,89,frame_plus_signed,0x005CD2,0x00B5E0,no,,0,outside_decoded_stream
PHAPCK_TBL.decoded.bin,pck_object_0065_part_001_choice_000_frame_202,pck_object_0065,pck_object_0065_part_001,pck_object_0065_part_001_choice_000,0x005CD2,3,3,3,0x590E,22798,22798,14,89,payload_plus_signed,0x005CD4,0x00B5E2,no,,0,outside_decoded_stream
PHAPCK_TBL.decoded.bin,pck_object_0065_part_001_choice_000_frame_203,pck_object_0065,pck_object_0065_part_001,pck_object_0065_part_001_choice_000,0x005CDA,2,5,5,0x5E0B,24075,24075,11,94,direct_unsigned,0x000000,0x005E0B,yes,030303030B3F01810000000014430181,5,plausible_frame_record_prefix
PHAPCK_TBL.decoded.bin,pck_object_0065_part_001_choice_000_frame_203,pck_object_0065,pck_object_0065_part_001,pck_object_0065_part_001_choice_000,0x005CDA,2,5,5,0x5E0B,24075,24075,11,94,direct_signed,0x000000,0x005E0B,yes,030303030B3F01810000000014430181,5,plausible_frame_record_prefix
PHAPCK_TBL.decoded.bin,pck_object_0065_part_001_choice_000_frame_203,pck_object_0065,pck_object_0065_part_001,pck_object_0065_part_001_choice_000,0x005CDA,2,5,5,0x5E0B,24075,24075,11,94,object_plus_unsigned,0x005682,0x00B48D,no,,0,outside_decoded_stream
PHAPCK_TBL.decoded.bin,pck_object_0065_part_001_choice_000_frame_203,pck_object_0065,pck_object_0065_part_001,pck_object_0065_part_001_choice_000,0x005CDA,2,5,5,0x5E0B,24075,24075,11,94,object_plus_signed,0x005682,0x00B48D,no,,0,outside_decoded_stream
PHAPCK_TBL.decoded.bin,pck_object_0065_part_001_choice_000_frame_203,pck_object_0065,pck_object_0065_part_001,pck_object_0065_part_001_choice_000,0x005CDA,2,5,5,0x5E0B,24075,24075,11,94,block_plus_unsigned,0x005680,0x00B48B,no,,0,outside_decoded_stream
PHAPCK_TBL.decoded.bin,pck_object_0065_part_001_choice_000_frame_203,pck_object_0065,pck_object_0065_part_001,pck_object_0065_part_001_choice_000,0x005CDA,2,5,5,0x5E0B,24075,24075,11,94,block_plus_signed,0x005680,0x00B48B,no,,0,outside_decoded_stream
PHAPCK_TBL.decoded.bin,pck_object_0065_part_001_choice_000_frame_203,pck_object_0065,pck_object_0065_part_001,pck_object_0065_part_001_choice_000,0x005CDA,2,5,5,0x5E0B,24075,24075,11,94,part_plus_signed,0x005698,0x00B4A3,no,,0,outside_decoded_stream
PHAPCK_TBL.decoded.bin,pck_object_0065_part_001_choice_000_frame_203,pck_object_0065,pck_object_0065_part_001,pck_object_0065_part_001_choice_000,0x005CDA,2,5,5,0x5E0B,24075,24075,11,94,frame_plus_signed,0x005CDA,0x00BAE5,no,,0,outside_decoded_stream
PHAPCK_TBL.decoded.bin,pck_object_0065_part_001_choice_000_frame_203,pck_object_0065,pck_object_0065_part_001,pck_object_0065_part_001_choice_000,0x005CDA,2,5,5,0x5E0B,24075,24075,11,94,payload_plus_signed,0x005CDC,0x00BAE7,no,,0,outside_decoded_stream
PHAPCK_TBL.decoded.bin,pck_object_0065_part_001_choice_000_frame_204,pck_object_0065,pck_object_0065_part_001,pck_object_0065_part_001_choice_000,0x005CE2,3,3,3,0x6317,25367,25367,23,99,direct_unsigned,0x000000,0x006317,yes,00CAFE00001D04DC060000000000F800,0,in_range_no_structural_match
PHAPCK_TBL.decoded.bin,pck_object_0065_part_001_choice_000_frame_204,pck_object_0065,pck_object_0065_part_001,pck_object_0065_part_001_choice_000,0x005CE2,3,3,3,0x6317,25367,25367,23,99,direct_signed,0x000000,0x006317,yes,00CAFE00001D04DC060000000000F800,0,in_range_no_structural_match
PHAPCK_TBL.decoded.bin,pck_object_0065_part_001_choice_000_frame_204,pck_object_0065,pck_object_0065_part_001,pck_object_0065_part_001_choice_000,0x005CE2,3,3,3,0x6317,25367,25367,23,99,object_plus_unsigned,0x005682,0x00B999,no,,0,outside_decoded_stream
PHAPCK_TBL.decoded.bin,pck_object_0065_part_001_choice_000_frame_204,pck_object_0065,pck_object_0065_part_001,pck_object_0065_part_001_choice_000,0x005CE2,3,3,3,0x6317,25367,25367,23,99,object_plus_signed,0x005682,0x00B999,no,,0,outside_decoded_stream
PHAPCK_TBL.decoded.bin,pck_object_0065_part_001_choice_000_frame_204,pck_object_0065,pck_object_0065_part_001,pck_object_0065_part_001_choice_000,0x005CE2,3,3,3,0x6317,25367,25367,23,99,block_plus_unsigned,0x005680,0x00B997,no,,0,outside_decoded_stream
PHAPCK_TBL.decoded.bin,pck_object_0065_part_001_choice_000_frame_204,pck_object_0065,pck_object_0065_part_001,pck_object_0065_part_001_choice_000,0x005CE2,3,3,3,0x6317,25367,25367,23,99,block_plus_signed,0x005680,0x00B997,no,,0,outside_decoded_stream
PHAPCK_TBL.decoded.bin,pck_object_0065_part_001_choice_000_frame_204,pck_object_0065,pck_object_0065_part_001,pck_object_0065_part_001_choice_000,0x005CE2,3,3,3,0x6317,25367,25367,23,99,part_plus_signed,0x005698,0x00B9AF,no,,0,outside_decoded_stream
PHAPCK_TBL.decoded.bin,pck_object_0065_part_001_choice_000_frame_204,pck_object_0065,pck_object_0065_part_001,pck_object_0065_part_001_choice_000,0x005CE2,3,3,3,0x6317,25367,25367,23,99,frame_plus_signed,0x005CE2,0x00BFF9,no,,0,outside_decoded_stream
PHAPCK_TBL.decoded.bin,pck_object_0065_part_001_choice_000_frame_204,pck_object_0065,pck_object_0065_part_001,pck_object_0065_part_001_choice_000,0x005CE2,3,3,3,0x6317,25367,25367,23,99,payload_plus_signed,0x005CE4,0x00BFFB,no,,0,outside_decoded_stream
PHAPCK_TBL.decoded.bin,pck_object_0065_part_001_choice_000_frame_235,pck_object_0065,pck_object_0065_part_001,pck_object_0065_part_001_choice_000,0x005DDA,3,1,3,0x0101,257,257,1,1,direct_unsigned,0x000000,0x000101,yes,0054050200680504007C050D00910506,0,in_range_no_structural_match
PHAPCK_TBL.decoded.bin,pck_object_0065_part_001_choice_000_frame_235,pck_object_0065,pck_object_0065_part_001,pck_object_0065_part_001_choice_000,0x005DDA,3,1,3,0x0101,257,257,1,1,direct_signed,0x000000,0x000101,yes,0054050200680504007C050D00910506,0,in_range_no_structural_match
PHAPCK_TBL.decoded.bin,pck_object_0065_part_001_choice_000_frame_235,pck_object_0065,pck_object_0065_part_001,pck_object_0065_part_001_choice_000,0x005DDA,3,1,3,0x0101,257,257,1,1,object_plus_unsigned,0x005682,0x005783,yes,81000000000F2B018100000000123001,35,byte0_high_bit_set;plausible_object_header;plausible_drawable_extents_at_plus6_plus8;plausible_frame_record_prefix
PHAPCK_TBL.decoded.bin,pck_object_0065_part_001_choice_000_frame_235,pck_object_0065,pck_object_0065_part_001,pck_object_0065_part_001_choice_000,0x005DDA,3,1,3,0x0101,257,257,1,1,object_plus_signed,0x005682,0x005783,yes,81000000000F2B018100000000123001,35,byte0_high_bit_set;plausible_object_header;plausible_drawable_extents_at_plus6_plus8;plausible_frame_record_prefix
PHAPCK_TBL.decoded.bin,pck_object_0065_part_001_choice_000_frame_235,pck_object_0065,pck_object_0065_part_001,pck_object_0065_part_001_choice_000,0x005DDA,3,1,3,0x0101,257,257,1,1,block_plus_unsigned,0x005680,0x005781,yes,000481000000000F2B01810000000012,0,in_range_no_structural_match
PHAPCK_TBL.decoded.bin,pck_object_0065_part_001_choice_000_frame_235,pck_object_0065,pck_object_0065_part_001,pck_object_0065_part_001_choice_000,0x005DDA,3,1,3,0x0101,257,257,1,1,block_plus_signed,0x005680,0x005781,yes,000481000000000F2B01810000000012,0,in_range_no_structural_match
PHAPCK_TBL.decoded.bin,pck_object_0065_part_001_choice_000_frame_235,pck_object_0065,pck_object_0065_part_001,pck_object_0065_part_001_choice_000,0x005DDA,3,1,3,0x0101,257,257,1,1,part_plus_signed,0x005698,0x005799,yes,350181000000000C3A01810000000016,5,plausible_frame_record_prefix
PHAPCK_TBL.decoded.bin,pck_object_0065_part_001_choice_000_frame_235,pck_object_0065,pck_object_0065_part_001,pck_object_0065_part_001_choice_000,0x005DDA,3,1,3,0x0101,257,257,1,1,frame_plus_signed,0x005DDA,0x005EDB,yes,00000000A6FFECFF06FFA6FF96007EFF,5,plausible_frame_record_prefix
PHAPCK_TBL.decoded.bin,pck_object_0065_part_001_choice_000_frame_235,pck_object_0065,pck_object_0065_part_001,pck_object_0065_part_001_choice_000,0x005DDA,3,1,3,0x0101,257,257,1,1,payload_plus_signed,0x005DDC,0x005EDD,yes,0000A6FFECFF06FFA6FF96007EFF0008,5,plausible_frame_record_prefix
PHAPCK_TBL.decoded.bin,pck_object_0065_part_001_choice_000_frame_236,pck_object_0065,pck_object_0065_part_001,pck_object_0065_part_001_choice_000,0x005DE2,2,2,5,0x0605,1541,1541,5,6,direct_unsigned,0x000000,0x000605,yes,92FF00F8000000002800D8FFCAFE2800,5,byte0_high_bit_set
PHAPCK_TBL.decoded.bin,pck_object_0065_part_001_choice_000_frame_236,pck_object_0065,pck_object_0065_part_001,pck_object_0065_part_001_choice_000,0x005DE2,2,2,5,0x0605,1541,1541,5,6,direct_signed,0x000000,0x000605,yes,92FF00F8000000002800D8FFCAFE2800,5,byte0_high_bit_set
PHAPCK_TBL.decoded.bin,pck_object_0065_part_001_choice_000_frame_236,pck_object_0065,pck_object_0065_part_001,pck_object_0065_part_001_choice_000,0x005DE2,2,2,5,0x0605,1541,1541,5,6,object_plus_unsigned,0x005682,0x005C87,yes,29018102020505062E0181000000000B,5,plausible_frame_record_prefix
PHAPCK_TBL.decoded.bin,pck_object_0065_part_001_choice_000_frame_236,pck_object_0065,pck_object_0065_part_001,pck_object_0065_part_001_choice_000,0x005DE2,2,2,5,0x0605,1541,1541,5,6,object_plus_signed,0x005682,0x005C87,yes,29018102020505062E0181000000000B,5,plausible_frame_record_prefix
PHAPCK_TBL.decoded.bin,pck_object_0065_part_001_choice_000_frame_236,pck_object_0065,pck_object_0065_part_001,pck_object_0065_part_001_choice_000,0x005DE2,2,2,5,0x0605,1541,1541,5,6,block_plus_unsigned,0x005680,0x005C85,yes,010129018102020505062E0181000000,5,plausible_frame_record_prefix
PHAPCK_TBL.decoded.bin,pck_object_0065_part_001_choice_000_frame_236,pck_object_0065,pck_object_0065_part_001,pck_object_0065_part_001_choice_000,0x005DE2,2,2,5,0x0605,1541,1541,5,6,block_plus_signed,0x005680,0x005C85,yes,010129018102020505062E0181000000,5,plausible_frame_record_prefix
PHAPCK_TBL.decoded.bin,pck_object_0065_part_001_choice_000_frame_236,pck_object_0065,pck_object_0065_part_001,pck_object_0065_part_001_choice_000,0x005DE2,2,2,5,0x0605,1541,1541,5,6,part_plus_signed,0x005698,0x005C9D,yes,000E38018102020505113D0181030303,0,in_range_no_structural_match
PHAPCK_TBL.decoded.bin,pck_object_0065_part_001_choice_000_frame_236,pck_object_0065,pck_object_0065_part_001,pck_object_0065_part_001_choice_000,0x005DE2,2,2,5,0x0605,1541,1541,5,6,frame_plus_signed,0x005DE2,0x0063E7,yes,4F010000000000000100130000181B00,5,plausible_frame_record_prefix
PHAPCK_TBL.decoded.bin,pck_object_0065_part_001_choice_000_frame_236,pck_object_0065,pck_object_0065_part_001,pck_object_0065_part_001_choice_000,0x005DE2,2,2,5,0x0605,1541,1541,5,6,payload_plus_signed,0x005DE4,0x0063E9,yes,0000000000000100130000181B000100,15,plausible_drawable_extents_at_plus6_plus8;plausible_frame_record_prefix
PHAPCK_TBL.decoded.bin,pck_object_0065_part_001_choice_000_frame_239,pck_object_0065,pck_object_0065_part_001,pck_object_0065_part_001_choice_000,0x005DFA,2,2,2,0x1102,4354,4354,2,17,direct_unsigned,0x000000,0x001102,yes,01810303030315350181030303030C3A,30,exact_frame_record
PHAPCK_TBL.decoded.bin,pck_object_0065_part_001_choice_000_frame_239,pck_object_0065,pck_object_0065_part_001,pck_object_0065_part_001_choice_000,0x005DFA,2,2,2,0x1102,4354,4354,2,17,direct_signed,0x000000,0x001102,yes,01810303030315350181030303030C3A,30,exact_frame_record
PHAPCK_TBL.decoded.bin,pck_object_0065_part_001_choice_000_frame_239,pck_object_0065,pck_object_0065_part_001,pck_object_0065_part_001_choice_000,0x005DFA,2,2,2,0x1102,4354,4354,2,17,object_plus_unsigned,0x005682,0x006784,yes,00001442018100000000154701810202,5,plausible_frame_record_prefix
PHAPCK_TBL.decoded.bin,pck_object_0065_part_001_choice_000_frame_239,pck_object_0065,pck_object_0065_part_001,pck_object_0065_part_001_choice_000,0x005DFA,2,2,2,0x1102,4354,4354,2,17,object_plus_signed,0x005682,0x006784,yes,00001442018100000000154701810202,5,plausible_frame_record_prefix
PHAPCK_TBL.decoded.bin,pck_object_0065_part_001_choice_000_frame_239,pck_object_0065,pck_object_0065_part_001,pck_object_0065_part_001_choice_000,0x005DFA,2,2,2,0x1102,4354,4354,2,17,block_plus_unsigned,0x005680,0x006782,yes,00000000144201810000000015470181,5,plausible_frame_record_prefix
PHAPCK_TBL.decoded.bin,pck_object_0065_part_001_choice_000_frame_239,pck_object_0065,pck_object_0065_part_001,pck_object_0065_part_001_choice_000,0x005DFA,2,2,2,0x1102,4354,4354,2,17,block_plus_signed,0x005680,0x006782,yes,00000000144201810000000015470181,5,plausible_frame_record_prefix
PHAPCK_TBL.decoded.bin,pck_object_0065_part_001_choice_000_frame_239,pck_object_0065,pck_object_0065_part_001,pck_object_0065_part_001_choice_000,0x005DFA,2,2,2,0x1102,4354,4354,2,17,part_plus_signed,0x005698,0x00679A,yes,03030303165101810303030317560181,5,plausible_frame_record_prefix
PHAPCK_TBL.decoded.bin,pck_object_0065_part_001_choice_000_frame_239,pck_object_0065,pck_object_0065_part_001,pck_object_0065_part_001_choice_000,0x005DFA,2,2,2,0x1102,4354,4354,2,17,frame_plus_signed,0x005DFA,0x006EFC,yes,0009620181000000000A660181030303,0,in_range_no_structural_match
PHAPCK_TBL.decoded.bin,pck_object_0065_part_001_choice_000_frame_239,pck_object_0065,pck_object_0065_part_001,pck_object_0065_part_001_choice_000,0x005DFA,2,2,2,0x1102,4354,4354,2,17,payload_plus_signed,0x005DFC,0x006EFE,yes,620181000000000A660181030303030B,5,plausible_frame_record_prefix
PHAPCK_TBL.decoded.bin,pck_object_0065_part_001_choice_000_frame_240,pck_object_0065,pck_object_0065_part_001,pck_object_0065_part_001_choice_000,0x005E02,3,3,3,0x0E03,3587,3587,3,14,direct_unsigned,0x000000,0x000E03,yes,FF60FF7800ECFF0000A6FA0EFA09F898,35,exact_frame_record;byte0_high_bit_set
PHAPCK_TBL.decoded.bin,pck_object_0065_part_001_choice_000_frame_240,pck_object_0065,pck_object_0065_part_001,pck_object_0065_part_001_choice_000,0x005E02,3,3,3,0x0E03,3587,3587,3,14,direct_signed,0x000000,0x000E03,yes,FF60FF7800ECFF0000A6FA0EFA09F898,35,exact_frame_record;byte0_high_bit_set
PHAPCK_TBL.decoded.bin,pck_object_0065_part_001_choice_000_frame_240,pck_object_0065,pck_object_0065_part_001,pck_object_0065_part_001_choice_000,0x005E02,3,3,3,0x0E03,3587,3587,3,14,object_plus_unsigned,0x005682,0x006485,yes,00007806B4040100AF0000000D00B700,15,plausible_drawable_extents_at_plus6_plus8;plausible_frame_record_prefix
PHAPCK_TBL.decoded.bin,pck_object_0065_part_001_choice_000_frame_240,pck_object_0065,pck_object_0065_part_001,pck_object_0065_part_001_choice_000,0x005E02,3,3,3,0x0E03,3587,3587,3,14,object_plus_signed,0x005682,0x006485,yes,00007806B4040100AF0000000D00B700,15,plausible_drawable_extents_at_plus6_plus8;plausible_frame_record_prefix
PHAPCK_TBL.decoded.bin,pck_object_0065_part_001_choice_000_frame_240,pck_object_0065,pck_object_0065_part_001,pck_object_0065_part_001_choice_000,0x005E02,3,3,3,0x0E03,3587,3587,3,14,block_plus_unsigned,0x005680,0x006483,yes,41F900007806B4040100AF0000000D00,30,exact_frame_record
PHAPCK_TBL.decoded.bin,pck_object_0065_part_001_choice_000_frame_240,pck_object_0065,pck_object_0065_part_001,pck_object_0065_part_001_choice_000,0x005E02,3,3,3,0x0E03,3587,3587,3,14,block_plus_signed,0x005680,0x006483,yes,41F900007806B4040100AF0000000D00,30,exact_frame_record
PHAPCK_TBL.decoded.bin,pck_object_0065_part_001_choice_000_frame_240,pck_object_0065,pck_object_0065_part_001,pck_object_0065_part_001_choice_000,0x005E02,3,3,3,0x0E03,3587,3587,3,14,part_plus_signed,0x005698,0x00649B,yes,01011F01810202050506240181000000,35,exact_frame_record;plausible_frame_record_prefix
PHAPCK_TBL.decoded.bin,pck_object_0065_part_001_choice_000_frame_240,pck_object_0065,pck_object_0065_part_001,pck_object_0065_part_001_choice_000,0x005E02,3,3,3,0x0E03,3587,3587,3,14,frame_plus_signed,0x005E02,0x006C05,yes,011E232E000100C60100007402080356,0,in_range_no_structural_match
PHAPCK_TBL.decoded.bin,pck_object_0065_part_001_choice_000_frame_240,pck_object_0065,pck_object_0065_part_001,pck_object_0065_part_001_choice_000,0x005E02,3,3,3,0x0E03,3587,3587,3,14,payload_plus_signed,0x005E04,0x006C07,yes,232E000100C60100007402080356FB7F,0,in_range_no_structural_match
PHAPCK_TBL.decoded.bin,pck_object_0065_part_001_choice_000_frame_241,pck_object_0065,pck_object_0065_part_001,pck_object_0065_part_001_choice_000,0x005E0A,3,3,3,0x0B03,2819,2819,3,11,direct_unsigned,0x000000,0x000B03,yes,000100FF0018FC000000000000000000,5,plausible_frame_record_prefix
PHAPCK_TBL.decoded.bin,pck_object_0065_part_001_choice_000_frame_241,pck_object_0065,pck_object_0065_part_001,pck_object_0065_part_001_choice_000,0x005E0A,3,3,3,0x0B03,2819,2819,3,11,direct_signed,0x000000,0x000B03,yes,000100FF0018FC000000000000000000,5,plausible_frame_record_prefix
PHAPCK_TBL.decoded.bin,pck_object_0065_part_001_choice_000_frame_241,pck_object_0065,pck_object_0065_part_001,pck_object_0065_part_001_choice_000,0x005E0A,3,3,3,0x0B03,2819,2819,3,11,object_plus_unsigned,0x005682,0x006185,yes,2800500088FF00F8000000002800D8FF,5,plausible_frame_record_prefix
PHAPCK_TBL.decoded.bin,pck_object_0065_part_001_choice_000_frame_241,pck_object_0065,pck_object_0065_part_001,pck_object_0065_part_001_choice_000,0x005E0A,3,3,3,0x0B03,2819,2819,3,11,object_plus_signed,0x005682,0x006185,yes,2800500088FF00F8000000002800D8FF,5,plausible_frame_record_prefix
PHAPCK_TBL.decoded.bin,pck_object_0065_part_001_choice_000_frame_241,pck_object_0065,pck_object_0065_part_001,pck_object_0065_part_001_choice_000,0x005E0A,3,3,3,0x0B03,2819,2819,3,11,block_plus_unsigned,0x005680,0x006183,yes,88FF2800500088FF00F8000000002800,20,byte0_high_bit_set;plausible_object_header
PHAPCK_TBL.decoded.bin,pck_object_0065_part_001_choice_000_frame_241,pck_object_0065,pck_object_0065_part_001,pck_object_0065_part_001_choice_000,0x005E0A,3,3,3,0x0B03,2819,2819,3,11,block_plus_signed,0x005680,0x006183,yes,88FF2800500088FF00F8000000002800,20,byte0_high_bit_set;plausible_object_header
PHAPCK_TBL.decoded.bin,pck_object_0065_part_001_choice_000_frame_241,pck_object_0065,pck_object_0065_part_001,pck_object_0065_part_001_choice_000,0x005E0A,3,3,3,0x0B03,2819,2819,3,11,part_plus_signed,0x005698,0x00619B,yes,88FF0008000000005A00280088FF5A00,5,byte0_high_bit_set
PHAPCK_TBL.decoded.bin,pck_object_0065_part_001_choice_000_frame_241,pck_object_0065,pck_object_0065_part_001,pck_object_0065_part_001_choice_000,0x005E0A,3,3,3,0x0B03,2819,2819,3,11,frame_plus_signed,0x005E0A,0x00690D,yes,000000000A620181030303030B660181,5,plausible_frame_record_prefix
PHAPCK_TBL.decoded.bin,pck_object_0065_part_001_choice_000_frame_241,pck_object_0065,pck_object_0065_part_001,pck_object_0065_part_001_choice_000,0x005E0A,3,3,3,0x0B03,2819,2819,3,11,payload_plus_signed,0x005E0C,0x00690F,yes,00000A620181030303030B6601810303,5,plausible_frame_record_prefix
PHAPCK_TBL.decoded.bin,pck_object_0065_part_001_choice_000_frame_244,pck_object_0065,pck_object_0065_part_001,pck_object_0065_part_001_choice_000,0x005E22,3,3,3,0x1603,5635,5635,3,22,direct_unsigned,0x000000,0x001603,yes,81000000001238018100000000143D01,35,byte0_high_bit_set;plausible_object_header;plausible_drawable_extents_at_plus6_plus8;plausible_frame_record_prefix
PHAPCK_TBL.decoded.bin,pck_object_0065_part_001_choice_000_frame_244,pck_object_0065,pck_object_0065_part_001,pck_object_0065_part_001_choice_000,0x005E22,3,3,3,0x1603,5635,5635,3,22,direct_signed,0x000000,0x001603,yes,81000000001238018100000000143D01,35,byte0_high_bit_set;plausible_object_header;plausible_drawable_extents_at_plus6_plus8;plausible_frame_record_prefix
PHAPCK_TBL.decoded.bin,pck_object_0065_part_001_choice_000_frame_244,pck_object_0065,pck_object_0065_part_001,pck_object_0065_part_001_choice_000,0x005E22,3,3,3,0x1603,5635,5635,3,22,object_plus_unsigned,0x005682,0x006C85,yes,00AA047F0386FA3200E8035F04C007DB,0,in_range_no_structural_match
PHAPCK_TBL.decoded.bin,pck_object_0065_part_001_choice_000_frame_244,pck_object_0065,pck_object_0065_part_001,pck_object_0065_part_001_choice_000,0x005E22,3,3,3,0x1603,5635,5635,3,22,object_plus_signed,0x005682,0x006C85,yes,00AA047F0386FA3200E8035F04C007DB,0,in_range_no_structural_match
PHAPCK_TBL.decoded.bin,pck_object_0065_part_001_choice_000_frame_244,pck_object_0065,pck_object_0065_part_001,pck_object_0065_part_001_choice_000,0x005E22,3,3,3,0x1603,5635,5635,3,22,block_plus_unsigned,0x005680,0x006C83,yes,F82800AA047F0386FA3200E8035F04C0,5,byte0_high_bit_set
PHAPCK_TBL.decoded.bin,pck_object_0065_part_001_choice_000_frame_244,pck_object_0065,pck_object_0065_part_001,pck_object_0065_part_001_choice_000,0x005E22,3,3,3,0x1603,5635,5635,3,22,block_plus_signed,0x005680,0x006C83,yes,F82800AA047F0386FA3200E8035F04C0,5,byte0_high_bit_set
PHAPCK_TBL.decoded.bin,pck_object_0065_part_001_choice_000_frame_244,pck_object_0065,pck_object_0065_part_001,pck_object_0065_part_001_choice_000,0x005E22,3,3,3,0x1603,5635,5635,3,22,part_plus_signed,0x005698,0x006C9B,yes,00E200000010FB4B063C009700AF0050,0,in_range_no_structural_match
PHAPCK_TBL.decoded.bin,pck_object_0065_part_001_choice_000_frame_244,pck_object_0065,pck_object_0065_part_001,pck_object_0065_part_001_choice_000,0x005E22,3,3,3,0x1603,5635,5635,3,22,frame_plus_signed,0x005E22,0x007425,yes,057605A60132004600DF000000F3F93A,0,in_range_no_structural_match
PHAPCK_TBL.decoded.bin,pck_object_0065_part_001_choice_000_frame_244,pck_object_0065,pck_object_0065_part_001,pck_object_0065_part_001_choice_000,0x005E22,3,3,3,0x1603,5635,5635,3,22,payload_plus_signed,0x005E24,0x007427,yes,05A60132004600DF000000F3F93A0501,0,in_range_no_structural_match
PHAPCK_TBL.decoded.bin,pck_object_0065_part_001_choice_000_frame_245,pck_object_0065,pck_object_0065_part_001,pck_object_0065_part_001_choice_000,0x005E2A,3,3,3,0x0E03,3587,3587,3,14,direct_unsigned,0x000000,0x000E03,yes,FF60FF7800ECFF0000A6FA0EFA09F898,35,exact_frame_record;byte0_high_bit_set
PHAPCK_TBL.decoded.bin,pck_object_0065_part_001_choice_000_frame_245,pck_object_0065,pck_object_0065_part_001,pck_object_0065_part_001_choice_000,0x005E2A,3,3,3,0x0E03,3587,3587,3,14,direct_signed,0x000000,0x000E03,yes,FF60FF7800ECFF0000A6FA0EFA09F898,35,exact_frame_record;byte0_high_bit_set
PHAPCK_TBL.decoded.bin,pck_object_0065_part_001_choice_000_frame_245,pck_object_0065,pck_object_0065_part_001,pck_object_0065_part_001_choice_000,0x005E2A,3,3,3,0x0E03,3587,3587,3,14,object_plus_unsigned,0x005682,0x006485,yes,00007806B4040100AF0000000D00B700,15,plausible_drawable_extents_at_plus6_plus8;plausible_frame_record_prefix
PHAPCK_TBL.decoded.bin,pck_object_0065_part_001_choice_000_frame_245,pck_object_0065,pck_object_0065_part_001,pck_object_0065_part_001_choice_000,0x005E2A,3,3,3,0x0E03,3587,3587,3,14,object_plus_signed,0x005682,0x006485,yes,00007806B4040100AF0000000D00B700,15,plausible_drawable_extents_at_plus6_plus8;plausible_frame_record_prefix
PHAPCK_TBL.decoded.bin,pck_object_0065_part_001_choice_000_frame_245,pck_object_0065,pck_object_0065_part_001,pck_object_0065_part_001_choice_000,0x005E2A,3,3,3,0x0E03,3587,3587,3,14,block_plus_unsigned,0x005680,0x006483,yes,41F900007806B4040100AF0000000D00,30,exact_frame_record
PHAPCK_TBL.decoded.bin,pck_object_0065_part_001_choice_000_frame_245,pck_object_0065,pck_object_0065_part_001,pck_object_0065_part_001_choice_000,0x005E2A,3,3,3,0x0E03,3587,3587,3,14,block_plus_signed,0x005680,0x006483,yes,41F900007806B4040100AF0000000D00,30,exact_frame_record
PHAPCK_TBL.decoded.bin,pck_object_0065_part_001_choice_000_frame_245,pck_object_0065,pck_object_0065_part_001,pck_object_0065_part_001_choice_000,0x005E2A,3,3,3,0x0E03,3587,3587,3,14,part_plus_signed,0x005698,0x00649B,yes,01011F01810202050506240181000000,35,exact_frame_record;plausible_frame_record_prefix
PHAPCK_TBL.decoded.bin,pck_object_0065_part_001_choice_000_frame_245,pck_object_0065,pck_object_0065_part_001,pck_object_0065_part_001_choice_000,0x005E2A,3,3,3,0x0E03,3587,3587,3,14,frame_plus_signed,0x005E2A,0x006C2D,yes,008407BB0282009700AF007EFF9700AF,0,in_range_no_structural_match
PHAPCK_TBL.decoded.bin,pck_object_0065_part_001_choice_000_frame_245,pck_object_0065,pck_object_0065_part_001,pck_object_0065_part_001_choice_000,0x005E2A,3,3,3,0x0E03,3587,3587,3,14,payload_plus_signed,0x005E2C,0x006C2F,yes,07BB0282009700AF007EFF9700AF0082,0,in_range_no_structural_match
PHAPCK_TBL.decoded.bin,pck_object_0065_part_001_choice_000_frame_246,pck_object_0065,pck_object_0065_part_001,pck_object_0065_part_001_choice_000,0x005E32,2,2,2,0x0B02,2818,2818,2,11,direct_unsigned,0x000000,0x000B02,yes,28000100FF0018FC0000000000000000,5,plausible_frame_record_prefix
PHAPCK_TBL.decoded.bin,pck_object_0065_part_001_choice_000_frame_246,pck_object_0065,pck_object_0065_part_001,pck_object_0065_part_001_choice_000,0x005E32,2,2,2,0x0B02,2818,2818,2,11,direct_signed,0x000000,0x000B02,yes,28000100FF0018FC0000000000000000,5,plausible_frame_record_prefix
PHAPCK_TBL.decoded.bin,pck_object_0065_part_001_choice_000_frame_246,pck_object_0065,pck_object_0065_part_001,pck_object_0065_part_001_choice_000,0x005E32,2,2,2,0x0B02,2818,2818,2,11,object_plus_unsigned,0x005682,0x006184,yes,FF2800500088FF00F8000000002800D8,20,byte0_high_bit_set;plausible_object_header
PHAPCK_TBL.decoded.bin,pck_object_0065_part_001_choice_000_frame_246,pck_object_0065,pck_object_0065_part_001,pck_object_0065_part_001_choice_000,0x005E32,2,2,2,0x0B02,2818,2818,2,11,object_plus_signed,0x005682,0x006184,yes,FF2800500088FF00F8000000002800D8,20,byte0_high_bit_set;plausible_object_header
PHAPCK_TBL.decoded.bin,pck_object_0065_part_001_choice_000_frame_246,pck_object_0065,pck_object_0065_part_001,pck_object_0065_part_001_choice_000,0x005E32,2,2,2,0x0B02,2818,2818,2,11,block_plus_unsigned,0x005680,0x006182,yes,0088FF2800500088FF00F80000000028,0,in_range_no_structural_match
PHAPCK_TBL.decoded.bin,pck_object_0065_part_001_choice_000_frame_246,pck_object_0065,pck_object_0065_part_001,pck_object_0065_part_001_choice_000,0x005E32,2,2,2,0x0B02,2818,2818,2,11,block_plus_signed,0x005680,0x006182,yes,0088FF2800500088FF00F80000000028,0,in_range_no_structural_match
PHAPCK_TBL.decoded.bin,pck_object_0065_part_001_choice_000_frame_246,pck_object_0065,pck_object_0065_part_001,pck_object_0065_part_001_choice_000,0x005E32,2,2,2,0x0B02,2818,2818,2,11,part_plus_signed,0x005698,0x00619A,yes,0088FF0008000000005A00280088FF5A,0,in_range_no_structural_match
PHAPCK_TBL.decoded.bin,pck_object_0065_part_001_choice_000_frame_246,pck_object_0065,pck_object_0065_part_001,pck_object_0065_part_001_choice_000,0x005E32,2,2,2,0x0B02,2818,2818,2,11,frame_plus_signed,0x005E32,0x006934,yes,81000000001377018102020505147C01,10,byte0_high_bit_set;plausible_frame_record_prefix
PHAPCK_TBL.decoded.bin,pck_object_0065_part_001_choice_000_frame_246,pck_object_0065,pck_object_0065_part_001,pck_object_0065_part_001_choice_000,0x005E32,2,2,2,0x0B02,2818,2818,2,11,payload_plus_signed,0x005E34,0x006936,yes,0000001377018102020505147C010203,5,plausible_frame_record_prefix
PHAPCK_TBL.decoded.bin,pck_object_0065_part_001_choice_000_frame_247,pck_object_0065,pck_object_0065_part_001,pck_object_0065_part_001_choice_000,0x005E3A,3,3,3,0x1703,5891,5891,3,23,direct_unsigned,0x000000,0x001703,yes,050509F20081030303030CF700810303,0,in_range_no_structural_match
PHAPCK_TBL.decoded.bin,pck_object_0065_part_001_choice_000_frame_247,pck_object_0065,pck_object_0065_part_001,pck_object_0065_part_001_choice_000,0x005E3A,3,3,3,0x1703,5891,5891,3,23,direct_signed,0x000000,0x001703,yes,050509F20081030303030CF700810303,0,in_range_no_structural_match
PHAPCK_TBL.decoded.bin,pck_object_0065_part_001_choice_000_frame_247,pck_object_0065,pck_object_0065_part_001,pck_object_0065_part_001_choice_000,0x005E3A,3,3,3,0x1703,5891,5891,3,23,object_plus_unsigned,0x005682,0x006D85,yes,030303031BBD0181000000001DC10106,5,plausible_frame_record_prefix
PHAPCK_TBL.decoded.bin,pck_object_0065_part_001_choice_000_frame_247,pck_object_0065,pck_object_0065_part_001,pck_object_0065_part_001_choice_000,0x005E3A,3,3,3,0x1703,5891,5891,3,23,object_plus_signed,0x005682,0x006D85,yes,030303031BBD0181000000001DC10106,5,plausible_frame_record_prefix
PHAPCK_TBL.decoded.bin,pck_object_0065_part_001_choice_000_frame_247,pck_object_0065,pck_object_0065_part_001,pck_object_0065_part_001_choice_000,0x005E3A,3,3,3,0x1703,5891,5891,3,23,block_plus_unsigned,0x005680,0x006D83,yes,0181030303031BBD0181000000001DC1,0,in_range_no_structural_match
PHAPCK_TBL.decoded.bin,pck_object_0065_part_001_choice_000_frame_247,pck_object_0065,pck_object_0065_part_001,pck_object_0065_part_001_choice_000,0x005E3A,3,3,3,0x1703,5891,5891,3,23,block_plus_signed,0x005680,0x006D83,yes,0181030303031BBD0181000000001DC1,0,in_range_no_structural_match
PHAPCK_TBL.decoded.bin,pck_object_0065_part_001_choice_000_frame_247,pck_object_0065,pck_object_0065_part_001,pck_object_0065_part_001_choice_000,0x005E3A,3,3,3,0x1703,5891,5891,3,23,part_plus_signed,0x005698,0x006D9B,yes,06FF1C1A19FF1C08171AFF0100CA0100,0,in_range_no_structural_match
PHAPCK_TBL.decoded.bin,pck_object_0065_part_001_choice_000_frame_247,pck_object_0065,pck_object_0065_part_001,pck_object_0065_part_001_choice_000,0x005E3A,3,3,3,0x1703,5891,5891,3,23,frame_plus_signed,0x005E3A,0x00753D,yes,FAAB0522FF0000D700B000CDFFA10097,5,byte0_high_bit_set
PHAPCK_TBL.decoded.bin,pck_object_0065_part_001_choice_000_frame_247,pck_object_0065,pck_object_0065_part_001,pck_object_0065_part_001_choice_000,0x005E3A,3,3,3,0x1703,5891,5891,3,23,payload_plus_signed,0x005E3C,0x00753F,yes,0522FF0000D700B000CDFFA100970000,0,in_range_no_structural_match
PHAPCK_TBL.decoded.bin,pck_object_0065_part_001_choice_000_frame_248,pck_object_0065,pck_object_0065_part_001,pck_object_0065_part_001_choice_000,0x005E42,3,4,5,0x07FF,2047,2047,255,7,direct_unsigned,0x000000,0x0007FF,yes,000100040100000A000C018108810808,5,plausible_frame_record_prefix
PHAPCK_TBL.decoded.bin,pck_object_0065_part_001_choice_000_frame_248,pck_object_0065,pck_object_0065_part_001,pck_object_0065_part_001_choice_000,0x005E42,3,4,5,0x07FF,2047,2047,255,7,direct_signed,0x000000,0x0007FF,yes,000100040100000A000C018108810808,5,plausible_frame_record_prefix
PHAPCK_TBL.decoded.bin,pck_object_0065_part_001_choice_000_frame_248,pck_object_0065,pck_object_0065_part_001,pck_object_0065_part_001_choice_000,0x005E42,3,4,5,0x07FF,2047,2047,255,7,object_plus_unsigned,0x005682,0x005E81,yes,80004F0100000000000001000F000018,75,exact_object_offset;byte0_high_bit_set;plausible_object_header;plausible_frame_record_prefix
PHAPCK_TBL.decoded.bin,pck_object_0065_part_001_choice_000_frame_248,pck_object_0065,pck_object_0065_part_001,pck_object_0065_part_001_choice_000,0x005E42,3,4,5,0x07FF,2047,2047,255,7,object_plus_signed,0x005682,0x005E81,yes,80004F0100000000000001000F000018,75,exact_object_offset;byte0_high_bit_set;plausible_object_header;plausible_frame_record_prefix
PHAPCK_TBL.decoded.bin,pck_object_0065_part_001_choice_000_frame_248,pck_object_0065,pck_object_0065_part_001,pck_object_0065_part_001_choice_000,0x005E42,3,4,5,0x07FF,2047,2047,255,7,block_plus_unsigned,0x005680,0x005E7F,yes,0DFF80004F0100000000000001000F00,0,in_range_no_structural_match
PHAPCK_TBL.decoded.bin,pck_object_0065_part_001_choice_000_frame_248,pck_object_0065,pck_object_0065_part_001,pck_object_0065_part_001_choice_000,0x005E42,3,4,5,0x07FF,2047,2047,255,7,block_plus_signed,0x005680,0x005E7F,yes,0DFF80004F0100000000000001000F00,0,in_range_no_structural_match
PHAPCK_TBL.decoded.bin,pck_object_0065_part_001_choice_000_frame_248,pck_object_0065,pck_object_0065_part_001,pck_object_0065_part_001_choice_000,0x005E42,3,4,5,0x07FF,2047,2047,255,7,part_plus_signed,0x005698,0x005E97,yes,0CFE640018FC0000F001C207D8FFC800,0,in_range_no_structural_match
PHAPCK_TBL.decoded.bin,pck_object_0065_part_001_choice_000_frame_248,pck_object_0065,pck_object_0065_part_001,pck_object_0065_part_001_choice_000,0x005E42,3,4,5,0x07FF,2047,2047,255,7,frame_plus_signed,0x005E42,0x006641,yes,030303031658018103030303175D0181,5,plausible_frame_record_prefix
PHAPCK_TBL.decoded.bin,pck_object_0065_part_001_choice_000_frame_248,pck_object_0065,pck_object_0065_part_001,pck_object_0065_part_001_choice_000,0x005E42,3,4,5,0x07FF,2047,2047,255,7,payload_plus_signed,0x005E44,0x006643,yes,03031658018103030303175D01810303,35,exact_frame_record;plausible_frame_record_prefix
PHAPCK_TBL.decoded.bin,pck_object_0070_part_000_choice_000_frame_048,pck_object_0070,pck_object_0070_part_000,pck_object_0070_part_000_choice_000,0x005F5E,3,14,52,0x8101,33025,-32511,1,129,direct_unsigned,0x000000,0x008101,yes,FFA0003C001AFF000058FA58FA82003C,5,byte0_high_bit_set
PHAPCK_TBL.decoded.bin,pck_object_0070_part_000_choice_000_frame_048,pck_object_0070,pck_object_0070_part_000,pck_object_0070_part_000_choice_000,0x005F5E,3,14,52,0x8101,33025,-32511,1,129,direct_signed,0x000000,-0x007EFF,no,,0,outside_decoded_stream
PHAPCK_TBL.decoded.bin,pck_object_0070_part_000_choice_000_frame_048,pck_object_0070,pck_object_0070_part_000,pck_object_0070_part_000_choice_000,0x005F5E,3,14,52,0x8101,33025,-32511,1,129,object_plus_unsigned,0x005D28,0x00DE29,no,,0,outside_decoded_stream
PHAPCK_TBL.decoded.bin,pck_object_0070_part_000_choice_000_frame_048,pck_object_0070,pck_object_0070_part_000,pck_object_0070_part_000_choice_000,0x005F5E,3,14,52,0x8101,33025,-32511,1,129,object_plus_signed,0x005D28,-0x0021D7,no,,0,outside_decoded_stream
PHAPCK_TBL.decoded.bin,pck_object_0070_part_000_choice_000_frame_048,pck_object_0070,pck_object_0070_part_000,pck_object_0070_part_000_choice_000,0x005F5E,3,14,52,0x8101,33025,-32511,1,129,block_plus_unsigned,0x005D20,0x00DE21,no,,0,outside_decoded_stream
PHAPCK_TBL.decoded.bin,pck_object_0070_part_000_choice_000_frame_048,pck_object_0070,pck_object_0070_part_000,pck_object_0070_part_000_choice_000,0x005F5E,3,14,52,0x8101,33025,-32511,1,129,block_plus_signed,0x005D20,-0x0021DF,no,,0,outside_decoded_stream
PHAPCK_TBL.decoded.bin,pck_object_0070_part_000_choice_000_frame_048,pck_object_0070,pck_object_0070_part_000,pck_object_0070_part_000_choice_000,0x005F5E,3,14,52,0x8101,33025,-32511,1,129,part_plus_signed,0x005D36,-0x0021C9,no,,0,outside_decoded_stream
PHAPCK_TBL.decoded.bin,pck_object_0070_part_000_choice_000_frame_048,pck_object_0070,pck_object_0070_part_000,pck_object_0070_part_000_choice_000,0x005F5E,3,14,52,0x8101,33025,-32511,1,129,frame_plus_signed,0x005F5E,-0x001FA1,no,,0,outside_decoded_stream
PHAPCK_TBL.decoded.bin,pck_object_0070_part_000_choice_000_frame_048,pck_object_0070,pck_object_0070_part_000,pck_object_0070_part_000_choice_000,0x005F5E,3,14,52,0x8101,33025,-32511,1,129,payload_plus_signed,0x005F60,-0x001F9F,no,,0,outside_decoded_stream
PHAPCK_TBL.decoded.bin,pck_object_0070_part_000_choice_000_frame_049,pck_object_0070,pck_object_0070_part_000,pck_object_0070_part_000_choice_000,0x005F66,3,11,56,0x8101,33025,-32511,1,129,direct_unsigned,0x000000,0x008101,yes,FFA0003C001AFF000058FA58FA82003C,5,byte0_high_bit_set
PHAPCK_TBL.decoded.bin,pck_object_0070_part_000_choice_000_frame_049,pck_object_0070,pck_object_0070_part_000,pck_object_0070_part_000_choice_000,0x005F66,3,11,56,0x8101,33025,-32511,1,129,direct_signed,0x000000,-0x007EFF,no,,0,outside_decoded_stream
PHAPCK_TBL.decoded.bin,pck_object_0070_part_000_choice_000_frame_049,pck_object_0070,pck_object_0070_part_000,pck_object_0070_part_000_choice_000,0x005F66,3,11,56,0x8101,33025,-32511,1,129,object_plus_unsigned,0x005D28,0x00DE29,no,,0,outside_decoded_stream
PHAPCK_TBL.decoded.bin,pck_object_0070_part_000_choice_000_frame_049,pck_object_0070,pck_object_0070_part_000,pck_object_0070_part_000_choice_000,0x005F66,3,11,56,0x8101,33025,-32511,1,129,object_plus_signed,0x005D28,-0x0021D7,no,,0,outside_decoded_stream
PHAPCK_TBL.decoded.bin,pck_object_0070_part_000_choice_000_frame_049,pck_object_0070,pck_object_0070_part_000,pck_object_0070_part_000_choice_000,0x005F66,3,11,56,0x8101,33025,-32511,1,129,block_plus_unsigned,0x005D20,0x00DE21,no,,0,outside_decoded_stream
PHAPCK_TBL.decoded.bin,pck_object_0070_part_000_choice_000_frame_049,pck_object_0070,pck_object_0070_part_000,pck_object_0070_part_000_choice_000,0x005F66,3,11,56,0x8101,33025,-32511,1,129,block_plus_signed,0x005D20,-0x0021DF,no,,0,outside_decoded_stream
PHAPCK_TBL.decoded.bin,pck_object_0070_part_000_choice_000_frame_049,pck_object_0070,pck_object_0070_part_000,pck_object_0070_part_000_choice_000,0x005F66,3,11,56,0x8101,33025,-32511,1,129,part_plus_signed,0x005D36,-0x0021C9,no,,0,outside_decoded_stream
PHAPCK_TBL.decoded.bin,pck_object_0070_part_000_choice_000_frame_049,pck_object_0070,pck_object_0070_part_000,pck_object_0070_part_000_choice_000,0x005F66,3,11,56,0x8101,33025,-32511,1,129,frame_plus_signed,0x005F66,-0x001F99,no,,0,outside_decoded_stream
PHAPCK_TBL.decoded.bin,pck_object_0070_part_000_choice_000_frame_049,pck_object_0070,pck_object_0070_part_000,pck_object_0070_part_000_choice_000,0x005F66,3,11,56,0x8101,33025,-32511,1,129,payload_plus_signed,0x005F68,-0x001F97,no,,0,outside_decoded_stream
PHAPCK_TBL.decoded.bin,pck_object_0070_part_000_choice_000_frame_052,pck_object_0070,pck_object_0070_part_000,pck_object_0070_part_000_choice_000,0x005F7E,3,22,70,0x8101,33025,-32511,1,129,direct_unsigned,0x000000,0x008101,yes,FFA0003C001AFF000058FA58FA82003C,5,byte0_high_bit_set
PHAPCK_TBL.decoded.bin,pck_object_0070_part_000_choice_000_frame_052,pck_object_0070,pck_object_0070_part_000,pck_object_0070_part_000_choice_000,0x005F7E,3,22,70,0x8101,33025,-32511,1,129,direct_signed,0x000000,-0x007EFF,no,,0,outside_decoded_stream
PHAPCK_TBL.decoded.bin,pck_object_0070_part_000_choice_000_frame_052,pck_object_0070,pck_object_0070_part_000,pck_object_0070_part_000_choice_000,0x005F7E,3,22,70,0x8101,33025,-32511,1,129,object_plus_unsigned,0x005D28,0x00DE29,no,,0,outside_decoded_stream
PHAPCK_TBL.decoded.bin,pck_object_0070_part_000_choice_000_frame_052,pck_object_0070,pck_object_0070_part_000,pck_object_0070_part_000_choice_000,0x005F7E,3,22,70,0x8101,33025,-32511,1,129,object_plus_signed,0x005D28,-0x0021D7,no,,0,outside_decoded_stream
PHAPCK_TBL.decoded.bin,pck_object_0070_part_000_choice_000_frame_052,pck_object_0070,pck_object_0070_part_000,pck_object_0070_part_000_choice_000,0x005F7E,3,22,70,0x8101,33025,-32511,1,129,block_plus_unsigned,0x005D20,0x00DE21,no,,0,outside_decoded_stream
PHAPCK_TBL.decoded.bin,pck_object_0070_part_000_choice_000_frame_052,pck_object_0070,pck_object_0070_part_000,pck_object_0070_part_000_choice_000,0x005F7E,3,22,70,0x8101,33025,-32511,1,129,block_plus_signed,0x005D20,-0x0021DF,no,,0,outside_decoded_stream
PHAPCK_TBL.decoded.bin,pck_object_0070_part_000_choice_000_frame_052,pck_object_0070,pck_object_0070_part_000,pck_object_0070_part_000_choice_000,0x005F7E,3,22,70,0x8101,33025,-32511,1,129,part_plus_signed,0x005D36,-0x0021C9,no,,0,outside_decoded_stream
PHAPCK_TBL.decoded.bin,pck_object_0070_part_000_choice_000_frame_052,pck_object_0070,pck_object_0070_part_000,pck_object_0070_part_000_choice_000,0x005F7E,3,22,70,0x8101,33025,-32511,1,129,frame_plus_signed,0x005F7E,-0x001F81,no,,0,outside_decoded_stream
PHAPCK_TBL.decoded.bin,pck_object_0070_part_000_choice_000_frame_052,pck_object_0070,pck_object_0070_part_000,pck_object_0070_part_000_choice_000,0x005F7E,3,22,70,0x8101,33025,-32511,1,129,payload_plus_signed,0x005F80,-0x001F7F,no,,0,outside_decoded_stream
PHAPCK_TBL.decoded.bin,pck_object_0070_part_000_choice_000_frame_053,pck_object_0070,pck_object_0070_part_000,pck_object_0070_part_000_choice_000,0x005F86,3,14,75,0x8101,33025,-32511,1,129,direct_unsigned,0x000000,0x008101,yes,FFA0003C001AFF000058FA58FA82003C,5,byte0_high_bit_set
PHAPCK_TBL.decoded.bin,pck_object_0070_part_000_choice_000_frame_053,pck_object_0070,pck_object_0070_part_000,pck_object_0070_part_000_choice_000,0x005F86,3,14,75,0x8101,33025,-32511,1,129,direct_signed,0x000000,-0x007EFF,no,,0,outside_decoded_stream
PHAPCK_TBL.decoded.bin,pck_object_0070_part_000_choice_000_frame_053,pck_object_0070,pck_object_0070_part_000,pck_object_0070_part_000_choice_000,0x005F86,3,14,75,0x8101,33025,-32511,1,129,object_plus_unsigned,0x005D28,0x00DE29,no,,0,outside_decoded_stream
PHAPCK_TBL.decoded.bin,pck_object_0070_part_000_choice_000_frame_053,pck_object_0070,pck_object_0070_part_000,pck_object_0070_part_000_choice_000,0x005F86,3,14,75,0x8101,33025,-32511,1,129,object_plus_signed,0x005D28,-0x0021D7,no,,0,outside_decoded_stream
PHAPCK_TBL.decoded.bin,pck_object_0070_part_000_choice_000_frame_053,pck_object_0070,pck_object_0070_part_000,pck_object_0070_part_000_choice_000,0x005F86,3,14,75,0x8101,33025,-32511,1,129,block_plus_unsigned,0x005D20,0x00DE21,no,,0,outside_decoded_stream
PHAPCK_TBL.decoded.bin,pck_object_0070_part_000_choice_000_frame_053,pck_object_0070,pck_object_0070_part_000,pck_object_0070_part_000_choice_000,0x005F86,3,14,75,0x8101,33025,-32511,1,129,block_plus_signed,0x005D20,-0x0021DF,no,,0,outside_decoded_stream
PHAPCK_TBL.decoded.bin,pck_object_0070_part_000_choice_000_frame_053,pck_object_0070,pck_object_0070_part_000,pck_object_0070_part_000_choice_000,0x005F86,3,14,75,0x8101,33025,-32511,1,129,part_plus_signed,0x005D36,-0x0021C9,no,,0,outside_decoded_stream
PHAPCK_TBL.decoded.bin,pck_object_0070_part_000_choice_000_frame_053,pck_object_0070,pck_object_0070_part_000,pck_object_0070_part_000_choice_000,0x005F86,3,14,75,0x8101,33025,-32511,1,129,frame_plus_signed,0x005F86,-0x001F79,no,,0,outside_decoded_stream
PHAPCK_TBL.decoded.bin,pck_object_0070_part_000_choice_000_frame_053,pck_object_0070,pck_object_0070_part_000,pck_object_0070_part_000_choice_000,0x005F86,3,14,75,0x8101,33025,-32511,1,129,payload_plus_signed,0x005F88,-0x001F77,no,,0,outside_decoded_stream
PHAPCK_TBL.decoded.bin,pck_object_0070_part_000_choice_000_frame_055,pck_object_0070,pck_object_0070_part_000,pck_object_0070_part_000_choice_000,0x005F96,3,23,85,0x0201,513,513,1,2,direct_unsigned,0x000000,0x000201,yes,0018FC000000000000F8026D0756FFE2,0,in_range_no_structural_match
PHAPCK_TBL.decoded.bin,pck_object_0070_part_000_choice_000_frame_055,pck_object_0070,pck_object_0070_part_000,pck_object_0070_part_000_choice_000,0x005F96,3,23,85,0x0201,513,513,1,2,direct_signed,0x000000,0x000201,yes,0018FC000000000000F8026D0756FFE2,0,in_range_no_structural_match
PHAPCK_TBL.decoded.bin,pck_object_0070_part_000_choice_000_frame_055,pck_object_0070,pck_object_0070_part_000,pck_object_0070_part_000_choice_000,0x005F96,3,23,85,0x0201,513,513,1,2,object_plus_unsigned,0x005D28,0x005F29,yes,AB0000000D00B300B600810301030101,20,byte0_high_bit_set;plausible_drawable_extents_at_plus6_plus8;plausible_frame_record_prefix
PHAPCK_TBL.decoded.bin,pck_object_0070_part_000_choice_000_frame_055,pck_object_0070,pck_object_0070_part_000,pck_object_0070_part_000_choice_000,0x005F96,3,23,85,0x0201,513,513,1,2,object_plus_signed,0x005D28,0x005F29,yes,AB0000000D00B300B600810301030101,20,byte0_high_bit_set;plausible_drawable_extents_at_plus6_plus8;plausible_frame_record_prefix
PHAPCK_TBL.decoded.bin,pck_object_0070_part_000_choice_000_frame_055,pck_object_0070,pck_object_0070_part_000,pck_object_0070_part_000_choice_000,0x005F96,3,23,85,0x0201,513,513,1,2,block_plus_unsigned,0x005D20,0x005F21,yes,00002EF853FE0100AB0000000D00B300,15,plausible_drawable_extents_at_plus6_plus8;plausible_frame_record_prefix
PHAPCK_TBL.decoded.bin,pck_object_0070_part_000_choice_000_frame_055,pck_object_0070,pck_object_0070_part_000,pck_object_0070_part_000_choice_000,0x005F96,3,23,85,0x0201,513,513,1,2,block_plus_signed,0x005D20,0x005F21,yes,00002EF853FE0100AB0000000D00B300,15,plausible_drawable_extents_at_plus6_plus8;plausible_frame_record_prefix
PHAPCK_TBL.decoded.bin,pck_object_0070_part_000_choice_000_frame_055,pck_object_0070,pck_object_0070_part_000,pck_object_0070_part_000_choice_000,0x005F96,3,23,85,0x0201,513,513,1,2,part_plus_signed,0x005D36,0x005F37,yes,01011B01810202050506200181000000,5,plausible_frame_record_prefix
PHAPCK_TBL.decoded.bin,pck_object_0070_part_000_choice_000_frame_055,pck_object_0070,pck_object_0070_part_000,pck_object_0070_part_000_choice_000,0x005F96,3,23,85,0x0201,513,513,1,2,frame_plus_signed,0x005F96,0x006197,yes,2800280088FF0008000000005A002800,5,plausible_frame_record_prefix
PHAPCK_TBL.decoded.bin,pck_object_0070_part_000_choice_000_frame_055,pck_object_0070,pck_object_0070_part_000,pck_object_0070_part_000_choice_000,0x005F96,3,23,85,0x0201,513,513,1,2,payload_plus_signed,0x005F98,0x006199,yes,280088FF0008000000005A00280088FF,5,plausible_frame_record_prefix
PHAPCK_TBL.decoded.bin,pck_object_0070_part_000_choice_000_frame_086,pck_object_0070,pck_object_0070_part_000,pck_object_0070_part_000_choice_000,0x00608E,3,1,1,0x0124,292,292,36,1,direct_unsigned,0x000000,0x000124,yes,030013060C00280605003E060E005306,5,plausible_frame_record_prefix
PHAPCK_TBL.decoded.bin,pck_object_0070_part_000_choice_000_frame_086,pck_object_0070,pck_object_0070_part_000,pck_object_0070_part_000_choice_000,0x00608E,3,1,1,0x0124,292,292,36,1,direct_signed,0x000000,0x000124,yes,030013060C00280605003E060E005306,5,plausible_frame_record_prefix
PHAPCK_TBL.decoded.bin,pck_object_0070_part_000_choice_000_frame_086,pck_object_0070,pck_object_0070_part_000,pck_object_0070_part_000_choice_000,0x00608E,3,1,1,0x0124,292,292,36,1,object_plus_unsigned,0x005D28,0x005E4C,yes,0C070A0DFF0F100908FF0D100F0CFF12,0,in_range_no_structural_match
PHAPCK_TBL.decoded.bin,pck_object_0070_part_000_choice_000_frame_086,pck_object_0070,pck_object_0070_part_000,pck_object_0070_part_000_choice_000,0x00608E,3,1,1,0x0124,292,292,36,1,object_plus_signed,0x005D28,0x005E4C,yes,0C070A0DFF0F100908FF0D100F0CFF12,0,in_range_no_structural_match
PHAPCK_TBL.decoded.bin,pck_object_0070_part_000_choice_000_frame_086,pck_object_0070,pck_object_0070_part_000,pck_object_0070_part_000_choice_000,0x00608E,3,1,1,0x0124,292,292,36,1,block_plus_unsigned,0x005D20,0x005E44,yes,0405FF0708090AFF0C070A0DFF0F1009,0,in_range_no_structural_match
PHAPCK_TBL.decoded.bin,pck_object_0070_part_000_choice_000_frame_086,pck_object_0070,pck_object_0070_part_000,pck_object_0070_part_000_choice_000,0x00608E,3,1,1,0x0124,292,292,36,1,block_plus_signed,0x005D20,0x005E44,yes,0405FF0708090AFF0C070A0DFF0F1009,0,in_range_no_structural_match
PHAPCK_TBL.decoded.bin,pck_object_0070_part_000_choice_000_frame_086,pck_object_0070,pck_object_0070_part_000,pck_object_0070_part_000_choice_000,0x00608E,3,1,1,0x0124,292,292,36,1,part_plus_signed,0x005D36,0x005E5A,yes,FF120F08FF13070CFF12080713FF0F12,5,byte0_high_bit_set
PHAPCK_TBL.decoded.bin,pck_object_0070_part_000_choice_000_frame_086,pck_object_0070,pck_object_0070_part_000,pck_object_0070_part_000_choice_000,0x00608E,3,1,1,0x0124,292,292,36,1,frame_plus_signed,0x00608E,0x0061B2,yes,F81A0328005A00CAFE5A005A00CAFE00,5,byte0_high_bit_set
PHAPCK_TBL.decoded.bin,pck_object_0070_part_000_choice_000_frame_086,pck_object_0070,pck_object_0070_part_000,pck_object_0070_part_000_choice_000,0x00608E,3,1,1,0x0124,292,292,36,1,payload_plus_signed,0x006090,0x0061B4,yes,0328005A00CAFE5A005A00CAFE00001D,0,in_range_no_structural_match
PHAPCK_TBL.decoded.bin,pck_object_0070_part_000_choice_000_frame_091,pck_object_0070,pck_object_0070_part_000,pck_object_0070_part_000_choice_000,0x0060B6,3,3,11,0x013D,317,317,61,1,direct_unsigned,0x000000,0x00013D,yes,009E060800BE060400DE060000FE060C,0,in_range_no_structural_match
PHAPCK_TBL.decoded.bin,pck_object_0070_part_000_choice_000_frame_091,pck_object_0070,pck_object_0070_part_000,pck_object_0070_part_000_choice_000,0x0060B6,3,3,11,0x013D,317,317,61,1,direct_signed,0x000000,0x00013D,yes,009E060800BE060400DE060000FE060C,0,in_range_no_structural_match
PHAPCK_TBL.decoded.bin,pck_object_0070_part_000_choice_000_frame_091,pck_object_0070,pck_object_0070_part_000,pck_object_0070_part_000_choice_000,0x0060B6,3,3,11,0x013D,317,317,61,1,object_plus_unsigned,0x005D28,0x005E65,yes,0713FF0F12130CFF02050A09FF020910,0,in_range_no_structural_match
PHAPCK_TBL.decoded.bin,pck_object_0070_part_000_choice_000_frame_091,pck_object_0070,pck_object_0070_part_000,pck_object_0070_part_000_choice_000,0x0060B6,3,3,11,0x013D,317,317,61,1,object_plus_signed,0x005D28,0x005E65,yes,0713FF0F12130CFF02050A09FF020910,0,in_range_no_structural_match
PHAPCK_TBL.decoded.bin,pck_object_0070_part_000_choice_000_frame_091,pck_object_0070,pck_object_0070_part_000,pck_object_0070_part_000_choice_000,0x0060B6,3,3,11,0x013D,317,317,61,1,block_plus_unsigned,0x005D20,0x005E5D,yes,08FF13070CFF12080713FF0F12130CFF,0,in_range_no_structural_match
PHAPCK_TBL.decoded.bin,pck_object_0070_part_000_choice_000_frame_091,pck_object_0070,pck_object_0070_part_000,pck_object_0070_part_000_choice_000,0x0060B6,3,3,11,0x013D,317,317,61,1,block_plus_signed,0x005D20,0x005E5D,yes,08FF13070CFF12080713FF0F12130CFF,0,in_range_no_structural_match
PHAPCK_TBL.decoded.bin,pck_object_0070_part_000_choice_000_frame_091,pck_object_0070,pck_object_0070_part_000,pck_object_0070_part_000_choice_000,0x0060B6,3,3,11,0x013D,317,317,61,1,part_plus_signed,0x005D36,0x005E73,yes,091003FF0A05040DFF0403100DFF8000,0,in_range_no_structural_match
PHAPCK_TBL.decoded.bin,pck_object_0070_part_000_choice_000_frame_091,pck_object_0070,pck_object_0070_part_000,pck_object_0070_part_000_choice_000,0x0060B6,3,3,11,0x013D,317,317,61,1,frame_plus_signed,0x0060B6,0x0061F3,yes,220181000000000B270181000000000E,5,plausible_frame_record_prefix
PHAPCK_TBL.decoded.bin,pck_object_0070_part_000_choice_000_frame_091,pck_object_0070,pck_object_0070_part_000,pck_object_0070_part_000_choice_000,0x0060B6,3,3,11,0x013D,317,317,61,1,payload_plus_signed,0x0060B8,0x0061F5,yes,81000000000B270181000000000E2C01,35,byte0_high_bit_set;plausible_object_header;plausible_drawable_extents_at_plus6_plus8;plausible_frame_record_prefix
PHAPCK_TBL.decoded.bin,pck_object_0070_part_000_choice_000_frame_092,pck_object_0070,pck_object_0070_part_000,pck_object_0070_part_000_choice_000,0x0060BE,3,3,14,0x0141,321,321,65,1,direct_unsigned,0x000000,0x000141,yes,00BE060400DE060000FE060C001D0708,0,in_range_no_structural_match
PHAPCK_TBL.decoded.bin,pck_object_0070_part_000_choice_000_frame_092,pck_object_0070,pck_object_0070_part_000,pck_object_0070_part_000_choice_000,0x0060BE,3,3,14,0x0141,321,321,65,1,direct_signed,0x000000,0x000141,yes,00BE060400DE060000FE060C001D0708,0,in_range_no_structural_match
PHAPCK_TBL.decoded.bin,pck_object_0070_part_000_choice_000_frame_092,pck_object_0070,pck_object_0070_part_000,pck_object_0070_part_000_choice_000,0x0060BE,3,3,14,0x0141,321,321,65,1,object_plus_unsigned,0x005D28,0x005E69,yes,12130CFF02050A09FF02091003FF0A05,0,in_range_no_structural_match
PHAPCK_TBL.decoded.bin,pck_object_0070_part_000_choice_000_frame_092,pck_object_0070,pck_object_0070_part_000,pck_object_0070_part_000_choice_000,0x0060BE,3,3,14,0x0141,321,321,65,1,object_plus_signed,0x005D28,0x005E69,yes,12130CFF02050A09FF02091003FF0A05,0,in_range_no_structural_match
PHAPCK_TBL.decoded.bin,pck_object_0070_part_000_choice_000_frame_092,pck_object_0070,pck_object_0070_part_000,pck_object_0070_part_000_choice_000,0x0060BE,3,3,14,0x0141,321,321,65,1,block_plus_unsigned,0x005D20,0x005E61,yes,0CFF12080713FF0F12130CFF02050A09,0,in_range_no_structural_match
PHAPCK_TBL.decoded.bin,pck_object_0070_part_000_choice_000_frame_092,pck_object_0070,pck_object_0070_part_000,pck_object_0070_part_000_choice_000,0x0060BE,3,3,14,0x0141,321,321,65,1,block_plus_signed,0x005D20,0x005E61,yes,0CFF12080713FF0F12130CFF02050A09,0,in_range_no_structural_match
PHAPCK_TBL.decoded.bin,pck_object_0070_part_000_choice_000_frame_092,pck_object_0070,pck_object_0070_part_000,pck_object_0070_part_000_choice_000,0x0060BE,3,3,14,0x0141,321,321,65,1,part_plus_signed,0x005D36,0x005E77,yes,0A05040DFF0403100DFF80004F010000,0,in_range_no_structural_match
PHAPCK_TBL.decoded.bin,pck_object_0070_part_000_choice_000_frame_092,pck_object_0070,pck_object_0070_part_000,pck_object_0070_part_000_choice_000,0x0060BE,3,3,14,0x0141,321,321,65,1,frame_plus_signed,0x0060BE,0x0061FF,yes,0000000E2C0181020205051131018103,5,plausible_frame_record_prefix
PHAPCK_TBL.decoded.bin,pck_object_0070_part_000_choice_000_frame_092,pck_object_0070,pck_object_0070_part_000,pck_object_0070_part_000_choice_000,0x0060BE,3,3,14,0x0141,321,321,65,1,payload_plus_signed,0x0060C0,0x006201,yes,000E2C01810202050511310181030303,0,in_range_no_structural_match
PHAPCK_TBL.decoded.bin,pck_object_0070_part_000_choice_000_frame_096,pck_object_0070,pck_object_0070_part_000,pck_object_0070_part_000_choice_000,0x0060DE,3,3,22,0x0154,340,340,84,1,direct_unsigned,0x000000,0x000154,yes,0C0047070000520704005C0708006607,5,plausible_frame_record_prefix
PHAPCK_TBL.decoded.bin,pck_object_0070_part_000_choice_000_frame_096,pck_object_0070,pck_object_0070_part_000,pck_object_0070_part_000_choice_000,0x0060DE,3,3,22,0x0154,340,340,84,1,direct_signed,0x000000,0x000154,yes,0C0047070000520704005C0708006607,5,plausible_frame_record_prefix
PHAPCK_TBL.decoded.bin,pck_object_0070_part_000_choice_000_frame_096,pck_object_0070,pck_object_0070_part_000,pck_object_0070_part_000_choice_000,0x0060DE,3,3,22,0x0154,340,340,84,1,object_plus_unsigned,0x005D28,0x005E7C,yes,0403100DFF80004F0100000000000001,5,plausible_frame_record_prefix
PHAPCK_TBL.decoded.bin,pck_object_0070_part_000_choice_000_frame_096,pck_object_0070,pck_object_0070_part_000,pck_object_0070_part_000_choice_000,0x0060DE,3,3,22,0x0154,340,340,84,1,object_plus_signed,0x005D28,0x005E7C,yes,0403100DFF80004F0100000000000001,5,plausible_frame_record_prefix
PHAPCK_TBL.decoded.bin,pck_object_0070_part_000_choice_000_frame_096,pck_object_0070,pck_object_0070_part_000,pck_object_0070_part_000_choice_000,0x0060DE,3,3,22,0x0154,340,340,84,1,block_plus_unsigned,0x005D20,0x005E74,yes,1003FF0A05040DFF0403100DFF80004F,5,plausible_frame_record_prefix
PHAPCK_TBL.decoded.bin,pck_object_0070_part_000_choice_000_frame_096,pck_object_0070,pck_object_0070_part_000,pck_object_0070_part_000_choice_000,0x0060DE,3,3,22,0x0154,340,340,84,1,block_plus_signed,0x005D20,0x005E74,yes,1003FF0A05040DFF0403100DFF80004F,5,plausible_frame_record_prefix
PHAPCK_TBL.decoded.bin,pck_object_0070_part_000_choice_000_frame_096,pck_object_0070,pck_object_0070_part_000,pck_object_0070_part_000_choice_000,0x0060DE,3,3,22,0x0154,340,340,84,1,part_plus_signed,0x005D36,0x005E8A,yes,0001000F00001817000100A7000CFE64,5,plausible_frame_record_prefix
PHAPCK_TBL.decoded.bin,pck_object_0070_part_000_choice_000_frame_096,pck_object_0070,pck_object_0070_part_000,pck_object_0070_part_000_choice_000,0x0060DE,3,3,22,0x0154,340,340,84,1,frame_plus_signed,0x0060DE,0x006232,yes,0E48018103030303164D018103030303,0,in_range_no_structural_match
PHAPCK_TBL.decoded.bin,pck_object_0070_part_000_choice_000_frame_096,pck_object_0070,pck_object_0070_part_000,pck_object_0070_part_000_choice_000,0x0060DE,3,3,22,0x0154,340,340,84,1,payload_plus_signed,0x0060E0,0x006234,yes,018103030303164D0181030303031752,0,in_range_no_structural_match
PHAPCK_TBL.decoded.bin,pck_object_0070_part_000_choice_000_frame_097,pck_object_0070,pck_object_0070_part_000,pck_object_0070_part_000_choice_000,0x0060E6,3,3,23,0x0159,345,345,89,1,direct_unsigned,0x000000,0x000159,yes,00520704005C07080066070C00700700,0,in_range_no_structural_match
PHAPCK_TBL.decoded.bin,pck_object_0070_part_000_choice_000_frame_097,pck_object_0070,pck_object_0070_part_000,pck_object_0070_part_000_choice_000,0x0060E6,3,3,23,0x0159,345,345,89,1,direct_signed,0x000000,0x000159,yes,00520704005C07080066070C00700700,0,in_range_no_structural_match
PHAPCK_TBL.decoded.bin,pck_object_0070_part_000_choice_000_frame_097,pck_object_0070,pck_object_0070_part_000,pck_object_0070_part_000_choice_000,0x0060E6,3,3,23,0x0159,345,345,89,1,object_plus_unsigned,0x005D28,0x005E81,yes,80004F0100000000000001000F000018,75,exact_object_offset;byte0_high_bit_set;plausible_object_header;plausible_frame_record_prefix
PHAPCK_TBL.decoded.bin,pck_object_0070_part_000_choice_000_frame_097,pck_object_0070,pck_object_0070_part_000,pck_object_0070_part_000_choice_000,0x0060E6,3,3,23,0x0159,345,345,89,1,object_plus_signed,0x005D28,0x005E81,yes,80004F0100000000000001000F000018,75,exact_object_offset;byte0_high_bit_set;plausible_object_header;plausible_frame_record_prefix
PHAPCK_TBL.decoded.bin,pck_object_0070_part_000_choice_000_frame_097,pck_object_0070,pck_object_0070_part_000,pck_object_0070_part_000_choice_000,0x0060E6,3,3,23,0x0159,345,345,89,1,block_plus_unsigned,0x005D20,0x005E79,yes,040DFF0403100DFF80004F0100000000,0,in_range_no_structural_match
PHAPCK_TBL.decoded.bin,pck_object_0070_part_000_choice_000_frame_097,pck_object_0070,pck_object_0070_part_000,pck_object_0070_part_000_choice_000,0x0060E6,3,3,23,0x0159,345,345,89,1,block_plus_signed,0x005D20,0x005E79,yes,040DFF0403100DFF80004F0100000000,0,in_range_no_structural_match
PHAPCK_TBL.decoded.bin,pck_object_0070_part_000_choice_000_frame_097,pck_object_0070,pck_object_0070_part_000,pck_object_0070_part_000_choice_000,0x0060E6,3,3,23,0x0159,345,345,89,1,part_plus_signed,0x005D36,0x005E8F,yes,001817000100A7000CFE640018FC0000,35,exact_part_offset
PHAPCK_TBL.decoded.bin,pck_object_0070_part_000_choice_000_frame_097,pck_object_0070,pck_object_0070_part_000,pck_object_0070_part_000_choice_000,0x0060E6,3,3,23,0x0159,345,345,89,1,frame_plus_signed,0x0060E6,0x00623F,yes,03030317520181030303030B57010203,5,plausible_frame_record_prefix
PHAPCK_TBL.decoded.bin,pck_object_0070_part_000_choice_000_frame_097,pck_object_0070,pck_object_0070_part_000,pck_object_0070_part_000_choice_000,0x0060E6,3,3,23,0x0159,345,345,89,1,payload_plus_signed,0x0060E8,0x006241,yes,0317520181030303030B570102030405,0,in_range_no_structural_match
PHAPCK_TBL.decoded.bin,pck_object_0070_part_000_choice_000_frame_098,pck_object_0070,pck_object_0070_part_000,pck_object_0070_part_000_choice_000,0x0060EE,3,3,11,0x015E,350,350,94,1,direct_unsigned,0x000000,0x00015E,yes,5C07080066070C00700700007B070200,0,in_range_no_structural_match
PHAPCK_TBL.decoded.bin,pck_object_0070_part_000_choice_000_frame_098,pck_object_0070,pck_object_0070_part_000,pck_object_0070_part_000_choice_000,0x0060EE,3,3,11,0x015E,350,350,94,1,direct_signed,0x000000,0x00015E,yes,5C07080066070C00700700007B070200,0,in_range_no_structural_match
PHAPCK_TBL.decoded.bin,pck_object_0070_part_000_choice_000_frame_098,pck_object_0070,pck_object_0070_part_000,pck_object_0070_part_000_choice_000,0x0060EE,3,3,11,0x015E,350,350,94,1,object_plus_unsigned,0x005D28,0x005E86,yes,000000000001000F00001817000100A7,35,exact_frame_record;plausible_frame_record_prefix
PHAPCK_TBL.decoded.bin,pck_object_0070_part_000_choice_000_frame_098,pck_object_0070,pck_object_0070_part_000,pck_object_0070_part_000_choice_000,0x0060EE,3,3,11,0x015E,350,350,94,1,object_plus_signed,0x005D28,0x005E86,yes,000000000001000F00001817000100A7,35,exact_frame_record;plausible_frame_record_prefix
PHAPCK_TBL.decoded.bin,pck_object_0070_part_000_choice_000_frame_098,pck_object_0070,pck_object_0070_part_000,pck_object_0070_part_000_choice_000,0x0060EE,3,3,11,0x015E,350,350,94,1,block_plus_unsigned,0x005D20,0x005E7E,yes,100DFF80004F0100000000000001000F,30,exact_frame_record
PHAPCK_TBL.decoded.bin,pck_object_0070_part_000_choice_000_frame_098,pck_object_0070,pck_object_0070_part_000,pck_object_0070_part_000_choice_000,0x0060EE,3,3,11,0x015E,350,350,94,1,block_plus_signed,0x005D20,0x005E7E,yes,100DFF80004F0100000000000001000F,30,exact_frame_record
PHAPCK_TBL.decoded.bin,pck_object_0070_part_000_choice_000_frame_098,pck_object_0070,pck_object_0070_part_000,pck_object_0070_part_000_choice_000,0x0060EE,3,3,11,0x015E,350,350,94,1,part_plus_signed,0x005D36,0x005E94,yes,00A7000CFE640018FC0000F001C207D8,0,in_range_no_structural_match
PHAPCK_TBL.decoded.bin,pck_object_0070_part_000_choice_000_frame_098,pck_object_0070,pck_object_0070_part_000,pck_object_0070_part_000_choice_000,0x0060EE,3,3,11,0x015E,350,350,94,1,frame_plus_signed,0x0060EE,0x00624C,yes,0102030405FF0708090AFF0C070A0DFF,5,plausible_frame_record_prefix
PHAPCK_TBL.decoded.bin,pck_object_0070_part_000_choice_000_frame_098,pck_object_0070,pck_object_0070_part_000,pck_object_0070_part_000_choice_000,0x0060EE,3,3,11,0x015E,350,350,94,1,payload_plus_signed,0x0060F0,0x00624E,yes,030405FF0708090AFF0C070A0DFF0F09,30,exact_frame_record
PHAPCK_TBL.decoded.bin,pck_object_0070_part_000_choice_000_frame_106,pck_object_0070,pck_object_0070_part_000,pck_object_0070_part_000_choice_000,0x00612E,2,5,13,0x80FF,33023,-32513,255,128,direct_unsigned,0x000000,0x0080FF,yes,00AAFFA0003C001AFF000058FA58FA82,0,in_range_no_structural_match
PHAPCK_TBL.decoded.bin,pck_object_0070_part_000_choice_000_frame_106,pck_object_0070,pck_object_0070_part_000,pck_object_0070_part_000_choice_000,0x00612E,2,5,13,0x80FF,33023,-32513,255,128,direct_signed,0x000000,-0x007F01,no,,0,outside_decoded_stream
PHAPCK_TBL.decoded.bin,pck_object_0070_part_000_choice_000_frame_106,pck_object_0070,pck_object_0070_part_000,pck_object_0070_part_000_choice_000,0x00612E,2,5,13,0x80FF,33023,-32513,255,128,object_plus_unsigned,0x005D28,0x00DE27,no,,0,outside_decoded_stream
PHAPCK_TBL.decoded.bin,pck_object_0070_part_000_choice_000_frame_106,pck_object_0070,pck_object_0070_part_000,pck_object_0070_part_000_choice_000,0x00612E,2,5,13,0x80FF,33023,-32513,255,128,object_plus_signed,0x005D28,-0x0021D9,no,,0,outside_decoded_stream
PHAPCK_TBL.decoded.bin,pck_object_0070_part_000_choice_000_frame_106,pck_object_0070,pck_object_0070_part_000,pck_object_0070_part_000_choice_000,0x00612E,2,5,13,0x80FF,33023,-32513,255,128,block_plus_unsigned,0x005D20,0x00DE1F,no,,0,outside_decoded_stream
PHAPCK_TBL.decoded.bin,pck_object_0070_part_000_choice_000_frame_106,pck_object_0070,pck_object_0070_part_000,pck_object_0070_part_000_choice_000,0x00612E,2,5,13,0x80FF,33023,-32513,255,128,block_plus_signed,0x005D20,-0x0021E1,no,,0,outside_decoded_stream
PHAPCK_TBL.decoded.bin,pck_object_0070_part_000_choice_000_frame_106,pck_object_0070,pck_object_0070_part_000,pck_object_0070_part_000_choice_000,0x00612E,2,5,13,0x80FF,33023,-32513,255,128,part_plus_signed,0x005D36,-0x0021CB,no,,0,outside_decoded_stream
PHAPCK_TBL.decoded.bin,pck_object_0070_part_000_choice_000_frame_106,pck_object_0070,pck_object_0070_part_000,pck_object_0070_part_000_choice_000,0x00612E,2,5,13,0x80FF,33023,-32513,255,128,frame_plus_signed,0x00612E,-0x001DD3,no,,0,outside_decoded_stream
PHAPCK_TBL.decoded.bin,pck_object_0070_part_000_choice_000_frame_106,pck_object_0070,pck_object_0070_part_000,pck_object_0070_part_000_choice_000,0x00612E,2,5,13,0x80FF,33023,-32513,255,128,payload_plus_signed,0x006130,-0x001DD1,no,,0,outside_decoded_stream
PHAPCK_TBL.decoded.bin,pck_object_0070_part_000_choice_000_frame_130,pck_object_0070,pck_object_0070_part_000,pck_object_0070_part_000_choice_000,0x0061EE,2,5,5,0x2206,8710,8710,6,34,direct_unsigned,0x000000,0x002206,yes,00A6FFF6FF1E00A6FF3200E2FF00001B,0,in_range_no_structural_match
PHAPCK_TBL.decoded.bin,pck_object_0070_part_000_choice_000_frame_130,pck_object_0070,pck_object_0070_part_000,pck_object_0070_part_000_choice_000,0x0061EE,2,5,5,0x2206,8710,8710,6,34,direct_signed,0x000000,0x002206,yes,00A6FFF6FF1E00A6FF3200E2FF00001B,0,in_range_no_structural_match
PHAPCK_TBL.decoded.bin,pck_object_0070_part_000_choice_000_frame_130,pck_object_0070,pck_object_0070_part_000,pck_object_0070_part_000_choice_000,0x0061EE,2,5,5,0x2206,8710,8710,6,34,object_plus_unsigned,0x005D28,0x007F2E,yes,11FF8000070100000000000002000E00,0,in_range_no_structural_match
PHAPCK_TBL.decoded.bin,pck_object_0070_part_000_choice_000_frame_130,pck_object_0070,pck_object_0070_part_000,pck_object_0070_part_000_choice_000,0x0061EE,2,5,5,0x2206,8710,8710,6,34,object_plus_signed,0x005D28,0x007F2E,yes,11FF8000070100000000000002000E00,0,in_range_no_structural_match
PHAPCK_TBL.decoded.bin,pck_object_0070_part_000_choice_000_frame_130,pck_object_0070,pck_object_0070_part_000,pck_object_0070_part_000_choice_000,0x0061EE,2,5,5,0x2206,8710,8710,6,34,block_plus_unsigned,0x005D20,0x007F26,yes,070B1510FF10151311FF800007010000,30,exact_frame_record
PHAPCK_TBL.decoded.bin,pck_object_0070_part_000_choice_000_frame_130,pck_object_0070,pck_object_0070_part_000,pck_object_0070_part_000_choice_000,0x0061EE,2,5,5,0x2206,8710,8710,6,34,block_plus_signed,0x005D20,0x007F26,yes,070B1510FF10151311FF800007010000,30,exact_frame_record
PHAPCK_TBL.decoded.bin,pck_object_0070_part_000_choice_000_frame_130,pck_object_0070,pck_object_0070_part_000,pck_object_0070_part_000_choice_000,0x0061EE,2,5,5,0x2206,8710,8710,6,34,part_plus_signed,0x005D36,0x007F3C,yes,0E0000171E000100A8000E171E000100,15,plausible_drawable_extents_at_plus6_plus8;plausible_frame_record_prefix
PHAPCK_TBL.decoded.bin,pck_object_0070_part_000_choice_000_frame_130,pck_object_0070,pck_object_0070_part_000,pck_object_0070_part_000_choice_000,0x0061EE,2,5,5,0x2206,8710,8710,6,34,frame_plus_signed,0x0061EE,0x0083F4,yes,00000629018100000000112E01810000,5,plausible_frame_record_prefix
PHAPCK_TBL.decoded.bin,pck_object_0070_part_000_choice_000_frame_130,pck_object_0070,pck_object_0070_part_000,pck_object_0070_part_000_choice_000,0x0061EE,2,5,5,0x2206,8710,8710,6,34,payload_plus_signed,0x0061F0,0x0083F6,yes,0629018100000000112E018100000000,0,in_range_no_structural_match
PHAPCK_TBL.decoded.bin,pck_object_0070_part_000_choice_000_frame_133,pck_object_0070,pck_object_0070_part_000,pck_object_0070_part_000_choice_000,0x006206,2,5,5,0x3111,12561,12561,17,49,direct_unsigned,0x000000,0x003111,yes,FE05F9B20328000A00CAFE5A000A00CA,5,byte0_high_bit_set
PHAPCK_TBL.decoded.bin,pck_object_0070_part_000_choice_000_frame_133,pck_object_0070,pck_object_0070_part_000,pck_object_0070_part_000_choice_000,0x006206,2,5,5,0x3111,12561,12561,17,49,direct_signed,0x000000,0x003111,yes,FE05F9B20328000A00CAFE5A000A00CA,5,byte0_high_bit_set
PHAPCK_TBL.decoded.bin,pck_object_0070_part_000_choice_000_frame_133,pck_object_0070,pck_object_0070_part_000,pck_object_0070_part_000_choice_000,0x006206,2,5,5,0x3111,12561,12561,17,49,object_plus_unsigned,0x005D28,0x008E39,yes,B8F80000000000080100B50000000D00,5,byte0_high_bit_set
PHAPCK_TBL.decoded.bin,pck_object_0070_part_000_choice_000_frame_133,pck_object_0070,pck_object_0070_part_000,pck_object_0070_part_000_choice_000,0x006206,2,5,5,0x3111,12561,12561,17,49,object_plus_signed,0x005D28,0x008E39,yes,B8F80000000000080100B50000000D00,5,byte0_high_bit_set
PHAPCK_TBL.decoded.bin,pck_object_0070_part_000_choice_000_frame_133,pck_object_0070,pck_object_0070_part_000,pck_object_0070_part_000_choice_000,0x006206,2,5,5,0x3111,12561,12561,17,49,block_plus_unsigned,0x005D20,0x008E31,yes,000000F800004F03B8F8000000000008,5,plausible_frame_record_prefix
PHAPCK_TBL.decoded.bin,pck_object_0070_part_000_choice_000_frame_133,pck_object_0070,pck_object_0070_part_000,pck_object_0070_part_000_choice_000,0x006206,2,5,5,0x3111,12561,12561,17,49,block_plus_signed,0x005D20,0x008E31,yes,000000F800004F03B8F8000000000008,5,plausible_frame_record_prefix
PHAPCK_TBL.decoded.bin,pck_object_0070_part_000_choice_000_frame_133,pck_object_0070,pck_object_0070_part_000,pck_object_0070_part_000_choice_000,0x006206,2,5,5,0x3111,12561,12561,17,49,part_plus_signed,0x005D36,0x008E47,yes,0D00BD00010181080F00010125018107,5,plausible_frame_record_prefix
PHAPCK_TBL.decoded.bin,pck_object_0070_part_000_choice_000_frame_133,pck_object_0070,pck_object_0070_part_000,pck_object_0070_part_000_choice_000,0x006206,2,5,5,0x3111,12561,12561,17,49,frame_plus_signed,0x006206,0x009317,yes,0D0C110FFF080302FF01008401000004,0,in_range_no_structural_match
PHAPCK_TBL.decoded.bin,pck_object_0070_part_000_choice_000_frame_133,pck_object_0070,pck_object_0070_part_000,pck_object_0070_part_000_choice_000,0x006206,2,5,5,0x3111,12561,12561,17,49,payload_plus_signed,0x006208,0x009319,yes,110FFF080302FF01008401000004008C,0,in_range_no_structural_match
PHAPCK_TBL.decoded.bin,pck_object_0070_part_000_choice_000_frame_134,pck_object_0070,pck_object_0070_part_000,pck_object_0070_part_000_choice_000,0x00620E,3,3,3,0x360B,13835,13835,11,54,direct_unsigned,0x000000,0x00360B,yes,FF48F8F3013600C8FFFA004C00DAFF4A,5,byte0_high_bit_set
PHAPCK_TBL.decoded.bin,pck_object_0070_part_000_choice_000_frame_134,pck_object_0070,pck_object_0070_part_000,pck_object_0070_part_000_choice_000,0x00620E,3,3,3,0x360B,13835,13835,11,54,direct_signed,0x000000,0x00360B,yes,FF48F8F3013600C8FFFA004C00DAFF4A,5,byte0_high_bit_set
PHAPCK_TBL.decoded.bin,pck_object_0070_part_000_choice_000_frame_134,pck_object_0070,pck_object_0070_part_000,pck_object_0070_part_000_choice_000,0x00620E,3,3,3,0x360B,13835,13835,11,54,object_plus_unsigned,0x005D28,0x009333,yes,01810707050518B00181080800001BB5,0,in_range_no_structural_match
PHAPCK_TBL.decoded.bin,pck_object_0070_part_000_choice_000_frame_134,pck_object_0070,pck_object_0070_part_000,pck_object_0070_part_000_choice_000,0x00620E,3,3,3,0x360B,13835,13835,11,54,object_plus_signed,0x005D28,0x009333,yes,01810707050518B00181080800001BB5,0,in_range_no_structural_match
PHAPCK_TBL.decoded.bin,pck_object_0070_part_000_choice_000_frame_134,pck_object_0070,pck_object_0070_part_000,pck_object_0070_part_000_choice_000,0x00620E,3,3,3,0x360B,13835,13835,11,54,block_plus_unsigned,0x005D20,0x00932B,yes,11810808000016AC01810707050518B0,0,in_range_no_structural_match
PHAPCK_TBL.decoded.bin,pck_object_0070_part_000_choice_000_frame_134,pck_object_0070,pck_object_0070_part_000,pck_object_0070_part_000_choice_000,0x00620E,3,3,3,0x360B,13835,13835,11,54,block_plus_signed,0x005D20,0x00932B,yes,11810808000016AC01810707050518B0,0,in_range_no_structural_match
PHAPCK_TBL.decoded.bin,pck_object_0070_part_000_choice_000_frame_134,pck_object_0070,pck_object_0070_part_000,pck_object_0070_part_000_choice_000,0x00620E,3,3,3,0x360B,13835,13835,11,54,part_plus_signed,0x005D36,0x009341,yes,1BB50181000000001DB901061708FF19,0,in_range_no_structural_match
PHAPCK_TBL.decoded.bin,pck_object_0070_part_000_choice_000_frame_134,pck_object_0070,pck_object_0070_part_000,pck_object_0070_part_000_choice_000,0x00620E,3,3,3,0x360B,13835,13835,11,54,frame_plus_signed,0x00620E,0x009819,yes,FF94F8D90223FFBAFFFEFE56FF000058,5,byte0_high_bit_set
PHAPCK_TBL.decoded.bin,pck_object_0070_part_000_choice_000_frame_134,pck_object_0070,pck_object_0070_part_000,pck_object_0070_part_000_choice_000,0x00620E,3,3,3,0x360B,13835,13835,11,54,payload_plus_signed,0x006210,0x00981B,yes,F8D90223FFBAFFFEFE56FF000058FA58,5,byte0_high_bit_set
PHAPCK_TBL.decoded.bin,pck_object_0070_part_000_choice_000_frame_135,pck_object_0070,pck_object_0070_part_000,pck_object_0070_part_000_choice_000,0x006216,3,3,3,0x3A0E,14862,14862,14,58,direct_unsigned,0x000000,0x003A0E,yes,C1070201AF016E00E2FF360100003EF8,5,byte0_high_bit_set
PHAPCK_TBL.decoded.bin,pck_object_0070_part_000_choice_000_frame_135,pck_object_0070,pck_object_0070_part_000,pck_object_0070_part_000_choice_000,0x006216,3,3,3,0x3A0E,14862,14862,14,58,direct_signed,0x000000,0x003A0E,yes,C1070201AF016E00E2FF360100003EF8,5,byte0_high_bit_set
PHAPCK_TBL.decoded.bin,pck_object_0070_part_000_choice_000_frame_135,pck_object_0070,pck_object_0070_part_000,pck_object_0070_part_000_choice_000,0x006216,3,3,3,0x3A0E,14862,14862,14,58,object_plus_unsigned,0x005D28,0x009736,yes,0800001BBD0181000000001DC1010617,5,plausible_frame_record_prefix
PHAPCK_TBL.decoded.bin,pck_object_0070_part_000_choice_000_frame_135,pck_object_0070,pck_object_0070_part_000,pck_object_0070_part_000_choice_000,0x006216,3,3,3,0x3A0E,14862,14862,14,58,object_plus_signed,0x005D28,0x009736,yes,0800001BBD0181000000001DC1010617,5,plausible_frame_record_prefix
PHAPCK_TBL.decoded.bin,pck_object_0070_part_000_choice_000_frame_135,pck_object_0070,pck_object_0070_part_000,pck_object_0070_part_000_choice_000,0x006216,3,3,3,0x3A0E,14862,14862,14,58,block_plus_unsigned,0x005D20,0x00972E,yes,07050518B80181080800001BBD018100,0,in_range_no_structural_match
PHAPCK_TBL.decoded.bin,pck_object_0070_part_000_choice_000_frame_135,pck_object_0070,pck_object_0070_part_000,pck_object_0070_part_000_choice_000,0x006216,3,3,3,0x3A0E,14862,14862,14,58,block_plus_signed,0x005D20,0x00972E,yes,07050518B80181080800001BBD018100,0,in_range_no_structural_match
PHAPCK_TBL.decoded.bin,pck_object_0070_part_000_choice_000_frame_135,pck_object_0070,pck_object_0070_part_000,pck_object_0070_part_000_choice_000,0x006216,3,3,3,0x3A0E,14862,14862,14,58,part_plus_signed,0x005D36,0x009744,yes,061708FF191A1706FF1C1A19FF1C0817,0,in_range_no_structural_match
PHAPCK_TBL.decoded.bin,pck_object_0070_part_000_choice_000_frame_135,pck_object_0070,pck_object_0070_part_000,pck_object_0070_part_000_choice_000,0x006216,3,3,3,0x3A0E,14862,14862,14,58,frame_plus_signed,0x006216,0x009C24,yes,FF0708FF0A0204FF03020AFF80001501,5,byte0_high_bit_set
PHAPCK_TBL.decoded.bin,pck_object_0070_part_000_choice_000_frame_135,pck_object_0070,pck_object_0070_part_000,pck_object_0070_part_000_choice_000,0x006216,3,3,3,0x3A0E,14862,14862,14,58,payload_plus_signed,0x006218,0x009C26,yes,08FF0A0204FF03020AFF800015010000,0,in_range_no_structural_match
PHAPCK_TBL.decoded.bin,pck_object_0070_part_000_choice_000_frame_138,pck_object_0070,pck_object_0070_part_000,pck_object_0070_part_000_choice_000,0x00622E,2,5,5,0x480E,18446,18446,14,72,direct_unsigned,0x000000,0x00480E,yes,0000000001001600000C1E0001006600,5,plausible_frame_record_prefix
PHAPCK_TBL.decoded.bin,pck_object_0070_part_000_choice_000_frame_138,pck_object_0070,pck_object_0070_part_000,pck_object_0070_part_000_choice_000,0x00622E,2,5,5,0x480E,18446,18446,14,72,direct_signed,0x000000,0x00480E,yes,0000000001001600000C1E0001006600,5,plausible_frame_record_prefix
PHAPCK_TBL.decoded.bin,pck_object_0070_part_000_choice_000_frame_138,pck_object_0070,pck_object_0070_part_000,pck_object_0070_part_000_choice_000,0x00622E,2,5,5,0x480E,18446,18446,14,72,object_plus_unsigned,0x005D28,0x00A536,no,,0,outside_decoded_stream
PHAPCK_TBL.decoded.bin,pck_object_0070_part_000_choice_000_frame_138,pck_object_0070,pck_object_0070_part_000,pck_object_0070_part_000_choice_000,0x00622E,2,5,5,0x480E,18446,18446,14,72,object_plus_signed,0x005D28,0x00A536,no,,0,outside_decoded_stream
PHAPCK_TBL.decoded.bin,pck_object_0070_part_000_choice_000_frame_138,pck_object_0070,pck_object_0070_part_000,pck_object_0070_part_000_choice_000,0x00622E,2,5,5,0x480E,18446,18446,14,72,block_plus_unsigned,0x005D20,0x00A52E,no,,0,outside_decoded_stream
PHAPCK_TBL.decoded.bin,pck_object_0070_part_000_choice_000_frame_138,pck_object_0070,pck_object_0070_part_000,pck_object_0070_part_000_choice_000,0x00622E,2,5,5,0x480E,18446,18446,14,72,block_plus_signed,0x005D20,0x00A52E,no,,0,outside_decoded_stream
PHAPCK_TBL.decoded.bin,pck_object_0070_part_000_choice_000_frame_138,pck_object_0070,pck_object_0070_part_000,pck_object_0070_part_000_choice_000,0x00622E,2,5,5,0x480E,18446,18446,14,72,part_plus_signed,0x005D36,0x00A544,no,,0,outside_decoded_stream
PHAPCK_TBL.decoded.bin,pck_object_0070_part_000_choice_000_frame_138,pck_object_0070,pck_object_0070_part_000,pck_object_0070_part_000_choice_000,0x00622E,2,5,5,0x480E,18446,18446,14,72,frame_plus_signed,0x00622E,0x00AA3C,no,,0,outside_decoded_stream
PHAPCK_TBL.decoded.bin,pck_object_0070_part_000_choice_000_frame_138,pck_object_0070,pck_object_0070_part_000,pck_object_0070_part_000_choice_000,0x00622E,2,5,5,0x480E,18446,18446,14,72,payload_plus_signed,0x006230,0x00AA3E,no,,0,outside_decoded_stream
PHAPCK_TBL.decoded.bin,pck_object_0070_part_000_choice_000_frame_139,pck_object_0070,pck_object_0070_part_000,pck_object_0070_part_000_choice_000,0x006236,3,3,3,0x4D16,19734,19734,22,77,direct_unsigned,0x000000,0x004D16,yes,52FFC6FF0100AE0000000500B600E2FF,0,in_range_no_structural_match
PHAPCK_TBL.decoded.bin,pck_object_0070_part_000_choice_000_frame_139,pck_object_0070,pck_object_0070_part_000,pck_object_0070_part_000_choice_000,0x006236,3,3,3,0x4D16,19734,19734,22,77,direct_signed,0x000000,0x004D16,yes,52FFC6FF0100AE0000000500B600E2FF,0,in_range_no_structural_match
PHAPCK_TBL.decoded.bin,pck_object_0070_part_000_choice_000_frame_139,pck_object_0070,pck_object_0070_part_000,pck_object_0070_part_000_choice_000,0x006236,3,3,3,0x4D16,19734,19734,22,77,object_plus_unsigned,0x005D28,0x00AA3E,no,,0,outside_decoded_stream
PHAPCK_TBL.decoded.bin,pck_object_0070_part_000_choice_000_frame_139,pck_object_0070,pck_object_0070_part_000,pck_object_0070_part_000_choice_000,0x006236,3,3,3,0x4D16,19734,19734,22,77,object_plus_signed,0x005D28,0x00AA3E,no,,0,outside_decoded_stream
PHAPCK_TBL.decoded.bin,pck_object_0070_part_000_choice_000_frame_139,pck_object_0070,pck_object_0070_part_000,pck_object_0070_part_000_choice_000,0x006236,3,3,3,0x4D16,19734,19734,22,77,block_plus_unsigned,0x005D20,0x00AA36,no,,0,outside_decoded_stream
PHAPCK_TBL.decoded.bin,pck_object_0070_part_000_choice_000_frame_139,pck_object_0070,pck_object_0070_part_000,pck_object_0070_part_000_choice_000,0x006236,3,3,3,0x4D16,19734,19734,22,77,block_plus_signed,0x005D20,0x00AA36,no,,0,outside_decoded_stream
PHAPCK_TBL.decoded.bin,pck_object_0070_part_000_choice_000_frame_139,pck_object_0070,pck_object_0070_part_000,pck_object_0070_part_000_choice_000,0x006236,3,3,3,0x4D16,19734,19734,22,77,part_plus_signed,0x005D36,0x00AA4C,no,,0,outside_decoded_stream
PHAPCK_TBL.decoded.bin,pck_object_0070_part_000_choice_000_frame_139,pck_object_0070,pck_object_0070_part_000,pck_object_0070_part_000_choice_000,0x006236,3,3,3,0x4D16,19734,19734,22,77,frame_plus_signed,0x006236,0x00AF4C,no,,0,outside_decoded_stream
PHAPCK_TBL.decoded.bin,pck_object_0070_part_000_choice_000_frame_139,pck_object_0070,pck_object_0070_part_000,pck_object_0070_part_000_choice_000,0x006236,3,3,3,0x4D16,19734,19734,22,77,payload_plus_signed,0x006238,0x00AF4E,no,,0,outside_decoded_stream
PHAPCK_TBL.decoded.bin,pck_object_0070_part_000_choice_000_frame_140,pck_object_0070,pck_object_0070_part_000,pck_object_0070_part_000_choice_000,0x00623E,3,3,3,0x5217,21015,21015,23,82,direct_unsigned,0x000000,0x005217,yes,00FCFE2D0000006AF879FD0100B60000,0,in_range_no_structural_match
PHAPCK_TBL.decoded.bin,pck_object_0070_part_000_choice_000_frame_140,pck_object_0070,pck_object_0070_part_000,pck_object_0070_part_000_choice_000,0x00623E,3,3,3,0x5217,21015,21015,23,82,direct_signed,0x000000,0x005217,yes,00FCFE2D0000006AF879FD0100B60000,0,in_range_no_structural_match
PHAPCK_TBL.decoded.bin,pck_object_0070_part_000_choice_000_frame_140,pck_object_0070,pck_object_0070_part_000,pck_object_0070_part_000_choice_000,0x00623E,3,3,3,0x5217,21015,21015,23,82,object_plus_unsigned,0x005D28,0x00AF3F,no,,0,outside_decoded_stream
PHAPCK_TBL.decoded.bin,pck_object_0070_part_000_choice_000_frame_140,pck_object_0070,pck_object_0070_part_000,pck_object_0070_part_000_choice_000,0x00623E,3,3,3,0x5217,21015,21015,23,82,object_plus_signed,0x005D28,0x00AF3F,no,,0,outside_decoded_stream
PHAPCK_TBL.decoded.bin,pck_object_0070_part_000_choice_000_frame_140,pck_object_0070,pck_object_0070_part_000,pck_object_0070_part_000_choice_000,0x00623E,3,3,3,0x5217,21015,21015,23,82,block_plus_unsigned,0x005D20,0x00AF37,no,,0,outside_decoded_stream
PHAPCK_TBL.decoded.bin,pck_object_0070_part_000_choice_000_frame_140,pck_object_0070,pck_object_0070_part_000,pck_object_0070_part_000_choice_000,0x00623E,3,3,3,0x5217,21015,21015,23,82,block_plus_signed,0x005D20,0x00AF37,no,,0,outside_decoded_stream
PHAPCK_TBL.decoded.bin,pck_object_0070_part_000_choice_000_frame_140,pck_object_0070,pck_object_0070_part_000,pck_object_0070_part_000_choice_000,0x00623E,3,3,3,0x5217,21015,21015,23,82,part_plus_signed,0x005D36,0x00AF4D,no,,0,outside_decoded_stream
PHAPCK_TBL.decoded.bin,pck_object_0070_part_000_choice_000_frame_140,pck_object_0070,pck_object_0070_part_000,pck_object_0070_part_000_choice_000,0x00623E,3,3,3,0x5217,21015,21015,23,82,frame_plus_signed,0x00623E,0x00B455,no,,0,outside_decoded_stream
PHAPCK_TBL.decoded.bin,pck_object_0070_part_000_choice_000_frame_140,pck_object_0070,pck_object_0070_part_000,pck_object_0070_part_000_choice_000,0x00623E,3,3,3,0x5217,21015,21015,23,82,payload_plus_signed,0x006240,0x00B457,no,,0,outside_decoded_stream
PHAPCK_TBL.decoded.bin,pck_object_0070_part_000_choice_000_frame_141,pck_object_0070,pck_object_0070_part_000,pck_object_0070_part_000_choice_000,0x006246,3,3,3,0x570B,22283,22283,11,87,direct_unsigned,0x000000,0x00570B,yes,FFFE07CBFFCBFFA00028007EFF000088,5,byte0_high_bit_set
PHAPCK_TBL.decoded.bin,pck_object_0070_part_000_choice_000_frame_141,pck_object_0070,pck_object_0070_part_000,pck_object_0070_part_000_choice_000,0x006246,3,3,3,0x570B,22283,22283,11,87,direct_signed,0x000000,0x00570B,yes,FFFE07CBFFCBFFA00028007EFF000088,5,byte0_high_bit_set
PHAPCK_TBL.decoded.bin,pck_object_0070_part_000_choice_000_frame_141,pck_object_0070,pck_object_0070_part_000,pck_object_0070_part_000_choice_000,0x006246,3,3,3,0x570B,22283,22283,11,87,object_plus_unsigned,0x005D28,0x00B433,no,,0,outside_decoded_stream
PHAPCK_TBL.decoded.bin,pck_object_0070_part_000_choice_000_frame_141,pck_object_0070,pck_object_0070_part_000,pck_object_0070_part_000_choice_000,0x006246,3,3,3,0x570B,22283,22283,11,87,object_plus_signed,0x005D28,0x00B433,no,,0,outside_decoded_stream
PHAPCK_TBL.decoded.bin,pck_object_0070_part_000_choice_000_frame_141,pck_object_0070,pck_object_0070_part_000,pck_object_0070_part_000_choice_000,0x006246,3,3,3,0x570B,22283,22283,11,87,block_plus_unsigned,0x005D20,0x00B42B,no,,0,outside_decoded_stream
PHAPCK_TBL.decoded.bin,pck_object_0070_part_000_choice_000_frame_141,pck_object_0070,pck_object_0070_part_000,pck_object_0070_part_000_choice_000,0x006246,3,3,3,0x570B,22283,22283,11,87,block_plus_signed,0x005D20,0x00B42B,no,,0,outside_decoded_stream
PHAPCK_TBL.decoded.bin,pck_object_0070_part_000_choice_000_frame_141,pck_object_0070,pck_object_0070_part_000,pck_object_0070_part_000_choice_000,0x006246,3,3,3,0x570B,22283,22283,11,87,part_plus_signed,0x005D36,0x00B441,no,,0,outside_decoded_stream
PHAPCK_TBL.decoded.bin,pck_object_0070_part_000_choice_000_frame_141,pck_object_0070,pck_object_0070_part_000,pck_object_0070_part_000_choice_000,0x006246,3,3,3,0x570B,22283,22283,11,87,frame_plus_signed,0x006246,0x00B951,no,,0,outside_decoded_stream
PHAPCK_TBL.decoded.bin,pck_object_0070_part_000_choice_000_frame_141,pck_object_0070,pck_object_0070_part_000,pck_object_0070_part_000_choice_000,0x006246,3,3,3,0x570B,22283,22283,11,87,payload_plus_signed,0x006248,0x00B953,no,,0,outside_decoded_stream
PHAPCK_TBL.decoded.bin,pck_object_0070_part_000_choice_000_frame_172,pck_object_0070,pck_object_0070_part_000,pck_object_0070_part_000_choice_000,0x00633E,3,1,3,0x0101,257,257,1,1,direct_unsigned,0x000000,0x000101,yes,0054050200680504007C050D00910506,0,in_range_no_structural_match
PHAPCK_TBL.decoded.bin,pck_object_0070_part_000_choice_000_frame_172,pck_object_0070,pck_object_0070_part_000,pck_object_0070_part_000_choice_000,0x00633E,3,1,3,0x0101,257,257,1,1,direct_signed,0x000000,0x000101,yes,0054050200680504007C050D00910506,0,in_range_no_structural_match
PHAPCK_TBL.decoded.bin,pck_object_0070_part_000_choice_000_frame_172,pck_object_0070,pck_object_0070_part_000,pck_object_0070_part_000_choice_000,0x00633E,3,1,3,0x0101,257,257,1,1,object_plus_unsigned,0x005D28,0x005E29,yes,0181030303030E520181020202020B57,0,in_range_no_structural_match
PHAPCK_TBL.decoded.bin,pck_object_0070_part_000_choice_000_frame_172,pck_object_0070,pck_object_0070_part_000,pck_object_0070_part_000_choice_000,0x00633E,3,1,3,0x0101,257,257,1,1,object_plus_signed,0x005D28,0x005E29,yes,0181030303030E520181020202020B57,0,in_range_no_structural_match
PHAPCK_TBL.decoded.bin,pck_object_0070_part_000_choice_000_frame_172,pck_object_0070,pck_object_0070_part_000,pck_object_0070_part_000_choice_000,0x00633E,3,1,3,0x0101,257,257,1,1,block_plus_unsigned,0x005D20,0x005E21,yes,018103030303164D0181030303030E52,0,in_range_no_structural_match
PHAPCK_TBL.decoded.bin,pck_object_0070_part_000_choice_000_frame_172,pck_object_0070,pck_object_0070_part_000,pck_object_0070_part_000_choice_000,0x00633E,3,1,3,0x0101,257,257,1,1,block_plus_signed,0x005D20,0x005E21,yes,018103030303164D0181030303030E52,0,in_range_no_structural_match
PHAPCK_TBL.decoded.bin,pck_object_0070_part_000_choice_000_frame_172,pck_object_0070,pck_object_0070_part_000,pck_object_0070_part_000_choice_000,0x00633E,3,1,3,0x0101,257,257,1,1,part_plus_signed,0x005D36,0x005E37,yes,0B57018103030303175C0102030405FF,0,in_range_no_structural_match
PHAPCK_TBL.decoded.bin,pck_object_0070_part_000_choice_000_frame_172,pck_object_0070,pck_object_0070_part_000,pck_object_0070_part_000_choice_000,0x00633E,3,1,3,0x0101,257,257,1,1,frame_plus_signed,0x00633E,0x00643F,yes,000000002800D8FFCAFE280050007EFF,5,plausible_frame_record_prefix
PHAPCK_TBL.decoded.bin,pck_object_0070_part_000_choice_000_frame_172,pck_object_0070,pck_object_0070_part_000,pck_object_0070_part_000_choice_000,0x00633E,3,1,3,0x0101,257,257,1,1,payload_plus_signed,0x006340,0x006441,yes,00002800D8FFCAFE280050007EFF0008,5,plausible_frame_record_prefix
PHAPCK_TBL.decoded.bin,pck_object_0070_part_000_choice_000_frame_173,pck_object_0070,pck_object_0070_part_000,pck_object_0070_part_000_choice_000,0x006346,2,2,5,0x0605,1541,1541,5,6,direct_unsigned,0x000000,0x000605,yes,92FF00F8000000002800D8FFCAFE2800,5,byte0_high_bit_set
PHAPCK_TBL.decoded.bin,pck_object_0070_part_000_choice_000_frame_173,pck_object_0070,pck_object_0070_part_000,pck_object_0070_part_000_choice_000,0x006346,2,2,5,0x0605,1541,1541,5,6,direct_signed,0x000000,0x000605,yes,92FF00F8000000002800D8FFCAFE2800,5,byte0_high_bit_set
PHAPCK_TBL.decoded.bin,pck_object_0070_part_000_choice_000_frame_173,pck_object_0070,pck_object_0070_part_000,pck_object_0070_part_000_choice_000,0x006346,2,2,5,0x0605,1541,1541,5,6,object_plus_unsigned,0x005D28,0x00632D,yes,0048074F030100B60000000D00BE00B6,0,in_range_no_structural_match
PHAPCK_TBL.decoded.bin,pck_object_0070_part_000_choice_000_frame_173,pck_object_0070,pck_object_0070_part_000,pck_object_0070_part_000_choice_000,0x006346,2,2,5,0x0605,1541,1541,5,6,object_plus_signed,0x005D28,0x00632D,yes,0048074F030100B60000000D00BE00B6,0,in_range_no_structural_match
PHAPCK_TBL.decoded.bin,pck_object_0070_part_000_choice_000_frame_173,pck_object_0070,pck_object_0070_part_000,pck_object_0070_part_000_choice_000,0x006346,2,2,5,0x0605,1541,1541,5,6,block_plus_unsigned,0x005D20,0x006325,yes,F8000058FA58FA000048074F030100B6,10,byte0_high_bit_set;plausible_frame_record_prefix
PHAPCK_TBL.decoded.bin,pck_object_0070_part_000_choice_000_frame_173,pck_object_0070,pck_object_0070_part_000,pck_object_0070_part_000_choice_000,0x006346,2,2,5,0x0605,1541,1541,5,6,block_plus_signed,0x005D20,0x006325,yes,F8000058FA58FA000048074F030100B6,10,byte0_high_bit_set;plausible_frame_record_prefix
PHAPCK_TBL.decoded.bin,pck_object_0070_part_000_choice_000_frame_173,pck_object_0070,pck_object_0070_part_000,pck_object_0070_part_000_choice_000,0x006346,2,2,5,0x0605,1541,1541,5,6,part_plus_signed,0x005D36,0x00633B,yes,00B60081030103010126018102020505,0,in_range_no_structural_match
PHAPCK_TBL.decoded.bin,pck_object_0070_part_000_choice_000_frame_173,pck_object_0070,pck_object_0070_part_000,pck_object_0070_part_000_choice_000,0x006346,2,2,5,0x0605,1541,1541,5,6,frame_plus_signed,0x006346,0x00694B,yes,0308FF020608FF020407FF0C0D02FF0D,0,in_range_no_structural_match
PHAPCK_TBL.decoded.bin,pck_object_0070_part_000_choice_000_frame_173,pck_object_0070,pck_object_0070_part_000,pck_object_0070_part_000_choice_000,0x006346,2,2,5,0x0605,1541,1541,5,6,payload_plus_signed,0x006348,0x00694D,yes,FF020608FF020407FF0C0D02FF0D0F06,10,byte0_high_bit_set;plausible_frame_record_prefix
PHAPCK_TBL.decoded.bin,pck_object_0070_part_000_choice_000_frame_176,pck_object_0070,pck_object_0070_part_000,pck_object_0070_part_000_choice_000,0x00635E,2,2,5,0x1105,4357,4357,5,17,direct_unsigned,0x000000,0x001105,yes,03030315350181030303030C3A018102,5,plausible_frame_record_prefix
PHAPCK_TBL.decoded.bin,pck_object_0070_part_000_choice_000_frame_176,pck_object_0070,pck_object_0070_part_000,pck_object_0070_part_000_choice_000,0x00635E,2,2,5,0x1105,4357,4357,5,17,direct_signed,0x000000,0x001105,yes,03030315350181030303030C3A018102,5,plausible_frame_record_prefix
PHAPCK_TBL.decoded.bin,pck_object_0070_part_000_choice_000_frame_176,pck_object_0070,pck_object_0070_part_000,pck_object_0070_part_000_choice_000,0x00635E,2,2,5,0x1105,4357,4357,5,17,object_plus_unsigned,0x005D28,0x006E2D,yes,028200AE00A7007EFFAE00A7008200BF,0,in_range_no_structural_match
PHAPCK_TBL.decoded.bin,pck_object_0070_part_000_choice_000_frame_176,pck_object_0070,pck_object_0070_part_000,pck_object_0070_part_000_choice_000,0x00635E,2,2,5,0x1105,4357,4357,5,17,object_plus_signed,0x005D28,0x006E2D,yes,028200AE00A7007EFFAE00A7008200BF,0,in_range_no_structural_match
PHAPCK_TBL.decoded.bin,pck_object_0070_part_000_choice_000_frame_176,pck_object_0070,pck_object_0070_part_000,pck_object_0070_part_000_choice_000,0x00635E,2,2,5,0x1105,4357,4357,5,17,block_plus_unsigned,0x005D20,0x006E25,yes,006F000000A70752028200AE00A7007E,0,in_range_no_structural_match
PHAPCK_TBL.decoded.bin,pck_object_0070_part_000_choice_000_frame_176,pck_object_0070,pck_object_0070_part_000,pck_object_0070_part_000_choice_000,0x00635E,2,2,5,0x1105,4357,4357,5,17,block_plus_signed,0x005D20,0x006E25,yes,006F000000A70752028200AE00A7007E,0,in_range_no_structural_match
PHAPCK_TBL.decoded.bin,pck_object_0070_part_000_choice_000_frame_176,pck_object_0070,pck_object_0070_part_000,pck_object_0070_part_000_choice_000,0x00635E,2,2,5,0x1105,4357,4357,5,17,part_plus_signed,0x005D36,0x006E3B,yes,00BF006F00FF064AFCE0FE01F94AFCE0,0,in_range_no_structural_match
PHAPCK_TBL.decoded.bin,pck_object_0070_part_000_choice_000_frame_176,pck_object_0070,pck_object_0070_part_000,pck_object_0070_part_000_choice_000,0x00635E,2,2,5,0x1105,4357,4357,5,17,frame_plus_signed,0x00635E,0x007463,yes,030303030BA800020304FF0506FF0708,5,plausible_frame_record_prefix
PHAPCK_TBL.decoded.bin,pck_object_0070_part_000_choice_000_frame_176,pck_object_0070,pck_object_0070_part_000,pck_object_0070_part_000_choice_000,0x00635E,2,2,5,0x1105,4357,4357,5,17,payload_plus_signed,0x006360,0x007465,yes,03030BA800020304FF0506FF0708FF0A,5,plausible_frame_record_prefix
PHAPCK_TBL.decoded.bin,pck_object_0070_part_000_choice_000_frame_177,pck_object_0070,pck_object_0070_part_000,pck_object_0070_part_000_choice_000,0x006366,3,3,3,0x0B03,2819,2819,3,11,direct_unsigned,0x000000,0x000B03,yes,000100FF0018FC000000000000000000,5,plausible_frame_record_prefix
PHAPCK_TBL.decoded.bin,pck_object_0070_part_000_choice_000_frame_177,pck_object_0070,pck_object_0070_part_000,pck_object_0070_part_000_choice_000,0x006366,3,3,3,0x0B03,2819,2819,3,11,direct_signed,0x000000,0x000B03,yes,000100FF0018FC000000000000000000,5,plausible_frame_record_prefix
PHAPCK_TBL.decoded.bin,pck_object_0070_part_000_choice_000_frame_177,pck_object_0070,pck_object_0070_part_000,pck_object_0070_part_000_choice_000,0x006366,3,3,3,0x0B03,2819,2819,3,11,object_plus_unsigned,0x005D28,0x00682B,yes,007B007EFF5E00C50000002D06140582,30,exact_frame_record
PHAPCK_TBL.decoded.bin,pck_object_0070_part_000_choice_000_frame_177,pck_object_0070,pck_object_0070_part_000,pck_object_0070_part_000_choice_000,0x006366,3,3,3,0x0B03,2819,2819,3,11,object_plus_signed,0x005D28,0x00682B,yes,007B007EFF5E00C50000002D06140582,30,exact_frame_record
PHAPCK_TBL.decoded.bin,pck_object_0070_part_000_choice_000_frame_177,pck_object_0070,pck_object_0070_part_000,pck_object_0070_part_000_choice_000,0x006366,3,3,3,0x0B03,2819,2819,3,11,block_plus_unsigned,0x005D20,0x006823,yes,000000BEFF000099007B007EFF5E00C5,35,exact_frame_record;plausible_frame_record_prefix
PHAPCK_TBL.decoded.bin,pck_object_0070_part_000_choice_000_frame_177,pck_object_0070,pck_object_0070_part_000,pck_object_0070_part_000_choice_000,0x006366,3,3,3,0x0B03,2819,2819,3,11,block_plus_signed,0x005D20,0x006823,yes,000000BEFF000099007B007EFF5E00C5,35,exact_frame_record;plausible_frame_record_prefix
PHAPCK_TBL.decoded.bin,pck_object_0070_part_000_choice_000_frame_177,pck_object_0070,pck_object_0070_part_000,pck_object_0070_part_000_choice_000,0x006366,3,3,3,0x0B03,2819,2819,3,11,part_plus_signed,0x005D36,0x006839,yes,0582003900F2007EFF3900F20082005E,0,in_range_no_structural_match
PHAPCK_TBL.decoded.bin,pck_object_0070_part_000_choice_000_frame_177,pck_object_0070,pck_object_0070_part_000,pck_object_0070_part_000_choice_000,0x006366,3,3,3,0x0B03,2819,2819,3,11,frame_plus_signed,0x006366,0x006E69,yes,0095F86DFF11FDBAFF3F0025000000EB,0,in_range_no_structural_match
PHAPCK_TBL.decoded.bin,pck_object_0070_part_000_choice_000_frame_177,pck_object_0070,pck_object_0070_part_000,pck_object_0070_part_000_choice_000,0x006366,3,3,3,0x0B03,2819,2819,3,11,payload_plus_signed,0x006368,0x006E6B,yes,F86DFF11FDBAFF3F0025000000EBF931,5,byte0_high_bit_set
PHAPCK_TBL.decoded.bin,pck_object_0070_part_000_choice_000_frame_178,pck_object_0070,pck_object_0070_part_000,pck_object_0070_part_000_choice_000,0x00636E,3,3,3,0x0E03,3587,3587,3,14,direct_unsigned,0x000000,0x000E03,yes,FF60FF7800ECFF0000A6FA0EFA09F898,35,exact_frame_record;byte0_high_bit_set
PHAPCK_TBL.decoded.bin,pck_object_0070_part_000_choice_000_frame_178,pck_object_0070,pck_object_0070_part_000,pck_object_0070_part_000_choice_000,0x00636E,3,3,3,0x0E03,3587,3587,3,14,direct_signed,0x000000,0x000E03,yes,FF60FF7800ECFF0000A6FA0EFA09F898,35,exact_frame_record;byte0_high_bit_set
PHAPCK_TBL.decoded.bin,pck_object_0070_part_000_choice_000_frame_178,pck_object_0070,pck_object_0070_part_000,pck_object_0070_part_000_choice_000,0x00636E,3,3,3,0x0E03,3587,3587,3,14,object_plus_unsigned,0x005D28,0x006B2B,yes,0505127E018100000000138301810202,0,in_range_no_structural_match
PHAPCK_TBL.decoded.bin,pck_object_0070_part_000_choice_000_frame_178,pck_object_0070,pck_object_0070_part_000,pck_object_0070_part_000_choice_000,0x00636E,3,3,3,0x0E03,3587,3587,3,14,object_plus_signed,0x005D28,0x006B2B,yes,0505127E018100000000138301810202,0,in_range_no_structural_match
PHAPCK_TBL.decoded.bin,pck_object_0070_part_000_choice_000_frame_178,pck_object_0070,pck_object_0070_part_000,pck_object_0070_part_000_choice_000,0x00636E,3,3,3,0x0E03,3587,3587,3,14,block_plus_unsigned,0x005D20,0x006B23,yes,0303107A018102020505127E01810000,5,plausible_frame_record_prefix
PHAPCK_TBL.decoded.bin,pck_object_0070_part_000_choice_000_frame_178,pck_object_0070,pck_object_0070_part_000,pck_object_0070_part_000_choice_000,0x00636E,3,3,3,0x0E03,3587,3587,3,14,block_plus_signed,0x005D20,0x006B23,yes,0303107A018102020505127E01810000,5,plausible_frame_record_prefix
PHAPCK_TBL.decoded.bin,pck_object_0070_part_000_choice_000_frame_178,pck_object_0070,pck_object_0070_part_000,pck_object_0070_part_000_choice_000,0x00636E,3,3,3,0x0E03,3587,3587,3,14,part_plus_signed,0x005D36,0x006B39,yes,02020505148801020304FF0607040308,5,plausible_frame_record_prefix
PHAPCK_TBL.decoded.bin,pck_object_0070_part_000_choice_000_frame_178,pck_object_0070,pck_object_0070_part_000,pck_object_0070_part_000_choice_000,0x00636E,3,3,3,0x0E03,3587,3587,3,14,frame_plus_signed,0x00636E,0x007171,yes,16AC01810202050518B0018103030303,0,in_range_no_structural_match
PHAPCK_TBL.decoded.bin,pck_object_0070_part_000_choice_000_frame_178,pck_object_0070,pck_object_0070_part_000,pck_object_0070_part_000_choice_000,0x00636E,3,3,3,0x0E03,3587,3587,3,14,payload_plus_signed,0x006370,0x007173,yes,01810202050518B00181030303031BB5,0,in_range_no_structural_match
PHAPCK_TBL.decoded.bin,pck_object_0070_part_000_choice_000_frame_181,pck_object_0070,pck_object_0070_part_000,pck_object_0070_part_000_choice_000,0x006386,2,2,5,0x0E05,3589,3589,5,14,direct_unsigned,0x000000,0x000E05,yes,FF7800ECFF0000A6FA0EFA09F898009B,5,byte0_high_bit_set
PHAPCK_TBL.decoded.bin,pck_object_0070_part_000_choice_000_frame_181,pck_object_0070,pck_object_0070_part_000,pck_object_0070_part_000_choice_000,0x006386,2,2,5,0x0E05,3589,3589,5,14,direct_signed,0x000000,0x000E05,yes,FF7800ECFF0000A6FA0EFA09F898009B,5,byte0_high_bit_set
PHAPCK_TBL.decoded.bin,pck_object_0070_part_000_choice_000_frame_181,pck_object_0070,pck_object_0070_part_000,pck_object_0070_part_000_choice_000,0x006386,2,2,5,0x0E05,3589,3589,5,14,object_plus_unsigned,0x005D28,0x006B2D,yes,127E0181000000001383018102020505,0,in_range_no_structural_match
PHAPCK_TBL.decoded.bin,pck_object_0070_part_000_choice_000_frame_181,pck_object_0070,pck_object_0070_part_000,pck_object_0070_part_000_choice_000,0x006386,2,2,5,0x0E05,3589,3589,5,14,object_plus_signed,0x005D28,0x006B2D,yes,127E0181000000001383018102020505,0,in_range_no_structural_match
PHAPCK_TBL.decoded.bin,pck_object_0070_part_000_choice_000_frame_181,pck_object_0070,pck_object_0070_part_000,pck_object_0070_part_000_choice_000,0x006386,2,2,5,0x0E05,3589,3589,5,14,block_plus_unsigned,0x005D20,0x006B25,yes,107A018102020505127E018100000000,0,in_range_no_structural_match
PHAPCK_TBL.decoded.bin,pck_object_0070_part_000_choice_000_frame_181,pck_object_0070,pck_object_0070_part_000,pck_object_0070_part_000_choice_000,0x006386,2,2,5,0x0E05,3589,3589,5,14,block_plus_signed,0x005D20,0x006B25,yes,107A018102020505127E018100000000,0,in_range_no_structural_match
PHAPCK_TBL.decoded.bin,pck_object_0070_part_000_choice_000_frame_181,pck_object_0070,pck_object_0070_part_000,pck_object_0070_part_000_choice_000,0x006386,2,2,5,0x0E05,3589,3589,5,14,part_plus_signed,0x005D36,0x006B3B,yes,0505148801020304FF0607040308FF02,0,in_range_no_structural_match
PHAPCK_TBL.decoded.bin,pck_object_0070_part_000_choice_000_frame_181,pck_object_0070,pck_object_0070_part_000,pck_object_0070_part_000_choice_000,0x006386,2,2,5,0x0E05,3589,3589,5,14,frame_plus_signed,0x006386,0x00718B,yes,01061708FF191A1706FF1C1A19FF1C08,0,in_range_no_structural_match
PHAPCK_TBL.decoded.bin,pck_object_0070_part_000_choice_000_frame_181,pck_object_0070,pck_object_0070_part_000,pck_object_0070_part_000_choice_000,0x006386,2,2,5,0x0E05,3589,3589,5,14,payload_plus_signed,0x006388,0x00718D,yes,1708FF191A1706FF1C1A19FF1C08171A,0,in_range_no_structural_match
PHAPCK_TBL.decoded.bin,pck_object_0070_part_000_choice_000_frame_182,pck_object_0070,pck_object_0070_part_000,pck_object_0070_part_000_choice_000,0x00638E,3,3,3,0x1603,5635,5635,3,22,direct_unsigned,0x000000,0x001603,yes,81000000001238018100000000143D01,35,byte0_high_bit_set;plausible_object_header;plausible_drawable_extents_at_plus6_plus8;plausible_frame_record_prefix
PHAPCK_TBL.decoded.bin,pck_object_0070_part_000_choice_000_frame_182,pck_object_0070,pck_object_0070_part_000,pck_object_0070_part_000_choice_000,0x00638E,3,3,3,0x1603,5635,5635,3,22,direct_signed,0x000000,0x001603,yes,81000000001238018100000000143D01,35,byte0_high_bit_set;plausible_object_header;plausible_drawable_extents_at_plus6_plus8;plausible_frame_record_prefix
PHAPCK_TBL.decoded.bin,pck_object_0070_part_000_choice_000_frame_182,pck_object_0070,pck_object_0070_part_000,pck_object_0070_part_000_choice_000,0x00638E,3,3,3,0x1603,5635,5635,3,22,object_plus_unsigned,0x005D28,0x00732B,yes,0505148801020304FF0607040308FF02,0,in_range_no_structural_match
PHAPCK_TBL.decoded.bin,pck_object_0070_part_000_choice_000_frame_182,pck_object_0070,pck_object_0070_part_000,pck_object_0070_part_000_choice_000,0x00638E,3,3,3,0x1603,5635,5635,3,22,object_plus_signed,0x005D28,0x00732B,yes,0505148801020304FF0607040308FF02,0,in_range_no_structural_match
PHAPCK_TBL.decoded.bin,pck_object_0070_part_000_choice_000_frame_182,pck_object_0070,pck_object_0070_part_000,pck_object_0070_part_000_choice_000,0x00638E,3,3,3,0x1603,5635,5635,3,22,block_plus_unsigned,0x005D20,0x007323,yes,000A1383018102020505148801020304,0,in_range_no_structural_match
PHAPCK_TBL.decoded.bin,pck_object_0070_part_000_choice_000_frame_182,pck_object_0070,pck_object_0070_part_000,pck_object_0070_part_000_choice_000,0x00638E,3,3,3,0x1603,5635,5635,3,22,block_plus_signed,0x005D20,0x007323,yes,000A1383018102020505148801020304,0,in_range_no_structural_match
PHAPCK_TBL.decoded.bin,pck_object_0070_part_000_choice_000_frame_182,pck_object_0070,pck_object_0070_part_000,pck_object_0070_part_000_choice_000,0x00638E,3,3,3,0x1603,5635,5635,3,22,part_plus_signed,0x005D36,0x007339,yes,FF020608FF020407FF0C0D02FF060F0D,10,byte0_high_bit_set;plausible_frame_record_prefix
PHAPCK_TBL.decoded.bin,pck_object_0070_part_000_choice_000_frame_182,pck_object_0070,pck_object_0070_part_000,pck_object_0070_part_000_choice_000,0x00638E,3,3,3,0x1603,5635,5635,3,22,frame_plus_signed,0x00638E,0x007991,yes,FBC1F90AF8870079FF0100AE00000005,5,byte0_high_bit_set
PHAPCK_TBL.decoded.bin,pck_object_0070_part_000_choice_000_frame_182,pck_object_0070,pck_object_0070_part_000,pck_object_0070_part_000_choice_000,0x00638E,3,3,3,0x1603,5635,5635,3,22,payload_plus_signed,0x006390,0x007993,yes,F90AF8870079FF0100AE0000000500B6,20,byte0_high_bit_set;plausible_object_header
PHAPCK_TBL.decoded.bin,pck_object_0070_part_000_choice_000_frame_183,pck_object_0070,pck_object_0070_part_000,pck_object_0070_part_000_choice_000,0x006396,3,3,3,0x1703,5891,5891,3,23,direct_unsigned,0x000000,0x001703,yes,050509F20081030303030CF700810303,0,in_range_no_structural_match
PHAPCK_TBL.decoded.bin,pck_object_0070_part_000_choice_000_frame_183,pck_object_0070,pck_object_0070_part_000,pck_object_0070_part_000_choice_000,0x006396,3,3,3,0x1703,5891,5891,3,23,direct_signed,0x000000,0x001703,yes,050509F20081030303030CF700810303,0,in_range_no_structural_match
PHAPCK_TBL.decoded.bin,pck_object_0070_part_000_choice_000_frame_183,pck_object_0070,pck_object_0070_part_000,pck_object_0070_part_000_choice_000,0x006396,3,3,3,0x1703,5891,5891,3,23,object_plus_unsigned,0x005D28,0x00742B,yes,004600DF000000F3F93A0501006A0000,0,in_range_no_structural_match
PHAPCK_TBL.decoded.bin,pck_object_0070_part_000_choice_000_frame_183,pck_object_0070,pck_object_0070_part_000,pck_object_0070_part_000_choice_000,0x006396,3,3,3,0x1703,5891,5891,3,23,object_plus_signed,0x005D28,0x00742B,yes,004600DF000000F3F93A0501006A0000,0,in_range_no_structural_match
PHAPCK_TBL.decoded.bin,pck_object_0070_part_000_choice_000_frame_183,pck_object_0070,pck_object_0070_part_000,pck_object_0070_part_000_choice_000,0x006396,3,3,3,0x1703,5891,5891,3,23,block_plus_unsigned,0x005D20,0x007423,yes,009A057605A60132004600DF000000F3,0,in_range_no_structural_match
PHAPCK_TBL.decoded.bin,pck_object_0070_part_000_choice_000_frame_183,pck_object_0070,pck_object_0070_part_000,pck_object_0070_part_000_choice_000,0x006396,3,3,3,0x1703,5891,5891,3,23,block_plus_signed,0x005D20,0x007423,yes,009A057605A60132004600DF000000F3,0,in_range_no_structural_match
PHAPCK_TBL.decoded.bin,pck_object_0070_part_000_choice_000_frame_183,pck_object_0070,pck_object_0070_part_000,pck_object_0070_part_000_choice_000,0x006396,3,3,3,0x1703,5891,5891,3,23,part_plus_signed,0x005D36,0x007439,yes,0000000500720000008103030303019A,5,plausible_frame_record_prefix
PHAPCK_TBL.decoded.bin,pck_object_0070_part_000_choice_000_frame_183,pck_object_0070,pck_object_0070_part_000,pck_object_0070_part_000_choice_000,0x006396,3,3,3,0x1703,5891,5891,3,23,frame_plus_signed,0x006396,0x007A99,yes,FF00080000000000F80000000018FC00,25,byte0_high_bit_set;plausible_object_header;plausible_frame_record_prefix
PHAPCK_TBL.decoded.bin,pck_object_0070_part_000_choice_000_frame_183,pck_object_0070,pck_object_0070_part_000,pck_object_0070_part_000_choice_000,0x006396,3,3,3,0x1703,5891,5891,3,23,payload_plus_signed,0x006398,0x007A9B,yes,080000000000F80000000018FC000038,5,plausible_frame_record_prefix
PHAPCK_TBL.decoded.bin,pck_object_0070_part_000_choice_000_frame_184,pck_object_0070,pck_object_0070_part_000,pck_object_0070_part_000_choice_000,0x00639E,3,3,3,0x0B03,2819,2819,3,11,direct_unsigned,0x000000,0x000B03,yes,000100FF0018FC000000000000000000,5,plausible_frame_record_prefix
PHAPCK_TBL.decoded.bin,pck_object_0070_part_000_choice_000_frame_184,pck_object_0070,pck_object_0070_part_000,pck_object_0070_part_000_choice_000,0x00639E,3,3,3,0x0B03,2819,2819,3,11,direct_signed,0x000000,0x000B03,yes,000100FF0018FC000000000000000000,5,plausible_frame_record_prefix
PHAPCK_TBL.decoded.bin,pck_object_0070_part_000_choice_000_frame_184,pck_object_0070,pck_object_0070_part_000,pck_object_0070_part_000_choice_000,0x00639E,3,3,3,0x0B03,2819,2819,3,11,object_plus_unsigned,0x005D28,0x00682B,yes,007B007EFF5E00C50000002D06140582,30,exact_frame_record
PHAPCK_TBL.decoded.bin,pck_object_0070_part_000_choice_000_frame_184,pck_object_0070,pck_object_0070_part_000,pck_object_0070_part_000_choice_000,0x00639E,3,3,3,0x0B03,2819,2819,3,11,object_plus_signed,0x005D28,0x00682B,yes,007B007EFF5E00C50000002D06140582,30,exact_frame_record
PHAPCK_TBL.decoded.bin,pck_object_0070_part_000_choice_000_frame_184,pck_object_0070,pck_object_0070_part_000,pck_object_0070_part_000_choice_000,0x00639E,3,3,3,0x0B03,2819,2819,3,11,block_plus_unsigned,0x005D20,0x006823,yes,000000BEFF000099007B007EFF5E00C5,35,exact_frame_record;plausible_frame_record_prefix
PHAPCK_TBL.decoded.bin,pck_object_0070_part_000_choice_000_frame_184,pck_object_0070,pck_object_0070_part_000,pck_object_0070_part_000_choice_000,0x00639E,3,3,3,0x0B03,2819,2819,3,11,block_plus_signed,0x005D20,0x006823,yes,000000BEFF000099007B007EFF5E00C5,35,exact_frame_record;plausible_frame_record_prefix
PHAPCK_TBL.decoded.bin,pck_object_0070_part_000_choice_000_frame_184,pck_object_0070,pck_object_0070_part_000,pck_object_0070_part_000_choice_000,0x00639E,3,3,3,0x0B03,2819,2819,3,11,part_plus_signed,0x005D36,0x006839,yes,0582003900F2007EFF3900F20082005E,0,in_range_no_structural_match
PHAPCK_TBL.decoded.bin,pck_object_0070_part_000_choice_000_frame_184,pck_object_0070,pck_object_0070_part_000,pck_object_0070_part_000_choice_000,0x00639E,3,3,3,0x0B03,2819,2819,3,11,frame_plus_signed,0x00639E,0x006EA1,yes,00AE00A7005000F100D70041F8E60193,0,in_range_no_structural_match
PHAPCK_TBL.decoded.bin,pck_object_0070_part_000_choice_000_frame_184,pck_object_0070,pck_object_0070_part_000,pck_object_0070_part_000_choice_000,0x00639E,3,3,3,0x0B03,2819,2819,3,11,payload_plus_signed,0x0063A0,0x006EA3,yes,00A7005000F100D70041F8E60193003C,0,in_range_no_structural_match
PHAPCK_TBL.decoded.bin,pck_object_0070_part_000_choice_000_frame_185,pck_object_0070,pck_object_0070_part_000,pck_object_0070_part_000_choice_000,0x0063A6,3,4,5,0x07FF,2047,2047,255,7,direct_unsigned,0x000000,0x0007FF,yes,000100040100000A000C018108810808,5,plausible_frame_record_prefix
PHAPCK_TBL.decoded.bin,pck_object_0070_part_000_choice_000_frame_185,pck_object_0070,pck_object_0070_part_000,pck_object_0070_part_000_choice_000,0x0063A6,3,4,5,0x07FF,2047,2047,255,7,direct_signed,0x000000,0x0007FF,yes,000100040100000A000C018108810808,5,plausible_frame_record_prefix
PHAPCK_TBL.decoded.bin,pck_object_0070_part_000_choice_000_frame_185,pck_object_0070,pck_object_0070_part_000,pck_object_0070_part_000_choice_000,0x0063A6,3,4,5,0x07FF,2047,2047,255,7,object_plus_unsigned,0x005D28,0x006527,yes,1312FF0F040309FF0D05040FFF0A0903,0,in_range_no_structural_match
PHAPCK_TBL.decoded.bin,pck_object_0070_part_000_choice_000_frame_185,pck_object_0070,pck_object_0070_part_000,pck_object_0070_part_000_choice_000,0x0063A6,3,4,5,0x07FF,2047,2047,255,7,object_plus_signed,0x005D28,0x006527,yes,1312FF0F040309FF0D05040FFF0A0903,0,in_range_no_structural_match
PHAPCK_TBL.decoded.bin,pck_object_0070_part_000_choice_000_frame_185,pck_object_0070,pck_object_0070_part_000,pck_object_0070_part_000_choice_000,0x0063A6,3,4,5,0x07FF,2047,2047,255,7,block_plus_unsigned,0x005D20,0x00651F,yes,FF13080712FF0C101312FF0F040309FF,5,byte0_high_bit_set
PHAPCK_TBL.decoded.bin,pck_object_0070_part_000_choice_000_frame_185,pck_object_0070,pck_object_0070_part_000,pck_object_0070_part_000_choice_000,0x0063A6,3,4,5,0x07FF,2047,2047,255,7,block_plus_signed,0x005D20,0x00651F,yes,FF13080712FF0C101312FF0F040309FF,5,byte0_high_bit_set
PHAPCK_TBL.decoded.bin,pck_object_0070_part_000_choice_000_frame_185,pck_object_0070,pck_object_0070_part_000,pck_object_0070_part_000_choice_000,0x0063A6,3,4,5,0x07FF,2047,2047,255,7,part_plus_signed,0x005D36,0x006535,yes,090302FF0A02050DFF80004F01000000,5,plausible_frame_record_prefix
PHAPCK_TBL.decoded.bin,pck_object_0070_part_000_choice_000_frame_185,pck_object_0070,pck_object_0070_part_000,pck_object_0070_part_000_choice_000,0x0063A6,3,4,5,0x07FF,2047,2047,255,7,frame_plus_signed,0x0063A6,0x006BA5,yes,1C08171AFF0100CE0100000400D60119,0,in_range_no_structural_match
PHAPCK_TBL.decoded.bin,pck_object_0070_part_000_choice_000_frame_185,pck_object_0070,pck_object_0070_part_000,pck_object_0070_part_000_choice_000,0x0063A6,3,4,5,0x07FF,2047,2047,255,7,payload_plus_signed,0x0063A8,0x006BA7,yes,171AFF0100CE0100000400D601191A81,0,in_range_no_structural_match
PHAPCK_TBL.decoded.bin,pck_object_0072_part_000_choice_000_frame_058,pck_object_0072,pck_object_0072_part_000,pck_object_0072_part_000_choice_000,0x00652B,3,9,-1,0x050D,1293,1293,13,5,direct_unsigned,0x000000,0x00050D,yes,01200181070705050625018100000000,0,in_range_no_structural_match
PHAPCK_TBL.decoded.bin,pck_object_0072_part_000_choice_000_frame_058,pck_object_0072,pck_object_0072_part_000,pck_object_0072_part_000_choice_000,0x00652B,3,9,-1,0x050D,1293,1293,13,5,direct_signed,0x000000,0x00050D,yes,01200181070705050625018100000000,0,in_range_no_structural_match
PHAPCK_TBL.decoded.bin,pck_object_0072_part_000_choice_000_frame_058,pck_object_0072,pck_object_0072_part_000,pck_object_0072_part_000_choice_000,0x00652B,3,9,-1,0x050D,1293,1293,13,5,object_plus_unsigned,0x005FDA,0x0064E7,yes,8103030303164F018103030303175401,10,byte0_high_bit_set;plausible_frame_record_prefix
PHAPCK_TBL.decoded.bin,pck_object_0072_part_000_choice_000_frame_058,pck_object_0072,pck_object_0072_part_000,pck_object_0072_part_000_choice_000,0x00652B,3,9,-1,0x050D,1293,1293,13,5,object_plus_signed,0x005FDA,0x0064E7,yes,8103030303164F018103030303175401,10,byte0_high_bit_set;plausible_frame_record_prefix
PHAPCK_TBL.decoded.bin,pck_object_0072_part_000_choice_000_frame_058,pck_object_0072,pck_object_0072_part_000,pck_object_0072_part_000_choice_000,0x00652B,3,9,-1,0x050D,1293,1293,13,5,block_plus_unsigned,0x005FD0,0x0064DD,yes,450181020205050E4A01810303030316,5,plausible_frame_record_prefix
PHAPCK_TBL.decoded.bin,pck_object_0072_part_000_choice_000_frame_058,pck_object_0072,pck_object_0072_part_000,pck_object_0072_part_000_choice_000,0x00652B,3,9,-1,0x050D,1293,1293,13,5,block_plus_signed,0x005FD0,0x0064DD,yes,450181020205050E4A01810303030316,5,plausible_frame_record_prefix
PHAPCK_TBL.decoded.bin,pck_object_0072_part_000_choice_000_frame_058,pck_object_0072,pck_object_0072_part_000,pck_object_0072_part_000_choice_000,0x00652B,3,9,-1,0x050D,1293,1293,13,5,part_plus_signed,0x005FE8,0x0064F5,yes,540181030303030B590102030405FF07,5,plausible_frame_record_prefix
PHAPCK_TBL.decoded.bin,pck_object_0072_part_000_choice_000_frame_058,pck_object_0072,pck_object_0072_part_000,pck_object_0072_part_000_choice_000,0x00652B,3,9,-1,0x050D,1293,1293,13,5,frame_plus_signed,0x00652B,0x006A38,yes,5700E1007EFF5700E10082007700B000,5,plausible_frame_record_prefix
PHAPCK_TBL.decoded.bin,pck_object_0072_part_000_choice_000_frame_058,pck_object_0072,pck_object_0072_part_000,pck_object_0072_part_000_choice_000,0x00652B,3,9,-1,0x050D,1293,1293,13,5,payload_plus_signed,0x00652D,0x006A3A,yes,E1007EFF5700E10082007700B0000407,20,byte0_high_bit_set;plausible_drawable_extents_at_plus6_plus8;plausible_frame_record_prefix
PHAPCK_TBL.decoded.bin,pck_object_0072_part_000_choice_000_frame_088,pck_object_0072,pck_object_0072_part_000,pck_object_0072_part_000_choice_000,0x00661B,3,11,65,0x8101,33025,-32511,1,129,direct_unsigned,0x000000,0x008101,yes,FFA0003C001AFF000058FA58FA82003C,5,byte0_high_bit_set
PHAPCK_TBL.decoded.bin,pck_object_0072_part_000_choice_000_frame_088,pck_object_0072,pck_object_0072_part_000,pck_object_0072_part_000_choice_000,0x00661B,3,11,65,0x8101,33025,-32511,1,129,direct_signed,0x000000,-0x007EFF,no,,0,outside_decoded_stream
PHAPCK_TBL.decoded.bin,pck_object_0072_part_000_choice_000_frame_088,pck_object_0072,pck_object_0072_part_000,pck_object_0072_part_000_choice_000,0x00661B,3,11,65,0x8101,33025,-32511,1,129,object_plus_unsigned,0x005FDA,0x00E0DB,no,,0,outside_decoded_stream
PHAPCK_TBL.decoded.bin,pck_object_0072_part_000_choice_000_frame_088,pck_object_0072,pck_object_0072_part_000,pck_object_0072_part_000_choice_000,0x00661B,3,11,65,0x8101,33025,-32511,1,129,object_plus_signed,0x005FDA,-0x001F25,no,,0,outside_decoded_stream
PHAPCK_TBL.decoded.bin,pck_object_0072_part_000_choice_000_frame_088,pck_object_0072,pck_object_0072_part_000,pck_object_0072_part_000_choice_000,0x00661B,3,11,65,0x8101,33025,-32511,1,129,block_plus_unsigned,0x005FD0,0x00E0D1,no,,0,outside_decoded_stream
PHAPCK_TBL.decoded.bin,pck_object_0072_part_000_choice_000_frame_088,pck_object_0072,pck_object_0072_part_000,pck_object_0072_part_000_choice_000,0x00661B,3,11,65,0x8101,33025,-32511,1,129,block_plus_signed,0x005FD0,-0x001F2F,no,,0,outside_decoded_stream
PHAPCK_TBL.decoded.bin,pck_object_0072_part_000_choice_000_frame_088,pck_object_0072,pck_object_0072_part_000,pck_object_0072_part_000_choice_000,0x00661B,3,11,65,0x8101,33025,-32511,1,129,part_plus_signed,0x005FE8,-0x001F17,no,,0,outside_decoded_stream
PHAPCK_TBL.decoded.bin,pck_object_0072_part_000_choice_000_frame_088,pck_object_0072,pck_object_0072_part_000,pck_object_0072_part_000_choice_000,0x00661B,3,11,65,0x8101,33025,-32511,1,129,frame_plus_signed,0x00661B,-0x0018E4,no,,0,outside_decoded_stream
PHAPCK_TBL.decoded.bin,pck_object_0072_part_000_choice_000_frame_088,pck_object_0072,pck_object_0072_part_000,pck_object_0072_part_000_choice_000,0x00661B,3,11,65,0x8101,33025,-32511,1,129,payload_plus_signed,0x00661D,-0x0018E2,no,,0,outside_decoded_stream
PHAPCK_TBL.decoded.bin,pck_object_0072_part_000_choice_000_frame_089,pck_object_0072,pck_object_0072_part_000,pck_object_0072_part_000_choice_000,0x006623,3,14,69,0x8101,33025,-32511,1,129,direct_unsigned,0x000000,0x008101,yes,FFA0003C001AFF000058FA58FA82003C,5,byte0_high_bit_set
PHAPCK_TBL.decoded.bin,pck_object_0072_part_000_choice_000_frame_089,pck_object_0072,pck_object_0072_part_000,pck_object_0072_part_000_choice_000,0x006623,3,14,69,0x8101,33025,-32511,1,129,direct_signed,0x000000,-0x007EFF,no,,0,outside_decoded_stream
PHAPCK_TBL.decoded.bin,pck_object_0072_part_000_choice_000_frame_089,pck_object_0072,pck_object_0072_part_000,pck_object_0072_part_000_choice_000,0x006623,3,14,69,0x8101,33025,-32511,1,129,object_plus_unsigned,0x005FDA,0x00E0DB,no,,0,outside_decoded_stream
PHAPCK_TBL.decoded.bin,pck_object_0072_part_000_choice_000_frame_089,pck_object_0072,pck_object_0072_part_000,pck_object_0072_part_000_choice_000,0x006623,3,14,69,0x8101,33025,-32511,1,129,object_plus_signed,0x005FDA,-0x001F25,no,,0,outside_decoded_stream
PHAPCK_TBL.decoded.bin,pck_object_0072_part_000_choice_000_frame_089,pck_object_0072,pck_object_0072_part_000,pck_object_0072_part_000_choice_000,0x006623,3,14,69,0x8101,33025,-32511,1,129,block_plus_unsigned,0x005FD0,0x00E0D1,no,,0,outside_decoded_stream
PHAPCK_TBL.decoded.bin,pck_object_0072_part_000_choice_000_frame_089,pck_object_0072,pck_object_0072_part_000,pck_object_0072_part_000_choice_000,0x006623,3,14,69,0x8101,33025,-32511,1,129,block_plus_signed,0x005FD0,-0x001F2F,no,,0,outside_decoded_stream
PHAPCK_TBL.decoded.bin,pck_object_0072_part_000_choice_000_frame_089,pck_object_0072,pck_object_0072_part_000,pck_object_0072_part_000_choice_000,0x006623,3,14,69,0x8101,33025,-32511,1,129,part_plus_signed,0x005FE8,-0x001F17,no,,0,outside_decoded_stream
PHAPCK_TBL.decoded.bin,pck_object_0072_part_000_choice_000_frame_089,pck_object_0072,pck_object_0072_part_000,pck_object_0072_part_000_choice_000,0x006623,3,14,69,0x8101,33025,-32511,1,129,frame_plus_signed,0x006623,-0x0018DC,no,,0,outside_decoded_stream
PHAPCK_TBL.decoded.bin,pck_object_0072_part_000_choice_000_frame_089,pck_object_0072,pck_object_0072_part_000,pck_object_0072_part_000_choice_000,0x006623,3,14,69,0x8101,33025,-32511,1,129,payload_plus_signed,0x006625,-0x0018DA,no,,0,outside_decoded_stream
PHAPCK_TBL.decoded.bin,pck_object_0072_part_000_choice_000_frame_093,pck_object_0072,pck_object_0072_part_000,pck_object_0072_part_000_choice_000,0x006643,3,22,88,0x8101,33025,-32511,1,129,direct_unsigned,0x000000,0x008101,yes,FFA0003C001AFF000058FA58FA82003C,5,byte0_high_bit_set
PHAPCK_TBL.decoded.bin,pck_object_0072_part_000_choice_000_frame_093,pck_object_0072,pck_object_0072_part_000,pck_object_0072_part_000_choice_000,0x006643,3,22,88,0x8101,33025,-32511,1,129,direct_signed,0x000000,-0x007EFF,no,,0,outside_decoded_stream
PHAPCK_TBL.decoded.bin,pck_object_0072_part_000_choice_000_frame_093,pck_object_0072,pck_object_0072_part_000,pck_object_0072_part_000_choice_000,0x006643,3,22,88,0x8101,33025,-32511,1,129,object_plus_unsigned,0x005FDA,0x00E0DB,no,,0,outside_decoded_stream
PHAPCK_TBL.decoded.bin,pck_object_0072_part_000_choice_000_frame_093,pck_object_0072,pck_object_0072_part_000,pck_object_0072_part_000_choice_000,0x006643,3,22,88,0x8101,33025,-32511,1,129,object_plus_signed,0x005FDA,-0x001F25,no,,0,outside_decoded_stream
PHAPCK_TBL.decoded.bin,pck_object_0072_part_000_choice_000_frame_093,pck_object_0072,pck_object_0072_part_000,pck_object_0072_part_000_choice_000,0x006643,3,22,88,0x8101,33025,-32511,1,129,block_plus_unsigned,0x005FD0,0x00E0D1,no,,0,outside_decoded_stream
PHAPCK_TBL.decoded.bin,pck_object_0072_part_000_choice_000_frame_093,pck_object_0072,pck_object_0072_part_000,pck_object_0072_part_000_choice_000,0x006643,3,22,88,0x8101,33025,-32511,1,129,block_plus_signed,0x005FD0,-0x001F2F,no,,0,outside_decoded_stream
PHAPCK_TBL.decoded.bin,pck_object_0072_part_000_choice_000_frame_093,pck_object_0072,pck_object_0072_part_000,pck_object_0072_part_000_choice_000,0x006643,3,22,88,0x8101,33025,-32511,1,129,part_plus_signed,0x005FE8,-0x001F17,no,,0,outside_decoded_stream
PHAPCK_TBL.decoded.bin,pck_object_0072_part_000_choice_000_frame_093,pck_object_0072,pck_object_0072_part_000,pck_object_0072_part_000_choice_000,0x006643,3,22,88,0x8101,33025,-32511,1,129,frame_plus_signed,0x006643,-0x0018BC,no,,0,outside_decoded_stream
PHAPCK_TBL.decoded.bin,pck_object_0072_part_000_choice_000_frame_093,pck_object_0072,pck_object_0072_part_000,pck_object_0072_part_000_choice_000,0x006643,3,22,88,0x8101,33025,-32511,1,129,payload_plus_signed,0x006645,-0x0018BA,no,,0,outside_decoded_stream
PHAPCK_TBL.decoded.bin,pck_object_0072_part_000_choice_000_frame_094,pck_object_0072,pck_object_0072_part_000,pck_object_0072_part_000_choice_000,0x00664B,3,23,93,0x8101,33025,-32511,1,129,direct_unsigned,0x000000,0x008101,yes,FFA0003C001AFF000058FA58FA82003C,5,byte0_high_bit_set
PHAPCK_TBL.decoded.bin,pck_object_0072_part_000_choice_000_frame_094,pck_object_0072,pck_object_0072_part_000,pck_object_0072_part_000_choice_000,0x00664B,3,23,93,0x8101,33025,-32511,1,129,direct_signed,0x000000,-0x007EFF,no,,0,outside_decoded_stream
PHAPCK_TBL.decoded.bin,pck_object_0072_part_000_choice_000_frame_094,pck_object_0072,pck_object_0072_part_000,pck_object_0072_part_000_choice_000,0x00664B,3,23,93,0x8101,33025,-32511,1,129,object_plus_unsigned,0x005FDA,0x00E0DB,no,,0,outside_decoded_stream
PHAPCK_TBL.decoded.bin,pck_object_0072_part_000_choice_000_frame_094,pck_object_0072,pck_object_0072_part_000,pck_object_0072_part_000_choice_000,0x00664B,3,23,93,0x8101,33025,-32511,1,129,object_plus_signed,0x005FDA,-0x001F25,no,,0,outside_decoded_stream
PHAPCK_TBL.decoded.bin,pck_object_0072_part_000_choice_000_frame_094,pck_object_0072,pck_object_0072_part_000,pck_object_0072_part_000_choice_000,0x00664B,3,23,93,0x8101,33025,-32511,1,129,block_plus_unsigned,0x005FD0,0x00E0D1,no,,0,outside_decoded_stream
PHAPCK_TBL.decoded.bin,pck_object_0072_part_000_choice_000_frame_094,pck_object_0072,pck_object_0072_part_000,pck_object_0072_part_000_choice_000,0x00664B,3,23,93,0x8101,33025,-32511,1,129,block_plus_signed,0x005FD0,-0x001F2F,no,,0,outside_decoded_stream
PHAPCK_TBL.decoded.bin,pck_object_0072_part_000_choice_000_frame_094,pck_object_0072,pck_object_0072_part_000,pck_object_0072_part_000_choice_000,0x00664B,3,23,93,0x8101,33025,-32511,1,129,part_plus_signed,0x005FE8,-0x001F17,no,,0,outside_decoded_stream
PHAPCK_TBL.decoded.bin,pck_object_0072_part_000_choice_000_frame_094,pck_object_0072,pck_object_0072_part_000,pck_object_0072_part_000_choice_000,0x00664B,3,23,93,0x8101,33025,-32511,1,129,frame_plus_signed,0x00664B,-0x0018B4,no,,0,outside_decoded_stream
PHAPCK_TBL.decoded.bin,pck_object_0072_part_000_choice_000_frame_094,pck_object_0072,pck_object_0072_part_000,pck_object_0072_part_000_choice_000,0x00664B,3,23,93,0x8101,33025,-32511,1,129,payload_plus_signed,0x00664D,-0x0018B2,no,,0,outside_decoded_stream
PHAPCK_TBL.decoded.bin,pck_object_0072_part_000_choice_000_frame_095,pck_object_0072,pck_object_0072_part_000,pck_object_0072_part_000_choice_000,0x006653,3,11,98,0x0201,513,513,1,2,direct_unsigned,0x000000,0x000201,yes,0018FC000000000000F8026D0756FFE2,0,in_range_no_structural_match
PHAPCK_TBL.decoded.bin,pck_object_0072_part_000_choice_000_frame_095,pck_object_0072,pck_object_0072_part_000,pck_object_0072_part_000_choice_000,0x006653,3,11,98,0x0201,513,513,1,2,direct_signed,0x000000,0x000201,yes,0018FC000000000000F8026D0756FFE2,0,in_range_no_structural_match
PHAPCK_TBL.decoded.bin,pck_object_0072_part_000_choice_000_frame_095,pck_object_0072,pck_object_0072_part_000,pck_object_0072_part_000_choice_000,0x006653,3,11,98,0x0201,513,513,1,2,object_plus_unsigned,0x005FDA,0x0061DB,yes,AD0000000D00B500B600810301030101,20,byte0_high_bit_set;plausible_drawable_extents_at_plus6_plus8;plausible_frame_record_prefix
PHAPCK_TBL.decoded.bin,pck_object_0072_part_000_choice_000_frame_095,pck_object_0072,pck_object_0072_part_000,pck_object_0072_part_000_choice_000,0x006653,3,11,98,0x0201,513,513,1,2,object_plus_signed,0x005FDA,0x0061DB,yes,AD0000000D00B500B600810301030101,20,byte0_high_bit_set;plausible_drawable_extents_at_plus6_plus8;plausible_frame_record_prefix
PHAPCK_TBL.decoded.bin,pck_object_0072_part_000_choice_000_frame_095,pck_object_0072,pck_object_0072_part_000,pck_object_0072_part_000_choice_000,0x006653,3,11,98,0x0201,513,513,1,2,block_plus_unsigned,0x005FD0,0x0061D1,yes,F9FB0000CB07CC010100AD0000000D00,5,byte0_high_bit_set
PHAPCK_TBL.decoded.bin,pck_object_0072_part_000_choice_000_frame_095,pck_object_0072,pck_object_0072_part_000,pck_object_0072_part_000_choice_000,0x006653,3,11,98,0x0201,513,513,1,2,block_plus_signed,0x005FD0,0x0061D1,yes,F9FB0000CB07CC010100AD0000000D00,5,byte0_high_bit_set
PHAPCK_TBL.decoded.bin,pck_object_0072_part_000_choice_000_frame_095,pck_object_0072,pck_object_0072_part_000,pck_object_0072_part_000_choice_000,0x006653,3,11,98,0x0201,513,513,1,2,part_plus_signed,0x005FE8,0x0061E9,yes,01011D01810202050506220181000000,5,plausible_frame_record_prefix
PHAPCK_TBL.decoded.bin,pck_object_0072_part_000_choice_000_frame_095,pck_object_0072,pck_object_0072_part_000,pck_object_0072_part_000_choice_000,0x006653,3,11,98,0x0201,513,513,1,2,frame_plus_signed,0x006653,0x006854,yes,0EFD94FD000017F82F01CEFF0F002200,0,in_range_no_structural_match
PHAPCK_TBL.decoded.bin,pck_object_0072_part_000_choice_000_frame_095,pck_object_0072,pck_object_0072_part_000,pck_object_0072_part_000_choice_000,0x006653,3,11,98,0x0201,513,513,1,2,payload_plus_signed,0x006655,0x006856,yes,94FD000017F82F01CEFF0F0022003200,20,byte0_high_bit_set;plausible_object_header
PHAPCK_TBL.decoded.bin,pck_object_0072_part_000_choice_000_frame_126,pck_object_0072,pck_object_0072_part_000,pck_object_0072_part_000_choice_000,0x00674B,3,1,1,0x0121,289,289,33,1,direct_unsigned,0x000000,0x000121,yes,00FD05030013060C00280605003E060E,0,in_range_no_structural_match
PHAPCK_TBL.decoded.bin,pck_object_0072_part_000_choice_000_frame_126,pck_object_0072,pck_object_0072_part_000,pck_object_0072_part_000_choice_000,0x00674B,3,1,1,0x0121,289,289,33,1,direct_signed,0x000000,0x000121,yes,00FD05030013060C00280605003E060E,0,in_range_no_structural_match
PHAPCK_TBL.decoded.bin,pck_object_0072_part_000_choice_000_frame_126,pck_object_0072,pck_object_0072_part_000,pck_object_0072_part_000_choice_000,0x00674B,3,1,1,0x0121,289,289,33,1,object_plus_unsigned,0x005FDA,0x0060FB,yes,090AFF0C070A0DFF0F090810FF0D0F10,0,in_range_no_structural_match
PHAPCK_TBL.decoded.bin,pck_object_0072_part_000_choice_000_frame_126,pck_object_0072,pck_object_0072_part_000,pck_object_0072_part_000_choice_000,0x00674B,3,1,1,0x0121,289,289,33,1,object_plus_signed,0x005FDA,0x0060FB,yes,090AFF0C070A0DFF0F090810FF0D0F10,0,in_range_no_structural_match
PHAPCK_TBL.decoded.bin,pck_object_0072_part_000_choice_000_frame_126,pck_object_0072,pck_object_0072_part_000,pck_object_0072_part_000_choice_000,0x00674B,3,1,1,0x0121,289,289,33,1,block_plus_unsigned,0x005FD0,0x0060F1,yes,0B5E0102030405FF0708090AFF0C070A,0,in_range_no_structural_match
PHAPCK_TBL.decoded.bin,pck_object_0072_part_000_choice_000_frame_126,pck_object_0072,pck_object_0072_part_000,pck_object_0072_part_000_choice_000,0x00674B,3,1,1,0x0121,289,289,33,1,block_plus_signed,0x005FD0,0x0060F1,yes,0B5E0102030405FF0708090AFF0C070A,0,in_range_no_structural_match
PHAPCK_TBL.decoded.bin,pck_object_0072_part_000_choice_000_frame_126,pck_object_0072,pck_object_0072_part_000,pck_object_0072_part_000_choice_000,0x00674B,3,1,1,0x0121,289,289,33,1,part_plus_signed,0x005FE8,0x006109,yes,0F100CFF12070CFF100813FF13080712,0,in_range_no_structural_match
PHAPCK_TBL.decoded.bin,pck_object_0072_part_000_choice_000_frame_126,pck_object_0072,pck_object_0072_part_000,pck_object_0072_part_000_choice_000,0x00674B,3,1,1,0x0121,289,289,33,1,frame_plus_signed,0x00674B,0x00686C,yes,76000EFD46000000520094F876000EFD,5,plausible_frame_record_prefix
PHAPCK_TBL.decoded.bin,pck_object_0072_part_000_choice_000_frame_126,pck_object_0072,pck_object_0072_part_000,pck_object_0072_part_000_choice_000,0x00674B,3,1,1,0x0121,289,289,33,1,payload_plus_signed,0x00674D,0x00686E,yes,0EFD46000000520094F876000EFDBAFF,0,in_range_no_structural_match
PHAPCK_TBL.decoded.bin,pck_object_0072_part_000_choice_000_frame_131,pck_object_0072,pck_object_0072_part_000,pck_object_0072_part_000_choice_000,0x006773,3,3,11,0x013A,314,314,58,1,direct_unsigned,0x000000,0x00013A,yes,7F060C009E060800BE060400DE060000,0,in_range_no_structural_match
PHAPCK_TBL.decoded.bin,pck_object_0072_part_000_choice_000_frame_131,pck_object_0072,pck_object_0072_part_000,pck_object_0072_part_000_choice_000,0x006773,3,3,11,0x013A,314,314,58,1,direct_signed,0x000000,0x00013A,yes,7F060C009E060800BE060400DE060000,0,in_range_no_structural_match
PHAPCK_TBL.decoded.bin,pck_object_0072_part_000_choice_000_frame_131,pck_object_0072,pck_object_0072_part_000,pck_object_0072_part_000_choice_000,0x006773,3,3,11,0x013A,314,314,58,1,object_plus_unsigned,0x005FDA,0x006114,yes,FF13080712FF0C101312FF0F040309FF,5,byte0_high_bit_set
PHAPCK_TBL.decoded.bin,pck_object_0072_part_000_choice_000_frame_131,pck_object_0072,pck_object_0072_part_000,pck_object_0072_part_000_choice_000,0x006773,3,3,11,0x013A,314,314,58,1,object_plus_signed,0x005FDA,0x006114,yes,FF13080712FF0C101312FF0F040309FF,5,byte0_high_bit_set
PHAPCK_TBL.decoded.bin,pck_object_0072_part_000_choice_000_frame_131,pck_object_0072,pck_object_0072_part_000,pck_object_0072_part_000_choice_000,0x006773,3,3,11,0x013A,314,314,58,1,block_plus_unsigned,0x005FD0,0x00610A,yes,100CFF12070CFF100813FF13080712FF,0,in_range_no_structural_match
PHAPCK_TBL.decoded.bin,pck_object_0072_part_000_choice_000_frame_131,pck_object_0072,pck_object_0072_part_000,pck_object_0072_part_000_choice_000,0x006773,3,3,11,0x013A,314,314,58,1,block_plus_signed,0x005FD0,0x00610A,yes,100CFF12070CFF100813FF13080712FF,0,in_range_no_structural_match
PHAPCK_TBL.decoded.bin,pck_object_0072_part_000_choice_000_frame_131,pck_object_0072,pck_object_0072_part_000,pck_object_0072_part_000_choice_000,0x006773,3,3,11,0x013A,314,314,58,1,part_plus_signed,0x005FE8,0x006122,yes,09FF0D05040FFF0A090302FF0A02050D,0,in_range_no_structural_match
PHAPCK_TBL.decoded.bin,pck_object_0072_part_000_choice_000_frame_131,pck_object_0072,pck_object_0072_part_000,pck_object_0072_part_000_choice_000,0x006773,3,3,11,0x013A,314,314,58,1,frame_plus_signed,0x006773,0x0068AD,yes,003900F2005000670037013FF882013D,0,in_range_no_structural_match
PHAPCK_TBL.decoded.bin,pck_object_0072_part_000_choice_000_frame_131,pck_object_0072,pck_object_0072_part_000,pck_object_0072_part_000_choice_000,0x006773,3,3,11,0x013A,314,314,58,1,payload_plus_signed,0x006775,0x0068AF,yes,00F2005000670037013FF882013D013C,0,in_range_no_structural_match
PHAPCK_TBL.decoded.bin,pck_object_0072_part_000_choice_000_frame_132,pck_object_0072,pck_object_0072_part_000,pck_object_0072_part_000_choice_000,0x00677B,3,3,14,0x013E,318,318,62,1,direct_unsigned,0x000000,0x00013E,yes,9E060800BE060400DE060000FE060C00,20,byte0_high_bit_set;plausible_object_header
PHAPCK_TBL.decoded.bin,pck_object_0072_part_000_choice_000_frame_132,pck_object_0072,pck_object_0072_part_000,pck_object_0072_part_000_choice_000,0x00677B,3,3,14,0x013E,318,318,62,1,direct_signed,0x000000,0x00013E,yes,9E060800BE060400DE060000FE060C00,20,byte0_high_bit_set;plausible_object_header
PHAPCK_TBL.decoded.bin,pck_object_0072_part_000_choice_000_frame_132,pck_object_0072,pck_object_0072_part_000,pck_object_0072_part_000_choice_000,0x00677B,3,3,14,0x013E,318,318,62,1,object_plus_unsigned,0x005FDA,0x006118,yes,12FF0C101312FF0F040309FF0D05040F,0,in_range_no_structural_match
PHAPCK_TBL.decoded.bin,pck_object_0072_part_000_choice_000_frame_132,pck_object_0072,pck_object_0072_part_000,pck_object_0072_part_000_choice_000,0x00677B,3,3,14,0x013E,318,318,62,1,object_plus_signed,0x005FDA,0x006118,yes,12FF0C101312FF0F040309FF0D05040F,0,in_range_no_structural_match
PHAPCK_TBL.decoded.bin,pck_object_0072_part_000_choice_000_frame_132,pck_object_0072,pck_object_0072_part_000,pck_object_0072_part_000_choice_000,0x00677B,3,3,14,0x013E,318,318,62,1,block_plus_unsigned,0x005FD0,0x00610E,yes,070CFF100813FF13080712FF0C101312,30,exact_frame_record
PHAPCK_TBL.decoded.bin,pck_object_0072_part_000_choice_000_frame_132,pck_object_0072,pck_object_0072_part_000,pck_object_0072_part_000_choice_000,0x00677B,3,3,14,0x013E,318,318,62,1,block_plus_signed,0x005FD0,0x00610E,yes,070CFF100813FF13080712FF0C101312,30,exact_frame_record
PHAPCK_TBL.decoded.bin,pck_object_0072_part_000_choice_000_frame_132,pck_object_0072,pck_object_0072_part_000,pck_object_0072_part_000_choice_000,0x00677B,3,3,14,0x013E,318,318,62,1,part_plus_signed,0x005FE8,0x006126,yes,040FFF0A090302FF0A02050DFF80004F,30,exact_frame_record
PHAPCK_TBL.decoded.bin,pck_object_0072_part_000_choice_000_frame_132,pck_object_0072,pck_object_0072_part_000,pck_object_0072_part_000_choice_000,0x00677B,3,3,14,0x013E,318,318,62,1,frame_plus_signed,0x00677B,0x0068B9,yes,F882013D013C005E00C5000000F9075F,5,byte0_high_bit_set
PHAPCK_TBL.decoded.bin,pck_object_0072_part_000_choice_000_frame_132,pck_object_0072,pck_object_0072_part_000,pck_object_0072_part_000_choice_000,0x00677B,3,3,14,0x013E,318,318,62,1,payload_plus_signed,0x00677D,0x0068BB,yes,013D013C005E00C5000000F9075FFFCE,30,exact_frame_record
PHAPCK_TBL.decoded.bin,pck_object_0072_part_000_choice_000_frame_136,pck_object_0072,pck_object_0072_part_000,pck_object_0072_part_000_choice_000,0x00679B,3,3,22,0x0151,337,337,81,1,direct_unsigned,0x000000,0x000151,yes,003D070C0047070000520704005C0708,0,in_range_no_structural_match
PHAPCK_TBL.decoded.bin,pck_object_0072_part_000_choice_000_frame_136,pck_object_0072,pck_object_0072_part_000,pck_object_0072_part_000_choice_000,0x00679B,3,3,22,0x0151,337,337,81,1,direct_signed,0x000000,0x000151,yes,003D070C0047070000520704005C0708,0,in_range_no_structural_match
PHAPCK_TBL.decoded.bin,pck_object_0072_part_000_choice_000_frame_136,pck_object_0072,pck_object_0072_part_000,pck_object_0072_part_000_choice_000,0x00679B,3,3,22,0x0151,337,337,81,1,object_plus_unsigned,0x005FDA,0x00612B,yes,0302FF0A02050DFF80004F0100000000,5,plausible_frame_record_prefix
PHAPCK_TBL.decoded.bin,pck_object_0072_part_000_choice_000_frame_136,pck_object_0072,pck_object_0072_part_000,pck_object_0072_part_000_choice_000,0x00679B,3,3,22,0x0151,337,337,81,1,object_plus_signed,0x005FDA,0x00612B,yes,0302FF0A02050DFF80004F0100000000,5,plausible_frame_record_prefix
PHAPCK_TBL.decoded.bin,pck_object_0072_part_000_choice_000_frame_136,pck_object_0072,pck_object_0072_part_000,pck_object_0072_part_000_choice_000,0x00679B,3,3,22,0x0151,337,337,81,1,block_plus_unsigned,0x005FD0,0x006121,yes,0309FF0D05040FFF0A090302FF0A0205,0,in_range_no_structural_match
PHAPCK_TBL.decoded.bin,pck_object_0072_part_000_choice_000_frame_136,pck_object_0072,pck_object_0072_part_000,pck_object_0072_part_000_choice_000,0x00679B,3,3,22,0x0151,337,337,81,1,block_plus_signed,0x005FD0,0x006121,yes,0309FF0D05040FFF0A090302FF0A0205,0,in_range_no_structural_match
PHAPCK_TBL.decoded.bin,pck_object_0072_part_000_choice_000_frame_136,pck_object_0072,pck_object_0072_part_000,pck_object_0072_part_000_choice_000,0x00679B,3,3,22,0x0151,337,337,81,1,part_plus_signed,0x005FE8,0x006139,yes,0000000001001100001819000100A900,5,plausible_frame_record_prefix
PHAPCK_TBL.decoded.bin,pck_object_0072_part_000_choice_000_frame_136,pck_object_0072,pck_object_0072_part_000,pck_object_0072_part_000_choice_000,0x00679B,3,3,22,0x0151,337,337,81,1,frame_plus_signed,0x00679B,0x0068EC,yes,00000A00040181038103030303015401,35,exact_frame_record;plausible_frame_record_prefix
PHAPCK_TBL.decoded.bin,pck_object_0072_part_000_choice_000_frame_136,pck_object_0072,pck_object_0072_part_000,pck_object_0072_part_000_choice_000,0x00679B,3,3,22,0x0151,337,337,81,1,payload_plus_signed,0x00679D,0x0068EE,yes,0A000401810381030303030154018101,5,plausible_frame_record_prefix
PHAPCK_TBL.decoded.bin,pck_object_0072_part_000_choice_000_frame_137,pck_object_0072,pck_object_0072_part_000,pck_object_0072_part_000_choice_000,0x0067A3,3,3,23,0x0156,342,342,86,1,direct_unsigned,0x000000,0x000156,yes,47070000520704005C07080066070C00,0,in_range_no_structural_match
PHAPCK_TBL.decoded.bin,pck_object_0072_part_000_choice_000_frame_137,pck_object_0072,pck_object_0072_part_000,pck_object_0072_part_000_choice_000,0x0067A3,3,3,23,0x0156,342,342,86,1,direct_signed,0x000000,0x000156,yes,47070000520704005C07080066070C00,0,in_range_no_structural_match
PHAPCK_TBL.decoded.bin,pck_object_0072_part_000_choice_000_frame_137,pck_object_0072,pck_object_0072_part_000,pck_object_0072_part_000_choice_000,0x0067A3,3,3,23,0x0156,342,342,86,1,object_plus_unsigned,0x005FDA,0x006130,yes,050DFF80004F01000000000000010011,25,exact_block_offset
PHAPCK_TBL.decoded.bin,pck_object_0072_part_000_choice_000_frame_137,pck_object_0072,pck_object_0072_part_000,pck_object_0072_part_000_choice_000,0x0067A3,3,3,23,0x0156,342,342,86,1,object_plus_signed,0x005FDA,0x006130,yes,050DFF80004F01000000000000010011,25,exact_block_offset
PHAPCK_TBL.decoded.bin,pck_object_0072_part_000_choice_000_frame_137,pck_object_0072,pck_object_0072_part_000,pck_object_0072_part_000_choice_000,0x0067A3,3,3,23,0x0156,342,342,86,1,block_plus_unsigned,0x005FD0,0x006126,yes,040FFF0A090302FF0A02050DFF80004F,30,exact_frame_record
PHAPCK_TBL.decoded.bin,pck_object_0072_part_000_choice_000_frame_137,pck_object_0072,pck_object_0072_part_000,pck_object_0072_part_000_choice_000,0x0067A3,3,3,23,0x0156,342,342,86,1,block_plus_signed,0x005FD0,0x006126,yes,040FFF0A090302FF0A02050DFF80004F,30,exact_frame_record
PHAPCK_TBL.decoded.bin,pck_object_0072_part_000_choice_000_frame_137,pck_object_0072,pck_object_0072_part_000,pck_object_0072_part_000_choice_000,0x0067A3,3,3,23,0x0156,342,342,86,1,part_plus_signed,0x005FE8,0x00613E,yes,001100001819000100A900F401640018,30,exact_frame_record
PHAPCK_TBL.decoded.bin,pck_object_0072_part_000_choice_000_frame_137,pck_object_0072,pck_object_0072_part_000,pck_object_0072_part_000_choice_000,0x0067A3,3,3,23,0x0156,342,342,86,1,frame_plus_signed,0x0067A3,0x0068F9,yes,01540181010101010558018100000000,0,in_range_no_structural_match
PHAPCK_TBL.decoded.bin,pck_object_0072_part_000_choice_000_frame_137,pck_object_0072,pck_object_0072_part_000,pck_object_0072_part_000_choice_000,0x0067A3,3,3,23,0x0156,342,342,86,1,payload_plus_signed,0x0067A5,0x0068FB,yes,0181010101010558018100000000095E,30,exact_frame_record
PHAPCK_TBL.decoded.bin,pck_object_0072_part_000_choice_000_frame_138,pck_object_0072,pck_object_0072_part_000,pck_object_0072_part_000_choice_000,0x0067AB,3,3,11,0x015B,347,347,91,1,direct_unsigned,0x000000,0x00015B,yes,0704005C07080066070C00700700007B,0,in_range_no_structural_match
PHAPCK_TBL.decoded.bin,pck_object_0072_part_000_choice_000_frame_138,pck_object_0072,pck_object_0072_part_000,pck_object_0072_part_000_choice_000,0x0067AB,3,3,11,0x015B,347,347,91,1,direct_signed,0x000000,0x00015B,yes,0704005C07080066070C00700700007B,0,in_range_no_structural_match
PHAPCK_TBL.decoded.bin,pck_object_0072_part_000_choice_000_frame_138,pck_object_0072,pck_object_0072_part_000,pck_object_0072_part_000_choice_000,0x0067AB,3,3,11,0x015B,347,347,91,1,object_plus_unsigned,0x005FDA,0x006135,yes,4F010000000000000100110000181900,5,plausible_frame_record_prefix
PHAPCK_TBL.decoded.bin,pck_object_0072_part_000_choice_000_frame_138,pck_object_0072,pck_object_0072_part_000,pck_object_0072_part_000_choice_000,0x0067AB,3,3,11,0x015B,347,347,91,1,object_plus_signed,0x005FDA,0x006135,yes,4F010000000000000100110000181900,5,plausible_frame_record_prefix
PHAPCK_TBL.decoded.bin,pck_object_0072_part_000_choice_000_frame_138,pck_object_0072,pck_object_0072_part_000,pck_object_0072_part_000_choice_000,0x0067AB,3,3,11,0x015B,347,347,91,1,block_plus_unsigned,0x005FD0,0x00612B,yes,0302FF0A02050DFF80004F0100000000,5,plausible_frame_record_prefix
PHAPCK_TBL.decoded.bin,pck_object_0072_part_000_choice_000_frame_138,pck_object_0072,pck_object_0072_part_000,pck_object_0072_part_000_choice_000,0x0067AB,3,3,11,0x015B,347,347,91,1,block_plus_signed,0x005FD0,0x00612B,yes,0302FF0A02050DFF80004F0100000000,5,plausible_frame_record_prefix
PHAPCK_TBL.decoded.bin,pck_object_0072_part_000_choice_000_frame_138,pck_object_0072,pck_object_0072_part_000,pck_object_0072_part_000_choice_000,0x0067AB,3,3,11,0x015B,347,347,91,1,part_plus_signed,0x005FE8,0x006143,yes,19000100A900F401640018FC000002FF,5,plausible_frame_record_prefix
PHAPCK_TBL.decoded.bin,pck_object_0072_part_000_choice_000_frame_138,pck_object_0072,pck_object_0072_part_000,pck_object_0072_part_000_choice_000,0x0067AB,3,3,11,0x015B,347,347,91,1,frame_plus_signed,0x0067AB,0x006906,yes,000000095E0181000000000A62018103,5,plausible_frame_record_prefix
PHAPCK_TBL.decoded.bin,pck_object_0072_part_000_choice_000_frame_138,pck_object_0072,pck_object_0072_part_000,pck_object_0072_part_000_choice_000,0x0067AB,3,3,11,0x015B,347,347,91,1,payload_plus_signed,0x0067AD,0x006908,yes,00095E0181000000000A620181030303,0,in_range_no_structural_match
PHAPCK_TBL.decoded.bin,pck_object_0072_part_000_choice_000_frame_146,pck_object_0072,pck_object_0072_part_000,pck_object_0072_part_000_choice_000,0x0067EB,2,5,13,0x80FF,33023,-32513,255,128,direct_unsigned,0x000000,0x0080FF,yes,00AAFFA0003C001AFF000058FA58FA82,0,in_range_no_structural_match
PHAPCK_TBL.decoded.bin,pck_object_0072_part_000_choice_000_frame_146,pck_object_0072,pck_object_0072_part_000,pck_object_0072_part_000_choice_000,0x0067EB,2,5,13,0x80FF,33023,-32513,255,128,direct_signed,0x000000,-0x007F01,no,,0,outside_decoded_stream
PHAPCK_TBL.decoded.bin,pck_object_0072_part_000_choice_000_frame_146,pck_object_0072,pck_object_0072_part_000,pck_object_0072_part_000_choice_000,0x0067EB,2,5,13,0x80FF,33023,-32513,255,128,object_plus_unsigned,0x005FDA,0x00E0D9,no,,0,outside_decoded_stream
PHAPCK_TBL.decoded.bin,pck_object_0072_part_000_choice_000_frame_146,pck_object_0072,pck_object_0072_part_000,pck_object_0072_part_000_choice_000,0x0067EB,2,5,13,0x80FF,33023,-32513,255,128,object_plus_signed,0x005FDA,-0x001F27,no,,0,outside_decoded_stream
PHAPCK_TBL.decoded.bin,pck_object_0072_part_000_choice_000_frame_146,pck_object_0072,pck_object_0072_part_000,pck_object_0072_part_000_choice_000,0x0067EB,2,5,13,0x80FF,33023,-32513,255,128,block_plus_unsigned,0x005FD0,0x00E0CF,no,,0,outside_decoded_stream
PHAPCK_TBL.decoded.bin,pck_object_0072_part_000_choice_000_frame_146,pck_object_0072,pck_object_0072_part_000,pck_object_0072_part_000_choice_000,0x0067EB,2,5,13,0x80FF,33023,-32513,255,128,block_plus_signed,0x005FD0,-0x001F31,no,,0,outside_decoded_stream
PHAPCK_TBL.decoded.bin,pck_object_0072_part_000_choice_000_frame_146,pck_object_0072,pck_object_0072_part_000,pck_object_0072_part_000_choice_000,0x0067EB,2,5,13,0x80FF,33023,-32513,255,128,part_plus_signed,0x005FE8,-0x001F19,no,,0,outside_decoded_stream
PHAPCK_TBL.decoded.bin,pck_object_0072_part_000_choice_000_frame_146,pck_object_0072,pck_object_0072_part_000,pck_object_0072_part_000_choice_000,0x0067EB,2,5,13,0x80FF,33023,-32513,255,128,frame_plus_signed,0x0067EB,-0x001716,no,,0,outside_decoded_stream
PHAPCK_TBL.decoded.bin,pck_object_0072_part_000_choice_000_frame_146,pck_object_0072,pck_object_0072_part_000,pck_object_0072_part_000_choice_000,0x0067EB,2,5,13,0x80FF,33023,-32513,255,128,payload_plus_signed,0x0067ED,-0x001714,no,,0,outside_decoded_stream
PHAPCK_TBL.decoded.bin,pck_object_0084_part_000_choice_000_frame_020,pck_object_0084,pck_object_0084_part_000,pck_object_0084_part_000_choice_000,0x007478,2,10,-1,0x0080,128,128,128,0,direct_unsigned,0x000000,0x000080,yes,0600B3020900C8020200DE020B00F302,5,plausible_frame_record_prefix
PHAPCK_TBL.decoded.bin,pck_object_0084_part_000_choice_000_frame_020,pck_object_0084,pck_object_0084_part_000,pck_object_0084_part_000_choice_000,0x007478,2,10,-1,0x0080,128,128,128,0,direct_signed,0x000000,0x000080,yes,0600B3020900C8020200DE020B00F302,5,plausible_frame_record_prefix
PHAPCK_TBL.decoded.bin,pck_object_0084_part_000_choice_000_frame_020,pck_object_0084,pck_object_0084_part_000,pck_object_0084_part_000_choice_000,0x007478,2,10,-1,0x0080,128,128,128,0,object_plus_unsigned,0x0073D8,0x007458,yes,A100810202050509A40081030303030B,40,exact_frame_record;byte0_high_bit_set;plausible_frame_record_prefix
PHAPCK_TBL.decoded.bin,pck_object_0084_part_000_choice_000_frame_020,pck_object_0084,pck_object_0084_part_000,pck_object_0084_part_000_choice_000,0x007478,2,10,-1,0x0080,128,128,128,0,object_plus_signed,0x0073D8,0x007458,yes,A100810202050509A40081030303030B,40,exact_frame_record;byte0_high_bit_set;plausible_frame_record_prefix
PHAPCK_TBL.decoded.bin,pck_object_0084_part_000_choice_000_frame_020,pck_object_0084,pck_object_0084_part_000,pck_object_0084_part_000_choice_000,0x007478,2,10,-1,0x0080,128,128,128,0,block_plus_unsigned,0x0073D0,0x007450,yes,9E008003030303FFA100810202050509,40,exact_frame_record;byte0_high_bit_set;plausible_frame_record_prefix
PHAPCK_TBL.decoded.bin,pck_object_0084_part_000_choice_000_frame_020,pck_object_0084,pck_object_0084_part_000,pck_object_0084_part_000_choice_000,0x007478,2,10,-1,0x0080,128,128,128,0,block_plus_signed,0x0073D0,0x007450,yes,9E008003030303FFA100810202050509,40,exact_frame_record;byte0_high_bit_set;plausible_frame_record_prefix
PHAPCK_TBL.decoded.bin,pck_object_0084_part_000_choice_000_frame_020,pck_object_0084,pck_object_0084_part_000,pck_object_0084_part_000_choice_000,0x007478,2,10,-1,0x0080,128,128,128,0,part_plus_signed,0x0073E6,0x007466,yes,030BA800020304FF0506FF0708FF0A02,0,in_range_no_structural_match
PHAPCK_TBL.decoded.bin,pck_object_0084_part_000_choice_000_frame_020,pck_object_0084,pck_object_0084_part_000,pck_object_0084_part_000_choice_000,0x007478,2,10,-1,0x0080,128,128,128,0,frame_plus_signed,0x007478,0x0074F8,yes,030303FFA500810202050509A8008103,35,exact_frame_record;plausible_frame_record_prefix
PHAPCK_TBL.decoded.bin,pck_object_0084_part_000_choice_000_frame_020,pck_object_0084,pck_object_0084_part_000,pck_object_0084_part_000_choice_000,0x007478,2,10,-1,0x0080,128,128,128,0,payload_plus_signed,0x00747A,0x0074FA,yes,03FFA500810202050509A80081030303,0,in_range_no_structural_match
PHAPCK_TBL.decoded.bin,pck_object_0084_part_000_choice_000_frame_034,pck_object_0084,pck_object_0084_part_000,pck_object_0084_part_000_choice_000,0x0074E8,3,3,1,0x009E,158,158,158,0,direct_unsigned,0x000000,0x00009E,yes,550306007503040096030000B6030400,5,plausible_frame_record_prefix
PHAPCK_TBL.decoded.bin,pck_object_0084_part_000_choice_000_frame_034,pck_object_0084,pck_object_0084_part_000,pck_object_0084_part_000_choice_000,0x0074E8,3,3,1,0x009E,158,158,158,0,direct_signed,0x000000,0x00009E,yes,550306007503040096030000B6030400,5,plausible_frame_record_prefix
PHAPCK_TBL.decoded.bin,pck_object_0084_part_000_choice_000_frame_034,pck_object_0084,pck_object_0084_part_000,pck_object_0084_part_000_choice_000,0x0074E8,3,3,1,0x009E,158,158,158,0,object_plus_unsigned,0x0073D8,0x007476,yes,04FF03020AFF80003301000000000000,0,in_range_no_structural_match
PHAPCK_TBL.decoded.bin,pck_object_0084_part_000_choice_000_frame_034,pck_object_0084,pck_object_0084_part_000,pck_object_0084_part_000_choice_000,0x0074E8,3,3,1,0x009E,158,158,158,0,object_plus_signed,0x0073D8,0x007476,yes,04FF03020AFF80003301000000000000,0,in_range_no_structural_match
PHAPCK_TBL.decoded.bin,pck_object_0084_part_000_choice_000_frame_034,pck_object_0084,pck_object_0084_part_000,pck_object_0084_part_000_choice_000,0x0074E8,3,3,1,0x009E,158,158,158,0,block_plus_unsigned,0x0073D0,0x00746E,yes,0506FF0708FF0A0204FF03020AFF8000,0,in_range_no_structural_match
PHAPCK_TBL.decoded.bin,pck_object_0084_part_000_choice_000_frame_034,pck_object_0084,pck_object_0084_part_000,pck_object_0084_part_000_choice_000,0x0074E8,3,3,1,0x009E,158,158,158,0,block_plus_signed,0x0073D0,0x00746E,yes,0506FF0708FF0A0204FF03020AFF8000,0,in_range_no_structural_match
PHAPCK_TBL.decoded.bin,pck_object_0084_part_000_choice_000_frame_034,pck_object_0084,pck_object_0084_part_000,pck_object_0084_part_000_choice_000,0x0074E8,3,3,1,0x009E,158,158,158,0,part_plus_signed,0x0073E6,0x007484,yes,000001001A00000C220001006A000000,5,plausible_frame_record_prefix
PHAPCK_TBL.decoded.bin,pck_object_0084_part_000_choice_000_frame_034,pck_object_0084,pck_object_0084_part_000,pck_object_0084_part_000_choice_000,0x0074E8,3,3,1,0x009E,158,158,158,0,frame_plus_signed,0x0074E8,0x007586,yes,6A000000810303030301920080030303,5,plausible_frame_record_prefix
PHAPCK_TBL.decoded.bin,pck_object_0084_part_000_choice_000_frame_034,pck_object_0084,pck_object_0084_part_000,pck_object_0084_part_000_choice_000,0x0074E8,3,3,1,0x009E,158,158,158,0,payload_plus_signed,0x0074EA,0x007588,yes,000081030303030192008003030303FF,45,exact_frame_record;plausible_drawable_extents_at_plus6_plus8;plausible_frame_record_prefix
PHAPCK_TBL.decoded.bin,pck_object_0084_part_000_choice_000_frame_035,pck_object_0084,pck_object_0084_part_000,pck_object_0084_part_000_choice_000,0x0074F0,3,3,-1,0x00A2,162,162,162,0,direct_unsigned,0x000000,0x0000A2,yes,7503040096030000B6030400D7030C00,5,plausible_frame_record_prefix
PHAPCK_TBL.decoded.bin,pck_object_0084_part_000_choice_000_frame_035,pck_object_0084,pck_object_0084_part_000,pck_object_0084_part_000_choice_000,0x0074F0,3,3,-1,0x00A2,162,162,162,0,direct_signed,0x000000,0x0000A2,yes,7503040096030000B6030400D7030C00,5,plausible_frame_record_prefix
PHAPCK_TBL.decoded.bin,pck_object_0084_part_000_choice_000_frame_035,pck_object_0084,pck_object_0084_part_000,pck_object_0084_part_000_choice_000,0x0074F0,3,3,-1,0x00A2,162,162,162,0,object_plus_unsigned,0x0073D8,0x00747A,yes,0AFF8000330100000000000001001A00,0,in_range_no_structural_match
PHAPCK_TBL.decoded.bin,pck_object_0084_part_000_choice_000_frame_035,pck_object_0084,pck_object_0084_part_000,pck_object_0084_part_000_choice_000,0x0074F0,3,3,-1,0x00A2,162,162,162,0,object_plus_signed,0x0073D8,0x00747A,yes,0AFF8000330100000000000001001A00,0,in_range_no_structural_match
PHAPCK_TBL.decoded.bin,pck_object_0084_part_000_choice_000_frame_035,pck_object_0084,pck_object_0084_part_000,pck_object_0084_part_000_choice_000,0x0074F0,3,3,-1,0x00A2,162,162,162,0,block_plus_unsigned,0x0073D0,0x007472,yes,08FF0A0204FF03020AFF800033010000,0,in_range_no_structural_match
PHAPCK_TBL.decoded.bin,pck_object_0084_part_000_choice_000_frame_035,pck_object_0084,pck_object_0084_part_000,pck_object_0084_part_000_choice_000,0x0074F0,3,3,-1,0x00A2,162,162,162,0,block_plus_signed,0x0073D0,0x007472,yes,08FF0A0204FF03020AFF800033010000,0,in_range_no_structural_match
PHAPCK_TBL.decoded.bin,pck_object_0084_part_000_choice_000_frame_035,pck_object_0084,pck_object_0084_part_000,pck_object_0084_part_000_choice_000,0x0074F0,3,3,-1,0x00A2,162,162,162,0,part_plus_signed,0x0073E6,0x007488,yes,1A00000C220001006A000000C800D007,45,exact_frame_record;plausible_drawable_extents_at_plus6_plus8;plausible_frame_record_prefix
PHAPCK_TBL.decoded.bin,pck_object_0084_part_000_choice_000_frame_035,pck_object_0084,pck_object_0084_part_000,pck_object_0084_part_000_choice_000,0x0074F0,3,3,-1,0x00A2,162,162,162,0,frame_plus_signed,0x0074F0,0x007592,yes,8003030303FF96008003030303FF9900,10,byte0_high_bit_set;plausible_frame_record_prefix
PHAPCK_TBL.decoded.bin,pck_object_0084_part_000_choice_000_frame_035,pck_object_0084,pck_object_0084_part_000,pck_object_0084_part_000_choice_000,0x0074F0,3,3,-1,0x00A2,162,162,162,0,payload_plus_signed,0x0074F2,0x007594,yes,030303FF96008003030303FF99008102,5,plausible_frame_record_prefix
PHAPCK_TBL.decoded.bin,pck_object_0084_part_000_choice_000_frame_036,pck_object_0084,pck_object_0084_part_000,pck_object_0084_part_000_choice_000,0x0074F8,3,3,-1,0x00A5,165,165,165,0,direct_unsigned,0x000000,0x0000A5,yes,0096030000B6030400D7030C00F70300,0,in_range_no_structural_match
PHAPCK_TBL.decoded.bin,pck_object_0084_part_000_choice_000_frame_036,pck_object_0084,pck_object_0084_part_000,pck_object_0084_part_000_choice_000,0x0074F8,3,3,-1,0x00A5,165,165,165,0,direct_signed,0x000000,0x0000A5,yes,0096030000B6030400D7030C00F70300,0,in_range_no_structural_match
PHAPCK_TBL.decoded.bin,pck_object_0084_part_000_choice_000_frame_036,pck_object_0084,pck_object_0084_part_000,pck_object_0084_part_000_choice_000,0x0074F8,3,3,-1,0x00A5,165,165,165,0,object_plus_unsigned,0x0073D8,0x00747D,yes,00330100000000000001001A00000C22,0,in_range_no_structural_match
PHAPCK_TBL.decoded.bin,pck_object_0084_part_000_choice_000_frame_036,pck_object_0084,pck_object_0084_part_000,pck_object_0084_part_000_choice_000,0x0074F8,3,3,-1,0x00A5,165,165,165,0,object_plus_signed,0x0073D8,0x00747D,yes,00330100000000000001001A00000C22,0,in_range_no_structural_match
PHAPCK_TBL.decoded.bin,pck_object_0084_part_000_choice_000_frame_036,pck_object_0084,pck_object_0084_part_000,pck_object_0084_part_000_choice_000,0x0074F8,3,3,-1,0x00A5,165,165,165,0,block_plus_unsigned,0x0073D0,0x007475,yes,0204FF03020AFF800033010000000000,0,in_range_no_structural_match
PHAPCK_TBL.decoded.bin,pck_object_0084_part_000_choice_000_frame_036,pck_object_0084,pck_object_0084_part_000,pck_object_0084_part_000_choice_000,0x0074F8,3,3,-1,0x00A5,165,165,165,0,block_plus_signed,0x0073D0,0x007475,yes,0204FF03020AFF800033010000000000,0,in_range_no_structural_match
PHAPCK_TBL.decoded.bin,pck_object_0084_part_000_choice_000_frame_036,pck_object_0084,pck_object_0084_part_000,pck_object_0084_part_000_choice_000,0x0074F8,3,3,-1,0x00A5,165,165,165,0,part_plus_signed,0x0073E6,0x00748B,yes,0C220001006A000000C800D00760FA90,0,in_range_no_structural_match
PHAPCK_TBL.decoded.bin,pck_object_0084_part_000_choice_000_frame_036,pck_object_0084,pck_object_0084_part_000,pck_object_0084_part_000_choice_000,0x0074F8,3,3,-1,0x00A5,165,165,165,0,frame_plus_signed,0x0074F8,0x00759D,yes,0303FF99008102020505099C00810303,5,plausible_frame_record_prefix
PHAPCK_TBL.decoded.bin,pck_object_0084_part_000_choice_000_frame_036,pck_object_0084,pck_object_0084_part_000,pck_object_0084_part_000_choice_000,0x0074F8,3,3,-1,0x00A5,165,165,165,0,payload_plus_signed,0x0074FA,0x00759F,yes,FF99008102020505099C008103030303,5,byte0_high_bit_set
PHAPCK_TBL.decoded.bin,pck_object_0084_part_000_choice_000_frame_038,pck_object_0084,pck_object_0084_part_000,pck_object_0084_part_000_choice_000,0x007508,3,3,11,0x00AC,172,172,172,0,direct_unsigned,0x000000,0x0000AC,yes,0400D7030C00F703000019040C003804,5,plausible_frame_record_prefix
PHAPCK_TBL.decoded.bin,pck_object_0084_part_000_choice_000_frame_038,pck_object_0084,pck_object_0084_part_000,pck_object_0084_part_000_choice_000,0x007508,3,3,11,0x00AC,172,172,172,0,direct_signed,0x000000,0x0000AC,yes,0400D7030C00F703000019040C003804,5,plausible_frame_record_prefix
PHAPCK_TBL.decoded.bin,pck_object_0084_part_000_choice_000_frame_038,pck_object_0084,pck_object_0084_part_000,pck_object_0084_part_000_choice_000,0x007508,3,3,11,0x00AC,172,172,172,0,object_plus_unsigned,0x0073D8,0x007484,yes,000001001A00000C220001006A000000,5,plausible_frame_record_prefix
PHAPCK_TBL.decoded.bin,pck_object_0084_part_000_choice_000_frame_038,pck_object_0084,pck_object_0084_part_000,pck_object_0084_part_000_choice_000,0x007508,3,3,11,0x00AC,172,172,172,0,object_plus_signed,0x0073D8,0x007484,yes,000001001A00000C220001006A000000,5,plausible_frame_record_prefix
PHAPCK_TBL.decoded.bin,pck_object_0084_part_000_choice_000_frame_038,pck_object_0084,pck_object_0084_part_000,pck_object_0084_part_000_choice_000,0x007508,3,3,11,0x00AC,172,172,172,0,block_plus_unsigned,0x0073D0,0x00747C,yes,8000330100000000000001001A00000C,75,exact_object_offset;byte0_high_bit_set;plausible_object_header;plausible_frame_record_prefix
PHAPCK_TBL.decoded.bin,pck_object_0084_part_000_choice_000_frame_038,pck_object_0084,pck_object_0084_part_000,pck_object_0084_part_000_choice_000,0x007508,3,3,11,0x00AC,172,172,172,0,block_plus_signed,0x0073D0,0x00747C,yes,8000330100000000000001001A00000C,75,exact_object_offset;byte0_high_bit_set;plausible_object_header;plausible_frame_record_prefix
PHAPCK_TBL.decoded.bin,pck_object_0084_part_000_choice_000_frame_038,pck_object_0084,pck_object_0084_part_000,pck_object_0084_part_000_choice_000,0x007508,3,3,11,0x00AC,172,172,172,0,part_plus_signed,0x0073E6,0x007492,yes,0000C800D00760FA9005290100008B00,5,plausible_frame_record_prefix
PHAPCK_TBL.decoded.bin,pck_object_0084_part_000_choice_000_frame_038,pck_object_0084,pck_object_0084_part_000,pck_object_0084_part_000_choice_000,0x007508,3,3,11,0x00AC,172,172,172,0,frame_plus_signed,0x007508,0x0075B4,yes,04FF0506FF0708FF0A0204FF03020AFF,0,in_range_no_structural_match
PHAPCK_TBL.decoded.bin,pck_object_0084_part_000_choice_000_frame_038,pck_object_0084,pck_object_0084_part_000,pck_object_0084_part_000_choice_000,0x007508,3,3,11,0x00AC,172,172,172,0,payload_plus_signed,0x00750A,0x0075B6,yes,0506FF0708FF0A0204FF03020AFF8000,0,in_range_no_structural_match
PHAPCK_TBL.decoded.bin,pck_object_0084_part_000_choice_000_frame_040,pck_object_0084,pck_object_0084_part_000,pck_object_0084_part_000_choice_000,0x007518,2,4,-1,0x0203,515,515,3,2,direct_unsigned,0x000000,0x000203,yes,FC000000000000F8026D0756FFE2FFFA,10,byte0_high_bit_set;plausible_frame_record_prefix
PHAPCK_TBL.decoded.bin,pck_object_0084_part_000_choice_000_frame_040,pck_object_0084,pck_object_0084_part_000,pck_object_0084_part_000_choice_000,0x007518,2,4,-1,0x0203,515,515,3,2,direct_signed,0x000000,0x000203,yes,FC000000000000F8026D0756FFE2FFFA,10,byte0_high_bit_set;plausible_frame_record_prefix
PHAPCK_TBL.decoded.bin,pck_object_0084_part_000_choice_000_frame_040,pck_object_0084,pck_object_0084_part_000,pck_object_0084_part_000_choice_000,0x007518,2,4,-1,0x0203,515,515,3,2,object_plus_unsigned,0x0073D8,0x0075DB,yes,00C800D00774FA9B05AAFE0000EC00AA,0,in_range_no_structural_match
PHAPCK_TBL.decoded.bin,pck_object_0084_part_000_choice_000_frame_040,pck_object_0084,pck_object_0084_part_000,pck_object_0084_part_000_choice_000,0x007518,2,4,-1,0x0203,515,515,3,2,object_plus_signed,0x0073D8,0x0075DB,yes,00C800D00774FA9B05AAFE0000EC00AA,0,in_range_no_structural_match
PHAPCK_TBL.decoded.bin,pck_object_0084_part_000_choice_000_frame_040,pck_object_0084,pck_object_0084_part_000,pck_object_0084_part_000_choice_000,0x007518,2,4,-1,0x0203,515,515,3,2,block_plus_unsigned,0x0073D0,0x0075D3,yes,0C1A00010062000000C800D00774FA9B,0,in_range_no_structural_match
PHAPCK_TBL.decoded.bin,pck_object_0084_part_000_choice_000_frame_040,pck_object_0084,pck_object_0084_part_000,pck_object_0084_part_000_choice_000,0x007518,2,4,-1,0x0203,515,515,3,2,block_plus_signed,0x0073D0,0x0075D3,yes,0C1A00010062000000C800D00774FA9B,0,in_range_no_structural_match
PHAPCK_TBL.decoded.bin,pck_object_0084_part_000_choice_000_frame_040,pck_object_0084,pck_object_0084_part_000,pck_object_0084_part_000_choice_000,0x007518,2,4,-1,0x0203,515,515,3,2,part_plus_signed,0x0073E6,0x0075E9,yes,00AA00CDFFB50097000000D2003D000A,0,in_range_no_structural_match
PHAPCK_TBL.decoded.bin,pck_object_0084_part_000_choice_000_frame_040,pck_object_0084,pck_object_0084_part_000,pck_object_0084_part_000_choice_000,0x007518,2,4,-1,0x0203,515,515,3,2,frame_plus_signed,0x007518,0x00771B,yes,0C220001006A000000C800D00774FABF,0,in_range_no_structural_match
PHAPCK_TBL.decoded.bin,pck_object_0084_part_000_choice_000_frame_040,pck_object_0084,pck_object_0084_part_000,pck_object_0084_part_000_choice_000,0x007518,2,4,-1,0x0203,515,515,3,2,payload_plus_signed,0x00751A,0x00771D,yes,0001006A000000C800D00774FABF05A4,5,plausible_frame_record_prefix
PHAPCK_TBL.decoded.bin,pck_object_0084_part_000_choice_000_frame_061,pck_object_0084,pck_object_0084_part_000,pck_object_0084_part_000_choice_000,0x0075C0,2,10,-1,0x0080,128,128,128,0,direct_unsigned,0x000000,0x000080,yes,0600B3020900C8020200DE020B00F302,5,plausible_frame_record_prefix
PHAPCK_TBL.decoded.bin,pck_object_0084_part_000_choice_000_frame_061,pck_object_0084,pck_object_0084_part_000,pck_object_0084_part_000_choice_000,0x0075C0,2,10,-1,0x0080,128,128,128,0,direct_signed,0x000000,0x000080,yes,0600B3020900C8020200DE020B00F302,5,plausible_frame_record_prefix
PHAPCK_TBL.decoded.bin,pck_object_0084_part_000_choice_000_frame_061,pck_object_0084,pck_object_0084_part_000,pck_object_0084_part_000_choice_000,0x0075C0,2,10,-1,0x0080,128,128,128,0,object_plus_unsigned,0x0073D8,0x007458,yes,A100810202050509A40081030303030B,40,exact_frame_record;byte0_high_bit_set;plausible_frame_record_prefix
PHAPCK_TBL.decoded.bin,pck_object_0084_part_000_choice_000_frame_061,pck_object_0084,pck_object_0084_part_000,pck_object_0084_part_000_choice_000,0x0075C0,2,10,-1,0x0080,128,128,128,0,object_plus_signed,0x0073D8,0x007458,yes,A100810202050509A40081030303030B,40,exact_frame_record;byte0_high_bit_set;plausible_frame_record_prefix
PHAPCK_TBL.decoded.bin,pck_object_0084_part_000_choice_000_frame_061,pck_object_0084,pck_object_0084_part_000,pck_object_0084_part_000_choice_000,0x0075C0,2,10,-1,0x0080,128,128,128,0,block_plus_unsigned,0x0073D0,0x007450,yes,9E008003030303FFA100810202050509,40,exact_frame_record;byte0_high_bit_set;plausible_frame_record_prefix
PHAPCK_TBL.decoded.bin,pck_object_0084_part_000_choice_000_frame_061,pck_object_0084,pck_object_0084_part_000,pck_object_0084_part_000_choice_000,0x0075C0,2,10,-1,0x0080,128,128,128,0,block_plus_signed,0x0073D0,0x007450,yes,9E008003030303FFA100810202050509,40,exact_frame_record;byte0_high_bit_set;plausible_frame_record_prefix
PHAPCK_TBL.decoded.bin,pck_object_0084_part_000_choice_000_frame_061,pck_object_0084,pck_object_0084_part_000,pck_object_0084_part_000_choice_000,0x0075C0,2,10,-1,0x0080,128,128,128,0,part_plus_signed,0x0073E6,0x007466,yes,030BA800020304FF0506FF0708FF0A02,0,in_range_no_structural_match
PHAPCK_TBL.decoded.bin,pck_object_0084_part_000_choice_000_frame_061,pck_object_0084,pck_object_0084_part_000,pck_object_0084_part_000_choice_000,0x0075C0,2,10,-1,0x0080,128,128,128,0,frame_plus_signed,0x0075C0,0x007640,yes,030303FF9D00810202050509A0008103,35,exact_frame_record;plausible_frame_record_prefix
PHAPCK_TBL.decoded.bin,pck_object_0084_part_000_choice_000_frame_061,pck_object_0084,pck_object_0084_part_000,pck_object_0084_part_000_choice_000,0x0075C0,2,10,-1,0x0080,128,128,128,0,payload_plus_signed,0x0075C2,0x007642,yes,03FF9D00810202050509A00081030303,0,in_range_no_structural_match
PHAPCK_TBL.decoded.bin,pck_object_0084_part_000_choice_000_frame_075,pck_object_0084,pck_object_0084_part_000,pck_object_0084_part_000_choice_000,0x007630,3,3,1,0x0096,150,150,150,0,direct_unsigned,0x000000,0x000096,yes,1E030600340304005503060075030400,5,plausible_frame_record_prefix
PHAPCK_TBL.decoded.bin,pck_object_0084_part_000_choice_000_frame_075,pck_object_0084,pck_object_0084_part_000,pck_object_0084_part_000_choice_000,0x007630,3,3,1,0x0096,150,150,150,0,direct_signed,0x000000,0x000096,yes,1E030600340304005503060075030400,5,plausible_frame_record_prefix
PHAPCK_TBL.decoded.bin,pck_object_0084_part_000_choice_000_frame_075,pck_object_0084,pck_object_0084_part_000,pck_object_0084_part_000_choice_000,0x007630,3,3,1,0x0096,150,150,150,0,object_plus_unsigned,0x0073D8,0x00746E,yes,0506FF0708FF0A0204FF03020AFF8000,0,in_range_no_structural_match
PHAPCK_TBL.decoded.bin,pck_object_0084_part_000_choice_000_frame_075,pck_object_0084,pck_object_0084_part_000,pck_object_0084_part_000_choice_000,0x007630,3,3,1,0x0096,150,150,150,0,object_plus_signed,0x0073D8,0x00746E,yes,0506FF0708FF0A0204FF03020AFF8000,0,in_range_no_structural_match
PHAPCK_TBL.decoded.bin,pck_object_0084_part_000_choice_000_frame_075,pck_object_0084,pck_object_0084_part_000,pck_object_0084_part_000_choice_000,0x007630,3,3,1,0x0096,150,150,150,0,block_plus_unsigned,0x0073D0,0x007466,yes,030BA800020304FF0506FF0708FF0A02,0,in_range_no_structural_match
PHAPCK_TBL.decoded.bin,pck_object_0084_part_000_choice_000_frame_075,pck_object_0084,pck_object_0084_part_000,pck_object_0084_part_000_choice_000,0x007630,3,3,1,0x0096,150,150,150,0,block_plus_signed,0x0073D0,0x007466,yes,030BA800020304FF0506FF0708FF0A02,0,in_range_no_structural_match
PHAPCK_TBL.decoded.bin,pck_object_0084_part_000_choice_000_frame_075,pck_object_0084,pck_object_0084_part_000,pck_object_0084_part_000_choice_000,0x007630,3,3,1,0x0096,150,150,150,0,part_plus_signed,0x0073E6,0x00747C,yes,8000330100000000000001001A00000C,75,exact_object_offset;byte0_high_bit_set;plausible_object_header;plausible_frame_record_prefix
PHAPCK_TBL.decoded.bin,pck_object_0084_part_000_choice_000_frame_075,pck_object_0084,pck_object_0084_part_000,pck_object_0084_part_000_choice_000,0x007630,3,3,1,0x0096,150,150,150,0,frame_plus_signed,0x007630,0x0076C6,yes,01006A00000005007200000081030303,15,plausible_drawable_extents_at_plus6_plus8;plausible_frame_record_prefix
PHAPCK_TBL.decoded.bin,pck_object_0084_part_000_choice_000_frame_075,pck_object_0084,pck_object_0084_part_000,pck_object_0084_part_000_choice_000,0x007630,3,3,1,0x0096,150,150,150,0,payload_plus_signed,0x007632,0x0076C8,yes,6A000000050072000000810303030301,35,exact_frame_record;plausible_frame_record_prefix
PHAPCK_TBL.decoded.bin,pck_object_0084_part_000_choice_000_frame_076,pck_object_0084,pck_object_0084_part_000,pck_object_0084_part_000_choice_000,0x007638,3,3,-1,0x009A,154,154,154,0,direct_unsigned,0x000000,0x00009A,yes,34030400550306007503040096030000,5,plausible_frame_record_prefix
PHAPCK_TBL.decoded.bin,pck_object_0084_part_000_choice_000_frame_076,pck_object_0084,pck_object_0084_part_000,pck_object_0084_part_000_choice_000,0x007638,3,3,-1,0x009A,154,154,154,0,direct_signed,0x000000,0x00009A,yes,34030400550306007503040096030000,5,plausible_frame_record_prefix
PHAPCK_TBL.decoded.bin,pck_object_0084_part_000_choice_000_frame_076,pck_object_0084,pck_object_0084_part_000,pck_object_0084_part_000_choice_000,0x007638,3,3,-1,0x009A,154,154,154,0,object_plus_unsigned,0x0073D8,0x007472,yes,08FF0A0204FF03020AFF800033010000,0,in_range_no_structural_match
PHAPCK_TBL.decoded.bin,pck_object_0084_part_000_choice_000_frame_076,pck_object_0084,pck_object_0084_part_000,pck_object_0084_part_000_choice_000,0x007638,3,3,-1,0x009A,154,154,154,0,object_plus_signed,0x0073D8,0x007472,yes,08FF0A0204FF03020AFF800033010000,0,in_range_no_structural_match
PHAPCK_TBL.decoded.bin,pck_object_0084_part_000_choice_000_frame_076,pck_object_0084,pck_object_0084_part_000,pck_object_0084_part_000_choice_000,0x007638,3,3,-1,0x009A,154,154,154,0,block_plus_unsigned,0x0073D0,0x00746A,yes,020304FF0506FF0708FF0A0204FF0302,5,plausible_frame_record_prefix
PHAPCK_TBL.decoded.bin,pck_object_0084_part_000_choice_000_frame_076,pck_object_0084,pck_object_0084_part_000,pck_object_0084_part_000_choice_000,0x007638,3,3,-1,0x009A,154,154,154,0,block_plus_signed,0x0073D0,0x00746A,yes,020304FF0506FF0708FF0A0204FF0302,5,plausible_frame_record_prefix
PHAPCK_TBL.decoded.bin,pck_object_0084_part_000_choice_000_frame_076,pck_object_0084,pck_object_0084_part_000,pck_object_0084_part_000_choice_000,0x007638,3,3,-1,0x009A,154,154,154,0,part_plus_signed,0x0073E6,0x007480,yes,00000000000001001A00000C22000100,45,exact_frame_record;plausible_drawable_extents_at_plus6_plus8;plausible_frame_record_prefix
PHAPCK_TBL.decoded.bin,pck_object_0084_part_000_choice_000_frame_076,pck_object_0084,pck_object_0084_part_000,pck_object_0084_part_000_choice_000,0x007638,3,3,-1,0x009A,154,154,154,0,frame_plus_signed,0x007638,0x0076D2,yes,8103030303019A008003030303FF9E00,10,byte0_high_bit_set;plausible_frame_record_prefix
PHAPCK_TBL.decoded.bin,pck_object_0084_part_000_choice_000_frame_076,pck_object_0084,pck_object_0084_part_000,pck_object_0084_part_000_choice_000,0x007638,3,3,-1,0x009A,154,154,154,0,payload_plus_signed,0x00763A,0x0076D4,yes,030303019A008003030303FF9E008003,5,plausible_frame_record_prefix
PHAPCK_TBL.decoded.bin,pck_object_0084_part_000_choice_000_frame_077,pck_object_0084,pck_object_0084_part_000,pck_object_0084_part_000_choice_000,0x007640,3,3,-1,0x009D,157,157,157,0,direct_unsigned,0x000000,0x00009D,yes,00550306007503040096030000B60304,0,in_range_no_structural_match
PHAPCK_TBL.decoded.bin,pck_object_0084_part_000_choice_000_frame_077,pck_object_0084,pck_object_0084_part_000,pck_object_0084_part_000_choice_000,0x007640,3,3,-1,0x009D,157,157,157,0,direct_signed,0x000000,0x00009D,yes,00550306007503040096030000B60304,0,in_range_no_structural_match
PHAPCK_TBL.decoded.bin,pck_object_0084_part_000_choice_000_frame_077,pck_object_0084,pck_object_0084_part_000,pck_object_0084_part_000_choice_000,0x007640,3,3,-1,0x009D,157,157,157,0,object_plus_unsigned,0x0073D8,0x007475,yes,0204FF03020AFF800033010000000000,0,in_range_no_structural_match
PHAPCK_TBL.decoded.bin,pck_object_0084_part_000_choice_000_frame_077,pck_object_0084,pck_object_0084_part_000,pck_object_0084_part_000_choice_000,0x007640,3,3,-1,0x009D,157,157,157,0,object_plus_signed,0x0073D8,0x007475,yes,0204FF03020AFF800033010000000000,0,in_range_no_structural_match
PHAPCK_TBL.decoded.bin,pck_object_0084_part_000_choice_000_frame_077,pck_object_0084,pck_object_0084_part_000,pck_object_0084_part_000_choice_000,0x007640,3,3,-1,0x009D,157,157,157,0,block_plus_unsigned,0x0073D0,0x00746D,yes,FF0506FF0708FF0A0204FF03020AFF80,5,byte0_high_bit_set
PHAPCK_TBL.decoded.bin,pck_object_0084_part_000_choice_000_frame_077,pck_object_0084,pck_object_0084_part_000,pck_object_0084_part_000_choice_000,0x007640,3,3,-1,0x009D,157,157,157,0,block_plus_signed,0x0073D0,0x00746D,yes,FF0506FF0708FF0A0204FF03020AFF80,5,byte0_high_bit_set
PHAPCK_TBL.decoded.bin,pck_object_0084_part_000_choice_000_frame_077,pck_object_0084,pck_object_0084_part_000,pck_object_0084_part_000_choice_000,0x007640,3,3,-1,0x009D,157,157,157,0,part_plus_signed,0x0073E6,0x007483,yes,00000001001A00000C220001006A0000,5,plausible_frame_record_prefix
PHAPCK_TBL.decoded.bin,pck_object_0084_part_000_choice_000_frame_077,pck_object_0084,pck_object_0084_part_000,pck_object_0084_part_000_choice_000,0x007640,3,3,-1,0x009D,157,157,157,0,frame_plus_signed,0x007640,0x0076DD,yes,0303FF9E008003030303FFA100810202,5,plausible_frame_record_prefix
PHAPCK_TBL.decoded.bin,pck_object_0084_part_000_choice_000_frame_077,pck_object_0084,pck_object_0084_part_000,pck_object_0084_part_000_choice_000,0x007640,3,3,-1,0x009D,157,157,157,0,payload_plus_signed,0x007642,0x0076DF,yes,FF9E008003030303FFA1008102020505,5,byte0_high_bit_set
PHAPCK_TBL.decoded.bin,pck_object_0084_part_000_choice_000_frame_079,pck_object_0084,pck_object_0084_part_000,pck_object_0084_part_000_choice_000,0x007650,3,3,11,0x00A4,164,164,164,0,direct_unsigned,0x000000,0x0000A4,yes,040096030000B6030400D7030C00F703,5,plausible_frame_record_prefix
PHAPCK_TBL.decoded.bin,pck_object_0084_part_000_choice_000_frame_079,pck_object_0084,pck_object_0084_part_000,pck_object_0084_part_000_choice_000,0x007650,3,3,11,0x00A4,164,164,164,0,direct_signed,0x000000,0x0000A4,yes,040096030000B6030400D7030C00F703,5,plausible_frame_record_prefix
PHAPCK_TBL.decoded.bin,pck_object_0084_part_000_choice_000_frame_079,pck_object_0084,pck_object_0084_part_000,pck_object_0084_part_000_choice_000,0x007650,3,3,11,0x00A4,164,164,164,0,object_plus_unsigned,0x0073D8,0x00747C,yes,8000330100000000000001001A00000C,75,exact_object_offset;byte0_high_bit_set;plausible_object_header;plausible_frame_record_prefix
PHAPCK_TBL.decoded.bin,pck_object_0084_part_000_choice_000_frame_079,pck_object_0084,pck_object_0084_part_000,pck_object_0084_part_000_choice_000,0x007650,3,3,11,0x00A4,164,164,164,0,object_plus_signed,0x0073D8,0x00747C,yes,8000330100000000000001001A00000C,75,exact_object_offset;byte0_high_bit_set;plausible_object_header;plausible_frame_record_prefix
PHAPCK_TBL.decoded.bin,pck_object_0084_part_000_choice_000_frame_079,pck_object_0084,pck_object_0084_part_000,pck_object_0084_part_000_choice_000,0x007650,3,3,11,0x00A4,164,164,164,0,block_plus_unsigned,0x0073D0,0x007474,yes,0A0204FF03020AFF8000330100000000,5,plausible_frame_record_prefix
PHAPCK_TBL.decoded.bin,pck_object_0084_part_000_choice_000_frame_079,pck_object_0084,pck_object_0084_part_000,pck_object_0084_part_000_choice_000,0x007650,3,3,11,0x00A4,164,164,164,0,block_plus_signed,0x0073D0,0x007474,yes,0A0204FF03020AFF8000330100000000,5,plausible_frame_record_prefix
PHAPCK_TBL.decoded.bin,pck_object_0084_part_000_choice_000_frame_079,pck_object_0084,pck_object_0084_part_000,pck_object_0084_part_000_choice_000,0x007650,3,3,11,0x00A4,164,164,164,0,part_plus_signed,0x0073E6,0x00748A,yes,000C220001006A000000C800D00760FA,35,exact_part_offset
PHAPCK_TBL.decoded.bin,pck_object_0084_part_000_choice_000_frame_079,pck_object_0084,pck_object_0084_part_000,pck_object_0084_part_000_choice_000,0x007650,3,3,11,0x00A4,164,164,164,0,frame_plus_signed,0x007650,0x0076F4,yes,0303030BA800020304FF0506FF0708FF,5,plausible_frame_record_prefix
PHAPCK_TBL.decoded.bin,pck_object_0084_part_000_choice_000_frame_079,pck_object_0084,pck_object_0084_part_000,pck_object_0084_part_000_choice_000,0x007650,3,3,11,0x00A4,164,164,164,0,payload_plus_signed,0x007652,0x0076F6,yes,030BA800020304FF0506FF0708FF0A02,0,in_range_no_structural_match
PHAPCK_TBL.decoded.bin,pck_object_0084_part_000_choice_000_frame_081,pck_object_0084,pck_object_0084_part_000,pck_object_0084_part_000_choice_000,0x007660,2,4,-1,0x0203,515,515,3,2,direct_unsigned,0x000000,0x000203,yes,FC000000000000F8026D0756FFE2FFFA,10,byte0_high_bit_set;plausible_frame_record_prefix
PHAPCK_TBL.decoded.bin,pck_object_0084_part_000_choice_000_frame_081,pck_object_0084,pck_object_0084_part_000,pck_object_0084_part_000_choice_000,0x007660,2,4,-1,0x0203,515,515,3,2,direct_signed,0x000000,0x000203,yes,FC000000000000F8026D0756FFE2FFFA,10,byte0_high_bit_set;plausible_frame_record_prefix
PHAPCK_TBL.decoded.bin,pck_object_0084_part_000_choice_000_frame_081,pck_object_0084,pck_object_0084_part_000,pck_object_0084_part_000_choice_000,0x007660,2,4,-1,0x0203,515,515,3,2,object_plus_unsigned,0x0073D8,0x0075DB,yes,00C800D00774FA9B05AAFE0000EC00AA,0,in_range_no_structural_match
PHAPCK_TBL.decoded.bin,pck_object_0084_part_000_choice_000_frame_081,pck_object_0084,pck_object_0084_part_000,pck_object_0084_part_000_choice_000,0x007660,2,4,-1,0x0203,515,515,3,2,object_plus_signed,0x0073D8,0x0075DB,yes,00C800D00774FA9B05AAFE0000EC00AA,0,in_range_no_structural_match
PHAPCK_TBL.decoded.bin,pck_object_0084_part_000_choice_000_frame_081,pck_object_0084,pck_object_0084_part_000,pck_object_0084_part_000_choice_000,0x007660,2,4,-1,0x0203,515,515,3,2,block_plus_unsigned,0x0073D0,0x0075D3,yes,0C1A00010062000000C800D00774FA9B,0,in_range_no_structural_match
PHAPCK_TBL.decoded.bin,pck_object_0084_part_000_choice_000_frame_081,pck_object_0084,pck_object_0084_part_000,pck_object_0084_part_000_choice_000,0x007660,2,4,-1,0x0203,515,515,3,2,block_plus_signed,0x0073D0,0x0075D3,yes,0C1A00010062000000C800D00774FA9B,0,in_range_no_structural_match
PHAPCK_TBL.decoded.bin,pck_object_0084_part_000_choice_000_frame_081,pck_object_0084,pck_object_0084_part_000,pck_object_0084_part_000_choice_000,0x007660,2,4,-1,0x0203,515,515,3,2,part_plus_signed,0x0073E6,0x0075E9,yes,00AA00CDFFB50097000000D2003D000A,0,in_range_no_structural_match
PHAPCK_TBL.decoded.bin,pck_object_0084_part_000_choice_000_frame_081,pck_object_0084,pck_object_0084_part_000,pck_object_0084_part_000_choice_000,0x007660,2,4,-1,0x0203,515,515,3,2,frame_plus_signed,0x007660,0x007863,yes,01810808000001DC00810707050506E1,0,in_range_no_structural_match
PHAPCK_TBL.decoded.bin,pck_object_0084_part_000_choice_000_frame_081,pck_object_0084,pck_object_0084_part_000,pck_object_0084_part_000_choice_000,0x007660,2,4,-1,0x0203,515,515,3,2,payload_plus_signed,0x007662,0x007865,yes,0808000001DC00810707050506E10081,0,in_range_no_structural_match
PHAPCK_TBL.decoded.bin,pck_object_0084_part_000_choice_000_frame_102,pck_object_0084,pck_object_0084_part_000,pck_object_0084_part_000_choice_000,0x007708,2,10,-1,0x0080,128,128,128,0,direct_unsigned,0x000000,0x000080,yes,0600B3020900C8020200DE020B00F302,5,plausible_frame_record_prefix
PHAPCK_TBL.decoded.bin,pck_object_0084_part_000_choice_000_frame_102,pck_object_0084,pck_object_0084_part_000,pck_object_0084_part_000_choice_000,0x007708,2,10,-1,0x0080,128,128,128,0,direct_signed,0x000000,0x000080,yes,0600B3020900C8020200DE020B00F302,5,plausible_frame_record_prefix
PHAPCK_TBL.decoded.bin,pck_object_0084_part_000_choice_000_frame_102,pck_object_0084,pck_object_0084_part_000,pck_object_0084_part_000_choice_000,0x007708,2,10,-1,0x0080,128,128,128,0,object_plus_unsigned,0x0073D8,0x007458,yes,A100810202050509A40081030303030B,40,exact_frame_record;byte0_high_bit_set;plausible_frame_record_prefix
PHAPCK_TBL.decoded.bin,pck_object_0084_part_000_choice_000_frame_102,pck_object_0084,pck_object_0084_part_000,pck_object_0084_part_000_choice_000,0x007708,2,10,-1,0x0080,128,128,128,0,object_plus_signed,0x0073D8,0x007458,yes,A100810202050509A40081030303030B,40,exact_frame_record;byte0_high_bit_set;plausible_frame_record_prefix
PHAPCK_TBL.decoded.bin,pck_object_0084_part_000_choice_000_frame_102,pck_object_0084,pck_object_0084_part_000,pck_object_0084_part_000_choice_000,0x007708,2,10,-1,0x0080,128,128,128,0,block_plus_unsigned,0x0073D0,0x007450,yes,9E008003030303FFA100810202050509,40,exact_frame_record;byte0_high_bit_set;plausible_frame_record_prefix
PHAPCK_TBL.decoded.bin,pck_object_0084_part_000_choice_000_frame_102,pck_object_0084,pck_object_0084_part_000,pck_object_0084_part_000_choice_000,0x007708,2,10,-1,0x0080,128,128,128,0,block_plus_signed,0x0073D0,0x007450,yes,9E008003030303FFA100810202050509,40,exact_frame_record;byte0_high_bit_set;plausible_frame_record_prefix
PHAPCK_TBL.decoded.bin,pck_object_0084_part_000_choice_000_frame_102,pck_object_0084,pck_object_0084_part_000,pck_object_0084_part_000_choice_000,0x007708,2,10,-1,0x0080,128,128,128,0,part_plus_signed,0x0073E6,0x007466,yes,030BA800020304FF0506FF0708FF0A02,0,in_range_no_structural_match
PHAPCK_TBL.decoded.bin,pck_object_0084_part_000_choice_000_frame_102,pck_object_0084,pck_object_0084_part_000,pck_object_0084_part_000_choice_000,0x007708,2,10,-1,0x0080,128,128,128,0,frame_plus_signed,0x007708,0x007788,yes,030303FFA500810202050509A8008103,35,exact_frame_record;plausible_frame_record_prefix
PHAPCK_TBL.decoded.bin,pck_object_0084_part_000_choice_000_frame_102,pck_object_0084,pck_object_0084_part_000,pck_object_0084_part_000_choice_000,0x007708,2,10,-1,0x0080,128,128,128,0,payload_plus_signed,0x00770A,0x00778A,yes,03FFA500810202050509A80081030303,0,in_range_no_structural_match
PHAPCK_TBL.decoded.bin,pck_object_0088_part_000_choice_000_frame_020,pck_object_0088,pck_object_0088_part_000,pck_object_0088_part_000_choice_000,0x007708,2,10,-1,0x0080,128,128,128,0,direct_unsigned,0x000000,0x000080,yes,0600B3020900C8020200DE020B00F302,5,plausible_frame_record_prefix
PHAPCK_TBL.decoded.bin,pck_object_0088_part_000_choice_000_frame_020,pck_object_0088,pck_object_0088_part_000,pck_object_0088_part_000_choice_000,0x007708,2,10,-1,0x0080,128,128,128,0,direct_signed,0x000000,0x000080,yes,0600B3020900C8020200DE020B00F302,5,plausible_frame_record_prefix
PHAPCK_TBL.decoded.bin,pck_object_0088_part_000_choice_000_frame_020,pck_object_0088,pck_object_0088_part_000,pck_object_0088_part_000_choice_000,0x007708,2,10,-1,0x0080,128,128,128,0,object_plus_unsigned,0x007668,0x0076E8,yes,A100810202050509A40081030303030B,40,exact_frame_record;byte0_high_bit_set;plausible_frame_record_prefix
PHAPCK_TBL.decoded.bin,pck_object_0088_part_000_choice_000_frame_020,pck_object_0088,pck_object_0088_part_000,pck_object_0088_part_000_choice_000,0x007708,2,10,-1,0x0080,128,128,128,0,object_plus_signed,0x007668,0x0076E8,yes,A100810202050509A40081030303030B,40,exact_frame_record;byte0_high_bit_set;plausible_frame_record_prefix
PHAPCK_TBL.decoded.bin,pck_object_0088_part_000_choice_000_frame_020,pck_object_0088,pck_object_0088_part_000,pck_object_0088_part_000_choice_000,0x007708,2,10,-1,0x0080,128,128,128,0,block_plus_unsigned,0x007660,0x0076E0,yes,9E008003030303FFA100810202050509,40,exact_frame_record;byte0_high_bit_set;plausible_frame_record_prefix
PHAPCK_TBL.decoded.bin,pck_object_0088_part_000_choice_000_frame_020,pck_object_0088,pck_object_0088_part_000,pck_object_0088_part_000_choice_000,0x007708,2,10,-1,0x0080,128,128,128,0,block_plus_signed,0x007660,0x0076E0,yes,9E008003030303FFA100810202050509,40,exact_frame_record;byte0_high_bit_set;plausible_frame_record_prefix
PHAPCK_TBL.decoded.bin,pck_object_0088_part_000_choice_000_frame_020,pck_object_0088,pck_object_0088_part_000,pck_object_0088_part_000_choice_000,0x007708,2,10,-1,0x0080,128,128,128,0,part_plus_signed,0x007676,0x0076F6,yes,030BA800020304FF0506FF0708FF0A02,0,in_range_no_structural_match
PHAPCK_TBL.decoded.bin,pck_object_0088_part_000_choice_000_frame_020,pck_object_0088,pck_object_0088_part_000,pck_object_0088_part_000_choice_000,0x007708,2,10,-1,0x0080,128,128,128,0,frame_plus_signed,0x007708,0x007788,yes,030303FFA500810202050509A8008103,35,exact_frame_record;plausible_frame_record_prefix
PHAPCK_TBL.decoded.bin,pck_object_0088_part_000_choice_000_frame_020,pck_object_0088,pck_object_0088_part_000,pck_object_0088_part_000_choice_000,0x007708,2,10,-1,0x0080,128,128,128,0,payload_plus_signed,0x00770A,0x00778A,yes,03FFA500810202050509A80081030303,0,in_range_no_structural_match
PHAPCK_TBL.decoded.bin,pck_object_0088_part_000_choice_000_frame_034,pck_object_0088,pck_object_0088_part_000,pck_object_0088_part_000_choice_000,0x007778,3,3,1,0x009E,158,158,158,0,direct_unsigned,0x000000,0x00009E,yes,550306007503040096030000B6030400,5,plausible_frame_record_prefix
PHAPCK_TBL.decoded.bin,pck_object_0088_part_000_choice_000_frame_034,pck_object_0088,pck_object_0088_part_000,pck_object_0088_part_000_choice_000,0x007778,3,3,1,0x009E,158,158,158,0,direct_signed,0x000000,0x00009E,yes,550306007503040096030000B6030400,5,plausible_frame_record_prefix
PHAPCK_TBL.decoded.bin,pck_object_0088_part_000_choice_000_frame_034,pck_object_0088,pck_object_0088_part_000,pck_object_0088_part_000_choice_000,0x007778,3,3,1,0x009E,158,158,158,0,object_plus_unsigned,0x007668,0x007706,yes,04FF03020AFF80009601000000000000,0,in_range_no_structural_match
PHAPCK_TBL.decoded.bin,pck_object_0088_part_000_choice_000_frame_034,pck_object_0088,pck_object_0088_part_000,pck_object_0088_part_000_choice_000,0x007778,3,3,1,0x009E,158,158,158,0,object_plus_signed,0x007668,0x007706,yes,04FF03020AFF80009601000000000000,0,in_range_no_structural_match
PHAPCK_TBL.decoded.bin,pck_object_0088_part_000_choice_000_frame_034,pck_object_0088,pck_object_0088_part_000,pck_object_0088_part_000_choice_000,0x007778,3,3,1,0x009E,158,158,158,0,block_plus_unsigned,0x007660,0x0076FE,yes,0506FF0708FF0A0204FF03020AFF8000,0,in_range_no_structural_match
PHAPCK_TBL.decoded.bin,pck_object_0088_part_000_choice_000_frame_034,pck_object_0088,pck_object_0088_part_000,pck_object_0088_part_000_choice_000,0x007778,3,3,1,0x009E,158,158,158,0,block_plus_signed,0x007660,0x0076FE,yes,0506FF0708FF0A0204FF03020AFF8000,0,in_range_no_structural_match
PHAPCK_TBL.decoded.bin,pck_object_0088_part_000_choice_000_frame_034,pck_object_0088,pck_object_0088_part_000,pck_object_0088_part_000_choice_000,0x007778,3,3,1,0x009E,158,158,158,0,part_plus_signed,0x007676,0x007714,yes,000001001A00000C220001006A000000,5,plausible_frame_record_prefix
PHAPCK_TBL.decoded.bin,pck_object_0088_part_000_choice_000_frame_034,pck_object_0088,pck_object_0088_part_000,pck_object_0088_part_000_choice_000,0x007778,3,3,1,0x009E,158,158,158,0,frame_plus_signed,0x007778,0x007816,yes,00080000000000F80000000018FC0000,0,in_range_no_structural_match
PHAPCK_TBL.decoded.bin,pck_object_0088_part_000_choice_000_frame_034,pck_object_0088,pck_object_0088_part_000,pck_object_0088_part_000_choice_000,0x007778,3,3,1,0x009E,158,158,158,0,payload_plus_signed,0x00777A,0x007818,yes,0000000000F80000000018FC000038FF,35,exact_frame_record;plausible_frame_record_prefix
PHAPCK_TBL.decoded.bin,pck_object_0088_part_000_choice_000_frame_035,pck_object_0088,pck_object_0088_part_000,pck_object_0088_part_000_choice_000,0x007780,3,3,-1,0x00A2,162,162,162,0,direct_unsigned,0x000000,0x0000A2,yes,7503040096030000B6030400D7030C00,5,plausible_frame_record_prefix
PHAPCK_TBL.decoded.bin,pck_object_0088_part_000_choice_000_frame_035,pck_object_0088,pck_object_0088_part_000,pck_object_0088_part_000_choice_000,0x007780,3,3,-1,0x00A2,162,162,162,0,direct_signed,0x000000,0x0000A2,yes,7503040096030000B6030400D7030C00,5,plausible_frame_record_prefix
PHAPCK_TBL.decoded.bin,pck_object_0088_part_000_choice_000_frame_035,pck_object_0088,pck_object_0088_part_000,pck_object_0088_part_000_choice_000,0x007780,3,3,-1,0x00A2,162,162,162,0,object_plus_unsigned,0x007668,0x00770A,yes,0AFF8000960100000000000001001A00,0,in_range_no_structural_match
PHAPCK_TBL.decoded.bin,pck_object_0088_part_000_choice_000_frame_035,pck_object_0088,pck_object_0088_part_000,pck_object_0088_part_000_choice_000,0x007780,3,3,-1,0x00A2,162,162,162,0,object_plus_signed,0x007668,0x00770A,yes,0AFF8000960100000000000001001A00,0,in_range_no_structural_match
PHAPCK_TBL.decoded.bin,pck_object_0088_part_000_choice_000_frame_035,pck_object_0088,pck_object_0088_part_000,pck_object_0088_part_000_choice_000,0x007780,3,3,-1,0x00A2,162,162,162,0,block_plus_unsigned,0x007660,0x007702,yes,08FF0A0204FF03020AFF800096010000,0,in_range_no_structural_match
PHAPCK_TBL.decoded.bin,pck_object_0088_part_000_choice_000_frame_035,pck_object_0088,pck_object_0088_part_000,pck_object_0088_part_000_choice_000,0x007780,3,3,-1,0x00A2,162,162,162,0,block_plus_signed,0x007660,0x007702,yes,08FF0A0204FF03020AFF800096010000,0,in_range_no_structural_match
PHAPCK_TBL.decoded.bin,pck_object_0088_part_000_choice_000_frame_035,pck_object_0088,pck_object_0088_part_000,pck_object_0088_part_000_choice_000,0x007780,3,3,-1,0x00A2,162,162,162,0,part_plus_signed,0x007676,0x007718,yes,1A00000C220001006A000000C800D007,45,exact_frame_record;plausible_drawable_extents_at_plus6_plus8;plausible_frame_record_prefix
PHAPCK_TBL.decoded.bin,pck_object_0088_part_000_choice_000_frame_035,pck_object_0088,pck_object_0088_part_000,pck_object_0088_part_000_choice_000,0x007780,3,3,-1,0x00A2,162,162,162,0,frame_plus_signed,0x007780,0x007822,yes,18FC000038FF0000DC061D0460FF3200,0,in_range_no_structural_match
PHAPCK_TBL.decoded.bin,pck_object_0088_part_000_choice_000_frame_035,pck_object_0088,pck_object_0088_part_000,pck_object_0088_part_000_choice_000,0x007780,3,3,-1,0x00A2,162,162,162,0,payload_plus_signed,0x007782,0x007824,yes,000038FF0000DC061D0460FF3200ECFF,5,plausible_frame_record_prefix
PHAPCK_TBL.decoded.bin,pck_object_0088_part_000_choice_000_frame_036,pck_object_0088,pck_object_0088_part_000,pck_object_0088_part_000_choice_000,0x007788,3,3,-1,0x00A5,165,165,165,0,direct_unsigned,0x000000,0x0000A5,yes,0096030000B6030400D7030C00F70300,0,in_range_no_structural_match
PHAPCK_TBL.decoded.bin,pck_object_0088_part_000_choice_000_frame_036,pck_object_0088,pck_object_0088_part_000,pck_object_0088_part_000_choice_000,0x007788,3,3,-1,0x00A5,165,165,165,0,direct_signed,0x000000,0x0000A5,yes,0096030000B6030400D7030C00F70300,0,in_range_no_structural_match
PHAPCK_TBL.decoded.bin,pck_object_0088_part_000_choice_000_frame_036,pck_object_0088,pck_object_0088_part_000,pck_object_0088_part_000_choice_000,0x007788,3,3,-1,0x00A5,165,165,165,0,object_plus_unsigned,0x007668,0x00770D,yes,00960100000000000001001A00000C22,0,in_range_no_structural_match
PHAPCK_TBL.decoded.bin,pck_object_0088_part_000_choice_000_frame_036,pck_object_0088,pck_object_0088_part_000,pck_object_0088_part_000_choice_000,0x007788,3,3,-1,0x00A5,165,165,165,0,object_plus_signed,0x007668,0x00770D,yes,00960100000000000001001A00000C22,0,in_range_no_structural_match
PHAPCK_TBL.decoded.bin,pck_object_0088_part_000_choice_000_frame_036,pck_object_0088,pck_object_0088_part_000,pck_object_0088_part_000_choice_000,0x007788,3,3,-1,0x00A5,165,165,165,0,block_plus_unsigned,0x007660,0x007705,yes,0204FF03020AFF800096010000000000,0,in_range_no_structural_match
PHAPCK_TBL.decoded.bin,pck_object_0088_part_000_choice_000_frame_036,pck_object_0088,pck_object_0088_part_000,pck_object_0088_part_000_choice_000,0x007788,3,3,-1,0x00A5,165,165,165,0,block_plus_signed,0x007660,0x007705,yes,0204FF03020AFF800096010000000000,0,in_range_no_structural_match
PHAPCK_TBL.decoded.bin,pck_object_0088_part_000_choice_000_frame_036,pck_object_0088,pck_object_0088_part_000,pck_object_0088_part_000_choice_000,0x007788,3,3,-1,0x00A5,165,165,165,0,part_plus_signed,0x007676,0x00771B,yes,0C220001006A000000C800D00774FABF,0,in_range_no_structural_match
PHAPCK_TBL.decoded.bin,pck_object_0088_part_000_choice_000_frame_036,pck_object_0088,pck_object_0088_part_000,pck_object_0088_part_000_choice_000,0x007788,3,3,-1,0x00A5,165,165,165,0,frame_plus_signed,0x007788,0x00782D,yes,0460FF3200ECFF7EFF3200ECFF000087,0,in_range_no_structural_match
PHAPCK_TBL.decoded.bin,pck_object_0088_part_000_choice_000_frame_036,pck_object_0088,pck_object_0088_part_000,pck_object_0088_part_000_choice_000,0x007788,3,3,-1,0x00A5,165,165,165,0,payload_plus_signed,0x00778A,0x00782F,yes,FF3200ECFF7EFF3200ECFF000087026A,5,byte0_high_bit_set
PHAPCK_TBL.decoded.bin,pck_object_0088_part_000_choice_000_frame_038,pck_object_0088,pck_object_0088_part_000,pck_object_0088_part_000_choice_000,0x007798,3,3,11,0x00AC,172,172,172,0,direct_unsigned,0x000000,0x0000AC,yes,0400D7030C00F703000019040C003804,5,plausible_frame_record_prefix
PHAPCK_TBL.decoded.bin,pck_object_0088_part_000_choice_000_frame_038,pck_object_0088,pck_object_0088_part_000,pck_object_0088_part_000_choice_000,0x007798,3,3,11,0x00AC,172,172,172,0,direct_signed,0x000000,0x0000AC,yes,0400D7030C00F703000019040C003804,5,plausible_frame_record_prefix
PHAPCK_TBL.decoded.bin,pck_object_0088_part_000_choice_000_frame_038,pck_object_0088,pck_object_0088_part_000,pck_object_0088_part_000_choice_000,0x007798,3,3,11,0x00AC,172,172,172,0,object_plus_unsigned,0x007668,0x007714,yes,000001001A00000C220001006A000000,5,plausible_frame_record_prefix
PHAPCK_TBL.decoded.bin,pck_object_0088_part_000_choice_000_frame_038,pck_object_0088,pck_object_0088_part_000,pck_object_0088_part_000_choice_000,0x007798,3,3,11,0x00AC,172,172,172,0,object_plus_signed,0x007668,0x007714,yes,000001001A00000C220001006A000000,5,plausible_frame_record_prefix
PHAPCK_TBL.decoded.bin,pck_object_0088_part_000_choice_000_frame_038,pck_object_0088,pck_object_0088_part_000,pck_object_0088_part_000_choice_000,0x007798,3,3,11,0x00AC,172,172,172,0,block_plus_unsigned,0x007660,0x00770C,yes,8000960100000000000001001A00000C,75,exact_object_offset;byte0_high_bit_set;plausible_object_header;plausible_frame_record_prefix
PHAPCK_TBL.decoded.bin,pck_object_0088_part_000_choice_000_frame_038,pck_object_0088,pck_object_0088_part_000,pck_object_0088_part_000_choice_000,0x007798,3,3,11,0x00AC,172,172,172,0,block_plus_signed,0x007660,0x00770C,yes,8000960100000000000001001A00000C,75,exact_object_offset;byte0_high_bit_set;plausible_object_header;plausible_frame_record_prefix
PHAPCK_TBL.decoded.bin,pck_object_0088_part_000_choice_000_frame_038,pck_object_0088,pck_object_0088_part_000,pck_object_0088_part_000_choice_000,0x007798,3,3,11,0x00AC,172,172,172,0,part_plus_signed,0x007676,0x007722,yes,0000C800D00774FABF05A4FF00004001,5,plausible_frame_record_prefix
PHAPCK_TBL.decoded.bin,pck_object_0088_part_000_choice_000_frame_038,pck_object_0088,pck_object_0088_part_000,pck_object_0088_part_000_choice_000,0x007798,3,3,11,0x00AC,172,172,172,0,frame_plus_signed,0x007798,0x007844,yes,E2FF60FF1400E2FF000073F96AFB08F8,5,byte0_high_bit_set
PHAPCK_TBL.decoded.bin,pck_object_0088_part_000_choice_000_frame_038,pck_object_0088,pck_object_0088_part_000,pck_object_0088_part_000_choice_000,0x007798,3,3,11,0x00AC,172,172,172,0,payload_plus_signed,0x00779A,0x007846,yes,60FF1400E2FF000073F96AFB08F83800,0,in_range_no_structural_match
PHAPCK_TBL.decoded.bin,pck_object_0088_part_000_choice_000_frame_040,pck_object_0088,pck_object_0088_part_000,pck_object_0088_part_000_choice_000,0x0077A8,2,4,-1,0x0203,515,515,3,2,direct_unsigned,0x000000,0x000203,yes,FC000000000000F8026D0756FFE2FFFA,10,byte0_high_bit_set;plausible_frame_record_prefix
PHAPCK_TBL.decoded.bin,pck_object_0088_part_000_choice_000_frame_040,pck_object_0088,pck_object_0088_part_000,pck_object_0088_part_000_choice_000,0x0077A8,2,4,-1,0x0203,515,515,3,2,direct_signed,0x000000,0x000203,yes,FC000000000000F8026D0756FFE2FFFA,10,byte0_high_bit_set;plausible_frame_record_prefix
PHAPCK_TBL.decoded.bin,pck_object_0088_part_000_choice_000_frame_040,pck_object_0088,pck_object_0088_part_000,pck_object_0088_part_000_choice_000,0x0077A8,2,4,-1,0x0203,515,515,3,2,object_plus_unsigned,0x007668,0x00786B,yes,00810707050506E100810707050509E6,0,in_range_no_structural_match
PHAPCK_TBL.decoded.bin,pck_object_0088_part_000_choice_000_frame_040,pck_object_0088,pck_object_0088_part_000,pck_object_0088_part_000_choice_000,0x0077A8,2,4,-1,0x0203,515,515,3,2,object_plus_signed,0x007668,0x00786B,yes,00810707050506E100810707050509E6,0,in_range_no_structural_match
PHAPCK_TBL.decoded.bin,pck_object_0088_part_000_choice_000_frame_040,pck_object_0088,pck_object_0088_part_000,pck_object_0088_part_000_choice_000,0x0077A8,2,4,-1,0x0203,515,515,3,2,block_plus_unsigned,0x007660,0x007863,yes,01810808000001DC00810707050506E1,0,in_range_no_structural_match
PHAPCK_TBL.decoded.bin,pck_object_0088_part_000_choice_000_frame_040,pck_object_0088,pck_object_0088_part_000,pck_object_0088_part_000_choice_000,0x0077A8,2,4,-1,0x0203,515,515,3,2,block_plus_signed,0x007660,0x007863,yes,01810808000001DC00810707050506E1,0,in_range_no_structural_match
PHAPCK_TBL.decoded.bin,pck_object_0088_part_000_choice_000_frame_040,pck_object_0088,pck_object_0088_part_000,pck_object_0088_part_000_choice_000,0x0077A8,2,4,-1,0x0203,515,515,3,2,part_plus_signed,0x007676,0x007879,yes,09E60081080800000CEB008108080000,0,in_range_no_structural_match
PHAPCK_TBL.decoded.bin,pck_object_0088_part_000_choice_000_frame_040,pck_object_0088,pck_object_0088_part_000,pck_object_0088_part_000_choice_000,0x0077A8,2,4,-1,0x0203,515,515,3,2,frame_plus_signed,0x0077A8,0x0079AB,yes,01DE00810707050506E3008107070505,0,in_range_no_structural_match
PHAPCK_TBL.decoded.bin,pck_object_0088_part_000_choice_000_frame_040,pck_object_0088,pck_object_0088_part_000,pck_object_0088_part_000_choice_000,0x0077A8,2,4,-1,0x0203,515,515,3,2,payload_plus_signed,0x0077AA,0x0079AD,yes,00810707050506E300810707050509E8,0,in_range_no_structural_match
PHAPCK_TBL.decoded.bin,pck_object_0088_part_000_choice_000_frame_090,pck_object_0088,pck_object_0088_part_000,pck_object_0088_part_000_choice_000,0x007938,2,86,-1,0xFFF6,65526,-10,246,255,direct_unsigned,0x000000,0x00FFF6,no,,0,outside_decoded_stream
PHAPCK_TBL.decoded.bin,pck_object_0088_part_000_choice_000_frame_090,pck_object_0088,pck_object_0088_part_000,pck_object_0088_part_000_choice_000,0x007938,2,86,-1,0xFFF6,65526,-10,246,255,direct_signed,0x000000,-0x00000A,no,,0,outside_decoded_stream
PHAPCK_TBL.decoded.bin,pck_object_0088_part_000_choice_000_frame_090,pck_object_0088,pck_object_0088_part_000,pck_object_0088_part_000_choice_000,0x007938,2,86,-1,0xFFF6,65526,-10,246,255,object_plus_unsigned,0x007668,0x01765E,no,,0,outside_decoded_stream
PHAPCK_TBL.decoded.bin,pck_object_0088_part_000_choice_000_frame_090,pck_object_0088,pck_object_0088_part_000,pck_object_0088_part_000_choice_000,0x007938,2,86,-1,0xFFF6,65526,-10,246,255,object_plus_signed,0x007668,0x00765E,yes,08FF0A0204FF03020AFF800040010000,0,in_range_no_structural_match
PHAPCK_TBL.decoded.bin,pck_object_0088_part_000_choice_000_frame_090,pck_object_0088,pck_object_0088_part_000,pck_object_0088_part_000_choice_000,0x007938,2,86,-1,0xFFF6,65526,-10,246,255,block_plus_unsigned,0x007660,0x017656,no,,0,outside_decoded_stream
PHAPCK_TBL.decoded.bin,pck_object_0088_part_000_choice_000_frame_090,pck_object_0088,pck_object_0088_part_000,pck_object_0088_part_000_choice_000,0x007938,2,86,-1,0xFFF6,65526,-10,246,255,block_plus_signed,0x007660,0x007656,yes,020304FF0506FF0708FF0A0204FF0302,5,plausible_frame_record_prefix
PHAPCK_TBL.decoded.bin,pck_object_0088_part_000_choice_000_frame_090,pck_object_0088,pck_object_0088_part_000,pck_object_0088_part_000_choice_000,0x007938,2,86,-1,0xFFF6,65526,-10,246,255,part_plus_signed,0x007676,0x00766C,yes,00000000000001001600000C1E000100,15,plausible_drawable_extents_at_plus6_plus8;plausible_frame_record_prefix
PHAPCK_TBL.decoded.bin,pck_object_0088_part_000_choice_000_frame_090,pck_object_0088,pck_object_0088_part_000,pck_object_0088_part_000_choice_000,0x007938,2,86,-1,0xFFF6,65526,-10,246,255,frame_plus_signed,0x007938,0x00792E,yes,7EFFA6FFB4000000B7071A0256FFF6FF,0,in_range_no_structural_match
PHAPCK_TBL.decoded.bin,pck_object_0088_part_000_choice_000_frame_090,pck_object_0088,pck_object_0088_part_000,pck_object_0088_part_000_choice_000,0x007938,2,86,-1,0xFFF6,65526,-10,246,255,payload_plus_signed,0x00793A,0x007930,yes,A6FFB4000000B7071A0256FFF6FF3C00,35,exact_frame_record;byte0_high_bit_set
PHAPCK_TBL.decoded.bin,pck_object_0091_part_000_choice_000_frame_049,pck_object_0091,pck_object_0091_part_000,pck_object_0091_part_000_choice_000,0x007A7A,2,86,-1,0xFFA6,65446,-90,166,255,direct_unsigned,0x000000,0x00FFA6,no,,0,outside_decoded_stream
PHAPCK_TBL.decoded.bin,pck_object_0091_part_000_choice_000_frame_049,pck_object_0091,pck_object_0091_part_000,pck_object_0091_part_000_choice_000,0x007A7A,2,86,-1,0xFFA6,65446,-90,166,255,direct_signed,0x000000,-0x00005A,no,,0,outside_decoded_stream
PHAPCK_TBL.decoded.bin,pck_object_0091_part_000_choice_000_frame_049,pck_object_0091,pck_object_0091_part_000,pck_object_0091_part_000_choice_000,0x007A7A,2,86,-1,0xFFA6,65446,-90,166,255,object_plus_unsigned,0x0078F2,0x017898,no,,0,outside_decoded_stream
PHAPCK_TBL.decoded.bin,pck_object_0091_part_000_choice_000_frame_049,pck_object_0091,pck_object_0091_part_000,pck_object_0091_part_000_choice_000,0x007A7A,2,86,-1,0xFFA6,65446,-90,166,255,object_plus_signed,0x0078F2,0x007898,yes,0205FF04080A05FF0B070302FF0100F9,30,exact_frame_record
PHAPCK_TBL.decoded.bin,pck_object_0091_part_000_choice_000_frame_049,pck_object_0091,pck_object_0091_part_000,pck_object_0091_part_000_choice_000,0x007A7A,2,86,-1,0xFFA6,65446,-90,166,255,block_plus_unsigned,0x0078F0,0x017896,no,,0,outside_decoded_stream
PHAPCK_TBL.decoded.bin,pck_object_0091_part_000_choice_000_frame_049,pck_object_0091,pck_object_0091_part_000,pck_object_0091_part_000_choice_000,0x007A7A,2,86,-1,0xFFA6,65446,-90,166,255,block_plus_signed,0x0078F0,0x007896,yes,0A0B0205FF04080A05FF0B070302FF01,0,in_range_no_structural_match
PHAPCK_TBL.decoded.bin,pck_object_0091_part_000_choice_000_frame_049,pck_object_0091,pck_object_0091_part_000,pck_object_0091_part_000_choice_000,0x007A7A,2,86,-1,0xFFA6,65446,-90,166,255,part_plus_signed,0x007900,0x0078A6,yes,00F90000000500010100108108080000,10,plausible_drawable_extents_at_plus6_plus8
PHAPCK_TBL.decoded.bin,pck_object_0091_part_000_choice_000_frame_049,pck_object_0091,pck_object_0091_part_000,pck_object_0091_part_000_choice_000,0x007A7A,2,86,-1,0xFFA6,65446,-90,166,255,frame_plus_signed,0x007A7A,0x007A20,yes,13111014FF0A13140BFF11130A08FF14,0,in_range_no_structural_match
PHAPCK_TBL.decoded.bin,pck_object_0091_part_000_choice_000_frame_049,pck_object_0091,pck_object_0091_part_000,pck_object_0091_part_000_choice_000,0x007A7A,2,86,-1,0xFFA6,65446,-90,166,255,payload_plus_signed,0x007A7C,0x007A22,yes,1014FF0A13140BFF11130A08FF141007,30,exact_frame_record
PHAPCK_TBL.decoded.bin,pck_object_0091_part_000_choice_000_frame_108,pck_object_0091,pck_object_0091_part_000,pck_object_0091_part_000_choice_000,0x007C52,3,4,5,0x07FF,2047,2047,255,7,direct_unsigned,0x000000,0x0007FF,yes,000100040100000A000C018108810808,5,plausible_frame_record_prefix
PHAPCK_TBL.decoded.bin,pck_object_0091_part_000_choice_000_frame_108,pck_object_0091,pck_object_0091_part_000,pck_object_0091_part_000_choice_000,0x007C52,3,4,5,0x07FF,2047,2047,255,7,direct_signed,0x000000,0x0007FF,yes,000100040100000A000C018108810808,5,plausible_frame_record_prefix
PHAPCK_TBL.decoded.bin,pck_object_0091_part_000_choice_000_frame_108,pck_object_0091,pck_object_0091_part_000,pck_object_0091_part_000_choice_000,0x007C52,3,4,5,0x07FF,2047,2047,255,7,object_plus_unsigned,0x0078F2,0x0080F1,yes,0050002EFFA00050002EFFFE071500AA,0,in_range_no_structural_match
PHAPCK_TBL.decoded.bin,pck_object_0091_part_000_choice_000_frame_108,pck_object_0091,pck_object_0091_part_000,pck_object_0091_part_000_choice_000,0x007C52,3,4,5,0x07FF,2047,2047,255,7,object_plus_signed,0x0078F2,0x0080F1,yes,0050002EFFA00050002EFFFE071500AA,0,in_range_no_structural_match
PHAPCK_TBL.decoded.bin,pck_object_0091_part_000_choice_000_frame_108,pck_object_0091,pck_object_0091_part_000,pck_object_0091_part_000_choice_000,0x007C52,3,4,5,0x07FF,2047,2047,255,7,block_plus_unsigned,0x0078F0,0x0080EF,yes,05820050002EFFA00050002EFFFE0715,0,in_range_no_structural_match
PHAPCK_TBL.decoded.bin,pck_object_0091_part_000_choice_000_frame_108,pck_object_0091,pck_object_0091_part_000,pck_object_0091_part_000_choice_000,0x007C52,3,4,5,0x07FF,2047,2047,255,7,block_plus_signed,0x0078F0,0x0080EF,yes,05820050002EFFA00050002EFFFE0715,0,in_range_no_structural_match
PHAPCK_TBL.decoded.bin,pck_object_0091_part_000_choice_000_frame_108,pck_object_0091,pck_object_0091_part_000,pck_object_0091_part_000_choice_000,0x007C52,3,4,5,0x07FF,2047,2047,255,7,part_plus_signed,0x007900,0x0080FF,yes,00AAFFA0003C001AFF000058FA58FA82,0,in_range_no_structural_match
PHAPCK_TBL.decoded.bin,pck_object_0091_part_000_choice_000_frame_108,pck_object_0091,pck_object_0091_part_000,pck_object_0091_part_000_choice_000,0x007C52,3,4,5,0x07FF,2047,2047,255,7,frame_plus_signed,0x007C52,0x008451,yes,FFF007D8FF1E00F6FFD8FFCEFFECFFA6,5,byte0_high_bit_set
PHAPCK_TBL.decoded.bin,pck_object_0091_part_000_choice_000_frame_108,pck_object_0091,pck_object_0091_part_000,pck_object_0091_part_000_choice_000,0x007C52,3,4,5,0x07FF,2047,2047,255,7,payload_plus_signed,0x007C54,0x008453,yes,07D8FF1E00F6FFD8FFCEFFECFFA6FFCE,0,in_range_no_structural_match
PHAPCK_TBL.decoded.bin,pck_object_0091_part_000_choice_000_frame_121,pck_object_0091,pck_object_0091_part_000,pck_object_0091_part_000_choice_000,0x007CBA,2,0,0,0x0000,0,0,0,0,direct_unsigned,0x000000,0x000000,yes,04001E000A003100060045000F005A00,15,plausible_drawable_extents_at_plus6_plus8;plausible_frame_record_prefix
PHAPCK_TBL.decoded.bin,pck_object_0091_part_000_choice_000_frame_121,pck_object_0091,pck_object_0091_part_000,pck_object_0091_part_000_choice_000,0x007CBA,2,0,0,0x0000,0,0,0,0,direct_signed,0x000000,0x000000,yes,04001E000A003100060045000F005A00,15,plausible_drawable_extents_at_plus6_plus8;plausible_frame_record_prefix
PHAPCK_TBL.decoded.bin,pck_object_0091_part_000_choice_000_frame_121,pck_object_0091,pck_object_0091_part_000,pck_object_0091_part_000_choice_000,0x007CBA,2,0,0,0x0000,0,0,0,0,object_plus_unsigned,0x0078F2,0x0078F2,yes,80000701000000000000020010000017,105,exact_object_offset;exact_frame_record;byte0_high_bit_set;plausible_object_header;plausible_frame_record_prefix
PHAPCK_TBL.decoded.bin,pck_object_0091_part_000_choice_000_frame_121,pck_object_0091,pck_object_0091_part_000,pck_object_0091_part_000_choice_000,0x007CBA,2,0,0,0x0000,0,0,0,0,object_plus_signed,0x0078F2,0x0078F2,yes,80000701000000000000020010000017,105,exact_object_offset;exact_frame_record;byte0_high_bit_set;plausible_object_header;plausible_frame_record_prefix
PHAPCK_TBL.decoded.bin,pck_object_0091_part_000_choice_000_frame_121,pck_object_0091,pck_object_0091_part_000,pck_object_0091_part_000_choice_000,0x007CBA,2,0,0,0x0000,0,0,0,0,block_plus_unsigned,0x0078F0,0x0078F0,yes,0BFF8000070100000000000002001000,55,exact_frame_record;exact_block_offset
PHAPCK_TBL.decoded.bin,pck_object_0091_part_000_choice_000_frame_121,pck_object_0091,pck_object_0091_part_000,pck_object_0091_part_000_choice_000,0x007CBA,2,0,0,0x0000,0,0,0,0,block_plus_signed,0x0078F0,0x0078F0,yes,0BFF8000070100000000000002001000,55,exact_frame_record;exact_block_offset
PHAPCK_TBL.decoded.bin,pck_object_0091_part_000_choice_000_frame_121,pck_object_0091,pck_object_0091_part_000,pck_object_0091_part_000_choice_000,0x007CBA,2,0,0,0x0000,0,0,0,0,part_plus_signed,0x007900,0x007900,yes,001720000100AA000E1720000100F700,65,exact_part_offset;exact_frame_record
PHAPCK_TBL.decoded.bin,pck_object_0091_part_000_choice_000_frame_121,pck_object_0091,pck_object_0091_part_000,pck_object_0091_part_000_choice_000,0x007CBA,2,0,0,0x0000,0,0,0,0,frame_plus_signed,0x007CBA,0x007CBA,yes,31020000000000000200160000152600,35,exact_frame_record;plausible_frame_record_prefix
PHAPCK_TBL.decoded.bin,pck_object_0091_part_000_choice_000_frame_121,pck_object_0091,pck_object_0091_part_000,pck_object_0091_part_000_choice_000,0x007CBA,2,0,0,0x0000,0,0,0,0,payload_plus_signed,0x007CBC,0x007CBC,yes,00000000000002001600001526000100,15,plausible_drawable_extents_at_plus6_plus8;plausible_frame_record_prefix
PHAPCK_TBL.decoded.bin,pck_object_0091_part_000_choice_000_frame_151,pck_object_0091,pck_object_0091_part_000,pck_object_0091_part_000_choice_000,0x007DAA,2,-1,-127,0x0808,2056,2056,8,8,direct_unsigned,0x000000,0x000808,yes,0C0181088108080000015C01810F0F01,35,exact_frame_table_entry;plausible_frame_record_prefix
PHAPCK_TBL.decoded.bin,pck_object_0091_part_000_choice_000_frame_151,pck_object_0091,pck_object_0091_part_000,pck_object_0091_part_000_choice_000,0x007DAA,2,-1,-127,0x0808,2056,2056,8,8,direct_signed,0x000000,0x000808,yes,0C0181088108080000015C01810F0F01,35,exact_frame_table_entry;plausible_frame_record_prefix
PHAPCK_TBL.decoded.bin,pck_object_0091_part_000_choice_000_frame_151,pck_object_0091,pck_object_0091_part_000,pck_object_0091_part_000_choice_000,0x007DAA,2,-1,-127,0x0808,2056,2056,8,8,object_plus_unsigned,0x0078F2,0x0080FA,yes,2EFFFE071500AAFFA0003C001AFF0000,30,exact_frame_record
PHAPCK_TBL.decoded.bin,pck_object_0091_part_000_choice_000_frame_151,pck_object_0091,pck_object_0091_part_000,pck_object_0091_part_000_choice_000,0x007DAA,2,-1,-127,0x0808,2056,2056,8,8,object_plus_signed,0x0078F2,0x0080FA,yes,2EFFFE071500AAFFA0003C001AFF0000,30,exact_frame_record
PHAPCK_TBL.decoded.bin,pck_object_0091_part_000_choice_000_frame_151,pck_object_0091,pck_object_0091_part_000,pck_object_0091_part_000_choice_000,0x007DAA,2,-1,-127,0x0808,2056,2056,8,8,block_plus_unsigned,0x0078F0,0x0080F8,yes,50002EFFFE071500AAFFA0003C001AFF,5,plausible_frame_record_prefix
PHAPCK_TBL.decoded.bin,pck_object_0091_part_000_choice_000_frame_151,pck_object_0091,pck_object_0091_part_000,pck_object_0091_part_000_choice_000,0x007DAA,2,-1,-127,0x0808,2056,2056,8,8,block_plus_signed,0x0078F0,0x0080F8,yes,50002EFFFE071500AAFFA0003C001AFF,5,plausible_frame_record_prefix
PHAPCK_TBL.decoded.bin,pck_object_0091_part_000_choice_000_frame_151,pck_object_0091,pck_object_0091_part_000,pck_object_0091_part_000_choice_000,0x007DAA,2,-1,-127,0x0808,2056,2056,8,8,part_plus_signed,0x007900,0x008108,yes,000058FA58FA82003C001AFF0000A805,15,plausible_drawable_extents_at_plus6_plus8;plausible_frame_record_prefix
PHAPCK_TBL.decoded.bin,pck_object_0091_part_000_choice_000_frame_151,pck_object_0091,pck_object_0091_part_000,pck_object_0091_part_000_choice_000,0x007DAA,2,-1,-127,0x0808,2056,2056,8,8,frame_plus_signed,0x007DAA,0x0085B2,yes,FFD8FFB0FFC4FFA6FFB0FFC4FFA6FF00,35,exact_frame_record;byte0_high_bit_set
PHAPCK_TBL.decoded.bin,pck_object_0091_part_000_choice_000_frame_151,pck_object_0091,pck_object_0091_part_000,pck_object_0091_part_000_choice_000,0x007DAA,2,-1,-127,0x0808,2056,2056,8,8,payload_plus_signed,0x007DAC,0x0085B4,yes,FFB0FFC4FFA6FFB0FFC4FFA6FF0000EC,5,byte0_high_bit_set
PHAPCK_TBL.decoded.bin,pck_object_0091_part_001_choice_000_frame_049,pck_object_0091,pck_object_0091_part_001,pck_object_0091_part_001_choice_000,0x007A7A,2,86,-1,0xFFA6,65446,-90,166,255,direct_unsigned,0x000000,0x00FFA6,no,,0,outside_decoded_stream
PHAPCK_TBL.decoded.bin,pck_object_0091_part_001_choice_000_frame_049,pck_object_0091,pck_object_0091_part_001,pck_object_0091_part_001_choice_000,0x007A7A,2,86,-1,0xFFA6,65446,-90,166,255,direct_signed,0x000000,-0x00005A,no,,0,outside_decoded_stream
PHAPCK_TBL.decoded.bin,pck_object_0091_part_001_choice_000_frame_049,pck_object_0091,pck_object_0091_part_001,pck_object_0091_part_001_choice_000,0x007A7A,2,86,-1,0xFFA6,65446,-90,166,255,object_plus_unsigned,0x0078F2,0x017898,no,,0,outside_decoded_stream
PHAPCK_TBL.decoded.bin,pck_object_0091_part_001_choice_000_frame_049,pck_object_0091,pck_object_0091_part_001,pck_object_0091_part_001_choice_000,0x007A7A,2,86,-1,0xFFA6,65446,-90,166,255,object_plus_signed,0x0078F2,0x007898,yes,0205FF04080A05FF0B070302FF0100F9,30,exact_frame_record
PHAPCK_TBL.decoded.bin,pck_object_0091_part_001_choice_000_frame_049,pck_object_0091,pck_object_0091_part_001,pck_object_0091_part_001_choice_000,0x007A7A,2,86,-1,0xFFA6,65446,-90,166,255,block_plus_unsigned,0x0078F0,0x017896,no,,0,outside_decoded_stream
PHAPCK_TBL.decoded.bin,pck_object_0091_part_001_choice_000_frame_049,pck_object_0091,pck_object_0091_part_001,pck_object_0091_part_001_choice_000,0x007A7A,2,86,-1,0xFFA6,65446,-90,166,255,block_plus_signed,0x0078F0,0x007896,yes,0A0B0205FF04080A05FF0B070302FF01,0,in_range_no_structural_match
PHAPCK_TBL.decoded.bin,pck_object_0091_part_001_choice_000_frame_049,pck_object_0091,pck_object_0091_part_001,pck_object_0091_part_001_choice_000,0x007A7A,2,86,-1,0xFFA6,65446,-90,166,255,part_plus_signed,0x007908,0x0078AE,yes,01001081080800000F29018100000000,5,plausible_frame_record_prefix
PHAPCK_TBL.decoded.bin,pck_object_0091_part_001_choice_000_frame_049,pck_object_0091,pck_object_0091_part_001,pck_object_0091_part_001_choice_000,0x007A7A,2,86,-1,0xFFA6,65446,-90,166,255,frame_plus_signed,0x007A7A,0x007A20,yes,13111014FF0A13140BFF11130A08FF14,0,in_range_no_structural_match
PHAPCK_TBL.decoded.bin,pck_object_0091_part_001_choice_000_frame_049,pck_object_0091,pck_object_0091_part_001,pck_object_0091_part_001_choice_000,0x007A7A,2,86,-1,0xFFA6,65446,-90,166,255,payload_plus_signed,0x007A7C,0x007A22,yes,1014FF0A13140BFF11130A08FF141007,30,exact_frame_record
PHAPCK_TBL.decoded.bin,pck_object_0091_part_001_choice_000_frame_108,pck_object_0091,pck_object_0091_part_001,pck_object_0091_part_001_choice_000,0x007C52,3,4,5,0x07FF,2047,2047,255,7,direct_unsigned,0x000000,0x0007FF,yes,000100040100000A000C018108810808,5,plausible_frame_record_prefix
PHAPCK_TBL.decoded.bin,pck_object_0091_part_001_choice_000_frame_108,pck_object_0091,pck_object_0091_part_001,pck_object_0091_part_001_choice_000,0x007C52,3,4,5,0x07FF,2047,2047,255,7,direct_signed,0x000000,0x0007FF,yes,000100040100000A000C018108810808,5,plausible_frame_record_prefix
PHAPCK_TBL.decoded.bin,pck_object_0091_part_001_choice_000_frame_108,pck_object_0091,pck_object_0091_part_001,pck_object_0091_part_001_choice_000,0x007C52,3,4,5,0x07FF,2047,2047,255,7,object_plus_unsigned,0x0078F2,0x0080F1,yes,0050002EFFA00050002EFFFE071500AA,0,in_range_no_structural_match
PHAPCK_TBL.decoded.bin,pck_object_0091_part_001_choice_000_frame_108,pck_object_0091,pck_object_0091_part_001,pck_object_0091_part_001_choice_000,0x007C52,3,4,5,0x07FF,2047,2047,255,7,object_plus_signed,0x0078F2,0x0080F1,yes,0050002EFFA00050002EFFFE071500AA,0,in_range_no_structural_match
PHAPCK_TBL.decoded.bin,pck_object_0091_part_001_choice_000_frame_108,pck_object_0091,pck_object_0091_part_001,pck_object_0091_part_001_choice_000,0x007C52,3,4,5,0x07FF,2047,2047,255,7,block_plus_unsigned,0x0078F0,0x0080EF,yes,05820050002EFFA00050002EFFFE0715,0,in_range_no_structural_match
PHAPCK_TBL.decoded.bin,pck_object_0091_part_001_choice_000_frame_108,pck_object_0091,pck_object_0091_part_001,pck_object_0091_part_001_choice_000,0x007C52,3,4,5,0x07FF,2047,2047,255,7,block_plus_signed,0x0078F0,0x0080EF,yes,05820050002EFFA00050002EFFFE0715,0,in_range_no_structural_match
PHAPCK_TBL.decoded.bin,pck_object_0091_part_001_choice_000_frame_108,pck_object_0091,pck_object_0091_part_001,pck_object_0091_part_001_choice_000,0x007C52,3,4,5,0x07FF,2047,2047,255,7,part_plus_signed,0x007908,0x008107,yes,FF000058FA58FA82003C001AFF0000A8,10,byte0_high_bit_set;plausible_frame_record_prefix
PHAPCK_TBL.decoded.bin,pck_object_0091_part_001_choice_000_frame_108,pck_object_0091,pck_object_0091_part_001,pck_object_0091_part_001_choice_000,0x007C52,3,4,5,0x07FF,2047,2047,255,7,frame_plus_signed,0x007C52,0x008451,yes,FFF007D8FF1E00F6FFD8FFCEFFECFFA6,5,byte0_high_bit_set
PHAPCK_TBL.decoded.bin,pck_object_0091_part_001_choice_000_frame_108,pck_object_0091,pck_object_0091_part_001,pck_object_0091_part_001_choice_000,0x007C52,3,4,5,0x07FF,2047,2047,255,7,payload_plus_signed,0x007C54,0x008453,yes,07D8FF1E00F6FFD8FFCEFFECFFA6FFCE,0,in_range_no_structural_match
PHAPCK_TBL.decoded.bin,pck_object_0091_part_001_choice_000_frame_121,pck_object_0091,pck_object_0091_part_001,pck_object_0091_part_001_choice_000,0x007CBA,2,0,0,0x0000,0,0,0,0,direct_unsigned,0x000000,0x000000,yes,04001E000A003100060045000F005A00,15,plausible_drawable_extents_at_plus6_plus8;plausible_frame_record_prefix
PHAPCK_TBL.decoded.bin,pck_object_0091_part_001_choice_000_frame_121,pck_object_0091,pck_object_0091_part_001,pck_object_0091_part_001_choice_000,0x007CBA,2,0,0,0x0000,0,0,0,0,direct_signed,0x000000,0x000000,yes,04001E000A003100060045000F005A00,15,plausible_drawable_extents_at_plus6_plus8;plausible_frame_record_prefix
PHAPCK_TBL.decoded.bin,pck_object_0091_part_001_choice_000_frame_121,pck_object_0091,pck_object_0091_part_001,pck_object_0091_part_001_choice_000,0x007CBA,2,0,0,0x0000,0,0,0,0,object_plus_unsigned,0x0078F2,0x0078F2,yes,80000701000000000000020010000017,105,exact_object_offset;exact_frame_record;byte0_high_bit_set;plausible_object_header;plausible_frame_record_prefix
PHAPCK_TBL.decoded.bin,pck_object_0091_part_001_choice_000_frame_121,pck_object_0091,pck_object_0091_part_001,pck_object_0091_part_001_choice_000,0x007CBA,2,0,0,0x0000,0,0,0,0,object_plus_signed,0x0078F2,0x0078F2,yes,80000701000000000000020010000017,105,exact_object_offset;exact_frame_record;byte0_high_bit_set;plausible_object_header;plausible_frame_record_prefix
PHAPCK_TBL.decoded.bin,pck_object_0091_part_001_choice_000_frame_121,pck_object_0091,pck_object_0091_part_001,pck_object_0091_part_001_choice_000,0x007CBA,2,0,0,0x0000,0,0,0,0,block_plus_unsigned,0x0078F0,0x0078F0,yes,0BFF8000070100000000000002001000,55,exact_frame_record;exact_block_offset
PHAPCK_TBL.decoded.bin,pck_object_0091_part_001_choice_000_frame_121,pck_object_0091,pck_object_0091_part_001,pck_object_0091_part_001_choice_000,0x007CBA,2,0,0,0x0000,0,0,0,0,block_plus_signed,0x0078F0,0x0078F0,yes,0BFF8000070100000000000002001000,55,exact_frame_record;exact_block_offset
PHAPCK_TBL.decoded.bin,pck_object_0091_part_001_choice_000_frame_121,pck_object_0091,pck_object_0091_part_001,pck_object_0091_part_001_choice_000,0x007CBA,2,0,0,0x0000,0,0,0,0,part_plus_signed,0x007908,0x007908,yes,0E1720000100F70018FC000000000000,65,exact_part_offset;exact_frame_record
PHAPCK_TBL.decoded.bin,pck_object_0091_part_001_choice_000_frame_121,pck_object_0091,pck_object_0091_part_001,pck_object_0091_part_001_choice_000,0x007CBA,2,0,0,0x0000,0,0,0,0,frame_plus_signed,0x007CBA,0x007CBA,yes,31020000000000000200160000152600,35,exact_frame_record;plausible_frame_record_prefix
PHAPCK_TBL.decoded.bin,pck_object_0091_part_001_choice_000_frame_121,pck_object_0091,pck_object_0091_part_001,pck_object_0091_part_001_choice_000,0x007CBA,2,0,0,0x0000,0,0,0,0,payload_plus_signed,0x007CBC,0x007CBC,yes,00000000000002001600001526000100,15,plausible_drawable_extents_at_plus6_plus8;plausible_frame_record_prefix
PHAPCK_TBL.decoded.bin,pck_object_0091_part_001_choice_000_frame_151,pck_object_0091,pck_object_0091_part_001,pck_object_0091_part_001_choice_000,0x007DAA,2,-1,-127,0x0808,2056,2056,8,8,direct_unsigned,0x000000,0x000808,yes,0C0181088108080000015C01810F0F01,35,exact_frame_table_entry;plausible_frame_record_prefix
PHAPCK_TBL.decoded.bin,pck_object_0091_part_001_choice_000_frame_151,pck_object_0091,pck_object_0091_part_001,pck_object_0091_part_001_choice_000,0x007DAA,2,-1,-127,0x0808,2056,2056,8,8,direct_signed,0x000000,0x000808,yes,0C0181088108080000015C01810F0F01,35,exact_frame_table_entry;plausible_frame_record_prefix
PHAPCK_TBL.decoded.bin,pck_object_0091_part_001_choice_000_frame_151,pck_object_0091,pck_object_0091_part_001,pck_object_0091_part_001_choice_000,0x007DAA,2,-1,-127,0x0808,2056,2056,8,8,object_plus_unsigned,0x0078F2,0x0080FA,yes,2EFFFE071500AAFFA0003C001AFF0000,30,exact_frame_record
PHAPCK_TBL.decoded.bin,pck_object_0091_part_001_choice_000_frame_151,pck_object_0091,pck_object_0091_part_001,pck_object_0091_part_001_choice_000,0x007DAA,2,-1,-127,0x0808,2056,2056,8,8,object_plus_signed,0x0078F2,0x0080FA,yes,2EFFFE071500AAFFA0003C001AFF0000,30,exact_frame_record
PHAPCK_TBL.decoded.bin,pck_object_0091_part_001_choice_000_frame_151,pck_object_0091,pck_object_0091_part_001,pck_object_0091_part_001_choice_000,0x007DAA,2,-1,-127,0x0808,2056,2056,8,8,block_plus_unsigned,0x0078F0,0x0080F8,yes,50002EFFFE071500AAFFA0003C001AFF,5,plausible_frame_record_prefix
PHAPCK_TBL.decoded.bin,pck_object_0091_part_001_choice_000_frame_151,pck_object_0091,pck_object_0091_part_001,pck_object_0091_part_001_choice_000,0x007DAA,2,-1,-127,0x0808,2056,2056,8,8,block_plus_signed,0x0078F0,0x0080F8,yes,50002EFFFE071500AAFFA0003C001AFF,5,plausible_frame_record_prefix
PHAPCK_TBL.decoded.bin,pck_object_0091_part_001_choice_000_frame_151,pck_object_0091,pck_object_0091_part_001,pck_object_0091_part_001_choice_000,0x007DAA,2,-1,-127,0x0808,2056,2056,8,8,part_plus_signed,0x007908,0x008110,yes,3C001AFF0000A80558FA0100AE000000,5,plausible_frame_record_prefix
PHAPCK_TBL.decoded.bin,pck_object_0091_part_001_choice_000_frame_151,pck_object_0091,pck_object_0091_part_001,pck_object_0091_part_001_choice_000,0x007DAA,2,-1,-127,0x0808,2056,2056,8,8,frame_plus_signed,0x007DAA,0x0085B2,yes,FFD8FFB0FFC4FFA6FFB0FFC4FFA6FF00,35,exact_frame_record;byte0_high_bit_set
PHAPCK_TBL.decoded.bin,pck_object_0091_part_001_choice_000_frame_151,pck_object_0091,pck_object_0091_part_001,pck_object_0091_part_001_choice_000,0x007DAA,2,-1,-127,0x0808,2056,2056,8,8,payload_plus_signed,0x007DAC,0x0085B4,yes,FFB0FFC4FFA6FFB0FFC4FFA6FF0000EC,5,byte0_high_bit_set
PHAPCK_TBL.decoded.bin,pck_object_0091_part_001_choice_000_frame_187,pck_object_0091,pck_object_0091_part_001,pck_object_0091_part_001_choice_000,0x007ECA,3,4,5,0x04FF,1279,1279,255,4,direct_unsigned,0x000000,0x0004FF,yes,0000000D00B800080081080F00010120,5,plausible_frame_record_prefix
PHAPCK_TBL.decoded.bin,pck_object_0091_part_001_choice_000_frame_187,pck_object_0091,pck_object_0091_part_001,pck_object_0091_part_001_choice_000,0x007ECA,3,4,5,0x04FF,1279,1279,255,4,direct_signed,0x000000,0x0004FF,yes,0000000D00B800080081080F00010120,5,plausible_frame_record_prefix
PHAPCK_TBL.decoded.bin,pck_object_0091_part_001_choice_000_frame_187,pck_object_0091,pck_object_0091_part_001,pck_object_0091_part_001_choice_000,0x007ECA,3,4,5,0x04FF,1279,1279,255,4,object_plus_unsigned,0x0078F2,0x007DF1,yes,0100000000000002001C0000172C0001,5,plausible_frame_record_prefix
PHAPCK_TBL.decoded.bin,pck_object_0091_part_001_choice_000_frame_187,pck_object_0091,pck_object_0091_part_001,pck_object_0091_part_001_choice_000,0x007ECA,3,4,5,0x04FF,1279,1279,255,4,object_plus_signed,0x0078F2,0x007DF1,yes,0100000000000002001C0000172C0001,5,plausible_frame_record_prefix
PHAPCK_TBL.decoded.bin,pck_object_0091_part_001_choice_000_frame_187,pck_object_0091,pck_object_0091_part_001,pck_object_0091_part_001_choice_000,0x007ECA,3,4,5,0x04FF,1279,1279,255,4,block_plus_unsigned,0x0078F0,0x007DEF,yes,000E0100000000000002001C0000172C,0,in_range_no_structural_match
PHAPCK_TBL.decoded.bin,pck_object_0091_part_001_choice_000_frame_187,pck_object_0091,pck_object_0091_part_001,pck_object_0091_part_001_choice_000,0x007ECA,3,4,5,0x04FF,1279,1279,255,4,block_plus_signed,0x0078F0,0x007DEF,yes,000E0100000000000002001C0000172C,0,in_range_no_structural_match
PHAPCK_TBL.decoded.bin,pck_object_0091_part_001_choice_000_frame_187,pck_object_0091,pck_object_0091_part_001,pck_object_0091_part_001_choice_000,0x007ECA,3,4,5,0x04FF,1279,1279,255,4,part_plus_signed,0x007908,0x007E07,yes,0001000301E803000000000000000000,5,plausible_frame_record_prefix
PHAPCK_TBL.decoded.bin,pck_object_0091_part_001_choice_000_frame_187,pck_object_0091,pck_object_0091_part_001,pck_object_0091_part_001_choice_000,0x007ECA,3,4,5,0x04FF,1279,1279,255,4,frame_plus_signed,0x007ECA,0x0083C9,yes,0DF00002030405FF04030708FF02050A,0,in_range_no_structural_match
PHAPCK_TBL.decoded.bin,pck_object_0091_part_001_choice_000_frame_187,pck_object_0091,pck_object_0091_part_001,pck_object_0091_part_001_choice_000,0x007ECA,3,4,5,0x04FF,1279,1279,255,4,payload_plus_signed,0x007ECC,0x0083CB,yes,0002030405FF04030708FF02050A0BFF,5,plausible_frame_record_prefix
PHAPCK_TBL.decoded.bin,pck_object_0091_part_001_choice_000_frame_214,pck_object_0091,pck_object_0091_part_001,pck_object_0091_part_001_choice_000,0x007FA2,3,0,0,0xFF38,65336,-200,56,255,direct_unsigned,0x000000,0x00FF38,no,,0,outside_decoded_stream
PHAPCK_TBL.decoded.bin,pck_object_0091_part_001_choice_000_frame_214,pck_object_0091,pck_object_0091_part_001,pck_object_0091_part_001_choice_000,0x007FA2,3,0,0,0xFF38,65336,-200,56,255,direct_signed,0x000000,-0x0000C8,no,,0,outside_decoded_stream
PHAPCK_TBL.decoded.bin,pck_object_0091_part_001_choice_000_frame_214,pck_object_0091,pck_object_0091_part_001,pck_object_0091_part_001_choice_000,0x007FA2,3,0,0,0xFF38,65336,-200,56,255,object_plus_unsigned,0x0078F2,0x01782A,no,,0,outside_decoded_stream
PHAPCK_TBL.decoded.bin,pck_object_0091_part_001_choice_000_frame_214,pck_object_0091,pck_object_0091_part_001,pck_object_0091_part_001_choice_000,0x007FA2,3,0,0,0xFF38,65336,-200,56,255,object_plus_signed,0x0078F2,0x00782A,yes,DC061D0460FF3200ECFF7EFF3200ECFF,5,byte0_high_bit_set
PHAPCK_TBL.decoded.bin,pck_object_0091_part_001_choice_000_frame_214,pck_object_0091,pck_object_0091_part_001,pck_object_0091_part_001_choice_000,0x007FA2,3,0,0,0xFF38,65336,-200,56,255,block_plus_unsigned,0x0078F0,0x017828,no,,0,outside_decoded_stream
PHAPCK_TBL.decoded.bin,pck_object_0091_part_001_choice_000_frame_214,pck_object_0091,pck_object_0091_part_001,pck_object_0091_part_001_choice_000,0x007FA2,3,0,0,0xFF38,65336,-200,56,255,block_plus_signed,0x0078F0,0x007828,yes,0000DC061D0460FF3200ECFF7EFF3200,35,exact_frame_record;plausible_frame_record_prefix
PHAPCK_TBL.decoded.bin,pck_object_0091_part_001_choice_000_frame_214,pck_object_0091,pck_object_0091_part_001,pck_object_0091_part_001_choice_000,0x007FA2,3,0,0,0xFF38,65336,-200,56,255,part_plus_signed,0x007908,0x007840,yes,7EFF1400E2FF60FF1400E2FF000073F9,30,exact_frame_record
PHAPCK_TBL.decoded.bin,pck_object_0091_part_001_choice_000_frame_214,pck_object_0091,pck_object_0091_part_001,pck_object_0091_part_001_choice_000,0x007FA2,3,0,0,0xFF38,65336,-200,56,255,frame_plus_signed,0x007FA2,0x007EDA,yes,0B0703FF0504080AFF01000701000005,30,exact_frame_record
PHAPCK_TBL.decoded.bin,pck_object_0091_part_001_choice_000_frame_214,pck_object_0091,pck_object_0091_part_001,pck_object_0091_part_001_choice_000,0x007FA2,3,0,0,0xFF38,65336,-200,56,255,payload_plus_signed,0x007FA4,0x007EDC,yes,03FF0504080AFF01000701000005000F,0,in_range_no_structural_match
PHAPCK_TBL.decoded.bin,pck_object_0091_part_001_choice_000_frame_229,pck_object_0091,pck_object_0091_part_001,pck_object_0091_part_001_choice_000,0x00801A,2,11,7,0xFF03,65283,-253,3,255,direct_unsigned,0x000000,0x00FF03,no,,0,outside_decoded_stream
PHAPCK_TBL.decoded.bin,pck_object_0091_part_001_choice_000_frame_229,pck_object_0091,pck_object_0091_part_001,pck_object_0091_part_001_choice_000,0x00801A,2,11,7,0xFF03,65283,-253,3,255,direct_signed,0x000000,-0x0000FD,no,,0,outside_decoded_stream
PHAPCK_TBL.decoded.bin,pck_object_0091_part_001_choice_000_frame_229,pck_object_0091,pck_object_0091_part_001,pck_object_0091_part_001_choice_000,0x00801A,2,11,7,0xFF03,65283,-253,3,255,object_plus_unsigned,0x0078F2,0x0177F5,no,,0,outside_decoded_stream
PHAPCK_TBL.decoded.bin,pck_object_0091_part_001_choice_000_frame_229,pck_object_0091,pck_object_0091_part_001,pck_object_0091_part_001_choice_000,0x00801A,2,11,7,0xFF03,65283,-253,3,255,object_plus_signed,0x0078F2,0x0077F5,yes,071A0256FFF6FF50007EFFF6FF500000,0,in_range_no_structural_match
PHAPCK_TBL.decoded.bin,pck_object_0091_part_001_choice_000_frame_229,pck_object_0091,pck_object_0091_part_001,pck_object_0091_part_001_choice_000,0x00801A,2,11,7,0xFF03,65283,-253,3,255,block_plus_unsigned,0x0078F0,0x0177F3,no,,0,outside_decoded_stream
PHAPCK_TBL.decoded.bin,pck_object_0091_part_001_choice_000_frame_229,pck_object_0091,pck_object_0091_part_001,pck_object_0091_part_001_choice_000,0x00801A,2,11,7,0xFF03,65283,-253,3,255,block_plus_signed,0x0078F0,0x0077F3,yes,00B7071A0256FFF6FF50007EFFF6FF50,0,in_range_no_structural_match
PHAPCK_TBL.decoded.bin,pck_object_0091_part_001_choice_000_frame_229,pck_object_0091,pck_object_0091_part_001,pck_object_0091_part_001_choice_000,0x00801A,2,11,7,0xFF03,65283,-253,3,255,part_plus_signed,0x007908,0x00780B,yes,FFCEFF460056FFCEFF46000008000000,20,byte0_high_bit_set;plausible_object_header
PHAPCK_TBL.decoded.bin,pck_object_0091_part_001_choice_000_frame_229,pck_object_0091,pck_object_0091_part_001,pck_object_0091_part_001_choice_000,0x00801A,2,11,7,0xFF03,65283,-253,3,255,frame_plus_signed,0x00801A,0x007F1D,yes,0A0811FF0B0A1315FF070B1510FF1015,0,in_range_no_structural_match
PHAPCK_TBL.decoded.bin,pck_object_0091_part_001_choice_000_frame_229,pck_object_0091,pck_object_0091_part_001,pck_object_0091_part_001_choice_000,0x00801A,2,11,7,0xFF03,65283,-253,3,255,payload_plus_signed,0x00801C,0x007F1F,yes,11FF0B0A1315FF070B1510FF10151311,0,in_range_no_structural_match
PHAPCK_TBL.decoded.bin,pck_object_0097_part_000_choice_000_frame_044,pck_object_0097,pck_object_0097_part_000,pck_object_0097_part_000_choice_000,0x0081D2,3,0,0,0x0000,0,0,0,0,direct_unsigned,0x000000,0x000000,yes,04001E000A003100060045000F005A00,15,plausible_drawable_extents_at_plus6_plus8;plausible_frame_record_prefix
PHAPCK_TBL.decoded.bin,pck_object_0097_part_000_choice_000_frame_044,pck_object_0097,pck_object_0097_part_000,pck_object_0097_part_000_choice_000,0x0081D2,3,0,0,0x0000,0,0,0,0,direct_signed,0x000000,0x000000,yes,04001E000A003100060045000F005A00,15,plausible_drawable_extents_at_plus6_plus8;plausible_frame_record_prefix
PHAPCK_TBL.decoded.bin,pck_object_0097_part_000_choice_000_frame_044,pck_object_0097,pck_object_0097_part_000,pck_object_0097_part_000_choice_000,0x0081D2,3,0,0,0x0000,0,0,0,0,object_plus_unsigned,0x008072,0x008072,yes,80001E01000000000000020010000017,105,exact_object_offset;exact_frame_record;byte0_high_bit_set;plausible_object_header;plausible_frame_record_prefix
PHAPCK_TBL.decoded.bin,pck_object_0097_part_000_choice_000_frame_044,pck_object_0097,pck_object_0097_part_000,pck_object_0097_part_000_choice_000,0x0081D2,3,0,0,0x0000,0,0,0,0,object_plus_signed,0x008072,0x008072,yes,80001E01000000000000020010000017,105,exact_object_offset;exact_frame_record;byte0_high_bit_set;plausible_object_header;plausible_frame_record_prefix
PHAPCK_TBL.decoded.bin,pck_object_0097_part_000_choice_000_frame_044,pck_object_0097,pck_object_0097_part_000,pck_object_0097_part_000_choice_000,0x0081D2,3,0,0,0x0000,0,0,0,0,block_plus_unsigned,0x008070,0x008070,yes,11FF80001E0100000000000002001000,25,exact_block_offset
PHAPCK_TBL.decoded.bin,pck_object_0097_part_000_choice_000_frame_044,pck_object_0097,pck_object_0097_part_000,pck_object_0097_part_000_choice_000,0x0081D2,3,0,0,0x0000,0,0,0,0,block_plus_signed,0x008070,0x008070,yes,11FF80001E0100000000000002001000,25,exact_block_offset
PHAPCK_TBL.decoded.bin,pck_object_0097_part_000_choice_000_frame_044,pck_object_0097,pck_object_0097_part_000,pck_object_0097_part_000_choice_000,0x0081D2,3,0,0,0x0000,0,0,0,0,part_plus_signed,0x008080,0x008080,yes,001720000100AA000E1720000100F700,35,exact_part_offset
PHAPCK_TBL.decoded.bin,pck_object_0097_part_000_choice_000_frame_044,pck_object_0097,pck_object_0097_part_000,pck_object_0097_part_000_choice_000,0x0081D2,3,0,0,0x0000,0,0,0,0,frame_plus_signed,0x0081D2,0x0081D2,yes,E80300000000000008FD6D07820084FE,40,exact_frame_record;byte0_high_bit_set;plausible_frame_record_prefix
PHAPCK_TBL.decoded.bin,pck_object_0097_part_000_choice_000_frame_044,pck_object_0097,pck_object_0097_part_000,pck_object_0097_part_000_choice_000,0x0081D2,3,0,0,0x0000,0,0,0,0,payload_plus_signed,0x0081D4,0x0081D4,yes,00000000000008FD6D07820084FECEFF,5,plausible_frame_record_prefix
PHAPCK_TBL.decoded.bin,pck_object_0097_part_000_choice_000_frame_061,pck_object_0097,pck_object_0097_part_000,pck_object_0097_part_000_choice_000,0x00825A,2,1,0,0x00B0,176,176,176,0,direct_unsigned,0x000000,0x0000B0,yes,0C00F703000019040C00380400004304,5,plausible_frame_record_prefix
PHAPCK_TBL.decoded.bin,pck_object_0097_part_000_choice_000_frame_061,pck_object_0097,pck_object_0097_part_000,pck_object_0097_part_000_choice_000,0x00825A,2,1,0,0x00B0,176,176,176,0,direct_signed,0x000000,0x0000B0,yes,0C00F703000019040C00380400004304,5,plausible_frame_record_prefix
PHAPCK_TBL.decoded.bin,pck_object_0097_part_000_choice_000_frame_061,pck_object_0097,pck_object_0097_part_000,pck_object_0097_part_000_choice_000,0x00825A,2,1,0,0x00B0,176,176,176,0,object_plus_unsigned,0x008072,0x008122,yes,B6000705810808000001DE0081070705,40,exact_frame_record;byte0_high_bit_set;plausible_frame_record_prefix
PHAPCK_TBL.decoded.bin,pck_object_0097_part_000_choice_000_frame_061,pck_object_0097,pck_object_0097_part_000,pck_object_0097_part_000_choice_000,0x00825A,2,1,0,0x00B0,176,176,176,0,object_plus_signed,0x008072,0x008122,yes,B6000705810808000001DE0081070705,40,exact_frame_record;byte0_high_bit_set;plausible_frame_record_prefix
PHAPCK_TBL.decoded.bin,pck_object_0097_part_000_choice_000_frame_061,pck_object_0097,pck_object_0097_part_000,pck_object_0097_part_000_choice_000,0x00825A,2,1,0,0x00B0,176,176,176,0,block_plus_unsigned,0x008070,0x008120,yes,0500B6000705810808000001DE008107,5,plausible_frame_record_prefix
PHAPCK_TBL.decoded.bin,pck_object_0097_part_000_choice_000_frame_061,pck_object_0097,pck_object_0097_part_000,pck_object_0097_part_000_choice_000,0x00825A,2,1,0,0x00B0,176,176,176,0,block_plus_signed,0x008070,0x008120,yes,0500B6000705810808000001DE008107,5,plausible_frame_record_prefix
PHAPCK_TBL.decoded.bin,pck_object_0097_part_000_choice_000_frame_061,pck_object_0097,pck_object_0097_part_000,pck_object_0097_part_000_choice_000,0x00825A,2,1,0,0x00B0,176,176,176,0,part_plus_signed,0x008080,0x008130,yes,07050506E300810707050509E8008108,0,in_range_no_structural_match
PHAPCK_TBL.decoded.bin,pck_object_0097_part_000_choice_000_frame_061,pck_object_0097,pck_object_0097_part_000,pck_object_0097_part_000_choice_000,0x00825A,2,1,0,0x00B0,176,176,176,0,frame_plus_signed,0x00825A,0x00830A,yes,A8000E1624000100F500E80300000000,40,exact_frame_record;byte0_high_bit_set;plausible_frame_record_prefix
PHAPCK_TBL.decoded.bin,pck_object_0097_part_000_choice_000_frame_061,pck_object_0097,pck_object_0097_part_000,pck_object_0097_part_000_choice_000,0x00825A,2,1,0,0x00B0,176,176,176,0,payload_plus_signed,0x00825C,0x00830C,yes,0E1624000100F500E803000000000000,35,exact_part_offset
PHAPCK_TBL.decoded.bin,pck_object_0097_part_000_choice_000_frame_109,pck_object_0097,pck_object_0097_part_000,pck_object_0097_part_000_choice_000,0x0083DA,2,11,7,0xFF03,65283,-253,3,255,direct_unsigned,0x000000,0x00FF03,no,,0,outside_decoded_stream
PHAPCK_TBL.decoded.bin,pck_object_0097_part_000_choice_000_frame_109,pck_object_0097,pck_object_0097_part_000,pck_object_0097_part_000_choice_000,0x0083DA,2,11,7,0xFF03,65283,-253,3,255,direct_signed,0x000000,-0x0000FD,no,,0,outside_decoded_stream
PHAPCK_TBL.decoded.bin,pck_object_0097_part_000_choice_000_frame_109,pck_object_0097,pck_object_0097_part_000,pck_object_0097_part_000_choice_000,0x0083DA,2,11,7,0xFF03,65283,-253,3,255,object_plus_unsigned,0x008072,0x017F75,no,,0,outside_decoded_stream
PHAPCK_TBL.decoded.bin,pck_object_0097_part_000_choice_000_frame_109,pck_object_0097,pck_object_0097_part_000,pck_object_0097_part_000_choice_000,0x0083DA,2,11,7,0xFF03,65283,-253,3,255,object_plus_signed,0x008072,0x007F75,yes,071A028200F6FF3C00AA00F6FF3C0000,0,in_range_no_structural_match
PHAPCK_TBL.decoded.bin,pck_object_0097_part_000_choice_000_frame_109,pck_object_0097,pck_object_0097_part_000,pck_object_0097_part_000_choice_000,0x0083DA,2,11,7,0xFF03,65283,-253,3,255,block_plus_unsigned,0x008070,0x017F73,no,,0,outside_decoded_stream
PHAPCK_TBL.decoded.bin,pck_object_0097_part_000_choice_000_frame_109,pck_object_0097,pck_object_0097_part_000,pck_object_0097_part_000_choice_000,0x0083DA,2,11,7,0xFF03,65283,-253,3,255,block_plus_signed,0x008070,0x007F73,yes,00B7071A028200F6FF3C00AA00F6FF3C,0,in_range_no_structural_match
PHAPCK_TBL.decoded.bin,pck_object_0097_part_000_choice_000_frame_109,pck_object_0097,pck_object_0097_part_000,pck_object_0097_part_000_choice_000,0x0083DA,2,11,7,0xFF03,65283,-253,3,255,part_plus_signed,0x008080,0x007F83,yes,0000005BF8A6FDAA00CEFF32008200CE,5,plausible_frame_record_prefix
PHAPCK_TBL.decoded.bin,pck_object_0097_part_000_choice_000_frame_109,pck_object_0097,pck_object_0097_part_000,pck_object_0097_part_000_choice_000,0x0083DA,2,11,7,0xFF03,65283,-253,3,255,frame_plus_signed,0x0083DA,0x0082DD,yes,10110807FF130A0811FF0B0A1315FF07,0,in_range_no_structural_match
PHAPCK_TBL.decoded.bin,pck_object_0097_part_000_choice_000_frame_109,pck_object_0097,pck_object_0097_part_000,pck_object_0097_part_000_choice_000,0x0083DA,2,11,7,0xFF03,65283,-253,3,255,payload_plus_signed,0x0083DC,0x0082DF,yes,0807FF130A0811FF0B0A1315FF070B15,0,in_range_no_structural_match
PHAPCK_TBL.decoded.bin,pck_object_0097_part_000_choice_000_frame_136,pck_object_0097,pck_object_0097_part_000,pck_object_0097_part_000_choice_000,0x0084B2,2,-40,-1,0x005A,90,90,90,0,direct_unsigned,0x000000,0x00005A,yes,DC010700F2010000080209001D020200,25,byte0_high_bit_set;plausible_object_header;plausible_frame_record_prefix
PHAPCK_TBL.decoded.bin,pck_object_0097_part_000_choice_000_frame_136,pck_object_0097,pck_object_0097_part_000,pck_object_0097_part_000_choice_000,0x0084B2,2,-40,-1,0x005A,90,90,90,0,direct_signed,0x000000,0x00005A,yes,DC010700F2010000080209001D020200,25,byte0_high_bit_set;plausible_object_header;plausible_frame_record_prefix
PHAPCK_TBL.decoded.bin,pck_object_0097_part_000_choice_000_frame_136,pck_object_0097,pck_object_0097_part_000,pck_object_0097_part_000_choice_000,0x0084B2,2,-40,-1,0x005A,90,90,90,0,object_plus_unsigned,0x008072,0x0080CC,yes,AA007EFFD8FF82007EFFD8FF00F80000,10,byte0_high_bit_set;plausible_frame_record_prefix
PHAPCK_TBL.decoded.bin,pck_object_0097_part_000_choice_000_frame_136,pck_object_0097,pck_object_0097_part_000,pck_object_0097_part_000_choice_000,0x0084B2,2,-40,-1,0x005A,90,90,90,0,object_plus_signed,0x008072,0x0080CC,yes,AA007EFFD8FF82007EFFD8FF00F80000,10,byte0_high_bit_set;plausible_frame_record_prefix
PHAPCK_TBL.decoded.bin,pck_object_0097_part_000_choice_000_frame_136,pck_object_0097,pck_object_0097_part_000,pck_object_0097_part_000_choice_000,0x0084B2,2,-40,-1,0x005A,90,90,90,0,block_plus_unsigned,0x008070,0x0080CA,yes,79FDAA007EFFD8FF82007EFFD8FF00F8,30,exact_frame_record
PHAPCK_TBL.decoded.bin,pck_object_0097_part_000_choice_000_frame_136,pck_object_0097,pck_object_0097_part_000,pck_object_0097_part_000_choice_000,0x0084B2,2,-40,-1,0x005A,90,90,90,0,block_plus_signed,0x008070,0x0080CA,yes,79FDAA007EFFD8FF82007EFFD8FF00F8,30,exact_frame_record
PHAPCK_TBL.decoded.bin,pck_object_0097_part_000_choice_000_frame_136,pck_object_0097,pck_object_0097_part_000,pck_object_0097_part_000_choice_000,0x0084B2,2,-40,-1,0x005A,90,90,90,0,part_plus_signed,0x008080,0x0080DA,yes,00000000000800000000E803000038FF,35,exact_frame_record;plausible_frame_record_prefix
PHAPCK_TBL.decoded.bin,pck_object_0097_part_000_choice_000_frame_136,pck_object_0097,pck_object_0097_part_000,pck_object_0097_part_000_choice_000,0x0084B2,2,-40,-1,0x005A,90,90,90,0,frame_plus_signed,0x0084B2,0x00850C,yes,81080800000E350181080800000B3901,20,byte0_high_bit_set;plausible_object_header
PHAPCK_TBL.decoded.bin,pck_object_0097_part_000_choice_000_frame_136,pck_object_0097,pck_object_0097_part_000,pck_object_0097_part_000_choice_000,0x0084B2,2,-40,-1,0x005A,90,90,90,0,payload_plus_signed,0x0084B4,0x00850E,yes,0800000E350181080800000B39018100,5,plausible_frame_record_prefix
PHAPCK_TBL.decoded.bin,pck_object_0097_part_001_choice_000_frame_044,pck_object_0097,pck_object_0097_part_001,pck_object_0097_part_001_choice_000,0x0081D2,3,0,0,0x0000,0,0,0,0,direct_unsigned,0x000000,0x000000,yes,04001E000A003100060045000F005A00,15,plausible_drawable_extents_at_plus6_plus8;plausible_frame_record_prefix
PHAPCK_TBL.decoded.bin,pck_object_0097_part_001_choice_000_frame_044,pck_object_0097,pck_object_0097_part_001,pck_object_0097_part_001_choice_000,0x0081D2,3,0,0,0x0000,0,0,0,0,direct_signed,0x000000,0x000000,yes,04001E000A003100060045000F005A00,15,plausible_drawable_extents_at_plus6_plus8;plausible_frame_record_prefix
PHAPCK_TBL.decoded.bin,pck_object_0097_part_001_choice_000_frame_044,pck_object_0097,pck_object_0097_part_001,pck_object_0097_part_001_choice_000,0x0081D2,3,0,0,0x0000,0,0,0,0,object_plus_unsigned,0x008072,0x008072,yes,80001E01000000000000020010000017,105,exact_object_offset;exact_frame_record;byte0_high_bit_set;plausible_object_header;plausible_frame_record_prefix
PHAPCK_TBL.decoded.bin,pck_object_0097_part_001_choice_000_frame_044,pck_object_0097,pck_object_0097_part_001,pck_object_0097_part_001_choice_000,0x0081D2,3,0,0,0x0000,0,0,0,0,object_plus_signed,0x008072,0x008072,yes,80001E01000000000000020010000017,105,exact_object_offset;exact_frame_record;byte0_high_bit_set;plausible_object_header;plausible_frame_record_prefix
PHAPCK_TBL.decoded.bin,pck_object_0097_part_001_choice_000_frame_044,pck_object_0097,pck_object_0097_part_001,pck_object_0097_part_001_choice_000,0x0081D2,3,0,0,0x0000,0,0,0,0,block_plus_unsigned,0x008070,0x008070,yes,11FF80001E0100000000000002001000,25,exact_block_offset
PHAPCK_TBL.decoded.bin,pck_object_0097_part_001_choice_000_frame_044,pck_object_0097,pck_object_0097_part_001,pck_object_0097_part_001_choice_000,0x0081D2,3,0,0,0x0000,0,0,0,0,block_plus_signed,0x008070,0x008070,yes,11FF80001E0100000000000002001000,25,exact_block_offset
PHAPCK_TBL.decoded.bin,pck_object_0097_part_001_choice_000_frame_044,pck_object_0097,pck_object_0097_part_001,pck_object_0097_part_001_choice_000,0x0081D2,3,0,0,0x0000,0,0,0,0,part_plus_signed,0x008088,0x008088,yes,0E1720000100F700E803000000000000,35,exact_part_offset
PHAPCK_TBL.decoded.bin,pck_object_0097_part_001_choice_000_frame_044,pck_object_0097,pck_object_0097_part_001,pck_object_0097_part_001_choice_000,0x0081D2,3,0,0,0x0000,0,0,0,0,frame_plus_signed,0x0081D2,0x0081D2,yes,E80300000000000008FD6D07820084FE,40,exact_frame_record;byte0_high_bit_set;plausible_frame_record_prefix
PHAPCK_TBL.decoded.bin,pck_object_0097_part_001_choice_000_frame_044,pck_object_0097,pck_object_0097_part_001,pck_object_0097_part_001_choice_000,0x0081D2,3,0,0,0x0000,0,0,0,0,payload_plus_signed,0x0081D4,0x0081D4,yes,00000000000008FD6D07820084FECEFF,5,plausible_frame_record_prefix
PHAPCK_TBL.decoded.bin,pck_object_0097_part_001_choice_000_frame_061,pck_object_0097,pck_object_0097_part_001,pck_object_0097_part_001_choice_000,0x00825A,2,1,0,0x00B0,176,176,176,0,direct_unsigned,0x000000,0x0000B0,yes,0C00F703000019040C00380400004304,5,plausible_frame_record_prefix
PHAPCK_TBL.decoded.bin,pck_object_0097_part_001_choice_000_frame_061,pck_object_0097,pck_object_0097_part_001,pck_object_0097_part_001_choice_000,0x00825A,2,1,0,0x00B0,176,176,176,0,direct_signed,0x000000,0x0000B0,yes,0C00F703000019040C00380400004304,5,plausible_frame_record_prefix
PHAPCK_TBL.decoded.bin,pck_object_0097_part_001_choice_000_frame_061,pck_object_0097,pck_object_0097_part_001,pck_object_0097_part_001_choice_000,0x00825A,2,1,0,0x00B0,176,176,176,0,object_plus_unsigned,0x008072,0x008122,yes,B6000705810808000001DE0081070705,40,exact_frame_record;byte0_high_bit_set;plausible_frame_record_prefix
PHAPCK_TBL.decoded.bin,pck_object_0097_part_001_choice_000_frame_061,pck_object_0097,pck_object_0097_part_001,pck_object_0097_part_001_choice_000,0x00825A,2,1,0,0x00B0,176,176,176,0,object_plus_signed,0x008072,0x008122,yes,B6000705810808000001DE0081070705,40,exact_frame_record;byte0_high_bit_set;plausible_frame_record_prefix
PHAPCK_TBL.decoded.bin,pck_object_0097_part_001_choice_000_frame_061,pck_object_0097,pck_object_0097_part_001,pck_object_0097_part_001_choice_000,0x00825A,2,1,0,0x00B0,176,176,176,0,block_plus_unsigned,0x008070,0x008120,yes,0500B6000705810808000001DE008107,5,plausible_frame_record_prefix
PHAPCK_TBL.decoded.bin,pck_object_0097_part_001_choice_000_frame_061,pck_object_0097,pck_object_0097_part_001,pck_object_0097_part_001_choice_000,0x00825A,2,1,0,0x00B0,176,176,176,0,block_plus_signed,0x008070,0x008120,yes,0500B6000705810808000001DE008107,5,plausible_frame_record_prefix
PHAPCK_TBL.decoded.bin,pck_object_0097_part_001_choice_000_frame_061,pck_object_0097,pck_object_0097_part_001,pck_object_0097_part_001_choice_000,0x00825A,2,1,0,0x00B0,176,176,176,0,part_plus_signed,0x008088,0x008138,yes,07050509E80081080800000CED008108,0,in_range_no_structural_match
PHAPCK_TBL.decoded.bin,pck_object_0097_part_001_choice_000_frame_061,pck_object_0097,pck_object_0097_part_001,pck_object_0097_part_001_choice_000,0x00825A,2,1,0,0x00B0,176,176,176,0,frame_plus_signed,0x00825A,0x00830A,yes,A8000E1624000100F500E80300000000,40,exact_frame_record;byte0_high_bit_set;plausible_frame_record_prefix
PHAPCK_TBL.decoded.bin,pck_object_0097_part_001_choice_000_frame_061,pck_object_0097,pck_object_0097_part_001,pck_object_0097_part_001_choice_000,0x00825A,2,1,0,0x00B0,176,176,176,0,payload_plus_signed,0x00825C,0x00830C,yes,0E1624000100F500E803000000000000,35,exact_part_offset
PHAPCK_TBL.decoded.bin,pck_object_0097_part_001_choice_000_frame_109,pck_object_0097,pck_object_0097_part_001,pck_object_0097_part_001_choice_000,0x0083DA,2,11,7,0xFF03,65283,-253,3,255,direct_unsigned,0x000000,0x00FF03,no,,0,outside_decoded_stream
PHAPCK_TBL.decoded.bin,pck_object_0097_part_001_choice_000_frame_109,pck_object_0097,pck_object_0097_part_001,pck_object_0097_part_001_choice_000,0x0083DA,2,11,7,0xFF03,65283,-253,3,255,direct_signed,0x000000,-0x0000FD,no,,0,outside_decoded_stream
PHAPCK_TBL.decoded.bin,pck_object_0097_part_001_choice_000_frame_109,pck_object_0097,pck_object_0097_part_001,pck_object_0097_part_001_choice_000,0x0083DA,2,11,7,0xFF03,65283,-253,3,255,object_plus_unsigned,0x008072,0x017F75,no,,0,outside_decoded_stream
PHAPCK_TBL.decoded.bin,pck_object_0097_part_001_choice_000_frame_109,pck_object_0097,pck_object_0097_part_001,pck_object_0097_part_001_choice_000,0x0083DA,2,11,7,0xFF03,65283,-253,3,255,object_plus_signed,0x008072,0x007F75,yes,071A028200F6FF3C00AA00F6FF3C0000,0,in_range_no_structural_match
PHAPCK_TBL.decoded.bin,pck_object_0097_part_001_choice_000_frame_109,pck_object_0097,pck_object_0097_part_001,pck_object_0097_part_001_choice_000,0x0083DA,2,11,7,0xFF03,65283,-253,3,255,block_plus_unsigned,0x008070,0x017F73,no,,0,outside_decoded_stream
PHAPCK_TBL.decoded.bin,pck_object_0097_part_001_choice_000_frame_109,pck_object_0097,pck_object_0097_part_001,pck_object_0097_part_001_choice_000,0x0083DA,2,11,7,0xFF03,65283,-253,3,255,block_plus_signed,0x008070,0x007F73,yes,00B7071A028200F6FF3C00AA00F6FF3C,0,in_range_no_structural_match
PHAPCK_TBL.decoded.bin,pck_object_0097_part_001_choice_000_frame_109,pck_object_0097,pck_object_0097_part_001,pck_object_0097_part_001_choice_000,0x0083DA,2,11,7,0xFF03,65283,-253,3,255,part_plus_signed,0x008088,0x007F8B,yes,00CEFF32008200CEFF320000F8000000,0,in_range_no_structural_match
PHAPCK_TBL.decoded.bin,pck_object_0097_part_001_choice_000_frame_109,pck_object_0097,pck_object_0097_part_001,pck_object_0097_part_001_choice_000,0x0083DA,2,11,7,0xFF03,65283,-253,3,255,frame_plus_signed,0x0083DA,0x0082DD,yes,10110807FF130A0811FF0B0A1315FF07,0,in_range_no_structural_match
PHAPCK_TBL.decoded.bin,pck_object_0097_part_001_choice_000_frame_109,pck_object_0097,pck_object_0097_part_001,pck_object_0097_part_001_choice_000,0x0083DA,2,11,7,0xFF03,65283,-253,3,255,payload_plus_signed,0x0083DC,0x0082DF,yes,0807FF130A0811FF0B0A1315FF070B15,0,in_range_no_structural_match
PHAPCK_TBL.decoded.bin,pck_object_0097_part_001_choice_000_frame_136,pck_object_0097,pck_object_0097_part_001,pck_object_0097_part_001_choice_000,0x0084B2,2,-40,-1,0x005A,90,90,90,0,direct_unsigned,0x000000,0x00005A,yes,DC010700F2010000080209001D020200,25,byte0_high_bit_set;plausible_object_header;plausible_frame_record_prefix
PHAPCK_TBL.decoded.bin,pck_object_0097_part_001_choice_000_frame_136,pck_object_0097,pck_object_0097_part_001,pck_object_0097_part_001_choice_000,0x0084B2,2,-40,-1,0x005A,90,90,90,0,direct_signed,0x000000,0x00005A,yes,DC010700F2010000080209001D020200,25,byte0_high_bit_set;plausible_object_header;plausible_frame_record_prefix
PHAPCK_TBL.decoded.bin,pck_object_0097_part_001_choice_000_frame_136,pck_object_0097,pck_object_0097_part_001,pck_object_0097_part_001_choice_000,0x0084B2,2,-40,-1,0x005A,90,90,90,0,object_plus_unsigned,0x008072,0x0080CC,yes,AA007EFFD8FF82007EFFD8FF00F80000,10,byte0_high_bit_set;plausible_frame_record_prefix
PHAPCK_TBL.decoded.bin,pck_object_0097_part_001_choice_000_frame_136,pck_object_0097,pck_object_0097_part_001,pck_object_0097_part_001_choice_000,0x0084B2,2,-40,-1,0x005A,90,90,90,0,object_plus_signed,0x008072,0x0080CC,yes,AA007EFFD8FF82007EFFD8FF00F80000,10,byte0_high_bit_set;plausible_frame_record_prefix
PHAPCK_TBL.decoded.bin,pck_object_0097_part_001_choice_000_frame_136,pck_object_0097,pck_object_0097_part_001,pck_object_0097_part_001_choice_000,0x0084B2,2,-40,-1,0x005A,90,90,90,0,block_plus_unsigned,0x008070,0x0080CA,yes,79FDAA007EFFD8FF82007EFFD8FF00F8,30,exact_frame_record
PHAPCK_TBL.decoded.bin,pck_object_0097_part_001_choice_000_frame_136,pck_object_0097,pck_object_0097_part_001,pck_object_0097_part_001_choice_000,0x0084B2,2,-40,-1,0x005A,90,90,90,0,block_plus_signed,0x008070,0x0080CA,yes,79FDAA007EFFD8FF82007EFFD8FF00F8,30,exact_frame_record
PHAPCK_TBL.decoded.bin,pck_object_0097_part_001_choice_000_frame_136,pck_object_0097,pck_object_0097_part_001,pck_object_0097_part_001_choice_000,0x0084B2,2,-40,-1,0x005A,90,90,90,0,part_plus_signed,0x008088,0x0080E2,yes,0000E803000038FF0000D0057E058200,35,exact_frame_record;plausible_frame_record_prefix
PHAPCK_TBL.decoded.bin,pck_object_0097_part_001_choice_000_frame_136,pck_object_0097,pck_object_0097_part_001,pck_object_0097_part_001_choice_000,0x0084B2,2,-40,-1,0x005A,90,90,90,0,frame_plus_signed,0x0084B2,0x00850C,yes,81080800000E350181080800000B3901,20,byte0_high_bit_set;plausible_object_header
PHAPCK_TBL.decoded.bin,pck_object_0097_part_001_choice_000_frame_136,pck_object_0097,pck_object_0097_part_001,pck_object_0097_part_001_choice_000,0x0084B2,2,-40,-1,0x005A,90,90,90,0,payload_plus_signed,0x0084B4,0x00850E,yes,0800000E350181080800000B39018100,5,plausible_frame_record_prefix
PHAPCK_TBL.decoded.bin,pck_object_0097_part_001_choice_000_frame_214,pck_object_0097,pck_object_0097_part_001,pck_object_0097_part_001_choice_000,0x008722,2,-90,-1,0x0028,40,40,40,0,direct_unsigned,0x000000,0x000028,yes,0000EB000200FF000400130106002701,15,plausible_drawable_extents_at_plus6_plus8;plausible_frame_record_prefix
PHAPCK_TBL.decoded.bin,pck_object_0097_part_001_choice_000_frame_214,pck_object_0097,pck_object_0097_part_001,pck_object_0097_part_001_choice_000,0x008722,2,-90,-1,0x0028,40,40,40,0,direct_signed,0x000000,0x000028,yes,0000EB000200FF000400130106002701,15,plausible_drawable_extents_at_plus6_plus8;plausible_frame_record_prefix
PHAPCK_TBL.decoded.bin,pck_object_0097_part_001_choice_000_frame_214,pck_object_0097,pck_object_0097_part_001,pck_object_0097_part_001_choice_000,0x008722,2,-90,-1,0x0028,40,40,40,0,object_plus_unsigned,0x008072,0x00809A,yes,0008820056FF5000820088FF5000AA00,40,exact_frame_record;plausible_drawable_extents_at_plus6_plus8
PHAPCK_TBL.decoded.bin,pck_object_0097_part_001_choice_000_frame_214,pck_object_0097,pck_object_0097_part_001,pck_object_0097_part_001_choice_000,0x008722,2,-90,-1,0x0028,40,40,40,0,object_plus_signed,0x008072,0x00809A,yes,0008820056FF5000820088FF5000AA00,40,exact_frame_record;plausible_drawable_extents_at_plus6_plus8
PHAPCK_TBL.decoded.bin,pck_object_0097_part_001_choice_000_frame_214,pck_object_0097,pck_object_0097_part_001,pck_object_0097_part_001_choice_000,0x008722,2,-90,-1,0x0028,40,40,40,0,block_plus_unsigned,0x008070,0x008098,yes,00000008820056FF5000820088FF5000,5,plausible_frame_record_prefix
PHAPCK_TBL.decoded.bin,pck_object_0097_part_001_choice_000_frame_214,pck_object_0097,pck_object_0097_part_001,pck_object_0097_part_001_choice_000,0x008722,2,-90,-1,0x0028,40,40,40,0,block_plus_signed,0x008070,0x008098,yes,00000008820056FF5000820088FF5000,5,plausible_frame_record_prefix
PHAPCK_TBL.decoded.bin,pck_object_0097_part_001_choice_000_frame_214,pck_object_0097,pck_object_0097_part_001,pck_object_0097_part_001_choice_000,0x008722,2,-90,-1,0x0028,40,40,40,0,part_plus_signed,0x008088,0x0080B0,yes,56FF50000000B7071A028200A6FFE2FF,0,in_range_no_structural_match
PHAPCK_TBL.decoded.bin,pck_object_0097_part_001_choice_000_frame_214,pck_object_0097,pck_object_0097_part_001,pck_object_0097_part_001_choice_000,0x008722,2,-90,-1,0x0028,40,40,40,0,frame_plus_signed,0x008722,0x00874A,yes,D8FF74FF000800000000D8FFD8FFCAFE,35,exact_frame_record;byte0_high_bit_set
PHAPCK_TBL.decoded.bin,pck_object_0097_part_001_choice_000_frame_214,pck_object_0097,pck_object_0097_part_001,pck_object_0097_part_001_choice_000,0x008722,2,-90,-1,0x0028,40,40,40,0,payload_plus_signed,0x008724,0x00874C,yes,74FF000800000000D8FFD8FFCAFED8FF,0,in_range_no_structural_match
PHAPCK_TBL.decoded.bin,pck_object_0100_part_000_choice_000_frame_016,pck_object_0100,pck_object_0100_part_000,pck_object_0100_part_000_choice_000,0x0084B2,2,-40,-1,0x005A,90,90,90,0,direct_unsigned,0x000000,0x00005A,yes,DC010700F2010000080209001D020200,25,byte0_high_bit_set;plausible_object_header;plausible_frame_record_prefix
PHAPCK_TBL.decoded.bin,pck_object_0100_part_000_choice_000_frame_016,pck_object_0100,pck_object_0100_part_000,pck_object_0100_part_000_choice_000,0x0084B2,2,-40,-1,0x005A,90,90,90,0,direct_signed,0x000000,0x00005A,yes,DC010700F2010000080209001D020200,25,byte0_high_bit_set;plausible_object_header;plausible_frame_record_prefix
PHAPCK_TBL.decoded.bin,pck_object_0100_part_000_choice_000_frame_016,pck_object_0100,pck_object_0100_part_000,pck_object_0100_part_000_choice_000,0x0084B2,2,-40,-1,0x005A,90,90,90,0,object_plus_unsigned,0x008432,0x00848C,yes,00000000A6FFD8FFCAFEA6FF1E007EFF,5,plausible_frame_record_prefix
PHAPCK_TBL.decoded.bin,pck_object_0100_part_000_choice_000_frame_016,pck_object_0100,pck_object_0100_part_000,pck_object_0100_part_000_choice_000,0x0084B2,2,-40,-1,0x005A,90,90,90,0,object_plus_signed,0x008432,0x00848C,yes,00000000A6FFD8FFCAFEA6FF1E007EFF,5,plausible_frame_record_prefix
PHAPCK_TBL.decoded.bin,pck_object_0100_part_000_choice_000_frame_016,pck_object_0100,pck_object_0100_part_000,pck_object_0100_part_000_choice_000,0x0084B2,2,-40,-1,0x005A,90,90,90,0,block_plus_unsigned,0x008430,0x00848A,yes,00F800000000A6FFD8FFCAFEA6FF1E00,30,exact_frame_record
PHAPCK_TBL.decoded.bin,pck_object_0100_part_000_choice_000_frame_016,pck_object_0100,pck_object_0100_part_000,pck_object_0100_part_000_choice_000,0x0084B2,2,-40,-1,0x005A,90,90,90,0,block_plus_signed,0x008430,0x00848A,yes,00F800000000A6FFD8FFCAFEA6FF1E00,30,exact_frame_record
PHAPCK_TBL.decoded.bin,pck_object_0100_part_000_choice_000_frame_016,pck_object_0100,pck_object_0100_part_000,pck_object_0100_part_000_choice_000,0x0084B2,2,-40,-1,0x005A,90,90,90,0,part_plus_signed,0x008440,0x00849A,yes,7EFF000800000000D8FFD8FFCAFED8FF,30,exact_frame_record
PHAPCK_TBL.decoded.bin,pck_object_0100_part_000_choice_000_frame_016,pck_object_0100,pck_object_0100_part_000,pck_object_0100_part_000_choice_000,0x0084B2,2,-40,-1,0x005A,90,90,90,0,frame_plus_signed,0x0084B2,0x00850C,yes,81080800000E350181080800000B3901,20,byte0_high_bit_set;plausible_object_header
PHAPCK_TBL.decoded.bin,pck_object_0100_part_000_choice_000_frame_016,pck_object_0100,pck_object_0100_part_000,pck_object_0100_part_000_choice_000,0x0084B2,2,-40,-1,0x005A,90,90,90,0,payload_plus_signed,0x0084B4,0x00850E,yes,0800000E350181080800000B39018100,5,plausible_frame_record_prefix
PHAPCK_TBL.decoded.bin,pck_object_0100_part_000_choice_000_frame_094,pck_object_0100,pck_object_0100_part_000,pck_object_0100_part_000_choice_000,0x008722,2,-90,-1,0x0028,40,40,40,0,direct_unsigned,0x000000,0x000028,yes,0000EB000200FF000400130106002701,15,plausible_drawable_extents_at_plus6_plus8;plausible_frame_record_prefix
PHAPCK_TBL.decoded.bin,pck_object_0100_part_000_choice_000_frame_094,pck_object_0100,pck_object_0100_part_000,pck_object_0100_part_000_choice_000,0x008722,2,-90,-1,0x0028,40,40,40,0,direct_signed,0x000000,0x000028,yes,0000EB000200FF000400130106002701,15,plausible_drawable_extents_at_plus6_plus8;plausible_frame_record_prefix
PHAPCK_TBL.decoded.bin,pck_object_0100_part_000_choice_000_frame_094,pck_object_0100,pck_object_0100_part_000,pck_object_0100_part_000_choice_000,0x008722,2,-90,-1,0x0028,40,40,40,0,object_plus_unsigned,0x008432,0x00845A,yes,D8FFCEFFECFFA6FFCEFFECFFA6FF1E00,35,exact_frame_record;byte0_high_bit_set
PHAPCK_TBL.decoded.bin,pck_object_0100_part_000_choice_000_frame_094,pck_object_0100,pck_object_0100_part_000,pck_object_0100_part_000_choice_000,0x008722,2,-90,-1,0x0028,40,40,40,0,object_plus_signed,0x008432,0x00845A,yes,D8FFCEFFECFFA6FFCEFFECFFA6FF1E00,35,exact_frame_record;byte0_high_bit_set
PHAPCK_TBL.decoded.bin,pck_object_0100_part_000_choice_000_frame_094,pck_object_0100,pck_object_0100_part_000,pck_object_0100_part_000_choice_000,0x008722,2,-90,-1,0x0028,40,40,40,0,block_plus_unsigned,0x008430,0x008458,yes,F6FFD8FFCEFFECFFA6FFCEFFECFFA6FF,5,byte0_high_bit_set
PHAPCK_TBL.decoded.bin,pck_object_0100_part_000_choice_000_frame_094,pck_object_0100,pck_object_0100_part_000,pck_object_0100_part_000_choice_000,0x008722,2,-90,-1,0x0028,40,40,40,0,block_plus_signed,0x008430,0x008458,yes,F6FFD8FFCEFFECFFA6FFCEFFECFFA6FF,5,byte0_high_bit_set
PHAPCK_TBL.decoded.bin,pck_object_0100_part_000_choice_000_frame_094,pck_object_0100,pck_object_0100_part_000,pck_object_0100_part_000_choice_000,0x008722,2,-90,-1,0x0028,40,40,40,0,part_plus_signed,0x008440,0x008468,yes,1E00F6FF0000D8076FFEA6FF2800E8FE,5,plausible_frame_record_prefix
PHAPCK_TBL.decoded.bin,pck_object_0100_part_000_choice_000_frame_094,pck_object_0100,pck_object_0100_part_000,pck_object_0100_part_000_choice_000,0x008722,2,-90,-1,0x0028,40,40,40,0,frame_plus_signed,0x008722,0x00874A,yes,D8FF74FF000800000000D8FFD8FFCAFE,35,exact_frame_record;byte0_high_bit_set
PHAPCK_TBL.decoded.bin,pck_object_0100_part_000_choice_000_frame_094,pck_object_0100,pck_object_0100_part_000,pck_object_0100_part_000_choice_000,0x008722,2,-90,-1,0x0028,40,40,40,0,payload_plus_signed,0x008724,0x00874C,yes,74FF000800000000D8FFD8FFCAFED8FF,0,in_range_no_structural_match
PHAPCK_TBL.decoded.bin,pck_object_0106_part_000_choice_000_frame_016,pck_object_0106,pck_object_0106_part_000,pck_object_0106_part_000_choice_000,0x008CC2,3,40,0,0x005A,90,90,90,0,direct_unsigned,0x000000,0x00005A,yes,DC010700F2010000080209001D020200,25,byte0_high_bit_set;plausible_object_header;plausible_frame_record_prefix
PHAPCK_TBL.decoded.bin,pck_object_0106_part_000_choice_000_frame_016,pck_object_0106,pck_object_0106_part_000,pck_object_0106_part_000_choice_000,0x008CC2,3,40,0,0x005A,90,90,90,0,direct_signed,0x000000,0x00005A,yes,DC010700F2010000080209001D020200,25,byte0_high_bit_set;plausible_object_header;plausible_frame_record_prefix
PHAPCK_TBL.decoded.bin,pck_object_0106_part_000_choice_000_frame_016,pck_object_0106,pck_object_0106_part_000,pck_object_0106_part_000_choice_000,0x008CC2,3,40,0,0x005A,90,90,90,0,object_plus_unsigned,0x008C42,0x008C9C,yes,000000002800D8FFCAFE2800280088FF,5,plausible_frame_record_prefix
PHAPCK_TBL.decoded.bin,pck_object_0106_part_000_choice_000_frame_016,pck_object_0106,pck_object_0106_part_000,pck_object_0106_part_000_choice_000,0x008CC2,3,40,0,0x005A,90,90,90,0,object_plus_signed,0x008C42,0x008C9C,yes,000000002800D8FFCAFE2800280088FF,5,plausible_frame_record_prefix
PHAPCK_TBL.decoded.bin,pck_object_0106_part_000_choice_000_frame_016,pck_object_0106,pck_object_0106_part_000,pck_object_0106_part_000_choice_000,0x008CC2,3,40,0,0x005A,90,90,90,0,block_plus_unsigned,0x008C40,0x008C9A,yes,00F8000000002800D8FFCAFE28002800,30,exact_frame_record
PHAPCK_TBL.decoded.bin,pck_object_0106_part_000_choice_000_frame_016,pck_object_0106,pck_object_0106_part_000,pck_object_0106_part_000_choice_000,0x008CC2,3,40,0,0x005A,90,90,90,0,block_plus_signed,0x008C40,0x008C9A,yes,00F8000000002800D8FFCAFE28002800,30,exact_frame_record
PHAPCK_TBL.decoded.bin,pck_object_0106_part_000_choice_000_frame_016,pck_object_0106,pck_object_0106_part_000,pck_object_0106_part_000_choice_000,0x008CC2,3,40,0,0x005A,90,90,90,0,part_plus_signed,0x008C50,0x008CAA,yes,88FF0008000000005A00280088FF5A00,35,exact_frame_record;byte0_high_bit_set
PHAPCK_TBL.decoded.bin,pck_object_0106_part_000_choice_000_frame_016,pck_object_0106,pck_object_0106_part_000,pck_object_0106_part_000_choice_000,0x008CC2,3,40,0,0x005A,90,90,90,0,frame_plus_signed,0x008CC2,0x008D1C,yes,81080800000B350181080800000E3901,20,byte0_high_bit_set;plausible_object_header
PHAPCK_TBL.decoded.bin,pck_object_0106_part_000_choice_000_frame_016,pck_object_0106,pck_object_0106_part_000,pck_object_0106_part_000_choice_000,0x008CC2,3,40,0,0x005A,90,90,90,0,payload_plus_signed,0x008CC4,0x008D1E,yes,0800000B350181080800000E39018100,5,plausible_frame_record_prefix
PHAPCK_TBL.decoded.bin,pck_object_0106_part_000_choice_000_frame_042,pck_object_0106,pck_object_0106_part_000,pck_object_0106_part_000_choice_000,0x008D92,3,2,-1,0x020A,522,522,10,2,direct_unsigned,0x000000,0x00020A,yes,F8026D0756FFE2FFFA0056FF1400E600,10,byte0_high_bit_set;plausible_frame_record_prefix
PHAPCK_TBL.decoded.bin,pck_object_0106_part_000_choice_000_frame_042,pck_object_0106,pck_object_0106_part_000,pck_object_0106_part_000_choice_000,0x008D92,3,2,-1,0x020A,522,522,10,2,direct_signed,0x000000,0x00020A,yes,F8026D0756FFE2FFFA0056FF1400E600,10,byte0_high_bit_set;plausible_frame_record_prefix
PHAPCK_TBL.decoded.bin,pck_object_0106_part_000_choice_000_frame_042,pck_object_0106,pck_object_0106_part_000,pck_object_0106_part_000_choice_000,0x008D92,3,2,-1,0x020A,522,522,10,2,object_plus_unsigned,0x008C42,0x008E4C,yes,0181080F00010125018107070505062A,30,exact_frame_table_entry
PHAPCK_TBL.decoded.bin,pck_object_0106_part_000_choice_000_frame_042,pck_object_0106,pck_object_0106_part_000,pck_object_0106_part_000_choice_000,0x008D92,3,2,-1,0x020A,522,522,10,2,object_plus_signed,0x008C42,0x008E4C,yes,0181080F00010125018107070505062A,30,exact_frame_table_entry
PHAPCK_TBL.decoded.bin,pck_object_0106_part_000_choice_000_frame_042,pck_object_0106,pck_object_0106_part_000,pck_object_0106_part_000_choice_000,0x008D92,3,2,-1,0x020A,522,522,10,2,block_plus_unsigned,0x008C40,0x008E4A,yes,00010181080F00010125018107070505,35,exact_frame_record;plausible_frame_record_prefix
PHAPCK_TBL.decoded.bin,pck_object_0106_part_000_choice_000_frame_042,pck_object_0106,pck_object_0106_part_000,pck_object_0106_part_000_choice_000,0x008D92,3,2,-1,0x020A,522,522,10,2,block_plus_signed,0x008C40,0x008E4A,yes,00010181080F00010125018107070505,35,exact_frame_record;plausible_frame_record_prefix
PHAPCK_TBL.decoded.bin,pck_object_0106_part_000_choice_000_frame_042,pck_object_0106,pck_object_0106_part_000,pck_object_0106_part_000_choice_000,0x008D92,3,2,-1,0x020A,522,522,10,2,part_plus_signed,0x008C50,0x008E5A,yes,062A0181000000000B2F018100000000,30,exact_frame_record
PHAPCK_TBL.decoded.bin,pck_object_0106_part_000_choice_000_frame_042,pck_object_0106,pck_object_0106_part_000,pck_object_0106_part_000_choice_000,0x008D92,3,2,-1,0x020A,522,522,10,2,frame_plus_signed,0x008D92,0x008F9C,yes,AE0000000D00B600010181080F000101,10,byte0_high_bit_set;plausible_frame_record_prefix
PHAPCK_TBL.decoded.bin,pck_object_0106_part_000_choice_000_frame_042,pck_object_0106,pck_object_0106_part_000,pck_object_0106_part_000_choice_000,0x008D92,3,2,-1,0x020A,522,522,10,2,payload_plus_signed,0x008D94,0x008F9E,yes,00000D00B600010181080F0001011E01,35,exact_frame_table_entry;plausible_frame_record_prefix
PHAPCK_TBL.decoded.bin,pck_object_0106_part_000_choice_000_frame_127,pck_object_0106,pck_object_0106_part_000,pck_object_0106_part_000_choice_000,0x00903A,3,9,-1,0x050D,1293,1293,13,5,direct_unsigned,0x000000,0x00050D,yes,01200181070705050625018100000000,0,in_range_no_structural_match
PHAPCK_TBL.decoded.bin,pck_object_0106_part_000_choice_000_frame_127,pck_object_0106,pck_object_0106_part_000,pck_object_0106_part_000_choice_000,0x00903A,3,9,-1,0x050D,1293,1293,13,5,direct_signed,0x000000,0x00050D,yes,01200181070705050625018100000000,0,in_range_no_structural_match
PHAPCK_TBL.decoded.bin,pck_object_0106_part_000_choice_000_frame_127,pck_object_0106,pck_object_0106_part_000,pck_object_0106_part_000_choice_000,0x00903A,3,9,-1,0x050D,1293,1293,13,5,object_plus_unsigned,0x008C42,0x00914F,yes,5101810808000016560181080800000B,5,plausible_frame_record_prefix
PHAPCK_TBL.decoded.bin,pck_object_0106_part_000_choice_000_frame_127,pck_object_0106,pck_object_0106_part_000,pck_object_0106_part_000_choice_000,0x00903A,3,9,-1,0x050D,1293,1293,13,5,object_plus_signed,0x008C42,0x00914F,yes,5101810808000016560181080800000B,5,plausible_frame_record_prefix
PHAPCK_TBL.decoded.bin,pck_object_0106_part_000_choice_000_frame_127,pck_object_0106,pck_object_0106_part_000,pck_object_0106_part_000_choice_000,0x00903A,3,9,-1,0x050D,1293,1293,13,5,block_plus_unsigned,0x008C40,0x00914D,yes,00155101810808000016560181080800,0,in_range_no_structural_match
PHAPCK_TBL.decoded.bin,pck_object_0106_part_000_choice_000_frame_127,pck_object_0106,pck_object_0106_part_000,pck_object_0106_part_000_choice_000,0x00903A,3,9,-1,0x050D,1293,1293,13,5,block_plus_signed,0x008C40,0x00914D,yes,00155101810808000016560181080800,0,in_range_no_structural_match
PHAPCK_TBL.decoded.bin,pck_object_0106_part_000_choice_000_frame_127,pck_object_0106,pck_object_0106_part_000,pck_object_0106_part_000_choice_000,0x00903A,3,9,-1,0x050D,1293,1293,13,5,part_plus_signed,0x008C50,0x00915D,yes,000B5B0102030405FF0708090AFF0C07,0,in_range_no_structural_match
PHAPCK_TBL.decoded.bin,pck_object_0106_part_000_choice_000_frame_127,pck_object_0106,pck_object_0106_part_000,pck_object_0106_part_000_choice_000,0x00903A,3,9,-1,0x050D,1293,1293,13,5,frame_plus_signed,0x00903A,0x009547,yes,01061708FF191A1706FF1C1A19FF1C08,0,in_range_no_structural_match
PHAPCK_TBL.decoded.bin,pck_object_0106_part_000_choice_000_frame_127,pck_object_0106,pck_object_0106_part_000,pck_object_0106_part_000_choice_000,0x00903A,3,9,-1,0x050D,1293,1293,13,5,payload_plus_signed,0x00903C,0x009549,yes,1708FF191A1706FF1C1A19FF1C08171A,0,in_range_no_structural_match
