source_file,record_id,object_id,part_id,frame_table_id,frame_abs_hex,frame_type,dx,dy,shape_ref_hex,shape_ref_unsigned,shape_ref_signed,shape_ref_low_byte,shape_ref_high_byte,candidate_kind,base_hex,target_hex,target_in_range,target_first_16_hex,score,evidence
SHAPCK_TBL.decoded.bin,pck_object_0004_part_000_choice_000_frame_000,pck_object_0004,pck_object_0004_part_000,pck_object_0004_part_000_choice_000,0x000926,2,-127,0,0x0000,0,0,0,0,direct_unsigned,0x000000,0x000000,yes,04001E000A0032000A00460000005D00,15,plausible_drawable_extents_at_plus6_plus8;plausible_frame_record_prefix
SHAPCK_TBL.decoded.bin,pck_object_0004_part_000_choice_000_frame_000,pck_object_0004,pck_object_0004_part_000,pck_object_0004_part_000_choice_000,0x000926,2,-127,0,0x0000,0,0,0,0,direct_signed,0x000000,0x000000,yes,04001E000A0032000A00460000005D00,15,plausible_drawable_extents_at_plus6_plus8;plausible_frame_record_prefix
SHAPCK_TBL.decoded.bin,pck_object_0004_part_000_choice_000_frame_000,pck_object_0004,pck_object_0004_part_000,pck_object_0004_part_000_choice_000,0x000926,2,-127,0,0x0000,0,0,0,0,object_plus_unsigned,0x000736,0x000736,yes,80001301000000000000070014000044,75,exact_object_offset;byte0_high_bit_set;plausible_object_header;plausible_frame_record_prefix
SHAPCK_TBL.decoded.bin,pck_object_0004_part_000_choice_000_frame_000,pck_object_0004,pck_object_0004_part_000,pck_object_0004_part_000_choice_000,0x000926,2,-127,0,0x0000,0,0,0,0,object_plus_signed,0x000736,0x000736,yes,80001301000000000000070014000044,75,exact_object_offset;byte0_high_bit_set;plausible_object_header;plausible_frame_record_prefix
SHAPCK_TBL.decoded.bin,pck_object_0004_part_000_choice_000_frame_000,pck_object_0004,pck_object_0004_part_000,pck_object_0004_part_000_choice_000,0x000926,2,-127,0,0x0000,0,0,0,0,block_plus_unsigned,0x000730,0x000730,yes,040403100DFF80001301000000000000,25,exact_block_offset
SHAPCK_TBL.decoded.bin,pck_object_0004_part_000_choice_000_frame_000,pck_object_0004,pck_object_0004_part_000,pck_object_0004_part_000_choice_000,0x000926,2,-127,0,0x0000,0,0,0,0,block_plus_signed,0x000730,0x000730,yes,040403100DFF80001301000000000000,25,exact_block_offset
SHAPCK_TBL.decoded.bin,pck_object_0004_part_000_choice_000_frame_000,pck_object_0004,pck_object_0004_part_000,pck_object_0004_part_000_choice_000,0x000926,2,-127,0,0x0000,0,0,0,0,part_plus_signed,0x000744,0x000744,yes,00444C000100E40111444C0001002802,35,exact_part_offset
SHAPCK_TBL.decoded.bin,pck_object_0004_part_000_choice_000_frame_000,pck_object_0004,pck_object_0004_part_000,pck_object_0004_part_000_choice_000,0x000926,2,-127,0,0x0000,0,0,0,0,frame_plus_signed,0x000926,0x000926,yes,10028100000000061602810000080809,35,exact_frame_record;plausible_frame_record_prefix
SHAPCK_TBL.decoded.bin,pck_object_0004_part_000_choice_000_frame_000,pck_object_0004,pck_object_0004_part_000,pck_object_0004_part_000_choice_000,0x000926,2,-127,0,0x0000,0,0,0,0,payload_plus_signed,0x000928,0x000928,yes,81000000000616028100000808091C02,10,byte0_high_bit_set;plausible_frame_record_prefix
SHAPCK_TBL.decoded.bin,pck_object_0004_part_000_choice_000_frame_001,pck_object_0004,pck_object_0004_part_000,pck_object_0004_part_000_choice_000,0x00092E,2,-127,0,0x0800,2048,2048,0,8,direct_unsigned,0x000000,0x000800,yes,0CFEF401F401A0FF0000FA000000A806,0,in_range_no_structural_match
SHAPCK_TBL.decoded.bin,pck_object_0004_part_000_choice_000_frame_001,pck_object_0004,pck_object_0004_part_000,pck_object_0004_part_000_choice_000,0x00092E,2,-127,0,0x0800,2048,2048,0,8,direct_signed,0x000000,0x000800,yes,0CFEF401F401A0FF0000FA000000A806,0,in_range_no_structural_match
SHAPCK_TBL.decoded.bin,pck_object_0004_part_000_choice_000_frame_001,pck_object_0004,pck_object_0004_part_000,pck_object_0004_part_000_choice_000,0x00092E,2,-127,0,0x0800,2048,2048,0,8,object_plus_unsigned,0x000736,0x000F36,yes,03031655018102020404175B01080807,5,plausible_frame_record_prefix
SHAPCK_TBL.decoded.bin,pck_object_0004_part_000_choice_000_frame_001,pck_object_0004,pck_object_0004_part_000,pck_object_0004_part_000_choice_000,0x00092E,2,-127,0,0x0800,2048,2048,0,8,object_plus_signed,0x000736,0x000F36,yes,03031655018102020404175B01080807,5,plausible_frame_record_prefix
SHAPCK_TBL.decoded.bin,pck_object_0004_part_000_choice_000_frame_001,pck_object_0004,pck_object_0004_part_000,pck_object_0004_part_000_choice_000,0x00092E,2,-127,0,0x0800,2048,2048,0,8,block_plus_unsigned,0x000730,0x000F30,yes,154F0181030303031655018102020404,0,in_range_no_structural_match
SHAPCK_TBL.decoded.bin,pck_object_0004_part_000_choice_000_frame_001,pck_object_0004,pck_object_0004_part_000,pck_object_0004_part_000_choice_000,0x00092E,2,-127,0,0x0800,2048,2048,0,8,block_plus_signed,0x000730,0x000F30,yes,154F0181030303031655018102020404,0,in_range_no_structural_match
SHAPCK_TBL.decoded.bin,pck_object_0004_part_000_choice_000_frame_001,pck_object_0004,pck_object_0004_part_000,pck_object_0004_part_000_choice_000,0x00092E,2,-127,0,0x0800,2048,2048,0,8,part_plus_signed,0x000744,0x000F44,yes,08071011FF1313111014FF0A0A13140B,0,in_range_no_structural_match
SHAPCK_TBL.decoded.bin,pck_object_0004_part_000_choice_000_frame_001,pck_object_0004,pck_object_0004_part_000,pck_object_0004_part_000_choice_000,0x00092E,2,-127,0,0x0800,2048,2048,0,8,frame_plus_signed,0x00092E,0x00112E,yes,05A80560FF8C000A007EFF8C000A0000,0,in_range_no_structural_match
SHAPCK_TBL.decoded.bin,pck_object_0004_part_000_choice_000_frame_001,pck_object_0004,pck_object_0004_part_000,pck_object_0004_part_000_choice_000,0x00092E,2,-127,0,0x0800,2048,2048,0,8,payload_plus_signed,0x000930,0x001130,yes,0560FF8C000A007EFF8C000A000000A8,0,in_range_no_structural_match
SHAPCK_TBL.decoded.bin,pck_object_0004_part_000_choice_000_frame_002,pck_object_0004,pck_object_0004_part_000,pck_object_0004_part_000_choice_000,0x000936,2,-127,0,0x0000,0,0,0,0,direct_unsigned,0x000000,0x000000,yes,04001E000A0032000A00460000005D00,15,plausible_drawable_extents_at_plus6_plus8;plausible_frame_record_prefix
SHAPCK_TBL.decoded.bin,pck_object_0004_part_000_choice_000_frame_002,pck_object_0004,pck_object_0004_part_000,pck_object_0004_part_000_choice_000,0x000936,2,-127,0,0x0000,0,0,0,0,direct_signed,0x000000,0x000000,yes,04001E000A0032000A00460000005D00,15,plausible_drawable_extents_at_plus6_plus8;plausible_frame_record_prefix
SHAPCK_TBL.decoded.bin,pck_object_0004_part_000_choice_000_frame_002,pck_object_0004,pck_object_0004_part_000,pck_object_0004_part_000_choice_000,0x000936,2,-127,0,0x0000,0,0,0,0,object_plus_unsigned,0x000736,0x000736,yes,80001301000000000000070014000044,75,exact_object_offset;byte0_high_bit_set;plausible_object_header;plausible_frame_record_prefix
SHAPCK_TBL.decoded.bin,pck_object_0004_part_000_choice_000_frame_002,pck_object_0004,pck_object_0004_part_000,pck_object_0004_part_000_choice_000,0x000936,2,-127,0,0x0000,0,0,0,0,object_plus_signed,0x000736,0x000736,yes,80001301000000000000070014000044,75,exact_object_offset;byte0_high_bit_set;plausible_object_header;plausible_frame_record_prefix
SHAPCK_TBL.decoded.bin,pck_object_0004_part_000_choice_000_frame_002,pck_object_0004,pck_object_0004_part_000,pck_object_0004_part_000_choice_000,0x000936,2,-127,0,0x0000,0,0,0,0,block_plus_unsigned,0x000730,0x000730,yes,040403100DFF80001301000000000000,25,exact_block_offset
SHAPCK_TBL.decoded.bin,pck_object_0004_part_000_choice_000_frame_002,pck_object_0004,pck_object_0004_part_000,pck_object_0004_part_000_choice_000,0x000936,2,-127,0,0x0000,0,0,0,0,block_plus_signed,0x000730,0x000730,yes,040403100DFF80001301000000000000,25,exact_block_offset
SHAPCK_TBL.decoded.bin,pck_object_0004_part_000_choice_000_frame_002,pck_object_0004,pck_object_0004_part_000,pck_object_0004_part_000_choice_000,0x000936,2,-127,0,0x0000,0,0,0,0,part_plus_signed,0x000744,0x000744,yes,00444C000100E40111444C0001002802,35,exact_part_offset
SHAPCK_TBL.decoded.bin,pck_object_0004_part_000_choice_000_frame_002,pck_object_0004,pck_object_0004_part_000,pck_object_0004_part_000_choice_000,0x000936,2,-127,0,0x0000,0,0,0,0,frame_plus_signed,0x000936,0x000936,yes,1C0281000000000E22020202030405FF,35,exact_frame_record;plausible_frame_record_prefix
SHAPCK_TBL.decoded.bin,pck_object_0004_part_000_choice_000_frame_002,pck_object_0004,pck_object_0004_part_000,pck_object_0004_part_000_choice_000,0x000936,2,-127,0,0x0000,0,0,0,0,payload_plus_signed,0x000938,0x000938,yes,81000000000E22020202030405FF0505,10,byte0_high_bit_set;plausible_frame_record_prefix
SHAPCK_TBL.decoded.bin,pck_object_0004_part_000_choice_000_frame_003,pck_object_0004,pck_object_0004_part_000,pck_object_0004_part_000_choice_000,0x00093E,2,2,2,0x0403,1027,1027,3,4,direct_unsigned,0x000000,0x000403,yes,0403FF0A0A0B0205FF0404080A05FF0B,5,plausible_frame_record_prefix
SHAPCK_TBL.decoded.bin,pck_object_0004_part_000_choice_000_frame_003,pck_object_0004,pck_object_0004_part_000,pck_object_0004_part_000_choice_000,0x00093E,2,2,2,0x0403,1027,1027,3,4,direct_signed,0x000000,0x000403,yes,0403FF0A0A0B0205FF0404080A05FF0B,5,plausible_frame_record_prefix
SHAPCK_TBL.decoded.bin,pck_object_0004_part_000_choice_000_frame_003,pck_object_0004,pck_object_0004_part_000,pck_object_0004_part_000_choice_000,0x00093E,2,2,2,0x0403,1027,1027,3,4,object_plus_unsigned,0x000736,0x000B39,yes,C4FF09014600FD07BFFFABFF46000901,5,byte0_high_bit_set
SHAPCK_TBL.decoded.bin,pck_object_0004_part_000_choice_000_frame_003,pck_object_0004,pck_object_0004_part_000,pck_object_0004_part_000_choice_000,0x00093E,2,2,2,0x0403,1027,1027,3,4,object_plus_signed,0x000736,0x000B39,yes,C4FF09014600FD07BFFFABFF46000901,5,byte0_high_bit_set
SHAPCK_TBL.decoded.bin,pck_object_0004_part_000_choice_000_frame_003,pck_object_0004,pck_object_0004_part_000,pck_object_0004_part_000_choice_000,0x00093E,2,2,2,0x0403,1027,1027,3,4,block_plus_unsigned,0x000730,0x000B33,yes,C3FFFA00ABFFC4FF09014600FD07BFFF,5,byte0_high_bit_set
SHAPCK_TBL.decoded.bin,pck_object_0004_part_000_choice_000_frame_003,pck_object_0004,pck_object_0004_part_000,pck_object_0004_part_000_choice_000,0x00093E,2,2,2,0x0403,1027,1027,3,4,block_plus_signed,0x000730,0x000B33,yes,C3FFFA00ABFFC4FF09014600FD07BFFF,5,byte0_high_bit_set
SHAPCK_TBL.decoded.bin,pck_object_0004_part_000_choice_000_frame_003,pck_object_0004,pck_object_0004_part_000,pck_object_0004_part_000_choice_000,0x00093E,2,2,2,0x0403,1027,1027,3,4,part_plus_signed,0x000744,0x000B47,yes,0901BAFF4500FA00C8FF45000901BAFF,5,plausible_frame_record_prefix
SHAPCK_TBL.decoded.bin,pck_object_0004_part_000_choice_000_frame_003,pck_object_0004,pck_object_0004_part_000,pck_object_0004_part_000_choice_000,0x00093E,2,2,2,0x0403,1027,1027,3,4,frame_plus_signed,0x00093E,0x000D41,yes,88FF78000A009300C1057AFA86FF6500,5,byte0_high_bit_set
SHAPCK_TBL.decoded.bin,pck_object_0004_part_000_choice_000_frame_003,pck_object_0004,pck_object_0004_part_000,pck_object_0004_part_000_choice_000,0x00093E,2,2,2,0x0403,1027,1027,3,4,payload_plus_signed,0x000940,0x000D43,yes,78000A009300C1057AFA86FF6500F6FF,5,plausible_frame_record_prefix
SHAPCK_TBL.decoded.bin,pck_object_0004_part_001_choice_000_frame_000,pck_object_0004,pck_object_0004_part_001,pck_object_0004_part_001_choice_000,0x00096A,2,-127,0,0x0000,0,0,0,0,direct_unsigned,0x000000,0x000000,yes,04001E000A0032000A00460000005D00,15,plausible_drawable_extents_at_plus6_plus8;plausible_frame_record_prefix
SHAPCK_TBL.decoded.bin,pck_object_0004_part_001_choice_000_frame_000,pck_object_0004,pck_object_0004_part_001,pck_object_0004_part_001_choice_000,0x00096A,2,-127,0,0x0000,0,0,0,0,direct_signed,0x000000,0x000000,yes,04001E000A0032000A00460000005D00,15,plausible_drawable_extents_at_plus6_plus8;plausible_frame_record_prefix
SHAPCK_TBL.decoded.bin,pck_object_0004_part_001_choice_000_frame_000,pck_object_0004,pck_object_0004_part_001,pck_object_0004_part_001_choice_000,0x00096A,2,-127,0,0x0000,0,0,0,0,object_plus_unsigned,0x000736,0x000736,yes,80001301000000000000070014000044,75,exact_object_offset;byte0_high_bit_set;plausible_object_header;plausible_frame_record_prefix
SHAPCK_TBL.decoded.bin,pck_object_0004_part_001_choice_000_frame_000,pck_object_0004,pck_object_0004_part_001,pck_object_0004_part_001_choice_000,0x00096A,2,-127,0,0x0000,0,0,0,0,object_plus_signed,0x000736,0x000736,yes,80001301000000000000070014000044,75,exact_object_offset;byte0_high_bit_set;plausible_object_header;plausible_frame_record_prefix
SHAPCK_TBL.decoded.bin,pck_object_0004_part_001_choice_000_frame_000,pck_object_0004,pck_object_0004_part_001,pck_object_0004_part_001_choice_000,0x00096A,2,-127,0,0x0000,0,0,0,0,block_plus_unsigned,0x000730,0x000730,yes,040403100DFF80001301000000000000,25,exact_block_offset
SHAPCK_TBL.decoded.bin,pck_object_0004_part_001_choice_000_frame_000,pck_object_0004,pck_object_0004_part_001,pck_object_0004_part_001_choice_000,0x00096A,2,-127,0,0x0000,0,0,0,0,block_plus_signed,0x000730,0x000730,yes,040403100DFF80001301000000000000,25,exact_block_offset
SHAPCK_TBL.decoded.bin,pck_object_0004_part_001_choice_000_frame_000,pck_object_0004,pck_object_0004_part_001,pck_object_0004_part_001_choice_000,0x00096A,2,-127,0,0x0000,0,0,0,0,part_plus_signed,0x00074C,0x00074C,yes,11444C000100280216444C0001005002,35,exact_part_offset
SHAPCK_TBL.decoded.bin,pck_object_0004_part_001_choice_000_frame_000,pck_object_0004,pck_object_0004_part_001,pck_object_0004_part_001_choice_000,0x00096A,2,-127,0,0x0000,0,0,0,0,frame_plus_signed,0x00096A,0x00096A,yes,44028100000000134A020F0F080710FF,35,exact_frame_record;plausible_frame_record_prefix
SHAPCK_TBL.decoded.bin,pck_object_0004_part_001_choice_000_frame_000,pck_object_0004,pck_object_0004_part_001,pck_object_0004_part_001_choice_000,0x00096A,2,-127,0,0x0000,0,0,0,0,payload_plus_signed,0x00096C,0x00096C,yes,8100000000134A020F0F080710FF1010,10,byte0_high_bit_set;plausible_frame_record_prefix
SHAPCK_TBL.decoded.bin,pck_object_0004_part_001_choice_000_frame_001,pck_object_0004,pck_object_0004_part_001,pck_object_0004_part_001_choice_000,0x000972,2,15,15,0x0708,1800,1800,8,7,direct_unsigned,0x000000,0x000708,yes,12120F08FF1313070CFF1212080713FF,0,in_range_no_structural_match
SHAPCK_TBL.decoded.bin,pck_object_0004_part_001_choice_000_frame_001,pck_object_0004,pck_object_0004_part_001,pck_object_0004_part_001_choice_000,0x000972,2,15,15,0x0708,1800,1800,8,7,direct_signed,0x000000,0x000708,yes,12120F08FF1313070CFF1212080713FF,0,in_range_no_structural_match
SHAPCK_TBL.decoded.bin,pck_object_0004_part_001_choice_000_frame_001,pck_object_0004,pck_object_0004_part_001,pck_object_0004_part_001_choice_000,0x000972,2,15,15,0x0708,1800,1800,8,7,object_plus_unsigned,0x000736,0x000E3E,yes,005FFF4400F00086FF3E00F0007EFF0C,0,in_range_no_structural_match
SHAPCK_TBL.decoded.bin,pck_object_0004_part_001_choice_000_frame_001,pck_object_0004,pck_object_0004_part_001,pck_object_0004_part_001_choice_000,0x000972,2,15,15,0x0708,1800,1800,8,7,object_plus_signed,0x000736,0x000E3E,yes,005FFF4400F00086FF3E00F0007EFF0C,0,in_range_no_structural_match
SHAPCK_TBL.decoded.bin,pck_object_0004_part_001_choice_000_frame_001,pck_object_0004,pck_object_0004_part_001,pck_object_0004_part_001_choice_000,0x000972,2,15,15,0x0708,1800,1800,8,7,block_plus_unsigned,0x000730,0x000E38,yes,0856FF1300F0005FFF4400F00086FF3E,0,in_range_no_structural_match
SHAPCK_TBL.decoded.bin,pck_object_0004_part_001_choice_000_frame_001,pck_object_0004,pck_object_0004_part_001,pck_object_0004_part_001_choice_000,0x000972,2,15,15,0x0708,1800,1800,8,7,block_plus_signed,0x000730,0x000E38,yes,0856FF1300F0005FFF4400F00086FF3E,0,in_range_no_structural_match
SHAPCK_TBL.decoded.bin,pck_object_0004_part_001_choice_000_frame_001,pck_object_0004,pck_object_0004_part_001,pck_object_0004_part_001_choice_000,0x000972,2,15,15,0x0708,1800,1800,8,7,part_plus_signed,0x00074C,0x000E54,yes,07B60266FF6C0082008DFF65008200DE,0,in_range_no_structural_match
SHAPCK_TBL.decoded.bin,pck_object_0004_part_001_choice_000_frame_001,pck_object_0004,pck_object_0004_part_001,pck_object_0004_part_001_choice_000,0x000972,2,15,15,0x0708,1800,1800,8,7,frame_plus_signed,0x000972,0x00107A,yes,123B0181030303031541018103030303,0,in_range_no_structural_match
SHAPCK_TBL.decoded.bin,pck_object_0004_part_001_choice_000_frame_001,pck_object_0004,pck_object_0004_part_001,pck_object_0004_part_001_choice_000,0x000972,2,15,15,0x0708,1800,1800,8,7,payload_plus_signed,0x000974,0x00107C,yes,01810303030315410181030303031647,0,in_range_no_structural_match
SHAPCK_TBL.decoded.bin,pck_object_0004_part_002_choice_000_frame_000,pck_object_0004,pck_object_0004_part_002,pck_object_0004_part_002_choice_000,0x000992,2,-127,9,0x0009,9,9,9,0,direct_unsigned,0x000000,0x000009,yes,00460000005D00060073000B00AF000D,0,in_range_no_structural_match
SHAPCK_TBL.decoded.bin,pck_object_0004_part_002_choice_000_frame_000,pck_object_0004,pck_object_0004_part_002,pck_object_0004_part_002_choice_000,0x000992,2,-127,9,0x0009,9,9,9,0,direct_signed,0x000000,0x000009,yes,00460000005D00060073000B00AF000D,0,in_range_no_structural_match
SHAPCK_TBL.decoded.bin,pck_object_0004_part_002_choice_000_frame_000,pck_object_0004,pck_object_0004_part_002,pck_object_0004_part_002_choice_000,0x000992,2,-127,9,0x0009,9,9,9,0,object_plus_unsigned,0x000736,0x00073F,yes,000700140000444C000100E40111444C,0,in_range_no_structural_match
SHAPCK_TBL.decoded.bin,pck_object_0004_part_002_choice_000_frame_000,pck_object_0004,pck_object_0004_part_002,pck_object_0004_part_002_choice_000,0x000992,2,-127,9,0x0009,9,9,9,0,object_plus_signed,0x000736,0x00073F,yes,000700140000444C000100E40111444C,0,in_range_no_structural_match
SHAPCK_TBL.decoded.bin,pck_object_0004_part_002_choice_000_frame_000,pck_object_0004,pck_object_0004_part_002,pck_object_0004_part_002_choice_000,0x000992,2,-127,9,0x0009,9,9,9,0,block_plus_unsigned,0x000730,0x000739,yes,010000000000000700140000444C0001,5,plausible_frame_record_prefix
SHAPCK_TBL.decoded.bin,pck_object_0004_part_002_choice_000_frame_000,pck_object_0004,pck_object_0004_part_002,pck_object_0004_part_002_choice_000,0x000992,2,-127,9,0x0009,9,9,9,0,block_plus_signed,0x000730,0x000739,yes,010000000000000700140000444C0001,5,plausible_frame_record_prefix
SHAPCK_TBL.decoded.bin,pck_object_0004_part_002_choice_000_frame_000,pck_object_0004,pck_object_0004_part_002,pck_object_0004_part_002_choice_000,0x000992,2,-127,9,0x0009,9,9,9,0,part_plus_signed,0x000754,0x00075D,yes,444C00010092022B444C000100E50236,0,in_range_no_structural_match
SHAPCK_TBL.decoded.bin,pck_object_0004_part_002_choice_000_frame_000,pck_object_0004,pck_object_0004_part_002,pck_object_0004_part_002_choice_000,0x000992,2,-127,9,0x0009,9,9,9,0,frame_plus_signed,0x000992,0x00099B,yes,028108080C0C06870281010104041C8C,0,in_range_no_structural_match
SHAPCK_TBL.decoded.bin,pck_object_0004_part_002_choice_000_frame_000,pck_object_0004,pck_object_0004_part_002,pck_object_0004_part_002_choice_000,0x000992,2,-127,9,0x0009,9,9,9,0,payload_plus_signed,0x000994,0x00099D,yes,08080C0C06870281010104041C8C0202,0,in_range_no_structural_match
SHAPCK_TBL.decoded.bin,pck_object_0004_part_002_choice_000_frame_001,pck_object_0004,pck_object_0004_part_002,pck_object_0004_part_002_choice_000,0x00099A,2,-127,8,0x0C08,3080,3080,8,12,direct_unsigned,0x000000,0x000C08,yes,000800000B430181000808080C490181,0,in_range_no_structural_match
SHAPCK_TBL.decoded.bin,pck_object_0004_part_002_choice_000_frame_001,pck_object_0004,pck_object_0004_part_002,pck_object_0004_part_002_choice_000,0x00099A,2,-127,8,0x0C08,3080,3080,8,12,direct_signed,0x000000,0x000C08,yes,000800000B430181000808080C490181,0,in_range_no_structural_match
SHAPCK_TBL.decoded.bin,pck_object_0004_part_002_choice_000_frame_001,pck_object_0004,pck_object_0004_part_002,pck_object_0004_part_002_choice_000,0x00099A,2,-127,8,0x0C08,3080,3080,8,12,object_plus_unsigned,0x000736,0x00133E,yes,FF0A0A13140BFF1111130A08FF141410,5,byte0_high_bit_set
SHAPCK_TBL.decoded.bin,pck_object_0004_part_002_choice_000_frame_001,pck_object_0004,pck_object_0004_part_002,pck_object_0004_part_002_choice_000,0x00099A,2,-127,8,0x0C08,3080,3080,8,12,object_plus_signed,0x000736,0x00133E,yes,FF0A0A13140BFF1111130A08FF141410,5,byte0_high_bit_set
SHAPCK_TBL.decoded.bin,pck_object_0004_part_002_choice_000_frame_001,pck_object_0004,pck_object_0004_part_002,pck_object_0004_part_002_choice_000,0x00099A,2,-127,8,0x0C08,3080,3080,8,12,block_plus_unsigned,0x000730,0x001338,yes,FF1313111014FF0A0A13140BFF111113,5,byte0_high_bit_set
SHAPCK_TBL.decoded.bin,pck_object_0004_part_002_choice_000_frame_001,pck_object_0004,pck_object_0004_part_002,pck_object_0004_part_002_choice_000,0x00099A,2,-127,8,0x0C08,3080,3080,8,12,block_plus_signed,0x000730,0x001338,yes,FF1313111014FF0A0A13140BFF111113,5,byte0_high_bit_set
SHAPCK_TBL.decoded.bin,pck_object_0004_part_002_choice_000_frame_001,pck_object_0004,pck_object_0004_part_002,pck_object_0004_part_002_choice_000,0x00099A,2,-127,8,0x0C08,3080,3080,8,12,part_plus_signed,0x000754,0x00135C,yes,000F0000171F000100A9000E171F0001,0,in_range_no_structural_match
SHAPCK_TBL.decoded.bin,pck_object_0004_part_002_choice_000_frame_001,pck_object_0004,pck_object_0004_part_002,pck_object_0004_part_002_choice_000,0x00099A,2,-127,8,0x0C08,3080,3080,8,12,frame_plus_signed,0x00099A,0x0015A2,yes,0005001901030F81030303030F410181,0,in_range_no_structural_match
SHAPCK_TBL.decoded.bin,pck_object_0004_part_002_choice_000_frame_001,pck_object_0004,pck_object_0004_part_002,pck_object_0004_part_002_choice_000,0x00099A,2,-127,8,0x0C08,3080,3080,8,12,payload_plus_signed,0x00099C,0x0015A4,yes,001901030F81030303030F4101810000,0,in_range_no_structural_match
SHAPCK_TBL.decoded.bin,pck_object_0004_part_002_choice_000_frame_002,pck_object_0004,pck_object_0004_part_002,pck_object_0004_part_002_choice_000,0x0009A2,2,-127,1,0x0401,1025,1025,1,4,direct_unsigned,0x000000,0x000401,yes,07080403FF0A0A0B0205FF0404080A05,0,in_range_no_structural_match
SHAPCK_TBL.decoded.bin,pck_object_0004_part_002_choice_000_frame_002,pck_object_0004,pck_object_0004_part_002,pck_object_0004_part_002_choice_000,0x0009A2,2,-127,1,0x0401,1025,1025,1,4,direct_signed,0x000000,0x000401,yes,07080403FF0A0A0B0205FF0404080A05,0,in_range_no_structural_match
SHAPCK_TBL.decoded.bin,pck_object_0004_part_002_choice_000_frame_002,pck_object_0004,pck_object_0004_part_002,pck_object_0004_part_002_choice_000,0x0009A2,2,-127,1,0x0401,1025,1025,1,4,object_plus_unsigned,0x000736,0x000B37,yes,ABFFC4FF09014600FD07BFFFABFF4600,5,byte0_high_bit_set
SHAPCK_TBL.decoded.bin,pck_object_0004_part_002_choice_000_frame_002,pck_object_0004,pck_object_0004_part_002,pck_object_0004_part_002_choice_000,0x0009A2,2,-127,1,0x0401,1025,1025,1,4,object_plus_signed,0x000736,0x000B37,yes,ABFFC4FF09014600FD07BFFFABFF4600,5,byte0_high_bit_set
SHAPCK_TBL.decoded.bin,pck_object_0004_part_002_choice_000_frame_002,pck_object_0004,pck_object_0004_part_002,pck_object_0004_part_002_choice_000,0x0009A2,2,-127,1,0x0401,1025,1025,1,4,block_plus_unsigned,0x000730,0x000B31,yes,BAFFC3FFFA00ABFFC4FF09014600FD07,5,byte0_high_bit_set
SHAPCK_TBL.decoded.bin,pck_object_0004_part_002_choice_000_frame_002,pck_object_0004,pck_object_0004_part_002,pck_object_0004_part_002_choice_000,0x0009A2,2,-127,1,0x0401,1025,1025,1,4,block_plus_signed,0x000730,0x000B31,yes,BAFFC3FFFA00ABFFC4FF09014600FD07,5,byte0_high_bit_set
SHAPCK_TBL.decoded.bin,pck_object_0004_part_002_choice_000_frame_002,pck_object_0004,pck_object_0004_part_002,pck_object_0004_part_002_choice_000,0x0009A2,2,-127,1,0x0401,1025,1025,1,4,part_plus_signed,0x000754,0x000B55,yes,BAFF460017018BFA0000D905A8050000,5,byte0_high_bit_set
SHAPCK_TBL.decoded.bin,pck_object_0004_part_002_choice_000_frame_002,pck_object_0004,pck_object_0004_part_002,pck_object_0004_part_002_choice_000,0x0009A2,2,-127,1,0x0401,1025,1025,1,4,frame_plus_signed,0x0009A2,0x000DA3,yes,05FF0707080403FF0A0A0B0205FF0404,0,in_range_no_structural_match
SHAPCK_TBL.decoded.bin,pck_object_0004_part_002_choice_000_frame_002,pck_object_0004,pck_object_0004_part_002,pck_object_0004_part_002_choice_000,0x0009A2,2,-127,1,0x0401,1025,1025,1,4,payload_plus_signed,0x0009A4,0x000DA5,yes,0707080403FF0A0A0B0205FF0404080A,0,in_range_no_structural_match
SHAPCK_TBL.decoded.bin,pck_object_0004_part_002_choice_000_frame_003,pck_object_0004,pck_object_0004_part_002,pck_object_0004_part_002_choice_000,0x0009AA,2,2,2,0x0F17,3863,3863,23,15,direct_unsigned,0x000000,0x000F17,yes,1B013D0181030303030F430181000000,5,plausible_frame_record_prefix
SHAPCK_TBL.decoded.bin,pck_object_0004_part_002_choice_000_frame_003,pck_object_0004,pck_object_0004_part_002,pck_object_0004_part_002_choice_000,0x0009AA,2,2,2,0x0F17,3863,3863,23,15,direct_signed,0x000000,0x000F17,yes,1B013D0181030303030F430181000000,5,plausible_frame_record_prefix
SHAPCK_TBL.decoded.bin,pck_object_0004_part_002_choice_000_frame_003,pck_object_0004,pck_object_0004_part_002,pck_object_0004_part_002_choice_000,0x0009AA,2,2,2,0x0F17,3863,3863,23,15,object_plus_unsigned,0x000736,0x00164D,yes,500056FFD8FF500000080000000000F8,5,plausible_frame_record_prefix
SHAPCK_TBL.decoded.bin,pck_object_0004_part_002_choice_000_frame_003,pck_object_0004,pck_object_0004_part_002,pck_object_0004_part_002_choice_000,0x0009AA,2,2,2,0x0F17,3863,3863,23,15,object_plus_signed,0x000736,0x00164D,yes,500056FFD8FF500000080000000000F8,5,plausible_frame_record_prefix
SHAPCK_TBL.decoded.bin,pck_object_0004_part_002_choice_000_frame_003,pck_object_0004,pck_object_0004_part_002,pck_object_0004_part_002_choice_000,0x0009AA,2,2,2,0x0F17,3863,3863,23,15,block_plus_unsigned,0x000730,0x001647,yes,21017EFFD8FF500056FFD8FF50000008,5,plausible_frame_record_prefix
SHAPCK_TBL.decoded.bin,pck_object_0004_part_002_choice_000_frame_003,pck_object_0004,pck_object_0004_part_002,pck_object_0004_part_002_choice_000,0x0009AA,2,2,2,0x0F17,3863,3863,23,15,block_plus_signed,0x000730,0x001647,yes,21017EFFD8FF500056FFD8FF50000008,5,plausible_frame_record_prefix
SHAPCK_TBL.decoded.bin,pck_object_0004_part_002_choice_000_frame_003,pck_object_0004,pck_object_0004_part_002,pck_object_0004_part_002_choice_000,0x0009AA,2,2,2,0x0F17,3863,3863,23,15,part_plus_signed,0x000754,0x00166B,yes,500160FF1400D8FF7EFF1400D8FF0000,5,plausible_frame_record_prefix
SHAPCK_TBL.decoded.bin,pck_object_0004_part_002_choice_000_frame_003,pck_object_0004,pck_object_0004_part_002,pck_object_0004_part_002_choice_000,0x0009AA,2,2,2,0x0F17,3863,3863,23,15,frame_plus_signed,0x0009AA,0x0018C1,yes,FA00A700E2FFFA00A000BBFF0E015E01,20,byte0_high_bit_set;plausible_drawable_extents_at_plus6_plus8;plausible_frame_record_prefix
SHAPCK_TBL.decoded.bin,pck_object_0004_part_002_choice_000_frame_003,pck_object_0004,pck_object_0004_part_002,pck_object_0004_part_002_choice_000,0x0009AA,2,2,2,0x0F17,3863,3863,23,15,payload_plus_signed,0x0009AC,0x0018C3,yes,A700E2FFFA00A000BBFF0E015E01A107,10,byte0_high_bit_set;plausible_frame_record_prefix
SHAPCK_TBL.decoded.bin,pck_object_0004_part_003_choice_000_frame_000,pck_object_0004,pck_object_0004_part_003,pck_object_0004_part_003_choice_000,0x0009D4,2,-127,8,0x0408,1032,1032,8,4,direct_unsigned,0x000000,0x000408,yes,0B0205FF0404080A05FF0B0B070302FF,5,plausible_frame_record_prefix
SHAPCK_TBL.decoded.bin,pck_object_0004_part_003_choice_000_frame_000,pck_object_0004,pck_object_0004_part_003,pck_object_0004_part_003_choice_000,0x0009D4,2,-127,8,0x0408,1032,1032,8,4,direct_signed,0x000000,0x000408,yes,0B0205FF0404080A05FF0B0B070302FF,5,plausible_frame_record_prefix
SHAPCK_TBL.decoded.bin,pck_object_0004_part_003_choice_000_frame_000,pck_object_0004,pck_object_0004_part_003,pck_object_0004_part_003_choice_000,0x0009D4,2,-127,8,0x0408,1032,1032,8,4,object_plus_unsigned,0x000736,0x000B3E,yes,00FD07BFFFABFF46000901BAFF4500FA,0,in_range_no_structural_match
SHAPCK_TBL.decoded.bin,pck_object_0004_part_003_choice_000_frame_000,pck_object_0004,pck_object_0004_part_003,pck_object_0004_part_003_choice_000,0x0009D4,2,-127,8,0x0408,1032,1032,8,4,object_plus_signed,0x000736,0x000B3E,yes,00FD07BFFFABFF46000901BAFF4500FA,0,in_range_no_structural_match
SHAPCK_TBL.decoded.bin,pck_object_0004_part_003_choice_000_frame_000,pck_object_0004,pck_object_0004_part_003,pck_object_0004_part_003_choice_000,0x0009D4,2,-127,8,0x0408,1032,1032,8,4,block_plus_unsigned,0x000730,0x000B38,yes,FFC4FF09014600FD07BFFFABFF460009,5,byte0_high_bit_set
SHAPCK_TBL.decoded.bin,pck_object_0004_part_003_choice_000_frame_000,pck_object_0004,pck_object_0004_part_003,pck_object_0004_part_003_choice_000,0x0009D4,2,-127,8,0x0408,1032,1032,8,4,block_plus_signed,0x000730,0x000B38,yes,FFC4FF09014600FD07BFFFABFF460009,5,byte0_high_bit_set
SHAPCK_TBL.decoded.bin,pck_object_0004_part_003_choice_000_frame_000,pck_object_0004,pck_object_0004_part_003,pck_object_0004_part_003_choice_000,0x0009D4,2,-127,8,0x0408,1032,1032,8,4,part_plus_signed,0x00075C,0x000B64,yes,00A805D90500008BFA58FA000058FA00,0,in_range_no_structural_match
SHAPCK_TBL.decoded.bin,pck_object_0004_part_003_choice_000_frame_000,pck_object_0004,pck_object_0004_part_003,pck_object_0004_part_003_choice_000,0x0009D4,2,-127,8,0x0408,1032,1032,8,4,frame_plus_signed,0x0009D4,0x000DDC,yes,0303154D018103030303165301810202,5,plausible_frame_record_prefix
SHAPCK_TBL.decoded.bin,pck_object_0004_part_003_choice_000_frame_000,pck_object_0004,pck_object_0004_part_003,pck_object_0004_part_003_choice_000,0x0009D4,2,-127,8,0x0408,1032,1032,8,4,payload_plus_signed,0x0009D6,0x000DDE,yes,154D0181030303031653018102020404,0,in_range_no_structural_match
SHAPCK_TBL.decoded.bin,pck_object_0004_part_003_choice_000_frame_001,pck_object_0004,pck_object_0004_part_003,pck_object_0004_part_003_choice_000,0x0009DC,2,-127,0,0x0000,0,0,0,0,direct_unsigned,0x000000,0x000000,yes,04001E000A0032000A00460000005D00,15,plausible_drawable_extents_at_plus6_plus8;plausible_frame_record_prefix
SHAPCK_TBL.decoded.bin,pck_object_0004_part_003_choice_000_frame_001,pck_object_0004,pck_object_0004_part_003,pck_object_0004_part_003_choice_000,0x0009DC,2,-127,0,0x0000,0,0,0,0,direct_signed,0x000000,0x000000,yes,04001E000A0032000A00460000005D00,15,plausible_drawable_extents_at_plus6_plus8;plausible_frame_record_prefix
SHAPCK_TBL.decoded.bin,pck_object_0004_part_003_choice_000_frame_001,pck_object_0004,pck_object_0004_part_003,pck_object_0004_part_003_choice_000,0x0009DC,2,-127,0,0x0000,0,0,0,0,object_plus_unsigned,0x000736,0x000736,yes,80001301000000000000070014000044,75,exact_object_offset;byte0_high_bit_set;plausible_object_header;plausible_frame_record_prefix
SHAPCK_TBL.decoded.bin,pck_object_0004_part_003_choice_000_frame_001,pck_object_0004,pck_object_0004_part_003,pck_object_0004_part_003_choice_000,0x0009DC,2,-127,0,0x0000,0,0,0,0,object_plus_signed,0x000736,0x000736,yes,80001301000000000000070014000044,75,exact_object_offset;byte0_high_bit_set;plausible_object_header;plausible_frame_record_prefix
SHAPCK_TBL.decoded.bin,pck_object_0004_part_003_choice_000_frame_001,pck_object_0004,pck_object_0004_part_003,pck_object_0004_part_003_choice_000,0x0009DC,2,-127,0,0x0000,0,0,0,0,block_plus_unsigned,0x000730,0x000730,yes,040403100DFF80001301000000000000,25,exact_block_offset
SHAPCK_TBL.decoded.bin,pck_object_0004_part_003_choice_000_frame_001,pck_object_0004,pck_object_0004_part_003,pck_object_0004_part_003_choice_000,0x0009DC,2,-127,0,0x0000,0,0,0,0,block_plus_signed,0x000730,0x000730,yes,040403100DFF80001301000000000000,25,exact_block_offset
SHAPCK_TBL.decoded.bin,pck_object_0004_part_003_choice_000_frame_001,pck_object_0004,pck_object_0004_part_003,pck_object_0004_part_003_choice_000,0x0009DC,2,-127,0,0x0000,0,0,0,0,part_plus_signed,0x00075C,0x00075C,yes,1D444C00010092022B444C000100E502,35,exact_part_offset
SHAPCK_TBL.decoded.bin,pck_object_0004_part_003_choice_000_frame_001,pck_object_0004,pck_object_0004_part_003,pck_object_0004_part_003_choice_000,0x0009DC,2,-127,0,0x0000,0,0,0,0,frame_plus_signed,0x0009DC,0x0009DC,yes,CD02810000000026D302810808080828,40,exact_frame_record;byte0_high_bit_set;plausible_frame_record_prefix
SHAPCK_TBL.decoded.bin,pck_object_0004_part_003_choice_000_frame_001,pck_object_0004,pck_object_0004_part_003,pck_object_0004_part_003_choice_000,0x0009DC,2,-127,0,0x0000,0,0,0,0,payload_plus_signed,0x0009DE,0x0009DE,yes,810000000026D302810808080828D902,10,byte0_high_bit_set;plausible_frame_record_prefix
SHAPCK_TBL.decoded.bin,pck_object_0004_part_003_choice_000_frame_002,pck_object_0004,pck_object_0004_part_003,pck_object_0004_part_003_choice_000,0x0009E4,2,-127,8,0x0808,2056,2056,8,8,direct_unsigned,0x000000,0x000808,yes,0000FA000000A8067004E0FF0000FA00,5,plausible_frame_record_prefix
SHAPCK_TBL.decoded.bin,pck_object_0004_part_003_choice_000_frame_002,pck_object_0004,pck_object_0004_part_003,pck_object_0004_part_003_choice_000,0x0009E4,2,-127,8,0x0808,2056,2056,8,8,direct_signed,0x000000,0x000808,yes,0000FA000000A8067004E0FF0000FA00,5,plausible_frame_record_prefix
SHAPCK_TBL.decoded.bin,pck_object_0004_part_003_choice_000_frame_002,pck_object_0004,pck_object_0004_part_003,pck_object_0004_part_003_choice_000,0x0009E4,2,-127,8,0x0808,2056,2056,8,8,object_plus_unsigned,0x000736,0x000F3E,yes,0404175B010808071011FF1313111014,0,in_range_no_structural_match
SHAPCK_TBL.decoded.bin,pck_object_0004_part_003_choice_000_frame_002,pck_object_0004,pck_object_0004_part_003,pck_object_0004_part_003_choice_000,0x0009E4,2,-127,8,0x0808,2056,2056,8,8,object_plus_signed,0x000736,0x000F3E,yes,0404175B010808071011FF1313111014,0,in_range_no_structural_match
SHAPCK_TBL.decoded.bin,pck_object_0004_part_003_choice_000_frame_002,pck_object_0004,pck_object_0004_part_003,pck_object_0004_part_003_choice_000,0x0009E4,2,-127,8,0x0808,2056,2056,8,8,block_plus_unsigned,0x000730,0x000F38,yes,1655018102020404175B010808071011,0,in_range_no_structural_match
SHAPCK_TBL.decoded.bin,pck_object_0004_part_003_choice_000_frame_002,pck_object_0004,pck_object_0004_part_003,pck_object_0004_part_003_choice_000,0x0009E4,2,-127,8,0x0808,2056,2056,8,8,block_plus_signed,0x000730,0x000F38,yes,1655018102020404175B010808071011,0,in_range_no_structural_match
SHAPCK_TBL.decoded.bin,pck_object_0004_part_003_choice_000_frame_002,pck_object_0004,pck_object_0004_part_003,pck_object_0004_part_003_choice_000,0x0009E4,2,-127,8,0x0808,2056,2056,8,8,part_plus_signed,0x00075C,0x000F64,yes,0100000000000002000F0000181F0001,5,plausible_frame_record_prefix
SHAPCK_TBL.decoded.bin,pck_object_0004_part_003_choice_000_frame_002,pck_object_0004,pck_object_0004_part_003,pck_object_0004_part_003_choice_000,0x0009E4,2,-127,8,0x0808,2056,2056,8,8,frame_plus_signed,0x0009E4,0x0011EC,yes,FF0A0A13140BFF1111130A08FF141410,5,byte0_high_bit_set
SHAPCK_TBL.decoded.bin,pck_object_0004_part_003_choice_000_frame_002,pck_object_0004,pck_object_0004_part_003,pck_object_0004_part_003_choice_000,0x0009E4,2,-127,8,0x0808,2056,2056,8,8,payload_plus_signed,0x0009E6,0x0011EE,yes,0A13140BFF1111130A08FF141410070B,0,in_range_no_structural_match
SHAPCK_TBL.decoded.bin,pck_object_0004_part_003_choice_000_frame_003,pck_object_0004,pck_object_0004_part_003,pck_object_0004_part_003_choice_000,0x0009EC,2,-127,0,0x0000,0,0,0,0,direct_unsigned,0x000000,0x000000,yes,04001E000A0032000A00460000005D00,15,plausible_drawable_extents_at_plus6_plus8;plausible_frame_record_prefix
SHAPCK_TBL.decoded.bin,pck_object_0004_part_003_choice_000_frame_003,pck_object_0004,pck_object_0004_part_003,pck_object_0004_part_003_choice_000,0x0009EC,2,-127,0,0x0000,0,0,0,0,direct_signed,0x000000,0x000000,yes,04001E000A0032000A00460000005D00,15,plausible_drawable_extents_at_plus6_plus8;plausible_frame_record_prefix
SHAPCK_TBL.decoded.bin,pck_object_0004_part_003_choice_000_frame_003,pck_object_0004,pck_object_0004_part_003,pck_object_0004_part_003_choice_000,0x0009EC,2,-127,0,0x0000,0,0,0,0,object_plus_unsigned,0x000736,0x000736,yes,80001301000000000000070014000044,75,exact_object_offset;byte0_high_bit_set;plausible_object_header;plausible_frame_record_prefix
SHAPCK_TBL.decoded.bin,pck_object_0004_part_003_choice_000_frame_003,pck_object_0004,pck_object_0004_part_003,pck_object_0004_part_003_choice_000,0x0009EC,2,-127,0,0x0000,0,0,0,0,object_plus_signed,0x000736,0x000736,yes,80001301000000000000070014000044,75,exact_object_offset;byte0_high_bit_set;plausible_object_header;plausible_frame_record_prefix
SHAPCK_TBL.decoded.bin,pck_object_0004_part_003_choice_000_frame_003,pck_object_0004,pck_object_0004_part_003,pck_object_0004_part_003_choice_000,0x0009EC,2,-127,0,0x0000,0,0,0,0,block_plus_unsigned,0x000730,0x000730,yes,040403100DFF80001301000000000000,25,exact_block_offset
SHAPCK_TBL.decoded.bin,pck_object_0004_part_003_choice_000_frame_003,pck_object_0004,pck_object_0004_part_003,pck_object_0004_part_003_choice_000,0x0009EC,2,-127,0,0x0000,0,0,0,0,block_plus_signed,0x000730,0x000730,yes,040403100DFF80001301000000000000,25,exact_block_offset
SHAPCK_TBL.decoded.bin,pck_object_0004_part_003_choice_000_frame_003,pck_object_0004,pck_object_0004_part_003,pck_object_0004_part_003_choice_000,0x0009EC,2,-127,0,0x0000,0,0,0,0,part_plus_signed,0x00075C,0x00075C,yes,1D444C00010092022B444C000100E502,35,exact_part_offset
SHAPCK_TBL.decoded.bin,pck_object_0004_part_003_choice_000_frame_003,pck_object_0004,pck_object_0004_part_003,pck_object_0004_part_003_choice_000,0x0009EC,2,-127,0,0x0000,0,0,0,0,frame_plus_signed,0x0009EC,0x0009EC,yes,D90281000000002ADF021E1E1F202122,40,exact_frame_record;byte0_high_bit_set;plausible_frame_record_prefix
SHAPCK_TBL.decoded.bin,pck_object_0004_part_003_choice_000_frame_003,pck_object_0004,pck_object_0004_part_003,pck_object_0004_part_003_choice_000,0x0009EC,2,-127,0,0x0000,0,0,0,0,payload_plus_signed,0x0009EE,0x0009EE,yes,81000000002ADF021E1E1F202122FF24,10,byte0_high_bit_set;plausible_frame_record_prefix
SHAPCK_TBL.decoded.bin,pck_object_0004_part_003_choice_000_frame_004,pck_object_0004,pck_object_0004_part_003,pck_object_0004_part_003_choice_000,0x0009F4,2,30,30,0x201F,8223,8223,31,32,direct_unsigned,0x000000,0x00201F,yes,0AFF01000501000005000D01000F8100,0,in_range_no_structural_match
SHAPCK_TBL.decoded.bin,pck_object_0004_part_003_choice_000_frame_004,pck_object_0004,pck_object_0004_part_003,pck_object_0004_part_003_choice_000,0x0009F4,2,30,30,0x201F,8223,8223,31,32,direct_signed,0x000000,0x00201F,yes,0AFF01000501000005000D01000F8100,0,in_range_no_structural_match
SHAPCK_TBL.decoded.bin,pck_object_0004_part_003_choice_000_frame_004,pck_object_0004,pck_object_0004_part_003,pck_object_0004_part_003_choice_000,0x0009F4,2,30,30,0x201F,8223,8223,31,32,object_plus_unsigned,0x000736,0x002755,yes,0DFF80005B0100000000000001001500,0,in_range_no_structural_match
SHAPCK_TBL.decoded.bin,pck_object_0004_part_003_choice_000_frame_004,pck_object_0004,pck_object_0004_part_003,pck_object_0004_part_003_choice_000,0x0009F4,2,30,30,0x201F,8223,8223,31,32,object_plus_signed,0x000736,0x002755,yes,0DFF80005B0100000000000001001500,0,in_range_no_structural_match
SHAPCK_TBL.decoded.bin,pck_object_0004_part_003_choice_000_frame_004,pck_object_0004,pck_object_0004_part_003,pck_object_0004_part_003_choice_000,0x0009F4,2,30,30,0x201F,8223,8223,31,32,block_plus_unsigned,0x000730,0x00274F,yes,0DFF040403100DFF80005B0100000000,0,in_range_no_structural_match
SHAPCK_TBL.decoded.bin,pck_object_0004_part_003_choice_000_frame_004,pck_object_0004,pck_object_0004_part_003,pck_object_0004_part_003_choice_000,0x0009F4,2,30,30,0x201F,8223,8223,31,32,block_plus_signed,0x000730,0x00274F,yes,0DFF040403100DFF80005B0100000000,0,in_range_no_structural_match
SHAPCK_TBL.decoded.bin,pck_object_0004_part_003_choice_000_frame_004,pck_object_0004,pck_object_0004_part_003,pck_object_0004_part_003_choice_000,0x0009F4,2,30,30,0x201F,8223,8223,31,32,part_plus_signed,0x00075C,0x00277B,yes,3200E2FFD8FFF6FF1E00A6FFF6FF1E00,5,plausible_frame_record_prefix
SHAPCK_TBL.decoded.bin,pck_object_0004_part_003_choice_000_frame_004,pck_object_0004,pck_object_0004_part_003,pck_object_0004_part_003_choice_000,0x0009F4,2,30,30,0x201F,8223,8223,31,32,frame_plus_signed,0x0009F4,0x002A13,yes,091003FF0A0A05040DFF040403100DFF,0,in_range_no_structural_match
SHAPCK_TBL.decoded.bin,pck_object_0004_part_003_choice_000_frame_004,pck_object_0004,pck_object_0004_part_003,pck_object_0004_part_003_choice_000,0x0009F4,2,30,30,0x201F,8223,8223,31,32,payload_plus_signed,0x0009F6,0x002A15,yes,03FF0A0A05040DFF040403100DFF8000,0,in_range_no_structural_match
SHAPCK_TBL.decoded.bin,pck_object_0004_part_004_choice_000_frame_000,pck_object_0004,pck_object_0004_part_004,pck_object_0004_part_004_choice_000,0x000A27,3,-127,8,0x0408,1032,1032,8,4,direct_unsigned,0x000000,0x000408,yes,0B0205FF0404080A05FF0B0B070302FF,5,plausible_frame_record_prefix
SHAPCK_TBL.decoded.bin,pck_object_0004_part_004_choice_000_frame_000,pck_object_0004,pck_object_0004_part_004,pck_object_0004_part_004_choice_000,0x000A27,3,-127,8,0x0408,1032,1032,8,4,direct_signed,0x000000,0x000408,yes,0B0205FF0404080A05FF0B0B070302FF,5,plausible_frame_record_prefix
SHAPCK_TBL.decoded.bin,pck_object_0004_part_004_choice_000_frame_000,pck_object_0004,pck_object_0004_part_004,pck_object_0004_part_004_choice_000,0x000A27,3,-127,8,0x0408,1032,1032,8,4,object_plus_unsigned,0x000736,0x000B3E,yes,00FD07BFFFABFF46000901BAFF4500FA,0,in_range_no_structural_match
SHAPCK_TBL.decoded.bin,pck_object_0004_part_004_choice_000_frame_000,pck_object_0004,pck_object_0004_part_004,pck_object_0004_part_004_choice_000,0x000A27,3,-127,8,0x0408,1032,1032,8,4,object_plus_signed,0x000736,0x000B3E,yes,00FD07BFFFABFF46000901BAFF4500FA,0,in_range_no_structural_match
SHAPCK_TBL.decoded.bin,pck_object_0004_part_004_choice_000_frame_000,pck_object_0004,pck_object_0004_part_004,pck_object_0004_part_004_choice_000,0x000A27,3,-127,8,0x0408,1032,1032,8,4,block_plus_unsigned,0x000730,0x000B38,yes,FFC4FF09014600FD07BFFFABFF460009,5,byte0_high_bit_set
SHAPCK_TBL.decoded.bin,pck_object_0004_part_004_choice_000_frame_000,pck_object_0004,pck_object_0004_part_004,pck_object_0004_part_004_choice_000,0x000A27,3,-127,8,0x0408,1032,1032,8,4,block_plus_signed,0x000730,0x000B38,yes,FFC4FF09014600FD07BFFFABFF460009,5,byte0_high_bit_set
SHAPCK_TBL.decoded.bin,pck_object_0004_part_004_choice_000_frame_000,pck_object_0004,pck_object_0004_part_004,pck_object_0004_part_004_choice_000,0x000A27,3,-127,8,0x0408,1032,1032,8,4,part_plus_signed,0x000764,0x000B6C,yes,FA58FA000058FA00009001E80300F800,5,byte0_high_bit_set
SHAPCK_TBL.decoded.bin,pck_object_0004_part_004_choice_000_frame_000,pck_object_0004,pck_object_0004_part_004,pck_object_0004_part_004_choice_000,0x000A27,3,-127,8,0x0408,1032,1032,8,4,frame_plus_signed,0x000A27,0x000E2F,yes,AE00000000000000000856FF1300F000,10,byte0_high_bit_set;plausible_frame_record_prefix
SHAPCK_TBL.decoded.bin,pck_object_0004_part_004_choice_000_frame_000,pck_object_0004,pck_object_0004_part_004,pck_object_0004_part_004_choice_000,0x000A27,3,-127,8,0x0408,1032,1032,8,4,payload_plus_signed,0x000A29,0x000E31,yes,000000000000000856FF1300F0005FFF,5,plausible_frame_record_prefix
SHAPCK_TBL.decoded.bin,pck_object_0004_part_004_choice_000_frame_001,pck_object_0004,pck_object_0004_part_004,pck_object_0004_part_004_choice_000,0x000A2F,3,-127,0,0x0000,0,0,0,0,direct_unsigned,0x000000,0x000000,yes,04001E000A0032000A00460000005D00,15,plausible_drawable_extents_at_plus6_plus8;plausible_frame_record_prefix
SHAPCK_TBL.decoded.bin,pck_object_0004_part_004_choice_000_frame_001,pck_object_0004,pck_object_0004_part_004,pck_object_0004_part_004_choice_000,0x000A2F,3,-127,0,0x0000,0,0,0,0,direct_signed,0x000000,0x000000,yes,04001E000A0032000A00460000005D00,15,plausible_drawable_extents_at_plus6_plus8;plausible_frame_record_prefix
SHAPCK_TBL.decoded.bin,pck_object_0004_part_004_choice_000_frame_001,pck_object_0004,pck_object_0004_part_004,pck_object_0004_part_004_choice_000,0x000A2F,3,-127,0,0x0000,0,0,0,0,object_plus_unsigned,0x000736,0x000736,yes,80001301000000000000070014000044,75,exact_object_offset;byte0_high_bit_set;plausible_object_header;plausible_frame_record_prefix
SHAPCK_TBL.decoded.bin,pck_object_0004_part_004_choice_000_frame_001,pck_object_0004,pck_object_0004_part_004,pck_object_0004_part_004_choice_000,0x000A2F,3,-127,0,0x0000,0,0,0,0,object_plus_signed,0x000736,0x000736,yes,80001301000000000000070014000044,75,exact_object_offset;byte0_high_bit_set;plausible_object_header;plausible_frame_record_prefix
SHAPCK_TBL.decoded.bin,pck_object_0004_part_004_choice_000_frame_001,pck_object_0004,pck_object_0004_part_004,pck_object_0004_part_004_choice_000,0x000A2F,3,-127,0,0x0000,0,0,0,0,block_plus_unsigned,0x000730,0x000730,yes,040403100DFF80001301000000000000,25,exact_block_offset
SHAPCK_TBL.decoded.bin,pck_object_0004_part_004_choice_000_frame_001,pck_object_0004,pck_object_0004_part_004,pck_object_0004_part_004_choice_000,0x000A2F,3,-127,0,0x0000,0,0,0,0,block_plus_signed,0x000730,0x000730,yes,040403100DFF80001301000000000000,25,exact_block_offset
SHAPCK_TBL.decoded.bin,pck_object_0004_part_004_choice_000_frame_001,pck_object_0004,pck_object_0004_part_004,pck_object_0004_part_004_choice_000,0x000A2F,3,-127,0,0x0000,0,0,0,0,part_plus_signed,0x000764,0x000764,yes,2B444C000100E50236444C0001003703,35,exact_part_offset
SHAPCK_TBL.decoded.bin,pck_object_0004_part_004_choice_000_frame_001,pck_object_0004,pck_object_0004_part_004,pck_object_0004_part_004_choice_000,0x000A2F,3,-127,0,0x0000,0,0,0,0,frame_plus_signed,0x000A2F,0x000A2F,yes,1F038100000000322503810808080828,35,exact_frame_record;plausible_frame_record_prefix
SHAPCK_TBL.decoded.bin,pck_object_0004_part_004_choice_000_frame_001,pck_object_0004,pck_object_0004_part_004,pck_object_0004_part_004_choice_000,0x000A2F,3,-127,0,0x0000,0,0,0,0,payload_plus_signed,0x000A31,0x000A31,yes,81000000003225038108080808282B03,10,byte0_high_bit_set;plausible_frame_record_prefix
SHAPCK_TBL.decoded.bin,pck_object_0004_part_004_choice_000_frame_002,pck_object_0004,pck_object_0004_part_004,pck_object_0004_part_004_choice_000,0x000A37,3,-127,8,0x0808,2056,2056,8,8,direct_unsigned,0x000000,0x000808,yes,0000FA000000A8067004E0FF0000FA00,5,plausible_frame_record_prefix
SHAPCK_TBL.decoded.bin,pck_object_0004_part_004_choice_000_frame_002,pck_object_0004,pck_object_0004_part_004,pck_object_0004_part_004_choice_000,0x000A37,3,-127,8,0x0808,2056,2056,8,8,direct_signed,0x000000,0x000808,yes,0000FA000000A8067004E0FF0000FA00,5,plausible_frame_record_prefix
SHAPCK_TBL.decoded.bin,pck_object_0004_part_004_choice_000_frame_002,pck_object_0004,pck_object_0004_part_004,pck_object_0004_part_004_choice_000,0x000A37,3,-127,8,0x0808,2056,2056,8,8,object_plus_unsigned,0x000736,0x000F3E,yes,0404175B010808071011FF1313111014,0,in_range_no_structural_match
SHAPCK_TBL.decoded.bin,pck_object_0004_part_004_choice_000_frame_002,pck_object_0004,pck_object_0004_part_004,pck_object_0004_part_004_choice_000,0x000A37,3,-127,8,0x0808,2056,2056,8,8,object_plus_signed,0x000736,0x000F3E,yes,0404175B010808071011FF1313111014,0,in_range_no_structural_match
SHAPCK_TBL.decoded.bin,pck_object_0004_part_004_choice_000_frame_002,pck_object_0004,pck_object_0004_part_004,pck_object_0004_part_004_choice_000,0x000A37,3,-127,8,0x0808,2056,2056,8,8,block_plus_unsigned,0x000730,0x000F38,yes,1655018102020404175B010808071011,0,in_range_no_structural_match
SHAPCK_TBL.decoded.bin,pck_object_0004_part_004_choice_000_frame_002,pck_object_0004,pck_object_0004_part_004,pck_object_0004_part_004_choice_000,0x000A37,3,-127,8,0x0808,2056,2056,8,8,block_plus_signed,0x000730,0x000F38,yes,1655018102020404175B010808071011,0,in_range_no_structural_match
SHAPCK_TBL.decoded.bin,pck_object_0004_part_004_choice_000_frame_002,pck_object_0004,pck_object_0004_part_004,pck_object_0004_part_004_choice_000,0x000A37,3,-127,8,0x0808,2056,2056,8,8,part_plus_signed,0x000764,0x000F6C,yes,000F0000181F000100AF000E181F0001,0,in_range_no_structural_match
SHAPCK_TBL.decoded.bin,pck_object_0004_part_004_choice_000_frame_002,pck_object_0004,pck_object_0004_part_004,pck_object_0004_part_004_choice_000,0x000A37,3,-127,8,0x0808,2056,2056,8,8,frame_plus_signed,0x000A37,0x00123F,yes,F00065FFE207380154FF0F006E007BFF,25,byte0_high_bit_set;plausible_object_header;plausible_frame_record_prefix
SHAPCK_TBL.decoded.bin,pck_object_0004_part_004_choice_000_frame_002,pck_object_0004,pck_object_0004_part_004,pck_object_0004_part_004_choice_000,0x000A37,3,-127,8,0x0808,2056,2056,8,8,payload_plus_signed,0x000A39,0x001241,yes,65FFE207380154FF0F006E007BFF1200,0,in_range_no_structural_match
SHAPCK_TBL.decoded.bin,pck_object_0004_part_004_choice_000_frame_003,pck_object_0004,pck_object_0004_part_004,pck_object_0004_part_004_choice_000,0x000A3F,3,-127,0,0x0000,0,0,0,0,direct_unsigned,0x000000,0x000000,yes,04001E000A0032000A00460000005D00,15,plausible_drawable_extents_at_plus6_plus8;plausible_frame_record_prefix
SHAPCK_TBL.decoded.bin,pck_object_0004_part_004_choice_000_frame_003,pck_object_0004,pck_object_0004_part_004,pck_object_0004_part_004_choice_000,0x000A3F,3,-127,0,0x0000,0,0,0,0,direct_signed,0x000000,0x000000,yes,04001E000A0032000A00460000005D00,15,plausible_drawable_extents_at_plus6_plus8;plausible_frame_record_prefix
SHAPCK_TBL.decoded.bin,pck_object_0004_part_004_choice_000_frame_003,pck_object_0004,pck_object_0004_part_004,pck_object_0004_part_004_choice_000,0x000A3F,3,-127,0,0x0000,0,0,0,0,object_plus_unsigned,0x000736,0x000736,yes,80001301000000000000070014000044,75,exact_object_offset;byte0_high_bit_set;plausible_object_header;plausible_frame_record_prefix
SHAPCK_TBL.decoded.bin,pck_object_0004_part_004_choice_000_frame_003,pck_object_0004,pck_object_0004_part_004,pck_object_0004_part_004_choice_000,0x000A3F,3,-127,0,0x0000,0,0,0,0,object_plus_signed,0x000736,0x000736,yes,80001301000000000000070014000044,75,exact_object_offset;byte0_high_bit_set;plausible_object_header;plausible_frame_record_prefix
SHAPCK_TBL.decoded.bin,pck_object_0004_part_004_choice_000_frame_003,pck_object_0004,pck_object_0004_part_004,pck_object_0004_part_004_choice_000,0x000A3F,3,-127,0,0x0000,0,0,0,0,block_plus_unsigned,0x000730,0x000730,yes,040403100DFF80001301000000000000,25,exact_block_offset
SHAPCK_TBL.decoded.bin,pck_object_0004_part_004_choice_000_frame_003,pck_object_0004,pck_object_0004_part_004,pck_object_0004_part_004_choice_000,0x000A3F,3,-127,0,0x0000,0,0,0,0,block_plus_signed,0x000730,0x000730,yes,040403100DFF80001301000000000000,25,exact_block_offset
SHAPCK_TBL.decoded.bin,pck_object_0004_part_004_choice_000_frame_003,pck_object_0004,pck_object_0004_part_004,pck_object_0004_part_004_choice_000,0x000A3F,3,-127,0,0x0000,0,0,0,0,part_plus_signed,0x000764,0x000764,yes,2B444C000100E50236444C0001003703,35,exact_part_offset
SHAPCK_TBL.decoded.bin,pck_object_0004_part_004_choice_000_frame_003,pck_object_0004,pck_object_0004_part_004,pck_object_0004_part_004_choice_000,0x000A3F,3,-127,0,0x0000,0,0,0,0,frame_plus_signed,0x000A3F,0x000A3F,yes,2B0381000000003531032C2C2D2E2FFF,35,exact_frame_record;plausible_frame_record_prefix
SHAPCK_TBL.decoded.bin,pck_object_0004_part_004_choice_000_frame_003,pck_object_0004,pck_object_0004_part_004,pck_object_0004_part_004_choice_000,0x000A3F,3,-127,0,0x0000,0,0,0,0,payload_plus_signed,0x000A41,0x000A41,yes,81000000003531032C2C2D2E2FFF2F2F,10,byte0_high_bit_set;plausible_frame_record_prefix
SHAPCK_TBL.decoded.bin,pck_object_0004_part_004_choice_000_frame_004,pck_object_0004,pck_object_0004_part_004,pck_object_0004_part_004_choice_000,0x000A47,3,44,44,0x2E2D,11821,11821,45,46,direct_unsigned,0x000000,0x002E2D,yes,101312FF0F0F040309FF0D0D05040FFF,0,in_range_no_structural_match
SHAPCK_TBL.decoded.bin,pck_object_0004_part_004_choice_000_frame_004,pck_object_0004,pck_object_0004_part_004,pck_object_0004_part_004_choice_000,0x000A47,3,44,44,0x2E2D,11821,11821,45,46,direct_signed,0x000000,0x002E2D,yes,101312FF0F0F040309FF0D0D05040FFF,0,in_range_no_structural_match
SHAPCK_TBL.decoded.bin,pck_object_0004_part_004_choice_000_frame_004,pck_object_0004,pck_object_0004_part_004,pck_object_0004_part_004_choice_000,0x000A47,3,44,44,0x2E2D,11821,11821,45,46,object_plus_unsigned,0x000736,0x003563,yes,2800320000005A00320000005A00E2FF,15,plausible_drawable_extents_at_plus6_plus8;plausible_frame_record_prefix
SHAPCK_TBL.decoded.bin,pck_object_0004_part_004_choice_000_frame_004,pck_object_0004,pck_object_0004_part_004,pck_object_0004_part_004_choice_000,0x000A47,3,44,44,0x2E2D,11821,11821,45,46,object_plus_signed,0x000736,0x003563,yes,2800320000005A00320000005A00E2FF,15,plausible_drawable_extents_at_plus6_plus8;plausible_frame_record_prefix
SHAPCK_TBL.decoded.bin,pck_object_0004_part_004_choice_000_frame_004,pck_object_0004,pck_object_0004_part_004,pck_object_0004_part_004_choice_000,0x000A47,3,44,44,0x2E2D,11821,11821,45,46,block_plus_unsigned,0x000730,0x00355D,yes,0000CF027D072800320000005A003200,15,plausible_drawable_extents_at_plus6_plus8;plausible_frame_record_prefix
SHAPCK_TBL.decoded.bin,pck_object_0004_part_004_choice_000_frame_004,pck_object_0004,pck_object_0004_part_004,pck_object_0004_part_004_choice_000,0x000A47,3,44,44,0x2E2D,11821,11821,45,46,block_plus_signed,0x000730,0x00355D,yes,0000CF027D072800320000005A003200,15,plausible_drawable_extents_at_plus6_plus8;plausible_frame_record_prefix
SHAPCK_TBL.decoded.bin,pck_object_0004_part_004_choice_000_frame_004,pck_object_0004,pck_object_0004_part_004,pck_object_0004_part_004_choice_000,0x000A47,3,44,44,0x2E2D,11821,11821,45,46,part_plus_signed,0x000764,0x003591,yes,88FF28001E0088FF00F8000000002800,20,byte0_high_bit_set;plausible_object_header
SHAPCK_TBL.decoded.bin,pck_object_0004_part_004_choice_000_frame_004,pck_object_0004,pck_object_0004_part_004,pck_object_0004_part_004_choice_000,0x000A47,3,44,44,0x2E2D,11821,11821,45,46,frame_plus_signed,0x000A47,0x003874,yes,00AA00F70741FF0B005C00D7FF3C005A,0,in_range_no_structural_match
SHAPCK_TBL.decoded.bin,pck_object_0004_part_004_choice_000_frame_004,pck_object_0004,pck_object_0004_part_004,pck_object_0004_part_004_choice_000,0x000A47,3,44,44,0x2E2D,11821,11821,45,46,payload_plus_signed,0x000A49,0x003876,yes,00F70741FF0B005C00D7FF3C005A00B7,0,in_range_no_structural_match
SHAPCK_TBL.decoded.bin,pck_object_0004_part_005_choice_000_frame_000,pck_object_0004,pck_object_0004_part_005,pck_object_0004_part_005_choice_000,0x000A79,3,-127,9,0x0009,9,9,9,0,direct_unsigned,0x000000,0x000009,yes,00460000005D00060073000B00AF000D,0,in_range_no_structural_match
SHAPCK_TBL.decoded.bin,pck_object_0004_part_005_choice_000_frame_000,pck_object_0004,pck_object_0004_part_005,pck_object_0004_part_005_choice_000,0x000A79,3,-127,9,0x0009,9,9,9,0,direct_signed,0x000000,0x000009,yes,00460000005D00060073000B00AF000D,0,in_range_no_structural_match
SHAPCK_TBL.decoded.bin,pck_object_0004_part_005_choice_000_frame_000,pck_object_0004,pck_object_0004_part_005,pck_object_0004_part_005_choice_000,0x000A79,3,-127,9,0x0009,9,9,9,0,object_plus_unsigned,0x000736,0x00073F,yes,000700140000444C000100E40111444C,0,in_range_no_structural_match
SHAPCK_TBL.decoded.bin,pck_object_0004_part_005_choice_000_frame_000,pck_object_0004,pck_object_0004_part_005,pck_object_0004_part_005_choice_000,0x000A79,3,-127,9,0x0009,9,9,9,0,object_plus_signed,0x000736,0x00073F,yes,000700140000444C000100E40111444C,0,in_range_no_structural_match
SHAPCK_TBL.decoded.bin,pck_object_0004_part_005_choice_000_frame_000,pck_object_0004,pck_object_0004_part_005,pck_object_0004_part_005_choice_000,0x000A79,3,-127,9,0x0009,9,9,9,0,block_plus_unsigned,0x000730,0x000739,yes,010000000000000700140000444C0001,5,plausible_frame_record_prefix
SHAPCK_TBL.decoded.bin,pck_object_0004_part_005_choice_000_frame_000,pck_object_0004,pck_object_0004_part_005,pck_object_0004_part_005_choice_000,0x000A79,3,-127,9,0x0009,9,9,9,0,block_plus_signed,0x000730,0x000739,yes,010000000000000700140000444C0001,5,plausible_frame_record_prefix
SHAPCK_TBL.decoded.bin,pck_object_0004_part_005_choice_000_frame_000,pck_object_0004,pck_object_0004_part_005,pck_object_0004_part_005_choice_000,0x000A79,3,-127,9,0x0009,9,9,9,0,part_plus_signed,0x00076C,0x000775,yes,444C00010079030000320064000000C0,0,in_range_no_structural_match
SHAPCK_TBL.decoded.bin,pck_object_0004_part_005_choice_000_frame_000,pck_object_0004,pck_object_0004_part_005,pck_object_0004_part_005_choice_000,0x000A79,3,-127,9,0x0009,9,9,9,0,frame_plus_signed,0x000A79,0x000A82,yes,038108080C0C0E6E0381010104041C73,0,in_range_no_structural_match
SHAPCK_TBL.decoded.bin,pck_object_0004_part_005_choice_000_frame_000,pck_object_0004,pck_object_0004_part_005,pck_object_0004_part_005_choice_000,0x000A79,3,-127,9,0x0009,9,9,9,0,payload_plus_signed,0x000A7B,0x000A84,yes,08080C0C0E6E0381010104041C730308,0,in_range_no_structural_match
SHAPCK_TBL.decoded.bin,pck_object_0004_part_005_choice_000_frame_001,pck_object_0004,pck_object_0004_part_005,pck_object_0004_part_005_choice_000,0x000A81,3,-127,8,0x0C08,3080,3080,8,12,direct_unsigned,0x000000,0x000C08,yes,000800000B430181000808080C490181,0,in_range_no_structural_match
SHAPCK_TBL.decoded.bin,pck_object_0004_part_005_choice_000_frame_001,pck_object_0004,pck_object_0004_part_005,pck_object_0004_part_005_choice_000,0x000A81,3,-127,8,0x0C08,3080,3080,8,12,direct_signed,0x000000,0x000C08,yes,000800000B430181000808080C490181,0,in_range_no_structural_match
SHAPCK_TBL.decoded.bin,pck_object_0004_part_005_choice_000_frame_001,pck_object_0004,pck_object_0004_part_005,pck_object_0004_part_005_choice_000,0x000A81,3,-127,8,0x0C08,3080,3080,8,12,object_plus_unsigned,0x000736,0x00133E,yes,FF0A0A13140BFF1111130A08FF141410,5,byte0_high_bit_set
SHAPCK_TBL.decoded.bin,pck_object_0004_part_005_choice_000_frame_001,pck_object_0004,pck_object_0004_part_005,pck_object_0004_part_005_choice_000,0x000A81,3,-127,8,0x0C08,3080,3080,8,12,object_plus_signed,0x000736,0x00133E,yes,FF0A0A13140BFF1111130A08FF141410,5,byte0_high_bit_set
SHAPCK_TBL.decoded.bin,pck_object_0004_part_005_choice_000_frame_001,pck_object_0004,pck_object_0004_part_005,pck_object_0004_part_005_choice_000,0x000A81,3,-127,8,0x0C08,3080,3080,8,12,block_plus_unsigned,0x000730,0x001338,yes,FF1313111014FF0A0A13140BFF111113,5,byte0_high_bit_set
SHAPCK_TBL.decoded.bin,pck_object_0004_part_005_choice_000_frame_001,pck_object_0004,pck_object_0004_part_005,pck_object_0004_part_005_choice_000,0x000A81,3,-127,8,0x0C08,3080,3080,8,12,block_plus_signed,0x000730,0x001338,yes,FF1313111014FF0A0A13140BFF111113,5,byte0_high_bit_set
SHAPCK_TBL.decoded.bin,pck_object_0004_part_005_choice_000_frame_001,pck_object_0004,pck_object_0004_part_005,pck_object_0004_part_005_choice_000,0x000A81,3,-127,8,0x0C08,3080,3080,8,12,part_plus_signed,0x00076C,0x001374,yes,005DFF8C0324075FFFBBFF0E0158FFE2,0,in_range_no_structural_match
SHAPCK_TBL.decoded.bin,pck_object_0004_part_005_choice_000_frame_001,pck_object_0004,pck_object_0004_part_005,pck_object_0004_part_005_choice_000,0x000A81,3,-127,8,0x0C08,3080,3080,8,12,frame_plus_signed,0x000A81,0x001689,yes,CEFF000035F834FE08F835005FFF0100,5,byte0_high_bit_set
SHAPCK_TBL.decoded.bin,pck_object_0004_part_005_choice_000_frame_001,pck_object_0004,pck_object_0004_part_005,pck_object_0004_part_005_choice_000,0x000A81,3,-127,8,0x0C08,3080,3080,8,12,payload_plus_signed,0x000A83,0x00168B,yes,000035F834FE08F835005FFF0100BB00,5,plausible_frame_record_prefix
SHAPCK_TBL.decoded.bin,pck_object_0004_part_005_choice_000_frame_002,pck_object_0004,pck_object_0004_part_005,pck_object_0004_part_005_choice_000,0x000A89,3,-127,1,0x0401,1025,1025,1,4,direct_unsigned,0x000000,0x000401,yes,07080403FF0A0A0B0205FF0404080A05,0,in_range_no_structural_match
SHAPCK_TBL.decoded.bin,pck_object_0004_part_005_choice_000_frame_002,pck_object_0004,pck_object_0004_part_005,pck_object_0004_part_005_choice_000,0x000A89,3,-127,1,0x0401,1025,1025,1,4,direct_signed,0x000000,0x000401,yes,07080403FF0A0A0B0205FF0404080A05,0,in_range_no_structural_match
SHAPCK_TBL.decoded.bin,pck_object_0004_part_005_choice_000_frame_002,pck_object_0004,pck_object_0004_part_005,pck_object_0004_part_005_choice_000,0x000A89,3,-127,1,0x0401,1025,1025,1,4,object_plus_unsigned,0x000736,0x000B37,yes,ABFFC4FF09014600FD07BFFFABFF4600,5,byte0_high_bit_set
SHAPCK_TBL.decoded.bin,pck_object_0004_part_005_choice_000_frame_002,pck_object_0004,pck_object_0004_part_005,pck_object_0004_part_005_choice_000,0x000A89,3,-127,1,0x0401,1025,1025,1,4,object_plus_signed,0x000736,0x000B37,yes,ABFFC4FF09014600FD07BFFFABFF4600,5,byte0_high_bit_set
SHAPCK_TBL.decoded.bin,pck_object_0004_part_005_choice_000_frame_002,pck_object_0004,pck_object_0004_part_005,pck_object_0004_part_005_choice_000,0x000A89,3,-127,1,0x0401,1025,1025,1,4,block_plus_unsigned,0x000730,0x000B31,yes,BAFFC3FFFA00ABFFC4FF09014600FD07,5,byte0_high_bit_set
SHAPCK_TBL.decoded.bin,pck_object_0004_part_005_choice_000_frame_002,pck_object_0004,pck_object_0004_part_005,pck_object_0004_part_005_choice_000,0x000A89,3,-127,1,0x0401,1025,1025,1,4,block_plus_signed,0x000730,0x000B31,yes,BAFFC3FFFA00ABFFC4FF09014600FD07,5,byte0_high_bit_set
SHAPCK_TBL.decoded.bin,pck_object_0004_part_005_choice_000_frame_002,pck_object_0004,pck_object_0004_part_005,pck_object_0004_part_005_choice_000,0x000A89,3,-127,1,0x0401,1025,1025,1,4,part_plus_signed,0x00076C,0x000B6D,yes,58FA000058FA00009001E80300F80000,0,in_range_no_structural_match
SHAPCK_TBL.decoded.bin,pck_object_0004_part_005_choice_000_frame_002,pck_object_0004,pck_object_0004_part_005,pck_object_0004_part_005_choice_000,0x000A89,3,-127,1,0x0401,1025,1025,1,4,frame_plus_signed,0x000A89,0x000E8A,yes,05A8057EFFB90032009BFFB4003200F4,0,in_range_no_structural_match
SHAPCK_TBL.decoded.bin,pck_object_0004_part_005_choice_000_frame_002,pck_object_0004,pck_object_0004_part_005,pck_object_0004_part_005_choice_000,0x000A89,3,-127,1,0x0401,1025,1025,1,4,payload_plus_signed,0x000A8B,0x000E8C,yes,057EFFB90032009BFFB4003200F4008B,0,in_range_no_structural_match
SHAPCK_TBL.decoded.bin,pck_object_0004_part_005_choice_000_frame_003,pck_object_0004,pck_object_0004_part_005,pck_object_0004_part_005_choice_000,0x000A91,3,8,8,0x0537,1335,1335,55,5,direct_unsigned,0x000000,0x000537,yes,00000E36018102020404113C01810303,5,plausible_frame_record_prefix
SHAPCK_TBL.decoded.bin,pck_object_0004_part_005_choice_000_frame_003,pck_object_0004,pck_object_0004_part_005,pck_object_0004_part_005_choice_000,0x000A91,3,8,8,0x0537,1335,1335,55,5,direct_signed,0x000000,0x000537,yes,00000E36018102020404113C01810303,5,plausible_frame_record_prefix
SHAPCK_TBL.decoded.bin,pck_object_0004_part_005_choice_000_frame_003,pck_object_0004,pck_object_0004_part_005,pck_object_0004_part_005_choice_000,0x000A91,3,8,8,0x0537,1335,1335,55,5,object_plus_unsigned,0x000736,0x000C6D,yes,AF0181070804041FB501810708000720,10,byte0_high_bit_set;plausible_frame_record_prefix
SHAPCK_TBL.decoded.bin,pck_object_0004_part_005_choice_000_frame_003,pck_object_0004,pck_object_0004_part_005,pck_object_0004_part_005_choice_000,0x000A91,3,8,8,0x0537,1335,1335,55,5,object_plus_signed,0x000736,0x000C6D,yes,AF0181070804041FB501810708000720,10,byte0_high_bit_set;plausible_frame_record_prefix
SHAPCK_TBL.decoded.bin,pck_object_0004_part_005_choice_000_frame_003,pck_object_0004,pck_object_0004_part_005,pck_object_0004_part_005_choice_000,0x000A91,3,8,8,0x0537,1335,1335,55,5,block_plus_unsigned,0x000730,0x000C67,yes,81070804041EAF0181070804041FB501,5,byte0_high_bit_set
SHAPCK_TBL.decoded.bin,pck_object_0004_part_005_choice_000_frame_003,pck_object_0004,pck_object_0004_part_005,pck_object_0004_part_005_choice_000,0x000A91,3,8,8,0x0537,1335,1335,55,5,block_plus_signed,0x000730,0x000C67,yes,81070804041EAF0181070804041FB501,5,byte0_high_bit_set
SHAPCK_TBL.decoded.bin,pck_object_0004_part_005_choice_000_frame_003,pck_object_0004,pck_object_0004_part_005,pck_object_0004_part_005_choice_000,0x000A91,3,8,8,0x0537,1335,1335,55,5,part_plus_signed,0x00076C,0x000CA3,yes,11FF12121C1B13FF13131B1A14FF1414,0,in_range_no_structural_match
SHAPCK_TBL.decoded.bin,pck_object_0004_part_005_choice_000_frame_003,pck_object_0004,pck_object_0004_part_005,pck_object_0004_part_005_choice_000,0x000A91,3,8,8,0x0537,1335,1335,55,5,frame_plus_signed,0x000A91,0x000FC8,yes,0767FF000006F8990000001BFC570038,0,in_range_no_structural_match
SHAPCK_TBL.decoded.bin,pck_object_0004_part_005_choice_000_frame_003,pck_object_0004,pck_object_0004_part_005,pck_object_0004_part_005_choice_000,0x000A91,3,8,8,0x0537,1335,1335,55,5,payload_plus_signed,0x000A93,0x000FCA,yes,FF000006F8990000001BFC570038FF4A,10,byte0_high_bit_set;plausible_frame_record_prefix
SHAPCK_TBL.decoded.bin,pck_object_0004_part_006_choice_000_frame_000,pck_object_0004,pck_object_0004_part_006,pck_object_0004_part_006_choice_000,0x000ABB,3,-127,0,0x0000,0,0,0,0,direct_unsigned,0x000000,0x000000,yes,04001E000A0032000A00460000005D00,15,plausible_drawable_extents_at_plus6_plus8;plausible_frame_record_prefix
SHAPCK_TBL.decoded.bin,pck_object_0004_part_006_choice_000_frame_000,pck_object_0004,pck_object_0004_part_006,pck_object_0004_part_006_choice_000,0x000ABB,3,-127,0,0x0000,0,0,0,0,direct_signed,0x000000,0x000000,yes,04001E000A0032000A00460000005D00,15,plausible_drawable_extents_at_plus6_plus8;plausible_frame_record_prefix
SHAPCK_TBL.decoded.bin,pck_object_0004_part_006_choice_000_frame_000,pck_object_0004,pck_object_0004_part_006,pck_object_0004_part_006_choice_000,0x000ABB,3,-127,0,0x0000,0,0,0,0,object_plus_unsigned,0x000736,0x000736,yes,80001301000000000000070014000044,75,exact_object_offset;byte0_high_bit_set;plausible_object_header;plausible_frame_record_prefix
SHAPCK_TBL.decoded.bin,pck_object_0004_part_006_choice_000_frame_000,pck_object_0004,pck_object_0004_part_006,pck_object_0004_part_006_choice_000,0x000ABB,3,-127,0,0x0000,0,0,0,0,object_plus_signed,0x000736,0x000736,yes,80001301000000000000070014000044,75,exact_object_offset;byte0_high_bit_set;plausible_object_header;plausible_frame_record_prefix
SHAPCK_TBL.decoded.bin,pck_object_0004_part_006_choice_000_frame_000,pck_object_0004,pck_object_0004_part_006,pck_object_0004_part_006_choice_000,0x000ABB,3,-127,0,0x0000,0,0,0,0,block_plus_unsigned,0x000730,0x000730,yes,040403100DFF80001301000000000000,25,exact_block_offset
SHAPCK_TBL.decoded.bin,pck_object_0004_part_006_choice_000_frame_000,pck_object_0004,pck_object_0004_part_006,pck_object_0004_part_006_choice_000,0x000ABB,3,-127,0,0x0000,0,0,0,0,block_plus_signed,0x000730,0x000730,yes,040403100DFF80001301000000000000,25,exact_block_offset
SHAPCK_TBL.decoded.bin,pck_object_0004_part_006_choice_000_frame_000,pck_object_0004,pck_object_0004_part_006,pck_object_0004_part_006_choice_000,0x000ABB,3,-127,0,0x0000,0,0,0,0,part_plus_signed,0x000774,0x000774,yes,3B444C00010079030000320064000000,35,exact_part_offset
SHAPCK_TBL.decoded.bin,pck_object_0004_part_006_choice_000_frame_000,pck_object_0004,pck_object_0004_part_006,pck_object_0004_part_006_choice_000,0x000ABB,3,-127,0,0x0000,0,0,0,0,frame_plus_signed,0x000ABB,0x000ABB,yes,AD0381000000000EB303810101040423,40,exact_frame_record;byte0_high_bit_set;plausible_frame_record_prefix
SHAPCK_TBL.decoded.bin,pck_object_0004_part_006_choice_000_frame_000,pck_object_0004,pck_object_0004_part_006,pck_object_0004_part_006_choice_000,0x000ABB,3,-127,0,0x0000,0,0,0,0,payload_plus_signed,0x000ABD,0x000ABD,yes,81000000000EB303810101040423B903,10,byte0_high_bit_set;plausible_frame_record_prefix
SHAPCK_TBL.decoded.bin,pck_object_0004_part_006_choice_000_frame_001,pck_object_0004,pck_object_0004_part_006,pck_object_0004_part_006_choice_000,0x000AC3,3,-127,1,0x0401,1025,1025,1,4,direct_unsigned,0x000000,0x000401,yes,07080403FF0A0A0B0205FF0404080A05,0,in_range_no_structural_match
SHAPCK_TBL.decoded.bin,pck_object_0004_part_006_choice_000_frame_001,pck_object_0004,pck_object_0004_part_006,pck_object_0004_part_006_choice_000,0x000AC3,3,-127,1,0x0401,1025,1025,1,4,direct_signed,0x000000,0x000401,yes,07080403FF0A0A0B0205FF0404080A05,0,in_range_no_structural_match
SHAPCK_TBL.decoded.bin,pck_object_0004_part_006_choice_000_frame_001,pck_object_0004,pck_object_0004_part_006,pck_object_0004_part_006_choice_000,0x000AC3,3,-127,1,0x0401,1025,1025,1,4,object_plus_unsigned,0x000736,0x000B37,yes,ABFFC4FF09014600FD07BFFFABFF4600,5,byte0_high_bit_set
SHAPCK_TBL.decoded.bin,pck_object_0004_part_006_choice_000_frame_001,pck_object_0004,pck_object_0004_part_006,pck_object_0004_part_006_choice_000,0x000AC3,3,-127,1,0x0401,1025,1025,1,4,object_plus_signed,0x000736,0x000B37,yes,ABFFC4FF09014600FD07BFFFABFF4600,5,byte0_high_bit_set
SHAPCK_TBL.decoded.bin,pck_object_0004_part_006_choice_000_frame_001,pck_object_0004,pck_object_0004_part_006,pck_object_0004_part_006_choice_000,0x000AC3,3,-127,1,0x0401,1025,1025,1,4,block_plus_unsigned,0x000730,0x000B31,yes,BAFFC3FFFA00ABFFC4FF09014600FD07,5,byte0_high_bit_set
SHAPCK_TBL.decoded.bin,pck_object_0004_part_006_choice_000_frame_001,pck_object_0004,pck_object_0004_part_006,pck_object_0004_part_006_choice_000,0x000AC3,3,-127,1,0x0401,1025,1025,1,4,block_plus_signed,0x000730,0x000B31,yes,BAFFC3FFFA00ABFFC4FF09014600FD07,5,byte0_high_bit_set
SHAPCK_TBL.decoded.bin,pck_object_0004_part_006_choice_000_frame_001,pck_object_0004,pck_object_0004_part_006,pck_object_0004_part_006_choice_000,0x000AC3,3,-127,1,0x0401,1025,1025,1,4,part_plus_signed,0x000774,0x000B75,yes,9001E80300F800000000E2FFC4FFFA00,10,byte0_high_bit_set;plausible_frame_record_prefix
SHAPCK_TBL.decoded.bin,pck_object_0004_part_006_choice_000_frame_001,pck_object_0004,pck_object_0004_part_006,pck_object_0004_part_006_choice_000,0x000AC3,3,-127,1,0x0401,1025,1025,1,4,frame_plus_signed,0x000AC3,0x000EC4,yes,00C9002201810303030301F100810202,0,in_range_no_structural_match
SHAPCK_TBL.decoded.bin,pck_object_0004_part_006_choice_000_frame_001,pck_object_0004,pck_object_0004_part_006,pck_object_0004_part_006_choice_000,0x000AC3,3,-127,1,0x0401,1025,1025,1,4,payload_plus_signed,0x000AC5,0x000EC6,yes,002201810303030301F1008102020404,0,in_range_no_structural_match
SHAPCK_TBL.decoded.bin,pck_object_0004_part_006_choice_000_frame_002,pck_object_0004,pck_object_0004_part_006,pck_object_0004_part_006_choice_000,0x000ACB,3,-127,0,0x0000,0,0,0,0,direct_unsigned,0x000000,0x000000,yes,04001E000A0032000A00460000005D00,15,plausible_drawable_extents_at_plus6_plus8;plausible_frame_record_prefix
SHAPCK_TBL.decoded.bin,pck_object_0004_part_006_choice_000_frame_002,pck_object_0004,pck_object_0004_part_006,pck_object_0004_part_006_choice_000,0x000ACB,3,-127,0,0x0000,0,0,0,0,direct_signed,0x000000,0x000000,yes,04001E000A0032000A00460000005D00,15,plausible_drawable_extents_at_plus6_plus8;plausible_frame_record_prefix
SHAPCK_TBL.decoded.bin,pck_object_0004_part_006_choice_000_frame_002,pck_object_0004,pck_object_0004_part_006,pck_object_0004_part_006_choice_000,0x000ACB,3,-127,0,0x0000,0,0,0,0,object_plus_unsigned,0x000736,0x000736,yes,80001301000000000000070014000044,75,exact_object_offset;byte0_high_bit_set;plausible_object_header;plausible_frame_record_prefix
SHAPCK_TBL.decoded.bin,pck_object_0004_part_006_choice_000_frame_002,pck_object_0004,pck_object_0004_part_006,pck_object_0004_part_006_choice_000,0x000ACB,3,-127,0,0x0000,0,0,0,0,object_plus_signed,0x000736,0x000736,yes,80001301000000000000070014000044,75,exact_object_offset;byte0_high_bit_set;plausible_object_header;plausible_frame_record_prefix
SHAPCK_TBL.decoded.bin,pck_object_0004_part_006_choice_000_frame_002,pck_object_0004,pck_object_0004_part_006,pck_object_0004_part_006_choice_000,0x000ACB,3,-127,0,0x0000,0,0,0,0,block_plus_unsigned,0x000730,0x000730,yes,040403100DFF80001301000000000000,25,exact_block_offset
SHAPCK_TBL.decoded.bin,pck_object_0004_part_006_choice_000_frame_002,pck_object_0004,pck_object_0004_part_006,pck_object_0004_part_006_choice_000,0x000ACB,3,-127,0,0x0000,0,0,0,0,block_plus_signed,0x000730,0x000730,yes,040403100DFF80001301000000000000,25,exact_block_offset
SHAPCK_TBL.decoded.bin,pck_object_0004_part_006_choice_000_frame_002,pck_object_0004,pck_object_0004_part_006,pck_object_0004_part_006_choice_000,0x000ACB,3,-127,0,0x0000,0,0,0,0,part_plus_signed,0x000774,0x000774,yes,3B444C00010079030000320064000000,35,exact_part_offset
SHAPCK_TBL.decoded.bin,pck_object_0004_part_006_choice_000_frame_002,pck_object_0004,pck_object_0004_part_006,pck_object_0004_part_006_choice_000,0x000ACB,3,-127,0,0x0000,0,0,0,0,frame_plus_signed,0x000ACB,0x000ACB,yes,B903810000000006BF03810707080828,40,exact_frame_record;byte0_high_bit_set;plausible_frame_record_prefix
SHAPCK_TBL.decoded.bin,pck_object_0004_part_006_choice_000_frame_002,pck_object_0004,pck_object_0004_part_006,pck_object_0004_part_006_choice_000,0x000ACB,3,-127,0,0x0000,0,0,0,0,payload_plus_signed,0x000ACD,0x000ACD,yes,810000000006BF03810707080828C503,10,byte0_high_bit_set;plausible_frame_record_prefix
SHAPCK_TBL.decoded.bin,pck_object_0004_part_006_choice_000_frame_003,pck_object_0004,pck_object_0004_part_006,pck_object_0004_part_006_choice_000,0x000AD3,3,-127,7,0x0807,2055,2055,7,8,direct_unsigned,0x000000,0x000807,yes,FF0000FA000000A8067004E0FF0000FA,10,byte0_high_bit_set;plausible_frame_record_prefix
SHAPCK_TBL.decoded.bin,pck_object_0004_part_006_choice_000_frame_003,pck_object_0004,pck_object_0004_part_006,pck_object_0004_part_006_choice_000,0x000AD3,3,-127,7,0x0807,2055,2055,7,8,direct_signed,0x000000,0x000807,yes,FF0000FA000000A8067004E0FF0000FA,10,byte0_high_bit_set;plausible_frame_record_prefix
SHAPCK_TBL.decoded.bin,pck_object_0004_part_006_choice_000_frame_003,pck_object_0004,pck_object_0004_part_006,pck_object_0004_part_006_choice_000,0x000AD3,3,-127,7,0x0807,2055,2055,7,8,object_plus_unsigned,0x000736,0x000F3D,yes,020404175B010808071011FF13131110,0,in_range_no_structural_match
SHAPCK_TBL.decoded.bin,pck_object_0004_part_006_choice_000_frame_003,pck_object_0004,pck_object_0004_part_006,pck_object_0004_part_006_choice_000,0x000AD3,3,-127,7,0x0807,2055,2055,7,8,object_plus_signed,0x000736,0x000F3D,yes,020404175B010808071011FF13131110,0,in_range_no_structural_match
SHAPCK_TBL.decoded.bin,pck_object_0004_part_006_choice_000_frame_003,pck_object_0004,pck_object_0004_part_006,pck_object_0004_part_006_choice_000,0x000AD3,3,-127,7,0x0807,2055,2055,7,8,block_plus_unsigned,0x000730,0x000F37,yes,031655018102020404175B0108080710,0,in_range_no_structural_match
SHAPCK_TBL.decoded.bin,pck_object_0004_part_006_choice_000_frame_003,pck_object_0004,pck_object_0004_part_006,pck_object_0004_part_006_choice_000,0x000AD3,3,-127,7,0x0807,2055,2055,7,8,block_plus_signed,0x000730,0x000F37,yes,031655018102020404175B0108080710,0,in_range_no_structural_match
SHAPCK_TBL.decoded.bin,pck_object_0004_part_006_choice_000_frame_003,pck_object_0004,pck_object_0004_part_006,pck_object_0004_part_006_choice_000,0x000AD3,3,-127,7,0x0807,2055,2055,7,8,part_plus_signed,0x000774,0x000F7B,yes,0100010178EC57000000E3FF72FED807,5,plausible_frame_record_prefix
SHAPCK_TBL.decoded.bin,pck_object_0004_part_006_choice_000_frame_003,pck_object_0004,pck_object_0004_part_006,pck_object_0004_part_006_choice_000,0x000AD3,3,-127,7,0x0807,2055,2055,7,8,frame_plus_signed,0x000AD3,0x0012DA,yes,030303030D09010202030405FF070708,5,plausible_frame_record_prefix
SHAPCK_TBL.decoded.bin,pck_object_0004_part_006_choice_000_frame_003,pck_object_0004,pck_object_0004_part_006,pck_object_0004_part_006_choice_000,0x000AD3,3,-127,7,0x0807,2055,2055,7,8,payload_plus_signed,0x000AD5,0x0012DC,yes,03030D09010202030405FF0707080403,5,plausible_frame_record_prefix
SHAPCK_TBL.decoded.bin,pck_object_0004_part_006_choice_000_frame_004,pck_object_0004,pck_object_0004_part_006,pck_object_0004_part_006_choice_000,0x000ADB,3,60,60,0x3E3D,15933,15933,61,62,direct_unsigned,0x000000,0x003E3D,yes,02000004003602040181010104040156,5,plausible_frame_record_prefix
SHAPCK_TBL.decoded.bin,pck_object_0004_part_006_choice_000_frame_004,pck_object_0004,pck_object_0004_part_006,pck_object_0004_part_006_choice_000,0x000ADB,3,60,60,0x3E3D,15933,15933,61,62,direct_signed,0x000000,0x003E3D,yes,02000004003602040181010104040156,5,plausible_frame_record_prefix
SHAPCK_TBL.decoded.bin,pck_object_0004_part_006_choice_000_frame_004,pck_object_0004,pck_object_0004_part_006,pck_object_0004_part_006_choice_000,0x000ADB,3,60,60,0x3E3D,15933,15933,61,62,object_plus_unsigned,0x000736,0x004573,yes,00000082001800AA008200E8FFAA0082,5,plausible_frame_record_prefix
SHAPCK_TBL.decoded.bin,pck_object_0004_part_006_choice_000_frame_004,pck_object_0004,pck_object_0004_part_006,pck_object_0004_part_006_choice_000,0x000ADB,3,60,60,0x3E3D,15933,15933,61,62,object_plus_signed,0x000736,0x004573,yes,00000082001800AA008200E8FFAA0082,5,plausible_frame_record_prefix
SHAPCK_TBL.decoded.bin,pck_object_0004_part_006_choice_000_frame_004,pck_object_0004,pck_object_0004_part_006,pck_object_0004_part_006_choice_000,0x000ADB,3,60,60,0x3E3D,15933,15933,61,62,block_plus_unsigned,0x000730,0x00456D,yes,0061FBE8030000000082001800AA0082,0,in_range_no_structural_match
SHAPCK_TBL.decoded.bin,pck_object_0004_part_006_choice_000_frame_004,pck_object_0004,pck_object_0004_part_006,pck_object_0004_part_006_choice_000,0x000ADB,3,60,60,0x3E3D,15933,15933,61,62,block_plus_signed,0x000730,0x00456D,yes,0061FBE8030000000082001800AA0082,0,in_range_no_structural_match
SHAPCK_TBL.decoded.bin,pck_object_0004_part_006_choice_000_frame_004,pck_object_0004,pck_object_0004_part_006,pck_object_0004_part_006_choice_000,0x000ADB,3,60,60,0x3E3D,15933,15933,61,62,part_plus_signed,0x000774,0x0045B1,yes,FBF401F401F40160000000FA00200000,5,byte0_high_bit_set
SHAPCK_TBL.decoded.bin,pck_object_0004_part_006_choice_000_frame_004,pck_object_0004,pck_object_0004_part_006,pck_object_0004_part_006_choice_000,0x000ADB,3,60,60,0x3E3D,15933,15933,61,62,frame_plus_signed,0x000ADB,0x004918,yes,FFF80700009EFF0F00E4009EFF0F0084,5,byte0_high_bit_set
SHAPCK_TBL.decoded.bin,pck_object_0004_part_006_choice_000_frame_004,pck_object_0004,pck_object_0004_part_006,pck_object_0004_part_006_choice_000,0x000ADB,3,60,60,0x3E3D,15933,15933,61,62,payload_plus_signed,0x000ADD,0x00491A,yes,0700009EFF0F00E4009EFF0F00840048,5,plausible_frame_record_prefix
SHAPCK_TBL.decoded.bin,pck_object_0081_part_000_choice_000_frame_020,pck_object_0081,pck_object_0081_part_000,pck_object_0081_part_000_choice_000,0x0093AB,3,4,5,0x05FF,1535,1535,255,5,direct_unsigned,0x000000,0x0005FF,yes,FFE2FF1E00A6FF32000A000000000800,20,byte0_high_bit_set;plausible_object_header
SHAPCK_TBL.decoded.bin,pck_object_0081_part_000_choice_000_frame_020,pck_object_0081,pck_object_0081_part_000,pck_object_0081_part_000_choice_000,0x0093AB,3,4,5,0x05FF,1535,1535,255,5,direct_signed,0x000000,0x0005FF,yes,FFE2FF1E00A6FF32000A000000000800,20,byte0_high_bit_set;plausible_object_header
SHAPCK_TBL.decoded.bin,pck_object_0081_part_000_choice_000_frame_020,pck_object_0081,pck_object_0081_part_000,pck_object_0081_part_000_choice_000,0x0093AB,3,4,5,0x05FF,1535,1535,255,5,object_plus_unsigned,0x00918A,0x009789,yes,0B0C0DFF0F0F100302FF010067020000,0,in_range_no_structural_match
SHAPCK_TBL.decoded.bin,pck_object_0081_part_000_choice_000_frame_020,pck_object_0081,pck_object_0081_part_000,pck_object_0081_part_000_choice_000,0x0093AB,3,4,5,0x05FF,1535,1535,255,5,object_plus_signed,0x00918A,0x009789,yes,0B0C0DFF0F0F100302FF010067020000,0,in_range_no_structural_match
SHAPCK_TBL.decoded.bin,pck_object_0081_part_000_choice_000_frame_020,pck_object_0081,pck_object_0081_part_000,pck_object_0081_part_000_choice_000,0x0093AB,3,4,5,0x05FF,1535,1535,255,5,block_plus_unsigned,0x009180,0x00977F,yes,05FF0505040708FF0A0A0B0C0DFF0F0F,0,in_range_no_structural_match
SHAPCK_TBL.decoded.bin,pck_object_0081_part_000_choice_000_frame_020,pck_object_0081,pck_object_0081_part_000,pck_object_0081_part_000_choice_000,0x0093AB,3,4,5,0x05FF,1535,1535,255,5,block_plus_signed,0x009180,0x00977F,yes,05FF0505040708FF0A0A0B0C0DFF0F0F,0,in_range_no_structural_match
SHAPCK_TBL.decoded.bin,pck_object_0081_part_000_choice_000_frame_020,pck_object_0081,pck_object_0081_part_000,pck_object_0081_part_000_choice_000,0x0093AB,3,4,5,0x05FF,1535,1535,255,5,part_plus_signed,0x009198,0x009797,yes,000004006F0204188100000000128F02,5,plausible_frame_record_prefix
SHAPCK_TBL.decoded.bin,pck_object_0081_part_000_choice_000_frame_020,pck_object_0081,pck_object_0081_part_000,pck_object_0081_part_000_choice_000,0x0093AB,3,4,5,0x05FF,1535,1535,255,5,frame_plus_signed,0x0093AB,0x0099AA,yes,D3009EFFA5001C000CFEB802750001F8,10,byte0_high_bit_set;plausible_frame_record_prefix
SHAPCK_TBL.decoded.bin,pck_object_0081_part_000_choice_000_frame_020,pck_object_0081,pck_object_0081_part_000,pck_object_0081_part_000_choice_000,0x0093AB,3,4,5,0x05FF,1535,1535,255,5,payload_plus_signed,0x0093AD,0x0099AC,yes,9EFFA5001C000CFEB802750001F8F3FF,5,byte0_high_bit_set
SHAPCK_TBL.decoded.bin,pck_object_0114_part_002_choice_000_frame_041,pck_object_0114,pck_object_0114_part_002,pck_object_0114_part_002_choice_000,0x00D2A4,3,0,0,0x0000,0,0,0,0,direct_unsigned,0x000000,0x000000,yes,04001E000A0032000A00460000005D00,15,plausible_drawable_extents_at_plus6_plus8;plausible_frame_record_prefix
SHAPCK_TBL.decoded.bin,pck_object_0114_part_002_choice_000_frame_041,pck_object_0114,pck_object_0114_part_002,pck_object_0114_part_002_choice_000,0x00D2A4,3,0,0,0x0000,0,0,0,0,direct_signed,0x000000,0x000000,yes,04001E000A0032000A00460000005D00,15,plausible_drawable_extents_at_plus6_plus8;plausible_frame_record_prefix
SHAPCK_TBL.decoded.bin,pck_object_0114_part_002_choice_000_frame_041,pck_object_0114,pck_object_0114_part_002,pck_object_0114_part_002_choice_000,0x00D2A4,3,0,0,0x0000,0,0,0,0,object_plus_unsigned,0x00D15C,0x00D15C,yes,8000080200000000000007001A00004B,105,exact_object_offset;exact_frame_record;byte0_high_bit_set;plausible_object_header;plausible_frame_record_prefix
SHAPCK_TBL.decoded.bin,pck_object_0114_part_002_choice_000_frame_041,pck_object_0114,pck_object_0114_part_002,pck_object_0114_part_002_choice_000,0x00D2A4,3,0,0,0x0000,0,0,0,0,object_plus_signed,0x00D15C,0x00D15C,yes,8000080200000000000007001A00004B,105,exact_object_offset;exact_frame_record;byte0_high_bit_set;plausible_object_header;plausible_frame_record_prefix
SHAPCK_TBL.decoded.bin,pck_object_0114_part_002_choice_000_frame_041,pck_object_0114,pck_object_0114_part_002,pck_object_0114_part_002_choice_000,0x00D2A4,3,0,0,0x0000,0,0,0,0,block_plus_unsigned,0x00D150,0x00D150,yes,FF0E0E2526FF0B0B232209FF80000802,30,exact_block_offset;byte0_high_bit_set
SHAPCK_TBL.decoded.bin,pck_object_0114_part_002_choice_000_frame_041,pck_object_0114,pck_object_0114_part_002,pck_object_0114_part_002_choice_000,0x00D2A4,3,0,0,0x0000,0,0,0,0,block_plus_signed,0x00D150,0x00D150,yes,FF0E0E2526FF0B0B232209FF80000802,30,exact_block_offset;byte0_high_bit_set
SHAPCK_TBL.decoded.bin,pck_object_0114_part_002_choice_000_frame_041,pck_object_0114,pck_object_0114_part_002,pck_object_0114_part_002_choice_000,0x00D2A4,3,0,0,0x0000,0,0,0,0,part_plus_signed,0x00D17A,0x00D17A,yes,164B5200010080021D4B52000100C202,35,exact_part_offset
SHAPCK_TBL.decoded.bin,pck_object_0114_part_002_choice_000_frame_041,pck_object_0114,pck_object_0114_part_002,pck_object_0114_part_002_choice_000,0x00D2A4,3,0,0,0x0000,0,0,0,0,frame_plus_signed,0x00D2A4,0x00D2A4,yes,E803000000008100B2FE31FF8100AAFE,40,exact_frame_record;byte0_high_bit_set;plausible_frame_record_prefix
SHAPCK_TBL.decoded.bin,pck_object_0114_part_002_choice_000_frame_041,pck_object_0114,pck_object_0114_part_002,pck_object_0114_part_002_choice_000,0x00D2A4,3,0,0,0x0000,0,0,0,0,payload_plus_signed,0x00D2A6,0x00D2A6,yes,000000008100B2FE31FF8100AAFE02FF,5,plausible_frame_record_prefix
SHAPCK_TBL.decoded.bin,pck_object_0114_part_002_choice_000_frame_047,pck_object_0114,pck_object_0114_part_002,pck_object_0114_part_002_choice_000,0x00D2D4,3,-8,-8,0x0132,306,306,50,1,direct_unsigned,0x000000,0x000132,yes,36080F004C08050063080A009F080F00,0,in_range_no_structural_match
SHAPCK_TBL.decoded.bin,pck_object_0114_part_002_choice_000_frame_047,pck_object_0114,pck_object_0114_part_002,pck_object_0114_part_002_choice_000,0x00D2D4,3,-8,-8,0x0132,306,306,50,1,direct_signed,0x000000,0x000132,yes,36080F004C08050063080A009F080F00,0,in_range_no_structural_match
SHAPCK_TBL.decoded.bin,pck_object_0114_part_002_choice_000_frame_047,pck_object_0114,pck_object_0114_part_002,pck_object_0114_part_002_choice_000,0x00D2D4,3,-8,-8,0x0132,306,306,50,1,object_plus_unsigned,0x00D15C,0x00D28E,yes,7BFE0AFF52006FFE2AF89FFFD9FEF9FE,0,in_range_no_structural_match
SHAPCK_TBL.decoded.bin,pck_object_0114_part_002_choice_000_frame_047,pck_object_0114,pck_object_0114_part_002,pck_object_0114_part_002_choice_000,0x00D2D4,3,-8,-8,0x0132,306,306,50,1,object_plus_signed,0x00D15C,0x00D28E,yes,7BFE0AFF52006FFE2AF89FFFD9FEF9FE,0,in_range_no_structural_match
SHAPCK_TBL.decoded.bin,pck_object_0114_part_002_choice_000_frame_047,pck_object_0114,pck_object_0114_part_002,pck_object_0114_part_002_choice_000,0x00D2D4,3,-8,-8,0x0132,306,306,50,1,block_plus_unsigned,0x00D150,0x00D282,yes,E2FE28FF61FCFFF857019FFF7BFE0AFF,5,byte0_high_bit_set
SHAPCK_TBL.decoded.bin,pck_object_0114_part_002_choice_000_frame_047,pck_object_0114,pck_object_0114_part_002,pck_object_0114_part_002_choice_000,0x00D2D4,3,-8,-8,0x0132,306,306,50,1,block_plus_signed,0x00D150,0x00D282,yes,E2FE28FF61FCFFF857019FFF7BFE0AFF,5,byte0_high_bit_set
SHAPCK_TBL.decoded.bin,pck_object_0114_part_002_choice_000_frame_047,pck_object_0114,pck_object_0114_part_002,pck_object_0114_part_002_choice_000,0x00D2D4,3,-8,-8,0x0132,306,306,50,1,part_plus_signed,0x00D17A,0x00D2AC,yes,B2FE31FF8100AAFE02FF81008CFE07FF,35,exact_frame_record;byte0_high_bit_set
SHAPCK_TBL.decoded.bin,pck_object_0114_part_002_choice_000_frame_047,pck_object_0114,pck_object_0114_part_002,pck_object_0114_part_002_choice_000,0x00D2D4,3,-8,-8,0x0132,306,306,50,1,frame_plus_signed,0x00D2D4,0x00D406,yes,FF1A1A1B0CFF19190B0F17FF0100C602,5,byte0_high_bit_set
SHAPCK_TBL.decoded.bin,pck_object_0114_part_002_choice_000_frame_047,pck_object_0114,pck_object_0114_part_002,pck_object_0114_part_002_choice_000,0x00D2D4,3,-8,-8,0x0132,306,306,50,1,payload_plus_signed,0x00D2D6,0x00D408,yes,1A1B0CFF19190B0F17FF0100C6020000,0,in_range_no_structural_match
SHAPCK_TBL.decoded.bin,pck_object_0114_part_002_choice_000_frame_066,pck_object_0114,pck_object_0114_part_002,pck_object_0114_part_002_choice_000,0x00D36C,2,0,33,0x0181,385,385,129,1,direct_unsigned,0x000000,0x000181,yes,00020B0500180B03002E0B0D00440B0F,5,plausible_frame_record_prefix
SHAPCK_TBL.decoded.bin,pck_object_0114_part_002_choice_000_frame_066,pck_object_0114,pck_object_0114_part_002,pck_object_0114_part_002_choice_000,0x00D36C,2,0,33,0x0181,385,385,129,1,direct_signed,0x000000,0x000181,yes,00020B0500180B03002E0B0D00440B0F,5,plausible_frame_record_prefix
SHAPCK_TBL.decoded.bin,pck_object_0114_part_002_choice_000_frame_066,pck_object_0114,pck_object_0114_part_002,pck_object_0114_part_002_choice_000,0x00D36C,2,0,33,0x0181,385,385,129,1,object_plus_unsigned,0x00D15C,0x00D2DD,yes,FE0AFF1D0094FE21F85F00D9FEF9FE85,5,byte0_high_bit_set
SHAPCK_TBL.decoded.bin,pck_object_0114_part_002_choice_000_frame_066,pck_object_0114,pck_object_0114_part_002,pck_object_0114_part_002_choice_000,0x00D36C,2,0,33,0x0181,385,385,129,1,object_plus_signed,0x00D15C,0x00D2DD,yes,FE0AFF1D0094FE21F85F00D9FEF9FE85,5,byte0_high_bit_set
SHAPCK_TBL.decoded.bin,pck_object_0114_part_002_choice_000_frame_066,pck_object_0114,pck_object_0114_part_002,pck_object_0114_part_002_choice_000,0x00D36C,2,0,33,0x0181,385,385,129,1,block_plus_unsigned,0x00D150,0x00D2D1,yes,FE28FF9F03F8F832015F007BFE0AFF1D,5,byte0_high_bit_set
SHAPCK_TBL.decoded.bin,pck_object_0114_part_002_choice_000_frame_066,pck_object_0114,pck_object_0114_part_002,pck_object_0114_part_002_choice_000,0x00D36C,2,0,33,0x0181,385,385,129,1,block_plus_signed,0x00D150,0x00D2D1,yes,FE28FF9F03F8F832015F007BFE0AFF1D,5,byte0_high_bit_set
SHAPCK_TBL.decoded.bin,pck_object_0114_part_002_choice_000_frame_066,pck_object_0114,pck_object_0114_part_002,pck_object_0114_part_002_choice_000,0x00D36C,2,0,33,0x0181,385,385,129,1,part_plus_signed,0x00D17A,0x00D2FB,yes,FE27FF1F005FFE27FF1F0080FE36FF1F,5,byte0_high_bit_set
SHAPCK_TBL.decoded.bin,pck_object_0114_part_002_choice_000_frame_066,pck_object_0114,pck_object_0114_part_002,pck_object_0114_part_002_choice_000,0x00D36C,2,0,33,0x0181,385,385,129,1,frame_plus_signed,0x00D36C,0x00D4ED,yes,FF0D0D3B3CFF0A0A3A3908FF0100AD03,5,byte0_high_bit_set
SHAPCK_TBL.decoded.bin,pck_object_0114_part_002_choice_000_frame_066,pck_object_0114,pck_object_0114_part_002,pck_object_0114_part_002_choice_000,0x00D36C,2,0,33,0x0181,385,385,129,1,payload_plus_signed,0x00D36E,0x00D4EF,yes,0D3B3CFF0A0A3A3908FF0100AD030000,0,in_range_no_structural_match
SHAPCK_TBL.decoded.bin,pck_object_0114_part_002_choice_000_frame_073,pck_object_0114,pck_object_0114_part_002,pck_object_0114_part_002_choice_000,0x00D3A4,3,2,-1,0x0001,1,1,1,0,direct_unsigned,0x000000,0x000001,yes,001E000A0032000A00460000005D0006,0,in_range_no_structural_match
SHAPCK_TBL.decoded.bin,pck_object_0114_part_002_choice_000_frame_073,pck_object_0114,pck_object_0114_part_002,pck_object_0114_part_002_choice_000,0x00D3A4,3,2,-1,0x0001,1,1,1,0,direct_signed,0x000000,0x000001,yes,001E000A0032000A00460000005D0006,0,in_range_no_structural_match
SHAPCK_TBL.decoded.bin,pck_object_0114_part_002_choice_000_frame_073,pck_object_0114,pck_object_0114_part_002,pck_object_0114_part_002_choice_000,0x00D3A4,3,2,-1,0x0001,1,1,1,0,object_plus_unsigned,0x00D15C,0x00D15D,yes,00080200000000000007001A00004B52,0,in_range_no_structural_match
SHAPCK_TBL.decoded.bin,pck_object_0114_part_002_choice_000_frame_073,pck_object_0114,pck_object_0114_part_002,pck_object_0114_part_002_choice_000,0x00D3A4,3,2,-1,0x0001,1,1,1,0,object_plus_signed,0x00D15C,0x00D15D,yes,00080200000000000007001A00004B52,0,in_range_no_structural_match
SHAPCK_TBL.decoded.bin,pck_object_0114_part_002_choice_000_frame_073,pck_object_0114,pck_object_0114_part_002,pck_object_0114_part_002_choice_000,0x00D3A4,3,2,-1,0x0001,1,1,1,0,block_plus_unsigned,0x00D150,0x00D151,yes,0E0E2526FF0B0B232209FF8000080200,0,in_range_no_structural_match
SHAPCK_TBL.decoded.bin,pck_object_0114_part_002_choice_000_frame_073,pck_object_0114,pck_object_0114_part_002,pck_object_0114_part_002_choice_000,0x00D3A4,3,2,-1,0x0001,1,1,1,0,block_plus_signed,0x00D150,0x00D151,yes,0E0E2526FF0B0B232209FF8000080200,0,in_range_no_structural_match
SHAPCK_TBL.decoded.bin,pck_object_0114_part_002_choice_000_frame_073,pck_object_0114,pck_object_0114_part_002,pck_object_0114_part_002_choice_000,0x00D3A4,3,2,-1,0x0001,1,1,1,0,part_plus_signed,0x00D17A,0x00D17B,yes,4B5200010080021D4B52000100C2022B,0,in_range_no_structural_match
SHAPCK_TBL.decoded.bin,pck_object_0114_part_002_choice_000_frame_073,pck_object_0114,pck_object_0114_part_002,pck_object_0114_part_002_choice_000,0x00D3A4,3,2,-1,0x0001,1,1,1,0,frame_plus_signed,0x00D3A4,0x00D3A5,yes,0302FF01005C0200000200640205FF81,5,plausible_frame_record_prefix
SHAPCK_TBL.decoded.bin,pck_object_0114_part_002_choice_000_frame_073,pck_object_0114,pck_object_0114_part_002,pck_object_0114_part_002_choice_000,0x00D3A4,3,2,-1,0x0001,1,1,1,0,payload_plus_signed,0x00D3A6,0x00D3A7,yes,FF01005C0200000200640205FF810707,10,byte0_high_bit_set;plausible_frame_record_prefix
SHAPCK_TBL.decoded.bin,pck_object_0114_part_002_choice_000_frame_084,pck_object_0114,pck_object_0114_part_002,pck_object_0114_part_002_choice_000,0x00D3FC,2,23,15,0x0CFF,3327,3327,255,12,direct_unsigned,0x000000,0x000CFF,yes,9A00D8076E015BFF40006E0082FF3D00,10,byte0_high_bit_set;plausible_frame_record_prefix
SHAPCK_TBL.decoded.bin,pck_object_0114_part_002_choice_000_frame_084,pck_object_0114,pck_object_0114_part_002,pck_object_0114_part_002_choice_000,0x00D3FC,2,23,15,0x0CFF,3327,3327,255,12,direct_signed,0x000000,0x000CFF,yes,9A00D8076E015BFF40006E0082FF3D00,10,byte0_high_bit_set;plausible_frame_record_prefix
SHAPCK_TBL.decoded.bin,pck_object_0114_part_002_choice_000_frame_084,pck_object_0114,pck_object_0114_part_002,pck_object_0114_part_002_choice_000,0x00D3FC,2,23,15,0x0CFF,3327,3327,255,12,object_plus_unsigned,0x00D15C,0x00DE5B,no,,0,outside_decoded_stream
SHAPCK_TBL.decoded.bin,pck_object_0114_part_002_choice_000_frame_084,pck_object_0114,pck_object_0114_part_002,pck_object_0114_part_002_choice_000,0x00D3FC,2,23,15,0x0CFF,3327,3327,255,12,object_plus_signed,0x00D15C,0x00DE5B,no,,0,outside_decoded_stream
SHAPCK_TBL.decoded.bin,pck_object_0114_part_002_choice_000_frame_084,pck_object_0114,pck_object_0114_part_002,pck_object_0114_part_002_choice_000,0x00D3FC,2,23,15,0x0CFF,3327,3327,255,12,block_plus_unsigned,0x00D150,0x00DE4F,no,,0,outside_decoded_stream
SHAPCK_TBL.decoded.bin,pck_object_0114_part_002_choice_000_frame_084,pck_object_0114,pck_object_0114_part_002,pck_object_0114_part_002_choice_000,0x00D3FC,2,23,15,0x0CFF,3327,3327,255,12,block_plus_signed,0x00D150,0x00DE4F,no,,0,outside_decoded_stream
SHAPCK_TBL.decoded.bin,pck_object_0114_part_002_choice_000_frame_084,pck_object_0114,pck_object_0114_part_002,pck_object_0114_part_002_choice_000,0x00D3FC,2,23,15,0x0CFF,3327,3327,255,12,part_plus_signed,0x00D17A,0x00DE79,no,,0,outside_decoded_stream
SHAPCK_TBL.decoded.bin,pck_object_0114_part_002_choice_000_frame_084,pck_object_0114,pck_object_0114_part_002,pck_object_0114_part_002_choice_000,0x00D3FC,2,23,15,0x0CFF,3327,3327,255,12,frame_plus_signed,0x00D3FC,0x00E0FB,no,,0,outside_decoded_stream
SHAPCK_TBL.decoded.bin,pck_object_0114_part_002_choice_000_frame_084,pck_object_0114,pck_object_0114_part_002,pck_object_0114_part_002_choice_000,0x00D3FC,2,23,15,0x0CFF,3327,3327,255,12,payload_plus_signed,0x00D3FE,0x00E0FD,no,,0,outside_decoded_stream
SHAPCK_TBL.decoded.bin,pck_object_0114_part_002_choice_000_frame_085,pck_object_0114,pck_object_0114_part_002,pck_object_0114_part_002_choice_000,0x00D404,2,-1,26,0x1B1A,6938,6938,26,27,direct_unsigned,0x000000,0x001B1A,yes,130A0811FF0B0B0A1315FF07070B1510,0,in_range_no_structural_match
SHAPCK_TBL.decoded.bin,pck_object_0114_part_002_choice_000_frame_085,pck_object_0114,pck_object_0114_part_002,pck_object_0114_part_002_choice_000,0x00D404,2,-1,26,0x1B1A,6938,6938,26,27,direct_signed,0x000000,0x001B1A,yes,130A0811FF0B0B0A1315FF07070B1510,0,in_range_no_structural_match
SHAPCK_TBL.decoded.bin,pck_object_0114_part_002_choice_000_frame_085,pck_object_0114,pck_object_0114_part_002,pck_object_0114_part_002_choice_000,0x00D404,2,-1,26,0x1B1A,6938,6938,26,27,object_plus_unsigned,0x00D15C,0x00EC76,no,,0,outside_decoded_stream
SHAPCK_TBL.decoded.bin,pck_object_0114_part_002_choice_000_frame_085,pck_object_0114,pck_object_0114_part_002,pck_object_0114_part_002_choice_000,0x00D404,2,-1,26,0x1B1A,6938,6938,26,27,object_plus_signed,0x00D15C,0x00EC76,no,,0,outside_decoded_stream
SHAPCK_TBL.decoded.bin,pck_object_0114_part_002_choice_000_frame_085,pck_object_0114,pck_object_0114_part_002,pck_object_0114_part_002_choice_000,0x00D404,2,-1,26,0x1B1A,6938,6938,26,27,block_plus_unsigned,0x00D150,0x00EC6A,no,,0,outside_decoded_stream
SHAPCK_TBL.decoded.bin,pck_object_0114_part_002_choice_000_frame_085,pck_object_0114,pck_object_0114_part_002,pck_object_0114_part_002_choice_000,0x00D404,2,-1,26,0x1B1A,6938,6938,26,27,block_plus_signed,0x00D150,0x00EC6A,no,,0,outside_decoded_stream
SHAPCK_TBL.decoded.bin,pck_object_0114_part_002_choice_000_frame_085,pck_object_0114,pck_object_0114_part_002,pck_object_0114_part_002_choice_000,0x00D404,2,-1,26,0x1B1A,6938,6938,26,27,part_plus_signed,0x00D17A,0x00EC94,no,,0,outside_decoded_stream
SHAPCK_TBL.decoded.bin,pck_object_0114_part_002_choice_000_frame_085,pck_object_0114,pck_object_0114_part_002,pck_object_0114_part_002_choice_000,0x00D404,2,-1,26,0x1B1A,6938,6938,26,27,frame_plus_signed,0x00D404,0x00EF1E,no,,0,outside_decoded_stream
SHAPCK_TBL.decoded.bin,pck_object_0114_part_002_choice_000_frame_085,pck_object_0114,pck_object_0114_part_002,pck_object_0114_part_002_choice_000,0x00D404,2,-1,26,0x1B1A,6938,6938,26,27,payload_plus_signed,0x00D406,0x00EF20,no,,0,outside_decoded_stream
SHAPCK_TBL.decoded.bin,pck_object_0114_part_002_choice_000_frame_087,pck_object_0114,pck_object_0114_part_002,pck_object_0114_part_002_choice_000,0x00D414,2,0,0,0x0005,5,5,5,0,direct_unsigned,0x000000,0x000005,yes,0032000A00460000005D00060073000B,0,in_range_no_structural_match
SHAPCK_TBL.decoded.bin,pck_object_0114_part_002_choice_000_frame_087,pck_object_0114,pck_object_0114_part_002,pck_object_0114_part_002_choice_000,0x00D414,2,0,0,0x0005,5,5,5,0,direct_signed,0x000000,0x000005,yes,0032000A00460000005D00060073000B,0,in_range_no_structural_match
SHAPCK_TBL.decoded.bin,pck_object_0114_part_002_choice_000_frame_087,pck_object_0114,pck_object_0114_part_002,pck_object_0114_part_002_choice_000,0x00D414,2,0,0,0x0005,5,5,5,0,object_plus_unsigned,0x00D15C,0x00D161,yes,000000000007001A00004B5200010014,5,plausible_frame_record_prefix
SHAPCK_TBL.decoded.bin,pck_object_0114_part_002_choice_000_frame_087,pck_object_0114,pck_object_0114_part_002,pck_object_0114_part_002_choice_000,0x00D414,2,0,0,0x0005,5,5,5,0,object_plus_signed,0x00D15C,0x00D161,yes,000000000007001A00004B5200010014,5,plausible_frame_record_prefix
SHAPCK_TBL.decoded.bin,pck_object_0114_part_002_choice_000_frame_087,pck_object_0114,pck_object_0114_part_002,pck_object_0114_part_002_choice_000,0x00D414,2,0,0,0x0005,5,5,5,0,block_plus_unsigned,0x00D150,0x00D155,yes,FF0B0B232209FF800008020000000000,20,byte0_high_bit_set;plausible_object_header
SHAPCK_TBL.decoded.bin,pck_object_0114_part_002_choice_000_frame_087,pck_object_0114,pck_object_0114_part_002,pck_object_0114_part_002_choice_000,0x00D414,2,0,0,0x0005,5,5,5,0,block_plus_signed,0x00D150,0x00D155,yes,FF0B0B232209FF800008020000000000,20,byte0_high_bit_set;plausible_object_header
SHAPCK_TBL.decoded.bin,pck_object_0114_part_002_choice_000_frame_087,pck_object_0114,pck_object_0114_part_002,pck_object_0114_part_002_choice_000,0x00D414,2,0,0,0x0005,5,5,5,0,part_plus_signed,0x00D17A,0x00D17F,yes,0080021D4B52000100C2022B4B520001,0,in_range_no_structural_match
SHAPCK_TBL.decoded.bin,pck_object_0114_part_002_choice_000_frame_087,pck_object_0114,pck_object_0114_part_002,pck_object_0114_part_002_choice_000,0x00D414,2,0,0,0x0005,5,5,5,0,frame_plus_signed,0x00D414,0x00D419,yes,00CE02180F81000000000EF602810808,0,in_range_no_structural_match
SHAPCK_TBL.decoded.bin,pck_object_0114_part_002_choice_000_frame_087,pck_object_0114,pck_object_0114_part_002,pck_object_0114_part_002_choice_000,0x00D414,2,0,0,0x0005,5,5,5,0,payload_plus_signed,0x00D416,0x00D41B,yes,02180F81000000000EF6028108080404,0,in_range_no_structural_match
SHAPCK_TBL.decoded.bin,pck_object_0114_part_002_choice_000_frame_089,pck_object_0114,pck_object_0114_part_002,pck_object_0114_part_002_choice_000,0x00D424,2,-127,8,0x0408,1032,1032,8,4,direct_unsigned,0x000000,0x000408,yes,0B0205FF0404080A05FF0B0B070302FF,5,plausible_frame_record_prefix
SHAPCK_TBL.decoded.bin,pck_object_0114_part_002_choice_000_frame_089,pck_object_0114,pck_object_0114_part_002,pck_object_0114_part_002_choice_000,0x00D424,2,-127,8,0x0408,1032,1032,8,4,direct_signed,0x000000,0x000408,yes,0B0205FF0404080A05FF0B0B070302FF,5,plausible_frame_record_prefix
SHAPCK_TBL.decoded.bin,pck_object_0114_part_002_choice_000_frame_089,pck_object_0114,pck_object_0114_part_002,pck_object_0114_part_002_choice_000,0x00D424,2,-127,8,0x0408,1032,1032,8,4,object_plus_unsigned,0x00D15C,0x00D564,yes,0001005B0117FC2FFFFF0731FF6DF891,5,plausible_frame_record_prefix
SHAPCK_TBL.decoded.bin,pck_object_0114_part_002_choice_000_frame_089,pck_object_0114,pck_object_0114_part_002,pck_object_0114_part_002_choice_000,0x00D424,2,-127,8,0x0408,1032,1032,8,4,object_plus_signed,0x00D15C,0x00D564,yes,0001005B0117FC2FFFFF0731FF6DF891,5,plausible_frame_record_prefix
SHAPCK_TBL.decoded.bin,pck_object_0114_part_002_choice_000_frame_089,pck_object_0114,pck_object_0114_part_002,pck_object_0114_part_002_choice_000,0x00D424,2,-127,8,0x0408,1032,1032,8,4,block_plus_unsigned,0x00D150,0x00D558,yes,00002329000100FB000F23290001005B,5,plausible_frame_record_prefix
SHAPCK_TBL.decoded.bin,pck_object_0114_part_002_choice_000_frame_089,pck_object_0114,pck_object_0114_part_002,pck_object_0114_part_002_choice_000,0x00D424,2,-127,8,0x0408,1032,1032,8,4,block_plus_signed,0x00D150,0x00D558,yes,00002329000100FB000F23290001005B,5,plausible_frame_record_prefix
SHAPCK_TBL.decoded.bin,pck_object_0114_part_002_choice_000_frame_089,pck_object_0114,pck_object_0114_part_002,pck_object_0114_part_002_choice_000,0x00D424,2,-127,8,0x0408,1032,1032,8,4,part_plus_signed,0x00D17A,0x00D582,yes,FF71FFA600A9FF6CFFB5004400C807D3,5,byte0_high_bit_set
SHAPCK_TBL.decoded.bin,pck_object_0114_part_002_choice_000_frame_089,pck_object_0114,pck_object_0114_part_002,pck_object_0114_part_002_choice_000,0x00D424,2,-127,8,0x0408,1032,1032,8,4,frame_plus_signed,0x00D424,0x00D82C,yes,00000D510181000800000E5701020203,5,plausible_frame_record_prefix
SHAPCK_TBL.decoded.bin,pck_object_0114_part_002_choice_000_frame_089,pck_object_0114,pck_object_0114_part_002,pck_object_0114_part_002_choice_000,0x00D424,2,-127,8,0x0408,1032,1032,8,4,payload_plus_signed,0x00D426,0x00D82E,yes,0D510181000800000E57010202030405,0,in_range_no_structural_match
SHAPCK_TBL.decoded.bin,pck_object_0114_part_002_choice_000_frame_090,pck_object_0114,pck_object_0114_part_002,pck_object_0114_part_002_choice_000,0x00D42C,2,-127,0,0x0000,0,0,0,0,direct_unsigned,0x000000,0x000000,yes,04001E000A0032000A00460000005D00,15,plausible_drawable_extents_at_plus6_plus8;plausible_frame_record_prefix
SHAPCK_TBL.decoded.bin,pck_object_0114_part_002_choice_000_frame_090,pck_object_0114,pck_object_0114_part_002,pck_object_0114_part_002_choice_000,0x00D42C,2,-127,0,0x0000,0,0,0,0,direct_signed,0x000000,0x000000,yes,04001E000A0032000A00460000005D00,15,plausible_drawable_extents_at_plus6_plus8;plausible_frame_record_prefix
SHAPCK_TBL.decoded.bin,pck_object_0114_part_002_choice_000_frame_090,pck_object_0114,pck_object_0114_part_002,pck_object_0114_part_002_choice_000,0x00D42C,2,-127,0,0x0000,0,0,0,0,object_plus_unsigned,0x00D15C,0x00D15C,yes,8000080200000000000007001A00004B,105,exact_object_offset;exact_frame_record;byte0_high_bit_set;plausible_object_header;plausible_frame_record_prefix
SHAPCK_TBL.decoded.bin,pck_object_0114_part_002_choice_000_frame_090,pck_object_0114,pck_object_0114_part_002,pck_object_0114_part_002_choice_000,0x00D42C,2,-127,0,0x0000,0,0,0,0,object_plus_signed,0x00D15C,0x00D15C,yes,8000080200000000000007001A00004B,105,exact_object_offset;exact_frame_record;byte0_high_bit_set;plausible_object_header;plausible_frame_record_prefix
SHAPCK_TBL.decoded.bin,pck_object_0114_part_002_choice_000_frame_090,pck_object_0114,pck_object_0114_part_002,pck_object_0114_part_002_choice_000,0x00D42C,2,-127,0,0x0000,0,0,0,0,block_plus_unsigned,0x00D150,0x00D150,yes,FF0E0E2526FF0B0B232209FF80000802,30,exact_block_offset;byte0_high_bit_set
SHAPCK_TBL.decoded.bin,pck_object_0114_part_002_choice_000_frame_090,pck_object_0114,pck_object_0114_part_002,pck_object_0114_part_002_choice_000,0x00D42C,2,-127,0,0x0000,0,0,0,0,block_plus_signed,0x00D150,0x00D150,yes,FF0E0E2526FF0B0B232209FF80000802,30,exact_block_offset;byte0_high_bit_set
SHAPCK_TBL.decoded.bin,pck_object_0114_part_002_choice_000_frame_090,pck_object_0114,pck_object_0114_part_002,pck_object_0114_part_002_choice_000,0x00D42C,2,-127,0,0x0000,0,0,0,0,part_plus_signed,0x00D17A,0x00D17A,yes,164B5200010080021D4B52000100C202,35,exact_part_offset
SHAPCK_TBL.decoded.bin,pck_object_0114_part_002_choice_000_frame_090,pck_object_0114,pck_object_0114_part_002,pck_object_0114_part_002_choice_000,0x00D42C,2,-127,0,0x0000,0,0,0,0,frame_plus_signed,0x00D42C,0x00D42C,yes,FD028100000000260303810808080828,40,exact_frame_record;byte0_high_bit_set;plausible_frame_record_prefix
SHAPCK_TBL.decoded.bin,pck_object_0114_part_002_choice_000_frame_090,pck_object_0114,pck_object_0114_part_002,pck_object_0114_part_002_choice_000,0x00D42C,2,-127,0,0x0000,0,0,0,0,payload_plus_signed,0x00D42E,0x00D42E,yes,81000000002603038108080808280903,10,byte0_high_bit_set;plausible_frame_record_prefix
SHAPCK_TBL.decoded.bin,pck_object_0114_part_002_choice_000_frame_091,pck_object_0114,pck_object_0114_part_002,pck_object_0114_part_002_choice_000,0x00D434,3,-127,8,0x0808,2056,2056,8,8,direct_unsigned,0x000000,0x000808,yes,0000FA000000A8067004E0FF0000FA00,5,plausible_frame_record_prefix
SHAPCK_TBL.decoded.bin,pck_object_0114_part_002_choice_000_frame_091,pck_object_0114,pck_object_0114_part_002,pck_object_0114_part_002_choice_000,0x00D434,3,-127,8,0x0808,2056,2056,8,8,direct_signed,0x000000,0x000808,yes,0000FA000000A8067004E0FF0000FA00,5,plausible_frame_record_prefix
SHAPCK_TBL.decoded.bin,pck_object_0114_part_002_choice_000_frame_091,pck_object_0114,pck_object_0114_part_002,pck_object_0114_part_002_choice_000,0x00D434,3,-127,8,0x0808,2056,2056,8,8,object_plus_unsigned,0x00D15C,0x00D964,yes,00E2FF80FF7A00E2FF73FF8C00E1FF3E,0,in_range_no_structural_match
SHAPCK_TBL.decoded.bin,pck_object_0114_part_002_choice_000_frame_091,pck_object_0114,pck_object_0114_part_002,pck_object_0114_part_002_choice_000,0x00D434,3,-127,8,0x0808,2056,2056,8,8,object_plus_signed,0x00D15C,0x00D964,yes,00E2FF80FF7A00E2FF73FF8C00E1FF3E,0,in_range_no_structural_match
SHAPCK_TBL.decoded.bin,pck_object_0114_part_002_choice_000_frame_091,pck_object_0114,pck_object_0114_part_002,pck_object_0114_part_002_choice_000,0x00D434,3,-127,8,0x0808,2056,2056,8,8,block_plus_unsigned,0x00D150,0x00D958,yes,00E2FF63FF3800E2FF89FF4900E2FF80,0,in_range_no_structural_match
SHAPCK_TBL.decoded.bin,pck_object_0114_part_002_choice_000_frame_091,pck_object_0114,pck_object_0114_part_002,pck_object_0114_part_002_choice_000,0x00D434,3,-127,8,0x0808,2056,2056,8,8,block_plus_signed,0x00D150,0x00D958,yes,00E2FF63FF3800E2FF89FF4900E2FF80,0,in_range_no_structural_match
SHAPCK_TBL.decoded.bin,pck_object_0114_part_002_choice_000_frame_091,pck_object_0114,pck_object_0114_part_002,pck_object_0114_part_002_choice_000,0x00D434,3,-127,8,0x0808,2056,2056,8,8,part_plus_signed,0x00D17A,0x00D982,yes,001E0073FF8C001E0080FF7A001E0089,0,in_range_no_structural_match
SHAPCK_TBL.decoded.bin,pck_object_0114_part_002_choice_000_frame_091,pck_object_0114,pck_object_0114_part_002,pck_object_0114_part_002_choice_000,0x00D434,3,-127,8,0x0808,2056,2056,8,8,frame_plus_signed,0x00D434,0x00DC3C,yes,EBFEAAFF46FEEEFE0000AD01D207AAFF,5,byte0_high_bit_set
SHAPCK_TBL.decoded.bin,pck_object_0114_part_002_choice_000_frame_091,pck_object_0114,pck_object_0114_part_002,pck_object_0114_part_002_choice_000,0x00D434,3,-127,8,0x0808,2056,2056,8,8,payload_plus_signed,0x00D436,0x00DC3E,yes,AAFF46FEEEFE0000AD01D207AAFF5DFE,5,byte0_high_bit_set
SHAPCK_TBL.decoded.bin,pck_object_0114_part_002_choice_000_frame_092,pck_object_0114,pck_object_0114_part_002,pck_object_0114_part_002_choice_000,0x00D43C,3,-127,0,0x0000,0,0,0,0,direct_unsigned,0x000000,0x000000,yes,04001E000A0032000A00460000005D00,15,plausible_drawable_extents_at_plus6_plus8;plausible_frame_record_prefix
SHAPCK_TBL.decoded.bin,pck_object_0114_part_002_choice_000_frame_092,pck_object_0114,pck_object_0114_part_002,pck_object_0114_part_002_choice_000,0x00D43C,3,-127,0,0x0000,0,0,0,0,direct_signed,0x000000,0x000000,yes,04001E000A0032000A00460000005D00,15,plausible_drawable_extents_at_plus6_plus8;plausible_frame_record_prefix
SHAPCK_TBL.decoded.bin,pck_object_0114_part_002_choice_000_frame_092,pck_object_0114,pck_object_0114_part_002,pck_object_0114_part_002_choice_000,0x00D43C,3,-127,0,0x0000,0,0,0,0,object_plus_unsigned,0x00D15C,0x00D15C,yes,8000080200000000000007001A00004B,105,exact_object_offset;exact_frame_record;byte0_high_bit_set;plausible_object_header;plausible_frame_record_prefix
SHAPCK_TBL.decoded.bin,pck_object_0114_part_002_choice_000_frame_092,pck_object_0114,pck_object_0114_part_002,pck_object_0114_part_002_choice_000,0x00D43C,3,-127,0,0x0000,0,0,0,0,object_plus_signed,0x00D15C,0x00D15C,yes,8000080200000000000007001A00004B,105,exact_object_offset;exact_frame_record;byte0_high_bit_set;plausible_object_header;plausible_frame_record_prefix
SHAPCK_TBL.decoded.bin,pck_object_0114_part_002_choice_000_frame_092,pck_object_0114,pck_object_0114_part_002,pck_object_0114_part_002_choice_000,0x00D43C,3,-127,0,0x0000,0,0,0,0,block_plus_unsigned,0x00D150,0x00D150,yes,FF0E0E2526FF0B0B232209FF80000802,30,exact_block_offset;byte0_high_bit_set
SHAPCK_TBL.decoded.bin,pck_object_0114_part_002_choice_000_frame_092,pck_object_0114,pck_object_0114_part_002,pck_object_0114_part_002_choice_000,0x00D43C,3,-127,0,0x0000,0,0,0,0,block_plus_signed,0x00D150,0x00D150,yes,FF0E0E2526FF0B0B232209FF80000802,30,exact_block_offset;byte0_high_bit_set
SHAPCK_TBL.decoded.bin,pck_object_0114_part_002_choice_000_frame_092,pck_object_0114,pck_object_0114_part_002,pck_object_0114_part_002_choice_000,0x00D43C,3,-127,0,0x0000,0,0,0,0,part_plus_signed,0x00D17A,0x00D17A,yes,164B5200010080021D4B52000100C202,35,exact_part_offset
SHAPCK_TBL.decoded.bin,pck_object_0114_part_002_choice_000_frame_092,pck_object_0114,pck_object_0114_part_002,pck_object_0114_part_002_choice_000,0x00D43C,3,-127,0,0x0000,0,0,0,0,frame_plus_signed,0x00D43C,0x00D43C,yes,090381000000002A0F031E1E1F202122,35,exact_frame_record;plausible_frame_record_prefix
SHAPCK_TBL.decoded.bin,pck_object_0114_part_002_choice_000_frame_092,pck_object_0114,pck_object_0114_part_002,pck_object_0114_part_002_choice_000,0x00D43C,3,-127,0,0x0000,0,0,0,0,payload_plus_signed,0x00D43E,0x00D43E,yes,81000000002A0F031E1E1F202122FF24,10,byte0_high_bit_set;plausible_frame_record_prefix
SHAPCK_TBL.decoded.bin,pck_object_0114_part_002_choice_000_frame_093,pck_object_0114,pck_object_0114_part_002,pck_object_0114_part_002_choice_000,0x00D444,3,30,30,0x201F,8223,8223,31,32,direct_unsigned,0x000000,0x00201F,yes,0AFF01000501000005000D01000F8100,0,in_range_no_structural_match
SHAPCK_TBL.decoded.bin,pck_object_0114_part_002_choice_000_frame_093,pck_object_0114,pck_object_0114_part_002,pck_object_0114_part_002_choice_000,0x00D444,3,30,30,0x201F,8223,8223,31,32,direct_signed,0x000000,0x00201F,yes,0AFF01000501000005000D01000F8100,0,in_range_no_structural_match
SHAPCK_TBL.decoded.bin,pck_object_0114_part_002_choice_000_frame_093,pck_object_0114,pck_object_0114_part_002,pck_object_0114_part_002_choice_000,0x00D444,3,30,30,0x201F,8223,8223,31,32,object_plus_unsigned,0x00D15C,0x00F17B,no,,0,outside_decoded_stream
SHAPCK_TBL.decoded.bin,pck_object_0114_part_002_choice_000_frame_093,pck_object_0114,pck_object_0114_part_002,pck_object_0114_part_002_choice_000,0x00D444,3,30,30,0x201F,8223,8223,31,32,object_plus_signed,0x00D15C,0x00F17B,no,,0,outside_decoded_stream
SHAPCK_TBL.decoded.bin,pck_object_0114_part_002_choice_000_frame_093,pck_object_0114,pck_object_0114_part_002,pck_object_0114_part_002_choice_000,0x00D444,3,30,30,0x201F,8223,8223,31,32,block_plus_unsigned,0x00D150,0x00F16F,no,,0,outside_decoded_stream
SHAPCK_TBL.decoded.bin,pck_object_0114_part_002_choice_000_frame_093,pck_object_0114,pck_object_0114_part_002,pck_object_0114_part_002_choice_000,0x00D444,3,30,30,0x201F,8223,8223,31,32,block_plus_signed,0x00D150,0x00F16F,no,,0,outside_decoded_stream
SHAPCK_TBL.decoded.bin,pck_object_0114_part_002_choice_000_frame_093,pck_object_0114,pck_object_0114_part_002,pck_object_0114_part_002_choice_000,0x00D444,3,30,30,0x201F,8223,8223,31,32,part_plus_signed,0x00D17A,0x00F199,no,,0,outside_decoded_stream
SHAPCK_TBL.decoded.bin,pck_object_0114_part_002_choice_000_frame_093,pck_object_0114,pck_object_0114_part_002,pck_object_0114_part_002_choice_000,0x00D444,3,30,30,0x201F,8223,8223,31,32,frame_plus_signed,0x00D444,0x00F463,no,,0,outside_decoded_stream
SHAPCK_TBL.decoded.bin,pck_object_0114_part_002_choice_000_frame_093,pck_object_0114,pck_object_0114_part_002,pck_object_0114_part_002_choice_000,0x00D444,3,30,30,0x201F,8223,8223,31,32,payload_plus_signed,0x00D446,0x00F465,no,,0,outside_decoded_stream
SHAPCK_TBL.decoded.bin,pck_object_0114_part_002_choice_000_frame_127,pck_object_0114,pck_object_0114_part_002,pck_object_0114_part_002_choice_000,0x00D554,2,0,25,0x0000,0,0,0,0,direct_unsigned,0x000000,0x000000,yes,04001E000A0032000A00460000005D00,15,plausible_drawable_extents_at_plus6_plus8;plausible_frame_record_prefix
SHAPCK_TBL.decoded.bin,pck_object_0114_part_002_choice_000_frame_127,pck_object_0114,pck_object_0114_part_002,pck_object_0114_part_002_choice_000,0x00D554,2,0,25,0x0000,0,0,0,0,direct_signed,0x000000,0x000000,yes,04001E000A0032000A00460000005D00,15,plausible_drawable_extents_at_plus6_plus8;plausible_frame_record_prefix
SHAPCK_TBL.decoded.bin,pck_object_0114_part_002_choice_000_frame_127,pck_object_0114,pck_object_0114_part_002,pck_object_0114_part_002_choice_000,0x00D554,2,0,25,0x0000,0,0,0,0,object_plus_unsigned,0x00D15C,0x00D15C,yes,8000080200000000000007001A00004B,105,exact_object_offset;exact_frame_record;byte0_high_bit_set;plausible_object_header;plausible_frame_record_prefix
SHAPCK_TBL.decoded.bin,pck_object_0114_part_002_choice_000_frame_127,pck_object_0114,pck_object_0114_part_002,pck_object_0114_part_002_choice_000,0x00D554,2,0,25,0x0000,0,0,0,0,object_plus_signed,0x00D15C,0x00D15C,yes,8000080200000000000007001A00004B,105,exact_object_offset;exact_frame_record;byte0_high_bit_set;plausible_object_header;plausible_frame_record_prefix
SHAPCK_TBL.decoded.bin,pck_object_0114_part_002_choice_000_frame_127,pck_object_0114,pck_object_0114_part_002,pck_object_0114_part_002_choice_000,0x00D554,2,0,25,0x0000,0,0,0,0,block_plus_unsigned,0x00D150,0x00D150,yes,FF0E0E2526FF0B0B232209FF80000802,30,exact_block_offset;byte0_high_bit_set
SHAPCK_TBL.decoded.bin,pck_object_0114_part_002_choice_000_frame_127,pck_object_0114,pck_object_0114_part_002,pck_object_0114_part_002_choice_000,0x00D554,2,0,25,0x0000,0,0,0,0,block_plus_signed,0x00D150,0x00D150,yes,FF0E0E2526FF0B0B232209FF80000802,30,exact_block_offset;byte0_high_bit_set
SHAPCK_TBL.decoded.bin,pck_object_0114_part_002_choice_000_frame_127,pck_object_0114,pck_object_0114_part_002,pck_object_0114_part_002_choice_000,0x00D554,2,0,25,0x0000,0,0,0,0,part_plus_signed,0x00D17A,0x00D17A,yes,164B5200010080021D4B52000100C202,35,exact_part_offset
SHAPCK_TBL.decoded.bin,pck_object_0114_part_002_choice_000_frame_127,pck_object_0114,pck_object_0114_part_002,pck_object_0114_part_002_choice_000,0x00D554,2,0,25,0x0000,0,0,0,0,frame_plus_signed,0x00D554,0x00D554,yes,0002001900002329000100FB000F2329,35,exact_frame_record;plausible_frame_record_prefix
SHAPCK_TBL.decoded.bin,pck_object_0114_part_002_choice_000_frame_127,pck_object_0114,pck_object_0114_part_002,pck_object_0114_part_002_choice_000,0x00D554,2,0,25,0x0000,0,0,0,0,payload_plus_signed,0x00D556,0x00D556,yes,001900002329000100FB000F23290001,0,in_range_no_structural_match
SHAPCK_TBL.decoded.bin,pck_object_0114_part_003_choice_000_frame_041,pck_object_0114,pck_object_0114_part_003,pck_object_0114_part_003_choice_000,0x00D2A4,3,0,0,0x0000,0,0,0,0,direct_unsigned,0x000000,0x000000,yes,04001E000A0032000A00460000005D00,15,plausible_drawable_extents_at_plus6_plus8;plausible_frame_record_prefix
SHAPCK_TBL.decoded.bin,pck_object_0114_part_003_choice_000_frame_041,pck_object_0114,pck_object_0114_part_003,pck_object_0114_part_003_choice_000,0x00D2A4,3,0,0,0x0000,0,0,0,0,direct_signed,0x000000,0x000000,yes,04001E000A0032000A00460000005D00,15,plausible_drawable_extents_at_plus6_plus8;plausible_frame_record_prefix
SHAPCK_TBL.decoded.bin,pck_object_0114_part_003_choice_000_frame_041,pck_object_0114,pck_object_0114_part_003,pck_object_0114_part_003_choice_000,0x00D2A4,3,0,0,0x0000,0,0,0,0,object_plus_unsigned,0x00D15C,0x00D15C,yes,8000080200000000000007001A00004B,105,exact_object_offset;exact_frame_record;byte0_high_bit_set;plausible_object_header;plausible_frame_record_prefix
SHAPCK_TBL.decoded.bin,pck_object_0114_part_003_choice_000_frame_041,pck_object_0114,pck_object_0114_part_003,pck_object_0114_part_003_choice_000,0x00D2A4,3,0,0,0x0000,0,0,0,0,object_plus_signed,0x00D15C,0x00D15C,yes,8000080200000000000007001A00004B,105,exact_object_offset;exact_frame_record;byte0_high_bit_set;plausible_object_header;plausible_frame_record_prefix
SHAPCK_TBL.decoded.bin,pck_object_0114_part_003_choice_000_frame_041,pck_object_0114,pck_object_0114_part_003,pck_object_0114_part_003_choice_000,0x00D2A4,3,0,0,0x0000,0,0,0,0,block_plus_unsigned,0x00D150,0x00D150,yes,FF0E0E2526FF0B0B232209FF80000802,30,exact_block_offset;byte0_high_bit_set
SHAPCK_TBL.decoded.bin,pck_object_0114_part_003_choice_000_frame_041,pck_object_0114,pck_object_0114_part_003,pck_object_0114_part_003_choice_000,0x00D2A4,3,0,0,0x0000,0,0,0,0,block_plus_signed,0x00D150,0x00D150,yes,FF0E0E2526FF0B0B232209FF80000802,30,exact_block_offset;byte0_high_bit_set
SHAPCK_TBL.decoded.bin,pck_object_0114_part_003_choice_000_frame_041,pck_object_0114,pck_object_0114_part_003,pck_object_0114_part_003_choice_000,0x00D2A4,3,0,0,0x0000,0,0,0,0,part_plus_signed,0x00D182,0x00D182,yes,1D4B52000100C2022B4B520001001503,35,exact_part_offset
SHAPCK_TBL.decoded.bin,pck_object_0114_part_003_choice_000_frame_041,pck_object_0114,pck_object_0114_part_003,pck_object_0114_part_003_choice_000,0x00D2A4,3,0,0,0x0000,0,0,0,0,frame_plus_signed,0x00D2A4,0x00D2A4,yes,E803000000008100B2FE31FF8100AAFE,40,exact_frame_record;byte0_high_bit_set;plausible_frame_record_prefix
SHAPCK_TBL.decoded.bin,pck_object_0114_part_003_choice_000_frame_041,pck_object_0114,pck_object_0114_part_003,pck_object_0114_part_003_choice_000,0x00D2A4,3,0,0,0x0000,0,0,0,0,payload_plus_signed,0x00D2A6,0x00D2A6,yes,000000008100B2FE31FF8100AAFE02FF,5,plausible_frame_record_prefix
SHAPCK_TBL.decoded.bin,pck_object_0114_part_003_choice_000_frame_047,pck_object_0114,pck_object_0114_part_003,pck_object_0114_part_003_choice_000,0x00D2D4,3,-8,-8,0x0132,306,306,50,1,direct_unsigned,0x000000,0x000132,yes,36080F004C08050063080A009F080F00,0,in_range_no_structural_match
SHAPCK_TBL.decoded.bin,pck_object_0114_part_003_choice_000_frame_047,pck_object_0114,pck_object_0114_part_003,pck_object_0114_part_003_choice_000,0x00D2D4,3,-8,-8,0x0132,306,306,50,1,direct_signed,0x000000,0x000132,yes,36080F004C08050063080A009F080F00,0,in_range_no_structural_match
SHAPCK_TBL.decoded.bin,pck_object_0114_part_003_choice_000_frame_047,pck_object_0114,pck_object_0114_part_003,pck_object_0114_part_003_choice_000,0x00D2D4,3,-8,-8,0x0132,306,306,50,1,object_plus_unsigned,0x00D15C,0x00D28E,yes,7BFE0AFF52006FFE2AF89FFFD9FEF9FE,0,in_range_no_structural_match
SHAPCK_TBL.decoded.bin,pck_object_0114_part_003_choice_000_frame_047,pck_object_0114,pck_object_0114_part_003,pck_object_0114_part_003_choice_000,0x00D2D4,3,-8,-8,0x0132,306,306,50,1,object_plus_signed,0x00D15C,0x00D28E,yes,7BFE0AFF52006FFE2AF89FFFD9FEF9FE,0,in_range_no_structural_match
SHAPCK_TBL.decoded.bin,pck_object_0114_part_003_choice_000_frame_047,pck_object_0114,pck_object_0114_part_003,pck_object_0114_part_003_choice_000,0x00D2D4,3,-8,-8,0x0132,306,306,50,1,block_plus_unsigned,0x00D150,0x00D282,yes,E2FE28FF61FCFFF857019FFF7BFE0AFF,5,byte0_high_bit_set
SHAPCK_TBL.decoded.bin,pck_object_0114_part_003_choice_000_frame_047,pck_object_0114,pck_object_0114_part_003,pck_object_0114_part_003_choice_000,0x00D2D4,3,-8,-8,0x0132,306,306,50,1,block_plus_signed,0x00D150,0x00D282,yes,E2FE28FF61FCFFF857019FFF7BFE0AFF,5,byte0_high_bit_set
SHAPCK_TBL.decoded.bin,pck_object_0114_part_003_choice_000_frame_047,pck_object_0114,pck_object_0114_part_003,pck_object_0114_part_003_choice_000,0x00D2D4,3,-8,-8,0x0132,306,306,50,1,part_plus_signed,0x00D182,0x00D2B4,yes,02FF81008CFE07FF810095FE36FFF3FF,30,exact_frame_record
SHAPCK_TBL.decoded.bin,pck_object_0114_part_003_choice_000_frame_047,pck_object_0114,pck_object_0114_part_003,pck_object_0114_part_003_choice_000,0x00D2D4,3,-8,-8,0x0132,306,306,50,1,frame_plus_signed,0x00D2D4,0x00D406,yes,FF1A1A1B0CFF19190B0F17FF0100C602,5,byte0_high_bit_set
SHAPCK_TBL.decoded.bin,pck_object_0114_part_003_choice_000_frame_047,pck_object_0114,pck_object_0114_part_003,pck_object_0114_part_003_choice_000,0x00D2D4,3,-8,-8,0x0132,306,306,50,1,payload_plus_signed,0x00D2D6,0x00D408,yes,1A1B0CFF19190B0F17FF0100C6020000,0,in_range_no_structural_match
SHAPCK_TBL.decoded.bin,pck_object_0114_part_003_choice_000_frame_066,pck_object_0114,pck_object_0114_part_003,pck_object_0114_part_003_choice_000,0x00D36C,2,0,33,0x0181,385,385,129,1,direct_unsigned,0x000000,0x000181,yes,00020B0500180B03002E0B0D00440B0F,5,plausible_frame_record_prefix
SHAPCK_TBL.decoded.bin,pck_object_0114_part_003_choice_000_frame_066,pck_object_0114,pck_object_0114_part_003,pck_object_0114_part_003_choice_000,0x00D36C,2,0,33,0x0181,385,385,129,1,direct_signed,0x000000,0x000181,yes,00020B0500180B03002E0B0D00440B0F,5,plausible_frame_record_prefix
SHAPCK_TBL.decoded.bin,pck_object_0114_part_003_choice_000_frame_066,pck_object_0114,pck_object_0114_part_003,pck_object_0114_part_003_choice_000,0x00D36C,2,0,33,0x0181,385,385,129,1,object_plus_unsigned,0x00D15C,0x00D2DD,yes,FE0AFF1D0094FE21F85F00D9FEF9FE85,5,byte0_high_bit_set
SHAPCK_TBL.decoded.bin,pck_object_0114_part_003_choice_000_frame_066,pck_object_0114,pck_object_0114_part_003,pck_object_0114_part_003_choice_000,0x00D36C,2,0,33,0x0181,385,385,129,1,object_plus_signed,0x00D15C,0x00D2DD,yes,FE0AFF1D0094FE21F85F00D9FEF9FE85,5,byte0_high_bit_set
SHAPCK_TBL.decoded.bin,pck_object_0114_part_003_choice_000_frame_066,pck_object_0114,pck_object_0114_part_003,pck_object_0114_part_003_choice_000,0x00D36C,2,0,33,0x0181,385,385,129,1,block_plus_unsigned,0x00D150,0x00D2D1,yes,FE28FF9F03F8F832015F007BFE0AFF1D,5,byte0_high_bit_set
SHAPCK_TBL.decoded.bin,pck_object_0114_part_003_choice_000_frame_066,pck_object_0114,pck_object_0114_part_003,pck_object_0114_part_003_choice_000,0x00D36C,2,0,33,0x0181,385,385,129,1,block_plus_signed,0x00D150,0x00D2D1,yes,FE28FF9F03F8F832015F007BFE0AFF1D,5,byte0_high_bit_set
SHAPCK_TBL.decoded.bin,pck_object_0114_part_003_choice_000_frame_066,pck_object_0114,pck_object_0114_part_003,pck_object_0114_part_003_choice_000,0x00D36C,2,0,33,0x0181,385,385,129,1,part_plus_signed,0x00D182,0x00D303,yes,FF1F0080FE36FF1F0079FE0EFF0000E1,5,byte0_high_bit_set
SHAPCK_TBL.decoded.bin,pck_object_0114_part_003_choice_000_frame_066,pck_object_0114,pck_object_0114_part_003,pck_object_0114_part_003_choice_000,0x00D36C,2,0,33,0x0181,385,385,129,1,frame_plus_signed,0x00D36C,0x00D4ED,yes,FF0D0D3B3CFF0A0A3A3908FF0100AD03,5,byte0_high_bit_set
SHAPCK_TBL.decoded.bin,pck_object_0114_part_003_choice_000_frame_066,pck_object_0114,pck_object_0114_part_003,pck_object_0114_part_003_choice_000,0x00D36C,2,0,33,0x0181,385,385,129,1,payload_plus_signed,0x00D36E,0x00D4EF,yes,0D3B3CFF0A0A3A3908FF0100AD030000,0,in_range_no_structural_match
SHAPCK_TBL.decoded.bin,pck_object_0114_part_003_choice_000_frame_073,pck_object_0114,pck_object_0114_part_003,pck_object_0114_part_003_choice_000,0x00D3A4,3,2,-1,0x0001,1,1,1,0,direct_unsigned,0x000000,0x000001,yes,001E000A0032000A00460000005D0006,0,in_range_no_structural_match
SHAPCK_TBL.decoded.bin,pck_object_0114_part_003_choice_000_frame_073,pck_object_0114,pck_object_0114_part_003,pck_object_0114_part_003_choice_000,0x00D3A4,3,2,-1,0x0001,1,1,1,0,direct_signed,0x000000,0x000001,yes,001E000A0032000A00460000005D0006,0,in_range_no_structural_match
SHAPCK_TBL.decoded.bin,pck_object_0114_part_003_choice_000_frame_073,pck_object_0114,pck_object_0114_part_003,pck_object_0114_part_003_choice_000,0x00D3A4,3,2,-1,0x0001,1,1,1,0,object_plus_unsigned,0x00D15C,0x00D15D,yes,00080200000000000007001A00004B52,0,in_range_no_structural_match
SHAPCK_TBL.decoded.bin,pck_object_0114_part_003_choice_000_frame_073,pck_object_0114,pck_object_0114_part_003,pck_object_0114_part_003_choice_000,0x00D3A4,3,2,-1,0x0001,1,1,1,0,object_plus_signed,0x00D15C,0x00D15D,yes,00080200000000000007001A00004B52,0,in_range_no_structural_match
SHAPCK_TBL.decoded.bin,pck_object_0114_part_003_choice_000_frame_073,pck_object_0114,pck_object_0114_part_003,pck_object_0114_part_003_choice_000,0x00D3A4,3,2,-1,0x0001,1,1,1,0,block_plus_unsigned,0x00D150,0x00D151,yes,0E0E2526FF0B0B232209FF8000080200,0,in_range_no_structural_match
SHAPCK_TBL.decoded.bin,pck_object_0114_part_003_choice_000_frame_073,pck_object_0114,pck_object_0114_part_003,pck_object_0114_part_003_choice_000,0x00D3A4,3,2,-1,0x0001,1,1,1,0,block_plus_signed,0x00D150,0x00D151,yes,0E0E2526FF0B0B232209FF8000080200,0,in_range_no_structural_match
SHAPCK_TBL.decoded.bin,pck_object_0114_part_003_choice_000_frame_073,pck_object_0114,pck_object_0114_part_003,pck_object_0114_part_003_choice_000,0x00D3A4,3,2,-1,0x0001,1,1,1,0,part_plus_signed,0x00D182,0x00D183,yes,4B52000100C2022B4B52000100150338,0,in_range_no_structural_match
SHAPCK_TBL.decoded.bin,pck_object_0114_part_003_choice_000_frame_073,pck_object_0114,pck_object_0114_part_003,pck_object_0114_part_003_choice_000,0x00D3A4,3,2,-1,0x0001,1,1,1,0,frame_plus_signed,0x00D3A4,0x00D3A5,yes,0302FF01005C0200000200640205FF81,5,plausible_frame_record_prefix
SHAPCK_TBL.decoded.bin,pck_object_0114_part_003_choice_000_frame_073,pck_object_0114,pck_object_0114_part_003,pck_object_0114_part_003_choice_000,0x00D3A4,3,2,-1,0x0001,1,1,1,0,payload_plus_signed,0x00D3A6,0x00D3A7,yes,FF01005C0200000200640205FF810707,10,byte0_high_bit_set;plausible_frame_record_prefix
SHAPCK_TBL.decoded.bin,pck_object_0114_part_003_choice_000_frame_084,pck_object_0114,pck_object_0114_part_003,pck_object_0114_part_003_choice_000,0x00D3FC,2,23,15,0x0CFF,3327,3327,255,12,direct_unsigned,0x000000,0x000CFF,yes,9A00D8076E015BFF40006E0082FF3D00,10,byte0_high_bit_set;plausible_frame_record_prefix
SHAPCK_TBL.decoded.bin,pck_object_0114_part_003_choice_000_frame_084,pck_object_0114,pck_object_0114_part_003,pck_object_0114_part_003_choice_000,0x00D3FC,2,23,15,0x0CFF,3327,3327,255,12,direct_signed,0x000000,0x000CFF,yes,9A00D8076E015BFF40006E0082FF3D00,10,byte0_high_bit_set;plausible_frame_record_prefix
SHAPCK_TBL.decoded.bin,pck_object_0114_part_003_choice_000_frame_084,pck_object_0114,pck_object_0114_part_003,pck_object_0114_part_003_choice_000,0x00D3FC,2,23,15,0x0CFF,3327,3327,255,12,object_plus_unsigned,0x00D15C,0x00DE5B,no,,0,outside_decoded_stream
SHAPCK_TBL.decoded.bin,pck_object_0114_part_003_choice_000_frame_084,pck_object_0114,pck_object_0114_part_003,pck_object_0114_part_003_choice_000,0x00D3FC,2,23,15,0x0CFF,3327,3327,255,12,object_plus_signed,0x00D15C,0x00DE5B,no,,0,outside_decoded_stream
SHAPCK_TBL.decoded.bin,pck_object_0114_part_003_choice_000_frame_084,pck_object_0114,pck_object_0114_part_003,pck_object_0114_part_003_choice_000,0x00D3FC,2,23,15,0x0CFF,3327,3327,255,12,block_plus_unsigned,0x00D150,0x00DE4F,no,,0,outside_decoded_stream
SHAPCK_TBL.decoded.bin,pck_object_0114_part_003_choice_000_frame_084,pck_object_0114,pck_object_0114_part_003,pck_object_0114_part_003_choice_000,0x00D3FC,2,23,15,0x0CFF,3327,3327,255,12,block_plus_signed,0x00D150,0x00DE4F,no,,0,outside_decoded_stream
SHAPCK_TBL.decoded.bin,pck_object_0114_part_003_choice_000_frame_084,pck_object_0114,pck_object_0114_part_003,pck_object_0114_part_003_choice_000,0x00D3FC,2,23,15,0x0CFF,3327,3327,255,12,part_plus_signed,0x00D182,0x00DE81,no,,0,outside_decoded_stream
SHAPCK_TBL.decoded.bin,pck_object_0114_part_003_choice_000_frame_084,pck_object_0114,pck_object_0114_part_003,pck_object_0114_part_003_choice_000,0x00D3FC,2,23,15,0x0CFF,3327,3327,255,12,frame_plus_signed,0x00D3FC,0x00E0FB,no,,0,outside_decoded_stream
SHAPCK_TBL.decoded.bin,pck_object_0114_part_003_choice_000_frame_084,pck_object_0114,pck_object_0114_part_003,pck_object_0114_part_003_choice_000,0x00D3FC,2,23,15,0x0CFF,3327,3327,255,12,payload_plus_signed,0x00D3FE,0x00E0FD,no,,0,outside_decoded_stream
SHAPCK_TBL.decoded.bin,pck_object_0114_part_003_choice_000_frame_085,pck_object_0114,pck_object_0114_part_003,pck_object_0114_part_003_choice_000,0x00D404,2,-1,26,0x1B1A,6938,6938,26,27,direct_unsigned,0x000000,0x001B1A,yes,130A0811FF0B0B0A1315FF07070B1510,0,in_range_no_structural_match
SHAPCK_TBL.decoded.bin,pck_object_0114_part_003_choice_000_frame_085,pck_object_0114,pck_object_0114_part_003,pck_object_0114_part_003_choice_000,0x00D404,2,-1,26,0x1B1A,6938,6938,26,27,direct_signed,0x000000,0x001B1A,yes,130A0811FF0B0B0A1315FF07070B1510,0,in_range_no_structural_match
SHAPCK_TBL.decoded.bin,pck_object_0114_part_003_choice_000_frame_085,pck_object_0114,pck_object_0114_part_003,pck_object_0114_part_003_choice_000,0x00D404,2,-1,26,0x1B1A,6938,6938,26,27,object_plus_unsigned,0x00D15C,0x00EC76,no,,0,outside_decoded_stream
SHAPCK_TBL.decoded.bin,pck_object_0114_part_003_choice_000_frame_085,pck_object_0114,pck_object_0114_part_003,pck_object_0114_part_003_choice_000,0x00D404,2,-1,26,0x1B1A,6938,6938,26,27,object_plus_signed,0x00D15C,0x00EC76,no,,0,outside_decoded_stream
SHAPCK_TBL.decoded.bin,pck_object_0114_part_003_choice_000_frame_085,pck_object_0114,pck_object_0114_part_003,pck_object_0114_part_003_choice_000,0x00D404,2,-1,26,0x1B1A,6938,6938,26,27,block_plus_unsigned,0x00D150,0x00EC6A,no,,0,outside_decoded_stream
SHAPCK_TBL.decoded.bin,pck_object_0114_part_003_choice_000_frame_085,pck_object_0114,pck_object_0114_part_003,pck_object_0114_part_003_choice_000,0x00D404,2,-1,26,0x1B1A,6938,6938,26,27,block_plus_signed,0x00D150,0x00EC6A,no,,0,outside_decoded_stream
SHAPCK_TBL.decoded.bin,pck_object_0114_part_003_choice_000_frame_085,pck_object_0114,pck_object_0114_part_003,pck_object_0114_part_003_choice_000,0x00D404,2,-1,26,0x1B1A,6938,6938,26,27,part_plus_signed,0x00D182,0x00EC9C,no,,0,outside_decoded_stream
SHAPCK_TBL.decoded.bin,pck_object_0114_part_003_choice_000_frame_085,pck_object_0114,pck_object_0114_part_003,pck_object_0114_part_003_choice_000,0x00D404,2,-1,26,0x1B1A,6938,6938,26,27,frame_plus_signed,0x00D404,0x00EF1E,no,,0,outside_decoded_stream
SHAPCK_TBL.decoded.bin,pck_object_0114_part_003_choice_000_frame_085,pck_object_0114,pck_object_0114_part_003,pck_object_0114_part_003_choice_000,0x00D404,2,-1,26,0x1B1A,6938,6938,26,27,payload_plus_signed,0x00D406,0x00EF20,no,,0,outside_decoded_stream
SHAPCK_TBL.decoded.bin,pck_object_0114_part_003_choice_000_frame_087,pck_object_0114,pck_object_0114_part_003,pck_object_0114_part_003_choice_000,0x00D414,2,0,0,0x0005,5,5,5,0,direct_unsigned,0x000000,0x000005,yes,0032000A00460000005D00060073000B,0,in_range_no_structural_match
SHAPCK_TBL.decoded.bin,pck_object_0114_part_003_choice_000_frame_087,pck_object_0114,pck_object_0114_part_003,pck_object_0114_part_003_choice_000,0x00D414,2,0,0,0x0005,5,5,5,0,direct_signed,0x000000,0x000005,yes,0032000A00460000005D00060073000B,0,in_range_no_structural_match
SHAPCK_TBL.decoded.bin,pck_object_0114_part_003_choice_000_frame_087,pck_object_0114,pck_object_0114_part_003,pck_object_0114_part_003_choice_000,0x00D414,2,0,0,0x0005,5,5,5,0,object_plus_unsigned,0x00D15C,0x00D161,yes,000000000007001A00004B5200010014,5,plausible_frame_record_prefix
SHAPCK_TBL.decoded.bin,pck_object_0114_part_003_choice_000_frame_087,pck_object_0114,pck_object_0114_part_003,pck_object_0114_part_003_choice_000,0x00D414,2,0,0,0x0005,5,5,5,0,object_plus_signed,0x00D15C,0x00D161,yes,000000000007001A00004B5200010014,5,plausible_frame_record_prefix
SHAPCK_TBL.decoded.bin,pck_object_0114_part_003_choice_000_frame_087,pck_object_0114,pck_object_0114_part_003,pck_object_0114_part_003_choice_000,0x00D414,2,0,0,0x0005,5,5,5,0,block_plus_unsigned,0x00D150,0x00D155,yes,FF0B0B232209FF800008020000000000,20,byte0_high_bit_set;plausible_object_header
SHAPCK_TBL.decoded.bin,pck_object_0114_part_003_choice_000_frame_087,pck_object_0114,pck_object_0114_part_003,pck_object_0114_part_003_choice_000,0x00D414,2,0,0,0x0005,5,5,5,0,block_plus_signed,0x00D150,0x00D155,yes,FF0B0B232209FF800008020000000000,20,byte0_high_bit_set;plausible_object_header
SHAPCK_TBL.decoded.bin,pck_object_0114_part_003_choice_000_frame_087,pck_object_0114,pck_object_0114_part_003,pck_object_0114_part_003_choice_000,0x00D414,2,0,0,0x0005,5,5,5,0,part_plus_signed,0x00D182,0x00D187,yes,00C2022B4B520001001503384B520001,0,in_range_no_structural_match
SHAPCK_TBL.decoded.bin,pck_object_0114_part_003_choice_000_frame_087,pck_object_0114,pck_object_0114_part_003,pck_object_0114_part_003_choice_000,0x00D414,2,0,0,0x0005,5,5,5,0,frame_plus_signed,0x00D414,0x00D419,yes,00CE02180F81000000000EF602810808,0,in_range_no_structural_match
SHAPCK_TBL.decoded.bin,pck_object_0114_part_003_choice_000_frame_087,pck_object_0114,pck_object_0114_part_003,pck_object_0114_part_003_choice_000,0x00D414,2,0,0,0x0005,5,5,5,0,payload_plus_signed,0x00D416,0x00D41B,yes,02180F81000000000EF6028108080404,0,in_range_no_structural_match
SHAPCK_TBL.decoded.bin,pck_object_0114_part_003_choice_000_frame_089,pck_object_0114,pck_object_0114_part_003,pck_object_0114_part_003_choice_000,0x00D424,2,-127,8,0x0408,1032,1032,8,4,direct_unsigned,0x000000,0x000408,yes,0B0205FF0404080A05FF0B0B070302FF,5,plausible_frame_record_prefix
SHAPCK_TBL.decoded.bin,pck_object_0114_part_003_choice_000_frame_089,pck_object_0114,pck_object_0114_part_003,pck_object_0114_part_003_choice_000,0x00D424,2,-127,8,0x0408,1032,1032,8,4,direct_signed,0x000000,0x000408,yes,0B0205FF0404080A05FF0B0B070302FF,5,plausible_frame_record_prefix
SHAPCK_TBL.decoded.bin,pck_object_0114_part_003_choice_000_frame_089,pck_object_0114,pck_object_0114_part_003,pck_object_0114_part_003_choice_000,0x00D424,2,-127,8,0x0408,1032,1032,8,4,object_plus_unsigned,0x00D15C,0x00D564,yes,0001005B0117FC2FFFFF0731FF6DF891,5,plausible_frame_record_prefix
SHAPCK_TBL.decoded.bin,pck_object_0114_part_003_choice_000_frame_089,pck_object_0114,pck_object_0114_part_003,pck_object_0114_part_003_choice_000,0x00D424,2,-127,8,0x0408,1032,1032,8,4,object_plus_signed,0x00D15C,0x00D564,yes,0001005B0117FC2FFFFF0731FF6DF891,5,plausible_frame_record_prefix
SHAPCK_TBL.decoded.bin,pck_object_0114_part_003_choice_000_frame_089,pck_object_0114,pck_object_0114_part_003,pck_object_0114_part_003_choice_000,0x00D424,2,-127,8,0x0408,1032,1032,8,4,block_plus_unsigned,0x00D150,0x00D558,yes,00002329000100FB000F23290001005B,5,plausible_frame_record_prefix
SHAPCK_TBL.decoded.bin,pck_object_0114_part_003_choice_000_frame_089,pck_object_0114,pck_object_0114_part_003,pck_object_0114_part_003_choice_000,0x00D424,2,-127,8,0x0408,1032,1032,8,4,block_plus_signed,0x00D150,0x00D558,yes,00002329000100FB000F23290001005B,5,plausible_frame_record_prefix
SHAPCK_TBL.decoded.bin,pck_object_0114_part_003_choice_000_frame_089,pck_object_0114,pck_object_0114_part_003,pck_object_0114_part_003_choice_000,0x00D424,2,-127,8,0x0408,1032,1032,8,4,part_plus_signed,0x00D182,0x00D58A,yes,FFB5004400C807D301AAFFE8FFE100B9,5,byte0_high_bit_set
SHAPCK_TBL.decoded.bin,pck_object_0114_part_003_choice_000_frame_089,pck_object_0114,pck_object_0114_part_003,pck_object_0114_part_003_choice_000,0x00D424,2,-127,8,0x0408,1032,1032,8,4,frame_plus_signed,0x00D424,0x00D82C,yes,00000D510181000800000E5701020203,5,plausible_frame_record_prefix
SHAPCK_TBL.decoded.bin,pck_object_0114_part_003_choice_000_frame_089,pck_object_0114,pck_object_0114_part_003,pck_object_0114_part_003_choice_000,0x00D424,2,-127,8,0x0408,1032,1032,8,4,payload_plus_signed,0x00D426,0x00D82E,yes,0D510181000800000E57010202030405,0,in_range_no_structural_match
SHAPCK_TBL.decoded.bin,pck_object_0114_part_003_choice_000_frame_090,pck_object_0114,pck_object_0114_part_003,pck_object_0114_part_003_choice_000,0x00D42C,2,-127,0,0x0000,0,0,0,0,direct_unsigned,0x000000,0x000000,yes,04001E000A0032000A00460000005D00,15,plausible_drawable_extents_at_plus6_plus8;plausible_frame_record_prefix
SHAPCK_TBL.decoded.bin,pck_object_0114_part_003_choice_000_frame_090,pck_object_0114,pck_object_0114_part_003,pck_object_0114_part_003_choice_000,0x00D42C,2,-127,0,0x0000,0,0,0,0,direct_signed,0x000000,0x000000,yes,04001E000A0032000A00460000005D00,15,plausible_drawable_extents_at_plus6_plus8;plausible_frame_record_prefix
SHAPCK_TBL.decoded.bin,pck_object_0114_part_003_choice_000_frame_090,pck_object_0114,pck_object_0114_part_003,pck_object_0114_part_003_choice_000,0x00D42C,2,-127,0,0x0000,0,0,0,0,object_plus_unsigned,0x00D15C,0x00D15C,yes,8000080200000000000007001A00004B,105,exact_object_offset;exact_frame_record;byte0_high_bit_set;plausible_object_header;plausible_frame_record_prefix
SHAPCK_TBL.decoded.bin,pck_object_0114_part_003_choice_000_frame_090,pck_object_0114,pck_object_0114_part_003,pck_object_0114_part_003_choice_000,0x00D42C,2,-127,0,0x0000,0,0,0,0,object_plus_signed,0x00D15C,0x00D15C,yes,8000080200000000000007001A00004B,105,exact_object_offset;exact_frame_record;byte0_high_bit_set;plausible_object_header;plausible_frame_record_prefix
SHAPCK_TBL.decoded.bin,pck_object_0114_part_003_choice_000_frame_090,pck_object_0114,pck_object_0114_part_003,pck_object_0114_part_003_choice_000,0x00D42C,2,-127,0,0x0000,0,0,0,0,block_plus_unsigned,0x00D150,0x00D150,yes,FF0E0E2526FF0B0B232209FF80000802,30,exact_block_offset;byte0_high_bit_set
SHAPCK_TBL.decoded.bin,pck_object_0114_part_003_choice_000_frame_090,pck_object_0114,pck_object_0114_part_003,pck_object_0114_part_003_choice_000,0x00D42C,2,-127,0,0x0000,0,0,0,0,block_plus_signed,0x00D150,0x00D150,yes,FF0E0E2526FF0B0B232209FF80000802,30,exact_block_offset;byte0_high_bit_set
SHAPCK_TBL.decoded.bin,pck_object_0114_part_003_choice_000_frame_090,pck_object_0114,pck_object_0114_part_003,pck_object_0114_part_003_choice_000,0x00D42C,2,-127,0,0x0000,0,0,0,0,part_plus_signed,0x00D182,0x00D182,yes,1D4B52000100C2022B4B520001001503,35,exact_part_offset
SHAPCK_TBL.decoded.bin,pck_object_0114_part_003_choice_000_frame_090,pck_object_0114,pck_object_0114_part_003,pck_object_0114_part_003_choice_000,0x00D42C,2,-127,0,0x0000,0,0,0,0,frame_plus_signed,0x00D42C,0x00D42C,yes,FD028100000000260303810808080828,40,exact_frame_record;byte0_high_bit_set;plausible_frame_record_prefix
SHAPCK_TBL.decoded.bin,pck_object_0114_part_003_choice_000_frame_090,pck_object_0114,pck_object_0114_part_003,pck_object_0114_part_003_choice_000,0x00D42C,2,-127,0,0x0000,0,0,0,0,payload_plus_signed,0x00D42E,0x00D42E,yes,81000000002603038108080808280903,10,byte0_high_bit_set;plausible_frame_record_prefix
SHAPCK_TBL.decoded.bin,pck_object_0114_part_003_choice_000_frame_091,pck_object_0114,pck_object_0114_part_003,pck_object_0114_part_003_choice_000,0x00D434,3,-127,8,0x0808,2056,2056,8,8,direct_unsigned,0x000000,0x000808,yes,0000FA000000A8067004E0FF0000FA00,5,plausible_frame_record_prefix
SHAPCK_TBL.decoded.bin,pck_object_0114_part_003_choice_000_frame_091,pck_object_0114,pck_object_0114_part_003,pck_object_0114_part_003_choice_000,0x00D434,3,-127,8,0x0808,2056,2056,8,8,direct_signed,0x000000,0x000808,yes,0000FA000000A8067004E0FF0000FA00,5,plausible_frame_record_prefix
SHAPCK_TBL.decoded.bin,pck_object_0114_part_003_choice_000_frame_091,pck_object_0114,pck_object_0114_part_003,pck_object_0114_part_003_choice_000,0x00D434,3,-127,8,0x0808,2056,2056,8,8,object_plus_unsigned,0x00D15C,0x00D964,yes,00E2FF80FF7A00E2FF73FF8C00E1FF3E,0,in_range_no_structural_match
SHAPCK_TBL.decoded.bin,pck_object_0114_part_003_choice_000_frame_091,pck_object_0114,pck_object_0114_part_003,pck_object_0114_part_003_choice_000,0x00D434,3,-127,8,0x0808,2056,2056,8,8,object_plus_signed,0x00D15C,0x00D964,yes,00E2FF80FF7A00E2FF73FF8C00E1FF3E,0,in_range_no_structural_match
SHAPCK_TBL.decoded.bin,pck_object_0114_part_003_choice_000_frame_091,pck_object_0114,pck_object_0114_part_003,pck_object_0114_part_003_choice_000,0x00D434,3,-127,8,0x0808,2056,2056,8,8,block_plus_unsigned,0x00D150,0x00D958,yes,00E2FF63FF3800E2FF89FF4900E2FF80,0,in_range_no_structural_match
SHAPCK_TBL.decoded.bin,pck_object_0114_part_003_choice_000_frame_091,pck_object_0114,pck_object_0114_part_003,pck_object_0114_part_003_choice_000,0x00D434,3,-127,8,0x0808,2056,2056,8,8,block_plus_signed,0x00D150,0x00D958,yes,00E2FF63FF3800E2FF89FF4900E2FF80,0,in_range_no_structural_match
SHAPCK_TBL.decoded.bin,pck_object_0114_part_003_choice_000_frame_091,pck_object_0114,pck_object_0114_part_003,pck_object_0114_part_003_choice_000,0x00D434,3,-127,8,0x0808,2056,2056,8,8,part_plus_signed,0x00D182,0x00D98A,yes,0080FF7A001E0089FF49001E0063FF38,0,in_range_no_structural_match
SHAPCK_TBL.decoded.bin,pck_object_0114_part_003_choice_000_frame_091,pck_object_0114,pck_object_0114_part_003,pck_object_0114_part_003_choice_000,0x00D434,3,-127,8,0x0808,2056,2056,8,8,frame_plus_signed,0x00D434,0x00DC3C,yes,EBFEAAFF46FEEEFE0000AD01D207AAFF,5,byte0_high_bit_set
SHAPCK_TBL.decoded.bin,pck_object_0114_part_003_choice_000_frame_091,pck_object_0114,pck_object_0114_part_003,pck_object_0114_part_003_choice_000,0x00D434,3,-127,8,0x0808,2056,2056,8,8,payload_plus_signed,0x00D436,0x00DC3E,yes,AAFF46FEEEFE0000AD01D207AAFF5DFE,5,byte0_high_bit_set
SHAPCK_TBL.decoded.bin,pck_object_0114_part_003_choice_000_frame_092,pck_object_0114,pck_object_0114_part_003,pck_object_0114_part_003_choice_000,0x00D43C,3,-127,0,0x0000,0,0,0,0,direct_unsigned,0x000000,0x000000,yes,04001E000A0032000A00460000005D00,15,plausible_drawable_extents_at_plus6_plus8;plausible_frame_record_prefix
SHAPCK_TBL.decoded.bin,pck_object_0114_part_003_choice_000_frame_092,pck_object_0114,pck_object_0114_part_003,pck_object_0114_part_003_choice_000,0x00D43C,3,-127,0,0x0000,0,0,0,0,direct_signed,0x000000,0x000000,yes,04001E000A0032000A00460000005D00,15,plausible_drawable_extents_at_plus6_plus8;plausible_frame_record_prefix
SHAPCK_TBL.decoded.bin,pck_object_0114_part_003_choice_000_frame_092,pck_object_0114,pck_object_0114_part_003,pck_object_0114_part_003_choice_000,0x00D43C,3,-127,0,0x0000,0,0,0,0,object_plus_unsigned,0x00D15C,0x00D15C,yes,8000080200000000000007001A00004B,105,exact_object_offset;exact_frame_record;byte0_high_bit_set;plausible_object_header;plausible_frame_record_prefix
SHAPCK_TBL.decoded.bin,pck_object_0114_part_003_choice_000_frame_092,pck_object_0114,pck_object_0114_part_003,pck_object_0114_part_003_choice_000,0x00D43C,3,-127,0,0x0000,0,0,0,0,object_plus_signed,0x00D15C,0x00D15C,yes,8000080200000000000007001A00004B,105,exact_object_offset;exact_frame_record;byte0_high_bit_set;plausible_object_header;plausible_frame_record_prefix
SHAPCK_TBL.decoded.bin,pck_object_0114_part_003_choice_000_frame_092,pck_object_0114,pck_object_0114_part_003,pck_object_0114_part_003_choice_000,0x00D43C,3,-127,0,0x0000,0,0,0,0,block_plus_unsigned,0x00D150,0x00D150,yes,FF0E0E2526FF0B0B232209FF80000802,30,exact_block_offset;byte0_high_bit_set
SHAPCK_TBL.decoded.bin,pck_object_0114_part_003_choice_000_frame_092,pck_object_0114,pck_object_0114_part_003,pck_object_0114_part_003_choice_000,0x00D43C,3,-127,0,0x0000,0,0,0,0,block_plus_signed,0x00D150,0x00D150,yes,FF0E0E2526FF0B0B232209FF80000802,30,exact_block_offset;byte0_high_bit_set
SHAPCK_TBL.decoded.bin,pck_object_0114_part_003_choice_000_frame_092,pck_object_0114,pck_object_0114_part_003,pck_object_0114_part_003_choice_000,0x00D43C,3,-127,0,0x0000,0,0,0,0,part_plus_signed,0x00D182,0x00D182,yes,1D4B52000100C2022B4B520001001503,35,exact_part_offset
SHAPCK_TBL.decoded.bin,pck_object_0114_part_003_choice_000_frame_092,pck_object_0114,pck_object_0114_part_003,pck_object_0114_part_003_choice_000,0x00D43C,3,-127,0,0x0000,0,0,0,0,frame_plus_signed,0x00D43C,0x00D43C,yes,090381000000002A0F031E1E1F202122,35,exact_frame_record;plausible_frame_record_prefix
SHAPCK_TBL.decoded.bin,pck_object_0114_part_003_choice_000_frame_092,pck_object_0114,pck_object_0114_part_003,pck_object_0114_part_003_choice_000,0x00D43C,3,-127,0,0x0000,0,0,0,0,payload_plus_signed,0x00D43E,0x00D43E,yes,81000000002A0F031E1E1F202122FF24,10,byte0_high_bit_set;plausible_frame_record_prefix
SHAPCK_TBL.decoded.bin,pck_object_0114_part_003_choice_000_frame_093,pck_object_0114,pck_object_0114_part_003,pck_object_0114_part_003_choice_000,0x00D444,3,30,30,0x201F,8223,8223,31,32,direct_unsigned,0x000000,0x00201F,yes,0AFF01000501000005000D01000F8100,0,in_range_no_structural_match
SHAPCK_TBL.decoded.bin,pck_object_0114_part_003_choice_000_frame_093,pck_object_0114,pck_object_0114_part_003,pck_object_0114_part_003_choice_000,0x00D444,3,30,30,0x201F,8223,8223,31,32,direct_signed,0x000000,0x00201F,yes,0AFF01000501000005000D01000F8100,0,in_range_no_structural_match
SHAPCK_TBL.decoded.bin,pck_object_0114_part_003_choice_000_frame_093,pck_object_0114,pck_object_0114_part_003,pck_object_0114_part_003_choice_000,0x00D444,3,30,30,0x201F,8223,8223,31,32,object_plus_unsigned,0x00D15C,0x00F17B,no,,0,outside_decoded_stream
SHAPCK_TBL.decoded.bin,pck_object_0114_part_003_choice_000_frame_093,pck_object_0114,pck_object_0114_part_003,pck_object_0114_part_003_choice_000,0x00D444,3,30,30,0x201F,8223,8223,31,32,object_plus_signed,0x00D15C,0x00F17B,no,,0,outside_decoded_stream
SHAPCK_TBL.decoded.bin,pck_object_0114_part_003_choice_000_frame_093,pck_object_0114,pck_object_0114_part_003,pck_object_0114_part_003_choice_000,0x00D444,3,30,30,0x201F,8223,8223,31,32,block_plus_unsigned,0x00D150,0x00F16F,no,,0,outside_decoded_stream
SHAPCK_TBL.decoded.bin,pck_object_0114_part_003_choice_000_frame_093,pck_object_0114,pck_object_0114_part_003,pck_object_0114_part_003_choice_000,0x00D444,3,30,30,0x201F,8223,8223,31,32,block_plus_signed,0x00D150,0x00F16F,no,,0,outside_decoded_stream
SHAPCK_TBL.decoded.bin,pck_object_0114_part_003_choice_000_frame_093,pck_object_0114,pck_object_0114_part_003,pck_object_0114_part_003_choice_000,0x00D444,3,30,30,0x201F,8223,8223,31,32,part_plus_signed,0x00D182,0x00F1A1,no,,0,outside_decoded_stream
SHAPCK_TBL.decoded.bin,pck_object_0114_part_003_choice_000_frame_093,pck_object_0114,pck_object_0114_part_003,pck_object_0114_part_003_choice_000,0x00D444,3,30,30,0x201F,8223,8223,31,32,frame_plus_signed,0x00D444,0x00F463,no,,0,outside_decoded_stream
SHAPCK_TBL.decoded.bin,pck_object_0114_part_003_choice_000_frame_093,pck_object_0114,pck_object_0114_part_003,pck_object_0114_part_003_choice_000,0x00D444,3,30,30,0x201F,8223,8223,31,32,payload_plus_signed,0x00D446,0x00F465,no,,0,outside_decoded_stream
SHAPCK_TBL.decoded.bin,pck_object_0114_part_003_choice_000_frame_127,pck_object_0114,pck_object_0114_part_003,pck_object_0114_part_003_choice_000,0x00D554,2,0,25,0x0000,0,0,0,0,direct_unsigned,0x000000,0x000000,yes,04001E000A0032000A00460000005D00,15,plausible_drawable_extents_at_plus6_plus8;plausible_frame_record_prefix
SHAPCK_TBL.decoded.bin,pck_object_0114_part_003_choice_000_frame_127,pck_object_0114,pck_object_0114_part_003,pck_object_0114_part_003_choice_000,0x00D554,2,0,25,0x0000,0,0,0,0,direct_signed,0x000000,0x000000,yes,04001E000A0032000A00460000005D00,15,plausible_drawable_extents_at_plus6_plus8;plausible_frame_record_prefix
SHAPCK_TBL.decoded.bin,pck_object_0114_part_003_choice_000_frame_127,pck_object_0114,pck_object_0114_part_003,pck_object_0114_part_003_choice_000,0x00D554,2,0,25,0x0000,0,0,0,0,object_plus_unsigned,0x00D15C,0x00D15C,yes,8000080200000000000007001A00004B,105,exact_object_offset;exact_frame_record;byte0_high_bit_set;plausible_object_header;plausible_frame_record_prefix
SHAPCK_TBL.decoded.bin,pck_object_0114_part_003_choice_000_frame_127,pck_object_0114,pck_object_0114_part_003,pck_object_0114_part_003_choice_000,0x00D554,2,0,25,0x0000,0,0,0,0,object_plus_signed,0x00D15C,0x00D15C,yes,8000080200000000000007001A00004B,105,exact_object_offset;exact_frame_record;byte0_high_bit_set;plausible_object_header;plausible_frame_record_prefix
SHAPCK_TBL.decoded.bin,pck_object_0114_part_003_choice_000_frame_127,pck_object_0114,pck_object_0114_part_003,pck_object_0114_part_003_choice_000,0x00D554,2,0,25,0x0000,0,0,0,0,block_plus_unsigned,0x00D150,0x00D150,yes,FF0E0E2526FF0B0B232209FF80000802,30,exact_block_offset;byte0_high_bit_set
SHAPCK_TBL.decoded.bin,pck_object_0114_part_003_choice_000_frame_127,pck_object_0114,pck_object_0114_part_003,pck_object_0114_part_003_choice_000,0x00D554,2,0,25,0x0000,0,0,0,0,block_plus_signed,0x00D150,0x00D150,yes,FF0E0E2526FF0B0B232209FF80000802,30,exact_block_offset;byte0_high_bit_set
SHAPCK_TBL.decoded.bin,pck_object_0114_part_003_choice_000_frame_127,pck_object_0114,pck_object_0114_part_003,pck_object_0114_part_003_choice_000,0x00D554,2,0,25,0x0000,0,0,0,0,part_plus_signed,0x00D182,0x00D182,yes,1D4B52000100C2022B4B520001001503,35,exact_part_offset
SHAPCK_TBL.decoded.bin,pck_object_0114_part_003_choice_000_frame_127,pck_object_0114,pck_object_0114_part_003,pck_object_0114_part_003_choice_000,0x00D554,2,0,25,0x0000,0,0,0,0,frame_plus_signed,0x00D554,0x00D554,yes,0002001900002329000100FB000F2329,35,exact_frame_record;plausible_frame_record_prefix
SHAPCK_TBL.decoded.bin,pck_object_0114_part_003_choice_000_frame_127,pck_object_0114,pck_object_0114_part_003,pck_object_0114_part_003_choice_000,0x00D554,2,0,25,0x0000,0,0,0,0,payload_plus_signed,0x00D556,0x00D556,yes,001900002329000100FB000F23290001,0,in_range_no_structural_match
SHAPCK_TBL.decoded.bin,pck_object_0114_part_004_choice_000_frame_041,pck_object_0114,pck_object_0114_part_004,pck_object_0114_part_004_choice_000,0x00D2A4,3,0,0,0x0000,0,0,0,0,direct_unsigned,0x000000,0x000000,yes,04001E000A0032000A00460000005D00,15,plausible_drawable_extents_at_plus6_plus8;plausible_frame_record_prefix
SHAPCK_TBL.decoded.bin,pck_object_0114_part_004_choice_000_frame_041,pck_object_0114,pck_object_0114_part_004,pck_object_0114_part_004_choice_000,0x00D2A4,3,0,0,0x0000,0,0,0,0,direct_signed,0x000000,0x000000,yes,04001E000A0032000A00460000005D00,15,plausible_drawable_extents_at_plus6_plus8;plausible_frame_record_prefix
SHAPCK_TBL.decoded.bin,pck_object_0114_part_004_choice_000_frame_041,pck_object_0114,pck_object_0114_part_004,pck_object_0114_part_004_choice_000,0x00D2A4,3,0,0,0x0000,0,0,0,0,object_plus_unsigned,0x00D15C,0x00D15C,yes,8000080200000000000007001A00004B,105,exact_object_offset;exact_frame_record;byte0_high_bit_set;plausible_object_header;plausible_frame_record_prefix
SHAPCK_TBL.decoded.bin,pck_object_0114_part_004_choice_000_frame_041,pck_object_0114,pck_object_0114_part_004,pck_object_0114_part_004_choice_000,0x00D2A4,3,0,0,0x0000,0,0,0,0,object_plus_signed,0x00D15C,0x00D15C,yes,8000080200000000000007001A00004B,105,exact_object_offset;exact_frame_record;byte0_high_bit_set;plausible_object_header;plausible_frame_record_prefix
SHAPCK_TBL.decoded.bin,pck_object_0114_part_004_choice_000_frame_041,pck_object_0114,pck_object_0114_part_004,pck_object_0114_part_004_choice_000,0x00D2A4,3,0,0,0x0000,0,0,0,0,block_plus_unsigned,0x00D150,0x00D150,yes,FF0E0E2526FF0B0B232209FF80000802,30,exact_block_offset;byte0_high_bit_set
SHAPCK_TBL.decoded.bin,pck_object_0114_part_004_choice_000_frame_041,pck_object_0114,pck_object_0114_part_004,pck_object_0114_part_004_choice_000,0x00D2A4,3,0,0,0x0000,0,0,0,0,block_plus_signed,0x00D150,0x00D150,yes,FF0E0E2526FF0B0B232209FF80000802,30,exact_block_offset;byte0_high_bit_set
SHAPCK_TBL.decoded.bin,pck_object_0114_part_004_choice_000_frame_041,pck_object_0114,pck_object_0114_part_004,pck_object_0114_part_004_choice_000,0x00D2A4,3,0,0,0x0000,0,0,0,0,part_plus_signed,0x00D18A,0x00D18A,yes,2B4B520001001503384B520001006703,35,exact_part_offset
SHAPCK_TBL.decoded.bin,pck_object_0114_part_004_choice_000_frame_041,pck_object_0114,pck_object_0114_part_004,pck_object_0114_part_004_choice_000,0x00D2A4,3,0,0,0x0000,0,0,0,0,frame_plus_signed,0x00D2A4,0x00D2A4,yes,E803000000008100B2FE31FF8100AAFE,40,exact_frame_record;byte0_high_bit_set;plausible_frame_record_prefix
SHAPCK_TBL.decoded.bin,pck_object_0114_part_004_choice_000_frame_041,pck_object_0114,pck_object_0114_part_004,pck_object_0114_part_004_choice_000,0x00D2A4,3,0,0,0x0000,0,0,0,0,payload_plus_signed,0x00D2A6,0x00D2A6,yes,000000008100B2FE31FF8100AAFE02FF,5,plausible_frame_record_prefix
SHAPCK_TBL.decoded.bin,pck_object_0114_part_004_choice_000_frame_047,pck_object_0114,pck_object_0114_part_004,pck_object_0114_part_004_choice_000,0x00D2D4,3,-8,-8,0x0132,306,306,50,1,direct_unsigned,0x000000,0x000132,yes,36080F004C08050063080A009F080F00,0,in_range_no_structural_match
SHAPCK_TBL.decoded.bin,pck_object_0114_part_004_choice_000_frame_047,pck_object_0114,pck_object_0114_part_004,pck_object_0114_part_004_choice_000,0x00D2D4,3,-8,-8,0x0132,306,306,50,1,direct_signed,0x000000,0x000132,yes,36080F004C08050063080A009F080F00,0,in_range_no_structural_match
SHAPCK_TBL.decoded.bin,pck_object_0114_part_004_choice_000_frame_047,pck_object_0114,pck_object_0114_part_004,pck_object_0114_part_004_choice_000,0x00D2D4,3,-8,-8,0x0132,306,306,50,1,object_plus_unsigned,0x00D15C,0x00D28E,yes,7BFE0AFF52006FFE2AF89FFFD9FEF9FE,0,in_range_no_structural_match
SHAPCK_TBL.decoded.bin,pck_object_0114_part_004_choice_000_frame_047,pck_object_0114,pck_object_0114_part_004,pck_object_0114_part_004_choice_000,0x00D2D4,3,-8,-8,0x0132,306,306,50,1,object_plus_signed,0x00D15C,0x00D28E,yes,7BFE0AFF52006FFE2AF89FFFD9FEF9FE,0,in_range_no_structural_match
SHAPCK_TBL.decoded.bin,pck_object_0114_part_004_choice_000_frame_047,pck_object_0114,pck_object_0114_part_004,pck_object_0114_part_004_choice_000,0x00D2D4,3,-8,-8,0x0132,306,306,50,1,block_plus_unsigned,0x00D150,0x00D282,yes,E2FE28FF61FCFFF857019FFF7BFE0AFF,5,byte0_high_bit_set
SHAPCK_TBL.decoded.bin,pck_object_0114_part_004_choice_000_frame_047,pck_object_0114,pck_object_0114_part_004,pck_object_0114_part_004_choice_000,0x00D2D4,3,-8,-8,0x0132,306,306,50,1,block_plus_signed,0x00D150,0x00D282,yes,E2FE28FF61FCFFF857019FFF7BFE0AFF,5,byte0_high_bit_set
SHAPCK_TBL.decoded.bin,pck_object_0114_part_004_choice_000_frame_047,pck_object_0114,pck_object_0114_part_004,pck_object_0114_part_004_choice_000,0x00D2D4,3,-8,-8,0x0132,306,306,50,1,part_plus_signed,0x00D18A,0x00D2BC,yes,810095FE36FFF3FF6801DF075F0083FE,40,exact_frame_record;byte0_high_bit_set;plausible_frame_record_prefix
SHAPCK_TBL.decoded.bin,pck_object_0114_part_004_choice_000_frame_047,pck_object_0114,pck_object_0114_part_004,pck_object_0114_part_004_choice_000,0x00D2D4,3,-8,-8,0x0132,306,306,50,1,frame_plus_signed,0x00D2D4,0x00D406,yes,FF1A1A1B0CFF19190B0F17FF0100C602,5,byte0_high_bit_set
SHAPCK_TBL.decoded.bin,pck_object_0114_part_004_choice_000_frame_047,pck_object_0114,pck_object_0114_part_004,pck_object_0114_part_004_choice_000,0x00D2D4,3,-8,-8,0x0132,306,306,50,1,payload_plus_signed,0x00D2D6,0x00D408,yes,1A1B0CFF19190B0F17FF0100C6020000,0,in_range_no_structural_match
SHAPCK_TBL.decoded.bin,pck_object_0114_part_004_choice_000_frame_066,pck_object_0114,pck_object_0114_part_004,pck_object_0114_part_004_choice_000,0x00D36C,2,0,33,0x0181,385,385,129,1,direct_unsigned,0x000000,0x000181,yes,00020B0500180B03002E0B0D00440B0F,5,plausible_frame_record_prefix
SHAPCK_TBL.decoded.bin,pck_object_0114_part_004_choice_000_frame_066,pck_object_0114,pck_object_0114_part_004,pck_object_0114_part_004_choice_000,0x00D36C,2,0,33,0x0181,385,385,129,1,direct_signed,0x000000,0x000181,yes,00020B0500180B03002E0B0D00440B0F,5,plausible_frame_record_prefix
SHAPCK_TBL.decoded.bin,pck_object_0114_part_004_choice_000_frame_066,pck_object_0114,pck_object_0114_part_004,pck_object_0114_part_004_choice_000,0x00D36C,2,0,33,0x0181,385,385,129,1,object_plus_unsigned,0x00D15C,0x00D2DD,yes,FE0AFF1D0094FE21F85F00D9FEF9FE85,5,byte0_high_bit_set
SHAPCK_TBL.decoded.bin,pck_object_0114_part_004_choice_000_frame_066,pck_object_0114,pck_object_0114_part_004,pck_object_0114_part_004_choice_000,0x00D36C,2,0,33,0x0181,385,385,129,1,object_plus_signed,0x00D15C,0x00D2DD,yes,FE0AFF1D0094FE21F85F00D9FEF9FE85,5,byte0_high_bit_set
SHAPCK_TBL.decoded.bin,pck_object_0114_part_004_choice_000_frame_066,pck_object_0114,pck_object_0114_part_004,pck_object_0114_part_004_choice_000,0x00D36C,2,0,33,0x0181,385,385,129,1,block_plus_unsigned,0x00D150,0x00D2D1,yes,FE28FF9F03F8F832015F007BFE0AFF1D,5,byte0_high_bit_set
SHAPCK_TBL.decoded.bin,pck_object_0114_part_004_choice_000_frame_066,pck_object_0114,pck_object_0114_part_004,pck_object_0114_part_004_choice_000,0x00D36C,2,0,33,0x0181,385,385,129,1,block_plus_signed,0x00D150,0x00D2D1,yes,FE28FF9F03F8F832015F007BFE0AFF1D,5,byte0_high_bit_set
SHAPCK_TBL.decoded.bin,pck_object_0114_part_004_choice_000_frame_066,pck_object_0114,pck_object_0114_part_004,pck_object_0114_part_004_choice_000,0x00D36C,2,0,33,0x0181,385,385,129,1,part_plus_signed,0x00D18A,0x00D30B,yes,0079FE0EFF0000E10383FF0000DB0781,0,in_range_no_structural_match
SHAPCK_TBL.decoded.bin,pck_object_0114_part_004_choice_000_frame_066,pck_object_0114,pck_object_0114_part_004,pck_object_0114_part_004_choice_000,0x00D36C,2,0,33,0x0181,385,385,129,1,frame_plus_signed,0x00D36C,0x00D4ED,yes,FF0D0D3B3CFF0A0A3A3908FF0100AD03,5,byte0_high_bit_set
SHAPCK_TBL.decoded.bin,pck_object_0114_part_004_choice_000_frame_066,pck_object_0114,pck_object_0114_part_004,pck_object_0114_part_004_choice_000,0x00D36C,2,0,33,0x0181,385,385,129,1,payload_plus_signed,0x00D36E,0x00D4EF,yes,0D3B3CFF0A0A3A3908FF0100AD030000,0,in_range_no_structural_match
SHAPCK_TBL.decoded.bin,pck_object_0114_part_004_choice_000_frame_073,pck_object_0114,pck_object_0114_part_004,pck_object_0114_part_004_choice_000,0x00D3A4,3,2,-1,0x0001,1,1,1,0,direct_unsigned,0x000000,0x000001,yes,001E000A0032000A00460000005D0006,0,in_range_no_structural_match
SHAPCK_TBL.decoded.bin,pck_object_0114_part_004_choice_000_frame_073,pck_object_0114,pck_object_0114_part_004,pck_object_0114_part_004_choice_000,0x00D3A4,3,2,-1,0x0001,1,1,1,0,direct_signed,0x000000,0x000001,yes,001E000A0032000A00460000005D0006,0,in_range_no_structural_match
SHAPCK_TBL.decoded.bin,pck_object_0114_part_004_choice_000_frame_073,pck_object_0114,pck_object_0114_part_004,pck_object_0114_part_004_choice_000,0x00D3A4,3,2,-1,0x0001,1,1,1,0,object_plus_unsigned,0x00D15C,0x00D15D,yes,00080200000000000007001A00004B52,0,in_range_no_structural_match
SHAPCK_TBL.decoded.bin,pck_object_0114_part_004_choice_000_frame_073,pck_object_0114,pck_object_0114_part_004,pck_object_0114_part_004_choice_000,0x00D3A4,3,2,-1,0x0001,1,1,1,0,object_plus_signed,0x00D15C,0x00D15D,yes,00080200000000000007001A00004B52,0,in_range_no_structural_match
SHAPCK_TBL.decoded.bin,pck_object_0114_part_004_choice_000_frame_073,pck_object_0114,pck_object_0114_part_004,pck_object_0114_part_004_choice_000,0x00D3A4,3,2,-1,0x0001,1,1,1,0,block_plus_unsigned,0x00D150,0x00D151,yes,0E0E2526FF0B0B232209FF8000080200,0,in_range_no_structural_match
SHAPCK_TBL.decoded.bin,pck_object_0114_part_004_choice_000_frame_073,pck_object_0114,pck_object_0114_part_004,pck_object_0114_part_004_choice_000,0x00D3A4,3,2,-1,0x0001,1,1,1,0,block_plus_signed,0x00D150,0x00D151,yes,0E0E2526FF0B0B232209FF8000080200,0,in_range_no_structural_match
SHAPCK_TBL.decoded.bin,pck_object_0114_part_004_choice_000_frame_073,pck_object_0114,pck_object_0114_part_004,pck_object_0114_part_004_choice_000,0x00D3A4,3,2,-1,0x0001,1,1,1,0,part_plus_signed,0x00D18A,0x00D18B,yes,4B520001001503384B5200010067033D,0,in_range_no_structural_match
SHAPCK_TBL.decoded.bin,pck_object_0114_part_004_choice_000_frame_073,pck_object_0114,pck_object_0114_part_004,pck_object_0114_part_004_choice_000,0x00D3A4,3,2,-1,0x0001,1,1,1,0,frame_plus_signed,0x00D3A4,0x00D3A5,yes,0302FF01005C0200000200640205FF81,5,plausible_frame_record_prefix
SHAPCK_TBL.decoded.bin,pck_object_0114_part_004_choice_000_frame_073,pck_object_0114,pck_object_0114_part_004,pck_object_0114_part_004_choice_000,0x00D3A4,3,2,-1,0x0001,1,1,1,0,payload_plus_signed,0x00D3A6,0x00D3A7,yes,FF01005C0200000200640205FF810707,10,byte0_high_bit_set;plausible_frame_record_prefix
SHAPCK_TBL.decoded.bin,pck_object_0114_part_004_choice_000_frame_084,pck_object_0114,pck_object_0114_part_004,pck_object_0114_part_004_choice_000,0x00D3FC,2,23,15,0x0CFF,3327,3327,255,12,direct_unsigned,0x000000,0x000CFF,yes,9A00D8076E015BFF40006E0082FF3D00,10,byte0_high_bit_set;plausible_frame_record_prefix
SHAPCK_TBL.decoded.bin,pck_object_0114_part_004_choice_000_frame_084,pck_object_0114,pck_object_0114_part_004,pck_object_0114_part_004_choice_000,0x00D3FC,2,23,15,0x0CFF,3327,3327,255,12,direct_signed,0x000000,0x000CFF,yes,9A00D8076E015BFF40006E0082FF3D00,10,byte0_high_bit_set;plausible_frame_record_prefix
SHAPCK_TBL.decoded.bin,pck_object_0114_part_004_choice_000_frame_084,pck_object_0114,pck_object_0114_part_004,pck_object_0114_part_004_choice_000,0x00D3FC,2,23,15,0x0CFF,3327,3327,255,12,object_plus_unsigned,0x00D15C,0x00DE5B,no,,0,outside_decoded_stream
SHAPCK_TBL.decoded.bin,pck_object_0114_part_004_choice_000_frame_084,pck_object_0114,pck_object_0114_part_004,pck_object_0114_part_004_choice_000,0x00D3FC,2,23,15,0x0CFF,3327,3327,255,12,object_plus_signed,0x00D15C,0x00DE5B,no,,0,outside_decoded_stream
SHAPCK_TBL.decoded.bin,pck_object_0114_part_004_choice_000_frame_084,pck_object_0114,pck_object_0114_part_004,pck_object_0114_part_004_choice_000,0x00D3FC,2,23,15,0x0CFF,3327,3327,255,12,block_plus_unsigned,0x00D150,0x00DE4F,no,,0,outside_decoded_stream
SHAPCK_TBL.decoded.bin,pck_object_0114_part_004_choice_000_frame_084,pck_object_0114,pck_object_0114_part_004,pck_object_0114_part_004_choice_000,0x00D3FC,2,23,15,0x0CFF,3327,3327,255,12,block_plus_signed,0x00D150,0x00DE4F,no,,0,outside_decoded_stream
SHAPCK_TBL.decoded.bin,pck_object_0114_part_004_choice_000_frame_084,pck_object_0114,pck_object_0114_part_004,pck_object_0114_part_004_choice_000,0x00D3FC,2,23,15,0x0CFF,3327,3327,255,12,part_plus_signed,0x00D18A,0x00DE89,no,,0,outside_decoded_stream
SHAPCK_TBL.decoded.bin,pck_object_0114_part_004_choice_000_frame_084,pck_object_0114,pck_object_0114_part_004,pck_object_0114_part_004_choice_000,0x00D3FC,2,23,15,0x0CFF,3327,3327,255,12,frame_plus_signed,0x00D3FC,0x00E0FB,no,,0,outside_decoded_stream
SHAPCK_TBL.decoded.bin,pck_object_0114_part_004_choice_000_frame_084,pck_object_0114,pck_object_0114_part_004,pck_object_0114_part_004_choice_000,0x00D3FC,2,23,15,0x0CFF,3327,3327,255,12,payload_plus_signed,0x00D3FE,0x00E0FD,no,,0,outside_decoded_stream
SHAPCK_TBL.decoded.bin,pck_object_0114_part_004_choice_000_frame_085,pck_object_0114,pck_object_0114_part_004,pck_object_0114_part_004_choice_000,0x00D404,2,-1,26,0x1B1A,6938,6938,26,27,direct_unsigned,0x000000,0x001B1A,yes,130A0811FF0B0B0A1315FF07070B1510,0,in_range_no_structural_match
SHAPCK_TBL.decoded.bin,pck_object_0114_part_004_choice_000_frame_085,pck_object_0114,pck_object_0114_part_004,pck_object_0114_part_004_choice_000,0x00D404,2,-1,26,0x1B1A,6938,6938,26,27,direct_signed,0x000000,0x001B1A,yes,130A0811FF0B0B0A1315FF07070B1510,0,in_range_no_structural_match
SHAPCK_TBL.decoded.bin,pck_object_0114_part_004_choice_000_frame_085,pck_object_0114,pck_object_0114_part_004,pck_object_0114_part_004_choice_000,0x00D404,2,-1,26,0x1B1A,6938,6938,26,27,object_plus_unsigned,0x00D15C,0x00EC76,no,,0,outside_decoded_stream
SHAPCK_TBL.decoded.bin,pck_object_0114_part_004_choice_000_frame_085,pck_object_0114,pck_object_0114_part_004,pck_object_0114_part_004_choice_000,0x00D404,2,-1,26,0x1B1A,6938,6938,26,27,object_plus_signed,0x00D15C,0x00EC76,no,,0,outside_decoded_stream
SHAPCK_TBL.decoded.bin,pck_object_0114_part_004_choice_000_frame_085,pck_object_0114,pck_object_0114_part_004,pck_object_0114_part_004_choice_000,0x00D404,2,-1,26,0x1B1A,6938,6938,26,27,block_plus_unsigned,0x00D150,0x00EC6A,no,,0,outside_decoded_stream
SHAPCK_TBL.decoded.bin,pck_object_0114_part_004_choice_000_frame_085,pck_object_0114,pck_object_0114_part_004,pck_object_0114_part_004_choice_000,0x00D404,2,-1,26,0x1B1A,6938,6938,26,27,block_plus_signed,0x00D150,0x00EC6A,no,,0,outside_decoded_stream
SHAPCK_TBL.decoded.bin,pck_object_0114_part_004_choice_000_frame_085,pck_object_0114,pck_object_0114_part_004,pck_object_0114_part_004_choice_000,0x00D404,2,-1,26,0x1B1A,6938,6938,26,27,part_plus_signed,0x00D18A,0x00ECA4,no,,0,outside_decoded_stream
SHAPCK_TBL.decoded.bin,pck_object_0114_part_004_choice_000_frame_085,pck_object_0114,pck_object_0114_part_004,pck_object_0114_part_004_choice_000,0x00D404,2,-1,26,0x1B1A,6938,6938,26,27,frame_plus_signed,0x00D404,0x00EF1E,no,,0,outside_decoded_stream
SHAPCK_TBL.decoded.bin,pck_object_0114_part_004_choice_000_frame_085,pck_object_0114,pck_object_0114_part_004,pck_object_0114_part_004_choice_000,0x00D404,2,-1,26,0x1B1A,6938,6938,26,27,payload_plus_signed,0x00D406,0x00EF20,no,,0,outside_decoded_stream
SHAPCK_TBL.decoded.bin,pck_object_0114_part_004_choice_000_frame_087,pck_object_0114,pck_object_0114_part_004,pck_object_0114_part_004_choice_000,0x00D414,2,0,0,0x0005,5,5,5,0,direct_unsigned,0x000000,0x000005,yes,0032000A00460000005D00060073000B,0,in_range_no_structural_match
SHAPCK_TBL.decoded.bin,pck_object_0114_part_004_choice_000_frame_087,pck_object_0114,pck_object_0114_part_004,pck_object_0114_part_004_choice_000,0x00D414,2,0,0,0x0005,5,5,5,0,direct_signed,0x000000,0x000005,yes,0032000A00460000005D00060073000B,0,in_range_no_structural_match
SHAPCK_TBL.decoded.bin,pck_object_0114_part_004_choice_000_frame_087,pck_object_0114,pck_object_0114_part_004,pck_object_0114_part_004_choice_000,0x00D414,2,0,0,0x0005,5,5,5,0,object_plus_unsigned,0x00D15C,0x00D161,yes,000000000007001A00004B5200010014,5,plausible_frame_record_prefix
SHAPCK_TBL.decoded.bin,pck_object_0114_part_004_choice_000_frame_087,pck_object_0114,pck_object_0114_part_004,pck_object_0114_part_004_choice_000,0x00D414,2,0,0,0x0005,5,5,5,0,object_plus_signed,0x00D15C,0x00D161,yes,000000000007001A00004B5200010014,5,plausible_frame_record_prefix
SHAPCK_TBL.decoded.bin,pck_object_0114_part_004_choice_000_frame_087,pck_object_0114,pck_object_0114_part_004,pck_object_0114_part_004_choice_000,0x00D414,2,0,0,0x0005,5,5,5,0,block_plus_unsigned,0x00D150,0x00D155,yes,FF0B0B232209FF800008020000000000,20,byte0_high_bit_set;plausible_object_header
SHAPCK_TBL.decoded.bin,pck_object_0114_part_004_choice_000_frame_087,pck_object_0114,pck_object_0114_part_004,pck_object_0114_part_004_choice_000,0x00D414,2,0,0,0x0005,5,5,5,0,block_plus_signed,0x00D150,0x00D155,yes,FF0B0B232209FF800008020000000000,20,byte0_high_bit_set;plausible_object_header
SHAPCK_TBL.decoded.bin,pck_object_0114_part_004_choice_000_frame_087,pck_object_0114,pck_object_0114_part_004,pck_object_0114_part_004_choice_000,0x00D414,2,0,0,0x0005,5,5,5,0,part_plus_signed,0x00D18A,0x00D18F,yes,001503384B5200010067033D4B520001,0,in_range_no_structural_match
SHAPCK_TBL.decoded.bin,pck_object_0114_part_004_choice_000_frame_087,pck_object_0114,pck_object_0114_part_004,pck_object_0114_part_004_choice_000,0x00D414,2,0,0,0x0005,5,5,5,0,frame_plus_signed,0x00D414,0x00D419,yes,00CE02180F81000000000EF602810808,0,in_range_no_structural_match
SHAPCK_TBL.decoded.bin,pck_object_0114_part_004_choice_000_frame_087,pck_object_0114,pck_object_0114_part_004,pck_object_0114_part_004_choice_000,0x00D414,2,0,0,0x0005,5,5,5,0,payload_plus_signed,0x00D416,0x00D41B,yes,02180F81000000000EF6028108080404,0,in_range_no_structural_match
SHAPCK_TBL.decoded.bin,pck_object_0114_part_004_choice_000_frame_089,pck_object_0114,pck_object_0114_part_004,pck_object_0114_part_004_choice_000,0x00D424,2,-127,8,0x0408,1032,1032,8,4,direct_unsigned,0x000000,0x000408,yes,0B0205FF0404080A05FF0B0B070302FF,5,plausible_frame_record_prefix
SHAPCK_TBL.decoded.bin,pck_object_0114_part_004_choice_000_frame_089,pck_object_0114,pck_object_0114_part_004,pck_object_0114_part_004_choice_000,0x00D424,2,-127,8,0x0408,1032,1032,8,4,direct_signed,0x000000,0x000408,yes,0B0205FF0404080A05FF0B0B070302FF,5,plausible_frame_record_prefix
SHAPCK_TBL.decoded.bin,pck_object_0114_part_004_choice_000_frame_089,pck_object_0114,pck_object_0114_part_004,pck_object_0114_part_004_choice_000,0x00D424,2,-127,8,0x0408,1032,1032,8,4,object_plus_unsigned,0x00D15C,0x00D564,yes,0001005B0117FC2FFFFF0731FF6DF891,5,plausible_frame_record_prefix
SHAPCK_TBL.decoded.bin,pck_object_0114_part_004_choice_000_frame_089,pck_object_0114,pck_object_0114_part_004,pck_object_0114_part_004_choice_000,0x00D424,2,-127,8,0x0408,1032,1032,8,4,object_plus_signed,0x00D15C,0x00D564,yes,0001005B0117FC2FFFFF0731FF6DF891,5,plausible_frame_record_prefix
SHAPCK_TBL.decoded.bin,pck_object_0114_part_004_choice_000_frame_089,pck_object_0114,pck_object_0114_part_004,pck_object_0114_part_004_choice_000,0x00D424,2,-127,8,0x0408,1032,1032,8,4,block_plus_unsigned,0x00D150,0x00D558,yes,00002329000100FB000F23290001005B,5,plausible_frame_record_prefix
SHAPCK_TBL.decoded.bin,pck_object_0114_part_004_choice_000_frame_089,pck_object_0114,pck_object_0114_part_004,pck_object_0114_part_004_choice_000,0x00D424,2,-127,8,0x0408,1032,1032,8,4,block_plus_signed,0x00D150,0x00D558,yes,00002329000100FB000F23290001005B,5,plausible_frame_record_prefix
SHAPCK_TBL.decoded.bin,pck_object_0114_part_004_choice_000_frame_089,pck_object_0114,pck_object_0114_part_004,pck_object_0114_part_004_choice_000,0x00D424,2,-127,8,0x0408,1032,1032,8,4,part_plus_signed,0x00D18A,0x00D592,yes,01AAFFE8FFE100B9FFEBFFD200C7FFE7,0,in_range_no_structural_match
SHAPCK_TBL.decoded.bin,pck_object_0114_part_004_choice_000_frame_089,pck_object_0114,pck_object_0114_part_004,pck_object_0114_part_004_choice_000,0x00D424,2,-127,8,0x0408,1032,1032,8,4,frame_plus_signed,0x00D424,0x00D82C,yes,00000D510181000800000E5701020203,5,plausible_frame_record_prefix
SHAPCK_TBL.decoded.bin,pck_object_0114_part_004_choice_000_frame_089,pck_object_0114,pck_object_0114_part_004,pck_object_0114_part_004_choice_000,0x00D424,2,-127,8,0x0408,1032,1032,8,4,payload_plus_signed,0x00D426,0x00D82E,yes,0D510181000800000E57010202030405,0,in_range_no_structural_match
SHAPCK_TBL.decoded.bin,pck_object_0114_part_004_choice_000_frame_090,pck_object_0114,pck_object_0114_part_004,pck_object_0114_part_004_choice_000,0x00D42C,2,-127,0,0x0000,0,0,0,0,direct_unsigned,0x000000,0x000000,yes,04001E000A0032000A00460000005D00,15,plausible_drawable_extents_at_plus6_plus8;plausible_frame_record_prefix
SHAPCK_TBL.decoded.bin,pck_object_0114_part_004_choice_000_frame_090,pck_object_0114,pck_object_0114_part_004,pck_object_0114_part_004_choice_000,0x00D42C,2,-127,0,0x0000,0,0,0,0,direct_signed,0x000000,0x000000,yes,04001E000A0032000A00460000005D00,15,plausible_drawable_extents_at_plus6_plus8;plausible_frame_record_prefix
SHAPCK_TBL.decoded.bin,pck_object_0114_part_004_choice_000_frame_090,pck_object_0114,pck_object_0114_part_004,pck_object_0114_part_004_choice_000,0x00D42C,2,-127,0,0x0000,0,0,0,0,object_plus_unsigned,0x00D15C,0x00D15C,yes,8000080200000000000007001A00004B,105,exact_object_offset;exact_frame_record;byte0_high_bit_set;plausible_object_header;plausible_frame_record_prefix
SHAPCK_TBL.decoded.bin,pck_object_0114_part_004_choice_000_frame_090,pck_object_0114,pck_object_0114_part_004,pck_object_0114_part_004_choice_000,0x00D42C,2,-127,0,0x0000,0,0,0,0,object_plus_signed,0x00D15C,0x00D15C,yes,8000080200000000000007001A00004B,105,exact_object_offset;exact_frame_record;byte0_high_bit_set;plausible_object_header;plausible_frame_record_prefix
SHAPCK_TBL.decoded.bin,pck_object_0114_part_004_choice_000_frame_090,pck_object_0114,pck_object_0114_part_004,pck_object_0114_part_004_choice_000,0x00D42C,2,-127,0,0x0000,0,0,0,0,block_plus_unsigned,0x00D150,0x00D150,yes,FF0E0E2526FF0B0B232209FF80000802,30,exact_block_offset;byte0_high_bit_set
SHAPCK_TBL.decoded.bin,pck_object_0114_part_004_choice_000_frame_090,pck_object_0114,pck_object_0114_part_004,pck_object_0114_part_004_choice_000,0x00D42C,2,-127,0,0x0000,0,0,0,0,block_plus_signed,0x00D150,0x00D150,yes,FF0E0E2526FF0B0B232209FF80000802,30,exact_block_offset;byte0_high_bit_set
SHAPCK_TBL.decoded.bin,pck_object_0114_part_004_choice_000_frame_090,pck_object_0114,pck_object_0114_part_004,pck_object_0114_part_004_choice_000,0x00D42C,2,-127,0,0x0000,0,0,0,0,part_plus_signed,0x00D18A,0x00D18A,yes,2B4B520001001503384B520001006703,35,exact_part_offset
SHAPCK_TBL.decoded.bin,pck_object_0114_part_004_choice_000_frame_090,pck_object_0114,pck_object_0114_part_004,pck_object_0114_part_004_choice_000,0x00D42C,2,-127,0,0x0000,0,0,0,0,frame_plus_signed,0x00D42C,0x00D42C,yes,FD028100000000260303810808080828,40,exact_frame_record;byte0_high_bit_set;plausible_frame_record_prefix
SHAPCK_TBL.decoded.bin,pck_object_0114_part_004_choice_000_frame_090,pck_object_0114,pck_object_0114_part_004,pck_object_0114_part_004_choice_000,0x00D42C,2,-127,0,0x0000,0,0,0,0,payload_plus_signed,0x00D42E,0x00D42E,yes,81000000002603038108080808280903,10,byte0_high_bit_set;plausible_frame_record_prefix
SHAPCK_TBL.decoded.bin,pck_object_0114_part_004_choice_000_frame_091,pck_object_0114,pck_object_0114_part_004,pck_object_0114_part_004_choice_000,0x00D434,3,-127,8,0x0808,2056,2056,8,8,direct_unsigned,0x000000,0x000808,yes,0000FA000000A8067004E0FF0000FA00,5,plausible_frame_record_prefix
SHAPCK_TBL.decoded.bin,pck_object_0114_part_004_choice_000_frame_091,pck_object_0114,pck_object_0114_part_004,pck_object_0114_part_004_choice_000,0x00D434,3,-127,8,0x0808,2056,2056,8,8,direct_signed,0x000000,0x000808,yes,0000FA000000A8067004E0FF0000FA00,5,plausible_frame_record_prefix
SHAPCK_TBL.decoded.bin,pck_object_0114_part_004_choice_000_frame_091,pck_object_0114,pck_object_0114_part_004,pck_object_0114_part_004_choice_000,0x00D434,3,-127,8,0x0808,2056,2056,8,8,object_plus_unsigned,0x00D15C,0x00D964,yes,00E2FF80FF7A00E2FF73FF8C00E1FF3E,0,in_range_no_structural_match
SHAPCK_TBL.decoded.bin,pck_object_0114_part_004_choice_000_frame_091,pck_object_0114,pck_object_0114_part_004,pck_object_0114_part_004_choice_000,0x00D434,3,-127,8,0x0808,2056,2056,8,8,object_plus_signed,0x00D15C,0x00D964,yes,00E2FF80FF7A00E2FF73FF8C00E1FF3E,0,in_range_no_structural_match
SHAPCK_TBL.decoded.bin,pck_object_0114_part_004_choice_000_frame_091,pck_object_0114,pck_object_0114_part_004,pck_object_0114_part_004_choice_000,0x00D434,3,-127,8,0x0808,2056,2056,8,8,block_plus_unsigned,0x00D150,0x00D958,yes,00E2FF63FF3800E2FF89FF4900E2FF80,0,in_range_no_structural_match
SHAPCK_TBL.decoded.bin,pck_object_0114_part_004_choice_000_frame_091,pck_object_0114,pck_object_0114_part_004,pck_object_0114_part_004_choice_000,0x00D434,3,-127,8,0x0808,2056,2056,8,8,block_plus_signed,0x00D150,0x00D958,yes,00E2FF63FF3800E2FF89FF4900E2FF80,0,in_range_no_structural_match
SHAPCK_TBL.decoded.bin,pck_object_0114_part_004_choice_000_frame_091,pck_object_0114,pck_object_0114_part_004,pck_object_0114_part_004_choice_000,0x00D434,3,-127,8,0x0808,2056,2056,8,8,part_plus_signed,0x00D18A,0x00D992,yes,FF49001E0063FF38001D0021FF550000,5,byte0_high_bit_set
SHAPCK_TBL.decoded.bin,pck_object_0114_part_004_choice_000_frame_091,pck_object_0114,pck_object_0114_part_004,pck_object_0114_part_004_choice_000,0x00D434,3,-127,8,0x0808,2056,2056,8,8,frame_plus_signed,0x00D434,0x00DC3C,yes,EBFEAAFF46FEEEFE0000AD01D207AAFF,5,byte0_high_bit_set
SHAPCK_TBL.decoded.bin,pck_object_0114_part_004_choice_000_frame_091,pck_object_0114,pck_object_0114_part_004,pck_object_0114_part_004_choice_000,0x00D434,3,-127,8,0x0808,2056,2056,8,8,payload_plus_signed,0x00D436,0x00DC3E,yes,AAFF46FEEEFE0000AD01D207AAFF5DFE,5,byte0_high_bit_set
SHAPCK_TBL.decoded.bin,pck_object_0114_part_004_choice_000_frame_092,pck_object_0114,pck_object_0114_part_004,pck_object_0114_part_004_choice_000,0x00D43C,3,-127,0,0x0000,0,0,0,0,direct_unsigned,0x000000,0x000000,yes,04001E000A0032000A00460000005D00,15,plausible_drawable_extents_at_plus6_plus8;plausible_frame_record_prefix
SHAPCK_TBL.decoded.bin,pck_object_0114_part_004_choice_000_frame_092,pck_object_0114,pck_object_0114_part_004,pck_object_0114_part_004_choice_000,0x00D43C,3,-127,0,0x0000,0,0,0,0,direct_signed,0x000000,0x000000,yes,04001E000A0032000A00460000005D00,15,plausible_drawable_extents_at_plus6_plus8;plausible_frame_record_prefix
SHAPCK_TBL.decoded.bin,pck_object_0114_part_004_choice_000_frame_092,pck_object_0114,pck_object_0114_part_004,pck_object_0114_part_004_choice_000,0x00D43C,3,-127,0,0x0000,0,0,0,0,object_plus_unsigned,0x00D15C,0x00D15C,yes,8000080200000000000007001A00004B,105,exact_object_offset;exact_frame_record;byte0_high_bit_set;plausible_object_header;plausible_frame_record_prefix
SHAPCK_TBL.decoded.bin,pck_object_0114_part_004_choice_000_frame_092,pck_object_0114,pck_object_0114_part_004,pck_object_0114_part_004_choice_000,0x00D43C,3,-127,0,0x0000,0,0,0,0,object_plus_signed,0x00D15C,0x00D15C,yes,8000080200000000000007001A00004B,105,exact_object_offset;exact_frame_record;byte0_high_bit_set;plausible_object_header;plausible_frame_record_prefix
SHAPCK_TBL.decoded.bin,pck_object_0114_part_004_choice_000_frame_092,pck_object_0114,pck_object_0114_part_004,pck_object_0114_part_004_choice_000,0x00D43C,3,-127,0,0x0000,0,0,0,0,block_plus_unsigned,0x00D150,0x00D150,yes,FF0E0E2526FF0B0B232209FF80000802,30,exact_block_offset;byte0_high_bit_set
SHAPCK_TBL.decoded.bin,pck_object_0114_part_004_choice_000_frame_092,pck_object_0114,pck_object_0114_part_004,pck_object_0114_part_004_choice_000,0x00D43C,3,-127,0,0x0000,0,0,0,0,block_plus_signed,0x00D150,0x00D150,yes,FF0E0E2526FF0B0B232209FF80000802,30,exact_block_offset;byte0_high_bit_set
SHAPCK_TBL.decoded.bin,pck_object_0114_part_004_choice_000_frame_092,pck_object_0114,pck_object_0114_part_004,pck_object_0114_part_004_choice_000,0x00D43C,3,-127,0,0x0000,0,0,0,0,part_plus_signed,0x00D18A,0x00D18A,yes,2B4B520001001503384B520001006703,35,exact_part_offset
SHAPCK_TBL.decoded.bin,pck_object_0114_part_004_choice_000_frame_092,pck_object_0114,pck_object_0114_part_004,pck_object_0114_part_004_choice_000,0x00D43C,3,-127,0,0x0000,0,0,0,0,frame_plus_signed,0x00D43C,0x00D43C,yes,090381000000002A0F031E1E1F202122,35,exact_frame_record;plausible_frame_record_prefix
SHAPCK_TBL.decoded.bin,pck_object_0114_part_004_choice_000_frame_092,pck_object_0114,pck_object_0114_part_004,pck_object_0114_part_004_choice_000,0x00D43C,3,-127,0,0x0000,0,0,0,0,payload_plus_signed,0x00D43E,0x00D43E,yes,81000000002A0F031E1E1F202122FF24,10,byte0_high_bit_set;plausible_frame_record_prefix
SHAPCK_TBL.decoded.bin,pck_object_0114_part_004_choice_000_frame_093,pck_object_0114,pck_object_0114_part_004,pck_object_0114_part_004_choice_000,0x00D444,3,30,30,0x201F,8223,8223,31,32,direct_unsigned,0x000000,0x00201F,yes,0AFF01000501000005000D01000F8100,0,in_range_no_structural_match
SHAPCK_TBL.decoded.bin,pck_object_0114_part_004_choice_000_frame_093,pck_object_0114,pck_object_0114_part_004,pck_object_0114_part_004_choice_000,0x00D444,3,30,30,0x201F,8223,8223,31,32,direct_signed,0x000000,0x00201F,yes,0AFF01000501000005000D01000F8100,0,in_range_no_structural_match
SHAPCK_TBL.decoded.bin,pck_object_0114_part_004_choice_000_frame_093,pck_object_0114,pck_object_0114_part_004,pck_object_0114_part_004_choice_000,0x00D444,3,30,30,0x201F,8223,8223,31,32,object_plus_unsigned,0x00D15C,0x00F17B,no,,0,outside_decoded_stream
SHAPCK_TBL.decoded.bin,pck_object_0114_part_004_choice_000_frame_093,pck_object_0114,pck_object_0114_part_004,pck_object_0114_part_004_choice_000,0x00D444,3,30,30,0x201F,8223,8223,31,32,object_plus_signed,0x00D15C,0x00F17B,no,,0,outside_decoded_stream
SHAPCK_TBL.decoded.bin,pck_object_0114_part_004_choice_000_frame_093,pck_object_0114,pck_object_0114_part_004,pck_object_0114_part_004_choice_000,0x00D444,3,30,30,0x201F,8223,8223,31,32,block_plus_unsigned,0x00D150,0x00F16F,no,,0,outside_decoded_stream
SHAPCK_TBL.decoded.bin,pck_object_0114_part_004_choice_000_frame_093,pck_object_0114,pck_object_0114_part_004,pck_object_0114_part_004_choice_000,0x00D444,3,30,30,0x201F,8223,8223,31,32,block_plus_signed,0x00D150,0x00F16F,no,,0,outside_decoded_stream
SHAPCK_TBL.decoded.bin,pck_object_0114_part_004_choice_000_frame_093,pck_object_0114,pck_object_0114_part_004,pck_object_0114_part_004_choice_000,0x00D444,3,30,30,0x201F,8223,8223,31,32,part_plus_signed,0x00D18A,0x00F1A9,no,,0,outside_decoded_stream
SHAPCK_TBL.decoded.bin,pck_object_0114_part_004_choice_000_frame_093,pck_object_0114,pck_object_0114_part_004,pck_object_0114_part_004_choice_000,0x00D444,3,30,30,0x201F,8223,8223,31,32,frame_plus_signed,0x00D444,0x00F463,no,,0,outside_decoded_stream
SHAPCK_TBL.decoded.bin,pck_object_0114_part_004_choice_000_frame_093,pck_object_0114,pck_object_0114_part_004,pck_object_0114_part_004_choice_000,0x00D444,3,30,30,0x201F,8223,8223,31,32,payload_plus_signed,0x00D446,0x00F465,no,,0,outside_decoded_stream
SHAPCK_TBL.decoded.bin,pck_object_0114_part_004_choice_000_frame_127,pck_object_0114,pck_object_0114_part_004,pck_object_0114_part_004_choice_000,0x00D554,2,0,25,0x0000,0,0,0,0,direct_unsigned,0x000000,0x000000,yes,04001E000A0032000A00460000005D00,15,plausible_drawable_extents_at_plus6_plus8;plausible_frame_record_prefix
SHAPCK_TBL.decoded.bin,pck_object_0114_part_004_choice_000_frame_127,pck_object_0114,pck_object_0114_part_004,pck_object_0114_part_004_choice_000,0x00D554,2,0,25,0x0000,0,0,0,0,direct_signed,0x000000,0x000000,yes,04001E000A0032000A00460000005D00,15,plausible_drawable_extents_at_plus6_plus8;plausible_frame_record_prefix
SHAPCK_TBL.decoded.bin,pck_object_0114_part_004_choice_000_frame_127,pck_object_0114,pck_object_0114_part_004,pck_object_0114_part_004_choice_000,0x00D554,2,0,25,0x0000,0,0,0,0,object_plus_unsigned,0x00D15C,0x00D15C,yes,8000080200000000000007001A00004B,105,exact_object_offset;exact_frame_record;byte0_high_bit_set;plausible_object_header;plausible_frame_record_prefix
SHAPCK_TBL.decoded.bin,pck_object_0114_part_004_choice_000_frame_127,pck_object_0114,pck_object_0114_part_004,pck_object_0114_part_004_choice_000,0x00D554,2,0,25,0x0000,0,0,0,0,object_plus_signed,0x00D15C,0x00D15C,yes,8000080200000000000007001A00004B,105,exact_object_offset;exact_frame_record;byte0_high_bit_set;plausible_object_header;plausible_frame_record_prefix
SHAPCK_TBL.decoded.bin,pck_object_0114_part_004_choice_000_frame_127,pck_object_0114,pck_object_0114_part_004,pck_object_0114_part_004_choice_000,0x00D554,2,0,25,0x0000,0,0,0,0,block_plus_unsigned,0x00D150,0x00D150,yes,FF0E0E2526FF0B0B232209FF80000802,30,exact_block_offset;byte0_high_bit_set
SHAPCK_TBL.decoded.bin,pck_object_0114_part_004_choice_000_frame_127,pck_object_0114,pck_object_0114_part_004,pck_object_0114_part_004_choice_000,0x00D554,2,0,25,0x0000,0,0,0,0,block_plus_signed,0x00D150,0x00D150,yes,FF0E0E2526FF0B0B232209FF80000802,30,exact_block_offset;byte0_high_bit_set
SHAPCK_TBL.decoded.bin,pck_object_0114_part_004_choice_000_frame_127,pck_object_0114,pck_object_0114_part_004,pck_object_0114_part_004_choice_000,0x00D554,2,0,25,0x0000,0,0,0,0,part_plus_signed,0x00D18A,0x00D18A,yes,2B4B520001001503384B520001006703,35,exact_part_offset
SHAPCK_TBL.decoded.bin,pck_object_0114_part_004_choice_000_frame_127,pck_object_0114,pck_object_0114_part_004,pck_object_0114_part_004_choice_000,0x00D554,2,0,25,0x0000,0,0,0,0,frame_plus_signed,0x00D554,0x00D554,yes,0002001900002329000100FB000F2329,35,exact_frame_record;plausible_frame_record_prefix
SHAPCK_TBL.decoded.bin,pck_object_0114_part_004_choice_000_frame_127,pck_object_0114,pck_object_0114_part_004,pck_object_0114_part_004_choice_000,0x00D554,2,0,25,0x0000,0,0,0,0,payload_plus_signed,0x00D556,0x00D556,yes,001900002329000100FB000F23290001,0,in_range_no_structural_match
SHAPCK_TBL.decoded.bin,pck_object_0114_part_005_choice_000_frame_041,pck_object_0114,pck_object_0114_part_005,pck_object_0114_part_005_choice_000,0x00D2A4,3,0,0,0x0000,0,0,0,0,direct_unsigned,0x000000,0x000000,yes,04001E000A0032000A00460000005D00,15,plausible_drawable_extents_at_plus6_plus8;plausible_frame_record_prefix
SHAPCK_TBL.decoded.bin,pck_object_0114_part_005_choice_000_frame_041,pck_object_0114,pck_object_0114_part_005,pck_object_0114_part_005_choice_000,0x00D2A4,3,0,0,0x0000,0,0,0,0,direct_signed,0x000000,0x000000,yes,04001E000A0032000A00460000005D00,15,plausible_drawable_extents_at_plus6_plus8;plausible_frame_record_prefix
SHAPCK_TBL.decoded.bin,pck_object_0114_part_005_choice_000_frame_041,pck_object_0114,pck_object_0114_part_005,pck_object_0114_part_005_choice_000,0x00D2A4,3,0,0,0x0000,0,0,0,0,object_plus_unsigned,0x00D15C,0x00D15C,yes,8000080200000000000007001A00004B,105,exact_object_offset;exact_frame_record;byte0_high_bit_set;plausible_object_header;plausible_frame_record_prefix
SHAPCK_TBL.decoded.bin,pck_object_0114_part_005_choice_000_frame_041,pck_object_0114,pck_object_0114_part_005,pck_object_0114_part_005_choice_000,0x00D2A4,3,0,0,0x0000,0,0,0,0,object_plus_signed,0x00D15C,0x00D15C,yes,8000080200000000000007001A00004B,105,exact_object_offset;exact_frame_record;byte0_high_bit_set;plausible_object_header;plausible_frame_record_prefix
SHAPCK_TBL.decoded.bin,pck_object_0114_part_005_choice_000_frame_041,pck_object_0114,pck_object_0114_part_005,pck_object_0114_part_005_choice_000,0x00D2A4,3,0,0,0x0000,0,0,0,0,block_plus_unsigned,0x00D150,0x00D150,yes,FF0E0E2526FF0B0B232209FF80000802,30,exact_block_offset;byte0_high_bit_set
SHAPCK_TBL.decoded.bin,pck_object_0114_part_005_choice_000_frame_041,pck_object_0114,pck_object_0114_part_005,pck_object_0114_part_005_choice_000,0x00D2A4,3,0,0,0x0000,0,0,0,0,block_plus_signed,0x00D150,0x00D150,yes,FF0E0E2526FF0B0B232209FF80000802,30,exact_block_offset;byte0_high_bit_set
SHAPCK_TBL.decoded.bin,pck_object_0114_part_005_choice_000_frame_041,pck_object_0114,pck_object_0114_part_005,pck_object_0114_part_005_choice_000,0x00D2A4,3,0,0,0x0000,0,0,0,0,part_plus_signed,0x00D192,0x00D192,yes,384B5200010067033D4B52000100A903,35,exact_part_offset
SHAPCK_TBL.decoded.bin,pck_object_0114_part_005_choice_000_frame_041,pck_object_0114,pck_object_0114_part_005,pck_object_0114_part_005_choice_000,0x00D2A4,3,0,0,0x0000,0,0,0,0,frame_plus_signed,0x00D2A4,0x00D2A4,yes,E803000000008100B2FE31FF8100AAFE,40,exact_frame_record;byte0_high_bit_set;plausible_frame_record_prefix
SHAPCK_TBL.decoded.bin,pck_object_0114_part_005_choice_000_frame_041,pck_object_0114,pck_object_0114_part_005,pck_object_0114_part_005_choice_000,0x00D2A4,3,0,0,0x0000,0,0,0,0,payload_plus_signed,0x00D2A6,0x00D2A6,yes,000000008100B2FE31FF8100AAFE02FF,5,plausible_frame_record_prefix
SHAPCK_TBL.decoded.bin,pck_object_0114_part_005_choice_000_frame_047,pck_object_0114,pck_object_0114_part_005,pck_object_0114_part_005_choice_000,0x00D2D4,3,-8,-8,0x0132,306,306,50,1,direct_unsigned,0x000000,0x000132,yes,36080F004C08050063080A009F080F00,0,in_range_no_structural_match
SHAPCK_TBL.decoded.bin,pck_object_0114_part_005_choice_000_frame_047,pck_object_0114,pck_object_0114_part_005,pck_object_0114_part_005_choice_000,0x00D2D4,3,-8,-8,0x0132,306,306,50,1,direct_signed,0x000000,0x000132,yes,36080F004C08050063080A009F080F00,0,in_range_no_structural_match
SHAPCK_TBL.decoded.bin,pck_object_0114_part_005_choice_000_frame_047,pck_object_0114,pck_object_0114_part_005,pck_object_0114_part_005_choice_000,0x00D2D4,3,-8,-8,0x0132,306,306,50,1,object_plus_unsigned,0x00D15C,0x00D28E,yes,7BFE0AFF52006FFE2AF89FFFD9FEF9FE,0,in_range_no_structural_match
SHAPCK_TBL.decoded.bin,pck_object_0114_part_005_choice_000_frame_047,pck_object_0114,pck_object_0114_part_005,pck_object_0114_part_005_choice_000,0x00D2D4,3,-8,-8,0x0132,306,306,50,1,object_plus_signed,0x00D15C,0x00D28E,yes,7BFE0AFF52006FFE2AF89FFFD9FEF9FE,0,in_range_no_structural_match
SHAPCK_TBL.decoded.bin,pck_object_0114_part_005_choice_000_frame_047,pck_object_0114,pck_object_0114_part_005,pck_object_0114_part_005_choice_000,0x00D2D4,3,-8,-8,0x0132,306,306,50,1,block_plus_unsigned,0x00D150,0x00D282,yes,E2FE28FF61FCFFF857019FFF7BFE0AFF,5,byte0_high_bit_set
SHAPCK_TBL.decoded.bin,pck_object_0114_part_005_choice_000_frame_047,pck_object_0114,pck_object_0114_part_005,pck_object_0114_part_005_choice_000,0x00D2D4,3,-8,-8,0x0132,306,306,50,1,block_plus_signed,0x00D150,0x00D282,yes,E2FE28FF61FCFFF857019FFF7BFE0AFF,5,byte0_high_bit_set
SHAPCK_TBL.decoded.bin,pck_object_0114_part_005_choice_000_frame_047,pck_object_0114,pck_object_0114_part_005,pck_object_0114_part_005_choice_000,0x00D2D4,3,-8,-8,0x0132,306,306,50,1,part_plus_signed,0x00D192,0x00D2C4,yes,6801DF075F0083FE39FF5F00E2FE28FF,35,exact_frame_record;plausible_frame_record_prefix
SHAPCK_TBL.decoded.bin,pck_object_0114_part_005_choice_000_frame_047,pck_object_0114,pck_object_0114_part_005,pck_object_0114_part_005_choice_000,0x00D2D4,3,-8,-8,0x0132,306,306,50,1,frame_plus_signed,0x00D2D4,0x00D406,yes,FF1A1A1B0CFF19190B0F17FF0100C602,5,byte0_high_bit_set
SHAPCK_TBL.decoded.bin,pck_object_0114_part_005_choice_000_frame_047,pck_object_0114,pck_object_0114_part_005,pck_object_0114_part_005_choice_000,0x00D2D4,3,-8,-8,0x0132,306,306,50,1,payload_plus_signed,0x00D2D6,0x00D408,yes,1A1B0CFF19190B0F17FF0100C6020000,0,in_range_no_structural_match
SHAPCK_TBL.decoded.bin,pck_object_0114_part_005_choice_000_frame_066,pck_object_0114,pck_object_0114_part_005,pck_object_0114_part_005_choice_000,0x00D36C,2,0,33,0x0181,385,385,129,1,direct_unsigned,0x000000,0x000181,yes,00020B0500180B03002E0B0D00440B0F,5,plausible_frame_record_prefix
SHAPCK_TBL.decoded.bin,pck_object_0114_part_005_choice_000_frame_066,pck_object_0114,pck_object_0114_part_005,pck_object_0114_part_005_choice_000,0x00D36C,2,0,33,0x0181,385,385,129,1,direct_signed,0x000000,0x000181,yes,00020B0500180B03002E0B0D00440B0F,5,plausible_frame_record_prefix
SHAPCK_TBL.decoded.bin,pck_object_0114_part_005_choice_000_frame_066,pck_object_0114,pck_object_0114_part_005,pck_object_0114_part_005_choice_000,0x00D36C,2,0,33,0x0181,385,385,129,1,object_plus_unsigned,0x00D15C,0x00D2DD,yes,FE0AFF1D0094FE21F85F00D9FEF9FE85,5,byte0_high_bit_set
SHAPCK_TBL.decoded.bin,pck_object_0114_part_005_choice_000_frame_066,pck_object_0114,pck_object_0114_part_005,pck_object_0114_part_005_choice_000,0x00D36C,2,0,33,0x0181,385,385,129,1,object_plus_signed,0x00D15C,0x00D2DD,yes,FE0AFF1D0094FE21F85F00D9FEF9FE85,5,byte0_high_bit_set
SHAPCK_TBL.decoded.bin,pck_object_0114_part_005_choice_000_frame_066,pck_object_0114,pck_object_0114_part_005,pck_object_0114_part_005_choice_000,0x00D36C,2,0,33,0x0181,385,385,129,1,block_plus_unsigned,0x00D150,0x00D2D1,yes,FE28FF9F03F8F832015F007BFE0AFF1D,5,byte0_high_bit_set
SHAPCK_TBL.decoded.bin,pck_object_0114_part_005_choice_000_frame_066,pck_object_0114,pck_object_0114_part_005,pck_object_0114_part_005_choice_000,0x00D36C,2,0,33,0x0181,385,385,129,1,block_plus_signed,0x00D150,0x00D2D1,yes,FE28FF9F03F8F832015F007BFE0AFF1D,5,byte0_high_bit_set
SHAPCK_TBL.decoded.bin,pck_object_0114_part_005_choice_000_frame_066,pck_object_0114,pck_object_0114_part_005,pck_object_0114_part_005_choice_000,0x00D36C,2,0,33,0x0181,385,385,129,1,part_plus_signed,0x00D192,0x00D313,yes,0383FF0000DB0781FEE0FF6DFFD7FE20,0,in_range_no_structural_match
SHAPCK_TBL.decoded.bin,pck_object_0114_part_005_choice_000_frame_066,pck_object_0114,pck_object_0114_part_005,pck_object_0114_part_005_choice_000,0x00D36C,2,0,33,0x0181,385,385,129,1,frame_plus_signed,0x00D36C,0x00D4ED,yes,FF0D0D3B3CFF0A0A3A3908FF0100AD03,5,byte0_high_bit_set
SHAPCK_TBL.decoded.bin,pck_object_0114_part_005_choice_000_frame_066,pck_object_0114,pck_object_0114_part_005,pck_object_0114_part_005_choice_000,0x00D36C,2,0,33,0x0181,385,385,129,1,payload_plus_signed,0x00D36E,0x00D4EF,yes,0D3B3CFF0A0A3A3908FF0100AD030000,0,in_range_no_structural_match
SHAPCK_TBL.decoded.bin,pck_object_0114_part_005_choice_000_frame_073,pck_object_0114,pck_object_0114_part_005,pck_object_0114_part_005_choice_000,0x00D3A4,3,2,-1,0x0001,1,1,1,0,direct_unsigned,0x000000,0x000001,yes,001E000A0032000A00460000005D0006,0,in_range_no_structural_match
SHAPCK_TBL.decoded.bin,pck_object_0114_part_005_choice_000_frame_073,pck_object_0114,pck_object_0114_part_005,pck_object_0114_part_005_choice_000,0x00D3A4,3,2,-1,0x0001,1,1,1,0,direct_signed,0x000000,0x000001,yes,001E000A0032000A00460000005D0006,0,in_range_no_structural_match
SHAPCK_TBL.decoded.bin,pck_object_0114_part_005_choice_000_frame_073,pck_object_0114,pck_object_0114_part_005,pck_object_0114_part_005_choice_000,0x00D3A4,3,2,-1,0x0001,1,1,1,0,object_plus_unsigned,0x00D15C,0x00D15D,yes,00080200000000000007001A00004B52,0,in_range_no_structural_match
SHAPCK_TBL.decoded.bin,pck_object_0114_part_005_choice_000_frame_073,pck_object_0114,pck_object_0114_part_005,pck_object_0114_part_005_choice_000,0x00D3A4,3,2,-1,0x0001,1,1,1,0,object_plus_signed,0x00D15C,0x00D15D,yes,00080200000000000007001A00004B52,0,in_range_no_structural_match
SHAPCK_TBL.decoded.bin,pck_object_0114_part_005_choice_000_frame_073,pck_object_0114,pck_object_0114_part_005,pck_object_0114_part_005_choice_000,0x00D3A4,3,2,-1,0x0001,1,1,1,0,block_plus_unsigned,0x00D150,0x00D151,yes,0E0E2526FF0B0B232209FF8000080200,0,in_range_no_structural_match
SHAPCK_TBL.decoded.bin,pck_object_0114_part_005_choice_000_frame_073,pck_object_0114,pck_object_0114_part_005,pck_object_0114_part_005_choice_000,0x00D3A4,3,2,-1,0x0001,1,1,1,0,block_plus_signed,0x00D150,0x00D151,yes,0E0E2526FF0B0B232209FF8000080200,0,in_range_no_structural_match
SHAPCK_TBL.decoded.bin,pck_object_0114_part_005_choice_000_frame_073,pck_object_0114,pck_object_0114_part_005,pck_object_0114_part_005_choice_000,0x00D3A4,3,2,-1,0x0001,1,1,1,0,part_plus_signed,0x00D192,0x00D193,yes,4B5200010067033D4B52000100A903FF,0,in_range_no_structural_match
SHAPCK_TBL.decoded.bin,pck_object_0114_part_005_choice_000_frame_073,pck_object_0114,pck_object_0114_part_005,pck_object_0114_part_005_choice_000,0x00D3A4,3,2,-1,0x0001,1,1,1,0,frame_plus_signed,0x00D3A4,0x00D3A5,yes,0302FF01005C0200000200640205FF81,5,plausible_frame_record_prefix
SHAPCK_TBL.decoded.bin,pck_object_0114_part_005_choice_000_frame_073,pck_object_0114,pck_object_0114_part_005,pck_object_0114_part_005_choice_000,0x00D3A4,3,2,-1,0x0001,1,1,1,0,payload_plus_signed,0x00D3A6,0x00D3A7,yes,FF01005C0200000200640205FF810707,10,byte0_high_bit_set;plausible_frame_record_prefix
SHAPCK_TBL.decoded.bin,pck_object_0114_part_005_choice_000_frame_084,pck_object_0114,pck_object_0114_part_005,pck_object_0114_part_005_choice_000,0x00D3FC,2,23,15,0x0CFF,3327,3327,255,12,direct_unsigned,0x000000,0x000CFF,yes,9A00D8076E015BFF40006E0082FF3D00,10,byte0_high_bit_set;plausible_frame_record_prefix
SHAPCK_TBL.decoded.bin,pck_object_0114_part_005_choice_000_frame_084,pck_object_0114,pck_object_0114_part_005,pck_object_0114_part_005_choice_000,0x00D3FC,2,23,15,0x0CFF,3327,3327,255,12,direct_signed,0x000000,0x000CFF,yes,9A00D8076E015BFF40006E0082FF3D00,10,byte0_high_bit_set;plausible_frame_record_prefix
SHAPCK_TBL.decoded.bin,pck_object_0114_part_005_choice_000_frame_084,pck_object_0114,pck_object_0114_part_005,pck_object_0114_part_005_choice_000,0x00D3FC,2,23,15,0x0CFF,3327,3327,255,12,object_plus_unsigned,0x00D15C,0x00DE5B,no,,0,outside_decoded_stream
SHAPCK_TBL.decoded.bin,pck_object_0114_part_005_choice_000_frame_084,pck_object_0114,pck_object_0114_part_005,pck_object_0114_part_005_choice_000,0x00D3FC,2,23,15,0x0CFF,3327,3327,255,12,object_plus_signed,0x00D15C,0x00DE5B,no,,0,outside_decoded_stream
SHAPCK_TBL.decoded.bin,pck_object_0114_part_005_choice_000_frame_084,pck_object_0114,pck_object_0114_part_005,pck_object_0114_part_005_choice_000,0x00D3FC,2,23,15,0x0CFF,3327,3327,255,12,block_plus_unsigned,0x00D150,0x00DE4F,no,,0,outside_decoded_stream
SHAPCK_TBL.decoded.bin,pck_object_0114_part_005_choice_000_frame_084,pck_object_0114,pck_object_0114_part_005,pck_object_0114_part_005_choice_000,0x00D3FC,2,23,15,0x0CFF,3327,3327,255,12,block_plus_signed,0x00D150,0x00DE4F,no,,0,outside_decoded_stream
SHAPCK_TBL.decoded.bin,pck_object_0114_part_005_choice_000_frame_084,pck_object_0114,pck_object_0114_part_005,pck_object_0114_part_005_choice_000,0x00D3FC,2,23,15,0x0CFF,3327,3327,255,12,part_plus_signed,0x00D192,0x00DE91,no,,0,outside_decoded_stream
SHAPCK_TBL.decoded.bin,pck_object_0114_part_005_choice_000_frame_084,pck_object_0114,pck_object_0114_part_005,pck_object_0114_part_005_choice_000,0x00D3FC,2,23,15,0x0CFF,3327,3327,255,12,frame_plus_signed,0x00D3FC,0x00E0FB,no,,0,outside_decoded_stream
SHAPCK_TBL.decoded.bin,pck_object_0114_part_005_choice_000_frame_084,pck_object_0114,pck_object_0114_part_005,pck_object_0114_part_005_choice_000,0x00D3FC,2,23,15,0x0CFF,3327,3327,255,12,payload_plus_signed,0x00D3FE,0x00E0FD,no,,0,outside_decoded_stream
SHAPCK_TBL.decoded.bin,pck_object_0114_part_005_choice_000_frame_085,pck_object_0114,pck_object_0114_part_005,pck_object_0114_part_005_choice_000,0x00D404,2,-1,26,0x1B1A,6938,6938,26,27,direct_unsigned,0x000000,0x001B1A,yes,130A0811FF0B0B0A1315FF07070B1510,0,in_range_no_structural_match
SHAPCK_TBL.decoded.bin,pck_object_0114_part_005_choice_000_frame_085,pck_object_0114,pck_object_0114_part_005,pck_object_0114_part_005_choice_000,0x00D404,2,-1,26,0x1B1A,6938,6938,26,27,direct_signed,0x000000,0x001B1A,yes,130A0811FF0B0B0A1315FF07070B1510,0,in_range_no_structural_match
SHAPCK_TBL.decoded.bin,pck_object_0114_part_005_choice_000_frame_085,pck_object_0114,pck_object_0114_part_005,pck_object_0114_part_005_choice_000,0x00D404,2,-1,26,0x1B1A,6938,6938,26,27,object_plus_unsigned,0x00D15C,0x00EC76,no,,0,outside_decoded_stream
SHAPCK_TBL.decoded.bin,pck_object_0114_part_005_choice_000_frame_085,pck_object_0114,pck_object_0114_part_005,pck_object_0114_part_005_choice_000,0x00D404,2,-1,26,0x1B1A,6938,6938,26,27,object_plus_signed,0x00D15C,0x00EC76,no,,0,outside_decoded_stream
SHAPCK_TBL.decoded.bin,pck_object_0114_part_005_choice_000_frame_085,pck_object_0114,pck_object_0114_part_005,pck_object_0114_part_005_choice_000,0x00D404,2,-1,26,0x1B1A,6938,6938,26,27,block_plus_unsigned,0x00D150,0x00EC6A,no,,0,outside_decoded_stream
SHAPCK_TBL.decoded.bin,pck_object_0114_part_005_choice_000_frame_085,pck_object_0114,pck_object_0114_part_005,pck_object_0114_part_005_choice_000,0x00D404,2,-1,26,0x1B1A,6938,6938,26,27,block_plus_signed,0x00D150,0x00EC6A,no,,0,outside_decoded_stream
SHAPCK_TBL.decoded.bin,pck_object_0114_part_005_choice_000_frame_085,pck_object_0114,pck_object_0114_part_005,pck_object_0114_part_005_choice_000,0x00D404,2,-1,26,0x1B1A,6938,6938,26,27,part_plus_signed,0x00D192,0x00ECAC,no,,0,outside_decoded_stream
SHAPCK_TBL.decoded.bin,pck_object_0114_part_005_choice_000_frame_085,pck_object_0114,pck_object_0114_part_005,pck_object_0114_part_005_choice_000,0x00D404,2,-1,26,0x1B1A,6938,6938,26,27,frame_plus_signed,0x00D404,0x00EF1E,no,,0,outside_decoded_stream
SHAPCK_TBL.decoded.bin,pck_object_0114_part_005_choice_000_frame_085,pck_object_0114,pck_object_0114_part_005,pck_object_0114_part_005_choice_000,0x00D404,2,-1,26,0x1B1A,6938,6938,26,27,payload_plus_signed,0x00D406,0x00EF20,no,,0,outside_decoded_stream
SHAPCK_TBL.decoded.bin,pck_object_0114_part_005_choice_000_frame_087,pck_object_0114,pck_object_0114_part_005,pck_object_0114_part_005_choice_000,0x00D414,2,0,0,0x0005,5,5,5,0,direct_unsigned,0x000000,0x000005,yes,0032000A00460000005D00060073000B,0,in_range_no_structural_match
SHAPCK_TBL.decoded.bin,pck_object_0114_part_005_choice_000_frame_087,pck_object_0114,pck_object_0114_part_005,pck_object_0114_part_005_choice_000,0x00D414,2,0,0,0x0005,5,5,5,0,direct_signed,0x000000,0x000005,yes,0032000A00460000005D00060073000B,0,in_range_no_structural_match
SHAPCK_TBL.decoded.bin,pck_object_0114_part_005_choice_000_frame_087,pck_object_0114,pck_object_0114_part_005,pck_object_0114_part_005_choice_000,0x00D414,2,0,0,0x0005,5,5,5,0,object_plus_unsigned,0x00D15C,0x00D161,yes,000000000007001A00004B5200010014,5,plausible_frame_record_prefix
SHAPCK_TBL.decoded.bin,pck_object_0114_part_005_choice_000_frame_087,pck_object_0114,pck_object_0114_part_005,pck_object_0114_part_005_choice_000,0x00D414,2,0,0,0x0005,5,5,5,0,object_plus_signed,0x00D15C,0x00D161,yes,000000000007001A00004B5200010014,5,plausible_frame_record_prefix
SHAPCK_TBL.decoded.bin,pck_object_0114_part_005_choice_000_frame_087,pck_object_0114,pck_object_0114_part_005,pck_object_0114_part_005_choice_000,0x00D414,2,0,0,0x0005,5,5,5,0,block_plus_unsigned,0x00D150,0x00D155,yes,FF0B0B232209FF800008020000000000,20,byte0_high_bit_set;plausible_object_header
SHAPCK_TBL.decoded.bin,pck_object_0114_part_005_choice_000_frame_087,pck_object_0114,pck_object_0114_part_005,pck_object_0114_part_005_choice_000,0x00D414,2,0,0,0x0005,5,5,5,0,block_plus_signed,0x00D150,0x00D155,yes,FF0B0B232209FF800008020000000000,20,byte0_high_bit_set;plausible_object_header
SHAPCK_TBL.decoded.bin,pck_object_0114_part_005_choice_000_frame_087,pck_object_0114,pck_object_0114_part_005,pck_object_0114_part_005_choice_000,0x00D414,2,0,0,0x0005,5,5,5,0,part_plus_signed,0x00D192,0x00D197,yes,0067033D4B52000100A903FFFFA6FF42,0,in_range_no_structural_match
SHAPCK_TBL.decoded.bin,pck_object_0114_part_005_choice_000_frame_087,pck_object_0114,pck_object_0114_part_005,pck_object_0114_part_005_choice_000,0x00D414,2,0,0,0x0005,5,5,5,0,frame_plus_signed,0x00D414,0x00D419,yes,00CE02180F81000000000EF602810808,0,in_range_no_structural_match
SHAPCK_TBL.decoded.bin,pck_object_0114_part_005_choice_000_frame_087,pck_object_0114,pck_object_0114_part_005,pck_object_0114_part_005_choice_000,0x00D414,2,0,0,0x0005,5,5,5,0,payload_plus_signed,0x00D416,0x00D41B,yes,02180F81000000000EF6028108080404,0,in_range_no_structural_match
SHAPCK_TBL.decoded.bin,pck_object_0114_part_005_choice_000_frame_089,pck_object_0114,pck_object_0114_part_005,pck_object_0114_part_005_choice_000,0x00D424,2,-127,8,0x0408,1032,1032,8,4,direct_unsigned,0x000000,0x000408,yes,0B0205FF0404080A05FF0B0B070302FF,5,plausible_frame_record_prefix
SHAPCK_TBL.decoded.bin,pck_object_0114_part_005_choice_000_frame_089,pck_object_0114,pck_object_0114_part_005,pck_object_0114_part_005_choice_000,0x00D424,2,-127,8,0x0408,1032,1032,8,4,direct_signed,0x000000,0x000408,yes,0B0205FF0404080A05FF0B0B070302FF,5,plausible_frame_record_prefix
SHAPCK_TBL.decoded.bin,pck_object_0114_part_005_choice_000_frame_089,pck_object_0114,pck_object_0114_part_005,pck_object_0114_part_005_choice_000,0x00D424,2,-127,8,0x0408,1032,1032,8,4,object_plus_unsigned,0x00D15C,0x00D564,yes,0001005B0117FC2FFFFF0731FF6DF891,5,plausible_frame_record_prefix
SHAPCK_TBL.decoded.bin,pck_object_0114_part_005_choice_000_frame_089,pck_object_0114,pck_object_0114_part_005,pck_object_0114_part_005_choice_000,0x00D424,2,-127,8,0x0408,1032,1032,8,4,object_plus_signed,0x00D15C,0x00D564,yes,0001005B0117FC2FFFFF0731FF6DF891,5,plausible_frame_record_prefix
SHAPCK_TBL.decoded.bin,pck_object_0114_part_005_choice_000_frame_089,pck_object_0114,pck_object_0114_part_005,pck_object_0114_part_005_choice_000,0x00D424,2,-127,8,0x0408,1032,1032,8,4,block_plus_unsigned,0x00D150,0x00D558,yes,00002329000100FB000F23290001005B,5,plausible_frame_record_prefix
SHAPCK_TBL.decoded.bin,pck_object_0114_part_005_choice_000_frame_089,pck_object_0114,pck_object_0114_part_005,pck_object_0114_part_005_choice_000,0x00D424,2,-127,8,0x0408,1032,1032,8,4,block_plus_signed,0x00D150,0x00D558,yes,00002329000100FB000F23290001005B,5,plausible_frame_record_prefix
SHAPCK_TBL.decoded.bin,pck_object_0114_part_005_choice_000_frame_089,pck_object_0114,pck_object_0114_part_005,pck_object_0114_part_005_choice_000,0x00D424,2,-127,8,0x0408,1032,1032,8,4,part_plus_signed,0x00D192,0x00D59A,yes,FFEBFFD200C7FFE7FFE100B9FFE2FFEE,5,byte0_high_bit_set
SHAPCK_TBL.decoded.bin,pck_object_0114_part_005_choice_000_frame_089,pck_object_0114,pck_object_0114_part_005,pck_object_0114_part_005_choice_000,0x00D424,2,-127,8,0x0408,1032,1032,8,4,frame_plus_signed,0x00D424,0x00D82C,yes,00000D510181000800000E5701020203,5,plausible_frame_record_prefix
SHAPCK_TBL.decoded.bin,pck_object_0114_part_005_choice_000_frame_089,pck_object_0114,pck_object_0114_part_005,pck_object_0114_part_005_choice_000,0x00D424,2,-127,8,0x0408,1032,1032,8,4,payload_plus_signed,0x00D426,0x00D82E,yes,0D510181000800000E57010202030405,0,in_range_no_structural_match
SHAPCK_TBL.decoded.bin,pck_object_0114_part_005_choice_000_frame_090,pck_object_0114,pck_object_0114_part_005,pck_object_0114_part_005_choice_000,0x00D42C,2,-127,0,0x0000,0,0,0,0,direct_unsigned,0x000000,0x000000,yes,04001E000A0032000A00460000005D00,15,plausible_drawable_extents_at_plus6_plus8;plausible_frame_record_prefix
SHAPCK_TBL.decoded.bin,pck_object_0114_part_005_choice_000_frame_090,pck_object_0114,pck_object_0114_part_005,pck_object_0114_part_005_choice_000,0x00D42C,2,-127,0,0x0000,0,0,0,0,direct_signed,0x000000,0x000000,yes,04001E000A0032000A00460000005D00,15,plausible_drawable_extents_at_plus6_plus8;plausible_frame_record_prefix
SHAPCK_TBL.decoded.bin,pck_object_0114_part_005_choice_000_frame_090,pck_object_0114,pck_object_0114_part_005,pck_object_0114_part_005_choice_000,0x00D42C,2,-127,0,0x0000,0,0,0,0,object_plus_unsigned,0x00D15C,0x00D15C,yes,8000080200000000000007001A00004B,105,exact_object_offset;exact_frame_record;byte0_high_bit_set;plausible_object_header;plausible_frame_record_prefix
SHAPCK_TBL.decoded.bin,pck_object_0114_part_005_choice_000_frame_090,pck_object_0114,pck_object_0114_part_005,pck_object_0114_part_005_choice_000,0x00D42C,2,-127,0,0x0000,0,0,0,0,object_plus_signed,0x00D15C,0x00D15C,yes,8000080200000000000007001A00004B,105,exact_object_offset;exact_frame_record;byte0_high_bit_set;plausible_object_header;plausible_frame_record_prefix
SHAPCK_TBL.decoded.bin,pck_object_0114_part_005_choice_000_frame_090,pck_object_0114,pck_object_0114_part_005,pck_object_0114_part_005_choice_000,0x00D42C,2,-127,0,0x0000,0,0,0,0,block_plus_unsigned,0x00D150,0x00D150,yes,FF0E0E2526FF0B0B232209FF80000802,30,exact_block_offset;byte0_high_bit_set
SHAPCK_TBL.decoded.bin,pck_object_0114_part_005_choice_000_frame_090,pck_object_0114,pck_object_0114_part_005,pck_object_0114_part_005_choice_000,0x00D42C,2,-127,0,0x0000,0,0,0,0,block_plus_signed,0x00D150,0x00D150,yes,FF0E0E2526FF0B0B232209FF80000802,30,exact_block_offset;byte0_high_bit_set
SHAPCK_TBL.decoded.bin,pck_object_0114_part_005_choice_000_frame_090,pck_object_0114,pck_object_0114_part_005,pck_object_0114_part_005_choice_000,0x00D42C,2,-127,0,0x0000,0,0,0,0,part_plus_signed,0x00D192,0x00D192,yes,384B5200010067033D4B52000100A903,35,exact_part_offset
SHAPCK_TBL.decoded.bin,pck_object_0114_part_005_choice_000_frame_090,pck_object_0114,pck_object_0114_part_005,pck_object_0114_part_005_choice_000,0x00D42C,2,-127,0,0x0000,0,0,0,0,frame_plus_signed,0x00D42C,0x00D42C,yes,FD028100000000260303810808080828,40,exact_frame_record;byte0_high_bit_set;plausible_frame_record_prefix
SHAPCK_TBL.decoded.bin,pck_object_0114_part_005_choice_000_frame_090,pck_object_0114,pck_object_0114_part_005,pck_object_0114_part_005_choice_000,0x00D42C,2,-127,0,0x0000,0,0,0,0,payload_plus_signed,0x00D42E,0x00D42E,yes,81000000002603038108080808280903,10,byte0_high_bit_set;plausible_frame_record_prefix
SHAPCK_TBL.decoded.bin,pck_object_0114_part_005_choice_000_frame_091,pck_object_0114,pck_object_0114_part_005,pck_object_0114_part_005_choice_000,0x00D434,3,-127,8,0x0808,2056,2056,8,8,direct_unsigned,0x000000,0x000808,yes,0000FA000000A8067004E0FF0000FA00,5,plausible_frame_record_prefix
SHAPCK_TBL.decoded.bin,pck_object_0114_part_005_choice_000_frame_091,pck_object_0114,pck_object_0114_part_005,pck_object_0114_part_005_choice_000,0x00D434,3,-127,8,0x0808,2056,2056,8,8,direct_signed,0x000000,0x000808,yes,0000FA000000A8067004E0FF0000FA00,5,plausible_frame_record_prefix
SHAPCK_TBL.decoded.bin,pck_object_0114_part_005_choice_000_frame_091,pck_object_0114,pck_object_0114_part_005,pck_object_0114_part_005_choice_000,0x00D434,3,-127,8,0x0808,2056,2056,8,8,object_plus_unsigned,0x00D15C,0x00D964,yes,00E2FF80FF7A00E2FF73FF8C00E1FF3E,0,in_range_no_structural_match
SHAPCK_TBL.decoded.bin,pck_object_0114_part_005_choice_000_frame_091,pck_object_0114,pck_object_0114_part_005,pck_object_0114_part_005_choice_000,0x00D434,3,-127,8,0x0808,2056,2056,8,8,object_plus_signed,0x00D15C,0x00D964,yes,00E2FF80FF7A00E2FF73FF8C00E1FF3E,0,in_range_no_structural_match
SHAPCK_TBL.decoded.bin,pck_object_0114_part_005_choice_000_frame_091,pck_object_0114,pck_object_0114_part_005,pck_object_0114_part_005_choice_000,0x00D434,3,-127,8,0x0808,2056,2056,8,8,block_plus_unsigned,0x00D150,0x00D958,yes,00E2FF63FF3800E2FF89FF4900E2FF80,0,in_range_no_structural_match
SHAPCK_TBL.decoded.bin,pck_object_0114_part_005_choice_000_frame_091,pck_object_0114,pck_object_0114_part_005,pck_object_0114_part_005_choice_000,0x00D434,3,-127,8,0x0808,2056,2056,8,8,block_plus_signed,0x00D150,0x00D958,yes,00E2FF63FF3800E2FF89FF4900E2FF80,0,in_range_no_structural_match
SHAPCK_TBL.decoded.bin,pck_object_0114_part_005_choice_000_frame_091,pck_object_0114,pck_object_0114_part_005,pck_object_0114_part_005_choice_000,0x00D434,3,-127,8,0x0808,2056,2056,8,8,part_plus_signed,0x00D192,0x00D99A,yes,001D0021FF55000000AEF83703000044,0,in_range_no_structural_match
SHAPCK_TBL.decoded.bin,pck_object_0114_part_005_choice_000_frame_091,pck_object_0114,pck_object_0114_part_005,pck_object_0114_part_005_choice_000,0x00D434,3,-127,8,0x0808,2056,2056,8,8,frame_plus_signed,0x00D434,0x00DC3C,yes,EBFEAAFF46FEEEFE0000AD01D207AAFF,5,byte0_high_bit_set
SHAPCK_TBL.decoded.bin,pck_object_0114_part_005_choice_000_frame_091,pck_object_0114,pck_object_0114_part_005,pck_object_0114_part_005_choice_000,0x00D434,3,-127,8,0x0808,2056,2056,8,8,payload_plus_signed,0x00D436,0x00DC3E,yes,AAFF46FEEEFE0000AD01D207AAFF5DFE,5,byte0_high_bit_set
SHAPCK_TBL.decoded.bin,pck_object_0114_part_005_choice_000_frame_092,pck_object_0114,pck_object_0114_part_005,pck_object_0114_part_005_choice_000,0x00D43C,3,-127,0,0x0000,0,0,0,0,direct_unsigned,0x000000,0x000000,yes,04001E000A0032000A00460000005D00,15,plausible_drawable_extents_at_plus6_plus8;plausible_frame_record_prefix
SHAPCK_TBL.decoded.bin,pck_object_0114_part_005_choice_000_frame_092,pck_object_0114,pck_object_0114_part_005,pck_object_0114_part_005_choice_000,0x00D43C,3,-127,0,0x0000,0,0,0,0,direct_signed,0x000000,0x000000,yes,04001E000A0032000A00460000005D00,15,plausible_drawable_extents_at_plus6_plus8;plausible_frame_record_prefix
SHAPCK_TBL.decoded.bin,pck_object_0114_part_005_choice_000_frame_092,pck_object_0114,pck_object_0114_part_005,pck_object_0114_part_005_choice_000,0x00D43C,3,-127,0,0x0000,0,0,0,0,object_plus_unsigned,0x00D15C,0x00D15C,yes,8000080200000000000007001A00004B,105,exact_object_offset;exact_frame_record;byte0_high_bit_set;plausible_object_header;plausible_frame_record_prefix
SHAPCK_TBL.decoded.bin,pck_object_0114_part_005_choice_000_frame_092,pck_object_0114,pck_object_0114_part_005,pck_object_0114_part_005_choice_000,0x00D43C,3,-127,0,0x0000,0,0,0,0,object_plus_signed,0x00D15C,0x00D15C,yes,8000080200000000000007001A00004B,105,exact_object_offset;exact_frame_record;byte0_high_bit_set;plausible_object_header;plausible_frame_record_prefix
SHAPCK_TBL.decoded.bin,pck_object_0114_part_005_choice_000_frame_092,pck_object_0114,pck_object_0114_part_005,pck_object_0114_part_005_choice_000,0x00D43C,3,-127,0,0x0000,0,0,0,0,block_plus_unsigned,0x00D150,0x00D150,yes,FF0E0E2526FF0B0B232209FF80000802,30,exact_block_offset;byte0_high_bit_set
SHAPCK_TBL.decoded.bin,pck_object_0114_part_005_choice_000_frame_092,pck_object_0114,pck_object_0114_part_005,pck_object_0114_part_005_choice_000,0x00D43C,3,-127,0,0x0000,0,0,0,0,block_plus_signed,0x00D150,0x00D150,yes,FF0E0E2526FF0B0B232209FF80000802,30,exact_block_offset;byte0_high_bit_set
SHAPCK_TBL.decoded.bin,pck_object_0114_part_005_choice_000_frame_092,pck_object_0114,pck_object_0114_part_005,pck_object_0114_part_005_choice_000,0x00D43C,3,-127,0,0x0000,0,0,0,0,part_plus_signed,0x00D192,0x00D192,yes,384B5200010067033D4B52000100A903,35,exact_part_offset
SHAPCK_TBL.decoded.bin,pck_object_0114_part_005_choice_000_frame_092,pck_object_0114,pck_object_0114_part_005,pck_object_0114_part_005_choice_000,0x00D43C,3,-127,0,0x0000,0,0,0,0,frame_plus_signed,0x00D43C,0x00D43C,yes,090381000000002A0F031E1E1F202122,35,exact_frame_record;plausible_frame_record_prefix
SHAPCK_TBL.decoded.bin,pck_object_0114_part_005_choice_000_frame_092,pck_object_0114,pck_object_0114_part_005,pck_object_0114_part_005_choice_000,0x00D43C,3,-127,0,0x0000,0,0,0,0,payload_plus_signed,0x00D43E,0x00D43E,yes,81000000002A0F031E1E1F202122FF24,10,byte0_high_bit_set;plausible_frame_record_prefix
SHAPCK_TBL.decoded.bin,pck_object_0114_part_005_choice_000_frame_093,pck_object_0114,pck_object_0114_part_005,pck_object_0114_part_005_choice_000,0x00D444,3,30,30,0x201F,8223,8223,31,32,direct_unsigned,0x000000,0x00201F,yes,0AFF01000501000005000D01000F8100,0,in_range_no_structural_match
SHAPCK_TBL.decoded.bin,pck_object_0114_part_005_choice_000_frame_093,pck_object_0114,pck_object_0114_part_005,pck_object_0114_part_005_choice_000,0x00D444,3,30,30,0x201F,8223,8223,31,32,direct_signed,0x000000,0x00201F,yes,0AFF01000501000005000D01000F8100,0,in_range_no_structural_match
SHAPCK_TBL.decoded.bin,pck_object_0114_part_005_choice_000_frame_093,pck_object_0114,pck_object_0114_part_005,pck_object_0114_part_005_choice_000,0x00D444,3,30,30,0x201F,8223,8223,31,32,object_plus_unsigned,0x00D15C,0x00F17B,no,,0,outside_decoded_stream
SHAPCK_TBL.decoded.bin,pck_object_0114_part_005_choice_000_frame_093,pck_object_0114,pck_object_0114_part_005,pck_object_0114_part_005_choice_000,0x00D444,3,30,30,0x201F,8223,8223,31,32,object_plus_signed,0x00D15C,0x00F17B,no,,0,outside_decoded_stream
SHAPCK_TBL.decoded.bin,pck_object_0114_part_005_choice_000_frame_093,pck_object_0114,pck_object_0114_part_005,pck_object_0114_part_005_choice_000,0x00D444,3,30,30,0x201F,8223,8223,31,32,block_plus_unsigned,0x00D150,0x00F16F,no,,0,outside_decoded_stream
SHAPCK_TBL.decoded.bin,pck_object_0114_part_005_choice_000_frame_093,pck_object_0114,pck_object_0114_part_005,pck_object_0114_part_005_choice_000,0x00D444,3,30,30,0x201F,8223,8223,31,32,block_plus_signed,0x00D150,0x00F16F,no,,0,outside_decoded_stream
SHAPCK_TBL.decoded.bin,pck_object_0114_part_005_choice_000_frame_093,pck_object_0114,pck_object_0114_part_005,pck_object_0114_part_005_choice_000,0x00D444,3,30,30,0x201F,8223,8223,31,32,part_plus_signed,0x00D192,0x00F1B1,no,,0,outside_decoded_stream
SHAPCK_TBL.decoded.bin,pck_object_0114_part_005_choice_000_frame_093,pck_object_0114,pck_object_0114_part_005,pck_object_0114_part_005_choice_000,0x00D444,3,30,30,0x201F,8223,8223,31,32,frame_plus_signed,0x00D444,0x00F463,no,,0,outside_decoded_stream
SHAPCK_TBL.decoded.bin,pck_object_0114_part_005_choice_000_frame_093,pck_object_0114,pck_object_0114_part_005,pck_object_0114_part_005_choice_000,0x00D444,3,30,30,0x201F,8223,8223,31,32,payload_plus_signed,0x00D446,0x00F465,no,,0,outside_decoded_stream
SHAPCK_TBL.decoded.bin,pck_object_0114_part_005_choice_000_frame_127,pck_object_0114,pck_object_0114_part_005,pck_object_0114_part_005_choice_000,0x00D554,2,0,25,0x0000,0,0,0,0,direct_unsigned,0x000000,0x000000,yes,04001E000A0032000A00460000005D00,15,plausible_drawable_extents_at_plus6_plus8;plausible_frame_record_prefix
SHAPCK_TBL.decoded.bin,pck_object_0114_part_005_choice_000_frame_127,pck_object_0114,pck_object_0114_part_005,pck_object_0114_part_005_choice_000,0x00D554,2,0,25,0x0000,0,0,0,0,direct_signed,0x000000,0x000000,yes,04001E000A0032000A00460000005D00,15,plausible_drawable_extents_at_plus6_plus8;plausible_frame_record_prefix
SHAPCK_TBL.decoded.bin,pck_object_0114_part_005_choice_000_frame_127,pck_object_0114,pck_object_0114_part_005,pck_object_0114_part_005_choice_000,0x00D554,2,0,25,0x0000,0,0,0,0,object_plus_unsigned,0x00D15C,0x00D15C,yes,8000080200000000000007001A00004B,105,exact_object_offset;exact_frame_record;byte0_high_bit_set;plausible_object_header;plausible_frame_record_prefix
SHAPCK_TBL.decoded.bin,pck_object_0114_part_005_choice_000_frame_127,pck_object_0114,pck_object_0114_part_005,pck_object_0114_part_005_choice_000,0x00D554,2,0,25,0x0000,0,0,0,0,object_plus_signed,0x00D15C,0x00D15C,yes,8000080200000000000007001A00004B,105,exact_object_offset;exact_frame_record;byte0_high_bit_set;plausible_object_header;plausible_frame_record_prefix
SHAPCK_TBL.decoded.bin,pck_object_0114_part_005_choice_000_frame_127,pck_object_0114,pck_object_0114_part_005,pck_object_0114_part_005_choice_000,0x00D554,2,0,25,0x0000,0,0,0,0,block_plus_unsigned,0x00D150,0x00D150,yes,FF0E0E2526FF0B0B232209FF80000802,30,exact_block_offset;byte0_high_bit_set
SHAPCK_TBL.decoded.bin,pck_object_0114_part_005_choice_000_frame_127,pck_object_0114,pck_object_0114_part_005,pck_object_0114_part_005_choice_000,0x00D554,2,0,25,0x0000,0,0,0,0,block_plus_signed,0x00D150,0x00D150,yes,FF0E0E2526FF0B0B232209FF80000802,30,exact_block_offset;byte0_high_bit_set
SHAPCK_TBL.decoded.bin,pck_object_0114_part_005_choice_000_frame_127,pck_object_0114,pck_object_0114_part_005,pck_object_0114_part_005_choice_000,0x00D554,2,0,25,0x0000,0,0,0,0,part_plus_signed,0x00D192,0x00D192,yes,384B5200010067033D4B52000100A903,35,exact_part_offset
SHAPCK_TBL.decoded.bin,pck_object_0114_part_005_choice_000_frame_127,pck_object_0114,pck_object_0114_part_005,pck_object_0114_part_005_choice_000,0x00D554,2,0,25,0x0000,0,0,0,0,frame_plus_signed,0x00D554,0x00D554,yes,0002001900002329000100FB000F2329,35,exact_frame_record;plausible_frame_record_prefix
SHAPCK_TBL.decoded.bin,pck_object_0114_part_005_choice_000_frame_127,pck_object_0114,pck_object_0114_part_005,pck_object_0114_part_005_choice_000,0x00D554,2,0,25,0x0000,0,0,0,0,payload_plus_signed,0x00D556,0x00D556,yes,001900002329000100FB000F23290001,0,in_range_no_structural_match
SHAPCK_TBL.decoded.bin,pck_object_0114_part_006_choice_000_frame_041,pck_object_0114,pck_object_0114_part_006,pck_object_0114_part_006_choice_000,0x00D2A4,3,0,0,0x0000,0,0,0,0,direct_unsigned,0x000000,0x000000,yes,04001E000A0032000A00460000005D00,15,plausible_drawable_extents_at_plus6_plus8;plausible_frame_record_prefix
SHAPCK_TBL.decoded.bin,pck_object_0114_part_006_choice_000_frame_041,pck_object_0114,pck_object_0114_part_006,pck_object_0114_part_006_choice_000,0x00D2A4,3,0,0,0x0000,0,0,0,0,direct_signed,0x000000,0x000000,yes,04001E000A0032000A00460000005D00,15,plausible_drawable_extents_at_plus6_plus8;plausible_frame_record_prefix
SHAPCK_TBL.decoded.bin,pck_object_0114_part_006_choice_000_frame_041,pck_object_0114,pck_object_0114_part_006,pck_object_0114_part_006_choice_000,0x00D2A4,3,0,0,0x0000,0,0,0,0,object_plus_unsigned,0x00D15C,0x00D15C,yes,8000080200000000000007001A00004B,105,exact_object_offset;exact_frame_record;byte0_high_bit_set;plausible_object_header;plausible_frame_record_prefix
SHAPCK_TBL.decoded.bin,pck_object_0114_part_006_choice_000_frame_041,pck_object_0114,pck_object_0114_part_006,pck_object_0114_part_006_choice_000,0x00D2A4,3,0,0,0x0000,0,0,0,0,object_plus_signed,0x00D15C,0x00D15C,yes,8000080200000000000007001A00004B,105,exact_object_offset;exact_frame_record;byte0_high_bit_set;plausible_object_header;plausible_frame_record_prefix
SHAPCK_TBL.decoded.bin,pck_object_0114_part_006_choice_000_frame_041,pck_object_0114,pck_object_0114_part_006,pck_object_0114_part_006_choice_000,0x00D2A4,3,0,0,0x0000,0,0,0,0,block_plus_unsigned,0x00D150,0x00D150,yes,FF0E0E2526FF0B0B232209FF80000802,30,exact_block_offset;byte0_high_bit_set
SHAPCK_TBL.decoded.bin,pck_object_0114_part_006_choice_000_frame_041,pck_object_0114,pck_object_0114_part_006,pck_object_0114_part_006_choice_000,0x00D2A4,3,0,0,0x0000,0,0,0,0,block_plus_signed,0x00D150,0x00D150,yes,FF0E0E2526FF0B0B232209FF80000802,30,exact_block_offset;byte0_high_bit_set
SHAPCK_TBL.decoded.bin,pck_object_0114_part_006_choice_000_frame_041,pck_object_0114,pck_object_0114_part_006,pck_object_0114_part_006_choice_000,0x00D2A4,3,0,0,0x0000,0,0,0,0,part_plus_signed,0x00D19A,0x00D19A,yes,3D4B52000100A903FFFFA6FF42000000,35,exact_part_offset
SHAPCK_TBL.decoded.bin,pck_object_0114_part_006_choice_000_frame_041,pck_object_0114,pck_object_0114_part_006,pck_object_0114_part_006_choice_000,0x00D2A4,3,0,0,0x0000,0,0,0,0,frame_plus_signed,0x00D2A4,0x00D2A4,yes,E803000000008100B2FE31FF8100AAFE,40,exact_frame_record;byte0_high_bit_set;plausible_frame_record_prefix
SHAPCK_TBL.decoded.bin,pck_object_0114_part_006_choice_000_frame_041,pck_object_0114,pck_object_0114_part_006,pck_object_0114_part_006_choice_000,0x00D2A4,3,0,0,0x0000,0,0,0,0,payload_plus_signed,0x00D2A6,0x00D2A6,yes,000000008100B2FE31FF8100AAFE02FF,5,plausible_frame_record_prefix
SHAPCK_TBL.decoded.bin,pck_object_0114_part_006_choice_000_frame_047,pck_object_0114,pck_object_0114_part_006,pck_object_0114_part_006_choice_000,0x00D2D4,3,-8,-8,0x0132,306,306,50,1,direct_unsigned,0x000000,0x000132,yes,36080F004C08050063080A009F080F00,0,in_range_no_structural_match
SHAPCK_TBL.decoded.bin,pck_object_0114_part_006_choice_000_frame_047,pck_object_0114,pck_object_0114_part_006,pck_object_0114_part_006_choice_000,0x00D2D4,3,-8,-8,0x0132,306,306,50,1,direct_signed,0x000000,0x000132,yes,36080F004C08050063080A009F080F00,0,in_range_no_structural_match
SHAPCK_TBL.decoded.bin,pck_object_0114_part_006_choice_000_frame_047,pck_object_0114,pck_object_0114_part_006,pck_object_0114_part_006_choice_000,0x00D2D4,3,-8,-8,0x0132,306,306,50,1,object_plus_unsigned,0x00D15C,0x00D28E,yes,7BFE0AFF52006FFE2AF89FFFD9FEF9FE,0,in_range_no_structural_match
SHAPCK_TBL.decoded.bin,pck_object_0114_part_006_choice_000_frame_047,pck_object_0114,pck_object_0114_part_006,pck_object_0114_part_006_choice_000,0x00D2D4,3,-8,-8,0x0132,306,306,50,1,object_plus_signed,0x00D15C,0x00D28E,yes,7BFE0AFF52006FFE2AF89FFFD9FEF9FE,0,in_range_no_structural_match
SHAPCK_TBL.decoded.bin,pck_object_0114_part_006_choice_000_frame_047,pck_object_0114,pck_object_0114_part_006,pck_object_0114_part_006_choice_000,0x00D2D4,3,-8,-8,0x0132,306,306,50,1,block_plus_unsigned,0x00D150,0x00D282,yes,E2FE28FF61FCFFF857019FFF7BFE0AFF,5,byte0_high_bit_set
SHAPCK_TBL.decoded.bin,pck_object_0114_part_006_choice_000_frame_047,pck_object_0114,pck_object_0114_part_006,pck_object_0114_part_006_choice_000,0x00D2D4,3,-8,-8,0x0132,306,306,50,1,block_plus_signed,0x00D150,0x00D282,yes,E2FE28FF61FCFFF857019FFF7BFE0AFF,5,byte0_high_bit_set
SHAPCK_TBL.decoded.bin,pck_object_0114_part_006_choice_000_frame_047,pck_object_0114,pck_object_0114_part_006,pck_object_0114_part_006_choice_000,0x00D2D4,3,-8,-8,0x0132,306,306,50,1,part_plus_signed,0x00D19A,0x00D2CC,yes,39FF5F00E2FE28FF9F03F8F832015F00,30,exact_frame_record
SHAPCK_TBL.decoded.bin,pck_object_0114_part_006_choice_000_frame_047,pck_object_0114,pck_object_0114_part_006,pck_object_0114_part_006_choice_000,0x00D2D4,3,-8,-8,0x0132,306,306,50,1,frame_plus_signed,0x00D2D4,0x00D406,yes,FF1A1A1B0CFF19190B0F17FF0100C602,5,byte0_high_bit_set
SHAPCK_TBL.decoded.bin,pck_object_0114_part_006_choice_000_frame_047,pck_object_0114,pck_object_0114_part_006,pck_object_0114_part_006_choice_000,0x00D2D4,3,-8,-8,0x0132,306,306,50,1,payload_plus_signed,0x00D2D6,0x00D408,yes,1A1B0CFF19190B0F17FF0100C6020000,0,in_range_no_structural_match
SHAPCK_TBL.decoded.bin,pck_object_0114_part_006_choice_000_frame_066,pck_object_0114,pck_object_0114_part_006,pck_object_0114_part_006_choice_000,0x00D36C,2,0,33,0x0181,385,385,129,1,direct_unsigned,0x000000,0x000181,yes,00020B0500180B03002E0B0D00440B0F,5,plausible_frame_record_prefix
SHAPCK_TBL.decoded.bin,pck_object_0114_part_006_choice_000_frame_066,pck_object_0114,pck_object_0114_part_006,pck_object_0114_part_006_choice_000,0x00D36C,2,0,33,0x0181,385,385,129,1,direct_signed,0x000000,0x000181,yes,00020B0500180B03002E0B0D00440B0F,5,plausible_frame_record_prefix
SHAPCK_TBL.decoded.bin,pck_object_0114_part_006_choice_000_frame_066,pck_object_0114,pck_object_0114_part_006,pck_object_0114_part_006_choice_000,0x00D36C,2,0,33,0x0181,385,385,129,1,object_plus_unsigned,0x00D15C,0x00D2DD,yes,FE0AFF1D0094FE21F85F00D9FEF9FE85,5,byte0_high_bit_set
SHAPCK_TBL.decoded.bin,pck_object_0114_part_006_choice_000_frame_066,pck_object_0114,pck_object_0114_part_006,pck_object_0114_part_006_choice_000,0x00D36C,2,0,33,0x0181,385,385,129,1,object_plus_signed,0x00D15C,0x00D2DD,yes,FE0AFF1D0094FE21F85F00D9FEF9FE85,5,byte0_high_bit_set
SHAPCK_TBL.decoded.bin,pck_object_0114_part_006_choice_000_frame_066,pck_object_0114,pck_object_0114_part_006,pck_object_0114_part_006_choice_000,0x00D36C,2,0,33,0x0181,385,385,129,1,block_plus_unsigned,0x00D150,0x00D2D1,yes,FE28FF9F03F8F832015F007BFE0AFF1D,5,byte0_high_bit_set
SHAPCK_TBL.decoded.bin,pck_object_0114_part_006_choice_000_frame_066,pck_object_0114,pck_object_0114_part_006,pck_object_0114_part_006_choice_000,0x00D36C,2,0,33,0x0181,385,385,129,1,block_plus_signed,0x00D150,0x00D2D1,yes,FE28FF9F03F8F832015F007BFE0AFF1D,5,byte0_high_bit_set
SHAPCK_TBL.decoded.bin,pck_object_0114_part_006_choice_000_frame_066,pck_object_0114,pck_object_0114_part_006,pck_object_0114_part_006_choice_000,0x00D36C,2,0,33,0x0181,385,385,129,1,part_plus_signed,0x00D19A,0x00D31B,yes,FEE0FF6DFFD7FE20006DFFD7FE200079,5,byte0_high_bit_set
SHAPCK_TBL.decoded.bin,pck_object_0114_part_006_choice_000_frame_066,pck_object_0114,pck_object_0114_part_006,pck_object_0114_part_006_choice_000,0x00D36C,2,0,33,0x0181,385,385,129,1,frame_plus_signed,0x00D36C,0x00D4ED,yes,FF0D0D3B3CFF0A0A3A3908FF0100AD03,5,byte0_high_bit_set
SHAPCK_TBL.decoded.bin,pck_object_0114_part_006_choice_000_frame_066,pck_object_0114,pck_object_0114_part_006,pck_object_0114_part_006_choice_000,0x00D36C,2,0,33,0x0181,385,385,129,1,payload_plus_signed,0x00D36E,0x00D4EF,yes,0D3B3CFF0A0A3A3908FF0100AD030000,0,in_range_no_structural_match
SHAPCK_TBL.decoded.bin,pck_object_0114_part_006_choice_000_frame_073,pck_object_0114,pck_object_0114_part_006,pck_object_0114_part_006_choice_000,0x00D3A4,3,2,-1,0x0001,1,1,1,0,direct_unsigned,0x000000,0x000001,yes,001E000A0032000A00460000005D0006,0,in_range_no_structural_match
SHAPCK_TBL.decoded.bin,pck_object_0114_part_006_choice_000_frame_073,pck_object_0114,pck_object_0114_part_006,pck_object_0114_part_006_choice_000,0x00D3A4,3,2,-1,0x0001,1,1,1,0,direct_signed,0x000000,0x000001,yes,001E000A0032000A00460000005D0006,0,in_range_no_structural_match
SHAPCK_TBL.decoded.bin,pck_object_0114_part_006_choice_000_frame_073,pck_object_0114,pck_object_0114_part_006,pck_object_0114_part_006_choice_000,0x00D3A4,3,2,-1,0x0001,1,1,1,0,object_plus_unsigned,0x00D15C,0x00D15D,yes,00080200000000000007001A00004B52,0,in_range_no_structural_match
SHAPCK_TBL.decoded.bin,pck_object_0114_part_006_choice_000_frame_073,pck_object_0114,pck_object_0114_part_006,pck_object_0114_part_006_choice_000,0x00D3A4,3,2,-1,0x0001,1,1,1,0,object_plus_signed,0x00D15C,0x00D15D,yes,00080200000000000007001A00004B52,0,in_range_no_structural_match
SHAPCK_TBL.decoded.bin,pck_object_0114_part_006_choice_000_frame_073,pck_object_0114,pck_object_0114_part_006,pck_object_0114_part_006_choice_000,0x00D3A4,3,2,-1,0x0001,1,1,1,0,block_plus_unsigned,0x00D150,0x00D151,yes,0E0E2526FF0B0B232209FF8000080200,0,in_range_no_structural_match
SHAPCK_TBL.decoded.bin,pck_object_0114_part_006_choice_000_frame_073,pck_object_0114,pck_object_0114_part_006,pck_object_0114_part_006_choice_000,0x00D3A4,3,2,-1,0x0001,1,1,1,0,block_plus_signed,0x00D150,0x00D151,yes,0E0E2526FF0B0B232209FF8000080200,0,in_range_no_structural_match
SHAPCK_TBL.decoded.bin,pck_object_0114_part_006_choice_000_frame_073,pck_object_0114,pck_object_0114_part_006,pck_object_0114_part_006_choice_000,0x00D3A4,3,2,-1,0x0001,1,1,1,0,part_plus_signed,0x00D19A,0x00D19B,yes,4B52000100A903FFFFA6FF420000003C,0,in_range_no_structural_match
SHAPCK_TBL.decoded.bin,pck_object_0114_part_006_choice_000_frame_073,pck_object_0114,pck_object_0114_part_006,pck_object_0114_part_006_choice_000,0x00D3A4,3,2,-1,0x0001,1,1,1,0,frame_plus_signed,0x00D3A4,0x00D3A5,yes,0302FF01005C0200000200640205FF81,5,plausible_frame_record_prefix
SHAPCK_TBL.decoded.bin,pck_object_0114_part_006_choice_000_frame_073,pck_object_0114,pck_object_0114_part_006,pck_object_0114_part_006_choice_000,0x00D3A4,3,2,-1,0x0001,1,1,1,0,payload_plus_signed,0x00D3A6,0x00D3A7,yes,FF01005C0200000200640205FF810707,10,byte0_high_bit_set;plausible_frame_record_prefix
SHAPCK_TBL.decoded.bin,pck_object_0114_part_006_choice_000_frame_084,pck_object_0114,pck_object_0114_part_006,pck_object_0114_part_006_choice_000,0x00D3FC,2,23,15,0x0CFF,3327,3327,255,12,direct_unsigned,0x000000,0x000CFF,yes,9A00D8076E015BFF40006E0082FF3D00,10,byte0_high_bit_set;plausible_frame_record_prefix
SHAPCK_TBL.decoded.bin,pck_object_0114_part_006_choice_000_frame_084,pck_object_0114,pck_object_0114_part_006,pck_object_0114_part_006_choice_000,0x00D3FC,2,23,15,0x0CFF,3327,3327,255,12,direct_signed,0x000000,0x000CFF,yes,9A00D8076E015BFF40006E0082FF3D00,10,byte0_high_bit_set;plausible_frame_record_prefix
SHAPCK_TBL.decoded.bin,pck_object_0114_part_006_choice_000_frame_084,pck_object_0114,pck_object_0114_part_006,pck_object_0114_part_006_choice_000,0x00D3FC,2,23,15,0x0CFF,3327,3327,255,12,object_plus_unsigned,0x00D15C,0x00DE5B,no,,0,outside_decoded_stream
SHAPCK_TBL.decoded.bin,pck_object_0114_part_006_choice_000_frame_084,pck_object_0114,pck_object_0114_part_006,pck_object_0114_part_006_choice_000,0x00D3FC,2,23,15,0x0CFF,3327,3327,255,12,object_plus_signed,0x00D15C,0x00DE5B,no,,0,outside_decoded_stream
SHAPCK_TBL.decoded.bin,pck_object_0114_part_006_choice_000_frame_084,pck_object_0114,pck_object_0114_part_006,pck_object_0114_part_006_choice_000,0x00D3FC,2,23,15,0x0CFF,3327,3327,255,12,block_plus_unsigned,0x00D150,0x00DE4F,no,,0,outside_decoded_stream
SHAPCK_TBL.decoded.bin,pck_object_0114_part_006_choice_000_frame_084,pck_object_0114,pck_object_0114_part_006,pck_object_0114_part_006_choice_000,0x00D3FC,2,23,15,0x0CFF,3327,3327,255,12,block_plus_signed,0x00D150,0x00DE4F,no,,0,outside_decoded_stream
SHAPCK_TBL.decoded.bin,pck_object_0114_part_006_choice_000_frame_084,pck_object_0114,pck_object_0114_part_006,pck_object_0114_part_006_choice_000,0x00D3FC,2,23,15,0x0CFF,3327,3327,255,12,part_plus_signed,0x00D19A,0x00DE99,no,,0,outside_decoded_stream
SHAPCK_TBL.decoded.bin,pck_object_0114_part_006_choice_000_frame_084,pck_object_0114,pck_object_0114_part_006,pck_object_0114_part_006_choice_000,0x00D3FC,2,23,15,0x0CFF,3327,3327,255,12,frame_plus_signed,0x00D3FC,0x00E0FB,no,,0,outside_decoded_stream
SHAPCK_TBL.decoded.bin,pck_object_0114_part_006_choice_000_frame_084,pck_object_0114,pck_object_0114_part_006,pck_object_0114_part_006_choice_000,0x00D3FC,2,23,15,0x0CFF,3327,3327,255,12,payload_plus_signed,0x00D3FE,0x00E0FD,no,,0,outside_decoded_stream
SHAPCK_TBL.decoded.bin,pck_object_0114_part_006_choice_000_frame_085,pck_object_0114,pck_object_0114_part_006,pck_object_0114_part_006_choice_000,0x00D404,2,-1,26,0x1B1A,6938,6938,26,27,direct_unsigned,0x000000,0x001B1A,yes,130A0811FF0B0B0A1315FF07070B1510,0,in_range_no_structural_match
SHAPCK_TBL.decoded.bin,pck_object_0114_part_006_choice_000_frame_085,pck_object_0114,pck_object_0114_part_006,pck_object_0114_part_006_choice_000,0x00D404,2,-1,26,0x1B1A,6938,6938,26,27,direct_signed,0x000000,0x001B1A,yes,130A0811FF0B0B0A1315FF07070B1510,0,in_range_no_structural_match
SHAPCK_TBL.decoded.bin,pck_object_0114_part_006_choice_000_frame_085,pck_object_0114,pck_object_0114_part_006,pck_object_0114_part_006_choice_000,0x00D404,2,-1,26,0x1B1A,6938,6938,26,27,object_plus_unsigned,0x00D15C,0x00EC76,no,,0,outside_decoded_stream
SHAPCK_TBL.decoded.bin,pck_object_0114_part_006_choice_000_frame_085,pck_object_0114,pck_object_0114_part_006,pck_object_0114_part_006_choice_000,0x00D404,2,-1,26,0x1B1A,6938,6938,26,27,object_plus_signed,0x00D15C,0x00EC76,no,,0,outside_decoded_stream
SHAPCK_TBL.decoded.bin,pck_object_0114_part_006_choice_000_frame_085,pck_object_0114,pck_object_0114_part_006,pck_object_0114_part_006_choice_000,0x00D404,2,-1,26,0x1B1A,6938,6938,26,27,block_plus_unsigned,0x00D150,0x00EC6A,no,,0,outside_decoded_stream
SHAPCK_TBL.decoded.bin,pck_object_0114_part_006_choice_000_frame_085,pck_object_0114,pck_object_0114_part_006,pck_object_0114_part_006_choice_000,0x00D404,2,-1,26,0x1B1A,6938,6938,26,27,block_plus_signed,0x00D150,0x00EC6A,no,,0,outside_decoded_stream
SHAPCK_TBL.decoded.bin,pck_object_0114_part_006_choice_000_frame_085,pck_object_0114,pck_object_0114_part_006,pck_object_0114_part_006_choice_000,0x00D404,2,-1,26,0x1B1A,6938,6938,26,27,part_plus_signed,0x00D19A,0x00ECB4,no,,0,outside_decoded_stream
SHAPCK_TBL.decoded.bin,pck_object_0114_part_006_choice_000_frame_085,pck_object_0114,pck_object_0114_part_006,pck_object_0114_part_006_choice_000,0x00D404,2,-1,26,0x1B1A,6938,6938,26,27,frame_plus_signed,0x00D404,0x00EF1E,no,,0,outside_decoded_stream
SHAPCK_TBL.decoded.bin,pck_object_0114_part_006_choice_000_frame_085,pck_object_0114,pck_object_0114_part_006,pck_object_0114_part_006_choice_000,0x00D404,2,-1,26,0x1B1A,6938,6938,26,27,payload_plus_signed,0x00D406,0x00EF20,no,,0,outside_decoded_stream
SHAPCK_TBL.decoded.bin,pck_object_0114_part_006_choice_000_frame_087,pck_object_0114,pck_object_0114_part_006,pck_object_0114_part_006_choice_000,0x00D414,2,0,0,0x0005,5,5,5,0,direct_unsigned,0x000000,0x000005,yes,0032000A00460000005D00060073000B,0,in_range_no_structural_match
SHAPCK_TBL.decoded.bin,pck_object_0114_part_006_choice_000_frame_087,pck_object_0114,pck_object_0114_part_006,pck_object_0114_part_006_choice_000,0x00D414,2,0,0,0x0005,5,5,5,0,direct_signed,0x000000,0x000005,yes,0032000A00460000005D00060073000B,0,in_range_no_structural_match
SHAPCK_TBL.decoded.bin,pck_object_0114_part_006_choice_000_frame_087,pck_object_0114,pck_object_0114_part_006,pck_object_0114_part_006_choice_000,0x00D414,2,0,0,0x0005,5,5,5,0,object_plus_unsigned,0x00D15C,0x00D161,yes,000000000007001A00004B5200010014,5,plausible_frame_record_prefix
SHAPCK_TBL.decoded.bin,pck_object_0114_part_006_choice_000_frame_087,pck_object_0114,pck_object_0114_part_006,pck_object_0114_part_006_choice_000,0x00D414,2,0,0,0x0005,5,5,5,0,object_plus_signed,0x00D15C,0x00D161,yes,000000000007001A00004B5200010014,5,plausible_frame_record_prefix
SHAPCK_TBL.decoded.bin,pck_object_0114_part_006_choice_000_frame_087,pck_object_0114,pck_object_0114_part_006,pck_object_0114_part_006_choice_000,0x00D414,2,0,0,0x0005,5,5,5,0,block_plus_unsigned,0x00D150,0x00D155,yes,FF0B0B232209FF800008020000000000,20,byte0_high_bit_set;plausible_object_header
SHAPCK_TBL.decoded.bin,pck_object_0114_part_006_choice_000_frame_087,pck_object_0114,pck_object_0114_part_006,pck_object_0114_part_006_choice_000,0x00D414,2,0,0,0x0005,5,5,5,0,block_plus_signed,0x00D150,0x00D155,yes,FF0B0B232209FF800008020000000000,20,byte0_high_bit_set;plausible_object_header
SHAPCK_TBL.decoded.bin,pck_object_0114_part_006_choice_000_frame_087,pck_object_0114,pck_object_0114_part_006,pck_object_0114_part_006_choice_000,0x00D414,2,0,0,0x0005,5,5,5,0,part_plus_signed,0x00D19A,0x00D19F,yes,00A903FFFFA6FF420000003C0350079F,0,in_range_no_structural_match
SHAPCK_TBL.decoded.bin,pck_object_0114_part_006_choice_000_frame_087,pck_object_0114,pck_object_0114_part_006,pck_object_0114_part_006_choice_000,0x00D414,2,0,0,0x0005,5,5,5,0,frame_plus_signed,0x00D414,0x00D419,yes,00CE02180F81000000000EF602810808,0,in_range_no_structural_match
SHAPCK_TBL.decoded.bin,pck_object_0114_part_006_choice_000_frame_087,pck_object_0114,pck_object_0114_part_006,pck_object_0114_part_006_choice_000,0x00D414,2,0,0,0x0005,5,5,5,0,payload_plus_signed,0x00D416,0x00D41B,yes,02180F81000000000EF6028108080404,0,in_range_no_structural_match
SHAPCK_TBL.decoded.bin,pck_object_0114_part_006_choice_000_frame_089,pck_object_0114,pck_object_0114_part_006,pck_object_0114_part_006_choice_000,0x00D424,2,-127,8,0x0408,1032,1032,8,4,direct_unsigned,0x000000,0x000408,yes,0B0205FF0404080A05FF0B0B070302FF,5,plausible_frame_record_prefix
SHAPCK_TBL.decoded.bin,pck_object_0114_part_006_choice_000_frame_089,pck_object_0114,pck_object_0114_part_006,pck_object_0114_part_006_choice_000,0x00D424,2,-127,8,0x0408,1032,1032,8,4,direct_signed,0x000000,0x000408,yes,0B0205FF0404080A05FF0B0B070302FF,5,plausible_frame_record_prefix
SHAPCK_TBL.decoded.bin,pck_object_0114_part_006_choice_000_frame_089,pck_object_0114,pck_object_0114_part_006,pck_object_0114_part_006_choice_000,0x00D424,2,-127,8,0x0408,1032,1032,8,4,object_plus_unsigned,0x00D15C,0x00D564,yes,0001005B0117FC2FFFFF0731FF6DF891,5,plausible_frame_record_prefix
SHAPCK_TBL.decoded.bin,pck_object_0114_part_006_choice_000_frame_089,pck_object_0114,pck_object_0114_part_006,pck_object_0114_part_006_choice_000,0x00D424,2,-127,8,0x0408,1032,1032,8,4,object_plus_signed,0x00D15C,0x00D564,yes,0001005B0117FC2FFFFF0731FF6DF891,5,plausible_frame_record_prefix
SHAPCK_TBL.decoded.bin,pck_object_0114_part_006_choice_000_frame_089,pck_object_0114,pck_object_0114_part_006,pck_object_0114_part_006_choice_000,0x00D424,2,-127,8,0x0408,1032,1032,8,4,block_plus_unsigned,0x00D150,0x00D558,yes,00002329000100FB000F23290001005B,5,plausible_frame_record_prefix
SHAPCK_TBL.decoded.bin,pck_object_0114_part_006_choice_000_frame_089,pck_object_0114,pck_object_0114_part_006,pck_object_0114_part_006_choice_000,0x00D424,2,-127,8,0x0408,1032,1032,8,4,block_plus_signed,0x00D150,0x00D558,yes,00002329000100FB000F23290001005B,5,plausible_frame_record_prefix
SHAPCK_TBL.decoded.bin,pck_object_0114_part_006_choice_000_frame_089,pck_object_0114,pck_object_0114_part_006,pck_object_0114_part_006_choice_000,0x00D424,2,-127,8,0x0408,1032,1032,8,4,part_plus_signed,0x00D19A,0x00D5A2,yes,FFE100B9FFE2FFEE007EFA1AFE7A05A4,5,byte0_high_bit_set
SHAPCK_TBL.decoded.bin,pck_object_0114_part_006_choice_000_frame_089,pck_object_0114,pck_object_0114_part_006,pck_object_0114_part_006_choice_000,0x00D424,2,-127,8,0x0408,1032,1032,8,4,frame_plus_signed,0x00D424,0x00D82C,yes,00000D510181000800000E5701020203,5,plausible_frame_record_prefix
SHAPCK_TBL.decoded.bin,pck_object_0114_part_006_choice_000_frame_089,pck_object_0114,pck_object_0114_part_006,pck_object_0114_part_006_choice_000,0x00D424,2,-127,8,0x0408,1032,1032,8,4,payload_plus_signed,0x00D426,0x00D82E,yes,0D510181000800000E57010202030405,0,in_range_no_structural_match
SHAPCK_TBL.decoded.bin,pck_object_0114_part_006_choice_000_frame_090,pck_object_0114,pck_object_0114_part_006,pck_object_0114_part_006_choice_000,0x00D42C,2,-127,0,0x0000,0,0,0,0,direct_unsigned,0x000000,0x000000,yes,04001E000A0032000A00460000005D00,15,plausible_drawable_extents_at_plus6_plus8;plausible_frame_record_prefix
SHAPCK_TBL.decoded.bin,pck_object_0114_part_006_choice_000_frame_090,pck_object_0114,pck_object_0114_part_006,pck_object_0114_part_006_choice_000,0x00D42C,2,-127,0,0x0000,0,0,0,0,direct_signed,0x000000,0x000000,yes,04001E000A0032000A00460000005D00,15,plausible_drawable_extents_at_plus6_plus8;plausible_frame_record_prefix
SHAPCK_TBL.decoded.bin,pck_object_0114_part_006_choice_000_frame_090,pck_object_0114,pck_object_0114_part_006,pck_object_0114_part_006_choice_000,0x00D42C,2,-127,0,0x0000,0,0,0,0,object_plus_unsigned,0x00D15C,0x00D15C,yes,8000080200000000000007001A00004B,105,exact_object_offset;exact_frame_record;byte0_high_bit_set;plausible_object_header;plausible_frame_record_prefix
SHAPCK_TBL.decoded.bin,pck_object_0114_part_006_choice_000_frame_090,pck_object_0114,pck_object_0114_part_006,pck_object_0114_part_006_choice_000,0x00D42C,2,-127,0,0x0000,0,0,0,0,object_plus_signed,0x00D15C,0x00D15C,yes,8000080200000000000007001A00004B,105,exact_object_offset;exact_frame_record;byte0_high_bit_set;plausible_object_header;plausible_frame_record_prefix
SHAPCK_TBL.decoded.bin,pck_object_0114_part_006_choice_000_frame_090,pck_object_0114,pck_object_0114_part_006,pck_object_0114_part_006_choice_000,0x00D42C,2,-127,0,0x0000,0,0,0,0,block_plus_unsigned,0x00D150,0x00D150,yes,FF0E0E2526FF0B0B232209FF80000802,30,exact_block_offset;byte0_high_bit_set
SHAPCK_TBL.decoded.bin,pck_object_0114_part_006_choice_000_frame_090,pck_object_0114,pck_object_0114_part_006,pck_object_0114_part_006_choice_000,0x00D42C,2,-127,0,0x0000,0,0,0,0,block_plus_signed,0x00D150,0x00D150,yes,FF0E0E2526FF0B0B232209FF80000802,30,exact_block_offset;byte0_high_bit_set
SHAPCK_TBL.decoded.bin,pck_object_0114_part_006_choice_000_frame_090,pck_object_0114,pck_object_0114_part_006,pck_object_0114_part_006_choice_000,0x00D42C,2,-127,0,0x0000,0,0,0,0,part_plus_signed,0x00D19A,0x00D19A,yes,3D4B52000100A903FFFFA6FF42000000,35,exact_part_offset
SHAPCK_TBL.decoded.bin,pck_object_0114_part_006_choice_000_frame_090,pck_object_0114,pck_object_0114_part_006,pck_object_0114_part_006_choice_000,0x00D42C,2,-127,0,0x0000,0,0,0,0,frame_plus_signed,0x00D42C,0x00D42C,yes,FD028100000000260303810808080828,40,exact_frame_record;byte0_high_bit_set;plausible_frame_record_prefix
SHAPCK_TBL.decoded.bin,pck_object_0114_part_006_choice_000_frame_090,pck_object_0114,pck_object_0114_part_006,pck_object_0114_part_006_choice_000,0x00D42C,2,-127,0,0x0000,0,0,0,0,payload_plus_signed,0x00D42E,0x00D42E,yes,81000000002603038108080808280903,10,byte0_high_bit_set;plausible_frame_record_prefix
SHAPCK_TBL.decoded.bin,pck_object_0114_part_006_choice_000_frame_091,pck_object_0114,pck_object_0114_part_006,pck_object_0114_part_006_choice_000,0x00D434,3,-127,8,0x0808,2056,2056,8,8,direct_unsigned,0x000000,0x000808,yes,0000FA000000A8067004E0FF0000FA00,5,plausible_frame_record_prefix
SHAPCK_TBL.decoded.bin,pck_object_0114_part_006_choice_000_frame_091,pck_object_0114,pck_object_0114_part_006,pck_object_0114_part_006_choice_000,0x00D434,3,-127,8,0x0808,2056,2056,8,8,direct_signed,0x000000,0x000808,yes,0000FA000000A8067004E0FF0000FA00,5,plausible_frame_record_prefix
SHAPCK_TBL.decoded.bin,pck_object_0114_part_006_choice_000_frame_091,pck_object_0114,pck_object_0114_part_006,pck_object_0114_part_006_choice_000,0x00D434,3,-127,8,0x0808,2056,2056,8,8,object_plus_unsigned,0x00D15C,0x00D964,yes,00E2FF80FF7A00E2FF73FF8C00E1FF3E,0,in_range_no_structural_match
SHAPCK_TBL.decoded.bin,pck_object_0114_part_006_choice_000_frame_091,pck_object_0114,pck_object_0114_part_006,pck_object_0114_part_006_choice_000,0x00D434,3,-127,8,0x0808,2056,2056,8,8,object_plus_signed,0x00D15C,0x00D964,yes,00E2FF80FF7A00E2FF73FF8C00E1FF3E,0,in_range_no_structural_match
SHAPCK_TBL.decoded.bin,pck_object_0114_part_006_choice_000_frame_091,pck_object_0114,pck_object_0114_part_006,pck_object_0114_part_006_choice_000,0x00D434,3,-127,8,0x0808,2056,2056,8,8,block_plus_unsigned,0x00D150,0x00D958,yes,00E2FF63FF3800E2FF89FF4900E2FF80,0,in_range_no_structural_match
SHAPCK_TBL.decoded.bin,pck_object_0114_part_006_choice_000_frame_091,pck_object_0114,pck_object_0114_part_006,pck_object_0114_part_006_choice_000,0x00D434,3,-127,8,0x0808,2056,2056,8,8,block_plus_signed,0x00D150,0x00D958,yes,00E2FF63FF3800E2FF89FF4900E2FF80,0,in_range_no_structural_match
SHAPCK_TBL.decoded.bin,pck_object_0114_part_006_choice_000_frame_091,pck_object_0114,pck_object_0114_part_006,pck_object_0114_part_006_choice_000,0x00D434,3,-127,8,0x0808,2056,2056,8,8,part_plus_signed,0x00D19A,0x00D9A2,yes,00AEF8370300004403B3F80000DE0771,0,in_range_no_structural_match
SHAPCK_TBL.decoded.bin,pck_object_0114_part_006_choice_000_frame_091,pck_object_0114,pck_object_0114_part_006,pck_object_0114_part_006_choice_000,0x00D434,3,-127,8,0x0808,2056,2056,8,8,frame_plus_signed,0x00D434,0x00DC3C,yes,EBFEAAFF46FEEEFE0000AD01D207AAFF,5,byte0_high_bit_set
SHAPCK_TBL.decoded.bin,pck_object_0114_part_006_choice_000_frame_091,pck_object_0114,pck_object_0114_part_006,pck_object_0114_part_006_choice_000,0x00D434,3,-127,8,0x0808,2056,2056,8,8,payload_plus_signed,0x00D436,0x00DC3E,yes,AAFF46FEEEFE0000AD01D207AAFF5DFE,5,byte0_high_bit_set
SHAPCK_TBL.decoded.bin,pck_object_0114_part_006_choice_000_frame_092,pck_object_0114,pck_object_0114_part_006,pck_object_0114_part_006_choice_000,0x00D43C,3,-127,0,0x0000,0,0,0,0,direct_unsigned,0x000000,0x000000,yes,04001E000A0032000A00460000005D00,15,plausible_drawable_extents_at_plus6_plus8;plausible_frame_record_prefix
SHAPCK_TBL.decoded.bin,pck_object_0114_part_006_choice_000_frame_092,pck_object_0114,pck_object_0114_part_006,pck_object_0114_part_006_choice_000,0x00D43C,3,-127,0,0x0000,0,0,0,0,direct_signed,0x000000,0x000000,yes,04001E000A0032000A00460000005D00,15,plausible_drawable_extents_at_plus6_plus8;plausible_frame_record_prefix
SHAPCK_TBL.decoded.bin,pck_object_0114_part_006_choice_000_frame_092,pck_object_0114,pck_object_0114_part_006,pck_object_0114_part_006_choice_000,0x00D43C,3,-127,0,0x0000,0,0,0,0,object_plus_unsigned,0x00D15C,0x00D15C,yes,8000080200000000000007001A00004B,105,exact_object_offset;exact_frame_record;byte0_high_bit_set;plausible_object_header;plausible_frame_record_prefix
SHAPCK_TBL.decoded.bin,pck_object_0114_part_006_choice_000_frame_092,pck_object_0114,pck_object_0114_part_006,pck_object_0114_part_006_choice_000,0x00D43C,3,-127,0,0x0000,0,0,0,0,object_plus_signed,0x00D15C,0x00D15C,yes,8000080200000000000007001A00004B,105,exact_object_offset;exact_frame_record;byte0_high_bit_set;plausible_object_header;plausible_frame_record_prefix
SHAPCK_TBL.decoded.bin,pck_object_0114_part_006_choice_000_frame_092,pck_object_0114,pck_object_0114_part_006,pck_object_0114_part_006_choice_000,0x00D43C,3,-127,0,0x0000,0,0,0,0,block_plus_unsigned,0x00D150,0x00D150,yes,FF0E0E2526FF0B0B232209FF80000802,30,exact_block_offset;byte0_high_bit_set
SHAPCK_TBL.decoded.bin,pck_object_0114_part_006_choice_000_frame_092,pck_object_0114,pck_object_0114_part_006,pck_object_0114_part_006_choice_000,0x00D43C,3,-127,0,0x0000,0,0,0,0,block_plus_signed,0x00D150,0x00D150,yes,FF0E0E2526FF0B0B232209FF80000802,30,exact_block_offset;byte0_high_bit_set
SHAPCK_TBL.decoded.bin,pck_object_0114_part_006_choice_000_frame_092,pck_object_0114,pck_object_0114_part_006,pck_object_0114_part_006_choice_000,0x00D43C,3,-127,0,0x0000,0,0,0,0,part_plus_signed,0x00D19A,0x00D19A,yes,3D4B52000100A903FFFFA6FF42000000,35,exact_part_offset
SHAPCK_TBL.decoded.bin,pck_object_0114_part_006_choice_000_frame_092,pck_object_0114,pck_object_0114_part_006,pck_object_0114_part_006_choice_000,0x00D43C,3,-127,0,0x0000,0,0,0,0,frame_plus_signed,0x00D43C,0x00D43C,yes,090381000000002A0F031E1E1F202122,35,exact_frame_record;plausible_frame_record_prefix
SHAPCK_TBL.decoded.bin,pck_object_0114_part_006_choice_000_frame_092,pck_object_0114,pck_object_0114_part_006,pck_object_0114_part_006_choice_000,0x00D43C,3,-127,0,0x0000,0,0,0,0,payload_plus_signed,0x00D43E,0x00D43E,yes,81000000002A0F031E1E1F202122FF24,10,byte0_high_bit_set;plausible_frame_record_prefix
SHAPCK_TBL.decoded.bin,pck_object_0114_part_006_choice_000_frame_093,pck_object_0114,pck_object_0114_part_006,pck_object_0114_part_006_choice_000,0x00D444,3,30,30,0x201F,8223,8223,31,32,direct_unsigned,0x000000,0x00201F,yes,0AFF01000501000005000D01000F8100,0,in_range_no_structural_match
SHAPCK_TBL.decoded.bin,pck_object_0114_part_006_choice_000_frame_093,pck_object_0114,pck_object_0114_part_006,pck_object_0114_part_006_choice_000,0x00D444,3,30,30,0x201F,8223,8223,31,32,direct_signed,0x000000,0x00201F,yes,0AFF01000501000005000D01000F8100,0,in_range_no_structural_match
SHAPCK_TBL.decoded.bin,pck_object_0114_part_006_choice_000_frame_093,pck_object_0114,pck_object_0114_part_006,pck_object_0114_part_006_choice_000,0x00D444,3,30,30,0x201F,8223,8223,31,32,object_plus_unsigned,0x00D15C,0x00F17B,no,,0,outside_decoded_stream
SHAPCK_TBL.decoded.bin,pck_object_0114_part_006_choice_000_frame_093,pck_object_0114,pck_object_0114_part_006,pck_object_0114_part_006_choice_000,0x00D444,3,30,30,0x201F,8223,8223,31,32,object_plus_signed,0x00D15C,0x00F17B,no,,0,outside_decoded_stream
SHAPCK_TBL.decoded.bin,pck_object_0114_part_006_choice_000_frame_093,pck_object_0114,pck_object_0114_part_006,pck_object_0114_part_006_choice_000,0x00D444,3,30,30,0x201F,8223,8223,31,32,block_plus_unsigned,0x00D150,0x00F16F,no,,0,outside_decoded_stream
SHAPCK_TBL.decoded.bin,pck_object_0114_part_006_choice_000_frame_093,pck_object_0114,pck_object_0114_part_006,pck_object_0114_part_006_choice_000,0x00D444,3,30,30,0x201F,8223,8223,31,32,block_plus_signed,0x00D150,0x00F16F,no,,0,outside_decoded_stream
SHAPCK_TBL.decoded.bin,pck_object_0114_part_006_choice_000_frame_093,pck_object_0114,pck_object_0114_part_006,pck_object_0114_part_006_choice_000,0x00D444,3,30,30,0x201F,8223,8223,31,32,part_plus_signed,0x00D19A,0x00F1B9,no,,0,outside_decoded_stream
SHAPCK_TBL.decoded.bin,pck_object_0114_part_006_choice_000_frame_093,pck_object_0114,pck_object_0114_part_006,pck_object_0114_part_006_choice_000,0x00D444,3,30,30,0x201F,8223,8223,31,32,frame_plus_signed,0x00D444,0x00F463,no,,0,outside_decoded_stream
SHAPCK_TBL.decoded.bin,pck_object_0114_part_006_choice_000_frame_093,pck_object_0114,pck_object_0114_part_006,pck_object_0114_part_006_choice_000,0x00D444,3,30,30,0x201F,8223,8223,31,32,payload_plus_signed,0x00D446,0x00F465,no,,0,outside_decoded_stream
SHAPCK_TBL.decoded.bin,pck_object_0114_part_006_choice_000_frame_127,pck_object_0114,pck_object_0114_part_006,pck_object_0114_part_006_choice_000,0x00D554,2,0,25,0x0000,0,0,0,0,direct_unsigned,0x000000,0x000000,yes,04001E000A0032000A00460000005D00,15,plausible_drawable_extents_at_plus6_plus8;plausible_frame_record_prefix
SHAPCK_TBL.decoded.bin,pck_object_0114_part_006_choice_000_frame_127,pck_object_0114,pck_object_0114_part_006,pck_object_0114_part_006_choice_000,0x00D554,2,0,25,0x0000,0,0,0,0,direct_signed,0x000000,0x000000,yes,04001E000A0032000A00460000005D00,15,plausible_drawable_extents_at_plus6_plus8;plausible_frame_record_prefix
SHAPCK_TBL.decoded.bin,pck_object_0114_part_006_choice_000_frame_127,pck_object_0114,pck_object_0114_part_006,pck_object_0114_part_006_choice_000,0x00D554,2,0,25,0x0000,0,0,0,0,object_plus_unsigned,0x00D15C,0x00D15C,yes,8000080200000000000007001A00004B,105,exact_object_offset;exact_frame_record;byte0_high_bit_set;plausible_object_header;plausible_frame_record_prefix
SHAPCK_TBL.decoded.bin,pck_object_0114_part_006_choice_000_frame_127,pck_object_0114,pck_object_0114_part_006,pck_object_0114_part_006_choice_000,0x00D554,2,0,25,0x0000,0,0,0,0,object_plus_signed,0x00D15C,0x00D15C,yes,8000080200000000000007001A00004B,105,exact_object_offset;exact_frame_record;byte0_high_bit_set;plausible_object_header;plausible_frame_record_prefix
SHAPCK_TBL.decoded.bin,pck_object_0114_part_006_choice_000_frame_127,pck_object_0114,pck_object_0114_part_006,pck_object_0114_part_006_choice_000,0x00D554,2,0,25,0x0000,0,0,0,0,block_plus_unsigned,0x00D150,0x00D150,yes,FF0E0E2526FF0B0B232209FF80000802,30,exact_block_offset;byte0_high_bit_set
SHAPCK_TBL.decoded.bin,pck_object_0114_part_006_choice_000_frame_127,pck_object_0114,pck_object_0114_part_006,pck_object_0114_part_006_choice_000,0x00D554,2,0,25,0x0000,0,0,0,0,block_plus_signed,0x00D150,0x00D150,yes,FF0E0E2526FF0B0B232209FF80000802,30,exact_block_offset;byte0_high_bit_set
SHAPCK_TBL.decoded.bin,pck_object_0114_part_006_choice_000_frame_127,pck_object_0114,pck_object_0114_part_006,pck_object_0114_part_006_choice_000,0x00D554,2,0,25,0x0000,0,0,0,0,part_plus_signed,0x00D19A,0x00D19A,yes,3D4B52000100A903FFFFA6FF42000000,35,exact_part_offset
SHAPCK_TBL.decoded.bin,pck_object_0114_part_006_choice_000_frame_127,pck_object_0114,pck_object_0114_part_006,pck_object_0114_part_006_choice_000,0x00D554,2,0,25,0x0000,0,0,0,0,frame_plus_signed,0x00D554,0x00D554,yes,0002001900002329000100FB000F2329,35,exact_frame_record;plausible_frame_record_prefix
SHAPCK_TBL.decoded.bin,pck_object_0114_part_006_choice_000_frame_127,pck_object_0114,pck_object_0114_part_006,pck_object_0114_part_006_choice_000,0x00D554,2,0,25,0x0000,0,0,0,0,payload_plus_signed,0x00D556,0x00D556,yes,001900002329000100FB000F23290001,0,in_range_no_structural_match
