filename,offset_hex,offset_dec,length,likely_file_reference,string
BTECH.EXE,0x00111A,4378,6,no,Gl;Gn~
BTECH.EXE,0x001898,6296,4,no,`O+G
BTECH.EXE,0x001974,6516,4,no,`O+G
BTECH.EXE,0x00237E,9086,5,no,dO@@P
BTECH.EXE,0x0024A5,9381,6,no,dO@@9F
BTECH.EXE,0x002C8E,11406,4,no,w*b*
BTECH.EXE,0x002C9D,11421,5,no,*~*i*
BTECH.EXE,0x002CC7,11463,4,no,t(=2
BTECH.EXE,0x002CCC,11468,4,no,t*=3
BTECH.EXE,0x002E5E,11870,5,no,&8@;t
BTECH.EXE,0x00397B,14715,4,no,9<uT
BTECH.EXE,0x005A17,23063,4,no,=l\~
BTECH.EXE,0x00629B,25243,4,no,:S9F
BTECH.EXE,0x0062B5,25269,4,no,:S+F
BTECH.EXE,0x0062D4,25300,4,no,:S+F
BTECH.EXE,0x0062DD,25309,4,no,:S9F
BTECH.EXE,0x006304,25348,4,no,:S9F
BTECH.EXE,0x0065C0,26048,4,no,8S9F
BTECH.EXE,0x0066B8,26296,4,no,8S+F
BTECH.EXE,0x0066D7,26327,4,no,8S+F
BTECH.EXE,0x0066E0,26336,4,no,8S9F
BTECH.EXE,0x006736,26422,4,no,8S9F
BTECH.EXE,0x006EE0,28384,4,no,E +F
BTECH.EXE,0x0076B4,30388,4,no,Pw+G
BTECH.EXE,0x0076C8,30408,4,no,Pw+G
BTECH.EXE,0x007992,31122,4,no,Rw^]
BTECH.EXE,0x007AA9,31401,4,no,RP9V
BTECH.EXE,0x007BA0,31648,4,no,Rw@@
BTECH.EXE,0x00806D,32877,5,no,Rw@@P
BTECH.EXE,0x008201,33281,4,no,Pw+G
BTECH.EXE,0x008215,33301,4,no,Pw+G
BTECH.EXE,0x0083E9,33769,4,no,Pw+G
BTECH.EXE,0x0083FF,33791,4,no,Pw+G
BTECH.EXE,0x00846A,33898,4,no,Pw+G
BTECH.EXE,0x00873C,34620,6,no,Gl;Gn~
BTECH.EXE,0x0087C3,34755,4,no,Pw+G
BTECH.EXE,0x00887A,34938,5,no,9G	|	
BTECH.EXE,0x0088DA,35034,4,no,G<@@
BTECH.EXE,0x008919,35097,4,no,9G:|
BTECH.EXE,0x008939,35129,4,no,G09F
BTECH.EXE,0x00894C,35148,4,no,G<@@
BTECH.EXE,0x0095D8,38360,6,no,9G<tzP
BTECH.EXE,0x009752,38738,4,no,Pw+G
BTECH.EXE,0x009766,38758,4,no,Pw+G
BTECH.EXE,0x009BF1,39921,4,no,?WHH
BTECH.EXE,0x009C0B,39947,4,no,%WHH
BTECH.EXE,0x009CB1,40113,4,no,.T+G
BTECH.EXE,0x009CD6,40150,4,no,0T+G
BTECH.EXE,0x009EA8,40616,6,no,Rw;GSu
BTECH.EXE,0x009F9B,40859,5,no,H9GSu
BTECH.EXE,0x00A07A,41082,6,no,Rw;GSu
BTECH.EXE,0x00A2E2,41698,4,no,f&H;
BTECH.EXE,0x00A308,41736,4,no,f&H;
BTECH.EXE,0x00A51B,42267,5,no,"2T~,)"
BTECH.EXE,0x00A80F,43023,4,no,Pw+G
BTECH.EXE,0x00A893,43155,4,no,Pw+G
BTECH.EXE,0x00A8AC,43180,4,no,Pw+G
BTECH.EXE,0x00A8E3,43235,4,no,Pw+G
BTECH.EXE,0x00A931,43313,4,no,Pw+G
BTECH.EXE,0x00AEFE,44798,4,no,@T^_
BTECH.EXE,0x00B19A,45466,6,no,G	@@= 
BTECH.EXE,0x00C30D,49933,4,no,Xo9F
BTECH.EXE,0x00C498,50328,4,no,Xo9F
BTECH.EXE,0x00CD9D,52637,4,no,\(@%
BTECH.EXE,0x00CDA7,52647,4,no,^(@%
BTECH.EXE,0x00D2D8,53976,4,no,\}wK
BTECH.EXE,0x00D2E2,53986,4,no,^}|A
BTECH.EXE,0x00D2EA,53994,4,no,\}r9
BTECH.EXE,0x00D2FC,54012,4,no,`}w'
BTECH.EXE,0x00D392,54162,4,no,",u	+"
BTECH.EXE,0x00D7D0,55248,4,no,",u	+"
BTECH.EXE,0x00D904,55556,4,no,",u	+"
BTECH.EXE,0x00DA90,55952,4,no,9U	|
BTECH.EXE,0x00DB26,56102,4,no,QSRP
BTECH.EXE,0x00DC3B,56379,4,no,f}9V
BTECH.EXE,0x00DFDE,57310,4,no,",v^_"
BTECH.EXE,0x00E109,57609,4,no,N.)F
BTECH.EXE,0x00E12C,57644,4,no,N.;F
BTECH.EXE,0x00E131,57649,4,no,~I;~
BTECH.EXE,0x00E183,57731,5,no,>N.;~
BTECH.EXE,0x00E198,57752,4,no,+>N.
BTECH.EXE,0x00E1A0,57760,4,no,N.;F
BTECH.EXE,0x00E31F,58143,5,no,hK@Ky
BTECH.EXE,0x00E798,59288,4,no, uSF
BTECH.EXE,0x00EB06,60166,4,no,hK@t
BTECH.EXE,0x00EEBD,61117,4,no,u+;V
BTECH.EXE,0x00EFE5,61413,5,no,AG9<w
BTECH.EXE,0x00F04B,61515,4,no,u);V
BTECH.EXE,0x00F25B,62043,4,no,SWV3
BTECH.EXE,0x00F335,62261,4,no,WVS3
BTECH.EXE,0x00F48B,62603,4,no,aKt)
BTECH.EXE,0x00F4D1,62673,4,no,tkGN
BTECH.EXE,0x00F4E4,62692,9,no,"tX<""t$<\t"
BTECH.EXE,0x00F515,62741,5,no,"t'<""t"
BTECH.EXE,0x00F590,62864,4,no,?CCN
BTECH.EXE,0x00F5A3,62883,9,no,"t^<""t'<\t"
BTECH.EXE,0x00F5D7,62935,5,no,"t*<""t"
BTECH.EXE,0x00F662,63074,4,no,<;Ct
BTECH.EXE,0x00F8F3,63731,4,no,hK t
BTECH.EXE,0x00F9EA,63978,4,no,t(=r
BTECH.EXE,0x00FB8E,64398,4,no,hK t
BTECH.EXE,0x00FC46,64582,4,no,hK@t
BTECH.EXE,0x00FC89,64649,4,no,hK@t
BTECH.EXE,0x00FCB5,64693,4,no,tBH;
BTECH.EXE,0x00FEDD,65245,4,no,Jr59
BTECH.EXE,0x00FF4C,65356,5,no,6>KHt
BTECH.EXE,0x00FF8E,65422,4,no,6>K3
BTECH.EXE,0x010003,65539,4,no,hK@t
BTECH.EXE,0x01004E,65614,4,no,0<9v
BTECH.EXE,0x0100EF,65775,4,no,0OuK
BTECH.EXE,0x010699,67225,4,no,}j9G
BTECH.EXE,0x010BC1,68545,4,no,",O9F"
BTECH.EXE,0x012FF4,77812,4,no,N+9F
BTECH.EXE,0x013045,77893,4,no,*H;F
BTECH.EXE,0x01352D,79149,4,no,= Nv
BTECH.EXE,0x013822,79906,5,no,.)H;F
BTECH.EXE,0x013973,80243,4,no,x	x	
BTECH.EXE,0x01397C,80252,14,no,	(	(	(	(	(	(	.
BTECH.EXE,0x013B4C,80716,4,no,L+9F
BTECH.EXE,0x013E1F,81439,4,no,PSQR
BTECH.EXE,0x014359,82777,4,no,W.|@
BTECH.EXE,0x0144A8,83112,4,no,.X?U
BTECH.EXE,0x0144B6,83126,4,no,?_^]
BTECH.EXE,0x014527,83239,4,no,].t#
BTECH.EXE,0x0145EB,83435,4,no,RQSU
BTECH.EXE,0x014790,83856,4,no,?Htx
BTECH.EXE,0x0158AD,88237,4,no,N3Q2
BTECH.EXE,0x0158ED,88301,7,no,\?X_Z[2
BTECH.EXE,0x01593D,88381,6,no,.X_Z[2
BTECH.EXE,0x01596B,88427,4,no,\?Z[
BTECH.EXE,0x01597E,88446,6,no,N3FYIt
BTECH.EXE,0x0159D2,88530,4,no,N3Q2
BTECH.EXE,0x015A12,88594,7,no,\?X_Z[2
BTECH.EXE,0x015A62,88674,6,no,.X_Z[2
BTECH.EXE,0x015A90,88720,4,no,\?Z[
BTECH.EXE,0x015A99,88729,6,no,N3NYIt
BTECH.EXE,0x015DF4,89588,4,no,U.@+
BTECH.EXE,0x015E07,89607,4,no,Y.@+
BTECH.EXE,0x015E2C,89644,4,no,[.P2
BTECH.EXE,0x015E3F,89663,5,no,HPSVS
BTECH.EXE,0x015E4D,89677,4,no,YCIx
BTECH.EXE,0x015E64,89700,4,no,HPVP
BTECH.EXE,0x015E70,89712,4,no,Y[Ix
BTECH.EXE,0x015E91,89745,4,no,N3SQ
BTECH.EXE,0x015E9A,89754,8,no,\?Y[_FM~
BTECH.EXE,0x015EB2,89778,4,no,N3SQ
BTECH.EXE,0x015EBB,89787,6,no,\?Y[MX
BTECH.EXE,0x015EDB,89819,4,no,N3SQ
BTECH.EXE,0x015EF2,89842,4,no,N3Mu
BTECH.EXE,0x016526,91430,6,no,A@t7H+
BTECH.EXE,0x0165F7,91639,4,no,At-+
BTECH.EXE,0x016628,91688,5,no,PSQRU
BTECH.EXE,0x0166DB,91867,4,no,]ZY[
BTECH.EXE,0x0166EF,91887,6,no,]ZY[X.
BTECH.EXE,0x016967,92519,4,no,;D<u
BTECH.EXE,0x01696C,92524,4,no,;T>u
BTECH.EXE,0x016975,92533,4,no,T>^_
BTECH.EXE,0x0169AC,92588,5,no,9D:}	
BTECH.EXE,0x0169B2,92594,4,no,D:)F
BTECH.EXE,0x0169BD,92605,4,no,9D:~
BTECH.EXE,0x016A57,92759,4,no,;D<u
BTECH.EXE,0x016A5C,92764,4,no,;T>u
BTECH.EXE,0x016B39,92985,4,no,;TBw
BTECH.EXE,0x016B43,92995,4,no,;D@w
BTECH.EXE,0x016B4E,93006,4,no,9D8t
BTECH.EXE,0x016CCC,93388,5,no,tB^_]
BTECH.EXE,0x016CD6,93398,4,no,tBt5
BTECH.EXE,0x016D10,93456,4,no,PSQR
BTECH.EXE,0x016D5E,93534,4,no,H<+u
BTECH.EXE,0x016E40,93760,4,no,"t#, "
BTECH.EXE,0x016E76,93814,6,no,<t	AA;
BTECH.EXE,0x016EEA,93930,4,no,ZY[X
BTECH.EXE,0x016EEF,93935,7,no,PSQRWVU
BTECH.EXE,0x016F95,94101,7,no,]^_ZY[X
BTECH.EXE,0x016FB6,94134,4,no,CC&;
BTECH.EXE,0x0175BF,95679,4,no,xbQS
BTECH.EXE,0x01806E,98414,4,no,G ^_
BTECH.EXE,0x018895,100501,4,no,G  u
BTECH.EXE,0x018BF5,101365,4,no,UVW+
BTECH.EXE,0x018C2E,101422,4,no,@tM+
BTECH.EXE,0x018DFD,101885,5,no,uB&9W
BTECH.EXE,0x018FF5,102389,4,no,>wu.
BTECH.EXE,0x019559,103769,6,no,"t,;E*r"
BTECH.EXE,0x01995C,104796,7,no,UWVRQSP
BTECH.EXE,0x019971,104817,7,no,X[YZ^_]
BTECH.EXE,0x019989,104841,8,no, X[YZ^_]
BTECH.EXE,0x019C20,105504,4,no,vo9F
BTECH.EXE,0x01A11C,106780,4,no,t$=*
BTECH.EXE,0x01A121,106785,4,no,t/=1
BTECH.EXE,0x01A432,107570,4,no,Xpxq
BTECH.EXE,0x01A4B3,107699,4,no,"d,9F"
BTECH.EXE,0x01AB14,109332,4,no,",tj2"
BTECH.EXE,0x01ABCE,109518,4,no,tqF<
BTECH.EXE,0x01ABD8,109528,4,no,F</t
BTECH.EXE,0x01B38D,111501,4,no,t#9|
BTECH.EXE,0x01B3F9,111609,4,no,t)9|
BTECH.EXE,0x01C341,115521,4,no,`}rw
BTECH.EXE,0x01C439,115769,4,no,^}|t
BTECH.EXE,0x01C441,115777,4,no,\}vl
BTECH.EXE,0x01C46C,115820,4,no,b}|A
BTECH.EXE,0x01C474,115828,4,no,`}v9
BTECH.EXE,0x01C5A3,116131,4,no,^}|t
BTECH.EXE,0x01C5AB,116139,4,no,\}vl
BTECH.EXE,0x01C5D6,116182,4,no,b}|A
BTECH.EXE,0x01C5DE,116190,4,no,`}v9
BTECH.EXE,0x01C6BD,116413,4,no,ptVW
BTECH.EXE,0x01C72D,116525,5,no,8u&;G
BTECH.EXE,0x01D270,119408,4,no,+2.+
BTECH.EXE,0x01D28C,119436,4,no,#:.+
BTECH.EXE,0x01D406,119814,4,no,&\.$
BTECH.EXE,0x01D619,120345,4,no,mH[=
BTECH.EXE,0x01D7D5,120789,5,no,~IUP+
BTECH.EXE,0x01D811,120849,4,no,@PSQ
BTECH.EXE,0x01D820,120864,4,no,VWSQ
BTECH.EXE,0x01D838,120888,4,no,"W.t,"
BTECH.EXE,0x01D85C,120924,4,no,@PSQ
BTECH.EXE,0x01D88E,120974,4,no,@PSQ
BTECH.EXE,0x01D89A,120986,5,no,ZY[X;
BTECH.EXE,0x01D8EA,121066,5,no,W.PFV
BTECH.EXE,0x01D9B4,121268,5,no,mH[PS
BTECH.EXE,0x01D9FA,121338,4,no,mH[=
BTECH.EXE,0x01DA78,121464,4,no,@PSQ
BTECH.EXE,0x01DAB9,121529,4,no,@PSQ
BTECH.EXE,0x01DAE9,121577,4,no,@PSQ
BTECH.EXE,0x01DF04,122628,53,no,?~?{?x?t?q?n?j?g?d?`?]?Y?U?R?N?J?G?C???;?7?3?/?+?'?#?
BTECH.EXE,0x01DF7C,122748,35,no,>|>w>q>l>f>a>[>U>P>J>D>>>8>3>->'>!>
BTECH.EXE,0x01DFCE,122830,29,no,=~=w=p=i=b=[=T=M=E=>=7=/=(=!=
BTECH.EXE,0x01E012,122898,25,no,<|<t<l<c<[<S<J<B<9<1<(< <
BTECH.EXE,0x01E04E,122958,21,no,;u;l;c;Y;P;G;=;4;*; ;
BTECH.EXE,0x01E082,123010,19,no,:x:m:c:Y:O:D:::/:%:
BTECH.EXE,0x01E0B2,123058,17,no,9x9m9b9W9L9A959*9
BTECH.EXE,0x01E0DE,123102,17,no,8}8q8e8Y8M8A858)8
BTECH.EXE,0x01E108,123144,17,no,7}7q7d7W7K7>717%7
BTECH.EXE,0x01E130,123184,15,no,"6|6o6b6T6G6:6,6"
BTECH.EXE,0x01E156,123222,15,no,5|5n5`5R5D565(5
BTECH.EXE,0x01E17A,123258,15,no,4~4p4a4S4D464'4
BTECH.EXE,0x01E19E,123294,13,no,3v3g3X3I3:3+3
BTECH.EXE,0x01E1C0,123328,13,no,2t2d2U2E262&2
BTECH.EXE,0x01E1E0,123360,13,no,1y1i1Y1I181(1
BTECH.EXE,0x01E200,123392,13,no,0v0e0U0D040#0
BTECH.EXE,0x01E21E,123422,13,no,/|/k/Z/I/8/(/
BTECH.EXE,0x01E23C,123452,13,no,.|.k.Z.H.7.%.
BTECH.EXE,0x01E25A,123482,11,no,-v-d-R-A-/-
BTECH.EXE,0x01E276,123510,13,no,",|,j,W,E,3,!,"
BTECH.EXE,0x01E292,123538,13,no,+|+j+W+E+2+ +
BTECH.EXE,0x01E2AE,123566,11,no,"*w*e*R*?*,*"
BTECH.EXE,0x01E2CA,123594,11,no,)n)Z)G)4)!)
BTECH.EXE,0x01E2E4,123620,11,no,(r(_(K(8($(
BTECH.EXE,0x01E2FE,123646,11,no,'s'_'L'8'$'
BTECH.EXE,0x01E318,123672,9,no,&p&\&H&4&
BTECH.EXE,0x01E330,123696,11,no,"%}%i%T%@%,%"
BTECH.EXE,0x01E34A,123722,11,no,$s$^$I$4$ $
BTECH.EXE,0x01E362,123746,11,no,#y#d#O#:#%#
BTECH.EXE,0x01E37A,123770,11,no,"""}""g""R""=""("""
BTECH.EXE,0x01E392,123794,11,no,!}!h!R!=!'!
BTECH.EXE,0x01E3AA,123818,11,no, { e O 9 $ 
BTECH.EXE,0x01E59E,124318,9,no,	|	d	K	2	
BTECH.EXE,0x01FAB9,129721,5,no,hxSVW
BTECH.EXE,0x01FB2F,129839,4,no, t)$
BTECH.EXE,0x01FBA3,129955,7,no,].:&^.t
BTECH.EXE,0x01FD15,130325,4,no,SURP
BTECH.EXE,0x01FE5A,130650,4,no,&\.$
BTECH.EXE,0x01FEEC,130796,4,no,)6QS
BTECH.EXE,0x01FF3E,130878,4,no,)6QS
BTECH.EXE,0x020165,131429,4,no,[WRQ
BTECH.EXE,0x020189,131465,4,no,[WRQ
BTECH.EXE,0x020224,131620,4,no,)6.+
BTECH.EXE,0x02022E,131630,4,no,)6RP
BTECH.EXE,0x02023E,131646,5,no,)6RP.
BTECH.EXE,0x02024A,131658,4,no,-2.+
BTECH.EXE,0x020254,131668,4,no,-2RP
BTECH.EXE,0x02025E,131678,4,no,SQPR
BTECH.EXE,0x020288,131720,5,no,)6RP.
BTECH.EXE,0x020294,131732,4,no,%:.+
BTECH.EXE,0x02029E,131742,4,no,%:RP
BTECH.EXE,0x0202A8,131752,4,no,SQPR
BTECH.EXE,0x020417,132119,4,no,tqQ.
BTECH.EXE,0x020422,132130,4,no,/F.+
BTECH.EXE,0x02042C,132140,4,no,/FRP
BTECH.EXE,0x020446,132166,5,no,/FRP.
BTECH.EXE,0x020466,132198,4,no,SQPR
BTECH.EXE,0x02048D,132237,4,no,toQ.
BTECH.EXE,0x020498,132248,4,no,/F.+
BTECH.EXE,0x0204A2,132258,4,no,/FRP
BTECH.EXE,0x0204BC,132284,5,no,/FRP.
BTECH.EXE,0x0204DC,132316,4,no,SQPR
BTECH.EXE,0x020502,132354,4,no,tqQ.
BTECH.EXE,0x020532,132402,4,no,GRP.
BTECH.EXE,0x020551,132433,4,no,SQPR
BTECH.EXE,0x020578,132472,4,no,toQ.
BTECH.EXE,0x0205A8,132520,4,no,GRP.
BTECH.EXE,0x0205C7,132551,4,no,SQPR
BTECH.EXE,0x02083D,133181,4,no,)6.+
BTECH.EXE,0x020863,133219,4,no,-2.+
BTECH.EXE,0x0208A0,133280,4,no,%:.+
BTECH.EXE,0x020A16,133654,4,no,tdQ.
BTECH.EXE,0x020A21,133665,4,no,/F.+
BTECH.EXE,0x020A7F,133759,4,no,tbQ.
BTECH.EXE,0x020A8A,133770,4,no,/F.+
BTECH.EXE,0x020AE7,133863,4,no,tdQ.
BTECH.EXE,0x020B50,133968,4,no,tbQ.
BTECH.EXE,0x020FAF,135087,4,no,DPQW
BTECH.EXE,0x0210A8,135336,4,no,DPQW
BTECH.EXE,0x0216DC,136924,4,no,Y.v	
BTECH.EXE,0x021749,137033,4,no,U.@%
BTECH.EXE,0x021847,137287,4,no,_^Z6
BTECH.EXE,0x02188E,137358,4,no,_^Z6
BTECH.EXE,0x0218D5,137429,4,no,_^Z6
BTECH.EXE,0x021A14,137748,4,no,_^Z6
BTECH.EXE,0x021A7D,137853,4,no,_^Z6
BTECH.EXE,0x021AE6,137958,4,no,_^Z6
BTECH.EXE,0x021C4F,138319,4,no,_^Z6
BTECH.EXE,0x021CBC,138428,4,no,_^Z6
BTECH.EXE,0x021D29,138537,4,no,_^Z6
BTECH.EXE,0x021E9E,138910,4,no,_^Z6
BTECH.EXE,0x021F0F,139023,4,no,_^Z6
BTECH.EXE,0x021F80,139136,4,no,_^Z6
BTECH.EXE,0x022101,139521,4,no,_^Z6
BTECH.EXE,0x022176,139638,4,no,_^Z6
BTECH.EXE,0x0221EB,139755,4,no,_^Z6
BTECH.EXE,0x022364,140132,4,no,_^Z6
BTECH.EXE,0x0223D5,140245,4,no,_^Z6
BTECH.EXE,0x022446,140358,4,no,_^Z6
BTECH.EXE,0x0225B3,140723,4,no,_^Z6
BTECH.EXE,0x022620,140832,4,no,_^Z6
BTECH.EXE,0x02268D,140941,4,no,_^Z6
BTECH.EXE,0x0227EE,141294,4,no,_^Z6
BTECH.EXE,0x022857,141399,4,no,_^Z6
BTECH.EXE,0x0228C0,141504,4,no,_^Z6
BTECH.EXE,0x022B9E,142238,4,no,GPQW
BTECH.EXE,0x022E74,142964,4,no,-GMt
BTECH.EXE,0x022FAE,143278,4,no,X_^]
BTECH.EXE,0x0232A4,144036,4,no,(GH~
BTECH.EXE,0x023392,144274,4,no,m._^
BTECH.EXE,0x023437,144439,4,no,& %&
BTECH.EXE,0x0234E3,144611,5,no,"6""&y."
BTECH.EXE,0x02350F,144655,5,no,"6""&y."
BTECH.EXE,0x0235E2,144866,5,no,"6""&y."
BTECH.EXE,0x0235F7,144887,5,no,"6""&y."
BTECH.EXE,0x0237EF,145391,4,no,ItS&
BTECH.EXE,0x023810,145424,4,no,It2&
BTECH.EXE,0x023888,145544,4,no,6>G+
BTECH.EXE,0x023957,145751,4,no,6>G+
BTECH.EXE,0x023974,145780,4,no,It(&
BTECH.EXE,0x023A19,145945,4,no,ItS&
BTECH.EXE,0x023A3A,145978,4,no,It2&
BTECH.EXE,0x023AB2,146098,4,no,6>G+
BTECH.EXE,0x023B81,146305,4,no,6>G+
BTECH.EXE,0x023B9E,146334,4,no,It(&
BTECH.EXE,0x023C94,146580,4,no,Y.v	
BTECH.EXE,0x024420,148512,4,no,& '&
BTECH.EXE,0x0245A3,148899,4,no,&tG2
BTECH.EXE,0x0245C1,148929,4,no,Mt$2
BTECH.EXE,0x024F08,151304,4,no,B	s$
BTECH.EXE,0x025356,152406,4,no,& %&
BTECH.EXE,0x025405,152581,5,no,"6""&y."
BTECH.EXE,0x025431,152625,5,no,"6""&y."
BTECH.EXE,0x025507,152839,5,no,"6""&y."
BTECH.EXE,0x025529,152873,5,no,"6""&y."
BTECH.EXE,0x0255FB,153083,4,no,W.9F
BTECH.EXE,0x025612,153106,4,no,W.+F
BTECH.EXE,0x025641,153153,4,no,Y.)F
BTECH.EXE,0x02564B,153163,4,no,S.~4
BTECH.EXE,0x025773,153459,4,no,BI&#
BTECH.EXE,0x0257A6,153510,4,no,BI&#
BTECH.EXE,0x025854,153684,4,no,BI&#
BTECH.EXE,0x02588E,153742,4,no,BI&#
BTECH.EXE,0x0258AF,153775,4,no,"BI&"""
BTECH.EXE,0x0258E7,153831,4,no,>IH.
BTECH.EXE,0x025965,153957,4,no,BI&#
BTECH.EXE,0x02599D,154013,4,no,BI&#
BTECH.EXE,0x0259BD,154045,4,no,"BI&"""
BTECH.EXE,0x025A3D,154173,4,no,BI&#
BTECH.EXE,0x025A58,154200,4,no,BI&#
BTECH.EXE,0x025A73,154227,4,no,BI&#
BTECH.EXE,0x025A8E,154254,4,no,BI&#
BTECH.EXE,0x025AEC,154348,4,no,BI&#
BTECH.EXE,0x025B07,154375,4,no,BI&#
BTECH.EXE,0x025B22,154402,4,no,BI&#
BTECH.EXE,0x025B3D,154429,4,no,BI&#
BTECH.EXE,0x025B59,154457,4,no,"BI&"""
BTECH.EXE,0x025F98,155544,4,no,>VJ&
BTECH.EXE,0x025FB5,155573,4,no,>VJ&
BTECH.EXE,0x025FD2,155602,4,no,>VJ&
BTECH.EXE,0x025FEF,155631,4,no,>VJ&
BTECH.EXE,0x026051,155729,4,no,Itz&
BTECH.EXE,0x026064,155748,4,no,>VJ&
BTECH.EXE,0x026084,155780,4,no,ItG&
BTECH.EXE,0x026097,155799,4,no,>VJ&
BTECH.EXE,0x0260C1,155841,4,no,>VJ&
BTECH.EXE,0x0260DE,155870,4,no,>VJ&
BTECH.EXE,0x02611F,155935,4,no,6RJ+
BTECH.EXE,0x02615B,155995,4,no,>VJ&
BTECH.EXE,0x0261C8,156104,4,no,6RJ+
BTECH.EXE,0x0261E5,156133,4,no,>VJ&
BTECH.EXE,0x0261EF,156143,4,no,It<&
BTECH.EXE,0x026202,156162,4,no,>VJ&
BTECH.EXE,0x02621F,156191,4,no,>VJ&
BTECH.EXE,0x026405,156677,4,no,&ZJ2
BTECH.EXE,0x026427,156711,4,no,Mt$2
BTECH.EXE,0x0264DF,156895,4,no,& '&
BTECH.EXE,0x02682E,157742,7,no,KBGCC|?
BTECH.EXE,0x026838,157752,5,no,8b5c2
BTECH.EXE,0x02696E,158062,7,no,KCGCC}?
BTECH.EXE,0x026978,158072,5,no,8c5d2
BTECH.EXE,0x026A78,158328,56,no,"MS Run-Time Library - Copyright (c) 1988, Microsoft Corp"
BTECH.EXE,0x026AB8,158392,6,no,ZOOM X
BTECH.EXE,0x026AC3,158403,24,no,FUSION REACTOR SHUT DOWN
BTECH.EXE,0x026ADC,158428,10,no,SIMULATION
BTECH.EXE,0x026AE7,158439,6,no,PAUSED
BTECH.EXE,0x026B2A,158506,25,no,no memory for map buffer.
BTECH.EXE,0x026B44,158532,7,yes,map.scr
BTECH.EXE,0x026B6B,158571,13,no,ACT ON OWN   
BTECH.EXE,0x026B79,158585,13,no,AMBUSH       
BTECH.EXE,0x026B87,158599,13,no,DEFEND       
BTECH.EXE,0x026B95,158613,13,no,ATTACK ENEMY 
BTECH.EXE,0x026BA3,158627,13,no,MOVE (ATTACK)
BTECH.EXE,0x026BB1,158641,13,no,MOVE (AVOID) 
BTECH.EXE,0x026BBF,158655,13,no,RETREATED    
BTECH.EXE,0x026BCD,158669,13,no,UNENGAGED    
BTECH.EXE,0x026BDB,158683,13,no,AVOIDING     
BTECH.EXE,0x026BE9,158697,13,no,CHARGING     
BTECH.EXE,0x026BF7,158711,13,no,TRACKING     
BTECH.EXE,0x026C05,158725,13,no,FLEEING      
BTECH.EXE,0x026C13,158739,13,no,WANDERING    
BTECH.EXE,0x026C21,158753,13,no,CHARGING BASE
BTECH.EXE,0x026C2F,158767,13,no,DEFENDING    
BTECH.EXE,0x026C3D,158781,13,no,RETREATING   
BTECH.EXE,0x026C4B,158795,13,no,DAMAGE STATUS
BTECH.EXE,0x026C59,158809,10,no,  EXTERNAL
BTECH.EXE,0x026C64,158820,10,no,  INTERNAL
BTECH.EXE,0x026C6F,158831,9,no,   ENGINE
BTECH.EXE,0x026C79,158841,8,no,    GYRO
BTECH.EXE,0x026C82,158850,10,no,   SENSORS
BTECH.EXE,0x026C8D,158861,11,no,  L SUPPORT
BTECH.EXE,0x026C99,158873,4,no,SLAS
BTECH.EXE,0x026C9E,158878,4,no,MLAS
BTECH.EXE,0x026CA3,158883,4,no,LLAS
BTECH.EXE,0x026CA8,158888,4,no,  MG
BTECH.EXE,0x026CAD,158893,4,no, PPC
BTECH.EXE,0x026CB2,158898,4,no, AC5
BTECH.EXE,0x026CB7,158903,4,no,LRM5
BTECH.EXE,0x026CBC,158908,4,no,SRM2
BTECH.EXE,0x026CC1,158913,4,no,SRM4
BTECH.EXE,0x026CC6,158918,4,no,SRM6
BTECH.EXE,0x026CCB,158923,13,no,WEAPON STATUS
BTECH.EXE,0x026CDE,158942,13,no,SELECT ORDER:
BTECH.EXE,0x026CEC,158956,12,no,LOCATION    
BTECH.EXE,0x026CF9,158969,4,no,BASE
BTECH.EXE,0x026D05,158981,6,no,DAMAGE
BTECH.EXE,0x026D0C,158988,7,no,WEAPONS
BTECH.EXE,0x026DAC,159148,7,yes,loc.bmp
BTECH.EXE,0x026DB4,159156,7,yes,jen.bmp
BTECH.EXE,0x026DBC,159164,7,yes,pho.bmp
BTECH.EXE,0x026DC4,159172,7,yes,sha.bmp
BTECH.EXE,0x026DCC,159180,7,yes,rif.bmp
BTECH.EXE,0x026DD4,159188,7,yes,war.bmp
BTECH.EXE,0x026DDC,159196,7,yes,mar.bmp
BTECH.EXE,0x026DE4,159204,7,yes,bat.bmp
BTECH.EXE,0x026E04,159236,10,no,FUNCTIONAL
BTECH.EXE,0x026E0F,159247,10,no,LHT DAMAGE
BTECH.EXE,0x026E1A,159258,10,no,MED DAMAGE
BTECH.EXE,0x026E25,159269,10,no,HVY DAMAGE
BTECH.EXE,0x026E30,159280,10,no,DAMAGED   
BTECH.EXE,0x026E3B,159291,10,no,DESTROYED 
BTECH.EXE,0x026E46,159302,24,no,I - VIEW INTERNAL DAMAGE
BTECH.EXE,0x026E5F,159327,24,no,E - VIEW EXTERNAL DAMAGE
BTECH.EXE,0x026E78,159352,24,no,Q - RETURN TO COCKPIT   
BTECH.EXE,0x026E91,159377,24,no,C - GO TO COMMAND SCREEN
BTECH.EXE,0x026EAA,159402,15,no,INTERNAL DAMAGE
BTECH.EXE,0x026EBA,159418,15,no,EXTERNAL DAMAGE
BTECH.EXE,0x026ECA,159434,13,no, LA ACTUATOR:
BTECH.EXE,0x026ED8,159448,13,no, RA ACTUATOR:
BTECH.EXE,0x026EE6,159462,13,no, LL ACTUATOR:
BTECH.EXE,0x026EF4,159476,13,no, RL ACTUATOR:
BTECH.EXE,0x026F62,159586,27,no,not enough memory for shape
BTECH.EXE,0x026F7E,159614,13,no,      ENGINE:
BTECH.EXE,0x026F8C,159628,13,no,       GYROS:
BTECH.EXE,0x026F9A,159642,13,no,     SENSORS:
BTECH.EXE,0x026FA8,159656,13,no,LIFE SUPPORT:
BTECH.EXE,0x026FB6,159670,13,no,  HEAT SINKS:
BTECH.EXE,0x026FC7,159687,13,no,   JUMP JETS:
BTECH.EXE,0x026FD8,159704,21,no,WPN    LOC  CONDITION
BTECH.EXE,0x026FFA,159738,10,yes,snario.dat
BTECH.EXE,0x027005,159749,25,no,No scenario file found...
BTECH.EXE,0x027022,159778,10,yes,snario.dat
BTECH.EXE,0x02702D,159789,25,no,No scenario file found...
BTECH.EXE,0x027071,159857,10,yes,desert.pal
BTECH.EXE,0x02707C,159868,10,yes,arctic.pal
BTECH.EXE,0x027087,159879,10,yes,tropic.pal
BTECH.EXE,0x027092,159890,10,yes,dmgpal.pal
BTECH.EXE,0x02709D,159901,8,yes,6x6b.fnt
BTECH.EXE,0x0270A6,159910,10,yes,prompt.bmp
BTECH.EXE,0x0270B1,159921,12,yes,btechsnd.snd
BTECH.EXE,0x0270BE,159934,23,no,Sound file not found...
BTECH.EXE,0x0270D6,159958,6,no,locpck
BTECH.EXE,0x0270DD,159965,6,no,jenpck
BTECH.EXE,0x0270E4,159972,6,no,phapck
BTECH.EXE,0x0270EB,159979,6,no,shapck
BTECH.EXE,0x0270F2,159986,6,no,rifpck
BTECH.EXE,0x0270F9,159993,6,no,hampck
BTECH.EXE,0x027100,160000,6,no,marpck
BTECH.EXE,0x027107,160007,6,no,bmapck
BTECH.EXE,0x027112,160018,6,no,terpck
BTECH.EXE,0x02711C,160028,6,no,terpck
BTECH.EXE,0x027127,160039,6,no,othpck
BTECH.EXE,0x02714A,160074,14,no,card not found
BTECH.EXE,0x027159,160089,9,yes,point.bmp
BTECH.EXE,0x027163,160099,12,yes,sm_mechs.bmp
BTECH.EXE,0x027170,160112,10,yes,struts.bmp
BTECH.EXE,0x02717B,160123,11,yes,cockpit.bmp
BTECH.EXE,0x027187,160135,12,yes,hud_cyan.bmp
BTECH.EXE,0x027194,160148,12,yes,hud_nums.bmp
BTECH.EXE,0x0271C7,160199,4,no,TILE
BTECH.EXE,0x0271CE,160206,4,no,.WLD
BTECH.EXE,0x0271D3,160211,4,no,.GRD
BTECH.EXE,0x0271DB,160219,30,no,Can't find 3space tile data...
BTECH.EXE,0x0271FE,160254,23,no,Can't find grid data...
BTECH.EXE,0x027248,160328,9,yes,light.scr
BTECH.EXE,0x027252,160338,10,yes,medium.scr
BTECH.EXE,0x02725D,160349,9,yes,heavy.scr
BTECH.EXE,0x02726E,160366,13,no,PLEASE INSERT
BTECH.EXE,0x02727C,160380,6,no,DISK #
BTECH.EXE,0x027283,160387,14,no,DO YOU WANT TO
BTECH.EXE,0x027292,160402,13,no,RETREAT (Y/N)
BTECH.EXE,0x0272A5,160421,34,no,Could not create demo data file ..
BTECH.EXE,0x0272CB,160459,24,no,Could not open demo file
BTECH.EXE,0x0272E7,160487,18,no,NO DEMO FILE FOUND
BTECH.EXE,0x0273CA,160714,9,no,G. BRAVER
BTECH.EXE,0x027414,160788,6,yes,mw.exe
BTECH.EXE,0x02743F,160831,13,no,GARRISON DUTY
BTECH.EXE,0x02744D,160845,21,no,GENERAL SECURITY DUTY
BTECH.EXE,0x027463,160867,26,no,DEFENSE OF A WATER FACTORY
BTECH.EXE,0x02747E,160894,28,no,DEFENSE OF A WEAPONS FACTORY
BTECH.EXE,0x02749B,160923,22,no,DEFENSE OF A FUEL DUMP
BTECH.EXE,0x0274B2,160946,25,no,DEFENSE OF FIELD COM UNIT
BTECH.EXE,0x0274CC,160972,25,no,DEFENSE OF A SUPPLY DEPOT
BTECH.EXE,0x0274E6,160998,26,no,DEFENSE OF PORT FACILITIES
BTECH.EXE,0x027501,161025,24,no,SUPPRESSION OF REBELLION
BTECH.EXE,0x02751A,161050,26,no,TEMPORARY RELIEF OF FORCES
BTECH.EXE,0x027535,161077,25,no,RESCUE OF A KIDNAP VICTIM
BTECH.EXE,0x02754F,161103,18,no,RESCUE OF HOSTAGES
BTECH.EXE,0x027562,161122,28,no,RETRIEVAL OF STOLEN PROPERTY
BTECH.EXE,0x02757F,161151,27,no,RETRIEVAL OF CAPTURED MECHS
BTECH.EXE,0x02759B,161179,30,no,AN EXTENDED OFFENSIVE CAMPAIGN
BTECH.EXE,0x0275BA,161210,30,no,AN EXTENDED DEFENSIVE CAMPAIGN
BTECH.EXE,0x0275D9,161241,19,no,A PLANETARY ASSAULT
BTECH.EXE,0x0275ED,161261,26,no,AN EXTENDED SIEGE CAMPAIGN
BTECH.EXE,0x027608,161288,24,no,RELIEF OF ENGAGED FORCES
BTECH.EXE,0x027621,161313,21,no,A RECONNAISSANCE RAID
BTECH.EXE,0x027637,161335,19,no,A DIVERSIONARY RAID
BTECH.EXE,0x02764B,161355,30,no,CONTAINMENT OF SECURITY FORCES
BTECH.EXE,0x02766A,161386,30,no,DESTRUCTION OF A WATER FACTORY
BTECH.EXE,0x027689,161417,30,no,DISABLING OF A WEAPONS FACTORY
BTECH.EXE,0x0276A8,161448,26,no,DESTRUCTION OF A FUEL DUMP
BTECH.EXE,0x0276C3,161475,27,no,DESTRUCTION OF AN AMMO DUMP
BTECH.EXE,0x0276DF,161503,31,no,DISABLING OF A FIELD COM CENTER
BTECH.EXE,0x027701,161537,30,no,ELIMINATION OF GARRISON FORCES
BTECH.EXE,0x027720,161568,28,no,DESTROYING STOLEN PROTOTYPES
BTECH.EXE,0x02773D,161597,30,no,DESTRUCTION OF MECH FACILITIES
BTECH.EXE,0x02775C,161628,30,no,ELIMINATION OF SECURITY FORCES
BTECH.EXE,0x02777B,161659,33,no,DESTRUCTION OF LANDING FACILITIES
BTECH.EXE,0x02779D,161693,30,no,CAPTURE OF AMMO AND MECH PARTS
BTECH.EXE,0x0277BC,161724,29,no,PARTICIPATING IN HOSTAGE RAID
BTECH.EXE,0x0277DA,161754,10,yes,status.scr
BTECH.EXE,0x0277E5,161765,18,no,YOUR NEXT MISSION:
BTECH.EXE,0x0277F8,161784,12,no,CREW STATUS:
BTECH.EXE,0x027805,161797,12,no,MECH STATUS:
BTECH.EXE,0x02781B,161819,4,no,JUNK
BTECH.EXE,0x0289E6,166374,5,no,S LAS
BTECH.EXE,0x0289EC,166380,5,no,M LAS
BTECH.EXE,0x0289F2,166386,5,no,L LAS
BTECH.EXE,0x0289F8,166392,5,no,MG   
BTECH.EXE,0x0289FE,166398,5,no,PPC  
BTECH.EXE,0x028A04,166404,5,no,AC/5 
BTECH.EXE,0x028A0A,166410,5,no,LRM5 
BTECH.EXE,0x028A10,166416,5,no,SRM2 
BTECH.EXE,0x028A16,166422,5,no,SRM4 
BTECH.EXE,0x028A1C,166428,5,no,SRM6 
BTECH.EXE,0x028A22,166434,4,no,    
BTECH.EXE,0x028A27,166439,12,no,LOCUST      
BTECH.EXE,0x028A34,166452,12,no,JENNER      
BTECH.EXE,0x028A41,166465,12,no,PHOENIX HAWK
BTECH.EXE,0x028A4E,166478,12,no,SHADOW HAWK 
BTECH.EXE,0x028A5B,166491,12,no,RIFLEMAN    
BTECH.EXE,0x028A68,166504,12,no,WARHAMMER   
BTECH.EXE,0x028A75,166517,12,no,MARAUDER    
BTECH.EXE,0x028A82,166530,12,no,BATTLEMASTER
BTECH.EXE,0x028A8F,166543,10,no,G. BRAVER 
BTECH.EXE,0x028A9A,166554,10,no,ELLI GUJAR
BTECH.EXE,0x028AA5,166565,10,no,KAREN BLAK
BTECH.EXE,0x028AB0,166576,10,no,TARIS REN 
BTECH.EXE,0x028AC5,166597,10,no,D. SAJAK  
BTECH.EXE,0x028AD0,166608,10,no,PAM NORTH 
BTECH.EXE,0x028ADB,166619,10,no,TARA ELLIS
BTECH.EXE,0x028AE6,166630,10,no,A. MORRIS 
BTECH.EXE,0x028AF1,166641,10,no,ILSA MARN 
BTECH.EXE,0x028AFC,166652,10,no,ARA       
BTECH.EXE,0x028B07,166663,10,no,S. MILLER 
BTECH.EXE,0x028B12,166674,10,no,ROSE ARTZ 
BTECH.EXE,0x028B1D,166685,10,no,JJ KITTER 
BTECH.EXE,0x028B28,166696,10,no,EMMA MEYER
BTECH.EXE,0x028B33,166707,10,no,ERIN FALLS
BTECH.EXE,0x028B3E,166718,10,no,A. CHU LAI
BTECH.EXE,0x028B49,166729,10,no,ZERA TITH 
BTECH.EXE,0x028B54,166740,10,no,CHANEY TI 
BTECH.EXE,0x028B5F,166751,10,no,BOB TRUE  
BTECH.EXE,0x028B6A,166762,10,no,TED HEGEL 
BTECH.EXE,0x028B75,166773,10,no,TIM SEERS 
BTECH.EXE,0x028B80,166784,10,no,Z. RODGERS
BTECH.EXE,0x028B8B,166795,10,no,T.D. BENTE
BTECH.EXE,0x028B96,166806,10,no,T. RICH   
BTECH.EXE,0x028BA1,166817,10,no,JOHN ZOE  
BTECH.EXE,0x028BAC,166828,10,no,KELLY T.  
BTECH.EXE,0x028BB7,166839,10,no,KINJI TSI 
BTECH.EXE,0x028BC2,166850,10,no,BILLY CHOW
BTECH.EXE,0x028BCD,166861,10,no,ALEX VEER 
BTECH.EXE,0x028BD8,166872,10,no,PETE RYAN 
BTECH.EXE,0x028BE3,166883,10,no,B. HENDRIK
BTECH.EXE,0x028BEE,166894,10,no,A. COOPER 
BTECH.EXE,0x028BF9,166905,10,no,TRICKY NIK
BTECH.EXE,0x028C04,166916,10,no,KILLER    
BTECH.EXE,0x028C0F,166927,10,no,R. TORSAK 
BTECH.EXE,0x028C1A,166938,10,no,G. LOFALL 
BTECH.EXE,0x028C25,166949,10,no,DARC HORSE
BTECH.EXE,0x028C30,166960,10,no,JIM EAGLE 
BTECH.EXE,0x028C3B,166971,10,no,TANK SMITH
BTECH.EXE,0x028C46,166982,10,no,KEVIN CALL
BTECH.EXE,0x028C51,166993,10,no,J. HOLMAAS
BTECH.EXE,0x028C5C,167004,10,no,NASTY BILL
BTECH.EXE,0x028C70,167024,23,no," "" ( . 4 : @ E R _ l y "
BTECH.EXE,0x028CA2,167074,19,no,!&!1!<!G!R!]!h!s!~!
BTECH.EXE,0x028CD0,167120,19,no,"""#"".""9""D""O""Z""e""p""{"""
BTECH.EXE,0x028CF3,167155,26,no,no shells left to allocate
BTECH.EXE,0x028DC3,167363,6,no, 500 M
BTECH.EXE,0x028DCA,167370,6,no,1000 M
BTECH.EXE,0x028DD1,167377,6,no,2000 M
BTECH.EXE,0x028DD8,167384,6,no,4000 M
BTECH.EXE,0x028E23,167459,16,no,"*T,T,T*T,T*T*T,T"
BTECH.EXE,0x028E63,167523,11,no,$f$^$n$r$x$
BTECH.EXE,0x028FE9,167913,7,no,%N%~%.&
BTECH.EXE,0x0290CC,168140,25,no,Could not allocate object
BTECH.EXE,0x0290E6,168166,29,no,Max objects already allocated
BTECH.EXE,0x029104,168196,36,no,Could not allocate dynamic object...
BTECH.EXE,0x02912A,168234,34,no,Could not allocate laser object...
BTECH.EXE,0x0291AC,168364,4,no,BA\^
BTECH.EXE,0x0291E9,168425,8,no,SND:INF:
BTECH.EXE,0x0291F2,168434,8,no,SND:IBM:
BTECH.EXE,0x0291FB,168443,8,no,SND:TAN:
BTECH.EXE,0x029204,168452,8,no,SND:8SV:
BTECH.EXE,0x02920D,168461,8,no,SND:ROL:
BTECH.EXE,0x029216,168470,8,no,SND:ITM:
BTECH.EXE,0x029221,168481,8,no,MUS:INF:
BTECH.EXE,0x02922A,168490,8,no,MUS:ROL:
BTECH.EXE,0x029233,168499,8,no,MUS:ROL:
BTECH.EXE,0x02923C,168508,8,no,MUS:TAN:
BTECH.EXE,0x029245,168517,8,no,MUS:IBM:
BTECH.EXE,0x0293B3,168883,14,no,too many edges
BTECH.EXE,0x0293C8,168904,11,no,offset != 0
BTECH.EXE,0x0293D4,168916,13,no,malloc failed
BTECH.EXE,0x0293F3,168947,15,no,bad bitmap list
BTECH.EXE,0x029403,168963,22,no,bitmaps already loaded
BTECH.EXE,0x02941A,168986,15,no,bad bitmap list
BTECH.EXE,0x02942A,169002,13,no,malloc failed
BTECH.EXE,0x029438,169016,14,no,bad shape list
BTECH.EXE,0x029447,169031,11,no,offset != 0
BTECH.EXE,0x029453,169043,14,no,bad shape list
BTECH.EXE,0x029462,169058,21,no,shapes already loaded
BTECH.EXE,0x029478,169080,14,no,bad shape list
BTECH.EXE,0x029487,169095,9,no,bad shpno
BTECH.EXE,0x029491,169105,23,no,too many points in part
BTECH.EXE,0x0294A9,169129,23,no,too many points in part
BTECH.EXE,0x0294C4,169156,5,no,fopen
BTECH.EXE,0x0294CC,169164,6,no,pkopen
BTECH.EXE,0x0294D6,169174,5,no,fopen
BTECH.EXE,0x0294DE,169182,6,no,pkopen
BTECH.EXE,0x0294E5,169189,21,no,pk read size mismatch
BTECH.EXE,0x0294FB,169211,6,no,halloc
BTECH.EXE,0x029514,169236,14,no,bad sky shades
BTECH.EXE,0x0295E3,169443,8,no,BMP:INF:
BTECH.EXE,0x0295EC,169452,8,no,BMP:BIN:
BTECH.EXE,0x0295F7,169463,8,no,BMP:VGA:
BTECH.EXE,0x029603,169475,8,no,SCR:BIN:
BTECH.EXE,0x02960E,169486,8,no,SCR:VGA:
BTECH.EXE,0x02961F,169503,4,no,FNT:
BTECH.EXE,0x029624,169508,4,no,.fnt
BTECH.EXE,0x029632,169522,8,no,PAL:CGA:
BTECH.EXE,0x02963B,169531,8,no,PAL:EGA:
BTECH.EXE,0x029644,169540,8,no,PAL:EGA:
BTECH.EXE,0x02964D,169549,8,no,PAL:CGA:
BTECH.EXE,0x029656,169558,8,no,PAL:VGA:
BTECH.EXE,0x02965F,169567,8,no,PAL:AMG:
BTECH.EXE,0x029668,169576,8,no,PAL:AST:
BTECH.EXE,0x029671,169585,8,no,PAL:VGA:
BTECH.EXE,0x02967A,169594,4,no,.pal
BTECH.EXE,0x02967F,169599,8,no,hAiArA{A
BTECH.EXE,0x0296B3,169651,12,no,1234567890-=
BTECH.EXE,0x0296C0,169664,13,no,	qwertyuiop[]
BTECH.EXE,0x0296CF,169679,12,no,asdfghjkl;'`
BTECH.EXE,0x0296DC,169692,11,no,"\zxcvbnm,./"
BTECH.EXE,0x0296F4,169716,12,no,!@#$%^&*()_+
BTECH.EXE,0x029702,169730,12,no,QWERTYUIOP{}
BTECH.EXE,0x029710,169744,12,no,"ASDFGHJKL:""~"
BTECH.EXE,0x02971D,169757,11,no,|ZXCVBNM<>?
BTECH.EXE,0x029734,169780,13,no,789-456+1230.
BTECH.EXE,0x02979C,169884,21,no,YZUT)X+JNVWWXRFHGKPMS
BTECH.EXE,0x0297B3,169907,4,no,andy
BTECH.EXE,0x029804,169988,7,no,"!&""-""&"""
BTECH.EXE,0x029817,170007,13,no,"<#&""=#&""_#&""q"
BTECH.EXE,0x029861,170081,6,no,s$B	s$
BTECH.EXE,0x0298B9,170169,6,no,"s$=#&"""
BTECH.EXE,0x0299F3,170483,7,no,"J&=#&""9"
BTECH.EXE,0x029A1A,170522,24,no,q8s8u8Q8X8Z8Q8H8Z8Q8H8<8
BTECH.EXE,0x029D4C,171340,4,no,L4S*
BTECH.EXE,0x029DA9,171433,13,no,J;C_FILE_INFO
BTECH.EXE,0x029DCC,171468,4,no,K>(C
BTECH.EXE,0x029E46,171590,5,no,(((((
BTECH.EXE,0x029E98,171672,9,no,'<<NMSG>>
BTECH.EXE,0x029EA3,171683,5,no,R6000
BTECH.EXE,0x029EAA,171690,16,no,- stack overflow
BTECH.EXE,0x029EBF,171711,5,no,R6003
BTECH.EXE,0x029EC6,171718,21,no,- integer divide by 0
BTECH.EXE,0x029EE0,171744,5,no,R6009
BTECH.EXE,0x029EE7,171751,34,no,- not enough space for environment
BTECH.EXE,0x029F13,171795,15,no,run-time error 
BTECH.EXE,0x029F25,171813,5,no,R6002
BTECH.EXE,0x029F2C,171820,27,no,- floating point not loaded
BTECH.EXE,0x029F4C,171852,5,no,R6001
BTECH.EXE,0x029F53,171859,25,no,- null pointer assignment
BTECH.EXE,0x02A096,172182,24,no,!Packed file is corrupt6
BTECH.EXE,0x02A0E5,172261,4,no,~	1	
BTECH.EXE,0x02A180,172416,15,no,#y#l#d#[#S#9#)#
BTECH.EXE,0x02A198,172440,9,no,"""r""d""Z""Q"""
BTECH.EXE,0x02A1DC,172508,7,no,*C*/* *
BTECH.EXE,0x02A1EC,172524,5,no,"2S=,="
BTECH.EXE,0x02A1F2,172530,5,no,<dCPC
BTECH.EXE,0x02A200,172544,7,no,BuBWB@B
BTECH.EXE,0x02A244,172612,5,no,eje5e
BTECH.EXE,0x02A24C,172620,5,no,d~dfd
BTECH.EXE,0x02A252,172626,5,no,h}h+h
BTECH.EXE,0x02A274,172660,5,no,mZm8m
BTECH.EXE,0x02A282,172674,5,no,r]qup
BTECH.EXE,0x02A28A,172682,4,no,oL|B
BTECH.EXE,0x02A3AC,172972,7,no,"""g""O""7"""
BTECH.EXE,0x02A3BA,172986,5,no,!f!A!
BTECH.EXE,0x02A3C4,172996,7,no,*q/^/N/
BTECH.EXE,0x02A3E0,173024,9,no,-w-k-X-I-
BTECH.EXE,0x02A3FA,173050,5,no,2k2Y2
BTECH.EXE,0x02A406,173062,7,no,0^030$0
BTECH.EXE,0x02A416,173078,5,no,5e5-5
BTECH.EXE,0x02A422,173090,5,no,4C4 4
BTECH.EXE,0x02A42A,173098,7,no,"3S3t7,7"
BTECH.EXE,0x02A43C,173116,7,no,6z:S:@:
BTECH.EXE,0x02A44C,173132,5,no,8P;u;
BTECH.EXE,0x02A454,173140,7,no,";""<0<F<"
BTECH.EXE,0x02A5CE,173518,15,no,>(?-?2?7?r@&AbC
BTECH.EXE,0x02A5E4,173540,7,no,P\P7P#P
BTECH.EXE,0x02A5F2,173554,9,no,OkOWO?O&O
BTECH.EXE,0x02A60C,173580,5,no,MpM\M
BTECH.EXE,0x02A614,173588,9,no,QxQXQGQ#Q
BTECH.EXE,0x02A62A,173610,9,no,TwTWTCT.T
BTECH.EXE,0x02A63C,173628,9,no,SlSTS8S$S
BTECH.EXE,0x02A64C,173644,9,no,"YiYHY,Y Y"
BTECH.EXE,0x02A65C,173660,9,no,Z][m[Q\u\
BTECH.EXE,0x02A668,173672,11,no,^n^b^N^>^&^
BTECH.EXE,0x02A676,173686,7,no,c<d~eSf
BTECH.EXE,0x02A692,173714,9,no,iKj_jqj(k
BTECH.EXE,0x02A6AC,173740,7,no,xPx4xF~
BTECH.EXE,0x02A6BA,173754,5,no,|'|V{
BTECH.EXE,0x02A7D1,174033,4,no,WGfG
BTECH.EXE,0x02A856,174166,5,no,"e""ewA"
BTECH.EXE,0x02A866,174182,7,no,Y	Z=Z$[
BTECH.EXE,0x02A874,174196,9,no,bLcZchcvc
BTECH.EXE,0x02A88E,174222,5,no,wExpx
MW.EXE,0x000200,512,100,no,COPYRIGHT 1989 ACTIVISIONCOPYRIGHT 1989 ACTIVISIONCOPYRIGHT 1989 ACTIVISIONCOPYRIGHT 1989 ACTIVISION
MW.EXE,0x000A34,2612,11,no,MECHWARRIOR
MW.EXE,0x000A43,2627,11,yes,MW_MAIN.EXE
MW.EXE,0x000A4F,2639,9,yes,BTECH.EXE
MW.EXE,0x000A71,2673,11,no,???????????
MW.EXE,0x000A96,2710,11,no,           
MW.EXE,0x000ABA,2746,20,no,CANT RELEASE MEMORY.
MW.EXE,0x000AD0,2768,87,no,$Please put DISK 1 in drive $Please put DISK 3 in drive $Not enough memory to continue.
MW.EXE,0x000B2E,2862,43,no,Mechwarrior. Copyright 1989 Activision Inc.
MW.EXE,0x000B5D,2909,21,no,Select graphics mode.
MW.EXE,0x000B76,2934,11,no,1 - For EGA
MW.EXE,0x000B83,2947,13,no,2 - For Tandy
MW.EXE,0x000B95,2965,20,no,Select audio output.
MW.EXE,0x000BAD,2989,24,no,1 - For Internal speaker
MW.EXE,0x000BC7,3015,18,no,2 - For Tandy 1000
MW.EXE,0x000BDB,3035,29,no,3 - For AdLib PC Music System
MW.EXE,0x000BFA,3066,20,no,4 - For Roland MT-32
MW.EXE,0x000C10,3088,32,no,$: and press any key to continue
MW.EXE,0x000C32,3122,21,no,or press ESC to quit.
MW.EXE,0x000CBF,3263,4,no,1tH&
MW.EXE,0x000CC7,3271,4,no,2tM&
MW.EXE,0x000CCF,3279,5,no,3tRF;
MW.EXE,0x000D49,3401,5,no,tbF@&
MW.EXE,0x000D52,3410,4,no,St@&
MW.EXE,0x000D5A,3418,4,no,st8&
MW.EXE,0x000D62,3426,4,no,Tt8&
MW.EXE,0x000D6A,3434,4,no,tt0&
MW.EXE,0x000D72,3442,4,no,At0&
MW.EXE,0x000D7A,3450,4,no,at(&
MW.EXE,0x000D82,3458,4,no,Rt(&
MW.EXE,0x000D8A,3466,5,no,rt F;
MW.EXE,0x000F34,3892,15,no,END OF MW_SHELL
MW_CPICS.EXE,0x00034C,844,20,no,CANT RELEASE MEMORY.
MW_CPICS.EXE,0x000365,869,12,no,DISK ERROR !
MW_CPICS.EXE,0x000376,886,25,no,NOT A DPAINT BRUSH FILE !
MW_CPICS.EXE,0x000396,918,47,no,MW PICTURE FILER. COPYRIGHT 1988 BY PETER FOKOS
MW_CPICS.EXE,0x0003C7,967,30,no,$64k ALLOCATED FOR PIC BUFFER.
MW_CPICS.EXE,0x0003E7,999,31,no,$64k ALLOCATED FOR FILE BUFFER.
MW_CPICS.EXE,0x000408,1032,40,no,$64k ALLOCATED FOR DECOMPRESSION BUFFER.
MW_CPICS.EXE,0x000432,1074,39,no,$COULD NOT ALLOCATE 64K FOR PIC BUFFER.
MW_CPICS.EXE,0x00045B,1115,40,no,$COULD NOT ALLOCATE 64K FOR FILE BUFFER.
MW_CPICS.EXE,0x000485,1157,49,no,$COULD NOT ALLOCATE 64K FOR DECOMPRESSION BUFFER.
MW_CPICS.EXE,0x0004B8,1208,13,yes,$MW_CPICS.BIN
MW_CPICS.EXE,0x000733,1843,4,no,Yt	F
MW_CPICS.EXE,0x000796,1942,4,no,Jt'V
MW_CPICS.EXE,0x0009B6,2486,5,no,Y[r7:
MW_CPICS.EXE,0x000A1E,2590,9,no,	'	@	Y	r	
MW_CPICS.EXE,0x000A45,2629,25,no,C:\B_TECH\ART\PALETTE.LBM
MW_CPICS.EXE,0x000A5F,2655,24,no,C:\B_TECH\ART\CREW01.LBM
MW_CPICS.EXE,0x000A78,2680,24,no,C:\B_TECH\ART\CREW02.LBM
MW_CPICS.EXE,0x000A91,2705,24,no,C:\B_TECH\ART\CREW03.LBM
MW_CPICS.EXE,0x000AAA,2730,24,no,C:\B_TECH\ART\CREW04.LBM
MW_CPICS.EXE,0x000AC3,2755,24,no,C:\B_TECH\ART\CREW05.LBM
MW_CPICS.EXE,0x000ADC,2780,24,no,C:\B_TECH\ART\CREW06.LBM
MW_CPICS.EXE,0x000AF5,2805,24,no,C:\B_TECH\ART\CREW07.LBM
MW_CPICS.EXE,0x000B0E,2830,24,no,C:\B_TECH\ART\CREW08.LBM
MW_CPICS.EXE,0x000B27,2855,24,no,C:\B_TECH\ART\CREW09.LBM
MW_CPICS.EXE,0x000B40,2880,24,no,C:\B_TECH\ART\CREW10.LBM
MW_CPICS.EXE,0x000B59,2905,24,no,C:\B_TECH\ART\CREW11.LBM
MW_CPICS.EXE,0x000B72,2930,24,no,C:\B_TECH\ART\CREW12.LBM
MW_CPICS.EXE,0x000B8B,2955,24,no,C:\B_TECH\ART\CREW13.LBM
MW_CPICS.EXE,0x000BA4,2980,24,no,C:\B_TECH\ART\CREW14.LBM
MW_CPICS.EXE,0x000BBD,3005,24,no,C:\B_TECH\ART\CREW15.LBM
MW_CPICS.EXE,0x000BD6,3030,24,no,C:\B_TECH\ART\CREW16.LBM
MW_CPICS.EXE,0x000BEF,3055,24,no,C:\B_TECH\ART\CREW17.LBM
MW_CPICS.EXE,0x000C08,3080,24,no,C:\B_TECH\ART\CREW18.LBM
MW_CPICS.EXE,0x000C21,3105,24,no,C:\B_TECH\ART\CREW19.LBM
MW_CPICS.EXE,0x000C3A,3130,24,no,C:\B_TECH\ART\CREW20.LBM
MW_CPICS.EXE,0x000C53,3155,24,no,C:\B_TECH\ART\CREW21.LBM
MW_CPICS.EXE,0x000C6C,3180,24,no,C:\B_TECH\ART\PLAYER.LBM
MW_CPICS.EXE,0x000C85,3205,23,no,C:\B_TECH\ART\DS2A1.LBM
MW_CPICS.EXE,0x000C9D,3229,23,no,C:\B_TECH\ART\DS2A2.LBM
MW_CPICS.EXE,0x000CB5,3253,23,no,C:\B_TECH\ART\DS2A3.LBM
MW_CPICS.EXE,0x000CCD,3277,25,no,C:\B_TECH\ART\CREWPAN.LBM
MW_CPICS.EXE,0x000CE7,3303,26,no,C:\B_TECH\ART\HR1_ICON.LBM
MW_CPICS.EXE,0x000D02,3330,26,no,C:\B_TECH\ART\HR2_ICON.LBM
MW_CPICS.EXE,0x000D1D,3357,26,no,C:\B_TECH\ART\HR3_ICON.LBM
MW_CPICS.EXE,0x000D38,3384,26,no,C:\B_TECH\ART\HR4_ICON.LBM
MW_CPICS.EXE,0x000D53,3411,23,no,C:\B_TECH\ART\MC_AA.LBM
MW_CPICS.EXE,0x000D6B,3435,23,no,C:\B_TECH\ART\MC_AB.LBM
MW_CPICS.EXE,0x000D83,3459,23,no,C:\B_TECH\ART\MC_AC.LBM
MW_CPICS.EXE,0x000D9B,3483,23,no,C:\B_TECH\ART\MC_AD.LBM
MW_CPICS.EXE,0x000DB3,3507,24,no,C:\B_TECH\ART\BUTTON.LBM
MW_CPICS.EXE,0x000DCC,3532,18,no,C:\B_TECH\ART\.LBM
MW_CPICS.EXE,0x000DDF,3551,15,no,END OF MW_CPICS
MW_EGA.EXE,0x000900,2304,4,no,BWS.
MW_EGA.EXE,0x000CD4,3284,7,yes,6X6.FNT
MW_EGA.EXE,0x000CDC,3292,9,yes,88C64.FNT
MW_EGA.EXE,0x000CE6,3302,7,yes,8X8.FNT
MW_EGA.EXE,0x000CEE,3310,9,yes,FOX88.FNT
MW_EGA.EXE,0x000CF8,3320,10,yes,PROM88.FNT
MW_EGA.EXE,0x001419,5145,5,no,PSQRV
MW_EGA.EXE,0x00153C,5436,5,no,^ZY[X
MW_EGA.EXE,0x001542,5442,6,no,PSQRWU
MW_EGA.EXE,0x001559,5465,6,no,]_ZY[X
MW_MAIN.EXE,0x000DB3,3507,4,no,t	PV
MW_MAIN.EXE,0x000FE3,4067,5,no,^YA;L
MW_MAIN.EXE,0x0011C7,4551,4,no,SQRP
MW_MAIN.EXE,0x001BB2,7090,5,no,Z[^GF
MW_MAIN.EXE,0x001D35,7477,4,no,u/FG
MW_MAIN.EXE,0x0023A0,9120,4,no,[^V3
MW_MAIN.EXE,0x00245B,9307,4,no,^F;6
MW_MAIN.EXE,0x002ED7,11991,4,no,HtU=
MW_MAIN.EXE,0x003833,14387,4,no,=>YA
MW_MAIN.EXE,0x003C5C,15452,5,no,PSQRV
MW_MAIN.EXE,0x003C68,15464,5,no,^ZY[X
MW_MAIN.EXE,0x003C86,15494,5,no,PSQRV
MW_MAIN.EXE,0x003C92,15506,5,no,^ZY[X
MW_MAIN.EXE,0x003D41,15681,6,no,t(SQVU
MW_MAIN.EXE,0x003D52,15698,4,no,]^Y[
MW_MAIN.EXE,0x003EF8,16120,4,no,2VW3
MW_MAIN.EXE,0x003F15,16149,4,no,2	tb
MW_MAIN.EXE,0x004397,17303,4,no,^F;6
MW_MAIN.EXE,0x004677,18039,5,no,aEVW3
MW_MAIN.EXE,0x004695,18069,4,no,D	tb
MW_MAIN.EXE,0x0046DA,18138,4,no,"6""C3"
MW_MAIN.EXE,0x004727,18215,4,no,"6""C3"
MW_MAIN.EXE,0x004834,18484,4,no,"6""C3"
MW_MAIN.EXE,0x004890,18576,4,no,"6""C3"
MW_MAIN.EXE,0x004AB3,19123,4,no,"6""C3"
MW_MAIN.EXE,0x004AD1,19153,4,no,"6""C3"
MW_MAIN.EXE,0x004AEF,19183,4,no,"6""C3"
MW_MAIN.EXE,0x004B81,19329,4,no,"6""C:"
MW_MAIN.EXE,0x004DFC,19964,4,no,t(Y^
MW_MAIN.EXE,0x004F06,20230,4,no,n?t}
MW_MAIN.EXE,0x00550C,21772,4,no,d![X
MW_MAIN.EXE,0x0057B1,22449,5,no,;6wKt
MW_MAIN.EXE,0x005876,22646,4,no,fePV
MW_MAIN.EXE,0x005883,22659,4,no,pe:W
MW_MAIN.EXE,0x005898,22680,4,no,V	XX
MW_MAIN.EXE,0x005F8F,24463,4,no,Ht==
MW_MAIN.EXE,0x005F94,24468,4,no,Pt{=
MW_MAIN.EXE,0x0061B2,25010,4,no,pe:D
MW_MAIN.EXE,0x0061B7,25015,4,no,wG:L
MW_MAIN.EXE,0x0061BC,25020,4,no,rB:\
MW_MAIN.EXE,0x0061C1,25025,4,no,w=:T
MW_MAIN.EXE,0x006588,25992,4,no,=@Bs
MW_MAIN.EXE,0x0065B3,26035,5,no,N\FG<
MW_MAIN.EXE,0x0065FE,26110,5,no,_XrB;
MW_MAIN.EXE,0x00691A,26906,8,no,6j^;6l^t
MW_MAIN.EXE,0x00695D,26973,4,no,6n^3
MW_MAIN.EXE,0x006977,26999,4,no,6n^3
MW_MAIN.EXE,0x006D90,28048,6,no,>d^rt?
MW_MAIN.EXE,0x006D97,28055,5,no,>d^vt
MW_MAIN.EXE,0x006DBF,28095,5,no,>d^rt
MW_MAIN.EXE,0x006DC6,28102,6,no,>d^vt!
MW_MAIN.EXE,0x00737D,29565,4,no, u	F
MW_MAIN.EXE,0x007809,30729,11,no,ZZZZZZZZEND
MW_MAIN.EXE,0x00796B,31083,4,no, u/.
MW_MAIN.EXE,0x007ADC,31452,5,no,=MTuy
MW_MAIN.EXE,0x007AE2,31458,5,no,=hdus
MW_MAIN.EXE,0x007B05,31493,5,no,=MTuP
MW_MAIN.EXE,0x007B0B,31499,5,no,=rkuJ
MW_MAIN.EXE,0x00859D,34205,4,no,u!VW
MW_MAIN.EXE,0x0085DD,34269,5,no,tgx_V
MW_MAIN.EXE,0x00893E,35134,4,no,	@Ky
MW_MAIN.EXE,0x008ABB,35515,4,no,tkGN
MW_MAIN.EXE,0x008ACE,35534,9,no,"tX<""t$<\t"
MW_MAIN.EXE,0x008AFF,35583,5,no,"t'<""t"
MW_MAIN.EXE,0x008B7A,35706,4,no,?CCN
MW_MAIN.EXE,0x008B8D,35725,9,no,"t^<""t'<\t"
MW_MAIN.EXE,0x008BC1,35777,5,no,"t*<""t"
MW_MAIN.EXE,0x008C4C,35916,4,no,<;Ct
MW_MAIN.EXE,0x008CC3,36035,4,no,	r59
MW_MAIN.EXE,0x008D10,36112,10,yes,MW_EGA.EXE
MW_MAIN.EXE,0x008D1B,36123,12,yes,MW_TANDY.EXE
MW_MAIN.EXE,0x008D30,36144,25,no,Picture buffer allocated.
MW_MAIN.EXE,0x008D4B,36171,31,no,$Game picture buffer allocated.
MW_MAIN.EXE,0x008D6C,36204,31,no,$Crew picture buffer allocated.
MW_MAIN.EXE,0x008D8D,36237,32,no,$Decompression buffer allocated.
MW_MAIN.EXE,0x008DAF,36271,28,no,$Picture buffer 1 allocated.
MW_MAIN.EXE,0x008DCD,36301,28,no,$Picture buffer 2 allocated.
MW_MAIN.EXE,0x008DEB,36331,28,no,$Picture buffer 3 allocated.
MW_MAIN.EXE,0x008E09,36361,26,no,$Overlay memory allocated.
MW_MAIN.EXE,0x008E25,36389,25,no,$Graphics Overlay loaded.
MW_MAIN.EXE,0x008E40,36416,26,no,$Phrases memory allocated.
MW_MAIN.EXE,0x008E8B,36491,47,no,Unable to allocate memory for graphics overlay.
MW_MAIN.EXE,0x008EBC,36540,29,yes,$Could not load 'MW_EGA.EXE'.
MW_MAIN.EXE,0x008EDB,36571,43,no,$Unable to allocate memory for draw buffer.
MW_MAIN.EXE,0x008F08,36616,52,no,$Unable to allocate memory for graphics data buffer.
MW_MAIN.EXE,0x008F3E,36670,45,no,$Unable to allocate memory for phrase buffer.
MW_MAIN.EXE,0x008F6D,36717,27,no,$Unable to load font files.
MW_MAIN.EXE,0x008F8A,36746,30,no,$Unable to load MW_GPICS file.
MW_MAIN.EXE,0x008FDA,36826,11,no,9HIMQPOKG6*
MW_MAIN.EXE,0x009020,36896,12,no,Mouse found.
MW_MAIN.EXE,0x00902E,36910,16,no,$No mouse found.
MW_MAIN.EXE,0x009040,36928,35,no,$No joystick found. Using keyboard.
MW_MAIN.EXE,0x009065,36965,16,no,$Joystick found.
MW_MAIN.EXE,0x009077,36983,21,no,$CANT RELEASE MEMORY.
MW_MAIN.EXE,0x00908E,37006,19,no,$RELEASE MEMORY OK.
MW_MAIN.EXE,0x009104,37124,45,no,#@THIS IS A TEST OF THE PRINT STRING ROUTINE.
MW_MAIN.EXE,0x009183,37251,9,no,G. BRAVER
MW_MAIN.EXE,0x009AC1,39617,11,yes,MW_PICS.BIN
MW_MAIN.EXE,0x009ACD,39629,12,yes,MW_GPICS.BIN
MW_MAIN.EXE,0x009ADC,39644,12,yes,MW_CPICS.BIN
MW_MAIN.EXE,0x009AEB,39659,12,yes,MW_1PICS.BIN
MW_MAIN.EXE,0x009AF8,39672,12,yes,MW_2PICS.BIN
MW_MAIN.EXE,0x009B05,39685,12,yes,MW_3PICS.BIN
MW_MAIN.EXE,0x009B12,39698,12,yes,MW_TPICS.BIN
MW_MAIN.EXE,0x009B1F,39711,12,yes,MW_APICS.BIN
MW_MAIN.EXE,0x009B2C,39724,12,yes,MW_FPICS.BIN
MW_MAIN.EXE,0x009B3B,39739,8,yes,MECH.MUS
MW_MAIN.EXE,0x009B44,39748,11,yes,MECHBAR.MUS
MW_MAIN.EXE,0x009B50,39760,9,yes,DEATH.MUS
MW_MAIN.EXE,0x009B5A,39770,10,yes,LAUNCH.MUS
MW_MAIN.EXE,0x009B65,39781,11,yes,VICTORY.MUS
MW_MAIN.EXE,0x009B71,39793,30,no,PLEASE CHANGE DISK IN DRIVE A:
MW_MAIN.EXE,0x009B90,39824,21,no,    IF YOU ARE USING:
MW_MAIN.EXE,0x009BA6,39846,23,no,"      5 1/4"" USE DISK 2"
MW_MAIN.EXE,0x009BBE,39870,23,no,"      3 1/2"" USE DISK 1"
MW_MAIN.EXE,0x009BD6,39894,29,no,PLEASE PUT DISK 1 IN DRIVE A:
MW_MAIN.EXE,0x009BF6,39926,9,yes,BTECH.EXE
MW_MAIN.EXE,0x009C00,39936,32,no,PUT SIMULATOR DISK INTO DRIVE A:
MW_MAIN.EXE,0x009C21,39969,23,no,      IF YOU ARE USING:
MW_MAIN.EXE,0x009C39,39993,25,no,"        5 1/4"" USE DISK 3"
MW_MAIN.EXE,0x009C53,40019,25,no,"        3 1/2"" USE DISK 2"
MW_MAIN.EXE,0x009C78,40056,22,no,WHAT IS YOUR PASSWORD?
MW_MAIN.EXE,0x009C9A,40090,13,no," "" / ? M W h "
MW_MAIN.EXE,0x009CBA,40122,5,no,!/!A!
MW_MAIN.EXE,0x009CC0,40128,32,no,GOING INTO BATTLE WITHOUT A MECH
MW_MAIN.EXE,0x009CE1,40161,21,no,IS A SURE WAY TO DIE.
MW_MAIN.EXE,0x009CF7,40183,30,no,IT'S DIFFICULT TO WIN A BATTLE
MW_MAIN.EXE,0x009D16,40214,26,no,WITH A NONFUNCTIONAL MECH.
MW_MAIN.EXE,0x009D31,40241,32,no,YOUR CONTRACT HAS BEEN CANCELED.
MW_MAIN.EXE,0x009D52,40274,29,no,COME BACK WHEN YOU'RE SERIOUS
MW_MAIN.EXE,0x009D70,40304,15,no,ABOUT FIGHTING.
MW_MAIN.EXE,0x009E55,40533,9,no,GLORY BOY
MW_MAIN.EXE,0x009E5F,40543,7,no,TIN MAN
MW_MAIN.EXE,0x009E67,40551,10,no,BLACK JACK
MW_MAIN.EXE,0x009E72,40562,11,no,BLACK WITCH
MW_MAIN.EXE,0x009E84,40580,8,no,THE DATE
MW_MAIN.EXE,0x009E8D,40589,11,no,PLANET NAME
MW_MAIN.EXE,0x009EA8,40616,12,no,DIALOGUE BOX
MW_MAIN.EXE,0x009EB5,40629,4,no,TEST
MW_MAIN.EXE,0x009ED2,40658,12,no,FUTURE GUARD
MW_MAIN.EXE,0x009EDF,40671,12,no,CREW STATUS:
MW_MAIN.EXE,0x009EEC,40684,12,no,MECH STATUS:
MW_MAIN.EXE,0x009EF9,40697,8,no,SALVAGE:
MW_MAIN.EXE,0x009F02,40706,8,no,PAYMENT:
MW_MAIN.EXE,0x009F15,40725,6,no,KILLED
MW_MAIN.EXE,0x009F1D,40733,7,no,MISSING
MW_MAIN.EXE,0x009F55,40789,23,no,YOU HAVE BEEN BETRAYED!
MW_MAIN.EXE,0x009F6D,40813,11,no,DRAGON TAIL
MW_MAIN.EXE,0x009F79,40825,10,no,SMALL ROOM
MW_MAIN.EXE,0x009F84,40836,11,no,YELLOW BIRD
MW_MAIN.EXE,0x009F90,40848,11,no,BLACK BARON
MW_MAIN.EXE,0x009F9C,40860,36,no,BETWEEN THE FALL OF THE ANCIENT STAR
MW_MAIN.EXE,0x009FC1,40897,35,no,LEAGUE AND THE RISE OF THE HEIRS OF
MW_MAIN.EXE,0x009FE5,40933,33,no,STEINER-DAVION THERE LIVED AN AGE
MW_MAIN.EXE,0x00A007,40967,34,no,OF WAR UNLIKE ANY BEFORE OR SINCE.
MW_MAIN.EXE,0x00A02A,41002,36,no,FIVE GREAT HOUSES STRUGGLED FIERCELY
MW_MAIN.EXE,0x00A04F,41039,39,no,FOR SOLE POSSESSION OF THE INNER SPHERE
MW_MAIN.EXE,0x00A077,41079,38,no,OF MAN. ACROSS THIS TROUBLED STARSCAPE
MW_MAIN.EXE,0x00A09E,41118,35,no,MARCHED MIGHTY MACHINES OF WAR LIKE
MW_MAIN.EXE,0x00A0C2,41154,37,no,TITANS THROUGH A GREAT STORM OF FIRE.
MW_MAIN.EXE,0x00A0E8,41192,34,no,IT WAS AN AGE OF HIGH ADVENTURE...
MW_MAIN.EXE,0x00A10F,41231,36,no,A VERY BORING AND UNEVENTFUL TOUR OF
MW_MAIN.EXE,0x00A134,41268,35,no,GARRISON DUTY LEAVES YOU RICHER AND
MW_MAIN.EXE,0x00A158,41304,10,no,UNSCATHED.
MW_MAIN.EXE,0x00A163,41315,15,no,SCREAMING EAGLE
MW_MAIN.EXE,0x00A173,41331,9,no,SNOW FIRE
MW_MAIN.EXE,0x00A17D,41341,7,no,SAKHARA
MW_MAIN.EXE,0x00A185,41349,11,no,SILVER HAWK
MW_MAIN.EXE,0x00A19C,41372,35,no,YOUR PITIFUL FAILURE IN THIS SIMPLE
MW_MAIN.EXE,0x00A1C0,41408,37,no,ASSIGNMENT SHOWS YOUR LACK OF ABILITY
MW_MAIN.EXE,0x00A1E6,41446,36,no,AND IS WITHOUT HONOR. A TRUE WARRIOR
MW_MAIN.EXE,0x00A20B,41483,28,no,WOULD ASK PERMISSION TO DIE.
MW_MAIN.EXE,0x00A229,41513,36,no,IS THIS HOW YOU WOULD BRING GLORY TO
MW_MAIN.EXE,0x00A24E,41550,32,no,HOUSE LIAO? INSOLENT DOG! SUCH A
MW_MAIN.EXE,0x00A26F,41583,36,no,FAILURE SHOULD BE PUNISHED WITH YOUR
MW_MAIN.EXE,0x00A294,41620,6,no,DEATH!
MW_MAIN.EXE,0x00A29C,41628,32,no,WE ARE MOST DISPLEASED WITH YOUR
MW_MAIN.EXE,0x00A2BD,41661,32,no,INABILITY TO ACHIEVE EVEN SIMPLE
MW_MAIN.EXE,0x00A2DE,41694,36,no,MILITARY GOALS. IT WILL BE DIFFICULT
MW_MAIN.EXE,0x00A303,41731,24,no,TO TRUST YOU WITH FUTURE
MW_MAIN.EXE,0x00A31C,41756,15,no,RESPONSIBILITY.
MW_MAIN.EXE,0x00A32C,41772,13,no,NIGHT STALKER
MW_MAIN.EXE,0x00A376,41846,37,no,A MOST EXCELLENT VICTORY! SO WELL DID
MW_MAIN.EXE,0x00A39C,41884,38,no,YOU FIGHT ONE WOULD HARDLY BELIEVE YOU
MW_MAIN.EXE,0x00A3C3,41923,18,no,TO BE MERCENARIES.
MW_MAIN.EXE,0x00A3D8,41944,35,no,YOUR SUCCESS IN THIS ASSIGNMENT HAS
MW_MAIN.EXE,0x00A3FC,41980,34,no,BROUGHT HONOR TO THE MOST HIGH AND
MW_MAIN.EXE,0x00A41F,42015,34,no,UNIVERSAL PARAGON CHANCELLOR LIAO.
MW_MAIN.EXE,0x00A444,42052,31,no,WELL DONE! YOUR SUCCESS IN THIS
MW_MAIN.EXE,0x00A464,42084,33,no,ASSIGNMENT WILL NOT GO UNNOTICED.
MW_MAIN.EXE,0x00A48D,42125,40,no,THE MILITARY LIASON OFFICER INFORMS YOU:
MW_MAIN.EXE,0x00A4B6,42166,39,no,YOU HAVE EXCEEDED YOUR SUPPLY ALLOTMENT
MW_MAIN.EXE,0x00A4DE,42206,40,no,ON THIS ASSIGNMENT. IT WILL BE NECESSARY
MW_MAIN.EXE,0x00A507,42247,39,no,TO DEDUCT THESE EXTRA CHARGES FROM YOUR
MW_MAIN.EXE,0x00A52F,42287,4,no,FEE.
MW_MAIN.EXE,0x00A535,42293,40,no,THE MILITARY LIASON OFFICER INFORMS YOU:
MW_MAIN.EXE,0x00A55E,42334,32,no,"OVERALL, THIS MISSION HAS BEEN A"
MW_MAIN.EXE,0x00A57F,42367,41,no,DISAPPOINTMENT AND IT IS NECESSARY TO CUT
MW_MAIN.EXE,0x00A5A9,42409,39,no,"OUR LOSSES. REGRETTABLY, WE MUST REDUCE"
MW_MAIN.EXE,0x00A5D1,42449,14,no,YOUR PAYMENTS.
MW_MAIN.EXE,0x00A5E1,42465,38,no,YOU WERE ABANDONED IN THE FIELD BY THE
MW_MAIN.EXE,0x00A608,42504,40,no,HOUSE TRANSPORTS. TRANSPORTAION COSTS TO
MW_MAIN.EXE,0x00A631,42545,37,no,GET OUT OF THE SYSTEM HAVE EATEN INTO
MW_MAIN.EXE,0x00A657,42583,32,no,YOUR PROFITS ON THIS ASSIGNMENT.
MW_MAIN.EXE,0x00A678,42616,9,no,RED ARROW
MW_MAIN.EXE,0x00A682,42626,12,no,GRAVE WALKER
MW_MAIN.EXE,0x00A68F,42639,8,no,RENEGADE
MW_MAIN.EXE,0x00A698,42648,9,no,BAD DREAM
MW_MAIN.EXE,0x00A6A3,42659,40,no,"DESPITE APPARENT SUCCESS, IN OUR OPINION"
MW_MAIN.EXE,0x00A6CC,42700,35,no,YOUR PERFORMANCE ON THIS ASSIGNMENT
MW_MAIN.EXE,0x00A6F0,42736,33,no,CONSTITUTES A BREACH OF CONTRACT!
MW_MAIN.EXE,0x00A712,42770,36,no,YOU WILL RECEIVE NO FURTHER PAYMENT!
MW_MAIN.EXE,0x00A737,42807,42,no,AS OILY SMOKE BEGINS TO RISE FROM THE LAST
MW_MAIN.EXE,0x00A762,42850,45,no,"DARKWING MECH, THE INFANTRY FLEES. INSIDE THE"
MW_MAIN.EXE,0x00A790,42896,46,no,ABANDONDED BUNKER A HIGH SECURITY VAULT BREAKS
MW_MAIN.EXE,0x00A7BF,42943,48,no,UNDER CONCENTRATED LASER FIRE. BEYOND THE RUINED
MW_MAIN.EXE,0x00A7F0,42992,46,no,DOOR THE SACRED CHALICE OF HERNE SPARKLES WITH
MW_MAIN.EXE,0x00A81F,43039,16,no,REFLECTED LIGHT.
MW_MAIN.EXE,0x00A830,43056,48,no,"BACK ON ANDER' S MOON, THE CHALICE AND DATA DISK"
MW_MAIN.EXE,0x00A861,43105,45,no,ON OPERATION INROAD CLEAR THE VANDENBURG NAME
MW_MAIN.EXE,0x00A88F,43151,43,no,AND THE FAMILY TITLE AND HONOR IS RESTORED.
MW_MAIN.EXE,0x00A8BE,43198,38,no,THE DARKWING CRUSH YOUR ATTACK. IN THE
MW_MAIN.EXE,0x00A8E5,43237,31,no,CONFUSION YOU MANAGE AN ESCAPE.
MW_MAIN.EXE,0x00A906,43270,9,no,DUCK SOUP
MW_MAIN.EXE,0x00A910,43280,7,no,SLASHER
MW_MAIN.EXE,0x00A918,43288,7,no,MAD DOG
MW_MAIN.EXE,0x00A920,43296,8,no,GRIM JIM
MW_MAIN.EXE,0x00A929,43305,9,no,RED LANCE
MW_MAIN.EXE,0x00A937,43319,16,no,COMBAT SIMULATOR
MW_MAIN.EXE,0x00A949,43337,13,no,  PAUL BOWMAN
MW_MAIN.EXE,0x00A95B,43355,19,no,ROLE-PLAYING SYSTEM
MW_MAIN.EXE,0x00A970,43376,15,no,    PETER FOKOS
MW_MAIN.EXE,0x00A984,43396,9,no,   DESIGN
MW_MAIN.EXE,0x00A98F,43407,11,no, JOHN SKEEL
MW_MAIN.EXE,0x00A99C,43420,12,no,TERRY ISHIDA
MW_MAIN.EXE,0x00A9AD,43437,8,no,  DESIGN
MW_MAIN.EXE,0x00A9B7,43447,11,no,PAUL BOWMAN
MW_MAIN.EXE,0x00A9C4,43460,10,no,DAMON SLYE
MW_MAIN.EXE,0x00A9D3,43475,9,no,      ART
MW_MAIN.EXE,0x00A9DE,43486,5,no,PETER
MW_MAIN.EXE,0x00A9E4,43492,16,no, MITCHELL-DAYTON
MW_MAIN.EXE,0x00A9F6,43510,7,no,CAITLIN
MW_MAIN.EXE,0x00A9FE,43518,16,no, MITCHELL-DAYTON
MW_MAIN.EXE,0x00AA10,43536,14,no,  STEVE SNYDER
MW_MAIN.EXE,0x00AA23,43555,7,no,    ART
MW_MAIN.EXE,0x00AA2C,43564,11,no,RON WINNICK
MW_MAIN.EXE,0x00AA39,43577,12,no,CHUCK AUSTEN
MW_MAIN.EXE,0x00AA47,43591,11,no,KOBI MILLER
MW_MAIN.EXE,0x00AA57,43607,9,no,   3D ART
MW_MAIN.EXE,0x00AA62,43618,12,no, CYRUS KANGA
MW_MAIN.EXE,0x00AA73,43635,10,no,    3D ART
MW_MAIN.EXE,0x00AA7F,43647,14,no,MARK BRENNEMAN
MW_MAIN.EXE,0x00AA92,43666,10,no,     MUSIC
MW_MAIN.EXE,0x00AA9E,43678,16,no,RUSSELL LIEBLICH
MW_MAIN.EXE,0x00AAB0,43696,15,no, MICHAEL LATHAM
MW_MAIN.EXE,0x00AAC1,43713,13,no,   GARY BOREN
MW_MAIN.EXE,0x00AACF,43727,8,no,RED DAWN
MW_MAIN.EXE,0x00AADC,43740,10,no,    SOUNDS
MW_MAIN.EXE,0x00AAE8,43752,14,no,BRYCE MORSELLO
MW_MAIN.EXE,0x00AAFB,43771,11,no,   PRODUCER
MW_MAIN.EXE,0x00AB08,43784,15,no,JOHN A.S. SKEEL
MW_MAIN.EXE,0x00AB1C,43804,18,no,ASSOCIATE PRODUCER
MW_MAIN.EXE,0x00AB30,43824,15,no,  STEVE ACKRICH
MW_MAIN.EXE,0x00AB44,43844,14,no,BATTLETECH AND
MW_MAIN.EXE,0x00AB54,43860,15,no,MECHWARRIOR ARE
MW_MAIN.EXE,0x00AB65,43877,21,no,REGISTERED TRADEMARKS
MW_MAIN.EXE,0x00AB7C,43900,19,no,OF FASA CORPORATION
MW_MAIN.EXE,0x00AB91,43921,18,no,AND ARE USED UNDER
MW_MAIN.EXE,0x00ABA5,43941,18,no,EXCLUSIVE LICENSE.
MW_MAIN.EXE,0x00ABBC,43964,44,no,  SIMULATION SOFTWARE COPYRIGHT 1989 DYNAMIX
MW_MAIN.EXE,0x00ABEA,44010,47,no,ROLE-PLAYING SOFTWARE COPYRIGHT 1989 ACTIVISION
MW_MAIN.EXE,0x00AC1C,44060,30,no,IN THE INITIATION SEQUENCE FOR
MW_MAIN.EXE,0x00AC3C,44092,29,no,"THIS MECH, THE FOLLOWING CODE"
MW_MAIN.EXE,0x00AC5B,44123,34,no,CHECK REQUIRES WHAT AUTHORIZATION?
MW_MAIN.EXE,0x00AC80,44160,11,no,CODE CHECK:
MW_MAIN.EXE,0x00AC8D,44173,19,no,AUTHORIZATION CODE:
MW_MAIN.EXE,0x00ACB1,44209,19,no,WHISKEY DELTA TANGO
MW_MAIN.EXE,0x00ACC5,44229,17,no,XRAY ZULU CHARLIE
MW_MAIN.EXE,0x00ACD7,44247,18,no,FOXTROT ECHO DELTA
MW_MAIN.EXE,0x00ACEA,44266,18,no,FOXTROT OSCAR XRAY
MW_MAIN.EXE,0x00ACFD,44285,16,no,SIERRA ECHO XRAY
MW_MAIN.EXE,0x00AD0E,44302,19,no,JULIET ALPHA SIERRA
MW_MAIN.EXE,0x00AD22,44322,12,no,PAPA FOXTROT
MW_MAIN.EXE,0x00AD2F,44335,15,no,ECHO GOLF ALPHA
MW_MAIN.EXE,0x00AD3F,44351,13,no,VICTOR VICTOR
MW_MAIN.EXE,0x00AD4D,44365,9,no,LIMA GOLF
MW_MAIN.EXE,0x00AD57,44375,16,no,ROMEO ALPHA ZULU
MW_MAIN.EXE,0x00AD68,44392,19,no,FOXTROT ALPHA DELTA
MW_MAIN.EXE,0x00AD7C,44412,20,no,TANGO INDIA NOVEMBER
MW_MAIN.EXE,0x00AD91,44433,10,no,PAPA BRAVO
MW_MAIN.EXE,0x00AD9C,44444,19,no,WHISKEY ALPHA ROMEO
MW_MAIN.EXE,0x00ADB0,44464,17,no,BRAVO ALPHA DELTA
MW_MAIN.EXE,0x00ADC2,44482,17,no,MIKE ALPHA SIERRA
MW_MAIN.EXE,0x00ADD4,44500,16,no,ZULU ALPHA ROMEO
MW_MAIN.EXE,0x00ADE5,44517,15,no,CHARLIE CHARLIE
MW_MAIN.EXE,0x00ADF5,44533,17,no,HOTEL OSCAR TANGO
MW_MAIN.EXE,0x00AE07,44551,19,no,FOXTROT ALPHA ROMEO
MW_MAIN.EXE,0x00AE1B,44571,19,no,CHARLIE ALPHA TANGO
MW_MAIN.EXE,0x00AE2F,44591,17,no,HOTEL OSCAR TANGO
MW_MAIN.EXE,0x00AE41,44609,17,no,BRAVO ALPHA BRAVO
MW_MAIN.EXE,0x00AE53,44627,24,no,AUTHORIZATION CONFIRMED!
MW_MAIN.EXE,0x00AE6D,44653,24,no,GLAD TO HAVE YOU ABOARD.
MW_MAIN.EXE,0x00AE87,44679,24,no,AUTHORIZATION INCORRECT!
MW_MAIN.EXE,0x00AEA1,44705,17,no,       TRY AGAIN.
MW_MAIN.EXE,0x00AEB3,44723,14,no,ACCESS DENIED!
MW_MAIN.EXE,0x00AEC2,44738,9,no,G BRAVER 
MW_MAIN.EXE,0x00AEEB,44779,12,no,BLAZING ACES
MW_MAIN.EXE,0x00AEFD,44797,12,no,    CREW    
MW_MAIN.EXE,0x00AF0F,44815,12,no,  NEWS NET  
MW_MAIN.EXE,0x00AF21,44833,12,no,    DONE    
MW_MAIN.EXE,0x00AF83,44931,12,no,BLAZING ACES
MW_MAIN.EXE,0x00AF95,44949,10,no,COMMANDER:
MW_MAIN.EXE,0x00AFA5,44965,4,no,AGE:
MW_MAIN.EXE,0x00AFAF,44975,11,no,REPUTATION:
MW_MAIN.EXE,0x00AFC0,44992,7,no,WEALTH:
MW_MAIN.EXE,0x00AFCD,45005,17,no,FAMILY ATTITUDES:
MW_MAIN.EXE,0x00AFE4,45028,8,no,KURITA :
MW_MAIN.EXE,0x00AFF2,45042,8,no,STEINER:
MW_MAIN.EXE,0x00B000,45056,8,no,MARIK  :
MW_MAIN.EXE,0x00B00E,45070,8,no,LIAO   :
MW_MAIN.EXE,0x00B01C,45084,8,no,DAVION :
MW_MAIN.EXE,0x00B035,45109,12,no,C#M#X#c#l#v#
MW_MAIN.EXE,0x00B048,45128,4,no,NAME
MW_MAIN.EXE,0x00B052,45138,5,no,GUNRY
MW_MAIN.EXE,0x00B05D,45149,5,no,PILOT
MW_MAIN.EXE,0x00B071,45169,4,no,WAGE
MW_MAIN.EXE,0x00B07B,45179,4,no,MECH
MW_MAIN.EXE,0x00B085,45189,4,no,DONE
MW_MAIN.EXE,0x00B0D7,45271,6,no,#RISKY
MW_MAIN.EXE,0x00B0DE,45278,14,no,WORTH WATCHING
MW_MAIN.EXE,0x00B0ED,45293,7,no,VETERAN
MW_MAIN.EXE,0x00B0F5,45301,5,no,ELITE
MW_MAIN.EXE,0x00B104,45316,15,no,$%$%$%$.$HATRED
MW_MAIN.EXE,0x00B114,45332,8,no,NEGATIVE
MW_MAIN.EXE,0x00B11D,45341,7,no,NEUTRAL
MW_MAIN.EXE,0x00B125,45349,8,no,POSITIVE
MW_MAIN.EXE,0x00B12E,45358,9,no,CONFIDENT
MW_MAIN.EXE,0x00B152,45394,12,no,Z$_$g$l$POOR
MW_MAIN.EXE,0x00B15F,45407,7,no,AVERAGE
MW_MAIN.EXE,0x00B167,45415,4,no,GOOD
MW_MAIN.EXE,0x00B16C,45420,9,no,EXCELLENT
MW_MAIN.EXE,0x00B197,45463,7,no,DISMISS
MW_MAIN.EXE,0x00B1A0,45472,4,no,NONE
MW_MAIN.EXE,0x00B1A6,45478,6,no,LOCUST
MW_MAIN.EXE,0x00B1AE,45486,4,no,WASP
MW_MAIN.EXE,0x00B1B4,45492,6,no,JENNER
MW_MAIN.EXE,0x00B1BC,45500,7,no,PHOENIX
MW_MAIN.EXE,0x00B1C5,45509,6,no,SHADOW
MW_MAIN.EXE,0x00B1CD,45517,9,no,WOLVERINE
MW_MAIN.EXE,0x00B1D8,45528,8,no,RIFLEMAN
MW_MAIN.EXE,0x00B1E2,45538,9,no,WARHAMMER
MW_MAIN.EXE,0x00B1ED,45549,8,no,MARAUDER
MW_MAIN.EXE,0x00B1F7,45559,8,no,B-MASTER
MW_MAIN.EXE,0x00B211,45585,5,no,%$%.%
MW_MAIN.EXE,0x00B21B,45595,8,no,PREVIOUS
MW_MAIN.EXE,0x00B229,45609,4,no,NEXT
MW_MAIN.EXE,0x00B233,45619,4,no,DONE
MW_MAIN.EXE,0x00B24C,45644,4,no,"w,(%"
MW_MAIN.EXE,0x00B25A,45658,4,no,z$2%
MW_MAIN.EXE,0x00B264,45668,26,no,NO OTHER MESSAGES ON FILE!
MW_MAIN.EXE,0x00B28A,45706,28,no,WE DON'T NEED ANY MORE MECHS
MW_MAIN.EXE,0x00B2A7,45735,21,no,"AT THIS TIME, THANKS."
MW_MAIN.EXE,0x00B2E4,45796,12,no,MECH COMPLEX
MW_MAIN.EXE,0x00B2F6,45814,12,no,REVIEW MECHS
MW_MAIN.EXE,0x00B308,45832,11,no, EXTRA AMMO
MW_MAIN.EXE,0x00B319,45849,10,no, BUY MECHS
MW_MAIN.EXE,0x00B329,45865,8,no,    DONE
MW_MAIN.EXE,0x00B383,45955,7,no,'-'K'i'
MW_MAIN.EXE,0x00B39B,45979,25,no,MECHS OF THE BLAZING ACES
MW_MAIN.EXE,0x00B3BA,46010,24,no,                        
MW_MAIN.EXE,0x00B3D8,46040,24,no,                        
MW_MAIN.EXE,0x00B3F6,46070,24,no,                        
MW_MAIN.EXE,0x00B414,46100,24,no,                        
MW_MAIN.EXE,0x00B432,46130,24,no,                        
MW_MAIN.EXE,0x00B450,46160,24,no,                        
MW_MAIN.EXE,0x00B46E,46190,24,no,                        
MW_MAIN.EXE,0x00B48C,46220,24,no,                        
MW_MAIN.EXE,0x00B4AA,46250,24,no,                        
MW_MAIN.EXE,0x00B4C8,46280,24,no,                        
MW_MAIN.EXE,0x00B4E6,46310,24,no,                        
MW_MAIN.EXE,0x00B504,46340,24,no,                        
MW_MAIN.EXE,0x00B522,46370,24,no,                        
MW_MAIN.EXE,0x00B602,46594,11,no,)1)C)U)g)y)
MW_MAIN.EXE,0x00B622,46626,14,no,MECHS FOR SALE
MW_MAIN.EXE,0x00B636,46646,12,no,            
MW_MAIN.EXE,0x00B648,46664,12,no,            
MW_MAIN.EXE,0x00B65A,46682,12,no,            
MW_MAIN.EXE,0x00B66C,46700,12,no,            
MW_MAIN.EXE,0x00B67E,46718,12,no,            
MW_MAIN.EXE,0x00B690,46736,12,no,            
MW_MAIN.EXE,0x00B6A2,46754,12,no,            
MW_MAIN.EXE,0x00B6B4,46772,12,no,            
MW_MAIN.EXE,0x00B6C6,46790,12,no,            
MW_MAIN.EXE,0x00B6D8,46808,12,no,            
MW_MAIN.EXE,0x00B6EA,46826,12,no,            
MW_MAIN.EXE,0x00B6FC,46844,12,no,            
MW_MAIN.EXE,0x00B70E,46862,12,no,            
MW_MAIN.EXE,0x00B7E9,47081,4,no,				
MW_MAIN.EXE,0x00B800,47104,4,no,$B		
MW_MAIN.EXE,0x00B818,47128,29,no,FFONNMO`Rcd++6+C+P+FUNCTIONAL
MW_MAIN.EXE,0x00B836,47158,12,no,LIGHT DAMAGE
MW_MAIN.EXE,0x00B843,47171,12,no,HEAVY DAMAGE
MW_MAIN.EXE,0x00B850,47184,4,no,JUNK
MW_MAIN.EXE,0x00B855,47189,13,no,NONFUNCTIONAL
MW_MAIN.EXE,0x00B867,47207,8,no,#-77<FKU
MW_MAIN.EXE,0x00B870,47216,9,no,_vaVV@@@@
MW_MAIN.EXE,0x00B8B0,47280,27,no,YOU DON'T HAVE ENOUGH MONEY
MW_MAIN.EXE,0x00B8CC,47308,26,no,TO REPAIR ALL THIS DAMAGE!
MW_MAIN.EXE,0x00B8E7,47335,25,no,THIS MECH IS NOT DAMAGED.
MW_MAIN.EXE,0x00B901,47361,31,no,ALL SYSTEMS ARE NOW FUNCTIONAL.
MW_MAIN.EXE,0x00B921,47393,29,no,NOT ALL PARTS WERE AVAILABLE.
MW_MAIN.EXE,0x00B960,47456,18,no,       MECH STATUS
MW_MAIN.EXE,0x00B974,47476,5,no,TYPE:
MW_MAIN.EXE,0x00B97B,47483,10,no,CONDITION:
MW_MAIN.EXE,0x00B987,47495,12,no,REPAIR COST:
MW_MAIN.EXE,0x00B995,47509,14,no,WEIGHT:   TONS
MW_MAIN.EXE,0x00B9A5,47525,13,no,SPEED:    KPH
MW_MAIN.EXE,0x00B9B4,47540,14,no,JUMP CAP:    M
MW_MAIN.EXE,0x00B9C4,47556,5,no,AMMO:
MW_MAIN.EXE,0x00B9CF,47567,6,no,REPAIR
MW_MAIN.EXE,0x00B9DB,47579,10,no,REPAIR ALL
MW_MAIN.EXE,0x00B9EB,47595,6,no,RELOAD
MW_MAIN.EXE,0x00B9F7,47607,4,no,SELL
MW_MAIN.EXE,0x00BA01,47617,4,no,DONE
MW_MAIN.EXE,0x00BA17,47639,5,no,-?-I-
MW_MAIN.EXE,0x00BA21,47649,10,no,    STATUS
MW_MAIN.EXE,0x00BA2D,47661,5,no,TYPE:
MW_MAIN.EXE,0x00BA34,47668,10,no,CONDITION:
MW_MAIN.EXE,0x00BA44,47684,4,no,SELL
MW_MAIN.EXE,0x00BA4E,47694,4,no,DONE
MW_MAIN.EXE,0x00BAAD,47789,4,no,(.M-
MW_MAIN.EXE,0x00BAC0,47808,25,no,.%.4.C.R.a.LOCUST       :
MW_MAIN.EXE,0x00BADA,47834,14,no,WASP         :
MW_MAIN.EXE,0x00BAE9,47849,14,no,JENNER       :
MW_MAIN.EXE,0x00BAF8,47864,14,no,PHOENIX HAWK :
MW_MAIN.EXE,0x00BB07,47879,14,no,SHADOW HAWK  :
MW_MAIN.EXE,0x00BB16,47894,14,no,WOLVERINE    :
MW_MAIN.EXE,0x00BB25,47909,14,no,RIFLEMAN     :
MW_MAIN.EXE,0x00BB34,47924,14,no,WARHAMMER    :
MW_MAIN.EXE,0x00BB43,47939,14,no,MARAUDER     :
MW_MAIN.EXE,0x00BB52,47954,14,no,BATTLEMASTER :
MW_MAIN.EXE,0x00BB61,47969,14,no,DROPSHIP     :
MW_MAIN.EXE,0x00BB85,48005,7,no,.LOCUST
MW_MAIN.EXE,0x00BB8D,48013,4,no,WASP
MW_MAIN.EXE,0x00BB92,48018,6,no,JENNER
MW_MAIN.EXE,0x00BB99,48025,12,no,PHOENIX HAWK
MW_MAIN.EXE,0x00BBA6,48038,11,no,SHADOW HAWK
MW_MAIN.EXE,0x00BBB2,48050,9,no,WOLVERINE
MW_MAIN.EXE,0x00BBBC,48060,8,no,RIFLEMAN
MW_MAIN.EXE,0x00BBC5,48069,9,no,WARHAMMER
MW_MAIN.EXE,0x00BBCF,48079,8,no,MARAUDER
MW_MAIN.EXE,0x00BBD8,48088,12,no,BATTLEMASTER
MW_MAIN.EXE,0x00BBE5,48101,8,no,DROPSHIP
MW_MAIN.EXE,0x00BC28,48168,20,no,</@/D/H/L/X/`/d/l/p/
MW_MAIN.EXE,0x00BC83,48259,13,no,0AC 2-PKS   :
MW_MAIN.EXE,0x00BC91,48273,12,no,AC 5-PKS   :
MW_MAIN.EXE,0x00BC9E,48286,12,no,AC 10-PKS  :
MW_MAIN.EXE,0x00BCAB,48299,12,no,AC 20-PKS  :
MW_MAIN.EXE,0x00BCB8,48312,12,no,LRM 5-PKS  :
MW_MAIN.EXE,0x00BCC5,48325,12,no,LRM 10-PKS :
MW_MAIN.EXE,0x00BCD2,48338,12,no,LRM 15-PKS :
MW_MAIN.EXE,0x00BCDF,48351,12,no,LRM 20-PKS :
MW_MAIN.EXE,0x00BCEC,48364,12,no,SRM 2-PKS  :
MW_MAIN.EXE,0x00BCF9,48377,12,no,SRM 4-PKS  :
MW_MAIN.EXE,0x00BD06,48390,12,no,SRM 6-PKS  :
MW_MAIN.EXE,0x00BD13,48403,12,no,MACH GUN   :
MW_MAIN.EXE,0x00BD24,48420,10,no,NONE      
MW_MAIN.EXE,0x00BD2F,48431,38,no,          DONE                DONE    
MW_MAIN.EXE,0x00BD90,48528,16,no,I AM PREPARED TO
MW_MAIN.EXE,0x00BDA1,48545,20,no,OFFER YOU THE SUM OF
MW_MAIN.EXE,0x00BDB6,48566,18,no,           C-BILLS
MW_MAIN.EXE,0x00BDC9,48585,14,no,FOR YOUR MECH.
MW_MAIN.EXE,0x00BDDD,48605,6,no,ACCEPT
MW_MAIN.EXE,0x00BDE9,48617,6,no,REJECT
MW_MAIN.EXE,0x00BE20,48672,6,no,&1C1O1
MW_MAIN.EXE,0x00BE2B,48683,13,no,RELOAD COST: 
MW_MAIN.EXE,0x00BE3A,48698,8,no,WEALTH: 
MW_MAIN.EXE,0x00BE48,48712,6,no,RELOAD
MW_MAIN.EXE,0x00BE54,48724,6,no,CANCEL
MW_MAIN.EXE,0x00BE5B,48731,17,no,AMMO BAY IS FULL!
MW_MAIN.EXE,0x00BE73,48755,4,no,`5G1
MW_MAIN.EXE,0x00BEBB,48827,25,no,"SORRY, NO MECHS FOR SALE!"
MW_MAIN.EXE,0x00BED5,48853,19,no,TRY BACK NEXT WEEK.
MW_MAIN.EXE,0x00BF24,48932,4,no,T2r2
MW_MAIN.EXE,0x00BF31,48945,7,no,"3,3K3j3"
MW_MAIN.EXE,0x00BF3F,48959,7,no,"4""4A4`4"
MW_MAIN.EXE,0x00BF51,48977,4,no,5954
MW_MAIN.EXE,0x00BF59,48985,24,no,                        
MW_MAIN.EXE,0x00BF77,49015,25,no,ENGINE:                  
MW_MAIN.EXE,0x00BF96,49046,25,no,GYROS:                   
MW_MAIN.EXE,0x00BFB5,49077,25,no,SENSORS:                 
MW_MAIN.EXE,0x00BFD4,49108,25,no,LIFE SUPPORT:            
MW_MAIN.EXE,0x00BFF3,49139,25,no,HEAT SINK   :   OF       
MW_MAIN.EXE,0x00C012,49170,25,no,LA ACTUATOR:             
MW_MAIN.EXE,0x00C031,49201,25,no,RA ACTUATOR:             
MW_MAIN.EXE,0x00C050,49232,25,no,LL ACTUATOR:             
MW_MAIN.EXE,0x00C06F,49263,25,no,RL ACTUATOR:             
MW_MAIN.EXE,0x00C08E,49294,25,no,JUMP JETS:     OF        
MW_MAIN.EXE,0x00C0AD,49325,18,no,ARMOR:           %
MW_MAIN.EXE,0x00C0C5,49349,23,no,WPN    LOC    CONDITION
MW_MAIN.EXE,0x00C0EA,49386,15,no,COST OF REPAIR:
MW_MAIN.EXE,0x00C0FB,49403,7,no,WEALTH:
MW_MAIN.EXE,0x00C108,49416,25,no,                         
MW_MAIN.EXE,0x00C127,49447,25,no,                         
MW_MAIN.EXE,0x00C146,49478,25,no,                         
MW_MAIN.EXE,0x00C165,49509,25,no,                         
MW_MAIN.EXE,0x00C184,49540,25,no,                         
MW_MAIN.EXE,0x00C1A3,49571,25,no,                         
MW_MAIN.EXE,0x00C1C2,49602,25,no,                         
MW_MAIN.EXE,0x00C1E1,49633,25,no,                         
MW_MAIN.EXE,0x00C200,49664,25,no,                         
MW_MAIN.EXE,0x00C21F,49695,25,no,                         
MW_MAIN.EXE,0x00C23E,49726,25,no,                         
MW_MAIN.EXE,0x00C3A0,50080,4,no,NONE
MW_MAIN.EXE,0x00C3A5,50085,8,no,   OF   
MW_MAIN.EXE,0x00C3B1,50097,5,no,6#7y7
MW_MAIN.EXE,0x00C3C1,50113,15,no,9M LAS  CT     
MW_MAIN.EXE,0x00C3D1,50129,14,no,MG     RA     
MW_MAIN.EXE,0x00C3E0,50144,14,no,MG     LA     
MW_MAIN.EXE,0x00C3EF,50159,9,no,DONE     
MW_MAIN.EXE,0x00C3FA,50170,14,no,M LAS  RA     
MW_MAIN.EXE,0x00C409,50185,14,no,SRM2   LT     
MW_MAIN.EXE,0x00C418,50200,9,no,DONE     
MW_MAIN.EXE,0x00C423,50211,14,no,SRM4   CT     
MW_MAIN.EXE,0x00C432,50226,14,no,M LAS  RA     
MW_MAIN.EXE,0x00C441,50241,14,no,M LAS  RA     
MW_MAIN.EXE,0x00C450,50256,14,no,M LAS  LA     
MW_MAIN.EXE,0x00C45F,50271,14,no,M LAS  LA     
MW_MAIN.EXE,0x00C46E,50286,9,no,DONE     
MW_MAIN.EXE,0x00C479,50297,14,no,L LAS  RA     
MW_MAIN.EXE,0x00C488,50312,14,no,M LAS  RA     
MW_MAIN.EXE,0x00C497,50327,14,no,M LAS  LA     
MW_MAIN.EXE,0x00C4A6,50342,14,no,MG     LA     
MW_MAIN.EXE,0x00C4B5,50357,14,no,MG     RA     
MW_MAIN.EXE,0x00C4C4,50372,9,no,DONE     
MW_MAIN.EXE,0x00C4CF,50383,14,no,AC/5   LT     
MW_MAIN.EXE,0x00C4DE,50398,14,no,LRM5   RT     
MW_MAIN.EXE,0x00C4ED,50413,14,no,SRM2   HD     
MW_MAIN.EXE,0x00C4FC,50428,14,no,M LAS  RA     
MW_MAIN.EXE,0x00C50B,50443,9,no,DONE     
MW_MAIN.EXE,0x00C516,50454,14,no,AC/5   RA     
MW_MAIN.EXE,0x00C525,50469,14,no,SRM6   LT     
MW_MAIN.EXE,0x00C534,50484,14,no,M LAS  HD     
MW_MAIN.EXE,0x00C543,50499,9,no,DONE     
MW_MAIN.EXE,0x00C54E,50510,14,no,L LAS  RA     
MW_MAIN.EXE,0x00C55D,50525,14,no,L LAS  LA     
MW_MAIN.EXE,0x00C56C,50540,14,no,AC/5   RA     
MW_MAIN.EXE,0x00C57B,50555,14,no,AC/5   LA     
MW_MAIN.EXE,0x00C58A,50570,14,no,M LAS  RT     
MW_MAIN.EXE,0x00C599,50585,14,no,M LAS  LT     
MW_MAIN.EXE,0x00C5A8,50600,9,no,DONE     
MW_MAIN.EXE,0x00C5B3,50611,14,no,PPC    RA     
MW_MAIN.EXE,0x00C5C2,50626,14,no,PPC    LA     
MW_MAIN.EXE,0x00C5D1,50641,14,no,SRM6   RT     
MW_MAIN.EXE,0x00C5E0,50656,14,no,M LAS  RT     
MW_MAIN.EXE,0x00C5EF,50671,14,no,M LAS  LT     
MW_MAIN.EXE,0x00C5FE,50686,14,no,S LAS  RT     
MW_MAIN.EXE,0x00C60D,50701,14,no,S LAS  LT     
MW_MAIN.EXE,0x00C61C,50716,14,no,MG     RT     
MW_MAIN.EXE,0x00C62B,50731,14,no,MG     LT     
MW_MAIN.EXE,0x00C63A,50746,9,no,DONE     
MW_MAIN.EXE,0x00C645,50757,14,no,PPC    RA     
MW_MAIN.EXE,0x00C654,50772,14,no,PPC    LA     
MW_MAIN.EXE,0x00C663,50787,14,no,M LAS  RA     
MW_MAIN.EXE,0x00C672,50802,14,no,M LAS  LA     
MW_MAIN.EXE,0x00C681,50817,14,no,AC/5   RT     
MW_MAIN.EXE,0x00C690,50832,9,no,DONE     
MW_MAIN.EXE,0x00C69B,50843,14,no,PPC    RA     
MW_MAIN.EXE,0x00C6AA,50858,14,no,M LAS  RT     
MW_MAIN.EXE,0x00C6B9,50873,14,no,M LAS  RT     
MW_MAIN.EXE,0x00C6C8,50888,14,no,M LAS  RT     
MW_MAIN.EXE,0x00C6D7,50903,14,no,MG     LA     
MW_MAIN.EXE,0x00C6E6,50918,14,no,MG     LA     
MW_MAIN.EXE,0x00C6F5,50933,14,no,SRM6   LT     
MW_MAIN.EXE,0x00C704,50948,14,no,M LAS  LT     
MW_MAIN.EXE,0x00C713,50963,14,no,M LAS  LT     
MW_MAIN.EXE,0x00C722,50978,14,no,M LAS  LT     
MW_MAIN.EXE,0x00C731,50993,4,no,DONE
MW_MAIN.EXE,0x00C76B,51051,4,no,_L:(
MW_MAIN.EXE,0x00C91B,51483,16,no,/<7<=<I<U<_<g<u<
MW_MAIN.EXE,0x00C9B5,51637,22,no,HAVE TO WAIT FOR PARTS
MW_MAIN.EXE,0x00C9E6,51686,4,no,.>~>
MW_MAIN.EXE,0x00CC7E,52350,5,no,@A@w@
MW_MAIN.EXE,0x00CC94,52372,5,no,?'@X@
MW_MAIN.EXE,0x00CCDA,52442,10,no, AC 5-PKS:
MW_MAIN.EXE,0x00CCE7,52455,11,no,SHADOW HAWK
MW_MAIN.EXE,0x00CCF3,52467,9,no,WOLVERINE
MW_MAIN.EXE,0x00CCFD,52477,8,no,RIFLEMAN
MW_MAIN.EXE,0x00CD06,52486,8,no,MARAUDER
MW_MAIN.EXE,0x00CD27,52519,10,no,LRM 5-PKS:
MW_MAIN.EXE,0x00CD34,52532,11,no,SHADOW HAWK
MW_MAIN.EXE,0x00CD58,52568,10,no,SRM 2-PKS:
MW_MAIN.EXE,0x00CD65,52581,4,no,WASP
MW_MAIN.EXE,0x00CD6A,52586,11,no,SHADOW HAWK
MW_MAIN.EXE,0x00CD8E,52622,10,no,SRM 4-PKS:
MW_MAIN.EXE,0x00CD9B,52635,6,no,JENNER
MW_MAIN.EXE,0x00CDBA,52666,10,no,SRM 6-PKS:
MW_MAIN.EXE,0x00CDC7,52679,9,no,WOLVERINE
MW_MAIN.EXE,0x00CDD1,52689,9,no,WARHAMMER
MW_MAIN.EXE,0x00CDDB,52699,12,no,BATTLEMASTER
MW_MAIN.EXE,0x00CE00,52736,9,no,MACH GUN:
MW_MAIN.EXE,0x00CE0C,52748,6,no,LOCUST
MW_MAIN.EXE,0x00CE13,52755,11,no,PHONIX HAWK
MW_MAIN.EXE,0x00CE1F,52767,9,no,WARHAMMER
MW_MAIN.EXE,0x00CE29,52777,12,no,BATTLEMASTER
MW_MAIN.EXE,0x00CE3A,52794,4,no, BUY
MW_MAIN.EXE,0x00CE3F,52799,4,no,SELL
MW_MAIN.EXE,0x00CE63,52835,13,no,B'B2B=BHBSB^B
MW_MAIN.EXE,0x00CE75,52853,20,no,            BUY AMMO
MW_MAIN.EXE,0x00CE8B,52875,30,no,AMMO TYPE     COST     IN HOLD
MW_MAIN.EXE,0x00CEB4,52916,15,no,        WEALTH:
MW_MAIN.EXE,0x00CEC9,52937,8,no,AC 5-PKS
MW_MAIN.EXE,0x00CED7,52951,9,no,LRM 5-PKS
MW_MAIN.EXE,0x00CEE6,52966,9,no,SRM 2-PKS
MW_MAIN.EXE,0x00CEF5,52981,9,no,SRM 4-PKS
MW_MAIN.EXE,0x00CF04,52996,9,no,SRM 6-PKS
MW_MAIN.EXE,0x00CF13,53011,8,no,MACH GUN
MW_MAIN.EXE,0x00CF21,53025,5,no,     
MW_MAIN.EXE,0x00CF2C,53036,5,no,     
MW_MAIN.EXE,0x00CF37,53047,5,no,     
MW_MAIN.EXE,0x00CF42,53058,5,no,     
MW_MAIN.EXE,0x00CF4D,53069,5,no,     
MW_MAIN.EXE,0x00CF58,53080,5,no,     
MW_MAIN.EXE,0x00CF63,53091,4,no,DONE
MW_MAIN.EXE,0x00CFFB,53243,4,no,ILB	
MW_MAIN.EXE,0x00D030,53296,22,no,YOU CAN'T AFFORD THIS!
MW_MAIN.EXE,0x00D047,53319,27,no,THE LAW ALLOWS A CITIZEN TO
MW_MAIN.EXE,0x00D063,53347,26,no,OWN NO MORE THEN 12 MECHS!
MW_MAIN.EXE,0x00D091,53393,5,no,D!D4D
MW_MAIN.EXE,0x00D09B,53403,16,no,     MECH STATUS
MW_MAIN.EXE,0x00D0AD,53421,5,no,TYPE:
MW_MAIN.EXE,0x00D0B4,53428,10,no,CONDITION:
MW_MAIN.EXE,0x00D0C0,53440,12,no,REPAIR COST:
MW_MAIN.EXE,0x00D0CE,53454,14,no,WEIGHT:   TONS
MW_MAIN.EXE,0x00D0DE,53470,13,no,SPEED:    KPH
MW_MAIN.EXE,0x00D0ED,53485,14,no,JUMP CAP:    M
MW_MAIN.EXE,0x00D0FD,53501,5,no,AMMO:
MW_MAIN.EXE,0x00D108,53512,6,no,PRICE:
MW_MAIN.EXE,0x00D110,53520,7,no,WEALTH:
MW_MAIN.EXE,0x00D126,53542,13,no,DAMAGE LEVELS
MW_MAIN.EXE,0x00D139,53561,4,no,DONE
MW_MAIN.EXE,0x00D159,53593,10,no,    STATUS
MW_MAIN.EXE,0x00D165,53605,5,no,TYPE:
MW_MAIN.EXE,0x00D16C,53612,10,no,CONDITION:
MW_MAIN.EXE,0x00D186,53638,6,no,PRICE:
MW_MAIN.EXE,0x00D18E,53646,7,no,WEALTH:
MW_MAIN.EXE,0x00D1A4,53668,4,no,DONE
MW_MAIN.EXE,0x00D1BD,53693,4,no,|@%D
MW_MAIN.EXE,0x00D1CB,53707,4,no,ZG8D
MW_MAIN.EXE,0x00D201,53761,6,no,1EOEnE
MW_MAIN.EXE,0x00D20E,53774,9,no,E	F(FGFfF
MW_MAIN.EXE,0x00D222,53794,7,no,G6GUGtG
MW_MAIN.EXE,0x00D236,53814,24,no,                        
MW_MAIN.EXE,0x00D254,53844,25,no,ENGINE:                  
MW_MAIN.EXE,0x00D273,53875,25,no,GYROS:                   
MW_MAIN.EXE,0x00D292,53906,25,no,SENSORS:                 
MW_MAIN.EXE,0x00D2B1,53937,25,no,LIFE SUPPORT:            
MW_MAIN.EXE,0x00D2D0,53968,25,no,HEAT SINK   :   OF       
MW_MAIN.EXE,0x00D2EF,53999,25,no,LA ACTUATOR:             
MW_MAIN.EXE,0x00D30E,54030,25,no,RA ACTUATOR:             
MW_MAIN.EXE,0x00D32D,54061,25,no,LL ACTUATOR:             
MW_MAIN.EXE,0x00D34C,54092,25,no,RL ACTUATOR:             
MW_MAIN.EXE,0x00D36B,54123,25,no,JUMP JETS:     OF        
MW_MAIN.EXE,0x00D38A,54154,18,no,ARMOR:           %
MW_MAIN.EXE,0x00D3A2,54178,23,no,WPN    LOC    CONDITION
MW_MAIN.EXE,0x00D3BF,54207,25,no,                         
MW_MAIN.EXE,0x00D3DE,54238,25,no,                         
MW_MAIN.EXE,0x00D3FD,54269,25,no,                         
MW_MAIN.EXE,0x00D41C,54300,25,no,                         
MW_MAIN.EXE,0x00D43B,54331,25,no,                         
MW_MAIN.EXE,0x00D45A,54362,25,no,                         
MW_MAIN.EXE,0x00D479,54393,25,no,                         
MW_MAIN.EXE,0x00D498,54424,25,no,                         
MW_MAIN.EXE,0x00D4B7,54455,25,no,                         
MW_MAIN.EXE,0x00D4D6,54486,25,no,                         
MW_MAIN.EXE,0x00D4F5,54517,25,no,                         
MW_MAIN.EXE,0x00D532,54578,4,no,JH_H
MW_MAIN.EXE,0x00D53B,54587,14,no, HOUSE        
MW_MAIN.EXE,0x00D54F,54607,15,no,REQUEST MISSION
MW_MAIN.EXE,0x00D564,54628,10,no,     LEAVE
MW_MAIN.EXE,0x00D575,54645,4,no,5MNH
MW_MAIN.EXE,0x00D591,54673,25,no,       MERCENARY CONTRACT
MW_MAIN.EXE,0x00D5AC,54700,23,no, THIS AGREEMENT BETWEEN
MW_MAIN.EXE,0x00D5C4,54724,30,no,HOUSE         AND BLAZING ACES
MW_MAIN.EXE,0x00D5E3,54755,25,no,OUTLINES THE CONTRACT FOR
MW_MAIN.EXE,0x00D5FE,54782,24,no,ON THE         PLANET OF
MW_MAIN.EXE,0x00D618,54808,25,no,THE ESTIMATED ENEMY FORCE
MW_MAIN.EXE,0x00D632,54834,26,no,"IS    HEAVY,    MEDIUM AND"
MW_MAIN.EXE,0x00D64D,54861,15,no,   LIGHT MECHS.
MW_MAIN.EXE,0x00D65E,54878,31,no,        WILL PAY      K C-BILLS
MW_MAIN.EXE,0x00D67E,54910,28,no,AND     % OF ALL CONFISCATED
MW_MAIN.EXE,0x00D69B,54939,28,no,EQUIPMENT WITH     % PAYABLE
MW_MAIN.EXE,0x00D6B8,54968,12,no,IMMEDIATELY.
MW_MAIN.EXE,0x00D6C6,54982,5,no,DATED
MW_MAIN.EXE,0x00D6F9,55033,6,no,ACCEPT
MW_MAIN.EXE,0x00D705,55045,4,no,NEXT
MW_MAIN.EXE,0x00D70F,55055,5,no,LEAVE
MW_MAIN.EXE,0x00D769,55145,4,no,sJzJ
MW_MAIN.EXE,0x00D772,55154,7,no,JKURITA
MW_MAIN.EXE,0x00D77A,55162,7,no,STEINER
MW_MAIN.EXE,0x00D782,55170,5,no,MARIK
MW_MAIN.EXE,0x00D788,55176,4,no,LIAO
MW_MAIN.EXE,0x00D78D,55181,6,no,DAVION
MW_MAIN.EXE,0x00D7AB,55211,10,no,"KJANUARY, "
MW_MAIN.EXE,0x00D7B6,55222,10,no,"FEBRUARY, "
MW_MAIN.EXE,0x00D7C1,55233,7,no,"MARCH, "
MW_MAIN.EXE,0x00D7C9,55241,7,no,"APRIL, "
MW_MAIN.EXE,0x00D7D1,55249,5,no,"MAY, "
MW_MAIN.EXE,0x00D7D7,55255,6,no,"JUNE, "
MW_MAIN.EXE,0x00D7DE,55262,6,no,"JULY, "
MW_MAIN.EXE,0x00D7E5,55269,8,no,"AUGUST, "
MW_MAIN.EXE,0x00D7EE,55278,11,no,"SEPTEMBER, "
MW_MAIN.EXE,0x00D7FA,55290,9,no,"OCTOBER, "
MW_MAIN.EXE,0x00D804,55300,10,no,"NOVEMBER, "
MW_MAIN.EXE,0x00D80F,55311,10,no,"DECEMBER, "
MW_MAIN.EXE,0x00D835,55349,12,no,SUBMITACCEPT
MW_MAIN.EXE,0x00D8B4,55476,19,no,>CMVAAFOXG=EPYS?JQZ
MW_MAIN.EXE,0x00D8FC,55548,26,no,NO CONTRACTS ARE AVAILABLE
MW_MAIN.EXE,0x00D917,55575,13,no,AT THIS TIME.
MW_MAIN.EXE,0x00D927,55591,27,no,YOUR OFFER IS UNACCEPTABLE!
MW_MAIN.EXE,0x00D943,55619,28,no,ALL NEGOTIOATIONS ARE HEREBY
MW_MAIN.EXE,0x00D960,55648,11,no,TERMINATED.
MW_MAIN.EXE,0x00D96C,55660,26,no,YOUR CONTRACT IS ACCEPTED.
MW_MAIN.EXE,0x00D989,55689,28,no,BECAUSE OF YOUR MANY ACTIONS
MW_MAIN.EXE,0x00D9A6,55718,31,no,AGAINST OUR HOLDINGS WE HAVE NO
MW_MAIN.EXE,0x00D9C6,55750,31,no,DESIRE TO DO BUSINESS WITH YOU.
MW_MAIN.EXE,0x00E1F4,57844,8,no,4UKUbUyU
MW_MAIN.EXE,0x00E209,57865,9,no,V1VHV_VvV
MW_MAIN.EXE,0x00E21F,57887,9,no,W.WEW\WsW
MW_MAIN.EXE,0x00E239,57913,17,no,                 
MW_MAIN.EXE,0x00E250,57936,17,no,                 
MW_MAIN.EXE,0x00E267,57959,17,no,                 
MW_MAIN.EXE,0x00E27E,57982,17,no,                 
MW_MAIN.EXE,0x00E295,58005,17,no,                 
MW_MAIN.EXE,0x00E2AC,58028,17,no,                 
MW_MAIN.EXE,0x00E2C3,58051,17,no,                 
MW_MAIN.EXE,0x00E2DA,58074,17,no,                 
MW_MAIN.EXE,0x00E2F1,58097,17,no,                 
MW_MAIN.EXE,0x00E308,58120,17,no,                 
MW_MAIN.EXE,0x00E31F,58143,17,no,                 
MW_MAIN.EXE,0x00E336,58166,17,no,                 
MW_MAIN.EXE,0x00E34D,58189,17,no,                 
MW_MAIN.EXE,0x00E364,58212,17,no,                 
MW_MAIN.EXE,0x00E37B,58235,17,no,                 
MW_MAIN.EXE,0x00E392,58258,17,no,                 
MW_MAIN.EXE,0x00E3A9,58281,17,no,                 
MW_MAIN.EXE,0x00E3C0,58304,17,no,                 
MW_MAIN.EXE,0x00E3D7,58327,17,no,                 
MW_MAIN.EXE,0x00E3EE,58350,17,no,                 
MW_MAIN.EXE,0x00E405,58373,17,no,                 
MW_MAIN.EXE,0x00E41C,58396,17,no,                 
MW_MAIN.EXE,0x00E433,58419,17,no,                 
MW_MAIN.EXE,0x00E44A,58442,17,no,                 
MW_MAIN.EXE,0x00E461,58465,17,no,                 
MW_MAIN.EXE,0x00E478,58488,17,no,                 
MW_MAIN.EXE,0x00E48F,58511,17,no,                 
MW_MAIN.EXE,0x00E4A6,58534,17,no,                 
MW_MAIN.EXE,0x00E4BD,58557,17,no,                 
MW_MAIN.EXE,0x00E4D4,58580,17,no,                 
MW_MAIN.EXE,0x00E4EB,58603,17,no,                 
MW_MAIN.EXE,0x00E502,58626,6,no,CANCEL
MW_MAIN.EXE,0x00E50F,58639,4,no,A^OU
MW_MAIN.EXE,0x00E51D,58653,4,no,A^fU
MW_MAIN.EXE,0x00E52B,58667,4,no,A^}U
MW_MAIN.EXE,0x00E59B,58779,5,no,A^5V	
MW_MAIN.EXE,0x00E5A9,58793,4,no,A^LV
MW_MAIN.EXE,0x00E5B7,58807,4,no,A^cV
MW_MAIN.EXE,0x00E5C5,58821,4,no,A^zV
MW_MAIN.EXE,0x00E635,58933,4,no,A^2W
MW_MAIN.EXE,0x00E643,58947,4,no,A^IW
MW_MAIN.EXE,0x00E651,58961,4,no,A^`W
MW_MAIN.EXE,0x00E65F,58975,4,no,A^wW
MW_MAIN.EXE,0x00E6C4,59076,14,no,Y HOUSE KURITA
MW_MAIN.EXE,0x00E6D3,59091,13,no,HOUSE STEINER
MW_MAIN.EXE,0x00E6E1,59105,13,no, HOUSE MARIK 
MW_MAIN.EXE,0x00E6EF,59119,13,no,  HOUSE LIAO 
MW_MAIN.EXE,0x00E6FD,59133,13,no, HOUSE DAVION
MW_MAIN.EXE,0x00E71D,59165,14,no,+Z7ZCZPZ[ZeZqZ
MW_MAIN.EXE,0x00E730,59184,6,no,HOUSES
MW_MAIN.EXE,0x00E73C,59196,6,no,KURITA
MW_MAIN.EXE,0x00E748,59208,7,no,STEINER
MW_MAIN.EXE,0x00E755,59221,5,no,MARIK
MW_MAIN.EXE,0x00E760,59232,4,no,LIAO
MW_MAIN.EXE,0x00E76A,59242,6,no,DAVION
MW_MAIN.EXE,0x00E776,59254,4,no,DONE
MW_MAIN.EXE,0x00E781,59265,4,no,E];Z
MW_MAIN.EXE,0x00E78F,59279,4,no,E]GZ
MW_MAIN.EXE,0x00E79D,59293,4,no,E]TZ
MW_MAIN.EXE,0x00E7AB,59307,4,no,E]_Z
MW_MAIN.EXE,0x00E7B9,59321,4,no,E]iZ
MW_MAIN.EXE,0x00E7C7,59335,4,no,!]uZ
MW_MAIN.EXE,0x00E85A,59482,21,no,YOU DON'T HAVE ENOUGH
MW_MAIN.EXE,0x00E870,59504,18,no,MONEY TO GO THERE!
MW_MAIN.EXE,0x00E883,59523,8,no,",000,000"
MW_MAIN.EXE,0x00E892,59538,4,no,]\M\
MW_MAIN.EXE,0x00E8E9,59625,7,no,  COST:
MW_MAIN.EXE,0x00E8F1,59633,7,no,WEALTH:
MW_MAIN.EXE,0x00E910,59664,6,no,TRAVEL
MW_MAIN.EXE,0x00E92E,59694,6,no,CANCEL
MW_MAIN.EXE,0x00E945,59717,4,no,I\a\
MW_MAIN.EXE,0x00E94E,59726,18,no,                  
MW_MAIN.EXE,0x00E966,59750,4,no,POP:
MW_MAIN.EXE,0x00E98C,59788,7,no,PLANETS
MW_MAIN.EXE,0x00E9A5,59813,7,no,\DESERT
MW_MAIN.EXE,0x00E9AD,59821,8,no,TROPICAL
MW_MAIN.EXE,0x00E9E2,59874,9,no,G. BRAVER
MW_MAIN.EXE,0x00E9F5,59893,5,no,FIGHT
MW_MAIN.EXE,0x00EA01,59905,14,no,FOLLOW ADDRESS
MW_MAIN.EXE,0x00EA11,59921,9,no,FORGET IT
MW_MAIN.EXE,0x00EA1C,59932,4,no,HIDE
MW_MAIN.EXE,0x00EA22,59938,4,no,TALK
MW_MAIN.EXE,0x00EA28,59944,16,no,ACCEPT HER STORY
MW_MAIN.EXE,0x00EA3A,59962,19,no,CHALLENGE HER STORY
MW_MAIN.EXE,0x00EA4F,59983,10,no,FOLLOW HER
MW_MAIN.EXE,0x00EA5B,59995,9,no,STAY DOWN
MW_MAIN.EXE,0x00EA66,60006,11,no,TRUST TASHA
MW_MAIN.EXE,0x00EA73,60019,13,no,TRUST KEARNEY
MW_MAIN.EXE,0x00EA8B,60043,10,no,PLAY AGAIN
MW_MAIN.EXE,0x00EA97,60055,4,no,QUIT
MW_MAIN.EXE,0x00EA9D,60061,5,no,GO ON
MW_MAIN.EXE,0x00EAA4,60068,14,no,NOT INTERESTED
MW_MAIN.EXE,0x00EAB4,60084,4,no,DEAL
MW_MAIN.EXE,0x00EABA,60090,7,no,NO DEAL
MW_MAIN.EXE,0x00EAC3,60099,9,no,FORGET IT
MW_MAIN.EXE,0x00EACE,60110,4,no,WAIT
MW_MAIN.EXE,0x00EAD4,60116,10,no,STRIKE NOW
MW_MAIN.EXE,0x00EAE0,60128,16,no,ACCEPT HIS OFFER
MW_MAIN.EXE,0x00EAF2,60146,16,no,PULL THE TRIGGER
MW_MAIN.EXE,0x00EB04,60164,5,no,DELAY
MW_MAIN.EXE,0x00EB0B,60171,6,no,ATTACK
MW_MAIN.EXE,0x00EB13,60179,8,no,CONTINUE
MW_MAIN.EXE,0x00EB78,60280,4,no,%d=d
MW_MAIN.EXE,0x00EB81,60289,5,no,e/eae
MW_MAIN.EXE,0x00EB91,60305,13,no,"e,f-f[fafgfhf"
MW_MAIN.EXE,0x00EBDA,60378,24,no,_FOR THE SECOND MONTH IN
MW_MAIN.EXE,0x00EBF3,60403,23,no,A ROW YOU COULD NOT PAY
MW_MAIN.EXE,0x00EC0B,60427,23,no,YOUR CREW SO THEY LEFT.
MW_MAIN.EXE,0x00EC23,60451,23,no,FOR THE SECOND MONTH IN
MW_MAIN.EXE,0x00EC3B,60475,23,no,A ROW YOU COULD NOT PAY
MW_MAIN.EXE,0x00EC53,60499,23,no,YOUR DROP SHIP EXPENSES
MW_MAIN.EXE,0x00EC6B,60523,21,no,SO THE CREW LEFT WITH
MW_MAIN.EXE,0x00EC81,60545,15,no,YOUR DROP SHIP.
MW_MAIN.EXE,0x00EC91,60561,27,no,YOU DON'T HAVE ENOUGH MONEY
MW_MAIN.EXE,0x00ECAD,60589,28,no,"TO PAY YOUR CREW THIS MONTH,"
MW_MAIN.EXE,0x00ECCA,60618,25,no,BUT THEY AGREE TO HANG ON
MW_MAIN.EXE,0x00ECE4,60644,18,no,FOR ANOTHER MONTH.
MW_MAIN.EXE,0x00ECF7,60663,27,no,YOU DON'T HAVE ENOUGH MONEY
MW_MAIN.EXE,0x00ED13,60691,26,no,TO PAY YOUR DROP SHIP CREW
MW_MAIN.EXE,0x00ED2E,60718,29,no,"THIS MONTH, BUT THEY AGREE TO"
MW_MAIN.EXE,0x00ED4C,60748,26,no,HANG ON FOR ANOTHER MONTH.
MW_MAIN.EXE,0x00ED72,60786,19,no,`=a!a+a8aGaQaXataya
MW_MAIN.EXE,0x00ED8E,60814,11,no,a!b(b0b8b=b
MW_MAIN.EXE,0x00EDA8,60840,7,no,c+cDcbc
MW_MAIN.EXE,0x00EDC4,60868,29,no,d!d(d/d6d=dDdKdRdYd`dgdndud|d
MW_MAIN.EXE,0x00EE0E,60942,17,no,e$e+e2e9e@eGeNeUe
MW_MAIN.EXE,0x00EE64,61028,5,no,]jaoa
MW_MAIN.EXE,0x00EF46,61254,5,no,]Lb_b
MW_MAIN.EXE,0x00EF55,61269,9,no,\!]dbsbxb
MW_MAIN.EXE,0x00EFA4,61348,4,no,']9]
MW_MAIN.EXE,0x00EFCA,61386,4,no,e]r]
MW_MAIN.EXE,0x00EFE4,61412,4,no,N]Z]
MW_MAIN.EXE,0x00EFF6,61430,4,no,N]Z]
MW_MAIN.EXE,0x00F275,62069,5,no,h<hxh
MW_MAIN.EXE,0x00F27D,62077,5,no,h+iqi
MW_MAIN.EXE,0x00F28F,62095,5,no,k?kwk
MW_MAIN.EXE,0x00F297,62103,5,no,k8lql
MW_MAIN.EXE,0x00F29F,62111,5,no,l.mem
MW_MAIN.EXE,0x00F2A9,62121,5,no,n:nnn
MW_MAIN.EXE,0x00F2CB,62155,5,no,q<r~r
MW_MAIN.EXE,0x00F2D3,62163,5,no,r3sls
MW_MAIN.EXE,0x00F2E5,62181,5,no,u@uvu
MW_MAIN.EXE,0x00F31F,62239,5,no,{6|r|
MW_MAIN.EXE,0x00F394,62356,4,no,.m8l
MW_MAIN.EXE,0x00F3B3,62387,5,no,iqi<h
MW_MAIN.EXE,0x00F3C7,62407,7,no,mxh+iem
MW_MAIN.EXE,0x00F3D5,62421,5,no,s3sOt
MW_MAIN.EXE,0x00F3EF,62447,7,no,q@uTqZo
MW_MAIN.EXE,0x00F3FD,62461,5,no,rlsnn
MW_MAIN.EXE,0x00F43F,62527,11,no,v6|Izcyr|Y~
MW_MAIN.EXE,0x00F4C0,62656,7,no,LUTHIEN
MW_MAIN.EXE,0x00F4C8,62664,31,no,CAPITAL OF THE DRACONIS COMBINE
MW_MAIN.EXE,0x00F4F2,62706,5,no,PESHT
MW_MAIN.EXE,0x00F4F8,62712,23,no,HEAVY MILITARY GARRISON
MW_MAIN.EXE,0x00F519,62745,9,no,	QANDAHAR
MW_MAIN.EXE,0x00F523,62755,24,no,HIGHLY TOXIC ENVIRONMENT
MW_MAIN.EXE,0x00F546,62790,13,no,NEW SAMARKAND
MW_MAIN.EXE,0x00F554,62804,35,no,HOME OF THE INTERNAL SECURITY FORCE
MW_MAIN.EXE,0x00F582,62850,8,no,TABAYAMA
MW_MAIN.EXE,0x00F58B,62859,41,no,CAPITAL OF GALEDON'S PERIPHERY PREFECTURE
MW_MAIN.EXE,0x00F5BF,62911,9,no,GALEDON V
MW_MAIN.EXE,0x00F5C9,62921,44,no,KNOWN FOR ITS HIGH GRADE INDUSTRIAL DIAMONDS
MW_MAIN.EXE,0x00F600,62976,8,no,KAZNEJOV
MW_MAIN.EXE,0x00F609,62985,33,no,HOME OF THE 17TH GALEDON REGULARS
MW_MAIN.EXE,0x00F635,63029,8,no,THESTRIA
MW_MAIN.EXE,0x00F63E,63038,50,no,FROZEN BALL KNOWN ONLY FOR PRECIOUS METAL DEPOSITS
MW_MAIN.EXE,0x00F67B,63099,6,no,MISERY
MW_MAIN.EXE,0x00F682,63106,34,no,NOTABLE ONLY FOR MINING OPERATIONS
MW_MAIN.EXE,0x00F6AF,63151,8,no,MATSUIDA
MW_MAIN.EXE,0x00F6B8,63160,48,no,NICKNAMED `NAUSEA' - PLANET IS KNOWN FOR SEAFOOD
MW_MAIN.EXE,0x00F6F3,63219,6,no,OSHIKA
MW_MAIN.EXE,0x00F6FA,63226,33,no,HOME OF THE 16TH GALEDON REGULARS
MW_MAIN.EXE,0x00F726,63270,7,no,IRURZUN
MW_MAIN.EXE,0x00F72E,63278,49,no,A VALUABLE WORLD HOUSING A SIZABLE MILITARY FORCE
MW_MAIN.EXE,0x00F76A,63338,10,no,PROSERPINA
MW_MAIN.EXE,0x00F775,63349,33,no,HOME OF THE 9TH BENJAMIN REGULARS
MW_MAIN.EXE,0x00F7A1,63393,8,no,BENJAMIN
MW_MAIN.EXE,0x00F7AA,63402,28,no,SUPPORTS MUCH HEAVY INDUSTRY
MW_MAIN.EXE,0x00F7D1,63441,6,no,DIERON
MW_MAIN.EXE,0x00F7D8,63448,39,no,CAPITAL OF THE DIERON MILITARY DISTRICT
MW_MAIN.EXE,0x00F809,63497,7,no,	KESSEL
MW_MAIN.EXE,0x00F811,63505,45,no,STRONG REBEL FORCES - VISITS MAY BE DANGEROUS
MW_MAIN.EXE,0x00F849,63561,11,no,BUCKMINSTER
MW_MAIN.EXE,0x00F855,63573,33,no,2ND SWORD OF LIGHT STATIONED HERE
MW_MAIN.EXE,0x00F881,63617,7,no,KARBALA
MW_MAIN.EXE,0x00F889,63625,47,no,TROPICAL PARADISE - KNOWN FOR ITS PRECIOUS GEMS
MW_MAIN.EXE,0x00F8C3,63683,7,no,RUBIGEN
MW_MAIN.EXE,0x00F8CB,63691,43,no,AN ICEY WORLD KNOWN FOR ITS WOLVERINE PELTS
MW_MAIN.EXE,0x00F901,63745,7,no,GALUZZO
MW_MAIN.EXE,0x00F909,63753,46,no,EXOTIC WINES AND THE BEST PIZZA IN KNOWN SPACE
MW_MAIN.EXE,0x00F942,63810,7,no,ALSHAIN
MW_MAIN.EXE,0x00F94A,63818,38,no,SUPPORTS A THRIVING BATTLEMECH FACTORY
MW_MAIN.EXE,0x00F97B,63867,8,no,RADSTADT
MW_MAIN.EXE,0x00F984,63876,49,no,ONE OF THE LARGEST PRISONS IN THE COMBINE IS HERE
MW_MAIN.EXE,0x00F9C0,63936,9,no,KIRCHBACH
MW_MAIN.EXE,0x00F9CA,63946,37,no,FEW RESOURCES BUT A TEMPERATE CLIMATE
MW_MAIN.EXE,0x00F9FA,63994,10,no,RASALHAGUE
MW_MAIN.EXE,0x00FA05,64005,40,no,LARGE INDUSTRIES AND PLENTIFUL RESOURCES
MW_MAIN.EXE,0x00FA38,64056,7,no,ALBIERO
MW_MAIN.EXE,0x00FA40,64064,36,no,MAIN HEADQUARTERS FOR MATABUSHI INC.
MW_MAIN.EXE,0x00FA6F,64111,4,no,VEGA
MW_MAIN.EXE,0x00FA74,64116,37,no,HOME OF COSBY MYOMER RESEARCH COMPANY
MW_MAIN.EXE,0x00FAA4,64164,6,no,SKOKIE
MW_MAIN.EXE,0x00FAAB,64171,26,no,ICE WORLD RICH IN MINERALS
MW_MAIN.EXE,0x00FAD0,64208,7,no,XINYANG
MW_MAIN.EXE,0x00FAD8,64216,47,no,RESORT ATMOSHPERE CATERING TO SOLDIERS ON LEAVE
MW_MAIN.EXE,0x00FB12,64274,8,no,DELACRUZ
MW_MAIN.EXE,0x00FB1B,64283,30,no,WAR TORN - SOME LARGE INDUSTRY
MW_MAIN.EXE,0x00FB44,64324,10,no,LAND'S END
MW_MAIN.EXE,0x00FB4F,64335,30,no,DESOLATE ROCK ON THE PERIPHERY
MW_MAIN.EXE,0x00FB78,64376,7,no,THARKAD
MW_MAIN.EXE,0x00FB80,64384,33,no,CAPITAL OF THE LYRAN COMMONWEALTH
MW_MAIN.EXE,0x00FBAC,64428,7,no,DONEGAL
MW_MAIN.EXE,0x00FBB4,64436,42,no,"RICH IN DIAMONDS, RARE METALS, AND TRADERS"
MW_MAIN.EXE,0x00FBE8,64488,8,no,	ALARION
MW_MAIN.EXE,0x00FBF1,64497,37,no,HEAVY INDUSTRY AND ORBITING SHIPYARDS
MW_MAIN.EXE,0x00FC21,64545,8,no,COVENTRY
MW_MAIN.EXE,0x00FC2A,64554,47,no,HOME OF 2ND LARGEST COMMONWEALTH BATTLEMECH CO.
MW_MAIN.EXE,0x00FC64,64612,7,no,POULSBO
MW_MAIN.EXE,0x00FC6C,64620,47,no,JUMPING OFF POINT FOR REGIMENTS ATTACKING MARIK
MW_MAIN.EXE,0x00FCA6,64678,8,no,TIMBUKTU
MW_MAIN.EXE,0x00FCAF,64687,32,no,HOME OF THE 11TH ARCTURAN GUARDS
MW_MAIN.EXE,0x00FCDA,64730,17,no,BOUNTIFUL HARVEST
MW_MAIN.EXE,0x00FCEC,64748,47,no,LARGEST AGRICULTURAL PLANET IN THE COMMONWEALTH
MW_MAIN.EXE,0x00FD25,64805,13,no,	CHUCKCHI III
MW_MAIN.EXE,0x00FD33,64819,32,no,LARGE TITANIUM MINING OPERATIONS
MW_MAIN.EXE,0x00FD5E,64862,4,no,SKYE
MW_MAIN.EXE,0x00FD63,64867,49,no,PLENTY OF UNSPOILED LANDSCAPE AS WELL AS INDUSTRY
MW_MAIN.EXE,0x00FD9E,64926,11,no,	ALEXANDRIA
MW_MAIN.EXE,0x00FDAA,64938,44,no,WAR RAVAGED FROM STRUGGLES WITH HOUSE KURITA
MW_MAIN.EXE,0x00FDE1,64993,5,no,RAHNE
MW_MAIN.EXE,0x00FDE7,64999,50,no,A MISERABLE PLACE - 2 SEASONS ALLOW HUMANS OUTSIDE
MW_MAIN.EXE,0x00FE24,65060,11,no,HESPERUS II
MW_MAIN.EXE,0x00FE30,65072,35,no,SUPPORTS A LARGE BATTLEMECH FACTORY
MW_MAIN.EXE,0x00FE5E,65118,11,no,PORT MOSEBY
MW_MAIN.EXE,0x00FE6A,65130,43,no,MAJOR TRADING CENTER - ANYTHING FOR A PRICE
MW_MAIN.EXE,0x00FEA0,65184,5,no,MIZAR
MW_MAIN.EXE,0x00FEA6,65190,23,no,A PLEASANT RESORT WORLD
MW_MAIN.EXE,0x00FEC8,65224,6,no,SEVREN
MW_MAIN.EXE,0x00FECF,65231,43,no,LARGE FISSION CORE MANUFACTURING FACILITIES
MW_MAIN.EXE,0x00FF05,65285,5,no,CARSE
MW_MAIN.EXE,0x00FF0B,65291,48,no,CENTER FOR PLASTIC AND PLASTISTEEL MANUFACTURING
MW_MAIN.EXE,0x00FF46,65350,4,no,KOBE
MW_MAIN.EXE,0x00FF4B,65355,50,no,MAJOR PRODUCER OF ELECTRONICS AND CHEMICAL ENGINES
MW_MAIN.EXE,0x00FF88,65416,8,no,DUSTBALL
MW_MAIN.EXE,0x00FF91,65425,49,no,WHERE THE ELITE SATISFY THEIR MOST WICKED DESIRES
MW_MAIN.EXE,0x00FFCD,65485,6,no,SUK II
MW_MAIN.EXE,0x00FFD4,65492,31,no,MINING WORLD RICH IN METAL ORES
MW_MAIN.EXE,0x00FFFE,65534,8,no,WINFIELD
MW_MAIN.EXE,0x010007,65543,43,no,AGRICULTURAL WORLD WITH LONG GROWING SEASON
MW_MAIN.EXE,0x01003D,65597,8,no,ANYWHERE
MW_MAIN.EXE,0x010046,65606,37,no,A REAL NOWHERE UNLESS YOU'RE A PIRATE
MW_MAIN.EXE,0x010071,65649,4,no,\=	o
MW_MAIN.EXE,0x010076,65654,5,no,TAMAR
MW_MAIN.EXE,0x01007C,65660,39,no,STRONG TRADING AND MANUFACTURING CENTER
MW_MAIN.EXE,0x0100AE,65710,6,no,ANEMBO
MW_MAIN.EXE,0x0100B5,65717,39,no,UNREMARKABLE WORLD SCARSE IN EVERYTHING
MW_MAIN.EXE,0x0100E7,65767,8,no,TIMBIQUI
MW_MAIN.EXE,0x0100F0,65776,37,no,MANUFACTURING CENTER RICH IN MINERALS
MW_MAIN.EXE,0x010120,65824,5,no,DIXIE
MW_MAIN.EXE,0x010126,65830,40,no,KNOWN FOR GOOD FOOD AND WARM HOSPITALITY
MW_MAIN.EXE,0x010159,65881,7,no,ARCADIA
MW_MAIN.EXE,0x010161,65889,38,no,STONG IN AGRICULTURE AND MANUFACTURING
MW_MAIN.EXE,0x010192,65938,8,no,VALLOIRE
MW_MAIN.EXE,0x01019B,65947,45,no,PRODUCER OF THE BEST TEAS IN THE COMMONWEALTH
MW_MAIN.EXE,0x0101D3,66003,6,no,THORIN
MW_MAIN.EXE,0x0101DA,66010,48,no,ANCIENT WORLD RICH IN MINERALS AND PRECIOUS GEMS
MW_MAIN.EXE,0x010215,66069,8,no,GARRISON
MW_MAIN.EXE,0x01021E,66078,33,no,MILITARY TRAINING CENTER AND POST
MW_MAIN.EXE,0x01024A,66122,7,no,NIANGOL
MW_MAIN.EXE,0x010252,66130,35,no,PETROLEUM AND ORE PROCESSING CENTER
MW_MAIN.EXE,0x010280,66176,6,no,ATREUS
MW_MAIN.EXE,0x010287,66183,33,no,CAPITAL OF THE FREE WORLDS LEAGUE
MW_MAIN.EXE,0x0102B3,66227,9,no,ANGELL II
MW_MAIN.EXE,0x0102BD,66237,40,no,ONE OF MARIK'S BIGGEST SOURCES OF WEALTH
MW_MAIN.EXE,0x0102F0,66288,5,no,MARIK
MW_MAIN.EXE,0x0102F6,66294,39,no,WINTER RESIDENCE OF THE CAPTAIN-GENERAL
MW_MAIN.EXE,0x010328,66344,6,no,SILVER
MW_MAIN.EXE,0x01032F,66351,40,no,NAMED FOR ITS LARGE DEPOSITS OF THAT ORE
MW_MAIN.EXE,0x010362,66402,8,no,ANDURIEN
MW_MAIN.EXE,0x01036B,66411,33,no,FAMOUS FOR ITS BOTANNICAL GARDENS
MW_MAIN.EXE,0x010397,66455,15,no,ALULA AUSTRALIS
MW_MAIN.EXE,0x0103A7,66471,48,no,"MINERAL SOURCE FOR CIREBON, LENGKONG, AND MOSIRO"
MW_MAIN.EXE,0x0103E2,66530,6,no,GIBSON
MW_MAIN.EXE,0x0103E9,66537,42,no,AMAZING DIVERSITY OF PEOPLES AND RELIGIONS
MW_MAIN.EXE,0x01041E,66590,6,no,MOSIRO
MW_MAIN.EXE,0x010425,66597,50,no,"MOSTLY MOSLEM, STRONG IN ASTROPHYSICS AND THE ARTS"
MW_MAIN.EXE,0x010462,66658,11,no,CALLOWAY VI
MW_MAIN.EXE,0x01046E,66670,44,no,LARGE TRADE CENTER WITH BATTLEMECH FACTORIES
MW_MAIN.EXE,0x0104A5,66725,7,no,ORIENTE
MW_MAIN.EXE,0x0104AD,66733,50,no,"LUSH, GREEN WORLD OF ROLLING GRASSLAND AND FORESTS"
MW_MAIN.EXE,0x0104EA,66794,9,no,NEW DELOS
MW_MAIN.EXE,0x0104F4,66804,39,no,BEAUTIFUL WORLD BUT A DEPRESSED ECONOMY
MW_MAIN.EXE,0x010526,66854,7,no,REGULUS
MW_MAIN.EXE,0x01052E,66862,50,no,"HOME OF JOHN 'ICEPICK' MELTON, MAN OF MANY TALENTS"
MW_MAIN.EXE,0x01056B,66923,7,no,LESNOVO
MW_MAIN.EXE,0x010573,66931,46,no,OFTEN RAIDED BY BANDITS OF THE MARIAN HEGEMONY
MW_MAIN.EXE,0x0105AB,66987,6,no,	AMITY
MW_MAIN.EXE,0x0105B2,66994,41,no,LARGE AND VARIED MANUFACTURING FACILITIES
MW_MAIN.EXE,0x0105E6,67046,6,no,SHILOH
MW_MAIN.EXE,0x0105ED,67053,49,no,MAIN EXPORTS INCLUDE WOODCARVINGS AND SILKSCREENS
MW_MAIN.EXE,0x010629,67113,7,no,PROCYON
MW_MAIN.EXE,0x010631,67121,49,no,ONCE HOME TO THE BRIGADIER MECH CO. - NOW EXTINCT
MW_MAIN.EXE,0x01066D,67181,8,no,TAMARIND
MW_MAIN.EXE,0x010676,67190,43,no,THE TALENT OF THE ARTISTS HERE IS LEGENDARY
MW_MAIN.EXE,0x0106AC,67244,10,no,CLAYBROOKE
MW_MAIN.EXE,0x0106B7,67255,42,no,MAJOR EXPORTS ARE RANCH AND DAIRY PRODUCTS
MW_MAIN.EXE,0x0106EC,67308,5,no,IRIAN
MW_MAIN.EXE,0x0106F2,67314,32,no,HOUSES VAST BATTLEMECH FACTORIES
MW_MAIN.EXE,0x01071C,67356,7,no,	OLIVER
MW_MAIN.EXE,0x010724,67364,36,no,MUCH INDUSTRY INCLUDING A MECH PLANT
MW_MAIN.EXE,0x010753,67411,6,no,SUZANO
MW_MAIN.EXE,0x01075A,67418,48,no,FAMOUS FOR ANDO BASS FISHED FROM ITS FROZEN SEAS
MW_MAIN.EXE,0x010795,67477,6,no,GOODNA
MW_MAIN.EXE,0x01079C,67484,43,no,A PLANET FILLED WITH RARE EDIBLE DELICACIES
MW_MAIN.EXE,0x0107D2,67538,7,no,SADURNI
MW_MAIN.EXE,0x0107DA,67546,47,no,"A FROZEN, BARREN, LIFELESS ROCK - SEE YOU THERE"
MW_MAIN.EXE,0x010814,67604,7,no,CIREBON
MW_MAIN.EXE,0x01081C,67612,39,no,LARGE COMPUTER AND AEROSPACE INDUSTRIES
MW_MAIN.EXE,0x01084E,67662,6,no,NESTOR
MW_MAIN.EXE,0x010855,67669,42,no,AGRICULTURAL MOSTLY RICE AND OTHER CEREALS
MW_MAIN.EXE,0x010889,67721,9,no,	GRIFFITH
MW_MAIN.EXE,0x010893,67731,36,no,SMALL BUT IMPORTANT WEAPONS BUSINESS
MW_MAIN.EXE,0x0108C2,67778,11,no,AUTUMN WIND
MW_MAIN.EXE,0x0108CE,67790,37,no,GARDEN PLANET CATERING TO VACATIONERS
MW_MAIN.EXE,0x0108FC,67836,10,no,p	CHALOUBA
MW_MAIN.EXE,0x010907,67847,46,no,PASTORAL BUT WITH GROWING ELECTRONICS INDUSTRY
MW_MAIN.EXE,0x010940,67904,14,no,SOPHIE'S WORLD
MW_MAIN.EXE,0x01094F,67919,34,no,A CENTER FOR THE ARTS AND LEARNING
MW_MAIN.EXE,0x01097C,67964,7,no,ZORTMAN
MW_MAIN.EXE,0x010984,67972,30,no,CENTER FOR TECHNOLOGY RESEARCH
MW_MAIN.EXE,0x0109AD,68013,4,no,SIAN
MW_MAIN.EXE,0x0109B2,68018,37,no,CAPITAL OF THE CAPELLAN CONFEDERATION
MW_MAIN.EXE,0x0109E2,68066,10,no,BETELGEUSE
MW_MAIN.EXE,0x0109ED,68077,48,no,MAJOR INDUSTRIAL CENTER INCLUDING A MECH COMPLEX
MW_MAIN.EXE,0x010A28,68136,12,no,BUENOS AIRES
MW_MAIN.EXE,0x010A35,68149,48,no,SUBTERRANEAN AND OFFSHORE HYDROPONIC AGRICULTURE
MW_MAIN.EXE,0x010A70,68208,10,no,GRAND BASE
MW_MAIN.EXE,0x010A7B,68219,47,no,"MILITARY STAGING, TRAINING, AND REPAIR FACILITY"
MW_MAIN.EXE,0x010AB5,68277,5,no,MENKE
MW_MAIN.EXE,0x010ABB,68283,34,no,HOME OF MCCARRON'S ARMORED CAVALRY
MW_MAIN.EXE,0x010AE8,68328,5,no,TURIN
MW_MAIN.EXE,0x010AEE,68334,39,no,NOTED FOR ITS HORSES AND SPECIAL CATTLE
MW_MAIN.EXE,0x010B20,68384,7,no,TIKONOV
MW_MAIN.EXE,0x010B28,68392,48,no,LARGEST MECH PRODUCTION CENTER IN CAPELLAN SPACE
MW_MAIN.EXE,0x010B63,68451,9,no,ALDEBARAN
MW_MAIN.EXE,0x010B6D,68461,38,no,MAJOR COMMERCIAL AND INDUSTRIAL CENTER
MW_MAIN.EXE,0x010B9E,68510,6,no,BHARAT
MW_MAIN.EXE,0x010BA5,68517,29,no,A PLANETWIDE HUNTING PRESERVE
MW_MAIN.EXE,0x010BCD,68557,4,no,KEID
MW_MAIN.EXE,0x010BD2,68562,47,no,"MANY MILITARY, TRAINING AND RESEARCH FACILITIES"
MW_MAIN.EXE,0x010C0C,68620,7,no,NANKING
MW_MAIN.EXE,0x010C14,68628,43,no,HOME OF THE WARRIOR HOUSE DAIDACHI REGIMENT
MW_MAIN.EXE,0x010C4A,68682,10,no,NEW HESSEN
MW_MAIN.EXE,0x010C55,68693,50,no,MAIN RECRUITING AND TRAINING CENTER FOR HOUSE LIAO
MW_MAIN.EXE,0x010C92,68754,10,no,TALL TREES
MW_MAIN.EXE,0x010C9D,68765,50,no,GENETIC RESEARCH FACILITY WHICH DEVELOPED NUPLAGUE
MW_MAIN.EXE,0x010CDA,68826,7,no,CAPELLA
MW_MAIN.EXE,0x010CE2,68834,49,no,HQ FOR CERES METALS AND CAPELLAN COMMONALITY BANK
MW_MAIN.EXE,0x010D1E,68894,4,no,ARES
MW_MAIN.EXE,0x010D23,68899,37,no,"FREE PORT, ALSO HOUSES A MECH FACTORY"
MW_MAIN.EXE,0x010D53,68947,8,no,BITHINIA
MW_MAIN.EXE,0x010D5C,68956,48,no,PLANETWIDE ENTERTAINMENT CENTER - STEEL INDUSTRY
MW_MAIN.EXE,0x010D97,69015,6,no,EXEDOR
MW_MAIN.EXE,0x010D9E,69022,47,no,LIAO PERSONAL TREASURES GUARDED BY CRACK TROOPS
MW_MAIN.EXE,0x010DD8,69080,7,no,NECROMO
MW_MAIN.EXE,0x010DE0,69088,29,no,LIAO DROPSHIP REPAIR FACILITY
MW_MAIN.EXE,0x010E08,69128,7,no,RABALLA
MW_MAIN.EXE,0x010E10,69136,43,no,HOUSES MAJOR AEROSPACE SUPPORT INSTALLATION
MW_MAIN.EXE,0x010E46,69190,4,no,STYK
MW_MAIN.EXE,0x010E4B,69195,41,no,2ND LARGEST TRADING AND INDUSTIRAL CENTER
MW_MAIN.EXE,0x010E7F,69247,8,no,TSINGHAI
MW_MAIN.EXE,0x010E88,69256,47,no,"BEST KNOWN FOR ITS WINES, ALSO URANIUM DEPOSITS"
MW_MAIN.EXE,0x010EC2,69314,7,no,WARLOCK
MW_MAIN.EXE,0x010ECA,69322,40,no,MILITARY RESEARCH AND DEVELOPMENT CENTER
MW_MAIN.EXE,0x010EFD,69373,5,no,MATSU
MW_MAIN.EXE,0x010F03,69379,29,no,PRECIOUS METALS MINING CENTER
MW_MAIN.EXE,0x010F2B,69419,8,no,ZANZIBAR
MW_MAIN.EXE,0x010F34,69428,49,no,FAMOUS BLACK MARKET - ANYTHING CAN BE BOUGHT HERE
MW_MAIN.EXE,0x010F70,69488,5,no,MILOS
MW_MAIN.EXE,0x010F76,69494,47,no,AGRICULUTRAL WORLD OF SOME STRATEGIC IMPORTANCE
MW_MAIN.EXE,0x010FB0,69552,10,no,NEW AVALON
MW_MAIN.EXE,0x010FBB,69563,29,no,CAPITAL OF THE FEDERATED SUNS
MW_MAIN.EXE,0x010FE3,69603,10,no,NEW SYRTIS
MW_MAIN.EXE,0x010FEE,69614,38,no,MILITARY CAPITAL OF THE CAPELLAN MARCH
MW_MAIN.EXE,0x01101F,69663,8,no,ROBINSON
MW_MAIN.EXE,0x011028,69672,36,no,MILITARY CAPITAL OF THE TERRAN MARCH
MW_MAIN.EXE,0x011057,69719,8,no,KESAI IV
MW_MAIN.EXE,0x011060,69728,42,no,STRATEGIC MILITARY CENTER AND NOTHING ELSE
MW_MAIN.EXE,0x011095,69781,5,no,GALAX
MW_MAIN.EXE,0x01109B,69787,34,no,MAJOR MINING AND INDUSTRIAL CENTER
MW_MAIN.EXE,0x0110C8,69832,15,no,MALLORY'S WORLD
MW_MAIN.EXE,0x0110D8,69848,38,no,ONCE PLENTIFUL AGRI-WORLD NOW WAR TORN
MW_MAIN.EXE,0x011109,69897,6,no,KATHIL
MW_MAIN.EXE,0x011110,69904,38,no,MAJOR JUMPSHIP AND DROPSHIP FACILITIES
MW_MAIN.EXE,0x011141,69953,8,no,REDFIELD
MW_MAIN.EXE,0x01114A,69962,48,no,SUCH A CONSTANT BATTLEFIELD NOTHING ELSE HAPPENS
MW_MAIN.EXE,0x011185,70021,10,no,OKEFENOKEE
MW_MAIN.EXE,0x011190,70032,39,no,RICH PETROLEUM DEPOSITS JUST DISCOVERED
MW_MAIN.EXE,0x0111C2,70082,7,no,GAMBLER
MW_MAIN.EXE,0x0111CA,70090,38,no,ENTERTAINMENT WORLD WITH SOME INDUSTRY
MW_MAIN.EXE,0x0111FB,70139,6,no,MARDUK
MW_MAIN.EXE,0x011202,70146,34,no,HOME OF THE NORSE BATTLEMECH WORKS
MW_MAIN.EXE,0x01122F,70191,12,no,ANDER'S MOON
MW_MAIN.EXE,0x01123C,70204,41,no,SMALL BACKWATER WORLD MOSTLY AGRICULTURAL
MW_MAIN.EXE,0x011270,70256,7,no,HYALITE
MW_MAIN.EXE,0x011278,70264,26,no,STRONG CHEMICAL INDUSTRIES
MW_MAIN.EXE,0x01129D,70301,11,no,TANCREDI IV
MW_MAIN.EXE,0x0112A9,70313,35,no,STRONG MINING AND INDUSTRIAL CENTER
MW_MAIN.EXE,0x0112D7,70359,5,no,HOBBS
MW_MAIN.EXE,0x0112DD,70365,42,no,GIANT CAVE SYSTEMS HERE USED AS WAREHOUSES
MW_MAIN.EXE,0x011310,70416,9,no,M	KITTERY
MW_MAIN.EXE,0x01131A,70426,47,no,"INHOSPITABLE JUNGLE WORLD, NATIVES IN REBELLION"
MW_MAIN.EXE,0x011354,70484,11,no,GREAT GORGE
MW_MAIN.EXE,0x011360,70496,50,no,NICE WORLD RICH IN MINERALS ON THE EDGE OF NOWHERE
MW_MAIN.EXE,0x01139B,70555,6,no,-	CAPH
MW_MAIN.EXE,0x0113A2,70562,49,no,MAJOR CONNECTION BETWEEN DAVION AND STEINER SPACE
MW_MAIN.EXE,0x0113DE,70622,4,no,HOFF
MW_MAIN.EXE,0x0113E3,70627,45,no,HOUSES THE FRIDEN AEROSPACE RESEARCH FACILITY
MW_MAIN.EXE,0x01141B,70683,6,no,BAXLEY
MW_MAIN.EXE,0x011422,70690,49,no,A REAL BACKWATER WORLD OF ABSOLUTLY NO IMPORTANCE
MW_MAIN.EXE,0x01145E,70750,6,no,GREELY
MW_MAIN.EXE,0x011465,70757,39,no,RECENTLY REBUILT INTO A MILITARY CENTER
MW_MAIN.EXE,0x011497,70807,7,no,COGDELL
MW_MAIN.EXE,0x01149F,70815,36,no,AGRI-WORLD IN DEEP POLITICAL TURMOIL
MW_MAIN.EXE,0x0114CE,70862,6,no,FRAZER
MW_MAIN.EXE,0x0114D5,70869,38,no,"LARGE PRODUCER OF RICE, SOME PETROLEUM"
MW_MAIN.EXE,0x011506,70918,8,no,MORAVIAN
MW_MAIN.EXE,0x01150F,70927,49,no,"MINING INDUSTRY SMASHED BY WAR, DEPRESSED ECONOMY"
MW_MAIN.EXE,0x011549,70985,12,no,-	NEW ARAGON
MW_MAIN.EXE,0x011556,70998,44,no,"CAPTURED IN 2832, HOUSE LIAO STILL CLAIMS IT"
MW_MAIN.EXE,0x01158D,71053,6,no,NOATAK
MW_MAIN.EXE,0x011594,71060,45,no,"KNOWN FOR ITS WHALES, SEALS, AND AQUATIC LIFE"
MW_MAIN.EXE,0x0115CC,71116,7,no,BEECHER
MW_MAIN.EXE,0x0115D4,71124,48,no,"STRONG INDUSTRY AND AGRICULTURE, EXCELLENT WINES"
MW_MAIN.EXE,0x01160F,71183,9,no,XHOSA VII
MW_MAIN.EXE,0x011619,71193,44,no,AEROSPACE INDUSTRY SOMEWHAT DEPRESSED BY WAR
MW_MAIN.EXE,0x011650,71248,10,no,IMMENSTADT
MW_MAIN.EXE,0x01165B,71259,49,no,"COLD MUCH OF THE YEAR, STRONG HYDROPONIC INDUSTRY"
MW_MAIN.EXE,0x011697,71319,10,no,DELACAMBRE
MW_MAIN.EXE,0x0116A2,71330,50,no,AGRICULTURAL WORLD SUPPORTING SEVERAL NEAR PLANETS
MW_MAIN.EXE,0x0116DF,71391,12,no,ANDER'S MOON
MW_MAIN.EXE,0x0116EC,71404,41,no,SMALL BACKWATER WORLD MOSTLY AGRICULTURAL
MW_MAIN.EXE,0x01176B,71531,13,no,GARRISON DUTY
MW_MAIN.EXE,0x01177B,71547,21,no,GENERAL SECURITY DUTY
MW_MAIN.EXE,0x011793,71571,26,no,DEFENSE OF A WATER FACTORY
MW_MAIN.EXE,0x0117B0,71600,28,no,DEFENSE OF A WEAPONS FACTORY
MW_MAIN.EXE,0x0117CF,71631,22,no,DEFENSE OF A FUEL DUMP
MW_MAIN.EXE,0x0117E8,71656,25,no,DEFENSE OF FIELD COM UNIT
MW_MAIN.EXE,0x011804,71684,25,no,DEFENSE OF A SUPPLY DEPOT
MW_MAIN.EXE,0x011820,71712,29,no,DEFENSE OF LANDING FACILITIES
MW_MAIN.EXE,0x011840,71744,24,no,SUPPRESSION OF REBELLION
MW_MAIN.EXE,0x01185B,71771,26,no,TEMPORARY RELIEF OF FORCES
MW_MAIN.EXE,0x011878,71800,25,no,RESCUE OF A KIDNAP VICTIM
MW_MAIN.EXE,0x011894,71828,18,no,RESCUE OF HOSTAGES
MW_MAIN.EXE,0x0118A9,71849,28,no,RETRIEVAL OF STOLEN PROPERTY
MW_MAIN.EXE,0x0118C8,71880,27,no,RETRIEVAL OF CAPTURED MECHS
MW_MAIN.EXE,0x0118E6,71910,30,no,AN EXTENDED OFFENSIVE CAMPAIGN
MW_MAIN.EXE,0x011907,71943,30,no,AN EXTENDED DEFENSIVE CAMPAIGN
MW_MAIN.EXE,0x011928,71976,19,no,A PLANETARY ASSUALT
MW_MAIN.EXE,0x01193E,71998,26,no,AN EXTENDED SIEGE CAMPAIGN
MW_MAIN.EXE,0x01195B,72027,24,no,RELIEF OF ENGAGED FORCES
MW_MAIN.EXE,0x011976,72054,21,no,A RECONNAISSANCE RAID
MW_MAIN.EXE,0x01198E,72078,19,no,A DIVERSIONARY RAID
MW_MAIN.EXE,0x0119A4,72100,30,no,CONTAINMENT OF SECURITY FORCES
MW_MAIN.EXE,0x0119C5,72133,30,no,DESTRUCTION OF A WATER FACTORY
MW_MAIN.EXE,0x0119E6,72166,30,no,DISABLING OF A WEAPONS FACTORY
MW_MAIN.EXE,0x011A07,72199,26,no,DESTRUCTION OF A FUEL DUMP
MW_MAIN.EXE,0x011A24,72228,27,no,DESTRUCTION OF AN AMMO DUMP
MW_MAIN.EXE,0x011A42,72258,31,no,DISABLING OF A FIELD COM CENTER
MW_MAIN.EXE,0x011A64,72292,30,no,ELIMINATION OF GARRISON FORCES
MW_MAIN.EXE,0x011A85,72325,28,no,DESTROYING STOLEN PROTOTYPES
MW_MAIN.EXE,0x011AA4,72356,30,no,DESTRUCTION OF MECH FACILITIES
MW_MAIN.EXE,0x011AC5,72389,30,no,ELIMINATION OF SECURITY FORCES
MW_MAIN.EXE,0x011AE6,72422,30,no,DESTRUCTION OF PORT FACILITIES
MW_MAIN.EXE,0x011B07,72455,30,no,CAPTURE OF AMMO AND MECH PARTS
MW_MAIN.EXE,0x011B28,72488,29,no,PARTICIPATING IN HOSTAGE RAID
MW_MAIN.EXE,0x011BDA,72666,8,no,+-./14:;
MW_MAIN.EXE,0x011BEA,72682,40,no,"#),678:*,:,:,:,:',:',:',#9$#9$#923232323"
MW_MAIN.EXE,0x011C1A,72730,16,no,BLPBLPBLBJKLPUVZ
MW_MAIN.EXE,0x011C32,72754,24,no,ABDELQRSBLPBLPBL@IV@IV@I
MW_MAIN.EXE,0x011C5A,72794,24,no,cdecdecdcdecdecd\]`gjkno
MW_MAIN.EXE,0x011C7A,72826,8,no,_afilpqr
MW_MAIN.EXE,0x011C9A,72858,4,no,wy~~
MW_MAIN.EXE,0x011CE5,72933,4,no,DSCI
MW_MAIN.EXE,0x011D13,72979,7,no,    BAR
MW_MAIN.EXE,0x011D20,72992,11,no,ORDER DRINK
MW_MAIN.EXE,0x011D31,73009,12,no,RECRUIT CREW
MW_MAIN.EXE,0x011D43,73027,8,no,   LEAVE
MW_MAIN.EXE,0x011D91,73105,15,no,HEARD YOU MIGHT
MW_MAIN.EXE,0x011DA1,73121,14,no,BE LOOKING FOR
MW_MAIN.EXE,0x011DB0,73136,18,no,A GOOD MECH PILOT.
MW_MAIN.EXE,0x011DC9,73161,15,no,YOU INTERESTED?
MW_MAIN.EXE,0x011E06,73222,4,no,NAME
MW_MAIN.EXE,0x011E0B,73227,5,no,GUNRY
MW_MAIN.EXE,0x011E11,73233,5,no,PILOT
MW_MAIN.EXE,0x011E7A,73338,10,no,ELLI GUJAR
MW_MAIN.EXE,0x011E85,73349,17,no,I'M JUST STARTING
MW_MAIN.EXE,0x011E97,73367,17,no,OUT BUT I'M LOYAL
MW_MAIN.EXE,0x011EA9,73385,16,no,AND I WORK HARD.
MW_MAIN.EXE,0x011EBD,73405,10,no,KAREN BLAK
MW_MAIN.EXE,0x011EC8,73416,15,no,DON'T HAVE MUCH
MW_MAIN.EXE,0x011ED8,73432,16,no,EXPERIENCE BUT I
MW_MAIN.EXE,0x011EE9,73449,19,no,CAN SHOOT STRAIGHT.
MW_MAIN.EXE,0x011F00,73472,10,no,TARIS REN 
MW_MAIN.EXE,0x011F0B,73483,14,no,I SAY NO JOB'S
MW_MAIN.EXE,0x011F1A,73498,16,no,TOO TOUGH AND NO
MW_MAIN.EXE,0x011F2B,73515,13,no,FEE TOO HIGH.
MW_MAIN.EXE,0x011F3C,73532,10,no,TJ        
MW_MAIN.EXE,0x011F47,73543,18,no,JUST SHOW ME WHERE
MW_MAIN.EXE,0x011F5A,73562,17,no,TO SHOOT AND I'LL
MW_MAIN.EXE,0x011F6C,73580,12,no,DO THE REST.
MW_MAIN.EXE,0x011F7C,73596,10,no,D. SAJAK  
MW_MAIN.EXE,0x011F87,73607,16,no,D IS FOR DESIRE.
MW_MAIN.EXE,0x011F98,73624,15,no,TELL ANYONE AND
MW_MAIN.EXE,0x011FA8,73640,14,no,I'LL KILL YOU.
MW_MAIN.EXE,0x011FBA,73658,10,no,PAM NORTH 
MW_MAIN.EXE,0x011FC5,73669,16,no,MY LAST TOUR WAS
MW_MAIN.EXE,0x011FD6,73686,13,no,WITH THE 12TH
MW_MAIN.EXE,0x011FE4,73700,14,no,VEGAN RANGERS.
MW_MAIN.EXE,0x011FF6,73718,10,no,TARA ELLIS
MW_MAIN.EXE,0x012001,73729,19,no,"LAST TOUR, I WORKED"
MW_MAIN.EXE,0x012015,73749,17,no,A GRIFFEN FOR THE
MW_MAIN.EXE,0x012027,73767,20,no,ERIDANI LIGHT HORSE.
MW_MAIN.EXE,0x01203F,73791,10,no,A. MORRIS 
MW_MAIN.EXE,0x01204A,73802,15,no,I HAD MY LOCUST
MW_MAIN.EXE,0x01205A,73818,13,no,SHOT OUT FROM
MW_MAIN.EXE,0x012068,73832,11,no,UNDER ME IN
MW_MAIN.EXE,0x012074,73844,14,no,A KURITA RAID.
MW_MAIN.EXE,0x012086,73862,10,no,ILSA MARN 
MW_MAIN.EXE,0x012091,73873,15,no,I'M NO STRANGER
MW_MAIN.EXE,0x0120A1,73889,16,no,TO...HOW SHALL I
MW_MAIN.EXE,0x0120B2,73906,9,no,PUT IT...
MW_MAIN.EXE,0x0120BC,73916,18,no,COVERT OPERATIONS.
MW_MAIN.EXE,0x0120D2,73938,10,no,ARA       
MW_MAIN.EXE,0x0120DD,73949,13,no,"NO LAST NAME,"
MW_MAIN.EXE,0x0120EB,73963,19,no,"JUST ARA, AND MECHS"
MW_MAIN.EXE,0x0120FF,73983,14,no,AREN'T MY ONLY
MW_MAIN.EXE,0x01210E,73998,10,no,SPECIALTY.
MW_MAIN.EXE,0x01211C,74012,10,no,S. MILLER 
MW_MAIN.EXE,0x012127,74023,18,no,I PRACTICALLY GREW
MW_MAIN.EXE,0x01213A,74042,19,no,UP IN THE 3RD RECON
MW_MAIN.EXE,0x01214E,74062,8,no,COMPANY.
MW_MAIN.EXE,0x01215A,74074,10,no,ROSE ARTZ 
MW_MAIN.EXE,0x012165,74085,14,no,I LAST DROVE A
MW_MAIN.EXE,0x012174,74100,15,no,THUNDERBOLT FOR
MW_MAIN.EXE,0x012184,74116,11,no,THE ERIDANI
MW_MAIN.EXE,0x012190,74128,12,no,LIGHT HORSE.
MW_MAIN.EXE,0x0121A0,74144,10,no,JJ KITTER 
MW_MAIN.EXE,0x0121AB,74155,15,no,SPENT SOME TIME
MW_MAIN.EXE,0x0121BB,74171,14,no,WITH THE WACO 
MW_MAIN.EXE,0x0121CA,74186,11,no,RANGERS AND
MW_MAIN.EXE,0x0121D6,74198,19,no,MILLER'S MARAUDERS.
MW_MAIN.EXE,0x0121ED,74221,10,no,EMMA MEYER
MW_MAIN.EXE,0x0121F8,74232,17,no,I'VE WORKED RECON
MW_MAIN.EXE,0x01220A,74250,17,no,AND STRIKE LANCES
MW_MAIN.EXE,0x01221C,74268,19,no,FOR BRION'S LEGION.
MW_MAIN.EXE,0x012233,74291,10,no,ERIN FALLS
MW_MAIN.EXE,0x01223E,74302,15,no,THERE ISN'T ANY
MW_MAIN.EXE,0x01224E,74318,12,no,MECH I CAN'T
MW_MAIN.EXE,0x01225B,74331,7,no,MASTER.
MW_MAIN.EXE,0x012266,74342,10,no,A. CHU LAI
MW_MAIN.EXE,0x012271,74353,17,no,RAN A JAVELIN FOR
MW_MAIN.EXE,0x012283,74371,15,no,WINSTON'S SCOUT
MW_MAIN.EXE,0x012293,74387,17,no,LANCE IN THE WACO
MW_MAIN.EXE,0x0122A5,74405,8,no,RANGERS.
MW_MAIN.EXE,0x0122B1,74417,10,no,ZERA TITH 
MW_MAIN.EXE,0x0122BC,74428,17,no,"I'VE BEEN AROUND,"
MW_MAIN.EXE,0x0122CE,74446,19,no,LAST GIG WAS HELMAR
MW_MAIN.EXE,0x0122E2,74466,7,no,VALASEK
MW_MAIN.EXE,0x0122EA,74474,18,no,- THE BANDIT KING.
MW_MAIN.EXE,0x012300,74496,10,no,CHANEY TI 
MW_MAIN.EXE,0x01230B,74507,16,no,I WORKED FOR THE
MW_MAIN.EXE,0x01231C,74524,12,no,BLACK WIDOW.
MW_MAIN.EXE,0x012329,74537,11,no,'NUFF SAID.
MW_MAIN.EXE,0x012338,74552,10,no,BOB TRUE  
MW_MAIN.EXE,0x012343,74563,13,no,I KNOW MY WAY
MW_MAIN.EXE,0x012351,74577,16,no,AROUND MECHS AND
MW_MAIN.EXE,0x012362,74594,18,no,I'VE SEEN MY SHARE
MW_MAIN.EXE,0x012375,74613,11,no,OF BATTLES.
MW_MAIN.EXE,0x012384,74628,10,no,TED HEGEL 
MW_MAIN.EXE,0x01238F,74639,16,no,HAD A BRUSH WITH
MW_MAIN.EXE,0x0123A0,74656,16,no,THE WIDOW. NOW I
MW_MAIN.EXE,0x0123B1,74673,18,no,NEED ANOTHER MECH.
MW_MAIN.EXE,0x0123C7,74695,10,no,TIM SEERS 
MW_MAIN.EXE,0x0123D2,74706,12,no,I USED TO BE
MW_MAIN.EXE,0x0123DF,74719,16,no,INFANTRY BUT I'M
MW_MAIN.EXE,0x0123F0,74736,10,no,MOVING UP.
MW_MAIN.EXE,0x0123FE,74750,10,no,Z. RODGERS
MW_MAIN.EXE,0x012409,74761,19,no,I USED TO WORK TECH
MW_MAIN.EXE,0x01241D,74781,13,no,FOR RICHARD'S
MW_MAIN.EXE,0x01242B,74795,15,no,PANZER BRIGADE.
MW_MAIN.EXE,0x01243E,74814,10,no,T.D. BENTE
MW_MAIN.EXE,0x012449,74825,16,no,PUT A MECH UNDER
MW_MAIN.EXE,0x01245A,74842,16,no,ME AND I'LL KICK
MW_MAIN.EXE,0x01246B,74859,10,no,SOME TAIL.
MW_MAIN.EXE,0x012479,74873,10,no,T. RICH   
MW_MAIN.EXE,0x012484,74884,17,no,I LEARNED A THING
MW_MAIN.EXE,0x012496,74902,20,no,OR TWO WITH HANSEN'S
MW_MAIN.EXE,0x0124AB,74923,13,no,ROUGH RIDERS.
MW_MAIN.EXE,0x0124BC,74940,10,no,JOHN ZOE  
MW_MAIN.EXE,0x0124C7,74951,20,no,MY LAST GIG WAS WITH
MW_MAIN.EXE,0x0124DC,74972,16,no,WOLF'S DRAGOONS.
MW_MAIN.EXE,0x0124F0,74992,10,no,KELLY T.  
MW_MAIN.EXE,0x0124FB,75003,17,no,IF YOU'VE GOT THE
MW_MAIN.EXE,0x01250D,75021,15,no,"MONEY, I'VE GOT"
MW_MAIN.EXE,0x01251D,75037,9,no,THE TIME.
MW_MAIN.EXE,0x01252A,75050,10,no,KINJI TSI 
MW_MAIN.EXE,0x012535,75061,17,no,"I FOLLOW BUSHIDO,"
MW_MAIN.EXE,0x012547,75079,14,no,THE WAY OF THE
MW_MAIN.EXE,0x012556,75094,8,no,WARRIOR.
MW_MAIN.EXE,0x012562,75106,10,no,BILLY CHOW
MW_MAIN.EXE,0x01256D,75117,15,no,GET ME OFF THIS
MW_MAIN.EXE,0x01257D,75133,19,no,ROCK AND I'LL FIGHT
MW_MAIN.EXE,0x012591,75153,9,no,ANYTHING.
MW_MAIN.EXE,0x01259E,75166,10,no,ALEX VEER 
MW_MAIN.EXE,0x0125A9,75177,20,no,I GOT MY TRAINING ON
MW_MAIN.EXE,0x0125BE,75198,17,no,"SOLARIS, THE GAME"
MW_MAIN.EXE,0x0125D0,75216,6,no,WORLD.
MW_MAIN.EXE,0x0125DA,75226,10,no,PETE RYAN 
MW_MAIN.EXE,0x0125E5,75237,20,no,FORTUNE COOKIE I GOT
MW_MAIN.EXE,0x0125FA,75258,19,no,TODAY SAID TAKE ANY
MW_MAIN.EXE,0x01260E,75278,14,no,DEAL. NAME IT.
MW_MAIN.EXE,0x012620,75296,10,no,B. HENDRIK
MW_MAIN.EXE,0x01262B,75307,12,no,STARTED WITH
MW_MAIN.EXE,0x012638,75320,17,no,"NARHAL'S RAIDERS,"
MW_MAIN.EXE,0x01264A,75338,15,no,BUT I'VE KICKED
MW_MAIN.EXE,0x01265A,75354,7,no,AROUND.
MW_MAIN.EXE,0x012665,75365,10,no,A. COOPER 
MW_MAIN.EXE,0x012670,75376,14,no,TRAINED IN THE
MW_MAIN.EXE,0x01267F,75391,18,no,FEDERATED SUNS BUT
MW_MAIN.EXE,0x012692,75410,16,no,I'VE BEEN AROUND
MW_MAIN.EXE,0x0126A3,75427,6,no,SINCE.
MW_MAIN.EXE,0x0126AD,75437,10,no,TRICKY NIK
MW_MAIN.EXE,0x0126B8,75448,19,no,EVER HEAR OF REDJAK
MW_MAIN.EXE,0x0126CC,75468,16,no,RYAN? I DID SOME
MW_MAIN.EXE,0x0126DD,75485,17,no,FIGHTING FOR HIM.
MW_MAIN.EXE,0x0126F2,75506,10,no,KILLER    
MW_MAIN.EXE,0x0126FD,75517,14,no,I WANT TO BURN
MW_MAIN.EXE,0x01270C,75532,19,no,"VILLAGES, EAT DEAD,"
MW_MAIN.EXE,0x012720,75552,13,no,"BURNT BODIES,"
MW_MAIN.EXE,0x01272E,75566,13,no,"KILL, KILL..."
MW_MAIN.EXE,0x01273F,75583,10,no,R. TORSAK 
MW_MAIN.EXE,0x01274A,75594,16,no,DROVE A MARAUDER
MW_MAIN.EXE,0x01275B,75611,12,no,FOR THE 21ST
MW_MAIN.EXE,0x012768,75624,17,no,CENTAURI LANCERS.
MW_MAIN.EXE,0x01277D,75645,10,no,G. LOFALL 
MW_MAIN.EXE,0x012788,75656,16,no,"I'LL WARN YOU, I"
MW_MAIN.EXE,0x012799,75673,15,no,"PARTY HARD, BUT"
MW_MAIN.EXE,0x0127A9,75689,19,no,"THEN, I FIGHT HARD."
MW_MAIN.EXE,0x0127C0,75712,10,no,DARC HORSE
MW_MAIN.EXE,0x0127CB,75723,20,no,I WORK ALONE OR WITH
MW_MAIN.EXE,0x0127E0,75744,18,no,"TEAM BANZAI, MAYBE"
MW_MAIN.EXE,0x0127F3,75763,9,no,WITH YOU.
MW_MAIN.EXE,0x012800,75776,10,no,JIM EAGLE 
MW_MAIN.EXE,0x01280B,75787,17,no,"LINDON'S COMPANY,"
MW_MAIN.EXE,0x01281D,75805,19,no,"RECON LANCE, WAS MY"
MW_MAIN.EXE,0x012831,75825,10,no,LAST TOUR.
MW_MAIN.EXE,0x01283F,75839,10,no,TANK SMITH
MW_MAIN.EXE,0x01284A,75850,16,no,I PREFER ASSAULT
MW_MAIN.EXE,0x01285B,75867,15,no,"SIZE MECHS, BUT"
MW_MAIN.EXE,0x01286B,75883,19,no,"THEN, DON'T WE ALL."
MW_MAIN.EXE,0x012882,75906,10,no,KEVIN CALL
MW_MAIN.EXE,0x01288D,75917,14,no,THE GREY DEATH
MW_MAIN.EXE,0x01289C,75932,17,no,LEGION IS WHERE I
MW_MAIN.EXE,0x0128AE,75950,17,no,LEARNED TO FIGHT.
MW_MAIN.EXE,0x0128C3,75971,10,no,J. HOLMAAS
MW_MAIN.EXE,0x0128CE,75982,16,no,I'VE WORKED WITH
MW_MAIN.EXE,0x0128DF,75999,15,no,THE BEST AND SO
MW_MAIN.EXE,0x0128EF,76015,10,no,HAVE THEY.
MW_MAIN.EXE,0x0128FD,76029,10,no,NASTY BILL
MW_MAIN.EXE,0x012908,76040,17,no,I GOT MY NICKNAME
MW_MAIN.EXE,0x01291A,76058,16,no,FROM MY FIGHTING
MW_MAIN.EXE,0x01292B,76075,13,no,STYLE. I WIN.
MW_MAIN.EXE,0x012939,76089,32,no,THERE'S NOBODY AROUND RIGHT NOW.
MW_MAIN.EXE,0x01295A,76122,6,no,SORRY!
MW_MAIN.EXE,0x012961,76129,14,no,YOU CAN'T HIRE
MW_MAIN.EXE,0x012970,76144,15,no,MORE THAN THREE
MW_MAIN.EXE,0x012980,76160,12,no,CREW MEMBERS
MW_MAIN.EXE,0x01298D,76173,6,no,SORRY!
MW_MAIN.EXE,0x012994,76180,14,no,YOU CAN'T HIRE
MW_MAIN.EXE,0x0129A3,76195,13,no,MORE THAN TWO
MW_MAIN.EXE,0x0129B1,76209,12,no,CREW MEMBERS
MW_MAIN.EXE,0x0129D9,76249,17,no,ARE YOU SURE YOU 
MW_MAIN.EXE,0x0129EB,76267,14,no,WANT TO QUIT ?
MW_MAIN.EXE,0x0129FF,76287,17,no,ARE YOU SURE YOU 
MW_MAIN.EXE,0x012A11,76305,17,no,WANT TO RESTART ?
MW_MAIN.EXE,0x012A75,76405,10,no, SAVE GAME
MW_MAIN.EXE,0x012A85,76421,12,no,RESTORE GAME
MW_MAIN.EXE,0x012A97,76439,14,no,TURN SOUND OFF
MW_MAIN.EXE,0x012AAB,76459,12,no,DETAIL: LOW 
MW_MAIN.EXE,0x012ABD,76477,12,no,RESTART GAME
MW_MAIN.EXE,0x012ACF,76495,11,no,EXIT TO DOS
MW_MAIN.EXE,0x012AE0,76512,10,no,  CONTINUE
MW_MAIN.EXE,0x012B7E,76670,21,no,SELECT A GAME TO LOAD
MW_MAIN.EXE,0x012B99,76697,12,no, 1:         
MW_MAIN.EXE,0x012BAB,76715,12,no, 2:         
MW_MAIN.EXE,0x012BBD,76733,12,no, 3:         
MW_MAIN.EXE,0x012BCF,76751,12,no, 4:         
MW_MAIN.EXE,0x012BE1,76769,12,no, 5:         
MW_MAIN.EXE,0x012BF3,76787,12,no, 6:         
MW_MAIN.EXE,0x012C05,76805,12,no, 7:         
MW_MAIN.EXE,0x012C17,76823,12,no, 8:         
MW_MAIN.EXE,0x012C29,76841,12,no, 9:         
MW_MAIN.EXE,0x012C3B,76859,12,no,10:         
MW_MAIN.EXE,0x012C4D,76877,12,no,11:         
MW_MAIN.EXE,0x012C5F,76895,12,no,12:         
MW_MAIN.EXE,0x012C71,76913,9,no,   CANCEL
MW_MAIN.EXE,0x012D31,77105,26,no,ENTER A NAME FOR THIS GAME
MW_MAIN.EXE,0x012D56,77142,5,no,*.GAM
MW_MAIN.EXE,0x012D5C,77148,7,no, CANCEL
MW_MAIN.EXE,0x012D79,77177,4,no,LOW 
MW_MAIN.EXE,0x012D7E,77182,4,no,MED 
MW_MAIN.EXE,0x012D83,77187,4,no,HIGH
MW_MAIN.EXE,0x012D88,77192,18,no,THIS DISK IS FULL!
MW_MAIN.EXE,0x012D9B,77211,23,no,THE GAME WAS NOT SAVED.
MW_MAIN.EXE,0x012DB3,77235,23,no,THERE WAS A DISK ERROR!
MW_MAIN.EXE,0x012DCB,77259,23,no,THE GAME WAS NOT SAVED.
MW_MAIN.EXE,0x012DE3,77283,23,no,THERE WAS A DISK ERROR!
MW_MAIN.EXE,0x012DFB,77307,24,no,PLEASE CHECK YOUR DRIVE.
MW_MAIN.EXE,0x012E14,77332,23,no,PUT SAVE GAME DISK INTO
MW_MAIN.EXE,0x012E2C,77356,8,no,DRIVE  :
MW_MAIN.EXE,0x012EA3,77475,5,no,%@sX'
MW_MAIN.EXE,0x012F40,77632,42,no,PIRATES THAT FLY A SKULL AN' WINGS MARKER?
MW_MAIN.EXE,0x012F6B,77675,41,no,"NO, CAN'T SAY AS I'VE EVER HEARD OF THAT."
MW_MAIN.EXE,0x012F95,77717,43,no,"THOUGH, THE GRAY DEATH LEGION FLYS A SKULL,"
MW_MAIN.EXE,0x012FC1,77761,37,no,"BUT THEY'RE NOT PIRATES, JUST REGULAR"
MW_MAIN.EXE,0x012FE7,77799,35,no,MERCS.  'COURSE THAT DEPENDS ON WHO
MW_MAIN.EXE,0x01300B,77835,41,no,YOU'RE ASKIN'. DUKE RICOL MIGHT NOT THINK
MW_MAIN.EXE,0x013035,77877,28,no,TO HIGHLY OF THEM THESE DAYS
MW_MAIN.EXE,0x013055,77909,39,no,"NOPE, DON'T KNOW OF ANY SKULL AND WINGS"
MW_MAIN.EXE,0x01307D,77949,41,no,"CREST, BUT IF IT'S A PIRATE CREST USED IN"
MW_MAIN.EXE,0x0130A7,77991,39,no,"THE KURITA-DAVION AREA, THERE'S ONE MAN"
MW_MAIN.EXE,0x0130CF,78031,34,no,WHO'LL KNOW FOR SURE - GRIG GRIEZ.
MW_MAIN.EXE,0x0130F2,78066,38,no,'COURSE ASKING HIM ABOUT IT MAY BE THE
MW_MAIN.EXE,0x013119,78105,23,no,LAST THING A BODY DOES.
MW_MAIN.EXE,0x013134,78132,40,no,YOU WANT TO MEET ONE OF GRIG'S MEN?  ARE
MW_MAIN.EXE,0x01315D,78173,43,no,YOU CRAZY?  I SUPPOSE IT MIGHT BE POSSIBLE.
MW_MAIN.EXE,0x013189,78217,40,no,COME BACK TOMORROW.  IF HE WANTS TO MEET
MW_MAIN.EXE,0x0131B2,78258,37,no,"YOU, HE'LL BE HERE.  BY THE WAY, THIS"
MW_MAIN.EXE,0x0131D8,78296,42,no,DRINK'S GOING TO COST YOU TRIPLE.  RISKING
MW_MAIN.EXE,0x013203,78339,36,no,MY NECK ISN'T COVERED IN THE REGULAR
MW_MAIN.EXE,0x013228,78376,6,no,PRICE.
MW_MAIN.EXE,0x013232,78386,35,no,EYE CONTACT AND A SUBTLE NOD OF THE
MW_MAIN.EXE,0x013256,78422,40,no,BARTENDER'S HEAD TELLS THE LOCATION OF A
MW_MAIN.EXE,0x01327F,78463,43,no,"GRIM, BEARDED MAN SITTING IN A DARK CORNER."
MW_MAIN.EXE,0x0132AB,78507,42,no,HIS MANNER IS RUDE WITH A BARELY CONTAINED
MW_MAIN.EXE,0x0132D6,78550,37,no,"WILDNESS, AS IF HE MIGHT EXPLODE INTO"
MW_MAIN.EXE,0x0132FC,78588,42,no,VIOLENCE AT ANY MOMENT.  THE MAUSER & GRAY
MW_MAIN.EXE,0x013327,78631,39,no,M-27 NEEDLE PISTOL ON HIS THIGH AND THE
MW_MAIN.EXE,0x01334F,78671,43,no,VIBROBLADE AT HIS BELT PROMISE THAT THIS IS
MW_MAIN.EXE,0x01337B,78715,42,no,POSSIBLE. AFTER A LONG INTERVIEW HE FINALY
MW_MAIN.EXE,0x0133A6,78758,41,no,"GIVES IN AND SAYS, ""GRIG CAN SOMETIMES BE"
MW_MAIN.EXE,0x0133D0,78800,11,no,REACHED ON 
MW_MAIN.EXE,0x0133DD,78813,17,no,"               ."""
MW_MAIN.EXE,0x0133F2,78834,42,no,A WEATHERED OLD TECH BY THE NAME OF GARRET
MW_MAIN.EXE,0x01341D,78877,40,no,IS WILLING TO TALK ABOUT UNIT CRESTS ALL
MW_MAIN.EXE,0x013446,78918,38,no,DAY FOR A 10 C-BILL BOTTLE OF TSINGHAI
MW_MAIN.EXE,0x01346D,78957,36,no,"BRANDY. ""YEA, THE GRAY DEATH'S GOT A"
MW_MAIN.EXE,0x013492,78994,40,no,"SKULL, BUT SO DOES HANSEN'S ROUGHRIDERS,"
MW_MAIN.EXE,0x0134BB,79035,36,no,AND NARTHAL'S RAIDER'S GOT SOMETHIN'
MW_MAIN.EXE,0x0134E0,79072,40,no,THAT MIGHT LOOK LIKE A SKULL WITH WINGS.
MW_MAIN.EXE,0x013509,79113,40,no,"IT'S SUPPOSED TO BE A BULL SKULL THOUGH,"
MW_MAIN.EXE,0x013532,79154,40,no,"WITH BIG HORNS.  NOW, PIRATES...  HELMAR"
MW_MAIN.EXE,0x01355B,79195,39,no,"VALASEK, HE'S A FULL ON PIRATE KING AN'"
MW_MAIN.EXE,0x013583,79235,36,no,HE FLYS A SKULL BUT IT'S GOT CROSSED
MW_MAIN.EXE,0x0135A8,79272,36,no,"SWORDS BEHIND IT NOT WINGS, AN' HE'S"
MW_MAIN.EXE,0x0135CD,79309,43,no,"CLEAR OUT COREWARD OF THE COMBINE, WHERE IT"
MW_MAIN.EXE,0x0135F9,79353,15,no,"MEETS STEINER."""
MW_MAIN.EXE,0x01360C,79372,42,no,DISCREET INQUIRIES ABOUT GRIG GRIEZ FINALY
MW_MAIN.EXE,0x013637,79415,39,no,PRODUCE RESULTS.  TWO HEAVILY ARMED AND
MW_MAIN.EXE,0x01365F,79455,43,no,COMPETENT LOOKING THUGS PROVIDE ESCORT TO A
MW_MAIN.EXE,0x01368B,79499,41,no,SECRET UNDERGROUND BASE OUTSIDE THE CITY.
MW_MAIN.EXE,0x0136B5,79541,38,no,THE SCENE IS REMINISCENT OF AN ANCIENT
MW_MAIN.EXE,0x0136DC,79580,38,no,"ARABIAN NIGHT HOLO VID.  ENTERTAINERS,"
MW_MAIN.EXE,0x013703,79619,41,no,"NAKED BUT FOR A FEW STRIPS OF SILK, TWIRL"
MW_MAIN.EXE,0x01372D,79661,38,no,AND PULSE TO THE SENSUOUS RYTHMS OF AN
MW_MAIN.EXE,0x013754,79700,40,no,EXOTIC BAND.  ALL ABOUT MEN AND WOMEN IN
MW_MAIN.EXE,0x01377D,79741,37,no,VARIOUS STATES OF UNDRESS LIE ON SOFT
MW_MAIN.EXE,0x0137A3,79779,43,no,"CUSHIONS EATING, DRINKING, AND INDULGING IN"
MW_MAIN.EXE,0x0137CF,79823,43,no,"ANY WHIM.  ON A DAIS ABOVE IT ALL, WATCHING"
MW_MAIN.EXE,0x0137FB,79867,43,no,WITH HIS MERCILESS BLACK EYES SITS THE HOST
MW_MAIN.EXE,0x013827,79911,23,no,"AND MASTER, GRIG GRIEZ."
MW_MAIN.EXE,0x013842,79938,40,no,"HIS VOICE IS THICK AND SINISTER, AND HIS"
MW_MAIN.EXE,0x01386B,79979,41,no,CONVERSATION CARRIES NO SMALL TALK.  IT'S
MW_MAIN.EXE,0x013895,80021,41,no,"STRAIGHT TO THE POINT.  ""DOES YOUR WINGED"
MW_MAIN.EXE,0x0138BF,80063,42,no,"SKULL LOOK LIKE THIS?"" HE RASPS ACTIVATING"
MW_MAIN.EXE,0x0138EA,80106,42,no,A COM SCREEN. IT LOOKED EXACTLY LIKE THAT.
MW_MAIN.EXE,0x013915,80149,41,no,"""I WILL TRADE YOU THIS INFORMATION IF YOU"
MW_MAIN.EXE,0x01393F,80191,33,no,ARE WILLING.  YOU MUST CARRY SOME
MW_MAIN.EXE,0x013961,80225,41,no,MERCHANDISE TO DUSTBALL FOR ME.  MY TECHS
MW_MAIN.EXE,0x01398B,80267,40,no,WILL SEAL IT TO YOUR BODY WITH A PLASTIC
MW_MAIN.EXE,0x0139B4,80308,42,no,PSEUDO-FLESH BANDAGE. WHEN YOU DELIVER THE
MW_MAIN.EXE,0x0139DF,80351,39,no,PACKAGE ON DUSTBALL MY AGENT THERE WILL
MW_MAIN.EXE,0x013A07,80391,38,no,"GIVE YOU WHAT YOU SEEK. DO YOU AGREE?"""
MW_MAIN.EXE,0x013A2F,80431,5,no,  YES
MW_MAIN.EXE,0x013A35,80437,4,no,  NO
MW_MAIN.EXE,0x013A3D,80445,32,no,"GRIG'S EYES GLEAM. ""THAT IS MOST"
MW_MAIN.EXE,0x013A5E,80478,11,no,"EXCELLENT."""
MW_MAIN.EXE,0x013A6D,80493,40,no,THERE IS MUCH MORE HIDING IN GRIG'S EYES
MW_MAIN.EXE,0x013A96,80534,41,no,THAN MERE DISAPPOINTMENT AT THE LOSS OF A
MW_MAIN.EXE,0x013AC0,80576,28,no,"BUSINESS DEAL. ""THAT IS MOST"
MW_MAIN.EXE,0x013ADD,80605,39,no,"UNFORTUANTE."" HE SAYS IN AN EMOTIONLESS"
MW_MAIN.EXE,0x013B05,80645,25,no,TONE THAT DRIPS OF DEATH.
MW_MAIN.EXE,0x013B22,80674,40,no,"THE ARCH VILLAIN AND PIRATE, GRIG GRIEZ,"
MW_MAIN.EXE,0x013B4B,80715,42,no,WAS LAST KNOWN TO BE BASING HIS OPERATIONS
MW_MAIN.EXE,0x013B76,80758,40,no,ON AN UNCHARTED PLANET OUT BEYOND LAND'S
MW_MAIN.EXE,0x013B9F,80799,42,no,END.  HIS MOST RECENT ATROCITIES HAVE BEEN
MW_MAIN.EXE,0x013BCA,80842,43,no,IN THIS AREA.  HIS KNOWN SPHERE OF ACTIVITY
MW_MAIN.EXE,0x013BF6,80886,42,no,RANGES FROM LAND'S END TO THE BORDER AREAS
MW_MAIN.EXE,0x013C21,80929,22,no,OF THE FEDERATED SUNS.
MW_MAIN.EXE,0x013C3B,80955,42,no,THE PLEASURE DOMES OF DUSTBALL ARE SAID TO
MW_MAIN.EXE,0x013C66,80998,39,no,"BE CAPABLE OF SATISFYING ANY DESIRE, AS"
MW_MAIN.EXE,0x013C8E,81038,39,no,LONG AS YOU HAVE MONEY. IN THE MIDST OF
MW_MAIN.EXE,0x013CB6,81078,32,no,THIS HEDONISTIC CARNIVAL A SMALL
MW_MAIN.EXE,0x013CD7,81111,42,no,UNREMARKABLE MAN APPROACHES AND IDENTIFIES
MW_MAIN.EXE,0x013D02,81154,41,no,"HIMSELF AS BROWN, AN AGENT OF GRIG GRIEZ."
MW_MAIN.EXE,0x013D2C,81196,38,no,"""THIS WAY."" HE SAYS AND MOVES INTO THE"
MW_MAIN.EXE,0x013D53,81235,7,no,CROWDS.
MW_MAIN.EXE,0x013D5E,81246,43,no,"SOON, THE LIGHTS AND PEOPLE ARE LEFT BEHIND"
MW_MAIN.EXE,0x013D8A,81290,39,no,AND THE BRIGHT STREETS GIVE WAY TO DARK
MW_MAIN.EXE,0x013DB2,81330,40,no,ALLEYS AND DISREPAIR. THROUGH A BATTERED
MW_MAIN.EXE,0x013DDB,81371,42,no,DOOR AND ACROSS AN EMPTY WAREHOUSE LIES AN
MW_MAIN.EXE,0x013E06,81414,42,no,OFFICE WITH A TABLE AND A MEAGER SUPPLY OF
MW_MAIN.EXE,0x013E31,81457,36,no,MED-TECH GEAR.  IN A FEW MOMENTS THE
MW_MAIN.EXE,0x013E56,81494,40,no,PSEUDO-FLESH PACKET IS REMOVED AND BROWN
MW_MAIN.EXE,0x013E7F,81535,39,no,STEPS BACK WIPING HIS HANDS WITH A RAG.
MW_MAIN.EXE,0x013EA7,81575,42,no,"""AND NOW AS TO YOUR PAYMENT, GRIG WAS MOST"
MW_MAIN.EXE,0x013ED2,81618,40,no,"EXPLICIT ABOUT THAT."" THE RAG DISAPPEARS"
MW_MAIN.EXE,0x013EFB,81659,38,no,AND YOU FIND YOURSELF STARING INTO THE
MW_MAIN.EXE,0x013F22,81698,37,no,"BARREL OF A NAKJAMA LASER PISTOL. ""IT"
MW_MAIN.EXE,0x013F48,81736,32,no,"SEEMS YOU ARE TO BE ELIMINATED."""
MW_MAIN.EXE,0x013F6A,81770,7,no,  FIGHT
MW_MAIN.EXE,0x013F72,81778,5,no,  RUN
MW_MAIN.EXE,0x013F7C,81788,43,no,A MOMENT IS FROZEN IN TIME AS MUSCLES HONED
MW_MAIN.EXE,0x013FA8,81832,39,no,FOR BATTLE SNAP INTO THE CLASSIC DRAGON
MW_MAIN.EXE,0x013FD0,81872,42,no,WHIPS TAIL SPINNING KICK. THE LAZER SPOUTS
MW_MAIN.EXE,0x013FFB,81915,38,no,FIRE AS DRAGON AND TARGET MEET AND THE
MW_MAIN.EXE,0x014022,81954,40,no,SEARING TRAIL OF PAIN LANCING UP ARM AND
MW_MAIN.EXE,0x01404B,81995,41,no,"SHOULDER TELL THE TALE, WOUNDED BUT STILL"
MW_MAIN.EXE,0x014075,82037,39,no,ALIVE. THE PISTOL RICOCHETS OFF THE FAR
MW_MAIN.EXE,0x01409D,82077,41,no,"WALL AND FALLS TO THE FLOOR, ITS RECHARGE"
MW_MAIN.EXE,0x0140C7,82119,39,no,LIGHT GLOWING LIKE A BRIGHT RED GEM. IN
MW_MAIN.EXE,0x0140EF,82159,42,no,THAT SECOND THE PSEUDO-FLESH PACKET BURSTS
MW_MAIN.EXE,0x01411A,82202,37,no,LIKE A FUNGUS SPREADING ITS SPORES. A
MW_MAIN.EXE,0x014140,82240,39,no,"WHITE, NEARLY TRANSPARENT MIST BLOSSOMS"
MW_MAIN.EXE,0x014168,82280,15,no,FROM THE POUCH.
MW_MAIN.EXE,0x014179,82297,7,no,  FIGHT
MW_MAIN.EXE,0x014181,82305,5,no,  RUN
MW_MAIN.EXE,0x01418B,82315,41,no,THERE IS NOWHERE TO RUN. THE LASER BARREL
MW_MAIN.EXE,0x0141B5,82357,43,no,MOVES A FRACTION AS ITS AIM IS CENTERED AND
MW_MAIN.EXE,0x0141E1,82401,42,no,THE UNREMARKABLE MAN'S EYES BECOME HARD AS
MW_MAIN.EXE,0x01420C,82444,30,no,A SNAKE'S.  IN THAT SECOND THE
MW_MAIN.EXE,0x01422B,82475,40,no,PSEUDO-FLESH PACKET BURSTS LIKE A FUNGUS
MW_MAIN.EXE,0x014254,82516,37,no,"SPREADING ITS SPORES. A WHITE, NEARLY"
MW_MAIN.EXE,0x01427A,82554,41,no,TRANSPARENT MIST BLOSSOMS FROM THE POUCH.
MW_MAIN.EXE,0x0142A4,82596,42,no,BROWN TURNS WITH AN EXPRESSION OF SURPRISE
MW_MAIN.EXE,0x0142CF,82639,32,no,ON HIS FACE AND BEGINS TO CHOKE.
MW_MAIN.EXE,0x0142F1,82673,7,no,  FIGHT
MW_MAIN.EXE,0x0142F9,82681,5,no,  RUN
MW_MAIN.EXE,0x014302,82690,41,no,THE PACKETS DISTRACTION ALLOWS TIME FOR A
MW_MAIN.EXE,0x01432C,82732,42,no,SWIFT SERIES OF PUNCHES WHICH RENDER BROWN
MW_MAIN.EXE,0x014357,82775,39,no,UNCONCIOUS.  HE DROPS TO THE FLOOR IN A
MW_MAIN.EXE,0x01437F,82815,39,no,HEAP BUT THE AIR IN THE ROOM HAS BECOME
MW_MAIN.EXE,0x0143A7,82855,39,no,SCARCE AND BREATHING IS IMPOSSIBLE. THE
MW_MAIN.EXE,0x0143CF,82895,43,no,DOOR IS SUDDENLY FAR AWAY AND OUT OF REACH.
MW_MAIN.EXE,0x0143FB,82939,36,no,THE FLOOR COMES UP HARD AS BLACKNESS
MW_MAIN.EXE,0x014420,82976,14,no,OVERTAKES YOU.
MW_MAIN.EXE,0x014432,82994,37,no,SUDDEN DEATH IS A GRIM REALITY IN THE
MW_MAIN.EXE,0x014458,83032,37,no,SUCCESSOR STATES OF THE 31ST CENTURY.
MW_MAIN.EXE,0x01447F,83071,12,no,  PLAY AGAIN
MW_MAIN.EXE,0x01448C,83084,6,no,  QUIT
MW_MAIN.EXE,0x014496,83094,35,no,THE PACKETS DISTRACTION ALLOWS TIME
MW_MAIN.EXE,0x0144BA,83130,38,no,FOR A FAST EXIT. BROWN IS HARD ON YOUR
MW_MAIN.EXE,0x0144E1,83169,41,no,HEELS. THE SHADOWS OF THE WAREHOUSE DRIFT
MW_MAIN.EXE,0x01450B,83211,42,no,ACROSS HIS FACE AS HE STARES BACK INTO THE
MW_MAIN.EXE,0x014536,83254,38,no,"LITTLE ROOM. ""THAT BASTARD!"" HE SHOUTS"
MW_MAIN.EXE,0x01455D,83293,41,no,"WITH FURY. ""AFTER ALL THESE YEARS..."" HIS"
MW_MAIN.EXE,0x014587,83335,41,no,BREATHING SLOWS AND HIS TONE CHANGES TO A
MW_MAIN.EXE,0x0145B1,83377,41,no,"DEATH MARCH. ""I DON'T KNOW WHO YOU ARE TO"
MW_MAIN.EXE,0x0145DB,83419,41,no,GRIG OR WHY HE WANTS YOU DEAD SO BAD HE'D
MW_MAIN.EXE,0x014605,83461,41,no,"KILL ME TOO, BUT I DO KNOW HE WAS WORRIED"
MW_MAIN.EXE,0x01462F,83503,43,no,YOU MIGHT KNOW ABOUT A SHIP.  A JUMPSHIP WE
MW_MAIN.EXE,0x01465B,83547,38,no,"SOMETIMES USE FOR SMUGGLING."" HIS GAZE"
MW_MAIN.EXE,0x014682,83586,41,no,"BECOMES FURTIVE.  ""PERHAPS I CAN TURN THE"
MW_MAIN.EXE,0x0146AC,83628,41,no,SCREW ON OLE' GREASE BOY. IT'S CALLED THE
MW_MAIN.EXE,0x0146D6,83670,42,no,"STONE ARROW."" HE SAYS AS HE MELTS INTO THE"
MW_MAIN.EXE,0x014701,83713,39,no,"DARKNESS. THEN FROM THE SHADOWS, ""WATCH"
MW_MAIN.EXE,0x014729,83753,30,no,"YOUR BACK, HE WON'T GIVE UP SO"
MW_MAIN.EXE,0x014748,83784,6,no,"EASY."""
MW_MAIN.EXE,0x014752,83794,41,no,THE PACKETS DISTRACTION ALLOWS TIME FOR A
MW_MAIN.EXE,0x01477C,83836,40,no,"FAST EXIT. INSIDE, BROWN'S EXPRESSION OF"
MW_MAIN.EXE,0x0147A5,83877,40,no,SURPRISE HAS TURNED TO ONE OF PAIN AS HE
MW_MAIN.EXE,0x0147CE,83918,42,no,CONTINUES TO CHOKE AND FINALY COLLAPSES ON
MW_MAIN.EXE,0x0147F9,83961,41,no,THE FLOOR IN A HEAP. HIS EYES BULGE AS HE
MW_MAIN.EXE,0x014823,84003,41,no,STARES AT THE DOORWAY AND HIS MOUTH WORKS
MW_MAIN.EXE,0x01484D,84045,38,no,"LIKE A BEACHED FISH. ""SHIP."" HE GASPS."
MW_MAIN.EXE,0x014874,84084,38,no,"""STONE ARROW."" A FIT OF COUGHING MAKES"
MW_MAIN.EXE,0x01489B,84123,35,no,"HIM CONTRACT INTO A BALL. AND THEN,"
MW_MAIN.EXE,0x0148BF,84159,39,no,"""JUMPSH...SCREW THE BASTARD."" HIS VOICE"
MW_MAIN.EXE,0x0148E7,84199,41,no,COMES OUT IN FURIOUS HEAVES AND THE CORDS
MW_MAIN.EXE,0x014911,84241,42,no,STAND OUT ON HIS NECK. A FINAL SPASM ROCKS
MW_MAIN.EXE,0x01493C,84284,4,no,HIM.
MW_MAIN.EXE,0x014944,84292,38,no,JUMPSHIP CALLED THE STONE ARROW? WIERD
MW_MAIN.EXE,0x01496B,84331,38,no,"NAME.  NOPE, DON'T REMEMBER HEARIN' OF"
MW_MAIN.EXE,0x014992,84370,43,no,"IT BEFORE, BUT I MIGHT COULD FIND OUT. COST"
MW_MAIN.EXE,0x0149BE,84414,42,no,YOU 25 C-BILLS FOR A LOOK AND 75 MORE IF I
MW_MAIN.EXE,0x0149E9,84457,36,no,FIND SOMETHIN'. CHECK BACK TOMORROW.
MW_MAIN.EXE,0x014A11,84497,42,no,"TURNS OUT, THE STONE ARROW COMES HERE FROM"
MW_MAIN.EXE,0x014A3C,84540,40,no,TIME'T TIME. HEARD FROM A FRIEND 'A MINE
MW_MAIN.EXE,0x014A65,84581,35,no,WHAT RUNS A PLACE OVER BY THE PORT.
MW_MAIN.EXE,0x014A89,84617,36,no,NOBODY'S SEEN CAPTAIN NOR CREW FOR A
MW_MAIN.EXE,0x014AAE,84654,38,no,"SPELL. BUT, GET THIS, CAPTAIN'S NAME'S"
MW_MAIN.EXE,0x014AD5,84693,41,no,"JACK. KANGAROO JACK.  BUT, THAT AIN'T HIS"
MW_MAIN.EXE,0x014AFF,84735,36,no,"REAL NAME, SEE? IT'S REALLY WILLARD."
MW_MAIN.EXE,0x014B24,84772,41,no,WILLARD PURITAN. AIN'T THAT A KICK? TURNS
MW_MAIN.EXE,0x014B4E,84814,39,no,"OUT HE'S GOT A BROTHER, NAME O' WENDALL"
MW_MAIN.EXE,0x014B76,84854,37,no,WHAT DRIVES A SCORPION FOR SMITHSON'S
MW_MAIN.EXE,0x014B9C,84892,39,no,CHINESE BANDITS. THERE PULLIN' GARRISON
MW_MAIN.EXE,0x014BC4,84932,13,no,FOR MARIK ON 
MW_MAIN.EXE,0x014BD3,84947,16,no,               .
MW_MAIN.EXE,0x014BE5,84965,39,no,",	IN THE LAST BAY ON THE END SQUATS THE"
MW_MAIN.EXE,0x014C0D,85005,43,no,"SPIDER-LIKE FORM OF AN SCP-1N SCORPION, ITS"
MW_MAIN.EXE,0x014C39,85049,38,no,REGULAR PPC AND MARVEL 6-LOAD-SRM RACK
MW_MAIN.EXE,0x014C60,85088,41,no,AUGMENTED BY TWIN AUTO-LOAD HEAVY MORTARS
MW_MAIN.EXE,0x014C8A,85130,38,no,AND A SPERRY BROWNING MACHINE GUN. YOU
MW_MAIN.EXE,0x014CB1,85169,40,no,DON'T SEE MANY OF THESE ANYMORE. THE MAN
MW_MAIN.EXE,0x014CDA,85210,41,no,CURSING OVER THE CABLING INSIDE THE RIGHT
MW_MAIN.EXE,0x014D04,85252,39,no,FRONT LEG TURNS FROM HIS WORK. THE NAME
MW_MAIN.EXE,0x014D2C,85292,37,no,PATCH ON HIS COVERALLS READS PURITAN.
MW_MAIN.EXE,0x014D54,85332,37,no,"""NO, YOU DON'T SEE MANY. SHE'S ONE OF"
MW_MAIN.EXE,0x014D7A,85370,37,no,"THE LAST OF HER KIND."" HE SAYS WITH A"
MW_MAIN.EXE,0x014DA0,85408,31,no,GRUNT AS HE PULLS A CABLE FREE.
MW_MAIN.EXE,0x014DC0,85440,40,no,CONVERSATION IS EASY AS IT MOVES THROUGH
MW_MAIN.EXE,0x014DE9,85481,38,no,THE MODIFICATIONS HE'S MADE TO THE OLD
MW_MAIN.EXE,0x014E10,85520,39,no,"MECH, BUT IT BOGS DOWN WHEN THE SUBJECT"
MW_MAIN.EXE,0x014E38,85560,36,no,"CHANGES TO HIS BROTHER. ""WILLARD AND"
MW_MAIN.EXE,0x014E5D,85597,40,no,"ME...WE DON'T GET ALONG, BUT I FIGURE IF"
MW_MAIN.EXE,0x014E86,85638,40,no,YOU WANT TO FIND HIM IT'S PROBABLY FOR A
MW_MAIN.EXE,0x014EAF,85679,42,no,"BAD REASON."" HE EYES YOU SPECULATIVELY AND"
MW_MAIN.EXE,0x014EDA,85722,34,no,"GRINS. ""IF I WERE YOU, I'D LOOK ON"
MW_MAIN.EXE,0x014EFF,85759,26,no,                HE'S GOT A
MW_MAIN.EXE,0x014F1A,85786,13,no,"WOMAN THERE."""
MW_MAIN.EXE,0x014F2C,85804,41,no,THE WALK BACK FROM THE MECH COMPLEX HAS A
MW_MAIN.EXE,0x014F56,85846,39,no,LONG TREK THROUGH A RUN DOWN INDUSTRIAL
MW_MAIN.EXE,0x014F7E,85886,40,no,CENTER. SOME BUILDINGS STAND GUTTED WITH
MW_MAIN.EXE,0x014FA7,85927,37,no,"BROKEN GLASS HANGING FROM BLANK, COLD"
MW_MAIN.EXE,0x014FCD,85965,42,no,"WINDOWS, OTHERS ARE STILL IN USE BUT THEIR"
MW_MAIN.EXE,0x014FF8,86008,36,no,CONDITION IS ONLY MARGINALLY BETTER.
MW_MAIN.EXE,0x01501D,86045,40,no,"HALFWAY, THE BUILDINGS ON THE RIGHT GIVE"
MW_MAIN.EXE,0x015046,86086,35,no,WAY TO A LONG STRETCH OF CHAIN LINK
MW_MAIN.EXE,0x01506A,86122,39,no,SEPARATING THE TRAFFIC FROM TEN SALADIN
MW_MAIN.EXE,0x015092,86162,40,no,ASSAULT HOVER TANKS. BORED SENTRIES LEAN
MW_MAIN.EXE,0x0150BB,86203,36,no,"AGAINST THE SLEEK, STREAMLINED TANKS"
MW_MAIN.EXE,0x0150E0,86240,42,no,SMOKING.  A DARK FIGURE SILHOUETTED BY THE
MW_MAIN.EXE,0x01510B,86283,39,no,WALL-MOUNTED LIGHTS STEPS CASUALLY FROM
MW_MAIN.EXE,0x015133,86323,36,no,BETWEEN TWO BUILDINGS. THE SHADOW IS
MW_MAIN.EXE,0x015158,86360,36,no,UNCLEAR BUT AS HE BRINGS HIS ARMS TO
MW_MAIN.EXE,0x01517D,86397,41,no,SHOULDER LEVEL THE UNMISTAKABLE SNAP OF A
MW_MAIN.EXE,0x0151A7,86439,42,no,GYROSLUG CARBINE IS FOLLOWED BY THE SCREAM
MW_MAIN.EXE,0x0151D2,86482,38,no,OF THE TINY ROCKET AS IT TEARS THE AIR
MW_MAIN.EXE,0x0151F9,86521,43,no,BETWEEN HIM AND YOU. THE FENCE NEXT TO YOUR
MW_MAIN.EXE,0x015225,86565,30,no,FACE EXPLODES IN A FIREY BALL.
MW_MAIN.EXE,0x015245,86597,7,no,  FIGHT
MW_MAIN.EXE,0x01524D,86605,5,no,  RUN
MW_MAIN.EXE,0x015256,86614,40,no,SIDE ARM OUT. SAFETY OFF. THE GUN BARREL
MW_MAIN.EXE,0x01527F,86655,42,no,LINES UP AND THREE GYROSLUGS RIP INTO YOUR
MW_MAIN.EXE,0x0152AA,86698,42,no,TORSO.  THE FIRST BLOWS AWAY THE RIGHT ARM
MW_MAIN.EXE,0x0152D5,86741,39,no,"AND SHOULDER, THE SECOND IMPACTS IN THE"
MW_MAIN.EXE,0x0152FD,86781,43,no,"CHEST SPLATTERING IT ACROSS THE CHAIN LINK,"
MW_MAIN.EXE,0x015329,86825,39,no,WHILE THE THIRD PASSES THROUGH WHAT WAS
MW_MAIN.EXE,0x015351,86865,43,no,YOUR STOMACH AND BLASTS ANOTHER HOLE IN THE
MW_MAIN.EXE,0x01537D,86909,6,no,FENCE.
MW_MAIN.EXE,0x015387,86919,37,no,SUDDEN DEATH IS A GRIM REALITY IN THE
MW_MAIN.EXE,0x0153AD,86957,37,no,SUCCESSOR STATES OF THE 31ST CENTURY.
MW_MAIN.EXE,0x0153D4,86996,12,no,  PLAY AGAIN
MW_MAIN.EXE,0x0153E1,87009,6,no,  QUIT
MW_MAIN.EXE,0x0153EB,87019,38,no,A SHORT RUN AND A DIVING ROLL BRINGS A
MW_MAIN.EXE,0x015412,87058,42,no,NEARBY BUILDING WALL UP IN A HARD SLAM. IN
MW_MAIN.EXE,0x01543D,87101,41,no,THE COMPOUND THE SENTRIES ARE YELLING AND
MW_MAIN.EXE,0x015467,87143,40,no,TAKING COVER BEHIND THE TANKS. THE SHARP
MW_MAIN.EXE,0x015490,87184,42,no,REPORT OF THEIR MACHINE GUNS CUTS THE AIR.
MW_MAIN.EXE,0x0154BB,87227,39,no,THE LONE SNIPER SIGHTS DOWN THE LINE OF
MW_MAIN.EXE,0x0154E3,87267,38,no,BUILDINGS AND GETS OFF TWO MORE SHOTS.
MW_MAIN.EXE,0x01550A,87306,39,no,"BRICK DISENTEGRATES IN A BLAZE OF FIRE,"
MW_MAIN.EXE,0x015532,87346,39,no,"SHRAPNEL, AND MASONRY. ANOTHER ROUND OF"
MW_MAIN.EXE,0x01555A,87386,40,no,FIRE FROM THE COMPOUND AND THE SILHOUTTE
MW_MAIN.EXE,0x015583,87427,35,no,VANISHES AS QUICKLY AS IT APPEARED.
MW_MAIN.EXE,0x0155AC,87468,15,no,               
MW_MAIN.EXE,0x0155BC,87484,36,no,FREE WORLDS LEAGUE TERRORISTS ATTACK
MW_MAIN.EXE,0x0155E2,87522,27,no,UNKNOWN ASSAILANTS ATTACKED
MW_MAIN.EXE,0x0155FE,87550,39,no,MEMBERS OF THE 5TH ARMORED RANGERS LAST
MW_MAIN.EXE,0x015626,87590,36,no,NIGHT. SENTRIES ON DUTY GUARDING THE
MW_MAIN.EXE,0x01564B,87627,39,no,UNIT'S HOVER TANKS REPORTED BEING UNDER
MW_MAIN.EXE,0x015673,87667,43,no,HEAVY FIRE. SOURCES SAY THE GUNMEN ATTACKED
MW_MAIN.EXE,0x01569F,87711,41,no,USING GYROSLUG CARBINES. A  LARGE SECTION
MW_MAIN.EXE,0x0156C9,87753,40,no,OF THE FENCE SURROUNDING THE COMPUND WAS
MW_MAIN.EXE,0x0156F2,87794,40,no,DESTROYED. THE SENTRIES MANAGED TO DRIVE
MW_MAIN.EXE,0x01571B,87835,35,no,OFF THE ATTACKERS. NO INJURIES WERE
MW_MAIN.EXE,0x01573F,87871,9,no,REPORTED.
MW_MAIN.EXE,0x01574C,87884,40,no,"KANGAROO JACK? SURE, HE COMES IN NOW AND"
MW_MAIN.EXE,0x015775,87925,38,no,THEN.  HAVEN'T SEEN HIM FOR QUITE SOME
MW_MAIN.EXE,0x01579C,87964,43,no,TIME THOUGH.  CHECK WITH THAT FELLOW IN THE
MW_MAIN.EXE,0x0157C8,88008,35,no,"CORNER WITH THE HAT, HE MIGHT KNOW."
MW_MAIN.EXE,0x0157EF,88047,43,no,THE HAT IS WEATHERED. THE EYES THAT LOOK UP
MW_MAIN.EXE,0x01581B,88091,36,no,"FROM UNDER IT ARE HARD WITH A QUICK,"
MW_MAIN.EXE,0x015840,88128,40,no,"SEARCHING INTELLIGENCE. ""NAME'S KEARNEY."
MW_MAIN.EXE,0x015869,88169,38,no,"I'VE BEEN EXPECTING YOU. SIT DOWN."" HE"
MW_MAIN.EXE,0x015890,88208,12,no,SAYS EASILY.
MW_MAIN.EXE,0x01589D,88221,39,no,HE POURS HOT SAKI FROM A SMALL DECANTER
MW_MAIN.EXE,0x0158C5,88261,39,no,INTO A TINY CUP AND DOWNS THE SHOT IN A
MW_MAIN.EXE,0x0158ED,88301,39,no,"SINGLE SWALLOW. ""I'M AN MIIO AGENT.  WE"
MW_MAIN.EXE,0x015915,88341,39,no,MONITORED THAT LITTLE FIASCO ON ANDER'S
MW_MAIN.EXE,0x01593D,88381,43,no,MOON.  QUINTUS ALLARD HIMSELF PUT ME ON THE
MW_MAIN.EXE,0x015969,88425,38,no,CASE. WE HAVE REASON TO BELIEVE THAT A
MW_MAIN.EXE,0x015990,88464,43,no,DISSIDENT FACTION WITHIN THE ISF INSTIGATED
MW_MAIN.EXE,0x0159BC,88508,42,no,"THE EVENTS FOR PURPOSES OF THEIR OWN."" HIS"
MW_MAIN.EXE,0x0159E7,88551,37,no,EYES NEVER STOP THEIR SEARCHING AS HE
MW_MAIN.EXE,0x015A0D,88589,41,no,"SPEAKS. ""KANGAROO JACK'S SHIP WAS USED TO"
MW_MAIN.EXE,0x015A37,88631,35,no,TRANSPORT A RENEGADE BAND OF WOLF'S
MW_MAIN.EXE,0x015A5B,88667,37,no,DRAGOONS TO ANDER'S MOON. THEY'RE THE
MW_MAIN.EXE,0x015A81,88705,43,no,ONES WHO ATTACKED. THEIR MECHS WERE PAINTED
MW_MAIN.EXE,0x015AAD,88749,38,no,WITH PHONEY CRESTS TO SUPPORT MCBRIN'S
MW_MAIN.EXE,0x015AD4,88788,41,no,STORY.  USUALLY THEY WEAR A BLACK SPIDER.
MW_MAIN.EXE,0x015AFE,88830,40,no,YOU THINK ABOUT THAT AND THEN MEET ME AT
MW_MAIN.EXE,0x015B27,88871,43,no,THIS ADDRESS IN AN HOUR IF YOU WANT TO TALK
MW_MAIN.EXE,0x015B53,88915,38,no,"TO KANGAROO JACK."" HE LEAVES A SLIP OF"
MW_MAIN.EXE,0x015B7A,88954,43,no,PAPER WITH A SINGLE LINE OF NEATLY SCRIPTED
MW_MAIN.EXE,0x015BA6,88998,8,no,LETTERS.
MW_MAIN.EXE,0x015BB3,89011,42,no,"OUTSIDE, THE STREET IS QUIET. THE SCRAP OF"
MW_MAIN.EXE,0x015BDE,89054,30,no,PAPER RUSTLES IN A LIGHT WIND.
MW_MAIN.EXE,0x015BFE,89086,16,no,  FOLLOW ADDRESS
MW_MAIN.EXE,0x015C0F,89103,11,no,  FORGET IT
MW_MAIN.EXE,0x015C1F,89119,35,no,THE ADDRESS LEADS TO A SECOND CLASS
MW_MAIN.EXE,0x015C43,89155,36,no,BUSINESS DISTRICT AND A PROFESSIONAL
MW_MAIN.EXE,0x015C68,89192,39,no,COMPLEX FILLED WITH SMALL IMPORT/EXPORT
MW_MAIN.EXE,0x015C90,89232,33,no,"OFFICES. WITH WORKING HOURS DONE,"
MW_MAIN.EXE,0x015CB2,89266,37,no,EVERYTHING IS DESERTED. THE SPECIFIED
MW_MAIN.EXE,0x015CD8,89304,38,no,OFFICE'S DOOR STANDS AJAR LIKE A SCENE
MW_MAIN.EXE,0x015CFF,89343,40,no,FROM A DECTECTIVE HOLOVID. THE OFFICE IS
MW_MAIN.EXE,0x015D28,89384,41,no,DARK AND ON THE FLOOR IN FRONT OF A GLASS
MW_MAIN.EXE,0x015D52,89426,42,no,AND CHROME DESK LIES A STILL FORM. SHADOWS
MW_MAIN.EXE,0x015D7D,89469,41,no,DANCE OVER WHAT TURNS OUT TO BE A CORPSE.
MW_MAIN.EXE,0x015DA7,89511,43,no,THE RANDOM PATTERN OF HOLES THAT HAS TURNED
MW_MAIN.EXE,0x015DD3,89555,40,no,THE FACE AND CHEST INTO HAMBURGER IS THE
MW_MAIN.EXE,0x015DFC,89596,43,no,WORK OF A NEEDLER GUN.  A BUSH HAT WITH THE
MW_MAIN.EXE,0x015E28,89640,36,no,RIM PINNED UP TO THE CROWN BY A TINY
MW_MAIN.EXE,0x015E4D,89677,40,no,KANGAROO LIES BESIDE THE BODY.  A SOUND.
MW_MAIN.EXE,0x015E76,89718,43,no,THE QUIET CLICK OF A WEAPON. IN THE DOORWAY
MW_MAIN.EXE,0x015EA2,89762,22,no,A SHADOW WITH A RIFLE.
MW_MAIN.EXE,0x015EBA,89786,6,no,  HIDE
MW_MAIN.EXE,0x015EC1,89793,7,no,  FIGHT
MW_MAIN.EXE,0x015EC9,89801,6,no,  TALK
MW_MAIN.EXE,0x015ED3,89811,42,no,THE CRUMPLED PAPER FALLS TO THE STREET AND
MW_MAIN.EXE,0x015EFE,89854,23,no,IS TUMBLED BY THE WIND.
MW_MAIN.EXE,0x015F1A,89882,40,no,THE CHAIR BEHIND THE DESK PROVIDES SCANT
MW_MAIN.EXE,0x015F43,89923,39,no,"COVER, BUT IT BUYS A MINUTE. THE SHADOW"
MW_MAIN.EXE,0x015F6B,89963,43,no,"RESOLVES ITSELF INTO A MAN WITH DARK, ANGRY"
MW_MAIN.EXE,0x015F97,90007,38,no,FEATURES. THE LONG BARREL OF A NEEDLER
MW_MAIN.EXE,0x015FBE,90046,42,no,RIFLE PRECEEDS HIM INTO THE ROOM. HIS EYES
MW_MAIN.EXE,0x015FE9,90089,43,no,NARROW AS THEY CROSS THE DESK AND CHAIR. HE
MW_MAIN.EXE,0x016015,90133,17,no,RAISES THE RIFLE.
MW_MAIN.EXE,0x016028,90152,7,no,  FIGHT
MW_MAIN.EXE,0x016030,90160,5,no,  RUN
MW_MAIN.EXE,0x016039,90169,42,no,YOUR MYDRON AUTO-PISTOL SHATTERS THE GLASS
MW_MAIN.EXE,0x016064,90212,41,no,IN THE OFFICE DOOR AND SHREDS THE DOORJAM
MW_MAIN.EXE,0x01608E,90254,39,no,IN A FLURRY OF PLASTER DUST. THE GUNMAN
MW_MAIN.EXE,0x0160B6,90294,43,no,GRUNTS IN SURPRISE OR PAIN AND FALLS TO THE
MW_MAIN.EXE,0x0160E2,90338,38,no,"GROUND. BUT, THE FALL DOESN'T STOP. HE"
MW_MAIN.EXE,0x016109,90377,41,no,ROLLS INTO A KNEELING POSITION INSIDE THE
MW_MAIN.EXE,0x016133,90419,42,no,OFFICE AND FIRES A BURST.  THE DESK ERUPTS
MW_MAIN.EXE,0x01615E,90462,41,no,IN A FOUNTAIN OF GLASS AND A WINDOW CAVES
MW_MAIN.EXE,0x016188,90504,43,no,IN. A DIVING ROLL TAKES YOU OUT OF HIS LINE
MW_MAIN.EXE,0x0161B4,90548,44,no,OF FIRE AS HE CONTINUES TO SWEEP THE OFFICE.
MW_MAIN.EXE,0x0161E1,90593,43,no,THE OTHER WINDOWS FOLLOW THE FIRST AND THEN
MW_MAIN.EXE,0x01620D,90637,42,no,A PAUSE AS A NEW MAGAZINE IS SLAMMED HOME.
MW_MAIN.EXE,0x016238,90680,40,no,YOUR CHANCE. THE REST OF THE AUTO-PISTOL
MW_MAIN.EXE,0x016261,90721,40,no,MAGAZINE GETS UNLOADED INTO THE GUNMAN'S
MW_MAIN.EXE,0x01628A,90762,43,no,TORSO.  HE SLAMS BACK AGAINST THE WALL IN A
MW_MAIN.EXE,0x0162B6,90806,12,no,BLOODY HEAP.
MW_MAIN.EXE,0x0162C6,90822,37,no,"A MAN WITH DARK, ANGRY FEATURES STEPS"
MW_MAIN.EXE,0x0162EC,90860,38,no,THROUGH THE OFFICE DOORWAY. YOUR VOICE
MW_MAIN.EXE,0x016313,90899,38,no,GIVES HIM A PERFECT FIX. HE RAISES THE
MW_MAIN.EXE,0x01633A,90938,41,no,"RIFLE. BAD IDEA, YOU THINK AS THE NEEDLER"
MW_MAIN.EXE,0x016364,90980,24,no,RIFLE SHREADS YOUR BODY.
MW_MAIN.EXE,0x016380,91008,37,no,SUDDEN DEATH IS A GRIM REALITY IN THE
MW_MAIN.EXE,0x0163A6,91046,37,no,SUCCESSOR STATES OF THE 31ST CENTURY.
MW_MAIN.EXE,0x0163CD,91085,12,no,  PLAY AGAIN
MW_MAIN.EXE,0x0163DA,91098,6,no,  QUIT
MW_MAIN.EXE,0x0163E4,91108,43,no,THE DESK ERRUPTS IN A FOUNTAIN OF GLASS AND
MW_MAIN.EXE,0x016410,91152,43,no,A WINDOW CAVES IN AS YOU RUN TO KEEP OUT OF
MW_MAIN.EXE,0x01643C,91196,42,no,HIS LINE OF FIRE. A RUNNING DIVE TAKES YOU
MW_MAIN.EXE,0x016467,91239,43,no,THROUGH THE GLASS OF THE LAST WINDOW AS THE
MW_MAIN.EXE,0x016493,91283,43,no,PLASTIC FLESHETTES OF THE NEEDLER SLICE THE
MW_MAIN.EXE,0x0164BF,91327,41,no,AIR AROUND YOU. THE LAWN OUTSIDE COMES UP
MW_MAIN.EXE,0x0164E9,91369,39,no,FAST AND THE LANDING ISN'T EASY. SLICED
MW_MAIN.EXE,0x016511,91409,43,no,"FROM THE BROKEN GLASS, TWO FLESHETTE WOUNDS"
MW_MAIN.EXE,0x01653D,91453,43,no,IN YOUR LEG AND THE WIND KNOCKED OUT OF YOU
MW_MAIN.EXE,0x016569,91497,41,no,AND STILL YOU HAVE TO RUN FOR COVER AS HE
MW_MAIN.EXE,0x016593,91539,41,no,APPEARS IN THE WINDOW.  THE NEEDLER FIRES
MW_MAIN.EXE,0x0165BD,91581,25,no,AGAIN BUT WITHOUT RESULT.
MW_MAIN.EXE,0x0165DB,91611,37,no,SUDDEN DEATH IS A GRIM REALITY IN THE
MW_MAIN.EXE,0x016601,91649,37,no,SUCCESSOR STATES OF THE 31ST CENTURY.
MW_MAIN.EXE,0x016628,91688,12,no,  PLAY AGAIN
MW_MAIN.EXE,0x016635,91701,6,no,  QUIT
MW_MAIN.EXE,0x01663F,91711,42,no,DUST DEVILS SPIN IN THE TOO THIN AIR AND A
MW_MAIN.EXE,0x01666A,91754,41,no,SOUND LIKE DISTANT THUNDER ROLLS OVER THE
MW_MAIN.EXE,0x016694,91796,37,no,DRY MOUNTAINS. ANOTHER MINUTE AND THE
MW_MAIN.EXE,0x0166BA,91834,40,no,THUNDER BUILDS TO A ROAR AS SEVEN KARNOV
MW_MAIN.EXE,0x0166E3,91875,43,no,HEAVY LIFT CHOPPERS RISE OVER THE RIDGES IN
MW_MAIN.EXE,0x01670F,91919,43,no,"A TIGHT VEE FORMATION, THEIR TILTING ROTORS"
MW_MAIN.EXE,0x01673B,91963,41,no,ALREADY IN THE VERTICAL LANDING POSITION.
MW_MAIN.EXE,0x016765,92005,41,no,STILL IN FORMATION THEY SETTLE IN A STORM
MW_MAIN.EXE,0x01678F,92047,42,no,OF DUST BEFORE A PAIR OF MASSIVE TWO-STORY
MW_MAIN.EXE,0x0167BA,92090,37,no,HIGH STEEL VAULTED DOORS SET INTO THE
MW_MAIN.EXE,0x0167E0,92128,40,no,CRACKED FACE OF A CLIFF. KURITA INFANTRY
MW_MAIN.EXE,0x016809,92169,40,no,POUR FROM BOTH SIDES OF EACH MACHINE AND
MW_MAIN.EXE,0x016832,92210,40,no,QUICKLY ESTABLISH A DEFENSE PERIMETER IN
MW_MAIN.EXE,0x01685B,92251,17,no,THE CHOKING DUST.
MW_MAIN.EXE,0x01686F,92271,42,no,A MAP SHOWING THE LANDING SITE WITH A TIME
MW_MAIN.EXE,0x01689A,92314,39,no,"AND SIGNED SIMPLY, ""A FRIEND"" SMELLS OF"
MW_MAIN.EXE,0x0168C2,92354,42,no,ANOTHER TRAP BUT IT'S THE ONLY LEAD AND AT
MW_MAIN.EXE,0x0168ED,92397,42,no,LEAST IT'S PRODUCED SOMETHING INTERESTING.
MW_MAIN.EXE,0x016918,92440,43,no,"AND BESIDES, A GOOD AUTO-PISTOL WITH PLENTY"
MW_MAIN.EXE,0x016944,92484,43,no,OF EXTRA CLIPS SHOULD HANDLE ANY SURPRISES.
MW_MAIN.EXE,0x016970,92528,43,no,BEHIND THE CLIFF FACE THE SUN FILLS THE SKY
MW_MAIN.EXE,0x01699C,92572,37,no,WITH A BLAZING RED AS IT SETS AND THE
MW_MAIN.EXE,0x0169C2,92610,42,no,SHADOWS BEGIN TO STRETCH ACROSS THE DESERT
MW_MAIN.EXE,0x0169ED,92653,43,no,LANDSCAPE.  THE GIANT DOORS CRACK AND LIGHT
MW_MAIN.EXE,0x016A19,92697,42,no,SPILLS OUT IN GREATER AMOUNTS AS THE CRACK
MW_MAIN.EXE,0x016A44,92740,36,no,SPREADS AND THE DOORS OPEN ON SILENT
MW_MAIN.EXE,0x016A69,92777,43,no,"HINGES. MORE TROOPS, THIS TIME IN MATABUSHI"
MW_MAIN.EXE,0x016A95,92821,40,no,SECURITY UNIFORMS DOUBLE-TIME OUT IN TWO
MW_MAIN.EXE,0x016ABE,92862,40,no,NEAT ROWS AND FORM UP CREATING A GUARDED
MW_MAIN.EXE,0x016AE7,92903,43,no,ROADWAY TO THE VTOL CRAFT. TRACKED VEHICLES
MW_MAIN.EXE,0x016B13,92947,39,no,APPEAR FROM INSIDE THE MOUNTAIN AND THE
MW_MAIN.EXE,0x016B3B,92987,41,no,LOADING BEGINS. THE SIX CRAFT FORMING THE
MW_MAIN.EXE,0x016B65,93029,39,no,WINGS OF THE FORMATION ARE LOADED FIRST
MW_MAIN.EXE,0x016B8D,93069,41,no,WITH A SEEMINGLY ENDLESS STREAM OF COFFIN
MW_MAIN.EXE,0x016BB7,93111,5,no,SIZED
MW_MAIN.EXE,0x016BBF,93119,35,no,"METALLIC CONTAINERS. LAST, A SINGLE"
MW_MAIN.EXE,0x016BE3,93155,39,no,CONTAINER WITH SPECIAL GUARDS IS LOADED
MW_MAIN.EXE,0x016C0B,93195,35,no,ONTO THE LEAD AIRCRAFT. THE TRACKED
MW_MAIN.EXE,0x016C2F,93231,36,no,VEHICLES RETURN TO THE VAULT AND THE
MW_MAIN.EXE,0x016C54,93268,41,no,SECURITY GUARDS BREAK FORMATION.  IN THAT
MW_MAIN.EXE,0x016C7E,93310,43,no,"INSTANT, THE GROUND AROUND THE LANDING SITE"
MW_MAIN.EXE,0x016CAA,93354,43,no,ERUPTS AS TROOPS IN DESERT CAMO RISE UP OUT
MW_MAIN.EXE,0x016CD6,93398,38,no,"OF THE SAND LIKE RETURNING DEAD, THEIR"
MW_MAIN.EXE,0x016CFD,93437,40,no,LASERS AND AUTOMATIC RIFLES BLAZING. THE
MW_MAIN.EXE,0x016D26,93478,36,no,"KURITA GUARD, TAKEN BY SURPRISE, ARE"
MW_MAIN.EXE,0x016D4B,93515,40,no,RAVAGED BEFORE THEY CAN REGROUP AND EVEN
MW_MAIN.EXE,0x016D74,93556,41,no,THEN THEY HAVE ALREADY LOST AT LEAST HALF
MW_MAIN.EXE,0x016D9E,93598,42,no,THEIR NUMBER. AN INTENSE FIRE FIGHT ENSUES
MW_MAIN.EXE,0x016DC9,93641,39,no,AS THE KURITA TROOPS FALL BACK INTO THE
MW_MAIN.EXE,0x016DF1,93681,42,no,CARGO HOLDS OF THE VTOL. THE AIR BEGINS TO
MW_MAIN.EXE,0x016E1C,93724,37,no,CHURN AS THE CHOPPERS CRANK UP FOR AN
MW_MAIN.EXE,0x016E42,93762,41,no,"ESCAPE, BUT FOR SOME IT'S TOO LATE AS THE"
MW_MAIN.EXE,0x016E6C,93804,41,no,MYSTERIOUS ATTACKERS BOARD THE CRAFT IN A
MW_MAIN.EXE,0x016E96,93846,20,no,MURDUROUS ONSLAUGHT.
MW_MAIN.EXE,0x016EAE,93870,40,no,ONE CHOPPER LEAVES THE GROUND IN A HURRY
MW_MAIN.EXE,0x016ED7,93911,43,no,BUT TWO LAW ROCKETS ARC OUT FROM THE GROUND
MW_MAIN.EXE,0x016F03,93955,40,no,"AND CONNECT IN A THUNDEROUS, FIERY BLAST"
MW_MAIN.EXE,0x016F2C,93996,41,no,THAT SHOWERS THE SCENE BELOW IN A GLOWING
MW_MAIN.EXE,0x016F56,94038,37,no,METAL RAIN.  THE WRECK CRASHES TO THE
MW_MAIN.EXE,0x016F7C,94076,41,no,GROUND IN FRONT OF THE VAULT CRUSHING THE
MW_MAIN.EXE,0x016FA6,94118,38,no,REMAINING SECURTY FORCE AND EFFECTIVLY
MW_MAIN.EXE,0x016FCD,94157,41,no,CUTTING OFF ANY SUPPORT FROM THAT END FOR
MW_MAIN.EXE,0x016FF7,94199,43,no,"THE MOMENT.  AND THEN, IN THE MIDDLE OF THE"
MW_MAIN.EXE,0x017023,94243,40,no,FIGHT A WOMAN IN KNEE HIGH BIOFLEX BOOTS
MW_MAIN.EXE,0x01704C,94284,40,no,AND A VTOL FLIGHT JACKET CUTS ACROSS THE
MW_MAIN.EXE,0x017075,94325,40,no,CARNAGE. HER LONG HAIR HANGS FREE AS SHE
MW_MAIN.EXE,0x01709E,94366,40,no,FIGHTS LIKE A WILDCAT ACROSS THE LANDING
MW_MAIN.EXE,0x0170C7,94407,39,no,SITE. SHE'S HEADING FOR THE LEAD CRAFT.
MW_MAIN.EXE,0x0170F0,94448,12,no,  FOLLOW HER
MW_MAIN.EXE,0x0170FD,94461,11,no,  STAY DOWN
MW_MAIN.EXE,0x01710C,94476,43,no,NOSE DOWN THE LEAD CRAFT LEAPS INTO THE AIR
MW_MAIN.EXE,0x017138,94520,38,no,SKIMMING THE GROUND AS IT SLOWLY GAINS
MW_MAIN.EXE,0x01715F,94559,40,no,ALTITUDE.  THE REMAINING KARNOV'S FOLLOW
MW_MAIN.EXE,0x017188,94600,40,no,SUIT LIFTING OFF IN DIFFERENT DIRECTIONS
MW_MAIN.EXE,0x0171B1,94641,40,no,MANY DUMPING BODIES LIKE EXCESS CARGO. A
MW_MAIN.EXE,0x0171DA,94682,40,no,BLOODY KURITA SOLDIER FALLS FROM THE SKY
MW_MAIN.EXE,0x017203,94723,40,no,AND SMASHES INTO THE ROCKS NEAR YOU.  IN
MW_MAIN.EXE,0x01722C,94764,37,no,"THE DISTANCE, THE LEAD KARNOV MAKES A"
MW_MAIN.EXE,0x017252,94802,39,no,"SUDDEN, HEAVY LEFT BANK AND THEN RIGHTS"
MW_MAIN.EXE,0x01727A,94842,40,no,"ITSELF FOR A MOMENT. SUDDENLY, THE CRAFT"
MW_MAIN.EXE,0x0172A3,94883,42,no,NOSEDIVES AND PLUNGES INTO THE DESERT WITH
MW_MAIN.EXE,0x0172CE,94926,39,no,A MASSIVE DETONATION AND FIERY MUSHROOM
MW_MAIN.EXE,0x0172F6,94966,41,no,CLOUD.  ONE OF THE LARGE TRACKED VEHICLES
MW_MAIN.EXE,0x017320,95008,34,no,FINALY MANAGES TO PUSH THE FLAMING
MW_MAIN.EXE,0x017343,95043,41,no,HELICOPTER REMAINS FROM THE VAULT DOORWAY
MW_MAIN.EXE,0x01736D,95085,40,no,AND MATABUSHI SECURITY MEN COME SWARMING
MW_MAIN.EXE,0x017396,95126,41,no,OUT. NOW LOOKS LIKE A GOOD TIME TO BEAT A
MW_MAIN.EXE,0x0173C0,95168,14,no,HASTY RETREAT.
MW_MAIN.EXE,0x0173D2,95186,43,no,NO DICE TASHA. KEARNEY RELAXES AND GRINS AS
MW_MAIN.EXE,0x0173FE,95230,31,no,HE REACHES DOWN TO GET HIS GUN.
MW_MAIN.EXE,0x01741E,95262,38,no,"""VANDENBURG, YOU FOOL!"" TASHA YELLS AS"
MW_MAIN.EXE,0x017445,95301,39,no,"SHE LASHES OUT WITH A VICIOUS KICK, BUT"
MW_MAIN.EXE,0x01746D,95341,38,no,KEARNEY IS FAST. HE DUCKS THE KICK AND
MW_MAIN.EXE,0x017494,95380,42,no,COMES UP SHOOTING. TASHA SLAMS AGAINST THE
MW_MAIN.EXE,0x0174BF,95423,41,no,FAR WALL OF THE TINY CABIN AS THE BULLETS
MW_MAIN.EXE,0x0174E9,95465,40,no,RIP THROUGH HER AND SHATTER THE GLASS OF
MW_MAIN.EXE,0x017512,95506,41,no,THE COCKPIT WINDOW. KEARNEY TURNS TO YOU.
MW_MAIN.EXE,0x01753C,95548,40,no,"""SHE WAS RIGHT YOU KNOW."" HE YELLS ABOVE"
MW_MAIN.EXE,0x017565,95589,43,no,THE SUDDEN ROAR OF THE WIND. BEFORE YOU CAN
MW_MAIN.EXE,0x017591,95633,27,no,REACT HIS GUN SMILES AGAIN.
MW_MAIN.EXE,0x0175B0,95664,37,no,SUDDEN DEATH IS A GRIM REALITY IN THE
MW_MAIN.EXE,0x0175D6,95702,37,no,SUCCESSOR STATES OF THE 31ST CENTURY.
MW_MAIN.EXE,0x0175FD,95741,12,no,  PLAY AGAIN
MW_MAIN.EXE,0x01760A,95754,6,no,  QUIT
MW_MAIN.EXE,0x017614,95764,40,no,NO DICE KEARNEY. TASHA FLASHES A HEALTHY
MW_MAIN.EXE,0x01763D,95805,40,no,"SMILE YOUR WAY. ""NICE WORK PARTNER."" HER"
MW_MAIN.EXE,0x017666,95846,41,no,HAND FLASHES OUT AND CHOPS KEARNEY NEATLY
MW_MAIN.EXE,0x017690,95888,43,no,ALONG THE BACK OF THE NECK. AS HE SLUMPS TO
MW_MAIN.EXE,0x0176BC,95932,40,no,THE FLOOR SHE TAKES THE PILOT SEAT AGAIN
MW_MAIN.EXE,0x0176E5,95973,38,no,SHUTTING DOWN THE AUTO-PILOT. THE VTOL
MW_MAIN.EXE,0x01770C,96012,33,no,"MAKES A HARD BANK RIGHT.  ""WE HIT"
MW_MAIN.EXE,0x01772E,96046,40,no,"MATABUSHI PRETTY HARD TONIGHT."" SHE SAYS"
MW_MAIN.EXE,0x017757,96087,36,no,"AFTER AWHILE. ""CAUGHT 'EM WITH THEIR"
MW_MAIN.EXE,0x01777C,96124,41,no,"PANTS DOWN. THAT WON'T HAPPEN AGAIN."" SHE"
MW_MAIN.EXE,0x0177A6,96166,43,no,STUDIES YOU AND THE INSTRUMENT LIGHTS GLINT
MW_MAIN.EXE,0x0177D2,96210,39,no,"IN HER EYES.  ""YOU'RE WONDERING WHAT'S "
MW_MAIN.EXE,0x0177FA,96250,43,no,"GOING ON NO DOUBT. WELL, I'LL TELL YOU WHAT"
MW_MAIN.EXE,0x017826,96294,43,no,"I CAN. WE'RE MI6, A SPECIAL GROUP OF DAVION"
MW_MAIN.EXE,0x017852,96338,41,no,"AGENTS, AND COINCIDENTALY ON THIS MISSION"
MW_MAIN.EXE,0x01787C,96380,43,no,"YOU AND MI6 HAD THE SAME TARGET, MATABUSHI."
MW_MAIN.EXE,0x0178AA,96426,37,no,WE GOT WIND THAT THEY WOULD BE MAKING
MW_MAIN.EXE,0x0178D0,96464,42,no,A LARGE MOVE OF ASSETS AND DECIDED TO HIT.
MW_MAIN.EXE,0x0178FB,96507,39,no,"THAT'S WHAT WE GOT, GOLD BULLION, A LOT"
MW_MAIN.EXE,0x017923,96547,38,no,"OF CAPTURED CASH READY FOR LAUNDERING,"
MW_MAIN.EXE,0x01794A,96586,38,no,"SOME LOSTECH ITEMS, AND A LARGE SET OF"
MW_MAIN.EXE,0x017971,96625,41,no,COMPUTER FILES. THAT'S WHERE YOU COME IN.
MW_MAIN.EXE,0x01799B,96667,44,no,"IN THOSE FILES IS THE LOCATION OF THE GROUP,"
MW_MAIN.EXE,0x0179C8,96712,41,no,WHO DESTROYED YOUR HOME AND WHERE THEY'RE
MW_MAIN.EXE,0x0179F2,96754,44,no,KEEPING YOUR PRECIOUS CHALICE. I FIGURE WITH
MW_MAIN.EXE,0x017A1F,96799,43,no,"THAT INFO AND SAY, A 5 MILLION C-BILL SHARE"
MW_MAIN.EXE,0x017A4B,96843,42,no,"OF TONIGHT'S HAUL, YOU OUGHT TO BE ABLE TO"
MW_MAIN.EXE,0x017A76,96886,40,no,CLOSE DOWN THEIR ANDER'S MOON OPERATION.
MW_MAIN.EXE,0x017A9F,96927,41,no,"I KILL TWO BIRDS WITH ONE THROW. - DEAL?"""
MW_MAIN.EXE,0x017AC9,96969,41,no,"SHE GRINS AT YOU.""I THOUGHT IT MIGHT BE. "
MW_MAIN.EXE,0x017AF3,97011,40,no,"ONE LAST THING, EVERYTHING I'VE TOLD YOU"
MW_MAIN.EXE,0x017B1C,97052,43,no,"IS CONFIDENTIAL. TO EVERYONE ELSE, MI6 DOES"
MW_MAIN.EXE,0x017B48,97096,35,no,"NOT EXIST. SO KEEP IT TO YOURSELF."""
MW_MAIN.EXE,0x017B6E,97134,43,no,"LATER, WITH A FATTER BANK ACCOUNT, YOU SCAN"
MW_MAIN.EXE,0x017B9A,97178,42,no,THE DISK SHE GAVE YOU ON OPERATION INROAD.
MW_MAIN.EXE,0x017BC5,97221,42,no,THE OVERALL PLAN; SET UP A COVER OPERATION
MW_MAIN.EXE,0x017BF0,97264,38,no,IN THE FEDERATED SUNS MOSTLY FOR MONEY
MW_MAIN.EXE,0x017C17,97303,37,no,LAUNDERING AND SMUGGLING. EXPENSES: A
MW_MAIN.EXE,0x017C3D,97341,38,no,JUMPSHIP SUPPLIED BY MATABUSHI TRADE'S
MW_MAIN.EXE,0x017C64,97380,39,no,"PARTNER, GRIG GRIEZ; A SPECIAL LANCE OF"
MW_MAIN.EXE,0x017C8C,97420,40,no,MECHS CONSISTING OF A WARHAMMER AND FOUR
MW_MAIN.EXE,0x017CB5,97461,39,no,BATTLEMASTERS KNOWN AS THE DARK WING; A
MW_MAIN.EXE,0x017CDD,97501,38,no,LARGE PAYROLL FOR AGENTS AND BRIBES ON
MW_MAIN.EXE,0x017D04,97540,40,no,"ANDER'S MOON, INCLUDING ONE J. ROWE. AND"
MW_MAIN.EXE,0x017D2D,97581,36,no,"RIGHT NOW, THE CHALICE OF HERNE SITS"
MW_MAIN.EXE,0x017D52,97618,28,no,GUARDED BY THE DARK WING ON 
MW_MAIN.EXE,0x017D70,97648,17,no,"               ."""
MW_MAIN.EXE,0x017D85,97669,41,no,"IN THE SMOKE, DUST AND CONFUSION, IT'S AN"
MW_MAIN.EXE,0x017DAF,97711,43,no,EASY RUN TO THE OPEN CARGO DOOR. BODIES LAY
MW_MAIN.EXE,0x017DDB,97755,41,no,SPRAWLED ON THE GROUND AND ONE HANGS HALF
MW_MAIN.EXE,0x017E05,97797,41,no,"IN, HALF OUT OF THE DOORWAY. THE AIRCRAFT"
MW_MAIN.EXE,0x017E2F,97839,40,no,IS ALREADY LIFTING OFF AND IT REQUIRES A
MW_MAIN.EXE,0x017E58,97880,39,no,JUMP JUST TO CATCH THE EDGE AS THE NOSE
MW_MAIN.EXE,0x017E80,97920,39,no,POINTS TOWARD THE GROUND AND THE KARNOV
MW_MAIN.EXE,0x017EA8,97960,40,no,SPEEDS OFF ACROSS THE DESERT. THE GROUND
MW_MAIN.EXE,0x017ED1,98001,43,no,BEGINS RUSHING PAST YOUR FEET AS THE 30 TON
MW_MAIN.EXE,0x017EFD,98045,42,no,CHOPPER GAINS ALTITUDE. ONE SLIP NOW...BUT
MW_MAIN.EXE,0x017F28,98088,41,no,IT'S AMAZING WHAT A LITTLE ADRENALINE CAN
MW_MAIN.EXE,0x017F52,98130,38,no,DO. LOOKING BACK FROM THE BAY DOOR THE
MW_MAIN.EXE,0x017F79,98169,43,no,CLIFF IS AGLOW FROM THE FIRE OF THE BURNING
MW_MAIN.EXE,0x017FA5,98213,34,no,WRECK AND THE REMAINING VTOL'S ARE
MW_MAIN.EXE,0x017FC8,98248,41,no,AIRBORNE NOW AND SPEEDING OFF IN DIFERENT
MW_MAIN.EXE,0x017FF2,98290,41,no,"DIRECTIONS. INSIDE, THERE ARE MORE BODIES"
MW_MAIN.EXE,0x01801C,98332,42,no,STREWN ABOUT THE HOLD LIKE CAST AWAY TOYS.
MW_MAIN.EXE,0x01804A,98378,39,no,"AUTO-PISTOL OUT, SAFETY OFF, AND A SLOW"
MW_MAIN.EXE,0x018072,98418,37,no,WALK THROUGH THE SHORT PASSAGE TO THE
MW_MAIN.EXE,0x018098,98456,43,no,COCKPIT. JUST THREE STEPS AHEAD ANOTHER MAN
MW_MAIN.EXE,0x0180C4,98500,42,no,IN A TAN JUMPSUIT IS MAKING THE SAME TRIP.
MW_MAIN.EXE,0x0180EF,98543,43,no,AS HE REACHES THE COCKPIT HIS ARM MOVES OUT
MW_MAIN.EXE,0x01811B,98587,43,no,GRACEFULLY AND PUSHES THE BARREL OF HIS GUN
MW_MAIN.EXE,0x018147,98631,43,no,AGAINST THE LONG TANGLED HAIR OF THE PILOT.
MW_MAIN.EXE,0x018173,98675,35,no,"""SO SORRY TO DISAPPOINT YOU TASHA."""
MW_MAIN.EXE,0x018197,98711,40,no,KEARNEY SAYS SMOOTHLY. YOU CAN SEE TASHA
MW_MAIN.EXE,0x0181C0,98752,39,no,CALCULATING POSSIBILITIES AS THE KARNOV
MW_MAIN.EXE,0x0181E8,98792,39,no,MAKES A SUDDEN PLUNGE TO THE LEFT. WITH
MW_MAIN.EXE,0x018210,98832,40,no,BLINDING SPEED SHE DISARMS KEARNEY AS HE
MW_MAIN.EXE,0x018239,98873,41,no,FALLS TOWARD HER. THE AIRCRAFT LEVELS OUT
MW_MAIN.EXE,0x018263,98915,40,no,AND TASHA IS OUT OF THE SEAT AND SHE AND
MW_MAIN.EXE,0x01828C,98956,42,no,KEARNEY SQUARE OFF AS YOU STEP THROUGH THE
MW_MAIN.EXE,0x0182B7,98999,41,no,DOOR.  THE LOOK OF SURPRISE ON BOTH THEIR
MW_MAIN.EXE,0x0182E1,99041,40,no,"FACES IS ALMOST COMICAL. ""JUST IN TIME!"""
MW_MAIN.EXE,0x01830A,99082,42,no,KEARNEY SAYS WITH A SMILE. TASHA GLARES AT
MW_MAIN.EXE,0x018335,99125,37,no,"HIM. ""DON'T LISTEN TO HIM, HE'S ISF."""
MW_MAIN.EXE,0x01835B,99163,39,no,"SHE SAYS QUICKLY.  ""WHAT? SHE'S THE ISF"
MW_MAIN.EXE,0x018383,99203,36,no,"AGENT!"" KEARNEY REPLIES IN SURPRISE."
MW_MAIN.EXE,0x0183A9,99241,13,no,  TRUST TASHA
MW_MAIN.EXE,0x0183B7,99255,15,no,  TRUST KEARNEY
MW_MAIN.EXE,0x0183CA,99274,28,no,PERSONAL MESSAGE FROM: TASHA
MW_MAIN.EXE,0x0183E7,99303,22,no,ADDRESS NOT SPECIFIED 
MW_MAIN.EXE,0x0183FF,99327,30,no,"""BORROWED"" SOME COMPUTER FILES"
MW_MAIN.EXE,0x01841E,99358,42,no,FROM OUR MUTUAL FRIEND. INCLUDED WERE SOME
MW_MAIN.EXE,0x018449,99401,37,no,I THOUGHT YOU MIGHT FIND INTERESTING.
MW_MAIN.EXE,0x018470,99440,40,no,"TO: DUKE ISHI TAHIRO, CEO,BOARD CHAIRMAN"
MW_MAIN.EXE,0x018499,99481,18,no,    MATABUSHI INC.
MW_MAIN.EXE,0x0184AC,99500,29,no,"CC: MARQUIS TANJI KOETSU, CEO"
MW_MAIN.EXE,0x0184CA,99530,18,no,    TRADE DIVISION
MW_MAIN.EXE,0x0184DD,99549,37,no,"FROM: HOHIRO ANATO,SPECIAL OPERATIONS"
MW_MAIN.EXE,0x018503,99587,20,no,      TRADE DIVISION
MW_MAIN.EXE,0x018518,99608,21,no,DATE: 1 DECEMBER 3023
MW_MAIN.EXE,0x01852E,99630,20,no,RE: OPERATION INROAD
MW_MAIN.EXE,0x018545,99653,40,no,GREETINGS YOUR GRACE. WE HAVE LOCATED AN
MW_MAIN.EXE,0x01856E,99694,35,no,EXCELLENT TARGET TO ACCOMPLISH YOUR
MW_MAIN.EXE,0x018592,99730,42,no,OBJECTIVES.  A SMALL OUTPOST NAMED ANDER'S
MW_MAIN.EXE,0x0185BD,99773,43,no,MOON IN THE DRACONIS MARCH. IT IS TOO SMALL
MW_MAIN.EXE,0x0185E9,99817,39,no,TO EVER BE OF STRATEGIC INTEREST TO THE
MW_MAIN.EXE,0x018611,99857,40,no,DCMS AND HAS LITTLE TRADE TRAFFIC. LOCAL
MW_MAIN.EXE,0x01863A,99898,36,no,GOVERNMENT IS SMALL AND CONTROLABLE.
MW_MAIN.EXE,0x01865F,99935,37,no,ESTIMATED FLOW CAPABILITY: 50 MILLION
MW_MAIN.EXE,0x018685,99973,42,no,"C-BILLS/MONTH. IF IT PLEASES YOUR GRACE, I"
MW_MAIN.EXE,0x0186B0,100016,35,no,WILL PRESENT A DETAILED PROPOSAL IN
MW_MAIN.EXE,0x0186D4,100052,7,no,PERSON.
MW_MAIN.EXE,0x0186DE,100062,41,no,"TO: DUKE ISHI TAHIRO, CEO, BOARD CHAIRMAN"
MW_MAIN.EXE,0x018708,100104,18,no,    MATABUSHI INC.
MW_MAIN.EXE,0x01871B,100123,29,no,"CC: MARQUIS TANJI KOETSU, CEO"
MW_MAIN.EXE,0x018739,100153,18,no,    TRADE DIVISION
MW_MAIN.EXE,0x01874C,100172,38,no,"FROM: HOHIRO ANATO, SPECIAL OPERATIONS"
MW_MAIN.EXE,0x018773,100211,20,no,      TRADE DIVISION
MW_MAIN.EXE,0x018788,100232,21,no,DATE: 10 JANUARY 3024
MW_MAIN.EXE,0x01879E,100254,20,no,RE: OPERATION INROAD
MW_MAIN.EXE,0x0187B3,100275,35,no,GREETINGS YOUR GRACE. REIGNING DUKE
MW_MAIN.EXE,0x0187D7,100311,37,no,VANDENBURG UNYIELDING. OTHER MEASURES
MW_MAIN.EXE,0x0187FD,100349,40,no,REQUIRED. REQUEST PERMISSION TO EXERCISE
MW_MAIN.EXE,0x018826,100390,17,no,DARK WING OPTION.
MW_MAIN.EXE,0x01883A,100410,41,no,"TO: DUKE ISHI TAHIRO, CEO, BOARD CHAIRMAN"
MW_MAIN.EXE,0x018864,100452,18,no,    MATABUSHI INC.
MW_MAIN.EXE,0x018877,100471,29,no,"CC: MARQUIS TANJI KOETSU, CEO"
MW_MAIN.EXE,0x018895,100501,18,no,    TRADE DIVISION
MW_MAIN.EXE,0x0188A8,100520,38,no,"FROM: HOHIRO ANATO, SPECIAL OPERATIONS"
MW_MAIN.EXE,0x0188CF,100559,20,no,      TRADE DIVISION
MW_MAIN.EXE,0x0188E4,100580,22,no,DATE: 14 FEBRUARY 3024
MW_MAIN.EXE,0x0188FB,100603,20,no,RE: OPERATION INROAD
MW_MAIN.EXE,0x018910,100624,42,no,GREETINGS YOUR GRACE. YOUR PRESSURE ON THE
MW_MAIN.EXE,0x01893B,100667,39,no,ISF HAS PRODUCED FRUITFUL RESULTS. I AM
MW_MAIN.EXE,0x018963,100707,35,no,MOST GRATEFUL. ALL PREPARATIONS ARE
MW_MAIN.EXE,0x018987,100743,43,no,COMPLETE. YOUNG MCBRIN SUITABLY DUPPED INTO
MW_MAIN.EXE,0x0189B3,100787,43,no,PLAYING HIS PART.  BOTH FACTIONS BRIBED AND
MW_MAIN.EXE,0x0189DF,100831,40,no,AGREEABLE.  TRANSPORTATION FOR DARK WING
MW_MAIN.EXE,0x018A08,100872,34,no,ARRANGED. WE AWAIT ONLY YOUR WORD.
MW_MAIN.EXE,0x018A2B,100907,31,no,"1	TO: MARQUIS TANJI KOETSU, CEO"
MW_MAIN.EXE,0x018A4B,100939,18,no,    TRADE DIVISION
MW_MAIN.EXE,0x018A5E,100958,36,no,"CC: HOHIRO ANATO, SPECIAL OPERATIONS"
MW_MAIN.EXE,0x018A83,100995,18,no,    TRADE DIVISION
MW_MAIN.EXE,0x018A96,101014,42,no,"FROM: DUKE ISHI TAHIRO, CEO,BOARD CHAIRMAN"
MW_MAIN.EXE,0x018AC1,101057,20,no,      MATABUSHI INC.
MW_MAIN.EXE,0x018AD6,101078,18,no,DATE: 1 MARCH 3024
MW_MAIN.EXE,0x018AE9,101097,20,no,RE: OPERATION INROAD
MW_MAIN.EXE,0x018AFE,101118,8,no,PROCEED.
MW_MAIN.EXE,0x018B08,101128,36,no,-	PERSONAL MESSAGE FROM: JORDAN ROWE
MW_MAIN.EXE,0x018B2D,101165,22,no,"VALENSIA, ANDER'S MOON"
MW_MAIN.EXE,0x018B44,101188,30,no,"DRACONIS MARCH, FEDERATED SUNS"
MW_MAIN.EXE,0x018B63,101219,26,no,CONFIDENTIAL CDE SCRAMBLED
MW_MAIN.EXE,0x018B7E,101246,41,no,GIDEON. KURITA MILITARY BACKING OF JARRIS
MW_MAIN.EXE,0x018BA8,101288,41,no,CONFIRMED. INTEREST STRATEGIC IN RESPONSE
MW_MAIN.EXE,0x018BD2,101330,37,no,TO UPCOMING DAVION SPECIAL MANEUVERS.
MW_MAIN.EXE,0x018BF8,101368,42,no,SUGGEST YOU RE-CONTACT MIIO AGENT KEARNEY.
MW_MAIN.EXE,0x018C23,101411,37,no,REASSIGNED ALBIERO. - BEST WISHES. J.
MW_MAIN.EXE,0x018C4E,101454,15,no,               
MW_MAIN.EXE,0x018C5E,101470,30,no,"DRACONIS MARCH, FEDERATED SUNS"
MW_MAIN.EXE,0x018C7D,101501,39,no,"PILOT, HIRED GUN KILLED IN GANGLAND WAR"
MW_MAIN.EXE,0x018CA6,101542,39,no,AM EXECUTION STYLE MURDER OF A JUMPSHIP
MW_MAIN.EXE,0x018CCE,101582,41,no,CAPTAIN AND THE DEATH OF A KNOWN GANGLAND
MW_MAIN.EXE,0x018CF8,101624,40,no,ASSASSIN ARE PART OF RECENT POWER SHIFTS
MW_MAIN.EXE,0x018D21,101665,33,no,"WITHIN THE LOCAL CRIME SYNDICATE,"
MW_MAIN.EXE,0x018D43,101699,40,no,AUTHORITIES SAID TODAY. WILLARD THEODORE
MW_MAIN.EXE,0x018D6C,101740,40,no,"PURITAN, LOCALLY KNOWN AS KANGAROO JACK,"
MW_MAIN.EXE,0x018D95,101781,43,no,WAS FOUND MURDERED IN THE OFFICE OF A LOCAL
MW_MAIN.EXE,0x018DC1,101825,35,no,IMPORT/EXPORT COMPANY THIS MORNING.
MW_MAIN.EXE,0x018DE5,101861,39,no,PURITAN HAS HAD A LONG ASSOCIATION WITH
MW_MAIN.EXE,0x018E0D,101901,42,no,ORGANIZED CRIME MOSTLY INVOLVING SMUGGLING
MW_MAIN.EXE,0x018E38,101944,43,no,"OPERATIONS, A POLICE SPOKESPERSON SAID. THE"
MW_MAIN.EXE,0x018E64,101988,42,no,"ASSASSIN, KNOWN ONLY AS GRIM JIM, WAS ALSO"
MW_MAIN.EXE,0x018E8F,102031,43,no,FOUND MURDERED. IT IS OBVIOUS A THIRD PARTY
MW_MAIN.EXE,0x018EBB,102075,43,no,"WAS INVOLVED, POLICE SAID. THE OWNER OF THE"
MW_MAIN.EXE,0x018EE7,102119,43,no,IMPORT/EXPORT COMPANY HAS TURNED UP MISSING
MW_MAIN.EXE,0x018F13,102163,43,no,AND POLICE INVESTIGATORS CURRENTLY CONSIDER
MW_MAIN.EXE,0x018F3F,102207,20,no,HIM A PRIME SUSPECT.
MW_MAIN.EXE,0x018F57,102231,43,no,BACK AT THE BAR A GRIZZLED MERC SAYS TO HIS
MW_MAIN.EXE,0x018F83,102275,40,no,FRIEND JUST LOUD ENOUGH FOR YOU TO HEAR.
MW_MAIN.EXE,0x018FAC,102316,37,no,"""OF COURSE, THAT'S THE STORY ANY GOOD"
MW_MAIN.EXE,0x018FD2,102354,33,no,SOLDIER WOULD GIVE ABOUT A COVERT
MW_MAIN.EXE,0x018FF4,102388,11,no,"OPERATION."""
MW_MAIN.EXE,0x019003,102403,43,no,THE GLARING GREY EYES OF THE MAN ALREADY ON
MW_MAIN.EXE,0x01902F,102447,39,no,"HIS FEET NEVER WAVER AS HE SAYS. ""WOULD"
MW_MAIN.EXE,0x019057,102487,39,no,THE CAPTAIN PLEASE GIVE ME PERMISSON TO
MW_MAIN.EXE,0x01907F,102527,38,no,TURN THIS RAT'S REAR END INTO A BLOODY
MW_MAIN.EXE,0x0190A6,102566,35,no,"PULP?"" BEFORE THE WOMAN CAN RESPOND"
MW_MAIN.EXE,0x0190CA,102602,39,no,"ANOTHER OF THE GROUP IS ACTING. ""AFRAID"
MW_MAIN.EXE,0x0190F2,102642,40,no,"I'M NOT AS POLITE AS YOU COLIN."" HE SAYS"
MW_MAIN.EXE,0x01911B,102683,35,no,AS HE BREAKS HIS CHAIR AGAINST YOUR
MW_MAIN.EXE,0x01913F,102719,40,no,DIAPHRAM. COLIN'S FIST FOLLOWS INTO YOUR
MW_MAIN.EXE,0x019168,102760,41,no,FACE. YOU GET IN A FAIR KICK TO THE FIRST
MW_MAIN.EXE,0x019192,102802,40,no,MAN'S CROTCH ON YOUR WAY DOWN.  QUICK AS
MW_MAIN.EXE,0x0191BB,102843,39,no,LIGHT THE VIBRATING HUM OF A STUN LANCE
MW_MAIN.EXE,0x0191E3,102883,40,no,ENTERS THE FRAY. A WOMAN DRESSED IN KNEE
MW_MAIN.EXE,0x01920C,102924,43,no,HIGH BIOFLEX BOOTS AND A VTOL FLIGHT JACKET
MW_MAIN.EXE,0x019238,102968,36,no,SPINS THE LANCE WITH OBVIOUS MARTIAL
MW_MAIN.EXE,0x01925D,103005,41,no,TRAINING AND THE ONE CALLED COLIN CRASHES
MW_MAIN.EXE,0x019287,103047,42,no,TO THE FLOOR. THREE OF COLIN'S LANCE MATES
MW_MAIN.EXE,0x0192B2,103090,42,no,SOON FOLLOW AS THEY TRY TO PRESS THE YOUNG
MW_MAIN.EXE,0x0192DD,103133,6,no,WOMAN.
MW_MAIN.EXE,0x0192E6,103142,41,no,AMIDST THE FALLING BODIES THE BLACK WIDOW
MW_MAIN.EXE,0x019310,103184,42,no,DRAWS A PEARL HANDLED PISTOL AND TAKES AIM
MW_MAIN.EXE,0x01933B,103227,40,no,"AT THE LANCE WIELDER, BUT THE HUM OF THE"
MW_MAIN.EXE,0x019364,103268,39,no,LANCE HAS GONE TO THE HIGH PITCH OF THE
MW_MAIN.EXE,0x01938C,103308,38,no,KILL LEVEL AND THE WOMAN IS HOLDING IT
MW_MAIN.EXE,0x0193B3,103347,36,no,DANGEROUSLY CLOSE TO THE NECK OF THE
MW_MAIN.EXE,0x0193D8,103384,41,no,UNCONSCIOUS COLIN. SHE AND THE WIDOW LOCK
MW_MAIN.EXE,0x019402,103426,42,no,EYES FOR A LONG TENSE MOMENT AS ALL MOTION
MW_MAIN.EXE,0x01942D,103469,40,no,"FREEZES, HANGING ON THEIR DECISION.  THE"
MW_MAIN.EXE,0x019456,103510,43,no,WIDOW GIVES THE YOUNG WOMAN A SLIGHT NOD OF
MW_MAIN.EXE,0x019482,103554,41,no,RESPECT AND EASES OFF ON HER AIM. PUTTING
MW_MAIN.EXE,0x0194AC,103596,40,no,"THE PISTOL BACK IN ITS HOLSTER SHE SAYS,"
MW_MAIN.EXE,0x0194D5,103637,38,no,"""O.K.  HONEY, HE'S ALL YOURS, BUT KEEP"
MW_MAIN.EXE,0x0194FC,103676,33,no,"HIM OUT OF TROUBLE FROM NOW ON. """
MW_MAIN.EXE,0x019520,103712,43,no,THE WOMAN GRABS YOU BY THE COLLAR AND BACKS
MW_MAIN.EXE,0x01954C,103756,43,no,AWAY FROM THE GROUP KEEPING HER EYES ON THE
MW_MAIN.EXE,0x019578,103800,42,no,MERCENARIES. AT A TABLE ON THE FAR SIDE OF
MW_MAIN.EXE,0x0195A3,103843,39,no,THE ROOM SHE PUSHES YOU INTO A SEAT AND
MW_MAIN.EXE,0x0195CB,103883,38,no,TAKES THE ONE OPPOSITE. SHE INTRODUCES
MW_MAIN.EXE,0x0195F2,103922,38,no,HERSELF AS TASHA.  SEA GREEN EYES THAT
MW_MAIN.EXE,0x019619,103961,36,no,NEVER MISS A BEAT. WILD TANGLED HAIR
MW_MAIN.EXE,0x01963E,103998,37,no,SWEEPING UP AND OVER IN A SINGLE FALL
MW_MAIN.EXE,0x019664,104036,35,no,FRAMING THE RIGHT SIDE OF HER FACE.
MW_MAIN.EXE,0x019688,104072,38,no,DELICATE FEATURES. ALL OF IT CONTRASTS
MW_MAIN.EXE,0x0196AF,104111,42,no,SHARPLY WITH THE WILDCAT JUST UNLEASHED ON
MW_MAIN.EXE,0x0196DA,104154,41,no,"THE BLACK WIDOWS. ""GIDEON B. VANDENBURG."""
MW_MAIN.EXE,0x019704,104196,37,no,SHE SAYS AS THOUGH MAKING A DISCOVERY
MW_MAIN.EXE,0x01972A,104234,40,no,"SHE'S NOT SURE SHE'S PLEASED WITH. ""WHAT"
MW_MAIN.EXE,0x019753,104275,32,no,"THE HELL WERE YOU TRYING TO DO?"""
MW_MAIN.EXE,0x019774,104308,40,no,"EXPLANATIONS SEEM IN ORDER, BUT HALF WAY"
MW_MAIN.EXE,0x01979D,104349,42,no,"THROUGH SHE HOLDS UP A HAND. ""AND YOU FELL"
MW_MAIN.EXE,0x0197C8,104392,42,no,FOR THAT? CHRIST VANDENBURG! KEARNEY'S NOT
MW_MAIN.EXE,0x0197F3,104435,39,no,MIIO.  HE'S ISF! A WORD IN YOUR EAR AND
MW_MAIN.EXE,0x01981B,104475,41,no,OFF YOU GO TRYING TO TALK THE WIDOWS INTO
MW_MAIN.EXE,0x019845,104517,12,no,KILLING YOU.
MW_MAIN.EXE,0x019854,104532,40,no,"KEARNEY KILLS TWO BIRDS WITH ONE STONE."""
MW_MAIN.EXE,0x01987D,104573,39,no,"SHE SNORTS DERISIVELY. ""AND THAT'S WHAT"
MW_MAIN.EXE,0x0198A5,104613,42,no,YOU THINK THIS IS ALL ABOUT? SOME SINISTER
MW_MAIN.EXE,0x0198D0,104656,41,no,PLOT TO DISCREDIT YOU SO HOUSE KURITA CAN
MW_MAIN.EXE,0x0198FA,104698,36,no,"TAKE OVER ANDER'S MOON?"" EYES ON THE"
MW_MAIN.EXE,0x01991F,104735,40,no,"TABLE, SHE SHAKES HER HEAD IN DISBELIEF."
MW_MAIN.EXE,0x019948,104776,41,no,"""I HATE TO BREAK THIS TO YOU, BUT I DOUBT"
MW_MAIN.EXE,0x019972,104818,35,no,IF TAKASHI KURITA HAS EVEN HEARD OF
MW_MAIN.EXE,0x019996,104854,39,no,ANDER'S MOON. MATABUSHI INCORPORATED IS
MW_MAIN.EXE,0x0199BE,104894,39,no,"YOUR TARGET. I SHOULD KNOW, I'M MI6 AND"
MW_MAIN.EXE,0x0199E6,104934,33,no,"RIGHT NOW THEY'RE MY TARGET TOO."""
MW_MAIN.EXE,0x019A0C,104972,37,no,SMOKE DRIFTS THROUGH THE CROWDED ROOM
MW_MAIN.EXE,0x019A32,105010,41,no,"OBSCURING THE PATRONS, BUT THE LOUD GROUP"
MW_MAIN.EXE,0x019A5C,105052,43,no,NEAR THE CENTER ARE EASY TO SPOT. THE BLACK
MW_MAIN.EXE,0x019A88,105096,41,no,SPIDER ON A RED FIELD STANDS OUT ON THEIR
MW_MAIN.EXE,0x019AB2,105138,42,no,JACKETS AND THE WOMAN IN THE CENTER OF THE
MW_MAIN.EXE,0x019ADD,105181,42,no,"GROUP IS UNMISTAKABLE.  THICK, FLOWING RED"
MW_MAIN.EXE,0x019B08,105224,39,no,HAIR ACCENTS HER STUNNING BEAUTY AS SHE
MW_MAIN.EXE,0x019B30,105264,41,no,"LOUNGES, THE QUEEN IN HER COURT.  NESTLED"
MW_MAIN.EXE,0x019B5A,105306,42,no,IN THE PROVOCATIVE DEEP VEE OF HER FATIGUE
MW_MAIN.EXE,0x019B85,105349,39,no,HANGS A CRYSTAL SPIDER WITH A RUBY HOUR
MW_MAIN.EXE,0x019BAD,105389,42,no,GLASS ON ITS ABDOMEN. A DIRECT APPROACH IS
MW_MAIN.EXE,0x019BD8,105432,39,no,"THE ONLY WAY INTO THE GROUP. TOO QUICK,"
MW_MAIN.EXE,0x019C00,105472,42,no,ACCUSATIONS FLY. LOOKS OF SURPRISE TURN TO
MW_MAIN.EXE,0x019C2B,105515,40,no,ONES OF ANGER. A CHAIR FALLS OVER AS ITS
MW_MAIN.EXE,0x019C54,105556,41,no,"OCCUPANT, A GIANT GREY EYED MAN, SLAMS TO"
MW_MAIN.EXE,0x019C7E,105598,41,no,"HIS FEET. THE WOMAN'S GAZE IS COLD. ""LOOK"
MW_MAIN.EXE,0x019CA8,105640,40,no,"PUP."" SHE SAYS. ""I'M SORRY TO HEAR ABOUT"
MW_MAIN.EXE,0x019CD1,105681,37,no,YOUR FAMILY BUT YOU'RE BARKIN' UP THE
MW_MAIN.EXE,0x019CF7,105719,43,no,WRONG TREE. THE WIDOWS HAVE KICKED A LOT OF
MW_MAIN.EXE,0x019D23,105763,41,no,DAVION BUTT LATELY BUT WE'VE NEVER PULLED
MW_MAIN.EXE,0x019D4D,105805,39,no,"A JOB ON...ON...ANDER'S WHATEVER. HELL,"
MW_MAIN.EXE,0x019D75,105845,29,no,"I'VE NEVER EVEN HEARD OF IT."""
MW_MAIN.EXE,0x019D94,105876,18,no,  ACCEPT HER STORY
MW_MAIN.EXE,0x019DA7,105895,21,no,  CHALLENGE HER STORY
MW_MAIN.EXE,0x019DC0,105920,34,no,PERSONAL MESSAGE FROM: JORDAN ROWE
MW_MAIN.EXE,0x019DE3,105955,23,no,"VALENSIA, ANDER'S MOON "
MW_MAIN.EXE,0x019DFB,105979,31,no,"DRACONIS MARCH, FEDERATED SUNS "
MW_MAIN.EXE,0x019E1B,106011,8,no,GIDEON. 
MW_MAIN.EXE,0x019E24,106020,40,no,HOPE ALL WELL WITH YOU. IN REPLY TO YOUR
MW_MAIN.EXE,0x019E4D,106061,42,no,REQUEST: MIIO SOURCES INDICATE BLACK WIDOW
MW_MAIN.EXE,0x019E78,106104,21,no,COMPANY CURRENTLY ON 
MW_MAIN.EXE,0x019E8F,106127,15,no,               
MW_MAIN.EXE,0x019E9F,106143,39,no,JUST FINISHED LEAVE AN TING.  LENGTH OF
MW_MAIN.EXE,0x019EC7,106183,42,no,DUTY UNKNOWN AS RAIDING DAVION SPACE PRIME
MW_MAIN.EXE,0x019EF2,106226,43,no,OBJECTIVE. WHY THE INTEREST? - BEST WISHES.
MW_MAIN.EXE,0x019F24,106276,11,no,SUSQUEHANNA
MW_MAIN.EXE,0x019F30,106288,41,no,"RASALHAUGE MILITARY DST, DRACONIS COMBINE"
MW_MAIN.EXE,0x019F5A,106330,12,no,23 JUNE 3024
MW_MAIN.EXE,0x019F67,106343,32,no,PIRATE VALASEK PULLS DARING RAID
MW_MAIN.EXE,0x019F89,106377,43,no,"HELMAR VALESEK, SELF-PROCLAIMED BANDIT KING"
MW_MAIN.EXE,0x019FB5,106421,41,no,"OF SANTANDER V, EXECUTED A DARING RAID ON"
MW_MAIN.EXE,0x019FDF,106463,41,no,GRAIN STORES HERE TODAY. THOUGH THE SOUTH
MW_MAIN.EXE,0x01A009,106505,41,no,CENTRAL OAT AND RICE GRAINERY WAS HEAVILY
MW_MAIN.EXE,0x01A033,106547,42,no,"GUARDED BY KURITAN WARHAMMERS AND ATLASES,"
MW_MAIN.EXE,0x01A05E,106590,38,no,VALSEK TOOK ADVANTAGE OF A MAJOR STORM
MW_MAIN.EXE,0x01A085,106629,40,no,FRONT. THE LIGHTER PIRATE MECHS HARASSED
MW_MAIN.EXE,0x01A0AE,106670,41,no,THE HEAVIER MECHS UNTIL THE KURITAN FORCE
MW_MAIN.EXE,0x01A0D8,106712,41,no,BECAME STUCK IN MUD CREATED BY THE STORM.
MW_MAIN.EXE,0x01A102,106754,43,no,THE PIRATES THEN CONCENTRATED THEIR FIRE ON
MW_MAIN.EXE,0x01A12E,106798,40,no,THE LARGER MECHS KNEES THUS IMMOBILIZING
MW_MAIN.EXE,0x01A157,106839,35,no,THEM. TAI-SA YAMOTO HAS ANNOUNCED A
MW_MAIN.EXE,0x01A17B,106875,19,no,RETALIATORY STRIKE.
MW_MAIN.EXE,0x01A192,106898,8,no,THESTRIA
MW_MAIN.EXE,0x01A19B,106907,43,no,"GALEDON MILITARY DISTRICT, DRACONIS COMBINE"
MW_MAIN.EXE,0x01A1C7,106951,14,no,13 AUGUST 3024
MW_MAIN.EXE,0x01A1D6,106966,41,no,ISF BEEFS UP SECURITY ALONG DAVION BORDER
MW_MAIN.EXE,0x01A201,107009,38,no,IN RESPONSE TO RECENT DAVION RAIDS THE
MW_MAIN.EXE,0x01A228,107048,40,no,INTERNAL SECURITY FORCE FOR THE DRACONIS
MW_MAIN.EXE,0x01A251,107089,41,no,COMBINE HAS INCREASED ITS BORDER SECURITY
MW_MAIN.EXE,0x01A27B,107131,42,no,FORCES. ISF HEAD SUBHASH INDRAHAR SAID THE
MW_MAIN.EXE,0x01A2A6,107174,42,no,DAVION RESPONSE WAS EXPECTED DUE TO DAVION
MW_MAIN.EXE,0x01A2D1,107217,36,no,LOSSES INCURRED FROM RAIDS BY WOLF'S
MW_MAIN.EXE,0x01A2F6,107254,18,no,DRAGOONS (KURITA).
MW_MAIN.EXE,0x01A30C,107276,10,no,NEW AVALON
MW_MAIN.EXE,0x01A317,107287,28,no,"CRUCIS MARCH, FEDERATED SUNS"
MW_MAIN.EXE,0x01A334,107316,15,no,6 NOVEMBER 3027
MW_MAIN.EXE,0x01A344,107332,35,no,GALAHAD 3027 AND OPERATION THOR END
MW_MAIN.EXE,0x01A369,107369,38,no,THE AFFS AND LCAF ANNOUNCED TODAY IN A
MW_MAIN.EXE,0x01A390,107408,41,no,JOINT RELEASE THAT BOTH WARGAME EXERCISES
MW_MAIN.EXE,0x01A3BA,107450,41,no,WERE COMING TO AN END ON SCHEDULE. ARCHON
MW_MAIN.EXE,0x01A3E4,107492,43,no,KATRINA STEINER HAS CALLED OPERATION THOR A
MW_MAIN.EXE,0x01A410,107536,36,no,COMPLETE SUCCESS.  ONE HIGHLIGHT SHE
MW_MAIN.EXE,0x01A435,107573,42,no,MENTIONED WAS THE DEFEAT OF THE THIRD CETI
MW_MAIN.EXE,0x01A460,107616,40,no,HUSSARS (DAVION) BY THE 2ND ROYAL GUARDS
MW_MAIN.EXE,0x01A489,107657,42,no,MECH REGIMENT (STEINER) ON THE LYRAN WORLD
MW_MAIN.EXE,0x01A4B4,107700,41,no,OF THORIN. THE AFFS ALSO STATED THEY WERE
MW_MAIN.EXE,0x01A4DE,107742,25,no,PLEASED WITH THE RESULTS.
MW_MAIN.EXE,0x01A4FB,107771,10,no,NEW AVALON
MW_MAIN.EXE,0x01A506,107782,28,no,"CRUCIS MARCH, FEDERATED SUNS"
MW_MAIN.EXE,0x01A523,107811,14,no,10 AUGUST 3027
MW_MAIN.EXE,0x01A532,107826,24,no,GALAHAD 3027 IS LAUNCHED
MW_MAIN.EXE,0x01A54B,107851,29,no,LCAF ANNOUNCES THOR OPERATION
MW_MAIN.EXE,0x01A56A,107882,23,no,GALAHAD 3027 GOT OFF ON
MW_MAIN.EXE,0x01A582,107906,39,no,SCHEDULE TODAY THE AFFS ANNOUNCED. IN A
MW_MAIN.EXE,0x01A5AA,107946,36,no,SURPRISE MOVE THE LYRAN COMMONWEALTH
MW_MAIN.EXE,0x01A5CF,107983,43,no,"ANNOUNCED ITS OWN WARGAME EXERCISES, TITLED"
MW_MAIN.EXE,0x01A5FB,108027,36,no,"OPERATION THOR, TO BE HELD ALONG THE"
MW_MAIN.EXE,0x01A620,108064,40,no,DRACONIS AND FREE WORLDS LEAGUE BORDERS.
MW_MAIN.EXE,0x01A649,108105,40,no,THE LCAF SAID THAT 30 MECH REGIMENTS AND
MW_MAIN.EXE,0x01A672,108146,38,no,100 INFANTRY AND ARMORED REGIMENTS ARE
MW_MAIN.EXE,0x01A699,108185,9,no,INVOLVED.
MW_MAIN.EXE,0x01A6A6,108198,10,no,NEW AVALON
MW_MAIN.EXE,0x01A6B1,108209,28,no,"CRUCIS MARCH, FEDERATED SUNS"
MW_MAIN.EXE,0x01A6CE,108238,11,no,7 JULY 3027
MW_MAIN.EXE,0x01A6DA,108250,32,no,OPERATION GALAHAD TO BE REPEATED
MW_MAIN.EXE,0x01A6FC,108284,40,no,THE AFFS ANNOUNCED TODAY THAT LAST YEARS
MW_MAIN.EXE,0x01A725,108325,41,no,WARGAME EXERCICES WOULD BE REPEATED AGAIN
MW_MAIN.EXE,0x01A74F,108367,35,no,"THIS YEAR. DUBBED GALAHAD 3027, THE"
MW_MAIN.EXE,0x01A773,108403,39,no,OPERATION IS EXPECTED TO INVOLVE NEARLY
MW_MAIN.EXE,0x01A79B,108443,38,no,30 MECH REGIMENTS AND 200 INFANTRY AND
MW_MAIN.EXE,0x01A7C2,108482,38,no,ARMORED REGIMENTS. NEARLY ONE THIRD OF
MW_MAIN.EXE,0x01A7E9,108521,40,no,THE AFFS WILL BE INVOLVED IN WARGAMES ON
MW_MAIN.EXE,0x01A812,108562,39,no,MORE THAN 20 WORLDS IN THE CAPELLAN AND
MW_MAIN.EXE,0x01A83A,108602,17,no,DRACONIS MARCHES.
MW_MAIN.EXE,0x01A84F,108623,10,no,NEW AVALON
MW_MAIN.EXE,0x01A85A,108634,28,no,"CRUCIS MARCH, FEDERATED SUNS"
MW_MAIN.EXE,0x01A877,108663,16,no,21 NOVEMBER 3026
MW_MAIN.EXE,0x01A888,108680,22,no,OPERATION GALAHAD ENDS
MW_MAIN.EXE,0x01A89F,108703,39,no,THE AFFS ANNOUNCED TODAY THAT OPERATION
MW_MAIN.EXE,0x01A8C7,108743,43,no,GALAHAD WAS OFFICIALLY COMING TO AN END. AN
MW_MAIN.EXE,0x01A8F3,108787,42,no,AFFS SPOKESPERSON SAID THE OPERATION WHICH
MW_MAIN.EXE,0x01A91E,108830,43,no,INVOLVED 110 REGIMENTS IN BOTH THE CAPELLAN
MW_MAIN.EXE,0x01A94A,108874,39,no,AND DRACONIS MARCHES HAD PROVEN TO BE A
MW_MAIN.EXE,0x01A972,108914,38,no,SUCCESS. THE SPOKES PERSON DECLINED TO
MW_MAIN.EXE,0x01A999,108953,39,no,COMMENT ON WHETHER THERE WERE ANY OTHER
MW_MAIN.EXE,0x01A9C1,108993,35,no,SIMILAR OPERATIONS SCHEDULED IN THE
MW_MAIN.EXE,0x01A9E5,109029,7,no,FUTURE.
MW_MAIN.EXE,0x01A9F0,109040,10,no,NEW AVALON
MW_MAIN.EXE,0x01A9FB,109051,28,no,"CRUCIS MARCH, FEDERATED SUNS"
MW_MAIN.EXE,0x01AA18,109080,16,no,1 SEPTEMBER 3026
MW_MAIN.EXE,0x01AA29,109097,33,no,OPERATION GALAHAD OFF AND RUNNING
MW_MAIN.EXE,0x01AA4C,109132,41,no,THE AFFS ANNOUNCED TODAY THAT ITS WARGAME
MW_MAIN.EXE,0x01AA76,109174,39,no,EXERCISES HAD OFFICIALY BEGUN. TEN MECH
MW_MAIN.EXE,0x01AA9E,109214,38,no,REGIMENTS AND 100 INFANTRY AND ARMORED
MW_MAIN.EXE,0x01AAC5,109253,43,no,REGIMENTS ARE SAID TO BE PARTICIPATING. THE
MW_MAIN.EXE,0x01AAF1,109297,41,no,AFFS SAID THE PURPOSE OF THE EXERCISES IS
MW_MAIN.EXE,0x01AB1B,109339,39,no,TO INCREASE OUR VIGILANCE BY REHEARSING
MW_MAIN.EXE,0x01AB43,109379,43,no,DEFENSIVE TROOP MOVEMENTS SO THAT IF ONE OF
MW_MAIN.EXE,0x01AB6F,109423,42,no,"OUR ENEMIES DARES ATTACK US, WE CAN MAKE A"
MW_MAIN.EXE,0x01AB9A,109466,35,no,DEVASTATING RETALIATION.' THIS NEWS
MW_MAIN.EXE,0x01ABBE,109502,43,no,SERVICE HAS LEARNED THAT BOTH HOUSES KURITA
MW_MAIN.EXE,0x01ABEA,109546,37,no,AND LIAO HAVE PUT THEIR MILITARIES ON
MW_MAIN.EXE,0x01AC10,109584,6,no,ALERT.
MW_MAIN.EXE,0x01AC1A,109594,10,no,NEW AVALON
MW_MAIN.EXE,0x01AC25,109605,28,no,"CRUCIS MARCH, FEDERATED SUNS"
MW_MAIN.EXE,0x01AC42,109634,13,no,9 AUGUST 3026
MW_MAIN.EXE,0x01AC50,109648,31,no,AFFS ANNOUNCES MASSIVE WARGAMES
MW_MAIN.EXE,0x01AC71,109681,36,no,THE MILITARY ANNOUNCED TODAY THAT AN
MW_MAIN.EXE,0x01AC96,109718,37,no,UNDISCLOSED NUMBER OF TROOPS WOULD BE
MW_MAIN.EXE,0x01ACBC,109756,38,no,INVOLVED IN A SET OF WARGAME EXERCISES
MW_MAIN.EXE,0x01ACE3,109795,42,no,DUBBED OPERATION GALAHAD. THE OPERATION IS
MW_MAIN.EXE,0x01AD0E,109838,40,no,SET TO BEGIN NEXT MONTH AND WILL INVOLVE
MW_MAIN.EXE,0x01AD37,109879,35,no,LARGE NUMBERS OF TROOPS IN BOTH THE
MW_MAIN.EXE,0x01AD5B,109915,30,no,DRACONIS AND CAPELLAN MARCHES.
MW_MAIN.EXE,0x01AD7D,109949,9,no,NEW EARTH
MW_MAIN.EXE,0x01AD87,109959,32,no,"ISLE OF SKYE, LYRAN COMMONWEALTH"
MW_MAIN.EXE,0x01ADA8,109992,9,no,JUNE 3024
MW_MAIN.EXE,0x01ADB2,110002,31,no,ALLIANCE GAMES WILL TEST TROOPS
MW_MAIN.EXE,0x01ADD3,110035,32,no,THREE BATTALIONS OF COMMONWEALTH
MW_MAIN.EXE,0x01ADF4,110068,40,no,"TROOPS, ONE EACH OF INFANTRY, ARMOR, AND"
MW_MAIN.EXE,0x01AE1D,110109,38,no,MECHS FROM THE TENTH LYRAN GUARDS WILL
MW_MAIN.EXE,0x01AE44,110148,43,no,SQUARE OFF AGAINST THREE SIMILAR BATTALIONS
MW_MAIN.EXE,0x01AE70,110192,39,no,OF FEDERATED SUNS FORCES IN A SERIES OF
MW_MAIN.EXE,0x01AE98,110232,41,no,MANEUVERS HERE BEGINNING LATE THIS MONTH.
MW_MAIN.EXE,0x01AEC2,110274,41,no,"THE MANEUVERS, CALLED THE ALLIANCE GAMES,"
MW_MAIN.EXE,0x01AEEC,110316,37,no,ARE DESIGNED TO COMPARE THE DIFFERENT
MW_MAIN.EXE,0x01AF12,110354,40,no,FIGHTING STYLES OF THE TWO ARMED FORCES.
MW_MAIN.EXE,0x01AF3B,110395,42,no,THE AMOUNT OF SIDE WAGERS GENERATED BY THE
MW_MAIN.EXE,0x01AF66,110438,43,no,GAMES IS ESTIMATED TO BE SOMEWHERE NEAR THE
MW_MAIN.EXE,0x01AF92,110482,36,no,LEVEL OF THE AVERAGE GROSS PLANETARY
MW_MAIN.EXE,0x01AFB7,110519,26,no,PRODUCT OF A SMALL PLANET.
MW_MAIN.EXE,0x01AFD5,110549,36,no,MINISTRY OF PEACEFUL ORDER AND HONOR
MW_MAIN.EXE,0x01AFFA,110586,25,no,"LUTHIEN, DRACONIS COMBINE"
MW_MAIN.EXE,0x01B014,110612,29,no,"WANTED - 50,000 C-BILL REWARD"
MW_MAIN.EXE,0x01B033,110643,42,no,"BE IT KNOWN THAT A PRICE OF 50,000 C-BILLS"
MW_MAIN.EXE,0x01B05E,110686,42,no,HAS BEEN LEVIED AGAINST THE CON ARTIST AND
MW_MAIN.EXE,0x01B089,110729,36,no,KNOWN CRIMINAL WAYLAND SMITH FOR HIS
MW_MAIN.EXE,0x01B0AE,110766,41,no,INVOLVMENT IN THE STYX MINING CORPORATION
MW_MAIN.EXE,0x01B0D8,110808,36,no,FRAUD. INTERESTED PARTIES CAN OBTAIN
MW_MAIN.EXE,0x01B0FD,110845,36,no,INFORMATION REGARDING THE LAST KNOWN
MW_MAIN.EXE,0x01B122,110882,36,no,WHERE-ABOUTS OF THIS CRIMINAL AT THE
MW_MAIN.EXE,0x01B147,110919,41,no,OFFICES OF THE LUTHIEN BUREAU OF OFFICIAL
MW_MAIN.EXE,0x01B171,110961,43,no,INFORMATION. PAYMENT OF SAID REWARD WILL BE
MW_MAIN.EXE,0x01B19D,111005,39,no,TENDERED IMMEDIATELY UPON PROOF OF THIS
MW_MAIN.EXE,0x01B1C5,111045,35,no,INDIVIUAL'S CAPTURE AT ANY DRACONIS
MW_MAIN.EXE,0x01B1E9,111081,31,no,COMBINE CIVILIAN GUIDANCE CORPS
MW_MAIN.EXE,0x01B209,111113,7,no,CENTER.
MW_MAIN.EXE,0x01B214,111124,14,no,"HELMDOWN, HELM"
MW_MAIN.EXE,0x01B223,111139,18,no,FREE WORLDS LEAGUE
MW_MAIN.EXE,0x01B236,111158,11,no,21 MAY 3027
MW_MAIN.EXE,0x01B242,111170,39,no,GRAY DEATH CLEARED OF SIRIUS V MASSACRE
MW_MAIN.EXE,0x01B26B,111211,41,no,IN AN UNPRECEDENTED MOVE COMSTAR ADMITTED
MW_MAIN.EXE,0x01B295,111253,39,no,TODAY THAT THE DESTRUCTION OF FIVE CITY
MW_MAIN.EXE,0x01B2BD,111293,40,no,DOMES AND THE DEATH OF NEARLY 12 MILLION
MW_MAIN.EXE,0x01B2E6,111334,35,no,PEOPLE WAS THE RESULT OF A RENEGADE
MW_MAIN.EXE,0x01B30A,111370,41,no,PRECENTOR'S MEGLOMANIA AND THE CORRUPTION
MW_MAIN.EXE,0x01B334,111412,34,no,A SMALL CIRCLE OF MARIK NOBLES AND
MW_MAIN.EXE,0x01B357,111447,38,no,OFFICERS. NAMED IN THE INDICTMENT WERE
MW_MAIN.EXE,0x01B37E,111486,43,no,"PRECENTOR RACHAN, GENERAL KLEIDER, AND LORD"
MW_MAIN.EXE,0x01B3AA,111530,24,no,GARTH THE DUKE OF IRIAN.
MW_MAIN.EXE,0x01B3C6,111558,17,no,"TIANTAN, SIRIUS V"
MW_MAIN.EXE,0x01B3D8,111576,43,no,"TIKONOV COMMONALITY, CAPELLAN CONFEDERATION"
MW_MAIN.EXE,0x01B404,111620,13,no,10 MARCH 3027
MW_MAIN.EXE,0x01B412,111634,36,no,OUTLAW MERCENARIES MASSACRE MILLIONS
MW_MAIN.EXE,0x01B438,111672,41,no,NEARLY 12 MILLION HELPLESS CIVILIANS WERE
MW_MAIN.EXE,0x01B462,111714,39,no,KILLED IN A BRUTAL ACT OF WAR SURVIVORS
MW_MAIN.EXE,0x01B48A,111754,39,no,CLAIM WAS COMMITTED BY A MERCENARY UNIT
MW_MAIN.EXE,0x01B4B2,111794,40,no,KNOWN AS THE GRAY DEATH LEGION. THE GRAY
MW_MAIN.EXE,0x01B4DB,111835,43,no,DEATH WERE UNDER CONTRACT TO THE MARIK FREE
MW_MAIN.EXE,0x01B507,111879,41,no,WORLDS LEAGUE FOR A PROLONGED TOUR ON THE
MW_MAIN.EXE,0x01B531,111921,39,no,CAPELLAN BORDER. ACTING UNDER DIRECTION
MW_MAIN.EXE,0x01B559,111961,36,no,"FROM LORD GARTH, DUKE OF IRIAN, LORD"
MW_MAIN.EXE,0x01B57E,111998,42,no,COMMANDER OF THE MARIK FIFTH EXPEDITIONARY
MW_MAIN.EXE,0x01B5A9,112041,41,no,FORCE THE UNIT HAD RECENTLY CONQUERED THE
MW_MAIN.EXE,0x01B5D3,112083,41,no,PLANET OF SIRIUS V. THE DUKE HAS DIVESTED
MW_MAIN.EXE,0x01B5FD,112125,43,no,HIMSELF OF ANY RESONSIBILITY FOR THE ACTION
MW_MAIN.EXE,0x01B629,112169,41,no,BY THE OUTLAW BAND AND HAS SWORN TO BRING
MW_MAIN.EXE,0x01B653,112211,16,no,THEM TO JUSTICE.
MW_MAIN.EXE,0x01B667,112231,15,no,"CERANT, AN TING"
MW_MAIN.EXE,0x01B677,112247,43,no,"GALEDON MILITARY DISTRICT, DRACONIS COMBINE"
MW_MAIN.EXE,0x01B6A3,112291,16,no,"JANUARY 14, 3028"
MW_MAIN.EXE,0x01B6B4,112308,36,no,WOLF'S DRAGOONS DEFEAT KURITA RYUKEN
MW_MAIN.EXE,0x01B6D9,112345,35,no,HEAVY FIGHTING BETWEEN KURITA HOUSE
MW_MAIN.EXE,0x01B6FD,112381,36,no,TROOPS AND THE MERECNARY UNIT WOLF'S
MW_MAIN.EXE,0x01B722,112418,39,no,DRAGOONS HAS LEFT THE CITY OF CERANT IN
MW_MAIN.EXE,0x01B74A,112458,39,no,RUIN. REPORTS INDICATE AN TING IS UNDER
MW_MAIN.EXE,0x01B772,112498,41,no,DRAGOON CONTROL.  TREACHERY AND BREACH OF
MW_MAIN.EXE,0x01B79C,112540,42,no,CONTRACT ON THE PART OF KURITA ARE CLAIMED
MW_MAIN.EXE,0x01B7C7,112583,37,no,BY THE DRAGOON'S. OFFICIALS FOR HOUSE
MW_MAIN.EXE,0x01B7ED,112621,37,no,KURITA ARE MAKING SIMILAR ACCUSATIONS
MW_MAIN.EXE,0x01B813,112659,41,no,AGAINST THE MERCENARY GROUP. IN A MESSAGE
MW_MAIN.EXE,0x01B83D,112701,36,no,"DIRECTED AT THE KURITA HIGH COMMAND,"
MW_MAIN.EXE,0x01B862,112738,42,no,DRAGOON LEADER JAIME WOLF HAS CALLED FOR A
MW_MAIN.EXE,0x01B88D,112781,38,no,CHALLENGE OF HONOR ON THE ICE WORLD OF
MW_MAIN.EXE,0x01B8B4,112820,41,no,MISERY.  WHO THE INFAMOUS WOLF'S DRAGOONS
MW_MAIN.EXE,0x01B8DE,112862,43,no,WILL WORK FOR NOW HAS NOT BEEN ANNOUNCED AT
MW_MAIN.EXE,0x01B90A,112906,42,no,"THIS TIME, BUT SOURCES INDICATE THAT HANSE"
MW_MAIN.EXE,0x01B935,112949,40,no,DAVION HAS EXTENDED AN INVITATION TO THE
MW_MAIN.EXE,0x01B95E,112990,15,no,MERCENARY UNIT.
MW_MAIN.EXE,0x01B971,113009,15,no,"CERANT, AN TING"
MW_MAIN.EXE,0x01B981,113025,43,no,"GALEDON MILITARY DISTRICT, DRACONIS COMBINE"
MW_MAIN.EXE,0x01B9AD,113069,14,no,2 JANUARY 3028
MW_MAIN.EXE,0x01B9BC,113084,33,no,RIOTING SHAKES CAPITAL OF AN TING
MW_MAIN.EXE,0x01B9DF,113119,42,no,WIDESPREAD RIOTING BROKE OUT TODAY IN MANY
MW_MAIN.EXE,0x01BA0A,113162,41,no,PARTS OF THE CITY. THE CRISIS IS REPORTED
MW_MAIN.EXE,0x01BA34,113204,34,no,TO BE DUE TO TENSION BETWEEN LOCAL
MW_MAIN.EXE,0x01BA57,113239,42,no,RESIDENTS AND MERCENARY TROOPS EMPLOYED BY
MW_MAIN.EXE,0x01BA82,113282,43,no,THE COMBINE.  RELATIONS CAME TO A HEAD WITH
MW_MAIN.EXE,0x01BAAE,113326,42,no,THE DEATH OF THREE CIVILIANS LAST NIGHT IN
MW_MAIN.EXE,0x01BAD9,113369,38,no,A LOCAL BRAWL INVOLVING MEMBERS OF THE
MW_MAIN.EXE,0x01BB00,113408,37,no,MERCENARY UNIT WOLF'S DRAGOONS.  IN A
MW_MAIN.EXE,0x01BB26,113446,35,no,"RELATED STORY, AN INDEPENDENT GROUP"
MW_MAIN.EXE,0x01BB4A,113482,35,no,CLAIMING TO BE KURITA PATRIOTS HAVE
MW_MAIN.EXE,0x01BB6E,113518,43,no,"CAPTURED THE HEPHAESTUS, THE FAMOUS ORBITAL"
MW_MAIN.EXE,0x01BB9A,113562,41,no,STATION BELONGING TO WOLF'S DRAGOONS. THE
MW_MAIN.EXE,0x01BBC4,113604,33,no,HIJACKER'S ARE DEMANDING THAT ALL
MW_MAIN.EXE,0x01BBE6,113638,36,no,DRAGOON'S LAY DOWN THEIR WEAPONS AND
MW_MAIN.EXE,0x01BC0B,113675,32,no,SURRENDER THEMSELVES TO JUSTICE.
MW_MAIN.EXE,0x01BC2F,113711,15,no,"CERANT, AN TING"
MW_MAIN.EXE,0x01BC3F,113727,43,no,"GALEDON MILITARY DISTRICT, DRACONIS COMBINE"
MW_MAIN.EXE,0x01BC6B,113771,14,no,3 JANUARY 3028
MW_MAIN.EXE,0x01BC7A,113786,26,no,COMSTAR FACILITY ATTACKED!
MW_MAIN.EXE,0x01BC95,113813,21,no,HEPHAESTUS DESTROYED!
MW_MAIN.EXE,0x01BCAB,113835,43,no,IN AN UNPRECEDENTED MOVE COMMANDOS BELIEVED
MW_MAIN.EXE,0x01BCD7,113879,39,no,TO BE PART OF THE MERCENARY UNIT WOLF'S
MW_MAIN.EXE,0x01BCFF,113919,41,no,DRAGOONS ATTACKED THE COMSTAR COMPOUND ON
MW_MAIN.EXE,0x01BD29,113961,40,no,AN TING.  SEVERAL ACOLYTES AND THE LOCAL
MW_MAIN.EXE,0x01BD52,114002,43,no,PRECENTOR WERE KILLED. THE PURPOSE OF THEIR
MW_MAIN.EXE,0x01BD7E,114046,23,no,RAID IS AS YET UNKNOWN.
MW_MAIN.EXE,0x01BD96,114070,39,no,HIJACKERS HOLDING THE DRAGOON'S ORBITAL
MW_MAIN.EXE,0x01BDBE,114110,43,no,FACILITY CLAIMED THE ATTACK KILLED HUNDREDS
MW_MAIN.EXE,0x01BDEA,114154,34,no,OF INNOCENTS.  THIS REPORT WAS NOT
MW_MAIN.EXE,0x01BE0D,114189,43,no,CONFIRMED. THE HIJACKERS WENT ON TO SAY THE
MW_MAIN.EXE,0x01BE39,114233,36,no,MOVE PROVED THE OUTLAW NATURE OF THE
MW_MAIN.EXE,0x01BE5E,114270,39,no,DRAGOON'S. WITH CRIES OF 'HEED THE CALL
MW_MAIN.EXE,0x01BE86,114310,34,no,"TO JUSTICE', AND 'GLORY TO WARLORD"
MW_MAIN.EXE,0x01BEA9,114345,34,no,SAMSONOV' THE UNKNOWN BAND SET OFF
MW_MAIN.EXE,0x01BECC,114380,30,no,EXPLOSIVES KILLING ALL ABOARD.
MW_MAIN.EXE,0x01BEEE,114414,16,no,"REGIS, VERTHANDI"
MW_MAIN.EXE,0x01BEFF,114431,30,no,"TAMAR PACT, LYRAN COMMONWEALTH"
MW_MAIN.EXE,0x01BF1E,114462,15,no,1 NOVEMBER 3024
MW_MAIN.EXE,0x01BF2E,114478,24,no,VERTAHNDI REVOLT SPREADS
MW_MAIN.EXE,0x01BF48,114504,37,no,LOCAL FREEDOM FIGHTERS CONTINUE THEIR
MW_MAIN.EXE,0x01BF6E,114542,41,no,RESISTANCE HERE AGAINST THE KURITA TROOPS
MW_MAIN.EXE,0x01BF98,114584,38,no,COMMANDED BY GOVENOR GENERAL MASAYOSHI
MW_MAIN.EXE,0x01BFBF,114623,37,no,NAGUMO.  USING SOPHISTICATED GUERILLA
MW_MAIN.EXE,0x01BFE5,114661,40,no,TACTICS TO HARASS THE KURITA TROOPS FROM
MW_MAIN.EXE,0x01C00E,114702,36,no,"THE JUNGLES, THE FIGHTERS ARE MAKING"
MW_MAIN.EXE,0x01C033,114739,41,no,SIGNIFICANT ADVANCES AGAINST THEIR ENEMY.
MW_MAIN.EXE,0x01C05D,114781,43,no,IT IS RUMORED THE TROOPS ARE SUPPORTED BY A
MW_MAIN.EXE,0x01C089,114825,39,no,MERCENARY UNIT KNOWN AS THE GRAY DEATH.
MW_MAIN.EXE,0x01C0B4,114868,12,no,ANDER'S MOON
MW_MAIN.EXE,0x01C0C1,114881,30,no,"DRACONIS MARCH, FEDERATED SUNS"
MW_MAIN.EXE,0x01C0E0,114912,24,no,HEIR APPARENT ON THE RUN
MW_MAIN.EXE,0x01C0FA,114938,41,no,WITH FUNERAL SERVICES FOR DUKE VANDENBURG
MW_MAIN.EXE,0x01C124,114980,39,no,"BARELY OVER, AN ARREST WARRANT HAS BEEN"
MW_MAIN.EXE,0x01C14C,115020,41,no,"ISSUED FOR HIS SON, GIDEON B. VANDENBURG."
MW_MAIN.EXE,0x01C176,115062,40,no,CHARGES OF CONSPIRACY AND CRIMES AGAINST
MW_MAIN.EXE,0x01C19F,115103,39,no,THE STATE HAVE BEEN BROUGHT AGAINST THE
MW_MAIN.EXE,0x01C1C7,115143,38,no,YOUNG VANDENBURG BY CLAN LEADER JARRIS
MW_MAIN.EXE,0x01C1EE,115182,42,no,MCBRIN. VANDENBURG HAS NOT BEEN SEEN SINCE
MW_MAIN.EXE,0x01C219,115225,38,no,THE SENIOR COUNCIL VOTED LAST MONTH TO
MW_MAIN.EXE,0x01C240,115264,37,no,POSTPONE CHOOSING A NEW DUKE FOR FIVE
MW_MAIN.EXE,0x01C266,115302,39,no,"YEARS.  ""IF HE WAS NOT GUILTY, HE WOULD"
MW_MAIN.EXE,0x01C28E,115342,39,no,"NOT HAVE RUN."" JARRIS SAID.  JARRIS HAS"
MW_MAIN.EXE,0x01C2B6,115382,36,no,RECENTLY BEEN ELECTED TO AN ADVISORY
MW_MAIN.EXE,0x01C2DB,115419,36,no,POSITION  WITHIN THE SENIOR COUNCIL.
MW_MAIN.EXE,0x01C303,115459,34,no,PERSONAL MESSAGE FROM: JORDAN ROWE
MW_MAIN.EXE,0x01C326,115494,22,no,"VALENSIA, ANDER'S MOON"
MW_MAIN.EXE,0x01C33D,115517,30,no,"DRACONIS MARCH, FEDERATED SUNS"
MW_MAIN.EXE,0x01C35C,115548,41,no,GOOD WILL AND LOVE FROM ALL OF US ON YOUR
MW_MAIN.EXE,0x01C386,115590,38,no,BIRTHDAY.  WE WISH YOU SUCCESS ON YOUR
MW_MAIN.EXE,0x01C3AD,115629,40,no,MISSION.  JM IS WORKING HARD TO SOLIDIFY
MW_MAIN.EXE,0x01C3D6,115670,38,no,HIS POWERBASE BUT THERE ARE STILL MANY
MW_MAIN.EXE,0x01C3FD,115709,23,no,LOYAL TO V.  GOOD LUCK.
MW_MAIN.EXE,0x01C418,115736,11,no,GREAT GORGE
MW_MAIN.EXE,0x01C424,115748,28,no,"CRUCIS MARCH, FEDERATED SUNS"
MW_MAIN.EXE,0x01C441,115777,24,no,BANDITS ATTACK PERIPHERY
MW_MAIN.EXE,0x01C45B,115803,37,no,"IN A DARING ATTACK, A BAND OF PIRATES"
MW_MAIN.EXE,0x01C481,115841,38,no,DESCENDED ON THE MINING WORLD OF GREAT
MW_MAIN.EXE,0x01C4A8,115880,42,no,GORGE AND OCCUPIED ONE OF THE MAJOR MINING
MW_MAIN.EXE,0x01C4D3,115923,36,no,COMPLEXES.  WHILE LOCAL MILITIA WERE
MW_MAIN.EXE,0x01C4F8,115960,35,no,DEALING WITH THIS DANGEROUS HOSTAGE
MW_MAIN.EXE,0x01C51C,115996,36,no,"SITUATION, A SECOND GROUP OF PIRATES"
MW_MAIN.EXE,0x01C541,116033,42,no,ATTACKED THE ARMORY.  MUCH OF THE WEAPONRY
MW_MAIN.EXE,0x01C56C,116076,39,no,AND AMMUNITION STORED THERE WAS STOLEN.
MW_MAIN.EXE,0x01C594,116116,38,no,IN THE RESULTING CONFUSION MOST OF THE
MW_MAIN.EXE,0x01C5BB,116155,31,no,RAIDING PARTY ESCAPED. POSITIVE
MW_MAIN.EXE,0x01C5DB,116187,43,no,IDENTIFICATION OF THE BANDITS WAS NOT MADE.
MW_MAIN.EXE,0x01C60A,116234,36,no,MINISTRY OF PEACEFUL ORDER AND HONOR
MW_MAIN.EXE,0x01C62F,116271,27,no,"GALEDON V, DRACONIS COMBINE"
MW_MAIN.EXE,0x01C64B,116299,30,no,"WANTED - 200,000 C-BILL REWARD"
MW_MAIN.EXE,0x01C66B,116331,43,no,"BE IT KNOWN THAT A PRICE OF 200,000 C-BILLS"
MW_MAIN.EXE,0x01C697,116375,42,no,HAS BEEN LEVIED AGAINST THE PERSON OF GRIG
MW_MAIN.EXE,0x01C6C2,116418,40,no,"GRIEZ FOR HIS NUMEROUS CRIMES OF MURDER,"
MW_MAIN.EXE,0x01C6EB,116459,41,no,"RAPINE, DESTRUCTION OF PERSONAL PROPERTY,"
MW_MAIN.EXE,0x01C715,116501,39,no,"ARSON, GRAND THEFT, ASSAULT OF DRACONIS"
MW_MAIN.EXE,0x01C73D,116541,37,no,"GOVERNMENT OFFICIALS, COUNTERFEITING,"
MW_MAIN.EXE,0x01C763,116579,41,no,"FORGERY, PIRACY, AND OTHER CRIMES AGAINST"
MW_MAIN.EXE,0x01C78D,116621,34,no,THE STATE TOO NUMEROUS TO MENTION.
MW_MAIN.EXE,0x01C7B0,116656,41,no,INTERESTED PARTIES CAN OBTAIN INFORMATION
MW_MAIN.EXE,0x01C7DA,116698,40,no,REGARDING THE LAST KNOWN WHERE-ABOUTS OF
MW_MAIN.EXE,0x01C803,116739,43,no,THIS MOST HEINOUS VILLIAN AT THE OFFICES OF
MW_MAIN.EXE,0x01C82F,116783,32,no,THE GALEDON V BUREAU OF OFFICIAL
MW_MAIN.EXE,0x01C850,116816,43,no,INFORMATION. PAYMENT OF SAID REWARD WILL BE
MW_MAIN.EXE,0x01C87C,116860,39,no,TENDERED IMMEDIATELY UPON PROOF OF THIS
MW_MAIN.EXE,0x01C8A4,116900,41,no,INDIVIUAL'S CAPTURE AND/OR ELIMINATION AT
MW_MAIN.EXE,0x01C8CE,116942,38,no,ANY DRACONIS COMBINE CIVILIAN GUIDANCE
MW_MAIN.EXE,0x01C8F5,116981,13,no,CORPS CENTER.
MW_MAIN.EXE,0x01C906,116998,34,no,PERSONAL MESSAGE FROM: JORDAN ROWE
MW_MAIN.EXE,0x01C929,117033,22,no,"VALENSIA, ANDER'S MOON"
MW_MAIN.EXE,0x01C940,117056,30,no,"DRACONIS MARCH, FEDERATED SUNS"
MW_MAIN.EXE,0x01C95F,117087,42,no,GOOD WILL FROM ALL OF US ON YOUR BIRTHDAY.
MW_MAIN.EXE,0x01C98A,117130,39,no,THERE IS STILL A CANDLE BURNING FOR YOU
MW_MAIN.EXE,0x01C9B2,117170,19,no,HERE. BEST OF LUCK.
MW_MAIN.EXE,0x01C9C9,117193,33,no,HE WATCHES FOR AN ANSWER FEIGNING
MW_MAIN.EXE,0x01C9EB,117227,42,no,INDIFFERENCE AND PUSHES THE RUINED BODY OF
MW_MAIN.EXE,0x01CA16,117270,36,no,HIS FORMER GUARD OFF THE HOOD OF THE
MW_MAIN.EXE,0x01CA3B,117307,40,no,"HOVERCRAFT. ""SEEMS ILL NEED TO FIND SOME"
MW_MAIN.EXE,0x01CA64,117348,38,no,"NEW TALENT."" HE SAYS AND THEN HIS HAND"
MW_MAIN.EXE,0x01CA8B,117387,39,no,FLIES UP. A BLOOD SOAKED MACHINE PISTOL
MW_MAIN.EXE,0x01CAB3,117427,40,no,GLEAMS IN THE NIGHT. THE CARBINE IN YOUR
MW_MAIN.EXE,0x01CADC,117468,44,no,ARMS COUGHS TWICE AND GRIG SLAMS AGAINST THE
MW_MAIN.EXE,0x01CB09,117513,40,no,VEHICLE AS THE EXPLOSIVE SHELLS RIP INTO
MW_MAIN.EXE,0x01CB32,117554,4,no,HIM.
MW_MAIN.EXE,0x01CB39,117561,38,no,YOU MAKE QUITE A SCENE AT THE CIVILIAN
MW_MAIN.EXE,0x01CB60,117600,42,no,GUIDANCE CORP CENTER AS YOU PULL UP IN THE
MW_MAIN.EXE,0x01CB8B,117643,42,no,SLEEK BLACK HOVERCRAFT. THE OFFICIAL THERE
MW_MAIN.EXE,0x01CBB6,117686,42,no,IS LESS THAN THRILLED TO SEE THE CORPSE OF
MW_MAIN.EXE,0x01CBE1,117729,42,no,"HIS FORMER EMPLOYER IN THE BACK, BUT THERE"
MW_MAIN.EXE,0x01CC0C,117772,44,no,IS LITTLE HE CAN DO AS A CROWD HAS GATHERED.
MW_MAIN.EXE,0x01CC39,117817,37,no,AT ITS FRINGES AN OLD MAN WATCHES. HE
MW_MAIN.EXE,0x01CC5F,117855,42,no,"CATCHES YOUR EYE AND NODS, A SMILE PULLING"
MW_MAIN.EXE,0x01CC8A,117898,44,no,AT THE CORNER OF HIS MOUTH. THE VOICE OF THE
MW_MAIN.EXE,0x01CCB7,117943,43,no,"CGC OFFICIAL CUTS IN. ""ILL HAVE YOUR BOUNTY"
MW_MAIN.EXE,0x01CCE3,117987,42,no,"FOR YOU VERY SOON, AND THEN IF I WERE YOU,"
MW_MAIN.EXE,0x01CD0E,118030,40,no,I'D GET THE HELL OFF THIS PLANET AS FAST
MW_MAIN.EXE,0x01CD37,118071,12,no,"AS I COULD."""
MW_MAIN.EXE,0x01CD47,118087,41,no,"GRIG SMILES A WICKED GRIN. ""I THOUGHT YOU"
MW_MAIN.EXE,0x01CD71,118129,43,no,"MIGHT SEE IT MY WAY."" HE RELAXES AND PUSHES"
MW_MAIN.EXE,0x01CD9D,118173,43,no,THE RUINED BODY OF HIS FORMER GUARD OFF THE
MW_MAIN.EXE,0x01CDC9,118217,43,no,"HOOD OF THE HOVERCRAFT. ""GUESS I'LL NEED TO"
MW_MAIN.EXE,0x01CDF5,118261,43,no,"FIND SOME NEW TALENT."" HE SAYS AND THEN HIS"
MW_MAIN.EXE,0x01CE21,118305,38,no,HAND FLIES UP.  A BLOOD SOAKED MACHINE
MW_MAIN.EXE,0x01CE48,118344,44,no,PISTOL GLEAMS IN THE NIGHT.  THE UGLY LITTLE
MW_MAIN.EXE,0x01CE75,118389,37,no,GUN BARKS AND GRIG LAUGHS. YOUR CHEST
MW_MAIN.EXE,0x01CE9B,118427,40,no,"EXPLODES IN A BLUR OF RED. OVERHEAD, THE"
MW_MAIN.EXE,0x01CEC4,118468,15,no,STARS GROW DIM.
MW_MAIN.EXE,0x01CED7,118487,37,no,SUDDEN DEATH IS A GRIM REALITY IN THE
MW_MAIN.EXE,0x01CEFD,118525,37,no,SUCCESSOR STATES OF THE 31ST CENTURY.
MW_MAIN.EXE,0x01CF24,118564,12,no,  PLAY AGAIN
MW_MAIN.EXE,0x01CF31,118577,6,no,  QUIT
MW_MAIN.EXE,0x01CF3B,118587,42,no,"AS THE MULE DISAPPEARS INTO THE NIGHT SKY,"
MW_MAIN.EXE,0x01CF66,118630,42,no,GRIG AND HIS MEN RETURN TO THE HOVERCRAFT.
MW_MAIN.EXE,0x01CF91,118673,38,no,IT GLIDES OFF INTO THE NIGHT WITHOUT A
MW_MAIN.EXE,0x01CFB8,118712,6,no,SOUND.
MW_MAIN.EXE,0x01CFC3,118723,41,no,A GYROSLUG CARBINE CARRIES 20 ROUNDS IN A
MW_MAIN.EXE,0x01CFED,118765,39,no,CLIP.  IT TAKES ONLY 4 TO SPLATTER BOTH
MW_MAIN.EXE,0x01D015,118805,37,no,GUARDS AGAINST THE HOVERCRAFT. GRIG'S
MW_MAIN.EXE,0x01D03B,118843,38,no,BLOODSTAINED FACE TURNS UP AS YOU DROP
MW_MAIN.EXE,0x01D062,118882,43,no,EASILY INTO THE SHADOW OF THE BLAST SCREEN.
MW_MAIN.EXE,0x01D08E,118926,42,no,"""YOU!"" HE RECOVERS QUICKLY, EYES SEARCHING"
MW_MAIN.EXE,0x01D0B9,118969,37,no,"RESTLESSLY FOR AN OUT. ""WELL, WELL, I"
MW_MAIN.EXE,0x01D0DF,119007,44,no,SUPPOSE YOU HAVE IDEAS ABOUT THE PRICE ON MY
MW_MAIN.EXE,0x01D10C,119052,44,no,"HEAD, OR PERHAPS YOU'RE A LITTLE UPSET ABOUT"
MW_MAIN.EXE,0x01D139,119097,42,no,MY AGENTS ACTIONS ON DUSTBALL. HE ACTED ON
MW_MAIN.EXE,0x01D164,119140,42,no,HIS OWN!  I NEVER TOLD HIM TO KILL YOU. AS
MW_MAIN.EXE,0x01D18F,119183,41,no,"TO THE REWARD, I'LL DOUBLE IT!...BESIDES,"
MW_MAIN.EXE,0x01D1B9,119225,39,no,YOU DON'T THINK YOU CAN GET OUT OF HERE
MW_MAIN.EXE,0x01D1E1,119265,42,no,"ALIVE, DO YOU?"" HE NODS TOWARD THE DISTANT"
MW_MAIN.EXE,0x01D20C,119308,10,no,BUILDINGS.
MW_MAIN.EXE,0x01D218,119320,18,no,  ACCEPT HIS OFFER
MW_MAIN.EXE,0x01D22B,119339,18,no,  PULL THE TRIGGER
MW_MAIN.EXE,0x01D242,119362,42,no,THE LOADING FINISHES AND THE TRUCKS RETURN
MW_MAIN.EXE,0x01D26D,119405,39,no,TO THE FAR SIDE OF THE FIELD. THE BLACK
MW_MAIN.EXE,0x01D295,119445,44,no,HOVERCRAFT GLIDES SOUNDLESSLY TO REST BEHIND
MW_MAIN.EXE,0x01D2C2,119490,41,no,A BLAST SCREEN DIRECTLY BELOW YOU. SO THE
MW_MAIN.EXE,0x01D2EC,119532,44,no,OLD MAN WAS RIGHT.  GRIG AND HIS GUARDS STEP
MW_MAIN.EXE,0x01D319,119577,43,no,OUT OF THE CRAFT AS THE ENGINES OF THE MULE
MW_MAIN.EXE,0x01D345,119621,14,no,BEGIN TO HOWL.
MW_MAIN.EXE,0x01D355,119637,12,no,  STRIKE NOW
MW_MAIN.EXE,0x01D362,119650,6,no,  WAIT
MW_MAIN.EXE,0x01D36C,119660,42,no,"ANOTHER TIME PERHAPS. THERE ARE, AFTERALL,"
MW_MAIN.EXE,0x01D397,119703,19,no,BIGGER FISH TO FRY.
MW_MAIN.EXE,0x01D3AE,119726,44,no,THE DARK COMES ALIVE AS LIGHTS APPEAR AT THE
MW_MAIN.EXE,0x01D3DB,119771,43,no,EDGES OF THE OLD LANDING SITE. ONCE USED BY
MW_MAIN.EXE,0x01D407,119815,39,no,"THE MILITARY, IT HAS BEEN ABANDONED FOR"
MW_MAIN.EXE,0x01D42F,119855,42,no,YEARS EXCEPT FOR THE OCCASIONAL DARK NIGHT
MW_MAIN.EXE,0x01D45A,119898,44,no,BUSINESS DEAL.  OVERHEAD A STAR MOVES ACROSS
MW_MAIN.EXE,0x01D487,119943,38,no,THE HEAVENS AND SLOWLY BEGINS TO GROW.
MW_MAIN.EXE,0x01D4AE,119982,43,no,WITHIN MINUTES IT HAS GROWN TO FILL THE SKY
MW_MAIN.EXE,0x01D4DA,120026,44,no,WITH A BLAZING BLUE-WHITE GLORY. THE ROAR OF
MW_MAIN.EXE,0x01D507,120071,42,no,THE ENGINES DOMINATES THE NIGHT AS EVER SO
MW_MAIN.EXE,0x01D532,120114,41,no,"SLOWLY 12,000 TONS OF MULE CLASS DROPSHIP"
MW_MAIN.EXE,0x01D55C,120156,42,no,SETTLES ONTO THE BURNING FERROCRETE.  ONCE
MW_MAIN.EXE,0x01D587,120199,43,no,"THE ENGINES HAVE DIED, THE APPARENTLY EMPTY"
MW_MAIN.EXE,0x01D5B3,120243,44,no,WAREHOUSES ON THE FAR EDGE OF THE FIELD COME
MW_MAIN.EXE,0x01D5E0,120288,8,no,TO LIFE.
MW_MAIN.EXE,0x01D5EC,120300,32,no,HEAVY VEHICLES MOVE OUT ONTO THE
MW_MAIN.EXE,0x01D60D,120333,42,no,STILL SMOKING LANDING PAD TOWARD THE CARGO
MW_MAIN.EXE,0x01D638,120376,41,no,"RAMPS DROPPING FROM THE SHIP. MEN APPEAR,"
MW_MAIN.EXE,0x01D662,120418,42,no,MOVING CRATES FROM THE TRUCKS TO THE SHIP.
MW_MAIN.EXE,0x01D68D,120461,34,no,"AMIDST IT ALL A LONG, BLACK LUXURY"
MW_MAIN.EXE,0x01D6B0,120496,40,no,HOVERCRAFT MOVES LIKE A SHARK.  IT STOPS
MW_MAIN.EXE,0x01D6D9,120537,41,no,NEAR THE LOADING AND TWO POWERFUL LOOKING
MW_MAIN.EXE,0x01D703,120579,39,no,"MEN STEP OUT, WEAPONS AT THE READY. ONE"
MW_MAIN.EXE,0x01D72B,120619,44,no,WEARS NIGHT VISION GOGGLES. FROM BEHIND THEM
MW_MAIN.EXE,0x01D758,120664,44,no,APPEARS THE BLOATED FORM OF GRIG GRIEZ.  THE
MW_MAIN.EXE,0x01D785,120709,42,no,OLD MAN WAS RIGHT ABOUT THE WHEN AND WHERE
MW_MAIN.EXE,0x01D7B0,120752,41,no,BUT THE PAD IS SWARMING WITH ARMED MEN AS
MW_MAIN.EXE,0x01D7DA,120794,41,no,WELL AS THE EXPECTED TWO PERSONAL GUARDS.
MW_MAIN.EXE,0x01D805,120837,11,no,  FORGET IT
MW_MAIN.EXE,0x01D811,120849,6,no,  WAIT
MW_MAIN.EXE,0x01D81C,120860,43,no,AGAINST A WEATHERED BRICK WALL SITS A DRUNK
MW_MAIN.EXE,0x01D848,120904,44,no,IN TATTERED CLOTHES CLUTCHING A MOSTLY EMPTY
MW_MAIN.EXE,0x01D875,120949,43,no,BOTTLE OF CHEAP WHISKEY. A PATCH COVERS ONE
MW_MAIN.EXE,0x01D8A1,120993,39,no,EYE AND HIS POCK MARKED FACE SPORTS THE
MW_MAIN.EXE,0x01D8C9,121033,44,no,"STUBBLE OF AN UNKEMPT BEARD. AS YOU PASS, HE"
MW_MAIN.EXE,0x01D8F6,121078,41,no,"SPEAKS JUST LOUD ENOUGH FOR YOU. ""WORD IS"
MW_MAIN.EXE,0x01D920,121120,42,no,YOU'VE NO LOVE FER GRIG OR 'IS BUNCH. THAT
MW_MAIN.EXE,0x01D94B,121163,39,no,"TRUE?"" AND IF IT IS? ""WELL NOW, THERE'S"
MW_MAIN.EXE,0x01D973,121203,41,no,QUITE A REWARD ON 'IS 'EAD FER THE FELLER
MW_MAIN.EXE,0x01D99D,121245,40,no,WOT'S MAN ENOUGH TA' CLAIM IT. YOU THINK
MW_MAIN.EXE,0x01D9C6,121286,23,no,"MAYBE YOU BE THAT MAN?"""
MW_MAIN.EXE,0x01D9DF,121311,7,no,  GO ON
MW_MAIN.EXE,0x01D9E7,121319,16,no,  NOT INTERESTED
MW_MAIN.EXE,0x01D9FC,121340,40,no,"""SO 'APPENS I'VE BEEN ON THIS DIRTBALL A"
MW_MAIN.EXE,0x01DA25,121381,42,no,LONG TIME I 'AVE. WAITIN' FER ME CHANCE AT
MW_MAIN.EXE,0x01DA50,121424,42,no,"THAT PIG.  SEEN A THING-R-TWO, I 'AVE, BUT"
MW_MAIN.EXE,0x01DA7B,121467,42,no,NOT BEIN' A WARRIOR SORT LIKE YERSELF I'VE
MW_MAIN.EXE,0x01DAA6,121510,41,no,"'AD TA' WAIT, BUT NOW I THINK ME WAITIN'S"
MW_MAIN.EXE,0x01DAD0,121552,38,no,OVER. THERE'S A BIG SHIPMENT GOIN' OUT
MW_MAIN.EXE,0x01DAF7,121591,41,no,TONIGHT. HE'LL SEE TA' THAT PERSONALLY HE
MW_MAIN.EXE,0x01DB21,121633,41,no,WILL. WON'T 'AVE BUT TWO GUARDS WITH HIM.
MW_MAIN.EXE,0x01DB4B,121675,40,no,THAT'S WHEN YA' CAN NAIL HIM. AN' THAT'S
MW_MAIN.EXE,0x01DB74,121716,42,no,ME PRICE. YA' GOT TA' KILL 'EM. TAKIN' HIM
MW_MAIN.EXE,0x01DB9F,121759,35,no,IN'S NO GOOD. HE HAS TA' DIE. DEAL?
MW_MAIN.EXE,0x01DBC4,121796,6,no,  DEAL
MW_MAIN.EXE,0x01DBCB,121803,9,no,  NO DEAL
MW_MAIN.EXE,0x01DBD8,121816,42,no,"HE NODS TO HIMSELF IN A KNOWING WAY. ""AYE,"
MW_MAIN.EXE,0x01DC03,121859,40,no,"GUESS I WAS WRONG 'BOUT YOU."" HE SETTLES"
MW_MAIN.EXE,0x01DC2C,121900,42,no,BACK AGAINST THE WALL WITH NOTHING ELSE TO
MW_MAIN.EXE,0x01DC57,121943,4,no,SAY.
MW_MAIN.EXE,0x01DC5F,121951,41,no,MANY OF THE PEOPLE HERE HAVE HEARD OF THE
MW_MAIN.EXE,0x01DC89,121993,43,no,BLAZING ACES AND OF THEIR ATTACKS ON KURITA
MW_MAIN.EXE,0x01DCB5,122037,43,no,HOLDINGS.  EYES WATCH YOU WITH SILENT HATE.
MW_MAIN.EXE,0x01DCE4,122084,41,no,MANY OF THE PEOPLE HERE HAVE HEARD OF THE
MW_MAIN.EXE,0x01DD0E,122126,42,no,BLAZING ACES AND OF THEIR ATTACKS ON MARIK
MW_MAIN.EXE,0x01DD39,122169,43,no,HOLDINGS.  EYES WATCH YOU WITH SILENT HATE.
MW_MAIN.EXE,0x01DD68,122216,41,no,MANY OF THE PEOPLE HERE HAVE HEARD OF THE
MW_MAIN.EXE,0x01DD92,122258,41,no,BLAZING ACES AND OF THEIR ATTACKS ON LIAO
MW_MAIN.EXE,0x01DDBC,122300,42,no,HOLDINGS. EYES WATCH YOU WITH SILENT HATE.
MW_MAIN.EXE,0x01DDEA,122346,41,no,MANY OF THE PEOPLE HERE HAVE HEARD OF THE
MW_MAIN.EXE,0x01DE14,122388,43,no,BLAZING ACES AND OF THEIR ATTACKS ON DAVION
MW_MAIN.EXE,0x01DE40,122432,42,no,HOLDINGS. IT IS WELL KNOWN YOU WERE ONCE A
MW_MAIN.EXE,0x01DE6B,122475,43,no,CITIZEN OF THE FEDERATED SUNS. YOUR ACTIONS
MW_MAIN.EXE,0x01DE97,122519,44,no,SEEM AS TREACHERY OF THE WORST KIND TO THEM.
MW_MAIN.EXE,0x01DEC5,122565,43,no,-	MANY OF THE PEOPLE HERE HAVE HEARD OF THE
MW_MAIN.EXE,0x01DEF1,122609,44,no,BLAZING ACES AND OF THEIR ATTACKS ON STEINER
MW_MAIN.EXE,0x01DF1E,122654,42,no,HOLDINGS. IT IS WELL KNOWN YOU WERE ONCE A
MW_MAIN.EXE,0x01DF49,122697,43,no,CITIZEN OF THE FEDERATED SUNS. YOUR ACTIONS
MW_MAIN.EXE,0x01DF75,122741,44,no,SEEM AS TREACHERY OF THE WORST KIND TO THEM.
MW_MAIN.EXE,0x01DFA2,122786,43,no,THEY WONDER IF YOU DO NOT KNOW THAT STEINER
MW_MAIN.EXE,0x01DFCE,122830,40,no,AND DAVION ARE NOW ALLIES AND THAT A NEW
MW_MAIN.EXE,0x01DFF7,122871,42,no,FUTURE IS ON THE HORIZON. THEIR EYES WATCH
MW_MAIN.EXE,0x01E022,122914,27,no,YOU WITH UNRESTRAINED HATE.
MW_MAIN.EXE,0x01E041,122945,23,no,"VALLENSIA,ANDER'S MOON "
MW_MAIN.EXE,0x01E059,122969,30,no,"DRACONIS MARCH, FEDERATED SUNS"
MW_MAIN.EXE,0x01E078,123000,26,no,THERE ARE NO HEROS ANYMORE
MW_MAIN.EXE,0x01E093,123027,33,no,EDITORIAL BY EDWARD ALLEN-MCBRIN 
MW_MAIN.EXE,0x01E0B5,123061,43,no,LOOK AROUND YOU. THIS HOME OF OURS WAS BORN
MW_MAIN.EXE,0x01E0E1,123105,40,no,FROM THE SHEER BRAVERY OF OUR ANCESTORS.
MW_MAIN.EXE,0x01E10A,123146,44,no,SEVEN HUNDRED YEARS AGO THIS PASTORAL BEAUTY
MW_MAIN.EXE,0x01E137,123191,41,no,WE TAKE FOR GRANTED DID NOT EXIST. IT WAS
MW_MAIN.EXE,0x01E161,123233,41,no,BORN FROM THE SWEAT AND TOIL OF THOSE WHO
MW_MAIN.EXE,0x01E18B,123275,38,no,DARED TO DREAM. BORN FROM THE SWEAT OF
MW_MAIN.EXE,0x01E1B2,123314,40,no,HEROS. AND LATER WHEN WE WOULD HAVE BEEN
MW_MAIN.EXE,0x01E1DB,123355,37,no,SWALLOWED AND FORGOTTON BY THE EMPIRE
MW_MAIN.EXE,0x01E201,123393,42,no,"BUILDERS, IT WAS THE HERO WHO STOOD UP AND"
MW_MAIN.EXE,0x01E22C,123436,40,no,DEMANDED WHAT WAS OURS. THOSE HEROS WERE
MW_MAIN.EXE,0x01E255,123477,43,no,"PEOPLE OF VISION, COURAGE, AND HONOR. WHERE"
MW_MAIN.EXE,0x01E281,123521,44,no,ARE THEY TODAY?  ALIGNED WITH BANDITS WE ARE
MW_MAIN.EXE,0x01E2AE,123566,38,no,TOLD. ON THE RUN FROM JUSTICE SAYS THE
MW_MAIN.EXE,0x01E2D5,123605,42,no,EVIDENCE. NOT HEROS ANYMORE BUT BETRAYERS.
MW_MAIN.EXE,0x01E300,123648,40,no,THEY HAVE BROKEN THE FAITH BETWEEN RULED
MW_MAIN.EXE,0x01E329,123689,44,no,AND RULER. I SAY THERE IS NO REASON TO WAIT!
MW_MAIN.EXE,0x01E356,123734,41,no,"LIKE FATHER, LIKE SON. MAKE A CHANGE NOW!"
MW_MAIN.EXE,0x01E383,123779,20,no,"CORANT CITY, ALBIERO"
MW_MAIN.EXE,0x01E398,123800,41,no,"PESHT MILITARY DISTRICT, DRACONIS COMBINE"
MW_MAIN.EXE,0x01E3C2,123842,21,no,MATABUSHI'S NEW IMAGE
MW_MAIN.EXE,0x01E3D8,123864,38,no,AS PART OF A BROAD MOVE TO IMPROVE ITS
MW_MAIN.EXE,0x01E3FF,123903,32,no,PRODUCT IMAGE AND HOPEFULLY GAIN
MW_MAIN.EXE,0x01E420,123936,42,no,"MARKETSHARE OUTSIDE THE COMBINE, MATABUSHI"
MW_MAIN.EXE,0x01E44B,123979,32,no,HAS ESTABLISHED AN ELITE TEAM OF
MW_MAIN.EXE,0x01E46C,124012,36,no,SPECIALISTS NOT CONFINED TO SPECIFIC
MW_MAIN.EXE,0x01E491,124049,42,no,"DIVISIONS. ""WORKING OUTSIDE THE BOUNDARIES"
MW_MAIN.EXE,0x01E4BC,124092,35,no,WHICH SURROUND MOST EMPLOYEES THESE
MW_MAIN.EXE,0x01E4E0,124128,40,no,SPECIALISTS WILL BE ABLE TO MOVE QUICKLY
MW_MAIN.EXE,0x01E509,124169,31,no,AND TO SPOT PROBLEMS WITHIN THE
MW_MAIN.EXE,0x01E529,124201,43,no,"ORGANIZATION."" SAID MATABUSHI CEO DUKE ISHI"
MW_MAIN.EXE,0x01E555,124245,42,no,"TAHIRO. ""THEY ARE TRAINED AT ALL LEVELS OF"
MW_MAIN.EXE,0x01E580,124288,34,no,MANAGEMENT AND PRODUCTION. WHEN AN
MW_MAIN.EXE,0x01E5A3,124323,36,no,OPPORTUNITY PRESENTS ITSELF THEY ARE
MW_MAIN.EXE,0x01E5C8,124360,41,no,EMPOWERED TO MAKE ANY CHANGES REQUIRED TO
MW_MAIN.EXE,0x01E5F2,124402,42,no,"TAKE ADVANTAGE OF IT."" TAHIRO'S PLAN IS TO"
MW_MAIN.EXE,0x01E61D,124445,42,no,BRING MATABUSHI'S PRODUCT LINE UP TO SPEED
MW_MAIN.EXE,0x01E648,124488,28,no,WITH THE REST OF THE SPHERE.
MW_MAIN.EXE,0x01E668,124520,22,no,"VALENSIA, ANDER'S MOON"
MW_MAIN.EXE,0x01E67F,124543,30,no,"DRACONIS MARCH, FEDERATED SUNS"
MW_MAIN.EXE,0x01E69E,124574,41,no,SENIOR COUNCIL PREPARES FOR FISCAL BATTLE
MW_MAIN.EXE,0x01E6C9,124617,43,no,AS THE SENIOR COUNCIL PREPARES TO COME BACK
MW_MAIN.EXE,0x01E6F5,124661,43,no,TO WORK THERE IS MUCH SPECULATION ABOUT HOW
MW_MAIN.EXE,0x01E721,124705,35,no,THEY WILL HANDLE THE GROWING BUDGET
MW_MAIN.EXE,0x01E745,124741,43,no,PROBLEMS. THE RAID ON THE VANDENBURG ESTATE
MW_MAIN.EXE,0x01E771,124785,33,no,LAST YEAR AND THE LOSS OF FOCUSED
MW_MAIN.EXE,0x01E793,124819,41,no,LEADERSHIP HAS BROUGHT A HOST OF FINACIAL
MW_MAIN.EXE,0x01E7BD,124861,37,no,PROBLEMS DOWN ON THE HEADS OF ANDER'S
MW_MAIN.EXE,0x01E7E3,124899,38,no,MOON'S GOVERNMENT. THE MCBRIN CLAN HAS
MW_MAIN.EXE,0x01E80A,124938,41,no,BEEN HARD AT WORK LOBYING THE COUNCIL FOR
MW_MAIN.EXE,0x01E834,124980,37,no,MANY CHANGES IN THE BUDGET AS WELL AS
MW_MAIN.EXE,0x01E85A,125018,37,no,CHANGES IN THE LOCAL LAWS. EASING THE
MW_MAIN.EXE,0x01E880,125056,42,no,STRICT ENVIRONMENTAL RULINGS WILL OPEN THE
MW_MAIN.EXE,0x01E8AB,125099,42,no,MOON TO MORE OPPORTUNITIES AND SO EASE THE
MW_MAIN.EXE,0x01E8D6,125142,25,no,GROWING FINANCIAL BURDEN.
MW_MAIN.EXE,0x01E8F3,125171,22,no,"VALENSIA, ANDER'S MOON"
MW_MAIN.EXE,0x01E90A,125194,30,no,"DRACONIS MARCH, FEDERATED SUNS"
MW_MAIN.EXE,0x01E929,125225,34,no,FINANCIAL SERVICES COMPANY OPENING
MW_MAIN.EXE,0x01E94D,125261,42,no,CLAN MCBRIN HAS ANNOUNCED THE OPENING OF A
MW_MAIN.EXE,0x01E978,125304,39,no,NEW BUSINESS HERE IN VALENSIA. NAMED DW
MW_MAIN.EXE,0x01E9A0,125344,37,no,"FINANCIALS, IT WILL PROVIDE A HOST OF"
MW_MAIN.EXE,0x01E9C6,125382,40,no,"FINANCIAL SERVICES TO THE COMMUNITY. ""WE"
MW_MAIN.EXE,0x01E9EF,125423,40,no,ARE MOST CONCERNED WITH THE STATE OF THE
MW_MAIN.EXE,0x01EA18,125464,38,no,LOCAL ECONOMY AND SEE THIS AS A WAY TO
MW_MAIN.EXE,0x01EA3F,125503,39,no,INFUSE THE BUSINESS COMMUNITY WITH SOME
MW_MAIN.EXE,0x01EA67,125543,41,no,"BADLY NEEDED ENERGY."" SAID FOUNDER JARRIS"
MW_MAIN.EXE,0x01EA91,125585,7,no,MCBRIN.
MW_MAIN.EXE,0x01EA9C,125596,22,no,"VALENSIA, ANDER'S MOON"
MW_MAIN.EXE,0x01EAB3,125619,30,no,"DRACONIS MARCH, FEDERATED SUNS"
MW_MAIN.EXE,0x01EAD2,125650,28,no,ANDER'S MOON ECONOMY REELING
MW_MAIN.EXE,0x01EAF0,125680,41,no,LEGAL HASSLES SURROUNDING THE FREEZING OF
MW_MAIN.EXE,0x01EB1A,125722,37,no,THE VANDENBURG ASSESTS STILL HAS MANY
MW_MAIN.EXE,0x01EB40,125760,42,no,PEOPLE OUT OF WORK AND MUCH OF THE ECONOMY
MW_MAIN.EXE,0x01EB6B,125803,40,no,"IN DISTRESS, SAYS A RECENT REPORT TO THE"
MW_MAIN.EXE,0x01EB94,125844,41,no,"SENIOR COUNCIL. ""WE EXPECT FOOD SHORTAGES"
MW_MAIN.EXE,0x01EBBE,125886,40,no,AND A LOSS OF MOST BASIC SERVICES WITHIN
MW_MAIN.EXE,0x01EBE7,125927,43,no,"THE QUARTER."" SAID THE SPOKESPERSON FOR THE"
MW_MAIN.EXE,0x01EC13,125971,34,no,"REPORT'S STUDY GROUP. MEANWHILE, A"
MW_MAIN.EXE,0x01EC36,126006,43,no,RESTLESS WORKFORCE AND ALMOST DAILY STRIKES
MW_MAIN.EXE,0x01EC62,126050,42,no,CONTINUE TO PLAGUE THE BUSINESS COMMUNITY.
MW_MAIN.EXE,0x01EC8D,126093,41,no,"ADVISOR TO THE COUNCIL, JARRIS MCBRIN HAS"
MW_MAIN.EXE,0x01ECB7,126135,43,no,VOLUNTERED TO TAKE TEMPORARY CONTROL OF THE
MW_MAIN.EXE,0x01ECE3,126179,41,no,VANDENBURG BUSINESS HOLDINGS IN AN EFFORT
MW_MAIN.EXE,0x01ED0D,126221,27,no,TO GET THINGS MOVING AGAIN.
MW_MAIN.EXE,0x01ED2C,126252,22,no,"VALENSIA, ANDER'S MOON"
MW_MAIN.EXE,0x01ED43,126275,30,no,"DRACONIS MARCH, FEDERATED SUNS"
MW_MAIN.EXE,0x01ED62,126306,37,no,SACRIFICIAL FORESTS AND THE MONEY GOD
MW_MAIN.EXE,0x01ED88,126344,24,no,EDITORIAL BY ALICIA ROWE
MW_MAIN.EXE,0x01EDA2,126370,41,no,LARGE FARMING AND MINING CONCERNS LOST NO
MW_MAIN.EXE,0x01EDCC,126412,41,no,TIME IN CLAIMING LAND RECENTLY VOTED INTO
MW_MAIN.EXE,0x01EDF6,126454,41,no,PUBLIC USE BY THE SENIOR COUNCIL. MANY OF
MW_MAIN.EXE,0x01EE20,126496,42,no,THE ENVIRONMENTAL LAWS RECENTLY OVERTURNED
MW_MAIN.EXE,0x01EE4B,126539,37,no,BY THE MCBRIN CONTROLLED COUNCIL HAVE
MW_MAIN.EXE,0x01EE71,126577,41,no,OPENED THE WAY FOR WIDESPREAD DESTRUCTION
MW_MAIN.EXE,0x01EE9B,126619,41,no,"OF THE ENVIRONMENT. AS OF TODAY, THE ONCE"
MW_MAIN.EXE,0x01EEC5,126661,42,no,SACRED VANDENBURG RESERVE IS BEING CLEARED
MW_MAIN.EXE,0x01EEF0,126704,42,no,AT THE ALARMING RATE OF 50 ACRES A MINUTE.
MW_MAIN.EXE,0x01EF1B,126747,42,no,MORE ALARMING IS THE FACT THAT MUCH OF THE
MW_MAIN.EXE,0x01EF46,126790,39,no,LAND IS BEING CLEARED FOR THE MINING OF
MW_MAIN.EXE,0x01EF6E,126830,41,no,"RADIOACTIVES, AN ACTIVITY THE CITIZENS OF"
MW_MAIN.EXE,0x01EF98,126872,41,no,THIS PLANET HAVE LONG VOTED AGAINST. I AM
MW_MAIN.EXE,0x01EFC2,126914,42,no,"NOT OPPOSED TO CHANGE, BUT I AM OPPOSED TO"
MW_MAIN.EXE,0x01EFED,126957,38,no,UNPLANNED EXPANSION THAT THREATENS OUR
MW_MAIN.EXE,0x01F014,126996,7,no,FUTURE.
MW_MAIN.EXE,0x01F01F,127007,22,no,"VALENSIA, ANDER'S MOON"
MW_MAIN.EXE,0x01F036,127030,30,no,"DRACONIS MARCH, FEDERATED SUNS"
MW_MAIN.EXE,0x01F055,127061,37,no,NEW ALLIANCES ARE FORMING IN VALENSIA
MW_MAIN.EXE,0x01F07C,127100,43,no,IT WAS A CLEAR SIGN OF CHANGING TIMES. AT A
MW_MAIN.EXE,0x01F0A8,127144,37,no,MEETING HELD AT THE BRAND NEW CENTRAL
MW_MAIN.EXE,0x01F0CE,127182,39,no,COVENTION CENTER THE UNIVERSAL LANGUAGE
MW_MAIN.EXE,0x01F0F6,127222,39,no,BEING SPOKEN WAS MONEY. MANY GROUPS WHO
MW_MAIN.EXE,0x01F11E,127262,37,no,PREVIOUSLY COULDN'T EVEN AGREE ON THE
MW_MAIN.EXE,0x01F144,127300,42,no,WEATHER FOUND THEMSELVES IN AGREEMENT OVER
MW_MAIN.EXE,0x01F16F,127343,39,no,NEW BUSINESS POLICIES BEING PROPOSED BY
MW_MAIN.EXE,0x01F197,127383,39,no,THE SENIOR COUNCIL. NOTABLY ABSENT FROM
MW_MAIN.EXE,0x01F1BF,127423,41,no,THE MEETING WERE THE STRONGEST VANDENBURG
MW_MAIN.EXE,0x01F1E9,127465,42,no,SUPPORTERS. DECLARING THE MEETING A RUBBER
MW_MAIN.EXE,0x01F214,127508,42,no,STAMP COMMITTEE FOR THE ORGANIZED TAKEOVER
MW_MAIN.EXE,0x01F23F,127551,42,no,"OF THE ECONOMY BY CLAN MCBRIN, MANY OF THE"
MW_MAIN.EXE,0x01F26A,127594,36,no,LARGEST COMPANIES REFUSED TO ATTEND.
MW_MAIN.EXE,0x01F292,127634,22,no,"VALENSIA, ANDER'S MOON"
MW_MAIN.EXE,0x01F2A9,127657,30,no,"DRACONIS MARCH, FEDERATED SUNS"
MW_MAIN.EXE,0x01F2C8,127688,33,no,WINEMAKERS MAKE DRAMATIC COMEBACK
MW_MAIN.EXE,0x01F2EB,127723,42,no,MCBRIN WINE CELLARS (PREVIOUSLY VANDENBURG
MW_MAIN.EXE,0x01F316,127766,35,no,WINE CELLARS) HAS MADE A REMARKABLE
MW_MAIN.EXE,0x01F33A,127802,40,no,COMEBACK IN THE LAST YEAR. THE VINEYARDS
MW_MAIN.EXE,0x01F363,127843,40,no,WERE IN SERIOUS TROUBLE NOT SO LONG AGO.
MW_MAIN.EXE,0x01F38C,127884,38,no,HAVING BEEN HIT HARD BY THE VANDENBURG
MW_MAIN.EXE,0x01F3B3,127923,43,no,"FREEZE, THE COMPANIES WERE TEETERING ON THE"
MW_MAIN.EXE,0x01F3DF,127967,42,no,BRINK OF EXTINCTION. MCBRIN GAINED CONTROL
MW_MAIN.EXE,0x01F40A,128010,41,no,AFTER A COUNCIL DECREE GAVE HIM TEMPORARY
MW_MAIN.EXE,0x01F434,128052,40,no,"STEWARDSHIP OVER THE COMPANY, ALONG WITH"
MW_MAIN.EXE,0x01F45D,128093,42,no,"SEVERAL OTHER VANDENBURG HOLDINGS. MCBRIN,"
MW_MAIN.EXE,0x01F488,128136,42,no,"WITH APPROVAL FROM THE COUNCIL, LATER SOLD"
MW_MAIN.EXE,0x01F4B3,128179,41,no,THE COMPANY TO HIMSELF (THUS CHANGING THE
MW_MAIN.EXE,0x01F4DD,128221,40,no,NAME). AFTER AN INFUSION OF CASH FROM DW
MW_MAIN.EXE,0x01F506,128262,40,no,FINANCE THE WINERY WAS BACK ON TRACK AND
MW_MAIN.EXE,0x01F52F,128303,18,no,BACK IN THE BLACK.
MW_MAIN.EXE,0x01F545,128325,22,no,"VALENSIA, ANDER'S MOON"
MW_MAIN.EXE,0x01F55C,128348,30,no,"DRACONIS MARCH, FEDERATED SUNS"
MW_MAIN.EXE,0x01F57B,128379,39,no,ALLEGED MCBRIN CRIMES FALL ON DEAF EARS
MW_MAIN.EXE,0x01F5A4,128420,32,no,A LARGE CONTINGENT OF VANDENBURG
MW_MAIN.EXE,0x01F5C5,128453,44,no,SUPPORTERS PRESENTED EVIDENCE IN COURT TODAY
MW_MAIN.EXE,0x01F5F2,128498,41,no,OF ALLEGED WRONG-DOINGS BY COUNCILMAN AND
MW_MAIN.EXE,0x01F61C,128540,42,no,LOCAL BUSINESSMAN JARRIS MCBRIN. AMONG THE
MW_MAIN.EXE,0x01F647,128583,42,no,"CRIMES LISTED WERE USURY, EXTORTION, MONEY"
MW_MAIN.EXE,0x01F672,128626,39,no,"LAUNDERING, BRIBERY OF LOCAL GOVERNMENT"
MW_MAIN.EXE,0x01F69A,128666,40,no,"OFFICIALS, FRAUD, EMBEZZLEMENT OF PUBLIC"
MW_MAIN.EXE,0x01F6C3,128707,38,no,"FUNDS, BEARING FALSE WITTNESS, AND TAX"
MW_MAIN.EXE,0x01F6EA,128746,41,no,EVASION. NO ACTION WAS TAKEN BY THE COURT
MW_MAIN.EXE,0x01F714,128788,37,no,AND NO WARRANT HAS BEEN ISSUED. JUDGE
MW_MAIN.EXE,0x01F73A,128826,42,no,TERRANCE BRINENS SAID THE ALLEGATIONS WERE
MW_MAIN.EXE,0x01F765,128869,43,no,POORLY PRESENTED AND LACKED EVIDENCE STRONG
MW_MAIN.EXE,0x01F791,128913,42,no,"ENOUGH TO TAKE ACTION AGAINST MCBRIN. ""THE"
MW_MAIN.EXE,0x01F7BC,128956,43,no,MAN IS A LOCAL HERO. IT IS OF NO SUPRISE TO
MW_MAIN.EXE,0x01F7E8,129000,39,no,ME THAT THESE MALCONTENTS WOULD WANT TO
MW_MAIN.EXE,0x01F810,129040,26,no,"ATTACK HIM."" SAID BRINENS."
MW_MAIN.EXE,0x01F82E,129070,15,no,BRIEF HEADLINES
MW_MAIN.EXE,0x01F83E,129086,42,no,"20 JAN 3027 - NEW AVALON, CRUCIS MARCH, FS"
MW_MAIN.EXE,0x01F869,129129,39,no,"    JUSTIN ALLARD, SON OF MIIO DIRECTOR"
MW_MAIN.EXE,0x01F891,129169,40,no,    QUITUS ALLARD AND DECORATED OFFICER 
MW_MAIN.EXE,0x01F8BA,129210,30,no,    GOES ON TRIAL FOR TREASON.
MW_MAIN.EXE,0x01F8DC,129244,15,no,BRIEF HEADLINES
MW_MAIN.EXE,0x01F8EC,129260,42,no,"30 JAN 3027 - NEW AVALON, CRUCIS MARCH, FS"
MW_MAIN.EXE,0x01F917,129303,41,no,    ALLARD TRIAL ENDS IN CONFUSION PRINCE
MW_MAIN.EXE,0x01F941,129345,40,no,    BANISHES JUSTIN ALLARD FROM FED SUNS
MW_MAIN.EXE,0x01F96D,129389,15,no,BRIEF HEADLINES
MW_MAIN.EXE,0x01F97D,129405,41,no,"20 MAR 3027 - SOLARIS VII, RAHNESHIRE, LC"
MW_MAIN.EXE,0x01F9A7,129447,40,no,    JUSTIN ALLARD NOW JUSTIN XIANG SEEKS
MW_MAIN.EXE,0x01F9D0,129488,42,no,    VENGENCE - KILLS DAVION PILOT IN GAMES
MW_MAIN.EXE,0x01F9FE,129534,15,no,BRIEF HEADLINES
MW_MAIN.EXE,0x01FA0E,129550,41,no,"20 APR 3027 - SOLARIS VII, RAHNESHIRE, LC"
MW_MAIN.EXE,0x01FA38,129592,40,no,"    XIANG CONTINUES METEROIC RISE, SLAYS"
MW_MAIN.EXE,0x01FA61,129633,40,no,"    BILLY WOLFSON, NOTED FED MECHWARRIOR"
MW_MAIN.EXE,0x01FA8D,129677,15,no,BRIEF HEADLINES
MW_MAIN.EXE,0x01FA9D,129693,42,no,"26 MAY 3027 -  SOLARIS VII, RAHNESHIRE, LC"
MW_MAIN.EXE,0x01FAC8,129736,43,no,    XIANGS REVENGE CONTINUES - SLAYS FAMOUS
MW_MAIN.EXE,0x01FAF4,129780,38,no,    MECHWARRIOR PHILLIP CAPET IN GAMES
MW_MAIN.EXE,0x01FB1E,129822,15,no,BRIEF HEADLINES
MW_MAIN.EXE,0x01FB2E,129838,39,no,"OCT 3027 - NEW AVALON, CRUCIS MARCH, FS"
MW_MAIN.EXE,0x01FB56,129878,39,no,    HANSE DAVION AND MELISSA STEINER TO
MW_MAIN.EXE,0x01FB7E,129918,8,no,    WED!
MW_MAIN.EXE,0x01FB87,129927,40,no,    MORGAN HASEK-DAVION TO SERVE AS BEST
MW_MAIN.EXE,0x01FBB0,129968,7,no,    MAN
MW_MAIN.EXE,0x01FBB9,129977,43,no,"         - THARKAD, DISTRICT OF DONEGAL, LC"
MW_MAIN.EXE,0x01FBE5,130021,42,no,"    AFTER 11 YEARS MORGAN KELL, LEADER OF "
MW_MAIN.EXE,0x01FC10,130064,35,no,    FAMED KELL HOUNDS COMES OUT OF 
MW_MAIN.EXE,0x01FC34,130100,15,no,    RETIREMENT!
MW_MAIN.EXE,0x01FC47,130119,15,no,BRIEF HEADLINES
MW_MAIN.EXE,0x01FC57,130135,41,no,"20 NOV 3027 - KITTERY, CAPELLAN MARCH, FS"
MW_MAIN.EXE,0x01FC81,130177,43,no,    CAPTAIN A. REDBURN AND OTHER MEMBERS OF
MW_MAIN.EXE,0x01FCAD,130221,39,no,    DECORATED FIRST TRAINING BATTALION 
MW_MAIN.EXE,0x01FCD5,130261,33,no,    ATTACKED IN LOCAL RESTAURANT.
MW_MAIN.EXE,0x01FCFA,130298,15,no,BRIEF HEADLINES
MW_MAIN.EXE,0x01FD0A,130314,40,no,"JUNE 3028 - NEW AVALON, CRUCIS MARCH, FS"
MW_MAIN.EXE,0x01FD33,130355,40,no,    OPERATIONS GALLAHAD AND THOR 3028 TO
MW_MAIN.EXE,0x01FD5C,130396,35,no,    PROCEED AS REGULARLY SCHEDULED.
MW_MAIN.EXE,0x01FD83,130435,15,no,BRIEF HEADLINES
MW_MAIN.EXE,0x01FD93,130451,42,no,"10 AUG 3028 - ROBINSON, DRACONIS MARCH, FS"
MW_MAIN.EXE,0x01FDBE,130494,41,no,    WOLFS DRAGOONS OFFICIALY STATIONED IN
MW_MAIN.EXE,0x01FDE8,130536,35,no,    DAVION SPACE. REGIMENTS TAKE UP
MW_MAIN.EXE,0x01FE0C,130572,43,no,"    RESIDENCE ON HARROWS SUN, GLENMORA, AND"
MW_MAIN.EXE,0x01FE38,130616,14,no,    WAPAKNETA.
MW_MAIN.EXE,0x01FE48,130632,43,no,"        - HILTON HEAD, NORTH AMERICA, TERRA"
MW_MAIN.EXE,0x01FE74,130676,36,no,    GUESTS BEGIN TO ARRIVE FOR ROYAL
MW_MAIN.EXE,0x01FE99,130713,11,no,    WEDDING
MW_MAIN.EXE,0x01FEA8,130728,15,no,BRIEF HEADLINES
MW_MAIN.EXE,0x01FEB8,130744,41,no,"20 AUG 3028 - HILTON HEAD, NORTH AMERICA,"
MW_MAIN.EXE,0x01FEE2,130786,19,no,              TERRA
MW_MAIN.EXE,0x01FEF6,130806,40,no,    HANSE DAVION AND MELISSA STEINER WED
MW_MAIN.EXE,0x01FF1F,130847,9,no,    TODAY
MW_MAIN.EXE,0x01FF29,130857,41,no,"            - HILTON HEAD, NORTH AMERICA,"
MW_MAIN.EXE,0x01FF53,130899,19,no,              TERRA
MW_MAIN.EXE,0x01FF68,130920,10,no,    WAR!!!
MW_MAIN.EXE,0x01FF73,130931,41,no,    THE FOX DECLARES WAR ON HOUSE LIAO IN
MW_MAIN.EXE,0x01FF9D,130973,23,no,    FATED BRIDAL TOAST!
MW_MAIN.EXE,0x01FFB8,131000,15,no,BRIEF HEADLINES
MW_MAIN.EXE,0x01FFC8,131016,42,no,"22 AUG 3028 - NEW AVALON, CRUCIS MARCH, FS"
MW_MAIN.EXE,0x01FFF3,131059,39,no,    FED SUNS ATTACKS MULTIPLE WORLDS IN
MW_MAIN.EXE,0x02001B,131099,36,no,"    ONE MOVE ALDEBARAN, ALGOL, LIAO,"
MW_MAIN.EXE,0x020040,131136,43,no,"    NEW HESSEN, AND AT LEAST 5 OTHER WORLDS"
MW_MAIN.EXE,0x02006C,131180,15,no,    UNDER SIEGE
MW_MAIN.EXE,0x02007D,131197,43,no,"23 AUG 3028 - THARKAD, DISTRICT OF DONEGAL,"
MW_MAIN.EXE,0x0200A9,131241,16,no,              LC
MW_MAIN.EXE,0x0200BA,131258,25,no,    COMONWEALTH ATTACKS!!
MW_MAIN.EXE,0x0200D4,131284,34,no,    23 KURITA SYSTEMS UNDER SIEGE!
MW_MAIN.EXE,0x0200F8,131320,43,no,"25 AUG 3028 -  NEW AVALON, CRUCIS MARCH, FS"
MW_MAIN.EXE,0x020124,131364,42,no,    SHENSI EASY PICKINGS - FALLS TO DAVION
MW_MAIN.EXE,0x020152,131410,15,no,BRIEF HEADLINES
MW_MAIN.EXE,0x020162,131426,43,no,"25 SEP 3028 -  NEW AVALON, CRUCIS MARCH, FS"
MW_MAIN.EXE,0x02018E,131470,39,no,    THE FOX STILL ON THE HUNT - TIKONOV
MW_MAIN.EXE,0x0201B6,131510,24,no,    COMMONALITY IS NEXT!
MW_MAIN.EXE,0x0201D2,131538,15,no,BRIEF HEADLINES
MW_MAIN.EXE,0x0201E2,131554,43,no,"18 OCT 3028 -  NEW AVALON, CRUCIS MARCH, FS"
MW_MAIN.EXE,0x02020E,131598,42,no,"    TIKONOV THROWS IN THE TOWEL! TSITSANG,"
MW_MAIN.EXE,0x020239,131641,39,no,"    GENOA GEN SINGH, ALRESCHA, BUCHLAU,"
MW_MAIN.EXE,0x020261,131681,43,no,"    HUNAN, ZURICH AND NING PO ALL IN DAVION"
MW_MAIN.EXE,0x02028D,131725,9,no,    HANDS
MW_MAIN.EXE,0x020298,131736,44,no,"   OCT 3028 -  THARKAD, DISTRICT OF DONEGAL,"
MW_MAIN.EXE,0x0202C5,131781,17,no,               LC
MW_MAIN.EXE,0x0202D7,131799,37,no,    COMMONWEALTH LAUNCHES A FOLLOW UP
MW_MAIN.EXE,0x0202FD,131837,39,no,    MOVES AGAINST 14 MORE KURITA WORLDS
MW_MAIN.EXE,0x020328,131880,15,no,BRIEF HEADLINES
MW_MAIN.EXE,0x020338,131896,43,no,"13 NOV 3028 -  NEW AVALON, CRUCIS MARCH, FS"
MW_MAIN.EXE,0x020364,131940,28,no,    FOX GOES FOR THE THROAT!
MW_MAIN.EXE,0x020381,131969,31,no,    8 MORE WORLDS UNDER ATTACK!
MW_MAIN.EXE,0x0203A4,132004,15,no,BRIEF HEADLINES
MW_MAIN.EXE,0x0203B4,132020,42,no,"15 DEC 3028 - JONATHAN, TIKONOV COM, CC/FS"
MW_MAIN.EXE,0x0203DF,132063,40,no,    AFTER YEARS OF EXILE - HOME AT LAST!
MW_MAIN.EXE,0x020408,132104,42,no,    NORTHWIND HIGHLANDERS CHANGE CAMP JOIN
MW_MAIN.EXE,0x020433,132147,10,no,    DAVION
MW_MAIN.EXE,0x02043F,132159,39,no,"20 DEC 3028 - VEGA, DIERON DISTRICT, DC"
MW_MAIN.EXE,0x020467,132199,42,no,    THEODORE KURITA KICKS COMMONWEALTH OFF
MW_MAIN.EXE,0x020492,132242,8,no,    VEGA
MW_MAIN.EXE,0x02049C,132252,25,no,31 DEC 3028 - BUCKMINSTER
MW_MAIN.EXE,0x0204B6,132278,25,no,"    BENJAMIN DISTRICT, DC"
MW_MAIN.EXE,0x0204D0,132304,38,no,    DEFENDERS HOLDING BUCKMINSTER CITY
MW_MAIN.EXE,0x0204F7,132343,26,no,    STEINER FORCES STALLED
MW_MAIN.EXE,0x020515,132373,22,no,"VALENSIA, ANDER'S MOON"
MW_MAIN.EXE,0x02052C,132396,30,no,"DRACONIS MARCH, FEDERATED SUNS"
MW_MAIN.EXE,0x02054B,132427,39,no,SENIOR COUNCIL MOVES TO CHOOSE NEW DUKE
MW_MAIN.EXE,0x020573,132467,43,no,MEMBERS OF THE SENIOR COUNCIL CONVENE TODAY
MW_MAIN.EXE,0x02059F,132511,43,no,TO DECIDE WHO WILL ASSUME THE TITLE OF DUKE
MW_MAIN.EXE,0x0205CB,132555,43,no,OF ANDER'S MOON. RECENT ALLEGATIONS AGAINST
MW_MAIN.EXE,0x0205F7,132599,36,no,JARRIS MCBRIN HAVE MADE THE DECISION
MW_MAIN.EXE,0x02061C,132636,38,no,"DIFFICULT. ""THERE ARE MANY OUTSTANDING"
MW_MAIN.EXE,0x020643,132675,40,no,ISSUES AT THIS TIME THAT WILL AFFECT THE
MW_MAIN.EXE,0x02066C,132716,39,no,"OUTCOME OF TODAY'S DELIBERATIONS."" SAID"
MW_MAIN.EXE,0x020694,132756,23,no,COUNCILMAN JORDAN ROWE.
MW_MAIN.EXE,0x0206AF,132783,22,no,"VALENSIA, ANDER'S MOON"
MW_MAIN.EXE,0x0206C6,132806,30,no,"DRACONIS MARCH, FEDERATED SUNS"
MW_MAIN.EXE,0x0206E5,132837,36,no,MCBRIN SUCCESSFUL! CHALICE RETURNED!
MW_MAIN.EXE,0x02070A,132874,40,no,WHILE THE COUNCIL WAS STILL DEBATING THE
MW_MAIN.EXE,0x020733,132915,42,no,"ISSUE OF WHO SHOULD BE THE NEW DUKE, A NEW"
MW_MAIN.EXE,0x02075E,132958,38,no,TWIST WAS ADDED TO THE PROBLEM. JARRIS
MW_MAIN.EXE,0x020785,132997,41,no,MCBRIN RETURNED TODAY WITH THE CHALICE OF
MW_MAIN.EXE,0x0207AF,133039,38,no,HERNE IN HAND. ACTING ON A TIP FROM AN
MW_MAIN.EXE,0x0207D6,133078,41,no,IMPORTER KNOWN TO HAVE BANDIT CONNECTIONS
MW_MAIN.EXE,0x020800,133120,40,no,MCBRIN TRAVELED TO AN UNDISCLOSED BANDIT
MW_MAIN.EXE,0x020829,133161,40,no,WORLD BEYOND THE PERIPHERY AND STOLE THE
MW_MAIN.EXE,0x020852,133202,37,no,CHALICE BACK IN A DARING RAID. MCBRIN
MW_MAIN.EXE,0x020878,133240,40,no,SUPPORTERS ARE CONFIDENT THAT THE SENIOR
MW_MAIN.EXE,0x0208A1,133281,41,no,COUNCIL WILL BE SWAYED BY THE RISING TIDE
MW_MAIN.EXE,0x0208CB,133323,42,no,OF POPULAR OPINION AND WILL VOTE IN MCBRIN
MW_MAIN.EXE,0x0208F6,133366,24,no,BEFORE THE MONTH IS OUT.
MW_MAIN.EXE,0x020912,133394,22,no,"VALENSIA, ANDER'S MOON"
MW_MAIN.EXE,0x020929,133417,31,no,"DRACONIS MARCH, FEDERATED SUNS "
MW_MAIN.EXE,0x020949,133449,34,no,JARRIS THEODORE MCBRIN IS NEW DUKE
MW_MAIN.EXE,0x02096C,133484,33,no,WITH THE ABSENCE OF GIDEON BRAVER
MW_MAIN.EXE,0x02098E,133518,37,no,"VANDENBURG A GRIM REALITY, THE SENIOR"
MW_MAIN.EXE,0x0209B4,133556,40,no,COUNCIL HAD NO CHOICE BUT TO BEND TO THE
MW_MAIN.EXE,0x0209DD,133597,39,no,GROWING PUBLIC PRESSURE TO PLACE JARRIS
MW_MAIN.EXE,0x020A05,133637,42,no,MCBRIN IN OFFICE. THE TRADITIONAL CEREMONY
MW_MAIN.EXE,0x020A30,133680,41,no,WAS HELD TODAY AT THE MCBRIN ESTATE. AT A
MW_MAIN.EXE,0x020A5A,133722,39,no,FOLLOW UP PRESS CONFERENCE THE NEW DUKE
MW_MAIN.EXE,0x020A82,133762,37,no,ANNOUNCED THE BEGINNING OF A NEW ERA.
MW_MAIN.EXE,0x020AAB,133803,35,no,IT'S BEEN PRETTY QUIET AROUND HERE.
MW_MAIN.EXE,0x020ACF,133839,17,no,CHECK BACK LATER.
MW_MAIN.EXE,0x020AE5,133861,38,no,DATA FROM THE DISK ON OPERATION INROAD
MW_MAIN.EXE,0x020B0C,133900,37,no,IS SPECIFIC ABOUT THE LOCATION OF THE
MW_MAIN.EXE,0x020B32,133938,15,no,DARK WING BASE.
MW_MAIN.EXE,0x020B43,133955,8,no,  ATTACK
MW_MAIN.EXE,0x020B4C,133964,7,no,  DELAY
MW_MAIN.EXE,0x020B57,133975,41,no,THE DARKWING BASE IS NEARBY BUT AN ATTACK
MW_MAIN.EXE,0x020B81,134017,41,no,NOW WOULD BE FRUITLESS. NEWS COMES TO YOU
MW_MAIN.EXE,0x020BAB,134059,40,no,OF THE RETURN OF THE CHALICE OF HERNE BY
MW_MAIN.EXE,0x020BD4,134100,40,no,"JARRIS MCBRIN AND OF HIS NEW TITLE, DUKE"
MW_MAIN.EXE,0x020BFD,134141,17,no,OF ANDER' S MOON.
MW_MAIN.EXE,0x020C12,134162,43,no,BURNING PURPOSE. ETCHED FOREVER IN THE MIND
MW_MAIN.EXE,0x020C3E,134206,41,no,AS SLOW CURVES PULLED UPWARD INTO SPIKES.
MW_MAIN.EXE,0x020C68,134248,40,no,DARK WINGS FRAMING AN ALMOST HUMAN DEATH
MW_MAIN.EXE,0x020C91,134289,39,no,"SKULL. ALMOST, BUT FOR THE FANGS OF THE"
MW_MAIN.EXE,0x020CB9,134329,43,no,BEAST. A CREST FOR KILLERS. FIND IT AND YOU
MW_MAIN.EXE,0x020CE5,134373,36,no,"FIND THE CHALICE, AND THE DARK WING."
MW_MAIN.EXE,0x020D0A,134410,23,no,ONLY FIVE YEARS REMAIN.
MW_MAIN.EXE,0x020D25,134437,37,no,AT THE PORT YOU ARE RECOGNIZED ALMOST
MW_MAIN.EXE,0x020D4B,134475,43,no,INSTANTLY AND ARE PICKED UP BY LOCAL POLICE
MW_MAIN.EXE,0x020D77,134519,43,no,WITHIN MINUTES. THE CHARGES AGAINST YOU AND
MW_MAIN.EXE,0x020DA3,134563,42,no,"YOUR FAMILY, PHONEY THOUGH THEY MAY BE, GO"
MW_MAIN.EXE,0x020DCE,134606,42,no,"UNCHALLENGED IN COURT. HELPLESS IN PRISON,"
MW_MAIN.EXE,0x020DF9,134649,43,no,YOU ARE AN EASY TARGET FOR ASSASINS USING A
MW_MAIN.EXE,0x020E25,134693,21,no,PRISON RIOT AS COVER.
MW_MAIN.EXE,0x020E3E,134718,37,no,SUDDEN DEATH IS A GRIM REALITY IN THE
MW_MAIN.EXE,0x020E64,134756,37,no,SUCCESSOR STATES OF THE 31ST CENTURY.
MW_MAIN.EXE,0x020E8B,134795,12,no,  PLAY AGAIN
MW_MAIN.EXE,0x020E98,134808,6,no,  QUIT
MW_MAIN.EXE,0x020EA3,134819,33,no,YOU MAY CONTINUE PLAYING OR QUIT.
MW_MAIN.EXE,0x020EC6,134854,10,no,  CONTINUE
MW_MAIN.EXE,0x020ED1,134865,6,no,  QUIT
MW_MAIN.EXE,0x020EE0,134880,250,no,COPYRIGHT 1989 ACTIVISIONCOPYRIGHT 1989 ACTIVISIONCOPYRIGHT 1989 ACTIVISIONCOPYRIGHT 1989 ACTIVISIONCOPYRIGHT 1989 ACTIVISIONCOPYRIGHT 1989 ACTIVISIONCOPYRIGHT 1989 ACTIVISIONCOPYRIGHT 1989 ACTIVISIONCOPYRIGHT 1989 ACTIVISIONCOPYRIGHT 1989 ACTIVISION
MW_MAIN.EXE,0x020FE8,135144,56,no,"MS Run-Time Library - Copyright (c) 1988, Microsoft Corp"
MW_MAIN.EXE,0x0210AA,135338,21,no,AdLib PC Music System
MW_MAIN.EXE,0x0211E8,135656,24,no,Roland MT-32 Synthesizer
MW_MAIN.EXE,0x021324,135972,21,no,Tandy 1000 Sound Chip
MW_MAIN.EXE,0x0217F6,137206,16,no,Internal Speaker
MW_MAIN.EXE,0x021839,137273,7,no,KCGCC|?
MW_MAIN.EXE,0x021843,137283,5,no,8b5c2
MW_MAIN.EXE,0x021949,137545,13,no,	;C_FILE_INFO
MW_MAIN.EXE,0x0219B6,137654,8,no,<<NMSG>>
MW_MAIN.EXE,0x0219C0,137664,5,no,R6000
MW_MAIN.EXE,0x0219C7,137671,16,no,- stack overflow
MW_MAIN.EXE,0x0219DC,137692,5,no,R6003
MW_MAIN.EXE,0x0219E3,137699,21,no,- integer divide by 0
MW_MAIN.EXE,0x0219FD,137725,5,no,R6009
MW_MAIN.EXE,0x021A04,137732,34,no,- not enough space for environment
MW_MAIN.EXE,0x021A30,137776,15,no,run-time error 
MW_MAIN.EXE,0x021A42,137794,5,no,R6002
MW_MAIN.EXE,0x021A49,137801,27,no,- floating point not loaded
MW_MAIN.EXE,0x021A69,137833,5,no,R6001
MW_MAIN.EXE,0x021A70,137840,25,no,- null pointer assignment
MW_TANDY.EXE,0x00091E,2334,7,yes,6X6.FNT
MW_TANDY.EXE,0x000926,2342,9,yes,88C64.FNT
MW_TANDY.EXE,0x000930,2352,7,yes,8X8.FNT
MW_TANDY.EXE,0x000938,2360,9,yes,FOX88.FNT
MW_TANDY.EXE,0x000942,2370,10,yes,PROM88.FNT
MW_TANDY.EXE,0x0011E1,4577,5,no,PSQRV
MW_TANDY.EXE,0x001304,4868,5,no,^ZY[X
MW_TANDY.EXE,0x00130A,4874,6,no,PSQRWU
MW_TANDY.EXE,0x001321,4897,6,no,]_ZY[X
