source_file,object_id,part_id,frame_table_id,frame_index,threshold,frame_type,dx,dy,shape_ref,shape_ref_hex,shape_ref_signed,shape_ref_low_byte,shape_ref_high_byte,shape_ref_low_signed,shape_ref_high_signed,transform_index,extra_byte_or_word,record_8_hex
BMAPCK_TBL.decoded.bin,pck_object_0007,pck_object_0007_part_000,pck_object_0007_part_000_choice_000,4,121,2,83,-1,204,0x00CC,204,204,0,-52,0,,1140,790253FFCC007404
BMAPCK_TBL.decoded.bin,pck_object_0007,pck_object_0007_part_000,pck_object_0007_part_000_choice_000,20,197,2,11,-1,52,0x0034,52,52,0,52,0,,410,C5020BFF34009A01
BMAPCK_TBL.decoded.bin,pck_object_0007,pck_object_0007_part_000,pck_object_0007_part_000_choice_000,32,2,3,4,5,2047,0x07FF,2047,255,7,-1,7,2,5,02030405FF070205
BMAPCK_TBL.decoded.bin,pck_object_0007,pck_object_0007_part_000,pck_object_0007_part_000_choice_000,34,4,3,12,-1,780,0x030C,780,12,3,12,3,2,7,04030CFF0C030207
BMAPCK_TBL.decoded.bin,pck_object_0007,pck_object_0007_part_000,pck_object_0007_part_000_choice_000,98,228,3,3,-7,65335,0xFF37,-201,55,255,55,-1,131,0,E40303F937FF8300
BMAPCK_TBL.decoded.bin,pck_object_0007,pck_object_0007_part_000,pck_object_0007_part_000_choice_000,141,0,2,0,15,0,0x0000,0,0,0,0,0,,7965,0002000F00001D1F
BMAPCK_TBL.decoded.bin,pck_object_0007,pck_object_0007_part_000,pck_object_0007_part_000_choice_000,160,0,3,-1,18,35072,0x8900,-30464,0,137,0,-119,1,238,0003FF12008901EE
BMAPCK_TBL.decoded.bin,pck_object_0015,pck_object_0015_part_000,pck_object_0015_part_000_choice_000,11,11,3,-1,3,2571,0x0A0B,2571,11,10,11,10,4,255,0B03FF030B0A04FF
BMAPCK_TBL.decoded.bin,pck_object_0015,pck_object_0015_part_000,pck_object_0015_part_000_choice_000,46,147,3,39,7,65374,0xFF5E,-162,94,255,94,-1,162,0,930327075EFFA200
BMAPCK_TBL.decoded.bin,pck_object_0015,pck_object_0015_part_000,pck_object_0015_part_000_choice_000,50,147,3,94,-1,65461,0xFFB5,-75,181,255,-75,-1,12,254,93035EFFB5FF0CFE
BMAPCK_TBL.decoded.bin,pck_object_0015,pck_object_0015_part_000,pck_object_0015_part_000_choice_000,60,2,3,4,5,65286,0xFF06,-250,6,255,6,-1,8,9,0203040506FF0809
BMAPCK_TBL.decoded.bin,pck_object_0015,pck_object_0015_part_000,pck_object_0015_part_000_choice_000,62,255,2,12,11,65283,0xFF03,-253,3,255,3,-1,,2819,FF020C0B03FF030B
BMAPCK_TBL.decoded.bin,pck_object_0019,pck_object_0019_part_000,pck_object_0019_part_000_choice_000,24,9,2,-68,0,30,0x001E,30,30,0,30,0,,418,0902BC001E00A201
BMAPCK_TBL.decoded.bin,pck_object_0019,pck_object_0019_part_000,pck_object_0019_part_000_choice_000,28,170,2,46,-2,1873,0x0751,1873,81,7,81,7,,2002,AA022EFE5107D207
BMAPCK_TBL.decoded.bin,pck_object_0019,pck_object_0019_part_000,pck_object_0019_part_000_choice_000,94,1,2,3,4,1541,0x0605,1541,5,6,5,6,,2303,010203040506FF08
BMAPCK_TBL.decoded.bin,pck_object_0019,pck_object_0019_part_000,pck_object_0019_part_000_choice_000,108,37,2,0,0,0,0x0000,0,0,0,0,0,,0,2502000000000000
BMAPCK_TBL.decoded.bin,pck_object_0019,pck_object_0019_part_000,pck_object_0019_part_000_choice_000,134,147,3,-25,-1,65461,0xFFB5,-75,181,255,-75,-1,12,254,9303E7FFB5FF0CFE
BMAPCK_TBL.decoded.bin,pck_object_0021,pck_object_0021_part_000,pck_object_0021_part_000_choice_000,23,2,3,4,5,65286,0xFF06,-250,6,255,6,-1,8,9,0203040506FF0809
BMAPCK_TBL.decoded.bin,pck_object_0021,pck_object_0021_part_000,pck_object_0021_part_000_choice_000,25,255,2,12,11,65283,0xFF03,-253,3,255,3,-1,,2819,FF020C0B03FF030B
BMAPCK_TBL.decoded.bin,pck_object_0021,pck_object_0021_part_000,pck_object_0021_part_000_choice_000,67,0,3,1,0,1536,0x0600,1536,0,6,0,6,0,11,000301000006000B
BMAPCK_TBL.decoded.bin,pck_object_0021,pck_object_0021_part_000,pck_object_0021_part_000_choice_000,77,255,3,11,10,65284,0xFF04,-252,4,255,4,-1,5,9,FF030B0A04FF0509
BMAPCK_TBL.decoded.bin,pck_object_0021,pck_object_0021_part_000,pck_object_0021_part_000_choice_000,111,147,3,0,0,0,0x0000,0,0,0,0,0,0,8,9303000000000008
BMAPCK_TBL.decoded.bin,pck_object_0021,pck_object_0021_part_000,pck_object_0021_part_000_choice_000,196,1,2,3,4,1541,0x0605,1541,5,6,5,6,,2303,010203040506FF08
BMAPCK_TBL.decoded.bin,pck_object_0021,pck_object_0021_part_000,pck_object_0021_part_000_choice_000,218,50,2,0,0,0,0x0000,0,0,0,0,0,,0,3202000000000000
BMAPCK_TBL.decoded.bin,pck_object_0025,pck_object_0025_part_002,pck_object_0025_part_002_choice_000,0,4,2,-127,0,0,0x0000,0,0,0,0,0,,9216,0402810000000024
BMAPCK_TBL.decoded.bin,pck_object_0025,pck_object_0025_part_002,pck_object_0025_part_002_choice_000,1,9,2,-127,0,0,0x0000,0,0,0,0,0,,9984,0902810000000027
BMAPCK_TBL.decoded.bin,pck_object_0025,pck_object_0025_part_002,pck_object_0025_part_002_choice_000,2,14,2,-127,0,0,0x0000,0,0,0,0,0,,10752,0E0281000000002A
BMAPCK_TBL.decoded.bin,pck_object_0025,pck_object_0025_part_002,pck_object_0025_part_002_choice_000,3,19,2,-127,0,0,0x0000,0,0,0,0,0,,11008,130281000000002B
BMAPCK_TBL.decoded.bin,pck_object_0025,pck_object_0025_part_002,pck_object_0025_part_002_choice_000,4,24,2,32,33,8994,0x2322,8994,34,35,34,35,,9215,180220212223FF23
BMAPCK_TBL.decoded.bin,pck_object_0045,pck_object_0045_part_000,pck_object_0045_part_000_choice_000,31,87,3,-82,6,64803,0xFD23,-733,35,253,35,-3,90,0,5703AE0623FD5A00
BMAPCK_TBL.decoded.bin,pck_object_0045,pck_object_0045_part_000,pck_object_0045_part_000_choice_000,33,66,3,90,0,80,0x0050,80,80,0,80,0,114,1,42035A0050007201
BMAPCK_TBL.decoded.bin,pck_object_0045,pck_object_0045_part_000,pck_object_0045_part_000_choice_000,34,177,2,94,3,1724,0x06BC,1724,188,6,-68,6,,90,B1025E03BC065A00
BMAPCK_TBL.decoded.bin,pck_object_0045,pck_object_0045_part_000,pck_object_0045_part_000_choice_000,36,220,3,90,0,65436,0xFF9C,-100,156,255,-100,-1,74,1,DC035A009CFF4A01
BMAPCK_TBL.decoded.bin,pck_object_0045,pck_object_0045_part_000,pck_object_0045_part_000_choice_000,37,135,2,-82,-8,65025,0xFE01,-511,1,254,1,-2,,65346,8702AEF801FE42FF
BMAPCK_TBL.decoded.bin,pck_object_0045,pck_object_0045_part_000,pck_object_0045_part_000_choice_000,45,159,3,-90,-1,65506,0xFFE2,-30,226,255,-30,-1,154,1,9F03A6FFE2FF9A01
BMAPCK_TBL.decoded.bin,pck_object_0045,pck_object_0045_part_000,pck_object_0045_part_000_choice_000,48,199,3,-90,-1,180,0x00B4,180,180,0,-76,0,14,1,C703A6FFB4000E01
BMAPCK_TBL.decoded.bin,pck_object_0045,pck_object_0045_part_000,pck_object_0045_part_000_choice_000,60,2,3,4,5,767,0x02FF,767,255,2,-1,2,5,7,02030405FF020507
BMAPCK_TBL.decoded.bin,pck_object_0045,pck_object_0045_part_000,pck_object_0045_part_000_choice_000,62,4,3,12,-1,780,0x030C,780,12,3,12,3,2,8,04030CFF0C030208
BMAPCK_TBL.decoded.bin,pck_object_0045,pck_object_0045_part_000,pck_object_0045_part_000_choice_000,73,86,2,0,0,19,0x0013,19,19,0,19,0,,606,5602000013005E02
BMAPCK_TBL.decoded.bin,pck_object_0045,pck_object_0045_part_000,pck_object_0045_part_000_choice_000,75,246,2,-127,9,0,0x0000,0,0,0,0,0,,8704,F602810900000022
BMAPCK_TBL.decoded.bin,pck_object_0045,pck_object_0045_part_000,pck_object_0045_part_000_choice_000,76,253,2,-127,9,2048,0x0800,2048,0,8,0,8,,8968,FD02810900080823
BMAPCK_TBL.decoded.bin,pck_object_0045,pck_object_0045_part_000,pck_object_0045_part_000_choice_000,77,2,3,-127,9,256,0x0100,256,0,1,0,1,1,37,0203810900010125
BMAPCK_TBL.decoded.bin,pck_object_0045,pck_object_0045_part_000,pck_object_0045_part_000_choice_000,78,7,3,-127,9,2304,0x0900,2304,0,9,0,9,9,39,0703810900090927
BMAPCK_TBL.decoded.bin,pck_object_0045,pck_object_0045_part_000,pck_object_0045_part_000_choice_000,79,12,3,-127,9,256,0x0100,256,0,1,0,1,1,41,0C03810900010129
BMAPCK_TBL.decoded.bin,pck_object_0045,pck_object_0045_part_000,pck_object_0045_part_000_choice_000,80,17,3,-127,9,0,0x0000,0,0,0,0,0,0,43,110381090000002B
BMAPCK_TBL.decoded.bin,pck_object_0045,pck_object_0045_part_000,pck_object_0045_part_000_choice_000,81,22,3,-127,9,0,0x0000,0,0,0,0,0,0,6,1603810900000006
BMAPCK_TBL.decoded.bin,pck_object_0045,pck_object_0045_part_000,pck_object_0045_part_000_choice_000,82,27,3,-127,9,0,0x0000,0,0,0,0,0,0,50,1B03810900000032
BMAPCK_TBL.decoded.bin,pck_object_0045,pck_object_0045_part_000,pck_object_0045_part_000_choice_000,83,34,3,-127,9,0,0x0000,0,0,0,0,0,0,51,2203810900000033
BMAPCK_TBL.decoded.bin,pck_object_0045,pck_object_0045_part_000,pck_object_0045_part_000_choice_000,84,39,3,-127,9,256,0x0100,256,0,1,0,1,1,53,2703810900010135
BMAPCK_TBL.decoded.bin,pck_object_0045,pck_object_0045_part_000,pck_object_0045_part_000_choice_000,85,44,3,-127,9,2304,0x0900,2304,0,9,0,9,9,55,2C03810900090937
BMAPCK_TBL.decoded.bin,pck_object_0045,pck_object_0045_part_000,pck_object_0045_part_000_choice_000,86,49,3,-127,9,256,0x0100,256,0,1,0,1,1,57,3103810900010139
BMAPCK_TBL.decoded.bin,pck_object_0045,pck_object_0045_part_000,pck_object_0045_part_000_choice_000,87,54,3,-127,9,2048,0x0800,2048,0,8,0,8,8,59,360381090008083B
BMAPCK_TBL.decoded.bin,pck_object_0045,pck_object_0045_part_000,pck_object_0045_part_000_choice_000,88,59,3,-127,9,2048,0x0800,2048,0,8,0,8,8,60,3B0381090008083C
BMAPCK_TBL.decoded.bin,pck_object_0045,pck_object_0045_part_000,pck_object_0045_part_000_choice_000,89,64,3,-127,9,2304,0x0900,2304,0,9,0,9,9,61,400381090009093D
BMAPCK_TBL.decoded.bin,pck_object_0045,pck_object_0045_part_000,pck_object_0045_part_000_choice_000,90,69,3,-127,9,0,0x0000,0,0,0,0,0,0,62,450381090000003E
BMAPCK_TBL.decoded.bin,pck_object_0045,pck_object_0045_part_000,pck_object_0045_part_000_choice_000,91,74,3,-127,9,256,0x0100,256,0,1,0,1,1,63,4A0381090001013F
BMAPCK_TBL.decoded.bin,pck_object_0045,pck_object_0045_part_000,pck_object_0045_part_000_choice_000,92,79,3,-127,9,0,0x0000,0,0,0,0,0,0,64,4F03810900000040
BMAPCK_TBL.decoded.bin,pck_object_0045,pck_object_0045_part_000,pck_object_0045_part_000_choice_000,93,84,3,28,29,7966,0x1F1E,7966,30,31,30,31,32,33,54031C1D1E1F2021
BMAPCK_TBL.decoded.bin,pck_object_0053,pck_object_0053_part_000,pck_object_0053_part_000_choice_000,0,2,3,4,5,2047,0x07FF,2047,255,7,-1,7,2,5,02030405FF070205
BMAPCK_TBL.decoded.bin,pck_object_0054,pck_object_0054_part_001,pck_object_0054_part_001_choice_000,1,3,2,7,-1,1,0x0001,1,1,0,1,0,,286,030207FF01001E01
BMAPCK_TBL.decoded.bin,pck_object_0057,pck_object_0057_part_000,pck_object_0057_part_000_choice_000,3,21,2,0,0,0,0x0000,0,0,0,0,0,,0,1502000000000000
BMAPCK_TBL.decoded.bin,pck_object_0057,pck_object_0057_part_000,pck_object_0057_part_000_choice_000,28,188,2,-127,9,256,0x0100,256,0,1,0,1,,257,BC02810900010101
BMAPCK_TBL.decoded.bin,pck_object_0057,pck_object_0057_part_000,pck_object_0057_part_000_choice_000,36,12,2,-1,2,2828,0x0B0C,2828,12,11,12,11,,65283,0C02FF020C0B03FF
BMAPCK_TBL.decoded.bin,pck_object_0057,pck_object_0057_part_000,pck_object_0057_part_000_choice_000,49,0,2,0,17,0,0x0000,0,0,0,0,0,,8475,0002001100001B21
BMAPCK_TBL.decoded.bin,pck_object_0057,pck_object_0057_part_000,pck_object_0057_part_000_choice_000,82,255,3,11,10,65284,0xFF04,-252,4,255,4,-1,5,9,FF030B0A04FF0509
BMAPCK_TBL.decoded.bin,pck_object_0057,pck_object_0057_part_000,pck_object_0057_part_000_choice_000,172,11,3,-1,3,2571,0x0A0B,2571,11,10,11,10,4,255,0B03FF030B0A04FF
BMAPCK_TBL.decoded.bin,pck_object_0063,pck_object_0063_part_000,pck_object_0063_part_000_choice_000,2,255,3,11,10,65284,0xFF04,-252,4,255,4,-1,5,9,FF030B0A04FF0509
BMAPCK_TBL.decoded.bin,pck_object_0063,pck_object_0063_part_000,pck_object_0063_part_000_choice_000,57,12,2,-1,2,2828,0x0B0C,2828,12,11,12,11,,65283,0C02FF020C0B03FF
BMAPCK_TBL.decoded.bin,pck_object_0063,pck_object_0063_part_000,pck_object_0063_part_000_choice_000,78,0,3,0,20,0,0x0000,0,0,0,0,0,40,44,000300140000282C
BMAPCK_TBL.decoded.bin,pck_object_0063,pck_object_0063_part_000,pck_object_0063_part_000_choice_000,119,1,2,3,4,1541,0x0605,1541,5,6,5,6,,2303,010203040506FF08
BMAPCK_TBL.decoded.bin,pck_object_0063,pck_object_0063_part_000,pck_object_0063_part_000_choice_000,141,46,2,0,0,0,0x0000,0,0,0,0,0,,0,2E02000000000000
BMAPCK_TBL.decoded.bin,pck_object_0063,pck_object_0063_part_000,pck_object_0063_part_000_choice_000,157,202,3,-11,-8,0,0x0000,0,0,0,0,0,169,254,CA03F5F80000A9FE
BMAPCK_TBL.decoded.bin,pck_object_0063,pck_object_0063_part_000,pck_object_0063_part_000_choice_000,169,145,2,-109,7,65374,0xFF5E,-162,94,255,94,-1,,164,910293075EFFA400
BMAPCK_TBL.decoded.bin,pck_object_0063,pck_object_0063_part_000,pck_object_0063_part_000_choice_000,176,59,3,0,0,354,0x0162,354,98,1,98,1,31,248,3B03000062011FF8
BMAPCK_TBL.decoded.bin,pck_object_0065,pck_object_0065_part_002,pck_object_0065_part_002_choice_000,4,0,2,21,30,5919,0x171F,5919,31,23,31,23,,6143,0002151E1F17FF17
BMAPCK_TBL.decoded.bin,pck_object_0069,pck_object_0069_part_002,pck_object_0069_part_002_choice_000,4,0,2,21,30,5919,0x171F,5919,31,23,31,23,,6143,0002151E1F17FF17
BMAPCK_TBL.decoded.bin,pck_object_0077,pck_object_0077_part_000,pck_object_0077_part_000_choice_000,12,86,3,50,0,65224,0xFEC8,-312,200,254,-56,-2,154,254,56033200C8FE9AFE
BMAPCK_TBL.decoded.bin,pck_object_0077,pck_object_0077_part_000,pck_object_0077_part_000_choice_000,59,3,2,-127,1,1,0x0001,1,1,0,1,0,,2304,0302810101000009
BMAPCK_TBL.decoded.bin,pck_object_0077,pck_object_0077_part_000,pck_object_0077_part_000_choice_000,60,8,2,-127,0,2048,0x0800,2048,0,8,0,8,,2824,080281000008080B
BMAPCK_TBL.decoded.bin,pck_object_0077,pck_object_0077_part_000,pck_object_0077_part_000_choice_000,61,13,2,-127,7,2055,0x0807,2055,7,8,7,8,,3336,0D0281070708080D
BMAPCK_TBL.decoded.bin,pck_object_0077,pck_object_0077_part_000,pck_object_0077_part_000_choice_000,62,18,2,2,3,1284,0x0504,1284,4,5,4,5,,767,120202030405FF02
BMAPCK_TBL.decoded.bin,pck_object_0077,pck_object_0077_part_000,pck_object_0077_part_000_choice_000,76,112,2,0,28,2433,0x0981,2433,129,9,-127,9,,0,7002001C81090000
BMAPCK_TBL.decoded.bin,pck_object_0077,pck_object_0077_part_000,pck_object_0077_part_000_choice_000,109,0,3,0,25,0,0x0000,0,0,0,0,0,68,49,0003001900004431
BMAPCK_TBL.decoded.bin,pck_object_0079,pck_object_0079_part_002,pck_object_0079_part_002_choice_000,0,10,2,-127,23,2048,0x0800,2048,0,8,0,8,,8968,0A02811700080823
BMAPCK_TBL.decoded.bin,pck_object_0079,pck_object_0079_part_002,pck_object_0079_part_002_choice_000,1,15,2,-127,9,0,0x0000,0,0,0,0,0,,9472,0F02810900000025
BMAPCK_TBL.decoded.bin,pck_object_0079,pck_object_0079_part_002,pck_object_0079_part_002_choice_000,2,20,2,-127,9,256,0x0100,256,0,1,0,1,,9728,1402810900010026
BMAPCK_TBL.decoded.bin,pck_object_0079,pck_object_0079_part_002,pck_object_0079_part_002_choice_000,3,25,2,-127,9,256,0x0100,256,0,1,0,1,,9984,1902810900010027
BMAPCK_TBL.decoded.bin,pck_object_0079,pck_object_0079_part_002,pck_object_0079_part_002_choice_000,4,30,2,-127,9,0,0x0000,0,0,0,0,0,,10240,1E02810900000028
BMAPCK_TBL.decoded.bin,pck_object_0079,pck_object_0079_part_002,pck_object_0079_part_002_choice_000,5,35,2,17,18,5139,0x1413,5139,19,20,19,20,,65301,23021112131415FF
BMAPCK_TBL.decoded.bin,pck_object_0080,pck_object_0080_part_002,pck_object_0080_part_002_choice_000,0,10,2,-127,23,2048,0x0800,2048,0,8,0,8,,8968,0A02811700080823
BMAPCK_TBL.decoded.bin,pck_object_0080,pck_object_0080_part_002,pck_object_0080_part_002_choice_000,1,15,2,-127,9,0,0x0000,0,0,0,0,0,,9472,0F02810900000025
BMAPCK_TBL.decoded.bin,pck_object_0080,pck_object_0080_part_002,pck_object_0080_part_002_choice_000,2,20,2,-127,9,256,0x0100,256,0,1,0,1,,9728,1402810900010026
BMAPCK_TBL.decoded.bin,pck_object_0080,pck_object_0080_part_002,pck_object_0080_part_002_choice_000,3,25,2,-127,9,256,0x0100,256,0,1,0,1,,9984,1902810900010027
BMAPCK_TBL.decoded.bin,pck_object_0080,pck_object_0080_part_002,pck_object_0080_part_002_choice_000,4,30,2,-127,9,0,0x0000,0,0,0,0,0,,10240,1E02810900000028
BMAPCK_TBL.decoded.bin,pck_object_0080,pck_object_0080_part_002,pck_object_0080_part_002_choice_000,5,35,2,17,18,5139,0x1413,5139,19,20,19,20,,65301,23021112131415FF
HAMPCK_TBL.decoded.bin,pck_object_0004,pck_object_0004_part_004,pck_object_0004_part_004_choice_000,1,255,2,10,9,65283,0xFF03,-253,3,255,3,-1,,2307,FF020A0903FF0309
HAMPCK_TBL.decoded.bin,pck_object_0004,pck_object_0004_part_005,pck_object_0004_part_005_choice_000,6,255,2,22,24,65290,0xFF0A,-246,10,255,10,-1,,5142,FF0216180AFF1614
HAMPCK_TBL.decoded.bin,pck_object_0004,pck_object_0004_part_006,pck_object_0004_part_006_choice_000,6,255,2,22,24,65290,0xFF0A,-246,10,255,10,-1,,5142,FF0216180AFF1614
HAMPCK_TBL.decoded.bin,pck_object_0008,pck_object_0008_part_000,pck_object_0008_part_000_choice_000,16,255,2,10,9,65283,0xFF03,-253,3,255,3,-1,,2307,FF020A0903FF0309
HAMPCK_TBL.decoded.bin,pck_object_0008,pck_object_0008_part_000,pck_object_0008_part_000_choice_000,41,10,2,-1,2,2314,0x090A,2314,10,9,10,9,,65283,0A02FF020A0903FF
HAMPCK_TBL.decoded.bin,pck_object_0008,pck_object_0008_part_000,pck_object_0008_part_000_choice_000,76,198,2,-127,-8,230,0x00E6,230,230,0,-26,0,,101,C60281F8E6006500
HAMPCK_TBL.decoded.bin,pck_object_0008,pck_object_0008_part_000,pck_object_0008_part_000_choice_000,90,2,3,4,5,2047,0x07FF,2047,255,7,-1,7,8,9,02030405FF070809
HAMPCK_TBL.decoded.bin,pck_object_0008,pck_object_0008_part_000,pck_object_0008_part_000_choice_000,117,255,2,10,9,65283,0xFF03,-253,3,255,3,-1,,2307,FF020A0903FF0309
HAMPCK_TBL.decoded.bin,pck_object_0009,pck_object_0009_part_000,pck_object_0009_part_000_choice_000,23,10,2,-1,2,2314,0x090A,2314,10,9,10,9,,65283,0A02FF020A0903FF
HAMPCK_TBL.decoded.bin,pck_object_0009,pck_object_0009_part_000,pck_object_0009_part_000_choice_000,72,2,3,4,5,2047,0x07FF,2047,255,7,-1,7,8,9,02030405FF070809
HAMPCK_TBL.decoded.bin,pck_object_0009,pck_object_0009_part_000,pck_object_0009_part_000_choice_000,99,255,2,10,9,65283,0xFF03,-253,3,255,3,-1,,2307,FF020A0903FF0309
HAMPCK_TBL.decoded.bin,pck_object_0016,pck_object_0016_part_000,pck_object_0016_part_000_choice_000,41,10,2,-1,4,1800,0x0708,1800,8,7,8,7,,65285,0A02FF04080705FF
HAMPCK_TBL.decoded.bin,pck_object_0016,pck_object_0016_part_000,pck_object_0016_part_000_choice_000,80,198,2,-3,7,105,0x0069,105,105,0,105,0,,33,C602FD0769002100
HAMPCK_TBL.decoded.bin,pck_object_0016,pck_object_0016_part_000,pck_object_0016_part_000_choice_000,90,2,3,4,5,2047,0x07FF,2047,255,7,-1,7,8,9,02030405FF070809
HAMPCK_TBL.decoded.bin,pck_object_0016,pck_object_0016_part_000,pck_object_0016_part_000_choice_000,93,255,2,10,9,65283,0xFF03,-253,3,255,3,-1,,128,FF020A0903FF8000
HAMPCK_TBL.decoded.bin,pck_object_0017,pck_object_0017_part_000,pck_object_0017_part_000_choice_000,13,21,2,1,-8,43,0x002B,43,43,0,43,0,,11,150201F82B000B00
HAMPCK_TBL.decoded.bin,pck_object_0017,pck_object_0017_part_000,pck_object_0017_part_000_choice_000,23,10,2,-1,4,1800,0x0708,1800,8,7,8,7,,65285,0A02FF04080705FF
HAMPCK_TBL.decoded.bin,pck_object_0017,pck_object_0017_part_000,pck_object_0017_part_000_choice_000,72,2,3,4,5,2047,0x07FF,2047,255,7,-1,7,8,9,02030405FF070809
HAMPCK_TBL.decoded.bin,pck_object_0017,pck_object_0017_part_000,pck_object_0017_part_000_choice_000,75,255,2,10,9,65283,0xFF03,-253,3,255,3,-1,,128,FF020A0903FF8000
HAMPCK_TBL.decoded.bin,pck_object_0042,pck_object_0042_part_003,pck_object_0042_part_003_choice_000,7,10,2,-1,4,1800,0x0708,1800,8,7,8,7,,65285,0A02FF04080705FF
HAMPCK_TBL.decoded.bin,pck_object_0042,pck_object_0042_part_004,pck_object_0042_part_004_choice_000,4,0,2,-127,0,0,0x0000,0,0,0,0,0,,8704,0002810000000022
HAMPCK_TBL.decoded.bin,pck_object_0042,pck_object_0042_part_004,pck_object_0042_part_004_choice_000,5,5,2,-127,0,0,0x0000,0,0,0,0,0,,9472,0502810000000025
HAMPCK_TBL.decoded.bin,pck_object_0042,pck_object_0042_part_004,pck_object_0042_part_004_choice_000,6,10,2,-127,0,0,0x0000,0,0,0,0,0,,10240,0A02810000000028
HAMPCK_TBL.decoded.bin,pck_object_0042,pck_object_0042_part_004,pck_object_0042_part_004_choice_000,7,15,2,-127,0,0,0x0000,0,0,0,0,0,,10496,0F02810000000029
HAMPCK_TBL.decoded.bin,pck_object_0042,pck_object_0042_part_005,pck_object_0042_part_005_choice_000,3,224,3,0,0,6,0x0006,6,6,0,6,0,232,3,E00300000600E803
HAMPCK_TBL.decoded.bin,pck_object_0042,pck_object_0042_part_006,pck_object_0042_part_006_choice_000,1,0,2,-1,-100,54270,0xD3FE,-11266,254,211,-2,-45,,255,0002FF9CFED3FF00
HAMPCK_TBL.decoded.bin,pck_object_0048,pck_object_0048_part_000,pck_object_0048_part_000_choice_000,14,187,2,124,-8,238,0x00EE,238,238,0,-18,0,,65456,BB027CF8EE00B0FF
HAMPCK_TBL.decoded.bin,pck_object_0048,pck_object_0048_part_000,pck_object_0048_part_000_choice_000,28,2,3,4,5,2047,0x07FF,2047,255,7,-1,7,8,9,02030405FF070809
HAMPCK_TBL.decoded.bin,pck_object_0048,pck_object_0048_part_000,pck_object_0048_part_000_choice_000,55,255,2,10,9,65283,0xFF03,-253,3,255,3,-1,,2307,FF020A0903FF0309
HAMPCK_TBL.decoded.bin,pck_object_0048,pck_object_0048_part_000,pck_object_0048_part_000_choice_000,61,252,3,-52,0,65023,0xFDFF,-513,255,253,-1,-3,126,255,FC03CC00FFFD7EFF
HAMPCK_TBL.decoded.bin,pck_object_0048,pck_object_0048_part_000,pck_object_0048_part_000_choice_000,80,10,2,-1,2,2314,0x090A,2314,10,9,10,9,,65283,0A02FF020A0903FF
HAMPCK_TBL.decoded.bin,pck_object_0048,pck_object_0048_part_000,pck_object_0048_part_000_choice_000,95,102,3,61,7,2045,0x07FD,2045,253,7,-3,7,208,255,66033D07FD07D0FF
HAMPCK_TBL.decoded.bin,pck_object_0052,pck_object_0052_part_000,pck_object_0052_part_000_choice_000,3,228,3,-24,3,63664,0xF8B0,-1872,176,248,-80,-8,110,2,E403E803B0F86E02
HAMPCK_TBL.decoded.bin,pck_object_0052,pck_object_0052_part_000,pck_object_0052_part_000_choice_000,4,34,2,-59,-1,17,0x0011,17,17,0,17,0,,278,2202C5FF11001601
HAMPCK_TBL.decoded.bin,pck_object_0052,pck_object_0052_part_000,pck_object_0052_part_000_choice_000,45,255,2,10,9,65283,0xFF03,-253,3,255,3,-1,,128,FF020A0903FF8000
HAMPCK_TBL.decoded.bin,pck_object_0052,pck_object_0052_part_000,pck_object_0052_part_000_choice_000,94,10,2,-1,4,1800,0x0708,1800,8,7,8,7,,65285,0A02FF04080705FF
HAMPCK_TBL.decoded.bin,pck_object_0052,pck_object_0052_part_000,pck_object_0052_part_000_choice_000,109,255,3,-19,6,63489,0xF801,-2047,1,248,1,-8,22,0,FF03ED0601F81600
HAMPCK_TBL.decoded.bin,pck_object_0059,pck_object_0059_part_000,pck_object_0059_part_000_choice_000,16,255,2,10,9,65283,0xFF03,-253,3,255,3,-1,,2307,FF020A0903FF0309
HAMPCK_TBL.decoded.bin,pck_object_0059,pck_object_0059_part_000,pck_object_0059_part_000_choice_000,22,252,3,-52,0,65023,0xFDFF,-513,255,253,-1,-3,126,255,FC03CC00FFFD7EFF
HAMPCK_TBL.decoded.bin,pck_object_0059,pck_object_0059_part_000,pck_object_0059_part_000_choice_000,41,10,2,-1,2,2314,0x090A,2314,10,9,10,9,,65283,0A02FF020A0903FF
HAMPCK_TBL.decoded.bin,pck_object_0059,pck_object_0059_part_000,pck_object_0059_part_000_choice_000,56,102,3,61,7,2045,0x07FD,2045,253,7,-3,7,208,255,66033D07FD07D0FF
HAMPCK_TBL.decoded.bin,pck_object_0059,pck_object_0059_part_000,pck_object_0059_part_000_choice_000,90,2,3,4,5,2047,0x07FF,2047,255,7,-1,7,8,9,02030405FF070809
HAMPCK_TBL.decoded.bin,pck_object_0059,pck_object_0059_part_000,pck_object_0059_part_000_choice_000,111,135,2,12,-2,141,0x008D,141,141,0,-115,0,,65306,87020CFE8D001AFF
HAMPCK_TBL.decoded.bin,pck_object_0059,pck_object_0059_part_000,pck_object_0059_part_000_choice_000,123,147,3,-22,-1,65468,0xFFBC,-68,188,255,-68,-1,105,254,9303EAFFBCFF69FE
HAMPCK_TBL.decoded.bin,pck_object_0060,pck_object_0060_part_000,pck_object_0060_part_000_choice_000,23,10,2,-1,2,2314,0x090A,2314,10,9,10,9,,65283,0A02FF020A0903FF
HAMPCK_TBL.decoded.bin,pck_object_0060,pck_object_0060_part_000,pck_object_0060_part_000_choice_000,38,255,3,-19,6,2046,0x07FE,2046,254,7,-2,7,212,255,FF03ED06FE07D4FF
HAMPCK_TBL.decoded.bin,pck_object_0060,pck_object_0060_part_000,pck_object_0060_part_000_choice_000,72,2,3,4,5,2047,0x07FF,2047,255,7,-1,7,8,9,02030405FF070809
HAMPCK_TBL.decoded.bin,pck_object_0060,pck_object_0060_part_000,pck_object_0060_part_000_choice_000,76,185,2,0,0,0,0x0000,0,0,0,0,0,,0,B902000000000000
HAMPCK_TBL.decoded.bin,pck_object_0060,pck_object_0060_part_000,pck_object_0060_part_000_choice_000,99,255,2,10,9,65283,0xFF03,-253,3,255,3,-1,,2307,FF020A0903FF0309
HAMPCK_TBL.decoded.bin,pck_object_0064,pck_object_0064_part_002,pck_object_0064_part_002_choice_000,26,1,2,3,4,1541,0x0605,1541,5,6,5,6,,2303,010203040506FF08
HAMPCK_TBL.decoded.bin,pck_object_0064,pck_object_0064_part_002,pck_object_0064_part_002_choice_000,76,155,3,35,7,65388,0xFF6C,-148,108,255,108,-1,148,0,9B0323076CFF9400
HAMPCK_TBL.decoded.bin,pck_object_0076,pck_object_0076_part_002,pck_object_0076_part_002_choice_000,23,171,2,0,8,0,0x0000,0,0,0,0,0,,0,AB02000800000000
HAMPCK_TBL.decoded.bin,pck_object_0076,pck_object_0076_part_002,pck_object_0076_part_002_choice_000,30,232,3,0,0,0,0x0000,0,0,0,0,0,255,7,E80300000000FF07
HAMPCK_TBL.decoded.bin,pck_object_0076,pck_object_0076_part_002,pck_object_0076_part_002_choice_000,49,29,2,-54,-8,65399,0xFF77,-137,119,255,119,-1,,65134,1D02CAF877FF6EFE
HAMPCK_TBL.decoded.bin,pck_object_0076,pck_object_0076_part_002,pck_object_0076_part_002_choice_000,82,160,2,0,0,1153,0x0481,1153,129,4,-127,4,,1028,A002000081040404
HAMPCK_TBL.decoded.bin,pck_object_0076,pck_object_0076_part_002,pck_object_0076_part_002_choice_000,87,3,2,-1,1,51968,0xCB00,-13568,0,203,0,-53,,2,0302FF0100CB0200
HAMPCK_TBL.decoded.bin,pck_object_0076,pck_object_0076_part_002,pck_object_0076_part_002_choice_000,88,0,2,0,-45,2,0x0002,2,2,0,2,0,,33024,000200D302000081
HAMPCK_TBL.decoded.bin,pck_object_0076,pck_object_0076_part_002,pck_object_0076_part_002_choice_000,102,62,3,0,0,5,0x0005,5,5,0,5,0,70,3,3E03000005004603
HAMPCK_TBL.decoded.bin,pck_object_0076,pck_object_0076_part_002,pck_object_0076_part_002_choice_000,104,110,3,-127,4,1032,0x0408,1032,8,4,8,4,4,33,6E03810408040421
HAMPCK_TBL.decoded.bin,pck_object_0076,pck_object_0076_part_002,pck_object_0076_part_002_choice_000,105,115,3,-127,4,1032,0x0408,1032,8,4,8,4,4,36,7303810408040424
HAMPCK_TBL.decoded.bin,pck_object_0076,pck_object_0076_part_002,pck_object_0076_part_002_choice_000,106,120,3,-127,4,8,0x0008,8,8,0,8,0,0,38,7803810408000026
HAMPCK_TBL.decoded.bin,pck_object_0076,pck_object_0076_part_002,pck_object_0076_part_002_choice_000,107,125,3,-127,4,8,0x0008,8,8,0,8,0,0,40,7D03810408000028
HAMPCK_TBL.decoded.bin,pck_object_0076,pck_object_0076_part_002,pck_object_0076_part_002_choice_000,108,130,3,29,30,8223,0x201F,8223,31,32,31,32,255,34,82031D1E1F20FF22
HAMPCK_TBL.decoded.bin,pck_object_0076,pck_object_0076_part_002,pck_object_0076_part_002_choice_000,122,224,3,0,0,2177,0x0881,2177,129,8,-127,8,8,0,E003000081080800
HAMPCK_TBL.decoded.bin,pck_object_0076,pck_object_0076_part_007,pck_object_0076_part_007_choice_000,23,171,2,0,8,0,0x0000,0,0,0,0,0,,0,AB02000800000000
HAMPCK_TBL.decoded.bin,pck_object_0076,pck_object_0076_part_007,pck_object_0076_part_007_choice_000,30,232,3,0,0,0,0x0000,0,0,0,0,0,255,7,E80300000000FF07
HAMPCK_TBL.decoded.bin,pck_object_0076,pck_object_0076_part_007,pck_object_0076_part_007_choice_000,49,29,2,-54,-8,65399,0xFF77,-137,119,255,119,-1,,65134,1D02CAF877FF6EFE
HAMPCK_TBL.decoded.bin,pck_object_0076,pck_object_0076_part_007,pck_object_0076_part_007_choice_000,82,160,2,0,0,1153,0x0481,1153,129,4,-127,4,,1028,A002000081040404
HAMPCK_TBL.decoded.bin,pck_object_0076,pck_object_0076_part_007,pck_object_0076_part_007_choice_000,87,3,2,-1,1,51968,0xCB00,-13568,0,203,0,-53,,2,0302FF0100CB0200
HAMPCK_TBL.decoded.bin,pck_object_0076,pck_object_0076_part_007,pck_object_0076_part_007_choice_000,88,0,2,0,-45,2,0x0002,2,2,0,2,0,,33024,000200D302000081
HAMPCK_TBL.decoded.bin,pck_object_0076,pck_object_0076_part_007,pck_object_0076_part_007_choice_000,102,62,3,0,0,5,0x0005,5,5,0,5,0,70,3,3E03000005004603
HAMPCK_TBL.decoded.bin,pck_object_0076,pck_object_0076_part_007,pck_object_0076_part_007_choice_000,104,110,3,-127,4,1032,0x0408,1032,8,4,8,4,4,33,6E03810408040421
HAMPCK_TBL.decoded.bin,pck_object_0076,pck_object_0076_part_007,pck_object_0076_part_007_choice_000,105,115,3,-127,4,1032,0x0408,1032,8,4,8,4,4,36,7303810408040424
HAMPCK_TBL.decoded.bin,pck_object_0076,pck_object_0076_part_007,pck_object_0076_part_007_choice_000,106,120,3,-127,4,8,0x0008,8,8,0,8,0,0,38,7803810408000026
HAMPCK_TBL.decoded.bin,pck_object_0076,pck_object_0076_part_007,pck_object_0076_part_007_choice_000,107,125,3,-127,4,8,0x0008,8,8,0,8,0,0,40,7D03810408000028
HAMPCK_TBL.decoded.bin,pck_object_0076,pck_object_0076_part_007,pck_object_0076_part_007_choice_000,108,130,3,29,30,8223,0x201F,8223,31,32,31,32,255,34,82031D1E1F20FF22
HAMPCK_TBL.decoded.bin,pck_object_0076,pck_object_0076_part_007,pck_object_0076_part_007_choice_000,122,224,3,0,0,2177,0x0881,2177,129,8,-127,8,8,0,E003000081080800
JENPCK_TBL.decoded.bin,pck_object_0004,pck_object_0004_part_002,pck_object_0004_part_002_choice_000,0,12,2,27,27,7452,0x1D1C,7452,28,29,28,29,,65310,0C021B1B1C1D1EFF
JENPCK_TBL.decoded.bin,pck_object_0004,pck_object_0004_part_003,pck_object_0004_part_003_choice_000,0,54,2,-127,0,0,0x0000,0,0,0,0,0,,8704,3602810000000022
JENPCK_TBL.decoded.bin,pck_object_0004,pck_object_0004_part_003,pck_object_0004_part_003_choice_000,1,60,2,-127,0,0,0x0000,0,0,0,0,0,,9216,3C02810000000024
JENPCK_TBL.decoded.bin,pck_object_0004,pck_object_0004_part_003,pck_object_0004_part_003_choice_000,2,66,2,32,32,6940,0x1B1C,6940,28,27,28,27,,65313,420220201C1B21FF
JENPCK_TBL.decoded.bin,pck_object_0004,pck_object_0004_part_004,pck_object_0004_part_004_choice_000,0,92,2,35,35,7181,0x1C0D,7181,13,28,13,28,,65312,5C0223230D1C20FF
JENPCK_TBL.decoded.bin,pck_object_0004,pck_object_0004_part_005,pck_object_0004_part_005_choice_000,0,118,2,41,41,2333,0x091D,2333,29,9,29,9,,65322,760229291D092AFF
JENPCK_TBL.decoded.bin,pck_object_0004,pck_object_0004_part_006,pck_object_0004_part_006_choice_000,0,160,2,-127,7,1799,0x0707,1799,7,7,7,7,,2055,A002810707070708
JENPCK_TBL.decoded.bin,pck_object_0004,pck_object_0004_part_006,pck_object_0004_part_006_choice_000,1,166,2,-127,0,0,0x0000,0,0,0,0,0,,8704,A602810000000022
JENPCK_TBL.decoded.bin,pck_object_0004,pck_object_0004_part_006,pck_object_0004_part_006_choice_000,2,172,2,44,44,11550,0x2D1E,11550,30,45,30,45,,65290,AC022C2C1E2D0AFF
JENPCK_TBL.decoded.bin,pck_object_0005,pck_object_0005_part_000,pck_object_0005_part_000_choice_000,42,3,3,8,4,33023,0x80FF,-32513,255,128,-1,-128,0,68,03030804FF800044
JENPCK_TBL.decoded.bin,pck_object_0005,pck_object_0005_part_000,pck_object_0005_part_000_choice_000,59,0,2,2,3,1284,0x0504,1284,4,5,4,5,,2047,000202030405FF07
JENPCK_TBL.decoded.bin,pck_object_0005,pck_object_0005_part_000,pck_object_0005_part_000_choice_000,98,2,3,4,5,2047,0x07FF,2047,255,7,-1,7,7,8,02030405FF070708
JENPCK_TBL.decoded.bin,pck_object_0005,pck_object_0005_part_000,pck_object_0005_part_000_choice_000,99,3,2,-1,5,1029,0x0405,1029,5,4,5,4,,1800,0302FF0505040807
JENPCK_TBL.decoded.bin,pck_object_0005,pck_object_0005_part_000,pck_object_0005_part_000_choice_000,100,255,3,3,8,65284,0xFF04,-252,4,255,4,-1,128,0,FF03030804FF8000
JENPCK_TBL.decoded.bin,pck_object_0006,pck_object_0006_part_000,pck_object_0006_part_000_choice_000,36,2,3,4,5,2047,0x07FF,2047,255,7,-1,7,7,8,02030405FF070708
JENPCK_TBL.decoded.bin,pck_object_0006,pck_object_0006_part_000,pck_object_0006_part_000_choice_000,37,3,2,-1,5,1029,0x0405,1029,5,4,5,4,,1800,0302FF0505040807
JENPCK_TBL.decoded.bin,pck_object_0006,pck_object_0006_part_000,pck_object_0006_part_000_choice_000,38,255,3,3,8,65284,0xFF04,-252,4,255,4,-1,128,0,FF03030804FF8000
JENPCK_TBL.decoded.bin,pck_object_0006,pck_object_0006_part_000,pck_object_0006_part_000_choice_000,94,2,2,3,4,65285,0xFF05,-251,5,255,5,-1,,1799,0202030405FF0707
JENPCK_TBL.decoded.bin,pck_object_0006,pck_object_0006_part_000,pck_object_0006_part_000_choice_000,95,8,3,2,-1,1285,0x0505,1285,5,5,5,5,4,8,080302FF05050408
JENPCK_TBL.decoded.bin,pck_object_0008,pck_object_0008_part_000,pck_object_0008_part_000_choice_000,36,2,3,4,5,2047,0x07FF,2047,255,7,-1,7,7,8,02030405FF070708
JENPCK_TBL.decoded.bin,pck_object_0008,pck_object_0008_part_000,pck_object_0008_part_000_choice_000,37,3,2,-1,5,1029,0x0405,1029,5,4,5,4,,1800,0302FF0505040807
JENPCK_TBL.decoded.bin,pck_object_0008,pck_object_0008_part_000,pck_object_0008_part_000_choice_000,38,255,3,3,8,65284,0xFF04,-252,4,255,4,-1,128,0,FF03030804FF8000
JENPCK_TBL.decoded.bin,pck_object_0010,pck_object_0010_part_000,pck_object_0010_part_000_choice_000,29,2,2,3,4,65285,0xFF05,-251,5,255,5,-1,,1799,0202030405FF0707
JENPCK_TBL.decoded.bin,pck_object_0010,pck_object_0010_part_000,pck_object_0010_part_000_choice_000,30,8,3,2,-1,1285,0x0505,1285,5,5,5,5,4,8,080302FF05050408
JENPCK_TBL.decoded.bin,pck_object_0010,pck_object_0010_part_000,pck_object_0010_part_000_choice_000,50,3,2,9,-1,1285,0x0505,1285,5,5,5,5,,1796,030209FF05050407
JENPCK_TBL.decoded.bin,pck_object_0010,pck_object_0010_part_000,pck_object_0010_part_000_choice_000,87,0,2,2,3,1284,0x0504,1284,4,5,4,5,,1279,000202030405FF04
JENPCK_TBL.decoded.bin,pck_object_0010,pck_object_0010_part_000,pck_object_0010_part_000_choice_000,88,4,3,7,-1,1799,0x0707,1799,7,7,7,7,3,2,040307FF07070302
JENPCK_TBL.decoded.bin,pck_object_0023,pck_object_0023_part_000,pck_object_0023_part_000_choice_000,80,2,2,3,4,65285,0xFF05,-251,5,255,5,-1,,1799,0202030405FF0707
JENPCK_TBL.decoded.bin,pck_object_0023,pck_object_0023_part_000,pck_object_0023_part_000_choice_000,132,2,2,9,16,65283,0xFF03,-253,3,255,3,-1,,2570,0202091003FF0A0A
JENPCK_TBL.decoded.bin,pck_object_0024,pck_object_0024_part_000,pck_object_0024_part_000_choice_000,34,4,3,9,-1,3341,0x0D0D,3341,13,13,13,13,5,4,040309FF0D0D0504
JENPCK_TBL.decoded.bin,pck_object_0024,pck_object_0024_part_000,pck_object_0024_part_000_choice_000,57,207,2,125,7,1,0x0001,1,1,0,1,0,,178,CF027D070100B200
JENPCK_TBL.decoded.bin,pck_object_0024,pck_object_0024_part_000,pck_object_0024_part_000_choice_000,72,2,2,3,4,65285,0xFF05,-251,5,255,5,-1,,1799,0202030405FF0707
JENPCK_TBL.decoded.bin,pck_object_0024,pck_object_0024_part_000,pck_object_0024_part_000_choice_000,125,9,3,2,-1,2570,0x0A0A,2570,10,10,10,10,2,5,090302FF0A0A0205
JENPCK_TBL.decoded.bin,pck_object_0031,pck_object_0031_part_000,pck_object_0031_part_000_choice_000,42,4,3,9,-1,3341,0x0D0D,3341,13,13,13,13,5,4,040309FF0D0D0504
JENPCK_TBL.decoded.bin,pck_object_0031,pck_object_0031_part_000,pck_object_0031_part_000_choice_000,65,207,2,125,7,1,0x0001,1,1,0,1,0,,178,CF027D070100B200
JENPCK_TBL.decoded.bin,pck_object_0031,pck_object_0031_part_000,pck_object_0031_part_000_choice_000,80,2,2,3,4,65285,0xFF05,-251,5,255,5,-1,,1799,0202030405FF0707
JENPCK_TBL.decoded.bin,pck_object_0031,pck_object_0031_part_000,pck_object_0031_part_000_choice_000,133,9,3,2,-1,2570,0x0A0A,2570,10,10,10,10,2,5,090302FF0A0A0205
JENPCK_TBL.decoded.bin,pck_object_0032,pck_object_0032_part_000,pck_object_0032_part_000_choice_000,1,13,2,7,-1,3855,0x0F0F,3855,15,15,15,15,,1286,0D0207FF0F0F0605
JENPCK_TBL.decoded.bin,pck_object_0032,pck_object_0032_part_000,pck_object_0032_part_000_choice_000,4,3,2,13,-1,1,0x0001,1,1,0,1,0,,474,03020DFF0100DA01
JENPCK_TBL.decoded.bin,pck_object_0032,pck_object_0032_part_000,pck_object_0032_part_000_choice_000,8,3,3,19,10,65284,0xFF04,-252,4,255,4,-1,10,10,0303130A04FF0A0A
JENPCK_TBL.decoded.bin,pck_object_0032,pck_object_0032_part_000,pck_object_0032_part_000_choice_000,13,28,2,0,0,3,0x0003,3,3,0,3,0,,548,1C02000003002402
JENPCK_TBL.decoded.bin,pck_object_0032,pck_object_0032_part_000,pck_object_0032_part_000_choice_000,15,60,2,-127,0,0,0x0000,0,0,0,0,0,,8704,3C02810000000022
JENPCK_TBL.decoded.bin,pck_object_0032,pck_object_0032_part_000,pck_object_0032_part_000_choice_000,16,66,2,-127,0,0,0x0000,0,0,0,0,0,,9216,4202810000000024
JENPCK_TBL.decoded.bin,pck_object_0032,pck_object_0032_part_000,pck_object_0032_part_000_choice_000,17,72,2,32,32,6940,0x1B1C,6940,28,27,28,27,,65313,480220201C1B21FF
JENPCK_TBL.decoded.bin,pck_object_0032,pck_object_0032_part_000,pck_object_0032_part_000_choice_000,23,108,2,0,0,1,0x0001,1,1,0,1,0,,628,6C02000001007402
JENPCK_TBL.decoded.bin,pck_object_0032,pck_object_0032_part_000,pck_object_0032_part_000_choice_000,25,124,2,41,41,2333,0x091D,2333,29,9,29,9,,65322,7C0229291D092AFF
JENPCK_TBL.decoded.bin,pck_object_0032,pck_object_0032_part_000,pck_object_0032_part_000_choice_000,27,142,2,32,7,129,0x0081,129,129,0,-127,0,,0,8E02200781000000
JENPCK_TBL.decoded.bin,pck_object_0032,pck_object_0032_part_000,pck_object_0032_part_000_choice_000,50,226,3,0,0,65483,0xFFCB,-53,203,255,-53,-1,213,0,E2030000CBFFD500
JENPCK_TBL.decoded.bin,pck_object_0032,pck_object_0032_part_000,pck_object_0032_part_000_choice_000,96,6,2,106,101,385,0x0181,385,129,1,-127,1,,257,06026A6581010101
JENPCK_TBL.decoded.bin,pck_object_0032,pck_object_0032_part_000,pck_object_0032_part_000_choice_000,106,86,2,32,7,129,0x0081,129,129,0,-127,0,,0,5602200781000000
JENPCK_TBL.decoded.bin,pck_object_0032,pck_object_0032_part_000,pck_object_0032_part_000_choice_000,140,63,3,79,7,63488,0xF800,-2048,0,248,0,-8,0,0,3F034F0700F80000
JENPCK_TBL.decoded.bin,pck_object_0032,pck_object_0032_part_000,pck_object_0032_part_000_choice_000,144,38,3,-120,-1,65483,0xFFCB,-53,203,255,-53,-1,47,1,260388FFCBFF2F01
JENPCK_TBL.decoded.bin,pck_object_0032,pck_object_0032_part_000,pck_object_0032_part_000_choice_000,146,88,2,-24,3,0,0x0000,0,0,0,0,0,,1448,5802E8030000A805
JENPCK_TBL.decoded.bin,pck_object_0032,pck_object_0032_part_000,pck_object_0032_part_000_choice_000,170,2,2,3,4,1541,0x0605,1541,5,6,5,6,,65287,02020304050607FF
JENPCK_TBL.decoded.bin,pck_object_0032,pck_object_0032_part_000,pck_object_0032_part_000_choice_000,172,13,2,7,-1,3855,0x0F0F,3855,15,15,15,15,,1286,0D0207FF0F0F0605
JENPCK_TBL.decoded.bin,pck_object_0032,pck_object_0032_part_000,pck_object_0032_part_000_choice_000,175,3,2,13,-1,1,0x0001,1,1,0,1,0,,466,03020DFF0100D201
JENPCK_TBL.decoded.bin,pck_object_0032,pck_object_0032_part_000,pck_object_0032_part_000_choice_000,179,3,3,19,10,65284,0xFF04,-252,4,255,4,-1,10,10,0303130A04FF0A0A
JENPCK_TBL.decoded.bin,pck_object_0032,pck_object_0032_part_000,pck_object_0032_part_000_choice_000,184,20,2,0,0,3,0x0003,3,3,0,3,0,,540,1402000003001C02
JENPCK_TBL.decoded.bin,pck_object_0038,pck_object_0038_part_000,pck_object_0038_part_000_choice_000,9,232,3,-12,1,0,0x0000,0,0,0,0,0,0,0,E803F40100000000
JENPCK_TBL.decoded.bin,pck_object_0038,pck_object_0038_part_000,pck_object_0038_part_000_choice_000,28,232,3,0,0,1448,0x05A8,1448,168,5,-88,5,168,5,E8030000A805A805
JENPCK_TBL.decoded.bin,pck_object_0038,pck_object_0038_part_000,pck_object_0038_part_000_choice_000,39,88,2,56,-1,160,0x00A0,160,160,0,-96,0,,0,580238FFA0000000
JENPCK_TBL.decoded.bin,pck_object_0038,pck_object_0038_part_000,pck_object_0038_part_000_choice_000,79,134,2,0,0,3,0x0003,3,3,0,3,0,,654,8602000003008E02
JENPCK_TBL.decoded.bin,pck_object_0038,pck_object_0038_part_000,pck_object_0038_part_000_choice_000,81,166,2,-127,7,1799,0x0707,1799,7,7,7,7,,2055,A602810707070708
JENPCK_TBL.decoded.bin,pck_object_0038,pck_object_0038_part_000,pck_object_0038_part_000_choice_000,82,172,2,-127,0,0,0x0000,0,0,0,0,0,,8704,AC02810000000022
JENPCK_TBL.decoded.bin,pck_object_0038,pck_object_0038_part_000,pck_object_0038_part_000_choice_000,83,178,2,44,44,11550,0x2D1E,11550,30,45,30,45,,65290,B2022C2C1E2D0AFF
JENPCK_TBL.decoded.bin,pck_object_0038,pck_object_0038_part_000,pck_object_0038_part_000_choice_000,91,20,2,38,46,78,0x004E,78,78,0,78,0,,1,1402262E4E000100
JENPCK_TBL.decoded.bin,pck_object_0038,pck_object_0038_part_000,pck_object_0038_part_000_choice_000,92,74,2,40,46,78,0x004E,78,78,0,78,0,,1,4A02282E4E000100
JENPCK_TBL.decoded.bin,pck_object_0038,pck_object_0038_part_000,pck_object_0038_part_000_choice_000,93,100,2,43,46,78,0x004E,78,78,0,78,0,,1,64022B2E4E000100
JENPCK_TBL.decoded.bin,pck_object_0038,pck_object_0038_part_000,pck_object_0038_part_000_choice_000,94,126,2,0,0,1000,0x03E8,1000,232,3,-24,3,,500,7E020000E803F401
JENPCK_TBL.decoded.bin,pck_object_0038,pck_object_0038_part_000,pck_object_0038_part_000_choice_000,123,88,2,-100,-1,0,0x0000,0,0,0,0,0,,1448,58029CFF0000A805
JENPCK_TBL.decoded.bin,pck_object_0038,pck_object_0038_part_004,pck_object_0038_part_004_choice_000,9,232,3,-12,1,0,0x0000,0,0,0,0,0,0,0,E803F40100000000
JENPCK_TBL.decoded.bin,pck_object_0038,pck_object_0038_part_004,pck_object_0038_part_004_choice_000,28,232,3,0,0,1448,0x05A8,1448,168,5,-88,5,168,5,E8030000A805A805
JENPCK_TBL.decoded.bin,pck_object_0038,pck_object_0038_part_004,pck_object_0038_part_004_choice_000,39,88,2,56,-1,160,0x00A0,160,160,0,-96,0,,0,580238FFA0000000
JENPCK_TBL.decoded.bin,pck_object_0038,pck_object_0038_part_004,pck_object_0038_part_004_choice_000,79,134,2,0,0,3,0x0003,3,3,0,3,0,,654,8602000003008E02
JENPCK_TBL.decoded.bin,pck_object_0038,pck_object_0038_part_004,pck_object_0038_part_004_choice_000,81,166,2,-127,7,1799,0x0707,1799,7,7,7,7,,2055,A602810707070708
JENPCK_TBL.decoded.bin,pck_object_0038,pck_object_0038_part_004,pck_object_0038_part_004_choice_000,82,172,2,-127,0,0,0x0000,0,0,0,0,0,,8704,AC02810000000022
JENPCK_TBL.decoded.bin,pck_object_0038,pck_object_0038_part_004,pck_object_0038_part_004_choice_000,83,178,2,44,44,11550,0x2D1E,11550,30,45,30,45,,65290,B2022C2C1E2D0AFF
JENPCK_TBL.decoded.bin,pck_object_0038,pck_object_0038_part_004,pck_object_0038_part_004_choice_000,91,20,2,38,46,78,0x004E,78,78,0,78,0,,1,1402262E4E000100
JENPCK_TBL.decoded.bin,pck_object_0038,pck_object_0038_part_004,pck_object_0038_part_004_choice_000,92,74,2,40,46,78,0x004E,78,78,0,78,0,,1,4A02282E4E000100
JENPCK_TBL.decoded.bin,pck_object_0038,pck_object_0038_part_004,pck_object_0038_part_004_choice_000,93,100,2,43,46,78,0x004E,78,78,0,78,0,,1,64022B2E4E000100
JENPCK_TBL.decoded.bin,pck_object_0038,pck_object_0038_part_004,pck_object_0038_part_004_choice_000,94,126,2,0,0,1000,0x03E8,1000,232,3,-24,3,,500,7E020000E803F401
JENPCK_TBL.decoded.bin,pck_object_0038,pck_object_0038_part_004,pck_object_0038_part_004_choice_000,123,88,2,-100,-1,0,0x0000,0,0,0,0,0,,1448,58029CFF0000A805
JENPCK_TBL.decoded.bin,pck_object_0038,pck_object_0038_part_005,pck_object_0038_part_005_choice_000,9,232,3,-12,1,0,0x0000,0,0,0,0,0,0,0,E803F40100000000
JENPCK_TBL.decoded.bin,pck_object_0038,pck_object_0038_part_005,pck_object_0038_part_005_choice_000,28,232,3,0,0,1448,0x05A8,1448,168,5,-88,5,168,5,E8030000A805A805
JENPCK_TBL.decoded.bin,pck_object_0038,pck_object_0038_part_005,pck_object_0038_part_005_choice_000,39,88,2,56,-1,160,0x00A0,160,160,0,-96,0,,0,580238FFA0000000
JENPCK_TBL.decoded.bin,pck_object_0038,pck_object_0038_part_005,pck_object_0038_part_005_choice_000,79,134,2,0,0,3,0x0003,3,3,0,3,0,,654,8602000003008E02
JENPCK_TBL.decoded.bin,pck_object_0038,pck_object_0038_part_005,pck_object_0038_part_005_choice_000,81,166,2,-127,7,1799,0x0707,1799,7,7,7,7,,2055,A602810707070708
JENPCK_TBL.decoded.bin,pck_object_0038,pck_object_0038_part_005,pck_object_0038_part_005_choice_000,82,172,2,-127,0,0,0x0000,0,0,0,0,0,,8704,AC02810000000022
JENPCK_TBL.decoded.bin,pck_object_0038,pck_object_0038_part_005,pck_object_0038_part_005_choice_000,83,178,2,44,44,11550,0x2D1E,11550,30,45,30,45,,65290,B2022C2C1E2D0AFF
JENPCK_TBL.decoded.bin,pck_object_0038,pck_object_0038_part_005,pck_object_0038_part_005_choice_000,91,20,2,38,46,78,0x004E,78,78,0,78,0,,1,1402262E4E000100
JENPCK_TBL.decoded.bin,pck_object_0038,pck_object_0038_part_005,pck_object_0038_part_005_choice_000,92,74,2,40,46,78,0x004E,78,78,0,78,0,,1,4A02282E4E000100
JENPCK_TBL.decoded.bin,pck_object_0038,pck_object_0038_part_005,pck_object_0038_part_005_choice_000,93,100,2,43,46,78,0x004E,78,78,0,78,0,,1,64022B2E4E000100
JENPCK_TBL.decoded.bin,pck_object_0038,pck_object_0038_part_005,pck_object_0038_part_005_choice_000,94,126,2,0,0,1000,0x03E8,1000,232,3,-24,3,,500,7E020000E803F401
JENPCK_TBL.decoded.bin,pck_object_0038,pck_object_0038_part_005,pck_object_0038_part_005_choice_000,123,88,2,-100,-1,0,0x0000,0,0,0,0,0,,1448,58029CFF0000A805
JENPCK_TBL.decoded.bin,pck_object_0038,pck_object_0038_part_006,pck_object_0038_part_006_choice_000,9,232,3,-12,1,0,0x0000,0,0,0,0,0,0,0,E803F40100000000
JENPCK_TBL.decoded.bin,pck_object_0038,pck_object_0038_part_006,pck_object_0038_part_006_choice_000,28,232,3,0,0,1448,0x05A8,1448,168,5,-88,5,168,5,E8030000A805A805
JENPCK_TBL.decoded.bin,pck_object_0038,pck_object_0038_part_006,pck_object_0038_part_006_choice_000,39,88,2,56,-1,160,0x00A0,160,160,0,-96,0,,0,580238FFA0000000
JENPCK_TBL.decoded.bin,pck_object_0038,pck_object_0038_part_006,pck_object_0038_part_006_choice_000,79,134,2,0,0,3,0x0003,3,3,0,3,0,,654,8602000003008E02
JENPCK_TBL.decoded.bin,pck_object_0038,pck_object_0038_part_006,pck_object_0038_part_006_choice_000,81,166,2,-127,7,1799,0x0707,1799,7,7,7,7,,2055,A602810707070708
JENPCK_TBL.decoded.bin,pck_object_0038,pck_object_0038_part_006,pck_object_0038_part_006_choice_000,82,172,2,-127,0,0,0x0000,0,0,0,0,0,,8704,AC02810000000022
JENPCK_TBL.decoded.bin,pck_object_0038,pck_object_0038_part_006,pck_object_0038_part_006_choice_000,83,178,2,44,44,11550,0x2D1E,11550,30,45,30,45,,65290,B2022C2C1E2D0AFF
JENPCK_TBL.decoded.bin,pck_object_0038,pck_object_0038_part_006,pck_object_0038_part_006_choice_000,91,20,2,38,46,78,0x004E,78,78,0,78,0,,1,1402262E4E000100
JENPCK_TBL.decoded.bin,pck_object_0038,pck_object_0038_part_006,pck_object_0038_part_006_choice_000,92,74,2,40,46,78,0x004E,78,78,0,78,0,,1,4A02282E4E000100
JENPCK_TBL.decoded.bin,pck_object_0038,pck_object_0038_part_006,pck_object_0038_part_006_choice_000,93,100,2,43,46,78,0x004E,78,78,0,78,0,,1,64022B2E4E000100
JENPCK_TBL.decoded.bin,pck_object_0038,pck_object_0038_part_006,pck_object_0038_part_006_choice_000,94,126,2,0,0,1000,0x03E8,1000,232,3,-24,3,,500,7E020000E803F401
JENPCK_TBL.decoded.bin,pck_object_0038,pck_object_0038_part_006,pck_object_0038_part_006_choice_000,123,88,2,-100,-1,0,0x0000,0,0,0,0,0,,1448,58029CFF0000A805
JENPCK_TBL.decoded.bin,pck_object_0042,pck_object_0042_part_000,pck_object_0042_part_000_choice_000,9,232,3,-12,1,0,0x0000,0,0,0,0,0,0,0,E803F40100000000
JENPCK_TBL.decoded.bin,pck_object_0042,pck_object_0042_part_000,pck_object_0042_part_000_choice_000,28,232,3,0,0,1448,0x05A8,1448,168,5,-88,5,168,5,E8030000A805A805
JENPCK_TBL.decoded.bin,pck_object_0042,pck_object_0042_part_000,pck_object_0042_part_000_choice_000,39,88,2,56,-1,160,0x00A0,160,160,0,-96,0,,0,580238FFA0000000
JENPCK_TBL.decoded.bin,pck_object_0042,pck_object_0042_part_000,pck_object_0042_part_000_choice_000,79,134,2,0,0,3,0x0003,3,3,0,3,0,,654,8602000003008E02
JENPCK_TBL.decoded.bin,pck_object_0042,pck_object_0042_part_000,pck_object_0042_part_000_choice_000,81,166,2,-127,7,1799,0x0707,1799,7,7,7,7,,2055,A602810707070708
JENPCK_TBL.decoded.bin,pck_object_0042,pck_object_0042_part_000,pck_object_0042_part_000_choice_000,82,172,2,-127,0,0,0x0000,0,0,0,0,0,,8704,AC02810000000022
JENPCK_TBL.decoded.bin,pck_object_0042,pck_object_0042_part_000,pck_object_0042_part_000_choice_000,83,178,2,44,44,11550,0x2D1E,11550,30,45,30,45,,65290,B2022C2C1E2D0AFF
JENPCK_TBL.decoded.bin,pck_object_0042,pck_object_0042_part_000,pck_object_0042_part_000_choice_000,91,20,2,38,46,78,0x004E,78,78,0,78,0,,1,1402262E4E000100
JENPCK_TBL.decoded.bin,pck_object_0042,pck_object_0042_part_000,pck_object_0042_part_000_choice_000,92,74,2,40,46,78,0x004E,78,78,0,78,0,,1,4A02282E4E000100
JENPCK_TBL.decoded.bin,pck_object_0042,pck_object_0042_part_000,pck_object_0042_part_000_choice_000,93,100,2,43,46,78,0x004E,78,78,0,78,0,,1,64022B2E4E000100
JENPCK_TBL.decoded.bin,pck_object_0042,pck_object_0042_part_000,pck_object_0042_part_000_choice_000,94,126,2,0,0,1000,0x03E8,1000,232,3,-24,3,,500,7E020000E803F401
JENPCK_TBL.decoded.bin,pck_object_0042,pck_object_0042_part_000,pck_object_0042_part_000_choice_000,123,88,2,-100,-1,0,0x0000,0,0,0,0,0,,1448,58029CFF0000A805
JENPCK_TBL.decoded.bin,pck_object_0042,pck_object_0042_part_004,pck_object_0042_part_004_choice_000,9,232,3,-12,1,0,0x0000,0,0,0,0,0,0,0,E803F40100000000
JENPCK_TBL.decoded.bin,pck_object_0042,pck_object_0042_part_004,pck_object_0042_part_004_choice_000,28,232,3,0,0,1448,0x05A8,1448,168,5,-88,5,168,5,E8030000A805A805
JENPCK_TBL.decoded.bin,pck_object_0042,pck_object_0042_part_004,pck_object_0042_part_004_choice_000,39,88,2,56,-1,160,0x00A0,160,160,0,-96,0,,0,580238FFA0000000
JENPCK_TBL.decoded.bin,pck_object_0042,pck_object_0042_part_004,pck_object_0042_part_004_choice_000,79,134,2,0,0,3,0x0003,3,3,0,3,0,,654,8602000003008E02
JENPCK_TBL.decoded.bin,pck_object_0042,pck_object_0042_part_004,pck_object_0042_part_004_choice_000,81,166,2,-127,7,1799,0x0707,1799,7,7,7,7,,2055,A602810707070708
JENPCK_TBL.decoded.bin,pck_object_0042,pck_object_0042_part_004,pck_object_0042_part_004_choice_000,82,172,2,-127,0,0,0x0000,0,0,0,0,0,,8704,AC02810000000022
JENPCK_TBL.decoded.bin,pck_object_0042,pck_object_0042_part_004,pck_object_0042_part_004_choice_000,83,178,2,44,44,11550,0x2D1E,11550,30,45,30,45,,65290,B2022C2C1E2D0AFF
JENPCK_TBL.decoded.bin,pck_object_0042,pck_object_0042_part_004,pck_object_0042_part_004_choice_000,91,20,2,38,46,78,0x004E,78,78,0,78,0,,1,1402262E4E000100
JENPCK_TBL.decoded.bin,pck_object_0042,pck_object_0042_part_004,pck_object_0042_part_004_choice_000,92,74,2,40,46,78,0x004E,78,78,0,78,0,,1,4A02282E4E000100
JENPCK_TBL.decoded.bin,pck_object_0042,pck_object_0042_part_004,pck_object_0042_part_004_choice_000,93,100,2,43,46,78,0x004E,78,78,0,78,0,,1,64022B2E4E000100
JENPCK_TBL.decoded.bin,pck_object_0042,pck_object_0042_part_004,pck_object_0042_part_004_choice_000,94,126,2,0,0,1000,0x03E8,1000,232,3,-24,3,,500,7E020000E803F401
JENPCK_TBL.decoded.bin,pck_object_0042,pck_object_0042_part_004,pck_object_0042_part_004_choice_000,123,88,2,-100,-1,0,0x0000,0,0,0,0,0,,1448,58029CFF0000A805
JENPCK_TBL.decoded.bin,pck_object_0042,pck_object_0042_part_005,pck_object_0042_part_005_choice_000,9,232,3,-12,1,0,0x0000,0,0,0,0,0,0,0,E803F40100000000
JENPCK_TBL.decoded.bin,pck_object_0042,pck_object_0042_part_005,pck_object_0042_part_005_choice_000,28,232,3,0,0,1448,0x05A8,1448,168,5,-88,5,168,5,E8030000A805A805
JENPCK_TBL.decoded.bin,pck_object_0042,pck_object_0042_part_005,pck_object_0042_part_005_choice_000,39,88,2,56,-1,160,0x00A0,160,160,0,-96,0,,0,580238FFA0000000
JENPCK_TBL.decoded.bin,pck_object_0042,pck_object_0042_part_005,pck_object_0042_part_005_choice_000,79,134,2,0,0,3,0x0003,3,3,0,3,0,,654,8602000003008E02
JENPCK_TBL.decoded.bin,pck_object_0042,pck_object_0042_part_005,pck_object_0042_part_005_choice_000,81,166,2,-127,7,1799,0x0707,1799,7,7,7,7,,2055,A602810707070708
JENPCK_TBL.decoded.bin,pck_object_0042,pck_object_0042_part_005,pck_object_0042_part_005_choice_000,82,172,2,-127,0,0,0x0000,0,0,0,0,0,,8704,AC02810000000022
JENPCK_TBL.decoded.bin,pck_object_0042,pck_object_0042_part_005,pck_object_0042_part_005_choice_000,83,178,2,44,44,11550,0x2D1E,11550,30,45,30,45,,65290,B2022C2C1E2D0AFF
JENPCK_TBL.decoded.bin,pck_object_0042,pck_object_0042_part_005,pck_object_0042_part_005_choice_000,91,20,2,38,46,78,0x004E,78,78,0,78,0,,1,1402262E4E000100
JENPCK_TBL.decoded.bin,pck_object_0042,pck_object_0042_part_005,pck_object_0042_part_005_choice_000,92,74,2,40,46,78,0x004E,78,78,0,78,0,,1,4A02282E4E000100
JENPCK_TBL.decoded.bin,pck_object_0042,pck_object_0042_part_005,pck_object_0042_part_005_choice_000,93,100,2,43,46,78,0x004E,78,78,0,78,0,,1,64022B2E4E000100
JENPCK_TBL.decoded.bin,pck_object_0042,pck_object_0042_part_005,pck_object_0042_part_005_choice_000,94,126,2,0,0,1000,0x03E8,1000,232,3,-24,3,,500,7E020000E803F401
JENPCK_TBL.decoded.bin,pck_object_0042,pck_object_0042_part_005,pck_object_0042_part_005_choice_000,123,88,2,-100,-1,0,0x0000,0,0,0,0,0,,1448,58029CFF0000A805
JENPCK_TBL.decoded.bin,pck_object_0042,pck_object_0042_part_006,pck_object_0042_part_006_choice_000,9,232,3,-12,1,0,0x0000,0,0,0,0,0,0,0,E803F40100000000
JENPCK_TBL.decoded.bin,pck_object_0042,pck_object_0042_part_006,pck_object_0042_part_006_choice_000,28,232,3,0,0,1448,0x05A8,1448,168,5,-88,5,168,5,E8030000A805A805
JENPCK_TBL.decoded.bin,pck_object_0042,pck_object_0042_part_006,pck_object_0042_part_006_choice_000,39,88,2,56,-1,160,0x00A0,160,160,0,-96,0,,0,580238FFA0000000
JENPCK_TBL.decoded.bin,pck_object_0042,pck_object_0042_part_006,pck_object_0042_part_006_choice_000,79,134,2,0,0,3,0x0003,3,3,0,3,0,,654,8602000003008E02
JENPCK_TBL.decoded.bin,pck_object_0042,pck_object_0042_part_006,pck_object_0042_part_006_choice_000,81,166,2,-127,7,1799,0x0707,1799,7,7,7,7,,2055,A602810707070708
JENPCK_TBL.decoded.bin,pck_object_0042,pck_object_0042_part_006,pck_object_0042_part_006_choice_000,82,172,2,-127,0,0,0x0000,0,0,0,0,0,,8704,AC02810000000022
JENPCK_TBL.decoded.bin,pck_object_0042,pck_object_0042_part_006,pck_object_0042_part_006_choice_000,83,178,2,44,44,11550,0x2D1E,11550,30,45,30,45,,65290,B2022C2C1E2D0AFF
JENPCK_TBL.decoded.bin,pck_object_0042,pck_object_0042_part_006,pck_object_0042_part_006_choice_000,91,20,2,38,46,78,0x004E,78,78,0,78,0,,1,1402262E4E000100
JENPCK_TBL.decoded.bin,pck_object_0042,pck_object_0042_part_006,pck_object_0042_part_006_choice_000,92,74,2,40,46,78,0x004E,78,78,0,78,0,,1,4A02282E4E000100
JENPCK_TBL.decoded.bin,pck_object_0042,pck_object_0042_part_006,pck_object_0042_part_006_choice_000,93,100,2,43,46,78,0x004E,78,78,0,78,0,,1,64022B2E4E000100
JENPCK_TBL.decoded.bin,pck_object_0042,pck_object_0042_part_006,pck_object_0042_part_006_choice_000,94,126,2,0,0,1000,0x03E8,1000,232,3,-24,3,,500,7E020000E803F401
JENPCK_TBL.decoded.bin,pck_object_0042,pck_object_0042_part_006,pck_object_0042_part_006_choice_000,123,88,2,-100,-1,0,0x0000,0,0,0,0,0,,1448,58029CFF0000A805
JENPCK_TBL.decoded.bin,pck_object_0049,pck_object_0049_part_000,pck_object_0049_part_000_choice_000,35,2,2,3,4,65285,0xFF05,-251,5,255,5,-1,,1799,0202030405FF0707
JENPCK_TBL.decoded.bin,pck_object_0049,pck_object_0049_part_000,pck_object_0049_part_000_choice_000,36,8,3,2,-1,1285,0x0505,1285,5,5,5,5,4,8,080302FF05050408
JENPCK_TBL.decoded.bin,pck_object_0049,pck_object_0049_part_000,pck_object_0049_part_000_choice_000,76,3,3,8,4,33023,0x80FF,-32513,255,128,-1,-128,0,73,03030804FF800049
JENPCK_TBL.decoded.bin,pck_object_0052,pck_object_0052_part_000,pck_object_0052_part_000_choice_000,71,0,2,2,3,1284,0x0504,1284,4,5,4,5,,1279,000202030405FF04
JENPCK_TBL.decoded.bin,pck_object_0052,pck_object_0052_part_000,pck_object_0052_part_000_choice_000,72,4,3,7,-1,1799,0x0707,1799,7,7,7,7,3,2,040307FF07070302
JENPCK_TBL.decoded.bin,pck_object_0052,pck_object_0052_part_000,pck_object_0052_part_000_choice_000,92,7,3,2,9,1535,0x05FF,1535,255,5,-1,5,5,4,07030209FF050504
JENPCK_TBL.decoded.bin,pck_object_0052,pck_object_0052_part_000,pck_object_0052_part_000_choice_000,110,2,3,4,5,1279,0x04FF,1279,255,4,-1,4,4,3,02030405FF040403
JENPCK_TBL.decoded.bin,pck_object_0053,pck_object_0053_part_000,pck_object_0053_part_000_choice_000,59,0,2,2,3,1284,0x0504,1284,4,5,4,5,,1279,000202030405FF04
JENPCK_TBL.decoded.bin,pck_object_0053,pck_object_0053_part_000,pck_object_0053_part_000_choice_000,60,4,3,7,-1,1799,0x0707,1799,7,7,7,7,3,2,040307FF07070302
JENPCK_TBL.decoded.bin,pck_object_0053,pck_object_0053_part_000,pck_object_0053_part_000_choice_000,80,7,3,2,9,1535,0x05FF,1535,255,5,-1,5,5,4,07030209FF050504
JENPCK_TBL.decoded.bin,pck_object_0053,pck_object_0053_part_000,pck_object_0053_part_000_choice_000,98,2,3,4,5,1279,0x04FF,1279,255,4,-1,4,4,3,02030405FF040403
JENPCK_TBL.decoded.bin,pck_object_0054,pck_object_0054_part_000,pck_object_0054_part_000_choice_000,18,7,3,2,9,1535,0x05FF,1535,255,5,-1,5,5,4,07030209FF050504
JENPCK_TBL.decoded.bin,pck_object_0054,pck_object_0054_part_000,pck_object_0054_part_000_choice_000,27,255,2,0,-70,12288,0x3000,12288,0,48,0,48,,5888,FF0200BA00300017
JENPCK_TBL.decoded.bin,pck_object_0054,pck_object_0054_part_000,pck_object_0054_part_000_choice_000,36,2,3,4,5,1279,0x04FF,1279,255,4,-1,4,4,3,02030405FF040403
JENPCK_TBL.decoded.bin,pck_object_0054,pck_object_0054_part_000,pck_object_0054_part_000_choice_000,94,2,2,3,4,65285,0xFF05,-251,5,255,5,-1,,1028,0202030405FF0404
JENPCK_TBL.decoded.bin,pck_object_0054,pck_object_0054_part_000,pck_object_0054_part_000_choice_000,115,3,2,9,-1,1285,0x0505,1285,5,5,5,5,,1796,030209FF05050407
JENPCK_TBL.decoded.bin,pck_object_0056,pck_object_0056_part_000,pck_object_0056_part_000_choice_000,18,7,3,2,9,1535,0x05FF,1535,255,5,-1,5,5,4,07030209FF050504
JENPCK_TBL.decoded.bin,pck_object_0056,pck_object_0056_part_000,pck_object_0056_part_000_choice_000,36,2,3,4,5,1279,0x04FF,1279,255,4,-1,4,4,3,02030405FF040403
JENPCK_TBL.decoded.bin,pck_object_0058,pck_object_0058_part_000,pck_object_0058_part_000_choice_000,29,2,2,3,4,65285,0xFF05,-251,5,255,5,-1,,1799,0202030405FF0707
JENPCK_TBL.decoded.bin,pck_object_0058,pck_object_0058_part_000,pck_object_0058_part_000_choice_000,30,8,3,2,-1,1285,0x0505,1285,5,5,5,5,4,8,080302FF05050408
JENPCK_TBL.decoded.bin,pck_object_0058,pck_object_0058_part_000,pck_object_0058_part_000_choice_000,70,3,3,8,4,33023,0x80FF,-32513,255,128,-1,-128,0,25,03030804FF800019
JENPCK_TBL.decoded.bin,pck_object_0058,pck_object_0058_part_000,pck_object_0058_part_000_choice_000,87,0,2,2,3,1284,0x0504,1284,4,5,4,5,,2047,000202030405FF07
JENPCK_TBL.decoded.bin,pck_object_0069,pck_object_0069_part_000,pck_object_0069_part_000_choice_000,42,4,3,9,-1,3341,0x0D0D,3341,13,13,13,13,5,4,040309FF0D0D0504
JENPCK_TBL.decoded.bin,pck_object_0069,pck_object_0069_part_000,pck_object_0069_part_000_choice_000,67,129,3,1,8,257,0x0101,257,1,1,1,1,34,1,8103010801012201
JENPCK_TBL.decoded.bin,pck_object_0069,pck_object_0069_part_000,pck_object_0069_part_000_choice_000,68,129,2,2,1,1537,0x0601,1537,1,6,1,6,,296,8102020101062801
JENPCK_TBL.decoded.bin,pck_object_0069,pck_object_0069_part_000,pck_object_0069_part_000_choice_000,71,129,2,2,1,4353,0x1101,4353,1,17,1,17,,314,8102020101113A01
JENPCK_TBL.decoded.bin,pck_object_0069,pck_object_0069_part_000,pck_object_0069_part_000_choice_000,72,129,3,3,8,2824,0x0B08,2824,8,11,8,11,64,1,81030308080B4001
JENPCK_TBL.decoded.bin,pck_object_0069,pck_object_0069_part_000,pck_object_0069_part_000_choice_000,73,129,3,3,8,3592,0x0E08,3592,8,14,8,14,69,1,81030308080E4501
JENPCK_TBL.decoded.bin,pck_object_0069,pck_object_0069_part_000,pck_object_0069_part_000_choice_000,76,129,2,2,1,3585,0x0E01,3585,1,14,1,14,,342,81020201010E5601
JENPCK_TBL.decoded.bin,pck_object_0069,pck_object_0069_part_000,pck_object_0069_part_000_choice_000,77,129,3,3,8,5640,0x1608,5640,8,22,8,22,92,1,8103030808165C01
JENPCK_TBL.decoded.bin,pck_object_0069,pck_object_0069_part_000,pck_object_0069_part_000_choice_000,78,129,3,3,8,5896,0x1708,5896,8,23,8,23,98,1,8103030808176201
JENPCK_TBL.decoded.bin,pck_object_0069,pck_object_0069_part_000,pck_object_0069_part_000_choice_000,79,129,3,3,8,2824,0x0B08,2824,8,11,8,11,104,1,81030308080B6801
JENPCK_TBL.decoded.bin,pck_object_0069,pck_object_0069_part_000,pck_object_0069_part_000_choice_000,80,2,2,3,4,65285,0xFF05,-251,5,255,5,-1,,1799,0202030405FF0707
JENPCK_TBL.decoded.bin,pck_object_0069,pck_object_0069_part_000,pck_object_0069_part_000_choice_000,133,9,3,2,-1,2570,0x0A0A,2570,10,10,10,10,2,5,090302FF0A0A0205
JENPCK_TBL.decoded.bin,pck_object_0070,pck_object_0070_part_000,pck_object_0070_part_000_choice_000,54,226,3,0,0,65483,0xFFCB,-53,203,255,-53,-1,213,0,E2030000CBFFD500
JENPCK_TBL.decoded.bin,pck_object_0070,pck_object_0070_part_000,pck_object_0070_part_000_choice_000,100,6,2,106,101,385,0x0181,385,129,1,-127,1,,257,06026A6581010101
JENPCK_TBL.decoded.bin,pck_object_0070,pck_object_0070_part_000,pck_object_0070_part_000_choice_000,110,86,2,32,7,129,0x0081,129,129,0,-127,0,,0,5602200781000000
JENPCK_TBL.decoded.bin,pck_object_0070,pck_object_0070_part_000,pck_object_0070_part_000_choice_000,144,239,3,-10,6,63489,0xF801,-2047,1,248,1,-8,17,0,EF03F60601F81100
JENPCK_TBL.decoded.bin,pck_object_0070,pck_object_0070_part_000,pck_object_0070_part_000_choice_000,148,201,3,-121,-1,65496,0xFFD8,-40,216,255,-40,-1,83,1,C90387FFD8FF5301
JENPCK_TBL.decoded.bin,pck_object_0070,pck_object_0070_part_000,pck_object_0070_part_000_choice_000,150,172,2,-81,3,0,0x0000,0,0,0,0,0,,1566,AC02AF0300001E06
JENPCK_TBL.decoded.bin,pck_object_0070,pck_object_0070_part_000,pck_object_0070_part_000_choice_000,162,68,2,5,-1,160,0x00A0,160,160,0,-96,0,,65534,440205FFA000FEFF
JENPCK_TBL.decoded.bin,pck_object_0070,pck_object_0070_part_000,pck_object_0070_part_000_choice_000,177,2,2,3,4,1541,0x0605,1541,5,6,5,6,,65287,02020304050607FF
JENPCK_TBL.decoded.bin,pck_object_0070,pck_object_0070_part_000,pck_object_0070_part_000_choice_000,179,13,2,7,-1,3855,0x0F0F,3855,15,15,15,15,,1286,0D0207FF0F0F0605
JENPCK_TBL.decoded.bin,pck_object_0070,pck_object_0070_part_000,pck_object_0070_part_000_choice_000,182,3,2,13,-1,1,0x0001,1,1,0,1,0,,490,03020DFF0100EA01
JENPCK_TBL.decoded.bin,pck_object_0077,pck_object_0077_part_000,pck_object_0077_part_000_choice_000,62,226,3,0,0,65483,0xFFCB,-53,203,255,-53,-1,213,0,E2030000CBFFD500
JENPCK_TBL.decoded.bin,pck_object_0077,pck_object_0077_part_000,pck_object_0077_part_000_choice_000,108,6,2,106,101,385,0x0181,385,129,1,-127,1,,257,06026A6581010101
JENPCK_TBL.decoded.bin,pck_object_0077,pck_object_0077_part_000,pck_object_0077_part_000_choice_000,118,86,2,32,7,129,0x0081,129,129,0,-127,0,,0,5602200781000000
JENPCK_TBL.decoded.bin,pck_object_0077,pck_object_0077_part_000,pck_object_0077_part_000_choice_000,152,239,3,-10,6,63489,0xF801,-2047,1,248,1,-8,17,0,EF03F60601F81100
JENPCK_TBL.decoded.bin,pck_object_0077,pck_object_0077_part_000,pck_object_0077_part_000_choice_000,156,201,3,-121,-1,65496,0xFFD8,-40,216,255,-40,-1,83,1,C90387FFD8FF5301
JENPCK_TBL.decoded.bin,pck_object_0077,pck_object_0077_part_000,pck_object_0077_part_000_choice_000,158,172,2,-81,3,0,0x0000,0,0,0,0,0,,1566,AC02AF0300001E06
JENPCK_TBL.decoded.bin,pck_object_0077,pck_object_0077_part_000,pck_object_0077_part_000_choice_000,170,68,2,5,-1,160,0x00A0,160,160,0,-96,0,,65534,440205FFA000FEFF
JENPCK_TBL.decoded.bin,pck_object_0081,pck_object_0081_part_000,pck_object_0081_part_000_choice_000,28,112,3,-4,-1,1681,0x0691,1681,145,6,-111,6,144,4,7003FCFF91069004
JENPCK_TBL.decoded.bin,pck_object_0081,pck_object_0081_part_000,pck_object_0081_part_000_choice_000,54,2,2,3,4,1541,0x0605,1541,5,6,5,6,,65287,02020304050607FF
JENPCK_TBL.decoded.bin,pck_object_0081,pck_object_0081_part_000,pck_object_0081_part_000_choice_000,56,13,2,7,-1,3855,0x0F0F,3855,15,15,15,15,,1286,0D0207FF0F0F0605
JENPCK_TBL.decoded.bin,pck_object_0081,pck_object_0081_part_000,pck_object_0081_part_000_choice_000,59,3,2,13,-1,1,0x0001,1,1,0,1,0,,492,03020DFF0100EC01
JENPCK_TBL.decoded.bin,pck_object_0081,pck_object_0081_part_000,pck_object_0081_part_000_choice_000,63,3,3,19,10,65284,0xFF04,-252,4,255,4,-1,10,10,0303130A04FF0A0A
JENPCK_TBL.decoded.bin,pck_object_0081,pck_object_0081_part_000,pck_object_0081_part_000_choice_000,68,46,2,0,0,3,0x0003,3,3,0,3,0,,566,2E02000003003602
JENPCK_TBL.decoded.bin,pck_object_0081,pck_object_0081_part_000,pck_object_0081_part_000_choice_000,70,78,2,-127,0,0,0x0000,0,0,0,0,0,,8960,4E02810000000023
JENPCK_TBL.decoded.bin,pck_object_0081,pck_object_0081_part_000,pck_object_0081_part_000_choice_000,71,84,2,-127,0,0,0x0000,0,0,0,0,0,,9472,5402810000000025
JENPCK_TBL.decoded.bin,pck_object_0081,pck_object_0081_part_000,pck_object_0081_part_000_choice_000,72,90,2,33,33,6940,0x1B1C,6940,28,27,28,27,,65314,5A0221211C1B22FF
JENPCK_TBL.decoded.bin,pck_object_0081,pck_object_0081_part_000,pck_object_0081_part_000_choice_000,78,126,2,0,0,1,0x0001,1,1,0,1,0,,646,7E02000001008602
JENPCK_TBL.decoded.bin,pck_object_0081,pck_object_0081_part_000,pck_object_0081_part_000_choice_000,80,142,2,43,43,2333,0x091D,2333,29,9,29,9,,65324,8E022B2B1D092CFF
JENPCK_TBL.decoded.bin,pck_object_0081,pck_object_0081_part_000,pck_object_0081_part_000_choice_000,82,160,2,0,0,129,0x0081,129,129,0,-127,0,,0,A002000081000000
JENPCK_TBL.decoded.bin,pck_object_0081,pck_object_0081_part_000,pck_object_0081_part_000_choice_000,105,207,3,81,-1,65483,0xFFCB,-53,203,255,-53,-1,238,0,CF0351FFCBFFEE00
JENPCK_TBL.decoded.bin,pck_object_0081,pck_object_0081_part_000,pck_object_0081_part_000_choice_000,126,61,2,51,-1,0,0x0000,0,0,0,0,0,,1164,3D0233FF00008C04
JENPCK_TBL.decoded.bin,pck_object_0081,pck_object_0081_part_004,pck_object_0081_part_004_choice_000,28,112,3,-4,-1,1681,0x0691,1681,145,6,-111,6,144,4,7003FCFF91069004
JENPCK_TBL.decoded.bin,pck_object_0081,pck_object_0081_part_004,pck_object_0081_part_004_choice_000,54,2,2,3,4,1541,0x0605,1541,5,6,5,6,,65287,02020304050607FF
JENPCK_TBL.decoded.bin,pck_object_0081,pck_object_0081_part_004,pck_object_0081_part_004_choice_000,56,13,2,7,-1,3855,0x0F0F,3855,15,15,15,15,,1286,0D0207FF0F0F0605
JENPCK_TBL.decoded.bin,pck_object_0081,pck_object_0081_part_004,pck_object_0081_part_004_choice_000,59,3,2,13,-1,1,0x0001,1,1,0,1,0,,492,03020DFF0100EC01
JENPCK_TBL.decoded.bin,pck_object_0081,pck_object_0081_part_004,pck_object_0081_part_004_choice_000,63,3,3,19,10,65284,0xFF04,-252,4,255,4,-1,10,10,0303130A04FF0A0A
JENPCK_TBL.decoded.bin,pck_object_0081,pck_object_0081_part_004,pck_object_0081_part_004_choice_000,68,46,2,0,0,3,0x0003,3,3,0,3,0,,566,2E02000003003602
JENPCK_TBL.decoded.bin,pck_object_0081,pck_object_0081_part_004,pck_object_0081_part_004_choice_000,70,78,2,-127,0,0,0x0000,0,0,0,0,0,,8960,4E02810000000023
JENPCK_TBL.decoded.bin,pck_object_0081,pck_object_0081_part_004,pck_object_0081_part_004_choice_000,71,84,2,-127,0,0,0x0000,0,0,0,0,0,,9472,5402810000000025
JENPCK_TBL.decoded.bin,pck_object_0081,pck_object_0081_part_004,pck_object_0081_part_004_choice_000,72,90,2,33,33,6940,0x1B1C,6940,28,27,28,27,,65314,5A0221211C1B22FF
JENPCK_TBL.decoded.bin,pck_object_0081,pck_object_0081_part_004,pck_object_0081_part_004_choice_000,78,126,2,0,0,1,0x0001,1,1,0,1,0,,646,7E02000001008602
JENPCK_TBL.decoded.bin,pck_object_0081,pck_object_0081_part_004,pck_object_0081_part_004_choice_000,80,142,2,43,43,2333,0x091D,2333,29,9,29,9,,65324,8E022B2B1D092CFF
JENPCK_TBL.decoded.bin,pck_object_0081,pck_object_0081_part_004,pck_object_0081_part_004_choice_000,82,160,2,0,0,129,0x0081,129,129,0,-127,0,,0,A002000081000000
JENPCK_TBL.decoded.bin,pck_object_0081,pck_object_0081_part_004,pck_object_0081_part_004_choice_000,105,207,3,81,-1,65483,0xFFCB,-53,203,255,-53,-1,238,0,CF0351FFCBFFEE00
JENPCK_TBL.decoded.bin,pck_object_0081,pck_object_0081_part_004,pck_object_0081_part_004_choice_000,126,61,2,51,-1,0,0x0000,0,0,0,0,0,,1164,3D0233FF00008C04
JENPCK_TBL.decoded.bin,pck_object_0081,pck_object_0081_part_005,pck_object_0081_part_005_choice_000,28,112,3,-4,-1,1681,0x0691,1681,145,6,-111,6,144,4,7003FCFF91069004
JENPCK_TBL.decoded.bin,pck_object_0081,pck_object_0081_part_005,pck_object_0081_part_005_choice_000,54,2,2,3,4,1541,0x0605,1541,5,6,5,6,,65287,02020304050607FF
JENPCK_TBL.decoded.bin,pck_object_0081,pck_object_0081_part_005,pck_object_0081_part_005_choice_000,56,13,2,7,-1,3855,0x0F0F,3855,15,15,15,15,,1286,0D0207FF0F0F0605
JENPCK_TBL.decoded.bin,pck_object_0081,pck_object_0081_part_005,pck_object_0081_part_005_choice_000,59,3,2,13,-1,1,0x0001,1,1,0,1,0,,492,03020DFF0100EC01
JENPCK_TBL.decoded.bin,pck_object_0081,pck_object_0081_part_005,pck_object_0081_part_005_choice_000,63,3,3,19,10,65284,0xFF04,-252,4,255,4,-1,10,10,0303130A04FF0A0A
JENPCK_TBL.decoded.bin,pck_object_0081,pck_object_0081_part_005,pck_object_0081_part_005_choice_000,68,46,2,0,0,3,0x0003,3,3,0,3,0,,566,2E02000003003602
JENPCK_TBL.decoded.bin,pck_object_0081,pck_object_0081_part_005,pck_object_0081_part_005_choice_000,70,78,2,-127,0,0,0x0000,0,0,0,0,0,,8960,4E02810000000023
JENPCK_TBL.decoded.bin,pck_object_0081,pck_object_0081_part_005,pck_object_0081_part_005_choice_000,71,84,2,-127,0,0,0x0000,0,0,0,0,0,,9472,5402810000000025
JENPCK_TBL.decoded.bin,pck_object_0081,pck_object_0081_part_005,pck_object_0081_part_005_choice_000,72,90,2,33,33,6940,0x1B1C,6940,28,27,28,27,,65314,5A0221211C1B22FF
JENPCK_TBL.decoded.bin,pck_object_0081,pck_object_0081_part_005,pck_object_0081_part_005_choice_000,78,126,2,0,0,1,0x0001,1,1,0,1,0,,646,7E02000001008602
JENPCK_TBL.decoded.bin,pck_object_0081,pck_object_0081_part_005,pck_object_0081_part_005_choice_000,80,142,2,43,43,2333,0x091D,2333,29,9,29,9,,65324,8E022B2B1D092CFF
JENPCK_TBL.decoded.bin,pck_object_0081,pck_object_0081_part_005,pck_object_0081_part_005_choice_000,82,160,2,0,0,129,0x0081,129,129,0,-127,0,,0,A002000081000000
JENPCK_TBL.decoded.bin,pck_object_0081,pck_object_0081_part_005,pck_object_0081_part_005_choice_000,105,207,3,81,-1,65483,0xFFCB,-53,203,255,-53,-1,238,0,CF0351FFCBFFEE00
JENPCK_TBL.decoded.bin,pck_object_0081,pck_object_0081_part_005,pck_object_0081_part_005_choice_000,126,61,2,51,-1,0,0x0000,0,0,0,0,0,,1164,3D0233FF00008C04
JENPCK_TBL.decoded.bin,pck_object_0081,pck_object_0081_part_006,pck_object_0081_part_006_choice_000,28,112,3,-4,-1,1681,0x0691,1681,145,6,-111,6,144,4,7003FCFF91069004
JENPCK_TBL.decoded.bin,pck_object_0081,pck_object_0081_part_006,pck_object_0081_part_006_choice_000,54,2,2,3,4,1541,0x0605,1541,5,6,5,6,,65287,02020304050607FF
JENPCK_TBL.decoded.bin,pck_object_0081,pck_object_0081_part_006,pck_object_0081_part_006_choice_000,56,13,2,7,-1,3855,0x0F0F,3855,15,15,15,15,,1286,0D0207FF0F0F0605
JENPCK_TBL.decoded.bin,pck_object_0081,pck_object_0081_part_006,pck_object_0081_part_006_choice_000,59,3,2,13,-1,1,0x0001,1,1,0,1,0,,492,03020DFF0100EC01
JENPCK_TBL.decoded.bin,pck_object_0081,pck_object_0081_part_006,pck_object_0081_part_006_choice_000,63,3,3,19,10,65284,0xFF04,-252,4,255,4,-1,10,10,0303130A04FF0A0A
JENPCK_TBL.decoded.bin,pck_object_0081,pck_object_0081_part_006,pck_object_0081_part_006_choice_000,68,46,2,0,0,3,0x0003,3,3,0,3,0,,566,2E02000003003602
JENPCK_TBL.decoded.bin,pck_object_0081,pck_object_0081_part_006,pck_object_0081_part_006_choice_000,70,78,2,-127,0,0,0x0000,0,0,0,0,0,,8960,4E02810000000023
JENPCK_TBL.decoded.bin,pck_object_0081,pck_object_0081_part_006,pck_object_0081_part_006_choice_000,71,84,2,-127,0,0,0x0000,0,0,0,0,0,,9472,5402810000000025
JENPCK_TBL.decoded.bin,pck_object_0081,pck_object_0081_part_006,pck_object_0081_part_006_choice_000,72,90,2,33,33,6940,0x1B1C,6940,28,27,28,27,,65314,5A0221211C1B22FF
JENPCK_TBL.decoded.bin,pck_object_0081,pck_object_0081_part_006,pck_object_0081_part_006_choice_000,78,126,2,0,0,1,0x0001,1,1,0,1,0,,646,7E02000001008602
JENPCK_TBL.decoded.bin,pck_object_0081,pck_object_0081_part_006,pck_object_0081_part_006_choice_000,80,142,2,43,43,2333,0x091D,2333,29,9,29,9,,65324,8E022B2B1D092CFF
JENPCK_TBL.decoded.bin,pck_object_0081,pck_object_0081_part_006,pck_object_0081_part_006_choice_000,82,160,2,0,0,129,0x0081,129,129,0,-127,0,,0,A002000081000000
JENPCK_TBL.decoded.bin,pck_object_0081,pck_object_0081_part_006,pck_object_0081_part_006_choice_000,105,207,3,81,-1,65483,0xFFCB,-53,203,255,-53,-1,238,0,CF0351FFCBFFEE00
JENPCK_TBL.decoded.bin,pck_object_0081,pck_object_0081_part_006,pck_object_0081_part_006_choice_000,126,61,2,51,-1,0,0x0000,0,0,0,0,0,,1164,3D0233FF00008C04
JENPCK_TBL.decoded.bin,pck_object_0087,pck_object_0087_part_000,pck_object_0087_part_000_choice_000,3,135,2,1,0,185,0x00B9,185,185,0,-71,0,,0,87020100B9000000
JENPCK_TBL.decoded.bin,pck_object_0087,pck_object_0087_part_000,pck_object_0087_part_000_choice_000,26,9,3,2,-1,2570,0x0A0A,2570,10,10,10,10,2,5,090302FF0A0A0205
JENPCK_TBL.decoded.bin,pck_object_0090,pck_object_0090_part_000,pck_object_0090_part_000_choice_000,52,7,3,2,9,1535,0x05FF,1535,255,5,-1,5,5,4,07030209FF050504
JENPCK_TBL.decoded.bin,pck_object_0090,pck_object_0090_part_000,pck_object_0090_part_000_choice_000,70,2,3,4,5,2047,0x07FF,2047,255,7,-1,7,7,8,02030405FF070708
JENPCK_TBL.decoded.bin,pck_object_0090,pck_object_0090_part_000,pck_object_0090_part_000_choice_000,71,3,2,-1,5,1029,0x0405,1029,5,4,5,4,,1800,0302FF0505040807
JENPCK_TBL.decoded.bin,pck_object_0090,pck_object_0090_part_000,pck_object_0090_part_000_choice_000,72,255,3,3,8,65284,0xFF04,-252,4,255,4,-1,128,0,FF03030804FF8000
JENPCK_TBL.decoded.bin,pck_object_0095,pck_object_0095_part_000,pck_object_0095_part_000_choice_000,40,2,2,3,4,65285,0xFF05,-251,5,255,5,-1,,1028,0202030405FF0404
JENPCK_TBL.decoded.bin,pck_object_0110,pck_object_0110_part_003,pck_object_0110_part_003_choice_000,1,161,3,9,0,1023,0x03FF,1023,255,3,-1,3,18,249,A1030900FF0312F9
JENPCK_TBL.decoded.bin,pck_object_0110,pck_object_0110_part_006,pck_object_0110_part_006_choice_000,1,161,3,9,0,1023,0x03FF,1023,255,3,-1,3,18,249,A1030900FF0312F9
LOCPCK_TBL.decoded.bin,pck_object_0002,pck_object_0002_part_000,pck_object_0002_part_000_choice_000,24,255,3,9,8,65284,0xFF04,-252,4,255,4,-1,4,8,FF03090804FF0408
LOCPCK_TBL.decoded.bin,pck_object_0002,pck_object_0002_part_000,pck_object_0002_part_000_choice_000,49,9,3,-1,3,2057,0x0809,2057,9,8,9,8,4,255,0903FF03090804FF
LOCPCK_TBL.decoded.bin,pck_object_0002,pck_object_0002_part_000,pck_object_0002_part_000_choice_000,72,0,2,3,4,65285,0xFF05,-251,5,255,5,-1,,2055,0002030405FF0708
LOCPCK_TBL.decoded.bin,pck_object_0002,pck_object_0002_part_000,pck_object_0002_part_000_choice_000,125,255,3,9,8,65284,0xFF04,-252,4,255,4,-1,4,8,FF03090804FF0408
LOCPCK_TBL.decoded.bin,pck_object_0002,pck_object_0002_part_000,pck_object_0002_part_000_choice_000,150,9,3,-1,3,2057,0x0809,2057,9,8,9,8,4,255,0903FF03090804FF
LOCPCK_TBL.decoded.bin,pck_object_0002,pck_object_0002_part_000,pck_object_0002_part_000_choice_000,223,76,3,73,7,63535,0xF82F,-2001,47,248,47,-8,243,255,4C0349072FF8F3FF
LOCPCK_TBL.decoded.bin,pck_object_0049,pck_object_0049_part_001,pck_object_0049_part_001_choice_000,60,255,3,1,70,64000,0xFA00,-1536,0,250,0,-6,255,59,FF03014600FAFF3B
LOCPCK_TBL.decoded.bin,pck_object_0049,pck_object_0049_part_001,pck_object_0049_part_001_choice_000,86,255,3,10,7,65284,0xFF04,-252,4,255,4,-1,1,0,FF030A0704FF0100
LOCPCK_TBL.decoded.bin,pck_object_0051,pck_object_0051_part_001,pck_object_0051_part_001_choice_000,35,2,3,4,5,1535,0x05FF,1535,255,5,-1,5,4,7,02030405FF050407
LOCPCK_TBL.decoded.bin,pck_object_0051,pck_object_0051_part_001,pck_object_0051_part_001_choice_000,37,10,3,2,-1,2563,0x0A03,2563,3,10,3,10,7,4,0A0302FF030A0704
LOCPCK_TBL.decoded.bin,pck_object_0051,pck_object_0051_part_001,pck_object_0051_part_001_choice_000,59,0,3,0,70,20480,0x5000,20480,0,80,0,80,0,165,00030046005000A5
LOCPCK_TBL.decoded.bin,pck_object_0053,pck_object_0053_part_000,pck_object_0053_part_000_choice_000,70,0,2,3,4,65285,0xFF05,-251,5,255,5,-1,,2055,0002030405FF0708
LOCPCK_TBL.decoded.bin,pck_object_0053,pck_object_0053_part_000,pck_object_0053_part_000_choice_000,123,255,3,9,8,65284,0xFF04,-252,4,255,4,-1,4,8,FF03090804FF0408
LOCPCK_TBL.decoded.bin,pck_object_0053,pck_object_0053_part_000,pck_object_0053_part_000_choice_000,148,9,3,-1,3,2057,0x0809,2057,9,8,9,8,4,255,0903FF03090804FF
LOCPCK_TBL.decoded.bin,pck_object_0053,pck_object_0053_part_000,pck_object_0053_part_000_choice_000,153,0,2,-8,67,62464,0xF400,-3072,0,244,0,-12,,24063,0002F84300F4FF5D
LOCPCK_TBL.decoded.bin,pck_object_0053,pck_object_0053_part_000,pck_object_0053_part_000_choice_000,171,0,2,3,4,65285,0xFF05,-251,5,255,5,-1,,2055,0002030405FF0708
LOCPCK_TBL.decoded.bin,pck_object_0053,pck_object_0053_part_000,pck_object_0053_part_000_choice_000,224,255,3,9,8,65284,0xFF04,-252,4,255,4,-1,4,8,FF03090804FF0408
MARPCK_TBL.decoded.bin,pck_object_0017,pck_object_0017_part_000,pck_object_0017_part_000_choice_000,110,2,2,10,9,65283,0xFF03,-253,3,255,3,-1,,771,02020A0903FF0303
MARPCK_TBL.decoded.bin,pck_object_0017,pck_object_0017_part_000,pck_object_0017_part_000_choice_000,136,47,3,-47,-4,1280,0x0500,1280,0,5,0,5,106,4,2F03D1FC00056A04
MARPCK_TBL.decoded.bin,pck_object_0017,pck_object_0017_part_000,pck_object_0017_part_000_choice_000,156,255,2,2,10,777,0x0309,777,9,3,9,3,,1023,FF02020A0903FF03
MARPCK_TBL.decoded.bin,pck_object_0017,pck_object_0017_part_000,pck_object_0017_part_000_choice_000,200,2,3,4,5,2047,0x07FF,2047,255,7,-1,7,7,8,02030405FF070708
MARPCK_TBL.decoded.bin,pck_object_0017,pck_object_0017_part_000,pck_object_0017_part_000_choice_000,203,3,3,9,8,65284,0xFF04,-252,4,255,4,-1,4,4,0303090804FF0404
MARPCK_TBL.decoded.bin,pck_object_0019,pck_object_0019_part_000,pck_object_0019_part_000_choice_000,8,157,2,0,0,5,0x0005,5,5,0,5,0,,677,9D0200000500A502
MARPCK_TBL.decoded.bin,pck_object_0019,pck_object_0019_part_000,pck_object_0019_part_000_choice_000,10,205,2,-127,7,8,0x0008,8,8,0,8,0,,12288,CD02810708000030
MARPCK_TBL.decoded.bin,pck_object_0019,pck_object_0019_part_000,pck_object_0019_part_000_choice_000,11,212,2,-127,7,1032,0x0408,1032,8,4,8,4,,13572,D402810708040435
MARPCK_TBL.decoded.bin,pck_object_0019,pck_object_0019_part_000,pck_object_0019_part_000_choice_000,12,219,2,-127,7,8,0x0008,8,8,0,8,0,,13824,DB02810708000036
MARPCK_TBL.decoded.bin,pck_object_0019,pck_object_0019_part_000,pck_object_0019_part_000_choice_000,13,225,2,-127,7,2056,0x0808,2056,8,8,8,8,,14088,E102810708080837
MARPCK_TBL.decoded.bin,pck_object_0019,pck_object_0019_part_000,pck_object_0019_part_000_choice_000,14,231,2,44,44,557,0x022D,557,45,2,45,2,,12078,E7022C2C2D022E2F
MARPCK_TBL.decoded.bin,pck_object_0019,pck_object_0019_part_000,pck_object_0019_part_000_choice_000,51,9,2,-78,6,1174,0x0496,1174,150,4,-106,4,,0,0902B20696040000
MARPCK_TBL.decoded.bin,pck_object_0019,pck_object_0019_part_000,pck_object_0019_part_000_choice_000,77,2,2,3,4,1541,0x0605,1541,5,6,5,6,,2303,020203040506FF08
MARPCK_TBL.decoded.bin,pck_object_0019,pck_object_0019_part_000,pck_object_0019_part_000_choice_000,85,39,2,9,0,1153,0x0481,1153,129,4,-127,4,,0,2702090081040000
MARPCK_TBL.decoded.bin,pck_object_0019,pck_object_0019_part_000,pck_object_0019_part_000_choice_000,112,15,2,0,0,0,0x0000,0,0,0,0,0,,0,0F02000000000000
MARPCK_TBL.decoded.bin,pck_object_0021,pck_object_0021_part_001,pck_object_0021_part_001_choice_000,33,2,2,10,9,65283,0xFF03,-253,3,255,3,-1,,771,02020A0903FF0303
MARPCK_TBL.decoded.bin,pck_object_0021,pck_object_0021_part_001,pck_object_0021_part_001_choice_000,75,80,2,56,-2,0,0x0000,0,0,0,0,0,,819,500238FE00003303
MARPCK_TBL.decoded.bin,pck_object_0021,pck_object_0021_part_001,pck_object_0021_part_001_choice_000,80,206,3,16,0,1801,0x0709,1801,9,7,9,7,102,3,CE03100009076603
MARPCK_TBL.decoded.bin,pck_object_0021,pck_object_0021_part_001,pck_object_0021_part_001_choice_000,105,3,3,11,10,65284,0xFF04,-252,4,255,4,-1,5,5,03030B0A04FF0505
MARPCK_TBL.decoded.bin,pck_object_0021,pck_object_0021_part_001,pck_object_0021_part_001_choice_000,127,157,2,0,0,5,0x0005,5,5,0,5,0,,677,9D0200000500A502
MARPCK_TBL.decoded.bin,pck_object_0044,pck_object_0044_part_005,pck_object_0044_part_005_choice_000,11,0,2,-8,-87,8447,0x20FF,8447,255,32,-1,32,,24576,0002F8A9FF200060
MARPCK_TBL.decoded.bin,pck_object_0044,pck_object_0044_part_005,pck_object_0044_part_005_choice_000,44,11,2,5,8,3071,0x0BFF,3071,255,11,-1,11,,2571,0B020508FF0B0B0A
MARPCK_TBL.decoded.bin,pck_object_0044,pck_object_0044_part_005,pck_object_0044_part_005_choice_000,45,3,2,-1,3,2563,0x0A03,2563,3,10,3,10,,1031,0302FF03030A0704
MARPCK_TBL.decoded.bin,pck_object_0044,pck_object_0044_part_005,pck_object_0044_part_005_choice_000,160,2,2,2,3,1284,0x0504,1284,4,5,4,5,,2047,020202030405FF07
MARPCK_TBL.decoded.bin,pck_object_0044,pck_object_0044_part_005,pck_object_0044_part_005_choice_000,162,9,3,-1,3,2307,0x0903,2307,3,9,3,9,8,4,0903FF0303090804
MARPCK_TBL.decoded.bin,pck_object_0044,pck_object_0044_part_005,pck_object_0044_part_005_choice_000,227,0,2,2,15,17992,0x4648,17992,72,70,72,70,,256,0002020F48460001
MARPCK_TBL.decoded.bin,pck_object_0056,pck_object_0056_part_000,pck_object_0056_part_000_choice_000,172,2,2,10,9,65283,0xFF03,-253,3,255,3,-1,,771,02020A0903FF0303
MARPCK_TBL.decoded.bin,pck_object_0057,pck_object_0057_part_000,pck_object_0057_part_000_choice_000,126,2,2,10,9,65283,0xFF03,-253,3,255,3,-1,,771,02020A0903FF0303
MARPCK_TBL.decoded.bin,pck_object_0057,pck_object_0057_part_000,pck_object_0057_part_000_choice_000,152,80,3,-72,-8,0,0x0000,0,0,0,0,0,248,0,5003B8F80000F800
MARPCK_TBL.decoded.bin,pck_object_0057,pck_object_0057_part_000,pck_object_0057_part_000_choice_000,163,75,3,94,-5,64096,0xFA60,-1440,96,250,96,-6,63,6,4B035EFB60FA3F06
MARPCK_TBL.decoded.bin,pck_object_0057,pck_object_0057_part_000,pck_object_0057_part_000_choice_000,175,3,3,11,10,65284,0xFF04,-252,4,255,4,-1,1,0,03030B0A04FF0100
MARPCK_TBL.decoded.bin,pck_object_0058,pck_object_0058_part_000,pck_object_0058_part_000_choice_000,80,2,2,10,9,65283,0xFF03,-253,3,255,3,-1,,771,02020A0903FF0303
MARPCK_TBL.decoded.bin,pck_object_0058,pck_object_0058_part_000,pck_object_0058_part_000_choice_000,106,80,3,-72,-8,0,0x0000,0,0,0,0,0,248,0,5003B8F80000F800
MARPCK_TBL.decoded.bin,pck_object_0058,pck_object_0058_part_000,pck_object_0058_part_000_choice_000,117,75,3,94,-5,64096,0xFA60,-1440,96,250,96,-6,63,6,4B035EFB60FA3F06
MARPCK_TBL.decoded.bin,pck_object_0058,pck_object_0058_part_000,pck_object_0058_part_000_choice_000,129,3,3,11,10,65284,0xFF04,-252,4,255,4,-1,1,0,03030B0A04FF0100
MARPCK_TBL.decoded.bin,pck_object_0058,pck_object_0058_part_000,pck_object_0058_part_000_choice_000,176,9,3,-1,3,2307,0x0903,2307,3,9,3,9,8,4,0903FF0303090804
MARPCK_TBL.decoded.bin,pck_object_0058,pck_object_0058_part_000,pck_object_0058_part_000_choice_000,189,0,2,0,15,0,0x0000,0,0,0,0,0,,7963,0002000F00001B1F
MARPCK_TBL.decoded.bin,pck_object_0063,pck_object_0063_part_000,pck_object_0063_part_000_choice_000,24,126,3,31,-6,64474,0xFBDA,-1062,218,251,-38,-5,74,6,7E031FFADAFB4A06
MARPCK_TBL.decoded.bin,pck_object_0063,pck_object_0063_part_000,pck_object_0063_part_000_choice_000,25,217,2,-9,-5,64305,0xFB31,-1231,49,251,49,-5,,1337,D902F7FB31FB3905
MARPCK_TBL.decoded.bin,pck_object_0063,pck_object_0063_part_000,pck_object_0063_part_000_choice_000,26,175,3,1,0,216,0x00D8,216,216,0,-40,0,0,0,AF030100D8000000
MARPCK_TBL.decoded.bin,pck_object_0063,pck_object_0063_part_000,pck_object_0063_part_000_choice_000,36,3,3,11,10,65284,0xFF04,-252,4,255,4,-1,1,0,03030B0A04FF0100
MARPCK_TBL.decoded.bin,pck_object_0063,pck_object_0063_part_000,pck_object_0063_part_000_choice_000,49,120,2,0,0,0,0x0000,0,0,0,0,0,,0,7802000000000000
MARPCK_TBL.decoded.bin,pck_object_0063,pck_object_0063_part_000,pck_object_0063_part_000_choice_000,94,223,3,9,2,1714,0x06B2,1714,178,6,-78,6,33,252,DF030902B20621FC
MARPCK_TBL.decoded.bin,pck_object_0063,pck_object_0063_part_000,pck_object_0063_part_000_choice_000,95,9,2,-78,6,64362,0xFB6A,-1174,106,251,106,-5,,0,0902B2066AFB0000
MARPCK_TBL.decoded.bin,pck_object_0063,pck_object_0063_part_000,pck_object_0063_part_000_choice_000,97,250,3,6,-4,1455,0x05AF,1455,175,5,-81,5,150,4,FA0306FCAF059604
MARPCK_TBL.decoded.bin,pck_object_0063,pck_object_0063_part_000,pck_object_0063_part_000_choice_000,105,2,2,3,4,1541,0x0605,1541,5,6,5,6,,2303,020203040506FF08
MARPCK_TBL.decoded.bin,pck_object_0063,pck_object_0063_part_000,pck_object_0063_part_000_choice_000,144,76,2,0,0,0,0x0000,0,0,0,0,0,,0,4C02000000000000
MARPCK_TBL.decoded.bin,pck_object_0063,pck_object_0063_part_000,pck_object_0063_part_000_choice_000,172,5,2,117,-12,5,0x0005,5,5,0,5,0,,354,050275F405006201
MARPCK_TBL.decoded.bin,pck_object_0063,pck_object_0063_part_000,pck_object_0063_part_000_choice_000,200,2,2,-127,7,8,0x0008,8,8,0,8,0,,4352,0202810708000011
MARPCK_TBL.decoded.bin,pck_object_0063,pck_object_0063_part_000,pck_object_0063_part_000_choice_000,204,0,2,-127,7,2056,0x0808,2056,8,8,8,8,,7688,000281070808081E
MARPCK_TBL.decoded.bin,pck_object_0063,pck_object_0063_part_000,pck_object_0063_part_000_choice_000,205,6,2,18,18,5139,0x1413,5139,19,20,19,20,,5653,0602121213141516
MARPCK_TBL.decoded.bin,pck_object_0066,pck_object_0066_part_001,pck_object_0066_part_001_choice_000,0,60,2,-127,7,2056,0x0808,2056,8,8,8,8,,5896,3C02810708080817
MARPCK_TBL.decoded.bin,pck_object_0066,pck_object_0066_part_001,pck_object_0066_part_001_choice_000,1,67,2,-127,7,1032,0x0408,1032,8,4,8,4,,7428,430281070804041D
MARPCK_TBL.decoded.bin,pck_object_0066,pck_object_0066_part_001,pck_object_0066_part_001_choice_000,2,74,2,-127,7,8,0x0008,8,8,0,8,0,,7680,4A0281070800001E
MARPCK_TBL.decoded.bin,pck_object_0066,pck_object_0066_part_001,pck_object_0066_part_001_choice_000,3,80,2,-127,7,8,0x0008,8,8,0,8,0,,7936,500281070800001F
MARPCK_TBL.decoded.bin,pck_object_0066,pck_object_0066_part_001,pck_object_0066_part_001_choice_000,4,86,2,-127,7,2056,0x0808,2056,8,8,8,8,,4360,5602810708080811
MARPCK_TBL.decoded.bin,pck_object_0066,pck_object_0066_part_001,pck_object_0066_part_001_choice_000,5,92,2,-127,7,1032,0x0408,1032,8,4,8,4,,5892,5C02810708040417
MARPCK_TBL.decoded.bin,pck_object_0066,pck_object_0066_part_001,pck_object_0066_part_001_choice_000,6,98,2,-127,7,8,0x0008,8,8,0,8,0,,9216,6202810708000024
MARPCK_TBL.decoded.bin,pck_object_0066,pck_object_0066_part_001,pck_object_0066_part_001_choice_000,7,104,2,-127,7,8,0x0008,8,8,0,8,0,,9472,6802810708000025
MARPCK_TBL.decoded.bin,pck_object_0066,pck_object_0066_part_001,pck_object_0066_part_001_choice_000,8,110,2,18,18,5139,0x1413,5139,19,20,19,20,,5653,6E02121213141516
MARPCK_TBL.decoded.bin,pck_object_0066,pck_object_0066_part_002,pck_object_0066_part_002_choice_000,0,200,2,-127,4,9,0x0009,9,9,0,9,0,,12288,C802810409000030
MARPCK_TBL.decoded.bin,pck_object_0066,pck_object_0066_part_002,pck_object_0066_part_002_choice_000,1,210,2,-127,0,1033,0x0409,1033,9,4,9,4,,13060,D202810009040433
MARPCK_TBL.decoded.bin,pck_object_0066,pck_object_0066_part_002,pck_object_0066_part_002_choice_000,2,216,2,-127,9,1028,0x0404,1028,4,4,4,4,,13828,D802810904040436
MARPCK_TBL.decoded.bin,pck_object_0066,pck_object_0066_part_002,pck_object_0066_part_002_choice_000,3,222,2,-127,9,1028,0x0404,1028,4,4,4,4,,14084,DE02810904040437
MARPCK_TBL.decoded.bin,pck_object_0066,pck_object_0066_part_002,pck_object_0066_part_002_choice_000,4,227,2,-127,9,4,0x0004,4,4,0,4,0,,14336,E302810904000038
MARPCK_TBL.decoded.bin,pck_object_0066,pck_object_0066_part_002,pck_object_0066_part_002_choice_000,5,232,2,-127,9,4,0x0004,4,4,0,4,0,,14592,E802810904000039
MARPCK_TBL.decoded.bin,pck_object_0066,pck_object_0066_part_002,pck_object_0066_part_002_choice_000,6,238,2,-127,9,4,0x0004,4,4,0,4,0,,14848,EE0281090400003A
MARPCK_TBL.decoded.bin,pck_object_0066,pck_object_0066_part_002,pck_object_0066_part_002_choice_000,7,243,2,-127,9,4,0x0004,4,4,0,4,0,,15104,F30281090400003B
MARPCK_TBL.decoded.bin,pck_object_0066,pck_object_0066_part_002,pck_object_0066_part_002_choice_000,8,248,2,40,40,10793,0x2A29,10793,41,42,41,42,,11307,F8022828292A2B2C
MARPCK_TBL.decoded.bin,pck_object_0069,pck_object_0069_part_001,pck_object_0069_part_001_choice_000,0,62,2,-127,7,2056,0x0808,2056,8,8,8,8,,5640,3E02810708080816
MARPCK_TBL.decoded.bin,pck_object_0069,pck_object_0069_part_001,pck_object_0069_part_001_choice_000,1,69,2,-127,7,1032,0x0408,1032,8,4,8,4,,6916,450281070804041B
MARPCK_TBL.decoded.bin,pck_object_0069,pck_object_0069_part_001,pck_object_0069_part_001_choice_000,2,76,2,-127,7,8,0x0008,8,8,0,8,0,,7168,4C0281070800001C
MARPCK_TBL.decoded.bin,pck_object_0069,pck_object_0069_part_001,pck_object_0069_part_001_choice_000,3,82,2,-127,7,8,0x0008,8,8,0,8,0,,7424,520281070800001D
MARPCK_TBL.decoded.bin,pck_object_0069,pck_object_0069_part_001,pck_object_0069_part_001_choice_000,4,88,2,-127,7,1032,0x0408,1032,8,4,8,4,,7684,580281070804041E
MARPCK_TBL.decoded.bin,pck_object_0069,pck_object_0069_part_001,pck_object_0069_part_001_choice_000,5,94,2,-127,7,2056,0x0808,2056,8,8,8,8,,5640,5E02810708080816
MARPCK_TBL.decoded.bin,pck_object_0069,pck_object_0069_part_001,pck_object_0069_part_001_choice_000,6,100,2,-127,7,8,0x0008,8,8,0,8,0,,8960,6402810708000023
MARPCK_TBL.decoded.bin,pck_object_0069,pck_object_0069_part_001,pck_object_0069_part_001_choice_000,7,106,2,-127,7,1800,0x0708,1800,8,7,8,7,,9224,6A02810708070824
MARPCK_TBL.decoded.bin,pck_object_0069,pck_object_0069_part_001,pck_object_0069_part_001_choice_000,8,112,2,-127,7,8,0x0008,8,8,0,8,0,,9472,7002810708000025
MARPCK_TBL.decoded.bin,pck_object_0069,pck_object_0069_part_001,pck_object_0069_part_001_choice_000,9,118,2,3,3,4882,0x1312,4882,18,19,18,19,,5396,7602030312131415
MARPCK_TBL.decoded.bin,pck_object_0069,pck_object_0069_part_002,pck_object_0069_part_002_choice_000,0,208,2,-127,4,9,0x0009,9,9,0,9,0,,12032,D00281040900002F
MARPCK_TBL.decoded.bin,pck_object_0069,pck_object_0069_part_002,pck_object_0069_part_002_choice_000,1,218,2,-127,0,1033,0x0409,1033,9,4,9,4,,12804,DA02810009040432
MARPCK_TBL.decoded.bin,pck_object_0069,pck_object_0069_part_002,pck_object_0069_part_002_choice_000,2,224,2,-127,9,1028,0x0404,1028,4,4,4,4,,13572,E002810904040435
MARPCK_TBL.decoded.bin,pck_object_0069,pck_object_0069_part_002,pck_object_0069_part_002_choice_000,3,230,2,-127,9,1028,0x0404,1028,4,4,4,4,,13828,E602810904040436
MARPCK_TBL.decoded.bin,pck_object_0069,pck_object_0069_part_002,pck_object_0069_part_002_choice_000,4,235,2,-127,9,4,0x0004,4,4,0,4,0,,14080,EB02810904000037
MARPCK_TBL.decoded.bin,pck_object_0069,pck_object_0069_part_002,pck_object_0069_part_002_choice_000,5,240,2,-127,9,4,0x0004,4,4,0,4,0,,14336,F002810904000038
MARPCK_TBL.decoded.bin,pck_object_0069,pck_object_0069_part_002,pck_object_0069_part_002_choice_000,6,246,2,-127,9,4,0x0004,4,4,0,4,0,,14592,F602810904000039
MARPCK_TBL.decoded.bin,pck_object_0069,pck_object_0069_part_002,pck_object_0069_part_002_choice_000,7,251,2,-127,9,4,0x0004,4,4,0,4,0,,14848,FB0281090400003A
MARPCK_TBL.decoded.bin,pck_object_0069,pck_object_0069_part_002,pck_object_0069_part_002_choice_000,8,0,3,39,39,10536,0x2928,10536,40,41,40,41,42,43,0003272728292A2B
MARPCK_TBL.decoded.bin,pck_object_0070,pck_object_0070_part_001,pck_object_0070_part_001_choice_000,0,66,2,-127,7,2056,0x0808,2056,8,8,8,8,,5640,4202810708080816
MARPCK_TBL.decoded.bin,pck_object_0070,pck_object_0070_part_001,pck_object_0070_part_001_choice_000,1,73,2,-127,7,1032,0x0408,1032,8,4,8,4,,7172,490281070804041C
MARPCK_TBL.decoded.bin,pck_object_0070,pck_object_0070_part_001,pck_object_0070_part_001_choice_000,2,80,2,-127,7,8,0x0008,8,8,0,8,0,,7424,500281070800001D
MARPCK_TBL.decoded.bin,pck_object_0070,pck_object_0070_part_001,pck_object_0070_part_001_choice_000,3,86,2,-127,7,8,0x0008,8,8,0,8,0,,7680,560281070800001E
MARPCK_TBL.decoded.bin,pck_object_0070,pck_object_0070_part_001,pck_object_0070_part_001_choice_000,4,92,2,-127,7,2056,0x0808,2056,8,8,8,8,,4104,5C02810708080810
MARPCK_TBL.decoded.bin,pck_object_0070,pck_object_0070_part_001,pck_object_0070_part_001_choice_000,5,98,2,-127,7,1032,0x0408,1032,8,4,8,4,,5636,6202810708040416
MARPCK_TBL.decoded.bin,pck_object_0070,pck_object_0070_part_001,pck_object_0070_part_001_choice_000,6,104,2,-127,7,8,0x0008,8,8,0,8,0,,8960,6802810708000023
MARPCK_TBL.decoded.bin,pck_object_0070,pck_object_0070_part_001,pck_object_0070_part_001_choice_000,7,110,2,-127,7,8,0x0008,8,8,0,8,0,,9216,6E02810708000024
MARPCK_TBL.decoded.bin,pck_object_0070,pck_object_0070_part_001,pck_object_0070_part_001_choice_000,8,116,2,17,17,4882,0x1312,4882,18,19,18,19,,5396,7402111112131415
MARPCK_TBL.decoded.bin,pck_object_0070,pck_object_0070_part_002,pck_object_0070_part_002_choice_000,0,214,2,-127,7,2056,0x0808,2056,8,8,8,8,,5640,D602810708080816
MARPCK_TBL.decoded.bin,pck_object_0070,pck_object_0070_part_002,pck_object_0070_part_002_choice_000,1,221,2,-127,7,1032,0x0408,1032,8,4,8,4,,12292,DD02810708040430
MARPCK_TBL.decoded.bin,pck_object_0070,pck_object_0070_part_002,pck_object_0070_part_002_choice_000,2,228,2,-127,7,8,0x0008,8,8,0,8,0,,12544,E402810708000031
MARPCK_TBL.decoded.bin,pck_object_0070,pck_object_0070_part_002,pck_object_0070_part_002_choice_000,3,234,2,-127,7,8,0x0008,8,8,0,8,0,,12800,EA02810708000032
MARPCK_TBL.decoded.bin,pck_object_0070,pck_object_0070_part_002,pck_object_0070_part_002_choice_000,4,240,2,-127,7,1032,0x0408,1032,8,4,8,4,,13060,F002810708040433
MARPCK_TBL.decoded.bin,pck_object_0070,pck_object_0070_part_002,pck_object_0070_part_002_choice_000,5,246,2,-127,7,2056,0x0808,2056,8,8,8,8,,5640,F602810708080816
MARPCK_TBL.decoded.bin,pck_object_0070,pck_object_0070_part_002,pck_object_0070_part_002_choice_000,6,252,2,-127,7,8,0x0008,8,8,0,8,0,,14336,FC02810708000038
MARPCK_TBL.decoded.bin,pck_object_0070,pck_object_0070_part_002,pck_object_0070_part_002_choice_000,7,2,3,-127,7,1800,0x0708,1800,8,7,8,7,8,57,0203810708070839
MARPCK_TBL.decoded.bin,pck_object_0070,pck_object_0070_part_002,pck_object_0070_part_002_choice_000,8,8,3,-127,7,8,0x0008,8,8,0,8,0,0,58,080381070800003A
MARPCK_TBL.decoded.bin,pck_object_0070,pck_object_0070_part_002,pck_object_0070_part_002_choice_000,9,14,3,38,38,10279,0x2827,10279,39,40,39,40,41,42,0E0326262728292A
MARPCK_TBL.decoded.bin,pck_object_0078,pck_object_0078_part_003,pck_object_0078_part_003_choice_000,5,2,3,4,5,1791,0x06FF,1791,255,6,-1,6,6,7,02030405FF060607
OTHPCK_TBL.decoded.bin,pck_object_0012,pck_object_0012_part_000,pck_object_0012_part_000_choice_000,1,12,2,-62,7,0,0x0000,0,0,0,0,0,,496,0C02C2070000F001
OTHPCK_TBL.decoded.bin,pck_object_0012,pck_object_0012_part_000,pck_object_0012_part_000_choice_000,7,38,2,-8,-8,64501,0xFBF5,-1035,245,251,-11,-5,,550,2602F8F8F5FB2602
OTHPCK_TBL.decoded.bin,pck_object_0012,pck_object_0012_part_000,pck_object_0012_part_000_choice_000,10,38,2,0,0,2048,0x0800,2048,0,8,0,8,,0,2602000000080000
OTHPCK_TBL.decoded.bin,pck_object_0012,pck_object_0012_part_000,pck_object_0012_part_000_choice_000,12,253,2,30,-5,64889,0xFD79,-647,121,253,121,-3,,1942,FD021EFB79FD9607
PHAPCK_TBL.decoded.bin,pck_object_0001,pck_object_0001_part_000,pck_object_0001_part_000_choice_000,8,7,3,2,-1,1,0x0001,1,1,0,1,0,3,1,070302FF01000301
PHAPCK_TBL.decoded.bin,pck_object_0001,pck_object_0001_part_000,pck_object_0001_part_000_choice_000,10,129,3,3,3,3843,0x0F03,3843,3,15,3,15,51,1,81030303030F3301
PHAPCK_TBL.decoded.bin,pck_object_0001,pck_object_0001_part_000,pck_object_0001_part_000_choice_000,12,129,3,3,3,5379,0x1503,5379,3,21,3,21,61,1,8103030303153D01
PHAPCK_TBL.decoded.bin,pck_object_0001,pck_object_0001_part_000,pck_object_0001_part_000_choice_000,13,129,3,3,3,3075,0x0C03,3075,3,12,3,12,66,1,81030303030C4201
PHAPCK_TBL.decoded.bin,pck_object_0001,pck_object_0001_part_000,pck_object_0001_part_000_choice_000,14,129,2,2,5,5637,0x1605,5637,5,22,5,22,,327,8102020505164701
PHAPCK_TBL.decoded.bin,pck_object_0001,pck_object_0001_part_000,pck_object_0001_part_000_choice_000,41,3,3,1,-24,33024,0x8100,-32512,0,129,0,-127,2,2,030301E800810202
PHAPCK_TBL.decoded.bin,pck_object_0001,pck_object_0001_part_000,pck_object_0001_part_000_choice_000,44,3,3,12,-9,33024,0x8100,-32512,0,129,0,-127,3,3,03030CF700810303
PHAPCK_TBL.decoded.bin,pck_object_0001,pck_object_0001_part_000,pck_object_0001_part_000_choice_000,45,3,3,13,-4,512,0x0200,512,0,2,0,2,3,4,03030DFC00020304
PHAPCK_TBL.decoded.bin,pck_object_0001,pck_object_0001_part_000,pck_object_0001_part_000_choice_000,47,11,2,5,-1,2052,0x0804,2052,4,8,4,8,,1290,0B0205FF04080A05
PHAPCK_TBL.decoded.bin,pck_object_0001,pck_object_0001_part_000,pck_object_0001_part_000_choice_000,81,3,3,3,3,59905,0xEA01,-5631,1,234,1,-22,0,129,0303030301EA0081
PHAPCK_TBL.decoded.bin,pck_object_0001,pck_object_0001_part_000,pck_object_0001_part_000_choice_000,82,2,2,5,5,61190,0xEF06,-4346,6,239,6,-17,,33024,0202050506EF0081
PHAPCK_TBL.decoded.bin,pck_object_0001,pck_object_0001_part_000,pck_object_0001_part_000_choice_000,83,2,2,5,5,62473,0xF409,-3063,9,244,9,-12,,33024,0202050509F40081
PHAPCK_TBL.decoded.bin,pck_object_0001,pck_object_0001_part_000,pck_object_0001_part_000_choice_000,84,3,3,3,3,63756,0xF90C,-1780,12,249,12,-7,0,129,030303030CF90081
PHAPCK_TBL.decoded.bin,pck_object_0001,pck_object_0001_part_000,pck_object_0001_part_000_choice_000,85,3,3,3,3,65037,0xFE0D,-499,13,254,13,-2,0,2,030303030DFE0002
PHAPCK_TBL.decoded.bin,pck_object_0001,pck_object_0001_part_000,pck_object_0001_part_000_choice_000,126,0,2,3,4,65285,0xFF05,-251,5,255,5,-1,,2055,0002030405FF0708
PHAPCK_TBL.decoded.bin,pck_object_0001,pck_object_0001_part_000,pck_object_0001_part_000_choice_000,127,4,3,-1,10,523,0x020B,523,11,2,11,2,5,255,0403FF0A0B0205FF
PHAPCK_TBL.decoded.bin,pck_object_0001,pck_object_0001_part_000,pck_object_0001_part_000_choice_000,131,3,3,3,15,297,0x0129,297,41,1,41,1,129,0,0303030F29018100
PHAPCK_TBL.decoded.bin,pck_object_0001,pck_object_0001_part_000,pck_object_0001_part_000_choice_000,133,3,3,3,21,307,0x0133,307,51,1,51,1,129,3,0303031533018103
PHAPCK_TBL.decoded.bin,pck_object_0001,pck_object_0001_part_000,pck_object_0001_part_000_choice_000,134,3,3,3,12,312,0x0138,312,56,1,56,1,129,2,0303030C38018102
PHAPCK_TBL.decoded.bin,pck_object_0001,pck_object_0001_part_000,pck_object_0001_part_000_choice_000,140,0,2,0,16,0,0x0000,0,0,0,0,0,,8215,0002001000001720
PHAPCK_TBL.decoded.bin,pck_object_0001,pck_object_0001_part_000,pck_object_0001_part_000_choice_000,169,7,3,2,-1,1,0x0001,1,1,0,1,0,251,0,070302FF0100FB00
PHAPCK_TBL.decoded.bin,pck_object_0001,pck_object_0001_part_000,pck_object_0001_part_000_choice_000,171,129,3,3,3,3843,0x0F03,3843,3,15,3,15,43,1,81030303030F2B01
PHAPCK_TBL.decoded.bin,pck_object_0001,pck_object_0001_part_000,pck_object_0001_part_000_choice_000,173,129,3,3,3,5379,0x1503,5379,3,21,3,21,53,1,8103030303153501
PHAPCK_TBL.decoded.bin,pck_object_0001,pck_object_0001_part_000,pck_object_0001_part_000_choice_000,174,129,3,3,3,3075,0x0C03,3075,3,12,3,12,58,1,81030303030C3A01
PHAPCK_TBL.decoded.bin,pck_object_0001,pck_object_0001_part_000,pck_object_0001_part_000_choice_000,175,129,2,2,5,5637,0x1605,5637,5,22,5,22,,319,8102020505163F01
PHAPCK_TBL.decoded.bin,pck_object_0001,pck_object_0001_part_000,pck_object_0001_part_000_choice_000,202,3,3,1,-32,33024,0x8100,-32512,0,129,0,-127,2,2,030301E000810202
PHAPCK_TBL.decoded.bin,pck_object_0001,pck_object_0001_part_000,pck_object_0001_part_000_choice_000,205,3,3,12,-17,33024,0x8100,-32512,0,129,0,-127,3,3,03030CEF00810303
PHAPCK_TBL.decoded.bin,pck_object_0001,pck_object_0001_part_000,pck_object_0001_part_000_choice_000,206,3,3,13,-12,512,0x0200,512,0,2,0,2,3,4,03030DF400020304
PHAPCK_TBL.decoded.bin,pck_object_0001,pck_object_0001_part_000,pck_object_0001_part_000_choice_000,208,11,2,5,-1,2052,0x0804,2052,4,8,4,8,,1290,0B0205FF04080A05
PHAPCK_TBL.decoded.bin,pck_object_0001,pck_object_0001_part_000,pck_object_0001_part_000_choice_000,242,3,3,3,3,57857,0xE201,-7679,1,226,1,-30,0,129,0303030301E20081
PHAPCK_TBL.decoded.bin,pck_object_0001,pck_object_0001_part_000,pck_object_0001_part_000_choice_000,243,2,2,5,5,59142,0xE706,-6394,6,231,6,-25,,33024,0202050506E70081
PHAPCK_TBL.decoded.bin,pck_object_0001,pck_object_0001_part_000,pck_object_0001_part_000_choice_000,244,2,2,5,5,60425,0xEC09,-5111,9,236,9,-20,,33024,0202050509EC0081
PHAPCK_TBL.decoded.bin,pck_object_0001,pck_object_0001_part_000,pck_object_0001_part_000_choice_000,245,3,3,3,3,61708,0xF10C,-3828,12,241,12,-15,0,129,030303030CF10081
PHAPCK_TBL.decoded.bin,pck_object_0001,pck_object_0001_part_000,pck_object_0001_part_000_choice_000,246,3,3,3,3,62989,0xF60D,-2547,13,246,13,-10,0,2,030303030DF60002
PHAPCK_TBL.decoded.bin,pck_object_0003,pck_object_0003_part_000,pck_object_0003_part_000_choice_000,15,4,3,9,-1,1293,0x050D,1293,13,5,13,5,4,15,040309FF0D05040F
PHAPCK_TBL.decoded.bin,pck_object_0003,pck_object_0003_part_000,pck_object_0003_part_000_choice_000,45,3,3,11,62,33025,0x8101,-32511,1,129,1,-127,3,3,03030B3E01810303
PHAPCK_TBL.decoded.bin,pck_object_0003,pck_object_0003_part_000,pck_object_0003_part_000_choice_000,46,3,3,14,66,33025,0x8101,-32511,1,129,1,-127,0,0,03030E4201810000
PHAPCK_TBL.decoded.bin,pck_object_0003,pck_object_0003_part_000,pck_object_0003_part_000_choice_000,50,3,3,22,85,33025,0x8101,-32511,1,129,1,-127,3,3,0303165501810303
PHAPCK_TBL.decoded.bin,pck_object_0003,pck_object_0003_part_000,pck_object_0003_part_000_choice_000,51,3,3,23,90,33025,0x8101,-32511,1,129,1,-127,3,3,0303175A01810303
PHAPCK_TBL.decoded.bin,pck_object_0003,pck_object_0003_part_000,pck_object_0003_part_000_choice_000,52,3,3,11,95,513,0x0201,513,1,2,1,2,3,4,03030B5F01020304
PHAPCK_TBL.decoded.bin,pck_object_0003,pck_object_0003_part_000,pck_object_0003_part_000_choice_000,83,1,3,1,1,286,0x011E,286,30,1,30,1,129,2,010301011E018102
PHAPCK_TBL.decoded.bin,pck_object_0003,pck_object_0003_part_000,pck_object_0003_part_000_choice_000,88,3,3,3,11,311,0x0137,311,55,1,55,1,129,3,0303030B37018103
PHAPCK_TBL.decoded.bin,pck_object_0003,pck_object_0003_part_000,pck_object_0003_part_000_choice_000,89,3,3,3,14,315,0x013B,315,59,1,59,1,129,0,0303030E3B018100
PHAPCK_TBL.decoded.bin,pck_object_0003,pck_object_0003_part_000,pck_object_0003_part_000_choice_000,93,3,3,3,22,334,0x014E,334,78,1,78,1,129,3,030303164E018103
PHAPCK_TBL.decoded.bin,pck_object_0003,pck_object_0003_part_000,pck_object_0003_part_000_choice_000,94,3,3,3,23,339,0x0153,339,83,1,83,1,129,3,0303031753018103
PHAPCK_TBL.decoded.bin,pck_object_0003,pck_object_0003_part_000,pck_object_0003_part_000_choice_000,95,3,3,3,11,344,0x0158,344,88,1,88,1,2,3,0303030B58010203
PHAPCK_TBL.decoded.bin,pck_object_0003,pck_object_0003_part_000,pck_object_0003_part_000_choice_000,103,10,2,5,13,33023,0x80FF,-32513,255,128,-1,-128,,23296,0A02050DFF80005B
PHAPCK_TBL.decoded.bin,pck_object_0003,pck_object_0003_part_000,pck_object_0003_part_000_choice_000,127,2,2,5,5,11270,0x2C06,11270,6,44,6,44,,33025,02020505062C0181
PHAPCK_TBL.decoded.bin,pck_object_0003,pck_object_0003_part_000,pck_object_0003_part_000_choice_000,130,2,2,5,5,15121,0x3B11,15121,17,59,17,59,,33025,02020505113B0181
PHAPCK_TBL.decoded.bin,pck_object_0003,pck_object_0003_part_000,pck_object_0003_part_000_choice_000,131,3,3,3,3,16395,0x400B,16395,11,64,11,64,1,129,030303030B400181
PHAPCK_TBL.decoded.bin,pck_object_0003,pck_object_0003_part_000,pck_object_0003_part_000_choice_000,132,3,3,3,3,17422,0x440E,17422,14,68,14,68,1,129,030303030E440181
PHAPCK_TBL.decoded.bin,pck_object_0003,pck_object_0003_part_000,pck_object_0003_part_000_choice_000,135,2,2,5,5,21006,0x520E,21006,14,82,14,82,,33025,020205050E520181
PHAPCK_TBL.decoded.bin,pck_object_0003,pck_object_0003_part_000,pck_object_0003_part_000_choice_000,136,3,3,3,3,22294,0x5716,22294,22,87,22,87,1,129,0303030316570181
PHAPCK_TBL.decoded.bin,pck_object_0003,pck_object_0003_part_000,pck_object_0003_part_000_choice_000,137,3,3,3,3,23575,0x5C17,23575,23,92,23,92,1,129,03030303175C0181
PHAPCK_TBL.decoded.bin,pck_object_0003,pck_object_0003_part_000,pck_object_0003_part_000_choice_000,138,3,3,3,3,24843,0x610B,24843,11,97,11,97,1,2,030303030B610102
PHAPCK_TBL.decoded.bin,pck_object_0003,pck_object_0003_part_000,pck_object_0003_part_000_choice_000,152,232,3,-79,-5,1635,0x0663,1635,99,6,99,6,221,253,E803B1FB6306DDFD
PHAPCK_TBL.decoded.bin,pck_object_0003,pck_object_0003_part_000,pck_object_0003_part_000_choice_000,207,2,2,-127,0,0,0x0000,0,0,0,0,0,,8448,0202810000000021
PHAPCK_TBL.decoded.bin,pck_object_0003,pck_object_0003_part_000,pck_object_0003_part_000_choice_000,208,6,2,-127,3,771,0x0303,771,3,3,3,3,,9219,0602810303030324
PHAPCK_TBL.decoded.bin,pck_object_0003,pck_object_0003_part_000,pck_object_0003_part_000_choice_000,209,11,2,-127,2,1282,0x0502,1282,2,5,2,5,,6149,0B02810202050518
PHAPCK_TBL.decoded.bin,pck_object_0003,pck_object_0003_part_000,pck_object_0003_part_000_choice_000,210,15,2,4,32,65287,0xFF07,-249,7,255,7,-1,,8994,0F02042007FF2223
PHAPCK_TBL.decoded.bin,pck_object_0003,pck_object_0003_part_000,pck_object_0003_part_000_choice_000,246,3,3,3,1,350,0x015E,350,94,1,94,1,129,1,030303015E018101
PHAPCK_TBL.decoded.bin,pck_object_0003,pck_object_0003_part_000,pck_object_0003_part_000_choice_000,250,3,3,3,11,368,0x0170,368,112,1,112,1,129,3,0303030B70018103
PHAPCK_TBL.decoded.bin,pck_object_0003,pck_object_0003_part_000,pck_object_0003_part_000_choice_000,251,3,3,3,14,372,0x0174,372,116,1,116,1,129,3,0303030E74018103
PHAPCK_TBL.decoded.bin,pck_object_0003,pck_object_0003_part_000,pck_object_0003_part_000_choice_000,252,3,3,3,16,376,0x0178,376,120,1,120,1,129,2,0303031078018102
PHAPCK_TBL.decoded.bin,pck_object_0011,pck_object_0011_part_000,pck_object_0011_part_000_choice_000,63,3,3,3,1,224,0x00E0,224,224,0,-32,0,129,2,03030301E0008102
PHAPCK_TBL.decoded.bin,pck_object_0011,pck_object_0011_part_000,pck_object_0011_part_000_choice_000,66,3,3,3,12,239,0x00EF,239,239,0,-17,0,129,3,0303030CEF008103
PHAPCK_TBL.decoded.bin,pck_object_0011,pck_object_0011_part_000,pck_object_0011_part_000_choice_000,67,3,3,3,13,244,0x00F4,244,244,0,-12,0,2,3,0303030DF4000203
PHAPCK_TBL.decoded.bin,pck_object_0011,pck_object_0011_part_000,pck_object_0011_part_000_choice_000,98,135,2,106,-8,65406,0xFF7E,-130,126,255,126,-1,,65526,87026AF87EFFF6FF
PHAPCK_TBL.decoded.bin,pck_object_0011,pck_object_0011_part_000,pck_object_0011_part_000_choice_000,103,129,3,3,3,259,0x0103,259,3,1,3,1,226,0,810303030301E200
PHAPCK_TBL.decoded.bin,pck_object_0011,pck_object_0011_part_000,pck_object_0011_part_000_choice_000,104,129,2,2,5,1541,0x0605,1541,5,6,5,6,,231,810202050506E700
PHAPCK_TBL.decoded.bin,pck_object_0011,pck_object_0011_part_000,pck_object_0011_part_000_choice_000,105,129,2,2,5,2309,0x0905,2309,5,9,5,9,,236,810202050509EC00
PHAPCK_TBL.decoded.bin,pck_object_0011,pck_object_0011_part_000,pck_object_0011_part_000_choice_000,106,129,3,3,3,3075,0x0C03,3075,3,12,3,12,241,0,81030303030CF100
PHAPCK_TBL.decoded.bin,pck_object_0011,pck_object_0011_part_000,pck_object_0011_part_000_choice_000,107,129,3,3,3,3331,0x0D03,3331,3,13,3,13,246,0,81030303030DF600
PHAPCK_TBL.decoded.bin,pck_object_0011,pck_object_0011_part_000,pck_object_0011_part_000_choice_000,108,2,3,4,5,2047,0x07FF,2047,255,7,-1,7,8,4,02030405FF070804
PHAPCK_TBL.decoded.bin,pck_object_0011,pck_object_0011_part_000,pck_object_0011_part_000_choice_000,113,3,3,15,47,33025,0x8101,-32511,1,129,1,-127,0,0,03030F2F01810000
PHAPCK_TBL.decoded.bin,pck_object_0011,pck_object_0011_part_000,pck_object_0011_part_000_choice_000,115,3,3,21,57,33025,0x8101,-32511,1,129,1,-127,3,3,0303153901810303
PHAPCK_TBL.decoded.bin,pck_object_0011,pck_object_0011_part_000,pck_object_0011_part_000_choice_000,116,3,3,12,62,33025,0x8101,-32511,1,129,1,-127,2,2,03030C3E01810202
PHAPCK_TBL.decoded.bin,pck_object_0011,pck_object_0011_part_000,pck_object_0011_part_000_choice_000,135,232,3,0,0,65336,0xFF38,-200,56,255,56,-1,0,0,E803000038FF0000
PHAPCK_TBL.decoded.bin,pck_object_0011,pck_object_0011_part_000,pck_object_0011_part_000_choice_000,150,255,2,11,7,65283,0xFF03,-253,3,255,3,-1,,1029,FF020B0703FF0504
PHAPCK_TBL.decoded.bin,pck_object_0011,pck_object_0011_part_001,pck_object_0011_part_001_choice_000,63,3,3,3,1,224,0x00E0,224,224,0,-32,0,129,2,03030301E0008102
PHAPCK_TBL.decoded.bin,pck_object_0011,pck_object_0011_part_001,pck_object_0011_part_001_choice_000,66,3,3,3,12,239,0x00EF,239,239,0,-17,0,129,3,0303030CEF008103
PHAPCK_TBL.decoded.bin,pck_object_0011,pck_object_0011_part_001,pck_object_0011_part_001_choice_000,67,3,3,3,13,244,0x00F4,244,244,0,-12,0,2,3,0303030DF4000203
PHAPCK_TBL.decoded.bin,pck_object_0011,pck_object_0011_part_001,pck_object_0011_part_001_choice_000,98,135,2,106,-8,65406,0xFF7E,-130,126,255,126,-1,,65526,87026AF87EFFF6FF
PHAPCK_TBL.decoded.bin,pck_object_0011,pck_object_0011_part_001,pck_object_0011_part_001_choice_000,103,129,3,3,3,259,0x0103,259,3,1,3,1,226,0,810303030301E200
PHAPCK_TBL.decoded.bin,pck_object_0011,pck_object_0011_part_001,pck_object_0011_part_001_choice_000,104,129,2,2,5,1541,0x0605,1541,5,6,5,6,,231,810202050506E700
PHAPCK_TBL.decoded.bin,pck_object_0011,pck_object_0011_part_001,pck_object_0011_part_001_choice_000,105,129,2,2,5,2309,0x0905,2309,5,9,5,9,,236,810202050509EC00
PHAPCK_TBL.decoded.bin,pck_object_0011,pck_object_0011_part_001,pck_object_0011_part_001_choice_000,106,129,3,3,3,3075,0x0C03,3075,3,12,3,12,241,0,81030303030CF100
PHAPCK_TBL.decoded.bin,pck_object_0011,pck_object_0011_part_001,pck_object_0011_part_001_choice_000,107,129,3,3,3,3331,0x0D03,3331,3,13,3,13,246,0,81030303030DF600
PHAPCK_TBL.decoded.bin,pck_object_0011,pck_object_0011_part_001,pck_object_0011_part_001_choice_000,108,2,3,4,5,2047,0x07FF,2047,255,7,-1,7,8,4,02030405FF070804
PHAPCK_TBL.decoded.bin,pck_object_0011,pck_object_0011_part_001,pck_object_0011_part_001_choice_000,113,3,3,15,47,33025,0x8101,-32511,1,129,1,-127,0,0,03030F2F01810000
PHAPCK_TBL.decoded.bin,pck_object_0011,pck_object_0011_part_001,pck_object_0011_part_001_choice_000,115,3,3,21,57,33025,0x8101,-32511,1,129,1,-127,3,3,0303153901810303
PHAPCK_TBL.decoded.bin,pck_object_0011,pck_object_0011_part_001,pck_object_0011_part_001_choice_000,116,3,3,12,62,33025,0x8101,-32511,1,129,1,-127,2,2,03030C3E01810202
PHAPCK_TBL.decoded.bin,pck_object_0011,pck_object_0011_part_001,pck_object_0011_part_001_choice_000,135,232,3,0,0,65336,0xFF38,-200,56,255,56,-1,0,0,E803000038FF0000
PHAPCK_TBL.decoded.bin,pck_object_0011,pck_object_0011_part_001,pck_object_0011_part_001_choice_000,150,255,2,11,7,65283,0xFF03,-253,3,255,3,-1,,1029,FF020B0703FF0504
PHAPCK_TBL.decoded.bin,pck_object_0011,pck_object_0011_part_001,pck_object_0011_part_001_choice_000,205,232,3,0,0,0,0x0000,0,0,0,0,0,0,0,E803000000000000
PHAPCK_TBL.decoded.bin,pck_object_0011,pck_object_0011_part_001,pck_object_0011_part_001_choice_000,224,3,3,3,1,232,0x00E8,232,232,0,-24,0,129,2,03030301E8008102
PHAPCK_TBL.decoded.bin,pck_object_0011,pck_object_0011_part_001,pck_object_0011_part_001_choice_000,227,3,3,3,12,247,0x00F7,247,247,0,-9,0,129,3,0303030CF7008103
PHAPCK_TBL.decoded.bin,pck_object_0011,pck_object_0011_part_001,pck_object_0011_part_001_choice_000,228,3,3,3,13,252,0x00FC,252,252,0,-4,0,2,3,0303030DFC000203
PHAPCK_TBL.decoded.bin,pck_object_0016,pck_object_0016_part_001,pck_object_0016_part_001_choice_000,11,147,3,-86,0,65456,0xFFB0,-80,176,255,-80,-1,120,0,9303AA00B0FF7800
PHAPCK_TBL.decoded.bin,pck_object_0016,pck_object_0016_part_001,pck_object_0016_part_001_choice_000,44,232,3,0,0,0,0x0000,0,0,0,0,0,0,0,E803000000000000
PHAPCK_TBL.decoded.bin,pck_object_0016,pck_object_0016_part_001,pck_object_0016_part_001_choice_000,85,232,3,0,0,0,0x0000,0,0,0,0,0,0,0,E803000000000000
PHAPCK_TBL.decoded.bin,pck_object_0016,pck_object_0016_part_001,pck_object_0016_part_001_choice_000,86,50,2,-79,7,130,0x0082,130,130,0,-126,0,,65496,3202B1078200D8FF
PHAPCK_TBL.decoded.bin,pck_object_0016,pck_object_0016_part_001,pck_object_0016_part_001_choice_000,104,3,3,3,1,226,0x00E2,226,226,0,-30,0,129,2,03030301E2008102
PHAPCK_TBL.decoded.bin,pck_object_0016,pck_object_0016_part_001,pck_object_0016_part_001_choice_000,107,3,3,3,12,241,0x00F1,241,241,0,-15,0,129,3,0303030CF1008103
PHAPCK_TBL.decoded.bin,pck_object_0016,pck_object_0016_part_001,pck_object_0016_part_001_choice_000,108,3,3,3,13,246,0x00F6,246,246,0,-10,0,2,3,0303030DF6000203
PHAPCK_TBL.decoded.bin,pck_object_0019,pck_object_0019_part_000,pck_object_0019_part_000_choice_000,44,232,3,0,0,0,0x0000,0,0,0,0,0,0,0,E803000000000000
PHAPCK_TBL.decoded.bin,pck_object_0019,pck_object_0019_part_000,pck_object_0019_part_000_choice_000,63,3,3,3,1,230,0x00E6,230,230,0,-26,0,129,2,03030301E6008102
PHAPCK_TBL.decoded.bin,pck_object_0019,pck_object_0019_part_000,pck_object_0019_part_000_choice_000,66,3,3,3,12,245,0x00F5,245,245,0,-11,0,129,3,0303030CF5008103
PHAPCK_TBL.decoded.bin,pck_object_0019,pck_object_0019_part_000,pck_object_0019_part_000_choice_000,67,3,3,3,13,250,0x00FA,250,250,0,-6,0,2,3,0303030DFA000203
PHAPCK_TBL.decoded.bin,pck_object_0019,pck_object_0019_part_000,pck_object_0019_part_000_choice_000,71,0,3,1,0,1280,0x0500,1280,0,5,0,5,0,11,000301000005000B
PHAPCK_TBL.decoded.bin,pck_object_0019,pck_object_0019_part_000,pck_object_0019_part_000_choice_000,103,129,3,3,3,259,0x0103,259,3,1,3,1,232,0,810303030301E800
PHAPCK_TBL.decoded.bin,pck_object_0019,pck_object_0019_part_000,pck_object_0019_part_000_choice_000,104,129,2,2,5,1541,0x0605,1541,5,6,5,6,,237,810202050506ED00
PHAPCK_TBL.decoded.bin,pck_object_0019,pck_object_0019_part_000,pck_object_0019_part_000_choice_000,105,129,2,2,5,2309,0x0905,2309,5,9,5,9,,242,810202050509F200
PHAPCK_TBL.decoded.bin,pck_object_0019,pck_object_0019_part_000,pck_object_0019_part_000_choice_000,106,129,3,3,3,3075,0x0C03,3075,3,12,3,12,247,0,81030303030CF700
PHAPCK_TBL.decoded.bin,pck_object_0019,pck_object_0019_part_000,pck_object_0019_part_000_choice_000,107,129,3,3,3,3331,0x0D03,3331,3,13,3,13,252,0,81030303030DFC00
PHAPCK_TBL.decoded.bin,pck_object_0019,pck_object_0019_part_000,pck_object_0019_part_000_choice_000,108,2,3,4,5,1279,0x04FF,1279,255,4,-1,4,3,7,02030405FF040307
PHAPCK_TBL.decoded.bin,pck_object_0019,pck_object_0019_part_000,pck_object_0019_part_000_choice_000,143,129,3,1,3,257,0x0101,257,1,1,1,1,40,1,8103010301012801
PHAPCK_TBL.decoded.bin,pck_object_0019,pck_object_0019_part_000,pck_object_0019_part_000_choice_000,144,129,2,2,5,1541,0x0605,1541,5,6,5,6,,301,8102020505062D01
PHAPCK_TBL.decoded.bin,pck_object_0019,pck_object_0019_part_000,pck_object_0019_part_000_choice_000,147,129,2,2,5,4357,0x1105,4357,5,17,5,17,,316,8102020505113C01
PHAPCK_TBL.decoded.bin,pck_object_0019,pck_object_0019_part_000,pck_object_0019_part_000_choice_000,148,129,3,3,3,3587,0x0E03,3587,3,14,3,14,65,1,81030303030E4101
PHAPCK_TBL.decoded.bin,pck_object_0019,pck_object_0019_part_000,pck_object_0019_part_000_choice_000,149,129,3,3,3,2819,0x0B03,2819,3,11,3,11,69,1,81030303030B4501
PHAPCK_TBL.decoded.bin,pck_object_0019,pck_object_0019_part_000,pck_object_0019_part_000_choice_000,152,129,3,3,3,5635,0x1603,5635,3,22,3,22,83,1,8103030303165301
PHAPCK_TBL.decoded.bin,pck_object_0019,pck_object_0019_part_000,pck_object_0019_part_000_choice_000,153,129,3,3,3,3587,0x0E03,3587,3,14,3,14,88,1,81030303030E5801
PHAPCK_TBL.decoded.bin,pck_object_0019,pck_object_0019_part_000,pck_object_0019_part_000_choice_000,154,129,2,2,5,2821,0x0B05,2821,5,11,5,11,,349,81020205050B5D01
PHAPCK_TBL.decoded.bin,pck_object_0019,pck_object_0019_part_000,pck_object_0019_part_000_choice_000,155,129,3,3,3,5891,0x1703,5891,3,23,3,23,98,1,8103030303176201
PHAPCK_TBL.decoded.bin,pck_object_0019,pck_object_0019_part_000,pck_object_0019_part_000_choice_000,156,2,3,4,5,2047,0x07FF,2047,255,7,-1,7,8,9,02030405FF070809
PHAPCK_TBL.decoded.bin,pck_object_0021,pck_object_0021_part_001,pck_object_0021_part_001_choice_000,111,3,3,14,58,33025,0x8101,-32511,1,129,1,-127,3,3,03030E3A01810303
PHAPCK_TBL.decoded.bin,pck_object_0021,pck_object_0021_part_001,pck_object_0021_part_001_choice_000,112,3,3,11,62,33025,0x8101,-32511,1,129,1,-127,0,0,03030B3E01810000
PHAPCK_TBL.decoded.bin,pck_object_0021,pck_object_0021_part_001,pck_object_0021_part_001_choice_000,115,3,3,22,76,33025,0x8101,-32511,1,129,1,-127,3,3,0303164C01810303
PHAPCK_TBL.decoded.bin,pck_object_0021,pck_object_0021_part_001,pck_object_0021_part_001_choice_000,116,3,3,14,81,33025,0x8101,-32511,1,129,1,-127,2,2,03030E5101810202
PHAPCK_TBL.decoded.bin,pck_object_0021,pck_object_0021_part_001,pck_object_0021_part_001_choice_000,118,3,3,23,91,513,0x0201,513,1,2,1,2,3,4,0303175B01020304
PHAPCK_TBL.decoded.bin,pck_object_0026,pck_object_0026_part_000,pck_object_0026_part_000_choice_000,70,3,3,14,56,33025,0x8101,-32511,1,129,1,-127,3,3,03030E3801810303
PHAPCK_TBL.decoded.bin,pck_object_0026,pck_object_0026_part_000,pck_object_0026_part_000_choice_000,71,3,3,11,60,33025,0x8101,-32511,1,129,1,-127,0,0,03030B3C01810000
PHAPCK_TBL.decoded.bin,pck_object_0026,pck_object_0026_part_000,pck_object_0026_part_000_choice_000,74,3,3,22,74,33025,0x8101,-32511,1,129,1,-127,3,3,0303164A01810303
PHAPCK_TBL.decoded.bin,pck_object_0026,pck_object_0026_part_000,pck_object_0026_part_000_choice_000,75,3,3,14,79,33025,0x8101,-32511,1,129,1,-127,2,2,03030E4F01810202
PHAPCK_TBL.decoded.bin,pck_object_0026,pck_object_0026_part_000,pck_object_0026_part_000_choice_000,77,3,3,23,89,513,0x0201,513,1,2,1,2,3,4,0303175901020304
PHAPCK_TBL.decoded.bin,pck_object_0026,pck_object_0026_part_000,pck_object_0026_part_000_choice_000,107,129,3,1,3,257,0x0101,257,1,1,1,1,34,1,8103010301012201
PHAPCK_TBL.decoded.bin,pck_object_0026,pck_object_0026_part_000,pck_object_0026_part_000_choice_000,108,129,2,2,5,1541,0x0605,1541,5,6,5,6,,295,8102020505062701
PHAPCK_TBL.decoded.bin,pck_object_0026,pck_object_0026_part_000,pck_object_0026_part_000_choice_000,111,129,2,2,5,4357,0x1105,4357,5,17,5,17,,310,8102020505113601
PHAPCK_TBL.decoded.bin,pck_object_0026,pck_object_0026_part_000,pck_object_0026_part_000_choice_000,112,129,3,3,3,3587,0x0E03,3587,3,14,3,14,59,1,81030303030E3B01
PHAPCK_TBL.decoded.bin,pck_object_0026,pck_object_0026_part_000,pck_object_0026_part_000_choice_000,113,129,3,3,3,2819,0x0B03,2819,3,11,3,11,63,1,81030303030B3F01
PHAPCK_TBL.decoded.bin,pck_object_0026,pck_object_0026_part_000,pck_object_0026_part_000_choice_000,116,129,3,3,3,5123,0x1403,5123,3,20,3,20,77,1,8103030303144D01
PHAPCK_TBL.decoded.bin,pck_object_0026,pck_object_0026_part_000,pck_object_0026_part_000_choice_000,117,129,3,3,3,3587,0x0E03,3587,3,14,3,14,82,1,81030303030E5201
PHAPCK_TBL.decoded.bin,pck_object_0026,pck_object_0026_part_000,pck_object_0026_part_000_choice_000,118,129,2,2,5,2821,0x0B05,2821,5,11,5,11,,343,81020205050B5701
PHAPCK_TBL.decoded.bin,pck_object_0026,pck_object_0026_part_000,pck_object_0026_part_000_choice_000,119,129,3,3,3,5635,0x1603,5635,3,22,3,22,92,1,8103030303165C01
PHAPCK_TBL.decoded.bin,pck_object_0026,pck_object_0026_part_000,pck_object_0026_part_000_choice_000,120,2,3,4,5,2047,0x07FF,2047,255,7,-1,7,8,9,02030405FF070809
PHAPCK_TBL.decoded.bin,pck_object_0026,pck_object_0026_part_000,pck_object_0026_part_000_choice_000,163,1,2,3,4,65285,0xFF05,-251,5,255,5,-1,,2055,0102030405FF0708
PHAPCK_TBL.decoded.bin,pck_object_0034,pck_object_0034_part_000,pck_object_0034_part_000_choice_000,42,9,3,2,-1,522,0x020A,522,10,2,10,2,5,13,090302FF0A02050D
PHAPCK_TBL.decoded.bin,pck_object_0034,pck_object_0034_part_000,pck_object_0034_part_000_choice_000,90,207,2,125,7,40,0x0028,40,40,0,40,0,,50,CF027D0728003200
PHAPCK_TBL.decoded.bin,pck_object_0034,pck_object_0034_part_000,pck_object_0034_part_000_choice_000,127,4,3,9,-1,1293,0x050D,1293,13,5,13,5,4,15,040309FF0D05040F
PHAPCK_TBL.decoded.bin,pck_object_0034,pck_object_0034_part_000,pck_object_0034_part_000_choice_000,157,3,3,11,64,33025,0x8101,-32511,1,129,1,-127,3,3,03030B4001810303
PHAPCK_TBL.decoded.bin,pck_object_0034,pck_object_0034_part_000,pck_object_0034_part_000_choice_000,158,3,3,14,68,33025,0x8101,-32511,1,129,1,-127,0,0,03030E4401810000
PHAPCK_TBL.decoded.bin,pck_object_0034,pck_object_0034_part_000,pck_object_0034_part_000_choice_000,162,3,3,22,87,33025,0x8101,-32511,1,129,1,-127,3,3,0303165701810303
PHAPCK_TBL.decoded.bin,pck_object_0034,pck_object_0034_part_000,pck_object_0034_part_000_choice_000,163,3,3,23,92,33025,0x8101,-32511,1,129,1,-127,3,3,0303175C01810303
PHAPCK_TBL.decoded.bin,pck_object_0034,pck_object_0034_part_000,pck_object_0034_part_000_choice_000,164,3,3,11,97,513,0x0201,513,1,2,1,2,3,4,03030B6101020304
PHAPCK_TBL.decoded.bin,pck_object_0038,pck_object_0038_part_002,pck_object_0038_part_002_choice_000,0,2,2,-127,0,0,0x0000,0,0,0,0,0,,8448,0202810000000021
PHAPCK_TBL.decoded.bin,pck_object_0038,pck_object_0038_part_002,pck_object_0038_part_002_choice_000,1,6,2,-127,3,771,0x0303,771,3,3,3,3,,9219,0602810303030324
PHAPCK_TBL.decoded.bin,pck_object_0038,pck_object_0038_part_002,pck_object_0038_part_002_choice_000,2,11,2,-127,2,1282,0x0502,1282,2,5,2,5,,6149,0B02810202050518
PHAPCK_TBL.decoded.bin,pck_object_0038,pck_object_0038_part_002,pck_object_0038_part_002_choice_000,3,15,2,4,32,65287,0xFF07,-249,7,255,7,-1,,8994,0F02042007FF2223
PHAPCK_TBL.decoded.bin,pck_object_0040,pck_object_0040_part_002,pck_object_0040_part_002_choice_000,0,2,2,-127,0,0,0x0000,0,0,0,0,0,,8448,0202810000000021
PHAPCK_TBL.decoded.bin,pck_object_0040,pck_object_0040_part_002,pck_object_0040_part_002_choice_000,1,6,2,-127,3,771,0x0303,771,3,3,3,3,,9219,0602810303030324
PHAPCK_TBL.decoded.bin,pck_object_0040,pck_object_0040_part_002,pck_object_0040_part_002_choice_000,2,11,2,-127,2,1282,0x0502,1282,2,5,2,5,,6149,0B02810202050518
PHAPCK_TBL.decoded.bin,pck_object_0040,pck_object_0040_part_002,pck_object_0040_part_002_choice_000,3,15,2,4,32,65287,0xFF07,-249,7,255,7,-1,,8994,0F02042007FF2223
PHAPCK_TBL.decoded.bin,pck_object_0049,pck_object_0049_part_000,pck_object_0049_part_000_choice_000,4,140,2,0,0,0,0x0000,0,0,0,0,0,,270,8C02000000000E01
PHAPCK_TBL.decoded.bin,pck_object_0049,pck_object_0049_part_000,pck_object_0049_part_000_choice_000,10,140,2,50,0,65506,0xFFE2,-30,226,255,-30,-1,,220,8C023200E2FFDC00
PHAPCK_TBL.decoded.bin,pck_object_0049,pck_object_0049_part_000,pck_object_0049_part_000_choice_000,20,3,2,10,-1,128,0x0080,128,128,0,-128,0,,304,03020AFF80003001
PHAPCK_TBL.decoded.bin,pck_object_0049,pck_object_0049_part_000,pck_object_0049_part_000_choice_000,34,3,3,3,1,158,0x009E,158,158,0,-98,0,128,3,030303019E008003
PHAPCK_TBL.decoded.bin,pck_object_0049,pck_object_0049_part_000,pck_object_0049_part_000_choice_000,35,3,3,3,-1,162,0x00A2,162,162,0,-94,0,128,3,030303FFA2008003
PHAPCK_TBL.decoded.bin,pck_object_0049,pck_object_0049_part_000,pck_object_0049_part_000_choice_000,36,3,3,3,-1,165,0x00A5,165,165,0,-91,0,129,2,030303FFA5008102
PHAPCK_TBL.decoded.bin,pck_object_0049,pck_object_0049_part_000,pck_object_0049_part_000_choice_000,38,3,3,3,11,172,0x00AC,172,172,0,-84,0,2,3,0303030BAC000203
PHAPCK_TBL.decoded.bin,pck_object_0049,pck_object_0049_part_000,pck_object_0049_part_000_choice_000,40,10,2,4,-1,515,0x0203,515,3,2,3,2,,65290,0A0204FF03020AFF
PHAPCK_TBL.decoded.bin,pck_object_0049,pck_object_0049_part_000,pck_object_0049_part_000_choice_000,45,140,2,0,0,0,0x0000,0,0,0,0,0,,280,8C02000000001801
PHAPCK_TBL.decoded.bin,pck_object_0049,pck_object_0049_part_000,pck_object_0049_part_000_choice_000,51,140,2,50,0,65506,0xFFE2,-30,226,255,-30,-1,,230,8C023200E2FFE600
PHAPCK_TBL.decoded.bin,pck_object_0049,pck_object_0049_part_000,pck_object_0049_part_000_choice_000,61,3,2,10,-1,128,0x0080,128,128,0,-128,0,,304,03020AFF80003001
PHAPCK_TBL.decoded.bin,pck_object_0049,pck_object_0049_part_000,pck_object_0049_part_000_choice_000,75,3,3,3,1,150,0x0096,150,150,0,-106,0,128,3,0303030196008003
PHAPCK_TBL.decoded.bin,pck_object_0049,pck_object_0049_part_000,pck_object_0049_part_000_choice_000,76,3,3,3,-1,154,0x009A,154,154,0,-102,0,128,3,030303FF9A008003
PHAPCK_TBL.decoded.bin,pck_object_0049,pck_object_0049_part_000,pck_object_0049_part_000_choice_000,77,3,3,3,-1,157,0x009D,157,157,0,-99,0,129,2,030303FF9D008102
PHAPCK_TBL.decoded.bin,pck_object_0049,pck_object_0049_part_000,pck_object_0049_part_000_choice_000,79,3,3,3,11,164,0x00A4,164,164,0,-92,0,2,3,0303030BA4000203
PHAPCK_TBL.decoded.bin,pck_object_0049,pck_object_0049_part_000,pck_object_0049_part_000_choice_000,81,10,2,4,-1,515,0x0203,515,3,2,3,2,,65290,0A0204FF03020AFF
PHAPCK_TBL.decoded.bin,pck_object_0049,pck_object_0049_part_000,pck_object_0049_part_000_choice_000,86,140,2,0,0,0,0x0000,0,0,0,0,0,,270,8C02000000000E01
PHAPCK_TBL.decoded.bin,pck_object_0049,pck_object_0049_part_000,pck_object_0049_part_000_choice_000,92,140,2,50,0,65506,0xFFE2,-30,226,255,-30,-1,,220,8C023200E2FFDC00
PHAPCK_TBL.decoded.bin,pck_object_0049,pck_object_0049_part_000,pck_object_0049_part_000_choice_000,102,3,2,10,-1,128,0x0080,128,128,0,-128,0,,302,03020AFF80002E01
PHAPCK_TBL.decoded.bin,pck_object_0053,pck_object_0053_part_000,pck_object_0053_part_000_choice_000,4,140,2,0,0,0,0x0000,0,0,0,0,0,,270,8C02000000000E01
PHAPCK_TBL.decoded.bin,pck_object_0053,pck_object_0053_part_000,pck_object_0053_part_000_choice_000,10,140,2,50,0,65506,0xFFE2,-30,226,255,-30,-1,,220,8C023200E2FFDC00
PHAPCK_TBL.decoded.bin,pck_object_0053,pck_object_0053_part_000,pck_object_0053_part_000_choice_000,20,3,2,10,-1,128,0x0080,128,128,0,-128,0,,302,03020AFF80002E01
PHAPCK_TBL.decoded.bin,pck_object_0053,pck_object_0053_part_000,pck_object_0053_part_000_choice_000,43,129,3,3,3,259,0x0103,259,3,1,3,1,232,0,810303030301E800
PHAPCK_TBL.decoded.bin,pck_object_0053,pck_object_0053_part_000,pck_object_0053_part_000_choice_000,44,129,2,2,5,1541,0x0605,1541,5,6,5,6,,237,810202050506ED00
PHAPCK_TBL.decoded.bin,pck_object_0053,pck_object_0053_part_000,pck_object_0053_part_000_choice_000,45,129,2,2,5,2309,0x0905,2309,5,9,5,9,,242,810202050509F200
PHAPCK_TBL.decoded.bin,pck_object_0053,pck_object_0053_part_000,pck_object_0053_part_000_choice_000,46,129,3,3,3,3075,0x0C03,3075,3,12,3,12,247,0,81030303030CF700
PHAPCK_TBL.decoded.bin,pck_object_0053,pck_object_0053_part_000,pck_object_0053_part_000_choice_000,47,129,3,3,3,3331,0x0D03,3331,3,13,3,13,252,0,81030303030DFC00
PHAPCK_TBL.decoded.bin,pck_object_0053,pck_object_0053_part_000,pck_object_0053_part_000_choice_000,48,2,3,4,5,2047,0x07FF,2047,255,7,-1,7,8,4,02030405FF070804
PHAPCK_TBL.decoded.bin,pck_object_0053,pck_object_0053_part_000,pck_object_0053_part_000_choice_000,53,3,3,15,53,33025,0x8101,-32511,1,129,1,-127,0,0,03030F3501810000
PHAPCK_TBL.decoded.bin,pck_object_0053,pck_object_0053_part_000,pck_object_0053_part_000_choice_000,55,3,3,21,63,33025,0x8101,-32511,1,129,1,-127,3,3,0303153F01810303
PHAPCK_TBL.decoded.bin,pck_object_0053,pck_object_0053_part_000,pck_object_0053_part_000_choice_000,56,3,3,12,68,33025,0x8101,-32511,1,129,1,-127,2,2,03030C4401810202
PHAPCK_TBL.decoded.bin,pck_object_0053,pck_object_0053_part_000,pck_object_0053_part_000_choice_000,76,79,3,-72,-8,65376,0xFF60,-160,96,255,96,-1,136,255,4F03B8F860FF88FF
PHAPCK_TBL.decoded.bin,pck_object_0053,pck_object_0053_part_000,pck_object_0053_part_000_choice_000,91,3,2,-1,1,1792,0x0700,1792,0,7,0,7,,1,0302FF0100070100
PHAPCK_TBL.decoded.bin,pck_object_0053,pck_object_0053_part_000,pck_object_0053_part_000_choice_000,93,3,3,3,3,14095,0x370F,14095,15,55,15,55,1,129,030303030F370181
PHAPCK_TBL.decoded.bin,pck_object_0053,pck_object_0053_part_000,pck_object_0053_part_000_choice_000,95,3,3,3,3,16661,0x4115,16661,21,65,21,65,1,129,0303030315410181
PHAPCK_TBL.decoded.bin,pck_object_0053,pck_object_0053_part_000,pck_object_0053_part_000_choice_000,96,3,3,3,3,17932,0x460C,17932,12,70,12,70,1,129,030303030C460181
PHAPCK_TBL.decoded.bin,pck_object_0053,pck_object_0053_part_000,pck_object_0053_part_000_choice_000,97,2,2,5,5,19222,0x4B16,19222,22,75,22,75,,2049,02020505164B0108
PHAPCK_TBL.decoded.bin,pck_object_0057,pck_object_0057_part_000,pck_object_0057_part_000_choice_000,63,3,3,3,1,224,0x00E0,224,224,0,-32,0,129,2,03030301E0008102
PHAPCK_TBL.decoded.bin,pck_object_0057,pck_object_0057_part_000,pck_object_0057_part_000_choice_000,66,3,3,3,12,239,0x00EF,239,239,0,-17,0,129,3,0303030CEF008103
PHAPCK_TBL.decoded.bin,pck_object_0057,pck_object_0057_part_000,pck_object_0057_part_000_choice_000,67,3,3,3,13,244,0x00F4,244,244,0,-12,0,2,3,0303030DF4000203
PHAPCK_TBL.decoded.bin,pck_object_0057,pck_object_0057_part_000,pck_object_0057_part_000_choice_000,103,129,3,3,3,259,0x0103,259,3,1,3,1,226,0,810303030301E200
PHAPCK_TBL.decoded.bin,pck_object_0057,pck_object_0057_part_000,pck_object_0057_part_000_choice_000,104,129,2,2,5,1541,0x0605,1541,5,6,5,6,,231,810202050506E700
PHAPCK_TBL.decoded.bin,pck_object_0057,pck_object_0057_part_000,pck_object_0057_part_000_choice_000,105,129,2,2,5,2309,0x0905,2309,5,9,5,9,,236,810202050509EC00
PHAPCK_TBL.decoded.bin,pck_object_0057,pck_object_0057_part_000,pck_object_0057_part_000_choice_000,106,129,3,3,3,3075,0x0C03,3075,3,12,3,12,241,0,81030303030CF100
PHAPCK_TBL.decoded.bin,pck_object_0057,pck_object_0057_part_000,pck_object_0057_part_000_choice_000,107,129,3,3,3,3331,0x0D03,3331,3,13,3,13,246,0,81030303030DF600
PHAPCK_TBL.decoded.bin,pck_object_0057,pck_object_0057_part_000,pck_object_0057_part_000_choice_000,108,2,3,4,5,2047,0x07FF,2047,255,7,-1,7,8,4,02030405FF070804
PHAPCK_TBL.decoded.bin,pck_object_0057,pck_object_0057_part_000,pck_object_0057_part_000_choice_000,113,3,3,15,47,33025,0x8101,-32511,1,129,1,-127,0,0,03030F2F01810000
PHAPCK_TBL.decoded.bin,pck_object_0057,pck_object_0057_part_000,pck_object_0057_part_000_choice_000,115,3,3,21,57,33025,0x8101,-32511,1,129,1,-127,3,3,0303153901810303
PHAPCK_TBL.decoded.bin,pck_object_0057,pck_object_0057_part_000,pck_object_0057_part_000_choice_000,116,3,3,12,62,33025,0x8101,-32511,1,129,1,-127,2,2,03030C3E01810202
PHAPCK_TBL.decoded.bin,pck_object_0057,pck_object_0057_part_000,pck_object_0057_part_000_choice_000,135,232,3,0,0,65336,0xFF38,-200,56,255,56,-1,0,0,E803000038FF0000
PHAPCK_TBL.decoded.bin,pck_object_0057,pck_object_0057_part_000,pck_object_0057_part_000_choice_000,140,118,3,-126,0,65406,0xFF7E,-130,126,255,126,-1,126,255,760382007EFF7EFF
PHAPCK_TBL.decoded.bin,pck_object_0057,pck_object_0057_part_000,pck_object_0057_part_000_choice_000,150,255,2,11,7,65283,0xFF03,-253,3,255,3,-1,,1029,FF020B0703FF0504
PHAPCK_TBL.decoded.bin,pck_object_0057,pck_object_0057_part_001,pck_object_0057_part_001_choice_000,63,3,3,3,1,224,0x00E0,224,224,0,-32,0,129,2,03030301E0008102
PHAPCK_TBL.decoded.bin,pck_object_0057,pck_object_0057_part_001,pck_object_0057_part_001_choice_000,66,3,3,3,12,239,0x00EF,239,239,0,-17,0,129,3,0303030CEF008103
PHAPCK_TBL.decoded.bin,pck_object_0057,pck_object_0057_part_001,pck_object_0057_part_001_choice_000,67,3,3,3,13,244,0x00F4,244,244,0,-12,0,2,3,0303030DF4000203
PHAPCK_TBL.decoded.bin,pck_object_0057,pck_object_0057_part_001,pck_object_0057_part_001_choice_000,103,129,3,3,3,259,0x0103,259,3,1,3,1,226,0,810303030301E200
PHAPCK_TBL.decoded.bin,pck_object_0057,pck_object_0057_part_001,pck_object_0057_part_001_choice_000,104,129,2,2,5,1541,0x0605,1541,5,6,5,6,,231,810202050506E700
PHAPCK_TBL.decoded.bin,pck_object_0057,pck_object_0057_part_001,pck_object_0057_part_001_choice_000,105,129,2,2,5,2309,0x0905,2309,5,9,5,9,,236,810202050509EC00
PHAPCK_TBL.decoded.bin,pck_object_0057,pck_object_0057_part_001,pck_object_0057_part_001_choice_000,106,129,3,3,3,3075,0x0C03,3075,3,12,3,12,241,0,81030303030CF100
PHAPCK_TBL.decoded.bin,pck_object_0057,pck_object_0057_part_001,pck_object_0057_part_001_choice_000,107,129,3,3,3,3331,0x0D03,3331,3,13,3,13,246,0,81030303030DF600
PHAPCK_TBL.decoded.bin,pck_object_0057,pck_object_0057_part_001,pck_object_0057_part_001_choice_000,108,2,3,4,5,2047,0x07FF,2047,255,7,-1,7,8,4,02030405FF070804
PHAPCK_TBL.decoded.bin,pck_object_0057,pck_object_0057_part_001,pck_object_0057_part_001_choice_000,113,3,3,15,47,33025,0x8101,-32511,1,129,1,-127,0,0,03030F2F01810000
PHAPCK_TBL.decoded.bin,pck_object_0057,pck_object_0057_part_001,pck_object_0057_part_001_choice_000,115,3,3,21,57,33025,0x8101,-32511,1,129,1,-127,3,3,0303153901810303
PHAPCK_TBL.decoded.bin,pck_object_0057,pck_object_0057_part_001,pck_object_0057_part_001_choice_000,116,3,3,12,62,33025,0x8101,-32511,1,129,1,-127,2,2,03030C3E01810202
PHAPCK_TBL.decoded.bin,pck_object_0057,pck_object_0057_part_001,pck_object_0057_part_001_choice_000,135,232,3,0,0,65336,0xFF38,-200,56,255,56,-1,0,0,E803000038FF0000
PHAPCK_TBL.decoded.bin,pck_object_0057,pck_object_0057_part_001,pck_object_0057_part_001_choice_000,140,118,3,-126,0,65406,0xFF7E,-130,126,255,126,-1,126,255,760382007EFF7EFF
PHAPCK_TBL.decoded.bin,pck_object_0057,pck_object_0057_part_001,pck_object_0057_part_001_choice_000,150,255,2,11,7,65283,0xFF03,-253,3,255,3,-1,,1029,FF020B0703FF0504
PHAPCK_TBL.decoded.bin,pck_object_0057,pck_object_0057_part_001,pck_object_0057_part_001_choice_000,205,232,3,0,0,0,0x0000,0,0,0,0,0,0,0,E803000000000000
PHAPCK_TBL.decoded.bin,pck_object_0057,pck_object_0057_part_001,pck_object_0057_part_001_choice_000,212,50,2,-79,7,170,0x00AA,170,170,0,-86,0,,60,3202B107AA003C00
PHAPCK_TBL.decoded.bin,pck_object_0057,pck_object_0057_part_001,pck_object_0057_part_001_choice_000,224,3,3,3,1,232,0x00E8,232,232,0,-24,0,129,2,03030301E8008102
PHAPCK_TBL.decoded.bin,pck_object_0057,pck_object_0057_part_001,pck_object_0057_part_001_choice_000,227,3,3,3,12,247,0x00F7,247,247,0,-9,0,129,3,0303030CF7008103
PHAPCK_TBL.decoded.bin,pck_object_0057,pck_object_0057_part_001,pck_object_0057_part_001_choice_000,228,3,3,3,13,252,0x00FC,252,252,0,-4,0,2,3,0303030DFC000203
PHAPCK_TBL.decoded.bin,pck_object_0062,pck_object_0062_part_001,pck_object_0062_part_001_choice_000,44,232,3,0,0,0,0x0000,0,0,0,0,0,0,0,E803000000000000
PHAPCK_TBL.decoded.bin,pck_object_0062,pck_object_0062_part_001,pck_object_0062_part_001_choice_000,63,3,3,3,1,234,0x00EA,234,234,0,-22,0,129,2,03030301EA008102
PHAPCK_TBL.decoded.bin,pck_object_0062,pck_object_0062_part_001,pck_object_0062_part_001_choice_000,66,3,3,3,12,249,0x00F9,249,249,0,-7,0,129,3,0303030CF9008103
PHAPCK_TBL.decoded.bin,pck_object_0062,pck_object_0062_part_001,pck_object_0062_part_001_choice_000,67,3,3,3,13,254,0x00FE,254,254,0,-2,0,2,3,0303030DFE000203
PHAPCK_TBL.decoded.bin,pck_object_0062,pck_object_0062_part_001,pck_object_0062_part_001_choice_000,89,212,3,-5,-8,130,0x0082,130,130,0,-126,0,120,0,D403FBF882007800
PHAPCK_TBL.decoded.bin,pck_object_0062,pck_object_0062_part_001,pck_object_0062_part_001_choice_000,103,129,3,3,3,259,0x0103,259,3,1,3,1,220,0,810303030301DC00
PHAPCK_TBL.decoded.bin,pck_object_0062,pck_object_0062_part_001,pck_object_0062_part_001_choice_000,104,129,2,2,5,1541,0x0605,1541,5,6,5,6,,225,810202050506E100
PHAPCK_TBL.decoded.bin,pck_object_0062,pck_object_0062_part_001,pck_object_0062_part_001_choice_000,105,129,2,2,5,2309,0x0905,2309,5,9,5,9,,230,810202050509E600
PHAPCK_TBL.decoded.bin,pck_object_0062,pck_object_0062_part_001,pck_object_0062_part_001_choice_000,106,129,3,3,3,3075,0x0C03,3075,3,12,3,12,235,0,81030303030CEB00
PHAPCK_TBL.decoded.bin,pck_object_0062,pck_object_0062_part_001,pck_object_0062_part_001_choice_000,107,129,3,3,3,3331,0x0D03,3331,3,13,3,13,240,0,81030303030DF000
PHAPCK_TBL.decoded.bin,pck_object_0062,pck_object_0062_part_001,pck_object_0062_part_001_choice_000,108,2,3,4,5,1279,0x04FF,1279,255,4,-1,4,3,7,02030405FF040307
PHAPCK_TBL.decoded.bin,pck_object_0065,pck_object_0065_part_000,pck_object_0065_part_000_choice_000,5,147,3,-126,0,290,0x0122,290,34,1,34,1,200,0,930382002201C800
PHAPCK_TBL.decoded.bin,pck_object_0065,pck_object_0065_part_000,pck_object_0065_part_000_choice_000,87,0,2,-1,-16,55303,0xD807,-10233,7,216,7,-40,,13055,0002FFF007D8FF32
PHAPCK_TBL.decoded.bin,pck_object_0065,pck_object_0065_part_000,pck_object_0065_part_000_choice_000,111,3,3,14,64,33025,0x8101,-32511,1,129,1,-127,3,3,03030E4001810303
PHAPCK_TBL.decoded.bin,pck_object_0065,pck_object_0065_part_000,pck_object_0065_part_000_choice_000,112,3,3,11,68,33025,0x8101,-32511,1,129,1,-127,0,0,03030B4401810000
PHAPCK_TBL.decoded.bin,pck_object_0065,pck_object_0065_part_000,pck_object_0065_part_000_choice_000,115,3,3,22,82,33025,0x8101,-32511,1,129,1,-127,3,3,0303165201810303
PHAPCK_TBL.decoded.bin,pck_object_0065,pck_object_0065_part_000,pck_object_0065_part_000_choice_000,116,3,3,14,87,33025,0x8101,-32511,1,129,1,-127,2,2,03030E5701810202
PHAPCK_TBL.decoded.bin,pck_object_0065,pck_object_0065_part_000,pck_object_0065_part_000_choice_000,118,3,3,23,97,513,0x0201,513,1,2,1,2,3,4,0303176101020304
PHAPCK_TBL.decoded.bin,pck_object_0065,pck_object_0065_part_000,pck_object_0065_part_000_choice_000,149,1,3,1,1,288,0x0120,288,32,1,32,1,129,2,0103010120018102
PHAPCK_TBL.decoded.bin,pck_object_0065,pck_object_0065_part_000,pck_object_0065_part_000_choice_000,154,3,3,3,14,313,0x0139,313,57,1,57,1,129,3,0303030E39018103
PHAPCK_TBL.decoded.bin,pck_object_0065,pck_object_0065_part_000,pck_object_0065_part_000_choice_000,155,3,3,3,11,317,0x013D,317,61,1,61,1,129,0,0303030B3D018100
PHAPCK_TBL.decoded.bin,pck_object_0065,pck_object_0065_part_000,pck_object_0065_part_000_choice_000,158,3,3,3,22,331,0x014B,331,75,1,75,1,129,3,030303164B018103
PHAPCK_TBL.decoded.bin,pck_object_0065,pck_object_0065_part_000,pck_object_0065_part_000_choice_000,159,3,3,3,14,336,0x0150,336,80,1,80,1,129,2,0303030E50018102
PHAPCK_TBL.decoded.bin,pck_object_0065,pck_object_0065_part_000,pck_object_0065_part_000_choice_000,161,3,3,3,23,346,0x015A,346,90,1,90,1,2,3,030303175A010203
PHAPCK_TBL.decoded.bin,pck_object_0065,pck_object_0065_part_000,pck_object_0065_part_000_choice_000,167,255,2,5,10,65289,0xFF09,-247,9,255,9,-1,,2306,FF02050A09FF0209
PHAPCK_TBL.decoded.bin,pck_object_0065,pck_object_0065_part_000,pck_object_0065_part_000_choice_000,168,16,3,-1,10,1029,0x0405,1029,5,4,5,4,13,255,1003FF0A05040DFF
PHAPCK_TBL.decoded.bin,pck_object_0065,pck_object_0065_part_000,pck_object_0065_part_000_choice_000,169,4,3,16,13,33023,0x80FF,-32513,255,128,-1,-128,0,79,0403100DFF80004F
PHAPCK_TBL.decoded.bin,pck_object_0065,pck_object_0065_part_001,pck_object_0065_part_001_choice_000,5,147,3,-126,0,290,0x0122,290,34,1,34,1,200,0,930382002201C800
PHAPCK_TBL.decoded.bin,pck_object_0065,pck_object_0065_part_001,pck_object_0065_part_001_choice_000,87,0,2,-1,-16,55303,0xD807,-10233,7,216,7,-40,,13055,0002FFF007D8FF32
PHAPCK_TBL.decoded.bin,pck_object_0065,pck_object_0065_part_001,pck_object_0065_part_001_choice_000,111,3,3,14,64,33025,0x8101,-32511,1,129,1,-127,3,3,03030E4001810303
PHAPCK_TBL.decoded.bin,pck_object_0065,pck_object_0065_part_001,pck_object_0065_part_001_choice_000,112,3,3,11,68,33025,0x8101,-32511,1,129,1,-127,0,0,03030B4401810000
PHAPCK_TBL.decoded.bin,pck_object_0065,pck_object_0065_part_001,pck_object_0065_part_001_choice_000,115,3,3,22,82,33025,0x8101,-32511,1,129,1,-127,3,3,0303165201810303
PHAPCK_TBL.decoded.bin,pck_object_0065,pck_object_0065_part_001,pck_object_0065_part_001_choice_000,116,3,3,14,87,33025,0x8101,-32511,1,129,1,-127,2,2,03030E5701810202
PHAPCK_TBL.decoded.bin,pck_object_0065,pck_object_0065_part_001,pck_object_0065_part_001_choice_000,118,3,3,23,97,513,0x0201,513,1,2,1,2,3,4,0303176101020304
PHAPCK_TBL.decoded.bin,pck_object_0065,pck_object_0065_part_001,pck_object_0065_part_001_choice_000,149,1,3,1,1,288,0x0120,288,32,1,32,1,129,2,0103010120018102
PHAPCK_TBL.decoded.bin,pck_object_0065,pck_object_0065_part_001,pck_object_0065_part_001_choice_000,154,3,3,3,14,313,0x0139,313,57,1,57,1,129,3,0303030E39018103
PHAPCK_TBL.decoded.bin,pck_object_0065,pck_object_0065_part_001,pck_object_0065_part_001_choice_000,155,3,3,3,11,317,0x013D,317,61,1,61,1,129,0,0303030B3D018100
PHAPCK_TBL.decoded.bin,pck_object_0065,pck_object_0065_part_001,pck_object_0065_part_001_choice_000,158,3,3,3,22,331,0x014B,331,75,1,75,1,129,3,030303164B018103
PHAPCK_TBL.decoded.bin,pck_object_0065,pck_object_0065_part_001,pck_object_0065_part_001_choice_000,159,3,3,3,14,336,0x0150,336,80,1,80,1,129,2,0303030E50018102
PHAPCK_TBL.decoded.bin,pck_object_0065,pck_object_0065_part_001,pck_object_0065_part_001_choice_000,161,3,3,3,23,346,0x015A,346,90,1,90,1,2,3,030303175A010203
PHAPCK_TBL.decoded.bin,pck_object_0065,pck_object_0065_part_001,pck_object_0065_part_001_choice_000,167,255,2,5,10,65289,0xFF09,-247,9,255,9,-1,,2306,FF02050A09FF0209
PHAPCK_TBL.decoded.bin,pck_object_0065,pck_object_0065_part_001,pck_object_0065_part_001_choice_000,168,16,3,-1,10,1029,0x0405,1029,5,4,5,4,13,255,1003FF0A05040DFF
PHAPCK_TBL.decoded.bin,pck_object_0065,pck_object_0065_part_001,pck_object_0065_part_001_choice_000,169,4,3,16,13,33023,0x80FF,-32513,255,128,-1,-128,0,79,0403100DFF80004F
PHAPCK_TBL.decoded.bin,pck_object_0065,pck_object_0065_part_001,pck_object_0065_part_001_choice_000,193,2,2,5,5,11782,0x2E06,11782,6,46,6,46,,33025,02020505062E0181
PHAPCK_TBL.decoded.bin,pck_object_0065,pck_object_0065_part_001,pck_object_0065_part_001_choice_000,196,2,2,5,5,15633,0x3D11,15633,17,61,17,61,,33025,02020505113D0181
PHAPCK_TBL.decoded.bin,pck_object_0065,pck_object_0065_part_001,pck_object_0065_part_001_choice_000,197,3,3,3,3,16910,0x420E,16910,14,66,14,66,1,129,030303030E420181
PHAPCK_TBL.decoded.bin,pck_object_0065,pck_object_0065_part_001,pck_object_0065_part_001_choice_000,198,3,3,3,3,17931,0x460B,17931,11,70,11,70,1,129,030303030B460181
PHAPCK_TBL.decoded.bin,pck_object_0065,pck_object_0065_part_001,pck_object_0065_part_001_choice_000,201,3,3,3,3,21526,0x5416,21526,22,84,22,84,1,129,0303030316540181
PHAPCK_TBL.decoded.bin,pck_object_0065,pck_object_0065_part_001,pck_object_0065_part_001_choice_000,202,3,3,3,3,22798,0x590E,22798,14,89,14,89,1,129,030303030E590181
PHAPCK_TBL.decoded.bin,pck_object_0065,pck_object_0065_part_001,pck_object_0065_part_001_choice_000,203,2,2,5,5,24075,0x5E0B,24075,11,94,11,94,,33025,020205050B5E0181
PHAPCK_TBL.decoded.bin,pck_object_0065,pck_object_0065_part_001,pck_object_0065_part_001_choice_000,204,3,3,3,3,25367,0x6317,25367,23,99,23,99,1,2,0303030317630102
PHAPCK_TBL.decoded.bin,pck_object_0065,pck_object_0065_part_001,pck_object_0065_part_001_choice_000,235,129,3,1,3,257,0x0101,257,1,1,1,1,34,1,8103010301012201
PHAPCK_TBL.decoded.bin,pck_object_0065,pck_object_0065_part_001,pck_object_0065_part_001_choice_000,236,129,2,2,5,1541,0x0605,1541,5,6,5,6,,295,8102020505062701
PHAPCK_TBL.decoded.bin,pck_object_0065,pck_object_0065_part_001,pck_object_0065_part_001_choice_000,239,129,2,2,2,4354,0x1102,4354,2,17,2,17,,310,8102020202113601
PHAPCK_TBL.decoded.bin,pck_object_0065,pck_object_0065_part_001,pck_object_0065_part_001_choice_000,240,129,3,3,3,3587,0x0E03,3587,3,14,3,14,59,1,81030303030E3B01
PHAPCK_TBL.decoded.bin,pck_object_0065,pck_object_0065_part_001,pck_object_0065_part_001_choice_000,241,129,3,3,3,2819,0x0B03,2819,3,11,3,11,63,1,81030303030B3F01
PHAPCK_TBL.decoded.bin,pck_object_0065,pck_object_0065_part_001,pck_object_0065_part_001_choice_000,244,129,3,3,3,5635,0x1603,5635,3,22,3,22,77,1,8103030303164D01
PHAPCK_TBL.decoded.bin,pck_object_0065,pck_object_0065_part_001,pck_object_0065_part_001_choice_000,245,129,3,3,3,3587,0x0E03,3587,3,14,3,14,82,1,81030303030E5201
PHAPCK_TBL.decoded.bin,pck_object_0065,pck_object_0065_part_001,pck_object_0065_part_001_choice_000,246,129,2,2,2,2818,0x0B02,2818,2,11,2,11,,343,81020202020B5701
PHAPCK_TBL.decoded.bin,pck_object_0065,pck_object_0065_part_001,pck_object_0065_part_001_choice_000,247,129,3,3,3,5891,0x1703,5891,3,23,3,23,92,1,8103030303175C01
PHAPCK_TBL.decoded.bin,pck_object_0065,pck_object_0065_part_001,pck_object_0065_part_001_choice_000,248,2,3,4,5,2047,0x07FF,2047,255,7,-1,7,8,9,02030405FF070809
PHAPCK_TBL.decoded.bin,pck_object_0070,pck_object_0070_part_000,pck_object_0070_part_000_choice_000,48,3,3,14,52,33025,0x8101,-32511,1,129,1,-127,3,3,03030E3401810303
PHAPCK_TBL.decoded.bin,pck_object_0070,pck_object_0070_part_000,pck_object_0070_part_000_choice_000,49,3,3,11,56,33025,0x8101,-32511,1,129,1,-127,0,0,03030B3801810000
PHAPCK_TBL.decoded.bin,pck_object_0070,pck_object_0070_part_000,pck_object_0070_part_000_choice_000,52,3,3,22,70,33025,0x8101,-32511,1,129,1,-127,3,3,0303164601810303
PHAPCK_TBL.decoded.bin,pck_object_0070,pck_object_0070_part_000,pck_object_0070_part_000_choice_000,53,3,3,14,75,33025,0x8101,-32511,1,129,1,-127,2,2,03030E4B01810202
PHAPCK_TBL.decoded.bin,pck_object_0070,pck_object_0070_part_000,pck_object_0070_part_000_choice_000,55,3,3,23,85,513,0x0201,513,1,2,1,2,3,4,0303175501020304
PHAPCK_TBL.decoded.bin,pck_object_0070,pck_object_0070_part_000,pck_object_0070_part_000_choice_000,86,1,3,1,1,292,0x0124,292,36,1,36,1,129,2,0103010124018102
PHAPCK_TBL.decoded.bin,pck_object_0070,pck_object_0070_part_000,pck_object_0070_part_000_choice_000,91,3,3,3,11,317,0x013D,317,61,1,61,1,129,3,0303030B3D018103
PHAPCK_TBL.decoded.bin,pck_object_0070,pck_object_0070_part_000,pck_object_0070_part_000_choice_000,92,3,3,3,14,321,0x0141,321,65,1,65,1,129,0,0303030E41018100
PHAPCK_TBL.decoded.bin,pck_object_0070,pck_object_0070_part_000,pck_object_0070_part_000_choice_000,96,3,3,3,22,340,0x0154,340,84,1,84,1,129,3,0303031654018103
PHAPCK_TBL.decoded.bin,pck_object_0070,pck_object_0070_part_000,pck_object_0070_part_000_choice_000,97,3,3,3,23,345,0x0159,345,89,1,89,1,129,3,0303031759018103
PHAPCK_TBL.decoded.bin,pck_object_0070,pck_object_0070_part_000,pck_object_0070_part_000_choice_000,98,3,3,3,11,350,0x015E,350,94,1,94,1,2,3,0303030B5E010203
PHAPCK_TBL.decoded.bin,pck_object_0070,pck_object_0070_part_000,pck_object_0070_part_000_choice_000,106,10,2,5,13,33023,0x80FF,-32513,255,128,-1,-128,,20224,0A02050DFF80004F
PHAPCK_TBL.decoded.bin,pck_object_0070,pck_object_0070_part_000,pck_object_0070_part_000_choice_000,130,2,2,5,5,8710,0x2206,8710,6,34,6,34,,33025,0202050506220181
PHAPCK_TBL.decoded.bin,pck_object_0070,pck_object_0070_part_000,pck_object_0070_part_000_choice_000,133,2,2,5,5,12561,0x3111,12561,17,49,17,49,,33025,0202050511310181
PHAPCK_TBL.decoded.bin,pck_object_0070,pck_object_0070_part_000,pck_object_0070_part_000_choice_000,134,3,3,3,3,13835,0x360B,13835,11,54,11,54,1,129,030303030B360181
PHAPCK_TBL.decoded.bin,pck_object_0070,pck_object_0070_part_000,pck_object_0070_part_000_choice_000,135,3,3,3,3,14862,0x3A0E,14862,14,58,14,58,1,129,030303030E3A0181
PHAPCK_TBL.decoded.bin,pck_object_0070,pck_object_0070_part_000,pck_object_0070_part_000_choice_000,138,2,2,5,5,18446,0x480E,18446,14,72,14,72,,33025,020205050E480181
PHAPCK_TBL.decoded.bin,pck_object_0070,pck_object_0070_part_000,pck_object_0070_part_000_choice_000,139,3,3,3,3,19734,0x4D16,19734,22,77,22,77,1,129,03030303164D0181
PHAPCK_TBL.decoded.bin,pck_object_0070,pck_object_0070_part_000,pck_object_0070_part_000_choice_000,140,3,3,3,3,21015,0x5217,21015,23,82,23,82,1,129,0303030317520181
PHAPCK_TBL.decoded.bin,pck_object_0070,pck_object_0070_part_000,pck_object_0070_part_000_choice_000,141,3,3,3,3,22283,0x570B,22283,11,87,11,87,1,2,030303030B570102
PHAPCK_TBL.decoded.bin,pck_object_0070,pck_object_0070_part_000,pck_object_0070_part_000_choice_000,172,129,3,1,3,257,0x0101,257,1,1,1,1,38,1,8103010301012601
PHAPCK_TBL.decoded.bin,pck_object_0070,pck_object_0070_part_000,pck_object_0070_part_000_choice_000,173,129,2,2,5,1541,0x0605,1541,5,6,5,6,,299,8102020505062B01
PHAPCK_TBL.decoded.bin,pck_object_0070,pck_object_0070_part_000,pck_object_0070_part_000_choice_000,176,129,2,2,5,4357,0x1105,4357,5,17,5,17,,314,8102020505113A01
PHAPCK_TBL.decoded.bin,pck_object_0070,pck_object_0070_part_000,pck_object_0070_part_000_choice_000,177,129,3,3,3,2819,0x0B03,2819,3,11,3,11,63,1,81030303030B3F01
PHAPCK_TBL.decoded.bin,pck_object_0070,pck_object_0070_part_000,pck_object_0070_part_000_choice_000,178,129,3,3,3,3587,0x0E03,3587,3,14,3,14,67,1,81030303030E4301
PHAPCK_TBL.decoded.bin,pck_object_0070,pck_object_0070_part_000,pck_object_0070_part_000_choice_000,181,129,2,2,5,3589,0x0E05,3589,5,14,5,14,,337,81020205050E5101
PHAPCK_TBL.decoded.bin,pck_object_0070,pck_object_0070_part_000,pck_object_0070_part_000_choice_000,182,129,3,3,3,5635,0x1603,5635,3,22,3,22,86,1,8103030303165601
PHAPCK_TBL.decoded.bin,pck_object_0070,pck_object_0070_part_000,pck_object_0070_part_000_choice_000,183,129,3,3,3,5891,0x1703,5891,3,23,3,23,91,1,8103030303175B01
PHAPCK_TBL.decoded.bin,pck_object_0070,pck_object_0070_part_000,pck_object_0070_part_000_choice_000,184,129,3,3,3,2819,0x0B03,2819,3,11,3,11,96,1,81030303030B6001
PHAPCK_TBL.decoded.bin,pck_object_0070,pck_object_0070_part_000,pck_object_0070_part_000_choice_000,185,2,3,4,5,2047,0x07FF,2047,255,7,-1,7,8,9,02030405FF070809
PHAPCK_TBL.decoded.bin,pck_object_0072,pck_object_0072_part_000,pck_object_0072_part_000_choice_000,58,4,3,9,-1,1293,0x050D,1293,13,5,13,5,4,15,040309FF0D05040F
PHAPCK_TBL.decoded.bin,pck_object_0072,pck_object_0072_part_000,pck_object_0072_part_000_choice_000,88,3,3,11,65,33025,0x8101,-32511,1,129,1,-127,3,3,03030B4101810303
PHAPCK_TBL.decoded.bin,pck_object_0072,pck_object_0072_part_000,pck_object_0072_part_000_choice_000,89,3,3,14,69,33025,0x8101,-32511,1,129,1,-127,0,0,03030E4501810000
PHAPCK_TBL.decoded.bin,pck_object_0072,pck_object_0072_part_000,pck_object_0072_part_000_choice_000,93,3,3,22,88,33025,0x8101,-32511,1,129,1,-127,3,3,0303165801810303
PHAPCK_TBL.decoded.bin,pck_object_0072,pck_object_0072_part_000,pck_object_0072_part_000_choice_000,94,3,3,23,93,33025,0x8101,-32511,1,129,1,-127,3,3,0303175D01810303
PHAPCK_TBL.decoded.bin,pck_object_0072,pck_object_0072_part_000,pck_object_0072_part_000_choice_000,95,3,3,11,98,513,0x0201,513,1,2,1,2,3,4,03030B6201020304
PHAPCK_TBL.decoded.bin,pck_object_0072,pck_object_0072_part_000,pck_object_0072_part_000_choice_000,126,1,3,1,1,289,0x0121,289,33,1,33,1,129,2,0103010121018102
PHAPCK_TBL.decoded.bin,pck_object_0072,pck_object_0072_part_000,pck_object_0072_part_000_choice_000,131,3,3,3,11,314,0x013A,314,58,1,58,1,129,3,0303030B3A018103
PHAPCK_TBL.decoded.bin,pck_object_0072,pck_object_0072_part_000,pck_object_0072_part_000_choice_000,132,3,3,3,14,318,0x013E,318,62,1,62,1,129,0,0303030E3E018100
PHAPCK_TBL.decoded.bin,pck_object_0072,pck_object_0072_part_000,pck_object_0072_part_000_choice_000,136,3,3,3,22,337,0x0151,337,81,1,81,1,129,3,0303031651018103
PHAPCK_TBL.decoded.bin,pck_object_0072,pck_object_0072_part_000,pck_object_0072_part_000_choice_000,137,3,3,3,23,342,0x0156,342,86,1,86,1,129,3,0303031756018103
PHAPCK_TBL.decoded.bin,pck_object_0072,pck_object_0072_part_000,pck_object_0072_part_000_choice_000,138,3,3,3,11,347,0x015B,347,91,1,91,1,2,3,0303030B5B010203
PHAPCK_TBL.decoded.bin,pck_object_0072,pck_object_0072_part_000,pck_object_0072_part_000_choice_000,146,10,2,5,13,33023,0x80FF,-32513,255,128,-1,-128,,22784,0A02050DFF800059
PHAPCK_TBL.decoded.bin,pck_object_0084,pck_object_0084_part_000,pck_object_0084_part_000_choice_000,20,3,2,10,-1,128,0x0080,128,128,0,-128,0,,307,03020AFF80003301
PHAPCK_TBL.decoded.bin,pck_object_0084,pck_object_0084_part_000,pck_object_0084_part_000_choice_000,34,3,3,3,1,158,0x009E,158,158,0,-98,0,128,3,030303019E008003
PHAPCK_TBL.decoded.bin,pck_object_0084,pck_object_0084_part_000,pck_object_0084_part_000_choice_000,35,3,3,3,-1,162,0x00A2,162,162,0,-94,0,128,3,030303FFA2008003
PHAPCK_TBL.decoded.bin,pck_object_0084,pck_object_0084_part_000,pck_object_0084_part_000_choice_000,36,3,3,3,-1,165,0x00A5,165,165,0,-91,0,129,2,030303FFA5008102
PHAPCK_TBL.decoded.bin,pck_object_0084,pck_object_0084_part_000,pck_object_0084_part_000_choice_000,38,3,3,3,11,172,0x00AC,172,172,0,-84,0,2,3,0303030BAC000203
PHAPCK_TBL.decoded.bin,pck_object_0084,pck_object_0084_part_000,pck_object_0084_part_000_choice_000,40,10,2,4,-1,515,0x0203,515,3,2,3,2,,65290,0A0204FF03020AFF
PHAPCK_TBL.decoded.bin,pck_object_0084,pck_object_0084_part_000,pck_object_0084_part_000_choice_000,61,3,2,10,-1,128,0x0080,128,128,0,-128,0,,316,03020AFF80003C01
PHAPCK_TBL.decoded.bin,pck_object_0084,pck_object_0084_part_000,pck_object_0084_part_000_choice_000,75,3,3,3,1,150,0x0096,150,150,0,-106,0,128,3,0303030196008003
PHAPCK_TBL.decoded.bin,pck_object_0084,pck_object_0084_part_000,pck_object_0084_part_000_choice_000,76,3,3,3,-1,154,0x009A,154,154,0,-102,0,128,3,030303FF9A008003
PHAPCK_TBL.decoded.bin,pck_object_0084,pck_object_0084_part_000,pck_object_0084_part_000_choice_000,77,3,3,3,-1,157,0x009D,157,157,0,-99,0,129,2,030303FF9D008102
PHAPCK_TBL.decoded.bin,pck_object_0084,pck_object_0084_part_000,pck_object_0084_part_000_choice_000,79,3,3,3,11,164,0x00A4,164,164,0,-92,0,2,3,0303030BA4000203
PHAPCK_TBL.decoded.bin,pck_object_0084,pck_object_0084_part_000,pck_object_0084_part_000_choice_000,81,10,2,4,-1,515,0x0203,515,3,2,3,2,,65290,0A0204FF03020AFF
PHAPCK_TBL.decoded.bin,pck_object_0084,pck_object_0084_part_000,pck_object_0084_part_000_choice_000,102,3,2,10,-1,128,0x0080,128,128,0,-128,0,,406,03020AFF80009601
PHAPCK_TBL.decoded.bin,pck_object_0088,pck_object_0088_part_000,pck_object_0088_part_000_choice_000,20,3,2,10,-1,128,0x0080,128,128,0,-128,0,,406,03020AFF80009601
PHAPCK_TBL.decoded.bin,pck_object_0088,pck_object_0088_part_000,pck_object_0088_part_000_choice_000,34,3,3,3,1,158,0x009E,158,158,0,-98,0,128,3,030303019E008003
PHAPCK_TBL.decoded.bin,pck_object_0088,pck_object_0088_part_000,pck_object_0088_part_000_choice_000,35,3,3,3,-1,162,0x00A2,162,162,0,-94,0,128,3,030303FFA2008003
PHAPCK_TBL.decoded.bin,pck_object_0088,pck_object_0088_part_000,pck_object_0088_part_000_choice_000,36,3,3,3,-1,165,0x00A5,165,165,0,-91,0,129,2,030303FFA5008102
PHAPCK_TBL.decoded.bin,pck_object_0088,pck_object_0088_part_000,pck_object_0088_part_000_choice_000,38,3,3,3,11,172,0x00AC,172,172,0,-84,0,2,3,0303030BAC000203
PHAPCK_TBL.decoded.bin,pck_object_0088,pck_object_0088_part_000,pck_object_0088_part_000_choice_000,40,10,2,4,-1,515,0x0203,515,3,2,3,2,,65290,0A0204FF03020AFF
PHAPCK_TBL.decoded.bin,pck_object_0088,pck_object_0088_part_000,pck_object_0088_part_000_choice_000,90,26,2,86,-1,65526,0xFFF6,-10,246,255,-10,-1,,60,1A0256FFF6FF3C00
PHAPCK_TBL.decoded.bin,pck_object_0091,pck_object_0091_part_000,pck_object_0091_part_000_choice_000,49,26,2,86,-1,65446,0xFFA6,-90,166,255,-90,-1,,65506,1A0256FFA6FFE2FF
PHAPCK_TBL.decoded.bin,pck_object_0091,pck_object_0091_part_000,pck_object_0091_part_000_choice_000,108,2,3,4,5,2047,0x07FF,2047,255,7,-1,7,8,4,02030405FF070804
PHAPCK_TBL.decoded.bin,pck_object_0091,pck_object_0091_part_000,pck_object_0091_part_000_choice_000,121,49,2,0,0,0,0x0000,0,0,0,0,0,,0,3102000000000000
PHAPCK_TBL.decoded.bin,pck_object_0091,pck_object_0091_part_000,pck_object_0091_part_000_choice_000,151,0,2,-1,-127,2056,0x0808,2056,8,8,8,8,,0,0002FF8108080000
PHAPCK_TBL.decoded.bin,pck_object_0091,pck_object_0091_part_001,pck_object_0091_part_001_choice_000,49,26,2,86,-1,65446,0xFFA6,-90,166,255,-90,-1,,65506,1A0256FFA6FFE2FF
PHAPCK_TBL.decoded.bin,pck_object_0091,pck_object_0091_part_001,pck_object_0091_part_001_choice_000,108,2,3,4,5,2047,0x07FF,2047,255,7,-1,7,8,4,02030405FF070804
PHAPCK_TBL.decoded.bin,pck_object_0091,pck_object_0091_part_001,pck_object_0091_part_001_choice_000,121,49,2,0,0,0,0x0000,0,0,0,0,0,,0,3102000000000000
PHAPCK_TBL.decoded.bin,pck_object_0091,pck_object_0091_part_001,pck_object_0091_part_001_choice_000,151,0,2,-1,-127,2056,0x0808,2056,8,8,8,8,,0,0002FF8108080000
PHAPCK_TBL.decoded.bin,pck_object_0091,pck_object_0091_part_001,pck_object_0091_part_001_choice_000,187,2,3,4,5,1279,0x04FF,1279,255,4,-1,4,3,7,02030405FF040307
PHAPCK_TBL.decoded.bin,pck_object_0091,pck_object_0091_part_001,pck_object_0091_part_001_choice_000,214,232,3,0,0,65336,0xFF38,-200,56,255,56,-1,0,0,E803000038FF0000
PHAPCK_TBL.decoded.bin,pck_object_0091,pck_object_0091_part_001,pck_object_0091_part_001_choice_000,229,255,2,11,7,65283,0xFF03,-253,3,255,3,-1,,1029,FF020B0703FF0504
PHAPCK_TBL.decoded.bin,pck_object_0097,pck_object_0097_part_000,pck_object_0097_part_000_choice_000,44,232,3,0,0,0,0x0000,0,0,0,0,0,0,0,E803000000000000
PHAPCK_TBL.decoded.bin,pck_object_0097,pck_object_0097_part_000,pck_object_0097_part_000_choice_000,61,135,2,1,0,176,0x00B0,176,176,0,-80,0,,0,87020100B0000000
PHAPCK_TBL.decoded.bin,pck_object_0097,pck_object_0097_part_000,pck_object_0097_part_000_choice_000,109,255,2,11,7,65283,0xFF03,-253,3,255,3,-1,,1029,FF020B0703FF0504
PHAPCK_TBL.decoded.bin,pck_object_0097,pck_object_0097_part_000,pck_object_0097_part_000_choice_000,136,230,2,-40,-1,90,0x005A,90,90,0,90,0,,65226,E602D8FF5A00CAFE
PHAPCK_TBL.decoded.bin,pck_object_0097,pck_object_0097_part_001,pck_object_0097_part_001_choice_000,44,232,3,0,0,0,0x0000,0,0,0,0,0,0,0,E803000000000000
PHAPCK_TBL.decoded.bin,pck_object_0097,pck_object_0097_part_001,pck_object_0097_part_001_choice_000,61,135,2,1,0,176,0x00B0,176,176,0,-80,0,,0,87020100B0000000
PHAPCK_TBL.decoded.bin,pck_object_0097,pck_object_0097_part_001,pck_object_0097_part_001_choice_000,109,255,2,11,7,65283,0xFF03,-253,3,255,3,-1,,1029,FF020B0703FF0504
PHAPCK_TBL.decoded.bin,pck_object_0097,pck_object_0097_part_001,pck_object_0097_part_001_choice_000,136,230,2,-40,-1,90,0x005A,90,90,0,90,0,,65226,E602D8FF5A00CAFE
PHAPCK_TBL.decoded.bin,pck_object_0097,pck_object_0097_part_001,pck_object_0097_part_001_choice_000,214,65,2,-90,-1,40,0x0028,40,40,0,40,0,,65256,4102A6FF2800E8FE
PHAPCK_TBL.decoded.bin,pck_object_0100,pck_object_0100_part_000,pck_object_0100_part_000_choice_000,16,230,2,-40,-1,90,0x005A,90,90,0,90,0,,65226,E602D8FF5A00CAFE
PHAPCK_TBL.decoded.bin,pck_object_0100,pck_object_0100_part_000,pck_object_0100_part_000_choice_000,94,65,2,-90,-1,40,0x0028,40,40,0,40,0,,65256,4102A6FF2800E8FE
PHAPCK_TBL.decoded.bin,pck_object_0106,pck_object_0106_part_000,pck_object_0106_part_000_choice_000,16,26,3,40,0,90,0x005A,90,90,0,90,0,202,254,1A0328005A00CAFE
PHAPCK_TBL.decoded.bin,pck_object_0106,pck_object_0106_part_000,pck_object_0106_part_000_choice_000,42,9,3,2,-1,522,0x020A,522,10,2,10,2,5,13,090302FF0A02050D
PHAPCK_TBL.decoded.bin,pck_object_0106,pck_object_0106_part_000,pck_object_0106_part_000_choice_000,127,4,3,9,-1,1293,0x050D,1293,13,5,13,5,4,15,040309FF0D05040F
RIFPCK_TBL.decoded.bin,pck_object_0003,pck_object_0003_part_000,pck_object_0003_part_000_choice_000,15,147,3,0,0,0,0x0000,0,0,0,0,0,0,8,9303000000000008
RIFPCK_TBL.decoded.bin,pck_object_0003,pck_object_0003_part_000,pck_object_0003_part_000_choice_000,41,3,3,11,10,65284,0xFF04,-252,4,255,4,-1,5,5,03030B0A04FF0505
RIFPCK_TBL.decoded.bin,pck_object_0003,pck_object_0003_part_000,pck_object_0003_part_000_choice_000,78,236,3,-8,6,40,0x0028,40,40,0,40,0,176,255,EC03F8062800B0FF
RIFPCK_TBL.decoded.bin,pck_object_0003,pck_object_0003_part_000,pck_object_0003_part_000_choice_000,107,248,2,0,0,1901,0x076D,1901,109,7,109,7,,120,F80200006D077800
RIFPCK_TBL.decoded.bin,pck_object_0003,pck_object_0003_part_000,pck_object_0003_part_000_choice_000,126,20,2,0,0,4,0x0004,4,4,0,4,0,,540,1402000004001C02
RIFPCK_TBL.decoded.bin,pck_object_0003,pck_object_0003_part_000,pck_object_0003_part_000_choice_000,128,60,2,-127,0,0,0x0000,0,0,0,0,0,,1536,3C02810000000006
RIFPCK_TBL.decoded.bin,pck_object_0003,pck_object_0003_part_000,pck_object_0003_part_000_choice_000,129,66,2,-127,0,0,0x0000,0,0,0,0,0,,2304,4202810000000009
RIFPCK_TBL.decoded.bin,pck_object_0003,pck_object_0003_part_000,pck_object_0003_part_000_choice_000,130,72,2,-127,0,0,0x0000,0,0,0,0,0,,3584,480281000000000E
RIFPCK_TBL.decoded.bin,pck_object_0003,pck_object_0003_part_000,pck_object_0003_part_000_choice_000,131,78,2,2,2,1027,0x0403,1027,3,4,3,4,,65285,4E020202030405FF
RIFPCK_TBL.decoded.bin,pck_object_0003,pck_object_0003_part_000,pck_object_0003_part_000_choice_000,212,255,2,2,5,2055,0x0807,2055,7,8,7,8,,2303,FF0202050708FF08
RIFPCK_TBL.decoded.bin,pck_object_0003,pck_object_0003_part_000,pck_object_0003_part_000_choice_000,223,248,2,-1,73,17920,0x4600,17920,0,70,0,70,,64256,F802FF49004600FB
RIFPCK_TBL.decoded.bin,pck_object_0004,pck_object_0004_part_002,pck_object_0004_part_002_choice_000,70,2,2,3,4,65285,0xFF05,-251,5,255,5,-1,,1285,0202030405FF0505
RIFPCK_TBL.decoded.bin,pck_object_0004,pck_object_0004_part_002,pck_object_0004_part_002_choice_000,74,96,2,-1,7,1921,0x0781,1921,129,7,-127,7,,1799,6002FF0781070707
RIFPCK_TBL.decoded.bin,pck_object_0004,pck_object_0004_part_002,pck_object_0004_part_002_choice_000,79,136,2,-115,-2,129,0x0081,129,129,0,-127,0,,0,88028DFE81000000
RIFPCK_TBL.decoded.bin,pck_object_0004,pck_object_0004_part_002,pck_object_0004_part_002_choice_000,126,0,2,0,3,2052,0x0804,2052,4,8,4,8,,32776,0002000304080880
RIFPCK_TBL.decoded.bin,pck_object_0004,pck_object_0004_part_003,pck_object_0004_part_003_choice_000,70,2,2,3,4,65285,0xFF05,-251,5,255,5,-1,,1285,0202030405FF0505
RIFPCK_TBL.decoded.bin,pck_object_0004,pck_object_0004_part_003,pck_object_0004_part_003_choice_000,74,96,2,-1,7,1921,0x0781,1921,129,7,-127,7,,1799,6002FF0781070707
RIFPCK_TBL.decoded.bin,pck_object_0004,pck_object_0004_part_003,pck_object_0004_part_003_choice_000,79,136,2,-115,-2,129,0x0081,129,129,0,-127,0,,0,88028DFE81000000
RIFPCK_TBL.decoded.bin,pck_object_0004,pck_object_0004_part_003,pck_object_0004_part_003_choice_000,126,0,2,0,3,2052,0x0804,2052,4,8,4,8,,32776,0002000304080880
RIFPCK_TBL.decoded.bin,pck_object_0004,pck_object_0004_part_004,pck_object_0004_part_004_choice_000,70,2,2,3,4,65285,0xFF05,-251,5,255,5,-1,,1285,0202030405FF0505
RIFPCK_TBL.decoded.bin,pck_object_0004,pck_object_0004_part_004,pck_object_0004_part_004_choice_000,74,96,2,-1,7,1921,0x0781,1921,129,7,-127,7,,1799,6002FF0781070707
RIFPCK_TBL.decoded.bin,pck_object_0004,pck_object_0004_part_004,pck_object_0004_part_004_choice_000,79,136,2,-115,-2,129,0x0081,129,129,0,-127,0,,0,88028DFE81000000
RIFPCK_TBL.decoded.bin,pck_object_0004,pck_object_0004_part_004,pck_object_0004_part_004_choice_000,126,0,2,0,3,2052,0x0804,2052,4,8,4,8,,32776,0002000304080880
RIFPCK_TBL.decoded.bin,pck_object_0004,pck_object_0004_part_005,pck_object_0004_part_005_choice_000,70,2,2,3,4,65285,0xFF05,-251,5,255,5,-1,,1285,0202030405FF0505
RIFPCK_TBL.decoded.bin,pck_object_0004,pck_object_0004_part_005,pck_object_0004_part_005_choice_000,74,96,2,-1,7,1921,0x0781,1921,129,7,-127,7,,1799,6002FF0781070707
RIFPCK_TBL.decoded.bin,pck_object_0004,pck_object_0004_part_005,pck_object_0004_part_005_choice_000,79,136,2,-115,-2,129,0x0081,129,129,0,-127,0,,0,88028DFE81000000
RIFPCK_TBL.decoded.bin,pck_object_0004,pck_object_0004_part_005,pck_object_0004_part_005_choice_000,126,0,2,0,3,2052,0x0804,2052,4,8,4,8,,32776,0002000304080880
RIFPCK_TBL.decoded.bin,pck_object_0004,pck_object_0004_part_006,pck_object_0004_part_006_choice_000,70,2,2,3,4,65285,0xFF05,-251,5,255,5,-1,,1285,0202030405FF0505
RIFPCK_TBL.decoded.bin,pck_object_0004,pck_object_0004_part_006,pck_object_0004_part_006_choice_000,74,96,2,-1,7,1921,0x0781,1921,129,7,-127,7,,1799,6002FF0781070707
RIFPCK_TBL.decoded.bin,pck_object_0004,pck_object_0004_part_006,pck_object_0004_part_006_choice_000,79,136,2,-115,-2,129,0x0081,129,129,0,-127,0,,0,88028DFE81000000
RIFPCK_TBL.decoded.bin,pck_object_0004,pck_object_0004_part_006,pck_object_0004_part_006_choice_000,126,0,2,0,3,2052,0x0804,2052,4,8,4,8,,32776,0002000304080880
RIFPCK_TBL.decoded.bin,pck_object_0004,pck_object_0004_part_007,pck_object_0004_part_007_choice_000,70,2,2,3,4,65285,0xFF05,-251,5,255,5,-1,,1285,0202030405FF0505
RIFPCK_TBL.decoded.bin,pck_object_0004,pck_object_0004_part_007,pck_object_0004_part_007_choice_000,74,96,2,-1,7,1921,0x0781,1921,129,7,-127,7,,1799,6002FF0781070707
RIFPCK_TBL.decoded.bin,pck_object_0004,pck_object_0004_part_007,pck_object_0004_part_007_choice_000,79,136,2,-115,-2,129,0x0081,129,129,0,-127,0,,0,88028DFE81000000
RIFPCK_TBL.decoded.bin,pck_object_0004,pck_object_0004_part_007,pck_object_0004_part_007_choice_000,126,0,2,0,3,2052,0x0804,2052,4,8,4,8,,32776,0002000304080880
RIFPCK_TBL.decoded.bin,pck_object_0029,pck_object_0029_part_001,pck_object_0029_part_001_choice_000,0,31,2,-127,0,0,0x0000,0,0,0,0,0,,11008,1F0281000000002B
RIFPCK_TBL.decoded.bin,pck_object_0039,pck_object_0039_part_002,pck_object_0039_part_002_choice_000,29,250,3,-45,-1,6,0x0006,6,6,0,6,0,134,1,FA03D3FF06008601
RIFPCK_TBL.decoded.bin,pck_object_0039,pck_object_0039_part_002,pck_object_0039_part_002_choice_000,56,240,3,43,0,65529,0xFFF9,-7,249,255,-7,-1,134,1,F0032B00F9FF8601
RIFPCK_TBL.decoded.bin,pck_object_0039,pck_object_0039_part_002,pck_object_0039_part_002_choice_000,83,166,2,0,0,2,0x0002,2,2,0,2,0,,686,A60200000200AE02
RIFPCK_TBL.decoded.bin,pck_object_0039,pck_object_0039_part_002,pck_object_0039_part_002_choice_000,85,190,2,-127,0,0,0x0000,0,0,0,0,0,,4864,BE02810000000013
RIFPCK_TBL.decoded.bin,pck_object_0039,pck_object_0039_part_002,pck_object_0039_part_002_choice_000,86,196,2,15,15,1800,0x0708,1800,8,7,8,7,,65296,C4020F0F080710FF
RIFPCK_TBL.decoded.bin,pck_object_0039,pck_object_0039_part_002,pck_object_0039_part_002_choice_000,88,206,2,0,0,4,0x0004,4,4,0,4,0,,726,CE0200000400D602
RIFPCK_TBL.decoded.bin,pck_object_0039,pck_object_0039_part_002,pck_object_0039_part_002_choice_000,90,246,2,-127,9,2313,0x0909,2313,9,9,9,9,,6409,F602810909090919
RIFPCK_TBL.decoded.bin,pck_object_0039,pck_object_0039_part_002,pck_object_0039_part_002_choice_000,91,251,2,-127,8,2056,0x0808,2056,8,8,8,8,,6920,FB0281080808081B
RIFPCK_TBL.decoded.bin,pck_object_0039,pck_object_0039_part_002,pck_object_0039_part_002_choice_000,92,1,3,-127,1,257,0x0101,257,1,1,1,1,1,28,010381010101011C
RIFPCK_TBL.decoded.bin,pck_object_0039,pck_object_0039_part_002,pck_object_0039_part_002_choice_000,93,6,3,2,2,3864,0x0F18,3864,24,15,24,15,255,12,06030202180FFF0C
RIFPCK_TBL.decoded.bin,pck_object_0039,pck_object_0039_part_002,pck_object_0039_part_002_choice_000,97,24,3,8,41,129,0x0081,129,129,0,-127,0,0,0,1803082981000000
RIFPCK_TBL.decoded.bin,pck_object_0039,pck_object_0039_part_003,pck_object_0039_part_003_choice_000,29,250,3,-45,-1,6,0x0006,6,6,0,6,0,134,1,FA03D3FF06008601
RIFPCK_TBL.decoded.bin,pck_object_0039,pck_object_0039_part_003,pck_object_0039_part_003_choice_000,56,240,3,43,0,65529,0xFFF9,-7,249,255,-7,-1,134,1,F0032B00F9FF8601
RIFPCK_TBL.decoded.bin,pck_object_0039,pck_object_0039_part_003,pck_object_0039_part_003_choice_000,83,166,2,0,0,2,0x0002,2,2,0,2,0,,686,A60200000200AE02
RIFPCK_TBL.decoded.bin,pck_object_0039,pck_object_0039_part_003,pck_object_0039_part_003_choice_000,85,190,2,-127,0,0,0x0000,0,0,0,0,0,,4864,BE02810000000013
RIFPCK_TBL.decoded.bin,pck_object_0039,pck_object_0039_part_003,pck_object_0039_part_003_choice_000,86,196,2,15,15,1800,0x0708,1800,8,7,8,7,,65296,C4020F0F080710FF
RIFPCK_TBL.decoded.bin,pck_object_0039,pck_object_0039_part_003,pck_object_0039_part_003_choice_000,88,206,2,0,0,4,0x0004,4,4,0,4,0,,726,CE0200000400D602
RIFPCK_TBL.decoded.bin,pck_object_0039,pck_object_0039_part_003,pck_object_0039_part_003_choice_000,90,246,2,-127,9,2313,0x0909,2313,9,9,9,9,,6409,F602810909090919
RIFPCK_TBL.decoded.bin,pck_object_0039,pck_object_0039_part_003,pck_object_0039_part_003_choice_000,91,251,2,-127,8,2056,0x0808,2056,8,8,8,8,,6920,FB0281080808081B
RIFPCK_TBL.decoded.bin,pck_object_0039,pck_object_0039_part_003,pck_object_0039_part_003_choice_000,92,1,3,-127,1,257,0x0101,257,1,1,1,1,1,28,010381010101011C
RIFPCK_TBL.decoded.bin,pck_object_0039,pck_object_0039_part_003,pck_object_0039_part_003_choice_000,93,6,3,2,2,3864,0x0F18,3864,24,15,24,15,255,12,06030202180FFF0C
RIFPCK_TBL.decoded.bin,pck_object_0039,pck_object_0039_part_003,pck_object_0039_part_003_choice_000,97,24,3,8,41,129,0x0081,129,129,0,-127,0,0,0,1803082981000000
RIFPCK_TBL.decoded.bin,pck_object_0039,pck_object_0039_part_004,pck_object_0039_part_004_choice_000,29,250,3,-45,-1,6,0x0006,6,6,0,6,0,134,1,FA03D3FF06008601
RIFPCK_TBL.decoded.bin,pck_object_0039,pck_object_0039_part_004,pck_object_0039_part_004_choice_000,56,240,3,43,0,65529,0xFFF9,-7,249,255,-7,-1,134,1,F0032B00F9FF8601
RIFPCK_TBL.decoded.bin,pck_object_0039,pck_object_0039_part_004,pck_object_0039_part_004_choice_000,83,166,2,0,0,2,0x0002,2,2,0,2,0,,686,A60200000200AE02
RIFPCK_TBL.decoded.bin,pck_object_0039,pck_object_0039_part_004,pck_object_0039_part_004_choice_000,85,190,2,-127,0,0,0x0000,0,0,0,0,0,,4864,BE02810000000013
RIFPCK_TBL.decoded.bin,pck_object_0039,pck_object_0039_part_004,pck_object_0039_part_004_choice_000,86,196,2,15,15,1800,0x0708,1800,8,7,8,7,,65296,C4020F0F080710FF
RIFPCK_TBL.decoded.bin,pck_object_0039,pck_object_0039_part_004,pck_object_0039_part_004_choice_000,88,206,2,0,0,4,0x0004,4,4,0,4,0,,726,CE0200000400D602
RIFPCK_TBL.decoded.bin,pck_object_0039,pck_object_0039_part_004,pck_object_0039_part_004_choice_000,90,246,2,-127,9,2313,0x0909,2313,9,9,9,9,,6409,F602810909090919
RIFPCK_TBL.decoded.bin,pck_object_0039,pck_object_0039_part_004,pck_object_0039_part_004_choice_000,91,251,2,-127,8,2056,0x0808,2056,8,8,8,8,,6920,FB0281080808081B
RIFPCK_TBL.decoded.bin,pck_object_0039,pck_object_0039_part_004,pck_object_0039_part_004_choice_000,92,1,3,-127,1,257,0x0101,257,1,1,1,1,1,28,010381010101011C
RIFPCK_TBL.decoded.bin,pck_object_0039,pck_object_0039_part_004,pck_object_0039_part_004_choice_000,93,6,3,2,2,3864,0x0F18,3864,24,15,24,15,255,12,06030202180FFF0C
RIFPCK_TBL.decoded.bin,pck_object_0039,pck_object_0039_part_004,pck_object_0039_part_004_choice_000,97,24,3,8,41,129,0x0081,129,129,0,-127,0,0,0,1803082981000000
RIFPCK_TBL.decoded.bin,pck_object_0039,pck_object_0039_part_005,pck_object_0039_part_005_choice_000,29,250,3,-45,-1,6,0x0006,6,6,0,6,0,134,1,FA03D3FF06008601
RIFPCK_TBL.decoded.bin,pck_object_0039,pck_object_0039_part_005,pck_object_0039_part_005_choice_000,56,240,3,43,0,65529,0xFFF9,-7,249,255,-7,-1,134,1,F0032B00F9FF8601
RIFPCK_TBL.decoded.bin,pck_object_0039,pck_object_0039_part_005,pck_object_0039_part_005_choice_000,83,166,2,0,0,2,0x0002,2,2,0,2,0,,686,A60200000200AE02
RIFPCK_TBL.decoded.bin,pck_object_0039,pck_object_0039_part_005,pck_object_0039_part_005_choice_000,85,190,2,-127,0,0,0x0000,0,0,0,0,0,,4864,BE02810000000013
RIFPCK_TBL.decoded.bin,pck_object_0039,pck_object_0039_part_005,pck_object_0039_part_005_choice_000,86,196,2,15,15,1800,0x0708,1800,8,7,8,7,,65296,C4020F0F080710FF
RIFPCK_TBL.decoded.bin,pck_object_0039,pck_object_0039_part_005,pck_object_0039_part_005_choice_000,88,206,2,0,0,4,0x0004,4,4,0,4,0,,726,CE0200000400D602
RIFPCK_TBL.decoded.bin,pck_object_0039,pck_object_0039_part_005,pck_object_0039_part_005_choice_000,90,246,2,-127,9,2313,0x0909,2313,9,9,9,9,,6409,F602810909090919
RIFPCK_TBL.decoded.bin,pck_object_0039,pck_object_0039_part_005,pck_object_0039_part_005_choice_000,91,251,2,-127,8,2056,0x0808,2056,8,8,8,8,,6920,FB0281080808081B
RIFPCK_TBL.decoded.bin,pck_object_0039,pck_object_0039_part_005,pck_object_0039_part_005_choice_000,92,1,3,-127,1,257,0x0101,257,1,1,1,1,1,28,010381010101011C
RIFPCK_TBL.decoded.bin,pck_object_0039,pck_object_0039_part_005,pck_object_0039_part_005_choice_000,93,6,3,2,2,3864,0x0F18,3864,24,15,24,15,255,12,06030202180FFF0C
RIFPCK_TBL.decoded.bin,pck_object_0039,pck_object_0039_part_005,pck_object_0039_part_005_choice_000,97,24,3,8,41,129,0x0081,129,129,0,-127,0,0,0,1803082981000000
RIFPCK_TBL.decoded.bin,pck_object_0039,pck_object_0039_part_006,pck_object_0039_part_006_choice_000,29,250,3,-45,-1,6,0x0006,6,6,0,6,0,134,1,FA03D3FF06008601
RIFPCK_TBL.decoded.bin,pck_object_0039,pck_object_0039_part_006,pck_object_0039_part_006_choice_000,56,240,3,43,0,65529,0xFFF9,-7,249,255,-7,-1,134,1,F0032B00F9FF8601
RIFPCK_TBL.decoded.bin,pck_object_0039,pck_object_0039_part_006,pck_object_0039_part_006_choice_000,83,166,2,0,0,2,0x0002,2,2,0,2,0,,686,A60200000200AE02
RIFPCK_TBL.decoded.bin,pck_object_0039,pck_object_0039_part_006,pck_object_0039_part_006_choice_000,85,190,2,-127,0,0,0x0000,0,0,0,0,0,,4864,BE02810000000013
RIFPCK_TBL.decoded.bin,pck_object_0039,pck_object_0039_part_006,pck_object_0039_part_006_choice_000,86,196,2,15,15,1800,0x0708,1800,8,7,8,7,,65296,C4020F0F080710FF
RIFPCK_TBL.decoded.bin,pck_object_0039,pck_object_0039_part_006,pck_object_0039_part_006_choice_000,88,206,2,0,0,4,0x0004,4,4,0,4,0,,726,CE0200000400D602
RIFPCK_TBL.decoded.bin,pck_object_0039,pck_object_0039_part_006,pck_object_0039_part_006_choice_000,90,246,2,-127,9,2313,0x0909,2313,9,9,9,9,,6409,F602810909090919
RIFPCK_TBL.decoded.bin,pck_object_0039,pck_object_0039_part_006,pck_object_0039_part_006_choice_000,91,251,2,-127,8,2056,0x0808,2056,8,8,8,8,,6920,FB0281080808081B
RIFPCK_TBL.decoded.bin,pck_object_0039,pck_object_0039_part_006,pck_object_0039_part_006_choice_000,92,1,3,-127,1,257,0x0101,257,1,1,1,1,1,28,010381010101011C
RIFPCK_TBL.decoded.bin,pck_object_0039,pck_object_0039_part_006,pck_object_0039_part_006_choice_000,93,6,3,2,2,3864,0x0F18,3864,24,15,24,15,255,12,06030202180FFF0C
RIFPCK_TBL.decoded.bin,pck_object_0039,pck_object_0039_part_006,pck_object_0039_part_006_choice_000,97,24,3,8,41,129,0x0081,129,129,0,-127,0,0,0,1803082981000000
RIFPCK_TBL.decoded.bin,pck_object_0039,pck_object_0039_part_007,pck_object_0039_part_007_choice_000,29,250,3,-45,-1,6,0x0006,6,6,0,6,0,134,1,FA03D3FF06008601
RIFPCK_TBL.decoded.bin,pck_object_0039,pck_object_0039_part_007,pck_object_0039_part_007_choice_000,56,240,3,43,0,65529,0xFFF9,-7,249,255,-7,-1,134,1,F0032B00F9FF8601
RIFPCK_TBL.decoded.bin,pck_object_0039,pck_object_0039_part_007,pck_object_0039_part_007_choice_000,83,166,2,0,0,2,0x0002,2,2,0,2,0,,686,A60200000200AE02
RIFPCK_TBL.decoded.bin,pck_object_0039,pck_object_0039_part_007,pck_object_0039_part_007_choice_000,85,190,2,-127,0,0,0x0000,0,0,0,0,0,,4864,BE02810000000013
RIFPCK_TBL.decoded.bin,pck_object_0039,pck_object_0039_part_007,pck_object_0039_part_007_choice_000,86,196,2,15,15,1800,0x0708,1800,8,7,8,7,,65296,C4020F0F080710FF
RIFPCK_TBL.decoded.bin,pck_object_0039,pck_object_0039_part_007,pck_object_0039_part_007_choice_000,88,206,2,0,0,4,0x0004,4,4,0,4,0,,726,CE0200000400D602
RIFPCK_TBL.decoded.bin,pck_object_0039,pck_object_0039_part_007,pck_object_0039_part_007_choice_000,90,246,2,-127,9,2313,0x0909,2313,9,9,9,9,,6409,F602810909090919
RIFPCK_TBL.decoded.bin,pck_object_0039,pck_object_0039_part_007,pck_object_0039_part_007_choice_000,91,251,2,-127,8,2056,0x0808,2056,8,8,8,8,,6920,FB0281080808081B
RIFPCK_TBL.decoded.bin,pck_object_0039,pck_object_0039_part_007,pck_object_0039_part_007_choice_000,92,1,3,-127,1,257,0x0101,257,1,1,1,1,1,28,010381010101011C
RIFPCK_TBL.decoded.bin,pck_object_0039,pck_object_0039_part_007,pck_object_0039_part_007_choice_000,93,6,3,2,2,3864,0x0F18,3864,24,15,24,15,255,12,06030202180FFF0C
RIFPCK_TBL.decoded.bin,pck_object_0039,pck_object_0039_part_007,pck_object_0039_part_007_choice_000,97,24,3,8,41,129,0x0081,129,129,0,-127,0,0,0,1803082981000000
SHAPCK_TBL.decoded.bin,pck_object_0004,pck_object_0004_part_000,pck_object_0004_part_000_choice_000,0,16,2,-127,0,0,0x0000,0,0,0,0,0,,1536,1002810000000006
SHAPCK_TBL.decoded.bin,pck_object_0004,pck_object_0004_part_000,pck_object_0004_part_000_choice_000,1,22,2,-127,0,2048,0x0800,2048,0,8,0,8,,2312,1602810000080809
SHAPCK_TBL.decoded.bin,pck_object_0004,pck_object_0004_part_000,pck_object_0004_part_000_choice_000,2,28,2,-127,0,0,0x0000,0,0,0,0,0,,3584,1C0281000000000E
SHAPCK_TBL.decoded.bin,pck_object_0004,pck_object_0004_part_000,pck_object_0004_part_000_choice_000,3,34,2,2,2,1027,0x0403,1027,3,4,3,4,,65285,22020202030405FF
SHAPCK_TBL.decoded.bin,pck_object_0004,pck_object_0004_part_001,pck_object_0004_part_001_choice_000,0,68,2,-127,0,0,0x0000,0,0,0,0,0,,4864,4402810000000013
SHAPCK_TBL.decoded.bin,pck_object_0004,pck_object_0004_part_001,pck_object_0004_part_001_choice_000,1,74,2,15,15,1800,0x0708,1800,8,7,8,7,,65296,4A020F0F080710FF
SHAPCK_TBL.decoded.bin,pck_object_0004,pck_object_0004_part_002,pck_object_0004_part_002_choice_000,0,124,2,-127,9,9,0x0009,9,9,0,9,0,,6144,7C02810909000018
SHAPCK_TBL.decoded.bin,pck_object_0004,pck_object_0004_part_002,pck_object_0004_part_002_choice_000,1,129,2,-127,8,3080,0x0C08,3080,8,12,8,12,,1548,81028108080C0C06
SHAPCK_TBL.decoded.bin,pck_object_0004,pck_object_0004_part_002,pck_object_0004_part_002_choice_000,2,135,2,-127,1,1025,0x0401,1025,1,4,1,4,,7172,870281010104041C
SHAPCK_TBL.decoded.bin,pck_object_0004,pck_object_0004_part_002,pck_object_0004_part_002_choice_000,3,140,2,2,2,3863,0x0F17,3863,23,15,23,15,,3327,8C020202170FFF0C
SHAPCK_TBL.decoded.bin,pck_object_0004,pck_object_0004_part_003,pck_object_0004_part_003_choice_000,0,198,2,-127,8,1032,0x0408,1032,8,4,8,4,,8964,C602810808040423
SHAPCK_TBL.decoded.bin,pck_object_0004,pck_object_0004_part_003,pck_object_0004_part_003_choice_000,1,205,2,-127,0,0,0x0000,0,0,0,0,0,,9728,CD02810000000026
SHAPCK_TBL.decoded.bin,pck_object_0004,pck_object_0004_part_003,pck_object_0004_part_003_choice_000,2,211,2,-127,8,2056,0x0808,2056,8,8,8,8,,10248,D302810808080828
SHAPCK_TBL.decoded.bin,pck_object_0004,pck_object_0004_part_003,pck_object_0004_part_003_choice_000,3,217,2,-127,0,0,0x0000,0,0,0,0,0,,10752,D90281000000002A
SHAPCK_TBL.decoded.bin,pck_object_0004,pck_object_0004_part_003,pck_object_0004_part_003_choice_000,4,223,2,30,30,8223,0x201F,8223,31,32,31,32,,8737,DF021E1E1F202122
SHAPCK_TBL.decoded.bin,pck_object_0004,pck_object_0004_part_004,pck_object_0004_part_004_choice_000,0,25,3,-127,8,1032,0x0408,1032,8,4,8,4,4,35,1903810808040423
SHAPCK_TBL.decoded.bin,pck_object_0004,pck_object_0004_part_004,pck_object_0004_part_004_choice_000,1,31,3,-127,0,0,0x0000,0,0,0,0,0,0,50,1F03810000000032
SHAPCK_TBL.decoded.bin,pck_object_0004,pck_object_0004_part_004,pck_object_0004_part_004_choice_000,2,37,3,-127,8,2056,0x0808,2056,8,8,8,8,8,40,2503810808080828
SHAPCK_TBL.decoded.bin,pck_object_0004,pck_object_0004_part_004,pck_object_0004_part_004_choice_000,3,43,3,-127,0,0,0x0000,0,0,0,0,0,0,53,2B03810000000035
SHAPCK_TBL.decoded.bin,pck_object_0004,pck_object_0004_part_004,pck_object_0004_part_004_choice_000,4,49,3,44,44,11821,0x2E2D,11821,45,46,45,46,47,255,31032C2C2D2E2FFF
SHAPCK_TBL.decoded.bin,pck_object_0004,pck_object_0004_part_005,pck_object_0004_part_005_choice_000,0,99,3,-127,9,9,0x0009,9,9,0,9,0,0,24,6303810909000018
SHAPCK_TBL.decoded.bin,pck_object_0004,pck_object_0004_part_005,pck_object_0004_part_005_choice_000,1,104,3,-127,8,3080,0x0C08,3080,8,12,8,12,12,14,68038108080C0C0E
SHAPCK_TBL.decoded.bin,pck_object_0004,pck_object_0004_part_005,pck_object_0004_part_005_choice_000,2,110,3,-127,1,1025,0x0401,1025,1,4,1,4,4,28,6E0381010104041C
SHAPCK_TBL.decoded.bin,pck_object_0004,pck_object_0004_part_005,pck_object_0004_part_005_choice_000,3,115,3,8,8,1335,0x0537,1335,55,5,55,5,255,55,730308083705FF37
SHAPCK_TBL.decoded.bin,pck_object_0004,pck_object_0004_part_006,pck_object_0004_part_006_choice_000,0,173,3,-127,0,0,0x0000,0,0,0,0,0,0,14,AD0381000000000E
SHAPCK_TBL.decoded.bin,pck_object_0004,pck_object_0004_part_006,pck_object_0004_part_006_choice_000,1,179,3,-127,1,1025,0x0401,1025,1,4,1,4,4,35,B303810101040423
SHAPCK_TBL.decoded.bin,pck_object_0004,pck_object_0004_part_006,pck_object_0004_part_006_choice_000,2,185,3,-127,0,0,0x0000,0,0,0,0,0,0,6,B903810000000006
SHAPCK_TBL.decoded.bin,pck_object_0004,pck_object_0004_part_006,pck_object_0004_part_006_choice_000,3,191,3,-127,7,2055,0x0807,2055,7,8,7,8,8,40,BF03810707080828
SHAPCK_TBL.decoded.bin,pck_object_0004,pck_object_0004_part_006,pck_object_0004_part_006_choice_000,4,197,3,60,60,15933,0x3E3D,15933,61,62,61,62,63,255,C5033C3C3D3E3FFF
SHAPCK_TBL.decoded.bin,pck_object_0081,pck_object_0081_part_000,pck_object_0081_part_000_choice_000,20,2,3,4,5,1535,0x05FF,1535,255,5,-1,5,5,4,02030405FF050504
SHAPCK_TBL.decoded.bin,pck_object_0114,pck_object_0114_part_002,pck_object_0114_part_002_choice_000,41,232,3,0,0,0,0x0000,0,0,0,0,0,129,0,E803000000008100
SHAPCK_TBL.decoded.bin,pck_object_0114,pck_object_0114_part_002,pck_object_0114_part_002_choice_000,47,159,3,-8,-8,306,0x0132,306,50,1,50,1,95,0,9F03F8F832015F00
SHAPCK_TBL.decoded.bin,pck_object_0114,pck_object_0114_part_002,pck_object_0114_part_002_choice_000,66,32,2,0,33,385,0x0181,385,129,1,-127,1,,1025,2002002181010104
SHAPCK_TBL.decoded.bin,pck_object_0114,pck_object_0114_part_002,pck_object_0114_part_002_choice_000,73,16,3,2,-1,1,0x0001,1,1,0,1,0,92,2,100302FF01005C02
SHAPCK_TBL.decoded.bin,pck_object_0114,pck_object_0114_part_002,pck_object_0114_part_002_choice_000,84,2,2,23,15,3327,0x0CFF,3327,255,12,-1,12,,6412,0202170FFF0C0C19
SHAPCK_TBL.decoded.bin,pck_object_0114,pck_object_0114_part_002,pck_object_0114_part_002_choice_000,85,23,2,-1,26,6938,0x1B1A,6938,26,27,26,27,,65292,1702FF1A1A1B0CFF
SHAPCK_TBL.decoded.bin,pck_object_0114,pck_object_0114_part_002,pck_object_0114_part_002_choice_000,87,198,2,0,0,5,0x0005,5,5,0,5,0,,718,C60200000500CE02
SHAPCK_TBL.decoded.bin,pck_object_0114,pck_object_0114_part_002,pck_object_0114_part_002_choice_000,89,246,2,-127,8,1032,0x0408,1032,8,4,8,4,,8964,F602810808040423
SHAPCK_TBL.decoded.bin,pck_object_0114,pck_object_0114_part_002,pck_object_0114_part_002_choice_000,90,253,2,-127,0,0,0x0000,0,0,0,0,0,,9728,FD02810000000026
SHAPCK_TBL.decoded.bin,pck_object_0114,pck_object_0114_part_002,pck_object_0114_part_002_choice_000,91,3,3,-127,8,2056,0x0808,2056,8,8,8,8,8,40,0303810808080828
SHAPCK_TBL.decoded.bin,pck_object_0114,pck_object_0114_part_002,pck_object_0114_part_002_choice_000,92,9,3,-127,0,0,0x0000,0,0,0,0,0,0,42,090381000000002A
SHAPCK_TBL.decoded.bin,pck_object_0114,pck_object_0114_part_002,pck_object_0114_part_002_choice_000,93,15,3,30,30,8223,0x201F,8223,31,32,31,32,33,34,0F031E1E1F202122
SHAPCK_TBL.decoded.bin,pck_object_0114,pck_object_0114_part_002,pck_object_0114_part_002_choice_000,127,0,2,0,25,0,0x0000,0,0,0,0,0,,10531,0002001900002329
SHAPCK_TBL.decoded.bin,pck_object_0114,pck_object_0114_part_003,pck_object_0114_part_003_choice_000,41,232,3,0,0,0,0x0000,0,0,0,0,0,129,0,E803000000008100
SHAPCK_TBL.decoded.bin,pck_object_0114,pck_object_0114_part_003,pck_object_0114_part_003_choice_000,47,159,3,-8,-8,306,0x0132,306,50,1,50,1,95,0,9F03F8F832015F00
SHAPCK_TBL.decoded.bin,pck_object_0114,pck_object_0114_part_003,pck_object_0114_part_003_choice_000,66,32,2,0,33,385,0x0181,385,129,1,-127,1,,1025,2002002181010104
SHAPCK_TBL.decoded.bin,pck_object_0114,pck_object_0114_part_003,pck_object_0114_part_003_choice_000,73,16,3,2,-1,1,0x0001,1,1,0,1,0,92,2,100302FF01005C02
SHAPCK_TBL.decoded.bin,pck_object_0114,pck_object_0114_part_003,pck_object_0114_part_003_choice_000,84,2,2,23,15,3327,0x0CFF,3327,255,12,-1,12,,6412,0202170FFF0C0C19
SHAPCK_TBL.decoded.bin,pck_object_0114,pck_object_0114_part_003,pck_object_0114_part_003_choice_000,85,23,2,-1,26,6938,0x1B1A,6938,26,27,26,27,,65292,1702FF1A1A1B0CFF
SHAPCK_TBL.decoded.bin,pck_object_0114,pck_object_0114_part_003,pck_object_0114_part_003_choice_000,87,198,2,0,0,5,0x0005,5,5,0,5,0,,718,C60200000500CE02
SHAPCK_TBL.decoded.bin,pck_object_0114,pck_object_0114_part_003,pck_object_0114_part_003_choice_000,89,246,2,-127,8,1032,0x0408,1032,8,4,8,4,,8964,F602810808040423
SHAPCK_TBL.decoded.bin,pck_object_0114,pck_object_0114_part_003,pck_object_0114_part_003_choice_000,90,253,2,-127,0,0,0x0000,0,0,0,0,0,,9728,FD02810000000026
SHAPCK_TBL.decoded.bin,pck_object_0114,pck_object_0114_part_003,pck_object_0114_part_003_choice_000,91,3,3,-127,8,2056,0x0808,2056,8,8,8,8,8,40,0303810808080828
SHAPCK_TBL.decoded.bin,pck_object_0114,pck_object_0114_part_003,pck_object_0114_part_003_choice_000,92,9,3,-127,0,0,0x0000,0,0,0,0,0,0,42,090381000000002A
SHAPCK_TBL.decoded.bin,pck_object_0114,pck_object_0114_part_003,pck_object_0114_part_003_choice_000,93,15,3,30,30,8223,0x201F,8223,31,32,31,32,33,34,0F031E1E1F202122
SHAPCK_TBL.decoded.bin,pck_object_0114,pck_object_0114_part_003,pck_object_0114_part_003_choice_000,127,0,2,0,25,0,0x0000,0,0,0,0,0,,10531,0002001900002329
SHAPCK_TBL.decoded.bin,pck_object_0114,pck_object_0114_part_004,pck_object_0114_part_004_choice_000,41,232,3,0,0,0,0x0000,0,0,0,0,0,129,0,E803000000008100
SHAPCK_TBL.decoded.bin,pck_object_0114,pck_object_0114_part_004,pck_object_0114_part_004_choice_000,47,159,3,-8,-8,306,0x0132,306,50,1,50,1,95,0,9F03F8F832015F00
SHAPCK_TBL.decoded.bin,pck_object_0114,pck_object_0114_part_004,pck_object_0114_part_004_choice_000,66,32,2,0,33,385,0x0181,385,129,1,-127,1,,1025,2002002181010104
SHAPCK_TBL.decoded.bin,pck_object_0114,pck_object_0114_part_004,pck_object_0114_part_004_choice_000,73,16,3,2,-1,1,0x0001,1,1,0,1,0,92,2,100302FF01005C02
SHAPCK_TBL.decoded.bin,pck_object_0114,pck_object_0114_part_004,pck_object_0114_part_004_choice_000,84,2,2,23,15,3327,0x0CFF,3327,255,12,-1,12,,6412,0202170FFF0C0C19
SHAPCK_TBL.decoded.bin,pck_object_0114,pck_object_0114_part_004,pck_object_0114_part_004_choice_000,85,23,2,-1,26,6938,0x1B1A,6938,26,27,26,27,,65292,1702FF1A1A1B0CFF
SHAPCK_TBL.decoded.bin,pck_object_0114,pck_object_0114_part_004,pck_object_0114_part_004_choice_000,87,198,2,0,0,5,0x0005,5,5,0,5,0,,718,C60200000500CE02
SHAPCK_TBL.decoded.bin,pck_object_0114,pck_object_0114_part_004,pck_object_0114_part_004_choice_000,89,246,2,-127,8,1032,0x0408,1032,8,4,8,4,,8964,F602810808040423
SHAPCK_TBL.decoded.bin,pck_object_0114,pck_object_0114_part_004,pck_object_0114_part_004_choice_000,90,253,2,-127,0,0,0x0000,0,0,0,0,0,,9728,FD02810000000026
SHAPCK_TBL.decoded.bin,pck_object_0114,pck_object_0114_part_004,pck_object_0114_part_004_choice_000,91,3,3,-127,8,2056,0x0808,2056,8,8,8,8,8,40,0303810808080828
SHAPCK_TBL.decoded.bin,pck_object_0114,pck_object_0114_part_004,pck_object_0114_part_004_choice_000,92,9,3,-127,0,0,0x0000,0,0,0,0,0,0,42,090381000000002A
SHAPCK_TBL.decoded.bin,pck_object_0114,pck_object_0114_part_004,pck_object_0114_part_004_choice_000,93,15,3,30,30,8223,0x201F,8223,31,32,31,32,33,34,0F031E1E1F202122
SHAPCK_TBL.decoded.bin,pck_object_0114,pck_object_0114_part_004,pck_object_0114_part_004_choice_000,127,0,2,0,25,0,0x0000,0,0,0,0,0,,10531,0002001900002329
SHAPCK_TBL.decoded.bin,pck_object_0114,pck_object_0114_part_005,pck_object_0114_part_005_choice_000,41,232,3,0,0,0,0x0000,0,0,0,0,0,129,0,E803000000008100
SHAPCK_TBL.decoded.bin,pck_object_0114,pck_object_0114_part_005,pck_object_0114_part_005_choice_000,47,159,3,-8,-8,306,0x0132,306,50,1,50,1,95,0,9F03F8F832015F00
SHAPCK_TBL.decoded.bin,pck_object_0114,pck_object_0114_part_005,pck_object_0114_part_005_choice_000,66,32,2,0,33,385,0x0181,385,129,1,-127,1,,1025,2002002181010104
SHAPCK_TBL.decoded.bin,pck_object_0114,pck_object_0114_part_005,pck_object_0114_part_005_choice_000,73,16,3,2,-1,1,0x0001,1,1,0,1,0,92,2,100302FF01005C02
SHAPCK_TBL.decoded.bin,pck_object_0114,pck_object_0114_part_005,pck_object_0114_part_005_choice_000,84,2,2,23,15,3327,0x0CFF,3327,255,12,-1,12,,6412,0202170FFF0C0C19
SHAPCK_TBL.decoded.bin,pck_object_0114,pck_object_0114_part_005,pck_object_0114_part_005_choice_000,85,23,2,-1,26,6938,0x1B1A,6938,26,27,26,27,,65292,1702FF1A1A1B0CFF
SHAPCK_TBL.decoded.bin,pck_object_0114,pck_object_0114_part_005,pck_object_0114_part_005_choice_000,87,198,2,0,0,5,0x0005,5,5,0,5,0,,718,C60200000500CE02
SHAPCK_TBL.decoded.bin,pck_object_0114,pck_object_0114_part_005,pck_object_0114_part_005_choice_000,89,246,2,-127,8,1032,0x0408,1032,8,4,8,4,,8964,F602810808040423
SHAPCK_TBL.decoded.bin,pck_object_0114,pck_object_0114_part_005,pck_object_0114_part_005_choice_000,90,253,2,-127,0,0,0x0000,0,0,0,0,0,,9728,FD02810000000026
SHAPCK_TBL.decoded.bin,pck_object_0114,pck_object_0114_part_005,pck_object_0114_part_005_choice_000,91,3,3,-127,8,2056,0x0808,2056,8,8,8,8,8,40,0303810808080828
SHAPCK_TBL.decoded.bin,pck_object_0114,pck_object_0114_part_005,pck_object_0114_part_005_choice_000,92,9,3,-127,0,0,0x0000,0,0,0,0,0,0,42,090381000000002A
SHAPCK_TBL.decoded.bin,pck_object_0114,pck_object_0114_part_005,pck_object_0114_part_005_choice_000,93,15,3,30,30,8223,0x201F,8223,31,32,31,32,33,34,0F031E1E1F202122
SHAPCK_TBL.decoded.bin,pck_object_0114,pck_object_0114_part_005,pck_object_0114_part_005_choice_000,127,0,2,0,25,0,0x0000,0,0,0,0,0,,10531,0002001900002329
SHAPCK_TBL.decoded.bin,pck_object_0114,pck_object_0114_part_006,pck_object_0114_part_006_choice_000,41,232,3,0,0,0,0x0000,0,0,0,0,0,129,0,E803000000008100
SHAPCK_TBL.decoded.bin,pck_object_0114,pck_object_0114_part_006,pck_object_0114_part_006_choice_000,47,159,3,-8,-8,306,0x0132,306,50,1,50,1,95,0,9F03F8F832015F00
SHAPCK_TBL.decoded.bin,pck_object_0114,pck_object_0114_part_006,pck_object_0114_part_006_choice_000,66,32,2,0,33,385,0x0181,385,129,1,-127,1,,1025,2002002181010104
SHAPCK_TBL.decoded.bin,pck_object_0114,pck_object_0114_part_006,pck_object_0114_part_006_choice_000,73,16,3,2,-1,1,0x0001,1,1,0,1,0,92,2,100302FF01005C02
SHAPCK_TBL.decoded.bin,pck_object_0114,pck_object_0114_part_006,pck_object_0114_part_006_choice_000,84,2,2,23,15,3327,0x0CFF,3327,255,12,-1,12,,6412,0202170FFF0C0C19
SHAPCK_TBL.decoded.bin,pck_object_0114,pck_object_0114_part_006,pck_object_0114_part_006_choice_000,85,23,2,-1,26,6938,0x1B1A,6938,26,27,26,27,,65292,1702FF1A1A1B0CFF
SHAPCK_TBL.decoded.bin,pck_object_0114,pck_object_0114_part_006,pck_object_0114_part_006_choice_000,87,198,2,0,0,5,0x0005,5,5,0,5,0,,718,C60200000500CE02
SHAPCK_TBL.decoded.bin,pck_object_0114,pck_object_0114_part_006,pck_object_0114_part_006_choice_000,89,246,2,-127,8,1032,0x0408,1032,8,4,8,4,,8964,F602810808040423
SHAPCK_TBL.decoded.bin,pck_object_0114,pck_object_0114_part_006,pck_object_0114_part_006_choice_000,90,253,2,-127,0,0,0x0000,0,0,0,0,0,,9728,FD02810000000026
SHAPCK_TBL.decoded.bin,pck_object_0114,pck_object_0114_part_006,pck_object_0114_part_006_choice_000,91,3,3,-127,8,2056,0x0808,2056,8,8,8,8,8,40,0303810808080828
SHAPCK_TBL.decoded.bin,pck_object_0114,pck_object_0114_part_006,pck_object_0114_part_006_choice_000,92,9,3,-127,0,0,0x0000,0,0,0,0,0,0,42,090381000000002A
SHAPCK_TBL.decoded.bin,pck_object_0114,pck_object_0114_part_006,pck_object_0114_part_006_choice_000,93,15,3,30,30,8223,0x201F,8223,31,32,31,32,33,34,0F031E1E1F202122
SHAPCK_TBL.decoded.bin,pck_object_0114,pck_object_0114_part_006,pck_object_0114_part_006_choice_000,127,0,2,0,25,0,0x0000,0,0,0,0,0,,10531,0002001900002329
TERPCK_TBL.decoded.bin,pck_object_0002,pck_object_0002_part_000,pck_object_0002_part_000_choice_000,10,232,3,0,0,65114,0xFE5A,-422,90,254,90,-2,244,4,E80300005AFEF404
TERPCK_TBL.decoded.bin,pck_object_0002,pck_object_0002_part_000,pck_object_0002_part_000_choice_000,14,232,3,-97,-2,1238,0x04D6,1238,214,4,-42,4,56,6,E8039FFED6043806
TERPCK_TBL.decoded.bin,pck_object_0002,pck_object_0002_part_000,pck_object_0002_part_000_choice_000,28,2,3,4,-1,515,0x0203,515,3,2,3,2,6,255,020304FF030206FF
TERPCK_TBL.decoded.bin,pck_object_0002,pck_object_0002_part_000,pck_object_0002_part_000_choice_000,29,8,3,6,-1,778,0x030A,778,10,3,10,3,8,255,080306FF0A0308FF
TERPCK_TBL.decoded.bin,pck_object_0002,pck_object_0002_part_000,pck_object_0002_part_000_choice_000,30,11,3,10,-1,1037,0x040D,1037,13,4,13,4,3,255,0B030AFF0D0403FF
TERPCK_TBL.decoded.bin,pck_object_0002,pck_object_0002_part_000,pck_object_0002_part_000_choice_000,44,68,3,68,3,1672,0x0688,1672,136,6,-120,6,196,9,440344038806C409
TERPCK_TBL.decoded.bin,pck_object_0002,pck_object_0002_part_000,pck_object_0002_part_000_choice_000,47,91,2,28,-3,1811,0x0713,1811,19,7,19,7,,64536,5B021CFD130718FC
TERPCK_TBL.decoded.bin,pck_object_0002,pck_object_0002_part_000,pck_object_0002_part_000_choice_000,51,35,2,106,6,62536,0xF448,-3000,72,244,72,-12,,62936,23026A0648F4D8F5
TERPCK_TBL.decoded.bin,pck_object_0002,pck_object_0002_part_000,pck_object_0002_part_000_choice_000,68,4,3,6,-1,1540,0x0604,1540,4,6,4,6,8,255,040306FF040608FF
TERPCK_TBL.decoded.bin,pck_object_0002,pck_object_0002_part_000,pck_object_0002_part_000_choice_000,70,13,2,10,-1,3343,0x0D0F,3343,15,13,15,13,,65290,0D020AFF0F0D0AFF
TERPCK_TBL.decoded.bin,pck_object_0002,pck_object_0002_part_000,pck_object_0002_part_000_choice_000,86,232,3,-48,7,0,0x0000,0,0,0,0,0,174,255,E803D0070000AEFF
TERPCK_TBL.decoded.bin,pck_object_0002,pck_object_0002_part_000,pck_object_0002_part_000_choice_000,92,214,3,62,-6,1027,0x0403,1027,3,4,3,4,1,0,D6033EFA03040100
TERPCK_TBL.decoded.bin,pck_object_0002,pck_object_0002_part_000,pck_object_0002_part_000_choice_000,94,232,3,-127,6,4614,0x1206,4614,6,18,6,18,18,1,E803810606121201
TERPCK_TBL.decoded.bin,pck_object_0002,pck_object_0002_part_000,pck_object_0002_part_000_choice_000,124,59,3,-91,4,2000,0x07D0,2000,208,7,-48,7,232,28,3B03A504D007E81C
TERPCK_TBL.decoded.bin,pck_object_0002,pck_object_0002_part_000,pck_object_0002_part_000_choice_000,131,232,3,-63,-2,64497,0xFBF1,-1039,241,251,-15,-5,199,6,E803C1FEF1FBC706
TERPCK_TBL.decoded.bin,pck_object_0002,pck_object_0002_part_000,pck_object_0002_part_000_choice_000,160,232,3,-98,22,8037,0x1F65,8037,101,31,101,31,0,0,E8039E16651F0000
TERPCK_TBL.decoded.bin,pck_object_0005,pck_object_0005_part_000,pck_object_0005_part_000_choice_000,15,232,3,80,-4,283,0x011B,283,27,1,27,1,2,7,E80350FC1B010207
TERPCK_TBL.decoded.bin,pck_object_0005,pck_object_0005_part_000,pck_object_0005_part_000_choice_000,23,207,2,-25,5,1,0x0001,1,1,0,1,0,,200,CF02E7050100C800
TERPCK_TBL.decoded.bin,pck_object_0005,pck_object_0005_part_000,pck_object_0005_part_000_choice_000,30,2,3,4,-1,1538,0x0602,1538,2,6,2,6,3,255,020304FF020603FF
TERPCK_TBL.decoded.bin,pck_object_0005,pck_object_0005_part_000,pck_object_0005_part_000_choice_000,31,4,3,8,-1,1034,0x040A,1034,10,4,10,4,8,255,040308FF0A0408FF
TERPCK_TBL.decoded.bin,pck_object_0005,pck_object_0005_part_000,pck_object_0005_part_000_choice_000,43,22,3,6,-1,784,0x0310,784,16,3,16,3,22,255,160306FF100316FF
TERPCK_TBL.decoded.bin,pck_object_0005,pck_object_0005_part_000,pck_object_0005_part_000_choice_000,48,133,3,-4,-2,1820,0x071C,1820,28,7,28,7,101,11,8503FCFE1C07650B
TERPCK_TBL.decoded.bin,pck_object_0005,pck_object_0005_part_000,pck_object_0005_part_000_choice_000,51,112,3,-44,-2,1824,0x0720,1824,32,7,32,7,183,11,7003D4FE2007B70B
TERPCK_TBL.decoded.bin,pck_object_0005,pck_object_0005_part_000,pck_object_0005_part_000_choice_000,58,25,2,27,7,58896,0xE610,-6640,16,230,16,-26,,61133,19021B0710E6CDEE
TERPCK_TBL.decoded.bin,pck_object_0005,pck_object_0005_part_000,pck_object_0005_part_000_choice_000,77,2,3,4,-1,1026,0x0402,1026,2,4,2,4,6,255,020304FF020406FF
TERPCK_TBL.decoded.bin,pck_object_0005,pck_object_0005_part_000,pck_object_0005_part_000_choice_000,88,32,2,12,-2,65036,0xFE0C,-500,12,254,12,-2,,2000,20020CFE0CFED007
TERPCK_TBL.decoded.bin,pck_object_0005,pck_object_0005_part_000,pck_object_0005_part_000_choice_000,96,156,3,-34,5,64339,0xFB53,-1197,83,251,83,-5,130,3,9C03DE0553FB8203
TERPCK_TBL.decoded.bin,pck_object_0005,pck_object_0005_part_000,pck_object_0005_part_000_choice_000,107,166,2,90,-3,1809,0x0711,1809,17,7,17,7,,5500,A6025AFD11077C15
TERPCK_TBL.decoded.bin,pck_object_0005,pck_object_0005_part_000,pck_object_0005_part_000_choice_000,138,4,3,22,-1,1,0x0001,1,1,0,1,0,208,1,040316FF0100D001
TERPCK_TBL.decoded.bin,pck_object_0005,pck_object_0005_part_000,pck_object_0005_part_000_choice_000,150,44,2,36,-6,1665,0x0681,1665,129,6,-127,6,,4102,2C0224FA81060610
TERPCK_TBL.decoded.bin,pck_object_0005,pck_object_0005_part_000,pck_object_0005_part_000_choice_000,174,125,3,66,-2,1787,0x06FB,1787,251,6,-5,6,0,0,7D0342FEFB060000
TERPCK_TBL.decoded.bin,pck_object_0005,pck_object_0005_part_000,pck_object_0005_part_000_choice_000,183,152,2,28,-4,1661,0x067D,1661,125,6,125,6,,5000,98021CFC7D068813
TERPCK_TBL.decoded.bin,pck_object_0005,pck_object_0005_part_000,pck_object_0005_part_000_choice_000,189,0,3,25,-4,1614,0x064E,1614,78,6,78,6,159,254,000319FC4E069FFE
TERPCK_TBL.decoded.bin,pck_object_0005,pck_object_0005_part_000,pck_object_0005_part_000_choice_000,201,2,3,4,-1,1540,0x0604,1540,4,6,4,6,7,255,020304FF040607FF
TERPCK_TBL.decoded.bin,pck_object_0005,pck_object_0005_part_000,pck_object_0005_part_000_choice_000,203,12,2,9,-1,3086,0x0C0E,3086,14,12,14,12,,65289,0C0209FF0E0C09FF
TERPCK_TBL.decoded.bin,pck_object_0005,pck_object_0005_part_000,pck_object_0005_part_000_choice_000,207,129,2,0,27,5403,0x151B,5403,27,21,27,21,,432,8102001B1B15B001
TERPCK_TBL.decoded.bin,pck_object_0010,pck_object_0010_part_000,pck_object_0010_part_000_choice_000,7,117,3,0,0,65423,0xFF8F,-113,143,255,-113,-1,40,5,750300008FFF2805
TERPCK_TBL.decoded.bin,pck_object_0010,pck_object_0010_part_000,pck_object_0010_part_000_choice_000,53,232,3,59,-2,64638,0xFC7E,-898,126,252,126,-4,247,6,E8033BFE7EFCF706
TERPCK_TBL.decoded.bin,pck_object_0010,pck_object_0010_part_000,pck_object_0010_part_000_choice_000,58,236,3,-10,6,1,0x0001,1,1,0,1,0,170,0,EC03F6060100AA00
TERPCK_TBL.decoded.bin,pck_object_0010,pck_object_0010_part_000,pck_object_0010_part_000_choice_000,67,2,3,4,-1,515,0x0203,515,3,2,3,2,6,255,020304FF030206FF
TERPCK_TBL.decoded.bin,pck_object_0010,pck_object_0010_part_000,pck_object_0010_part_000_choice_000,68,8,3,6,-1,778,0x030A,778,10,3,10,3,8,255,080306FF0A0308FF
TERPCK_TBL.decoded.bin,pck_object_0010,pck_object_0010_part_000,pck_object_0010_part_000_choice_000,69,12,3,10,-1,1038,0x040E,1038,14,4,14,4,3,255,0C030AFF0E0403FF
TERPCK_TBL.decoded.bin,pck_object_0014,pck_object_0014_part_000,pck_object_0014_part_000_choice_000,69,3,2,6,7,2047,0x07FF,2047,255,7,-1,7,,2054,03020607FF070608
TERPCK_TBL.decoded.bin,pck_object_0014,pck_object_0014_part_000,pck_object_0014_part_000_choice_000,106,255,3,2,6,65287,0xFF07,-249,7,255,7,-1,7,6,FF03020607FF0706
TERPCK_TBL.decoded.bin,pck_object_0014,pck_object_0014_part_000,pck_object_0014_part_000_choice_000,129,0,2,4,-45,221,0x00DD,221,221,0,-35,0,,35584,000204D3DD00008B
TERPCK_TBL.decoded.bin,pck_object_0014,pck_object_0014_part_000,pck_object_0014_part_000_choice_000,157,176,3,99,-1,1810,0x0712,1810,18,7,18,7,208,7,B00363FF1207D007
TERPCK_TBL.decoded.bin,pck_object_0014,pck_object_0014_part_000,pck_object_0014_part_000_choice_000,161,156,3,-34,5,64339,0xFB53,-1197,83,251,83,-5,130,3,9C03DE0553FB8203
TERPCK_TBL.decoded.bin,pck_object_0014,pck_object_0014_part_000,pck_object_0014_part_000_choice_000,169,199,3,49,-5,1319,0x0527,1319,39,5,39,5,196,9,C70331FB2705C409
TERPCK_TBL.decoded.bin,pck_object_0018,pck_object_0018_part_002,pck_object_0018_part_002_choice_000,0,12,2,-127,21,5397,0x1515,5397,21,21,21,21,,7445,0C0281151515151D
TERPCK_TBL.decoded.bin,pck_object_0018,pck_object_0018_part_002,pck_object_0018_part_002_choice_000,1,16,2,-127,20,4628,0x1214,4628,20,18,20,18,,7954,100281141412121F
TERPCK_TBL.decoded.bin,pck_object_0018,pck_object_0018_part_002,pck_object_0018_part_002_choice_000,2,20,2,-127,6,5382,0x1506,5382,6,21,6,21,,8469,1402810606151521
TERPCK_TBL.decoded.bin,pck_object_0018,pck_object_0018_part_002,pck_object_0018_part_002_choice_000,3,24,2,-127,24,6168,0x1818,6168,24,24,24,24,,8728,1802811818181822
TERPCK_TBL.decoded.bin,pck_object_0018,pck_object_0018_part_002,pck_object_0018_part_002_choice_000,4,28,2,-127,8,5640,0x1608,5640,8,22,8,22,,9238,1C02810808161624
TERPCK_TBL.decoded.bin,pck_object_0018,pck_object_0018_part_002,pck_object_0018_part_002_choice_000,5,32,2,-127,6,4102,0x1006,4102,6,16,6,16,,9744,2002810606101026
TERPCK_TBL.decoded.bin,pck_object_0018,pck_object_0018_part_002,pck_object_0018_part_002_choice_000,6,36,2,-127,6,4870,0x1306,4870,6,19,6,19,,9235,2402810606131324
TERPCK_TBL.decoded.bin,pck_object_0018,pck_object_0018_part_002,pck_object_0018_part_002_choice_000,7,40,2,-127,20,5652,0x1614,5652,20,22,20,22,,10006,2802811414161627
TERPCK_TBL.decoded.bin,pck_object_0018,pck_object_0018_part_002,pck_object_0018_part_002_choice_000,8,44,2,26,27,65308,0xFF1C,-228,28,255,28,-1,,6942,2C021A1B1CFF1E1B
