family,source_file,entry_id,offset_hex,width,height,role_candidate,codec,decoded_layout,decoded_size,palette,preview_path,preview_width,preview_height,preview_unique_colors,preview_sha256,source_size,source_sha256,source_path,manifest
btech_tagged_bmp,BAT.BMP,0,,152,193,btech_mech_sprite_candidate,2,packed_4bpp_high_low_nibbles,14668,,research/extract/rendered_btech_bmp_png_display/BAT/BAT_000_152x193.png,760,1158,7,c75283f88d3008058cfcb31711cc551fef4c1f571ecccdaea46ec4e76bcd01fc,4152,8d74f68b08d336bdc61bae80fedcc3a76601394ee16cfaef9e1b4595e9449bf8,Original/BAT.BMP,research/extract/rendered_btech_bmp_png_display/BAT/render_manifest.json
btech_tagged_bmp,COCKPIT.BMP,0,,8,7,btech_ui_widget_candidate,2,packed_4bpp_high_low_nibbles,2232,,research/extract/rendered_btech_bmp_png_display/COCKPIT/COCKPIT_000_8x7.png,40,42,2,f845e1b288facb8109e0cc8b0c59f85b4ee1052947a623ba06d4a490ecf56d75,767,7077105462f3fc8c89245f5261699a82bccc794a1b5b79b3c3227711d2198405,Original/COCKPIT.BMP,research/extract/rendered_btech_bmp_png_display/COCKPIT/render_manifest.json
btech_tagged_bmp,COCKPIT.BMP,1,,8,7,btech_ui_widget_candidate,2,packed_4bpp_high_low_nibbles,2232,,research/extract/rendered_btech_bmp_png_display/COCKPIT/COCKPIT_001_8x7.png,40,42,2,7c8aba3d0fccd18b11aae9877ead09f9e4a5c330d6940a276fd4b6a639c32dbc,767,7077105462f3fc8c89245f5261699a82bccc794a1b5b79b3c3227711d2198405,Original/COCKPIT.BMP,research/extract/rendered_btech_bmp_png_display/COCKPIT/render_manifest.json
btech_tagged_bmp,COCKPIT.BMP,10,,48,15,btech_ui_widget_candidate,2,packed_4bpp_high_low_nibbles,2232,,research/extract/rendered_btech_bmp_png_display/COCKPIT/COCKPIT_010_48x15.png,240,90,5,f67db9311412f822f1054dfe9a35fc4e89d16710e87a8b96a94b6e062826b700,767,7077105462f3fc8c89245f5261699a82bccc794a1b5b79b3c3227711d2198405,Original/COCKPIT.BMP,research/extract/rendered_btech_bmp_png_display/COCKPIT/render_manifest.json
btech_tagged_bmp,COCKPIT.BMP,11,,40,19,btech_ui_widget_candidate,2,packed_4bpp_high_low_nibbles,2232,,research/extract/rendered_btech_bmp_png_display/COCKPIT/COCKPIT_011_40x19.png,200,114,5,b27e833e79036fefe35bc674ba6ee2e1ffc9c7b98a79e6f0da630261e839c938,767,7077105462f3fc8c89245f5261699a82bccc794a1b5b79b3c3227711d2198405,Original/COCKPIT.BMP,research/extract/rendered_btech_bmp_png_display/COCKPIT/render_manifest.json
btech_tagged_bmp,COCKPIT.BMP,2,,8,3,btech_ui_widget_candidate,2,packed_4bpp_high_low_nibbles,2232,,research/extract/rendered_btech_bmp_png_display/COCKPIT/COCKPIT_002_8x3.png,40,18,2,71520e49ba81fe4c03c1a13a3245f2c4ae0403e07ab0f663e858c2542d8bdaed,767,7077105462f3fc8c89245f5261699a82bccc794a1b5b79b3c3227711d2198405,Original/COCKPIT.BMP,research/extract/rendered_btech_bmp_png_display/COCKPIT/render_manifest.json
btech_tagged_bmp,COCKPIT.BMP,3,,8,3,btech_ui_widget_candidate,2,packed_4bpp_high_low_nibbles,2232,,research/extract/rendered_btech_bmp_png_display/COCKPIT/COCKPIT_003_8x3.png,40,18,2,d48f653d811326a122b036caaef0f136f7122931a7e956b081a6c992e51a00ea,767,7077105462f3fc8c89245f5261699a82bccc794a1b5b79b3c3227711d2198405,Original/COCKPIT.BMP,research/extract/rendered_btech_bmp_png_display/COCKPIT/render_manifest.json
btech_tagged_bmp,COCKPIT.BMP,4,,16,9,btech_ui_widget_candidate,2,packed_4bpp_high_low_nibbles,2232,,research/extract/rendered_btech_bmp_png_display/COCKPIT/COCKPIT_004_16x9.png,80,54,3,a0c661b1aec75fe22d93295e8345129a83d30e3a9948343c4172f25cd4c2b76a,767,7077105462f3fc8c89245f5261699a82bccc794a1b5b79b3c3227711d2198405,Original/COCKPIT.BMP,research/extract/rendered_btech_bmp_png_display/COCKPIT/render_manifest.json
btech_tagged_bmp,COCKPIT.BMP,5,,16,9,btech_ui_widget_candidate,2,packed_4bpp_high_low_nibbles,2232,,research/extract/rendered_btech_bmp_png_display/COCKPIT/COCKPIT_005_16x9.png,80,54,3,86d2f5d5f5bd26074e9ff7a51d252cee8600b73a9ed6d911d92294c48648e4db,767,7077105462f3fc8c89245f5261699a82bccc794a1b5b79b3c3227711d2198405,Original/COCKPIT.BMP,research/extract/rendered_btech_bmp_png_display/COCKPIT/render_manifest.json
btech_tagged_bmp,COCKPIT.BMP,6,,48,11,btech_ui_widget_candidate,2,packed_4bpp_high_low_nibbles,2232,,research/extract/rendered_btech_bmp_png_display/COCKPIT/COCKPIT_006_48x11.png,240,66,5,c53ee72f0fc7fafd3dc85debc131570acf171e5da46a8804e4fbad1bc629818f,767,7077105462f3fc8c89245f5261699a82bccc794a1b5b79b3c3227711d2198405,Original/COCKPIT.BMP,research/extract/rendered_btech_bmp_png_display/COCKPIT/render_manifest.json
btech_tagged_bmp,COCKPIT.BMP,7,,48,15,btech_ui_widget_candidate,2,packed_4bpp_high_low_nibbles,2232,,research/extract/rendered_btech_bmp_png_display/COCKPIT/COCKPIT_007_48x15.png,240,90,5,a164b224e4cd7b1b28f5f261215ea009e3d6b4a8949349434a534c307e87cb3d,767,7077105462f3fc8c89245f5261699a82bccc794a1b5b79b3c3227711d2198405,Original/COCKPIT.BMP,research/extract/rendered_btech_bmp_png_display/COCKPIT/render_manifest.json
btech_tagged_bmp,COCKPIT.BMP,8,,40,19,btech_ui_widget_candidate,2,packed_4bpp_high_low_nibbles,2232,,research/extract/rendered_btech_bmp_png_display/COCKPIT/COCKPIT_008_40x19.png,200,114,5,203bc77268cc11a8607627581fa4ce67563e0a6f5d8c6252ed4ba470de87d08c,767,7077105462f3fc8c89245f5261699a82bccc794a1b5b79b3c3227711d2198405,Original/COCKPIT.BMP,research/extract/rendered_btech_bmp_png_display/COCKPIT/render_manifest.json
btech_tagged_bmp,COCKPIT.BMP,9,,48,11,btech_ui_widget_candidate,2,packed_4bpp_high_low_nibbles,2232,,research/extract/rendered_btech_bmp_png_display/COCKPIT/COCKPIT_009_48x11.png,240,66,5,4da0d951aad51b36de453942f15e9e0af40eb4fd8b2093b60613c49eeacdbd9f,767,7077105462f3fc8c89245f5261699a82bccc794a1b5b79b3c3227711d2198405,Original/COCKPIT.BMP,research/extract/rendered_btech_bmp_png_display/COCKPIT/render_manifest.json
btech_tagged_bmp,DIGITS.BMP,0,,8,5,btech_ui_widget_candidate,2,packed_4bpp_high_low_nibbles,1024,,research/extract/rendered_btech_bmp_png_display/DIGITS/DIGITS_000_8x5.png,40,30,2,85796a4a3a9ea0d3cb5fd2d076acd96ec1a3c2243de2cee30720535bd6bce2a5,456,2f7eea69f2a5767a36e717e8ebf1790fe646c794be6baf7f07fc4dcc51e8fa8a,Original/DIGITS.BMP,research/extract/rendered_btech_bmp_png_display/DIGITS/render_manifest.json
btech_tagged_bmp,DIGITS.BMP,1,,8,5,btech_ui_widget_candidate,2,packed_4bpp_high_low_nibbles,1024,,research/extract/rendered_btech_bmp_png_display/DIGITS/DIGITS_001_8x5.png,40,30,2,ca64bfd245fb1ff3bed7164a5923a6237a3d32d2792c96936910b615c12552c5,456,2f7eea69f2a5767a36e717e8ebf1790fe646c794be6baf7f07fc4dcc51e8fa8a,Original/DIGITS.BMP,research/extract/rendered_btech_bmp_png_display/DIGITS/render_manifest.json
btech_tagged_bmp,DIGITS.BMP,10,,8,5,btech_ui_widget_candidate,2,packed_4bpp_high_low_nibbles,1024,,research/extract/rendered_btech_bmp_png_display/DIGITS/DIGITS_010_8x5.png,40,30,2,ef145f81dedc73f8a0e6bb9a1abef43bf22fe3d6cadc03aed3a1e3be574460ec,456,2f7eea69f2a5767a36e717e8ebf1790fe646c794be6baf7f07fc4dcc51e8fa8a,Original/DIGITS.BMP,research/extract/rendered_btech_bmp_png_display/DIGITS/render_manifest.json
btech_tagged_bmp,DIGITS.BMP,11,,8,5,btech_ui_widget_candidate,2,packed_4bpp_high_low_nibbles,1024,,research/extract/rendered_btech_bmp_png_display/DIGITS/DIGITS_011_8x5.png,40,30,2,6f0863cf882d11164f9cc88b729e29c385221bc92fba3d84c1eaa928d5fbe4db,456,2f7eea69f2a5767a36e717e8ebf1790fe646c794be6baf7f07fc4dcc51e8fa8a,Original/DIGITS.BMP,research/extract/rendered_btech_bmp_png_display/DIGITS/render_manifest.json
btech_tagged_bmp,DIGITS.BMP,12,,8,5,btech_ui_widget_candidate,2,packed_4bpp_high_low_nibbles,1024,,research/extract/rendered_btech_bmp_png_display/DIGITS/DIGITS_012_8x5.png,40,30,2,e13539c6fe0334f199347c2104a3e70a2608819a8b13710c0c8fe254388f0ab3,456,2f7eea69f2a5767a36e717e8ebf1790fe646c794be6baf7f07fc4dcc51e8fa8a,Original/DIGITS.BMP,research/extract/rendered_btech_bmp_png_display/DIGITS/render_manifest.json
btech_tagged_bmp,DIGITS.BMP,13,,8,5,btech_ui_widget_candidate,2,packed_4bpp_high_low_nibbles,1024,,research/extract/rendered_btech_bmp_png_display/DIGITS/DIGITS_013_8x5.png,40,30,2,1fd87cc2843e2b008d85e85e17fb9858179af12c0d519505e654e5cf254b9e35,456,2f7eea69f2a5767a36e717e8ebf1790fe646c794be6baf7f07fc4dcc51e8fa8a,Original/DIGITS.BMP,research/extract/rendered_btech_bmp_png_display/DIGITS/render_manifest.json
btech_tagged_bmp,DIGITS.BMP,14,,8,5,btech_ui_widget_candidate,2,packed_4bpp_high_low_nibbles,1024,,research/extract/rendered_btech_bmp_png_display/DIGITS/DIGITS_014_8x5.png,40,30,2,d22c4afa1147a36ab6c28f486771f40d74752dd40064ec2f1fbe19dedbd6238e,456,2f7eea69f2a5767a36e717e8ebf1790fe646c794be6baf7f07fc4dcc51e8fa8a,Original/DIGITS.BMP,research/extract/rendered_btech_bmp_png_display/DIGITS/render_manifest.json
btech_tagged_bmp,DIGITS.BMP,15,,8,5,btech_ui_widget_candidate,2,packed_4bpp_high_low_nibbles,1024,,research/extract/rendered_btech_bmp_png_display/DIGITS/DIGITS_015_8x5.png,40,30,2,8fe8256cf82ec65ea5702beb556ab7f5475fbe065c3b9ded0f2223e78abe7945,456,2f7eea69f2a5767a36e717e8ebf1790fe646c794be6baf7f07fc4dcc51e8fa8a,Original/DIGITS.BMP,research/extract/rendered_btech_bmp_png_display/DIGITS/render_manifest.json
btech_tagged_bmp,DIGITS.BMP,16,,8,5,btech_ui_widget_candidate,2,packed_4bpp_high_low_nibbles,1024,,research/extract/rendered_btech_bmp_png_display/DIGITS/DIGITS_016_8x5.png,40,30,2,7abf8cc44b7d08ddbd1e925fd818f5e4ea968d276a4dba9c10d1a670550194fc,456,2f7eea69f2a5767a36e717e8ebf1790fe646c794be6baf7f07fc4dcc51e8fa8a,Original/DIGITS.BMP,research/extract/rendered_btech_bmp_png_display/DIGITS/render_manifest.json
btech_tagged_bmp,DIGITS.BMP,17,,8,5,btech_ui_widget_candidate,2,packed_4bpp_high_low_nibbles,1024,,research/extract/rendered_btech_bmp_png_display/DIGITS/DIGITS_017_8x5.png,40,30,2,9e8dda6cff7212ff2ecd393bc16ce56dbb841246c9cbced55fa26cc99a1c050f,456,2f7eea69f2a5767a36e717e8ebf1790fe646c794be6baf7f07fc4dcc51e8fa8a,Original/DIGITS.BMP,research/extract/rendered_btech_bmp_png_display/DIGITS/render_manifest.json
btech_tagged_bmp,DIGITS.BMP,18,,8,5,btech_ui_widget_candidate,2,packed_4bpp_high_low_nibbles,1024,,research/extract/rendered_btech_bmp_png_display/DIGITS/DIGITS_018_8x5.png,40,30,2,5036832329c6cd256793648ba88f1eeb1a114fc98f0555794e247aabb96cb4e1,456,2f7eea69f2a5767a36e717e8ebf1790fe646c794be6baf7f07fc4dcc51e8fa8a,Original/DIGITS.BMP,research/extract/rendered_btech_bmp_png_display/DIGITS/render_manifest.json
btech_tagged_bmp,DIGITS.BMP,19,,8,5,btech_ui_widget_candidate,2,packed_4bpp_high_low_nibbles,1024,,research/extract/rendered_btech_bmp_png_display/DIGITS/DIGITS_019_8x5.png,40,30,2,274228e459f0f2122c2971d487c936a6501b43e66f9f0191d9793197d116bb27,456,2f7eea69f2a5767a36e717e8ebf1790fe646c794be6baf7f07fc4dcc51e8fa8a,Original/DIGITS.BMP,research/extract/rendered_btech_bmp_png_display/DIGITS/render_manifest.json
btech_tagged_bmp,DIGITS.BMP,2,,8,5,btech_ui_widget_candidate,2,packed_4bpp_high_low_nibbles,1024,,research/extract/rendered_btech_bmp_png_display/DIGITS/DIGITS_002_8x5.png,40,30,2,711f731d201d3ba82bc7088934ed8791b321baec78d4bdc196e994b6406de3c8,456,2f7eea69f2a5767a36e717e8ebf1790fe646c794be6baf7f07fc4dcc51e8fa8a,Original/DIGITS.BMP,research/extract/rendered_btech_bmp_png_display/DIGITS/render_manifest.json
btech_tagged_bmp,DIGITS.BMP,20,,8,7,btech_ui_widget_candidate,2,packed_4bpp_high_low_nibbles,1024,,research/extract/rendered_btech_bmp_png_display/DIGITS/DIGITS_020_8x7.png,40,42,2,0112144baee2ee6360d6a10e9984d1a34e259d17c8236d51bd8bb5fbb1e61167,456,2f7eea69f2a5767a36e717e8ebf1790fe646c794be6baf7f07fc4dcc51e8fa8a,Original/DIGITS.BMP,research/extract/rendered_btech_bmp_png_display/DIGITS/render_manifest.json
btech_tagged_bmp,DIGITS.BMP,21,,8,7,btech_ui_widget_candidate,2,packed_4bpp_high_low_nibbles,1024,,research/extract/rendered_btech_bmp_png_display/DIGITS/DIGITS_021_8x7.png,40,42,2,96272b10dea9a25ad5ac6af316b72d43abdc4074221b74ee56bfeef3676828ba,456,2f7eea69f2a5767a36e717e8ebf1790fe646c794be6baf7f07fc4dcc51e8fa8a,Original/DIGITS.BMP,research/extract/rendered_btech_bmp_png_display/DIGITS/render_manifest.json
btech_tagged_bmp,DIGITS.BMP,22,,8,7,btech_ui_widget_candidate,2,packed_4bpp_high_low_nibbles,1024,,research/extract/rendered_btech_bmp_png_display/DIGITS/DIGITS_022_8x7.png,40,42,2,6a665707fdb4dc863dce3a8d57c6cee106d6035242ab52aaa9085c7d60c7380e,456,2f7eea69f2a5767a36e717e8ebf1790fe646c794be6baf7f07fc4dcc51e8fa8a,Original/DIGITS.BMP,research/extract/rendered_btech_bmp_png_display/DIGITS/render_manifest.json
btech_tagged_bmp,DIGITS.BMP,23,,8,7,btech_ui_widget_candidate,2,packed_4bpp_high_low_nibbles,1024,,research/extract/rendered_btech_bmp_png_display/DIGITS/DIGITS_023_8x7.png,40,42,2,0ffe311474b60e85471212192f7d082a6d7f2ddb7be26f22bc1ef5dd1f8efd62,456,2f7eea69f2a5767a36e717e8ebf1790fe646c794be6baf7f07fc4dcc51e8fa8a,Original/DIGITS.BMP,research/extract/rendered_btech_bmp_png_display/DIGITS/render_manifest.json
btech_tagged_bmp,DIGITS.BMP,24,,8,7,btech_ui_widget_candidate,2,packed_4bpp_high_low_nibbles,1024,,research/extract/rendered_btech_bmp_png_display/DIGITS/DIGITS_024_8x7.png,40,42,2,6c2e7a084f3d89ed35d597817ea9dda304f812f3c1c1a535534abeff2523ad6a,456,2f7eea69f2a5767a36e717e8ebf1790fe646c794be6baf7f07fc4dcc51e8fa8a,Original/DIGITS.BMP,research/extract/rendered_btech_bmp_png_display/DIGITS/render_manifest.json
btech_tagged_bmp,DIGITS.BMP,25,,8,7,btech_ui_widget_candidate,2,packed_4bpp_high_low_nibbles,1024,,research/extract/rendered_btech_bmp_png_display/DIGITS/DIGITS_025_8x7.png,40,42,2,b352e6866318bbfa817dd94d8dce132cb3278f872744e43caca4d615d60e9a8e,456,2f7eea69f2a5767a36e717e8ebf1790fe646c794be6baf7f07fc4dcc51e8fa8a,Original/DIGITS.BMP,research/extract/rendered_btech_bmp_png_display/DIGITS/render_manifest.json
btech_tagged_bmp,DIGITS.BMP,26,,8,7,btech_ui_widget_candidate,2,packed_4bpp_high_low_nibbles,1024,,research/extract/rendered_btech_bmp_png_display/DIGITS/DIGITS_026_8x7.png,40,42,2,574cc0d3927c3a6f5e0a164aa86d09a74faea84f4a03274c85caa28e9fa02643,456,2f7eea69f2a5767a36e717e8ebf1790fe646c794be6baf7f07fc4dcc51e8fa8a,Original/DIGITS.BMP,research/extract/rendered_btech_bmp_png_display/DIGITS/render_manifest.json
btech_tagged_bmp,DIGITS.BMP,27,,8,7,btech_ui_widget_candidate,2,packed_4bpp_high_low_nibbles,1024,,research/extract/rendered_btech_bmp_png_display/DIGITS/DIGITS_027_8x7.png,40,42,2,6726e01b0ac97bb8a2f491f4287f653d768a14a6ad8dfad02edd517c7a2ad09e,456,2f7eea69f2a5767a36e717e8ebf1790fe646c794be6baf7f07fc4dcc51e8fa8a,Original/DIGITS.BMP,research/extract/rendered_btech_bmp_png_display/DIGITS/render_manifest.json
btech_tagged_bmp,DIGITS.BMP,28,,8,7,btech_ui_widget_candidate,2,packed_4bpp_high_low_nibbles,1024,,research/extract/rendered_btech_bmp_png_display/DIGITS/DIGITS_028_8x7.png,40,42,2,131f759ed44cf87fed2ecd2598dd3237e7c269f7d73067405d651cd6230fe428,456,2f7eea69f2a5767a36e717e8ebf1790fe646c794be6baf7f07fc4dcc51e8fa8a,Original/DIGITS.BMP,research/extract/rendered_btech_bmp_png_display/DIGITS/render_manifest.json
btech_tagged_bmp,DIGITS.BMP,29,,8,7,btech_ui_widget_candidate,2,packed_4bpp_high_low_nibbles,1024,,research/extract/rendered_btech_bmp_png_display/DIGITS/DIGITS_029_8x7.png,40,42,2,5274bbf539780557092588221ce763f8d7ee82c83a45898b66a87c56af790f7a,456,2f7eea69f2a5767a36e717e8ebf1790fe646c794be6baf7f07fc4dcc51e8fa8a,Original/DIGITS.BMP,research/extract/rendered_btech_bmp_png_display/DIGITS/render_manifest.json
btech_tagged_bmp,DIGITS.BMP,3,,8,5,btech_ui_widget_candidate,2,packed_4bpp_high_low_nibbles,1024,,research/extract/rendered_btech_bmp_png_display/DIGITS/DIGITS_003_8x5.png,40,30,2,e87e4dcc3d4f24bf9e6fe9d1cebcc8fabfbe2c07d3af4f35843ea92c960ca073,456,2f7eea69f2a5767a36e717e8ebf1790fe646c794be6baf7f07fc4dcc51e8fa8a,Original/DIGITS.BMP,research/extract/rendered_btech_bmp_png_display/DIGITS/render_manifest.json
btech_tagged_bmp,DIGITS.BMP,30,,8,7,btech_ui_widget_candidate,2,packed_4bpp_high_low_nibbles,1024,,research/extract/rendered_btech_bmp_png_display/DIGITS/DIGITS_030_8x7.png,40,42,2,ad29c981ae10041f146295f4adc49da882ca20dba27809b7b27c5df5f71cd2e8,456,2f7eea69f2a5767a36e717e8ebf1790fe646c794be6baf7f07fc4dcc51e8fa8a,Original/DIGITS.BMP,research/extract/rendered_btech_bmp_png_display/DIGITS/render_manifest.json
btech_tagged_bmp,DIGITS.BMP,31,,8,7,btech_ui_widget_candidate,2,packed_4bpp_high_low_nibbles,1024,,research/extract/rendered_btech_bmp_png_display/DIGITS/DIGITS_031_8x7.png,40,42,2,eea122f08642e6160c051a548e217d0c9c7421b79e427ac24cd7fc8a59c7e2ba,456,2f7eea69f2a5767a36e717e8ebf1790fe646c794be6baf7f07fc4dcc51e8fa8a,Original/DIGITS.BMP,research/extract/rendered_btech_bmp_png_display/DIGITS/render_manifest.json
btech_tagged_bmp,DIGITS.BMP,32,,8,7,btech_ui_widget_candidate,2,packed_4bpp_high_low_nibbles,1024,,research/extract/rendered_btech_bmp_png_display/DIGITS/DIGITS_032_8x7.png,40,42,2,4ee315a32311d37e5211a4cc1a8212510b64cb6e206eec590236bd236bb3017c,456,2f7eea69f2a5767a36e717e8ebf1790fe646c794be6baf7f07fc4dcc51e8fa8a,Original/DIGITS.BMP,research/extract/rendered_btech_bmp_png_display/DIGITS/render_manifest.json
btech_tagged_bmp,DIGITS.BMP,33,,8,7,btech_ui_widget_candidate,2,packed_4bpp_high_low_nibbles,1024,,research/extract/rendered_btech_bmp_png_display/DIGITS/DIGITS_033_8x7.png,40,42,2,ee8c7d888c3611da838f26e26895b9048482ce2b7099a4d51f734ef5b09c841f,456,2f7eea69f2a5767a36e717e8ebf1790fe646c794be6baf7f07fc4dcc51e8fa8a,Original/DIGITS.BMP,research/extract/rendered_btech_bmp_png_display/DIGITS/render_manifest.json
btech_tagged_bmp,DIGITS.BMP,34,,8,7,btech_ui_widget_candidate,2,packed_4bpp_high_low_nibbles,1024,,research/extract/rendered_btech_bmp_png_display/DIGITS/DIGITS_034_8x7.png,40,42,2,c786c03a62e6f3fb6425427bfe6154be98856b65951b54298bf1ca6626df4c5b,456,2f7eea69f2a5767a36e717e8ebf1790fe646c794be6baf7f07fc4dcc51e8fa8a,Original/DIGITS.BMP,research/extract/rendered_btech_bmp_png_display/DIGITS/render_manifest.json
btech_tagged_bmp,DIGITS.BMP,35,,8,7,btech_ui_widget_candidate,2,packed_4bpp_high_low_nibbles,1024,,research/extract/rendered_btech_bmp_png_display/DIGITS/DIGITS_035_8x7.png,40,42,2,27aa134cd741435718434b44323213cf90ae1fb787e1f5d97996c27541e90deb,456,2f7eea69f2a5767a36e717e8ebf1790fe646c794be6baf7f07fc4dcc51e8fa8a,Original/DIGITS.BMP,research/extract/rendered_btech_bmp_png_display/DIGITS/render_manifest.json
btech_tagged_bmp,DIGITS.BMP,36,,8,7,btech_ui_widget_candidate,2,packed_4bpp_high_low_nibbles,1024,,research/extract/rendered_btech_bmp_png_display/DIGITS/DIGITS_036_8x7.png,40,42,2,7adda47568f1426922236ced357ce3295e5204652c36b924705944f0db076f92,456,2f7eea69f2a5767a36e717e8ebf1790fe646c794be6baf7f07fc4dcc51e8fa8a,Original/DIGITS.BMP,research/extract/rendered_btech_bmp_png_display/DIGITS/render_manifest.json
btech_tagged_bmp,DIGITS.BMP,37,,8,7,btech_ui_widget_candidate,2,packed_4bpp_high_low_nibbles,1024,,research/extract/rendered_btech_bmp_png_display/DIGITS/DIGITS_037_8x7.png,40,42,2,e0e73f77d32eb7f7acd9e89ece58fb428a53eabba931ff4f3e93aa35012acffd,456,2f7eea69f2a5767a36e717e8ebf1790fe646c794be6baf7f07fc4dcc51e8fa8a,Original/DIGITS.BMP,research/extract/rendered_btech_bmp_png_display/DIGITS/render_manifest.json
btech_tagged_bmp,DIGITS.BMP,38,,8,7,btech_ui_widget_candidate,2,packed_4bpp_high_low_nibbles,1024,,research/extract/rendered_btech_bmp_png_display/DIGITS/DIGITS_038_8x7.png,40,42,2,92f6ebf0e46d6dcb24a1f6ec797dde1be4e22f5fcf82fc87117da485e86f6d60,456,2f7eea69f2a5767a36e717e8ebf1790fe646c794be6baf7f07fc4dcc51e8fa8a,Original/DIGITS.BMP,research/extract/rendered_btech_bmp_png_display/DIGITS/render_manifest.json
btech_tagged_bmp,DIGITS.BMP,39,,8,7,btech_ui_widget_candidate,2,packed_4bpp_high_low_nibbles,1024,,research/extract/rendered_btech_bmp_png_display/DIGITS/DIGITS_039_8x7.png,40,42,2,159531408afceec52b5367f9aca0e5fc109aff4631e5c02e05b4c5c8f0f44ebe,456,2f7eea69f2a5767a36e717e8ebf1790fe646c794be6baf7f07fc4dcc51e8fa8a,Original/DIGITS.BMP,research/extract/rendered_btech_bmp_png_display/DIGITS/render_manifest.json
btech_tagged_bmp,DIGITS.BMP,4,,8,5,btech_ui_widget_candidate,2,packed_4bpp_high_low_nibbles,1024,,research/extract/rendered_btech_bmp_png_display/DIGITS/DIGITS_004_8x5.png,40,30,2,02854c1cba7cb8729a9f689e37c55d3bdb760811232458b487aa6c90a8d39846,456,2f7eea69f2a5767a36e717e8ebf1790fe646c794be6baf7f07fc4dcc51e8fa8a,Original/DIGITS.BMP,research/extract/rendered_btech_bmp_png_display/DIGITS/render_manifest.json
btech_tagged_bmp,DIGITS.BMP,40,,8,3,btech_ui_widget_candidate,2,packed_4bpp_high_low_nibbles,1024,,research/extract/rendered_btech_bmp_png_display/DIGITS/DIGITS_040_8x3.png,40,18,2,7518e302393b33ec21c8f8312abb9f2b3e539ece0bc9348874ca672ff75043f3,456,2f7eea69f2a5767a36e717e8ebf1790fe646c794be6baf7f07fc4dcc51e8fa8a,Original/DIGITS.BMP,research/extract/rendered_btech_bmp_png_display/DIGITS/render_manifest.json
btech_tagged_bmp,DIGITS.BMP,41,,8,3,btech_ui_widget_candidate,2,packed_4bpp_high_low_nibbles,1024,,research/extract/rendered_btech_bmp_png_display/DIGITS/DIGITS_041_8x3.png,40,18,2,e1b09a22b0401cb0f7a2ca583cbe07eb2435ca4ab2a8893936a235700b5a265f,456,2f7eea69f2a5767a36e717e8ebf1790fe646c794be6baf7f07fc4dcc51e8fa8a,Original/DIGITS.BMP,research/extract/rendered_btech_bmp_png_display/DIGITS/render_manifest.json
btech_tagged_bmp,DIGITS.BMP,42,,8,5,btech_ui_widget_candidate,2,packed_4bpp_high_low_nibbles,1024,,research/extract/rendered_btech_bmp_png_display/DIGITS/DIGITS_042_8x5.png,40,30,2,9b6eebee817f8a1e752ea0fa6fad7ae79d9a5e109d01aa15bdf152298f05039d,456,2f7eea69f2a5767a36e717e8ebf1790fe646c794be6baf7f07fc4dcc51e8fa8a,Original/DIGITS.BMP,research/extract/rendered_btech_bmp_png_display/DIGITS/render_manifest.json
btech_tagged_bmp,DIGITS.BMP,43,,8,5,btech_ui_widget_candidate,2,packed_4bpp_high_low_nibbles,1024,,research/extract/rendered_btech_bmp_png_display/DIGITS/DIGITS_043_8x5.png,40,30,2,73349374b1822a92e230f017924c8ef7b4e72c077f4a1bc323084a88f3bf2c49,456,2f7eea69f2a5767a36e717e8ebf1790fe646c794be6baf7f07fc4dcc51e8fa8a,Original/DIGITS.BMP,research/extract/rendered_btech_bmp_png_display/DIGITS/render_manifest.json
btech_tagged_bmp,DIGITS.BMP,5,,8,5,btech_ui_widget_candidate,2,packed_4bpp_high_low_nibbles,1024,,research/extract/rendered_btech_bmp_png_display/DIGITS/DIGITS_005_8x5.png,40,30,2,e5d6c137efc7542d2a820bbccd0bfdca1d66385c1ecb0c24dd3802130e6d0b6d,456,2f7eea69f2a5767a36e717e8ebf1790fe646c794be6baf7f07fc4dcc51e8fa8a,Original/DIGITS.BMP,research/extract/rendered_btech_bmp_png_display/DIGITS/render_manifest.json
btech_tagged_bmp,DIGITS.BMP,6,,8,5,btech_ui_widget_candidate,2,packed_4bpp_high_low_nibbles,1024,,research/extract/rendered_btech_bmp_png_display/DIGITS/DIGITS_006_8x5.png,40,30,2,f3d2626ebe6ff0c2bd5439a335a3d3b5037be018f36d5e3a7f9202a19b0e6b9a,456,2f7eea69f2a5767a36e717e8ebf1790fe646c794be6baf7f07fc4dcc51e8fa8a,Original/DIGITS.BMP,research/extract/rendered_btech_bmp_png_display/DIGITS/render_manifest.json
btech_tagged_bmp,DIGITS.BMP,7,,8,5,btech_ui_widget_candidate,2,packed_4bpp_high_low_nibbles,1024,,research/extract/rendered_btech_bmp_png_display/DIGITS/DIGITS_007_8x5.png,40,30,2,f633abeffa306537a6598827bfd17b68867bfe3fabc669df9ac4238b835f0a68,456,2f7eea69f2a5767a36e717e8ebf1790fe646c794be6baf7f07fc4dcc51e8fa8a,Original/DIGITS.BMP,research/extract/rendered_btech_bmp_png_display/DIGITS/render_manifest.json
btech_tagged_bmp,DIGITS.BMP,8,,8,5,btech_ui_widget_candidate,2,packed_4bpp_high_low_nibbles,1024,,research/extract/rendered_btech_bmp_png_display/DIGITS/DIGITS_008_8x5.png,40,30,2,4a1ecde5e6e560ca23d150adc8747b0bc7c2521fed86fc71f4a0b2126cf3099d,456,2f7eea69f2a5767a36e717e8ebf1790fe646c794be6baf7f07fc4dcc51e8fa8a,Original/DIGITS.BMP,research/extract/rendered_btech_bmp_png_display/DIGITS/render_manifest.json
btech_tagged_bmp,DIGITS.BMP,9,,8,5,btech_ui_widget_candidate,2,packed_4bpp_high_low_nibbles,1024,,research/extract/rendered_btech_bmp_png_display/DIGITS/DIGITS_009_8x5.png,40,30,2,b96b03b06b657b2a529f7b276845ab86069a6588efc3899ed67004623b79244c,456,2f7eea69f2a5767a36e717e8ebf1790fe646c794be6baf7f07fc4dcc51e8fa8a,Original/DIGITS.BMP,research/extract/rendered_btech_bmp_png_display/DIGITS/render_manifest.json
btech_tagged_bmp,DOTS.BMP,0,,8,1,btech_ui_widget_candidate,2,packed_4bpp_high_low_nibbles,72,,research/extract/rendered_btech_bmp_png_display/DOTS/DOTS_000_8x1.png,40,6,2,8ac6fbb77e414eaa53a58793c1b9468143737793518395b59ef0726365f9caa2,127,ae8b401a7cca4ad68b70e5d149ed981b507ed739bb1de5dd4610d15d4b62091d,Original/DOTS.BMP,research/extract/rendered_btech_bmp_png_display/DOTS/render_manifest.json
btech_tagged_bmp,DOTS.BMP,1,,8,1,btech_ui_widget_candidate,2,packed_4bpp_high_low_nibbles,72,,research/extract/rendered_btech_bmp_png_display/DOTS/DOTS_001_8x1.png,40,6,2,8ac6fbb77e414eaa53a58793c1b9468143737793518395b59ef0726365f9caa2,127,ae8b401a7cca4ad68b70e5d149ed981b507ed739bb1de5dd4610d15d4b62091d,Original/DOTS.BMP,research/extract/rendered_btech_bmp_png_display/DOTS/render_manifest.json
btech_tagged_bmp,DOTS.BMP,10,,8,1,btech_ui_widget_candidate,2,packed_4bpp_high_low_nibbles,72,,research/extract/rendered_btech_bmp_png_display/DOTS/DOTS_010_8x1.png,40,6,2,8ac6fbb77e414eaa53a58793c1b9468143737793518395b59ef0726365f9caa2,127,ae8b401a7cca4ad68b70e5d149ed981b507ed739bb1de5dd4610d15d4b62091d,Original/DOTS.BMP,research/extract/rendered_btech_bmp_png_display/DOTS/render_manifest.json
btech_tagged_bmp,DOTS.BMP,11,,8,1,btech_ui_widget_candidate,2,packed_4bpp_high_low_nibbles,72,,research/extract/rendered_btech_bmp_png_display/DOTS/DOTS_011_8x1.png,40,6,2,8ac6fbb77e414eaa53a58793c1b9468143737793518395b59ef0726365f9caa2,127,ae8b401a7cca4ad68b70e5d149ed981b507ed739bb1de5dd4610d15d4b62091d,Original/DOTS.BMP,research/extract/rendered_btech_bmp_png_display/DOTS/render_manifest.json
btech_tagged_bmp,DOTS.BMP,12,,8,1,btech_ui_widget_candidate,2,packed_4bpp_high_low_nibbles,72,,research/extract/rendered_btech_bmp_png_display/DOTS/DOTS_012_8x1.png,40,6,2,8ac6fbb77e414eaa53a58793c1b9468143737793518395b59ef0726365f9caa2,127,ae8b401a7cca4ad68b70e5d149ed981b507ed739bb1de5dd4610d15d4b62091d,Original/DOTS.BMP,research/extract/rendered_btech_bmp_png_display/DOTS/render_manifest.json
btech_tagged_bmp,DOTS.BMP,13,,8,1,btech_ui_widget_candidate,2,packed_4bpp_high_low_nibbles,72,,research/extract/rendered_btech_bmp_png_display/DOTS/DOTS_013_8x1.png,40,6,2,8ac6fbb77e414eaa53a58793c1b9468143737793518395b59ef0726365f9caa2,127,ae8b401a7cca4ad68b70e5d149ed981b507ed739bb1de5dd4610d15d4b62091d,Original/DOTS.BMP,research/extract/rendered_btech_bmp_png_display/DOTS/render_manifest.json
btech_tagged_bmp,DOTS.BMP,14,,8,1,btech_ui_widget_candidate,2,packed_4bpp_high_low_nibbles,72,,research/extract/rendered_btech_bmp_png_display/DOTS/DOTS_014_8x1.png,40,6,2,8ac6fbb77e414eaa53a58793c1b9468143737793518395b59ef0726365f9caa2,127,ae8b401a7cca4ad68b70e5d149ed981b507ed739bb1de5dd4610d15d4b62091d,Original/DOTS.BMP,research/extract/rendered_btech_bmp_png_display/DOTS/render_manifest.json
btech_tagged_bmp,DOTS.BMP,15,,8,1,btech_ui_widget_candidate,2,packed_4bpp_high_low_nibbles,72,,research/extract/rendered_btech_bmp_png_display/DOTS/DOTS_015_8x1.png,40,6,2,8ac6fbb77e414eaa53a58793c1b9468143737793518395b59ef0726365f9caa2,127,ae8b401a7cca4ad68b70e5d149ed981b507ed739bb1de5dd4610d15d4b62091d,Original/DOTS.BMP,research/extract/rendered_btech_bmp_png_display/DOTS/render_manifest.json
btech_tagged_bmp,DOTS.BMP,16,,8,1,btech_ui_widget_candidate,2,packed_4bpp_high_low_nibbles,72,,research/extract/rendered_btech_bmp_png_display/DOTS/DOTS_016_8x1.png,40,6,2,8ac6fbb77e414eaa53a58793c1b9468143737793518395b59ef0726365f9caa2,127,ae8b401a7cca4ad68b70e5d149ed981b507ed739bb1de5dd4610d15d4b62091d,Original/DOTS.BMP,research/extract/rendered_btech_bmp_png_display/DOTS/render_manifest.json
btech_tagged_bmp,DOTS.BMP,17,,8,1,btech_ui_widget_candidate,2,packed_4bpp_high_low_nibbles,72,,research/extract/rendered_btech_bmp_png_display/DOTS/DOTS_017_8x1.png,40,6,2,8ac6fbb77e414eaa53a58793c1b9468143737793518395b59ef0726365f9caa2,127,ae8b401a7cca4ad68b70e5d149ed981b507ed739bb1de5dd4610d15d4b62091d,Original/DOTS.BMP,research/extract/rendered_btech_bmp_png_display/DOTS/render_manifest.json
btech_tagged_bmp,DOTS.BMP,2,,8,1,btech_ui_widget_candidate,2,packed_4bpp_high_low_nibbles,72,,research/extract/rendered_btech_bmp_png_display/DOTS/DOTS_002_8x1.png,40,6,2,8ac6fbb77e414eaa53a58793c1b9468143737793518395b59ef0726365f9caa2,127,ae8b401a7cca4ad68b70e5d149ed981b507ed739bb1de5dd4610d15d4b62091d,Original/DOTS.BMP,research/extract/rendered_btech_bmp_png_display/DOTS/render_manifest.json
btech_tagged_bmp,DOTS.BMP,3,,8,1,btech_ui_widget_candidate,2,packed_4bpp_high_low_nibbles,72,,research/extract/rendered_btech_bmp_png_display/DOTS/DOTS_003_8x1.png,40,6,2,8ac6fbb77e414eaa53a58793c1b9468143737793518395b59ef0726365f9caa2,127,ae8b401a7cca4ad68b70e5d149ed981b507ed739bb1de5dd4610d15d4b62091d,Original/DOTS.BMP,research/extract/rendered_btech_bmp_png_display/DOTS/render_manifest.json
btech_tagged_bmp,DOTS.BMP,4,,8,1,btech_ui_widget_candidate,2,packed_4bpp_high_low_nibbles,72,,research/extract/rendered_btech_bmp_png_display/DOTS/DOTS_004_8x1.png,40,6,2,8ac6fbb77e414eaa53a58793c1b9468143737793518395b59ef0726365f9caa2,127,ae8b401a7cca4ad68b70e5d149ed981b507ed739bb1de5dd4610d15d4b62091d,Original/DOTS.BMP,research/extract/rendered_btech_bmp_png_display/DOTS/render_manifest.json
btech_tagged_bmp,DOTS.BMP,5,,8,1,btech_ui_widget_candidate,2,packed_4bpp_high_low_nibbles,72,,research/extract/rendered_btech_bmp_png_display/DOTS/DOTS_005_8x1.png,40,6,2,8ac6fbb77e414eaa53a58793c1b9468143737793518395b59ef0726365f9caa2,127,ae8b401a7cca4ad68b70e5d149ed981b507ed739bb1de5dd4610d15d4b62091d,Original/DOTS.BMP,research/extract/rendered_btech_bmp_png_display/DOTS/render_manifest.json
btech_tagged_bmp,DOTS.BMP,6,,8,1,btech_ui_widget_candidate,2,packed_4bpp_high_low_nibbles,72,,research/extract/rendered_btech_bmp_png_display/DOTS/DOTS_006_8x1.png,40,6,2,8ac6fbb77e414eaa53a58793c1b9468143737793518395b59ef0726365f9caa2,127,ae8b401a7cca4ad68b70e5d149ed981b507ed739bb1de5dd4610d15d4b62091d,Original/DOTS.BMP,research/extract/rendered_btech_bmp_png_display/DOTS/render_manifest.json
btech_tagged_bmp,DOTS.BMP,7,,8,1,btech_ui_widget_candidate,2,packed_4bpp_high_low_nibbles,72,,research/extract/rendered_btech_bmp_png_display/DOTS/DOTS_007_8x1.png,40,6,2,8ac6fbb77e414eaa53a58793c1b9468143737793518395b59ef0726365f9caa2,127,ae8b401a7cca4ad68b70e5d149ed981b507ed739bb1de5dd4610d15d4b62091d,Original/DOTS.BMP,research/extract/rendered_btech_bmp_png_display/DOTS/render_manifest.json
btech_tagged_bmp,DOTS.BMP,8,,8,1,btech_ui_widget_candidate,2,packed_4bpp_high_low_nibbles,72,,research/extract/rendered_btech_bmp_png_display/DOTS/DOTS_008_8x1.png,40,6,2,8ac6fbb77e414eaa53a58793c1b9468143737793518395b59ef0726365f9caa2,127,ae8b401a7cca4ad68b70e5d149ed981b507ed739bb1de5dd4610d15d4b62091d,Original/DOTS.BMP,research/extract/rendered_btech_bmp_png_display/DOTS/render_manifest.json
btech_tagged_bmp,DOTS.BMP,9,,8,1,btech_ui_widget_candidate,2,packed_4bpp_high_low_nibbles,72,,research/extract/rendered_btech_bmp_png_display/DOTS/DOTS_009_8x1.png,40,6,2,8ac6fbb77e414eaa53a58793c1b9468143737793518395b59ef0726365f9caa2,127,ae8b401a7cca4ad68b70e5d149ed981b507ed739bb1de5dd4610d15d4b62091d,Original/DOTS.BMP,research/extract/rendered_btech_bmp_png_display/DOTS/render_manifest.json
btech_tagged_bmp,HUD_CYAN.BMP,0,,16,5,btech_ui_widget_candidate,2,packed_4bpp_high_low_nibbles,480,,research/extract/rendered_btech_bmp_png_display/HUD_CYAN/HUD_CYAN_000_16x5.png,80,30,2,c21c6267b9f8d76b4e2e88ef93f487be83ee8ae01143c3c4648a20c1518798fa,252,602d6781a3998023084e488a7edeaffb3bd933858876bada35d5d23fbe630d5d,Original/HUD_CYAN.BMP,research/extract/rendered_btech_bmp_png_display/HUD_CYAN/render_manifest.json
btech_tagged_bmp,HUD_CYAN.BMP,1,,16,5,btech_ui_widget_candidate,2,packed_4bpp_high_low_nibbles,480,,research/extract/rendered_btech_bmp_png_display/HUD_CYAN/HUD_CYAN_001_16x5.png,80,30,2,0ccb20518a21d95c0b4c98ac99439a821a342476ff0112c250e7fd1300f4790a,252,602d6781a3998023084e488a7edeaffb3bd933858876bada35d5d23fbe630d5d,Original/HUD_CYAN.BMP,research/extract/rendered_btech_bmp_png_display/HUD_CYAN/render_manifest.json
btech_tagged_bmp,HUD_CYAN.BMP,10,,16,5,btech_ui_widget_candidate,2,packed_4bpp_high_low_nibbles,480,,research/extract/rendered_btech_bmp_png_display/HUD_CYAN/HUD_CYAN_010_16x5.png,80,30,2,85bfb3f8a0481fcd94fe09812b3206be239f1dd8df3804f26a224da1553a2aa7,252,602d6781a3998023084e488a7edeaffb3bd933858876bada35d5d23fbe630d5d,Original/HUD_CYAN.BMP,research/extract/rendered_btech_bmp_png_display/HUD_CYAN/render_manifest.json
btech_tagged_bmp,HUD_CYAN.BMP,11,,16,5,btech_ui_widget_candidate,2,packed_4bpp_high_low_nibbles,480,,research/extract/rendered_btech_bmp_png_display/HUD_CYAN/HUD_CYAN_011_16x5.png,80,30,2,182df5f9e245113d2f542dd5b5a70f83432e3518bbdeb0feb5153b369b399828,252,602d6781a3998023084e488a7edeaffb3bd933858876bada35d5d23fbe630d5d,Original/HUD_CYAN.BMP,research/extract/rendered_btech_bmp_png_display/HUD_CYAN/render_manifest.json
btech_tagged_bmp,HUD_CYAN.BMP,2,,16,5,btech_ui_widget_candidate,2,packed_4bpp_high_low_nibbles,480,,research/extract/rendered_btech_bmp_png_display/HUD_CYAN/HUD_CYAN_002_16x5.png,80,30,2,dc0f1b175e49a1592088d88ddc9480ec868e9a23fd5f13779e9b0dbef2263290,252,602d6781a3998023084e488a7edeaffb3bd933858876bada35d5d23fbe630d5d,Original/HUD_CYAN.BMP,research/extract/rendered_btech_bmp_png_display/HUD_CYAN/render_manifest.json
btech_tagged_bmp,HUD_CYAN.BMP,3,,16,5,btech_ui_widget_candidate,2,packed_4bpp_high_low_nibbles,480,,research/extract/rendered_btech_bmp_png_display/HUD_CYAN/HUD_CYAN_003_16x5.png,80,30,2,b759539f65d7026171b7739d30ec4cb5304795b2483437f2fafbec575b2f2b6b,252,602d6781a3998023084e488a7edeaffb3bd933858876bada35d5d23fbe630d5d,Original/HUD_CYAN.BMP,research/extract/rendered_btech_bmp_png_display/HUD_CYAN/render_manifest.json
btech_tagged_bmp,HUD_CYAN.BMP,4,,16,5,btech_ui_widget_candidate,2,packed_4bpp_high_low_nibbles,480,,research/extract/rendered_btech_bmp_png_display/HUD_CYAN/HUD_CYAN_004_16x5.png,80,30,2,31e4f44296098c45bab0294c0f97dab955e4fe9e54324510f441bc071f03d0f8,252,602d6781a3998023084e488a7edeaffb3bd933858876bada35d5d23fbe630d5d,Original/HUD_CYAN.BMP,research/extract/rendered_btech_bmp_png_display/HUD_CYAN/render_manifest.json
btech_tagged_bmp,HUD_CYAN.BMP,5,,16,5,btech_ui_widget_candidate,2,packed_4bpp_high_low_nibbles,480,,research/extract/rendered_btech_bmp_png_display/HUD_CYAN/HUD_CYAN_005_16x5.png,80,30,2,667a05b6468cccd4eb5d192dc18c3fd9adaef7dcaeb59fecaa7685a72ebc7a06,252,602d6781a3998023084e488a7edeaffb3bd933858876bada35d5d23fbe630d5d,Original/HUD_CYAN.BMP,research/extract/rendered_btech_bmp_png_display/HUD_CYAN/render_manifest.json
btech_tagged_bmp,HUD_CYAN.BMP,6,,16,5,btech_ui_widget_candidate,2,packed_4bpp_high_low_nibbles,480,,research/extract/rendered_btech_bmp_png_display/HUD_CYAN/HUD_CYAN_006_16x5.png,80,30,2,e6a6799a450505136491f5fde53590e12a54fd91e4e3fadb1c24c022198fbad2,252,602d6781a3998023084e488a7edeaffb3bd933858876bada35d5d23fbe630d5d,Original/HUD_CYAN.BMP,research/extract/rendered_btech_bmp_png_display/HUD_CYAN/render_manifest.json
btech_tagged_bmp,HUD_CYAN.BMP,7,,16,5,btech_ui_widget_candidate,2,packed_4bpp_high_low_nibbles,480,,research/extract/rendered_btech_bmp_png_display/HUD_CYAN/HUD_CYAN_007_16x5.png,80,30,2,ebc60b73069e53fd04004c75de5ce82c6dcbc459e9e1368aeb00a9fa22478bd1,252,602d6781a3998023084e488a7edeaffb3bd933858876bada35d5d23fbe630d5d,Original/HUD_CYAN.BMP,research/extract/rendered_btech_bmp_png_display/HUD_CYAN/render_manifest.json
btech_tagged_bmp,HUD_CYAN.BMP,8,,16,5,btech_ui_widget_candidate,2,packed_4bpp_high_low_nibbles,480,,research/extract/rendered_btech_bmp_png_display/HUD_CYAN/HUD_CYAN_008_16x5.png,80,30,2,2545eb16c119409d0110535906ce20baea3eb9f85524e5a51f95a6c5c3f28161,252,602d6781a3998023084e488a7edeaffb3bd933858876bada35d5d23fbe630d5d,Original/HUD_CYAN.BMP,research/extract/rendered_btech_bmp_png_display/HUD_CYAN/render_manifest.json
btech_tagged_bmp,HUD_CYAN.BMP,9,,16,5,btech_ui_widget_candidate,2,packed_4bpp_high_low_nibbles,480,,research/extract/rendered_btech_bmp_png_display/HUD_CYAN/HUD_CYAN_009_16x5.png,80,30,2,eee3c14ac31a94c91b273400d01239aabe4c1f0ae4db840af3c9551233fcc907,252,602d6781a3998023084e488a7edeaffb3bd933858876bada35d5d23fbe630d5d,Original/HUD_CYAN.BMP,research/extract/rendered_btech_bmp_png_display/HUD_CYAN/render_manifest.json
btech_tagged_bmp,HUD_NUMS.BMP,0,,16,5,btech_ui_widget_candidate,2,packed_4bpp_high_low_nibbles,480,,research/extract/rendered_btech_bmp_png_display/HUD_NUMS/HUD_NUMS_000_16x5.png,80,30,2,8bcdd034e5f5daed8771471d395b806e08d9fceb90792628ecc84332e536b58f,252,682acf4122c233c531d4000195155c0573b18132d3aefc2d86a652fa272c93cb,Original/HUD_NUMS.BMP,research/extract/rendered_btech_bmp_png_display/HUD_NUMS/render_manifest.json
btech_tagged_bmp,HUD_NUMS.BMP,1,,16,5,btech_ui_widget_candidate,2,packed_4bpp_high_low_nibbles,480,,research/extract/rendered_btech_bmp_png_display/HUD_NUMS/HUD_NUMS_001_16x5.png,80,30,2,7a843409ac0e58cb916d630ceb06a40508a4d3ff963e78e520697f43443e0367,252,682acf4122c233c531d4000195155c0573b18132d3aefc2d86a652fa272c93cb,Original/HUD_NUMS.BMP,research/extract/rendered_btech_bmp_png_display/HUD_NUMS/render_manifest.json
btech_tagged_bmp,HUD_NUMS.BMP,10,,16,5,btech_ui_widget_candidate,2,packed_4bpp_high_low_nibbles,480,,research/extract/rendered_btech_bmp_png_display/HUD_NUMS/HUD_NUMS_010_16x5.png,80,30,2,0ead1dad76fceac40aa536c29f0d0b89a34db5ee3630008f3897e6696c8120f1,252,682acf4122c233c531d4000195155c0573b18132d3aefc2d86a652fa272c93cb,Original/HUD_NUMS.BMP,research/extract/rendered_btech_bmp_png_display/HUD_NUMS/render_manifest.json
btech_tagged_bmp,HUD_NUMS.BMP,11,,16,5,btech_ui_widget_candidate,2,packed_4bpp_high_low_nibbles,480,,research/extract/rendered_btech_bmp_png_display/HUD_NUMS/HUD_NUMS_011_16x5.png,80,30,2,9595f319b444a541e454d7befca7261c73dea492026a82c3fbeb275ba584cc6e,252,682acf4122c233c531d4000195155c0573b18132d3aefc2d86a652fa272c93cb,Original/HUD_NUMS.BMP,research/extract/rendered_btech_bmp_png_display/HUD_NUMS/render_manifest.json
btech_tagged_bmp,HUD_NUMS.BMP,2,,16,5,btech_ui_widget_candidate,2,packed_4bpp_high_low_nibbles,480,,research/extract/rendered_btech_bmp_png_display/HUD_NUMS/HUD_NUMS_002_16x5.png,80,30,2,7aba76a7dd77ebcebace18e4141f1146dc50ad8851968e3d6855d35fc4b75741,252,682acf4122c233c531d4000195155c0573b18132d3aefc2d86a652fa272c93cb,Original/HUD_NUMS.BMP,research/extract/rendered_btech_bmp_png_display/HUD_NUMS/render_manifest.json
btech_tagged_bmp,HUD_NUMS.BMP,3,,16,5,btech_ui_widget_candidate,2,packed_4bpp_high_low_nibbles,480,,research/extract/rendered_btech_bmp_png_display/HUD_NUMS/HUD_NUMS_003_16x5.png,80,30,2,347854bffa2ac076c751fcdea6ac185f93dd842dc2302e2cc0787f0a01ea7452,252,682acf4122c233c531d4000195155c0573b18132d3aefc2d86a652fa272c93cb,Original/HUD_NUMS.BMP,research/extract/rendered_btech_bmp_png_display/HUD_NUMS/render_manifest.json
btech_tagged_bmp,HUD_NUMS.BMP,4,,16,5,btech_ui_widget_candidate,2,packed_4bpp_high_low_nibbles,480,,research/extract/rendered_btech_bmp_png_display/HUD_NUMS/HUD_NUMS_004_16x5.png,80,30,2,3b3e4c60c65651f012a70513107674ab44b0e0f7f7ff128266e8d9e4d71fdac2,252,682acf4122c233c531d4000195155c0573b18132d3aefc2d86a652fa272c93cb,Original/HUD_NUMS.BMP,research/extract/rendered_btech_bmp_png_display/HUD_NUMS/render_manifest.json
btech_tagged_bmp,HUD_NUMS.BMP,5,,16,5,btech_ui_widget_candidate,2,packed_4bpp_high_low_nibbles,480,,research/extract/rendered_btech_bmp_png_display/HUD_NUMS/HUD_NUMS_005_16x5.png,80,30,2,b481fae25df956bb93c74292d8d6726c9a22f512a574a4551115f0e5c02bae85,252,682acf4122c233c531d4000195155c0573b18132d3aefc2d86a652fa272c93cb,Original/HUD_NUMS.BMP,research/extract/rendered_btech_bmp_png_display/HUD_NUMS/render_manifest.json
btech_tagged_bmp,HUD_NUMS.BMP,6,,16,5,btech_ui_widget_candidate,2,packed_4bpp_high_low_nibbles,480,,research/extract/rendered_btech_bmp_png_display/HUD_NUMS/HUD_NUMS_006_16x5.png,80,30,2,5a6ce3547ac17aebdca9ef9f76c9c08ba8b2e3f93aef95150cfd4303b4a2339f,252,682acf4122c233c531d4000195155c0573b18132d3aefc2d86a652fa272c93cb,Original/HUD_NUMS.BMP,research/extract/rendered_btech_bmp_png_display/HUD_NUMS/render_manifest.json
btech_tagged_bmp,HUD_NUMS.BMP,7,,16,5,btech_ui_widget_candidate,2,packed_4bpp_high_low_nibbles,480,,research/extract/rendered_btech_bmp_png_display/HUD_NUMS/HUD_NUMS_007_16x5.png,80,30,2,f169572fd39a374dc49eb2b210c3c49b6df296d66e5a02dbb78890e3f1862ddd,252,682acf4122c233c531d4000195155c0573b18132d3aefc2d86a652fa272c93cb,Original/HUD_NUMS.BMP,research/extract/rendered_btech_bmp_png_display/HUD_NUMS/render_manifest.json
btech_tagged_bmp,HUD_NUMS.BMP,8,,16,5,btech_ui_widget_candidate,2,packed_4bpp_high_low_nibbles,480,,research/extract/rendered_btech_bmp_png_display/HUD_NUMS/HUD_NUMS_008_16x5.png,80,30,2,fae62dcad6ee391fa077bd4772431b980191f0eb36e8b7540059494767ebd33b,252,682acf4122c233c531d4000195155c0573b18132d3aefc2d86a652fa272c93cb,Original/HUD_NUMS.BMP,research/extract/rendered_btech_bmp_png_display/HUD_NUMS/render_manifest.json
btech_tagged_bmp,HUD_NUMS.BMP,9,,16,5,btech_ui_widget_candidate,2,packed_4bpp_high_low_nibbles,480,,research/extract/rendered_btech_bmp_png_display/HUD_NUMS/HUD_NUMS_009_16x5.png,80,30,2,bd04bded86ce71281eec972ca69b2b1c29689ba7f04208e4de4474165e030985,252,682acf4122c233c531d4000195155c0573b18132d3aefc2d86a652fa272c93cb,Original/HUD_NUMS.BMP,research/extract/rendered_btech_bmp_png_display/HUD_NUMS/render_manifest.json
btech_tagged_bmp,JEN.BMP,0,,152,193,btech_mech_sprite_candidate,2,packed_4bpp_high_low_nibbles,14668,,research/extract/rendered_btech_bmp_png_display/JEN/JEN_000_152x193.png,760,1158,6,e2266a76efde0588e7079e31ffd14ea517e06fed0612dc88a2756c7ec4f5744f,2787,723a86ef231350a0939aa204507636e38b8ad83fe669b0764d05df1827b2b136,Original/JEN.BMP,research/extract/rendered_btech_bmp_png_display/JEN/render_manifest.json
btech_tagged_bmp,LOC.BMP,0,,152,193,btech_mech_sprite_candidate,2,packed_4bpp_high_low_nibbles,14668,,research/extract/rendered_btech_bmp_png_display/LOC/LOC_000_152x193.png,760,1158,6,3ab7387d184e60f45872fed187403afe78d2a401e7d57d689db0738690075d08,3033,5cd240f5748222cdf016ded95761dc8454fad8502d651dcf2adf73ca31c17007,Original/LOC.BMP,research/extract/rendered_btech_bmp_png_display/LOC/render_manifest.json
btech_tagged_bmp,MAR.BMP,0,,152,193,btech_mech_sprite_candidate,2,packed_4bpp_high_low_nibbles,14668,,research/extract/rendered_btech_bmp_png_display/MAR/MAR_000_152x193.png,760,1158,6,f34ead687482b2613604d6581cdcd5ae5ab96978a569a9a58b50ec5f7969813c,3324,0408df3c15c27faa79741fb9f07fffcae4e591842a402045815ac12c6634b12c,Original/MAR.BMP,research/extract/rendered_btech_bmp_png_display/MAR/render_manifest.json
btech_tagged_bmp,PHO.BMP,0,,152,193,btech_mech_sprite_candidate,2,packed_4bpp_high_low_nibbles,14668,,research/extract/rendered_btech_bmp_png_display/PHO/PHO_000_152x193.png,760,1158,7,f13660568dfd09dd1911f91aad9fb35bcfa0cdb76b272a2b1b0b010afc7245c8,3577,01a776d96443b78737ac4ce233161912567b19d0e6804c1afdfa3e8ea23f107c,Original/PHO.BMP,research/extract/rendered_btech_bmp_png_display/PHO/render_manifest.json
btech_tagged_bmp,POINT.BMP,0,,16,10,btech_pointer_or_marker_candidate,1,packed_4bpp_high_low_nibbles,376,,research/extract/rendered_btech_bmp_png_display/POINT/POINT_000_16x10.png,80,60,3,a901697a53b4c8be193a4d4406e01487afb73fd46b5aebb8a23a0db73d0ab3bb,278,43e9683506afa04294ef72e464a074284c514a8cb24d9a0276b5eda756413ee1,Original/POINT.BMP,research/extract/rendered_btech_bmp_png_display/POINT/render_manifest.json
btech_tagged_bmp,POINT.BMP,1,,24,16,btech_pointer_or_marker_candidate,1,packed_4bpp_high_low_nibbles,376,,research/extract/rendered_btech_bmp_png_display/POINT/POINT_001_24x16.png,120,96,4,880498fc72f51729d656a23ce8adb20de285f2d7d5621b80c4dd73892a38656f,278,43e9683506afa04294ef72e464a074284c514a8cb24d9a0276b5eda756413ee1,Original/POINT.BMP,research/extract/rendered_btech_bmp_png_display/POINT/render_manifest.json
btech_tagged_bmp,POINT.BMP,2,,16,13,btech_pointer_or_marker_candidate,1,packed_4bpp_high_low_nibbles,376,,research/extract/rendered_btech_bmp_png_display/POINT/POINT_002_16x13.png,80,78,3,cc7b1f6bcbd0a764b1f1c9c4c89eea39335b05436a14e704f1a7011ec533c8c5,278,43e9683506afa04294ef72e464a074284c514a8cb24d9a0276b5eda756413ee1,Original/POINT.BMP,research/extract/rendered_btech_bmp_png_display/POINT/render_manifest.json
btech_tagged_bmp,PROMPT.BMP,0,,112,27,btech_ui_widget_candidate,2,packed_4bpp_high_low_nibbles,1512,,research/extract/rendered_btech_bmp_png_display/PROMPT/PROMPT_000_112x27.png,560,162,6,703bcfc6238a11b890a6e7df27bf5df02e72e3531a75896cc114f42fe680d834,294,7c6805f817119d9e376693f6113224bba749a073883ca10f6c16b42db4943308,Original/PROMPT.BMP,research/extract/rendered_btech_bmp_png_display/PROMPT/render_manifest.json
btech_tagged_bmp,RIF.BMP,0,,152,193,btech_mech_sprite_candidate,2,packed_4bpp_high_low_nibbles,14668,,research/extract/rendered_btech_bmp_png_display/RIF/RIF_000_152x193.png,760,1158,7,f5b681c4285b7417e2382fa155786ae98a6e797537979ba4bace6d401ae76c41,4293,feed4012ecfea7b765e0bf81961a6e40d273c6d5b5e21360f94fbecd3ae5e4c1,Original/RIF.BMP,research/extract/rendered_btech_bmp_png_display/RIF/render_manifest.json
btech_tagged_bmp,SHA.BMP,0,,152,193,btech_mech_sprite_candidate,2,packed_4bpp_high_low_nibbles,14668,,research/extract/rendered_btech_bmp_png_display/SHA/SHA_000_152x193.png,760,1158,6,c3630fe33cab60f2fd3a720a5cfed14d257c9c8f873e3a271da9aa672474fee6,3864,4e31d965ab1f4e957272befe0b6edb62fb1ff96361be22080c531ecf119f6757,Original/SHA.BMP,research/extract/rendered_btech_bmp_png_display/SHA/render_manifest.json
btech_tagged_bmp,SM_MECHS.BMP,0,,56,49,btech_small_mech_sprite_candidate,2,packed_4bpp_high_low_nibbles,12348,,research/extract/rendered_btech_bmp_png_display/SM_MECHS/SM_MECHS_000_56x49.png,280,294,4,0a51053b3de5c91780deadfa0734d25c3d03f568a9ca3096b865dcc1a6b8fab2,3072,688bf3a104e9df42d1a90f27daa822bf225342007ab42b74cf9047628c71f522,Original/SM_MECHS.BMP,research/extract/rendered_btech_bmp_png_display/SM_MECHS/render_manifest.json
btech_tagged_bmp,SM_MECHS.BMP,1,,56,49,btech_small_mech_sprite_candidate,2,packed_4bpp_high_low_nibbles,12348,,research/extract/rendered_btech_bmp_png_display/SM_MECHS/SM_MECHS_001_56x49.png,280,294,4,5787ccb1968b22b46868cb20b73dd2c647bb288741c0f84c90d77b70b1663200,3072,688bf3a104e9df42d1a90f27daa822bf225342007ab42b74cf9047628c71f522,Original/SM_MECHS.BMP,research/extract/rendered_btech_bmp_png_display/SM_MECHS/render_manifest.json
btech_tagged_bmp,SM_MECHS.BMP,2,,56,49,btech_small_mech_sprite_candidate,2,packed_4bpp_high_low_nibbles,12348,,research/extract/rendered_btech_bmp_png_display/SM_MECHS/SM_MECHS_002_56x49.png,280,294,4,1ba03c4eaaccf4ddac1d29026b9f9b38c09c12144fdbdc20a3b7fce5026ccc84,3072,688bf3a104e9df42d1a90f27daa822bf225342007ab42b74cf9047628c71f522,Original/SM_MECHS.BMP,research/extract/rendered_btech_bmp_png_display/SM_MECHS/render_manifest.json
btech_tagged_bmp,SM_MECHS.BMP,3,,56,49,btech_small_mech_sprite_candidate,2,packed_4bpp_high_low_nibbles,12348,,research/extract/rendered_btech_bmp_png_display/SM_MECHS/SM_MECHS_003_56x49.png,280,294,4,07c739a50e6f233b3971517dccc1367f703f7fba29e9f6a5e9d6b9b27affd2d2,3072,688bf3a104e9df42d1a90f27daa822bf225342007ab42b74cf9047628c71f522,Original/SM_MECHS.BMP,research/extract/rendered_btech_bmp_png_display/SM_MECHS/render_manifest.json
btech_tagged_bmp,SM_MECHS.BMP,4,,56,49,btech_small_mech_sprite_candidate,2,packed_4bpp_high_low_nibbles,12348,,research/extract/rendered_btech_bmp_png_display/SM_MECHS/SM_MECHS_004_56x49.png,280,294,4,469baabc94c762c364c16a67386f3c31c2e0fabf1333610c0f0bf8f8a4d3d88c,3072,688bf3a104e9df42d1a90f27daa822bf225342007ab42b74cf9047628c71f522,Original/SM_MECHS.BMP,research/extract/rendered_btech_bmp_png_display/SM_MECHS/render_manifest.json
btech_tagged_bmp,SM_MECHS.BMP,5,,56,49,btech_small_mech_sprite_candidate,2,packed_4bpp_high_low_nibbles,12348,,research/extract/rendered_btech_bmp_png_display/SM_MECHS/SM_MECHS_005_56x49.png,280,294,4,63644a105735b0d18597cf8891a72c6efce1c7269da351d0217891727d66915e,3072,688bf3a104e9df42d1a90f27daa822bf225342007ab42b74cf9047628c71f522,Original/SM_MECHS.BMP,research/extract/rendered_btech_bmp_png_display/SM_MECHS/render_manifest.json
btech_tagged_bmp,SM_MECHS.BMP,6,,56,49,btech_small_mech_sprite_candidate,2,packed_4bpp_high_low_nibbles,12348,,research/extract/rendered_btech_bmp_png_display/SM_MECHS/SM_MECHS_006_56x49.png,280,294,4,c337b9eb5202320c9227b6c7713ff643c509e09c5e6e6f7c9af63ece9187380a,3072,688bf3a104e9df42d1a90f27daa822bf225342007ab42b74cf9047628c71f522,Original/SM_MECHS.BMP,research/extract/rendered_btech_bmp_png_display/SM_MECHS/render_manifest.json
btech_tagged_bmp,SM_MECHS.BMP,7,,56,49,btech_small_mech_sprite_candidate,2,packed_4bpp_high_low_nibbles,12348,,research/extract/rendered_btech_bmp_png_display/SM_MECHS/SM_MECHS_007_56x49.png,280,294,4,f89435962b84dca27e26847b0d2d52203dd56b89b74a825db4ad9cf8895e0482,3072,688bf3a104e9df42d1a90f27daa822bf225342007ab42b74cf9047628c71f522,Original/SM_MECHS.BMP,research/extract/rendered_btech_bmp_png_display/SM_MECHS/render_manifest.json
btech_tagged_bmp,SM_MECHS.BMP,8,,56,49,btech_small_mech_sprite_candidate,2,packed_4bpp_high_low_nibbles,12348,,research/extract/rendered_btech_bmp_png_display/SM_MECHS/SM_MECHS_008_56x49.png,280,294,6,e4d694d20ccc861c3088c2dc89903dd935386028e7cde46eb392f964e129976a,3072,688bf3a104e9df42d1a90f27daa822bf225342007ab42b74cf9047628c71f522,Original/SM_MECHS.BMP,research/extract/rendered_btech_bmp_png_display/SM_MECHS/render_manifest.json
btech_tagged_bmp,STRUTS.BMP,0,,24,15,small_sprite_or_icon_candidate,2,packed_4bpp_high_low_nibbles,3404,,research/extract/rendered_btech_bmp_png_display/STRUTS/STRUTS_000_24x15.png,120,90,6,7ea6b7f6b623c5fa54089d5da97f72a3587078fa9a61f9eb5d03fcaf7e4c7615,1135,a2b9d2cd714d8d9573fae54703a13cdf32c77c3c7bb5115c0ae987bba98fd9db,Original/STRUTS.BMP,research/extract/rendered_btech_bmp_png_display/STRUTS/render_manifest.json
btech_tagged_bmp,STRUTS.BMP,1,,24,15,small_sprite_or_icon_candidate,2,packed_4bpp_high_low_nibbles,3404,,research/extract/rendered_btech_bmp_png_display/STRUTS/STRUTS_001_24x15.png,120,90,6,de752e821bf2eef31d43c7df94c6d061212e968b932784b2248090ba281156c2,1135,a2b9d2cd714d8d9573fae54703a13cdf32c77c3c7bb5115c0ae987bba98fd9db,Original/STRUTS.BMP,research/extract/rendered_btech_bmp_png_display/STRUTS/render_manifest.json
btech_tagged_bmp,STRUTS.BMP,10,,32,28,small_sprite_or_icon_candidate,2,packed_4bpp_high_low_nibbles,3404,,research/extract/rendered_btech_bmp_png_display/STRUTS/STRUTS_010_32x28.png,160,168,7,ccca66bdef17a703cde9fc48f0cc3a2ff65eefd8f9e85b83e1573f0ccae7228c,1135,a2b9d2cd714d8d9573fae54703a13cdf32c77c3c7bb5115c0ae987bba98fd9db,Original/STRUTS.BMP,research/extract/rendered_btech_bmp_png_display/STRUTS/render_manifest.json
btech_tagged_bmp,STRUTS.BMP,11,,104,3,unclassified,2,packed_4bpp_high_low_nibbles,3404,,research/extract/rendered_btech_bmp_png_display/STRUTS/STRUTS_011_104x3.png,520,18,4,07b8315614c49438716000a448d955c8da1c19273c8c72651cba8ee36eec513d,1135,a2b9d2cd714d8d9573fae54703a13cdf32c77c3c7bb5115c0ae987bba98fd9db,Original/STRUTS.BMP,research/extract/rendered_btech_bmp_png_display/STRUTS/render_manifest.json
btech_tagged_bmp,STRUTS.BMP,2,,40,30,small_sprite_or_icon_candidate,2,packed_4bpp_high_low_nibbles,3404,,research/extract/rendered_btech_bmp_png_display/STRUTS/STRUTS_002_40x30.png,200,180,7,4703021e2aa2584aeaf8be11994333dcac14f3e90887681862cacabd7e9336ff,1135,a2b9d2cd714d8d9573fae54703a13cdf32c77c3c7bb5115c0ae987bba98fd9db,Original/STRUTS.BMP,research/extract/rendered_btech_bmp_png_display/STRUTS/render_manifest.json
btech_tagged_bmp,STRUTS.BMP,3,,40,30,small_sprite_or_icon_candidate,2,packed_4bpp_high_low_nibbles,3404,,research/extract/rendered_btech_bmp_png_display/STRUTS/STRUTS_003_40x30.png,200,180,7,a10f13b6bb1f28cb98d21d8f8dcb824e2edfb2000fa4325d54f05ec6847d15ae,1135,a2b9d2cd714d8d9573fae54703a13cdf32c77c3c7bb5115c0ae987bba98fd9db,Original/STRUTS.BMP,research/extract/rendered_btech_bmp_png_display/STRUTS/render_manifest.json
btech_tagged_bmp,STRUTS.BMP,4,,80,9,small_sprite_or_icon_candidate,2,packed_4bpp_high_low_nibbles,3404,,research/extract/rendered_btech_bmp_png_display/STRUTS/STRUTS_004_80x9.png,400,54,6,fc84ba2893b2215dc35b3bfddfffd0f6881ee452ed2bf5310e6d904a31f8f76d,1135,a2b9d2cd714d8d9573fae54703a13cdf32c77c3c7bb5115c0ae987bba98fd9db,Original/STRUTS.BMP,research/extract/rendered_btech_bmp_png_display/STRUTS/render_manifest.json
btech_tagged_bmp,STRUTS.BMP,5,,16,14,small_sprite_or_icon_candidate,2,packed_4bpp_high_low_nibbles,3404,,research/extract/rendered_btech_bmp_png_display/STRUTS/STRUTS_005_16x14.png,80,84,5,18bd2e5cdd953f84f93b644249fab62c06f10fba02760765b31e3570e05952fe,1135,a2b9d2cd714d8d9573fae54703a13cdf32c77c3c7bb5115c0ae987bba98fd9db,Original/STRUTS.BMP,research/extract/rendered_btech_bmp_png_display/STRUTS/render_manifest.json
btech_tagged_bmp,STRUTS.BMP,6,,16,14,small_sprite_or_icon_candidate,2,packed_4bpp_high_low_nibbles,3404,,research/extract/rendered_btech_bmp_png_display/STRUTS/STRUTS_006_16x14.png,80,84,5,fd841e768f72b71aae3134d788cf802c154d30320ee2021343e92a34adcd9760,1135,a2b9d2cd714d8d9573fae54703a13cdf32c77c3c7bb5115c0ae987bba98fd9db,Original/STRUTS.BMP,research/extract/rendered_btech_bmp_png_display/STRUTS/render_manifest.json
btech_tagged_bmp,STRUTS.BMP,7,,16,14,small_sprite_or_icon_candidate,2,packed_4bpp_high_low_nibbles,3404,,research/extract/rendered_btech_bmp_png_display/STRUTS/STRUTS_007_16x14.png,80,84,5,578a90cb5ef9bd24068bcd543bf7c119f80ab063e5f94b32fa0e6fc829b102f8,1135,a2b9d2cd714d8d9573fae54703a13cdf32c77c3c7bb5115c0ae987bba98fd9db,Original/STRUTS.BMP,research/extract/rendered_btech_bmp_png_display/STRUTS/render_manifest.json
btech_tagged_bmp,STRUTS.BMP,8,,16,14,small_sprite_or_icon_candidate,2,packed_4bpp_high_low_nibbles,3404,,research/extract/rendered_btech_bmp_png_display/STRUTS/STRUTS_008_16x14.png,80,84,5,45e1125db493f8ed93eb2c7dbb4bfc97525d125e8d2d2de6955374e929db0aca,1135,a2b9d2cd714d8d9573fae54703a13cdf32c77c3c7bb5115c0ae987bba98fd9db,Original/STRUTS.BMP,research/extract/rendered_btech_bmp_png_display/STRUTS/render_manifest.json
btech_tagged_bmp,STRUTS.BMP,9,,32,27,small_sprite_or_icon_candidate,2,packed_4bpp_high_low_nibbles,3404,,research/extract/rendered_btech_bmp_png_display/STRUTS/STRUTS_009_32x27.png,160,162,7,b5d2a3e34907ee62b940643409bb729149038b38c443dd04486adaa142c46a80,1135,a2b9d2cd714d8d9573fae54703a13cdf32c77c3c7bb5115c0ae987bba98fd9db,Original/STRUTS.BMP,research/extract/rendered_btech_bmp_png_display/STRUTS/render_manifest.json
btech_tagged_bmp,WAR.BMP,0,,152,193,btech_mech_sprite_candidate,2,packed_4bpp_high_low_nibbles,14668,,research/extract/rendered_btech_bmp_png_display/WAR/WAR_000_152x193.png,760,1158,6,b6d88b65613c96a2968f5529f2470c792d558c07b20cdb46debd591cbd901185,3684,4a125cdc9fdd89258d8400ab9fbaf686c5f76ab747f5b5bc1a7ca906fbc0b9be,Original/WAR.BMP,research/extract/rendered_btech_bmp_png_display/WAR/render_manifest.json
btech_tagged_scr,HEAVY.SCR,0,,320,200,btech_fullscreen_scr,2,packed_4bpp_high_low_nibbles,32000,,research/extract/rendered_btech_scr_png_display/HEAVY/HEAVY_320x200.png,1600,1200,13,183d83d12be402b2ed3f4f2212b0b98583e651b364400afc98018db9f274b10e,3475,63e1d01f54befd1b455ab82d44d7b54041b92b8778aa38797f90c8e33e398985,Original/HEAVY.SCR,research/extract/rendered_btech_scr_png_display/HEAVY/render_manifest.json
btech_tagged_scr,LIGHT.SCR,0,,320,200,btech_fullscreen_scr,2,packed_4bpp_high_low_nibbles,32000,,research/extract/rendered_btech_scr_png_display/LIGHT/LIGHT_320x200.png,1600,1200,15,dfbd1d79949945a05c5e59c3d87f1a68fc3f676901eed442e6448ca33e69bfae,4703,8fb0dc101b92672967294e43cfca3a4016348a06a03bb57247cf881bbcc24d15,Original/LIGHT.SCR,research/extract/rendered_btech_scr_png_display/LIGHT/render_manifest.json
btech_tagged_scr,MAP.SCR,0,,320,200,btech_fullscreen_scr,2,packed_4bpp_high_low_nibbles,32000,,research/extract/rendered_btech_scr_png_display/MAP/MAP_320x200.png,1600,1200,15,498fefe303ca9aeba0ce056666ddb77f1de48cde26ea9967f080d539c118926b,3443,dee945718c3d03f666c93421640253372ae406eb7e500c595ebc68d2111f7874,Original/MAP.SCR,research/extract/rendered_btech_scr_png_display/MAP/render_manifest.json
btech_tagged_scr,MEDIUM.SCR,0,,320,200,btech_fullscreen_scr,2,packed_4bpp_high_low_nibbles,32000,,research/extract/rendered_btech_scr_png_display/MEDIUM/MEDIUM_320x200.png,1600,1200,14,53ea8064f860ee84e361df4b2607bed1df10b068bbe66778fba47054b2ead5fc,4159,c697f934facd5fe99b216c186950ea86eed46e4f146f2e225a54f3cff3a761e1,Original/MEDIUM.SCR,research/extract/rendered_btech_scr_png_display/MEDIUM/render_manifest.json
btech_tagged_scr,STATUS.SCR,0,,320,200,btech_fullscreen_scr,2,packed_4bpp_high_low_nibbles,32000,,research/extract/rendered_btech_scr_png_display/STATUS/STATUS_320x200.png,1600,1200,8,03ec5880bcef9f1723c931c5aa43c2ca52bc3f0f6fe799e6ca74bc603f0f6ab9,1593,32041ea193465e452733b62a558cf7e12f6eeb2f6836fb01cd7a89082097d6f9,Original/STATUS.SCR,research/extract/rendered_btech_scr_png_display/STATUS/render_manifest.json
font_glyph_sheet,6X6.FNT,0,,6,6,font_ascii_glyph_sheet,,,,,research/extract/rendered_fnt_png_display/6X6/6X6_6x6_96glyphs.png,768,288,2,7f7988df924073662661b07f57b2e9e7ed6b60ec744e78d0bc3b29c543e93718,580,c0df8daeec521175190e72eb1c868fcb9d2deee3359b480311b83dee3f5115cc,Original/6X6.FNT,research/extract/rendered_fnt_png_display/6X6/render_manifest.json
font_glyph_sheet,6X6B.FNT,0,,6,6,font_ascii_glyph_sheet,,,,,research/extract/rendered_fnt_png_display/6X6B/6X6B_6x6_96glyphs.png,768,288,2,197ba13219d7fed7f5cfffae074928bdf8175ef0479794fdd2bff564ce9b2718,588,f8e794e6c0484dd8d6c26563a753eb3931fe4cb04ba07f4e6f119c7ef632f2f3,Original/6X6B.FNT,research/extract/rendered_fnt_png_display/6X6B/render_manifest.json
font_glyph_sheet,8X8B.FNT,0,,8,8,font_ascii_glyph_sheet,,,,,research/extract/rendered_fnt_png_display/8X8B/8X8B_8x8_96glyphs.png,960,360,2,e5067e007e6769b2c6e93e556c26daa7df1ca8eadfba7a200de45c5bd45704ff,780,ee5e03776c73a5747f6e7d84789e6ef77df52a05e248fe504631c778adcf9003,Original/8X8B.FNT,research/extract/rendered_fnt_png_display/8X8B/render_manifest.json
font_glyph_sheet,FOX88.FNT,0,,8,8,font_ascii_glyph_sheet,,,,,research/extract/rendered_fnt_png_display/FOX88/FOX88_8x8_96glyphs.png,960,360,2,3fc569127bdb74be79bbc28de4438c013b83045f9ba765368843c96e4ad2712a,772,0a1d188c6f4eba381aa098a3474a888164392d9492ece3cba06cd05159a505e9,Original/FOX88.FNT,research/extract/rendered_fnt_png_display/FOX88/render_manifest.json
mw_pics_archive_entry,MW_1PICS.BIN,1,,320,200,mw_archive_fullscreen_background,mw_pics_nibble_rle,,,ega_default,research/extract/rendered_pics_bin_png_display/MW_1PICS/entry_001_320x200.png,1600,1200,12,caf9755b2711de10d794441e22130da7e1dbb0c0dc11e451c50dfa37d72aee5b,26662,803b4bdedbf48f5168393075f3e64821020dd51f1814070cc640e30869893a03,Original/MW_1PICS.BIN,research/extract/rendered_pics_bin_png_display/MW_1PICS/render_manifest.json
mw_pics_archive_entry,MW_1PICS.BIN,2,,320,200,mw_archive_fullscreen_background,mw_pics_nibble_rle,,,ega_default,research/extract/rendered_pics_bin_png_display/MW_1PICS/entry_002_320x200.png,1600,1200,14,806177efacfd23c84ba591498d4f02123e9fb5519b64f690f1d29d4dc494f9c8,26662,803b4bdedbf48f5168393075f3e64821020dd51f1814070cc640e30869893a03,Original/MW_1PICS.BIN,research/extract/rendered_pics_bin_png_display/MW_1PICS/render_manifest.json
mw_pics_archive_entry,MW_2PICS.BIN,1,,206,58,unclassified,mw_pics_nibble_rle,,,ega_default,research/extract/rendered_pics_bin_png_display/MW_2PICS/entry_001_206x58.png,1030,348,7,3c8efdfc8b1e17d2668ce5f4b51efa927f27498a10f1d49c0d3b824e15bdf8b9,21348,55ca122298548b28d73804c3510f9e95cf188f4abd93eb7b6bb3d083850057ea,Original/MW_2PICS.BIN,research/extract/rendered_pics_bin_png_display/MW_2PICS/render_manifest.json
mw_pics_archive_entry,MW_2PICS.BIN,2,,206,58,unclassified,mw_pics_nibble_rle,,,ega_default,research/extract/rendered_pics_bin_png_display/MW_2PICS/entry_002_206x58.png,1030,348,10,b432891d17185d56c564e8c1433b636d5117710016b9b8ce044587ffc4f8b75d,21348,55ca122298548b28d73804c3510f9e95cf188f4abd93eb7b6bb3d083850057ea,Original/MW_2PICS.BIN,research/extract/rendered_pics_bin_png_display/MW_2PICS/render_manifest.json
mw_pics_archive_entry,MW_2PICS.BIN,3,,206,58,unclassified,mw_pics_nibble_rle,,,ega_default,research/extract/rendered_pics_bin_png_display/MW_2PICS/entry_003_206x58.png,1030,348,10,df4d5d00d83f7c0dd0eceacae094f51b3735ce2b7070d9e8dd13b51fb51243b2,21348,55ca122298548b28d73804c3510f9e95cf188f4abd93eb7b6bb3d083850057ea,Original/MW_2PICS.BIN,research/extract/rendered_pics_bin_png_display/MW_2PICS/render_manifest.json
mw_pics_archive_entry,MW_2PICS.BIN,4,,206,58,unclassified,mw_pics_nibble_rle,,,ega_default,research/extract/rendered_pics_bin_png_display/MW_2PICS/entry_004_206x58.png,1030,348,10,6b62b8d49d9b1203d6e8c783aeaa942111e51f5f83db1d730417bd5e76013c4a,21348,55ca122298548b28d73804c3510f9e95cf188f4abd93eb7b6bb3d083850057ea,Original/MW_2PICS.BIN,research/extract/rendered_pics_bin_png_display/MW_2PICS/render_manifest.json
mw_pics_archive_entry,MW_2PICS.BIN,5,,206,58,unclassified,mw_pics_nibble_rle,,,ega_default,research/extract/rendered_pics_bin_png_display/MW_2PICS/entry_005_206x58.png,1030,348,10,c442e63da2ba7dcdf7e5c15c7d942faf8ad22e377b78989d905617b0a2a82def,21348,55ca122298548b28d73804c3510f9e95cf188f4abd93eb7b6bb3d083850057ea,Original/MW_2PICS.BIN,research/extract/rendered_pics_bin_png_display/MW_2PICS/render_manifest.json
mw_pics_archive_entry,MW_2PICS.BIN,6,,206,58,unclassified,mw_pics_nibble_rle,,,ega_default,research/extract/rendered_pics_bin_png_display/MW_2PICS/entry_006_206x58.png,1030,348,10,a88737a0f0a3e8a0bb0ff05c7faeb8661c77000ea410e66f67c57f4f550e5f65,21348,55ca122298548b28d73804c3510f9e95cf188f4abd93eb7b6bb3d083850057ea,Original/MW_2PICS.BIN,research/extract/rendered_pics_bin_png_display/MW_2PICS/render_manifest.json
mw_pics_archive_entry,MW_APICS.BIN,1,,286,97,unclassified,mw_pics_nibble_rle,,,ega_default,research/extract/rendered_pics_bin_png_display/MW_APICS/entry_001_286x97.png,1430,582,7,2d8a5c692631cb42ec5eaf1158f06396b37c0caaa5e9451ab39e6800faf2e19d,5013,de30de978c3caa0185ee3c27c278babe069b329718ede911e216ba5d95901aa2,Original/MW_APICS.BIN,research/extract/rendered_pics_bin_png_display/MW_APICS/render_manifest.json
mw_pics_archive_entry,MW_CPICS.BIN,1,,68,68,portrait_or_crew_icon_candidate,mw_pics_nibble_rle,,,ega_default,research/extract/rendered_pics_bin_png_display/MW_CPICS/entry_001_68x68.png,340,408,10,48a88cbe1dda2a0ea4e787a193eaa3512525764c0dd4e2ed4183bbcd397b6a69,30097,bd8b1421760d410f3104ae8de7febf6f0616f1fe56028f1057d0da9c9f9d5800,Original/MW_CPICS.BIN,research/extract/rendered_pics_bin_png_display/MW_CPICS/render_manifest.json
mw_pics_archive_entry,MW_CPICS.BIN,10,,68,68,portrait_or_crew_icon_candidate,mw_pics_nibble_rle,,,ega_default,research/extract/rendered_pics_bin_png_display/MW_CPICS/entry_010_68x68.png,340,408,9,e5d5751c43d5999075041f98b540c3aee8b4586e9d39226dd0dbd62603789504,30097,bd8b1421760d410f3104ae8de7febf6f0616f1fe56028f1057d0da9c9f9d5800,Original/MW_CPICS.BIN,research/extract/rendered_pics_bin_png_display/MW_CPICS/render_manifest.json
mw_pics_archive_entry,MW_CPICS.BIN,11,,68,68,portrait_or_crew_icon_candidate,mw_pics_nibble_rle,,,ega_default,research/extract/rendered_pics_bin_png_display/MW_CPICS/entry_011_68x68.png,340,408,10,40c8f02cb229f2b918d27b7974cec1be26ecd179e61fd4f0645c51493d2dd397,30097,bd8b1421760d410f3104ae8de7febf6f0616f1fe56028f1057d0da9c9f9d5800,Original/MW_CPICS.BIN,research/extract/rendered_pics_bin_png_display/MW_CPICS/render_manifest.json
mw_pics_archive_entry,MW_CPICS.BIN,12,,68,68,portrait_or_crew_icon_candidate,mw_pics_nibble_rle,,,ega_default,research/extract/rendered_pics_bin_png_display/MW_CPICS/entry_012_68x68.png,340,408,11,0de80217b7d399c3ccee3305ed016ce3fc6fc8a329c62c2d9ad6198b369c408d,30097,bd8b1421760d410f3104ae8de7febf6f0616f1fe56028f1057d0da9c9f9d5800,Original/MW_CPICS.BIN,research/extract/rendered_pics_bin_png_display/MW_CPICS/render_manifest.json
mw_pics_archive_entry,MW_CPICS.BIN,13,,68,68,portrait_or_crew_icon_candidate,mw_pics_nibble_rle,,,ega_default,research/extract/rendered_pics_bin_png_display/MW_CPICS/entry_013_68x68.png,340,408,10,24ff3adf282048f506f104a57bbd565e5d49f97e0f166118fea114b7f4136c1c,30097,bd8b1421760d410f3104ae8de7febf6f0616f1fe56028f1057d0da9c9f9d5800,Original/MW_CPICS.BIN,research/extract/rendered_pics_bin_png_display/MW_CPICS/render_manifest.json
mw_pics_archive_entry,MW_CPICS.BIN,14,,68,68,portrait_or_crew_icon_candidate,mw_pics_nibble_rle,,,ega_default,research/extract/rendered_pics_bin_png_display/MW_CPICS/entry_014_68x68.png,340,408,8,d2082b7ee58d13815f8d701c8b9e12b02979d702f3560d4775cabb02bc2fcf8a,30097,bd8b1421760d410f3104ae8de7febf6f0616f1fe56028f1057d0da9c9f9d5800,Original/MW_CPICS.BIN,research/extract/rendered_pics_bin_png_display/MW_CPICS/render_manifest.json
mw_pics_archive_entry,MW_CPICS.BIN,15,,68,68,portrait_or_crew_icon_candidate,mw_pics_nibble_rle,,,ega_default,research/extract/rendered_pics_bin_png_display/MW_CPICS/entry_015_68x68.png,340,408,9,04e7bfc8f922ecaa5aa0a28a28727dcba0b3cfd7321b5f429bda262f7470b9b7,30097,bd8b1421760d410f3104ae8de7febf6f0616f1fe56028f1057d0da9c9f9d5800,Original/MW_CPICS.BIN,research/extract/rendered_pics_bin_png_display/MW_CPICS/render_manifest.json
mw_pics_archive_entry,MW_CPICS.BIN,16,,68,68,portrait_or_crew_icon_candidate,mw_pics_nibble_rle,,,ega_default,research/extract/rendered_pics_bin_png_display/MW_CPICS/entry_016_68x68.png,340,408,8,5ef2c467f49c37096fcdff9a3dded504b70cd4ae2e03997a2f31f7b57312f347,30097,bd8b1421760d410f3104ae8de7febf6f0616f1fe56028f1057d0da9c9f9d5800,Original/MW_CPICS.BIN,research/extract/rendered_pics_bin_png_display/MW_CPICS/render_manifest.json
mw_pics_archive_entry,MW_CPICS.BIN,17,,68,69,portrait_or_crew_icon_candidate,mw_pics_nibble_rle,,,ega_default,research/extract/rendered_pics_bin_png_display/MW_CPICS/entry_017_68x69.png,340,414,9,e67c3494b0fedbf217de328a800fd7491820eab2e57c9281db8c4ce2dcb8d345,30097,bd8b1421760d410f3104ae8de7febf6f0616f1fe56028f1057d0da9c9f9d5800,Original/MW_CPICS.BIN,research/extract/rendered_pics_bin_png_display/MW_CPICS/render_manifest.json
mw_pics_archive_entry,MW_CPICS.BIN,18,,68,68,portrait_or_crew_icon_candidate,mw_pics_nibble_rle,,,ega_default,research/extract/rendered_pics_bin_png_display/MW_CPICS/entry_018_68x68.png,340,408,8,f7f762aaeaadcbc8a5c8051d8ee2e068a9d1bbd862004e7bd45f6a7656554271,30097,bd8b1421760d410f3104ae8de7febf6f0616f1fe56028f1057d0da9c9f9d5800,Original/MW_CPICS.BIN,research/extract/rendered_pics_bin_png_display/MW_CPICS/render_manifest.json
mw_pics_archive_entry,MW_CPICS.BIN,19,,68,68,portrait_or_crew_icon_candidate,mw_pics_nibble_rle,,,ega_default,research/extract/rendered_pics_bin_png_display/MW_CPICS/entry_019_68x68.png,340,408,7,7b8b55240464b4f0778b85f091d053ae713ade07cb0342453b96b2dec35e74f9,30097,bd8b1421760d410f3104ae8de7febf6f0616f1fe56028f1057d0da9c9f9d5800,Original/MW_CPICS.BIN,research/extract/rendered_pics_bin_png_display/MW_CPICS/render_manifest.json
mw_pics_archive_entry,MW_CPICS.BIN,2,,68,68,portrait_or_crew_icon_candidate,mw_pics_nibble_rle,,,ega_default,research/extract/rendered_pics_bin_png_display/MW_CPICS/entry_002_68x68.png,340,408,10,c80c99e90de042fa5b00aadcafca855b232e4e4eb05203f3fced7675ee36850e,30097,bd8b1421760d410f3104ae8de7febf6f0616f1fe56028f1057d0da9c9f9d5800,Original/MW_CPICS.BIN,research/extract/rendered_pics_bin_png_display/MW_CPICS/render_manifest.json
mw_pics_archive_entry,MW_CPICS.BIN,20,,68,68,portrait_or_crew_icon_candidate,mw_pics_nibble_rle,,,ega_default,research/extract/rendered_pics_bin_png_display/MW_CPICS/entry_020_68x68.png,340,408,8,9eae93ff2cd51dff093a8b4ad509b3807cf88d793713d961ee410367dd39fe44,30097,bd8b1421760d410f3104ae8de7febf6f0616f1fe56028f1057d0da9c9f9d5800,Original/MW_CPICS.BIN,research/extract/rendered_pics_bin_png_display/MW_CPICS/render_manifest.json
mw_pics_archive_entry,MW_CPICS.BIN,21,,68,68,portrait_or_crew_icon_candidate,mw_pics_nibble_rle,,,ega_default,research/extract/rendered_pics_bin_png_display/MW_CPICS/entry_021_68x68.png,340,408,11,65a6456677e96e17f576194a6070bf2e524f9dd38d2bb84e0535f6197b4662ae,30097,bd8b1421760d410f3104ae8de7febf6f0616f1fe56028f1057d0da9c9f9d5800,Original/MW_CPICS.BIN,research/extract/rendered_pics_bin_png_display/MW_CPICS/render_manifest.json
mw_pics_archive_entry,MW_CPICS.BIN,22,,68,68,portrait_or_crew_icon_candidate,mw_pics_nibble_rle,,,ega_default,research/extract/rendered_pics_bin_png_display/MW_CPICS/entry_022_68x68.png,340,408,9,67c34f3ac2dfdfd7001f4a931ad78c75f9fefb1d370d5e9596cab8e874c4f134,30097,bd8b1421760d410f3104ae8de7febf6f0616f1fe56028f1057d0da9c9f9d5800,Original/MW_CPICS.BIN,research/extract/rendered_pics_bin_png_display/MW_CPICS/render_manifest.json
mw_pics_archive_entry,MW_CPICS.BIN,23,,49,7,small_sprite_or_icon_candidate,mw_pics_nibble_rle,,,ega_default,research/extract/rendered_pics_bin_png_display/MW_CPICS/entry_023_49x7.png,245,42,8,e9fc11aa8a07385eaf9e2c0f232580d2787a9546af96a5287fb64656eb912352,30097,bd8b1421760d410f3104ae8de7febf6f0616f1fe56028f1057d0da9c9f9d5800,Original/MW_CPICS.BIN,research/extract/rendered_pics_bin_png_display/MW_CPICS/render_manifest.json
mw_pics_archive_entry,MW_CPICS.BIN,24,,49,7,small_sprite_or_icon_candidate,mw_pics_nibble_rle,,,ega_default,research/extract/rendered_pics_bin_png_display/MW_CPICS/entry_024_49x7.png,245,42,8,7befff2a955261a279c773cd4f1408ced08486658f60f58ea8e8a5424ed8e805,30097,bd8b1421760d410f3104ae8de7febf6f0616f1fe56028f1057d0da9c9f9d5800,Original/MW_CPICS.BIN,research/extract/rendered_pics_bin_png_display/MW_CPICS/render_manifest.json
mw_pics_archive_entry,MW_CPICS.BIN,25,,49,7,small_sprite_or_icon_candidate,mw_pics_nibble_rle,,,ega_default,research/extract/rendered_pics_bin_png_display/MW_CPICS/entry_025_49x7.png,245,42,8,65dcbd3f75b85f3d01b3e31427ed36b70d198a8125b25028208208a4fe49887c,30097,bd8b1421760d410f3104ae8de7febf6f0616f1fe56028f1057d0da9c9f9d5800,Original/MW_CPICS.BIN,research/extract/rendered_pics_bin_png_display/MW_CPICS/render_manifest.json
mw_pics_archive_entry,MW_CPICS.BIN,26,,44,68,small_sprite_or_icon_candidate,mw_pics_nibble_rle,,,ega_default,research/extract/rendered_pics_bin_png_display/MW_CPICS/entry_026_44x68.png,220,408,4,061a8612bd5da41f7be29aa0594d9f4c65b7a21039bbfff62f911570e3ff2c6a,30097,bd8b1421760d410f3104ae8de7febf6f0616f1fe56028f1057d0da9c9f9d5800,Original/MW_CPICS.BIN,research/extract/rendered_pics_bin_png_display/MW_CPICS/render_manifest.json
mw_pics_archive_entry,MW_CPICS.BIN,3,,68,68,portrait_or_crew_icon_candidate,mw_pics_nibble_rle,,,ega_default,research/extract/rendered_pics_bin_png_display/MW_CPICS/entry_003_68x68.png,340,408,10,89dc3d1411291b66c6df40488314d46866cb4eb3af7d103d002344bee76b2eca,30097,bd8b1421760d410f3104ae8de7febf6f0616f1fe56028f1057d0da9c9f9d5800,Original/MW_CPICS.BIN,research/extract/rendered_pics_bin_png_display/MW_CPICS/render_manifest.json
mw_pics_archive_entry,MW_CPICS.BIN,4,,68,68,portrait_or_crew_icon_candidate,mw_pics_nibble_rle,,,ega_default,research/extract/rendered_pics_bin_png_display/MW_CPICS/entry_004_68x68.png,340,408,10,f1a71144d98340624d5ce9fa1ad0b20b0aed5abc986bfb6530333ed2ff08ff56,30097,bd8b1421760d410f3104ae8de7febf6f0616f1fe56028f1057d0da9c9f9d5800,Original/MW_CPICS.BIN,research/extract/rendered_pics_bin_png_display/MW_CPICS/render_manifest.json
mw_pics_archive_entry,MW_CPICS.BIN,5,,68,68,portrait_or_crew_icon_candidate,mw_pics_nibble_rle,,,ega_default,research/extract/rendered_pics_bin_png_display/MW_CPICS/entry_005_68x68.png,340,408,11,cd9532bac7217d4af79e1c080b191b4358c16facf896695cc31d50af4096484a,30097,bd8b1421760d410f3104ae8de7febf6f0616f1fe56028f1057d0da9c9f9d5800,Original/MW_CPICS.BIN,research/extract/rendered_pics_bin_png_display/MW_CPICS/render_manifest.json
mw_pics_archive_entry,MW_CPICS.BIN,6,,68,68,portrait_or_crew_icon_candidate,mw_pics_nibble_rle,,,ega_default,research/extract/rendered_pics_bin_png_display/MW_CPICS/entry_006_68x68.png,340,408,11,cc6e3036df0d553e2ab3646eb087d74702fac9d3fb17d94ea5a3fd94822a82a7,30097,bd8b1421760d410f3104ae8de7febf6f0616f1fe56028f1057d0da9c9f9d5800,Original/MW_CPICS.BIN,research/extract/rendered_pics_bin_png_display/MW_CPICS/render_manifest.json
mw_pics_archive_entry,MW_CPICS.BIN,7,,68,68,portrait_or_crew_icon_candidate,mw_pics_nibble_rle,,,ega_default,research/extract/rendered_pics_bin_png_display/MW_CPICS/entry_007_68x68.png,340,408,8,09ad53f4f87ca91dd31adbcaa5591b6e78ced9ee1679691bd6be6d9a00a299cd,30097,bd8b1421760d410f3104ae8de7febf6f0616f1fe56028f1057d0da9c9f9d5800,Original/MW_CPICS.BIN,research/extract/rendered_pics_bin_png_display/MW_CPICS/render_manifest.json
mw_pics_archive_entry,MW_CPICS.BIN,8,,68,68,portrait_or_crew_icon_candidate,mw_pics_nibble_rle,,,ega_default,research/extract/rendered_pics_bin_png_display/MW_CPICS/entry_008_68x68.png,340,408,10,e015cb8349c0482e9edf06524d42f2955dc16d3bfab1a186eba70ecdaa43a805,30097,bd8b1421760d410f3104ae8de7febf6f0616f1fe56028f1057d0da9c9f9d5800,Original/MW_CPICS.BIN,research/extract/rendered_pics_bin_png_display/MW_CPICS/render_manifest.json
mw_pics_archive_entry,MW_CPICS.BIN,9,,68,68,portrait_or_crew_icon_candidate,mw_pics_nibble_rle,,,ega_default,research/extract/rendered_pics_bin_png_display/MW_CPICS/entry_009_68x68.png,340,408,12,34e38956f50efee80b796600f3b837f387ead2ccce16bcba5be828f4f2464761,30097,bd8b1421760d410f3104ae8de7febf6f0616f1fe56028f1057d0da9c9f9d5800,Original/MW_CPICS.BIN,research/extract/rendered_pics_bin_png_display/MW_CPICS/render_manifest.json
mw_pics_archive_entry,MW_FPICS.BIN,1,,72,35,small_sprite_or_icon_candidate,mw_pics_nibble_rle,,,ega_default,research/extract/rendered_pics_bin_png_display/MW_FPICS/entry_001_72x35.png,360,210,15,0c2b151f2bbc955c71bea8053008d1938fd53194216ad48bf3e51d522902fcb7,13644,25f711906b33e00eb1051b7b57ce432160607f527f4df1417a46410eec37028b,Original/MW_FPICS.BIN,research/extract/rendered_pics_bin_png_display/MW_FPICS/render_manifest.json
mw_pics_archive_entry,MW_FPICS.BIN,2,,101,48,unclassified,mw_pics_nibble_rle,,,ega_default,research/extract/rendered_pics_bin_png_display/MW_FPICS/entry_002_101x48.png,505,288,15,92bc7376f7754ec7bcfcf1a5aab4c7c52d89e2f7e340b48824113effc1b7736d,13644,25f711906b33e00eb1051b7b57ce432160607f527f4df1417a46410eec37028b,Original/MW_FPICS.BIN,research/extract/rendered_pics_bin_png_display/MW_FPICS/render_manifest.json
mw_pics_archive_entry,MW_FPICS.BIN,3,,131,63,unclassified,mw_pics_nibble_rle,,,ega_default,research/extract/rendered_pics_bin_png_display/MW_FPICS/entry_003_131x63.png,655,378,15,83b8a566f72c4b618ab5cbf72637e24190343389a4fbf52d92413d3fd3b7bc38,13644,25f711906b33e00eb1051b7b57ce432160607f527f4df1417a46410eec37028b,Original/MW_FPICS.BIN,research/extract/rendered_pics_bin_png_display/MW_FPICS/render_manifest.json
mw_pics_archive_entry,MW_FPICS.BIN,4,,157,75,unclassified,mw_pics_nibble_rle,,,ega_default,research/extract/rendered_pics_bin_png_display/MW_FPICS/entry_004_157x75.png,785,450,15,d690fd4aa379622df7d678d267ad66be8dea147a71a3f812a2281d8ee7fcb067,13644,25f711906b33e00eb1051b7b57ce432160607f527f4df1417a46410eec37028b,Original/MW_FPICS.BIN,research/extract/rendered_pics_bin_png_display/MW_FPICS/render_manifest.json
mw_pics_archive_entry,MW_FPICS.BIN,5,,203,98,unclassified,mw_pics_nibble_rle,,,ega_default,research/extract/rendered_pics_bin_png_display/MW_FPICS/entry_005_203x98.png,1015,588,15,332b3d775869b5930731a661ed95e8fb1e2871ff0f774aca0e6e5c73b37b756f,13644,25f711906b33e00eb1051b7b57ce432160607f527f4df1417a46410eec37028b,Original/MW_FPICS.BIN,research/extract/rendered_pics_bin_png_display/MW_FPICS/render_manifest.json
mw_pics_archive_entry,MW_FPICS.BIN,6,,243,61,unclassified,mw_pics_nibble_rle,,,ega_default,research/extract/rendered_pics_bin_png_display/MW_FPICS/entry_006_243x61.png,1215,366,15,c3d2578f209b5c2053e74e7b8f7aa6d7984f319c38cc98eb8db2d5f22c440908,13644,25f711906b33e00eb1051b7b57ce432160607f527f4df1417a46410eec37028b,Original/MW_FPICS.BIN,research/extract/rendered_pics_bin_png_display/MW_FPICS/render_manifest.json
mw_pics_archive_entry,MW_FPICS.BIN,7,,43,59,small_sprite_or_icon_candidate,mw_pics_nibble_rle,,,ega_default,research/extract/rendered_pics_bin_png_display/MW_FPICS/entry_007_43x59.png,215,354,11,432c526377de5cb765df704cc0f2d7f55a6634ce7171876235a4e64ea0a9d442,13644,25f711906b33e00eb1051b7b57ce432160607f527f4df1417a46410eec37028b,Original/MW_FPICS.BIN,research/extract/rendered_pics_bin_png_display/MW_FPICS/render_manifest.json
mw_pics_archive_entry,MW_FPICS.BIN,8,,43,59,small_sprite_or_icon_candidate,mw_pics_nibble_rle,,,ega_default,research/extract/rendered_pics_bin_png_display/MW_FPICS/entry_008_43x59.png,215,354,11,3bcad436d0bab0c5defb01c782cbe51786ac311547dba381a2ef3dd7ff78b203,13644,25f711906b33e00eb1051b7b57ce432160607f527f4df1417a46410eec37028b,Original/MW_FPICS.BIN,research/extract/rendered_pics_bin_png_display/MW_FPICS/render_manifest.json
mw_pics_archive_entry,MW_FPICS.BIN,9,,320,17,unclassified,mw_pics_nibble_rle,,,ega_default,research/extract/rendered_pics_bin_png_display/MW_FPICS/entry_009_320x17.png,1600,102,13,2aa525ca53630f0aa83b14769b3274b660bda9ae7ee1ee3f62ab768e79100048,13644,25f711906b33e00eb1051b7b57ce432160607f527f4df1417a46410eec37028b,Original/MW_FPICS.BIN,research/extract/rendered_pics_bin_png_display/MW_FPICS/render_manifest.json
mw_pics_archive_entry,MW_GPICS.BIN,1,,18,20,small_sprite_or_icon_candidate,mw_pics_nibble_rle,,,ega_default,research/extract/rendered_pics_bin_png_display/MW_GPICS/entry_001_18x20.png,90,120,5,eef711acd659573d9b488d2c966bc4a7adbdd64623abf63ebf0b67851257adde,18846,db31ff5880315b78bdeaaa6f2af69195856c79873a23b96bd69566b13749cd6a,Original/MW_GPICS.BIN,research/extract/rendered_pics_bin_png_display/MW_GPICS/render_manifest.json
mw_pics_archive_entry,MW_GPICS.BIN,10,,38,44,small_sprite_or_icon_candidate,mw_pics_nibble_rle,,,ega_default,research/extract/rendered_pics_bin_png_display/MW_GPICS/entry_010_38x44.png,190,264,6,b7b38085c5f54c18647ae1264bd9837063eedd92723e274b4c32d0cec0397b64,18846,db31ff5880315b78bdeaaa6f2af69195856c79873a23b96bd69566b13749cd6a,Original/MW_GPICS.BIN,research/extract/rendered_pics_bin_png_display/MW_GPICS/render_manifest.json
mw_pics_archive_entry,MW_GPICS.BIN,11,,38,44,small_sprite_or_icon_candidate,mw_pics_nibble_rle,,,ega_default,research/extract/rendered_pics_bin_png_display/MW_GPICS/entry_011_38x44.png,190,264,9,3b1711557655cc24a90e0c6fc2e53eafa01c36c8625602c2b9808a320288f8c4,18846,db31ff5880315b78bdeaaa6f2af69195856c79873a23b96bd69566b13749cd6a,Original/MW_GPICS.BIN,research/extract/rendered_pics_bin_png_display/MW_GPICS/render_manifest.json
mw_pics_archive_entry,MW_GPICS.BIN,12,,320,23,unclassified,mw_pics_nibble_rle,,,ega_default,research/extract/rendered_pics_bin_png_display/MW_GPICS/entry_012_320x23.png,1600,138,8,bde12765ba6f600a578d513a515c024355ec682c3b455086285c4917bc4d972c,18846,db31ff5880315b78bdeaaa6f2af69195856c79873a23b96bd69566b13749cd6a,Original/MW_GPICS.BIN,research/extract/rendered_pics_bin_png_display/MW_GPICS/render_manifest.json
mw_pics_archive_entry,MW_GPICS.BIN,13,,5,5,small_sprite_or_icon_candidate,mw_pics_nibble_rle,,,ega_default,research/extract/rendered_pics_bin_png_display/MW_GPICS/entry_013_5x5.png,25,30,2,f083d3266a5f9bf22a9131519ce5a7c1c658e0b2e83c18b4bf03c96e39e8f010,18846,db31ff5880315b78bdeaaa6f2af69195856c79873a23b96bd69566b13749cd6a,Original/MW_GPICS.BIN,research/extract/rendered_pics_bin_png_display/MW_GPICS/render_manifest.json
mw_pics_archive_entry,MW_GPICS.BIN,14,,60,35,small_sprite_or_icon_candidate,mw_pics_nibble_rle,,,ega_default,research/extract/rendered_pics_bin_png_display/MW_GPICS/entry_014_60x35.png,300,210,6,a163d061ebac22767b48c5c4c27d98622808a00e4328ecbd0036b93ae4c19f00,18846,db31ff5880315b78bdeaaa6f2af69195856c79873a23b96bd69566b13749cd6a,Original/MW_GPICS.BIN,research/extract/rendered_pics_bin_png_display/MW_GPICS/render_manifest.json
mw_pics_archive_entry,MW_GPICS.BIN,15,,60,35,small_sprite_or_icon_candidate,mw_pics_nibble_rle,,,ega_default,research/extract/rendered_pics_bin_png_display/MW_GPICS/entry_015_60x35.png,300,210,6,037d1a81a49a9f8e77b1811fcc330d74bb04ffab33c90b92a42e5f8220a42f98,18846,db31ff5880315b78bdeaaa6f2af69195856c79873a23b96bd69566b13749cd6a,Original/MW_GPICS.BIN,research/extract/rendered_pics_bin_png_display/MW_GPICS/render_manifest.json
mw_pics_archive_entry,MW_GPICS.BIN,16,,140,7,unclassified,mw_pics_nibble_rle,,,ega_default,research/extract/rendered_pics_bin_png_display/MW_GPICS/entry_016_140x7.png,700,42,4,6bc1f6e2d2c5899f3c2ae79ef1f3d929d9ba14f6dcac5b3d7078278d6ace90a9,18846,db31ff5880315b78bdeaaa6f2af69195856c79873a23b96bd69566b13749cd6a,Original/MW_GPICS.BIN,research/extract/rendered_pics_bin_png_display/MW_GPICS/render_manifest.json
mw_pics_archive_entry,MW_GPICS.BIN,17,,140,5,unclassified,mw_pics_nibble_rle,,,ega_default,research/extract/rendered_pics_bin_png_display/MW_GPICS/entry_017_140x5.png,700,30,4,591035ae90fdb63fa6c49b467b4a7adfee5752be2856c31baa9f86e6c1284dfd,18846,db31ff5880315b78bdeaaa6f2af69195856c79873a23b96bd69566b13749cd6a,Original/MW_GPICS.BIN,research/extract/rendered_pics_bin_png_display/MW_GPICS/render_manifest.json
mw_pics_archive_entry,MW_GPICS.BIN,18,,15,12,small_sprite_or_icon_candidate,mw_pics_nibble_rle,,,ega_default,research/extract/rendered_pics_bin_png_display/MW_GPICS/entry_018_15x12.png,75,72,6,0f8496b1f185be7426a906b4505e203d65b551208259c71c756592b948187ab8,18846,db31ff5880315b78bdeaaa6f2af69195856c79873a23b96bd69566b13749cd6a,Original/MW_GPICS.BIN,research/extract/rendered_pics_bin_png_display/MW_GPICS/render_manifest.json
mw_pics_archive_entry,MW_GPICS.BIN,19,,15,12,small_sprite_or_icon_candidate,mw_pics_nibble_rle,,,ega_default,research/extract/rendered_pics_bin_png_display/MW_GPICS/entry_019_15x12.png,75,72,6,fc3bbb4f139999309b88c5f6d7b2cac3b27b88e84d8c0933a9f1ca6214df4341,18846,db31ff5880315b78bdeaaa6f2af69195856c79873a23b96bd69566b13749cd6a,Original/MW_GPICS.BIN,research/extract/rendered_pics_bin_png_display/MW_GPICS/render_manifest.json
mw_pics_archive_entry,MW_GPICS.BIN,2,,18,20,small_sprite_or_icon_candidate,mw_pics_nibble_rle,,,ega_default,research/extract/rendered_pics_bin_png_display/MW_GPICS/entry_002_18x20.png,90,120,5,be086ccaa515f6b4890b60c32cc558972936e3abffedd11b86c6c396ce9b992c,18846,db31ff5880315b78bdeaaa6f2af69195856c79873a23b96bd69566b13749cd6a,Original/MW_GPICS.BIN,research/extract/rendered_pics_bin_png_display/MW_GPICS/render_manifest.json
mw_pics_archive_entry,MW_GPICS.BIN,20,,15,12,small_sprite_or_icon_candidate,mw_pics_nibble_rle,,,ega_default,research/extract/rendered_pics_bin_png_display/MW_GPICS/entry_020_15x12.png,75,72,6,97291195640ca6132e324455ebba25fe53b46d93ba109e8b59eb96b99c97e641,18846,db31ff5880315b78bdeaaa6f2af69195856c79873a23b96bd69566b13749cd6a,Original/MW_GPICS.BIN,research/extract/rendered_pics_bin_png_display/MW_GPICS/render_manifest.json
mw_pics_archive_entry,MW_GPICS.BIN,21,,15,12,small_sprite_or_icon_candidate,mw_pics_nibble_rle,,,ega_default,research/extract/rendered_pics_bin_png_display/MW_GPICS/entry_021_15x12.png,75,72,6,da44e1948be4d2b9bb03c9ed1c46d1743167a68b5fc492b1c2016ba46bbf7197,18846,db31ff5880315b78bdeaaa6f2af69195856c79873a23b96bd69566b13749cd6a,Original/MW_GPICS.BIN,research/extract/rendered_pics_bin_png_display/MW_GPICS/render_manifest.json
mw_pics_archive_entry,MW_GPICS.BIN,22,,64,4,small_sprite_or_icon_candidate,mw_pics_nibble_rle,,,ega_default,research/extract/rendered_pics_bin_png_display/MW_GPICS/entry_022_64x4.png,320,24,3,d27f6c31eed6950723fae3cf66a80e75d9a584488e613f983b8f4ca4e2b17557,18846,db31ff5880315b78bdeaaa6f2af69195856c79873a23b96bd69566b13749cd6a,Original/MW_GPICS.BIN,research/extract/rendered_pics_bin_png_display/MW_GPICS/render_manifest.json
mw_pics_archive_entry,MW_GPICS.BIN,23,,64,4,small_sprite_or_icon_candidate,mw_pics_nibble_rle,,,ega_default,research/extract/rendered_pics_bin_png_display/MW_GPICS/entry_023_64x4.png,320,24,3,c665766625993bb4e0f2d969551eb6f005e2f2363dad868ab4e5c0cbe5113dc2,18846,db31ff5880315b78bdeaaa6f2af69195856c79873a23b96bd69566b13749cd6a,Original/MW_GPICS.BIN,research/extract/rendered_pics_bin_png_display/MW_GPICS/render_manifest.json
mw_pics_archive_entry,MW_GPICS.BIN,24,,6,32,small_sprite_or_icon_candidate,mw_pics_nibble_rle,,,ega_default,research/extract/rendered_pics_bin_png_display/MW_GPICS/entry_024_6x32.png,30,192,3,70049337e05bbc7e63639752adcd30e35142f150324b18fd78cdfb78cabf9d9b,18846,db31ff5880315b78bdeaaa6f2af69195856c79873a23b96bd69566b13749cd6a,Original/MW_GPICS.BIN,research/extract/rendered_pics_bin_png_display/MW_GPICS/render_manifest.json
mw_pics_archive_entry,MW_GPICS.BIN,25,,6,32,small_sprite_or_icon_candidate,mw_pics_nibble_rle,,,ega_default,research/extract/rendered_pics_bin_png_display/MW_GPICS/entry_025_6x32.png,30,192,3,23925655110698a1fe6438bab47a3eb86a37fc7e4bf4bda7e61eadcad4db06c0,18846,db31ff5880315b78bdeaaa6f2af69195856c79873a23b96bd69566b13749cd6a,Original/MW_GPICS.BIN,research/extract/rendered_pics_bin_png_display/MW_GPICS/render_manifest.json
mw_pics_archive_entry,MW_GPICS.BIN,26,,38,44,small_sprite_or_icon_candidate,mw_pics_nibble_rle,,,ega_default,research/extract/rendered_pics_bin_png_display/MW_GPICS/entry_026_38x44.png,190,264,6,885405c8163420d10ce9c2a3dfc75398d349a9ad18eaf687a0f2d4e1739cd875,18846,db31ff5880315b78bdeaaa6f2af69195856c79873a23b96bd69566b13749cd6a,Original/MW_GPICS.BIN,research/extract/rendered_pics_bin_png_display/MW_GPICS/render_manifest.json
mw_pics_archive_entry,MW_GPICS.BIN,27,,38,44,small_sprite_or_icon_candidate,mw_pics_nibble_rle,,,ega_default,research/extract/rendered_pics_bin_png_display/MW_GPICS/entry_027_38x44.png,190,264,6,dd3c9b8879c43341abe48e7548c27b7f33478bab56869522a94ac6f6231ef6ed,18846,db31ff5880315b78bdeaaa6f2af69195856c79873a23b96bd69566b13749cd6a,Original/MW_GPICS.BIN,research/extract/rendered_pics_bin_png_display/MW_GPICS/render_manifest.json
mw_pics_archive_entry,MW_GPICS.BIN,28,,38,44,small_sprite_or_icon_candidate,mw_pics_nibble_rle,,,ega_default,research/extract/rendered_pics_bin_png_display/MW_GPICS/entry_028_38x44.png,190,264,10,f686b60a30333459bf139f4ccfc7d0a4ca1ae4ec354c800642c3b8c1a06d38f3,18846,db31ff5880315b78bdeaaa6f2af69195856c79873a23b96bd69566b13749cd6a,Original/MW_GPICS.BIN,research/extract/rendered_pics_bin_png_display/MW_GPICS/render_manifest.json
mw_pics_archive_entry,MW_GPICS.BIN,29,,38,44,small_sprite_or_icon_candidate,mw_pics_nibble_rle,,,ega_default,research/extract/rendered_pics_bin_png_display/MW_GPICS/entry_029_38x44.png,190,264,8,cd13d4be63382c2d13c8d50315bed14740efef5a809ee399fe01d0be4ba220a4,18846,db31ff5880315b78bdeaaa6f2af69195856c79873a23b96bd69566b13749cd6a,Original/MW_GPICS.BIN,research/extract/rendered_pics_bin_png_display/MW_GPICS/render_manifest.json
mw_pics_archive_entry,MW_GPICS.BIN,3,,19,17,small_sprite_or_icon_candidate,mw_pics_nibble_rle,,,ega_default,research/extract/rendered_pics_bin_png_display/MW_GPICS/entry_003_19x17.png,95,102,2,4961947eea0cc0812ce1d598fc498ed2feaae54e8a0ac192b1b4ae8f1e4fd5a2,18846,db31ff5880315b78bdeaaa6f2af69195856c79873a23b96bd69566b13749cd6a,Original/MW_GPICS.BIN,research/extract/rendered_pics_bin_png_display/MW_GPICS/render_manifest.json
mw_pics_archive_entry,MW_GPICS.BIN,30,,38,44,small_sprite_or_icon_candidate,mw_pics_nibble_rle,,,ega_default,research/extract/rendered_pics_bin_png_display/MW_GPICS/entry_030_38x44.png,190,264,8,0017e36229aec4fc4276305c190049473934b8372576f15784df5069ec911728,18846,db31ff5880315b78bdeaaa6f2af69195856c79873a23b96bd69566b13749cd6a,Original/MW_GPICS.BIN,research/extract/rendered_pics_bin_png_display/MW_GPICS/render_manifest.json
mw_pics_archive_entry,MW_GPICS.BIN,31,,40,32,small_sprite_or_icon_candidate,mw_pics_nibble_rle,,,ega_default,research/extract/rendered_pics_bin_png_display/MW_GPICS/entry_031_40x32.png,200,192,12,1fb1284d16dd9a95e3d919be9dd2c6d66e1ba513fd4208dd0702406f6b4a63ab,18846,db31ff5880315b78bdeaaa6f2af69195856c79873a23b96bd69566b13749cd6a,Original/MW_GPICS.BIN,research/extract/rendered_pics_bin_png_display/MW_GPICS/render_manifest.json
mw_pics_archive_entry,MW_GPICS.BIN,32,,40,32,small_sprite_or_icon_candidate,mw_pics_nibble_rle,,,ega_default,research/extract/rendered_pics_bin_png_display/MW_GPICS/entry_032_40x32.png,200,192,12,50d6c29e586a7e96a235e80839d8326806e03da5b3585615cb80ca41296730a8,18846,db31ff5880315b78bdeaaa6f2af69195856c79873a23b96bd69566b13749cd6a,Original/MW_GPICS.BIN,research/extract/rendered_pics_bin_png_display/MW_GPICS/render_manifest.json
mw_pics_archive_entry,MW_GPICS.BIN,33,,40,32,small_sprite_or_icon_candidate,mw_pics_nibble_rle,,,ega_default,research/extract/rendered_pics_bin_png_display/MW_GPICS/entry_033_40x32.png,200,192,11,027c11a98f6efc904a352e86a832bb3dfc942cb307851101a186ab5610efb529,18846,db31ff5880315b78bdeaaa6f2af69195856c79873a23b96bd69566b13749cd6a,Original/MW_GPICS.BIN,research/extract/rendered_pics_bin_png_display/MW_GPICS/render_manifest.json
mw_pics_archive_entry,MW_GPICS.BIN,34,,40,32,small_sprite_or_icon_candidate,mw_pics_nibble_rle,,,ega_default,research/extract/rendered_pics_bin_png_display/MW_GPICS/entry_034_40x32.png,200,192,9,08eb0bb4d6d42e79d9d993e33dfb47bbcc285b290a452d69345f24c526805da9,18846,db31ff5880315b78bdeaaa6f2af69195856c79873a23b96bd69566b13749cd6a,Original/MW_GPICS.BIN,research/extract/rendered_pics_bin_png_display/MW_GPICS/render_manifest.json
mw_pics_archive_entry,MW_GPICS.BIN,35,,76,21,small_sprite_or_icon_candidate,mw_pics_nibble_rle,,,ega_default,research/extract/rendered_pics_bin_png_display/MW_GPICS/entry_035_76x21.png,380,126,4,7f31541f10088b015f17e102db2a986bebd3165b7caa49d47a0471f48121b89e,18846,db31ff5880315b78bdeaaa6f2af69195856c79873a23b96bd69566b13749cd6a,Original/MW_GPICS.BIN,research/extract/rendered_pics_bin_png_display/MW_GPICS/render_manifest.json
mw_pics_archive_entry,MW_GPICS.BIN,36,,15,12,small_sprite_or_icon_candidate,mw_pics_nibble_rle,,,ega_default,research/extract/rendered_pics_bin_png_display/MW_GPICS/entry_036_15x12.png,75,72,4,cdbfcb358732f969ce2a90a2c2bddad8aeff7078cdb6be45ec36a1563b1911e1,18846,db31ff5880315b78bdeaaa6f2af69195856c79873a23b96bd69566b13749cd6a,Original/MW_GPICS.BIN,research/extract/rendered_pics_bin_png_display/MW_GPICS/render_manifest.json
mw_pics_archive_entry,MW_GPICS.BIN,37,,15,12,small_sprite_or_icon_candidate,mw_pics_nibble_rle,,,ega_default,research/extract/rendered_pics_bin_png_display/MW_GPICS/entry_037_15x12.png,75,72,5,99aebd584922ef93c49e923e16bdd49240ad3176f57d479bc52a7b381ede395e,18846,db31ff5880315b78bdeaaa6f2af69195856c79873a23b96bd69566b13749cd6a,Original/MW_GPICS.BIN,research/extract/rendered_pics_bin_png_display/MW_GPICS/render_manifest.json
mw_pics_archive_entry,MW_GPICS.BIN,38,,15,12,small_sprite_or_icon_candidate,mw_pics_nibble_rle,,,ega_default,research/extract/rendered_pics_bin_png_display/MW_GPICS/entry_038_15x12.png,75,72,5,c85b389e768fece055fdabd6959bd5b874bb44db644e42a7b6d82ffafadbdb18,18846,db31ff5880315b78bdeaaa6f2af69195856c79873a23b96bd69566b13749cd6a,Original/MW_GPICS.BIN,research/extract/rendered_pics_bin_png_display/MW_GPICS/render_manifest.json
mw_pics_archive_entry,MW_GPICS.BIN,39,,15,12,small_sprite_or_icon_candidate,mw_pics_nibble_rle,,,ega_default,research/extract/rendered_pics_bin_png_display/MW_GPICS/entry_039_15x12.png,75,72,4,b6b64f49cc23d4caffe3efebb50c92cfa2bb6533f710ba13f15534cedda71986,18846,db31ff5880315b78bdeaaa6f2af69195856c79873a23b96bd69566b13749cd6a,Original/MW_GPICS.BIN,research/extract/rendered_pics_bin_png_display/MW_GPICS/render_manifest.json
mw_pics_archive_entry,MW_GPICS.BIN,4,,145,35,unclassified,mw_pics_nibble_rle,,,ega_default,research/extract/rendered_pics_bin_png_display/MW_GPICS/entry_004_145x35.png,725,210,6,295a964801b559c8989dccd72757161f9e0094526ca18dd73bc6f2e57322de7b,18846,db31ff5880315b78bdeaaa6f2af69195856c79873a23b96bd69566b13749cd6a,Original/MW_GPICS.BIN,research/extract/rendered_pics_bin_png_display/MW_GPICS/render_manifest.json
mw_pics_archive_entry,MW_GPICS.BIN,40,,64,5,small_sprite_or_icon_candidate,mw_pics_nibble_rle,,,ega_default,research/extract/rendered_pics_bin_png_display/MW_GPICS/entry_040_64x5.png,320,30,2,af21a8f2b4e2cdc698458a7a7c58707f67fe7bf8c3bc6041f01896dcf6928887,18846,db31ff5880315b78bdeaaa6f2af69195856c79873a23b96bd69566b13749cd6a,Original/MW_GPICS.BIN,research/extract/rendered_pics_bin_png_display/MW_GPICS/render_manifest.json
mw_pics_archive_entry,MW_GPICS.BIN,41,,64,4,small_sprite_or_icon_candidate,mw_pics_nibble_rle,,,ega_default,research/extract/rendered_pics_bin_png_display/MW_GPICS/entry_041_64x4.png,320,24,2,9aa4eed3f886cbd99690a5fff258f9b82acd6872756d36b6bcada0bcc5b22d14,18846,db31ff5880315b78bdeaaa6f2af69195856c79873a23b96bd69566b13749cd6a,Original/MW_GPICS.BIN,research/extract/rendered_pics_bin_png_display/MW_GPICS/render_manifest.json
mw_pics_archive_entry,MW_GPICS.BIN,42,,6,32,small_sprite_or_icon_candidate,mw_pics_nibble_rle,,,ega_default,research/extract/rendered_pics_bin_png_display/MW_GPICS/entry_042_6x32.png,30,192,2,04b8a31f58ed3a4c4fe2208bb0cfada07d26bf5b4f720d75421d3df0b51ef24e,18846,db31ff5880315b78bdeaaa6f2af69195856c79873a23b96bd69566b13749cd6a,Original/MW_GPICS.BIN,research/extract/rendered_pics_bin_png_display/MW_GPICS/render_manifest.json
mw_pics_archive_entry,MW_GPICS.BIN,43,,6,32,small_sprite_or_icon_candidate,mw_pics_nibble_rle,,,ega_default,research/extract/rendered_pics_bin_png_display/MW_GPICS/entry_043_6x32.png,30,192,3,7869544b6c1f90e6e590871913f912cfa67a76c9859966fe5e73324da8ed2041,18846,db31ff5880315b78bdeaaa6f2af69195856c79873a23b96bd69566b13749cd6a,Original/MW_GPICS.BIN,research/extract/rendered_pics_bin_png_display/MW_GPICS/render_manifest.json
mw_pics_archive_entry,MW_GPICS.BIN,44,,320,23,unclassified,mw_pics_nibble_rle,,,ega_default,research/extract/rendered_pics_bin_png_display/MW_GPICS/entry_044_320x23.png,1600,138,6,6550ad9477653888ecf552b6752ab21fa7117f37766ad6c5cf4c1ceefdecde55,18846,db31ff5880315b78bdeaaa6f2af69195856c79873a23b96bd69566b13749cd6a,Original/MW_GPICS.BIN,research/extract/rendered_pics_bin_png_display/MW_GPICS/render_manifest.json
mw_pics_archive_entry,MW_GPICS.BIN,45,,29,154,unclassified,mw_pics_nibble_rle,,,ega_default,research/extract/rendered_pics_bin_png_display/MW_GPICS/entry_045_29x154.png,145,924,6,66b972240bbda2223de77085a0bb507ba898be2f3908e991341ab907b753bf24,18846,db31ff5880315b78bdeaaa6f2af69195856c79873a23b96bd69566b13749cd6a,Original/MW_GPICS.BIN,research/extract/rendered_pics_bin_png_display/MW_GPICS/render_manifest.json
mw_pics_archive_entry,MW_GPICS.BIN,46,,29,154,unclassified,mw_pics_nibble_rle,,,ega_default,research/extract/rendered_pics_bin_png_display/MW_GPICS/entry_046_29x154.png,145,924,6,a76505dd701e54dd08bbd28bc42a2c644e25700c59571eae10a0fd957ac649f6,18846,db31ff5880315b78bdeaaa6f2af69195856c79873a23b96bd69566b13749cd6a,Original/MW_GPICS.BIN,research/extract/rendered_pics_bin_png_display/MW_GPICS/render_manifest.json
mw_pics_archive_entry,MW_GPICS.BIN,5,,38,44,small_sprite_or_icon_candidate,mw_pics_nibble_rle,,,ega_default,research/extract/rendered_pics_bin_png_display/MW_GPICS/entry_005_38x44.png,190,264,6,0364310435a74d1546f6dadadc2eeec9727208d706e25225282ed0cb08d95b4b,18846,db31ff5880315b78bdeaaa6f2af69195856c79873a23b96bd69566b13749cd6a,Original/MW_GPICS.BIN,research/extract/rendered_pics_bin_png_display/MW_GPICS/render_manifest.json
mw_pics_archive_entry,MW_GPICS.BIN,6,,38,44,small_sprite_or_icon_candidate,mw_pics_nibble_rle,,,ega_default,research/extract/rendered_pics_bin_png_display/MW_GPICS/entry_006_38x44.png,190,264,11,048acfb10a15edcb5947aea931a552fcc0cce10da7884e418788f287fd2c37fa,18846,db31ff5880315b78bdeaaa6f2af69195856c79873a23b96bd69566b13749cd6a,Original/MW_GPICS.BIN,research/extract/rendered_pics_bin_png_display/MW_GPICS/render_manifest.json
mw_pics_archive_entry,MW_GPICS.BIN,7,,40,35,small_sprite_or_icon_candidate,mw_pics_nibble_rle,,,ega_default,research/extract/rendered_pics_bin_png_display/MW_GPICS/entry_007_40x35.png,200,210,2,a5d53155d04d46eaa067b078180594dc356b1aa3e396eeaafbdae7bb09201c53,18846,db31ff5880315b78bdeaaa6f2af69195856c79873a23b96bd69566b13749cd6a,Original/MW_GPICS.BIN,research/extract/rendered_pics_bin_png_display/MW_GPICS/render_manifest.json
mw_pics_archive_entry,MW_GPICS.BIN,8,,38,44,small_sprite_or_icon_candidate,mw_pics_nibble_rle,,,ega_default,research/extract/rendered_pics_bin_png_display/MW_GPICS/entry_008_38x44.png,190,264,9,9bdf9fd282ff936a8d92f17a15ac8e415068c77cba291a290965db6c17576eed,18846,db31ff5880315b78bdeaaa6f2af69195856c79873a23b96bd69566b13749cd6a,Original/MW_GPICS.BIN,research/extract/rendered_pics_bin_png_display/MW_GPICS/render_manifest.json
mw_pics_archive_entry,MW_GPICS.BIN,9,,38,44,small_sprite_or_icon_candidate,mw_pics_nibble_rle,,,ega_default,research/extract/rendered_pics_bin_png_display/MW_GPICS/entry_009_38x44.png,190,264,8,da161b525bed51af57045ab8c9544f7a71b895facce7ae0d33ecc004f47103f0,18846,db31ff5880315b78bdeaaa6f2af69195856c79873a23b96bd69566b13749cd6a,Original/MW_GPICS.BIN,research/extract/rendered_pics_bin_png_display/MW_GPICS/render_manifest.json
mw_pics_archive_entry,MW_TPICS.BIN,1,,320,200,mw_archive_fullscreen_background,mw_pics_nibble_rle,,,ega_default,research/extract/rendered_pics_bin_png_display/MW_TPICS/entry_001_320x200.png,1600,1200,12,66af8ad6243a79704c5a345fa0acdbe93aac38a568c1d50b1c08de0546a12fd3,32593,33f8ea2e502b740a19d8471c47781b2985508654f138ba346f4a9d97d8ef7c99,Original/MW_TPICS.BIN,research/extract/rendered_pics_bin_png_display/MW_TPICS/render_manifest.json
mw_pics_archive_entry,MW_TPICS.BIN,2,,320,200,mw_archive_fullscreen_background,mw_pics_nibble_rle,,,ega_default,research/extract/rendered_pics_bin_png_display/MW_TPICS/entry_002_320x200.png,1600,1200,15,9c65cd74c1eead539efdf7b383db24fcd7972df67d084a0a2a7f3ea12c9d9272,32593,33f8ea2e502b740a19d8471c47781b2985508654f138ba346f4a9d97d8ef7c99,Original/MW_TPICS.BIN,research/extract/rendered_pics_bin_png_display/MW_TPICS/render_manifest.json
mw_pics_raw_record,MW_PICS.BIN,128677,0x0001F6A5,320,200,mw_raw_fullscreen_background,mw_pics_nibble_rle,,498619,research/extract/pics_bin_entries/MW_GPICS/entry_000_off_0000012C_len_48.bin,research/extract/rendered_pics_raw_png_display/MW_PICS/raw_0001F6A5_320x200.png,1600,1200,16,16e40149ee8a6a1faa4c4cf9c1d13ee2022e5315f976ba4f5aad0cd02249ded8,328171,d11684f462a0af5f89a3c5f018c43f4e21b623ce012a74c9934571f093eccbce,Original/MW_PICS.BIN,research/extract/rendered_pics_raw_png_display/MW_PICS/render_manifest.json
mw_pics_raw_record,MW_PICS.BIN,32649,0x00007F89,320,200,mw_raw_fullscreen_background,mw_pics_nibble_rle,,498619,research/extract/pics_bin_entries/MW_GPICS/entry_000_off_0000012C_len_48.bin,research/extract/rendered_pics_raw_png_display/MW_PICS/raw_00007F89_320x200.png,1600,1200,15,87fc7f865a5c3ea6aed43f898e6028ba62ee7345feebe75c2f5de391426af25c,328171,d11684f462a0af5f89a3c5f018c43f4e21b623ce012a74c9934571f093eccbce,Original/MW_PICS.BIN,research/extract/rendered_pics_raw_png_display/MW_PICS/render_manifest.json
mw_pics_raw_record,MW_PICS.BIN,426197,0x000680D5,320,200,mw_raw_fullscreen_background,mw_pics_nibble_rle,,498619,research/extract/pics_bin_entries/MW_GPICS/entry_000_off_0000012C_len_48.bin,research/extract/rendered_pics_raw_png_display/MW_PICS/raw_000680D5_320x200.png,1600,1200,13,220159348934ab5cb8fb4c42cd01415d7aef060495bea785b01ed1ba7bf7a208,328171,d11684f462a0af5f89a3c5f018c43f4e21b623ce012a74c9934571f093eccbce,Original/MW_PICS.BIN,research/extract/rendered_pics_raw_png_display/MW_PICS/render_manifest.json
mw_pics_raw_record,MW_PICS.BIN,640,0x00000280,320,200,mw_raw_fullscreen_background,mw_pics_nibble_rle,,498619,research/extract/pics_bin_entries/MW_GPICS/entry_000_off_0000012C_len_48.bin,research/extract/rendered_pics_raw_png_display/MW_PICS/raw_00000280_320x200.png,1600,1200,14,6f7939fb56ec8447ecb35e0fffb35a643c27e44dbccd5d8e0c0479ff4953d696,328171,d11684f462a0af5f89a3c5f018c43f4e21b623ce012a74c9934571f093eccbce,Original/MW_PICS.BIN,research/extract/rendered_pics_raw_png_display/MW_PICS/render_manifest.json
mw_pics_raw_record,MW_PICS.BIN,64658,0x0000FC92,320,200,mw_raw_fullscreen_background,mw_pics_nibble_rle,,498619,research/extract/pics_bin_entries/MW_GPICS/entry_000_off_0000012C_len_48.bin,research/extract/rendered_pics_raw_png_display/MW_PICS/raw_0000FC92_320x200.png,1600,1200,12,1d9eb3f08bd0bed5fea14ffb3fb3588125e51946ba77b96d193be336a3819292,328171,d11684f462a0af5f89a3c5f018c43f4e21b623ce012a74c9934571f093eccbce,Original/MW_PICS.BIN,research/extract/rendered_pics_raw_png_display/MW_PICS/render_manifest.json
pck_recursive_ref_probe,JENPCK_TBL.decoded.bin,pck_object_0004,,192,192,pck_recursive_ref_diagnostic_probe,,,,,research/extract/rendered_pck_recursive_ref_probe/JENPCK_TBL/choice0_thr000/JENPCK_TBL_pck_object_0004_choice000_thr000_recursive_ref_probe.png,192,192,5,e6736f40765875249b80a7e06c26ef687d47e19b2ec549f7316274787dc0e384,38374,a25facf3a01ef2ab5b82f7c6c5c202ca1e0a6ddbe6b5d9bea46478de7257a8a7,research/extract/decoded_pck/JENPCK_TBL.decoded.bin,research/extract/rendered_pck_recursive_ref_probe/JENPCK_TBL/choice0_thr000/render_manifest.json
pck_recursive_ref_probe,JENPCK_TBL.decoded.bin,pck_object_0004,,192,192,pck_recursive_ref_diagnostic_probe,,,,,research/extract/rendered_pck_recursive_ref_probe/JENPCK_TBL/choice0_thr032/JENPCK_TBL_pck_object_0004_choice000_thr032_recursive_ref_probe.png,192,192,5,e6736f40765875249b80a7e06c26ef687d47e19b2ec549f7316274787dc0e384,38374,a25facf3a01ef2ab5b82f7c6c5c202ca1e0a6ddbe6b5d9bea46478de7257a8a7,research/extract/decoded_pck/JENPCK_TBL.decoded.bin,research/extract/rendered_pck_recursive_ref_probe/JENPCK_TBL/choice0_thr032/render_manifest.json
pck_recursive_ref_probe,JENPCK_TBL.decoded.bin,pck_object_0004,,192,192,pck_recursive_ref_diagnostic_probe,,,,,research/extract/rendered_pck_recursive_ref_probe/JENPCK_TBL/choice0_thr064/JENPCK_TBL_pck_object_0004_choice000_thr064_recursive_ref_probe.png,192,192,5,c7100cdaf780ec334acccd1c7962f6bafaa3f099828a7236cedfee206b156ec8,38374,a25facf3a01ef2ab5b82f7c6c5c202ca1e0a6ddbe6b5d9bea46478de7257a8a7,research/extract/decoded_pck/JENPCK_TBL.decoded.bin,research/extract/rendered_pck_recursive_ref_probe/JENPCK_TBL/choice0_thr064/render_manifest.json
pck_recursive_ref_probe,JENPCK_TBL.decoded.bin,pck_object_0004,,192,192,pck_recursive_ref_diagnostic_probe,,,,,research/extract/rendered_pck_recursive_ref_probe/JENPCK_TBL/choice0_thr096/JENPCK_TBL_pck_object_0004_choice000_thr096_recursive_ref_probe.png,192,192,5,c7100cdaf780ec334acccd1c7962f6bafaa3f099828a7236cedfee206b156ec8,38374,a25facf3a01ef2ab5b82f7c6c5c202ca1e0a6ddbe6b5d9bea46478de7257a8a7,research/extract/decoded_pck/JENPCK_TBL.decoded.bin,research/extract/rendered_pck_recursive_ref_probe/JENPCK_TBL/choice0_thr096/render_manifest.json
pck_recursive_ref_probe,JENPCK_TBL.decoded.bin,pck_object_0004,,192,192,pck_recursive_ref_diagnostic_probe,,,,,research/extract/rendered_pck_recursive_ref_probe/JENPCK_TBL/choice0_thr128/JENPCK_TBL_pck_object_0004_choice000_thr128_recursive_ref_probe.png,192,192,5,c7100cdaf780ec334acccd1c7962f6bafaa3f099828a7236cedfee206b156ec8,38374,a25facf3a01ef2ab5b82f7c6c5c202ca1e0a6ddbe6b5d9bea46478de7257a8a7,research/extract/decoded_pck/JENPCK_TBL.decoded.bin,research/extract/rendered_pck_recursive_ref_probe/JENPCK_TBL/choice0_thr128/render_manifest.json
pck_recursive_ref_probe,JENPCK_TBL.decoded.bin,pck_object_0004,,192,192,pck_recursive_ref_diagnostic_probe,,,,,research/extract/rendered_pck_recursive_ref_probe/JENPCK_TBL/choice0_thr160/JENPCK_TBL_pck_object_0004_choice000_thr160_recursive_ref_probe.png,192,192,5,c7100cdaf780ec334acccd1c7962f6bafaa3f099828a7236cedfee206b156ec8,38374,a25facf3a01ef2ab5b82f7c6c5c202ca1e0a6ddbe6b5d9bea46478de7257a8a7,research/extract/decoded_pck/JENPCK_TBL.decoded.bin,research/extract/rendered_pck_recursive_ref_probe/JENPCK_TBL/choice0_thr160/render_manifest.json
pck_recursive_ref_probe,JENPCK_TBL.decoded.bin,pck_object_0004,,192,192,pck_recursive_ref_diagnostic_probe,,,,,research/extract/rendered_pck_recursive_ref_probe/JENPCK_TBL/choice0_thr192/JENPCK_TBL_pck_object_0004_choice000_thr192_recursive_ref_probe.png,192,192,5,aebca40f1d2f6280bacce3fbb794b373d7b7bcc5aae2b52d30c0d36251e0b45d,38374,a25facf3a01ef2ab5b82f7c6c5c202ca1e0a6ddbe6b5d9bea46478de7257a8a7,research/extract/decoded_pck/JENPCK_TBL.decoded.bin,research/extract/rendered_pck_recursive_ref_probe/JENPCK_TBL/choice0_thr192/render_manifest.json
pck_recursive_ref_probe,JENPCK_TBL.decoded.bin,pck_object_0004,,192,192,pck_recursive_ref_diagnostic_probe,,,,,research/extract/rendered_pck_recursive_ref_probe/JENPCK_TBL/choice0_thr224/JENPCK_TBL_pck_object_0004_choice000_thr224_recursive_ref_probe.png,192,192,5,aebca40f1d2f6280bacce3fbb794b373d7b7bcc5aae2b52d30c0d36251e0b45d,38374,a25facf3a01ef2ab5b82f7c6c5c202ca1e0a6ddbe6b5d9bea46478de7257a8a7,research/extract/decoded_pck/JENPCK_TBL.decoded.bin,research/extract/rendered_pck_recursive_ref_probe/JENPCK_TBL/choice0_thr224/render_manifest.json
pck_recursive_ref_probe,JENPCK_TBL.decoded.bin,pck_object_0004,,192,192,pck_recursive_ref_diagnostic_probe,,,,,research/extract/rendered_pck_recursive_ref_probe/JENPCK_TBL_min0/choice0_thr000/JENPCK_TBL_pck_object_0004_choice000_thr000_recursive_ref_probe.png,192,192,5,e6736f40765875249b80a7e06c26ef687d47e19b2ec549f7316274787dc0e384,38374,a25facf3a01ef2ab5b82f7c6c5c202ca1e0a6ddbe6b5d9bea46478de7257a8a7,research/extract/decoded_pck/JENPCK_TBL.decoded.bin,research/extract/rendered_pck_recursive_ref_probe/JENPCK_TBL_min0/choice0_thr000/render_manifest.json
pck_recursive_ref_probe,JENPCK_TBL.decoded.bin,pck_object_0004,,192,192,pck_recursive_ref_diagnostic_probe,,,,,research/extract/rendered_pck_recursive_ref_probe/JENPCK_TBL_min0/choice0_thr032/JENPCK_TBL_pck_object_0004_choice000_thr032_recursive_ref_probe.png,192,192,5,e6736f40765875249b80a7e06c26ef687d47e19b2ec549f7316274787dc0e384,38374,a25facf3a01ef2ab5b82f7c6c5c202ca1e0a6ddbe6b5d9bea46478de7257a8a7,research/extract/decoded_pck/JENPCK_TBL.decoded.bin,research/extract/rendered_pck_recursive_ref_probe/JENPCK_TBL_min0/choice0_thr032/render_manifest.json
pck_recursive_ref_probe,JENPCK_TBL.decoded.bin,pck_object_0004,,192,192,pck_recursive_ref_diagnostic_probe,,,,,research/extract/rendered_pck_recursive_ref_probe/JENPCK_TBL_min0/choice0_thr064/JENPCK_TBL_pck_object_0004_choice000_thr064_recursive_ref_probe.png,192,192,5,c7100cdaf780ec334acccd1c7962f6bafaa3f099828a7236cedfee206b156ec8,38374,a25facf3a01ef2ab5b82f7c6c5c202ca1e0a6ddbe6b5d9bea46478de7257a8a7,research/extract/decoded_pck/JENPCK_TBL.decoded.bin,research/extract/rendered_pck_recursive_ref_probe/JENPCK_TBL_min0/choice0_thr064/render_manifest.json
pck_recursive_ref_probe,JENPCK_TBL.decoded.bin,pck_object_0004,,192,192,pck_recursive_ref_diagnostic_probe,,,,,research/extract/rendered_pck_recursive_ref_probe/JENPCK_TBL_min0/choice0_thr096/JENPCK_TBL_pck_object_0004_choice000_thr096_recursive_ref_probe.png,192,192,5,c7100cdaf780ec334acccd1c7962f6bafaa3f099828a7236cedfee206b156ec8,38374,a25facf3a01ef2ab5b82f7c6c5c202ca1e0a6ddbe6b5d9bea46478de7257a8a7,research/extract/decoded_pck/JENPCK_TBL.decoded.bin,research/extract/rendered_pck_recursive_ref_probe/JENPCK_TBL_min0/choice0_thr096/render_manifest.json
pck_recursive_ref_probe,JENPCK_TBL.decoded.bin,pck_object_0004,,192,192,pck_recursive_ref_diagnostic_probe,,,,,research/extract/rendered_pck_recursive_ref_probe/JENPCK_TBL_min0/choice0_thr128/JENPCK_TBL_pck_object_0004_choice000_thr128_recursive_ref_probe.png,192,192,5,c7100cdaf780ec334acccd1c7962f6bafaa3f099828a7236cedfee206b156ec8,38374,a25facf3a01ef2ab5b82f7c6c5c202ca1e0a6ddbe6b5d9bea46478de7257a8a7,research/extract/decoded_pck/JENPCK_TBL.decoded.bin,research/extract/rendered_pck_recursive_ref_probe/JENPCK_TBL_min0/choice0_thr128/render_manifest.json
pck_recursive_ref_probe,JENPCK_TBL.decoded.bin,pck_object_0004,,192,192,pck_recursive_ref_diagnostic_probe,,,,,research/extract/rendered_pck_recursive_ref_probe/JENPCK_TBL_min0/choice0_thr160/JENPCK_TBL_pck_object_0004_choice000_thr160_recursive_ref_probe.png,192,192,5,c7100cdaf780ec334acccd1c7962f6bafaa3f099828a7236cedfee206b156ec8,38374,a25facf3a01ef2ab5b82f7c6c5c202ca1e0a6ddbe6b5d9bea46478de7257a8a7,research/extract/decoded_pck/JENPCK_TBL.decoded.bin,research/extract/rendered_pck_recursive_ref_probe/JENPCK_TBL_min0/choice0_thr160/render_manifest.json
pck_recursive_ref_probe,JENPCK_TBL.decoded.bin,pck_object_0004,,192,192,pck_recursive_ref_diagnostic_probe,,,,,research/extract/rendered_pck_recursive_ref_probe/JENPCK_TBL_min0/choice0_thr192/JENPCK_TBL_pck_object_0004_choice000_thr192_recursive_ref_probe.png,192,192,5,aebca40f1d2f6280bacce3fbb794b373d7b7bcc5aae2b52d30c0d36251e0b45d,38374,a25facf3a01ef2ab5b82f7c6c5c202ca1e0a6ddbe6b5d9bea46478de7257a8a7,research/extract/decoded_pck/JENPCK_TBL.decoded.bin,research/extract/rendered_pck_recursive_ref_probe/JENPCK_TBL_min0/choice0_thr192/render_manifest.json
pck_recursive_ref_probe,JENPCK_TBL.decoded.bin,pck_object_0004,,192,192,pck_recursive_ref_diagnostic_probe,,,,,research/extract/rendered_pck_recursive_ref_probe/JENPCK_TBL_min0/choice0_thr224/JENPCK_TBL_pck_object_0004_choice000_thr224_recursive_ref_probe.png,192,192,5,aebca40f1d2f6280bacce3fbb794b373d7b7bcc5aae2b52d30c0d36251e0b45d,38374,a25facf3a01ef2ab5b82f7c6c5c202ca1e0a6ddbe6b5d9bea46478de7257a8a7,research/extract/decoded_pck/JENPCK_TBL.decoded.bin,research/extract/rendered_pck_recursive_ref_probe/JENPCK_TBL_min0/choice0_thr224/render_manifest.json
pck_recursive_ref_probe,JENPCK_TBL.decoded.bin,pck_object_0038,,192,192,pck_recursive_ref_diagnostic_probe,,,,,research/extract/rendered_pck_recursive_ref_probe/JENPCK_TBL_min0/choice0_thr160/JENPCK_TBL_pck_object_0038_choice000_thr160_recursive_ref_probe.png,192,192,5,d2bc2ae40aab450233a364cbb0e6e27ca8ea0d24e2eff2ff05fa6e7f489f51ef,38374,a25facf3a01ef2ab5b82f7c6c5c202ca1e0a6ddbe6b5d9bea46478de7257a8a7,research/extract/decoded_pck/JENPCK_TBL.decoded.bin,research/extract/rendered_pck_recursive_ref_probe/JENPCK_TBL_min0/choice0_thr160/render_manifest.json
pck_recursive_ref_probe,JENPCK_TBL.decoded.bin,pck_object_0038,,192,192,pck_recursive_ref_diagnostic_probe,,,,,research/extract/rendered_pck_recursive_ref_probe/JENPCK_TBL_min0/choice0_thr192/JENPCK_TBL_pck_object_0038_choice000_thr192_recursive_ref_probe.png,192,192,5,d2bc2ae40aab450233a364cbb0e6e27ca8ea0d24e2eff2ff05fa6e7f489f51ef,38374,a25facf3a01ef2ab5b82f7c6c5c202ca1e0a6ddbe6b5d9bea46478de7257a8a7,research/extract/decoded_pck/JENPCK_TBL.decoded.bin,research/extract/rendered_pck_recursive_ref_probe/JENPCK_TBL_min0/choice0_thr192/render_manifest.json
pck_recursive_ref_probe,JENPCK_TBL.decoded.bin,pck_object_0038,,192,192,pck_recursive_ref_diagnostic_probe,,,,,research/extract/rendered_pck_recursive_ref_probe/JENPCK_TBL_min0/choice0_thr224/JENPCK_TBL_pck_object_0038_choice000_thr224_recursive_ref_probe.png,192,192,5,d2bc2ae40aab450233a364cbb0e6e27ca8ea0d24e2eff2ff05fa6e7f489f51ef,38374,a25facf3a01ef2ab5b82f7c6c5c202ca1e0a6ddbe6b5d9bea46478de7257a8a7,research/extract/decoded_pck/JENPCK_TBL.decoded.bin,research/extract/rendered_pck_recursive_ref_probe/JENPCK_TBL_min0/choice0_thr224/render_manifest.json
pck_recursive_ref_probe,JENPCK_TBL.decoded.bin,pck_object_0042,,192,192,pck_recursive_ref_diagnostic_probe,,,,,research/extract/rendered_pck_recursive_ref_probe/JENPCK_TBL_min0/choice0_thr160/JENPCK_TBL_pck_object_0042_choice000_thr160_recursive_ref_probe.png,192,192,5,d2bc2ae40aab450233a364cbb0e6e27ca8ea0d24e2eff2ff05fa6e7f489f51ef,38374,a25facf3a01ef2ab5b82f7c6c5c202ca1e0a6ddbe6b5d9bea46478de7257a8a7,research/extract/decoded_pck/JENPCK_TBL.decoded.bin,research/extract/rendered_pck_recursive_ref_probe/JENPCK_TBL_min0/choice0_thr160/render_manifest.json
pck_recursive_ref_probe,JENPCK_TBL.decoded.bin,pck_object_0042,,192,192,pck_recursive_ref_diagnostic_probe,,,,,research/extract/rendered_pck_recursive_ref_probe/JENPCK_TBL_min0/choice0_thr192/JENPCK_TBL_pck_object_0042_choice000_thr192_recursive_ref_probe.png,192,192,5,d2bc2ae40aab450233a364cbb0e6e27ca8ea0d24e2eff2ff05fa6e7f489f51ef,38374,a25facf3a01ef2ab5b82f7c6c5c202ca1e0a6ddbe6b5d9bea46478de7257a8a7,research/extract/decoded_pck/JENPCK_TBL.decoded.bin,research/extract/rendered_pck_recursive_ref_probe/JENPCK_TBL_min0/choice0_thr192/render_manifest.json
pck_recursive_ref_probe,JENPCK_TBL.decoded.bin,pck_object_0042,,192,192,pck_recursive_ref_diagnostic_probe,,,,,research/extract/rendered_pck_recursive_ref_probe/JENPCK_TBL_min0/choice0_thr224/JENPCK_TBL_pck_object_0042_choice000_thr224_recursive_ref_probe.png,192,192,5,d2bc2ae40aab450233a364cbb0e6e27ca8ea0d24e2eff2ff05fa6e7f489f51ef,38374,a25facf3a01ef2ab5b82f7c6c5c202ca1e0a6ddbe6b5d9bea46478de7257a8a7,research/extract/decoded_pck/JENPCK_TBL.decoded.bin,research/extract/rendered_pck_recursive_ref_probe/JENPCK_TBL_min0/choice0_thr224/render_manifest.json
pck_recursive_ref_probe,JENPCK_TBL.decoded.bin,pck_object_0110,,192,192,pck_recursive_ref_diagnostic_probe,,,,,research/extract/rendered_pck_recursive_ref_probe/JENPCK_TBL_min0/choice0_thr032/JENPCK_TBL_pck_object_0110_choice000_thr032_recursive_ref_probe.png,192,192,3,71db66ff6123963a2e7de6f1169c036b66170fc66042d26f7f1f47526badb8a6,38374,a25facf3a01ef2ab5b82f7c6c5c202ca1e0a6ddbe6b5d9bea46478de7257a8a7,research/extract/decoded_pck/JENPCK_TBL.decoded.bin,research/extract/rendered_pck_recursive_ref_probe/JENPCK_TBL_min0/choice0_thr032/render_manifest.json
pck_recursive_ref_probe,JENPCK_TBL.decoded.bin,pck_object_0110,,192,192,pck_recursive_ref_diagnostic_probe,,,,,research/extract/rendered_pck_recursive_ref_probe/JENPCK_TBL_min0/choice0_thr064/JENPCK_TBL_pck_object_0110_choice000_thr064_recursive_ref_probe.png,192,192,3,71db66ff6123963a2e7de6f1169c036b66170fc66042d26f7f1f47526badb8a6,38374,a25facf3a01ef2ab5b82f7c6c5c202ca1e0a6ddbe6b5d9bea46478de7257a8a7,research/extract/decoded_pck/JENPCK_TBL.decoded.bin,research/extract/rendered_pck_recursive_ref_probe/JENPCK_TBL_min0/choice0_thr064/render_manifest.json
pck_recursive_ref_probe,JENPCK_TBL.decoded.bin,pck_object_0110,,192,192,pck_recursive_ref_diagnostic_probe,,,,,research/extract/rendered_pck_recursive_ref_probe/JENPCK_TBL_min0/choice0_thr096/JENPCK_TBL_pck_object_0110_choice000_thr096_recursive_ref_probe.png,192,192,3,71db66ff6123963a2e7de6f1169c036b66170fc66042d26f7f1f47526badb8a6,38374,a25facf3a01ef2ab5b82f7c6c5c202ca1e0a6ddbe6b5d9bea46478de7257a8a7,research/extract/decoded_pck/JENPCK_TBL.decoded.bin,research/extract/rendered_pck_recursive_ref_probe/JENPCK_TBL_min0/choice0_thr096/render_manifest.json
pck_recursive_ref_probe,JENPCK_TBL.decoded.bin,pck_object_0110,,192,192,pck_recursive_ref_diagnostic_probe,,,,,research/extract/rendered_pck_recursive_ref_probe/JENPCK_TBL_min0/choice0_thr128/JENPCK_TBL_pck_object_0110_choice000_thr128_recursive_ref_probe.png,192,192,3,71db66ff6123963a2e7de6f1169c036b66170fc66042d26f7f1f47526badb8a6,38374,a25facf3a01ef2ab5b82f7c6c5c202ca1e0a6ddbe6b5d9bea46478de7257a8a7,research/extract/decoded_pck/JENPCK_TBL.decoded.bin,research/extract/rendered_pck_recursive_ref_probe/JENPCK_TBL_min0/choice0_thr128/render_manifest.json
pck_recursive_ref_probe,JENPCK_TBL.decoded.bin,pck_object_0110,,192,192,pck_recursive_ref_diagnostic_probe,,,,,research/extract/rendered_pck_recursive_ref_probe/JENPCK_TBL_min0/choice0_thr160/JENPCK_TBL_pck_object_0110_choice000_thr160_recursive_ref_probe.png,192,192,3,71db66ff6123963a2e7de6f1169c036b66170fc66042d26f7f1f47526badb8a6,38374,a25facf3a01ef2ab5b82f7c6c5c202ca1e0a6ddbe6b5d9bea46478de7257a8a7,research/extract/decoded_pck/JENPCK_TBL.decoded.bin,research/extract/rendered_pck_recursive_ref_probe/JENPCK_TBL_min0/choice0_thr160/render_manifest.json
pck_recursive_ref_probe,JENPCK_TBL.decoded.bin,pck_object_0110,,192,192,pck_recursive_ref_diagnostic_probe,,,,,research/extract/rendered_pck_recursive_ref_probe/JENPCK_TBL_min0/choice0_thr192/JENPCK_TBL_pck_object_0110_choice000_thr192_recursive_ref_probe.png,192,192,3,71db66ff6123963a2e7de6f1169c036b66170fc66042d26f7f1f47526badb8a6,38374,a25facf3a01ef2ab5b82f7c6c5c202ca1e0a6ddbe6b5d9bea46478de7257a8a7,research/extract/decoded_pck/JENPCK_TBL.decoded.bin,research/extract/rendered_pck_recursive_ref_probe/JENPCK_TBL_min0/choice0_thr192/render_manifest.json
pck_recursive_ref_probe,JENPCK_TBL.decoded.bin,pck_object_0110,,192,192,pck_recursive_ref_diagnostic_probe,,,,,research/extract/rendered_pck_recursive_ref_probe/JENPCK_TBL_min0/choice0_thr224/JENPCK_TBL_pck_object_0110_choice000_thr224_recursive_ref_probe.png,192,192,3,71db66ff6123963a2e7de6f1169c036b66170fc66042d26f7f1f47526badb8a6,38374,a25facf3a01ef2ab5b82f7c6c5c202ca1e0a6ddbe6b5d9bea46478de7257a8a7,research/extract/decoded_pck/JENPCK_TBL.decoded.bin,research/extract/rendered_pck_recursive_ref_probe/JENPCK_TBL_min0/choice0_thr224/render_manifest.json
pck_ref_byte_pair_probe,JENPCK_TBL.decoded.bin,pck_object_0004,,180,180,pck_ref_byte_pair_diagnostic_probe,,,,,research/extract/rendered_pck_ref_byte_pair_probe/JENPCK_TBL/choice0_thr0/JENPCK_TBL_pck_object_0004_choice000_thr000_ref_byte_pair_probe.png,180,180,7,3d7019c165695837d78592e150ebd99a7cc08657562cf29b0a85dacd36f195bf,38374,a25facf3a01ef2ab5b82f7c6c5c202ca1e0a6ddbe6b5d9bea46478de7257a8a7,research/extract/decoded_pck/JENPCK_TBL.decoded.bin,research/extract/rendered_pck_ref_byte_pair_probe/JENPCK_TBL/choice0_thr0/render_manifest.json
pck_ref_byte_pair_probe,JENPCK_TBL.decoded.bin,pck_object_0004,,180,180,pck_ref_byte_pair_diagnostic_probe,,,,,research/extract/rendered_pck_ref_byte_pair_probe/JENPCK_TBL/choice0_thr128/JENPCK_TBL_pck_object_0004_choice000_thr128_ref_byte_pair_probe.png,180,180,7,c64d5809f022bbff076d7b646aaeefecd3444a23cd445e60c547529adda230a7,38374,a25facf3a01ef2ab5b82f7c6c5c202ca1e0a6ddbe6b5d9bea46478de7257a8a7,research/extract/decoded_pck/JENPCK_TBL.decoded.bin,research/extract/rendered_pck_ref_byte_pair_probe/JENPCK_TBL/choice0_thr128/render_manifest.json
pck_ref_byte_pair_probe,JENPCK_TBL.decoded.bin,pck_object_0004,,180,180,pck_ref_byte_pair_diagnostic_probe,,,,,research/extract/rendered_pck_ref_byte_pair_probe/JENPCK_TBL/choice0_thr160/JENPCK_TBL_pck_object_0004_choice000_thr160_ref_byte_pair_probe.png,180,180,7,c64d5809f022bbff076d7b646aaeefecd3444a23cd445e60c547529adda230a7,38374,a25facf3a01ef2ab5b82f7c6c5c202ca1e0a6ddbe6b5d9bea46478de7257a8a7,research/extract/decoded_pck/JENPCK_TBL.decoded.bin,research/extract/rendered_pck_ref_byte_pair_probe/JENPCK_TBL/choice0_thr160/render_manifest.json
pck_ref_byte_pair_probe,JENPCK_TBL.decoded.bin,pck_object_0004,,180,180,pck_ref_byte_pair_diagnostic_probe,,,,,research/extract/rendered_pck_ref_byte_pair_probe/JENPCK_TBL/choice0_thr192/JENPCK_TBL_pck_object_0004_choice000_thr192_ref_byte_pair_probe.png,180,180,7,dc6c3c31adffda1b5e763114264a1ae11b9264f135b289126d21b0b56702d270,38374,a25facf3a01ef2ab5b82f7c6c5c202ca1e0a6ddbe6b5d9bea46478de7257a8a7,research/extract/decoded_pck/JENPCK_TBL.decoded.bin,research/extract/rendered_pck_ref_byte_pair_probe/JENPCK_TBL/choice0_thr192/render_manifest.json
pck_ref_byte_pair_probe,JENPCK_TBL.decoded.bin,pck_object_0004,,180,180,pck_ref_byte_pair_diagnostic_probe,,,,,research/extract/rendered_pck_ref_byte_pair_probe/JENPCK_TBL/choice0_thr224/JENPCK_TBL_pck_object_0004_choice000_thr224_ref_byte_pair_probe.png,180,180,7,dc6c3c31adffda1b5e763114264a1ae11b9264f135b289126d21b0b56702d270,38374,a25facf3a01ef2ab5b82f7c6c5c202ca1e0a6ddbe6b5d9bea46478de7257a8a7,research/extract/decoded_pck/JENPCK_TBL.decoded.bin,research/extract/rendered_pck_ref_byte_pair_probe/JENPCK_TBL/choice0_thr224/render_manifest.json
pck_ref_byte_pair_probe,JENPCK_TBL.decoded.bin,pck_object_0004,,180,180,pck_ref_byte_pair_diagnostic_probe,,,,,research/extract/rendered_pck_ref_byte_pair_probe/JENPCK_TBL/choice0_thr32/JENPCK_TBL_pck_object_0004_choice000_thr032_ref_byte_pair_probe.png,180,180,7,3d7019c165695837d78592e150ebd99a7cc08657562cf29b0a85dacd36f195bf,38374,a25facf3a01ef2ab5b82f7c6c5c202ca1e0a6ddbe6b5d9bea46478de7257a8a7,research/extract/decoded_pck/JENPCK_TBL.decoded.bin,research/extract/rendered_pck_ref_byte_pair_probe/JENPCK_TBL/choice0_thr32/render_manifest.json
pck_ref_byte_pair_probe,JENPCK_TBL.decoded.bin,pck_object_0004,,180,180,pck_ref_byte_pair_diagnostic_probe,,,,,research/extract/rendered_pck_ref_byte_pair_probe/JENPCK_TBL/choice0_thr64/JENPCK_TBL_pck_object_0004_choice000_thr064_ref_byte_pair_probe.png,180,180,7,c64d5809f022bbff076d7b646aaeefecd3444a23cd445e60c547529adda230a7,38374,a25facf3a01ef2ab5b82f7c6c5c202ca1e0a6ddbe6b5d9bea46478de7257a8a7,research/extract/decoded_pck/JENPCK_TBL.decoded.bin,research/extract/rendered_pck_ref_byte_pair_probe/JENPCK_TBL/choice0_thr64/render_manifest.json
pck_ref_byte_pair_probe,JENPCK_TBL.decoded.bin,pck_object_0004,,180,180,pck_ref_byte_pair_diagnostic_probe,,,,,research/extract/rendered_pck_ref_byte_pair_probe/JENPCK_TBL/choice0_thr96/JENPCK_TBL_pck_object_0004_choice000_thr096_ref_byte_pair_probe.png,180,180,7,c64d5809f022bbff076d7b646aaeefecd3444a23cd445e60c547529adda230a7,38374,a25facf3a01ef2ab5b82f7c6c5c202ca1e0a6ddbe6b5d9bea46478de7257a8a7,research/extract/decoded_pck/JENPCK_TBL.decoded.bin,research/extract/rendered_pck_ref_byte_pair_probe/JENPCK_TBL/choice0_thr96/render_manifest.json
pck_ref_byte_pair_probe,JENPCK_TBL.decoded.bin,pck_object_0038,,180,180,pck_ref_byte_pair_diagnostic_probe,,,,,research/extract/rendered_pck_ref_byte_pair_probe/JENPCK_TBL/choice0_thr160/JENPCK_TBL_pck_object_0038_choice000_thr160_ref_byte_pair_probe.png,180,180,3,d01fe2305e4c0c00bf2535940946e82c69c0f65e04b0f832b1cb14efc87a8070,38374,a25facf3a01ef2ab5b82f7c6c5c202ca1e0a6ddbe6b5d9bea46478de7257a8a7,research/extract/decoded_pck/JENPCK_TBL.decoded.bin,research/extract/rendered_pck_ref_byte_pair_probe/JENPCK_TBL/choice0_thr160/render_manifest.json
pck_ref_byte_pair_probe,JENPCK_TBL.decoded.bin,pck_object_0038,,180,180,pck_ref_byte_pair_diagnostic_probe,,,,,research/extract/rendered_pck_ref_byte_pair_probe/JENPCK_TBL/choice0_thr192/JENPCK_TBL_pck_object_0038_choice000_thr192_ref_byte_pair_probe.png,180,180,3,d01fe2305e4c0c00bf2535940946e82c69c0f65e04b0f832b1cb14efc87a8070,38374,a25facf3a01ef2ab5b82f7c6c5c202ca1e0a6ddbe6b5d9bea46478de7257a8a7,research/extract/decoded_pck/JENPCK_TBL.decoded.bin,research/extract/rendered_pck_ref_byte_pair_probe/JENPCK_TBL/choice0_thr192/render_manifest.json
pck_ref_byte_pair_probe,JENPCK_TBL.decoded.bin,pck_object_0038,,180,180,pck_ref_byte_pair_diagnostic_probe,,,,,research/extract/rendered_pck_ref_byte_pair_probe/JENPCK_TBL/choice0_thr224/JENPCK_TBL_pck_object_0038_choice000_thr224_ref_byte_pair_probe.png,180,180,3,d01fe2305e4c0c00bf2535940946e82c69c0f65e04b0f832b1cb14efc87a8070,38374,a25facf3a01ef2ab5b82f7c6c5c202ca1e0a6ddbe6b5d9bea46478de7257a8a7,research/extract/decoded_pck/JENPCK_TBL.decoded.bin,research/extract/rendered_pck_ref_byte_pair_probe/JENPCK_TBL/choice0_thr224/render_manifest.json
pck_ref_byte_pair_probe,JENPCK_TBL.decoded.bin,pck_object_0042,,180,180,pck_ref_byte_pair_diagnostic_probe,,,,,research/extract/rendered_pck_ref_byte_pair_probe/JENPCK_TBL/choice0_thr160/JENPCK_TBL_pck_object_0042_choice000_thr160_ref_byte_pair_probe.png,180,180,3,d01fe2305e4c0c00bf2535940946e82c69c0f65e04b0f832b1cb14efc87a8070,38374,a25facf3a01ef2ab5b82f7c6c5c202ca1e0a6ddbe6b5d9bea46478de7257a8a7,research/extract/decoded_pck/JENPCK_TBL.decoded.bin,research/extract/rendered_pck_ref_byte_pair_probe/JENPCK_TBL/choice0_thr160/render_manifest.json
pck_ref_byte_pair_probe,JENPCK_TBL.decoded.bin,pck_object_0042,,180,180,pck_ref_byte_pair_diagnostic_probe,,,,,research/extract/rendered_pck_ref_byte_pair_probe/JENPCK_TBL/choice0_thr192/JENPCK_TBL_pck_object_0042_choice000_thr192_ref_byte_pair_probe.png,180,180,3,d01fe2305e4c0c00bf2535940946e82c69c0f65e04b0f832b1cb14efc87a8070,38374,a25facf3a01ef2ab5b82f7c6c5c202ca1e0a6ddbe6b5d9bea46478de7257a8a7,research/extract/decoded_pck/JENPCK_TBL.decoded.bin,research/extract/rendered_pck_ref_byte_pair_probe/JENPCK_TBL/choice0_thr192/render_manifest.json
pck_ref_byte_pair_probe,JENPCK_TBL.decoded.bin,pck_object_0042,,180,180,pck_ref_byte_pair_diagnostic_probe,,,,,research/extract/rendered_pck_ref_byte_pair_probe/JENPCK_TBL/choice0_thr224/JENPCK_TBL_pck_object_0042_choice000_thr224_ref_byte_pair_probe.png,180,180,3,d01fe2305e4c0c00bf2535940946e82c69c0f65e04b0f832b1cb14efc87a8070,38374,a25facf3a01ef2ab5b82f7c6c5c202ca1e0a6ddbe6b5d9bea46478de7257a8a7,research/extract/decoded_pck/JENPCK_TBL.decoded.bin,research/extract/rendered_pck_ref_byte_pair_probe/JENPCK_TBL/choice0_thr224/render_manifest.json
pck_ref_byte_pair_probe,JENPCK_TBL.decoded.bin,pck_object_0110,,180,180,pck_ref_byte_pair_diagnostic_probe,,,,,research/extract/rendered_pck_ref_byte_pair_probe/JENPCK_TBL/choice0_thr128/JENPCK_TBL_pck_object_0110_choice000_thr128_ref_byte_pair_probe.png,180,180,3,1a6faba377d2352648976d875be04b6418c5561ac3fc705c3fe5d052714e2751,38374,a25facf3a01ef2ab5b82f7c6c5c202ca1e0a6ddbe6b5d9bea46478de7257a8a7,research/extract/decoded_pck/JENPCK_TBL.decoded.bin,research/extract/rendered_pck_ref_byte_pair_probe/JENPCK_TBL/choice0_thr128/render_manifest.json
pck_ref_byte_pair_probe,JENPCK_TBL.decoded.bin,pck_object_0110,,180,180,pck_ref_byte_pair_diagnostic_probe,,,,,research/extract/rendered_pck_ref_byte_pair_probe/JENPCK_TBL/choice0_thr160/JENPCK_TBL_pck_object_0110_choice000_thr160_ref_byte_pair_probe.png,180,180,3,1a6faba377d2352648976d875be04b6418c5561ac3fc705c3fe5d052714e2751,38374,a25facf3a01ef2ab5b82f7c6c5c202ca1e0a6ddbe6b5d9bea46478de7257a8a7,research/extract/decoded_pck/JENPCK_TBL.decoded.bin,research/extract/rendered_pck_ref_byte_pair_probe/JENPCK_TBL/choice0_thr160/render_manifest.json
pck_ref_byte_pair_probe,JENPCK_TBL.decoded.bin,pck_object_0110,,180,180,pck_ref_byte_pair_diagnostic_probe,,,,,research/extract/rendered_pck_ref_byte_pair_probe/JENPCK_TBL/choice0_thr192/JENPCK_TBL_pck_object_0110_choice000_thr192_ref_byte_pair_probe.png,180,180,3,1a6faba377d2352648976d875be04b6418c5561ac3fc705c3fe5d052714e2751,38374,a25facf3a01ef2ab5b82f7c6c5c202ca1e0a6ddbe6b5d9bea46478de7257a8a7,research/extract/decoded_pck/JENPCK_TBL.decoded.bin,research/extract/rendered_pck_ref_byte_pair_probe/JENPCK_TBL/choice0_thr192/render_manifest.json
pck_ref_byte_pair_probe,JENPCK_TBL.decoded.bin,pck_object_0110,,180,180,pck_ref_byte_pair_diagnostic_probe,,,,,research/extract/rendered_pck_ref_byte_pair_probe/JENPCK_TBL/choice0_thr224/JENPCK_TBL_pck_object_0110_choice000_thr224_ref_byte_pair_probe.png,180,180,3,1a6faba377d2352648976d875be04b6418c5561ac3fc705c3fe5d052714e2751,38374,a25facf3a01ef2ab5b82f7c6c5c202ca1e0a6ddbe6b5d9bea46478de7257a8a7,research/extract/decoded_pck/JENPCK_TBL.decoded.bin,research/extract/rendered_pck_ref_byte_pair_probe/JENPCK_TBL/choice0_thr224/render_manifest.json
pck_ref_byte_pair_probe,JENPCK_TBL.decoded.bin,pck_object_0110,,180,180,pck_ref_byte_pair_diagnostic_probe,,,,,research/extract/rendered_pck_ref_byte_pair_probe/JENPCK_TBL/choice0_thr32/JENPCK_TBL_pck_object_0110_choice000_thr032_ref_byte_pair_probe.png,180,180,3,1a6faba377d2352648976d875be04b6418c5561ac3fc705c3fe5d052714e2751,38374,a25facf3a01ef2ab5b82f7c6c5c202ca1e0a6ddbe6b5d9bea46478de7257a8a7,research/extract/decoded_pck/JENPCK_TBL.decoded.bin,research/extract/rendered_pck_ref_byte_pair_probe/JENPCK_TBL/choice0_thr32/render_manifest.json
pck_ref_byte_pair_probe,JENPCK_TBL.decoded.bin,pck_object_0110,,180,180,pck_ref_byte_pair_diagnostic_probe,,,,,research/extract/rendered_pck_ref_byte_pair_probe/JENPCK_TBL/choice0_thr64/JENPCK_TBL_pck_object_0110_choice000_thr064_ref_byte_pair_probe.png,180,180,3,1a6faba377d2352648976d875be04b6418c5561ac3fc705c3fe5d052714e2751,38374,a25facf3a01ef2ab5b82f7c6c5c202ca1e0a6ddbe6b5d9bea46478de7257a8a7,research/extract/decoded_pck/JENPCK_TBL.decoded.bin,research/extract/rendered_pck_ref_byte_pair_probe/JENPCK_TBL/choice0_thr64/render_manifest.json
pck_ref_byte_pair_probe,JENPCK_TBL.decoded.bin,pck_object_0110,,180,180,pck_ref_byte_pair_diagnostic_probe,,,,,research/extract/rendered_pck_ref_byte_pair_probe/JENPCK_TBL/choice0_thr96/JENPCK_TBL_pck_object_0110_choice000_thr096_ref_byte_pair_probe.png,180,180,3,1a6faba377d2352648976d875be04b6418c5561ac3fc705c3fe5d052714e2751,38374,a25facf3a01ef2ab5b82f7c6c5c202ca1e0a6ddbe6b5d9bea46478de7257a8a7,research/extract/decoded_pck/JENPCK_TBL.decoded.bin,research/extract/rendered_pck_ref_byte_pair_probe/JENPCK_TBL/choice0_thr96/render_manifest.json
pck_ref_byte_pair_probe,MARPCK_TBL.decoded.bin,pck_object_0019,,160,160,pck_ref_byte_pair_diagnostic_probe,,,,,research/extract/rendered_pck_ref_byte_pair_probe/MARPCK_TBL/choice0_thr192/MARPCK_TBL_pck_object_0019_choice000_thr192_ref_byte_pair_probe.png,160,160,3,8221fcffe813db040f55eeea930cdffad3c50558a81594cdde4b1f24238aaef3,50512,fb3d849a3a09cb23e53d88347d1c197e6632f801958167de7c1078abaa144f03,research/extract/decoded_pck/MARPCK_TBL.decoded.bin,research/extract/rendered_pck_ref_byte_pair_probe/MARPCK_TBL/choice0_thr192/render_manifest.json
pck_ref_byte_pair_probe,MARPCK_TBL.decoded.bin,pck_object_0019,,160,160,pck_ref_byte_pair_diagnostic_probe,,,,,research/extract/rendered_pck_ref_byte_pair_probe/MARPCK_TBL/choice0_thr224/MARPCK_TBL_pck_object_0019_choice000_thr224_ref_byte_pair_probe.png,160,160,3,1298084d0b14c715d968f0fa7447cf5551b4947bccfc175340633117fb389634,50512,fb3d849a3a09cb23e53d88347d1c197e6632f801958167de7c1078abaa144f03,research/extract/decoded_pck/MARPCK_TBL.decoded.bin,research/extract/rendered_pck_ref_byte_pair_probe/MARPCK_TBL/choice0_thr224/render_manifest.json
pck_ref_byte_pair_probe,MARPCK_TBL.decoded.bin,pck_object_0066,,160,160,pck_ref_byte_pair_diagnostic_probe,,,,,research/extract/rendered_pck_ref_byte_pair_probe/MARPCK_TBL/choice0_thr0/MARPCK_TBL_pck_object_0066_choice000_thr000_ref_byte_pair_probe.png,160,160,4,491bd73be397694f9776f4df0af3aafb6630d31f98e3c55983a4ba298198eba7,50512,fb3d849a3a09cb23e53d88347d1c197e6632f801958167de7c1078abaa144f03,research/extract/decoded_pck/MARPCK_TBL.decoded.bin,research/extract/rendered_pck_ref_byte_pair_probe/MARPCK_TBL/choice0_thr0/render_manifest.json
pck_ref_byte_pair_probe,MARPCK_TBL.decoded.bin,pck_object_0066,,160,160,pck_ref_byte_pair_diagnostic_probe,,,,,research/extract/rendered_pck_ref_byte_pair_probe/MARPCK_TBL/choice0_thr128/MARPCK_TBL_pck_object_0066_choice000_thr128_ref_byte_pair_probe.png,160,160,4,9f80fcc6a775fdfd4b499d78b3612ac9a1454db81d52e6029ff4a22ef63286ee,50512,fb3d849a3a09cb23e53d88347d1c197e6632f801958167de7c1078abaa144f03,research/extract/decoded_pck/MARPCK_TBL.decoded.bin,research/extract/rendered_pck_ref_byte_pair_probe/MARPCK_TBL/choice0_thr128/render_manifest.json
pck_ref_byte_pair_probe,MARPCK_TBL.decoded.bin,pck_object_0066,,160,160,pck_ref_byte_pair_diagnostic_probe,,,,,research/extract/rendered_pck_ref_byte_pair_probe/MARPCK_TBL/choice0_thr192/MARPCK_TBL_pck_object_0066_choice000_thr192_ref_byte_pair_probe.png,160,160,4,9f80fcc6a775fdfd4b499d78b3612ac9a1454db81d52e6029ff4a22ef63286ee,50512,fb3d849a3a09cb23e53d88347d1c197e6632f801958167de7c1078abaa144f03,research/extract/decoded_pck/MARPCK_TBL.decoded.bin,research/extract/rendered_pck_ref_byte_pair_probe/MARPCK_TBL/choice0_thr192/render_manifest.json
pck_ref_byte_pair_probe,MARPCK_TBL.decoded.bin,pck_object_0066,,160,160,pck_ref_byte_pair_diagnostic_probe,,,,,research/extract/rendered_pck_ref_byte_pair_probe/MARPCK_TBL/choice0_thr224/MARPCK_TBL_pck_object_0066_choice000_thr224_ref_byte_pair_probe.png,160,160,4,1735ebb2e18469af11eab9a97804030b963a84d8cdc9693ca4e0625cc42075e2,50512,fb3d849a3a09cb23e53d88347d1c197e6632f801958167de7c1078abaa144f03,research/extract/decoded_pck/MARPCK_TBL.decoded.bin,research/extract/rendered_pck_ref_byte_pair_probe/MARPCK_TBL/choice0_thr224/render_manifest.json
pck_ref_byte_pair_probe,MARPCK_TBL.decoded.bin,pck_object_0066,,160,160,pck_ref_byte_pair_diagnostic_probe,,,,,research/extract/rendered_pck_ref_byte_pair_probe/MARPCK_TBL/choice0_thr64/MARPCK_TBL_pck_object_0066_choice000_thr064_ref_byte_pair_probe.png,160,160,4,9755adfc71ade4a846b9c3ebff5cea0fac4f8df405d98cb49d83bdebb160081a,50512,fb3d849a3a09cb23e53d88347d1c197e6632f801958167de7c1078abaa144f03,research/extract/decoded_pck/MARPCK_TBL.decoded.bin,research/extract/rendered_pck_ref_byte_pair_probe/MARPCK_TBL/choice0_thr64/render_manifest.json
pck_ref_byte_pair_probe,MARPCK_TBL.decoded.bin,pck_object_0069,,160,160,pck_ref_byte_pair_diagnostic_probe,,,,,research/extract/rendered_pck_ref_byte_pair_probe/MARPCK_TBL/choice0_thr0/MARPCK_TBL_pck_object_0069_choice000_thr000_ref_byte_pair_probe.png,160,160,4,491bd73be397694f9776f4df0af3aafb6630d31f98e3c55983a4ba298198eba7,50512,fb3d849a3a09cb23e53d88347d1c197e6632f801958167de7c1078abaa144f03,research/extract/decoded_pck/MARPCK_TBL.decoded.bin,research/extract/rendered_pck_ref_byte_pair_probe/MARPCK_TBL/choice0_thr0/render_manifest.json
pck_ref_byte_pair_probe,MARPCK_TBL.decoded.bin,pck_object_0069,,160,160,pck_ref_byte_pair_diagnostic_probe,,,,,research/extract/rendered_pck_ref_byte_pair_probe/MARPCK_TBL/choice0_thr128/MARPCK_TBL_pck_object_0069_choice000_thr128_ref_byte_pair_probe.png,160,160,4,ec28fb0a152edd8a1baaa4ec1d7a213a73bf9e47e31393c9c98be7a4ab2c7570,50512,fb3d849a3a09cb23e53d88347d1c197e6632f801958167de7c1078abaa144f03,research/extract/decoded_pck/MARPCK_TBL.decoded.bin,research/extract/rendered_pck_ref_byte_pair_probe/MARPCK_TBL/choice0_thr128/render_manifest.json
pck_ref_byte_pair_probe,MARPCK_TBL.decoded.bin,pck_object_0069,,160,160,pck_ref_byte_pair_diagnostic_probe,,,,,research/extract/rendered_pck_ref_byte_pair_probe/MARPCK_TBL/choice0_thr192/MARPCK_TBL_pck_object_0069_choice000_thr192_ref_byte_pair_probe.png,160,160,4,ec28fb0a152edd8a1baaa4ec1d7a213a73bf9e47e31393c9c98be7a4ab2c7570,50512,fb3d849a3a09cb23e53d88347d1c197e6632f801958167de7c1078abaa144f03,research/extract/decoded_pck/MARPCK_TBL.decoded.bin,research/extract/rendered_pck_ref_byte_pair_probe/MARPCK_TBL/choice0_thr192/render_manifest.json
pck_ref_byte_pair_probe,MARPCK_TBL.decoded.bin,pck_object_0069,,160,160,pck_ref_byte_pair_diagnostic_probe,,,,,research/extract/rendered_pck_ref_byte_pair_probe/MARPCK_TBL/choice0_thr224/MARPCK_TBL_pck_object_0069_choice000_thr224_ref_byte_pair_probe.png,160,160,4,4b1c7296926f174a7aa6d672d25836c0073631fc2084d7111c9fe5be155f13c6,50512,fb3d849a3a09cb23e53d88347d1c197e6632f801958167de7c1078abaa144f03,research/extract/decoded_pck/MARPCK_TBL.decoded.bin,research/extract/rendered_pck_ref_byte_pair_probe/MARPCK_TBL/choice0_thr224/render_manifest.json
pck_ref_byte_pair_probe,MARPCK_TBL.decoded.bin,pck_object_0069,,160,160,pck_ref_byte_pair_diagnostic_probe,,,,,research/extract/rendered_pck_ref_byte_pair_probe/MARPCK_TBL/choice0_thr64/MARPCK_TBL_pck_object_0069_choice000_thr064_ref_byte_pair_probe.png,160,160,4,9755adfc71ade4a846b9c3ebff5cea0fac4f8df405d98cb49d83bdebb160081a,50512,fb3d849a3a09cb23e53d88347d1c197e6632f801958167de7c1078abaa144f03,research/extract/decoded_pck/MARPCK_TBL.decoded.bin,research/extract/rendered_pck_ref_byte_pair_probe/MARPCK_TBL/choice0_thr64/render_manifest.json
pck_ref_byte_pair_probe,MARPCK_TBL.decoded.bin,pck_object_0070,,160,160,pck_ref_byte_pair_diagnostic_probe,,,,,research/extract/rendered_pck_ref_byte_pair_probe/MARPCK_TBL/choice0_thr0/MARPCK_TBL_pck_object_0070_choice000_thr000_ref_byte_pair_probe.png,160,160,3,1298084d0b14c715d968f0fa7447cf5551b4947bccfc175340633117fb389634,50512,fb3d849a3a09cb23e53d88347d1c197e6632f801958167de7c1078abaa144f03,research/extract/decoded_pck/MARPCK_TBL.decoded.bin,research/extract/rendered_pck_ref_byte_pair_probe/MARPCK_TBL/choice0_thr0/render_manifest.json
pck_ref_byte_pair_probe,MARPCK_TBL.decoded.bin,pck_object_0070,,160,160,pck_ref_byte_pair_diagnostic_probe,,,,,research/extract/rendered_pck_ref_byte_pair_probe/MARPCK_TBL/choice0_thr128/MARPCK_TBL_pck_object_0070_choice000_thr128_ref_byte_pair_probe.png,160,160,4,23f027ab7dc510b604f8d39b8c3b1db41ea41127aab96c6653cc757c8f72b70f,50512,fb3d849a3a09cb23e53d88347d1c197e6632f801958167de7c1078abaa144f03,research/extract/decoded_pck/MARPCK_TBL.decoded.bin,research/extract/rendered_pck_ref_byte_pair_probe/MARPCK_TBL/choice0_thr128/render_manifest.json
pck_ref_byte_pair_probe,MARPCK_TBL.decoded.bin,pck_object_0070,,160,160,pck_ref_byte_pair_diagnostic_probe,,,,,research/extract/rendered_pck_ref_byte_pair_probe/MARPCK_TBL/choice0_thr192/MARPCK_TBL_pck_object_0070_choice000_thr192_ref_byte_pair_probe.png,160,160,4,23f027ab7dc510b604f8d39b8c3b1db41ea41127aab96c6653cc757c8f72b70f,50512,fb3d849a3a09cb23e53d88347d1c197e6632f801958167de7c1078abaa144f03,research/extract/decoded_pck/MARPCK_TBL.decoded.bin,research/extract/rendered_pck_ref_byte_pair_probe/MARPCK_TBL/choice0_thr192/render_manifest.json
pck_ref_byte_pair_probe,MARPCK_TBL.decoded.bin,pck_object_0070,,160,160,pck_ref_byte_pair_diagnostic_probe,,,,,research/extract/rendered_pck_ref_byte_pair_probe/MARPCK_TBL/choice0_thr224/MARPCK_TBL_pck_object_0070_choice000_thr224_ref_byte_pair_probe.png,160,160,4,29cbdb04247f41b396fd9306eac19cb7d57c70b5ac6ba42af711dc30e897a8c0,50512,fb3d849a3a09cb23e53d88347d1c197e6632f801958167de7c1078abaa144f03,research/extract/decoded_pck/MARPCK_TBL.decoded.bin,research/extract/rendered_pck_ref_byte_pair_probe/MARPCK_TBL/choice0_thr224/render_manifest.json
pck_ref_byte_pair_probe,MARPCK_TBL.decoded.bin,pck_object_0070,,160,160,pck_ref_byte_pair_diagnostic_probe,,,,,research/extract/rendered_pck_ref_byte_pair_probe/MARPCK_TBL/choice0_thr64/MARPCK_TBL_pck_object_0070_choice000_thr064_ref_byte_pair_probe.png,160,160,3,1298084d0b14c715d968f0fa7447cf5551b4947bccfc175340633117fb389634,50512,fb3d849a3a09cb23e53d88347d1c197e6632f801958167de7c1078abaa144f03,research/extract/decoded_pck/MARPCK_TBL.decoded.bin,research/extract/rendered_pck_ref_byte_pair_probe/MARPCK_TBL/choice0_thr64/render_manifest.json
pck_selected_frame_probe,LOCPCK_TBL.decoded.bin,pck_object_0002,,160,160,pck_selected_frame_diagnostic_probe,,,,,research/extract/rendered_pck_selected_probe/LOCPCK_TBL/choice0_thr0/LOCPCK_TBL_pck_object_0002_choice000_thr000_selected_probe.png,480,480,2,37983470bcc443ad09b737c5cddcd86833ca3093f259acfbca5bb3899996f29e,38706,b9ef97d6705384ef0c5b161bd50dcc1b063ee65153b567cc61b2361d04443e2c,research/extract/decoded_pck/LOCPCK_TBL.decoded.bin,research/extract/rendered_pck_selected_probe/LOCPCK_TBL/choice0_thr0/render_manifest.json
pck_selected_frame_probe,LOCPCK_TBL.decoded.bin,pck_object_0002,,160,160,pck_selected_frame_diagnostic_probe,,,,,research/extract/rendered_pck_selected_probe/LOCPCK_TBL/choice0_thr128/LOCPCK_TBL_pck_object_0002_choice000_thr128_selected_probe.png,480,480,2,37983470bcc443ad09b737c5cddcd86833ca3093f259acfbca5bb3899996f29e,38706,b9ef97d6705384ef0c5b161bd50dcc1b063ee65153b567cc61b2361d04443e2c,research/extract/decoded_pck/LOCPCK_TBL.decoded.bin,research/extract/rendered_pck_selected_probe/LOCPCK_TBL/choice0_thr128/render_manifest.json
pck_selected_frame_probe,LOCPCK_TBL.decoded.bin,pck_object_0002,,160,160,pck_selected_frame_diagnostic_probe,,,,,research/extract/rendered_pck_selected_probe/LOCPCK_TBL/choice0_thr160/LOCPCK_TBL_pck_object_0002_choice000_thr160_selected_probe.png,480,480,2,37983470bcc443ad09b737c5cddcd86833ca3093f259acfbca5bb3899996f29e,38706,b9ef97d6705384ef0c5b161bd50dcc1b063ee65153b567cc61b2361d04443e2c,research/extract/decoded_pck/LOCPCK_TBL.decoded.bin,research/extract/rendered_pck_selected_probe/LOCPCK_TBL/choice0_thr160/render_manifest.json
pck_selected_frame_probe,LOCPCK_TBL.decoded.bin,pck_object_0002,,160,160,pck_selected_frame_diagnostic_probe,,,,,research/extract/rendered_pck_selected_probe/LOCPCK_TBL/choice0_thr192/LOCPCK_TBL_pck_object_0002_choice000_thr192_selected_probe.png,480,480,2,37983470bcc443ad09b737c5cddcd86833ca3093f259acfbca5bb3899996f29e,38706,b9ef97d6705384ef0c5b161bd50dcc1b063ee65153b567cc61b2361d04443e2c,research/extract/decoded_pck/LOCPCK_TBL.decoded.bin,research/extract/rendered_pck_selected_probe/LOCPCK_TBL/choice0_thr192/render_manifest.json
pck_selected_frame_probe,LOCPCK_TBL.decoded.bin,pck_object_0002,,160,160,pck_selected_frame_diagnostic_probe,,,,,research/extract/rendered_pck_selected_probe/LOCPCK_TBL/choice0_thr224/LOCPCK_TBL_pck_object_0002_choice000_thr224_selected_probe.png,480,480,2,37983470bcc443ad09b737c5cddcd86833ca3093f259acfbca5bb3899996f29e,38706,b9ef97d6705384ef0c5b161bd50dcc1b063ee65153b567cc61b2361d04443e2c,research/extract/decoded_pck/LOCPCK_TBL.decoded.bin,research/extract/rendered_pck_selected_probe/LOCPCK_TBL/choice0_thr224/render_manifest.json
pck_selected_frame_probe,LOCPCK_TBL.decoded.bin,pck_object_0002,,160,160,pck_selected_frame_diagnostic_probe,,,,,research/extract/rendered_pck_selected_probe/LOCPCK_TBL/choice0_thr32/LOCPCK_TBL_pck_object_0002_choice000_thr032_selected_probe.png,480,480,2,37983470bcc443ad09b737c5cddcd86833ca3093f259acfbca5bb3899996f29e,38706,b9ef97d6705384ef0c5b161bd50dcc1b063ee65153b567cc61b2361d04443e2c,research/extract/decoded_pck/LOCPCK_TBL.decoded.bin,research/extract/rendered_pck_selected_probe/LOCPCK_TBL/choice0_thr32/render_manifest.json
pck_selected_frame_probe,LOCPCK_TBL.decoded.bin,pck_object_0002,,160,160,pck_selected_frame_diagnostic_probe,,,,,research/extract/rendered_pck_selected_probe/LOCPCK_TBL/choice0_thr64/LOCPCK_TBL_pck_object_0002_choice000_thr064_selected_probe.png,480,480,2,37983470bcc443ad09b737c5cddcd86833ca3093f259acfbca5bb3899996f29e,38706,b9ef97d6705384ef0c5b161bd50dcc1b063ee65153b567cc61b2361d04443e2c,research/extract/decoded_pck/LOCPCK_TBL.decoded.bin,research/extract/rendered_pck_selected_probe/LOCPCK_TBL/choice0_thr64/render_manifest.json
pck_selected_frame_probe,LOCPCK_TBL.decoded.bin,pck_object_0002,,160,160,pck_selected_frame_diagnostic_probe,,,,,research/extract/rendered_pck_selected_probe/LOCPCK_TBL/choice0_thr96/LOCPCK_TBL_pck_object_0002_choice000_thr096_selected_probe.png,480,480,2,37983470bcc443ad09b737c5cddcd86833ca3093f259acfbca5bb3899996f29e,38706,b9ef97d6705384ef0c5b161bd50dcc1b063ee65153b567cc61b2361d04443e2c,research/extract/decoded_pck/LOCPCK_TBL.decoded.bin,research/extract/rendered_pck_selected_probe/LOCPCK_TBL/choice0_thr96/render_manifest.json
pck_selected_frame_probe,LOCPCK_TBL.decoded.bin,pck_object_0022,,160,160,pck_selected_frame_diagnostic_probe,,,,,research/extract/rendered_pck_selected_probe/LOCPCK_TBL/choice0_thr0/LOCPCK_TBL_pck_object_0022_choice000_thr000_selected_probe.png,480,480,3,d2b6fa7e7489d706805daa944b0595cf73d9b67feb80e033647e80e39f3c3feb,38706,b9ef97d6705384ef0c5b161bd50dcc1b063ee65153b567cc61b2361d04443e2c,research/extract/decoded_pck/LOCPCK_TBL.decoded.bin,research/extract/rendered_pck_selected_probe/LOCPCK_TBL/choice0_thr0/render_manifest.json
pck_selected_frame_probe,LOCPCK_TBL.decoded.bin,pck_object_0022,,160,160,pck_selected_frame_diagnostic_probe,,,,,research/extract/rendered_pck_selected_probe/LOCPCK_TBL/choice0_thr128/LOCPCK_TBL_pck_object_0022_choice000_thr128_selected_probe.png,480,480,3,d2b6fa7e7489d706805daa944b0595cf73d9b67feb80e033647e80e39f3c3feb,38706,b9ef97d6705384ef0c5b161bd50dcc1b063ee65153b567cc61b2361d04443e2c,research/extract/decoded_pck/LOCPCK_TBL.decoded.bin,research/extract/rendered_pck_selected_probe/LOCPCK_TBL/choice0_thr128/render_manifest.json
pck_selected_frame_probe,LOCPCK_TBL.decoded.bin,pck_object_0022,,160,160,pck_selected_frame_diagnostic_probe,,,,,research/extract/rendered_pck_selected_probe/LOCPCK_TBL/choice0_thr160/LOCPCK_TBL_pck_object_0022_choice000_thr160_selected_probe.png,480,480,3,d2b6fa7e7489d706805daa944b0595cf73d9b67feb80e033647e80e39f3c3feb,38706,b9ef97d6705384ef0c5b161bd50dcc1b063ee65153b567cc61b2361d04443e2c,research/extract/decoded_pck/LOCPCK_TBL.decoded.bin,research/extract/rendered_pck_selected_probe/LOCPCK_TBL/choice0_thr160/render_manifest.json
pck_selected_frame_probe,LOCPCK_TBL.decoded.bin,pck_object_0022,,160,160,pck_selected_frame_diagnostic_probe,,,,,research/extract/rendered_pck_selected_probe/LOCPCK_TBL/choice0_thr192/LOCPCK_TBL_pck_object_0022_choice000_thr192_selected_probe.png,480,480,3,d2b6fa7e7489d706805daa944b0595cf73d9b67feb80e033647e80e39f3c3feb,38706,b9ef97d6705384ef0c5b161bd50dcc1b063ee65153b567cc61b2361d04443e2c,research/extract/decoded_pck/LOCPCK_TBL.decoded.bin,research/extract/rendered_pck_selected_probe/LOCPCK_TBL/choice0_thr192/render_manifest.json
pck_selected_frame_probe,LOCPCK_TBL.decoded.bin,pck_object_0022,,160,160,pck_selected_frame_diagnostic_probe,,,,,research/extract/rendered_pck_selected_probe/LOCPCK_TBL/choice0_thr224/LOCPCK_TBL_pck_object_0022_choice000_thr224_selected_probe.png,480,480,3,d2b6fa7e7489d706805daa944b0595cf73d9b67feb80e033647e80e39f3c3feb,38706,b9ef97d6705384ef0c5b161bd50dcc1b063ee65153b567cc61b2361d04443e2c,research/extract/decoded_pck/LOCPCK_TBL.decoded.bin,research/extract/rendered_pck_selected_probe/LOCPCK_TBL/choice0_thr224/render_manifest.json
pck_selected_frame_probe,LOCPCK_TBL.decoded.bin,pck_object_0022,,160,160,pck_selected_frame_diagnostic_probe,,,,,research/extract/rendered_pck_selected_probe/LOCPCK_TBL/choice0_thr32/LOCPCK_TBL_pck_object_0022_choice000_thr032_selected_probe.png,480,480,3,d2b6fa7e7489d706805daa944b0595cf73d9b67feb80e033647e80e39f3c3feb,38706,b9ef97d6705384ef0c5b161bd50dcc1b063ee65153b567cc61b2361d04443e2c,research/extract/decoded_pck/LOCPCK_TBL.decoded.bin,research/extract/rendered_pck_selected_probe/LOCPCK_TBL/choice0_thr32/render_manifest.json
pck_selected_frame_probe,LOCPCK_TBL.decoded.bin,pck_object_0022,,160,160,pck_selected_frame_diagnostic_probe,,,,,research/extract/rendered_pck_selected_probe/LOCPCK_TBL/choice0_thr64/LOCPCK_TBL_pck_object_0022_choice000_thr064_selected_probe.png,480,480,3,d2b6fa7e7489d706805daa944b0595cf73d9b67feb80e033647e80e39f3c3feb,38706,b9ef97d6705384ef0c5b161bd50dcc1b063ee65153b567cc61b2361d04443e2c,research/extract/decoded_pck/LOCPCK_TBL.decoded.bin,research/extract/rendered_pck_selected_probe/LOCPCK_TBL/choice0_thr64/render_manifest.json
pck_selected_frame_probe,LOCPCK_TBL.decoded.bin,pck_object_0022,,160,160,pck_selected_frame_diagnostic_probe,,,,,research/extract/rendered_pck_selected_probe/LOCPCK_TBL/choice0_thr96/LOCPCK_TBL_pck_object_0022_choice000_thr096_selected_probe.png,480,480,3,d2b6fa7e7489d706805daa944b0595cf73d9b67feb80e033647e80e39f3c3feb,38706,b9ef97d6705384ef0c5b161bd50dcc1b063ee65153b567cc61b2361d04443e2c,research/extract/decoded_pck/LOCPCK_TBL.decoded.bin,research/extract/rendered_pck_selected_probe/LOCPCK_TBL/choice0_thr96/render_manifest.json
pck_selected_frame_probe,LOCPCK_TBL.decoded.bin,pck_object_0026,,160,160,pck_selected_frame_diagnostic_probe,,,,,research/extract/rendered_pck_selected_probe/LOCPCK_TBL/choice0_thr0/LOCPCK_TBL_pck_object_0026_choice000_thr000_selected_probe.png,480,480,2,37983470bcc443ad09b737c5cddcd86833ca3093f259acfbca5bb3899996f29e,38706,b9ef97d6705384ef0c5b161bd50dcc1b063ee65153b567cc61b2361d04443e2c,research/extract/decoded_pck/LOCPCK_TBL.decoded.bin,research/extract/rendered_pck_selected_probe/LOCPCK_TBL/choice0_thr0/render_manifest.json
pck_selected_frame_probe,LOCPCK_TBL.decoded.bin,pck_object_0026,,160,160,pck_selected_frame_diagnostic_probe,,,,,research/extract/rendered_pck_selected_probe/LOCPCK_TBL/choice0_thr128/LOCPCK_TBL_pck_object_0026_choice000_thr128_selected_probe.png,480,480,2,37983470bcc443ad09b737c5cddcd86833ca3093f259acfbca5bb3899996f29e,38706,b9ef97d6705384ef0c5b161bd50dcc1b063ee65153b567cc61b2361d04443e2c,research/extract/decoded_pck/LOCPCK_TBL.decoded.bin,research/extract/rendered_pck_selected_probe/LOCPCK_TBL/choice0_thr128/render_manifest.json
pck_selected_frame_probe,LOCPCK_TBL.decoded.bin,pck_object_0026,,160,160,pck_selected_frame_diagnostic_probe,,,,,research/extract/rendered_pck_selected_probe/LOCPCK_TBL/choice0_thr160/LOCPCK_TBL_pck_object_0026_choice000_thr160_selected_probe.png,480,480,2,37983470bcc443ad09b737c5cddcd86833ca3093f259acfbca5bb3899996f29e,38706,b9ef97d6705384ef0c5b161bd50dcc1b063ee65153b567cc61b2361d04443e2c,research/extract/decoded_pck/LOCPCK_TBL.decoded.bin,research/extract/rendered_pck_selected_probe/LOCPCK_TBL/choice0_thr160/render_manifest.json
pck_selected_frame_probe,LOCPCK_TBL.decoded.bin,pck_object_0026,,160,160,pck_selected_frame_diagnostic_probe,,,,,research/extract/rendered_pck_selected_probe/LOCPCK_TBL/choice0_thr192/LOCPCK_TBL_pck_object_0026_choice000_thr192_selected_probe.png,480,480,2,37983470bcc443ad09b737c5cddcd86833ca3093f259acfbca5bb3899996f29e,38706,b9ef97d6705384ef0c5b161bd50dcc1b063ee65153b567cc61b2361d04443e2c,research/extract/decoded_pck/LOCPCK_TBL.decoded.bin,research/extract/rendered_pck_selected_probe/LOCPCK_TBL/choice0_thr192/render_manifest.json
pck_selected_frame_probe,LOCPCK_TBL.decoded.bin,pck_object_0026,,160,160,pck_selected_frame_diagnostic_probe,,,,,research/extract/rendered_pck_selected_probe/LOCPCK_TBL/choice0_thr224/LOCPCK_TBL_pck_object_0026_choice000_thr224_selected_probe.png,480,480,2,37983470bcc443ad09b737c5cddcd86833ca3093f259acfbca5bb3899996f29e,38706,b9ef97d6705384ef0c5b161bd50dcc1b063ee65153b567cc61b2361d04443e2c,research/extract/decoded_pck/LOCPCK_TBL.decoded.bin,research/extract/rendered_pck_selected_probe/LOCPCK_TBL/choice0_thr224/render_manifest.json
pck_selected_frame_probe,LOCPCK_TBL.decoded.bin,pck_object_0026,,160,160,pck_selected_frame_diagnostic_probe,,,,,research/extract/rendered_pck_selected_probe/LOCPCK_TBL/choice0_thr32/LOCPCK_TBL_pck_object_0026_choice000_thr032_selected_probe.png,480,480,2,37983470bcc443ad09b737c5cddcd86833ca3093f259acfbca5bb3899996f29e,38706,b9ef97d6705384ef0c5b161bd50dcc1b063ee65153b567cc61b2361d04443e2c,research/extract/decoded_pck/LOCPCK_TBL.decoded.bin,research/extract/rendered_pck_selected_probe/LOCPCK_TBL/choice0_thr32/render_manifest.json
pck_selected_frame_probe,LOCPCK_TBL.decoded.bin,pck_object_0026,,160,160,pck_selected_frame_diagnostic_probe,,,,,research/extract/rendered_pck_selected_probe/LOCPCK_TBL/choice0_thr64/LOCPCK_TBL_pck_object_0026_choice000_thr064_selected_probe.png,480,480,2,37983470bcc443ad09b737c5cddcd86833ca3093f259acfbca5bb3899996f29e,38706,b9ef97d6705384ef0c5b161bd50dcc1b063ee65153b567cc61b2361d04443e2c,research/extract/decoded_pck/LOCPCK_TBL.decoded.bin,research/extract/rendered_pck_selected_probe/LOCPCK_TBL/choice0_thr64/render_manifest.json
pck_selected_frame_probe,LOCPCK_TBL.decoded.bin,pck_object_0026,,160,160,pck_selected_frame_diagnostic_probe,,,,,research/extract/rendered_pck_selected_probe/LOCPCK_TBL/choice0_thr96/LOCPCK_TBL_pck_object_0026_choice000_thr096_selected_probe.png,480,480,2,37983470bcc443ad09b737c5cddcd86833ca3093f259acfbca5bb3899996f29e,38706,b9ef97d6705384ef0c5b161bd50dcc1b063ee65153b567cc61b2361d04443e2c,research/extract/decoded_pck/LOCPCK_TBL.decoded.bin,research/extract/rendered_pck_selected_probe/LOCPCK_TBL/choice0_thr96/render_manifest.json
pck_selected_frame_probe,LOCPCK_TBL.decoded.bin,pck_object_0029,,160,160,pck_selected_frame_diagnostic_probe,,,,,research/extract/rendered_pck_selected_probe/LOCPCK_TBL/choice0_thr0/LOCPCK_TBL_pck_object_0029_choice000_thr000_selected_probe.png,480,480,4,64216cb0d94ee5d70a30bf3abcf3f3b06b526f0d7a7267dc77a848e429a6c16c,38706,b9ef97d6705384ef0c5b161bd50dcc1b063ee65153b567cc61b2361d04443e2c,research/extract/decoded_pck/LOCPCK_TBL.decoded.bin,research/extract/rendered_pck_selected_probe/LOCPCK_TBL/choice0_thr0/render_manifest.json
pck_selected_frame_probe,LOCPCK_TBL.decoded.bin,pck_object_0029,,160,160,pck_selected_frame_diagnostic_probe,,,,,research/extract/rendered_pck_selected_probe/LOCPCK_TBL/choice0_thr128/LOCPCK_TBL_pck_object_0029_choice000_thr128_selected_probe.png,480,480,4,64216cb0d94ee5d70a30bf3abcf3f3b06b526f0d7a7267dc77a848e429a6c16c,38706,b9ef97d6705384ef0c5b161bd50dcc1b063ee65153b567cc61b2361d04443e2c,research/extract/decoded_pck/LOCPCK_TBL.decoded.bin,research/extract/rendered_pck_selected_probe/LOCPCK_TBL/choice0_thr128/render_manifest.json
pck_selected_frame_probe,LOCPCK_TBL.decoded.bin,pck_object_0029,,160,160,pck_selected_frame_diagnostic_probe,,,,,research/extract/rendered_pck_selected_probe/LOCPCK_TBL/choice0_thr160/LOCPCK_TBL_pck_object_0029_choice000_thr160_selected_probe.png,480,480,4,64216cb0d94ee5d70a30bf3abcf3f3b06b526f0d7a7267dc77a848e429a6c16c,38706,b9ef97d6705384ef0c5b161bd50dcc1b063ee65153b567cc61b2361d04443e2c,research/extract/decoded_pck/LOCPCK_TBL.decoded.bin,research/extract/rendered_pck_selected_probe/LOCPCK_TBL/choice0_thr160/render_manifest.json
pck_selected_frame_probe,LOCPCK_TBL.decoded.bin,pck_object_0029,,160,160,pck_selected_frame_diagnostic_probe,,,,,research/extract/rendered_pck_selected_probe/LOCPCK_TBL/choice0_thr192/LOCPCK_TBL_pck_object_0029_choice000_thr192_selected_probe.png,480,480,4,64216cb0d94ee5d70a30bf3abcf3f3b06b526f0d7a7267dc77a848e429a6c16c,38706,b9ef97d6705384ef0c5b161bd50dcc1b063ee65153b567cc61b2361d04443e2c,research/extract/decoded_pck/LOCPCK_TBL.decoded.bin,research/extract/rendered_pck_selected_probe/LOCPCK_TBL/choice0_thr192/render_manifest.json
pck_selected_frame_probe,LOCPCK_TBL.decoded.bin,pck_object_0029,,160,160,pck_selected_frame_diagnostic_probe,,,,,research/extract/rendered_pck_selected_probe/LOCPCK_TBL/choice0_thr224/LOCPCK_TBL_pck_object_0029_choice000_thr224_selected_probe.png,480,480,4,64216cb0d94ee5d70a30bf3abcf3f3b06b526f0d7a7267dc77a848e429a6c16c,38706,b9ef97d6705384ef0c5b161bd50dcc1b063ee65153b567cc61b2361d04443e2c,research/extract/decoded_pck/LOCPCK_TBL.decoded.bin,research/extract/rendered_pck_selected_probe/LOCPCK_TBL/choice0_thr224/render_manifest.json
pck_selected_frame_probe,LOCPCK_TBL.decoded.bin,pck_object_0029,,160,160,pck_selected_frame_diagnostic_probe,,,,,research/extract/rendered_pck_selected_probe/LOCPCK_TBL/choice0_thr32/LOCPCK_TBL_pck_object_0029_choice000_thr032_selected_probe.png,480,480,4,64216cb0d94ee5d70a30bf3abcf3f3b06b526f0d7a7267dc77a848e429a6c16c,38706,b9ef97d6705384ef0c5b161bd50dcc1b063ee65153b567cc61b2361d04443e2c,research/extract/decoded_pck/LOCPCK_TBL.decoded.bin,research/extract/rendered_pck_selected_probe/LOCPCK_TBL/choice0_thr32/render_manifest.json
pck_selected_frame_probe,LOCPCK_TBL.decoded.bin,pck_object_0029,,160,160,pck_selected_frame_diagnostic_probe,,,,,research/extract/rendered_pck_selected_probe/LOCPCK_TBL/choice0_thr64/LOCPCK_TBL_pck_object_0029_choice000_thr064_selected_probe.png,480,480,4,64216cb0d94ee5d70a30bf3abcf3f3b06b526f0d7a7267dc77a848e429a6c16c,38706,b9ef97d6705384ef0c5b161bd50dcc1b063ee65153b567cc61b2361d04443e2c,research/extract/decoded_pck/LOCPCK_TBL.decoded.bin,research/extract/rendered_pck_selected_probe/LOCPCK_TBL/choice0_thr64/render_manifest.json
pck_selected_frame_probe,LOCPCK_TBL.decoded.bin,pck_object_0029,,160,160,pck_selected_frame_diagnostic_probe,,,,,research/extract/rendered_pck_selected_probe/LOCPCK_TBL/choice0_thr96/LOCPCK_TBL_pck_object_0029_choice000_thr096_selected_probe.png,480,480,4,64216cb0d94ee5d70a30bf3abcf3f3b06b526f0d7a7267dc77a848e429a6c16c,38706,b9ef97d6705384ef0c5b161bd50dcc1b063ee65153b567cc61b2361d04443e2c,research/extract/decoded_pck/LOCPCK_TBL.decoded.bin,research/extract/rendered_pck_selected_probe/LOCPCK_TBL/choice0_thr96/render_manifest.json
pck_selected_frame_probe,LOCPCK_TBL.decoded.bin,pck_object_0035,,160,160,pck_selected_frame_diagnostic_probe,,,,,research/extract/rendered_pck_selected_probe/LOCPCK_TBL/choice0_thr0/LOCPCK_TBL_pck_object_0035_choice000_thr000_selected_probe.png,480,480,3,f0ae2999f642b84348429fd9a7122bbee03cdab49f3367cf7035b3d0fe608dc6,38706,b9ef97d6705384ef0c5b161bd50dcc1b063ee65153b567cc61b2361d04443e2c,research/extract/decoded_pck/LOCPCK_TBL.decoded.bin,research/extract/rendered_pck_selected_probe/LOCPCK_TBL/choice0_thr0/render_manifest.json
pck_selected_frame_probe,LOCPCK_TBL.decoded.bin,pck_object_0035,,160,160,pck_selected_frame_diagnostic_probe,,,,,research/extract/rendered_pck_selected_probe/LOCPCK_TBL/choice0_thr128/LOCPCK_TBL_pck_object_0035_choice000_thr128_selected_probe.png,480,480,3,ff5405cba1d8af1457a5ebe72ea62683c18043beac4586edb83ea94f8e00a16b,38706,b9ef97d6705384ef0c5b161bd50dcc1b063ee65153b567cc61b2361d04443e2c,research/extract/decoded_pck/LOCPCK_TBL.decoded.bin,research/extract/rendered_pck_selected_probe/LOCPCK_TBL/choice0_thr128/render_manifest.json
pck_selected_frame_probe,LOCPCK_TBL.decoded.bin,pck_object_0035,,160,160,pck_selected_frame_diagnostic_probe,,,,,research/extract/rendered_pck_selected_probe/LOCPCK_TBL/choice0_thr160/LOCPCK_TBL_pck_object_0035_choice000_thr160_selected_probe.png,480,480,3,caf503755d1003e362869e8e6fd0dffd3d824b2c86c37d5394f1cc16f754591d,38706,b9ef97d6705384ef0c5b161bd50dcc1b063ee65153b567cc61b2361d04443e2c,research/extract/decoded_pck/LOCPCK_TBL.decoded.bin,research/extract/rendered_pck_selected_probe/LOCPCK_TBL/choice0_thr160/render_manifest.json
pck_selected_frame_probe,LOCPCK_TBL.decoded.bin,pck_object_0035,,160,160,pck_selected_frame_diagnostic_probe,,,,,research/extract/rendered_pck_selected_probe/LOCPCK_TBL/choice0_thr192/LOCPCK_TBL_pck_object_0035_choice000_thr192_selected_probe.png,480,480,3,caf503755d1003e362869e8e6fd0dffd3d824b2c86c37d5394f1cc16f754591d,38706,b9ef97d6705384ef0c5b161bd50dcc1b063ee65153b567cc61b2361d04443e2c,research/extract/decoded_pck/LOCPCK_TBL.decoded.bin,research/extract/rendered_pck_selected_probe/LOCPCK_TBL/choice0_thr192/render_manifest.json
pck_selected_frame_probe,LOCPCK_TBL.decoded.bin,pck_object_0035,,160,160,pck_selected_frame_diagnostic_probe,,,,,research/extract/rendered_pck_selected_probe/LOCPCK_TBL/choice0_thr224/LOCPCK_TBL_pck_object_0035_choice000_thr224_selected_probe.png,480,480,3,a1e5e20b94531289091f67e6fde4e0463efa7387cfb62f537c3b7f991da79479,38706,b9ef97d6705384ef0c5b161bd50dcc1b063ee65153b567cc61b2361d04443e2c,research/extract/decoded_pck/LOCPCK_TBL.decoded.bin,research/extract/rendered_pck_selected_probe/LOCPCK_TBL/choice0_thr224/render_manifest.json
pck_selected_frame_probe,LOCPCK_TBL.decoded.bin,pck_object_0035,,160,160,pck_selected_frame_diagnostic_probe,,,,,research/extract/rendered_pck_selected_probe/LOCPCK_TBL/choice0_thr32/LOCPCK_TBL_pck_object_0035_choice000_thr032_selected_probe.png,480,480,3,f0ae2999f642b84348429fd9a7122bbee03cdab49f3367cf7035b3d0fe608dc6,38706,b9ef97d6705384ef0c5b161bd50dcc1b063ee65153b567cc61b2361d04443e2c,research/extract/decoded_pck/LOCPCK_TBL.decoded.bin,research/extract/rendered_pck_selected_probe/LOCPCK_TBL/choice0_thr32/render_manifest.json
pck_selected_frame_probe,LOCPCK_TBL.decoded.bin,pck_object_0035,,160,160,pck_selected_frame_diagnostic_probe,,,,,research/extract/rendered_pck_selected_probe/LOCPCK_TBL/choice0_thr64/LOCPCK_TBL_pck_object_0035_choice000_thr064_selected_probe.png,480,480,3,3803e6bcf564f428d0c5dc313517bb08c055b58774a596b664284ddeb70b86bd,38706,b9ef97d6705384ef0c5b161bd50dcc1b063ee65153b567cc61b2361d04443e2c,research/extract/decoded_pck/LOCPCK_TBL.decoded.bin,research/extract/rendered_pck_selected_probe/LOCPCK_TBL/choice0_thr64/render_manifest.json
pck_selected_frame_probe,LOCPCK_TBL.decoded.bin,pck_object_0035,,160,160,pck_selected_frame_diagnostic_probe,,,,,research/extract/rendered_pck_selected_probe/LOCPCK_TBL/choice0_thr96/LOCPCK_TBL_pck_object_0035_choice000_thr096_selected_probe.png,480,480,3,05020a752aaf17ce21bb9293753c24d65ecd317277c28a7b68d9cda0a9f3432c,38706,b9ef97d6705384ef0c5b161bd50dcc1b063ee65153b567cc61b2361d04443e2c,research/extract/decoded_pck/LOCPCK_TBL.decoded.bin,research/extract/rendered_pck_selected_probe/LOCPCK_TBL/choice0_thr96/render_manifest.json
pck_selected_frame_probe,LOCPCK_TBL.decoded.bin,pck_object_0043,,160,160,pck_selected_frame_diagnostic_probe,,,,,research/extract/rendered_pck_selected_probe/LOCPCK_TBL/choice0_thr0/LOCPCK_TBL_pck_object_0043_choice000_thr000_selected_probe.png,480,480,4,ddae8280b86b08d5a39a50a667180ebb189a0694360bbb943a8d68382476fe96,38706,b9ef97d6705384ef0c5b161bd50dcc1b063ee65153b567cc61b2361d04443e2c,research/extract/decoded_pck/LOCPCK_TBL.decoded.bin,research/extract/rendered_pck_selected_probe/LOCPCK_TBL/choice0_thr0/render_manifest.json
pck_selected_frame_probe,LOCPCK_TBL.decoded.bin,pck_object_0043,,160,160,pck_selected_frame_diagnostic_probe,,,,,research/extract/rendered_pck_selected_probe/LOCPCK_TBL/choice0_thr128/LOCPCK_TBL_pck_object_0043_choice000_thr128_selected_probe.png,480,480,4,55210a110b4817e82d1d8c3727bdb300f0f0fe90a77d53912ade62faaf3861ee,38706,b9ef97d6705384ef0c5b161bd50dcc1b063ee65153b567cc61b2361d04443e2c,research/extract/decoded_pck/LOCPCK_TBL.decoded.bin,research/extract/rendered_pck_selected_probe/LOCPCK_TBL/choice0_thr128/render_manifest.json
pck_selected_frame_probe,LOCPCK_TBL.decoded.bin,pck_object_0043,,160,160,pck_selected_frame_diagnostic_probe,,,,,research/extract/rendered_pck_selected_probe/LOCPCK_TBL/choice0_thr160/LOCPCK_TBL_pck_object_0043_choice000_thr160_selected_probe.png,480,480,4,2b25564b95ec4b6a724bd8fb2a3735b566471b6db2efadec2fe5212bbeba2724,38706,b9ef97d6705384ef0c5b161bd50dcc1b063ee65153b567cc61b2361d04443e2c,research/extract/decoded_pck/LOCPCK_TBL.decoded.bin,research/extract/rendered_pck_selected_probe/LOCPCK_TBL/choice0_thr160/render_manifest.json
pck_selected_frame_probe,LOCPCK_TBL.decoded.bin,pck_object_0043,,160,160,pck_selected_frame_diagnostic_probe,,,,,research/extract/rendered_pck_selected_probe/LOCPCK_TBL/choice0_thr192/LOCPCK_TBL_pck_object_0043_choice000_thr192_selected_probe.png,480,480,4,2b25564b95ec4b6a724bd8fb2a3735b566471b6db2efadec2fe5212bbeba2724,38706,b9ef97d6705384ef0c5b161bd50dcc1b063ee65153b567cc61b2361d04443e2c,research/extract/decoded_pck/LOCPCK_TBL.decoded.bin,research/extract/rendered_pck_selected_probe/LOCPCK_TBL/choice0_thr192/render_manifest.json
pck_selected_frame_probe,LOCPCK_TBL.decoded.bin,pck_object_0043,,160,160,pck_selected_frame_diagnostic_probe,,,,,research/extract/rendered_pck_selected_probe/LOCPCK_TBL/choice0_thr224/LOCPCK_TBL_pck_object_0043_choice000_thr224_selected_probe.png,480,480,4,2b25564b95ec4b6a724bd8fb2a3735b566471b6db2efadec2fe5212bbeba2724,38706,b9ef97d6705384ef0c5b161bd50dcc1b063ee65153b567cc61b2361d04443e2c,research/extract/decoded_pck/LOCPCK_TBL.decoded.bin,research/extract/rendered_pck_selected_probe/LOCPCK_TBL/choice0_thr224/render_manifest.json
pck_selected_frame_probe,LOCPCK_TBL.decoded.bin,pck_object_0043,,160,160,pck_selected_frame_diagnostic_probe,,,,,research/extract/rendered_pck_selected_probe/LOCPCK_TBL/choice0_thr32/LOCPCK_TBL_pck_object_0043_choice000_thr032_selected_probe.png,480,480,4,55210a110b4817e82d1d8c3727bdb300f0f0fe90a77d53912ade62faaf3861ee,38706,b9ef97d6705384ef0c5b161bd50dcc1b063ee65153b567cc61b2361d04443e2c,research/extract/decoded_pck/LOCPCK_TBL.decoded.bin,research/extract/rendered_pck_selected_probe/LOCPCK_TBL/choice0_thr32/render_manifest.json
pck_selected_frame_probe,LOCPCK_TBL.decoded.bin,pck_object_0043,,160,160,pck_selected_frame_diagnostic_probe,,,,,research/extract/rendered_pck_selected_probe/LOCPCK_TBL/choice0_thr64/LOCPCK_TBL_pck_object_0043_choice000_thr064_selected_probe.png,480,480,4,55210a110b4817e82d1d8c3727bdb300f0f0fe90a77d53912ade62faaf3861ee,38706,b9ef97d6705384ef0c5b161bd50dcc1b063ee65153b567cc61b2361d04443e2c,research/extract/decoded_pck/LOCPCK_TBL.decoded.bin,research/extract/rendered_pck_selected_probe/LOCPCK_TBL/choice0_thr64/render_manifest.json
pck_selected_frame_probe,LOCPCK_TBL.decoded.bin,pck_object_0043,,160,160,pck_selected_frame_diagnostic_probe,,,,,research/extract/rendered_pck_selected_probe/LOCPCK_TBL/choice0_thr96/LOCPCK_TBL_pck_object_0043_choice000_thr096_selected_probe.png,480,480,4,55210a110b4817e82d1d8c3727bdb300f0f0fe90a77d53912ade62faaf3861ee,38706,b9ef97d6705384ef0c5b161bd50dcc1b063ee65153b567cc61b2361d04443e2c,research/extract/decoded_pck/LOCPCK_TBL.decoded.bin,research/extract/rendered_pck_selected_probe/LOCPCK_TBL/choice0_thr96/render_manifest.json
pck_selected_frame_probe,LOCPCK_TBL.decoded.bin,pck_object_0045,,160,160,pck_selected_frame_diagnostic_probe,,,,,research/extract/rendered_pck_selected_probe/LOCPCK_TBL/choice0_thr0/LOCPCK_TBL_pck_object_0045_choice000_thr000_selected_probe.png,480,480,4,82043f6b07ca3bb90b9489048f86802730232b8882d0b4dffbfe039b56b500da,38706,b9ef97d6705384ef0c5b161bd50dcc1b063ee65153b567cc61b2361d04443e2c,research/extract/decoded_pck/LOCPCK_TBL.decoded.bin,research/extract/rendered_pck_selected_probe/LOCPCK_TBL/choice0_thr0/render_manifest.json
pck_selected_frame_probe,LOCPCK_TBL.decoded.bin,pck_object_0045,,160,160,pck_selected_frame_diagnostic_probe,,,,,research/extract/rendered_pck_selected_probe/LOCPCK_TBL/choice0_thr128/LOCPCK_TBL_pck_object_0045_choice000_thr128_selected_probe.png,480,480,4,82043f6b07ca3bb90b9489048f86802730232b8882d0b4dffbfe039b56b500da,38706,b9ef97d6705384ef0c5b161bd50dcc1b063ee65153b567cc61b2361d04443e2c,research/extract/decoded_pck/LOCPCK_TBL.decoded.bin,research/extract/rendered_pck_selected_probe/LOCPCK_TBL/choice0_thr128/render_manifest.json
pck_selected_frame_probe,LOCPCK_TBL.decoded.bin,pck_object_0045,,160,160,pck_selected_frame_diagnostic_probe,,,,,research/extract/rendered_pck_selected_probe/LOCPCK_TBL/choice0_thr160/LOCPCK_TBL_pck_object_0045_choice000_thr160_selected_probe.png,480,480,3,5d7d7c2449c2e692b1ce52ae83c4296937b1a2018db7b0a57e3c8b1f9e247b26,38706,b9ef97d6705384ef0c5b161bd50dcc1b063ee65153b567cc61b2361d04443e2c,research/extract/decoded_pck/LOCPCK_TBL.decoded.bin,research/extract/rendered_pck_selected_probe/LOCPCK_TBL/choice0_thr160/render_manifest.json
pck_selected_frame_probe,LOCPCK_TBL.decoded.bin,pck_object_0045,,160,160,pck_selected_frame_diagnostic_probe,,,,,research/extract/rendered_pck_selected_probe/LOCPCK_TBL/choice0_thr192/LOCPCK_TBL_pck_object_0045_choice000_thr192_selected_probe.png,480,480,3,5d7d7c2449c2e692b1ce52ae83c4296937b1a2018db7b0a57e3c8b1f9e247b26,38706,b9ef97d6705384ef0c5b161bd50dcc1b063ee65153b567cc61b2361d04443e2c,research/extract/decoded_pck/LOCPCK_TBL.decoded.bin,research/extract/rendered_pck_selected_probe/LOCPCK_TBL/choice0_thr192/render_manifest.json
pck_selected_frame_probe,LOCPCK_TBL.decoded.bin,pck_object_0045,,160,160,pck_selected_frame_diagnostic_probe,,,,,research/extract/rendered_pck_selected_probe/LOCPCK_TBL/choice0_thr224/LOCPCK_TBL_pck_object_0045_choice000_thr224_selected_probe.png,480,480,2,37983470bcc443ad09b737c5cddcd86833ca3093f259acfbca5bb3899996f29e,38706,b9ef97d6705384ef0c5b161bd50dcc1b063ee65153b567cc61b2361d04443e2c,research/extract/decoded_pck/LOCPCK_TBL.decoded.bin,research/extract/rendered_pck_selected_probe/LOCPCK_TBL/choice0_thr224/render_manifest.json
pck_selected_frame_probe,LOCPCK_TBL.decoded.bin,pck_object_0045,,160,160,pck_selected_frame_diagnostic_probe,,,,,research/extract/rendered_pck_selected_probe/LOCPCK_TBL/choice0_thr32/LOCPCK_TBL_pck_object_0045_choice000_thr032_selected_probe.png,480,480,4,82043f6b07ca3bb90b9489048f86802730232b8882d0b4dffbfe039b56b500da,38706,b9ef97d6705384ef0c5b161bd50dcc1b063ee65153b567cc61b2361d04443e2c,research/extract/decoded_pck/LOCPCK_TBL.decoded.bin,research/extract/rendered_pck_selected_probe/LOCPCK_TBL/choice0_thr32/render_manifest.json
pck_selected_frame_probe,LOCPCK_TBL.decoded.bin,pck_object_0045,,160,160,pck_selected_frame_diagnostic_probe,,,,,research/extract/rendered_pck_selected_probe/LOCPCK_TBL/choice0_thr64/LOCPCK_TBL_pck_object_0045_choice000_thr064_selected_probe.png,480,480,4,82043f6b07ca3bb90b9489048f86802730232b8882d0b4dffbfe039b56b500da,38706,b9ef97d6705384ef0c5b161bd50dcc1b063ee65153b567cc61b2361d04443e2c,research/extract/decoded_pck/LOCPCK_TBL.decoded.bin,research/extract/rendered_pck_selected_probe/LOCPCK_TBL/choice0_thr64/render_manifest.json
pck_selected_frame_probe,LOCPCK_TBL.decoded.bin,pck_object_0045,,160,160,pck_selected_frame_diagnostic_probe,,,,,research/extract/rendered_pck_selected_probe/LOCPCK_TBL/choice0_thr96/LOCPCK_TBL_pck_object_0045_choice000_thr096_selected_probe.png,480,480,4,82043f6b07ca3bb90b9489048f86802730232b8882d0b4dffbfe039b56b500da,38706,b9ef97d6705384ef0c5b161bd50dcc1b063ee65153b567cc61b2361d04443e2c,research/extract/decoded_pck/LOCPCK_TBL.decoded.bin,research/extract/rendered_pck_selected_probe/LOCPCK_TBL/choice0_thr96/render_manifest.json
pck_selected_frame_probe,LOCPCK_TBL.decoded.bin,pck_object_0047,,160,160,pck_selected_frame_diagnostic_probe,,,,,research/extract/rendered_pck_selected_probe/LOCPCK_TBL/choice0_thr0/LOCPCK_TBL_pck_object_0047_choice000_thr000_selected_probe.png,480,480,3,3803e6bcf564f428d0c5dc313517bb08c055b58774a596b664284ddeb70b86bd,38706,b9ef97d6705384ef0c5b161bd50dcc1b063ee65153b567cc61b2361d04443e2c,research/extract/decoded_pck/LOCPCK_TBL.decoded.bin,research/extract/rendered_pck_selected_probe/LOCPCK_TBL/choice0_thr0/render_manifest.json
pck_selected_frame_probe,LOCPCK_TBL.decoded.bin,pck_object_0047,,160,160,pck_selected_frame_diagnostic_probe,,,,,research/extract/rendered_pck_selected_probe/LOCPCK_TBL/choice0_thr128/LOCPCK_TBL_pck_object_0047_choice000_thr128_selected_probe.png,480,480,3,05020a752aaf17ce21bb9293753c24d65ecd317277c28a7b68d9cda0a9f3432c,38706,b9ef97d6705384ef0c5b161bd50dcc1b063ee65153b567cc61b2361d04443e2c,research/extract/decoded_pck/LOCPCK_TBL.decoded.bin,research/extract/rendered_pck_selected_probe/LOCPCK_TBL/choice0_thr128/render_manifest.json
pck_selected_frame_probe,LOCPCK_TBL.decoded.bin,pck_object_0047,,160,160,pck_selected_frame_diagnostic_probe,,,,,research/extract/rendered_pck_selected_probe/LOCPCK_TBL/choice0_thr160/LOCPCK_TBL_pck_object_0047_choice000_thr160_selected_probe.png,480,480,3,a1febbcc2f50e0d86037ffe44b88e7909acf491508bad85e980b7ffb25d67287,38706,b9ef97d6705384ef0c5b161bd50dcc1b063ee65153b567cc61b2361d04443e2c,research/extract/decoded_pck/LOCPCK_TBL.decoded.bin,research/extract/rendered_pck_selected_probe/LOCPCK_TBL/choice0_thr160/render_manifest.json
pck_selected_frame_probe,LOCPCK_TBL.decoded.bin,pck_object_0047,,160,160,pck_selected_frame_diagnostic_probe,,,,,research/extract/rendered_pck_selected_probe/LOCPCK_TBL/choice0_thr192/LOCPCK_TBL_pck_object_0047_choice000_thr192_selected_probe.png,480,480,3,a1febbcc2f50e0d86037ffe44b88e7909acf491508bad85e980b7ffb25d67287,38706,b9ef97d6705384ef0c5b161bd50dcc1b063ee65153b567cc61b2361d04443e2c,research/extract/decoded_pck/LOCPCK_TBL.decoded.bin,research/extract/rendered_pck_selected_probe/LOCPCK_TBL/choice0_thr192/render_manifest.json
pck_selected_frame_probe,LOCPCK_TBL.decoded.bin,pck_object_0047,,160,160,pck_selected_frame_diagnostic_probe,,,,,research/extract/rendered_pck_selected_probe/LOCPCK_TBL/choice0_thr224/LOCPCK_TBL_pck_object_0047_choice000_thr224_selected_probe.png,480,480,3,a1febbcc2f50e0d86037ffe44b88e7909acf491508bad85e980b7ffb25d67287,38706,b9ef97d6705384ef0c5b161bd50dcc1b063ee65153b567cc61b2361d04443e2c,research/extract/decoded_pck/LOCPCK_TBL.decoded.bin,research/extract/rendered_pck_selected_probe/LOCPCK_TBL/choice0_thr224/render_manifest.json
pck_selected_frame_probe,LOCPCK_TBL.decoded.bin,pck_object_0047,,160,160,pck_selected_frame_diagnostic_probe,,,,,research/extract/rendered_pck_selected_probe/LOCPCK_TBL/choice0_thr32/LOCPCK_TBL_pck_object_0047_choice000_thr032_selected_probe.png,480,480,3,d046014b1e68ec0cfa88e27a67963cabeb7d3a2019753c19a2660a4fec22fb15,38706,b9ef97d6705384ef0c5b161bd50dcc1b063ee65153b567cc61b2361d04443e2c,research/extract/decoded_pck/LOCPCK_TBL.decoded.bin,research/extract/rendered_pck_selected_probe/LOCPCK_TBL/choice0_thr32/render_manifest.json
pck_selected_frame_probe,LOCPCK_TBL.decoded.bin,pck_object_0047,,160,160,pck_selected_frame_diagnostic_probe,,,,,research/extract/rendered_pck_selected_probe/LOCPCK_TBL/choice0_thr64/LOCPCK_TBL_pck_object_0047_choice000_thr064_selected_probe.png,480,480,3,05020a752aaf17ce21bb9293753c24d65ecd317277c28a7b68d9cda0a9f3432c,38706,b9ef97d6705384ef0c5b161bd50dcc1b063ee65153b567cc61b2361d04443e2c,research/extract/decoded_pck/LOCPCK_TBL.decoded.bin,research/extract/rendered_pck_selected_probe/LOCPCK_TBL/choice0_thr64/render_manifest.json
pck_selected_frame_probe,LOCPCK_TBL.decoded.bin,pck_object_0047,,160,160,pck_selected_frame_diagnostic_probe,,,,,research/extract/rendered_pck_selected_probe/LOCPCK_TBL/choice0_thr96/LOCPCK_TBL_pck_object_0047_choice000_thr096_selected_probe.png,480,480,3,05020a752aaf17ce21bb9293753c24d65ecd317277c28a7b68d9cda0a9f3432c,38706,b9ef97d6705384ef0c5b161bd50dcc1b063ee65153b567cc61b2361d04443e2c,research/extract/decoded_pck/LOCPCK_TBL.decoded.bin,research/extract/rendered_pck_selected_probe/LOCPCK_TBL/choice0_thr96/render_manifest.json
pck_selected_frame_probe,LOCPCK_TBL.decoded.bin,pck_object_0049,,160,160,pck_selected_frame_diagnostic_probe,,,,,research/extract/rendered_pck_selected_probe/LOCPCK_TBL/choice0_thr0/LOCPCK_TBL_pck_object_0049_choice000_thr000_selected_probe.png,480,480,3,b8f2238686f6012ae7fa483234bdde7f21c196d81fde52449d57f9ba85d21b1d,38706,b9ef97d6705384ef0c5b161bd50dcc1b063ee65153b567cc61b2361d04443e2c,research/extract/decoded_pck/LOCPCK_TBL.decoded.bin,research/extract/rendered_pck_selected_probe/LOCPCK_TBL/choice0_thr0/render_manifest.json
pck_selected_frame_probe,LOCPCK_TBL.decoded.bin,pck_object_0049,,160,160,pck_selected_frame_diagnostic_probe,,,,,research/extract/rendered_pck_selected_probe/LOCPCK_TBL/choice0_thr128/LOCPCK_TBL_pck_object_0049_choice000_thr128_selected_probe.png,480,480,3,b8f2238686f6012ae7fa483234bdde7f21c196d81fde52449d57f9ba85d21b1d,38706,b9ef97d6705384ef0c5b161bd50dcc1b063ee65153b567cc61b2361d04443e2c,research/extract/decoded_pck/LOCPCK_TBL.decoded.bin,research/extract/rendered_pck_selected_probe/LOCPCK_TBL/choice0_thr128/render_manifest.json
pck_selected_frame_probe,LOCPCK_TBL.decoded.bin,pck_object_0049,,160,160,pck_selected_frame_diagnostic_probe,,,,,research/extract/rendered_pck_selected_probe/LOCPCK_TBL/choice0_thr160/LOCPCK_TBL_pck_object_0049_choice000_thr160_selected_probe.png,480,480,2,37983470bcc443ad09b737c5cddcd86833ca3093f259acfbca5bb3899996f29e,38706,b9ef97d6705384ef0c5b161bd50dcc1b063ee65153b567cc61b2361d04443e2c,research/extract/decoded_pck/LOCPCK_TBL.decoded.bin,research/extract/rendered_pck_selected_probe/LOCPCK_TBL/choice0_thr160/render_manifest.json
pck_selected_frame_probe,LOCPCK_TBL.decoded.bin,pck_object_0049,,160,160,pck_selected_frame_diagnostic_probe,,,,,research/extract/rendered_pck_selected_probe/LOCPCK_TBL/choice0_thr192/LOCPCK_TBL_pck_object_0049_choice000_thr192_selected_probe.png,480,480,2,37983470bcc443ad09b737c5cddcd86833ca3093f259acfbca5bb3899996f29e,38706,b9ef97d6705384ef0c5b161bd50dcc1b063ee65153b567cc61b2361d04443e2c,research/extract/decoded_pck/LOCPCK_TBL.decoded.bin,research/extract/rendered_pck_selected_probe/LOCPCK_TBL/choice0_thr192/render_manifest.json
pck_selected_frame_probe,LOCPCK_TBL.decoded.bin,pck_object_0049,,160,160,pck_selected_frame_diagnostic_probe,,,,,research/extract/rendered_pck_selected_probe/LOCPCK_TBL/choice0_thr224/LOCPCK_TBL_pck_object_0049_choice000_thr224_selected_probe.png,480,480,2,37983470bcc443ad09b737c5cddcd86833ca3093f259acfbca5bb3899996f29e,38706,b9ef97d6705384ef0c5b161bd50dcc1b063ee65153b567cc61b2361d04443e2c,research/extract/decoded_pck/LOCPCK_TBL.decoded.bin,research/extract/rendered_pck_selected_probe/LOCPCK_TBL/choice0_thr224/render_manifest.json
pck_selected_frame_probe,LOCPCK_TBL.decoded.bin,pck_object_0049,,160,160,pck_selected_frame_diagnostic_probe,,,,,research/extract/rendered_pck_selected_probe/LOCPCK_TBL/choice0_thr32/LOCPCK_TBL_pck_object_0049_choice000_thr032_selected_probe.png,480,480,3,b8f2238686f6012ae7fa483234bdde7f21c196d81fde52449d57f9ba85d21b1d,38706,b9ef97d6705384ef0c5b161bd50dcc1b063ee65153b567cc61b2361d04443e2c,research/extract/decoded_pck/LOCPCK_TBL.decoded.bin,research/extract/rendered_pck_selected_probe/LOCPCK_TBL/choice0_thr32/render_manifest.json
pck_selected_frame_probe,LOCPCK_TBL.decoded.bin,pck_object_0049,,160,160,pck_selected_frame_diagnostic_probe,,,,,research/extract/rendered_pck_selected_probe/LOCPCK_TBL/choice0_thr64/LOCPCK_TBL_pck_object_0049_choice000_thr064_selected_probe.png,480,480,3,b8f2238686f6012ae7fa483234bdde7f21c196d81fde52449d57f9ba85d21b1d,38706,b9ef97d6705384ef0c5b161bd50dcc1b063ee65153b567cc61b2361d04443e2c,research/extract/decoded_pck/LOCPCK_TBL.decoded.bin,research/extract/rendered_pck_selected_probe/LOCPCK_TBL/choice0_thr64/render_manifest.json
pck_selected_frame_probe,LOCPCK_TBL.decoded.bin,pck_object_0049,,160,160,pck_selected_frame_diagnostic_probe,,,,,research/extract/rendered_pck_selected_probe/LOCPCK_TBL/choice0_thr96/LOCPCK_TBL_pck_object_0049_choice000_thr096_selected_probe.png,480,480,3,b8f2238686f6012ae7fa483234bdde7f21c196d81fde52449d57f9ba85d21b1d,38706,b9ef97d6705384ef0c5b161bd50dcc1b063ee65153b567cc61b2361d04443e2c,research/extract/decoded_pck/LOCPCK_TBL.decoded.bin,research/extract/rendered_pck_selected_probe/LOCPCK_TBL/choice0_thr96/render_manifest.json
pck_selected_frame_probe,LOCPCK_TBL.decoded.bin,pck_object_0051,,160,160,pck_selected_frame_diagnostic_probe,,,,,research/extract/rendered_pck_selected_probe/LOCPCK_TBL/choice0_thr0/LOCPCK_TBL_pck_object_0051_choice000_thr000_selected_probe.png,480,480,3,b8f2238686f6012ae7fa483234bdde7f21c196d81fde52449d57f9ba85d21b1d,38706,b9ef97d6705384ef0c5b161bd50dcc1b063ee65153b567cc61b2361d04443e2c,research/extract/decoded_pck/LOCPCK_TBL.decoded.bin,research/extract/rendered_pck_selected_probe/LOCPCK_TBL/choice0_thr0/render_manifest.json
pck_selected_frame_probe,LOCPCK_TBL.decoded.bin,pck_object_0051,,160,160,pck_selected_frame_diagnostic_probe,,,,,research/extract/rendered_pck_selected_probe/LOCPCK_TBL/choice0_thr128/LOCPCK_TBL_pck_object_0051_choice000_thr128_selected_probe.png,480,480,3,b8f2238686f6012ae7fa483234bdde7f21c196d81fde52449d57f9ba85d21b1d,38706,b9ef97d6705384ef0c5b161bd50dcc1b063ee65153b567cc61b2361d04443e2c,research/extract/decoded_pck/LOCPCK_TBL.decoded.bin,research/extract/rendered_pck_selected_probe/LOCPCK_TBL/choice0_thr128/render_manifest.json
pck_selected_frame_probe,LOCPCK_TBL.decoded.bin,pck_object_0051,,160,160,pck_selected_frame_diagnostic_probe,,,,,research/extract/rendered_pck_selected_probe/LOCPCK_TBL/choice0_thr160/LOCPCK_TBL_pck_object_0051_choice000_thr160_selected_probe.png,480,480,2,37983470bcc443ad09b737c5cddcd86833ca3093f259acfbca5bb3899996f29e,38706,b9ef97d6705384ef0c5b161bd50dcc1b063ee65153b567cc61b2361d04443e2c,research/extract/decoded_pck/LOCPCK_TBL.decoded.bin,research/extract/rendered_pck_selected_probe/LOCPCK_TBL/choice0_thr160/render_manifest.json
pck_selected_frame_probe,LOCPCK_TBL.decoded.bin,pck_object_0051,,160,160,pck_selected_frame_diagnostic_probe,,,,,research/extract/rendered_pck_selected_probe/LOCPCK_TBL/choice0_thr192/LOCPCK_TBL_pck_object_0051_choice000_thr192_selected_probe.png,480,480,2,37983470bcc443ad09b737c5cddcd86833ca3093f259acfbca5bb3899996f29e,38706,b9ef97d6705384ef0c5b161bd50dcc1b063ee65153b567cc61b2361d04443e2c,research/extract/decoded_pck/LOCPCK_TBL.decoded.bin,research/extract/rendered_pck_selected_probe/LOCPCK_TBL/choice0_thr192/render_manifest.json
pck_selected_frame_probe,LOCPCK_TBL.decoded.bin,pck_object_0051,,160,160,pck_selected_frame_diagnostic_probe,,,,,research/extract/rendered_pck_selected_probe/LOCPCK_TBL/choice0_thr224/LOCPCK_TBL_pck_object_0051_choice000_thr224_selected_probe.png,480,480,2,37983470bcc443ad09b737c5cddcd86833ca3093f259acfbca5bb3899996f29e,38706,b9ef97d6705384ef0c5b161bd50dcc1b063ee65153b567cc61b2361d04443e2c,research/extract/decoded_pck/LOCPCK_TBL.decoded.bin,research/extract/rendered_pck_selected_probe/LOCPCK_TBL/choice0_thr224/render_manifest.json
pck_selected_frame_probe,LOCPCK_TBL.decoded.bin,pck_object_0051,,160,160,pck_selected_frame_diagnostic_probe,,,,,research/extract/rendered_pck_selected_probe/LOCPCK_TBL/choice0_thr32/LOCPCK_TBL_pck_object_0051_choice000_thr032_selected_probe.png,480,480,3,b8f2238686f6012ae7fa483234bdde7f21c196d81fde52449d57f9ba85d21b1d,38706,b9ef97d6705384ef0c5b161bd50dcc1b063ee65153b567cc61b2361d04443e2c,research/extract/decoded_pck/LOCPCK_TBL.decoded.bin,research/extract/rendered_pck_selected_probe/LOCPCK_TBL/choice0_thr32/render_manifest.json
pck_selected_frame_probe,LOCPCK_TBL.decoded.bin,pck_object_0051,,160,160,pck_selected_frame_diagnostic_probe,,,,,research/extract/rendered_pck_selected_probe/LOCPCK_TBL/choice0_thr64/LOCPCK_TBL_pck_object_0051_choice000_thr064_selected_probe.png,480,480,3,b8f2238686f6012ae7fa483234bdde7f21c196d81fde52449d57f9ba85d21b1d,38706,b9ef97d6705384ef0c5b161bd50dcc1b063ee65153b567cc61b2361d04443e2c,research/extract/decoded_pck/LOCPCK_TBL.decoded.bin,research/extract/rendered_pck_selected_probe/LOCPCK_TBL/choice0_thr64/render_manifest.json
pck_selected_frame_probe,LOCPCK_TBL.decoded.bin,pck_object_0051,,160,160,pck_selected_frame_diagnostic_probe,,,,,research/extract/rendered_pck_selected_probe/LOCPCK_TBL/choice0_thr96/LOCPCK_TBL_pck_object_0051_choice000_thr096_selected_probe.png,480,480,3,b8f2238686f6012ae7fa483234bdde7f21c196d81fde52449d57f9ba85d21b1d,38706,b9ef97d6705384ef0c5b161bd50dcc1b063ee65153b567cc61b2361d04443e2c,research/extract/decoded_pck/LOCPCK_TBL.decoded.bin,research/extract/rendered_pck_selected_probe/LOCPCK_TBL/choice0_thr96/render_manifest.json
pck_selected_frame_probe,LOCPCK_TBL.decoded.bin,pck_object_0053,,160,160,pck_selected_frame_diagnostic_probe,,,,,research/extract/rendered_pck_selected_probe/LOCPCK_TBL/choice0_thr0/LOCPCK_TBL_pck_object_0053_choice000_thr000_selected_probe.png,480,480,3,b8f2238686f6012ae7fa483234bdde7f21c196d81fde52449d57f9ba85d21b1d,38706,b9ef97d6705384ef0c5b161bd50dcc1b063ee65153b567cc61b2361d04443e2c,research/extract/decoded_pck/LOCPCK_TBL.decoded.bin,research/extract/rendered_pck_selected_probe/LOCPCK_TBL/choice0_thr0/render_manifest.json
pck_selected_frame_probe,LOCPCK_TBL.decoded.bin,pck_object_0053,,160,160,pck_selected_frame_diagnostic_probe,,,,,research/extract/rendered_pck_selected_probe/LOCPCK_TBL/choice0_thr128/LOCPCK_TBL_pck_object_0053_choice000_thr128_selected_probe.png,480,480,3,b8f2238686f6012ae7fa483234bdde7f21c196d81fde52449d57f9ba85d21b1d,38706,b9ef97d6705384ef0c5b161bd50dcc1b063ee65153b567cc61b2361d04443e2c,research/extract/decoded_pck/LOCPCK_TBL.decoded.bin,research/extract/rendered_pck_selected_probe/LOCPCK_TBL/choice0_thr128/render_manifest.json
pck_selected_frame_probe,LOCPCK_TBL.decoded.bin,pck_object_0053,,160,160,pck_selected_frame_diagnostic_probe,,,,,research/extract/rendered_pck_selected_probe/LOCPCK_TBL/choice0_thr160/LOCPCK_TBL_pck_object_0053_choice000_thr160_selected_probe.png,480,480,2,37983470bcc443ad09b737c5cddcd86833ca3093f259acfbca5bb3899996f29e,38706,b9ef97d6705384ef0c5b161bd50dcc1b063ee65153b567cc61b2361d04443e2c,research/extract/decoded_pck/LOCPCK_TBL.decoded.bin,research/extract/rendered_pck_selected_probe/LOCPCK_TBL/choice0_thr160/render_manifest.json
pck_selected_frame_probe,LOCPCK_TBL.decoded.bin,pck_object_0053,,160,160,pck_selected_frame_diagnostic_probe,,,,,research/extract/rendered_pck_selected_probe/LOCPCK_TBL/choice0_thr192/LOCPCK_TBL_pck_object_0053_choice000_thr192_selected_probe.png,480,480,2,37983470bcc443ad09b737c5cddcd86833ca3093f259acfbca5bb3899996f29e,38706,b9ef97d6705384ef0c5b161bd50dcc1b063ee65153b567cc61b2361d04443e2c,research/extract/decoded_pck/LOCPCK_TBL.decoded.bin,research/extract/rendered_pck_selected_probe/LOCPCK_TBL/choice0_thr192/render_manifest.json
pck_selected_frame_probe,LOCPCK_TBL.decoded.bin,pck_object_0053,,160,160,pck_selected_frame_diagnostic_probe,,,,,research/extract/rendered_pck_selected_probe/LOCPCK_TBL/choice0_thr224/LOCPCK_TBL_pck_object_0053_choice000_thr224_selected_probe.png,480,480,2,37983470bcc443ad09b737c5cddcd86833ca3093f259acfbca5bb3899996f29e,38706,b9ef97d6705384ef0c5b161bd50dcc1b063ee65153b567cc61b2361d04443e2c,research/extract/decoded_pck/LOCPCK_TBL.decoded.bin,research/extract/rendered_pck_selected_probe/LOCPCK_TBL/choice0_thr224/render_manifest.json
pck_selected_frame_probe,LOCPCK_TBL.decoded.bin,pck_object_0053,,160,160,pck_selected_frame_diagnostic_probe,,,,,research/extract/rendered_pck_selected_probe/LOCPCK_TBL/choice0_thr32/LOCPCK_TBL_pck_object_0053_choice000_thr032_selected_probe.png,480,480,3,b8f2238686f6012ae7fa483234bdde7f21c196d81fde52449d57f9ba85d21b1d,38706,b9ef97d6705384ef0c5b161bd50dcc1b063ee65153b567cc61b2361d04443e2c,research/extract/decoded_pck/LOCPCK_TBL.decoded.bin,research/extract/rendered_pck_selected_probe/LOCPCK_TBL/choice0_thr32/render_manifest.json
pck_selected_frame_probe,LOCPCK_TBL.decoded.bin,pck_object_0053,,160,160,pck_selected_frame_diagnostic_probe,,,,,research/extract/rendered_pck_selected_probe/LOCPCK_TBL/choice0_thr64/LOCPCK_TBL_pck_object_0053_choice000_thr064_selected_probe.png,480,480,3,b8f2238686f6012ae7fa483234bdde7f21c196d81fde52449d57f9ba85d21b1d,38706,b9ef97d6705384ef0c5b161bd50dcc1b063ee65153b567cc61b2361d04443e2c,research/extract/decoded_pck/LOCPCK_TBL.decoded.bin,research/extract/rendered_pck_selected_probe/LOCPCK_TBL/choice0_thr64/render_manifest.json
pck_selected_frame_probe,LOCPCK_TBL.decoded.bin,pck_object_0053,,160,160,pck_selected_frame_diagnostic_probe,,,,,research/extract/rendered_pck_selected_probe/LOCPCK_TBL/choice0_thr96/LOCPCK_TBL_pck_object_0053_choice000_thr096_selected_probe.png,480,480,3,b8f2238686f6012ae7fa483234bdde7f21c196d81fde52449d57f9ba85d21b1d,38706,b9ef97d6705384ef0c5b161bd50dcc1b063ee65153b567cc61b2361d04443e2c,research/extract/decoded_pck/LOCPCK_TBL.decoded.bin,research/extract/rendered_pck_selected_probe/LOCPCK_TBL/choice0_thr96/render_manifest.json
pck_selected_frame_probe,LOCPCK_TBL.decoded.bin,pck_object_0065,,160,160,pck_selected_frame_diagnostic_probe,,,,,research/extract/rendered_pck_selected_probe/LOCPCK_TBL/choice0_thr0/LOCPCK_TBL_pck_object_0065_choice000_thr000_selected_probe.png,480,480,3,d046014b1e68ec0cfa88e27a67963cabeb7d3a2019753c19a2660a4fec22fb15,38706,b9ef97d6705384ef0c5b161bd50dcc1b063ee65153b567cc61b2361d04443e2c,research/extract/decoded_pck/LOCPCK_TBL.decoded.bin,research/extract/rendered_pck_selected_probe/LOCPCK_TBL/choice0_thr0/render_manifest.json
pck_selected_frame_probe,LOCPCK_TBL.decoded.bin,pck_object_0065,,160,160,pck_selected_frame_diagnostic_probe,,,,,research/extract/rendered_pck_selected_probe/LOCPCK_TBL/choice0_thr128/LOCPCK_TBL_pck_object_0065_choice000_thr128_selected_probe.png,480,480,3,ff5405cba1d8af1457a5ebe72ea62683c18043beac4586edb83ea94f8e00a16b,38706,b9ef97d6705384ef0c5b161bd50dcc1b063ee65153b567cc61b2361d04443e2c,research/extract/decoded_pck/LOCPCK_TBL.decoded.bin,research/extract/rendered_pck_selected_probe/LOCPCK_TBL/choice0_thr128/render_manifest.json
pck_selected_frame_probe,LOCPCK_TBL.decoded.bin,pck_object_0065,,160,160,pck_selected_frame_diagnostic_probe,,,,,research/extract/rendered_pck_selected_probe/LOCPCK_TBL/choice0_thr160/LOCPCK_TBL_pck_object_0065_choice000_thr160_selected_probe.png,480,480,3,caf503755d1003e362869e8e6fd0dffd3d824b2c86c37d5394f1cc16f754591d,38706,b9ef97d6705384ef0c5b161bd50dcc1b063ee65153b567cc61b2361d04443e2c,research/extract/decoded_pck/LOCPCK_TBL.decoded.bin,research/extract/rendered_pck_selected_probe/LOCPCK_TBL/choice0_thr160/render_manifest.json
pck_selected_frame_probe,LOCPCK_TBL.decoded.bin,pck_object_0065,,160,160,pck_selected_frame_diagnostic_probe,,,,,research/extract/rendered_pck_selected_probe/LOCPCK_TBL/choice0_thr192/LOCPCK_TBL_pck_object_0065_choice000_thr192_selected_probe.png,480,480,3,caf503755d1003e362869e8e6fd0dffd3d824b2c86c37d5394f1cc16f754591d,38706,b9ef97d6705384ef0c5b161bd50dcc1b063ee65153b567cc61b2361d04443e2c,research/extract/decoded_pck/LOCPCK_TBL.decoded.bin,research/extract/rendered_pck_selected_probe/LOCPCK_TBL/choice0_thr192/render_manifest.json
pck_selected_frame_probe,LOCPCK_TBL.decoded.bin,pck_object_0065,,160,160,pck_selected_frame_diagnostic_probe,,,,,research/extract/rendered_pck_selected_probe/LOCPCK_TBL/choice0_thr224/LOCPCK_TBL_pck_object_0065_choice000_thr224_selected_probe.png,480,480,3,67adc69e8ce338fb8a920cd7a063a18f94de303bdc301b5c15b6c1b2b2f13461,38706,b9ef97d6705384ef0c5b161bd50dcc1b063ee65153b567cc61b2361d04443e2c,research/extract/decoded_pck/LOCPCK_TBL.decoded.bin,research/extract/rendered_pck_selected_probe/LOCPCK_TBL/choice0_thr224/render_manifest.json
pck_selected_frame_probe,LOCPCK_TBL.decoded.bin,pck_object_0065,,160,160,pck_selected_frame_diagnostic_probe,,,,,research/extract/rendered_pck_selected_probe/LOCPCK_TBL/choice0_thr32/LOCPCK_TBL_pck_object_0065_choice000_thr032_selected_probe.png,480,480,3,d046014b1e68ec0cfa88e27a67963cabeb7d3a2019753c19a2660a4fec22fb15,38706,b9ef97d6705384ef0c5b161bd50dcc1b063ee65153b567cc61b2361d04443e2c,research/extract/decoded_pck/LOCPCK_TBL.decoded.bin,research/extract/rendered_pck_selected_probe/LOCPCK_TBL/choice0_thr32/render_manifest.json
pck_selected_frame_probe,LOCPCK_TBL.decoded.bin,pck_object_0065,,160,160,pck_selected_frame_diagnostic_probe,,,,,research/extract/rendered_pck_selected_probe/LOCPCK_TBL/choice0_thr64/LOCPCK_TBL_pck_object_0065_choice000_thr064_selected_probe.png,480,480,3,d046014b1e68ec0cfa88e27a67963cabeb7d3a2019753c19a2660a4fec22fb15,38706,b9ef97d6705384ef0c5b161bd50dcc1b063ee65153b567cc61b2361d04443e2c,research/extract/decoded_pck/LOCPCK_TBL.decoded.bin,research/extract/rendered_pck_selected_probe/LOCPCK_TBL/choice0_thr64/render_manifest.json
pck_selected_frame_probe,LOCPCK_TBL.decoded.bin,pck_object_0065,,160,160,pck_selected_frame_diagnostic_probe,,,,,research/extract/rendered_pck_selected_probe/LOCPCK_TBL/choice0_thr96/LOCPCK_TBL_pck_object_0065_choice000_thr096_selected_probe.png,480,480,3,7c3a859cabb0082062d5de6904db30d6822b9a56d5445f4bbcaa7a23b0250d20,38706,b9ef97d6705384ef0c5b161bd50dcc1b063ee65153b567cc61b2361d04443e2c,research/extract/decoded_pck/LOCPCK_TBL.decoded.bin,research/extract/rendered_pck_selected_probe/LOCPCK_TBL/choice0_thr96/render_manifest.json
pck_selected_frame_probe,LOCPCK_TBL.decoded.bin,pck_object_0067,,160,160,pck_selected_frame_diagnostic_probe,,,,,research/extract/rendered_pck_selected_probe/LOCPCK_TBL/choice0_thr0/LOCPCK_TBL_pck_object_0067_choice000_thr000_selected_probe.png,480,480,3,d046014b1e68ec0cfa88e27a67963cabeb7d3a2019753c19a2660a4fec22fb15,38706,b9ef97d6705384ef0c5b161bd50dcc1b063ee65153b567cc61b2361d04443e2c,research/extract/decoded_pck/LOCPCK_TBL.decoded.bin,research/extract/rendered_pck_selected_probe/LOCPCK_TBL/choice0_thr0/render_manifest.json
pck_selected_frame_probe,LOCPCK_TBL.decoded.bin,pck_object_0067,,160,160,pck_selected_frame_diagnostic_probe,,,,,research/extract/rendered_pck_selected_probe/LOCPCK_TBL/choice0_thr128/LOCPCK_TBL_pck_object_0067_choice000_thr128_selected_probe.png,480,480,3,ff5405cba1d8af1457a5ebe72ea62683c18043beac4586edb83ea94f8e00a16b,38706,b9ef97d6705384ef0c5b161bd50dcc1b063ee65153b567cc61b2361d04443e2c,research/extract/decoded_pck/LOCPCK_TBL.decoded.bin,research/extract/rendered_pck_selected_probe/LOCPCK_TBL/choice0_thr128/render_manifest.json
pck_selected_frame_probe,LOCPCK_TBL.decoded.bin,pck_object_0067,,160,160,pck_selected_frame_diagnostic_probe,,,,,research/extract/rendered_pck_selected_probe/LOCPCK_TBL/choice0_thr160/LOCPCK_TBL_pck_object_0067_choice000_thr160_selected_probe.png,480,480,3,94c838e286b00a2ad5baad42f1284a55b1442194277205b594c3c4e600ac3b03,38706,b9ef97d6705384ef0c5b161bd50dcc1b063ee65153b567cc61b2361d04443e2c,research/extract/decoded_pck/LOCPCK_TBL.decoded.bin,research/extract/rendered_pck_selected_probe/LOCPCK_TBL/choice0_thr160/render_manifest.json
pck_selected_frame_probe,LOCPCK_TBL.decoded.bin,pck_object_0067,,160,160,pck_selected_frame_diagnostic_probe,,,,,research/extract/rendered_pck_selected_probe/LOCPCK_TBL/choice0_thr192/LOCPCK_TBL_pck_object_0067_choice000_thr192_selected_probe.png,480,480,3,94c838e286b00a2ad5baad42f1284a55b1442194277205b594c3c4e600ac3b03,38706,b9ef97d6705384ef0c5b161bd50dcc1b063ee65153b567cc61b2361d04443e2c,research/extract/decoded_pck/LOCPCK_TBL.decoded.bin,research/extract/rendered_pck_selected_probe/LOCPCK_TBL/choice0_thr192/render_manifest.json
pck_selected_frame_probe,LOCPCK_TBL.decoded.bin,pck_object_0067,,160,160,pck_selected_frame_diagnostic_probe,,,,,research/extract/rendered_pck_selected_probe/LOCPCK_TBL/choice0_thr224/LOCPCK_TBL_pck_object_0067_choice000_thr224_selected_probe.png,480,480,3,d2b500ea05c19b7b2e8376c3cab7e05092c18926112c120ea9ed303de6417735,38706,b9ef97d6705384ef0c5b161bd50dcc1b063ee65153b567cc61b2361d04443e2c,research/extract/decoded_pck/LOCPCK_TBL.decoded.bin,research/extract/rendered_pck_selected_probe/LOCPCK_TBL/choice0_thr224/render_manifest.json
pck_selected_frame_probe,LOCPCK_TBL.decoded.bin,pck_object_0067,,160,160,pck_selected_frame_diagnostic_probe,,,,,research/extract/rendered_pck_selected_probe/LOCPCK_TBL/choice0_thr32/LOCPCK_TBL_pck_object_0067_choice000_thr032_selected_probe.png,480,480,3,d046014b1e68ec0cfa88e27a67963cabeb7d3a2019753c19a2660a4fec22fb15,38706,b9ef97d6705384ef0c5b161bd50dcc1b063ee65153b567cc61b2361d04443e2c,research/extract/decoded_pck/LOCPCK_TBL.decoded.bin,research/extract/rendered_pck_selected_probe/LOCPCK_TBL/choice0_thr32/render_manifest.json
pck_selected_frame_probe,LOCPCK_TBL.decoded.bin,pck_object_0067,,160,160,pck_selected_frame_diagnostic_probe,,,,,research/extract/rendered_pck_selected_probe/LOCPCK_TBL/choice0_thr64/LOCPCK_TBL_pck_object_0067_choice000_thr064_selected_probe.png,480,480,3,d046014b1e68ec0cfa88e27a67963cabeb7d3a2019753c19a2660a4fec22fb15,38706,b9ef97d6705384ef0c5b161bd50dcc1b063ee65153b567cc61b2361d04443e2c,research/extract/decoded_pck/LOCPCK_TBL.decoded.bin,research/extract/rendered_pck_selected_probe/LOCPCK_TBL/choice0_thr64/render_manifest.json
pck_selected_frame_probe,LOCPCK_TBL.decoded.bin,pck_object_0067,,160,160,pck_selected_frame_diagnostic_probe,,,,,research/extract/rendered_pck_selected_probe/LOCPCK_TBL/choice0_thr96/LOCPCK_TBL_pck_object_0067_choice000_thr096_selected_probe.png,480,480,3,7c3a859cabb0082062d5de6904db30d6822b9a56d5445f4bbcaa7a23b0250d20,38706,b9ef97d6705384ef0c5b161bd50dcc1b063ee65153b567cc61b2361d04443e2c,research/extract/decoded_pck/LOCPCK_TBL.decoded.bin,research/extract/rendered_pck_selected_probe/LOCPCK_TBL/choice0_thr96/render_manifest.json
pck_selected_frame_probe,LOCPCK_TBL.decoded.bin,pck_object_0069,,160,160,pck_selected_frame_diagnostic_probe,,,,,research/extract/rendered_pck_selected_probe/LOCPCK_TBL/choice0_thr0/LOCPCK_TBL_pck_object_0069_choice000_thr000_selected_probe.png,480,480,4,64216cb0d94ee5d70a30bf3abcf3f3b06b526f0d7a7267dc77a848e429a6c16c,38706,b9ef97d6705384ef0c5b161bd50dcc1b063ee65153b567cc61b2361d04443e2c,research/extract/decoded_pck/LOCPCK_TBL.decoded.bin,research/extract/rendered_pck_selected_probe/LOCPCK_TBL/choice0_thr0/render_manifest.json
pck_selected_frame_probe,LOCPCK_TBL.decoded.bin,pck_object_0069,,160,160,pck_selected_frame_diagnostic_probe,,,,,research/extract/rendered_pck_selected_probe/LOCPCK_TBL/choice0_thr128/LOCPCK_TBL_pck_object_0069_choice000_thr128_selected_probe.png,480,480,4,64216cb0d94ee5d70a30bf3abcf3f3b06b526f0d7a7267dc77a848e429a6c16c,38706,b9ef97d6705384ef0c5b161bd50dcc1b063ee65153b567cc61b2361d04443e2c,research/extract/decoded_pck/LOCPCK_TBL.decoded.bin,research/extract/rendered_pck_selected_probe/LOCPCK_TBL/choice0_thr128/render_manifest.json
pck_selected_frame_probe,LOCPCK_TBL.decoded.bin,pck_object_0069,,160,160,pck_selected_frame_diagnostic_probe,,,,,research/extract/rendered_pck_selected_probe/LOCPCK_TBL/choice0_thr160/LOCPCK_TBL_pck_object_0069_choice000_thr160_selected_probe.png,480,480,4,64216cb0d94ee5d70a30bf3abcf3f3b06b526f0d7a7267dc77a848e429a6c16c,38706,b9ef97d6705384ef0c5b161bd50dcc1b063ee65153b567cc61b2361d04443e2c,research/extract/decoded_pck/LOCPCK_TBL.decoded.bin,research/extract/rendered_pck_selected_probe/LOCPCK_TBL/choice0_thr160/render_manifest.json
pck_selected_frame_probe,LOCPCK_TBL.decoded.bin,pck_object_0069,,160,160,pck_selected_frame_diagnostic_probe,,,,,research/extract/rendered_pck_selected_probe/LOCPCK_TBL/choice0_thr192/LOCPCK_TBL_pck_object_0069_choice000_thr192_selected_probe.png,480,480,4,64216cb0d94ee5d70a30bf3abcf3f3b06b526f0d7a7267dc77a848e429a6c16c,38706,b9ef97d6705384ef0c5b161bd50dcc1b063ee65153b567cc61b2361d04443e2c,research/extract/decoded_pck/LOCPCK_TBL.decoded.bin,research/extract/rendered_pck_selected_probe/LOCPCK_TBL/choice0_thr192/render_manifest.json
pck_selected_frame_probe,LOCPCK_TBL.decoded.bin,pck_object_0069,,160,160,pck_selected_frame_diagnostic_probe,,,,,research/extract/rendered_pck_selected_probe/LOCPCK_TBL/choice0_thr224/LOCPCK_TBL_pck_object_0069_choice000_thr224_selected_probe.png,480,480,4,64216cb0d94ee5d70a30bf3abcf3f3b06b526f0d7a7267dc77a848e429a6c16c,38706,b9ef97d6705384ef0c5b161bd50dcc1b063ee65153b567cc61b2361d04443e2c,research/extract/decoded_pck/LOCPCK_TBL.decoded.bin,research/extract/rendered_pck_selected_probe/LOCPCK_TBL/choice0_thr224/render_manifest.json
pck_selected_frame_probe,LOCPCK_TBL.decoded.bin,pck_object_0069,,160,160,pck_selected_frame_diagnostic_probe,,,,,research/extract/rendered_pck_selected_probe/LOCPCK_TBL/choice0_thr32/LOCPCK_TBL_pck_object_0069_choice000_thr032_selected_probe.png,480,480,4,64216cb0d94ee5d70a30bf3abcf3f3b06b526f0d7a7267dc77a848e429a6c16c,38706,b9ef97d6705384ef0c5b161bd50dcc1b063ee65153b567cc61b2361d04443e2c,research/extract/decoded_pck/LOCPCK_TBL.decoded.bin,research/extract/rendered_pck_selected_probe/LOCPCK_TBL/choice0_thr32/render_manifest.json
pck_selected_frame_probe,LOCPCK_TBL.decoded.bin,pck_object_0069,,160,160,pck_selected_frame_diagnostic_probe,,,,,research/extract/rendered_pck_selected_probe/LOCPCK_TBL/choice0_thr64/LOCPCK_TBL_pck_object_0069_choice000_thr064_selected_probe.png,480,480,4,64216cb0d94ee5d70a30bf3abcf3f3b06b526f0d7a7267dc77a848e429a6c16c,38706,b9ef97d6705384ef0c5b161bd50dcc1b063ee65153b567cc61b2361d04443e2c,research/extract/decoded_pck/LOCPCK_TBL.decoded.bin,research/extract/rendered_pck_selected_probe/LOCPCK_TBL/choice0_thr64/render_manifest.json
pck_selected_frame_probe,LOCPCK_TBL.decoded.bin,pck_object_0069,,160,160,pck_selected_frame_diagnostic_probe,,,,,research/extract/rendered_pck_selected_probe/LOCPCK_TBL/choice0_thr96/LOCPCK_TBL_pck_object_0069_choice000_thr096_selected_probe.png,480,480,4,64216cb0d94ee5d70a30bf3abcf3f3b06b526f0d7a7267dc77a848e429a6c16c,38706,b9ef97d6705384ef0c5b161bd50dcc1b063ee65153b567cc61b2361d04443e2c,research/extract/decoded_pck/LOCPCK_TBL.decoded.bin,research/extract/rendered_pck_selected_probe/LOCPCK_TBL/choice0_thr96/render_manifest.json
pck_selected_frame_probe,MARPCK_TBL.decoded.bin,pck_object_0003,,160,160,pck_selected_frame_diagnostic_probe,,,,,research/extract/rendered_pck_selected_probe/MARPCK_TBL/choice0_thr0/MARPCK_TBL_pck_object_0003_choice000_thr000_selected_probe.png,480,480,3,b8f2238686f6012ae7fa483234bdde7f21c196d81fde52449d57f9ba85d21b1d,50512,fb3d849a3a09cb23e53d88347d1c197e6632f801958167de7c1078abaa144f03,research/extract/decoded_pck/MARPCK_TBL.decoded.bin,research/extract/rendered_pck_selected_probe/MARPCK_TBL/choice0_thr0/render_manifest.json
pck_selected_frame_probe,MARPCK_TBL.decoded.bin,pck_object_0003,,160,160,pck_selected_frame_diagnostic_probe,,,,,research/extract/rendered_pck_selected_probe/MARPCK_TBL/choice0_thr128/MARPCK_TBL_pck_object_0003_choice000_thr128_selected_probe.png,480,480,3,b8f2238686f6012ae7fa483234bdde7f21c196d81fde52449d57f9ba85d21b1d,50512,fb3d849a3a09cb23e53d88347d1c197e6632f801958167de7c1078abaa144f03,research/extract/decoded_pck/MARPCK_TBL.decoded.bin,research/extract/rendered_pck_selected_probe/MARPCK_TBL/choice0_thr128/render_manifest.json
pck_selected_frame_probe,MARPCK_TBL.decoded.bin,pck_object_0003,,160,160,pck_selected_frame_diagnostic_probe,,,,,research/extract/rendered_pck_selected_probe/MARPCK_TBL/choice0_thr160/MARPCK_TBL_pck_object_0003_choice000_thr160_selected_probe.png,480,480,3,d2e620543f3bdb97758c7973c12f77a34f914d4cec9566ad2a5cb838d176e206,50512,fb3d849a3a09cb23e53d88347d1c197e6632f801958167de7c1078abaa144f03,research/extract/decoded_pck/MARPCK_TBL.decoded.bin,research/extract/rendered_pck_selected_probe/MARPCK_TBL/choice0_thr160/render_manifest.json
pck_selected_frame_probe,MARPCK_TBL.decoded.bin,pck_object_0003,,160,160,pck_selected_frame_diagnostic_probe,,,,,research/extract/rendered_pck_selected_probe/MARPCK_TBL/choice0_thr192/MARPCK_TBL_pck_object_0003_choice000_thr192_selected_probe.png,480,480,3,d2e620543f3bdb97758c7973c12f77a34f914d4cec9566ad2a5cb838d176e206,50512,fb3d849a3a09cb23e53d88347d1c197e6632f801958167de7c1078abaa144f03,research/extract/decoded_pck/MARPCK_TBL.decoded.bin,research/extract/rendered_pck_selected_probe/MARPCK_TBL/choice0_thr192/render_manifest.json
pck_selected_frame_probe,MARPCK_TBL.decoded.bin,pck_object_0003,,160,160,pck_selected_frame_diagnostic_probe,,,,,research/extract/rendered_pck_selected_probe/MARPCK_TBL/choice0_thr224/MARPCK_TBL_pck_object_0003_choice000_thr224_selected_probe.png,480,480,3,d2e620543f3bdb97758c7973c12f77a34f914d4cec9566ad2a5cb838d176e206,50512,fb3d849a3a09cb23e53d88347d1c197e6632f801958167de7c1078abaa144f03,research/extract/decoded_pck/MARPCK_TBL.decoded.bin,research/extract/rendered_pck_selected_probe/MARPCK_TBL/choice0_thr224/render_manifest.json
pck_selected_frame_probe,MARPCK_TBL.decoded.bin,pck_object_0003,,160,160,pck_selected_frame_diagnostic_probe,,,,,research/extract/rendered_pck_selected_probe/MARPCK_TBL/choice0_thr32/MARPCK_TBL_pck_object_0003_choice000_thr032_selected_probe.png,480,480,3,b8f2238686f6012ae7fa483234bdde7f21c196d81fde52449d57f9ba85d21b1d,50512,fb3d849a3a09cb23e53d88347d1c197e6632f801958167de7c1078abaa144f03,research/extract/decoded_pck/MARPCK_TBL.decoded.bin,research/extract/rendered_pck_selected_probe/MARPCK_TBL/choice0_thr32/render_manifest.json
pck_selected_frame_probe,MARPCK_TBL.decoded.bin,pck_object_0003,,160,160,pck_selected_frame_diagnostic_probe,,,,,research/extract/rendered_pck_selected_probe/MARPCK_TBL/choice0_thr64/MARPCK_TBL_pck_object_0003_choice000_thr064_selected_probe.png,480,480,3,b8f2238686f6012ae7fa483234bdde7f21c196d81fde52449d57f9ba85d21b1d,50512,fb3d849a3a09cb23e53d88347d1c197e6632f801958167de7c1078abaa144f03,research/extract/decoded_pck/MARPCK_TBL.decoded.bin,research/extract/rendered_pck_selected_probe/MARPCK_TBL/choice0_thr64/render_manifest.json
pck_selected_frame_probe,MARPCK_TBL.decoded.bin,pck_object_0003,,160,160,pck_selected_frame_diagnostic_probe,,,,,research/extract/rendered_pck_selected_probe/MARPCK_TBL/choice0_thr96/MARPCK_TBL_pck_object_0003_choice000_thr096_selected_probe.png,480,480,3,b8f2238686f6012ae7fa483234bdde7f21c196d81fde52449d57f9ba85d21b1d,50512,fb3d849a3a09cb23e53d88347d1c197e6632f801958167de7c1078abaa144f03,research/extract/decoded_pck/MARPCK_TBL.decoded.bin,research/extract/rendered_pck_selected_probe/MARPCK_TBL/choice0_thr96/render_manifest.json
pck_selected_frame_probe,MARPCK_TBL.decoded.bin,pck_object_0004,,160,160,pck_selected_frame_diagnostic_probe,,,,,research/extract/rendered_pck_selected_probe/MARPCK_TBL/choice0_thr0/MARPCK_TBL_pck_object_0004_choice000_thr000_selected_probe.png,480,480,5,c8efa7d3c9cbf949d3004fa27cc1da6f2045bfaf86256537073f86bea8243527,50512,fb3d849a3a09cb23e53d88347d1c197e6632f801958167de7c1078abaa144f03,research/extract/decoded_pck/MARPCK_TBL.decoded.bin,research/extract/rendered_pck_selected_probe/MARPCK_TBL/choice0_thr0/render_manifest.json
pck_selected_frame_probe,MARPCK_TBL.decoded.bin,pck_object_0004,,160,160,pck_selected_frame_diagnostic_probe,,,,,research/extract/rendered_pck_selected_probe/MARPCK_TBL/choice0_thr128/MARPCK_TBL_pck_object_0004_choice000_thr128_selected_probe.png,480,480,3,fa83a2f8d2a4459e276783e932f4c50bcb55e71571a5b29290d4113872cfb74c,50512,fb3d849a3a09cb23e53d88347d1c197e6632f801958167de7c1078abaa144f03,research/extract/decoded_pck/MARPCK_TBL.decoded.bin,research/extract/rendered_pck_selected_probe/MARPCK_TBL/choice0_thr128/render_manifest.json
pck_selected_frame_probe,MARPCK_TBL.decoded.bin,pck_object_0004,,160,160,pck_selected_frame_diagnostic_probe,,,,,research/extract/rendered_pck_selected_probe/MARPCK_TBL/choice0_thr160/MARPCK_TBL_pck_object_0004_choice000_thr160_selected_probe.png,480,480,3,6e3ee96a65bfb030572e5ebfd9eb86d67b0003b92aa0bb81b1ff26667e009425,50512,fb3d849a3a09cb23e53d88347d1c197e6632f801958167de7c1078abaa144f03,research/extract/decoded_pck/MARPCK_TBL.decoded.bin,research/extract/rendered_pck_selected_probe/MARPCK_TBL/choice0_thr160/render_manifest.json
pck_selected_frame_probe,MARPCK_TBL.decoded.bin,pck_object_0004,,160,160,pck_selected_frame_diagnostic_probe,,,,,research/extract/rendered_pck_selected_probe/MARPCK_TBL/choice0_thr192/MARPCK_TBL_pck_object_0004_choice000_thr192_selected_probe.png,480,480,3,6e3ee96a65bfb030572e5ebfd9eb86d67b0003b92aa0bb81b1ff26667e009425,50512,fb3d849a3a09cb23e53d88347d1c197e6632f801958167de7c1078abaa144f03,research/extract/decoded_pck/MARPCK_TBL.decoded.bin,research/extract/rendered_pck_selected_probe/MARPCK_TBL/choice0_thr192/render_manifest.json
pck_selected_frame_probe,MARPCK_TBL.decoded.bin,pck_object_0004,,160,160,pck_selected_frame_diagnostic_probe,,,,,research/extract/rendered_pck_selected_probe/MARPCK_TBL/choice0_thr224/MARPCK_TBL_pck_object_0004_choice000_thr224_selected_probe.png,480,480,3,6e3ee96a65bfb030572e5ebfd9eb86d67b0003b92aa0bb81b1ff26667e009425,50512,fb3d849a3a09cb23e53d88347d1c197e6632f801958167de7c1078abaa144f03,research/extract/decoded_pck/MARPCK_TBL.decoded.bin,research/extract/rendered_pck_selected_probe/MARPCK_TBL/choice0_thr224/render_manifest.json
pck_selected_frame_probe,MARPCK_TBL.decoded.bin,pck_object_0004,,160,160,pck_selected_frame_diagnostic_probe,,,,,research/extract/rendered_pck_selected_probe/MARPCK_TBL/choice0_thr32/MARPCK_TBL_pck_object_0004_choice000_thr032_selected_probe.png,480,480,4,181aab1a2c6290034c6ed9388fcfcb8ca18e1a961bd005213f81b5c6e2680b17,50512,fb3d849a3a09cb23e53d88347d1c197e6632f801958167de7c1078abaa144f03,research/extract/decoded_pck/MARPCK_TBL.decoded.bin,research/extract/rendered_pck_selected_probe/MARPCK_TBL/choice0_thr32/render_manifest.json
pck_selected_frame_probe,MARPCK_TBL.decoded.bin,pck_object_0004,,160,160,pck_selected_frame_diagnostic_probe,,,,,research/extract/rendered_pck_selected_probe/MARPCK_TBL/choice0_thr64/MARPCK_TBL_pck_object_0004_choice000_thr064_selected_probe.png,480,480,3,fa83a2f8d2a4459e276783e932f4c50bcb55e71571a5b29290d4113872cfb74c,50512,fb3d849a3a09cb23e53d88347d1c197e6632f801958167de7c1078abaa144f03,research/extract/decoded_pck/MARPCK_TBL.decoded.bin,research/extract/rendered_pck_selected_probe/MARPCK_TBL/choice0_thr64/render_manifest.json
pck_selected_frame_probe,MARPCK_TBL.decoded.bin,pck_object_0004,,160,160,pck_selected_frame_diagnostic_probe,,,,,research/extract/rendered_pck_selected_probe/MARPCK_TBL/choice0_thr96/MARPCK_TBL_pck_object_0004_choice000_thr096_selected_probe.png,480,480,3,fa83a2f8d2a4459e276783e932f4c50bcb55e71571a5b29290d4113872cfb74c,50512,fb3d849a3a09cb23e53d88347d1c197e6632f801958167de7c1078abaa144f03,research/extract/decoded_pck/MARPCK_TBL.decoded.bin,research/extract/rendered_pck_selected_probe/MARPCK_TBL/choice0_thr96/render_manifest.json
pck_selected_frame_probe,MARPCK_TBL.decoded.bin,pck_object_0015,,160,160,pck_selected_frame_diagnostic_probe,,,,,research/extract/rendered_pck_selected_probe/MARPCK_TBL/choice0_thr0/MARPCK_TBL_pck_object_0015_choice000_thr000_selected_probe.png,480,480,3,d046014b1e68ec0cfa88e27a67963cabeb7d3a2019753c19a2660a4fec22fb15,50512,fb3d849a3a09cb23e53d88347d1c197e6632f801958167de7c1078abaa144f03,research/extract/decoded_pck/MARPCK_TBL.decoded.bin,research/extract/rendered_pck_selected_probe/MARPCK_TBL/choice0_thr0/render_manifest.json
pck_selected_frame_probe,MARPCK_TBL.decoded.bin,pck_object_0015,,160,160,pck_selected_frame_diagnostic_probe,,,,,research/extract/rendered_pck_selected_probe/MARPCK_TBL/choice0_thr128/MARPCK_TBL_pck_object_0015_choice000_thr128_selected_probe.png,480,480,3,d8aa44c3f94f3b8819e11b80d763e1a6c18f260cfc52fb21bf2436e5398cc1a2,50512,fb3d849a3a09cb23e53d88347d1c197e6632f801958167de7c1078abaa144f03,research/extract/decoded_pck/MARPCK_TBL.decoded.bin,research/extract/rendered_pck_selected_probe/MARPCK_TBL/choice0_thr128/render_manifest.json
pck_selected_frame_probe,MARPCK_TBL.decoded.bin,pck_object_0015,,160,160,pck_selected_frame_diagnostic_probe,,,,,research/extract/rendered_pck_selected_probe/MARPCK_TBL/choice0_thr160/MARPCK_TBL_pck_object_0015_choice000_thr160_selected_probe.png,480,480,3,d8aa44c3f94f3b8819e11b80d763e1a6c18f260cfc52fb21bf2436e5398cc1a2,50512,fb3d849a3a09cb23e53d88347d1c197e6632f801958167de7c1078abaa144f03,research/extract/decoded_pck/MARPCK_TBL.decoded.bin,research/extract/rendered_pck_selected_probe/MARPCK_TBL/choice0_thr160/render_manifest.json
pck_selected_frame_probe,MARPCK_TBL.decoded.bin,pck_object_0015,,160,160,pck_selected_frame_diagnostic_probe,,,,,research/extract/rendered_pck_selected_probe/MARPCK_TBL/choice0_thr192/MARPCK_TBL_pck_object_0015_choice000_thr192_selected_probe.png,480,480,3,d8aa44c3f94f3b8819e11b80d763e1a6c18f260cfc52fb21bf2436e5398cc1a2,50512,fb3d849a3a09cb23e53d88347d1c197e6632f801958167de7c1078abaa144f03,research/extract/decoded_pck/MARPCK_TBL.decoded.bin,research/extract/rendered_pck_selected_probe/MARPCK_TBL/choice0_thr192/render_manifest.json
pck_selected_frame_probe,MARPCK_TBL.decoded.bin,pck_object_0015,,160,160,pck_selected_frame_diagnostic_probe,,,,,research/extract/rendered_pck_selected_probe/MARPCK_TBL/choice0_thr224/MARPCK_TBL_pck_object_0015_choice000_thr224_selected_probe.png,480,480,3,d8aa44c3f94f3b8819e11b80d763e1a6c18f260cfc52fb21bf2436e5398cc1a2,50512,fb3d849a3a09cb23e53d88347d1c197e6632f801958167de7c1078abaa144f03,research/extract/decoded_pck/MARPCK_TBL.decoded.bin,research/extract/rendered_pck_selected_probe/MARPCK_TBL/choice0_thr224/render_manifest.json
pck_selected_frame_probe,MARPCK_TBL.decoded.bin,pck_object_0015,,160,160,pck_selected_frame_diagnostic_probe,,,,,research/extract/rendered_pck_selected_probe/MARPCK_TBL/choice0_thr32/MARPCK_TBL_pck_object_0015_choice000_thr032_selected_probe.png,480,480,3,e8a7927a41be266a3356da1507ba7886a860e6165d9ffa3404c4322ce37e6107,50512,fb3d849a3a09cb23e53d88347d1c197e6632f801958167de7c1078abaa144f03,research/extract/decoded_pck/MARPCK_TBL.decoded.bin,research/extract/rendered_pck_selected_probe/MARPCK_TBL/choice0_thr32/render_manifest.json
pck_selected_frame_probe,MARPCK_TBL.decoded.bin,pck_object_0015,,160,160,pck_selected_frame_diagnostic_probe,,,,,research/extract/rendered_pck_selected_probe/MARPCK_TBL/choice0_thr64/MARPCK_TBL_pck_object_0015_choice000_thr064_selected_probe.png,480,480,3,e8a7927a41be266a3356da1507ba7886a860e6165d9ffa3404c4322ce37e6107,50512,fb3d849a3a09cb23e53d88347d1c197e6632f801958167de7c1078abaa144f03,research/extract/decoded_pck/MARPCK_TBL.decoded.bin,research/extract/rendered_pck_selected_probe/MARPCK_TBL/choice0_thr64/render_manifest.json
pck_selected_frame_probe,MARPCK_TBL.decoded.bin,pck_object_0015,,160,160,pck_selected_frame_diagnostic_probe,,,,,research/extract/rendered_pck_selected_probe/MARPCK_TBL/choice0_thr96/MARPCK_TBL_pck_object_0015_choice000_thr096_selected_probe.png,480,480,3,2a46c290711190bfabb58a4bbd5f1b6f34b373daebf110353fdbe52538c24857,50512,fb3d849a3a09cb23e53d88347d1c197e6632f801958167de7c1078abaa144f03,research/extract/decoded_pck/MARPCK_TBL.decoded.bin,research/extract/rendered_pck_selected_probe/MARPCK_TBL/choice0_thr96/render_manifest.json
pck_selected_frame_probe,MARPCK_TBL.decoded.bin,pck_object_0017,,160,160,pck_selected_frame_diagnostic_probe,,,,,research/extract/rendered_pck_selected_probe/MARPCK_TBL/choice0_thr0/MARPCK_TBL_pck_object_0017_choice000_thr000_selected_probe.png,480,480,2,37983470bcc443ad09b737c5cddcd86833ca3093f259acfbca5bb3899996f29e,50512,fb3d849a3a09cb23e53d88347d1c197e6632f801958167de7c1078abaa144f03,research/extract/decoded_pck/MARPCK_TBL.decoded.bin,research/extract/rendered_pck_selected_probe/MARPCK_TBL/choice0_thr0/render_manifest.json
pck_selected_frame_probe,MARPCK_TBL.decoded.bin,pck_object_0017,,160,160,pck_selected_frame_diagnostic_probe,,,,,research/extract/rendered_pck_selected_probe/MARPCK_TBL/choice0_thr128/MARPCK_TBL_pck_object_0017_choice000_thr128_selected_probe.png,480,480,2,37983470bcc443ad09b737c5cddcd86833ca3093f259acfbca5bb3899996f29e,50512,fb3d849a3a09cb23e53d88347d1c197e6632f801958167de7c1078abaa144f03,research/extract/decoded_pck/MARPCK_TBL.decoded.bin,research/extract/rendered_pck_selected_probe/MARPCK_TBL/choice0_thr128/render_manifest.json
pck_selected_frame_probe,MARPCK_TBL.decoded.bin,pck_object_0017,,160,160,pck_selected_frame_diagnostic_probe,,,,,research/extract/rendered_pck_selected_probe/MARPCK_TBL/choice0_thr160/MARPCK_TBL_pck_object_0017_choice000_thr160_selected_probe.png,480,480,2,37983470bcc443ad09b737c5cddcd86833ca3093f259acfbca5bb3899996f29e,50512,fb3d849a3a09cb23e53d88347d1c197e6632f801958167de7c1078abaa144f03,research/extract/decoded_pck/MARPCK_TBL.decoded.bin,research/extract/rendered_pck_selected_probe/MARPCK_TBL/choice0_thr160/render_manifest.json
pck_selected_frame_probe,MARPCK_TBL.decoded.bin,pck_object_0017,,160,160,pck_selected_frame_diagnostic_probe,,,,,research/extract/rendered_pck_selected_probe/MARPCK_TBL/choice0_thr192/MARPCK_TBL_pck_object_0017_choice000_thr192_selected_probe.png,480,480,2,37983470bcc443ad09b737c5cddcd86833ca3093f259acfbca5bb3899996f29e,50512,fb3d849a3a09cb23e53d88347d1c197e6632f801958167de7c1078abaa144f03,research/extract/decoded_pck/MARPCK_TBL.decoded.bin,research/extract/rendered_pck_selected_probe/MARPCK_TBL/choice0_thr192/render_manifest.json
pck_selected_frame_probe,MARPCK_TBL.decoded.bin,pck_object_0017,,160,160,pck_selected_frame_diagnostic_probe,,,,,research/extract/rendered_pck_selected_probe/MARPCK_TBL/choice0_thr224/MARPCK_TBL_pck_object_0017_choice000_thr224_selected_probe.png,480,480,2,37983470bcc443ad09b737c5cddcd86833ca3093f259acfbca5bb3899996f29e,50512,fb3d849a3a09cb23e53d88347d1c197e6632f801958167de7c1078abaa144f03,research/extract/decoded_pck/MARPCK_TBL.decoded.bin,research/extract/rendered_pck_selected_probe/MARPCK_TBL/choice0_thr224/render_manifest.json
pck_selected_frame_probe,MARPCK_TBL.decoded.bin,pck_object_0017,,160,160,pck_selected_frame_diagnostic_probe,,,,,research/extract/rendered_pck_selected_probe/MARPCK_TBL/choice0_thr32/MARPCK_TBL_pck_object_0017_choice000_thr032_selected_probe.png,480,480,2,37983470bcc443ad09b737c5cddcd86833ca3093f259acfbca5bb3899996f29e,50512,fb3d849a3a09cb23e53d88347d1c197e6632f801958167de7c1078abaa144f03,research/extract/decoded_pck/MARPCK_TBL.decoded.bin,research/extract/rendered_pck_selected_probe/MARPCK_TBL/choice0_thr32/render_manifest.json
pck_selected_frame_probe,MARPCK_TBL.decoded.bin,pck_object_0017,,160,160,pck_selected_frame_diagnostic_probe,,,,,research/extract/rendered_pck_selected_probe/MARPCK_TBL/choice0_thr64/MARPCK_TBL_pck_object_0017_choice000_thr064_selected_probe.png,480,480,2,37983470bcc443ad09b737c5cddcd86833ca3093f259acfbca5bb3899996f29e,50512,fb3d849a3a09cb23e53d88347d1c197e6632f801958167de7c1078abaa144f03,research/extract/decoded_pck/MARPCK_TBL.decoded.bin,research/extract/rendered_pck_selected_probe/MARPCK_TBL/choice0_thr64/render_manifest.json
pck_selected_frame_probe,MARPCK_TBL.decoded.bin,pck_object_0017,,160,160,pck_selected_frame_diagnostic_probe,,,,,research/extract/rendered_pck_selected_probe/MARPCK_TBL/choice0_thr96/MARPCK_TBL_pck_object_0017_choice000_thr096_selected_probe.png,480,480,2,37983470bcc443ad09b737c5cddcd86833ca3093f259acfbca5bb3899996f29e,50512,fb3d849a3a09cb23e53d88347d1c197e6632f801958167de7c1078abaa144f03,research/extract/decoded_pck/MARPCK_TBL.decoded.bin,research/extract/rendered_pck_selected_probe/MARPCK_TBL/choice0_thr96/render_manifest.json
pck_selected_frame_probe,MARPCK_TBL.decoded.bin,pck_object_0019,,160,160,pck_selected_frame_diagnostic_probe,,,,,research/extract/rendered_pck_selected_probe/MARPCK_TBL/choice0_thr0/MARPCK_TBL_pck_object_0019_choice000_thr000_selected_probe.png,480,480,2,37983470bcc443ad09b737c5cddcd86833ca3093f259acfbca5bb3899996f29e,50512,fb3d849a3a09cb23e53d88347d1c197e6632f801958167de7c1078abaa144f03,research/extract/decoded_pck/MARPCK_TBL.decoded.bin,research/extract/rendered_pck_selected_probe/MARPCK_TBL/choice0_thr0/render_manifest.json
pck_selected_frame_probe,MARPCK_TBL.decoded.bin,pck_object_0019,,160,160,pck_selected_frame_diagnostic_probe,,,,,research/extract/rendered_pck_selected_probe/MARPCK_TBL/choice0_thr128/MARPCK_TBL_pck_object_0019_choice000_thr128_selected_probe.png,480,480,2,37983470bcc443ad09b737c5cddcd86833ca3093f259acfbca5bb3899996f29e,50512,fb3d849a3a09cb23e53d88347d1c197e6632f801958167de7c1078abaa144f03,research/extract/decoded_pck/MARPCK_TBL.decoded.bin,research/extract/rendered_pck_selected_probe/MARPCK_TBL/choice0_thr128/render_manifest.json
pck_selected_frame_probe,MARPCK_TBL.decoded.bin,pck_object_0019,,160,160,pck_selected_frame_diagnostic_probe,,,,,research/extract/rendered_pck_selected_probe/MARPCK_TBL/choice0_thr160/MARPCK_TBL_pck_object_0019_choice000_thr160_selected_probe.png,480,480,3,7fe56742d3d5b915669ca0317ae450a014568741eb22f5cdc74782dbd99aba14,50512,fb3d849a3a09cb23e53d88347d1c197e6632f801958167de7c1078abaa144f03,research/extract/decoded_pck/MARPCK_TBL.decoded.bin,research/extract/rendered_pck_selected_probe/MARPCK_TBL/choice0_thr160/render_manifest.json
pck_selected_frame_probe,MARPCK_TBL.decoded.bin,pck_object_0019,,160,160,pck_selected_frame_diagnostic_probe,,,,,research/extract/rendered_pck_selected_probe/MARPCK_TBL/choice0_thr192/MARPCK_TBL_pck_object_0019_choice000_thr192_selected_probe.png,480,480,3,7fe56742d3d5b915669ca0317ae450a014568741eb22f5cdc74782dbd99aba14,50512,fb3d849a3a09cb23e53d88347d1c197e6632f801958167de7c1078abaa144f03,research/extract/decoded_pck/MARPCK_TBL.decoded.bin,research/extract/rendered_pck_selected_probe/MARPCK_TBL/choice0_thr192/render_manifest.json
pck_selected_frame_probe,MARPCK_TBL.decoded.bin,pck_object_0019,,160,160,pck_selected_frame_diagnostic_probe,,,,,research/extract/rendered_pck_selected_probe/MARPCK_TBL/choice0_thr224/MARPCK_TBL_pck_object_0019_choice000_thr224_selected_probe.png,480,480,3,7fe56742d3d5b915669ca0317ae450a014568741eb22f5cdc74782dbd99aba14,50512,fb3d849a3a09cb23e53d88347d1c197e6632f801958167de7c1078abaa144f03,research/extract/decoded_pck/MARPCK_TBL.decoded.bin,research/extract/rendered_pck_selected_probe/MARPCK_TBL/choice0_thr224/render_manifest.json
pck_selected_frame_probe,MARPCK_TBL.decoded.bin,pck_object_0019,,160,160,pck_selected_frame_diagnostic_probe,,,,,research/extract/rendered_pck_selected_probe/MARPCK_TBL/choice0_thr32/MARPCK_TBL_pck_object_0019_choice000_thr032_selected_probe.png,480,480,2,37983470bcc443ad09b737c5cddcd86833ca3093f259acfbca5bb3899996f29e,50512,fb3d849a3a09cb23e53d88347d1c197e6632f801958167de7c1078abaa144f03,research/extract/decoded_pck/MARPCK_TBL.decoded.bin,research/extract/rendered_pck_selected_probe/MARPCK_TBL/choice0_thr32/render_manifest.json
pck_selected_frame_probe,MARPCK_TBL.decoded.bin,pck_object_0019,,160,160,pck_selected_frame_diagnostic_probe,,,,,research/extract/rendered_pck_selected_probe/MARPCK_TBL/choice0_thr64/MARPCK_TBL_pck_object_0019_choice000_thr064_selected_probe.png,480,480,2,37983470bcc443ad09b737c5cddcd86833ca3093f259acfbca5bb3899996f29e,50512,fb3d849a3a09cb23e53d88347d1c197e6632f801958167de7c1078abaa144f03,research/extract/decoded_pck/MARPCK_TBL.decoded.bin,research/extract/rendered_pck_selected_probe/MARPCK_TBL/choice0_thr64/render_manifest.json
pck_selected_frame_probe,MARPCK_TBL.decoded.bin,pck_object_0019,,160,160,pck_selected_frame_diagnostic_probe,,,,,research/extract/rendered_pck_selected_probe/MARPCK_TBL/choice0_thr96/MARPCK_TBL_pck_object_0019_choice000_thr096_selected_probe.png,480,480,2,37983470bcc443ad09b737c5cddcd86833ca3093f259acfbca5bb3899996f29e,50512,fb3d849a3a09cb23e53d88347d1c197e6632f801958167de7c1078abaa144f03,research/extract/decoded_pck/MARPCK_TBL.decoded.bin,research/extract/rendered_pck_selected_probe/MARPCK_TBL/choice0_thr96/render_manifest.json
pck_selected_frame_probe,MARPCK_TBL.decoded.bin,pck_object_0021,,160,160,pck_selected_frame_diagnostic_probe,,,,,research/extract/rendered_pck_selected_probe/MARPCK_TBL/choice0_thr0/MARPCK_TBL_pck_object_0021_choice000_thr000_selected_probe.png,480,480,3,0635c74921627aca9831a9e36152dd3b49410c18afb11bd64eccdcc2837f4da8,50512,fb3d849a3a09cb23e53d88347d1c197e6632f801958167de7c1078abaa144f03,research/extract/decoded_pck/MARPCK_TBL.decoded.bin,research/extract/rendered_pck_selected_probe/MARPCK_TBL/choice0_thr0/render_manifest.json
pck_selected_frame_probe,MARPCK_TBL.decoded.bin,pck_object_0021,,160,160,pck_selected_frame_diagnostic_probe,,,,,research/extract/rendered_pck_selected_probe/MARPCK_TBL/choice0_thr128/MARPCK_TBL_pck_object_0021_choice000_thr128_selected_probe.png,480,480,2,37983470bcc443ad09b737c5cddcd86833ca3093f259acfbca5bb3899996f29e,50512,fb3d849a3a09cb23e53d88347d1c197e6632f801958167de7c1078abaa144f03,research/extract/decoded_pck/MARPCK_TBL.decoded.bin,research/extract/rendered_pck_selected_probe/MARPCK_TBL/choice0_thr128/render_manifest.json
pck_selected_frame_probe,MARPCK_TBL.decoded.bin,pck_object_0021,,160,160,pck_selected_frame_diagnostic_probe,,,,,research/extract/rendered_pck_selected_probe/MARPCK_TBL/choice0_thr160/MARPCK_TBL_pck_object_0021_choice000_thr160_selected_probe.png,480,480,2,37983470bcc443ad09b737c5cddcd86833ca3093f259acfbca5bb3899996f29e,50512,fb3d849a3a09cb23e53d88347d1c197e6632f801958167de7c1078abaa144f03,research/extract/decoded_pck/MARPCK_TBL.decoded.bin,research/extract/rendered_pck_selected_probe/MARPCK_TBL/choice0_thr160/render_manifest.json
pck_selected_frame_probe,MARPCK_TBL.decoded.bin,pck_object_0021,,160,160,pck_selected_frame_diagnostic_probe,,,,,research/extract/rendered_pck_selected_probe/MARPCK_TBL/choice0_thr192/MARPCK_TBL_pck_object_0021_choice000_thr192_selected_probe.png,480,480,2,37983470bcc443ad09b737c5cddcd86833ca3093f259acfbca5bb3899996f29e,50512,fb3d849a3a09cb23e53d88347d1c197e6632f801958167de7c1078abaa144f03,research/extract/decoded_pck/MARPCK_TBL.decoded.bin,research/extract/rendered_pck_selected_probe/MARPCK_TBL/choice0_thr192/render_manifest.json
pck_selected_frame_probe,MARPCK_TBL.decoded.bin,pck_object_0021,,160,160,pck_selected_frame_diagnostic_probe,,,,,research/extract/rendered_pck_selected_probe/MARPCK_TBL/choice0_thr224/MARPCK_TBL_pck_object_0021_choice000_thr224_selected_probe.png,480,480,2,37983470bcc443ad09b737c5cddcd86833ca3093f259acfbca5bb3899996f29e,50512,fb3d849a3a09cb23e53d88347d1c197e6632f801958167de7c1078abaa144f03,research/extract/decoded_pck/MARPCK_TBL.decoded.bin,research/extract/rendered_pck_selected_probe/MARPCK_TBL/choice0_thr224/render_manifest.json
pck_selected_frame_probe,MARPCK_TBL.decoded.bin,pck_object_0021,,160,160,pck_selected_frame_diagnostic_probe,,,,,research/extract/rendered_pck_selected_probe/MARPCK_TBL/choice0_thr32/MARPCK_TBL_pck_object_0021_choice000_thr032_selected_probe.png,480,480,2,37983470bcc443ad09b737c5cddcd86833ca3093f259acfbca5bb3899996f29e,50512,fb3d849a3a09cb23e53d88347d1c197e6632f801958167de7c1078abaa144f03,research/extract/decoded_pck/MARPCK_TBL.decoded.bin,research/extract/rendered_pck_selected_probe/MARPCK_TBL/choice0_thr32/render_manifest.json
pck_selected_frame_probe,MARPCK_TBL.decoded.bin,pck_object_0021,,160,160,pck_selected_frame_diagnostic_probe,,,,,research/extract/rendered_pck_selected_probe/MARPCK_TBL/choice0_thr64/MARPCK_TBL_pck_object_0021_choice000_thr064_selected_probe.png,480,480,2,37983470bcc443ad09b737c5cddcd86833ca3093f259acfbca5bb3899996f29e,50512,fb3d849a3a09cb23e53d88347d1c197e6632f801958167de7c1078abaa144f03,research/extract/decoded_pck/MARPCK_TBL.decoded.bin,research/extract/rendered_pck_selected_probe/MARPCK_TBL/choice0_thr64/render_manifest.json
pck_selected_frame_probe,MARPCK_TBL.decoded.bin,pck_object_0021,,160,160,pck_selected_frame_diagnostic_probe,,,,,research/extract/rendered_pck_selected_probe/MARPCK_TBL/choice0_thr96/MARPCK_TBL_pck_object_0021_choice000_thr096_selected_probe.png,480,480,2,37983470bcc443ad09b737c5cddcd86833ca3093f259acfbca5bb3899996f29e,50512,fb3d849a3a09cb23e53d88347d1c197e6632f801958167de7c1078abaa144f03,research/extract/decoded_pck/MARPCK_TBL.decoded.bin,research/extract/rendered_pck_selected_probe/MARPCK_TBL/choice0_thr96/render_manifest.json
pck_selected_frame_probe,MARPCK_TBL.decoded.bin,pck_object_0022,,160,160,pck_selected_frame_diagnostic_probe,,,,,research/extract/rendered_pck_selected_probe/MARPCK_TBL/choice0_thr0/MARPCK_TBL_pck_object_0022_choice000_thr000_selected_probe.png,480,480,3,b8f2238686f6012ae7fa483234bdde7f21c196d81fde52449d57f9ba85d21b1d,50512,fb3d849a3a09cb23e53d88347d1c197e6632f801958167de7c1078abaa144f03,research/extract/decoded_pck/MARPCK_TBL.decoded.bin,research/extract/rendered_pck_selected_probe/MARPCK_TBL/choice0_thr0/render_manifest.json
pck_selected_frame_probe,MARPCK_TBL.decoded.bin,pck_object_0022,,160,160,pck_selected_frame_diagnostic_probe,,,,,research/extract/rendered_pck_selected_probe/MARPCK_TBL/choice0_thr128/MARPCK_TBL_pck_object_0022_choice000_thr128_selected_probe.png,480,480,3,b8f2238686f6012ae7fa483234bdde7f21c196d81fde52449d57f9ba85d21b1d,50512,fb3d849a3a09cb23e53d88347d1c197e6632f801958167de7c1078abaa144f03,research/extract/decoded_pck/MARPCK_TBL.decoded.bin,research/extract/rendered_pck_selected_probe/MARPCK_TBL/choice0_thr128/render_manifest.json
pck_selected_frame_probe,MARPCK_TBL.decoded.bin,pck_object_0022,,160,160,pck_selected_frame_diagnostic_probe,,,,,research/extract/rendered_pck_selected_probe/MARPCK_TBL/choice0_thr160/MARPCK_TBL_pck_object_0022_choice000_thr160_selected_probe.png,480,480,3,d2e620543f3bdb97758c7973c12f77a34f914d4cec9566ad2a5cb838d176e206,50512,fb3d849a3a09cb23e53d88347d1c197e6632f801958167de7c1078abaa144f03,research/extract/decoded_pck/MARPCK_TBL.decoded.bin,research/extract/rendered_pck_selected_probe/MARPCK_TBL/choice0_thr160/render_manifest.json
pck_selected_frame_probe,MARPCK_TBL.decoded.bin,pck_object_0022,,160,160,pck_selected_frame_diagnostic_probe,,,,,research/extract/rendered_pck_selected_probe/MARPCK_TBL/choice0_thr192/MARPCK_TBL_pck_object_0022_choice000_thr192_selected_probe.png,480,480,3,d2e620543f3bdb97758c7973c12f77a34f914d4cec9566ad2a5cb838d176e206,50512,fb3d849a3a09cb23e53d88347d1c197e6632f801958167de7c1078abaa144f03,research/extract/decoded_pck/MARPCK_TBL.decoded.bin,research/extract/rendered_pck_selected_probe/MARPCK_TBL/choice0_thr192/render_manifest.json
pck_selected_frame_probe,MARPCK_TBL.decoded.bin,pck_object_0022,,160,160,pck_selected_frame_diagnostic_probe,,,,,research/extract/rendered_pck_selected_probe/MARPCK_TBL/choice0_thr224/MARPCK_TBL_pck_object_0022_choice000_thr224_selected_probe.png,480,480,3,d2e620543f3bdb97758c7973c12f77a34f914d4cec9566ad2a5cb838d176e206,50512,fb3d849a3a09cb23e53d88347d1c197e6632f801958167de7c1078abaa144f03,research/extract/decoded_pck/MARPCK_TBL.decoded.bin,research/extract/rendered_pck_selected_probe/MARPCK_TBL/choice0_thr224/render_manifest.json
pck_selected_frame_probe,MARPCK_TBL.decoded.bin,pck_object_0022,,160,160,pck_selected_frame_diagnostic_probe,,,,,research/extract/rendered_pck_selected_probe/MARPCK_TBL/choice0_thr32/MARPCK_TBL_pck_object_0022_choice000_thr032_selected_probe.png,480,480,3,b8f2238686f6012ae7fa483234bdde7f21c196d81fde52449d57f9ba85d21b1d,50512,fb3d849a3a09cb23e53d88347d1c197e6632f801958167de7c1078abaa144f03,research/extract/decoded_pck/MARPCK_TBL.decoded.bin,research/extract/rendered_pck_selected_probe/MARPCK_TBL/choice0_thr32/render_manifest.json
pck_selected_frame_probe,MARPCK_TBL.decoded.bin,pck_object_0022,,160,160,pck_selected_frame_diagnostic_probe,,,,,research/extract/rendered_pck_selected_probe/MARPCK_TBL/choice0_thr64/MARPCK_TBL_pck_object_0022_choice000_thr064_selected_probe.png,480,480,3,b8f2238686f6012ae7fa483234bdde7f21c196d81fde52449d57f9ba85d21b1d,50512,fb3d849a3a09cb23e53d88347d1c197e6632f801958167de7c1078abaa144f03,research/extract/decoded_pck/MARPCK_TBL.decoded.bin,research/extract/rendered_pck_selected_probe/MARPCK_TBL/choice0_thr64/render_manifest.json
pck_selected_frame_probe,MARPCK_TBL.decoded.bin,pck_object_0022,,160,160,pck_selected_frame_diagnostic_probe,,,,,research/extract/rendered_pck_selected_probe/MARPCK_TBL/choice0_thr96/MARPCK_TBL_pck_object_0022_choice000_thr096_selected_probe.png,480,480,3,b8f2238686f6012ae7fa483234bdde7f21c196d81fde52449d57f9ba85d21b1d,50512,fb3d849a3a09cb23e53d88347d1c197e6632f801958167de7c1078abaa144f03,research/extract/decoded_pck/MARPCK_TBL.decoded.bin,research/extract/rendered_pck_selected_probe/MARPCK_TBL/choice0_thr96/render_manifest.json
pck_selected_frame_probe,MARPCK_TBL.decoded.bin,pck_object_0023,,160,160,pck_selected_frame_diagnostic_probe,,,,,research/extract/rendered_pck_selected_probe/MARPCK_TBL/choice0_thr0/MARPCK_TBL_pck_object_0023_choice000_thr000_selected_probe.png,480,480,3,b8f2238686f6012ae7fa483234bdde7f21c196d81fde52449d57f9ba85d21b1d,50512,fb3d849a3a09cb23e53d88347d1c197e6632f801958167de7c1078abaa144f03,research/extract/decoded_pck/MARPCK_TBL.decoded.bin,research/extract/rendered_pck_selected_probe/MARPCK_TBL/choice0_thr0/render_manifest.json
pck_selected_frame_probe,MARPCK_TBL.decoded.bin,pck_object_0023,,160,160,pck_selected_frame_diagnostic_probe,,,,,research/extract/rendered_pck_selected_probe/MARPCK_TBL/choice0_thr128/MARPCK_TBL_pck_object_0023_choice000_thr128_selected_probe.png,480,480,3,b8f2238686f6012ae7fa483234bdde7f21c196d81fde52449d57f9ba85d21b1d,50512,fb3d849a3a09cb23e53d88347d1c197e6632f801958167de7c1078abaa144f03,research/extract/decoded_pck/MARPCK_TBL.decoded.bin,research/extract/rendered_pck_selected_probe/MARPCK_TBL/choice0_thr128/render_manifest.json
pck_selected_frame_probe,MARPCK_TBL.decoded.bin,pck_object_0023,,160,160,pck_selected_frame_diagnostic_probe,,,,,research/extract/rendered_pck_selected_probe/MARPCK_TBL/choice0_thr160/MARPCK_TBL_pck_object_0023_choice000_thr160_selected_probe.png,480,480,3,d2e620543f3bdb97758c7973c12f77a34f914d4cec9566ad2a5cb838d176e206,50512,fb3d849a3a09cb23e53d88347d1c197e6632f801958167de7c1078abaa144f03,research/extract/decoded_pck/MARPCK_TBL.decoded.bin,research/extract/rendered_pck_selected_probe/MARPCK_TBL/choice0_thr160/render_manifest.json
pck_selected_frame_probe,MARPCK_TBL.decoded.bin,pck_object_0023,,160,160,pck_selected_frame_diagnostic_probe,,,,,research/extract/rendered_pck_selected_probe/MARPCK_TBL/choice0_thr192/MARPCK_TBL_pck_object_0023_choice000_thr192_selected_probe.png,480,480,3,d2e620543f3bdb97758c7973c12f77a34f914d4cec9566ad2a5cb838d176e206,50512,fb3d849a3a09cb23e53d88347d1c197e6632f801958167de7c1078abaa144f03,research/extract/decoded_pck/MARPCK_TBL.decoded.bin,research/extract/rendered_pck_selected_probe/MARPCK_TBL/choice0_thr192/render_manifest.json
pck_selected_frame_probe,MARPCK_TBL.decoded.bin,pck_object_0023,,160,160,pck_selected_frame_diagnostic_probe,,,,,research/extract/rendered_pck_selected_probe/MARPCK_TBL/choice0_thr224/MARPCK_TBL_pck_object_0023_choice000_thr224_selected_probe.png,480,480,3,d2e620543f3bdb97758c7973c12f77a34f914d4cec9566ad2a5cb838d176e206,50512,fb3d849a3a09cb23e53d88347d1c197e6632f801958167de7c1078abaa144f03,research/extract/decoded_pck/MARPCK_TBL.decoded.bin,research/extract/rendered_pck_selected_probe/MARPCK_TBL/choice0_thr224/render_manifest.json
pck_selected_frame_probe,MARPCK_TBL.decoded.bin,pck_object_0023,,160,160,pck_selected_frame_diagnostic_probe,,,,,research/extract/rendered_pck_selected_probe/MARPCK_TBL/choice0_thr32/MARPCK_TBL_pck_object_0023_choice000_thr032_selected_probe.png,480,480,3,b8f2238686f6012ae7fa483234bdde7f21c196d81fde52449d57f9ba85d21b1d,50512,fb3d849a3a09cb23e53d88347d1c197e6632f801958167de7c1078abaa144f03,research/extract/decoded_pck/MARPCK_TBL.decoded.bin,research/extract/rendered_pck_selected_probe/MARPCK_TBL/choice0_thr32/render_manifest.json
pck_selected_frame_probe,MARPCK_TBL.decoded.bin,pck_object_0023,,160,160,pck_selected_frame_diagnostic_probe,,,,,research/extract/rendered_pck_selected_probe/MARPCK_TBL/choice0_thr64/MARPCK_TBL_pck_object_0023_choice000_thr064_selected_probe.png,480,480,3,b8f2238686f6012ae7fa483234bdde7f21c196d81fde52449d57f9ba85d21b1d,50512,fb3d849a3a09cb23e53d88347d1c197e6632f801958167de7c1078abaa144f03,research/extract/decoded_pck/MARPCK_TBL.decoded.bin,research/extract/rendered_pck_selected_probe/MARPCK_TBL/choice0_thr64/render_manifest.json
pck_selected_frame_probe,MARPCK_TBL.decoded.bin,pck_object_0023,,160,160,pck_selected_frame_diagnostic_probe,,,,,research/extract/rendered_pck_selected_probe/MARPCK_TBL/choice0_thr96/MARPCK_TBL_pck_object_0023_choice000_thr096_selected_probe.png,480,480,3,b8f2238686f6012ae7fa483234bdde7f21c196d81fde52449d57f9ba85d21b1d,50512,fb3d849a3a09cb23e53d88347d1c197e6632f801958167de7c1078abaa144f03,research/extract/decoded_pck/MARPCK_TBL.decoded.bin,research/extract/rendered_pck_selected_probe/MARPCK_TBL/choice0_thr96/render_manifest.json
pck_selected_frame_probe,MARPCK_TBL.decoded.bin,pck_object_0024,,160,160,pck_selected_frame_diagnostic_probe,,,,,research/extract/rendered_pck_selected_probe/MARPCK_TBL/choice0_thr0/MARPCK_TBL_pck_object_0024_choice000_thr000_selected_probe.png,480,480,3,b8f2238686f6012ae7fa483234bdde7f21c196d81fde52449d57f9ba85d21b1d,50512,fb3d849a3a09cb23e53d88347d1c197e6632f801958167de7c1078abaa144f03,research/extract/decoded_pck/MARPCK_TBL.decoded.bin,research/extract/rendered_pck_selected_probe/MARPCK_TBL/choice0_thr0/render_manifest.json
pck_selected_frame_probe,MARPCK_TBL.decoded.bin,pck_object_0024,,160,160,pck_selected_frame_diagnostic_probe,,,,,research/extract/rendered_pck_selected_probe/MARPCK_TBL/choice0_thr128/MARPCK_TBL_pck_object_0024_choice000_thr128_selected_probe.png,480,480,3,b8f2238686f6012ae7fa483234bdde7f21c196d81fde52449d57f9ba85d21b1d,50512,fb3d849a3a09cb23e53d88347d1c197e6632f801958167de7c1078abaa144f03,research/extract/decoded_pck/MARPCK_TBL.decoded.bin,research/extract/rendered_pck_selected_probe/MARPCK_TBL/choice0_thr128/render_manifest.json
pck_selected_frame_probe,MARPCK_TBL.decoded.bin,pck_object_0024,,160,160,pck_selected_frame_diagnostic_probe,,,,,research/extract/rendered_pck_selected_probe/MARPCK_TBL/choice0_thr160/MARPCK_TBL_pck_object_0024_choice000_thr160_selected_probe.png,480,480,3,d2e620543f3bdb97758c7973c12f77a34f914d4cec9566ad2a5cb838d176e206,50512,fb3d849a3a09cb23e53d88347d1c197e6632f801958167de7c1078abaa144f03,research/extract/decoded_pck/MARPCK_TBL.decoded.bin,research/extract/rendered_pck_selected_probe/MARPCK_TBL/choice0_thr160/render_manifest.json
pck_selected_frame_probe,MARPCK_TBL.decoded.bin,pck_object_0024,,160,160,pck_selected_frame_diagnostic_probe,,,,,research/extract/rendered_pck_selected_probe/MARPCK_TBL/choice0_thr192/MARPCK_TBL_pck_object_0024_choice000_thr192_selected_probe.png,480,480,3,d2e620543f3bdb97758c7973c12f77a34f914d4cec9566ad2a5cb838d176e206,50512,fb3d849a3a09cb23e53d88347d1c197e6632f801958167de7c1078abaa144f03,research/extract/decoded_pck/MARPCK_TBL.decoded.bin,research/extract/rendered_pck_selected_probe/MARPCK_TBL/choice0_thr192/render_manifest.json
pck_selected_frame_probe,MARPCK_TBL.decoded.bin,pck_object_0024,,160,160,pck_selected_frame_diagnostic_probe,,,,,research/extract/rendered_pck_selected_probe/MARPCK_TBL/choice0_thr224/MARPCK_TBL_pck_object_0024_choice000_thr224_selected_probe.png,480,480,3,d2e620543f3bdb97758c7973c12f77a34f914d4cec9566ad2a5cb838d176e206,50512,fb3d849a3a09cb23e53d88347d1c197e6632f801958167de7c1078abaa144f03,research/extract/decoded_pck/MARPCK_TBL.decoded.bin,research/extract/rendered_pck_selected_probe/MARPCK_TBL/choice0_thr224/render_manifest.json
pck_selected_frame_probe,MARPCK_TBL.decoded.bin,pck_object_0024,,160,160,pck_selected_frame_diagnostic_probe,,,,,research/extract/rendered_pck_selected_probe/MARPCK_TBL/choice0_thr32/MARPCK_TBL_pck_object_0024_choice000_thr032_selected_probe.png,480,480,3,b8f2238686f6012ae7fa483234bdde7f21c196d81fde52449d57f9ba85d21b1d,50512,fb3d849a3a09cb23e53d88347d1c197e6632f801958167de7c1078abaa144f03,research/extract/decoded_pck/MARPCK_TBL.decoded.bin,research/extract/rendered_pck_selected_probe/MARPCK_TBL/choice0_thr32/render_manifest.json
pck_selected_frame_probe,MARPCK_TBL.decoded.bin,pck_object_0024,,160,160,pck_selected_frame_diagnostic_probe,,,,,research/extract/rendered_pck_selected_probe/MARPCK_TBL/choice0_thr64/MARPCK_TBL_pck_object_0024_choice000_thr064_selected_probe.png,480,480,3,b8f2238686f6012ae7fa483234bdde7f21c196d81fde52449d57f9ba85d21b1d,50512,fb3d849a3a09cb23e53d88347d1c197e6632f801958167de7c1078abaa144f03,research/extract/decoded_pck/MARPCK_TBL.decoded.bin,research/extract/rendered_pck_selected_probe/MARPCK_TBL/choice0_thr64/render_manifest.json
pck_selected_frame_probe,MARPCK_TBL.decoded.bin,pck_object_0024,,160,160,pck_selected_frame_diagnostic_probe,,,,,research/extract/rendered_pck_selected_probe/MARPCK_TBL/choice0_thr96/MARPCK_TBL_pck_object_0024_choice000_thr096_selected_probe.png,480,480,3,b8f2238686f6012ae7fa483234bdde7f21c196d81fde52449d57f9ba85d21b1d,50512,fb3d849a3a09cb23e53d88347d1c197e6632f801958167de7c1078abaa144f03,research/extract/decoded_pck/MARPCK_TBL.decoded.bin,research/extract/rendered_pck_selected_probe/MARPCK_TBL/choice0_thr96/render_manifest.json
pck_selected_frame_probe,MARPCK_TBL.decoded.bin,pck_object_0030,,160,160,pck_selected_frame_diagnostic_probe,,,,,research/extract/rendered_pck_selected_probe/MARPCK_TBL/choice0_thr0/MARPCK_TBL_pck_object_0030_choice000_thr000_selected_probe.png,480,480,3,b8f2238686f6012ae7fa483234bdde7f21c196d81fde52449d57f9ba85d21b1d,50512,fb3d849a3a09cb23e53d88347d1c197e6632f801958167de7c1078abaa144f03,research/extract/decoded_pck/MARPCK_TBL.decoded.bin,research/extract/rendered_pck_selected_probe/MARPCK_TBL/choice0_thr0/render_manifest.json
pck_selected_frame_probe,MARPCK_TBL.decoded.bin,pck_object_0030,,160,160,pck_selected_frame_diagnostic_probe,,,,,research/extract/rendered_pck_selected_probe/MARPCK_TBL/choice0_thr128/MARPCK_TBL_pck_object_0030_choice000_thr128_selected_probe.png,480,480,3,b8f2238686f6012ae7fa483234bdde7f21c196d81fde52449d57f9ba85d21b1d,50512,fb3d849a3a09cb23e53d88347d1c197e6632f801958167de7c1078abaa144f03,research/extract/decoded_pck/MARPCK_TBL.decoded.bin,research/extract/rendered_pck_selected_probe/MARPCK_TBL/choice0_thr128/render_manifest.json
pck_selected_frame_probe,MARPCK_TBL.decoded.bin,pck_object_0030,,160,160,pck_selected_frame_diagnostic_probe,,,,,research/extract/rendered_pck_selected_probe/MARPCK_TBL/choice0_thr160/MARPCK_TBL_pck_object_0030_choice000_thr160_selected_probe.png,480,480,3,d2e620543f3bdb97758c7973c12f77a34f914d4cec9566ad2a5cb838d176e206,50512,fb3d849a3a09cb23e53d88347d1c197e6632f801958167de7c1078abaa144f03,research/extract/decoded_pck/MARPCK_TBL.decoded.bin,research/extract/rendered_pck_selected_probe/MARPCK_TBL/choice0_thr160/render_manifest.json
pck_selected_frame_probe,MARPCK_TBL.decoded.bin,pck_object_0030,,160,160,pck_selected_frame_diagnostic_probe,,,,,research/extract/rendered_pck_selected_probe/MARPCK_TBL/choice0_thr192/MARPCK_TBL_pck_object_0030_choice000_thr192_selected_probe.png,480,480,3,d2e620543f3bdb97758c7973c12f77a34f914d4cec9566ad2a5cb838d176e206,50512,fb3d849a3a09cb23e53d88347d1c197e6632f801958167de7c1078abaa144f03,research/extract/decoded_pck/MARPCK_TBL.decoded.bin,research/extract/rendered_pck_selected_probe/MARPCK_TBL/choice0_thr192/render_manifest.json
pck_selected_frame_probe,MARPCK_TBL.decoded.bin,pck_object_0030,,160,160,pck_selected_frame_diagnostic_probe,,,,,research/extract/rendered_pck_selected_probe/MARPCK_TBL/choice0_thr224/MARPCK_TBL_pck_object_0030_choice000_thr224_selected_probe.png,480,480,3,d2e620543f3bdb97758c7973c12f77a34f914d4cec9566ad2a5cb838d176e206,50512,fb3d849a3a09cb23e53d88347d1c197e6632f801958167de7c1078abaa144f03,research/extract/decoded_pck/MARPCK_TBL.decoded.bin,research/extract/rendered_pck_selected_probe/MARPCK_TBL/choice0_thr224/render_manifest.json
pck_selected_frame_probe,MARPCK_TBL.decoded.bin,pck_object_0030,,160,160,pck_selected_frame_diagnostic_probe,,,,,research/extract/rendered_pck_selected_probe/MARPCK_TBL/choice0_thr32/MARPCK_TBL_pck_object_0030_choice000_thr032_selected_probe.png,480,480,3,b8f2238686f6012ae7fa483234bdde7f21c196d81fde52449d57f9ba85d21b1d,50512,fb3d849a3a09cb23e53d88347d1c197e6632f801958167de7c1078abaa144f03,research/extract/decoded_pck/MARPCK_TBL.decoded.bin,research/extract/rendered_pck_selected_probe/MARPCK_TBL/choice0_thr32/render_manifest.json
pck_selected_frame_probe,MARPCK_TBL.decoded.bin,pck_object_0030,,160,160,pck_selected_frame_diagnostic_probe,,,,,research/extract/rendered_pck_selected_probe/MARPCK_TBL/choice0_thr64/MARPCK_TBL_pck_object_0030_choice000_thr064_selected_probe.png,480,480,3,b8f2238686f6012ae7fa483234bdde7f21c196d81fde52449d57f9ba85d21b1d,50512,fb3d849a3a09cb23e53d88347d1c197e6632f801958167de7c1078abaa144f03,research/extract/decoded_pck/MARPCK_TBL.decoded.bin,research/extract/rendered_pck_selected_probe/MARPCK_TBL/choice0_thr64/render_manifest.json
pck_selected_frame_probe,MARPCK_TBL.decoded.bin,pck_object_0030,,160,160,pck_selected_frame_diagnostic_probe,,,,,research/extract/rendered_pck_selected_probe/MARPCK_TBL/choice0_thr96/MARPCK_TBL_pck_object_0030_choice000_thr096_selected_probe.png,480,480,3,b8f2238686f6012ae7fa483234bdde7f21c196d81fde52449d57f9ba85d21b1d,50512,fb3d849a3a09cb23e53d88347d1c197e6632f801958167de7c1078abaa144f03,research/extract/decoded_pck/MARPCK_TBL.decoded.bin,research/extract/rendered_pck_selected_probe/MARPCK_TBL/choice0_thr96/render_manifest.json
pck_selected_frame_probe,MARPCK_TBL.decoded.bin,pck_object_0034,,160,160,pck_selected_frame_diagnostic_probe,,,,,research/extract/rendered_pck_selected_probe/MARPCK_TBL/choice0_thr0/MARPCK_TBL_pck_object_0034_choice000_thr000_selected_probe.png,480,480,3,b8f2238686f6012ae7fa483234bdde7f21c196d81fde52449d57f9ba85d21b1d,50512,fb3d849a3a09cb23e53d88347d1c197e6632f801958167de7c1078abaa144f03,research/extract/decoded_pck/MARPCK_TBL.decoded.bin,research/extract/rendered_pck_selected_probe/MARPCK_TBL/choice0_thr0/render_manifest.json
pck_selected_frame_probe,MARPCK_TBL.decoded.bin,pck_object_0034,,160,160,pck_selected_frame_diagnostic_probe,,,,,research/extract/rendered_pck_selected_probe/MARPCK_TBL/choice0_thr128/MARPCK_TBL_pck_object_0034_choice000_thr128_selected_probe.png,480,480,3,b8f2238686f6012ae7fa483234bdde7f21c196d81fde52449d57f9ba85d21b1d,50512,fb3d849a3a09cb23e53d88347d1c197e6632f801958167de7c1078abaa144f03,research/extract/decoded_pck/MARPCK_TBL.decoded.bin,research/extract/rendered_pck_selected_probe/MARPCK_TBL/choice0_thr128/render_manifest.json
pck_selected_frame_probe,MARPCK_TBL.decoded.bin,pck_object_0034,,160,160,pck_selected_frame_diagnostic_probe,,,,,research/extract/rendered_pck_selected_probe/MARPCK_TBL/choice0_thr160/MARPCK_TBL_pck_object_0034_choice000_thr160_selected_probe.png,480,480,3,d2e620543f3bdb97758c7973c12f77a34f914d4cec9566ad2a5cb838d176e206,50512,fb3d849a3a09cb23e53d88347d1c197e6632f801958167de7c1078abaa144f03,research/extract/decoded_pck/MARPCK_TBL.decoded.bin,research/extract/rendered_pck_selected_probe/MARPCK_TBL/choice0_thr160/render_manifest.json
pck_selected_frame_probe,MARPCK_TBL.decoded.bin,pck_object_0034,,160,160,pck_selected_frame_diagnostic_probe,,,,,research/extract/rendered_pck_selected_probe/MARPCK_TBL/choice0_thr192/MARPCK_TBL_pck_object_0034_choice000_thr192_selected_probe.png,480,480,3,d2e620543f3bdb97758c7973c12f77a34f914d4cec9566ad2a5cb838d176e206,50512,fb3d849a3a09cb23e53d88347d1c197e6632f801958167de7c1078abaa144f03,research/extract/decoded_pck/MARPCK_TBL.decoded.bin,research/extract/rendered_pck_selected_probe/MARPCK_TBL/choice0_thr192/render_manifest.json
pck_selected_frame_probe,MARPCK_TBL.decoded.bin,pck_object_0034,,160,160,pck_selected_frame_diagnostic_probe,,,,,research/extract/rendered_pck_selected_probe/MARPCK_TBL/choice0_thr224/MARPCK_TBL_pck_object_0034_choice000_thr224_selected_probe.png,480,480,3,d2e620543f3bdb97758c7973c12f77a34f914d4cec9566ad2a5cb838d176e206,50512,fb3d849a3a09cb23e53d88347d1c197e6632f801958167de7c1078abaa144f03,research/extract/decoded_pck/MARPCK_TBL.decoded.bin,research/extract/rendered_pck_selected_probe/MARPCK_TBL/choice0_thr224/render_manifest.json
pck_selected_frame_probe,MARPCK_TBL.decoded.bin,pck_object_0034,,160,160,pck_selected_frame_diagnostic_probe,,,,,research/extract/rendered_pck_selected_probe/MARPCK_TBL/choice0_thr32/MARPCK_TBL_pck_object_0034_choice000_thr032_selected_probe.png,480,480,3,b8f2238686f6012ae7fa483234bdde7f21c196d81fde52449d57f9ba85d21b1d,50512,fb3d849a3a09cb23e53d88347d1c197e6632f801958167de7c1078abaa144f03,research/extract/decoded_pck/MARPCK_TBL.decoded.bin,research/extract/rendered_pck_selected_probe/MARPCK_TBL/choice0_thr32/render_manifest.json
pck_selected_frame_probe,MARPCK_TBL.decoded.bin,pck_object_0034,,160,160,pck_selected_frame_diagnostic_probe,,,,,research/extract/rendered_pck_selected_probe/MARPCK_TBL/choice0_thr64/MARPCK_TBL_pck_object_0034_choice000_thr064_selected_probe.png,480,480,3,b8f2238686f6012ae7fa483234bdde7f21c196d81fde52449d57f9ba85d21b1d,50512,fb3d849a3a09cb23e53d88347d1c197e6632f801958167de7c1078abaa144f03,research/extract/decoded_pck/MARPCK_TBL.decoded.bin,research/extract/rendered_pck_selected_probe/MARPCK_TBL/choice0_thr64/render_manifest.json
pck_selected_frame_probe,MARPCK_TBL.decoded.bin,pck_object_0034,,160,160,pck_selected_frame_diagnostic_probe,,,,,research/extract/rendered_pck_selected_probe/MARPCK_TBL/choice0_thr96/MARPCK_TBL_pck_object_0034_choice000_thr096_selected_probe.png,480,480,3,b8f2238686f6012ae7fa483234bdde7f21c196d81fde52449d57f9ba85d21b1d,50512,fb3d849a3a09cb23e53d88347d1c197e6632f801958167de7c1078abaa144f03,research/extract/decoded_pck/MARPCK_TBL.decoded.bin,research/extract/rendered_pck_selected_probe/MARPCK_TBL/choice0_thr96/render_manifest.json
pck_selected_frame_probe,MARPCK_TBL.decoded.bin,pck_object_0037,,160,160,pck_selected_frame_diagnostic_probe,,,,,research/extract/rendered_pck_selected_probe/MARPCK_TBL/choice0_thr0/MARPCK_TBL_pck_object_0037_choice000_thr000_selected_probe.png,480,480,3,b8f2238686f6012ae7fa483234bdde7f21c196d81fde52449d57f9ba85d21b1d,50512,fb3d849a3a09cb23e53d88347d1c197e6632f801958167de7c1078abaa144f03,research/extract/decoded_pck/MARPCK_TBL.decoded.bin,research/extract/rendered_pck_selected_probe/MARPCK_TBL/choice0_thr0/render_manifest.json
pck_selected_frame_probe,MARPCK_TBL.decoded.bin,pck_object_0037,,160,160,pck_selected_frame_diagnostic_probe,,,,,research/extract/rendered_pck_selected_probe/MARPCK_TBL/choice0_thr128/MARPCK_TBL_pck_object_0037_choice000_thr128_selected_probe.png,480,480,3,b8f2238686f6012ae7fa483234bdde7f21c196d81fde52449d57f9ba85d21b1d,50512,fb3d849a3a09cb23e53d88347d1c197e6632f801958167de7c1078abaa144f03,research/extract/decoded_pck/MARPCK_TBL.decoded.bin,research/extract/rendered_pck_selected_probe/MARPCK_TBL/choice0_thr128/render_manifest.json
pck_selected_frame_probe,MARPCK_TBL.decoded.bin,pck_object_0037,,160,160,pck_selected_frame_diagnostic_probe,,,,,research/extract/rendered_pck_selected_probe/MARPCK_TBL/choice0_thr160/MARPCK_TBL_pck_object_0037_choice000_thr160_selected_probe.png,480,480,3,d2e620543f3bdb97758c7973c12f77a34f914d4cec9566ad2a5cb838d176e206,50512,fb3d849a3a09cb23e53d88347d1c197e6632f801958167de7c1078abaa144f03,research/extract/decoded_pck/MARPCK_TBL.decoded.bin,research/extract/rendered_pck_selected_probe/MARPCK_TBL/choice0_thr160/render_manifest.json
pck_selected_frame_probe,MARPCK_TBL.decoded.bin,pck_object_0037,,160,160,pck_selected_frame_diagnostic_probe,,,,,research/extract/rendered_pck_selected_probe/MARPCK_TBL/choice0_thr192/MARPCK_TBL_pck_object_0037_choice000_thr192_selected_probe.png,480,480,3,d2e620543f3bdb97758c7973c12f77a34f914d4cec9566ad2a5cb838d176e206,50512,fb3d849a3a09cb23e53d88347d1c197e6632f801958167de7c1078abaa144f03,research/extract/decoded_pck/MARPCK_TBL.decoded.bin,research/extract/rendered_pck_selected_probe/MARPCK_TBL/choice0_thr192/render_manifest.json
pck_selected_frame_probe,MARPCK_TBL.decoded.bin,pck_object_0037,,160,160,pck_selected_frame_diagnostic_probe,,,,,research/extract/rendered_pck_selected_probe/MARPCK_TBL/choice0_thr224/MARPCK_TBL_pck_object_0037_choice000_thr224_selected_probe.png,480,480,3,d2e620543f3bdb97758c7973c12f77a34f914d4cec9566ad2a5cb838d176e206,50512,fb3d849a3a09cb23e53d88347d1c197e6632f801958167de7c1078abaa144f03,research/extract/decoded_pck/MARPCK_TBL.decoded.bin,research/extract/rendered_pck_selected_probe/MARPCK_TBL/choice0_thr224/render_manifest.json
pck_selected_frame_probe,MARPCK_TBL.decoded.bin,pck_object_0037,,160,160,pck_selected_frame_diagnostic_probe,,,,,research/extract/rendered_pck_selected_probe/MARPCK_TBL/choice0_thr32/MARPCK_TBL_pck_object_0037_choice000_thr032_selected_probe.png,480,480,3,b8f2238686f6012ae7fa483234bdde7f21c196d81fde52449d57f9ba85d21b1d,50512,fb3d849a3a09cb23e53d88347d1c197e6632f801958167de7c1078abaa144f03,research/extract/decoded_pck/MARPCK_TBL.decoded.bin,research/extract/rendered_pck_selected_probe/MARPCK_TBL/choice0_thr32/render_manifest.json
pck_selected_frame_probe,MARPCK_TBL.decoded.bin,pck_object_0037,,160,160,pck_selected_frame_diagnostic_probe,,,,,research/extract/rendered_pck_selected_probe/MARPCK_TBL/choice0_thr64/MARPCK_TBL_pck_object_0037_choice000_thr064_selected_probe.png,480,480,3,b8f2238686f6012ae7fa483234bdde7f21c196d81fde52449d57f9ba85d21b1d,50512,fb3d849a3a09cb23e53d88347d1c197e6632f801958167de7c1078abaa144f03,research/extract/decoded_pck/MARPCK_TBL.decoded.bin,research/extract/rendered_pck_selected_probe/MARPCK_TBL/choice0_thr64/render_manifest.json
pck_selected_frame_probe,MARPCK_TBL.decoded.bin,pck_object_0037,,160,160,pck_selected_frame_diagnostic_probe,,,,,research/extract/rendered_pck_selected_probe/MARPCK_TBL/choice0_thr96/MARPCK_TBL_pck_object_0037_choice000_thr096_selected_probe.png,480,480,3,b8f2238686f6012ae7fa483234bdde7f21c196d81fde52449d57f9ba85d21b1d,50512,fb3d849a3a09cb23e53d88347d1c197e6632f801958167de7c1078abaa144f03,research/extract/decoded_pck/MARPCK_TBL.decoded.bin,research/extract/rendered_pck_selected_probe/MARPCK_TBL/choice0_thr96/render_manifest.json
pck_selected_frame_probe,MARPCK_TBL.decoded.bin,pck_object_0044,,160,160,pck_selected_frame_diagnostic_probe,,,,,research/extract/rendered_pck_selected_probe/MARPCK_TBL/choice0_thr0/MARPCK_TBL_pck_object_0044_choice000_thr000_selected_probe.png,480,480,2,37983470bcc443ad09b737c5cddcd86833ca3093f259acfbca5bb3899996f29e,50512,fb3d849a3a09cb23e53d88347d1c197e6632f801958167de7c1078abaa144f03,research/extract/decoded_pck/MARPCK_TBL.decoded.bin,research/extract/rendered_pck_selected_probe/MARPCK_TBL/choice0_thr0/render_manifest.json
pck_selected_frame_probe,MARPCK_TBL.decoded.bin,pck_object_0044,,160,160,pck_selected_frame_diagnostic_probe,,,,,research/extract/rendered_pck_selected_probe/MARPCK_TBL/choice0_thr128/MARPCK_TBL_pck_object_0044_choice000_thr128_selected_probe.png,480,480,2,37983470bcc443ad09b737c5cddcd86833ca3093f259acfbca5bb3899996f29e,50512,fb3d849a3a09cb23e53d88347d1c197e6632f801958167de7c1078abaa144f03,research/extract/decoded_pck/MARPCK_TBL.decoded.bin,research/extract/rendered_pck_selected_probe/MARPCK_TBL/choice0_thr128/render_manifest.json
pck_selected_frame_probe,MARPCK_TBL.decoded.bin,pck_object_0044,,160,160,pck_selected_frame_diagnostic_probe,,,,,research/extract/rendered_pck_selected_probe/MARPCK_TBL/choice0_thr160/MARPCK_TBL_pck_object_0044_choice000_thr160_selected_probe.png,480,480,2,37983470bcc443ad09b737c5cddcd86833ca3093f259acfbca5bb3899996f29e,50512,fb3d849a3a09cb23e53d88347d1c197e6632f801958167de7c1078abaa144f03,research/extract/decoded_pck/MARPCK_TBL.decoded.bin,research/extract/rendered_pck_selected_probe/MARPCK_TBL/choice0_thr160/render_manifest.json
pck_selected_frame_probe,MARPCK_TBL.decoded.bin,pck_object_0044,,160,160,pck_selected_frame_diagnostic_probe,,,,,research/extract/rendered_pck_selected_probe/MARPCK_TBL/choice0_thr192/MARPCK_TBL_pck_object_0044_choice000_thr192_selected_probe.png,480,480,2,37983470bcc443ad09b737c5cddcd86833ca3093f259acfbca5bb3899996f29e,50512,fb3d849a3a09cb23e53d88347d1c197e6632f801958167de7c1078abaa144f03,research/extract/decoded_pck/MARPCK_TBL.decoded.bin,research/extract/rendered_pck_selected_probe/MARPCK_TBL/choice0_thr192/render_manifest.json
pck_selected_frame_probe,MARPCK_TBL.decoded.bin,pck_object_0044,,160,160,pck_selected_frame_diagnostic_probe,,,,,research/extract/rendered_pck_selected_probe/MARPCK_TBL/choice0_thr224/MARPCK_TBL_pck_object_0044_choice000_thr224_selected_probe.png,480,480,2,37983470bcc443ad09b737c5cddcd86833ca3093f259acfbca5bb3899996f29e,50512,fb3d849a3a09cb23e53d88347d1c197e6632f801958167de7c1078abaa144f03,research/extract/decoded_pck/MARPCK_TBL.decoded.bin,research/extract/rendered_pck_selected_probe/MARPCK_TBL/choice0_thr224/render_manifest.json
pck_selected_frame_probe,MARPCK_TBL.decoded.bin,pck_object_0044,,160,160,pck_selected_frame_diagnostic_probe,,,,,research/extract/rendered_pck_selected_probe/MARPCK_TBL/choice0_thr32/MARPCK_TBL_pck_object_0044_choice000_thr032_selected_probe.png,480,480,2,37983470bcc443ad09b737c5cddcd86833ca3093f259acfbca5bb3899996f29e,50512,fb3d849a3a09cb23e53d88347d1c197e6632f801958167de7c1078abaa144f03,research/extract/decoded_pck/MARPCK_TBL.decoded.bin,research/extract/rendered_pck_selected_probe/MARPCK_TBL/choice0_thr32/render_manifest.json
pck_selected_frame_probe,MARPCK_TBL.decoded.bin,pck_object_0044,,160,160,pck_selected_frame_diagnostic_probe,,,,,research/extract/rendered_pck_selected_probe/MARPCK_TBL/choice0_thr64/MARPCK_TBL_pck_object_0044_choice000_thr064_selected_probe.png,480,480,2,37983470bcc443ad09b737c5cddcd86833ca3093f259acfbca5bb3899996f29e,50512,fb3d849a3a09cb23e53d88347d1c197e6632f801958167de7c1078abaa144f03,research/extract/decoded_pck/MARPCK_TBL.decoded.bin,research/extract/rendered_pck_selected_probe/MARPCK_TBL/choice0_thr64/render_manifest.json
pck_selected_frame_probe,MARPCK_TBL.decoded.bin,pck_object_0044,,160,160,pck_selected_frame_diagnostic_probe,,,,,research/extract/rendered_pck_selected_probe/MARPCK_TBL/choice0_thr96/MARPCK_TBL_pck_object_0044_choice000_thr096_selected_probe.png,480,480,2,37983470bcc443ad09b737c5cddcd86833ca3093f259acfbca5bb3899996f29e,50512,fb3d849a3a09cb23e53d88347d1c197e6632f801958167de7c1078abaa144f03,research/extract/decoded_pck/MARPCK_TBL.decoded.bin,research/extract/rendered_pck_selected_probe/MARPCK_TBL/choice0_thr96/render_manifest.json
pck_selected_frame_probe,MARPCK_TBL.decoded.bin,pck_object_0056,,160,160,pck_selected_frame_diagnostic_probe,,,,,research/extract/rendered_pck_selected_probe/MARPCK_TBL/choice0_thr0/MARPCK_TBL_pck_object_0056_choice000_thr000_selected_probe.png,480,480,3,b8f2238686f6012ae7fa483234bdde7f21c196d81fde52449d57f9ba85d21b1d,50512,fb3d849a3a09cb23e53d88347d1c197e6632f801958167de7c1078abaa144f03,research/extract/decoded_pck/MARPCK_TBL.decoded.bin,research/extract/rendered_pck_selected_probe/MARPCK_TBL/choice0_thr0/render_manifest.json
pck_selected_frame_probe,MARPCK_TBL.decoded.bin,pck_object_0056,,160,160,pck_selected_frame_diagnostic_probe,,,,,research/extract/rendered_pck_selected_probe/MARPCK_TBL/choice0_thr128/MARPCK_TBL_pck_object_0056_choice000_thr128_selected_probe.png,480,480,3,b8f2238686f6012ae7fa483234bdde7f21c196d81fde52449d57f9ba85d21b1d,50512,fb3d849a3a09cb23e53d88347d1c197e6632f801958167de7c1078abaa144f03,research/extract/decoded_pck/MARPCK_TBL.decoded.bin,research/extract/rendered_pck_selected_probe/MARPCK_TBL/choice0_thr128/render_manifest.json
pck_selected_frame_probe,MARPCK_TBL.decoded.bin,pck_object_0056,,160,160,pck_selected_frame_diagnostic_probe,,,,,research/extract/rendered_pck_selected_probe/MARPCK_TBL/choice0_thr160/MARPCK_TBL_pck_object_0056_choice000_thr160_selected_probe.png,480,480,2,37983470bcc443ad09b737c5cddcd86833ca3093f259acfbca5bb3899996f29e,50512,fb3d849a3a09cb23e53d88347d1c197e6632f801958167de7c1078abaa144f03,research/extract/decoded_pck/MARPCK_TBL.decoded.bin,research/extract/rendered_pck_selected_probe/MARPCK_TBL/choice0_thr160/render_manifest.json
pck_selected_frame_probe,MARPCK_TBL.decoded.bin,pck_object_0056,,160,160,pck_selected_frame_diagnostic_probe,,,,,research/extract/rendered_pck_selected_probe/MARPCK_TBL/choice0_thr192/MARPCK_TBL_pck_object_0056_choice000_thr192_selected_probe.png,480,480,2,37983470bcc443ad09b737c5cddcd86833ca3093f259acfbca5bb3899996f29e,50512,fb3d849a3a09cb23e53d88347d1c197e6632f801958167de7c1078abaa144f03,research/extract/decoded_pck/MARPCK_TBL.decoded.bin,research/extract/rendered_pck_selected_probe/MARPCK_TBL/choice0_thr192/render_manifest.json
pck_selected_frame_probe,MARPCK_TBL.decoded.bin,pck_object_0056,,160,160,pck_selected_frame_diagnostic_probe,,,,,research/extract/rendered_pck_selected_probe/MARPCK_TBL/choice0_thr224/MARPCK_TBL_pck_object_0056_choice000_thr224_selected_probe.png,480,480,2,37983470bcc443ad09b737c5cddcd86833ca3093f259acfbca5bb3899996f29e,50512,fb3d849a3a09cb23e53d88347d1c197e6632f801958167de7c1078abaa144f03,research/extract/decoded_pck/MARPCK_TBL.decoded.bin,research/extract/rendered_pck_selected_probe/MARPCK_TBL/choice0_thr224/render_manifest.json
pck_selected_frame_probe,MARPCK_TBL.decoded.bin,pck_object_0056,,160,160,pck_selected_frame_diagnostic_probe,,,,,research/extract/rendered_pck_selected_probe/MARPCK_TBL/choice0_thr32/MARPCK_TBL_pck_object_0056_choice000_thr032_selected_probe.png,480,480,3,b8f2238686f6012ae7fa483234bdde7f21c196d81fde52449d57f9ba85d21b1d,50512,fb3d849a3a09cb23e53d88347d1c197e6632f801958167de7c1078abaa144f03,research/extract/decoded_pck/MARPCK_TBL.decoded.bin,research/extract/rendered_pck_selected_probe/MARPCK_TBL/choice0_thr32/render_manifest.json
pck_selected_frame_probe,MARPCK_TBL.decoded.bin,pck_object_0056,,160,160,pck_selected_frame_diagnostic_probe,,,,,research/extract/rendered_pck_selected_probe/MARPCK_TBL/choice0_thr64/MARPCK_TBL_pck_object_0056_choice000_thr064_selected_probe.png,480,480,3,b8f2238686f6012ae7fa483234bdde7f21c196d81fde52449d57f9ba85d21b1d,50512,fb3d849a3a09cb23e53d88347d1c197e6632f801958167de7c1078abaa144f03,research/extract/decoded_pck/MARPCK_TBL.decoded.bin,research/extract/rendered_pck_selected_probe/MARPCK_TBL/choice0_thr64/render_manifest.json
pck_selected_frame_probe,MARPCK_TBL.decoded.bin,pck_object_0056,,160,160,pck_selected_frame_diagnostic_probe,,,,,research/extract/rendered_pck_selected_probe/MARPCK_TBL/choice0_thr96/MARPCK_TBL_pck_object_0056_choice000_thr096_selected_probe.png,480,480,3,b8f2238686f6012ae7fa483234bdde7f21c196d81fde52449d57f9ba85d21b1d,50512,fb3d849a3a09cb23e53d88347d1c197e6632f801958167de7c1078abaa144f03,research/extract/decoded_pck/MARPCK_TBL.decoded.bin,research/extract/rendered_pck_selected_probe/MARPCK_TBL/choice0_thr96/render_manifest.json
pck_selected_frame_probe,MARPCK_TBL.decoded.bin,pck_object_0057,,160,160,pck_selected_frame_diagnostic_probe,,,,,research/extract/rendered_pck_selected_probe/MARPCK_TBL/choice0_thr0/MARPCK_TBL_pck_object_0057_choice000_thr000_selected_probe.png,480,480,3,b8f2238686f6012ae7fa483234bdde7f21c196d81fde52449d57f9ba85d21b1d,50512,fb3d849a3a09cb23e53d88347d1c197e6632f801958167de7c1078abaa144f03,research/extract/decoded_pck/MARPCK_TBL.decoded.bin,research/extract/rendered_pck_selected_probe/MARPCK_TBL/choice0_thr0/render_manifest.json
pck_selected_frame_probe,MARPCK_TBL.decoded.bin,pck_object_0057,,160,160,pck_selected_frame_diagnostic_probe,,,,,research/extract/rendered_pck_selected_probe/MARPCK_TBL/choice0_thr128/MARPCK_TBL_pck_object_0057_choice000_thr128_selected_probe.png,480,480,3,b8f2238686f6012ae7fa483234bdde7f21c196d81fde52449d57f9ba85d21b1d,50512,fb3d849a3a09cb23e53d88347d1c197e6632f801958167de7c1078abaa144f03,research/extract/decoded_pck/MARPCK_TBL.decoded.bin,research/extract/rendered_pck_selected_probe/MARPCK_TBL/choice0_thr128/render_manifest.json
pck_selected_frame_probe,MARPCK_TBL.decoded.bin,pck_object_0057,,160,160,pck_selected_frame_diagnostic_probe,,,,,research/extract/rendered_pck_selected_probe/MARPCK_TBL/choice0_thr160/MARPCK_TBL_pck_object_0057_choice000_thr160_selected_probe.png,480,480,2,37983470bcc443ad09b737c5cddcd86833ca3093f259acfbca5bb3899996f29e,50512,fb3d849a3a09cb23e53d88347d1c197e6632f801958167de7c1078abaa144f03,research/extract/decoded_pck/MARPCK_TBL.decoded.bin,research/extract/rendered_pck_selected_probe/MARPCK_TBL/choice0_thr160/render_manifest.json
pck_selected_frame_probe,MARPCK_TBL.decoded.bin,pck_object_0057,,160,160,pck_selected_frame_diagnostic_probe,,,,,research/extract/rendered_pck_selected_probe/MARPCK_TBL/choice0_thr192/MARPCK_TBL_pck_object_0057_choice000_thr192_selected_probe.png,480,480,2,37983470bcc443ad09b737c5cddcd86833ca3093f259acfbca5bb3899996f29e,50512,fb3d849a3a09cb23e53d88347d1c197e6632f801958167de7c1078abaa144f03,research/extract/decoded_pck/MARPCK_TBL.decoded.bin,research/extract/rendered_pck_selected_probe/MARPCK_TBL/choice0_thr192/render_manifest.json
pck_selected_frame_probe,MARPCK_TBL.decoded.bin,pck_object_0057,,160,160,pck_selected_frame_diagnostic_probe,,,,,research/extract/rendered_pck_selected_probe/MARPCK_TBL/choice0_thr224/MARPCK_TBL_pck_object_0057_choice000_thr224_selected_probe.png,480,480,2,37983470bcc443ad09b737c5cddcd86833ca3093f259acfbca5bb3899996f29e,50512,fb3d849a3a09cb23e53d88347d1c197e6632f801958167de7c1078abaa144f03,research/extract/decoded_pck/MARPCK_TBL.decoded.bin,research/extract/rendered_pck_selected_probe/MARPCK_TBL/choice0_thr224/render_manifest.json
pck_selected_frame_probe,MARPCK_TBL.decoded.bin,pck_object_0057,,160,160,pck_selected_frame_diagnostic_probe,,,,,research/extract/rendered_pck_selected_probe/MARPCK_TBL/choice0_thr32/MARPCK_TBL_pck_object_0057_choice000_thr032_selected_probe.png,480,480,3,b8f2238686f6012ae7fa483234bdde7f21c196d81fde52449d57f9ba85d21b1d,50512,fb3d849a3a09cb23e53d88347d1c197e6632f801958167de7c1078abaa144f03,research/extract/decoded_pck/MARPCK_TBL.decoded.bin,research/extract/rendered_pck_selected_probe/MARPCK_TBL/choice0_thr32/render_manifest.json
pck_selected_frame_probe,MARPCK_TBL.decoded.bin,pck_object_0057,,160,160,pck_selected_frame_diagnostic_probe,,,,,research/extract/rendered_pck_selected_probe/MARPCK_TBL/choice0_thr64/MARPCK_TBL_pck_object_0057_choice000_thr064_selected_probe.png,480,480,3,b8f2238686f6012ae7fa483234bdde7f21c196d81fde52449d57f9ba85d21b1d,50512,fb3d849a3a09cb23e53d88347d1c197e6632f801958167de7c1078abaa144f03,research/extract/decoded_pck/MARPCK_TBL.decoded.bin,research/extract/rendered_pck_selected_probe/MARPCK_TBL/choice0_thr64/render_manifest.json
pck_selected_frame_probe,MARPCK_TBL.decoded.bin,pck_object_0057,,160,160,pck_selected_frame_diagnostic_probe,,,,,research/extract/rendered_pck_selected_probe/MARPCK_TBL/choice0_thr96/MARPCK_TBL_pck_object_0057_choice000_thr096_selected_probe.png,480,480,3,b8f2238686f6012ae7fa483234bdde7f21c196d81fde52449d57f9ba85d21b1d,50512,fb3d849a3a09cb23e53d88347d1c197e6632f801958167de7c1078abaa144f03,research/extract/decoded_pck/MARPCK_TBL.decoded.bin,research/extract/rendered_pck_selected_probe/MARPCK_TBL/choice0_thr96/render_manifest.json
pck_selected_frame_probe,MARPCK_TBL.decoded.bin,pck_object_0058,,160,160,pck_selected_frame_diagnostic_probe,,,,,research/extract/rendered_pck_selected_probe/MARPCK_TBL/choice0_thr0/MARPCK_TBL_pck_object_0058_choice000_thr000_selected_probe.png,480,480,3,b8f2238686f6012ae7fa483234bdde7f21c196d81fde52449d57f9ba85d21b1d,50512,fb3d849a3a09cb23e53d88347d1c197e6632f801958167de7c1078abaa144f03,research/extract/decoded_pck/MARPCK_TBL.decoded.bin,research/extract/rendered_pck_selected_probe/MARPCK_TBL/choice0_thr0/render_manifest.json
pck_selected_frame_probe,MARPCK_TBL.decoded.bin,pck_object_0058,,160,160,pck_selected_frame_diagnostic_probe,,,,,research/extract/rendered_pck_selected_probe/MARPCK_TBL/choice0_thr128/MARPCK_TBL_pck_object_0058_choice000_thr128_selected_probe.png,480,480,3,b8f2238686f6012ae7fa483234bdde7f21c196d81fde52449d57f9ba85d21b1d,50512,fb3d849a3a09cb23e53d88347d1c197e6632f801958167de7c1078abaa144f03,research/extract/decoded_pck/MARPCK_TBL.decoded.bin,research/extract/rendered_pck_selected_probe/MARPCK_TBL/choice0_thr128/render_manifest.json
pck_selected_frame_probe,MARPCK_TBL.decoded.bin,pck_object_0058,,160,160,pck_selected_frame_diagnostic_probe,,,,,research/extract/rendered_pck_selected_probe/MARPCK_TBL/choice0_thr160/MARPCK_TBL_pck_object_0058_choice000_thr160_selected_probe.png,480,480,2,37983470bcc443ad09b737c5cddcd86833ca3093f259acfbca5bb3899996f29e,50512,fb3d849a3a09cb23e53d88347d1c197e6632f801958167de7c1078abaa144f03,research/extract/decoded_pck/MARPCK_TBL.decoded.bin,research/extract/rendered_pck_selected_probe/MARPCK_TBL/choice0_thr160/render_manifest.json
pck_selected_frame_probe,MARPCK_TBL.decoded.bin,pck_object_0058,,160,160,pck_selected_frame_diagnostic_probe,,,,,research/extract/rendered_pck_selected_probe/MARPCK_TBL/choice0_thr192/MARPCK_TBL_pck_object_0058_choice000_thr192_selected_probe.png,480,480,3,06794342239f143b98326dc65713e89cccc3bce3ea79ed368c76a1580dbd3e22,50512,fb3d849a3a09cb23e53d88347d1c197e6632f801958167de7c1078abaa144f03,research/extract/decoded_pck/MARPCK_TBL.decoded.bin,research/extract/rendered_pck_selected_probe/MARPCK_TBL/choice0_thr192/render_manifest.json
pck_selected_frame_probe,MARPCK_TBL.decoded.bin,pck_object_0058,,160,160,pck_selected_frame_diagnostic_probe,,,,,research/extract/rendered_pck_selected_probe/MARPCK_TBL/choice0_thr224/MARPCK_TBL_pck_object_0058_choice000_thr224_selected_probe.png,480,480,3,06794342239f143b98326dc65713e89cccc3bce3ea79ed368c76a1580dbd3e22,50512,fb3d849a3a09cb23e53d88347d1c197e6632f801958167de7c1078abaa144f03,research/extract/decoded_pck/MARPCK_TBL.decoded.bin,research/extract/rendered_pck_selected_probe/MARPCK_TBL/choice0_thr224/render_manifest.json
pck_selected_frame_probe,MARPCK_TBL.decoded.bin,pck_object_0058,,160,160,pck_selected_frame_diagnostic_probe,,,,,research/extract/rendered_pck_selected_probe/MARPCK_TBL/choice0_thr32/MARPCK_TBL_pck_object_0058_choice000_thr032_selected_probe.png,480,480,3,b8f2238686f6012ae7fa483234bdde7f21c196d81fde52449d57f9ba85d21b1d,50512,fb3d849a3a09cb23e53d88347d1c197e6632f801958167de7c1078abaa144f03,research/extract/decoded_pck/MARPCK_TBL.decoded.bin,research/extract/rendered_pck_selected_probe/MARPCK_TBL/choice0_thr32/render_manifest.json
pck_selected_frame_probe,MARPCK_TBL.decoded.bin,pck_object_0058,,160,160,pck_selected_frame_diagnostic_probe,,,,,research/extract/rendered_pck_selected_probe/MARPCK_TBL/choice0_thr64/MARPCK_TBL_pck_object_0058_choice000_thr064_selected_probe.png,480,480,3,b8f2238686f6012ae7fa483234bdde7f21c196d81fde52449d57f9ba85d21b1d,50512,fb3d849a3a09cb23e53d88347d1c197e6632f801958167de7c1078abaa144f03,research/extract/decoded_pck/MARPCK_TBL.decoded.bin,research/extract/rendered_pck_selected_probe/MARPCK_TBL/choice0_thr64/render_manifest.json
pck_selected_frame_probe,MARPCK_TBL.decoded.bin,pck_object_0058,,160,160,pck_selected_frame_diagnostic_probe,,,,,research/extract/rendered_pck_selected_probe/MARPCK_TBL/choice0_thr96/MARPCK_TBL_pck_object_0058_choice000_thr096_selected_probe.png,480,480,3,b8f2238686f6012ae7fa483234bdde7f21c196d81fde52449d57f9ba85d21b1d,50512,fb3d849a3a09cb23e53d88347d1c197e6632f801958167de7c1078abaa144f03,research/extract/decoded_pck/MARPCK_TBL.decoded.bin,research/extract/rendered_pck_selected_probe/MARPCK_TBL/choice0_thr96/render_manifest.json
pck_selected_frame_probe,MARPCK_TBL.decoded.bin,pck_object_0059,,160,160,pck_selected_frame_diagnostic_probe,,,,,research/extract/rendered_pck_selected_probe/MARPCK_TBL/choice0_thr0/MARPCK_TBL_pck_object_0059_choice000_thr000_selected_probe.png,480,480,3,dbb086185b4b3a19faeb935f9ff2ad83b8230fca1cb1830a1f3edcaf1d9460eb,50512,fb3d849a3a09cb23e53d88347d1c197e6632f801958167de7c1078abaa144f03,research/extract/decoded_pck/MARPCK_TBL.decoded.bin,research/extract/rendered_pck_selected_probe/MARPCK_TBL/choice0_thr0/render_manifest.json
pck_selected_frame_probe,MARPCK_TBL.decoded.bin,pck_object_0059,,160,160,pck_selected_frame_diagnostic_probe,,,,,research/extract/rendered_pck_selected_probe/MARPCK_TBL/choice0_thr128/MARPCK_TBL_pck_object_0059_choice000_thr128_selected_probe.png,480,480,3,dbb086185b4b3a19faeb935f9ff2ad83b8230fca1cb1830a1f3edcaf1d9460eb,50512,fb3d849a3a09cb23e53d88347d1c197e6632f801958167de7c1078abaa144f03,research/extract/decoded_pck/MARPCK_TBL.decoded.bin,research/extract/rendered_pck_selected_probe/MARPCK_TBL/choice0_thr128/render_manifest.json
pck_selected_frame_probe,MARPCK_TBL.decoded.bin,pck_object_0059,,160,160,pck_selected_frame_diagnostic_probe,,,,,research/extract/rendered_pck_selected_probe/MARPCK_TBL/choice0_thr160/MARPCK_TBL_pck_object_0059_choice000_thr160_selected_probe.png,480,480,3,dbb086185b4b3a19faeb935f9ff2ad83b8230fca1cb1830a1f3edcaf1d9460eb,50512,fb3d849a3a09cb23e53d88347d1c197e6632f801958167de7c1078abaa144f03,research/extract/decoded_pck/MARPCK_TBL.decoded.bin,research/extract/rendered_pck_selected_probe/MARPCK_TBL/choice0_thr160/render_manifest.json
pck_selected_frame_probe,MARPCK_TBL.decoded.bin,pck_object_0059,,160,160,pck_selected_frame_diagnostic_probe,,,,,research/extract/rendered_pck_selected_probe/MARPCK_TBL/choice0_thr192/MARPCK_TBL_pck_object_0059_choice000_thr192_selected_probe.png,480,480,3,dbb086185b4b3a19faeb935f9ff2ad83b8230fca1cb1830a1f3edcaf1d9460eb,50512,fb3d849a3a09cb23e53d88347d1c197e6632f801958167de7c1078abaa144f03,research/extract/decoded_pck/MARPCK_TBL.decoded.bin,research/extract/rendered_pck_selected_probe/MARPCK_TBL/choice0_thr192/render_manifest.json
pck_selected_frame_probe,MARPCK_TBL.decoded.bin,pck_object_0059,,160,160,pck_selected_frame_diagnostic_probe,,,,,research/extract/rendered_pck_selected_probe/MARPCK_TBL/choice0_thr224/MARPCK_TBL_pck_object_0059_choice000_thr224_selected_probe.png,480,480,3,dbb086185b4b3a19faeb935f9ff2ad83b8230fca1cb1830a1f3edcaf1d9460eb,50512,fb3d849a3a09cb23e53d88347d1c197e6632f801958167de7c1078abaa144f03,research/extract/decoded_pck/MARPCK_TBL.decoded.bin,research/extract/rendered_pck_selected_probe/MARPCK_TBL/choice0_thr224/render_manifest.json
pck_selected_frame_probe,MARPCK_TBL.decoded.bin,pck_object_0059,,160,160,pck_selected_frame_diagnostic_probe,,,,,research/extract/rendered_pck_selected_probe/MARPCK_TBL/choice0_thr32/MARPCK_TBL_pck_object_0059_choice000_thr032_selected_probe.png,480,480,3,dbb086185b4b3a19faeb935f9ff2ad83b8230fca1cb1830a1f3edcaf1d9460eb,50512,fb3d849a3a09cb23e53d88347d1c197e6632f801958167de7c1078abaa144f03,research/extract/decoded_pck/MARPCK_TBL.decoded.bin,research/extract/rendered_pck_selected_probe/MARPCK_TBL/choice0_thr32/render_manifest.json
pck_selected_frame_probe,MARPCK_TBL.decoded.bin,pck_object_0059,,160,160,pck_selected_frame_diagnostic_probe,,,,,research/extract/rendered_pck_selected_probe/MARPCK_TBL/choice0_thr64/MARPCK_TBL_pck_object_0059_choice000_thr064_selected_probe.png,480,480,3,dbb086185b4b3a19faeb935f9ff2ad83b8230fca1cb1830a1f3edcaf1d9460eb,50512,fb3d849a3a09cb23e53d88347d1c197e6632f801958167de7c1078abaa144f03,research/extract/decoded_pck/MARPCK_TBL.decoded.bin,research/extract/rendered_pck_selected_probe/MARPCK_TBL/choice0_thr64/render_manifest.json
pck_selected_frame_probe,MARPCK_TBL.decoded.bin,pck_object_0059,,160,160,pck_selected_frame_diagnostic_probe,,,,,research/extract/rendered_pck_selected_probe/MARPCK_TBL/choice0_thr96/MARPCK_TBL_pck_object_0059_choice000_thr096_selected_probe.png,480,480,3,dbb086185b4b3a19faeb935f9ff2ad83b8230fca1cb1830a1f3edcaf1d9460eb,50512,fb3d849a3a09cb23e53d88347d1c197e6632f801958167de7c1078abaa144f03,research/extract/decoded_pck/MARPCK_TBL.decoded.bin,research/extract/rendered_pck_selected_probe/MARPCK_TBL/choice0_thr96/render_manifest.json
pck_selected_frame_probe,MARPCK_TBL.decoded.bin,pck_object_0061,,160,160,pck_selected_frame_diagnostic_probe,,,,,research/extract/rendered_pck_selected_probe/MARPCK_TBL/choice0_thr0/MARPCK_TBL_pck_object_0061_choice000_thr000_selected_probe.png,480,480,4,0d13d1346a5afebfb0532702e65577ba5078ea84c4ff948aaa360f2dc5948a5f,50512,fb3d849a3a09cb23e53d88347d1c197e6632f801958167de7c1078abaa144f03,research/extract/decoded_pck/MARPCK_TBL.decoded.bin,research/extract/rendered_pck_selected_probe/MARPCK_TBL/choice0_thr0/render_manifest.json
pck_selected_frame_probe,MARPCK_TBL.decoded.bin,pck_object_0061,,160,160,pck_selected_frame_diagnostic_probe,,,,,research/extract/rendered_pck_selected_probe/MARPCK_TBL/choice0_thr128/MARPCK_TBL_pck_object_0061_choice000_thr128_selected_probe.png,480,480,4,0d13d1346a5afebfb0532702e65577ba5078ea84c4ff948aaa360f2dc5948a5f,50512,fb3d849a3a09cb23e53d88347d1c197e6632f801958167de7c1078abaa144f03,research/extract/decoded_pck/MARPCK_TBL.decoded.bin,research/extract/rendered_pck_selected_probe/MARPCK_TBL/choice0_thr128/render_manifest.json
pck_selected_frame_probe,MARPCK_TBL.decoded.bin,pck_object_0061,,160,160,pck_selected_frame_diagnostic_probe,,,,,research/extract/rendered_pck_selected_probe/MARPCK_TBL/choice0_thr160/MARPCK_TBL_pck_object_0061_choice000_thr160_selected_probe.png,480,480,4,0d13d1346a5afebfb0532702e65577ba5078ea84c4ff948aaa360f2dc5948a5f,50512,fb3d849a3a09cb23e53d88347d1c197e6632f801958167de7c1078abaa144f03,research/extract/decoded_pck/MARPCK_TBL.decoded.bin,research/extract/rendered_pck_selected_probe/MARPCK_TBL/choice0_thr160/render_manifest.json
pck_selected_frame_probe,MARPCK_TBL.decoded.bin,pck_object_0061,,160,160,pck_selected_frame_diagnostic_probe,,,,,research/extract/rendered_pck_selected_probe/MARPCK_TBL/choice0_thr192/MARPCK_TBL_pck_object_0061_choice000_thr192_selected_probe.png,480,480,4,0d13d1346a5afebfb0532702e65577ba5078ea84c4ff948aaa360f2dc5948a5f,50512,fb3d849a3a09cb23e53d88347d1c197e6632f801958167de7c1078abaa144f03,research/extract/decoded_pck/MARPCK_TBL.decoded.bin,research/extract/rendered_pck_selected_probe/MARPCK_TBL/choice0_thr192/render_manifest.json
pck_selected_frame_probe,MARPCK_TBL.decoded.bin,pck_object_0061,,160,160,pck_selected_frame_diagnostic_probe,,,,,research/extract/rendered_pck_selected_probe/MARPCK_TBL/choice0_thr224/MARPCK_TBL_pck_object_0061_choice000_thr224_selected_probe.png,480,480,4,0d13d1346a5afebfb0532702e65577ba5078ea84c4ff948aaa360f2dc5948a5f,50512,fb3d849a3a09cb23e53d88347d1c197e6632f801958167de7c1078abaa144f03,research/extract/decoded_pck/MARPCK_TBL.decoded.bin,research/extract/rendered_pck_selected_probe/MARPCK_TBL/choice0_thr224/render_manifest.json
pck_selected_frame_probe,MARPCK_TBL.decoded.bin,pck_object_0061,,160,160,pck_selected_frame_diagnostic_probe,,,,,research/extract/rendered_pck_selected_probe/MARPCK_TBL/choice0_thr32/MARPCK_TBL_pck_object_0061_choice000_thr032_selected_probe.png,480,480,4,0d13d1346a5afebfb0532702e65577ba5078ea84c4ff948aaa360f2dc5948a5f,50512,fb3d849a3a09cb23e53d88347d1c197e6632f801958167de7c1078abaa144f03,research/extract/decoded_pck/MARPCK_TBL.decoded.bin,research/extract/rendered_pck_selected_probe/MARPCK_TBL/choice0_thr32/render_manifest.json
pck_selected_frame_probe,MARPCK_TBL.decoded.bin,pck_object_0061,,160,160,pck_selected_frame_diagnostic_probe,,,,,research/extract/rendered_pck_selected_probe/MARPCK_TBL/choice0_thr64/MARPCK_TBL_pck_object_0061_choice000_thr064_selected_probe.png,480,480,4,0d13d1346a5afebfb0532702e65577ba5078ea84c4ff948aaa360f2dc5948a5f,50512,fb3d849a3a09cb23e53d88347d1c197e6632f801958167de7c1078abaa144f03,research/extract/decoded_pck/MARPCK_TBL.decoded.bin,research/extract/rendered_pck_selected_probe/MARPCK_TBL/choice0_thr64/render_manifest.json
pck_selected_frame_probe,MARPCK_TBL.decoded.bin,pck_object_0061,,160,160,pck_selected_frame_diagnostic_probe,,,,,research/extract/rendered_pck_selected_probe/MARPCK_TBL/choice0_thr96/MARPCK_TBL_pck_object_0061_choice000_thr096_selected_probe.png,480,480,4,0d13d1346a5afebfb0532702e65577ba5078ea84c4ff948aaa360f2dc5948a5f,50512,fb3d849a3a09cb23e53d88347d1c197e6632f801958167de7c1078abaa144f03,research/extract/decoded_pck/MARPCK_TBL.decoded.bin,research/extract/rendered_pck_selected_probe/MARPCK_TBL/choice0_thr96/render_manifest.json
pck_selected_frame_probe,MARPCK_TBL.decoded.bin,pck_object_0063,,160,160,pck_selected_frame_diagnostic_probe,,,,,research/extract/rendered_pck_selected_probe/MARPCK_TBL/choice0_thr0/MARPCK_TBL_pck_object_0063_choice000_thr000_selected_probe.png,480,480,3,b8f2238686f6012ae7fa483234bdde7f21c196d81fde52449d57f9ba85d21b1d,50512,fb3d849a3a09cb23e53d88347d1c197e6632f801958167de7c1078abaa144f03,research/extract/decoded_pck/MARPCK_TBL.decoded.bin,research/extract/rendered_pck_selected_probe/MARPCK_TBL/choice0_thr0/render_manifest.json
pck_selected_frame_probe,MARPCK_TBL.decoded.bin,pck_object_0063,,160,160,pck_selected_frame_diagnostic_probe,,,,,research/extract/rendered_pck_selected_probe/MARPCK_TBL/choice0_thr128/MARPCK_TBL_pck_object_0063_choice000_thr128_selected_probe.png,480,480,3,b8f2238686f6012ae7fa483234bdde7f21c196d81fde52449d57f9ba85d21b1d,50512,fb3d849a3a09cb23e53d88347d1c197e6632f801958167de7c1078abaa144f03,research/extract/decoded_pck/MARPCK_TBL.decoded.bin,research/extract/rendered_pck_selected_probe/MARPCK_TBL/choice0_thr128/render_manifest.json
pck_selected_frame_probe,MARPCK_TBL.decoded.bin,pck_object_0063,,160,160,pck_selected_frame_diagnostic_probe,,,,,research/extract/rendered_pck_selected_probe/MARPCK_TBL/choice0_thr160/MARPCK_TBL_pck_object_0063_choice000_thr160_selected_probe.png,480,480,2,37983470bcc443ad09b737c5cddcd86833ca3093f259acfbca5bb3899996f29e,50512,fb3d849a3a09cb23e53d88347d1c197e6632f801958167de7c1078abaa144f03,research/extract/decoded_pck/MARPCK_TBL.decoded.bin,research/extract/rendered_pck_selected_probe/MARPCK_TBL/choice0_thr160/render_manifest.json
pck_selected_frame_probe,MARPCK_TBL.decoded.bin,pck_object_0063,,160,160,pck_selected_frame_diagnostic_probe,,,,,research/extract/rendered_pck_selected_probe/MARPCK_TBL/choice0_thr192/MARPCK_TBL_pck_object_0063_choice000_thr192_selected_probe.png,480,480,2,37983470bcc443ad09b737c5cddcd86833ca3093f259acfbca5bb3899996f29e,50512,fb3d849a3a09cb23e53d88347d1c197e6632f801958167de7c1078abaa144f03,research/extract/decoded_pck/MARPCK_TBL.decoded.bin,research/extract/rendered_pck_selected_probe/MARPCK_TBL/choice0_thr192/render_manifest.json
pck_selected_frame_probe,MARPCK_TBL.decoded.bin,pck_object_0063,,160,160,pck_selected_frame_diagnostic_probe,,,,,research/extract/rendered_pck_selected_probe/MARPCK_TBL/choice0_thr224/MARPCK_TBL_pck_object_0063_choice000_thr224_selected_probe.png,480,480,2,37983470bcc443ad09b737c5cddcd86833ca3093f259acfbca5bb3899996f29e,50512,fb3d849a3a09cb23e53d88347d1c197e6632f801958167de7c1078abaa144f03,research/extract/decoded_pck/MARPCK_TBL.decoded.bin,research/extract/rendered_pck_selected_probe/MARPCK_TBL/choice0_thr224/render_manifest.json
pck_selected_frame_probe,MARPCK_TBL.decoded.bin,pck_object_0063,,160,160,pck_selected_frame_diagnostic_probe,,,,,research/extract/rendered_pck_selected_probe/MARPCK_TBL/choice0_thr32/MARPCK_TBL_pck_object_0063_choice000_thr032_selected_probe.png,480,480,3,b8f2238686f6012ae7fa483234bdde7f21c196d81fde52449d57f9ba85d21b1d,50512,fb3d849a3a09cb23e53d88347d1c197e6632f801958167de7c1078abaa144f03,research/extract/decoded_pck/MARPCK_TBL.decoded.bin,research/extract/rendered_pck_selected_probe/MARPCK_TBL/choice0_thr32/render_manifest.json
pck_selected_frame_probe,MARPCK_TBL.decoded.bin,pck_object_0063,,160,160,pck_selected_frame_diagnostic_probe,,,,,research/extract/rendered_pck_selected_probe/MARPCK_TBL/choice0_thr64/MARPCK_TBL_pck_object_0063_choice000_thr064_selected_probe.png,480,480,3,b8f2238686f6012ae7fa483234bdde7f21c196d81fde52449d57f9ba85d21b1d,50512,fb3d849a3a09cb23e53d88347d1c197e6632f801958167de7c1078abaa144f03,research/extract/decoded_pck/MARPCK_TBL.decoded.bin,research/extract/rendered_pck_selected_probe/MARPCK_TBL/choice0_thr64/render_manifest.json
pck_selected_frame_probe,MARPCK_TBL.decoded.bin,pck_object_0063,,160,160,pck_selected_frame_diagnostic_probe,,,,,research/extract/rendered_pck_selected_probe/MARPCK_TBL/choice0_thr96/MARPCK_TBL_pck_object_0063_choice000_thr096_selected_probe.png,480,480,3,b8f2238686f6012ae7fa483234bdde7f21c196d81fde52449d57f9ba85d21b1d,50512,fb3d849a3a09cb23e53d88347d1c197e6632f801958167de7c1078abaa144f03,research/extract/decoded_pck/MARPCK_TBL.decoded.bin,research/extract/rendered_pck_selected_probe/MARPCK_TBL/choice0_thr96/render_manifest.json
pck_selected_frame_probe,MARPCK_TBL.decoded.bin,pck_object_0065,,160,160,pck_selected_frame_diagnostic_probe,,,,,research/extract/rendered_pck_selected_probe/MARPCK_TBL/choice0_thr0/MARPCK_TBL_pck_object_0065_choice000_thr000_selected_probe.png,480,480,4,64216cb0d94ee5d70a30bf3abcf3f3b06b526f0d7a7267dc77a848e429a6c16c,50512,fb3d849a3a09cb23e53d88347d1c197e6632f801958167de7c1078abaa144f03,research/extract/decoded_pck/MARPCK_TBL.decoded.bin,research/extract/rendered_pck_selected_probe/MARPCK_TBL/choice0_thr0/render_manifest.json
pck_selected_frame_probe,MARPCK_TBL.decoded.bin,pck_object_0065,,160,160,pck_selected_frame_diagnostic_probe,,,,,research/extract/rendered_pck_selected_probe/MARPCK_TBL/choice0_thr128/MARPCK_TBL_pck_object_0065_choice000_thr128_selected_probe.png,480,480,4,64216cb0d94ee5d70a30bf3abcf3f3b06b526f0d7a7267dc77a848e429a6c16c,50512,fb3d849a3a09cb23e53d88347d1c197e6632f801958167de7c1078abaa144f03,research/extract/decoded_pck/MARPCK_TBL.decoded.bin,research/extract/rendered_pck_selected_probe/MARPCK_TBL/choice0_thr128/render_manifest.json
pck_selected_frame_probe,MARPCK_TBL.decoded.bin,pck_object_0065,,160,160,pck_selected_frame_diagnostic_probe,,,,,research/extract/rendered_pck_selected_probe/MARPCK_TBL/choice0_thr160/MARPCK_TBL_pck_object_0065_choice000_thr160_selected_probe.png,480,480,4,64216cb0d94ee5d70a30bf3abcf3f3b06b526f0d7a7267dc77a848e429a6c16c,50512,fb3d849a3a09cb23e53d88347d1c197e6632f801958167de7c1078abaa144f03,research/extract/decoded_pck/MARPCK_TBL.decoded.bin,research/extract/rendered_pck_selected_probe/MARPCK_TBL/choice0_thr160/render_manifest.json
pck_selected_frame_probe,MARPCK_TBL.decoded.bin,pck_object_0065,,160,160,pck_selected_frame_diagnostic_probe,,,,,research/extract/rendered_pck_selected_probe/MARPCK_TBL/choice0_thr192/MARPCK_TBL_pck_object_0065_choice000_thr192_selected_probe.png,480,480,4,64216cb0d94ee5d70a30bf3abcf3f3b06b526f0d7a7267dc77a848e429a6c16c,50512,fb3d849a3a09cb23e53d88347d1c197e6632f801958167de7c1078abaa144f03,research/extract/decoded_pck/MARPCK_TBL.decoded.bin,research/extract/rendered_pck_selected_probe/MARPCK_TBL/choice0_thr192/render_manifest.json
pck_selected_frame_probe,MARPCK_TBL.decoded.bin,pck_object_0065,,160,160,pck_selected_frame_diagnostic_probe,,,,,research/extract/rendered_pck_selected_probe/MARPCK_TBL/choice0_thr224/MARPCK_TBL_pck_object_0065_choice000_thr224_selected_probe.png,480,480,4,64216cb0d94ee5d70a30bf3abcf3f3b06b526f0d7a7267dc77a848e429a6c16c,50512,fb3d849a3a09cb23e53d88347d1c197e6632f801958167de7c1078abaa144f03,research/extract/decoded_pck/MARPCK_TBL.decoded.bin,research/extract/rendered_pck_selected_probe/MARPCK_TBL/choice0_thr224/render_manifest.json
pck_selected_frame_probe,MARPCK_TBL.decoded.bin,pck_object_0065,,160,160,pck_selected_frame_diagnostic_probe,,,,,research/extract/rendered_pck_selected_probe/MARPCK_TBL/choice0_thr32/MARPCK_TBL_pck_object_0065_choice000_thr032_selected_probe.png,480,480,4,64216cb0d94ee5d70a30bf3abcf3f3b06b526f0d7a7267dc77a848e429a6c16c,50512,fb3d849a3a09cb23e53d88347d1c197e6632f801958167de7c1078abaa144f03,research/extract/decoded_pck/MARPCK_TBL.decoded.bin,research/extract/rendered_pck_selected_probe/MARPCK_TBL/choice0_thr32/render_manifest.json
pck_selected_frame_probe,MARPCK_TBL.decoded.bin,pck_object_0065,,160,160,pck_selected_frame_diagnostic_probe,,,,,research/extract/rendered_pck_selected_probe/MARPCK_TBL/choice0_thr64/MARPCK_TBL_pck_object_0065_choice000_thr064_selected_probe.png,480,480,4,64216cb0d94ee5d70a30bf3abcf3f3b06b526f0d7a7267dc77a848e429a6c16c,50512,fb3d849a3a09cb23e53d88347d1c197e6632f801958167de7c1078abaa144f03,research/extract/decoded_pck/MARPCK_TBL.decoded.bin,research/extract/rendered_pck_selected_probe/MARPCK_TBL/choice0_thr64/render_manifest.json
pck_selected_frame_probe,MARPCK_TBL.decoded.bin,pck_object_0065,,160,160,pck_selected_frame_diagnostic_probe,,,,,research/extract/rendered_pck_selected_probe/MARPCK_TBL/choice0_thr96/MARPCK_TBL_pck_object_0065_choice000_thr096_selected_probe.png,480,480,4,64216cb0d94ee5d70a30bf3abcf3f3b06b526f0d7a7267dc77a848e429a6c16c,50512,fb3d849a3a09cb23e53d88347d1c197e6632f801958167de7c1078abaa144f03,research/extract/decoded_pck/MARPCK_TBL.decoded.bin,research/extract/rendered_pck_selected_probe/MARPCK_TBL/choice0_thr96/render_manifest.json
pck_selected_frame_probe,MARPCK_TBL.decoded.bin,pck_object_0066,,160,160,pck_selected_frame_diagnostic_probe,,,,,research/extract/rendered_pck_selected_probe/MARPCK_TBL/choice0_thr0/MARPCK_TBL_pck_object_0066_choice000_thr000_selected_probe.png,480,480,4,39780aad3210424623d1c83f5add64170378b7233b2d00fc11678f7eedc62dad,50512,fb3d849a3a09cb23e53d88347d1c197e6632f801958167de7c1078abaa144f03,research/extract/decoded_pck/MARPCK_TBL.decoded.bin,research/extract/rendered_pck_selected_probe/MARPCK_TBL/choice0_thr0/render_manifest.json
pck_selected_frame_probe,MARPCK_TBL.decoded.bin,pck_object_0066,,160,160,pck_selected_frame_diagnostic_probe,,,,,research/extract/rendered_pck_selected_probe/MARPCK_TBL/choice0_thr128/MARPCK_TBL_pck_object_0066_choice000_thr128_selected_probe.png,480,480,4,a5ff0d41120d019b4ba7e6280f040ce046bddc5a53bd0bb28877042c7f5e5f84,50512,fb3d849a3a09cb23e53d88347d1c197e6632f801958167de7c1078abaa144f03,research/extract/decoded_pck/MARPCK_TBL.decoded.bin,research/extract/rendered_pck_selected_probe/MARPCK_TBL/choice0_thr128/render_manifest.json
pck_selected_frame_probe,MARPCK_TBL.decoded.bin,pck_object_0066,,160,160,pck_selected_frame_diagnostic_probe,,,,,research/extract/rendered_pck_selected_probe/MARPCK_TBL/choice0_thr160/MARPCK_TBL_pck_object_0066_choice000_thr160_selected_probe.png,480,480,4,a5ff0d41120d019b4ba7e6280f040ce046bddc5a53bd0bb28877042c7f5e5f84,50512,fb3d849a3a09cb23e53d88347d1c197e6632f801958167de7c1078abaa144f03,research/extract/decoded_pck/MARPCK_TBL.decoded.bin,research/extract/rendered_pck_selected_probe/MARPCK_TBL/choice0_thr160/render_manifest.json
pck_selected_frame_probe,MARPCK_TBL.decoded.bin,pck_object_0066,,160,160,pck_selected_frame_diagnostic_probe,,,,,research/extract/rendered_pck_selected_probe/MARPCK_TBL/choice0_thr192/MARPCK_TBL_pck_object_0066_choice000_thr192_selected_probe.png,480,480,4,a5ff0d41120d019b4ba7e6280f040ce046bddc5a53bd0bb28877042c7f5e5f84,50512,fb3d849a3a09cb23e53d88347d1c197e6632f801958167de7c1078abaa144f03,research/extract/decoded_pck/MARPCK_TBL.decoded.bin,research/extract/rendered_pck_selected_probe/MARPCK_TBL/choice0_thr192/render_manifest.json
pck_selected_frame_probe,MARPCK_TBL.decoded.bin,pck_object_0066,,160,160,pck_selected_frame_diagnostic_probe,,,,,research/extract/rendered_pck_selected_probe/MARPCK_TBL/choice0_thr224/MARPCK_TBL_pck_object_0066_choice000_thr224_selected_probe.png,480,480,4,3ba100d8876d4fdd8c4496faaf654801690a2edae54c81b5c5fc0cdaede35474,50512,fb3d849a3a09cb23e53d88347d1c197e6632f801958167de7c1078abaa144f03,research/extract/decoded_pck/MARPCK_TBL.decoded.bin,research/extract/rendered_pck_selected_probe/MARPCK_TBL/choice0_thr224/render_manifest.json
pck_selected_frame_probe,MARPCK_TBL.decoded.bin,pck_object_0066,,160,160,pck_selected_frame_diagnostic_probe,,,,,research/extract/rendered_pck_selected_probe/MARPCK_TBL/choice0_thr32/MARPCK_TBL_pck_object_0066_choice000_thr032_selected_probe.png,480,480,4,39780aad3210424623d1c83f5add64170378b7233b2d00fc11678f7eedc62dad,50512,fb3d849a3a09cb23e53d88347d1c197e6632f801958167de7c1078abaa144f03,research/extract/decoded_pck/MARPCK_TBL.decoded.bin,research/extract/rendered_pck_selected_probe/MARPCK_TBL/choice0_thr32/render_manifest.json
pck_selected_frame_probe,MARPCK_TBL.decoded.bin,pck_object_0066,,160,160,pck_selected_frame_diagnostic_probe,,,,,research/extract/rendered_pck_selected_probe/MARPCK_TBL/choice0_thr64/MARPCK_TBL_pck_object_0066_choice000_thr064_selected_probe.png,480,480,4,39780aad3210424623d1c83f5add64170378b7233b2d00fc11678f7eedc62dad,50512,fb3d849a3a09cb23e53d88347d1c197e6632f801958167de7c1078abaa144f03,research/extract/decoded_pck/MARPCK_TBL.decoded.bin,research/extract/rendered_pck_selected_probe/MARPCK_TBL/choice0_thr64/render_manifest.json
pck_selected_frame_probe,MARPCK_TBL.decoded.bin,pck_object_0066,,160,160,pck_selected_frame_diagnostic_probe,,,,,research/extract/rendered_pck_selected_probe/MARPCK_TBL/choice0_thr96/MARPCK_TBL_pck_object_0066_choice000_thr096_selected_probe.png,480,480,4,39780aad3210424623d1c83f5add64170378b7233b2d00fc11678f7eedc62dad,50512,fb3d849a3a09cb23e53d88347d1c197e6632f801958167de7c1078abaa144f03,research/extract/decoded_pck/MARPCK_TBL.decoded.bin,research/extract/rendered_pck_selected_probe/MARPCK_TBL/choice0_thr96/render_manifest.json
pck_selected_frame_probe,MARPCK_TBL.decoded.bin,pck_object_0067,,160,160,pck_selected_frame_diagnostic_probe,,,,,research/extract/rendered_pck_selected_probe/MARPCK_TBL/choice0_thr0/MARPCK_TBL_pck_object_0067_choice000_thr000_selected_probe.png,480,480,3,b8f2238686f6012ae7fa483234bdde7f21c196d81fde52449d57f9ba85d21b1d,50512,fb3d849a3a09cb23e53d88347d1c197e6632f801958167de7c1078abaa144f03,research/extract/decoded_pck/MARPCK_TBL.decoded.bin,research/extract/rendered_pck_selected_probe/MARPCK_TBL/choice0_thr0/render_manifest.json
pck_selected_frame_probe,MARPCK_TBL.decoded.bin,pck_object_0067,,160,160,pck_selected_frame_diagnostic_probe,,,,,research/extract/rendered_pck_selected_probe/MARPCK_TBL/choice0_thr128/MARPCK_TBL_pck_object_0067_choice000_thr128_selected_probe.png,480,480,3,b8f2238686f6012ae7fa483234bdde7f21c196d81fde52449d57f9ba85d21b1d,50512,fb3d849a3a09cb23e53d88347d1c197e6632f801958167de7c1078abaa144f03,research/extract/decoded_pck/MARPCK_TBL.decoded.bin,research/extract/rendered_pck_selected_probe/MARPCK_TBL/choice0_thr128/render_manifest.json
pck_selected_frame_probe,MARPCK_TBL.decoded.bin,pck_object_0067,,160,160,pck_selected_frame_diagnostic_probe,,,,,research/extract/rendered_pck_selected_probe/MARPCK_TBL/choice0_thr160/MARPCK_TBL_pck_object_0067_choice000_thr160_selected_probe.png,480,480,2,37983470bcc443ad09b737c5cddcd86833ca3093f259acfbca5bb3899996f29e,50512,fb3d849a3a09cb23e53d88347d1c197e6632f801958167de7c1078abaa144f03,research/extract/decoded_pck/MARPCK_TBL.decoded.bin,research/extract/rendered_pck_selected_probe/MARPCK_TBL/choice0_thr160/render_manifest.json
pck_selected_frame_probe,MARPCK_TBL.decoded.bin,pck_object_0067,,160,160,pck_selected_frame_diagnostic_probe,,,,,research/extract/rendered_pck_selected_probe/MARPCK_TBL/choice0_thr192/MARPCK_TBL_pck_object_0067_choice000_thr192_selected_probe.png,480,480,2,37983470bcc443ad09b737c5cddcd86833ca3093f259acfbca5bb3899996f29e,50512,fb3d849a3a09cb23e53d88347d1c197e6632f801958167de7c1078abaa144f03,research/extract/decoded_pck/MARPCK_TBL.decoded.bin,research/extract/rendered_pck_selected_probe/MARPCK_TBL/choice0_thr192/render_manifest.json
pck_selected_frame_probe,MARPCK_TBL.decoded.bin,pck_object_0067,,160,160,pck_selected_frame_diagnostic_probe,,,,,research/extract/rendered_pck_selected_probe/MARPCK_TBL/choice0_thr224/MARPCK_TBL_pck_object_0067_choice000_thr224_selected_probe.png,480,480,2,37983470bcc443ad09b737c5cddcd86833ca3093f259acfbca5bb3899996f29e,50512,fb3d849a3a09cb23e53d88347d1c197e6632f801958167de7c1078abaa144f03,research/extract/decoded_pck/MARPCK_TBL.decoded.bin,research/extract/rendered_pck_selected_probe/MARPCK_TBL/choice0_thr224/render_manifest.json
pck_selected_frame_probe,MARPCK_TBL.decoded.bin,pck_object_0067,,160,160,pck_selected_frame_diagnostic_probe,,,,,research/extract/rendered_pck_selected_probe/MARPCK_TBL/choice0_thr32/MARPCK_TBL_pck_object_0067_choice000_thr032_selected_probe.png,480,480,3,b8f2238686f6012ae7fa483234bdde7f21c196d81fde52449d57f9ba85d21b1d,50512,fb3d849a3a09cb23e53d88347d1c197e6632f801958167de7c1078abaa144f03,research/extract/decoded_pck/MARPCK_TBL.decoded.bin,research/extract/rendered_pck_selected_probe/MARPCK_TBL/choice0_thr32/render_manifest.json
pck_selected_frame_probe,MARPCK_TBL.decoded.bin,pck_object_0067,,160,160,pck_selected_frame_diagnostic_probe,,,,,research/extract/rendered_pck_selected_probe/MARPCK_TBL/choice0_thr64/MARPCK_TBL_pck_object_0067_choice000_thr064_selected_probe.png,480,480,3,b8f2238686f6012ae7fa483234bdde7f21c196d81fde52449d57f9ba85d21b1d,50512,fb3d849a3a09cb23e53d88347d1c197e6632f801958167de7c1078abaa144f03,research/extract/decoded_pck/MARPCK_TBL.decoded.bin,research/extract/rendered_pck_selected_probe/MARPCK_TBL/choice0_thr64/render_manifest.json
pck_selected_frame_probe,MARPCK_TBL.decoded.bin,pck_object_0067,,160,160,pck_selected_frame_diagnostic_probe,,,,,research/extract/rendered_pck_selected_probe/MARPCK_TBL/choice0_thr96/MARPCK_TBL_pck_object_0067_choice000_thr096_selected_probe.png,480,480,3,b8f2238686f6012ae7fa483234bdde7f21c196d81fde52449d57f9ba85d21b1d,50512,fb3d849a3a09cb23e53d88347d1c197e6632f801958167de7c1078abaa144f03,research/extract/decoded_pck/MARPCK_TBL.decoded.bin,research/extract/rendered_pck_selected_probe/MARPCK_TBL/choice0_thr96/render_manifest.json
pck_selected_frame_probe,MARPCK_TBL.decoded.bin,pck_object_0068,,160,160,pck_selected_frame_diagnostic_probe,,,,,research/extract/rendered_pck_selected_probe/MARPCK_TBL/choice0_thr0/MARPCK_TBL_pck_object_0068_choice000_thr000_selected_probe.png,480,480,2,37983470bcc443ad09b737c5cddcd86833ca3093f259acfbca5bb3899996f29e,50512,fb3d849a3a09cb23e53d88347d1c197e6632f801958167de7c1078abaa144f03,research/extract/decoded_pck/MARPCK_TBL.decoded.bin,research/extract/rendered_pck_selected_probe/MARPCK_TBL/choice0_thr0/render_manifest.json
pck_selected_frame_probe,MARPCK_TBL.decoded.bin,pck_object_0068,,160,160,pck_selected_frame_diagnostic_probe,,,,,research/extract/rendered_pck_selected_probe/MARPCK_TBL/choice0_thr128/MARPCK_TBL_pck_object_0068_choice000_thr128_selected_probe.png,480,480,2,37983470bcc443ad09b737c5cddcd86833ca3093f259acfbca5bb3899996f29e,50512,fb3d849a3a09cb23e53d88347d1c197e6632f801958167de7c1078abaa144f03,research/extract/decoded_pck/MARPCK_TBL.decoded.bin,research/extract/rendered_pck_selected_probe/MARPCK_TBL/choice0_thr128/render_manifest.json
pck_selected_frame_probe,MARPCK_TBL.decoded.bin,pck_object_0068,,160,160,pck_selected_frame_diagnostic_probe,,,,,research/extract/rendered_pck_selected_probe/MARPCK_TBL/choice0_thr160/MARPCK_TBL_pck_object_0068_choice000_thr160_selected_probe.png,480,480,2,37983470bcc443ad09b737c5cddcd86833ca3093f259acfbca5bb3899996f29e,50512,fb3d849a3a09cb23e53d88347d1c197e6632f801958167de7c1078abaa144f03,research/extract/decoded_pck/MARPCK_TBL.decoded.bin,research/extract/rendered_pck_selected_probe/MARPCK_TBL/choice0_thr160/render_manifest.json
pck_selected_frame_probe,MARPCK_TBL.decoded.bin,pck_object_0068,,160,160,pck_selected_frame_diagnostic_probe,,,,,research/extract/rendered_pck_selected_probe/MARPCK_TBL/choice0_thr192/MARPCK_TBL_pck_object_0068_choice000_thr192_selected_probe.png,480,480,2,37983470bcc443ad09b737c5cddcd86833ca3093f259acfbca5bb3899996f29e,50512,fb3d849a3a09cb23e53d88347d1c197e6632f801958167de7c1078abaa144f03,research/extract/decoded_pck/MARPCK_TBL.decoded.bin,research/extract/rendered_pck_selected_probe/MARPCK_TBL/choice0_thr192/render_manifest.json
pck_selected_frame_probe,MARPCK_TBL.decoded.bin,pck_object_0068,,160,160,pck_selected_frame_diagnostic_probe,,,,,research/extract/rendered_pck_selected_probe/MARPCK_TBL/choice0_thr224/MARPCK_TBL_pck_object_0068_choice000_thr224_selected_probe.png,480,480,2,37983470bcc443ad09b737c5cddcd86833ca3093f259acfbca5bb3899996f29e,50512,fb3d849a3a09cb23e53d88347d1c197e6632f801958167de7c1078abaa144f03,research/extract/decoded_pck/MARPCK_TBL.decoded.bin,research/extract/rendered_pck_selected_probe/MARPCK_TBL/choice0_thr224/render_manifest.json
pck_selected_frame_probe,MARPCK_TBL.decoded.bin,pck_object_0068,,160,160,pck_selected_frame_diagnostic_probe,,,,,research/extract/rendered_pck_selected_probe/MARPCK_TBL/choice0_thr32/MARPCK_TBL_pck_object_0068_choice000_thr032_selected_probe.png,480,480,2,37983470bcc443ad09b737c5cddcd86833ca3093f259acfbca5bb3899996f29e,50512,fb3d849a3a09cb23e53d88347d1c197e6632f801958167de7c1078abaa144f03,research/extract/decoded_pck/MARPCK_TBL.decoded.bin,research/extract/rendered_pck_selected_probe/MARPCK_TBL/choice0_thr32/render_manifest.json
pck_selected_frame_probe,MARPCK_TBL.decoded.bin,pck_object_0068,,160,160,pck_selected_frame_diagnostic_probe,,,,,research/extract/rendered_pck_selected_probe/MARPCK_TBL/choice0_thr64/MARPCK_TBL_pck_object_0068_choice000_thr064_selected_probe.png,480,480,2,37983470bcc443ad09b737c5cddcd86833ca3093f259acfbca5bb3899996f29e,50512,fb3d849a3a09cb23e53d88347d1c197e6632f801958167de7c1078abaa144f03,research/extract/decoded_pck/MARPCK_TBL.decoded.bin,research/extract/rendered_pck_selected_probe/MARPCK_TBL/choice0_thr64/render_manifest.json
pck_selected_frame_probe,MARPCK_TBL.decoded.bin,pck_object_0068,,160,160,pck_selected_frame_diagnostic_probe,,,,,research/extract/rendered_pck_selected_probe/MARPCK_TBL/choice0_thr96/MARPCK_TBL_pck_object_0068_choice000_thr096_selected_probe.png,480,480,2,37983470bcc443ad09b737c5cddcd86833ca3093f259acfbca5bb3899996f29e,50512,fb3d849a3a09cb23e53d88347d1c197e6632f801958167de7c1078abaa144f03,research/extract/decoded_pck/MARPCK_TBL.decoded.bin,research/extract/rendered_pck_selected_probe/MARPCK_TBL/choice0_thr96/render_manifest.json
pck_selected_frame_probe,MARPCK_TBL.decoded.bin,pck_object_0069,,160,160,pck_selected_frame_diagnostic_probe,,,,,research/extract/rendered_pck_selected_probe/MARPCK_TBL/choice0_thr0/MARPCK_TBL_pck_object_0069_choice000_thr000_selected_probe.png,480,480,4,39780aad3210424623d1c83f5add64170378b7233b2d00fc11678f7eedc62dad,50512,fb3d849a3a09cb23e53d88347d1c197e6632f801958167de7c1078abaa144f03,research/extract/decoded_pck/MARPCK_TBL.decoded.bin,research/extract/rendered_pck_selected_probe/MARPCK_TBL/choice0_thr0/render_manifest.json
pck_selected_frame_probe,MARPCK_TBL.decoded.bin,pck_object_0069,,160,160,pck_selected_frame_diagnostic_probe,,,,,research/extract/rendered_pck_selected_probe/MARPCK_TBL/choice0_thr128/MARPCK_TBL_pck_object_0069_choice000_thr128_selected_probe.png,480,480,4,ec75439e94a90c5f7c7c6433dd77d7ce4125f7951c5e66ca42d7eca46bfa0212,50512,fb3d849a3a09cb23e53d88347d1c197e6632f801958167de7c1078abaa144f03,research/extract/decoded_pck/MARPCK_TBL.decoded.bin,research/extract/rendered_pck_selected_probe/MARPCK_TBL/choice0_thr128/render_manifest.json
pck_selected_frame_probe,MARPCK_TBL.decoded.bin,pck_object_0069,,160,160,pck_selected_frame_diagnostic_probe,,,,,research/extract/rendered_pck_selected_probe/MARPCK_TBL/choice0_thr160/MARPCK_TBL_pck_object_0069_choice000_thr160_selected_probe.png,480,480,4,ec75439e94a90c5f7c7c6433dd77d7ce4125f7951c5e66ca42d7eca46bfa0212,50512,fb3d849a3a09cb23e53d88347d1c197e6632f801958167de7c1078abaa144f03,research/extract/decoded_pck/MARPCK_TBL.decoded.bin,research/extract/rendered_pck_selected_probe/MARPCK_TBL/choice0_thr160/render_manifest.json
pck_selected_frame_probe,MARPCK_TBL.decoded.bin,pck_object_0069,,160,160,pck_selected_frame_diagnostic_probe,,,,,research/extract/rendered_pck_selected_probe/MARPCK_TBL/choice0_thr192/MARPCK_TBL_pck_object_0069_choice000_thr192_selected_probe.png,480,480,4,ec75439e94a90c5f7c7c6433dd77d7ce4125f7951c5e66ca42d7eca46bfa0212,50512,fb3d849a3a09cb23e53d88347d1c197e6632f801958167de7c1078abaa144f03,research/extract/decoded_pck/MARPCK_TBL.decoded.bin,research/extract/rendered_pck_selected_probe/MARPCK_TBL/choice0_thr192/render_manifest.json
pck_selected_frame_probe,MARPCK_TBL.decoded.bin,pck_object_0069,,160,160,pck_selected_frame_diagnostic_probe,,,,,research/extract/rendered_pck_selected_probe/MARPCK_TBL/choice0_thr224/MARPCK_TBL_pck_object_0069_choice000_thr224_selected_probe.png,480,480,4,1a181864669d1f4eaf8136612d4568ecd04b7c67fb9a3b968791f284fad95488,50512,fb3d849a3a09cb23e53d88347d1c197e6632f801958167de7c1078abaa144f03,research/extract/decoded_pck/MARPCK_TBL.decoded.bin,research/extract/rendered_pck_selected_probe/MARPCK_TBL/choice0_thr224/render_manifest.json
pck_selected_frame_probe,MARPCK_TBL.decoded.bin,pck_object_0069,,160,160,pck_selected_frame_diagnostic_probe,,,,,research/extract/rendered_pck_selected_probe/MARPCK_TBL/choice0_thr32/MARPCK_TBL_pck_object_0069_choice000_thr032_selected_probe.png,480,480,4,39780aad3210424623d1c83f5add64170378b7233b2d00fc11678f7eedc62dad,50512,fb3d849a3a09cb23e53d88347d1c197e6632f801958167de7c1078abaa144f03,research/extract/decoded_pck/MARPCK_TBL.decoded.bin,research/extract/rendered_pck_selected_probe/MARPCK_TBL/choice0_thr32/render_manifest.json
pck_selected_frame_probe,MARPCK_TBL.decoded.bin,pck_object_0069,,160,160,pck_selected_frame_diagnostic_probe,,,,,research/extract/rendered_pck_selected_probe/MARPCK_TBL/choice0_thr64/MARPCK_TBL_pck_object_0069_choice000_thr064_selected_probe.png,480,480,4,39780aad3210424623d1c83f5add64170378b7233b2d00fc11678f7eedc62dad,50512,fb3d849a3a09cb23e53d88347d1c197e6632f801958167de7c1078abaa144f03,research/extract/decoded_pck/MARPCK_TBL.decoded.bin,research/extract/rendered_pck_selected_probe/MARPCK_TBL/choice0_thr64/render_manifest.json
pck_selected_frame_probe,MARPCK_TBL.decoded.bin,pck_object_0069,,160,160,pck_selected_frame_diagnostic_probe,,,,,research/extract/rendered_pck_selected_probe/MARPCK_TBL/choice0_thr96/MARPCK_TBL_pck_object_0069_choice000_thr096_selected_probe.png,480,480,4,39780aad3210424623d1c83f5add64170378b7233b2d00fc11678f7eedc62dad,50512,fb3d849a3a09cb23e53d88347d1c197e6632f801958167de7c1078abaa144f03,research/extract/decoded_pck/MARPCK_TBL.decoded.bin,research/extract/rendered_pck_selected_probe/MARPCK_TBL/choice0_thr96/render_manifest.json
pck_selected_frame_probe,MARPCK_TBL.decoded.bin,pck_object_0070,,160,160,pck_selected_frame_diagnostic_probe,,,,,research/extract/rendered_pck_selected_probe/MARPCK_TBL/choice0_thr0/MARPCK_TBL_pck_object_0070_choice000_thr000_selected_probe.png,480,480,4,ef01002c53c7d37488372374bebd8b774fa36c1b6faf4b5837d9876c2105cd9c,50512,fb3d849a3a09cb23e53d88347d1c197e6632f801958167de7c1078abaa144f03,research/extract/decoded_pck/MARPCK_TBL.decoded.bin,research/extract/rendered_pck_selected_probe/MARPCK_TBL/choice0_thr0/render_manifest.json
pck_selected_frame_probe,MARPCK_TBL.decoded.bin,pck_object_0070,,160,160,pck_selected_frame_diagnostic_probe,,,,,research/extract/rendered_pck_selected_probe/MARPCK_TBL/choice0_thr128/MARPCK_TBL_pck_object_0070_choice000_thr128_selected_probe.png,480,480,4,70ac32333e0bf95375750d661877832aee139b35253e332a221f0aea9d75f62e,50512,fb3d849a3a09cb23e53d88347d1c197e6632f801958167de7c1078abaa144f03,research/extract/decoded_pck/MARPCK_TBL.decoded.bin,research/extract/rendered_pck_selected_probe/MARPCK_TBL/choice0_thr128/render_manifest.json
pck_selected_frame_probe,MARPCK_TBL.decoded.bin,pck_object_0070,,160,160,pck_selected_frame_diagnostic_probe,,,,,research/extract/rendered_pck_selected_probe/MARPCK_TBL/choice0_thr160/MARPCK_TBL_pck_object_0070_choice000_thr160_selected_probe.png,480,480,4,70ac32333e0bf95375750d661877832aee139b35253e332a221f0aea9d75f62e,50512,fb3d849a3a09cb23e53d88347d1c197e6632f801958167de7c1078abaa144f03,research/extract/decoded_pck/MARPCK_TBL.decoded.bin,research/extract/rendered_pck_selected_probe/MARPCK_TBL/choice0_thr160/render_manifest.json
pck_selected_frame_probe,MARPCK_TBL.decoded.bin,pck_object_0070,,160,160,pck_selected_frame_diagnostic_probe,,,,,research/extract/rendered_pck_selected_probe/MARPCK_TBL/choice0_thr192/MARPCK_TBL_pck_object_0070_choice000_thr192_selected_probe.png,480,480,4,70ac32333e0bf95375750d661877832aee139b35253e332a221f0aea9d75f62e,50512,fb3d849a3a09cb23e53d88347d1c197e6632f801958167de7c1078abaa144f03,research/extract/decoded_pck/MARPCK_TBL.decoded.bin,research/extract/rendered_pck_selected_probe/MARPCK_TBL/choice0_thr192/render_manifest.json
pck_selected_frame_probe,MARPCK_TBL.decoded.bin,pck_object_0070,,160,160,pck_selected_frame_diagnostic_probe,,,,,research/extract/rendered_pck_selected_probe/MARPCK_TBL/choice0_thr224/MARPCK_TBL_pck_object_0070_choice000_thr224_selected_probe.png,480,480,4,ec01a2a3eab23f85b5c345763a598f333b0d7bbe9ca8a14700c3f18e61fae8db,50512,fb3d849a3a09cb23e53d88347d1c197e6632f801958167de7c1078abaa144f03,research/extract/decoded_pck/MARPCK_TBL.decoded.bin,research/extract/rendered_pck_selected_probe/MARPCK_TBL/choice0_thr224/render_manifest.json
pck_selected_frame_probe,MARPCK_TBL.decoded.bin,pck_object_0070,,160,160,pck_selected_frame_diagnostic_probe,,,,,research/extract/rendered_pck_selected_probe/MARPCK_TBL/choice0_thr32/MARPCK_TBL_pck_object_0070_choice000_thr032_selected_probe.png,480,480,4,ef01002c53c7d37488372374bebd8b774fa36c1b6faf4b5837d9876c2105cd9c,50512,fb3d849a3a09cb23e53d88347d1c197e6632f801958167de7c1078abaa144f03,research/extract/decoded_pck/MARPCK_TBL.decoded.bin,research/extract/rendered_pck_selected_probe/MARPCK_TBL/choice0_thr32/render_manifest.json
pck_selected_frame_probe,MARPCK_TBL.decoded.bin,pck_object_0070,,160,160,pck_selected_frame_diagnostic_probe,,,,,research/extract/rendered_pck_selected_probe/MARPCK_TBL/choice0_thr64/MARPCK_TBL_pck_object_0070_choice000_thr064_selected_probe.png,480,480,4,ef01002c53c7d37488372374bebd8b774fa36c1b6faf4b5837d9876c2105cd9c,50512,fb3d849a3a09cb23e53d88347d1c197e6632f801958167de7c1078abaa144f03,research/extract/decoded_pck/MARPCK_TBL.decoded.bin,research/extract/rendered_pck_selected_probe/MARPCK_TBL/choice0_thr64/render_manifest.json
pck_selected_frame_probe,MARPCK_TBL.decoded.bin,pck_object_0070,,160,160,pck_selected_frame_diagnostic_probe,,,,,research/extract/rendered_pck_selected_probe/MARPCK_TBL/choice0_thr96/MARPCK_TBL_pck_object_0070_choice000_thr096_selected_probe.png,480,480,4,ef01002c53c7d37488372374bebd8b774fa36c1b6faf4b5837d9876c2105cd9c,50512,fb3d849a3a09cb23e53d88347d1c197e6632f801958167de7c1078abaa144f03,research/extract/decoded_pck/MARPCK_TBL.decoded.bin,research/extract/rendered_pck_selected_probe/MARPCK_TBL/choice0_thr96/render_manifest.json
pck_selected_frame_probe,MARPCK_TBL.decoded.bin,pck_object_0078,,160,160,pck_selected_frame_diagnostic_probe,,,,,research/extract/rendered_pck_selected_probe/MARPCK_TBL/choice0_thr0/MARPCK_TBL_pck_object_0078_choice000_thr000_selected_probe.png,480,480,3,295d44b94e7688372feb57ebb47bd4a9327e76ccd33cb5c6c6cacc0c9e776cfb,50512,fb3d849a3a09cb23e53d88347d1c197e6632f801958167de7c1078abaa144f03,research/extract/decoded_pck/MARPCK_TBL.decoded.bin,research/extract/rendered_pck_selected_probe/MARPCK_TBL/choice0_thr0/render_manifest.json
pck_selected_frame_probe,MARPCK_TBL.decoded.bin,pck_object_0078,,160,160,pck_selected_frame_diagnostic_probe,,,,,research/extract/rendered_pck_selected_probe/MARPCK_TBL/choice0_thr128/MARPCK_TBL_pck_object_0078_choice000_thr128_selected_probe.png,480,480,2,37983470bcc443ad09b737c5cddcd86833ca3093f259acfbca5bb3899996f29e,50512,fb3d849a3a09cb23e53d88347d1c197e6632f801958167de7c1078abaa144f03,research/extract/decoded_pck/MARPCK_TBL.decoded.bin,research/extract/rendered_pck_selected_probe/MARPCK_TBL/choice0_thr128/render_manifest.json
pck_selected_frame_probe,MARPCK_TBL.decoded.bin,pck_object_0078,,160,160,pck_selected_frame_diagnostic_probe,,,,,research/extract/rendered_pck_selected_probe/MARPCK_TBL/choice0_thr160/MARPCK_TBL_pck_object_0078_choice000_thr160_selected_probe.png,480,480,2,37983470bcc443ad09b737c5cddcd86833ca3093f259acfbca5bb3899996f29e,50512,fb3d849a3a09cb23e53d88347d1c197e6632f801958167de7c1078abaa144f03,research/extract/decoded_pck/MARPCK_TBL.decoded.bin,research/extract/rendered_pck_selected_probe/MARPCK_TBL/choice0_thr160/render_manifest.json
pck_selected_frame_probe,MARPCK_TBL.decoded.bin,pck_object_0078,,160,160,pck_selected_frame_diagnostic_probe,,,,,research/extract/rendered_pck_selected_probe/MARPCK_TBL/choice0_thr192/MARPCK_TBL_pck_object_0078_choice000_thr192_selected_probe.png,480,480,2,37983470bcc443ad09b737c5cddcd86833ca3093f259acfbca5bb3899996f29e,50512,fb3d849a3a09cb23e53d88347d1c197e6632f801958167de7c1078abaa144f03,research/extract/decoded_pck/MARPCK_TBL.decoded.bin,research/extract/rendered_pck_selected_probe/MARPCK_TBL/choice0_thr192/render_manifest.json
pck_selected_frame_probe,MARPCK_TBL.decoded.bin,pck_object_0078,,160,160,pck_selected_frame_diagnostic_probe,,,,,research/extract/rendered_pck_selected_probe/MARPCK_TBL/choice0_thr224/MARPCK_TBL_pck_object_0078_choice000_thr224_selected_probe.png,480,480,2,37983470bcc443ad09b737c5cddcd86833ca3093f259acfbca5bb3899996f29e,50512,fb3d849a3a09cb23e53d88347d1c197e6632f801958167de7c1078abaa144f03,research/extract/decoded_pck/MARPCK_TBL.decoded.bin,research/extract/rendered_pck_selected_probe/MARPCK_TBL/choice0_thr224/render_manifest.json
pck_selected_frame_probe,MARPCK_TBL.decoded.bin,pck_object_0078,,160,160,pck_selected_frame_diagnostic_probe,,,,,research/extract/rendered_pck_selected_probe/MARPCK_TBL/choice0_thr32/MARPCK_TBL_pck_object_0078_choice000_thr032_selected_probe.png,480,480,2,37983470bcc443ad09b737c5cddcd86833ca3093f259acfbca5bb3899996f29e,50512,fb3d849a3a09cb23e53d88347d1c197e6632f801958167de7c1078abaa144f03,research/extract/decoded_pck/MARPCK_TBL.decoded.bin,research/extract/rendered_pck_selected_probe/MARPCK_TBL/choice0_thr32/render_manifest.json
pck_selected_frame_probe,MARPCK_TBL.decoded.bin,pck_object_0078,,160,160,pck_selected_frame_diagnostic_probe,,,,,research/extract/rendered_pck_selected_probe/MARPCK_TBL/choice0_thr64/MARPCK_TBL_pck_object_0078_choice000_thr064_selected_probe.png,480,480,2,37983470bcc443ad09b737c5cddcd86833ca3093f259acfbca5bb3899996f29e,50512,fb3d849a3a09cb23e53d88347d1c197e6632f801958167de7c1078abaa144f03,research/extract/decoded_pck/MARPCK_TBL.decoded.bin,research/extract/rendered_pck_selected_probe/MARPCK_TBL/choice0_thr64/render_manifest.json
pck_selected_frame_probe,MARPCK_TBL.decoded.bin,pck_object_0078,,160,160,pck_selected_frame_diagnostic_probe,,,,,research/extract/rendered_pck_selected_probe/MARPCK_TBL/choice0_thr96/MARPCK_TBL_pck_object_0078_choice000_thr096_selected_probe.png,480,480,2,37983470bcc443ad09b737c5cddcd86833ca3093f259acfbca5bb3899996f29e,50512,fb3d849a3a09cb23e53d88347d1c197e6632f801958167de7c1078abaa144f03,research/extract/decoded_pck/MARPCK_TBL.decoded.bin,research/extract/rendered_pck_selected_probe/MARPCK_TBL/choice0_thr96/render_manifest.json
pck_type0_probe,BMAPCK_TBL.decoded.bin,pck_object_0006,,392,128,pck_vector_model_probe,,,,,research/extract/rendered_pck_type0_probe/BMAPCK_TBL/BMAPCK_TBL_pck_object_0006_type0_probe.png,784,256,4,18b9678c737a0867c1c42653c2fa17149d723a78f8c924d6f0af515593db34f5,44938,0c25b1695ce316efafdade8386c22ab8e047ce6dc233a80fc6152b2f95881e7d,research/extract/decoded_pck/BMAPCK_TBL.decoded.bin,research/extract/rendered_pck_type0_probe/BMAPCK_TBL/render_manifest.json
pck_type0_probe,BMAPCK_TBL.decoded.bin,pck_object_0007,,392,128,pck_vector_model_probe,,,,,research/extract/rendered_pck_type0_probe/BMAPCK_TBL/BMAPCK_TBL_pck_object_0007_type0_probe.png,784,256,4,ebe1d323cc5c86b2e5251881fd4290dc17e17672dd2ca58d47298267460f7833,44938,0c25b1695ce316efafdade8386c22ab8e047ce6dc233a80fc6152b2f95881e7d,research/extract/decoded_pck/BMAPCK_TBL.decoded.bin,research/extract/rendered_pck_type0_probe/BMAPCK_TBL/render_manifest.json
pck_type0_probe,BMAPCK_TBL.decoded.bin,pck_object_0015,,392,128,pck_vector_model_probe,,,,,research/extract/rendered_pck_type0_probe/BMAPCK_TBL/BMAPCK_TBL_pck_object_0015_type0_probe.png,784,256,4,41aa38a90441cb10b3a124be4113de80791c709f17f7f34c6f0844e0c9fa31ea,44938,0c25b1695ce316efafdade8386c22ab8e047ce6dc233a80fc6152b2f95881e7d,research/extract/decoded_pck/BMAPCK_TBL.decoded.bin,research/extract/rendered_pck_type0_probe/BMAPCK_TBL/render_manifest.json
pck_type0_probe,BMAPCK_TBL.decoded.bin,pck_object_0019,,392,128,pck_vector_model_probe,,,,,research/extract/rendered_pck_type0_probe/BMAPCK_TBL/BMAPCK_TBL_pck_object_0019_type0_probe.png,784,256,4,ee81aa44468b8cc2561b8ff1ba75f50839e4a5e64b70c34d148049074de7d08d,44938,0c25b1695ce316efafdade8386c22ab8e047ce6dc233a80fc6152b2f95881e7d,research/extract/decoded_pck/BMAPCK_TBL.decoded.bin,research/extract/rendered_pck_type0_probe/BMAPCK_TBL/render_manifest.json
pck_type0_probe,BMAPCK_TBL.decoded.bin,pck_object_0021,,392,128,pck_vector_model_probe,,,,,research/extract/rendered_pck_type0_probe/BMAPCK_TBL/BMAPCK_TBL_pck_object_0021_type0_probe.png,784,256,4,9c0b5de09ae5aae730c7d9830a3dedeb9bb1b0564de653c6563147115de44cd2,44938,0c25b1695ce316efafdade8386c22ab8e047ce6dc233a80fc6152b2f95881e7d,research/extract/decoded_pck/BMAPCK_TBL.decoded.bin,research/extract/rendered_pck_type0_probe/BMAPCK_TBL/render_manifest.json
pck_type0_probe,BMAPCK_TBL.decoded.bin,pck_object_0045,,392,128,pck_vector_model_probe,,,,,research/extract/rendered_pck_type0_probe/BMAPCK_TBL/BMAPCK_TBL_pck_object_0045_type0_probe.png,784,256,4,37ad211ca8bab34cad11a554c6bdb0354235d3272e308d167529d2bee50a2aa6,44938,0c25b1695ce316efafdade8386c22ab8e047ce6dc233a80fc6152b2f95881e7d,research/extract/decoded_pck/BMAPCK_TBL.decoded.bin,research/extract/rendered_pck_type0_probe/BMAPCK_TBL/render_manifest.json
pck_type0_probe,BMAPCK_TBL.decoded.bin,pck_object_0054,,392,128,pck_vector_model_probe,,,,,research/extract/rendered_pck_type0_probe/BMAPCK_TBL/BMAPCK_TBL_pck_object_0054_type0_probe.png,784,256,4,029f2f9c03e4cbd00af9d6e988ecacc16c349431bba12805889381d18570c992,44938,0c25b1695ce316efafdade8386c22ab8e047ce6dc233a80fc6152b2f95881e7d,research/extract/decoded_pck/BMAPCK_TBL.decoded.bin,research/extract/rendered_pck_type0_probe/BMAPCK_TBL/render_manifest.json
pck_type0_probe,BMAPCK_TBL.decoded.bin,pck_object_0057,,392,128,pck_vector_model_probe,,,,,research/extract/rendered_pck_type0_probe/BMAPCK_TBL/BMAPCK_TBL_pck_object_0057_type0_probe.png,784,256,4,80b6fbc749a74a6ae9f18007dc16a33a1dd374fb229c1026e9fabcd25a8335ef,44938,0c25b1695ce316efafdade8386c22ab8e047ce6dc233a80fc6152b2f95881e7d,research/extract/decoded_pck/BMAPCK_TBL.decoded.bin,research/extract/rendered_pck_type0_probe/BMAPCK_TBL/render_manifest.json
pck_type0_probe,BMAPCK_TBL.decoded.bin,pck_object_0063,,392,128,pck_vector_model_probe,,,,,research/extract/rendered_pck_type0_probe/BMAPCK_TBL/BMAPCK_TBL_pck_object_0063_type0_probe.png,784,256,4,fe804b2dd2463b6aaba39055e8e2c255127e36d0680a8186b08ec6f8021b8a41,44938,0c25b1695ce316efafdade8386c22ab8e047ce6dc233a80fc6152b2f95881e7d,research/extract/decoded_pck/BMAPCK_TBL.decoded.bin,research/extract/rendered_pck_type0_probe/BMAPCK_TBL/render_manifest.json
pck_type0_probe,BMAPCK_TBL.decoded.bin,pck_object_0067,,392,128,pck_vector_model_probe,,,,,research/extract/rendered_pck_type0_probe/BMAPCK_TBL/BMAPCK_TBL_pck_object_0067_type0_probe.png,784,256,4,8f7805abc24b0d5d3c86af97c1b73fc6c36b1c0e6bb4ac110d824199b2b8d3f2,44938,0c25b1695ce316efafdade8386c22ab8e047ce6dc233a80fc6152b2f95881e7d,research/extract/decoded_pck/BMAPCK_TBL.decoded.bin,research/extract/rendered_pck_type0_probe/BMAPCK_TBL/render_manifest.json
pck_type0_probe,BMAPCK_TBL.decoded.bin,pck_object_0076,,392,128,pck_vector_model_probe,,,,,research/extract/rendered_pck_type0_probe/BMAPCK_TBL/BMAPCK_TBL_pck_object_0076_type0_probe.png,784,256,4,7a0cbd1dd132aa9511d63e491fab32b708dc5ffab2a39b7c9a9b1a65afbe8d80,44938,0c25b1695ce316efafdade8386c22ab8e047ce6dc233a80fc6152b2f95881e7d,research/extract/decoded_pck/BMAPCK_TBL.decoded.bin,research/extract/rendered_pck_type0_probe/BMAPCK_TBL/render_manifest.json
pck_type0_probe,BMAPCK_TBL.decoded.bin,pck_object_0077,,392,128,pck_vector_model_probe,,,,,research/extract/rendered_pck_type0_probe/BMAPCK_TBL/BMAPCK_TBL_pck_object_0077_type0_probe.png,784,256,4,0b9b9ed8c61414052b3e18d22805c2da65262ecaf640d2ba81643f686774c1b3,44938,0c25b1695ce316efafdade8386c22ab8e047ce6dc233a80fc6152b2f95881e7d,research/extract/decoded_pck/BMAPCK_TBL.decoded.bin,research/extract/rendered_pck_type0_probe/BMAPCK_TBL/render_manifest.json
pck_type0_probe,HAMPCK_TBL.decoded.bin,pck_object_0004,,392,128,pck_vector_model_probe,,,,,research/extract/rendered_pck_type0_probe/HAMPCK_TBL/HAMPCK_TBL_pck_object_0004_type0_probe.png,784,256,4,d8c164e62f4883a0ee1022ae9d48e4fc5fe4550b8fa1fc14492457db6da259f4,39530,4090451016f33c6fae5c91be156126cf1352e34bfa6dd2eb83ccc9c9ff003652,research/extract/decoded_pck/HAMPCK_TBL.decoded.bin,research/extract/rendered_pck_type0_probe/HAMPCK_TBL/render_manifest.json
pck_type0_probe,HAMPCK_TBL.decoded.bin,pck_object_0008,,392,128,pck_vector_model_probe,,,,,research/extract/rendered_pck_type0_probe/HAMPCK_TBL/HAMPCK_TBL_pck_object_0008_type0_probe.png,784,256,4,b51b8202e1498ed116065e8f26d1ae3bf5718a01b29f5e82563902a82619d0f1,39530,4090451016f33c6fae5c91be156126cf1352e34bfa6dd2eb83ccc9c9ff003652,research/extract/decoded_pck/HAMPCK_TBL.decoded.bin,research/extract/rendered_pck_type0_probe/HAMPCK_TBL/render_manifest.json
pck_type0_probe,HAMPCK_TBL.decoded.bin,pck_object_0009,,392,128,pck_vector_model_probe,,,,,research/extract/rendered_pck_type0_probe/HAMPCK_TBL/HAMPCK_TBL_pck_object_0009_type0_probe.png,784,256,4,088a2b27de7a0d26e068027c0a96cde6cbfadb6a2b177be0a49adc1b4a93f695,39530,4090451016f33c6fae5c91be156126cf1352e34bfa6dd2eb83ccc9c9ff003652,research/extract/decoded_pck/HAMPCK_TBL.decoded.bin,research/extract/rendered_pck_type0_probe/HAMPCK_TBL/render_manifest.json
pck_type0_probe,HAMPCK_TBL.decoded.bin,pck_object_0011,,392,128,pck_vector_model_probe,,,,,research/extract/rendered_pck_type0_probe/HAMPCK_TBL/HAMPCK_TBL_pck_object_0011_type0_probe.png,784,256,4,5fa011b877f5a74f07313296f069b0e073a6709d57ef932d04b141bc2f20d93c,39530,4090451016f33c6fae5c91be156126cf1352e34bfa6dd2eb83ccc9c9ff003652,research/extract/decoded_pck/HAMPCK_TBL.decoded.bin,research/extract/rendered_pck_type0_probe/HAMPCK_TBL/render_manifest.json
pck_type0_probe,HAMPCK_TBL.decoded.bin,pck_object_0016,,392,128,pck_vector_model_probe,,,,,research/extract/rendered_pck_type0_probe/HAMPCK_TBL/HAMPCK_TBL_pck_object_0016_type0_probe.png,784,256,4,71426ffaaeff8ddf4abef1bbb7412b1165b7f9307f15e58dbd6d860771cde81a,39530,4090451016f33c6fae5c91be156126cf1352e34bfa6dd2eb83ccc9c9ff003652,research/extract/decoded_pck/HAMPCK_TBL.decoded.bin,research/extract/rendered_pck_type0_probe/HAMPCK_TBL/render_manifest.json
pck_type0_probe,HAMPCK_TBL.decoded.bin,pck_object_0017,,392,128,pck_vector_model_probe,,,,,research/extract/rendered_pck_type0_probe/HAMPCK_TBL/HAMPCK_TBL_pck_object_0017_type0_probe.png,784,256,4,4b10e8141d4af859f6d5a4e04f6fa80ba734a9e3d51b6e5b06f1402dd9828315,39530,4090451016f33c6fae5c91be156126cf1352e34bfa6dd2eb83ccc9c9ff003652,research/extract/decoded_pck/HAMPCK_TBL.decoded.bin,research/extract/rendered_pck_type0_probe/HAMPCK_TBL/render_manifest.json
pck_type0_probe,HAMPCK_TBL.decoded.bin,pck_object_0019,,392,128,pck_vector_model_probe,,,,,research/extract/rendered_pck_type0_probe/HAMPCK_TBL/HAMPCK_TBL_pck_object_0019_type0_probe.png,784,256,4,5fa011b877f5a74f07313296f069b0e073a6709d57ef932d04b141bc2f20d93c,39530,4090451016f33c6fae5c91be156126cf1352e34bfa6dd2eb83ccc9c9ff003652,research/extract/decoded_pck/HAMPCK_TBL.decoded.bin,research/extract/rendered_pck_type0_probe/HAMPCK_TBL/render_manifest.json
pck_type0_probe,HAMPCK_TBL.decoded.bin,pck_object_0026,,392,128,pck_vector_model_probe,,,,,research/extract/rendered_pck_type0_probe/HAMPCK_TBL/HAMPCK_TBL_pck_object_0026_type0_probe.png,784,256,4,a6cf4b0385d08a556f13a5446caa376a18f47eb0e0b57d3c49569329117955ee,39530,4090451016f33c6fae5c91be156126cf1352e34bfa6dd2eb83ccc9c9ff003652,research/extract/decoded_pck/HAMPCK_TBL.decoded.bin,research/extract/rendered_pck_type0_probe/HAMPCK_TBL/render_manifest.json
pck_type0_probe,HAMPCK_TBL.decoded.bin,pck_object_0030,,392,128,pck_vector_model_probe,,,,,research/extract/rendered_pck_type0_probe/HAMPCK_TBL/HAMPCK_TBL_pck_object_0030_type0_probe.png,784,256,4,14f449deb07ca24df0d5af32cb12792a4836b619e8a9744a749c719118bb1482,39530,4090451016f33c6fae5c91be156126cf1352e34bfa6dd2eb83ccc9c9ff003652,research/extract/decoded_pck/HAMPCK_TBL.decoded.bin,research/extract/rendered_pck_type0_probe/HAMPCK_TBL/render_manifest.json
pck_type0_probe,HAMPCK_TBL.decoded.bin,pck_object_0034,,392,128,pck_vector_model_probe,,,,,research/extract/rendered_pck_type0_probe/HAMPCK_TBL/HAMPCK_TBL_pck_object_0034_type0_probe.png,784,256,4,d14f0bd67a90f334a99dfb28c765ca3ac13ea0f31ced0b93258fcae5da72bfbb,39530,4090451016f33c6fae5c91be156126cf1352e34bfa6dd2eb83ccc9c9ff003652,research/extract/decoded_pck/HAMPCK_TBL.decoded.bin,research/extract/rendered_pck_type0_probe/HAMPCK_TBL/render_manifest.json
pck_type0_probe,HAMPCK_TBL.decoded.bin,pck_object_0038,,392,128,pck_vector_model_probe,,,,,research/extract/rendered_pck_type0_probe/HAMPCK_TBL/HAMPCK_TBL_pck_object_0038_type0_probe.png,784,256,4,7ae2f892f00fcc8c892dd8f5bfdad5c815c1fc79674bc614e749d885ca7aa88b,39530,4090451016f33c6fae5c91be156126cf1352e34bfa6dd2eb83ccc9c9ff003652,research/extract/decoded_pck/HAMPCK_TBL.decoded.bin,research/extract/rendered_pck_type0_probe/HAMPCK_TBL/render_manifest.json
pck_type0_probe,HAMPCK_TBL.decoded.bin,pck_object_0048,,392,128,pck_vector_model_probe,,,,,research/extract/rendered_pck_type0_probe/HAMPCK_TBL/HAMPCK_TBL_pck_object_0048_type0_probe.png,784,256,4,e6676fa6371c9a4693a6162ad1e0a0db0a36d94ca90f3bfb3fe91056f0c4604a,39530,4090451016f33c6fae5c91be156126cf1352e34bfa6dd2eb83ccc9c9ff003652,research/extract/decoded_pck/HAMPCK_TBL.decoded.bin,research/extract/rendered_pck_type0_probe/HAMPCK_TBL/render_manifest.json
pck_type0_probe,HAMPCK_TBL.decoded.bin,pck_object_0052,,392,128,pck_vector_model_probe,,,,,research/extract/rendered_pck_type0_probe/HAMPCK_TBL/HAMPCK_TBL_pck_object_0052_type0_probe.png,784,256,4,794b17425c1a7c065326c8b745a848f13829277c1d5f96a0d9e18d71c230401e,39530,4090451016f33c6fae5c91be156126cf1352e34bfa6dd2eb83ccc9c9ff003652,research/extract/decoded_pck/HAMPCK_TBL.decoded.bin,research/extract/rendered_pck_type0_probe/HAMPCK_TBL/render_manifest.json
pck_type0_probe,HAMPCK_TBL.decoded.bin,pck_object_0054,,392,128,pck_vector_model_probe,,,,,research/extract/rendered_pck_type0_probe/HAMPCK_TBL/HAMPCK_TBL_pck_object_0054_type0_probe.png,784,256,4,5fa011b877f5a74f07313296f069b0e073a6709d57ef932d04b141bc2f20d93c,39530,4090451016f33c6fae5c91be156126cf1352e34bfa6dd2eb83ccc9c9ff003652,research/extract/decoded_pck/HAMPCK_TBL.decoded.bin,research/extract/rendered_pck_type0_probe/HAMPCK_TBL/render_manifest.json
pck_type0_probe,HAMPCK_TBL.decoded.bin,pck_object_0059,,392,128,pck_vector_model_probe,,,,,research/extract/rendered_pck_type0_probe/HAMPCK_TBL/HAMPCK_TBL_pck_object_0059_type0_probe.png,784,256,4,76b9e52395392c938dac4f0d4335a9790734c1e24eed98f68d7173e1e9ae5809,39530,4090451016f33c6fae5c91be156126cf1352e34bfa6dd2eb83ccc9c9ff003652,research/extract/decoded_pck/HAMPCK_TBL.decoded.bin,research/extract/rendered_pck_type0_probe/HAMPCK_TBL/render_manifest.json
pck_type0_probe,HAMPCK_TBL.decoded.bin,pck_object_0060,,392,128,pck_vector_model_probe,,,,,research/extract/rendered_pck_type0_probe/HAMPCK_TBL/HAMPCK_TBL_pck_object_0060_type0_probe.png,784,256,4,38599cba999015f30a16bc608710c3d81c1380cf0b7ca2a07bbbdfe9fe8a0fbc,39530,4090451016f33c6fae5c91be156126cf1352e34bfa6dd2eb83ccc9c9ff003652,research/extract/decoded_pck/HAMPCK_TBL.decoded.bin,research/extract/rendered_pck_type0_probe/HAMPCK_TBL/render_manifest.json
pck_type0_probe,HAMPCK_TBL.decoded.bin,pck_object_0062,,392,128,pck_vector_model_probe,,,,,research/extract/rendered_pck_type0_probe/HAMPCK_TBL/HAMPCK_TBL_pck_object_0062_type0_probe.png,784,256,4,5fa011b877f5a74f07313296f069b0e073a6709d57ef932d04b141bc2f20d93c,39530,4090451016f33c6fae5c91be156126cf1352e34bfa6dd2eb83ccc9c9ff003652,research/extract/decoded_pck/HAMPCK_TBL.decoded.bin,research/extract/rendered_pck_type0_probe/HAMPCK_TBL/render_manifest.json
pck_type0_probe,HAMPCK_TBL.decoded.bin,pck_object_0064,,392,128,pck_vector_model_probe,,,,,research/extract/rendered_pck_type0_probe/HAMPCK_TBL/HAMPCK_TBL_pck_object_0064_type0_probe.png,784,256,4,e6dea5567812905974c0ad00a3dc3665f91eaac599994606290666f2268f530c,39530,4090451016f33c6fae5c91be156126cf1352e34bfa6dd2eb83ccc9c9ff003652,research/extract/decoded_pck/HAMPCK_TBL.decoded.bin,research/extract/rendered_pck_type0_probe/HAMPCK_TBL/render_manifest.json
pck_type0_probe,HAMPCK_TBL.decoded.bin,pck_object_0076,,392,128,pck_vector_model_probe,,,,,research/extract/rendered_pck_type0_probe/HAMPCK_TBL/HAMPCK_TBL_pck_object_0076_type0_probe.png,784,256,4,6d90c3bdfa5dc143a3d9a72f5b8093004325b96e9544d794c52d808cbf4cea12,39530,4090451016f33c6fae5c91be156126cf1352e34bfa6dd2eb83ccc9c9ff003652,research/extract/decoded_pck/HAMPCK_TBL.decoded.bin,research/extract/rendered_pck_type0_probe/HAMPCK_TBL/render_manifest.json
pck_type0_probe,JENPCK_TBL.decoded.bin,pck_object_0005,,392,128,pck_vector_model_probe,,,,,research/extract/rendered_pck_type0_probe/JENPCK_TBL/JENPCK_TBL_pck_object_0005_type0_probe.png,784,256,4,59ce6576b69ba72e45a2e4b2c3d3852026624c918828b21ad8f42b3ed3841012,38374,a25facf3a01ef2ab5b82f7c6c5c202ca1e0a6ddbe6b5d9bea46478de7257a8a7,research/extract/decoded_pck/JENPCK_TBL.decoded.bin,research/extract/rendered_pck_type0_probe/JENPCK_TBL/render_manifest.json
pck_type0_probe,JENPCK_TBL.decoded.bin,pck_object_0006,,392,128,pck_vector_model_probe,,,,,research/extract/rendered_pck_type0_probe/JENPCK_TBL/JENPCK_TBL_pck_object_0006_type0_probe.png,784,256,4,51e3481be81b0620170c308f646c2ef75991751c687f376ad962891ffd241c8c,38374,a25facf3a01ef2ab5b82f7c6c5c202ca1e0a6ddbe6b5d9bea46478de7257a8a7,research/extract/decoded_pck/JENPCK_TBL.decoded.bin,research/extract/rendered_pck_type0_probe/JENPCK_TBL/render_manifest.json
pck_type0_probe,JENPCK_TBL.decoded.bin,pck_object_0008,,392,128,pck_vector_model_probe,,,,,research/extract/rendered_pck_type0_probe/JENPCK_TBL/JENPCK_TBL_pck_object_0008_type0_probe.png,784,256,4,b69629198636302735834da2e34c7f10d3be3f1d5711866cbc045737c50eabc0,38374,a25facf3a01ef2ab5b82f7c6c5c202ca1e0a6ddbe6b5d9bea46478de7257a8a7,research/extract/decoded_pck/JENPCK_TBL.decoded.bin,research/extract/rendered_pck_type0_probe/JENPCK_TBL/render_manifest.json
pck_type0_probe,JENPCK_TBL.decoded.bin,pck_object_0010,,392,128,pck_vector_model_probe,,,,,research/extract/rendered_pck_type0_probe/JENPCK_TBL/JENPCK_TBL_pck_object_0010_type0_probe.png,784,256,4,dae6fb62db59df36bfed50c70be8eda090c134268dab4524c30aa542580f9717,38374,a25facf3a01ef2ab5b82f7c6c5c202ca1e0a6ddbe6b5d9bea46478de7257a8a7,research/extract/decoded_pck/JENPCK_TBL.decoded.bin,research/extract/rendered_pck_type0_probe/JENPCK_TBL/render_manifest.json
pck_type0_probe,JENPCK_TBL.decoded.bin,pck_object_0020,,392,128,pck_vector_model_probe,,,,,research/extract/rendered_pck_type0_probe/JENPCK_TBL/JENPCK_TBL_pck_object_0020_type0_probe.png,784,256,4,034c9773d953ec75d62df2b4bc5b97ec0da146d5970b7686e3cc89cd590e6d42,38374,a25facf3a01ef2ab5b82f7c6c5c202ca1e0a6ddbe6b5d9bea46478de7257a8a7,research/extract/decoded_pck/JENPCK_TBL.decoded.bin,research/extract/rendered_pck_type0_probe/JENPCK_TBL/render_manifest.json
pck_type0_probe,JENPCK_TBL.decoded.bin,pck_object_0023,,392,128,pck_vector_model_probe,,,,,research/extract/rendered_pck_type0_probe/JENPCK_TBL/JENPCK_TBL_pck_object_0023_type0_probe.png,784,256,4,92cb98c91935466dd5c8eb5f373033029f594458da669beba1dddd454934f6ef,38374,a25facf3a01ef2ab5b82f7c6c5c202ca1e0a6ddbe6b5d9bea46478de7257a8a7,research/extract/decoded_pck/JENPCK_TBL.decoded.bin,research/extract/rendered_pck_type0_probe/JENPCK_TBL/render_manifest.json
pck_type0_probe,JENPCK_TBL.decoded.bin,pck_object_0024,,392,128,pck_vector_model_probe,,,,,research/extract/rendered_pck_type0_probe/JENPCK_TBL/JENPCK_TBL_pck_object_0024_type0_probe.png,784,256,4,4852ea6d63fbc90e6bd746e878954d1451390a3a3f6d8fa8b72eb79acfa8770e,38374,a25facf3a01ef2ab5b82f7c6c5c202ca1e0a6ddbe6b5d9bea46478de7257a8a7,research/extract/decoded_pck/JENPCK_TBL.decoded.bin,research/extract/rendered_pck_type0_probe/JENPCK_TBL/render_manifest.json
pck_type0_probe,JENPCK_TBL.decoded.bin,pck_object_0031,,392,128,pck_vector_model_probe,,,,,research/extract/rendered_pck_type0_probe/JENPCK_TBL/JENPCK_TBL_pck_object_0031_type0_probe.png,784,256,4,3e32a638cbe382bdbc518387ae053d91632d49b73d89fb555fde4348c99ffa7c,38374,a25facf3a01ef2ab5b82f7c6c5c202ca1e0a6ddbe6b5d9bea46478de7257a8a7,research/extract/decoded_pck/JENPCK_TBL.decoded.bin,research/extract/rendered_pck_type0_probe/JENPCK_TBL/render_manifest.json
pck_type0_probe,JENPCK_TBL.decoded.bin,pck_object_0032,,392,128,pck_vector_model_probe,,,,,research/extract/rendered_pck_type0_probe/JENPCK_TBL/JENPCK_TBL_pck_object_0032_type0_probe.png,784,256,4,19f8ca57b6bd2277eaf765e022caa6911db024059d244fe2fcb910594a8e1b7d,38374,a25facf3a01ef2ab5b82f7c6c5c202ca1e0a6ddbe6b5d9bea46478de7257a8a7,research/extract/decoded_pck/JENPCK_TBL.decoded.bin,research/extract/rendered_pck_type0_probe/JENPCK_TBL/render_manifest.json
pck_type0_probe,JENPCK_TBL.decoded.bin,pck_object_0038,,392,128,pck_vector_model_probe,,,,,research/extract/rendered_pck_type0_probe/JENPCK_TBL/JENPCK_TBL_pck_object_0038_type0_probe.png,784,256,4,ae0a05e59d6342b5236b27b6634fd83710a7b69c4fde5c26be85e000fecbdad2,38374,a25facf3a01ef2ab5b82f7c6c5c202ca1e0a6ddbe6b5d9bea46478de7257a8a7,research/extract/decoded_pck/JENPCK_TBL.decoded.bin,research/extract/rendered_pck_type0_probe/JENPCK_TBL/render_manifest.json
pck_type0_probe,JENPCK_TBL.decoded.bin,pck_object_0041,,392,128,pck_vector_model_probe,,,,,research/extract/rendered_pck_type0_probe/JENPCK_TBL/JENPCK_TBL_pck_object_0041_type0_probe.png,784,256,4,48b98bc4e13d8b47e9b8159e268933b6667bf31abb8be8246d2a109db7a3f3a6,38374,a25facf3a01ef2ab5b82f7c6c5c202ca1e0a6ddbe6b5d9bea46478de7257a8a7,research/extract/decoded_pck/JENPCK_TBL.decoded.bin,research/extract/rendered_pck_type0_probe/JENPCK_TBL/render_manifest.json
pck_type0_probe,JENPCK_TBL.decoded.bin,pck_object_0042,,392,128,pck_vector_model_probe,,,,,research/extract/rendered_pck_type0_probe/JENPCK_TBL/JENPCK_TBL_pck_object_0042_type0_probe.png,784,256,4,3f934e9253ce283d6fe2da6f012e4468347406279fc322593ccf1798000e38f3,38374,a25facf3a01ef2ab5b82f7c6c5c202ca1e0a6ddbe6b5d9bea46478de7257a8a7,research/extract/decoded_pck/JENPCK_TBL.decoded.bin,research/extract/rendered_pck_type0_probe/JENPCK_TBL/render_manifest.json
pck_type0_probe,JENPCK_TBL.decoded.bin,pck_object_0045,,392,128,pck_vector_model_probe,,,,,research/extract/rendered_pck_type0_probe/JENPCK_TBL/JENPCK_TBL_pck_object_0045_type0_probe.png,784,256,4,48b98bc4e13d8b47e9b8159e268933b6667bf31abb8be8246d2a109db7a3f3a6,38374,a25facf3a01ef2ab5b82f7c6c5c202ca1e0a6ddbe6b5d9bea46478de7257a8a7,research/extract/decoded_pck/JENPCK_TBL.decoded.bin,research/extract/rendered_pck_type0_probe/JENPCK_TBL/render_manifest.json
pck_type0_probe,JENPCK_TBL.decoded.bin,pck_object_0047,,392,128,pck_vector_model_probe,,,,,research/extract/rendered_pck_type0_probe/JENPCK_TBL/JENPCK_TBL_pck_object_0047_type0_probe.png,784,256,4,223c18af08db2305cf4640df7c38ee03ae0f168c97db41a497cba0f826b1d9cc,38374,a25facf3a01ef2ab5b82f7c6c5c202ca1e0a6ddbe6b5d9bea46478de7257a8a7,research/extract/decoded_pck/JENPCK_TBL.decoded.bin,research/extract/rendered_pck_type0_probe/JENPCK_TBL/render_manifest.json
pck_type0_probe,JENPCK_TBL.decoded.bin,pck_object_0049,,392,128,pck_vector_model_probe,,,,,research/extract/rendered_pck_type0_probe/JENPCK_TBL/JENPCK_TBL_pck_object_0049_type0_probe.png,784,256,4,0b772abf00186260ab84058fa70b69452ee1ce03298bee8d9e663ea3d9c01ecd,38374,a25facf3a01ef2ab5b82f7c6c5c202ca1e0a6ddbe6b5d9bea46478de7257a8a7,research/extract/decoded_pck/JENPCK_TBL.decoded.bin,research/extract/rendered_pck_type0_probe/JENPCK_TBL/render_manifest.json
pck_type0_probe,JENPCK_TBL.decoded.bin,pck_object_0052,,392,128,pck_vector_model_probe,,,,,research/extract/rendered_pck_type0_probe/JENPCK_TBL/JENPCK_TBL_pck_object_0052_type0_probe.png,784,256,4,fdb56b851b0cd7fa683e4f86d2d12e652d16c2af6ef3e008c211f090a9a89467,38374,a25facf3a01ef2ab5b82f7c6c5c202ca1e0a6ddbe6b5d9bea46478de7257a8a7,research/extract/decoded_pck/JENPCK_TBL.decoded.bin,research/extract/rendered_pck_type0_probe/JENPCK_TBL/render_manifest.json
pck_type0_probe,JENPCK_TBL.decoded.bin,pck_object_0053,,392,128,pck_vector_model_probe,,,,,research/extract/rendered_pck_type0_probe/JENPCK_TBL/JENPCK_TBL_pck_object_0053_type0_probe.png,784,256,4,a4356601f0695ec5ddabe155bac04c1258902b6563303e3ea03d0c3ff14b1b7e,38374,a25facf3a01ef2ab5b82f7c6c5c202ca1e0a6ddbe6b5d9bea46478de7257a8a7,research/extract/decoded_pck/JENPCK_TBL.decoded.bin,research/extract/rendered_pck_type0_probe/JENPCK_TBL/render_manifest.json
pck_type0_probe,JENPCK_TBL.decoded.bin,pck_object_0054,,392,128,pck_vector_model_probe,,,,,research/extract/rendered_pck_type0_probe/JENPCK_TBL/JENPCK_TBL_pck_object_0054_type0_probe.png,784,256,4,6cf5e804495019b8401ecef3d955ff033f047c3b855f8e54b5f4a86370a7299b,38374,a25facf3a01ef2ab5b82f7c6c5c202ca1e0a6ddbe6b5d9bea46478de7257a8a7,research/extract/decoded_pck/JENPCK_TBL.decoded.bin,research/extract/rendered_pck_type0_probe/JENPCK_TBL/render_manifest.json
pck_type0_probe,JENPCK_TBL.decoded.bin,pck_object_0056,,392,128,pck_vector_model_probe,,,,,research/extract/rendered_pck_type0_probe/JENPCK_TBL/JENPCK_TBL_pck_object_0056_type0_probe.png,784,256,4,d5a5dad7841fad0c0239ba0fb0f10c661c56d1b53ab0158c941d98eb12482f7e,38374,a25facf3a01ef2ab5b82f7c6c5c202ca1e0a6ddbe6b5d9bea46478de7257a8a7,research/extract/decoded_pck/JENPCK_TBL.decoded.bin,research/extract/rendered_pck_type0_probe/JENPCK_TBL/render_manifest.json
pck_type0_probe,JENPCK_TBL.decoded.bin,pck_object_0058,,392,128,pck_vector_model_probe,,,,,research/extract/rendered_pck_type0_probe/JENPCK_TBL/JENPCK_TBL_pck_object_0058_type0_probe.png,784,256,4,9395e6c6e89b3da1d02f2de2b27db08dffe61d21fc5518c174195fb6a98fdcbb,38374,a25facf3a01ef2ab5b82f7c6c5c202ca1e0a6ddbe6b5d9bea46478de7257a8a7,research/extract/decoded_pck/JENPCK_TBL.decoded.bin,research/extract/rendered_pck_type0_probe/JENPCK_TBL/render_manifest.json
pck_type0_probe,JENPCK_TBL.decoded.bin,pck_object_0069,,392,128,pck_vector_model_probe,,,,,research/extract/rendered_pck_type0_probe/JENPCK_TBL/JENPCK_TBL_pck_object_0069_type0_probe.png,784,256,4,a5aecc7b57241141d091e996ad8768839ba8a5f27d1bcc5ee20e3aa9693530ed,38374,a25facf3a01ef2ab5b82f7c6c5c202ca1e0a6ddbe6b5d9bea46478de7257a8a7,research/extract/decoded_pck/JENPCK_TBL.decoded.bin,research/extract/rendered_pck_type0_probe/JENPCK_TBL/render_manifest.json
pck_type0_probe,JENPCK_TBL.decoded.bin,pck_object_0070,,392,128,pck_vector_model_probe,,,,,research/extract/rendered_pck_type0_probe/JENPCK_TBL/JENPCK_TBL_pck_object_0070_type0_probe.png,784,256,4,f700b12ceb5acd3d5e2556663bfa0489950ca9daae8ba82ec226d035f8f587c2,38374,a25facf3a01ef2ab5b82f7c6c5c202ca1e0a6ddbe6b5d9bea46478de7257a8a7,research/extract/decoded_pck/JENPCK_TBL.decoded.bin,research/extract/rendered_pck_type0_probe/JENPCK_TBL/render_manifest.json
pck_type0_probe,JENPCK_TBL.decoded.bin,pck_object_0077,,392,128,pck_vector_model_probe,,,,,research/extract/rendered_pck_type0_probe/JENPCK_TBL/JENPCK_TBL_pck_object_0077_type0_probe.png,784,256,4,4e9252f24fbb6bda099023c33248acb697941bcc5932d13619046ec34f6dc80a,38374,a25facf3a01ef2ab5b82f7c6c5c202ca1e0a6ddbe6b5d9bea46478de7257a8a7,research/extract/decoded_pck/JENPCK_TBL.decoded.bin,research/extract/rendered_pck_type0_probe/JENPCK_TBL/render_manifest.json
pck_type0_probe,JENPCK_TBL.decoded.bin,pck_object_0081,,392,128,pck_vector_model_probe,,,,,research/extract/rendered_pck_type0_probe/JENPCK_TBL/JENPCK_TBL_pck_object_0081_type0_probe.png,784,256,4,8a6cc3ebb09eada4777e482437ef7a6bc864aeaed912e1e043f4e7bbb68febf4,38374,a25facf3a01ef2ab5b82f7c6c5c202ca1e0a6ddbe6b5d9bea46478de7257a8a7,research/extract/decoded_pck/JENPCK_TBL.decoded.bin,research/extract/rendered_pck_type0_probe/JENPCK_TBL/render_manifest.json
pck_type0_probe,JENPCK_TBL.decoded.bin,pck_object_0085,,392,128,pck_vector_model_probe,,,,,research/extract/rendered_pck_type0_probe/JENPCK_TBL/JENPCK_TBL_pck_object_0085_type0_probe.png,784,256,4,223c18af08db2305cf4640df7c38ee03ae0f168c97db41a497cba0f826b1d9cc,38374,a25facf3a01ef2ab5b82f7c6c5c202ca1e0a6ddbe6b5d9bea46478de7257a8a7,research/extract/decoded_pck/JENPCK_TBL.decoded.bin,research/extract/rendered_pck_type0_probe/JENPCK_TBL/render_manifest.json
pck_type0_probe,JENPCK_TBL.decoded.bin,pck_object_0087,,392,128,pck_vector_model_probe,,,,,research/extract/rendered_pck_type0_probe/JENPCK_TBL/JENPCK_TBL_pck_object_0087_type0_probe.png,784,256,4,a28bcf9570c89652e1705261a5cd666bd4f81df21f94fed1fa185142b79bbfae,38374,a25facf3a01ef2ab5b82f7c6c5c202ca1e0a6ddbe6b5d9bea46478de7257a8a7,research/extract/decoded_pck/JENPCK_TBL.decoded.bin,research/extract/rendered_pck_type0_probe/JENPCK_TBL/render_manifest.json
pck_type0_probe,JENPCK_TBL.decoded.bin,pck_object_0090,,392,128,pck_vector_model_probe,,,,,research/extract/rendered_pck_type0_probe/JENPCK_TBL/JENPCK_TBL_pck_object_0090_type0_probe.png,784,256,4,b3439d307bbe3defb420ad999d33e13c1a2bedfe18dc4a06e9b6249fb1e1e313,38374,a25facf3a01ef2ab5b82f7c6c5c202ca1e0a6ddbe6b5d9bea46478de7257a8a7,research/extract/decoded_pck/JENPCK_TBL.decoded.bin,research/extract/rendered_pck_type0_probe/JENPCK_TBL/render_manifest.json
pck_type0_probe,JENPCK_TBL.decoded.bin,pck_object_0095,,392,128,pck_vector_model_probe,,,,,research/extract/rendered_pck_type0_probe/JENPCK_TBL/JENPCK_TBL_pck_object_0095_type0_probe.png,784,256,4,ae3bc33425125df7cddaec94fc95674f3020d332d17d1eec71024c322db4e54c,38374,a25facf3a01ef2ab5b82f7c6c5c202ca1e0a6ddbe6b5d9bea46478de7257a8a7,research/extract/decoded_pck/JENPCK_TBL.decoded.bin,research/extract/rendered_pck_type0_probe/JENPCK_TBL/render_manifest.json
pck_type0_probe,JENPCK_TBL.decoded.bin,pck_object_0110,,392,128,pck_vector_model_probe,,,,,research/extract/rendered_pck_type0_probe/JENPCK_TBL/JENPCK_TBL_pck_object_0110_type0_probe.png,784,256,4,7430fb11ec5b03643c34eca3e19294af0f4434328b7e7e115148ae06acbc302e,38374,a25facf3a01ef2ab5b82f7c6c5c202ca1e0a6ddbe6b5d9bea46478de7257a8a7,research/extract/decoded_pck/JENPCK_TBL.decoded.bin,research/extract/rendered_pck_type0_probe/JENPCK_TBL/render_manifest.json
pck_type0_probe,LOCPCK_TBL.decoded.bin,pck_object_0002,,392,128,pck_vector_model_probe,,,,,research/extract/rendered_pck_type0_probe/LOCPCK_TBL/LOCPCK_TBL_pck_object_0002_type0_probe.png,784,256,4,c9693a2b5a8a6a7a5168db125f75f6bf047c73d6d76da293430b1fdf9ca25198,38706,b9ef97d6705384ef0c5b161bd50dcc1b063ee65153b567cc61b2361d04443e2c,research/extract/decoded_pck/LOCPCK_TBL.decoded.bin,research/extract/rendered_pck_type0_probe/LOCPCK_TBL/render_manifest.json
pck_type0_probe,LOCPCK_TBL.decoded.bin,pck_object_0029,,392,128,pck_vector_model_probe,,,,,research/extract/rendered_pck_type0_probe/LOCPCK_TBL/LOCPCK_TBL_pck_object_0029_type0_probe.png,784,256,4,5f5eb4da262064cbda58101c4b54565ef69b5a5fef97d125e987b9a7e18a74da,38706,b9ef97d6705384ef0c5b161bd50dcc1b063ee65153b567cc61b2361d04443e2c,research/extract/decoded_pck/LOCPCK_TBL.decoded.bin,research/extract/rendered_pck_type0_probe/LOCPCK_TBL/render_manifest.json
pck_type0_probe,LOCPCK_TBL.decoded.bin,pck_object_0043,,392,128,pck_vector_model_probe,,,,,research/extract/rendered_pck_type0_probe/LOCPCK_TBL/LOCPCK_TBL_pck_object_0043_type0_probe.png,784,256,4,d8ee785058d3ad7a5706a18370866903ea462d9ef54f790cc23188eadf41abcb,38706,b9ef97d6705384ef0c5b161bd50dcc1b063ee65153b567cc61b2361d04443e2c,research/extract/decoded_pck/LOCPCK_TBL.decoded.bin,research/extract/rendered_pck_type0_probe/LOCPCK_TBL/render_manifest.json
pck_type0_probe,LOCPCK_TBL.decoded.bin,pck_object_0045,,392,128,pck_vector_model_probe,,,,,research/extract/rendered_pck_type0_probe/LOCPCK_TBL/LOCPCK_TBL_pck_object_0045_type0_probe.png,784,256,4,327ac819abaca5cf5572415f5f6cc24add5681d78cb37895843eb94b9d244a70,38706,b9ef97d6705384ef0c5b161bd50dcc1b063ee65153b567cc61b2361d04443e2c,research/extract/decoded_pck/LOCPCK_TBL.decoded.bin,research/extract/rendered_pck_type0_probe/LOCPCK_TBL/render_manifest.json
pck_type0_probe,LOCPCK_TBL.decoded.bin,pck_object_0049,,392,128,pck_vector_model_probe,,,,,research/extract/rendered_pck_type0_probe/LOCPCK_TBL/LOCPCK_TBL_pck_object_0049_type0_probe.png,784,256,4,28d77569b89ecfb0508e480c3283442195e2a0084a537b924a5c78c861df25d6,38706,b9ef97d6705384ef0c5b161bd50dcc1b063ee65153b567cc61b2361d04443e2c,research/extract/decoded_pck/LOCPCK_TBL.decoded.bin,research/extract/rendered_pck_type0_probe/LOCPCK_TBL/render_manifest.json
pck_type0_probe,LOCPCK_TBL.decoded.bin,pck_object_0051,,392,128,pck_vector_model_probe,,,,,research/extract/rendered_pck_type0_probe/LOCPCK_TBL/LOCPCK_TBL_pck_object_0051_type0_probe.png,784,256,4,a55da9ba5af8d2fb12f8a232bbb8c7ad4474a5e44036c11924dab12ec54813a9,38706,b9ef97d6705384ef0c5b161bd50dcc1b063ee65153b567cc61b2361d04443e2c,research/extract/decoded_pck/LOCPCK_TBL.decoded.bin,research/extract/rendered_pck_type0_probe/LOCPCK_TBL/render_manifest.json
pck_type0_probe,LOCPCK_TBL.decoded.bin,pck_object_0053,,392,128,pck_vector_model_probe,,,,,research/extract/rendered_pck_type0_probe/LOCPCK_TBL/LOCPCK_TBL_pck_object_0053_type0_probe.png,784,256,4,9dbcec9cd91cb80304b81e5d8811e706f9a6360b39b7595b96877120a9c5f010,38706,b9ef97d6705384ef0c5b161bd50dcc1b063ee65153b567cc61b2361d04443e2c,research/extract/decoded_pck/LOCPCK_TBL.decoded.bin,research/extract/rendered_pck_type0_probe/LOCPCK_TBL/render_manifest.json
pck_type0_probe,LOCPCK_TBL.decoded.bin,pck_object_0069,,392,128,pck_vector_model_probe,,,,,research/extract/rendered_pck_type0_probe/LOCPCK_TBL/LOCPCK_TBL_pck_object_0069_type0_probe.png,784,256,4,9f5d332dc12cd168b0eb51dce8f9ac349f49e71e184cd560c144962266800b9c,38706,b9ef97d6705384ef0c5b161bd50dcc1b063ee65153b567cc61b2361d04443e2c,research/extract/decoded_pck/LOCPCK_TBL.decoded.bin,research/extract/rendered_pck_type0_probe/LOCPCK_TBL/render_manifest.json
pck_type0_probe,MARPCK_TBL.decoded.bin,pck_object_0004,,392,128,pck_vector_model_probe,,,,,research/extract/rendered_pck_type0_probe/MARPCK_TBL/MARPCK_TBL_pck_object_0004_type0_probe.png,784,256,4,a08e4090e977e42019e9274aebefb9ad64d00de81246b21880a74fe9141be687,50512,fb3d849a3a09cb23e53d88347d1c197e6632f801958167de7c1078abaa144f03,research/extract/decoded_pck/MARPCK_TBL.decoded.bin,research/extract/rendered_pck_type0_probe/MARPCK_TBL/render_manifest.json
pck_type0_probe,MARPCK_TBL.decoded.bin,pck_object_0017,,392,128,pck_vector_model_probe,,,,,research/extract/rendered_pck_type0_probe/MARPCK_TBL/MARPCK_TBL_pck_object_0017_type0_probe.png,784,256,4,8954fb6bf5e9600857d7a7194082e58607ee8feada2a83ec82d9ba253c225637,50512,fb3d849a3a09cb23e53d88347d1c197e6632f801958167de7c1078abaa144f03,research/extract/decoded_pck/MARPCK_TBL.decoded.bin,research/extract/rendered_pck_type0_probe/MARPCK_TBL/render_manifest.json
pck_type0_probe,MARPCK_TBL.decoded.bin,pck_object_0019,,392,128,pck_vector_model_probe,,,,,research/extract/rendered_pck_type0_probe/MARPCK_TBL/MARPCK_TBL_pck_object_0019_type0_probe.png,784,256,4,f086be6d3e7ff79c94aabd02ef9fbdd2735a89e5cebc3170161d93828ac07111,50512,fb3d849a3a09cb23e53d88347d1c197e6632f801958167de7c1078abaa144f03,research/extract/decoded_pck/MARPCK_TBL.decoded.bin,research/extract/rendered_pck_type0_probe/MARPCK_TBL/render_manifest.json
pck_type0_probe,MARPCK_TBL.decoded.bin,pck_object_0021,,392,128,pck_vector_model_probe,,,,,research/extract/rendered_pck_type0_probe/MARPCK_TBL/MARPCK_TBL_pck_object_0021_type0_probe.png,784,256,4,6e53525d7a9d1350ea94b04c7efc323b52d8c69b34aa3f52cd1f1537d6a4c38c,50512,fb3d849a3a09cb23e53d88347d1c197e6632f801958167de7c1078abaa144f03,research/extract/decoded_pck/MARPCK_TBL.decoded.bin,research/extract/rendered_pck_type0_probe/MARPCK_TBL/render_manifest.json
pck_type0_probe,MARPCK_TBL.decoded.bin,pck_object_0056,,392,128,pck_vector_model_probe,,,,,research/extract/rendered_pck_type0_probe/MARPCK_TBL/MARPCK_TBL_pck_object_0056_type0_probe.png,784,256,4,9632a02ae811c2c3e06af449f46afceba2fd4b35daef62d7add77b9e7f34493d,50512,fb3d849a3a09cb23e53d88347d1c197e6632f801958167de7c1078abaa144f03,research/extract/decoded_pck/MARPCK_TBL.decoded.bin,research/extract/rendered_pck_type0_probe/MARPCK_TBL/render_manifest.json
pck_type0_probe,MARPCK_TBL.decoded.bin,pck_object_0057,,392,128,pck_vector_model_probe,,,,,research/extract/rendered_pck_type0_probe/MARPCK_TBL/MARPCK_TBL_pck_object_0057_type0_probe.png,784,256,4,559ad38b7bd93d78828dae912b6b3d15303d69a4e2014542a86bfc33b20f6ee8,50512,fb3d849a3a09cb23e53d88347d1c197e6632f801958167de7c1078abaa144f03,research/extract/decoded_pck/MARPCK_TBL.decoded.bin,research/extract/rendered_pck_type0_probe/MARPCK_TBL/render_manifest.json
pck_type0_probe,MARPCK_TBL.decoded.bin,pck_object_0058,,392,128,pck_vector_model_probe,,,,,research/extract/rendered_pck_type0_probe/MARPCK_TBL/MARPCK_TBL_pck_object_0058_type0_probe.png,784,256,4,5901a80f066fd0f66b8e5d981e31694bea5d3c36db2045d5de5408209832294e,50512,fb3d849a3a09cb23e53d88347d1c197e6632f801958167de7c1078abaa144f03,research/extract/decoded_pck/MARPCK_TBL.decoded.bin,research/extract/rendered_pck_type0_probe/MARPCK_TBL/render_manifest.json
pck_type0_probe,MARPCK_TBL.decoded.bin,pck_object_0063,,392,128,pck_vector_model_probe,,,,,research/extract/rendered_pck_type0_probe/MARPCK_TBL/MARPCK_TBL_pck_object_0063_type0_probe.png,784,256,4,86baac26376ddcc59d9b6227a31437dbcf4076dc07adf798b612b3a125c3613e,50512,fb3d849a3a09cb23e53d88347d1c197e6632f801958167de7c1078abaa144f03,research/extract/decoded_pck/MARPCK_TBL.decoded.bin,research/extract/rendered_pck_type0_probe/MARPCK_TBL/render_manifest.json
pck_type0_probe,MARPCK_TBL.decoded.bin,pck_object_0065,,392,128,pck_vector_model_probe,,,,,research/extract/rendered_pck_type0_probe/MARPCK_TBL/MARPCK_TBL_pck_object_0065_type0_probe.png,784,256,4,5507b5375ce924a37bfaee764ece29702adbe83ec6f0b1b38beef5c827862246,50512,fb3d849a3a09cb23e53d88347d1c197e6632f801958167de7c1078abaa144f03,research/extract/decoded_pck/MARPCK_TBL.decoded.bin,research/extract/rendered_pck_type0_probe/MARPCK_TBL/render_manifest.json
pck_type0_probe,MARPCK_TBL.decoded.bin,pck_object_0067,,392,128,pck_vector_model_probe,,,,,research/extract/rendered_pck_type0_probe/MARPCK_TBL/MARPCK_TBL_pck_object_0067_type0_probe.png,784,256,4,fad7fc8eaea07beec2fa2b6c86e2407c0441c8c06260446805d79468bd8d7094,50512,fb3d849a3a09cb23e53d88347d1c197e6632f801958167de7c1078abaa144f03,research/extract/decoded_pck/MARPCK_TBL.decoded.bin,research/extract/rendered_pck_type0_probe/MARPCK_TBL/render_manifest.json
pck_type0_probe,OTHPCK_TBL.decoded.bin,pck_object_0012,,392,128,pck_vector_model_probe,,,,,research/extract/rendered_pck_type0_probe/OTHPCK_TBL/OTHPCK_TBL_pck_object_0012_type0_probe.png,784,256,4,1fcd612d5fe7591636614bab3c28fae4af3d0163fed0566a6124470ef4d96611,3359,0669fde1d78580c04376e373714e97aa479845cf41d0144ac0680c7e526eb5b4,research/extract/decoded_pck/OTHPCK_TBL.decoded.bin,research/extract/rendered_pck_type0_probe/OTHPCK_TBL/render_manifest.json
pck_type0_probe,PHAPCK_TBL.decoded.bin,pck_object_0001,,392,128,pck_vector_model_probe,,,,,research/extract/rendered_pck_type0_probe/PHAPCK_TBL/PHAPCK_TBL_pck_object_0001_type0_probe.png,784,256,4,80978f115c270d890cdd02e76cae4fbd6d0bf701e3a4e19a130560333f73438a,40640,4731956773ac2684e897722dce9fff492dd1b36ff0b90a665af17b72f2d7618f,research/extract/decoded_pck/PHAPCK_TBL.decoded.bin,research/extract/rendered_pck_type0_probe/PHAPCK_TBL/render_manifest.json
pck_type0_probe,PHAPCK_TBL.decoded.bin,pck_object_0003,,392,128,pck_vector_model_probe,,,,,research/extract/rendered_pck_type0_probe/PHAPCK_TBL/PHAPCK_TBL_pck_object_0003_type0_probe.png,784,256,4,fe2b9ff4887561c7a3b8f8ec5c4bd6d87edf8db32114f377143cf9e619175962,40640,4731956773ac2684e897722dce9fff492dd1b36ff0b90a665af17b72f2d7618f,research/extract/decoded_pck/PHAPCK_TBL.decoded.bin,research/extract/rendered_pck_type0_probe/PHAPCK_TBL/render_manifest.json
pck_type0_probe,PHAPCK_TBL.decoded.bin,pck_object_0011,,392,128,pck_vector_model_probe,,,,,research/extract/rendered_pck_type0_probe/PHAPCK_TBL/PHAPCK_TBL_pck_object_0011_type0_probe.png,784,256,4,e7b7edc24a5f0840037c7795edef9b3e6126abd6292a4ffd744761fc92778523,40640,4731956773ac2684e897722dce9fff492dd1b36ff0b90a665af17b72f2d7618f,research/extract/decoded_pck/PHAPCK_TBL.decoded.bin,research/extract/rendered_pck_type0_probe/PHAPCK_TBL/render_manifest.json
pck_type0_probe,PHAPCK_TBL.decoded.bin,pck_object_0013,,392,128,pck_vector_model_probe,,,,,research/extract/rendered_pck_type0_probe/PHAPCK_TBL/PHAPCK_TBL_pck_object_0013_type0_probe.png,784,256,4,c0f39e31624b2f235f4eddb8eb975a41dbc925320b64f96388ad3b5845640e10,40640,4731956773ac2684e897722dce9fff492dd1b36ff0b90a665af17b72f2d7618f,research/extract/decoded_pck/PHAPCK_TBL.decoded.bin,research/extract/rendered_pck_type0_probe/PHAPCK_TBL/render_manifest.json
pck_type0_probe,PHAPCK_TBL.decoded.bin,pck_object_0016,,392,128,pck_vector_model_probe,,,,,research/extract/rendered_pck_type0_probe/PHAPCK_TBL/PHAPCK_TBL_pck_object_0016_type0_probe.png,784,256,4,ac5c51a07ced6eb9269bd54f0df874ffabae77eb81c8553e4feac36dcfeb1ba1,40640,4731956773ac2684e897722dce9fff492dd1b36ff0b90a665af17b72f2d7618f,research/extract/decoded_pck/PHAPCK_TBL.decoded.bin,research/extract/rendered_pck_type0_probe/PHAPCK_TBL/render_manifest.json
pck_type0_probe,PHAPCK_TBL.decoded.bin,pck_object_0018,,392,128,pck_vector_model_probe,,,,,research/extract/rendered_pck_type0_probe/PHAPCK_TBL/PHAPCK_TBL_pck_object_0018_type0_probe.png,784,256,4,e8cebf11e5ea5089b0c7d2d263b187d1eea149e0755ff58b4efff8a768c97598,40640,4731956773ac2684e897722dce9fff492dd1b36ff0b90a665af17b72f2d7618f,research/extract/decoded_pck/PHAPCK_TBL.decoded.bin,research/extract/rendered_pck_type0_probe/PHAPCK_TBL/render_manifest.json
pck_type0_probe,PHAPCK_TBL.decoded.bin,pck_object_0019,,392,128,pck_vector_model_probe,,,,,research/extract/rendered_pck_type0_probe/PHAPCK_TBL/PHAPCK_TBL_pck_object_0019_type0_probe.png,784,256,4,9391786795af765158fbd90f31e480aa680fe947094aa7d7fa531caeb3c883a9,40640,4731956773ac2684e897722dce9fff492dd1b36ff0b90a665af17b72f2d7618f,research/extract/decoded_pck/PHAPCK_TBL.decoded.bin,research/extract/rendered_pck_type0_probe/PHAPCK_TBL/render_manifest.json
pck_type0_probe,PHAPCK_TBL.decoded.bin,pck_object_0021,,392,128,pck_vector_model_probe,,,,,research/extract/rendered_pck_type0_probe/PHAPCK_TBL/PHAPCK_TBL_pck_object_0021_type0_probe.png,784,256,4,d50ec0488988c2a5e32c4b8d143c3c47f25e4987e7b62ca730649fa798f98ed2,40640,4731956773ac2684e897722dce9fff492dd1b36ff0b90a665af17b72f2d7618f,research/extract/decoded_pck/PHAPCK_TBL.decoded.bin,research/extract/rendered_pck_type0_probe/PHAPCK_TBL/render_manifest.json
pck_type0_probe,PHAPCK_TBL.decoded.bin,pck_object_0026,,392,128,pck_vector_model_probe,,,,,research/extract/rendered_pck_type0_probe/PHAPCK_TBL/PHAPCK_TBL_pck_object_0026_type0_probe.png,784,256,4,d557a72b255d94b3b0066e366f003f220c2f474d0104b2fda068558e453dfe8a,40640,4731956773ac2684e897722dce9fff492dd1b36ff0b90a665af17b72f2d7618f,research/extract/decoded_pck/PHAPCK_TBL.decoded.bin,research/extract/rendered_pck_type0_probe/PHAPCK_TBL/render_manifest.json
pck_type0_probe,PHAPCK_TBL.decoded.bin,pck_object_0034,,392,128,pck_vector_model_probe,,,,,research/extract/rendered_pck_type0_probe/PHAPCK_TBL/PHAPCK_TBL_pck_object_0034_type0_probe.png,784,256,4,1308c71ef73d93ddd4437f9d7878668ebdad485e9c4b028e8fa7be6bed4018e0,40640,4731956773ac2684e897722dce9fff492dd1b36ff0b90a665af17b72f2d7618f,research/extract/decoded_pck/PHAPCK_TBL.decoded.bin,research/extract/rendered_pck_type0_probe/PHAPCK_TBL/render_manifest.json
pck_type0_probe,PHAPCK_TBL.decoded.bin,pck_object_0042,,392,128,pck_vector_model_probe,,,,,research/extract/rendered_pck_type0_probe/PHAPCK_TBL/PHAPCK_TBL_pck_object_0042_type0_probe.png,784,256,4,e6ca070af54e543e75aeaf5847accd7689b84270b2153d1d0e67eaf3f8feba0b,40640,4731956773ac2684e897722dce9fff492dd1b36ff0b90a665af17b72f2d7618f,research/extract/decoded_pck/PHAPCK_TBL.decoded.bin,research/extract/rendered_pck_type0_probe/PHAPCK_TBL/render_manifest.json
pck_type0_probe,PHAPCK_TBL.decoded.bin,pck_object_0045,,392,128,pck_vector_model_probe,,,,,research/extract/rendered_pck_type0_probe/PHAPCK_TBL/PHAPCK_TBL_pck_object_0045_type0_probe.png,784,256,4,201227945589a68d72b3454d7e3cfa6e3437f3c767c8587fc351e083136a6b8e,40640,4731956773ac2684e897722dce9fff492dd1b36ff0b90a665af17b72f2d7618f,research/extract/decoded_pck/PHAPCK_TBL.decoded.bin,research/extract/rendered_pck_type0_probe/PHAPCK_TBL/render_manifest.json
pck_type0_probe,PHAPCK_TBL.decoded.bin,pck_object_0049,,392,128,pck_vector_model_probe,,,,,research/extract/rendered_pck_type0_probe/PHAPCK_TBL/PHAPCK_TBL_pck_object_0049_type0_probe.png,784,256,4,79ee588a7ba91f51a3bea6c65fc9faf5f749249774f7310e05b675b439cbda97,40640,4731956773ac2684e897722dce9fff492dd1b36ff0b90a665af17b72f2d7618f,research/extract/decoded_pck/PHAPCK_TBL.decoded.bin,research/extract/rendered_pck_type0_probe/PHAPCK_TBL/render_manifest.json
pck_type0_probe,PHAPCK_TBL.decoded.bin,pck_object_0053,,392,128,pck_vector_model_probe,,,,,research/extract/rendered_pck_type0_probe/PHAPCK_TBL/PHAPCK_TBL_pck_object_0053_type0_probe.png,784,256,4,906b19a5c123276fd4679fad410f962f7664ab68e9ca4543deba70e9beaf7357,40640,4731956773ac2684e897722dce9fff492dd1b36ff0b90a665af17b72f2d7618f,research/extract/decoded_pck/PHAPCK_TBL.decoded.bin,research/extract/rendered_pck_type0_probe/PHAPCK_TBL/render_manifest.json
pck_type0_probe,PHAPCK_TBL.decoded.bin,pck_object_0057,,392,128,pck_vector_model_probe,,,,,research/extract/rendered_pck_type0_probe/PHAPCK_TBL/PHAPCK_TBL_pck_object_0057_type0_probe.png,784,256,4,aa253f69dfaf6863d84734cbd86020a02254256646ed530ad967affe038787a5,40640,4731956773ac2684e897722dce9fff492dd1b36ff0b90a665af17b72f2d7618f,research/extract/decoded_pck/PHAPCK_TBL.decoded.bin,research/extract/rendered_pck_type0_probe/PHAPCK_TBL/render_manifest.json
pck_type0_probe,PHAPCK_TBL.decoded.bin,pck_object_0059,,392,128,pck_vector_model_probe,,,,,research/extract/rendered_pck_type0_probe/PHAPCK_TBL/PHAPCK_TBL_pck_object_0059_type0_probe.png,784,256,4,c0f39e31624b2f235f4eddb8eb975a41dbc925320b64f96388ad3b5845640e10,40640,4731956773ac2684e897722dce9fff492dd1b36ff0b90a665af17b72f2d7618f,research/extract/decoded_pck/PHAPCK_TBL.decoded.bin,research/extract/rendered_pck_type0_probe/PHAPCK_TBL/render_manifest.json
pck_type0_probe,PHAPCK_TBL.decoded.bin,pck_object_0062,,392,128,pck_vector_model_probe,,,,,research/extract/rendered_pck_type0_probe/PHAPCK_TBL/PHAPCK_TBL_pck_object_0062_type0_probe.png,784,256,4,6f2b81287111a834ca74237df06696f37971daa8d6f86686e3578ed9a7762d31,40640,4731956773ac2684e897722dce9fff492dd1b36ff0b90a665af17b72f2d7618f,research/extract/decoded_pck/PHAPCK_TBL.decoded.bin,research/extract/rendered_pck_type0_probe/PHAPCK_TBL/render_manifest.json
pck_type0_probe,PHAPCK_TBL.decoded.bin,pck_object_0065,,392,128,pck_vector_model_probe,,,,,research/extract/rendered_pck_type0_probe/PHAPCK_TBL/PHAPCK_TBL_pck_object_0065_type0_probe.png,784,256,4,a8c9e037dc8af8662e40dd063f54fb5663f11a9f6ff877ba9bfd31acfb887066,40640,4731956773ac2684e897722dce9fff492dd1b36ff0b90a665af17b72f2d7618f,research/extract/decoded_pck/PHAPCK_TBL.decoded.bin,research/extract/rendered_pck_type0_probe/PHAPCK_TBL/render_manifest.json
pck_type0_probe,PHAPCK_TBL.decoded.bin,pck_object_0070,,392,128,pck_vector_model_probe,,,,,research/extract/rendered_pck_type0_probe/PHAPCK_TBL/PHAPCK_TBL_pck_object_0070_type0_probe.png,784,256,4,b52d64ebb3898cf5fdae85fe6ce2d4c013e9683e14c2c813c2bac5e74ecdba31,40640,4731956773ac2684e897722dce9fff492dd1b36ff0b90a665af17b72f2d7618f,research/extract/decoded_pck/PHAPCK_TBL.decoded.bin,research/extract/rendered_pck_type0_probe/PHAPCK_TBL/render_manifest.json
pck_type0_probe,PHAPCK_TBL.decoded.bin,pck_object_0072,,392,128,pck_vector_model_probe,,,,,research/extract/rendered_pck_type0_probe/PHAPCK_TBL/PHAPCK_TBL_pck_object_0072_type0_probe.png,784,256,4,9b04a51f24048a7bc24b7e684828ce2ed2c2b55bd5c462d41617366aae897c69,40640,4731956773ac2684e897722dce9fff492dd1b36ff0b90a665af17b72f2d7618f,research/extract/decoded_pck/PHAPCK_TBL.decoded.bin,research/extract/rendered_pck_type0_probe/PHAPCK_TBL/render_manifest.json
pck_type0_probe,PHAPCK_TBL.decoded.bin,pck_object_0078,,392,128,pck_vector_model_probe,,,,,research/extract/rendered_pck_type0_probe/PHAPCK_TBL/PHAPCK_TBL_pck_object_0078_type0_probe.png,784,256,4,2645598fa3d7bb0e261767f6c7a88822fc39dc3090ef89f4a7364eb884db554e,40640,4731956773ac2684e897722dce9fff492dd1b36ff0b90a665af17b72f2d7618f,research/extract/decoded_pck/PHAPCK_TBL.decoded.bin,research/extract/rendered_pck_type0_probe/PHAPCK_TBL/render_manifest.json
pck_type0_probe,PHAPCK_TBL.decoded.bin,pck_object_0082,,392,128,pck_vector_model_probe,,,,,research/extract/rendered_pck_type0_probe/PHAPCK_TBL/PHAPCK_TBL_pck_object_0082_type0_probe.png,784,256,4,2645598fa3d7bb0e261767f6c7a88822fc39dc3090ef89f4a7364eb884db554e,40640,4731956773ac2684e897722dce9fff492dd1b36ff0b90a665af17b72f2d7618f,research/extract/decoded_pck/PHAPCK_TBL.decoded.bin,research/extract/rendered_pck_type0_probe/PHAPCK_TBL/render_manifest.json
pck_type0_probe,PHAPCK_TBL.decoded.bin,pck_object_0084,,392,128,pck_vector_model_probe,,,,,research/extract/rendered_pck_type0_probe/PHAPCK_TBL/PHAPCK_TBL_pck_object_0084_type0_probe.png,784,256,4,1b0514154e2b2d3e9312e503a6a9e5fa188588a963170c23d68c3e82c0cd6def,40640,4731956773ac2684e897722dce9fff492dd1b36ff0b90a665af17b72f2d7618f,research/extract/decoded_pck/PHAPCK_TBL.decoded.bin,research/extract/rendered_pck_type0_probe/PHAPCK_TBL/render_manifest.json
pck_type0_probe,PHAPCK_TBL.decoded.bin,pck_object_0088,,392,128,pck_vector_model_probe,,,,,research/extract/rendered_pck_type0_probe/PHAPCK_TBL/PHAPCK_TBL_pck_object_0088_type0_probe.png,784,256,4,905fd67920e74011cb3e4e71cbff8446cf0226a1d213ec5c6d0b386bfdb602dd,40640,4731956773ac2684e897722dce9fff492dd1b36ff0b90a665af17b72f2d7618f,research/extract/decoded_pck/PHAPCK_TBL.decoded.bin,research/extract/rendered_pck_type0_probe/PHAPCK_TBL/render_manifest.json
pck_type0_probe,PHAPCK_TBL.decoded.bin,pck_object_0091,,392,128,pck_vector_model_probe,,,,,research/extract/rendered_pck_type0_probe/PHAPCK_TBL/PHAPCK_TBL_pck_object_0091_type0_probe.png,784,256,4,afbc1a317299dd792c2e4fa05d5b793973e30927fe71ec79f396a015733b9f72,40640,4731956773ac2684e897722dce9fff492dd1b36ff0b90a665af17b72f2d7618f,research/extract/decoded_pck/PHAPCK_TBL.decoded.bin,research/extract/rendered_pck_type0_probe/PHAPCK_TBL/render_manifest.json
pck_type0_probe,PHAPCK_TBL.decoded.bin,pck_object_0093,,392,128,pck_vector_model_probe,,,,,research/extract/rendered_pck_type0_probe/PHAPCK_TBL/PHAPCK_TBL_pck_object_0093_type0_probe.png,784,256,4,bc901fc199c7f5e6a5769f5bb18746929808dfa18b4ac679ec165b8325524d9b,40640,4731956773ac2684e897722dce9fff492dd1b36ff0b90a665af17b72f2d7618f,research/extract/decoded_pck/PHAPCK_TBL.decoded.bin,research/extract/rendered_pck_type0_probe/PHAPCK_TBL/render_manifest.json
pck_type0_probe,PHAPCK_TBL.decoded.bin,pck_object_0097,,392,128,pck_vector_model_probe,,,,,research/extract/rendered_pck_type0_probe/PHAPCK_TBL/PHAPCK_TBL_pck_object_0097_type0_probe.png,784,256,4,0ca1c971ecd331c0d1205bb494e86dd9915f6dc4c7b3ef79797e05e9d7603837,40640,4731956773ac2684e897722dce9fff492dd1b36ff0b90a665af17b72f2d7618f,research/extract/decoded_pck/PHAPCK_TBL.decoded.bin,research/extract/rendered_pck_type0_probe/PHAPCK_TBL/render_manifest.json
pck_type0_probe,PHAPCK_TBL.decoded.bin,pck_object_0099,,392,128,pck_vector_model_probe,,,,,research/extract/rendered_pck_type0_probe/PHAPCK_TBL/PHAPCK_TBL_pck_object_0099_type0_probe.png,784,256,4,bf331701b494d53f5560a8e077f940082c211955dacb7a5040315bce788f1f9b,40640,4731956773ac2684e897722dce9fff492dd1b36ff0b90a665af17b72f2d7618f,research/extract/decoded_pck/PHAPCK_TBL.decoded.bin,research/extract/rendered_pck_type0_probe/PHAPCK_TBL/render_manifest.json
pck_type0_probe,PHAPCK_TBL.decoded.bin,pck_object_0100,,392,128,pck_vector_model_probe,,,,,research/extract/rendered_pck_type0_probe/PHAPCK_TBL/PHAPCK_TBL_pck_object_0100_type0_probe.png,784,256,4,d0b9ca1b18f281dc6d2b9ab0ab91db0da89503d41d432d87755dbd515ef20ced,40640,4731956773ac2684e897722dce9fff492dd1b36ff0b90a665af17b72f2d7618f,research/extract/decoded_pck/PHAPCK_TBL.decoded.bin,research/extract/rendered_pck_type0_probe/PHAPCK_TBL/render_manifest.json
pck_type0_probe,PHAPCK_TBL.decoded.bin,pck_object_0106,,392,128,pck_vector_model_probe,,,,,research/extract/rendered_pck_type0_probe/PHAPCK_TBL/PHAPCK_TBL_pck_object_0106_type0_probe.png,784,256,4,c8d8af0fc659a212d8b8330e87da06b9e47c981954a4ab5d4737a674c1a171ab,40640,4731956773ac2684e897722dce9fff492dd1b36ff0b90a665af17b72f2d7618f,research/extract/decoded_pck/PHAPCK_TBL.decoded.bin,research/extract/rendered_pck_type0_probe/PHAPCK_TBL/render_manifest.json
pck_type0_probe,PHAPCK_TBL.decoded.bin,pck_object_0110,,392,128,pck_vector_model_probe,,,,,research/extract/rendered_pck_type0_probe/PHAPCK_TBL/PHAPCK_TBL_pck_object_0110_type0_probe.png,784,256,4,2c8cf9b23b9e9ef644d4bb2c3f7e2976a3fb7b158b9274df8d45ac6e9f77b087,40640,4731956773ac2684e897722dce9fff492dd1b36ff0b90a665af17b72f2d7618f,research/extract/decoded_pck/PHAPCK_TBL.decoded.bin,research/extract/rendered_pck_type0_probe/PHAPCK_TBL/render_manifest.json
pck_type0_probe,PHAPCK_TBL.decoded.bin,pck_object_0114,,392,128,pck_vector_model_probe,,,,,research/extract/rendered_pck_type0_probe/PHAPCK_TBL/PHAPCK_TBL_pck_object_0114_type0_probe.png,784,256,4,2c8cf9b23b9e9ef644d4bb2c3f7e2976a3fb7b158b9274df8d45ac6e9f77b087,40640,4731956773ac2684e897722dce9fff492dd1b36ff0b90a665af17b72f2d7618f,research/extract/decoded_pck/PHAPCK_TBL.decoded.bin,research/extract/rendered_pck_type0_probe/PHAPCK_TBL/render_manifest.json
pck_type0_probe,RIFPCK_TBL.decoded.bin,pck_object_0003,,392,128,pck_vector_model_probe,,,,,research/extract/rendered_pck_type0_probe/RIFPCK_TBL/RIFPCK_TBL_pck_object_0003_type0_probe.png,784,256,4,00277e2086d2bd7f0db6b9d18ff47974a10b3327537171ae685363d8cbc02ae6,42774,fbc49c635ef50506df4307eb25e7f30d051b9e5e991861ff496950b5462b61e9,research/extract/decoded_pck/RIFPCK_TBL.decoded.bin,research/extract/rendered_pck_type0_probe/RIFPCK_TBL/render_manifest.json
pck_type0_probe,RIFPCK_TBL.decoded.bin,pck_object_0004,,392,128,pck_vector_model_probe,,,,,research/extract/rendered_pck_type0_probe/RIFPCK_TBL/RIFPCK_TBL_pck_object_0004_type0_probe.png,784,256,4,38481312f55c5bb9b833d9e5645e528ba04bb8dc24e2e4349c39600938f0d90f,42774,fbc49c635ef50506df4307eb25e7f30d051b9e5e991861ff496950b5462b61e9,research/extract/decoded_pck/RIFPCK_TBL.decoded.bin,research/extract/rendered_pck_type0_probe/RIFPCK_TBL/render_manifest.json
pck_type0_probe,RIFPCK_TBL.decoded.bin,pck_object_0039,,392,128,pck_vector_model_probe,,,,,research/extract/rendered_pck_type0_probe/RIFPCK_TBL/RIFPCK_TBL_pck_object_0039_type0_probe.png,784,256,4,c3e98e42d229ae8ce1a4ed3d0addb580d989ddaf173775c972c83df55d231378,42774,fbc49c635ef50506df4307eb25e7f30d051b9e5e991861ff496950b5462b61e9,research/extract/decoded_pck/RIFPCK_TBL.decoded.bin,research/extract/rendered_pck_type0_probe/RIFPCK_TBL/render_manifest.json
pck_type0_probe,RIFPCK_TBL.decoded.bin,pck_object_0041,,392,128,pck_vector_model_probe,,,,,research/extract/rendered_pck_type0_probe/RIFPCK_TBL/RIFPCK_TBL_pck_object_0041_type0_probe.png,784,256,4,00808f73b3f77d16d5e4c51672f7b9685002e013a5fa5b95967592098b261d90,42774,fbc49c635ef50506df4307eb25e7f30d051b9e5e991861ff496950b5462b61e9,research/extract/decoded_pck/RIFPCK_TBL.decoded.bin,research/extract/rendered_pck_type0_probe/RIFPCK_TBL/render_manifest.json
pck_type0_probe,RIFPCK_TBL.decoded.bin,pck_object_0042,,392,128,pck_vector_model_probe,,,,,research/extract/rendered_pck_type0_probe/RIFPCK_TBL/RIFPCK_TBL_pck_object_0042_type0_probe.png,784,256,4,83b727423bbea3e58579288553debfaa869038ff01a5a17b653f028ecce681de,42774,fbc49c635ef50506df4307eb25e7f30d051b9e5e991861ff496950b5462b61e9,research/extract/decoded_pck/RIFPCK_TBL.decoded.bin,research/extract/rendered_pck_type0_probe/RIFPCK_TBL/render_manifest.json
pck_type0_probe,RIFPCK_TBL.decoded.bin,pck_object_0075,,392,128,pck_vector_model_probe,,,,,research/extract/rendered_pck_type0_probe/RIFPCK_TBL/RIFPCK_TBL_pck_object_0075_type0_probe.png,784,256,4,506e12f96f9dbb90073b6461dda1fbd3125f9c6bdb5b12759a71db69c6d2fb18,42774,fbc49c635ef50506df4307eb25e7f30d051b9e5e991861ff496950b5462b61e9,research/extract/decoded_pck/RIFPCK_TBL.decoded.bin,research/extract/rendered_pck_type0_probe/RIFPCK_TBL/render_manifest.json
pck_type0_probe,RIFPCK_TBL.decoded.bin,pck_object_0081,,392,128,pck_vector_model_probe,,,,,research/extract/rendered_pck_type0_probe/RIFPCK_TBL/RIFPCK_TBL_pck_object_0081_type0_probe.png,784,256,4,353cb869e374094a9d2885bcb52beba78f76341ea04599298eedb85bd3640617,42774,fbc49c635ef50506df4307eb25e7f30d051b9e5e991861ff496950b5462b61e9,research/extract/decoded_pck/RIFPCK_TBL.decoded.bin,research/extract/rendered_pck_type0_probe/RIFPCK_TBL/render_manifest.json
pck_type0_probe,SHAPCK_TBL.decoded.bin,pck_object_0114,,392,128,pck_vector_model_probe,,,,,research/extract/rendered_pck_type0_probe/SHAPCK_TBL/SHAPCK_TBL_pck_object_0114_type0_probe.png,784,256,4,4fe4a296b14660d1d5ca92c7f105c153960f56abb1a7b3128a730584adb09bf3,56772,f4bef508110949ebcc8a5888e2c0663cb30f22037373ca461c2d0d50c84d2307,research/extract/decoded_pck/SHAPCK_TBL.decoded.bin,research/extract/rendered_pck_type0_probe/SHAPCK_TBL/render_manifest.json
pck_type0_probe,TERPCK_TBL.decoded.bin,pck_object_0002,,392,128,pck_vector_model_probe,,,,,research/extract/rendered_pck_type0_probe/TERPCK_TBL/TERPCK_TBL_pck_object_0002_type0_probe.png,784,256,4,d532f906d958009feb064dcbcef6c099cd2f47c0533b0e6ed9a33ae32d202177,11270,88e0760854181816ed8d3ec64cd15f84b80054bb60d7435086df22611e743b0f,research/extract/decoded_pck/TERPCK_TBL.decoded.bin,research/extract/rendered_pck_type0_probe/TERPCK_TBL/render_manifest.json
pck_type0_probe,TERPCK_TBL.decoded.bin,pck_object_0004,,392,128,pck_vector_model_probe,,,,,research/extract/rendered_pck_type0_probe/TERPCK_TBL/TERPCK_TBL_pck_object_0004_type0_probe.png,784,256,4,e231ff1ab2ac35f2a93b06cd13210f1eb771f830501b5c748ca103ac34a4bcaa,11270,88e0760854181816ed8d3ec64cd15f84b80054bb60d7435086df22611e743b0f,research/extract/decoded_pck/TERPCK_TBL.decoded.bin,research/extract/rendered_pck_type0_probe/TERPCK_TBL/render_manifest.json
pck_type0_probe,TERPCK_TBL.decoded.bin,pck_object_0005,,392,128,pck_vector_model_probe,,,,,research/extract/rendered_pck_type0_probe/TERPCK_TBL/TERPCK_TBL_pck_object_0005_type0_probe.png,784,256,4,010d8f72eb2393d852f4f19af11fdeb6f74ad1ade3748f9aa2aada41c6981cff,11270,88e0760854181816ed8d3ec64cd15f84b80054bb60d7435086df22611e743b0f,research/extract/decoded_pck/TERPCK_TBL.decoded.bin,research/extract/rendered_pck_type0_probe/TERPCK_TBL/render_manifest.json
pck_type0_probe,TERPCK_TBL.decoded.bin,pck_object_0008,,392,128,pck_vector_model_probe,,,,,research/extract/rendered_pck_type0_probe/TERPCK_TBL/TERPCK_TBL_pck_object_0008_type0_probe.png,784,256,4,31e68a364474de837f019256be65101ed9a0f56f3de8e13da8661d8437f02366,11270,88e0760854181816ed8d3ec64cd15f84b80054bb60d7435086df22611e743b0f,research/extract/decoded_pck/TERPCK_TBL.decoded.bin,research/extract/rendered_pck_type0_probe/TERPCK_TBL/render_manifest.json
pck_type0_probe,TERPCK_TBL.decoded.bin,pck_object_0009,,392,128,pck_vector_model_probe,,,,,research/extract/rendered_pck_type0_probe/TERPCK_TBL/TERPCK_TBL_pck_object_0009_type0_probe.png,784,256,4,548bea609270cc1b346c1b910c7cacf53580dc2ec6e95e7e7bff5c0628670240,11270,88e0760854181816ed8d3ec64cd15f84b80054bb60d7435086df22611e743b0f,research/extract/decoded_pck/TERPCK_TBL.decoded.bin,research/extract/rendered_pck_type0_probe/TERPCK_TBL/render_manifest.json
pck_type0_probe,TERPCK_TBL.decoded.bin,pck_object_0010,,392,128,pck_vector_model_probe,,,,,research/extract/rendered_pck_type0_probe/TERPCK_TBL/TERPCK_TBL_pck_object_0010_type0_probe.png,784,256,4,bd26d20739784f606e5c6a9654680fb2f501100e94bf7bf0bd2bfccc2ef552e1,11270,88e0760854181816ed8d3ec64cd15f84b80054bb60d7435086df22611e743b0f,research/extract/decoded_pck/TERPCK_TBL.decoded.bin,research/extract/rendered_pck_type0_probe/TERPCK_TBL/render_manifest.json
pck_type0_probe,TERPCK_TBL.decoded.bin,pck_object_0014,,392,128,pck_vector_model_probe,,,,,research/extract/rendered_pck_type0_probe/TERPCK_TBL/TERPCK_TBL_pck_object_0014_type0_probe.png,784,256,4,d7bc3b2f73e151ffeb59705cfefef2c46d2addfb7206f21360c07874591f32ad,11270,88e0760854181816ed8d3ec64cd15f84b80054bb60d7435086df22611e743b0f,research/extract/decoded_pck/TERPCK_TBL.decoded.bin,research/extract/rendered_pck_type0_probe/TERPCK_TBL/render_manifest.json
pck_type0_probe,TERPCK_TBL.decoded.bin,pck_object_0017,,392,128,pck_vector_model_probe,,,,,research/extract/rendered_pck_type0_probe/TERPCK_TBL/TERPCK_TBL_pck_object_0017_type0_probe.png,784,256,4,e8c5e6176bab1ab08aa182d770308bbd4cfdd825d5b1ffeb6bf5b047a881bae3,11270,88e0760854181816ed8d3ec64cd15f84b80054bb60d7435086df22611e743b0f,research/extract/decoded_pck/TERPCK_TBL.decoded.bin,research/extract/rendered_pck_type0_probe/TERPCK_TBL/render_manifest.json
