source_file,id,object_id,part_id,frame_table_id,part_index,choice_index,frame_index,frame_abs_hex,threshold,frame_type,payload_abs_hex,record_8_hex,payload_16_hex
C:/Users/MadCat/Documents/GitHub/MechwarriorRecomp/research/extract/decoded_pck/BMAPCK_TBL.decoded.bin,pck_object_0005_part_000_choice_000_frame_000,pck_object_0005,pck_object_0005_part_000,pck_object_0005_part_000_choice_000,0,0,0,0x001183,0,1,0x001185,0001070181080008,07018108000808060C01810800000009
C:/Users/MadCat/Documents/GitHub/MechwarriorRecomp/research/extract/decoded_pck/BMAPCK_TBL.decoded.bin,pck_object_0005_part_001_choice_000_frame_000,pck_object_0005,pck_object_0005_part_001,pck_object_0005_part_001_choice_000,1,0,0,0x001583,0,71,0x001585,0047FFCCFFA6014A,FFCCFFA6014AFFB7FFA0000FFFADFFA0
C:/Users/MadCat/Documents/GitHub/MechwarriorRecomp/research/extract/decoded_pck/BMAPCK_TBL.decoded.bin,pck_object_0005_part_002_choice_000_frame_000,pck_object_0005,pck_object_0005_part_002,pck_object_0005_part_002_choice_000,2,0,0,0x000D83,23,22,0x000D85,171623FF101C1D11,23FF101C1D11FF111D1F12FF121F2113
C:/Users/MadCat/Documents/GitHub/MechwarriorRecomp/research/extract/decoded_pck/BMAPCK_TBL.decoded.bin,pck_object_0005_part_002_choice_000_frame_001,pck_object_0005,pck_object_0005_part_002,pck_object_0005_part_002_choice_000,2,0,1,0x000D8B,255,17,0x000D8D,FF111D1F12FF121F,1D1F12FF121F2113FF13212314FF0100
C:/Users/MadCat/Documents/GitHub/MechwarriorRecomp/research/extract/decoded_pck/BMAPCK_TBL.decoded.bin,pck_object_0006_part_000_choice_000_frame_000,pck_object_0006,pck_object_0006_part_000,pck_object_0006_part_000_choice_000,0,0,0,0x000DC5,0,0,0x000DC7,000002001B00001D,02001B00001D2B000100D9000E1D2B00
C:/Users/MadCat/Documents/GitHub/MechwarriorRecomp/research/extract/decoded_pck/BMAPCK_TBL.decoded.bin,pck_object_0006_part_000_choice_000_frame_001,pck_object_0006,pck_object_0006_part_000,pck_object_0006_part_000_choice_000,0,0,1,0x000DCD,43,0,0x000DCF,2B000100D9000E1D,0100D9000E1D2B000100260159F44801
C:/Users/MadCat/Documents/GitHub/MechwarriorRecomp/research/extract/decoded_pck/BMAPCK_TBL.decoded.bin,pck_object_0006_part_000_choice_000_frame_002,pck_object_0006,pck_object_0006_part_000,pck_object_0006_part_000_choice_000,0,0,2,0x000DD5,43,0,0x000DD7,2B000100260159F4,0100260159F448013EFF4600C50281F8
C:/Users/MadCat/Documents/GitHub/MechwarriorRecomp/research/extract/decoded_pck/BMAPCK_TBL.decoded.bin,pck_object_0006_part_000_choice_000_frame_003,pck_object_0006,pck_object_0006_part_000,pck_object_0006_part_000_choice_000,0,0,3,0x000DDD,72,1,0x000DDF,48013EFF4600C502,3EFF4600C50281F83EFF5F00A0FF46FF
C:/Users/MadCat/Documents/GitHub/MechwarriorRecomp/research/extract/decoded_pck/BMAPCK_TBL.decoded.bin,pck_object_0006_part_000_choice_000_frame_004,pck_object_0006,pck_object_0006_part_000,pck_object_0006_part_000_choice_000,0,0,4,0x000DE5,129,248,0x000DE7,81F83EFF5F00A0FF,3EFF5F00A0FF46FFAA00BCFF1EFFAE00
C:/Users/MadCat/Documents/GitHub/MechwarriorRecomp/research/extract/decoded_pck/BMAPCK_TBL.decoded.bin,pck_object_0006_part_000_choice_000_frame_005,pck_object_0006,pck_object_0006_part_000,pck_object_0006_part_000_choice_000,0,0,5,0x000DED,70,255,0x000DEF,46FFAA00BCFF1EFF,AA00BCFF1EFFAE00BCFF16FF6200A0FF
C:/Users/MadCat/Documents/GitHub/MechwarriorRecomp/research/extract/decoded_pck/BMAPCK_TBL.decoded.bin,pck_object_0006_part_000_choice_000_frame_006,pck_object_0006,pck_object_0006_part_000,pck_object_0006_part_000_choice_000,0,0,6,0x000DF5,174,0,0x000DF7,AE00BCFF16FF6200,BCFF16FF6200A0FF71FF89F830FD3FFF
C:/Users/MadCat/Documents/GitHub/MechwarriorRecomp/research/extract/decoded_pck/BMAPCK_TBL.decoded.bin,pck_object_0006_part_000_choice_000_frame_007,pck_object_0006,pck_object_0006_part_000,pck_object_0006_part_000_choice_000,0,0,7,0x000DFD,160,255,0x000DFF,A0FF71FF89F830FD,71FF89F830FD3FFF06008C0004FF0C00
C:/Users/MadCat/Documents/GitHub/MechwarriorRecomp/research/extract/decoded_pck/BMAPCK_TBL.decoded.bin,pck_object_0006_part_001_choice_000_frame_000,pck_object_0006,pck_object_0006_part_001,pck_object_0006_part_001_choice_000,1,0,0,0x000EBE,3,4,0x000EC0,030405FF07020508,05FF07020508FF0805040AFF0A04030C
C:/Users/MadCat/Documents/GitHub/MechwarriorRecomp/research/extract/decoded_pck/BMAPCK_TBL.decoded.bin,pck_object_0006_part_001_choice_000_frame_001,pck_object_0006,pck_object_0006_part_001,pck_object_0006_part_001_choice_000,1,0,1,0x000EC6,255,8,0x000EC8,FF0805040AFF0A04,05040AFF0A04030CFF0C030207FF0100
C:/Users/MadCat/Documents/GitHub/MechwarriorRecomp/research/extract/decoded_pck/BMAPCK_TBL.decoded.bin,pck_object_0006_part_001_choice_000_frame_002,pck_object_0006,pck_object_0006_part_001,pck_object_0006_part_001_choice_000,1,0,2,0x000ECE,3,12,0x000ED0,030CFF0C030207FF,FF0C030207FF01002A01000006003201
C:/Users/MadCat/Documents/GitHub/MechwarriorRecomp/research/extract/decoded_pck/BMAPCK_TBL.decoded.bin,pck_object_0006_part_001_choice_000_frame_003,pck_object_0006,pck_object_0006_part_001,pck_object_0006_part_001_choice_000,1,0,3,0x000ED6,1,0,0x000ED8,01002A0100000600,2A01000006003201005A81090001010F
C:/Users/MadCat/Documents/GitHub/MechwarriorRecomp/research/extract/decoded_pck/BMAPCK_TBL.decoded.bin,pck_object_0006_part_001_choice_000_frame_004,pck_object_0006,pck_object_0006_part_001,pck_object_0006_part_001_choice_000,1,0,4,0x000EDE,50,1,0x000EE0,3201005A81090001,005A81090001010F6201810900010115
C:/Users/MadCat/Documents/GitHub/MechwarriorRecomp/research/extract/decoded_pck/BMAPCK_TBL.decoded.bin,pck_object_0006_part_001_choice_000_frame_005,pck_object_0006,pck_object_0006_part_001,pck_object_0006_part_001_choice_000,1,0,5,0x000EE6,1,15,0x000EE8,010F620181090001,62018109000101156801810900000019
C:/Users/MadCat/Documents/GitHub/MechwarriorRecomp/research/extract/decoded_pck/BMAPCK_TBL.decoded.bin,pck_object_0006_part_001_choice_000_frame_006,pck_object_0006,pck_object_0006_part_001,pck_object_0006_part_001_choice_000,1,0,6,0x000EEE,1,21,0x000EF0,0115680181090000,68018109000000196E0181090009091A
C:/Users/MadCat/Documents/GitHub/MechwarriorRecomp/research/extract/decoded_pck/BMAPCK_TBL.decoded.bin,pck_object_0006_part_001_choice_000_frame_007,pck_object_0006,pck_object_0006_part_001,pck_object_0006_part_001_choice_000,1,0,7,0x000EF6,0,25,0x000EF8,00196E0181090009,6E0181090009091A730181090008081B
C:/Users/MadCat/Documents/GitHub/MechwarriorRecomp/research/extract/decoded_pck/BMAPCK_TBL.decoded.bin,pck_object_0006_part_001_choice_000_frame_008,pck_object_0006,pck_object_0006_part_001,pck_object_0006_part_001_choice_000,1,0,8,0x000EFE,9,26,0x000F00,091A730181090008,730181090008081B780181090000001C
C:/Users/MadCat/Documents/GitHub/MechwarriorRecomp/research/extract/decoded_pck/BMAPCK_TBL.decoded.bin,pck_object_0007_part_000_choice_000_frame_000,pck_object_0007,pck_object_0007_part_000,pck_object_0007_part_000_choice_000,0,0,0,0x000F32,128,0,0x000F34,8000E00100000000,E00100000000000002001000001D2000
C:/Users/MadCat/Documents/GitHub/MechwarriorRecomp/research/extract/decoded_pck/BMAPCK_TBL.decoded.bin,pck_object_0007_part_000_choice_000_frame_001,pck_object_0007,pck_object_0007_part_000,pck_object_0007_part_000_choice_000,0,0,1,0x000F3A,0,0,0x000F3C,000002001000001D,02001000001D20000100CE000E1D2000
C:/Users/MadCat/Documents/GitHub/MechwarriorRecomp/research/extract/decoded_pck/BMAPCK_TBL.decoded.bin,pck_object_0007_part_000_choice_000_frame_002,pck_object_0007,pck_object_0007_part_000,pck_object_0007_part_000_choice_000,0,0,2,0x000F42,32,0,0x000F44,20000100CE000E1D,0100CE000E1D200001001B0189F47902
C:/Users/MadCat/Documents/GitHub/MechwarriorRecomp/research/extract/decoded_pck/BMAPCK_TBL.decoded.bin,pck_object_0007_part_000_choice_000_frame_003,pck_object_0007,pck_object_0007_part_000,pck_object_0007_part_000_choice_000,0,0,3,0x000F4A,32,0,0x000F4C,200001001B0189F4,01001B0189F4790253FFCC00740467F9
C:/Users/MadCat/Documents/GitHub/MechwarriorRecomp/research/extract/decoded_pck/BMAPCK_TBL.decoded.bin,pck_object_0007_part_000_choice_000_frame_004,pck_object_0007,pck_object_0007_part_000,pck_object_0007_part_000_choice_000,0,0,4,0x000F52,121,2,0x000F54,790253FFCC007404,53FFCC00740467F956FFC100C6FF62FF
C:/Users/MadCat/Documents/GitHub/MechwarriorRecomp/research/extract/decoded_pck/BMAPCK_TBL.decoded.bin,pck_object_0007_part_000_choice_000_frame_005,pck_object_0007,pck_object_0007_part_000,pck_object_0007_part_000_choice_000,0,0,5,0x000F5A,103,249,0x000F5C,67F956FFC100C6FF,56FFC100C6FF62FF0301F4FF3BFF0A01
C:/Users/MadCat/Documents/GitHub/MechwarriorRecomp/research/extract/decoded_pck/BMAPCK_TBL.decoded.bin,pck_object_0007_part_000_choice_000_frame_006,pck_object_0007,pck_object_0007_part_000,pck_object_0007_part_000_choice_000,0,0,6,0x000F62,98,255,0x000F64,62FF0301F4FF3BFF,0301F4FF3BFF0A01F4FF2EFFC800C6FF
C:/Users/MadCat/Documents/GitHub/MechwarriorRecomp/research/extract/decoded_pck/BMAPCK_TBL.decoded.bin,pck_object_0007_part_000_choice_000_frame_007,pck_object_0007,pck_object_0007_part_000,pck_object_0007_part_000_choice_000,0,0,7,0x000F6A,10,1,0x000F6C,0A01F4FF2EFFC800,F4FF2EFFC800C6FFD8FE62F9A9FB45FF
C:/Users/MadCat/Documents/GitHub/MechwarriorRecomp/research/extract/decoded_pck/BMAPCK_TBL.decoded.bin,pck_object_0007_part_000_choice_000_frame_008,pck_object_0007,pck_object_0007_part_000,pck_object_0007_part_000_choice_000,0,0,8,0x000F72,198,255,0x000F74,C6FFD8FE62F9A9FB,D8FE62F9A9FB45FF3500A0000AFF3F00
C:/Users/MadCat/Documents/GitHub/MechwarriorRecomp/research/extract/decoded_pck/BMAPCK_TBL.decoded.bin,pck_object_0007_part_000_choice_000_frame_009,pck_object_0007,pck_object_0007_part_000,pck_object_0007_part_000_choice_000,0,0,9,0x000F7A,69,255,0x000F7C,45FF3500A0000AFF,3500A0000AFF3F00A00030F8B201C7FF
C:/Users/MadCat/Documents/GitHub/MechwarriorRecomp/research/extract/decoded_pck/BMAPCK_TBL.decoded.bin,pck_object_0007_part_000_choice_000_frame_010,pck_object_0007,pck_object_0007_part_000,pck_object_0007_part_000_choice_000,0,0,10,0x000F82,63,0,0x000F84,3F00A00030F8B201,A00030F8B201C7FF19FF8400BE002A01
C:/Users/MadCat/Documents/GitHub/MechwarriorRecomp/research/extract/decoded_pck/BMAPCK_TBL.decoded.bin,pck_object_0007_part_000_choice_000_frame_011,pck_object_0007,pck_object_0007_part_000,pck_object_0007_part_000_choice_000,0,0,11,0x000F8A,199,255,0x000F8C,C7FF19FF8400BE00,19FF8400BE002A018006820454FF7900
C:/Users/MadCat/Documents/GitHub/MechwarriorRecomp/research/extract/decoded_pck/BMAPCK_TBL.decoded.bin,pck_object_0007_part_000_choice_000_frame_012,pck_object_0007,pck_object_0007_part_000,pck_object_0007_part_000_choice_000,0,0,12,0x000F92,42,1,0x000F94,2A018006820454FF,8006820454FF7900BE00E607C5FEB5FF
C:/Users/MadCat/Documents/GitHub/MechwarriorRecomp/research/extract/decoded_pck/BMAPCK_TBL.decoded.bin,pck_object_0007_part_000_choice_000_frame_013,pck_object_0007,pck_object_0007_part_000,pck_object_0007_part_000_choice_000,0,0,13,0x000F9A,121,0,0x000F9C,7900BE00E607C5FE,BE00E607C5FEB5FF4EF85C01FEFFA2FE
C:/Users/MadCat/Documents/GitHub/MechwarriorRecomp/research/extract/decoded_pck/BMAPCK_TBL.decoded.bin,pck_object_0007_part_000_choice_000_frame_014,pck_object_0007,pck_object_0007_part_000,pck_object_0007_part_000_choice_000,0,0,14,0x000FA2,181,255,0x000FA4,B5FF4EF85C01FEFF,4EF85C01FEFFA2FEA9F823FD37FFD9FF
C:/Users/MadCat/Documents/GitHub/MechwarriorRecomp/research/extract/decoded_pck/BMAPCK_TBL.decoded.bin,pck_object_0007_part_000_choice_000_frame_015,pck_object_0007,pck_object_0007_part_000,pck_object_0007_part_000_choice_000,0,0,15,0x000FAA,162,254,0x000FAC,A2FEA9F823FD37FF,A9F823FD37FFD9FF910147FF3400A000
C:/Users/MadCat/Documents/GitHub/MechwarriorRecomp/research/extract/decoded_pck/BMAPCK_TBL.decoded.bin,pck_object_0007_part_000_choice_000_frame_016,pck_object_0007,pck_object_0007_part_000,pck_object_0007_part_000_choice_000,0,0,16,0x000FB2,217,255,0x000FB4,D9FF910147FF3400,910147FF3400A0000CFF3F00A000EEFE
C:/Users/MadCat/Documents/GitHub/MechwarriorRecomp/research/extract/decoded_pck/BMAPCK_TBL.decoded.bin,pck_object_0007_part_000_choice_000_frame_017,pck_object_0007,pck_object_0007_part_000,pck_object_0007_part_000_choice_000,0,0,17,0x000FBA,160,0,0x000FBC,A0000CFF3F00A000,0CFF3F00A000EEFE0B002A01FDFEEAFF
C:/Users/MadCat/Documents/GitHub/MechwarriorRecomp/research/extract/decoded_pck/BMAPCK_TBL.decoded.bin,pck_object_0007_part_000_choice_000_frame_018,pck_object_0007,pck_object_0007_part_000,pck_object_0007_part_000_choice_000,0,0,18,0x000FC2,238,254,0x000FC4,EEFE0B002A01FDFE,0B002A01FDFEEAFF7F012E016907C502
C:/Users/MadCat/Documents/GitHub/MechwarriorRecomp/research/extract/decoded_pck/BMAPCK_TBL.decoded.bin,pck_object_0007_part_000_choice_000_frame_019,pck_object_0007,pck_object_0007_part_000,pck_object_0007_part_000_choice_000,0,0,19,0x000FCA,234,255,0x000FCC,EAFF7F012E016907,7F012E016907C5020BFF34009A01FDFE
C:/Users/MadCat/Documents/GitHub/MechwarriorRecomp/research/extract/decoded_pck/BMAPCK_TBL.decoded.bin,pck_object_0007_part_000_choice_000_frame_020,pck_object_0007,pck_object_0007_part_000,pck_object_0007_part_000_choice_000,0,0,20,0x000FD2,197,2,0x000FD4,C5020BFF34009A01,0BFF34009A01FDFE5600450145FF2300
C:/Users/MadCat/Documents/GitHub/MechwarriorRecomp/research/extract/decoded_pck/BMAPCK_TBL.decoded.bin,pck_object_0007_part_000_choice_000_frame_021,pck_object_0007,pck_object_0007_part_000,pck_object_0007_part_000_choice_000,0,0,21,0x000FDA,253,254,0x000FDC,FDFE5600450145FF,5600450145FF2300AD010FFDF3FD2607
C:/Users/MadCat/Documents/GitHub/MechwarriorRecomp/research/extract/decoded_pck/BMAPCK_TBL.decoded.bin,pck_object_0007_part_000_choice_000_frame_022,pck_object_0007,pck_object_0007_part_000,pck_object_0007_part_000_choice_000,0,0,22,0x000FE2,35,0,0x000FE4,2300AD010FFDF3FD,AD010FFDF3FD26073CF8F400A90149F8
C:/Users/MadCat/Documents/GitHub/MechwarriorRecomp/research/extract/decoded_pck/BMAPCK_TBL.decoded.bin,pck_object_0007_part_000_choice_000_frame_023,pck_object_0007,pck_object_0007_part_000,pck_object_0007_part_000_choice_000,0,0,23,0x000FEA,38,7,0x000FEC,26073CF8F400A901,3CF8F400A90149F8DF010AFFDC0787FE
C:/Users/MadCat/Documents/GitHub/MechwarriorRecomp/research/extract/decoded_pck/BMAPCK_TBL.decoded.bin,pck_object_0007_part_000_choice_000_frame_024,pck_object_0007,pck_object_0007_part_000,pck_object_0007_part_000_choice_000,0,0,24,0x000FF2,73,248,0x000FF4,49F8DF010AFFDC07,DF010AFFDC0787FEF7FF0100D2000000
C:/Users/MadCat/Documents/GitHub/MechwarriorRecomp/research/extract/decoded_pck/BMAPCK_TBL.decoded.bin,pck_object_0007_part_000_choice_000_frame_025,pck_object_0007,pck_object_0007_part_000,pck_object_0007_part_000_choice_000,0,0,25,0x000FFA,135,254,0x000FFC,87FEF7FF0100D200,F7FF0100D20000000500DA0050008108
C:/Users/MadCat/Documents/GitHub/MechwarriorRecomp/research/extract/decoded_pck/BMAPCK_TBL.decoded.bin,pck_object_0007_part_000_choice_000_frame_026,pck_object_0007,pck_object_0007_part_000,pck_object_0007_part_000_choice_000,0,0,26,0x001002,0,0,0x001004,00000500DA005000,0500DA00500081080008000102018108
C:/Users/MadCat/Documents/GitHub/MechwarriorRecomp/research/extract/decoded_pck/BMAPCK_TBL.decoded.bin,pck_object_0007_part_000_choice_000_frame_027,pck_object_0007,pck_object_0007_part_000,pck_object_0007_part_000_choice_000,0,0,27,0x00100A,129,8,0x00100C,8108000800010201,00080001020181080008080607018108
C:/Users/MadCat/Documents/GitHub/MechwarriorRecomp/research/extract/decoded_pck/BMAPCK_TBL.decoded.bin,pck_object_0007_part_000_choice_000_frame_028,pck_object_0007,pck_object_0007_part_000,pck_object_0007_part_000_choice_000,0,0,28,0x001012,129,8,0x001014,8108000808060701,0008080607018108000000090C018108
C:/Users/MadCat/Documents/GitHub/MechwarriorRecomp/research/extract/decoded_pck/BMAPCK_TBL.decoded.bin,pck_object_0007_part_000_choice_000_frame_029,pck_object_0007,pck_object_0007_part_000,pck_object_0007_part_000_choice_000,0,0,29,0x00101A,129,8,0x00101C,8108000000090C01,000000090C0181080008080B11018108
C:/Users/MadCat/Documents/GitHub/MechwarriorRecomp/research/extract/decoded_pck/BMAPCK_TBL.decoded.bin,pck_object_0007_part_000_choice_000_frame_030,pck_object_0007,pck_object_0007_part_000,pck_object_0007_part_000_choice_000,0,0,30,0x001022,129,8,0x001024,81080008080B1101,0008080B110181080000000D16010203
C:/Users/MadCat/Documents/GitHub/MechwarriorRecomp/research/extract/decoded_pck/BMAPCK_TBL.decoded.bin,pck_object_0007_part_000_choice_000_frame_031,pck_object_0007,pck_object_0007_part_000,pck_object_0007_part_000_choice_000,0,0,31,0x00102A,129,8,0x00102C,81080000000D1601,0000000D160102030405FF07020508FF
C:/Users/MadCat/Documents/GitHub/MechwarriorRecomp/research/extract/decoded_pck/BMAPCK_TBL.decoded.bin,pck_object_0007_part_000_choice_000_frame_032,pck_object_0007,pck_object_0007_part_000,pck_object_0007_part_000_choice_000,0,0,32,0x001032,2,3,0x001034,02030405FF070205,0405FF07020508FF0805040AFF0A0403
C:/Users/MadCat/Documents/GitHub/MechwarriorRecomp/research/extract/decoded_pck/BMAPCK_TBL.decoded.bin,pck_object_0007_part_000_choice_000_frame_033,pck_object_0007,pck_object_0007_part_000,pck_object_0007_part_000_choice_000,0,0,33,0x00103A,8,255,0x00103C,08FF0805040AFF0A,0805040AFF0A04030CFF0C030207FF01
C:/Users/MadCat/Documents/GitHub/MechwarriorRecomp/research/extract/decoded_pck/BMAPCK_TBL.decoded.bin,pck_object_0007_part_000_choice_000_frame_034,pck_object_0007,pck_object_0007_part_000,pck_object_0007_part_000_choice_000,0,0,34,0x001042,4,3,0x001044,04030CFF0C030207,0CFF0C030207FF01001F010000060027
C:/Users/MadCat/Documents/GitHub/MechwarriorRecomp/research/extract/decoded_pck/BMAPCK_TBL.decoded.bin,pck_object_0007_part_000_choice_000_frame_035,pck_object_0007,pck_object_0007_part_000,pck_object_0007_part_000_choice_000,0,0,35,0x00104A,255,1,0x00104C,FF01001F01000006,001F01000006002701005A8109000101
C:/Users/MadCat/Documents/GitHub/MechwarriorRecomp/research/extract/decoded_pck/BMAPCK_TBL.decoded.bin,pck_object_0007_part_000_choice_000_frame_036,pck_object_0007,pck_object_0007_part_000,pck_object_0007_part_000_choice_000,0,0,36,0x001052,0,39,0x001054,002701005A810900,01005A81090001010F57018109000101
C:/Users/MadCat/Documents/GitHub/MechwarriorRecomp/research/extract/decoded_pck/BMAPCK_TBL.decoded.bin,pck_object_0007_part_000_choice_000_frame_037,pck_object_0007,pck_object_0007_part_000,pck_object_0007_part_000_choice_000,0,0,37,0x00105A,1,1,0x00105C,01010F5701810900,0F57018109000101155D018109000000
C:/Users/MadCat/Documents/GitHub/MechwarriorRecomp/research/extract/decoded_pck/BMAPCK_TBL.decoded.bin,pck_object_0007_part_000_choice_000_frame_038,pck_object_0007,pck_object_0007_part_000,pck_object_0007_part_000_choice_000,0,0,38,0x001062,1,1,0x001064,0101155D01810900,155D0181090000001963018109000909
C:/Users/MadCat/Documents/GitHub/MechwarriorRecomp/research/extract/decoded_pck/BMAPCK_TBL.decoded.bin,pck_object_0007_part_000_choice_000_frame_039,pck_object_0007,pck_object_0007_part_000,pck_object_0007_part_000_choice_000,0,0,39,0x00106A,0,0,0x00106C,0000196301810900,19630181090009091A68018109000808
C:/Users/MadCat/Documents/GitHub/MechwarriorRecomp/research/extract/decoded_pck/BMAPCK_TBL.decoded.bin,pck_object_0007_part_000_choice_000_frame_040,pck_object_0007,pck_object_0007_part_000,pck_object_0007_part_000_choice_000,0,0,40,0x001072,9,9,0x001074,09091A6801810900,1A680181090008081B6D018109000000
C:/Users/MadCat/Documents/GitHub/MechwarriorRecomp/research/extract/decoded_pck/BMAPCK_TBL.decoded.bin,pck_object_0007_part_000_choice_000_frame_041,pck_object_0007,pck_object_0007_part_000,pck_object_0007_part_000_choice_000,0,0,41,0x00107A,8,8,0x00107C,08081B6D01810900,1B6D0181090000001C72011011121314
C:/Users/MadCat/Documents/GitHub/MechwarriorRecomp/research/extract/decoded_pck/BMAPCK_TBL.decoded.bin,pck_object_0007_part_000_choice_000_frame_042,pck_object_0007,pck_object_0007_part_000,pck_object_0007_part_000_choice_000,0,0,42,0x001082,0,0,0x001084,00001C7201101112,1C72011011121314FF16170A0C18FF14
C:/Users/MadCat/Documents/GitHub/MechwarriorRecomp/research/extract/decoded_pck/BMAPCK_TBL.decoded.bin,pck_object_0007_part_000_choice_000_frame_043,pck_object_0007,pck_object_0007_part_000,pck_object_0007_part_000_choice_000,0,0,43,0x00108A,19,20,0x00108C,1314FF16170A0C18,FF16170A0C18FF14161810FF13171614
C:/Users/MadCat/Documents/GitHub/MechwarriorRecomp/research/extract/decoded_pck/BMAPCK_TBL.decoded.bin,pck_object_0007_part_000_choice_000_frame_044,pck_object_0007,pck_object_0007_part_000,pck_object_0007_part_000_choice_000,0,0,44,0x001092,255,20,0x001094,FF14161810FF1317,161810FF13171614FF120A1713FF1018
C:/Users/MadCat/Documents/GitHub/MechwarriorRecomp/research/extract/decoded_pck/BMAPCK_TBL.decoded.bin,pck_object_0007_part_000_choice_000_frame_045,pck_object_0007,pck_object_0007_part_000,pck_object_0007_part_000_choice_000,0,0,45,0x00109A,22,20,0x00109C,1614FF120A1713FF,FF120A1713FF10180C11FF8000D80100
C:/Users/MadCat/Documents/GitHub/MechwarriorRecomp/research/extract/decoded_pck/BMAPCK_TBL.decoded.bin,pck_object_0007_part_000_choice_000_frame_046,pck_object_0007,pck_object_0007_part_000,pck_object_0007_part_000_choice_000,0,0,46,0x0010A2,16,24,0x0010A4,10180C11FF8000D8,0C11FF8000D801000000000000020015
C:/Users/MadCat/Documents/GitHub/MechwarriorRecomp/research/extract/decoded_pck/BMAPCK_TBL.decoded.bin,pck_object_0007_part_000_choice_000_frame_047,pck_object_0007,pck_object_0007_part_000,pck_object_0007_part_000_choice_000,0,0,47,0x0010AA,1,0,0x0010AC,0100000000000002,000000000002001500001D25000100D3
C:/Users/MadCat/Documents/GitHub/MechwarriorRecomp/research/extract/decoded_pck/BMAPCK_TBL.decoded.bin,pck_object_0007_part_000_choice_000_frame_048,pck_object_0007,pck_object_0007_part_000,pck_object_0007_part_000_choice_000,0,0,48,0x0010B2,0,21,0x0010B4,001500001D250001,00001D25000100D3000E1D2500010020
C:/Users/MadCat/Documents/GitHub/MechwarriorRecomp/research/extract/decoded_pck/BMAPCK_TBL.decoded.bin,pck_object_0007_part_000_choice_000_frame_049,pck_object_0007,pck_object_0007_part_000,pck_object_0007_part_000_choice_000,0,0,49,0x0010BA,0,211,0x0010BC,00D3000E1D250001,000E1D2500010020015EF4860161FF80
C:/Users/MadCat/Documents/GitHub/MechwarriorRecomp/research/extract/decoded_pck/BMAPCK_TBL.decoded.bin,pck_object_0007_part_000_choice_000_frame_050,pck_object_0007,pck_object_0007_part_000,pck_object_0007_part_000_choice_000,0,0,50,0x0010C2,0,32,0x0010C4,0020015EF4860161,015EF4860161FF80000905CFF947FFC6
C:/Users/MadCat/Documents/GitHub/MechwarriorRecomp/research/extract/decoded_pck/BMAPCK_TBL.decoded.bin,pck_object_0007_part_000_choice_000_frame_051,pck_object_0007,pck_object_0007_part_000,pck_object_0007_part_000_choice_000,0,0,51,0x0010CA,255,128,0x0010CC,FF80000905CFF947,000905CFF947FFC600C6FF4EFF0401F9
C:/Users/MadCat/Documents/GitHub/MechwarriorRecomp/research/extract/decoded_pck/BMAPCK_TBL.decoded.bin,pck_object_0007_part_000_choice_000_frame_052,pck_object_0007,pck_object_0007_part_000,pck_object_0007_part_000_choice_000,0,0,52,0x0010D2,255,198,0x0010D4,FFC600C6FF4EFF04,00C6FF4EFF0401F9FF26FF0801F9FF1F
C:/Users/MadCat/Documents/GitHub/MechwarriorRecomp/research/extract/decoded_pck/BMAPCK_TBL.decoded.bin,pck_object_0007_part_000_choice_000_frame_053,pck_object_0007,pck_object_0007_part_000,pck_object_0007_part_000_choice_000,0,0,53,0x0010DA,1,249,0x0010DC,01F9FF26FF0801F9,FF26FF0801F9FF1FFFCA00C6FF63FFD6
C:/Users/MadCat/Documents/GitHub/MechwarriorRecomp/research/extract/decoded_pck/BMAPCK_TBL.decoded.bin,pck_object_0007_part_000_choice_000_frame_054,pck_object_0007,pck_object_0007_part_000,pck_object_0007_part_000_choice_000,0,0,54,0x0010E2,255,31,0x0010E4,FF1FFFCA00C6FF63,FFCA00C6FF63FFD6F9F1FA42FF24008C
C:/Users/MadCat/Documents/GitHub/MechwarriorRecomp/research/extract/decoded_pck/BMAPCK_TBL.decoded.bin,pck_object_0007_part_000_choice_000_frame_055,pck_object_0007,pck_object_0007_part_000,pck_object_0007_part_000_choice_000,0,0,55,0x0010EA,255,214,0x0010EC,FFD6F9F1FA42FF24,F9F1FA42FF24008C0006FF29008C0012
C:/Users/MadCat/Documents/GitHub/MechwarriorRecomp/research/extract/decoded_pck/BMAPCK_TBL.decoded.bin,pck_object_0007_part_000_choice_000_frame_056,pck_object_0007,pck_object_0007_part_000,pck_object_0007_part_000_choice_000,0,0,56,0x0010F2,0,140,0x0010F4,008C0006FF29008C,0006FF29008C0012F80701D7FF0EFF6F
C:/Users/MadCat/Documents/GitHub/MechwarriorRecomp/research/extract/decoded_pck/BMAPCK_TBL.decoded.bin,pck_object_0007_part_000_choice_000_frame_057,pck_object_0007,pck_object_0007_part_000,pck_object_0007_part_000_choice_000,0,0,57,0x0010FA,0,18,0x0010FC,0012F80701D7FF0E,F80701D7FF0EFF6F00B4009D00220619
C:/Users/MadCat/Documents/GitHub/MechwarriorRecomp/research/extract/decoded_pck/BMAPCK_TBL.decoded.bin,pck_object_0007_part_000_choice_000_frame_058,pck_object_0007,pck_object_0007_part_000,pck_object_0007_part_000_choice_000,0,0,58,0x001102,255,111,0x001104,FF6F00B4009D0022,00B4009D00220619054AFF6A00B400F7
C:/Users/MadCat/Documents/GitHub/MechwarriorRecomp/research/extract/decoded_pck/BMAPCK_TBL.decoded.bin,pck_object_0007_part_000_choice_000_frame_059,pck_object_0007,pck_object_0007_part_000,pck_object_0007_part_000_choice_000,0,0,59,0x00110A,6,25,0x00110C,0619054AFF6A00B4,054AFF6A00B400F70762FFA9FF37F8AE
C:/Users/MadCat/Documents/GitHub/MechwarriorRecomp/research/extract/decoded_pck/BMAPCK_TBL.decoded.bin,pck_object_0007_part_000_choice_000_frame_060,pck_object_0007,pck_object_0007_part_000,pck_object_0007_part_000_choice_000,0,0,60,0x001112,0,247,0x001114,00F70762FFA9FF37,0762FFA9FF37F8AE00FEFF61FF88F837
C:/Users/MadCat/Documents/GitHub/MechwarriorRecomp/research/extract/decoded_pck/BMAPCK_TBL.decoded.bin,pck_object_0007_part_000_choice_000_frame_061,pck_object_0007,pck_object_0007_part_000,pck_object_0007_part_000_choice_000,0,0,61,0x00111A,248,174,0x00111C,F8AE00FEFF61FF88,00FEFF61FF88F837FD3BFFC7FF870143
C:/Users/MadCat/Documents/GitHub/MechwarriorRecomp/research/extract/decoded_pck/BMAPCK_TBL.decoded.bin,pck_object_0007_part_000_choice_000_frame_062,pck_object_0007,pck_object_0007_part_000,pck_object_0007_part_000_choice_000,0,0,62,0x001122,248,55,0x001124,F837FD3BFFC7FF87,FD3BFFC7FF870143FF24008C0007FF29
C:/Users/MadCat/Documents/GitHub/MechwarriorRecomp/research/extract/decoded_pck/BMAPCK_TBL.decoded.bin,pck_object_0007_part_000_choice_000_frame_063,pck_object_0007,pck_object_0007_part_000,pck_object_0007_part_000_choice_000,0,0,63,0x00112A,1,67,0x00112C,0143FF24008C0007,FF24008C0007FF29008C00EEFEF3FF20
C:/Users/MadCat/Documents/GitHub/MechwarriorRecomp/research/extract/decoded_pck/BMAPCK_TBL.decoded.bin,pck_object_0007_part_000_choice_000_frame_064,pck_object_0007,pck_object_0007_part_000,pck_object_0007_part_000_choice_000,0,0,64,0x001132,255,41,0x001134,FF29008C00EEFEF3,008C00EEFEF3FF200100FFD4FF7501A5
C:/Users/MadCat/Documents/GitHub/MechwarriorRecomp/research/extract/decoded_pck/BMAPCK_TBL.decoded.bin,pck_object_0007_part_000_choice_000_frame_065,pck_object_0007,pck_object_0007_part_000,pck_object_0007_part_000_choice_000,0,0,65,0x00113A,255,32,0x00113C,FF200100FFD4FF75,0100FFD4FF7501A5007907C50207FF1E
C:/Users/MadCat/Documents/GitHub/MechwarriorRecomp/research/extract/decoded_pck/BMAPCK_TBL.decoded.bin,pck_object_0007_part_000_choice_000_frame_066,pck_object_0007,pck_object_0007_part_000,pck_object_0007_part_000_choice_000,0,0,66,0x001142,1,165,0x001144,01A5007907C50207,007907C50207FF1E009001F6FE3F003B
C:/Users/MadCat/Documents/GitHub/MechwarriorRecomp/research/extract/decoded_pck/BMAPCK_TBL.decoded.bin,pck_object_0007_part_000_choice_000_frame_067,pck_object_0007,pck_object_0007_part_000,pck_object_0007_part_000_choice_000,0,0,67,0x00114A,255,30,0x00114C,FF1E009001F6FE3F,009001F6FE3F003B0142FF1200A3013B
C:/Users/MadCat/Documents/GitHub/MechwarriorRecomp/research/extract/decoded_pck/BMAPCK_TBL.decoded.bin,pck_object_0007_part_000_choice_000_frame_068,pck_object_0007,pck_object_0007_part_000,pck_object_0007_part_000_choice_000,0,0,68,0x001152,0,59,0x001154,003B0142FF1200A3,0142FF1200A3013BFDAAFD21072EF83C
C:/Users/MadCat/Documents/GitHub/MechwarriorRecomp/research/extract/decoded_pck/BMAPCK_TBL.decoded.bin,pck_object_0007_part_000_choice_000_frame_069,pck_object_0007,pck_object_0007_part_000,pck_object_0007_part_000_choice_000,0,0,69,0x00115A,1,59,0x00115C,013BFDAAFD21072E,FDAAFD21072EF83C00A7012AF8500113
C:/Users/MadCat/Documents/GitHub/MechwarriorRecomp/research/extract/decoded_pck/BMAPCK_TBL.decoded.bin,pck_object_0007_part_000_choice_000_frame_070,pck_object_0007,pck_object_0007_part_000,pck_object_0007_part_000_choice_000,0,0,70,0x001162,248,60,0x001164,F83C00A7012AF850,00A7012AF8500113FFF70743FFFFFF01
C:/Users/MadCat/Documents/GitHub/MechwarriorRecomp/research/extract/decoded_pck/BMAPCK_TBL.decoded.bin,pck_object_0007_part_000_choice_000_frame_071,pck_object_0007,pck_object_0007_part_000,pck_object_0007_part_000_choice_000,0,0,71,0x00116A,1,19,0x00116C,0113FFF70743FFFF,FFF70743FFFFFF0100D70000000500DF
C:/Users/MadCat/Documents/GitHub/MechwarriorRecomp/research/extract/decoded_pck/BMAPCK_TBL.decoded.bin,pck_object_0007_part_000_choice_000_frame_072,pck_object_0007,pck_object_0007_part_000,pck_object_0007_part_000_choice_000,0,0,72,0x001172,255,1,0x001174,FF0100D700000005,00D70000000500DF0050008108000800
C:/Users/MadCat/Documents/GitHub/MechwarriorRecomp/research/extract/decoded_pck/BMAPCK_TBL.decoded.bin,pck_object_0007_part_000_choice_000_frame_073,pck_object_0007,pck_object_0007_part_000,pck_object_0007_part_000_choice_000,0,0,73,0x00117A,0,223,0x00117C,00DF005000810800,00500081080008000107018108000808
C:/Users/MadCat/Documents/GitHub/MechwarriorRecomp/research/extract/decoded_pck/BMAPCK_TBL.decoded.bin,pck_object_0007_part_000_choice_000_frame_074,pck_object_0007,pck_object_0007_part_000,pck_object_0007_part_000_choice_000,0,0,74,0x001182,8,0,0x001184,0800010701810800,0107018108000808060C018108000000
C:/Users/MadCat/Documents/GitHub/MechwarriorRecomp/research/extract/decoded_pck/BMAPCK_TBL.decoded.bin,pck_object_0007_part_000_choice_000_frame_075,pck_object_0007,pck_object_0007_part_000,pck_object_0007_part_000_choice_000,0,0,75,0x00118A,8,8,0x00118C,0808060C01810800,060C0181080000000911018108000808
C:/Users/MadCat/Documents/GitHub/MechwarriorRecomp/research/extract/decoded_pck/BMAPCK_TBL.decoded.bin,pck_object_0007_part_000_choice_000_frame_076,pck_object_0007,pck_object_0007_part_000,pck_object_0007_part_000_choice_000,0,0,76,0x001192,0,0,0x001194,0000091101810800,09110181080008080B16018108000000
C:/Users/MadCat/Documents/GitHub/MechwarriorRecomp/research/extract/decoded_pck/BMAPCK_TBL.decoded.bin,pck_object_0007_part_000_choice_000_frame_077,pck_object_0007,pck_object_0007_part_000,pck_object_0007_part_000_choice_000,0,0,77,0x00119A,8,8,0x00119C,08080B1601810800,0B160181080000000D1B0102030405FF
C:/Users/MadCat/Documents/GitHub/MechwarriorRecomp/research/extract/decoded_pck/BMAPCK_TBL.decoded.bin,pck_object_0007_part_000_choice_000_frame_078,pck_object_0007,pck_object_0007_part_000,pck_object_0007_part_000_choice_000,0,0,78,0x0011A2,0,0,0x0011A4,00000D1B01020304,0D1B0102030405FF07020508FF080504
C:/Users/MadCat/Documents/GitHub/MechwarriorRecomp/research/extract/decoded_pck/BMAPCK_TBL.decoded.bin,pck_object_0007_part_000_choice_000_frame_079,pck_object_0007,pck_object_0007_part_000,pck_object_0007_part_000_choice_000,0,0,79,0x0011AA,5,255,0x0011AC,05FF07020508FF08,07020508FF0805040AFF0A04030CFF0C
C:/Users/MadCat/Documents/GitHub/MechwarriorRecomp/research/extract/decoded_pck/BMAPCK_TBL.decoded.bin,pck_object_0007_part_000_choice_000_frame_080,pck_object_0007,pck_object_0007_part_000,pck_object_0007_part_000_choice_000,0,0,80,0x0011B2,5,4,0x0011B4,05040AFF0A04030C,0AFF0A04030CFF0C030207FF01002401
C:/Users/MadCat/Documents/GitHub/MechwarriorRecomp/research/extract/decoded_pck/BMAPCK_TBL.decoded.bin,pck_object_0007_part_000_choice_000_frame_081,pck_object_0007,pck_object_0007_part_000,pck_object_0007_part_000_choice_000,0,0,81,0x0011BA,255,12,0x0011BC,FF0C030207FF0100,030207FF01002401000006002C01005A
C:/Users/MadCat/Documents/GitHub/MechwarriorRecomp/research/extract/decoded_pck/BMAPCK_TBL.decoded.bin,pck_object_0007_part_000_choice_000_frame_082,pck_object_0007,pck_object_0007_part_000,pck_object_0007_part_000_choice_000,0,0,82,0x0011C2,36,1,0x0011C4,2401000006002C01,000006002C01005A81090001010F5C01
C:/Users/MadCat/Documents/GitHub/MechwarriorRecomp/research/extract/decoded_pck/BMAPCK_TBL.decoded.bin,pck_object_0007_part_000_choice_000_frame_083,pck_object_0007,pck_object_0007_part_000,pck_object_0007_part_000_choice_000,0,0,83,0x0011CA,0,90,0x0011CC,005A81090001010F,81090001010F5C018109000101156201
C:/Users/MadCat/Documents/GitHub/MechwarriorRecomp/research/extract/decoded_pck/BMAPCK_TBL.decoded.bin,pck_object_0007_part_000_choice_000_frame_084,pck_object_0007,pck_object_0007_part_000,pck_object_0007_part_000_choice_000,0,0,84,0x0011D2,92,1,0x0011D4,5C01810900010115,81090001011562018109000000196801
C:/Users/MadCat/Documents/GitHub/MechwarriorRecomp/research/extract/decoded_pck/BMAPCK_TBL.decoded.bin,pck_object_0007_part_000_choice_000_frame_085,pck_object_0007,pck_object_0007_part_000,pck_object_0007_part_000_choice_000,0,0,85,0x0011DA,98,1,0x0011DC,6201810900000019,810900000019680181090009091A6D01
C:/Users/MadCat/Documents/GitHub/MechwarriorRecomp/research/extract/decoded_pck/BMAPCK_TBL.decoded.bin,pck_object_0007_part_000_choice_000_frame_086,pck_object_0007,pck_object_0007_part_000,pck_object_0007_part_000_choice_000,0,0,86,0x0011E2,104,1,0x0011E4,680181090009091A,81090009091A6D0181090008081B7201
C:/Users/MadCat/Documents/GitHub/MechwarriorRecomp/research/extract/decoded_pck/BMAPCK_TBL.decoded.bin,pck_object_0007_part_000_choice_000_frame_087,pck_object_0007,pck_object_0007_part_000,pck_object_0007_part_000_choice_000,0,0,87,0x0011EA,109,1,0x0011EC,6D0181090008081B,81090008081B720181090000001C7701
C:/Users/MadCat/Documents/GitHub/MechwarriorRecomp/research/extract/decoded_pck/BMAPCK_TBL.decoded.bin,pck_object_0007_part_000_choice_000_frame_088,pck_object_0007,pck_object_0007_part_000,pck_object_0007_part_000_choice_000,0,0,88,0x0011F2,114,1,0x0011F4,720181090000001C,81090000001C77011011121314FF1617
C:/Users/MadCat/Documents/GitHub/MechwarriorRecomp/research/extract/decoded_pck/BMAPCK_TBL.decoded.bin,pck_object_0007_part_000_choice_000_frame_089,pck_object_0007,pck_object_0007_part_000,pck_object_0007_part_000_choice_000,0,0,89,0x0011FA,119,1,0x0011FC,77011011121314FF,1011121314FF16170A0C18FF14161810
C:/Users/MadCat/Documents/GitHub/MechwarriorRecomp/research/extract/decoded_pck/BMAPCK_TBL.decoded.bin,pck_object_0007_part_000_choice_000_frame_090,pck_object_0007,pck_object_0007_part_000,pck_object_0007_part_000_choice_000,0,0,90,0x001202,22,23,0x001204,16170A0C18FF1416,0A0C18FF14161810FF13171614FF120A
C:/Users/MadCat/Documents/GitHub/MechwarriorRecomp/research/extract/decoded_pck/BMAPCK_TBL.decoded.bin,pck_object_0007_part_000_choice_000_frame_091,pck_object_0007,pck_object_0007_part_000,pck_object_0007_part_000_choice_000,0,0,91,0x00120A,24,16,0x00120C,1810FF13171614FF,FF13171614FF120A1713FF10180C11FF
C:/Users/MadCat/Documents/GitHub/MechwarriorRecomp/research/extract/decoded_pck/BMAPCK_TBL.decoded.bin,pck_object_0007_part_000_choice_000_frame_092,pck_object_0007,pck_object_0007_part_000,pck_object_0007_part_000_choice_000,0,0,92,0x001212,18,10,0x001214,120A1713FF10180C,1713FF10180C11FF8000CE0100000000
C:/Users/MadCat/Documents/GitHub/MechwarriorRecomp/research/extract/decoded_pck/BMAPCK_TBL.decoded.bin,pck_object_0007_part_000_choice_000_frame_093,pck_object_0007,pck_object_0007_part_000,pck_object_0007_part_000_choice_000,0,0,93,0x00121A,17,255,0x00121C,11FF8000CE010000,8000CE0100000000000002001A00001D
C:/Users/MadCat/Documents/GitHub/MechwarriorRecomp/research/extract/decoded_pck/BMAPCK_TBL.decoded.bin,pck_object_0007_part_000_choice_000_frame_094,pck_object_0007,pck_object_0007_part_000,pck_object_0007_part_000_choice_000,0,0,94,0x001222,0,0,0x001224,0000000002001A00,000002001A00001D2A000100D8000E1D
C:/Users/MadCat/Documents/GitHub/MechwarriorRecomp/research/extract/decoded_pck/BMAPCK_TBL.decoded.bin,pck_object_0007_part_000_choice_000_frame_095,pck_object_0007,pck_object_0007_part_000,pck_object_0007_part_000_choice_000,0,0,95,0x00122A,0,29,0x00122C,001D2A000100D800,2A000100D8000E1D2A000100250148F4
C:/Users/MadCat/Documents/GitHub/MechwarriorRecomp/research/extract/decoded_pck/BMAPCK_TBL.decoded.bin,pck_object_0007_part_000_choice_000_frame_096,pck_object_0007,pck_object_0007_part_000,pck_object_0007_part_000_choice_000,0,0,96,0x001232,14,29,0x001234,0E1D2A0001002501,2A000100250148F463004DFF0000E403
C:/Users/MadCat/Documents/GitHub/MechwarriorRecomp/research/extract/decoded_pck/BMAPCK_TBL.decoded.bin,pck_object_0007_part_000_choice_000_frame_097,pck_object_0007,pck_object_0007_part_000,pck_object_0007_part_000_choice_000,0,0,97,0x00123A,72,244,0x00123C,48F463004DFF0000,63004DFF0000E40303F937FF8300A5FF
C:/Users/MadCat/Documents/GitHub/MechwarriorRecomp/research/extract/decoded_pck/BMAPCK_TBL.decoded.bin,pck_object_0007_part_000_choice_000_frame_098,pck_object_0007,pck_object_0007_part_000,pck_object_0007_part_000_choice_000,0,0,98,0x001242,228,3,0x001244,E40303F937FF8300,03F937FF8300A5FF38FFC900CCFF10FF
C:/Users/MadCat/Documents/GitHub/MechwarriorRecomp/research/extract/decoded_pck/BMAPCK_TBL.decoded.bin,pck_object_0007_part_000_choice_000_frame_099,pck_object_0007,pck_object_0007_part_000,pck_object_0007_part_000_choice_000,0,0,99,0x00124A,165,255,0x00124C,A5FF38FFC900CCFF,38FFC900CCFF10FFC900CCFF0FFF8300
C:/Users/MadCat/Documents/GitHub/MechwarriorRecomp/research/extract/decoded_pck/BMAPCK_TBL.decoded.bin,pck_object_0007_part_000_choice_000_frame_100,pck_object_0007,pck_object_0007_part_000,pck_object_0007_part_000_choice_000,0,0,100,0x001252,16,255,0x001254,10FFC900CCFF0FFF,C900CCFF0FFF8300A5FF00000BF90EFC
C:/Users/MadCat/Documents/GitHub/MechwarriorRecomp/research/extract/decoded_pck/BMAPCK_TBL.decoded.bin,pck_object_0007_part_000_choice_000_frame_101,pck_object_0007,pck_object_0007_part_000,pck_object_0007_part_000_choice_000,0,0,101,0x00125A,131,0,0x00125C,8300A5FF00000BF9,A5FF00000BF90EFC40FF00008C0004FF
C:/Users/MadCat/Documents/GitHub/MechwarriorRecomp/research/extract/decoded_pck/BMAPCK_TBL.decoded.bin,pck_object_0007_part_000_choice_000_frame_102,pck_object_0007,pck_object_0007_part_000,pck_object_0007_part_000_choice_000,0,0,102,0x001262,14,252,0x001264,0EFC40FF00008C00,40FF00008C0004FF00008C0002F83F00
C:/Users/MadCat/Documents/GitHub/MechwarriorRecomp/research/extract/decoded_pck/BMAPCK_TBL.decoded.bin,pck_object_0007_part_000_choice_000_frame_103,pck_object_0007,pck_object_0007_part_000,pck_object_0007_part_000_choice_000,0,0,103,0x00126A,4,255,0x00126C,04FF00008C0002F8,00008C0002F83F00C3FF06FF5000A000
C:/Users/MadCat/Documents/GitHub/MechwarriorRecomp/research/extract/decoded_pck/BMAPCK_TBL.decoded.bin,pck_object_0007_part_000_choice_000_frame_104,pck_object_0007,pck_object_0007_part_000,pck_object_0007_part_000_choice_000,0,0,104,0x001272,63,0,0x001274,3F00C3FF06FF5000,C3FF06FF5000A0000000F206F70342FF
C:/Users/MadCat/Documents/GitHub/MechwarriorRecomp/research/extract/decoded_pck/BMAPCK_TBL.decoded.bin,pck_object_0007_part_000_choice_000_frame_105,pck_object_0007,pck_object_0007_part_000,pck_object_0007_part_000_choice_000,0,0,105,0x00127A,160,0,0x00127C,A0000000F206F703,0000F206F70342FF5000A000FE071200
C:/Users/MadCat/Documents/GitHub/MechwarriorRecomp/research/extract/decoded_pck/BMAPCK_TBL.decoded.bin,pck_object_0007_part_000_choice_000_frame_106,pck_object_0007,pck_object_0007_part_000,pck_object_0007_part_000_choice_000,0,0,106,0x001282,66,255,0x001284,42FF5000A000FE07,5000A000FE071200ABFF30F80000FEFF
C:/Users/MadCat/Documents/GitHub/MechwarriorRecomp/research/extract/decoded_pck/BMAPCK_TBL.decoded.bin,pck_object_0007_part_000_choice_000_frame_107,pck_object_0007,pck_object_0007_part_000,pck_object_0007_part_000_choice_000,0,0,107,0x00128A,18,0,0x00128C,1200ABFF30F80000,ABFF30F80000FEFF000040F806FE41FF
C:/Users/MadCat/Documents/GitHub/MechwarriorRecomp/research/extract/decoded_pck/BMAPCK_TBL.decoded.bin,pck_object_0007_part_000_choice_000_frame_108,pck_object_0007,pck_object_0007_part_000,pck_object_0007_part_000_choice_000,0,0,108,0x001292,254,255,0x001294,FEFF000040F806FE,000040F806FE41FFC1FF830141FF0000
C:/Users/MadCat/Documents/GitHub/MechwarriorRecomp/research/extract/decoded_pck/BMAPCK_TBL.decoded.bin,pck_object_0007_part_000_choice_000_frame_109,pck_object_0007,pck_object_0007_part_000,pck_object_0007_part_000_choice_000,0,0,109,0x00129A,65,255,0x00129C,41FFC1FF830141FF,C1FF830141FF00008C0005FF00008C00
C:/Users/MadCat/Documents/GitHub/MechwarriorRecomp/research/extract/decoded_pck/BMAPCK_TBL.decoded.bin,pck_object_0007_part_000_choice_000_frame_110,pck_object_0007,pck_object_0007_part_000,pck_object_0007_part_000_choice_000,0,0,110,0x0012A2,0,0,0x0012A4,00008C0005FF0000,8C0005FF00008C00F1FEDDFF190105FF
C:/Users/MadCat/Documents/GitHub/MechwarriorRecomp/research/extract/decoded_pck/BMAPCK_TBL.decoded.bin,pck_object_0007_part_000_choice_000_frame_111,pck_object_0007,pck_object_0007_part_000,pck_object_0007_part_000_choice_000,0,0,111,0x0012AA,140,0,0x0012AC,8C00F1FEDDFF1901,F1FEDDFF190105FFC6FF70015100B907
C:/Users/MadCat/Documents/GitHub/MechwarriorRecomp/research/extract/decoded_pck/BMAPCK_TBL.decoded.bin,pck_object_0007_part_000_choice_000_frame_112,pck_object_0007,pck_object_0007_part_000,pck_object_0007_part_000_choice_000,0,0,112,0x0012B2,5,255,0x0012B4,05FFC6FF70015100,C6FF70015100B9070E0206FF13008501
C:/Users/MadCat/Documents/GitHub/MechwarriorRecomp/research/extract/decoded_pck/BMAPCK_TBL.decoded.bin,pck_object_0007_part_000_choice_000_frame_113,pck_object_0007,pck_object_0007_part_000,pck_object_0007_part_000_choice_000,0,0,113,0x0012BA,185,7,0x0012BC,B9070E0206FF1300,0E0206FF13008501F2FE2B002E0142FF
C:/Users/MadCat/Documents/GitHub/MechwarriorRecomp/research/extract/decoded_pck/BMAPCK_TBL.decoded.bin,pck_object_0007_part_000_choice_000_frame_114,pck_object_0007,pck_object_0007_part_000,pck_object_0007_part_000_choice_000,0,0,114,0x0012C2,133,1,0x0012C4,8501F2FE2B002E01,F2FE2B002E0142FF0E00980183FD08FE
C:/Users/MadCat/Documents/GitHub/MechwarriorRecomp/research/extract/decoded_pck/BMAPCK_TBL.decoded.bin,pck_object_0007_part_000_choice_000_frame_115,pck_object_0007,pck_object_0007_part_000,pck_object_0007_part_000_choice_000,0,0,115,0x0012CA,66,255,0x0012CC,42FF0E00980183FD,0E00980183FD08FE570731F8A5FFB201
C:/Users/MadCat/Documents/GitHub/MechwarriorRecomp/research/extract/decoded_pck/BMAPCK_TBL.decoded.bin,pck_object_0007_part_000_choice_000_frame_116,pck_object_0007,pck_object_0007_part_000,pck_object_0007_part_000_choice_000,0,0,116,0x0012D2,8,254,0x0012D4,08FE570731F8A5FF,570731F8A5FFB20113F85A00FAFEFF07
C:/Users/MadCat/Documents/GitHub/MechwarriorRecomp/research/extract/decoded_pck/BMAPCK_TBL.decoded.bin,pck_object_0007_part_000_choice_000_frame_117,pck_object_0007,pck_object_0007_part_000,pck_object_0007_part_000_choice_000,0,0,117,0x0012DA,178,1,0x0012DC,B20113F85A00FAFE,13F85A00FAFEFF07E8FFFAFF0100DC00
C:/Users/MadCat/Documents/GitHub/MechwarriorRecomp/research/extract/decoded_pck/BMAPCK_TBL.decoded.bin,pck_object_0007_part_000_choice_000_frame_118,pck_object_0007,pck_object_0007_part_000,pck_object_0007_part_000_choice_000,0,0,118,0x0012E2,255,7,0x0012E4,FF07E8FFFAFF0100,E8FFFAFF0100DC0000000500E4005000
C:/Users/MadCat/Documents/GitHub/MechwarriorRecomp/research/extract/decoded_pck/BMAPCK_TBL.decoded.bin,pck_object_0007_part_000_choice_000_frame_119,pck_object_0007,pck_object_0007_part_000,pck_object_0007_part_000_choice_000,0,0,119,0x0012EA,220,0,0x0012EC,DC0000000500E400,00000500E40050008108000800010C01
C:/Users/MadCat/Documents/GitHub/MechwarriorRecomp/research/extract/decoded_pck/BMAPCK_TBL.decoded.bin,pck_object_0007_part_000_choice_000_frame_120,pck_object_0007,pck_object_0007_part_000,pck_object_0007_part_000_choice_000,0,0,120,0x0012F2,80,0,0x0012F4,5000810800080001,8108000800010C018108000808061101
C:/Users/MadCat/Documents/GitHub/MechwarriorRecomp/research/extract/decoded_pck/BMAPCK_TBL.decoded.bin,pck_object_0007_part_000_choice_000_frame_121,pck_object_0007,pck_object_0007_part_000,pck_object_0007_part_000_choice_000,0,0,121,0x0012FA,12,1,0x0012FC,0C01810800080806,81080008080611018108000000091601
C:/Users/MadCat/Documents/GitHub/MechwarriorRecomp/research/extract/decoded_pck/BMAPCK_TBL.decoded.bin,pck_object_0007_part_000_choice_000_frame_122,pck_object_0007,pck_object_0007_part_000,pck_object_0007_part_000_choice_000,0,0,122,0x001302,17,1,0x001304,1101810800000009,810800000009160181080008080B1B01
C:/Users/MadCat/Documents/GitHub/MechwarriorRecomp/research/extract/decoded_pck/BMAPCK_TBL.decoded.bin,pck_object_0007_part_000_choice_000_frame_123,pck_object_0007,pck_object_0007_part_000,pck_object_0007_part_000_choice_000,0,0,123,0x00130A,22,1,0x00130C,160181080008080B,81080008080B1B0181080000000D2001
C:/Users/MadCat/Documents/GitHub/MechwarriorRecomp/research/extract/decoded_pck/BMAPCK_TBL.decoded.bin,pck_object_0007_part_000_choice_000_frame_124,pck_object_0007,pck_object_0007_part_000,pck_object_0007_part_000_choice_000,0,0,124,0x001312,27,1,0x001314,1B0181080000000D,81080000000D200102030405FF070205
C:/Users/MadCat/Documents/GitHub/MechwarriorRecomp/research/extract/decoded_pck/BMAPCK_TBL.decoded.bin,pck_object_0007_part_000_choice_000_frame_125,pck_object_0007,pck_object_0007_part_000,pck_object_0007_part_000_choice_000,0,0,125,0x00131A,32,1,0x00131C,200102030405FF07,02030405FF07020508FF0805040AFF0A
C:/Users/MadCat/Documents/GitHub/MechwarriorRecomp/research/extract/decoded_pck/BMAPCK_TBL.decoded.bin,pck_object_0007_part_000_choice_000_frame_126,pck_object_0007,pck_object_0007_part_000,pck_object_0007_part_000_choice_000,0,0,126,0x001322,2,5,0x001324,020508FF0805040A,08FF0805040AFF0A04030CFF0C030207
C:/Users/MadCat/Documents/GitHub/MechwarriorRecomp/research/extract/decoded_pck/BMAPCK_TBL.decoded.bin,pck_object_0007_part_000_choice_000_frame_127,pck_object_0007,pck_object_0007_part_000,pck_object_0007_part_000_choice_000,0,0,127,0x00132A,255,10,0x00132C,FF0A04030CFF0C03,04030CFF0C030207FF01002901000006
C:/Users/MadCat/Documents/GitHub/MechwarriorRecomp/research/extract/decoded_pck/BMAPCK_TBL.decoded.bin,pck_object_0007_part_000_choice_000_frame_128,pck_object_0007,pck_object_0007_part_000,pck_object_0007_part_000_choice_000,0,0,128,0x001332,2,7,0x001334,0207FF0100290100,FF01002901000006003101005A810900
C:/Users/MadCat/Documents/GitHub/MechwarriorRecomp/research/extract/decoded_pck/BMAPCK_TBL.decoded.bin,pck_object_0007_part_000_choice_000_frame_129,pck_object_0007,pck_object_0007_part_000,pck_object_0007_part_000_choice_000,0,0,129,0x00133A,0,6,0x00133C,0006003101005A81,003101005A81090001010F6101810900
C:/Users/MadCat/Documents/GitHub/MechwarriorRecomp/research/extract/decoded_pck/BMAPCK_TBL.decoded.bin,pck_object_0007_part_000_choice_000_frame_130,pck_object_0007,pck_object_0007_part_000,pck_object_0007_part_000_choice_000,0,0,130,0x001342,9,0,0x001344,090001010F610181,01010F61018109000101156701810900
C:/Users/MadCat/Documents/GitHub/MechwarriorRecomp/research/extract/decoded_pck/BMAPCK_TBL.decoded.bin,pck_object_0007_part_000_choice_000_frame_131,pck_object_0007,pck_object_0007_part_000,pck_object_0007_part_000_choice_000,0,0,131,0x00134A,9,0,0x00134C,0900010115670181,01011567018109000000196D01810900
C:/Users/MadCat/Documents/GitHub/MechwarriorRecomp/research/extract/decoded_pck/BMAPCK_TBL.decoded.bin,pck_object_0007_part_000_choice_000_frame_132,pck_object_0007,pck_object_0007_part_000,pck_object_0007_part_000_choice_000,0,0,132,0x001352,9,0,0x001354,09000000196D0181,0000196D0181090009091A7201810900
C:/Users/MadCat/Documents/GitHub/MechwarriorRecomp/research/extract/decoded_pck/BMAPCK_TBL.decoded.bin,pck_object_0007_part_000_choice_000_frame_133,pck_object_0007,pck_object_0007_part_000,pck_object_0007_part_000_choice_000,0,0,133,0x00135A,9,0,0x00135C,090009091A720181,09091A720181090008081B7701810900
C:/Users/MadCat/Documents/GitHub/MechwarriorRecomp/research/extract/decoded_pck/BMAPCK_TBL.decoded.bin,pck_object_0007_part_000_choice_000_frame_134,pck_object_0007,pck_object_0007_part_000,pck_object_0007_part_000_choice_000,0,0,134,0x001362,9,0,0x001364,090008081B770181,08081B770181090000001C7C01101112
C:/Users/MadCat/Documents/GitHub/MechwarriorRecomp/research/extract/decoded_pck/BMAPCK_TBL.decoded.bin,pck_object_0007_part_000_choice_000_frame_135,pck_object_0007,pck_object_0007_part_000,pck_object_0007_part_000_choice_000,0,0,135,0x00136A,9,0,0x00136C,090000001C7C0110,00001C7C011011121314FF16170A0C18
C:/Users/MadCat/Documents/GitHub/MechwarriorRecomp/research/extract/decoded_pck/BMAPCK_TBL.decoded.bin,pck_object_0007_part_000_choice_000_frame_136,pck_object_0007,pck_object_0007_part_000,pck_object_0007_part_000_choice_000,0,0,136,0x001372,17,18,0x001374,11121314FF16170A,1314FF16170A0C18FF14161810FF1317
C:/Users/MadCat/Documents/GitHub/MechwarriorRecomp/research/extract/decoded_pck/BMAPCK_TBL.decoded.bin,pck_object_0007_part_000_choice_000_frame_137,pck_object_0007,pck_object_0007_part_000,pck_object_0007_part_000_choice_000,0,0,137,0x00137A,12,24,0x00137C,0C18FF14161810FF,FF14161810FF13171614FF120A1713FF
C:/Users/MadCat/Documents/GitHub/MechwarriorRecomp/research/extract/decoded_pck/BMAPCK_TBL.decoded.bin,pck_object_0007_part_000_choice_000_frame_138,pck_object_0007,pck_object_0007_part_000,pck_object_0007_part_000_choice_000,0,0,138,0x001382,19,23,0x001384,13171614FF120A17,1614FF120A1713FF10180C11FF8000D3
C:/Users/MadCat/Documents/GitHub/MechwarriorRecomp/research/extract/decoded_pck/BMAPCK_TBL.decoded.bin,pck_object_0007_part_000_choice_000_frame_139,pck_object_0007,pck_object_0007_part_000,pck_object_0007_part_000_choice_000,0,0,139,0x00138A,19,255,0x00138C,13FF10180C11FF80,10180C11FF8000D30100000000000002
C:/Users/MadCat/Documents/GitHub/MechwarriorRecomp/research/extract/decoded_pck/BMAPCK_TBL.decoded.bin,pck_object_0007_part_000_choice_000_frame_140,pck_object_0007,pck_object_0007_part_000,pck_object_0007_part_000_choice_000,0,0,140,0x001392,0,211,0x001394,00D3010000000000,0100000000000002000F00001D1F0001
C:/Users/MadCat/Documents/GitHub/MechwarriorRecomp/research/extract/decoded_pck/BMAPCK_TBL.decoded.bin,pck_object_0007_part_000_choice_000_frame_141,pck_object_0007,pck_object_0007_part_000,pck_object_0007_part_000_choice_000,0,0,141,0x00139A,0,2,0x00139C,0002000F00001D1F,000F00001D1F000100CD000E1D1F0001
C:/Users/MadCat/Documents/GitHub/MechwarriorRecomp/research/extract/decoded_pck/BMAPCK_TBL.decoded.bin,pck_object_0007_part_000_choice_000_frame_142,pck_object_0007,pck_object_0007_part_000,pck_object_0007_part_000_choice_000,0,0,142,0x0013A2,0,1,0x0013A4,000100CD000E1D1F,00CD000E1D1F0001001A0150F420FF35
C:/Users/MadCat/Documents/GitHub/MechwarriorRecomp/research/extract/decoded_pck/BMAPCK_TBL.decoded.bin,pck_object_0007_part_000_choice_000_frame_143,pck_object_0007,pck_object_0007_part_000,pck_object_0007_part_000_choice_000,0,0,143,0x0013AA,0,1,0x0013AC,0001001A0150F420,001A0150F420FF35FFE5FF630120F834
C:/Users/MadCat/Documents/GitHub/MechwarriorRecomp/research/extract/decoded_pck/BMAPCK_TBL.decoded.bin,pck_object_0007_part_000_choice_000_frame_144,pck_object_0007,pck_object_0007_part_000,pck_object_0007_part_000_choice_000,0,0,144,0x0013B2,255,53,0x0013B4,FF35FFE5FF630120,FFE5FF630120F834FF050099FF2FFF54
C:/Users/MadCat/Documents/GitHub/MechwarriorRecomp/research/extract/decoded_pck/BMAPCK_TBL.decoded.bin,pck_object_0007_part_000_choice_000_frame_145,pck_object_0007,pck_object_0007_part_000,pck_object_0007_part_000_choice_000,0,0,145,0x0013BA,248,52,0x0013BC,F834FF050099FF2F,FF050099FF2FFF5400A7FF08FF5100A7
C:/Users/MadCat/Documents/GitHub/MechwarriorRecomp/research/extract/decoded_pck/BMAPCK_TBL.decoded.bin,pck_object_0007_part_000_choice_000_frame_146,pck_object_0007,pck_object_0007_part_000,pck_object_0007_part_000_choice_000,0,0,146,0x0013C2,255,84,0x0013C4,FF5400A7FF08FF51,00A7FF08FF5100A7FF0CFF020099FF96
C:/Users/MadCat/Documents/GitHub/MechwarriorRecomp/research/extract/decoded_pck/BMAPCK_TBL.decoded.bin,pck_object_0007_part_000_choice_000_frame_147,pck_object_0007,pck_object_0007_part_000,pck_object_0007_part_000_choice_000,0,0,147,0x0013CA,0,167,0x0013CC,00A7FF0CFF020099,FF0CFF020099FF960025F89CFE42FFDB
C:/Users/MadCat/Documents/GitHub/MechwarriorRecomp/research/extract/decoded_pck/BMAPCK_TBL.decoded.bin,pck_object_0007_part_000_choice_000_frame_148,pck_object_0007,pck_object_0007_part_000,pck_object_0007_part_000_choice_000,0,0,148,0x0013D2,255,150,0x0013D4,FF960025F89CFE42,0025F89CFE42FFDBFF8C0006FFD6FF8C
C:/Users/MadCat/Documents/GitHub/MechwarriorRecomp/research/extract/decoded_pck/BMAPCK_TBL.decoded.bin,pck_object_0007_part_000_choice_000_frame_149,pck_object_0007,pck_object_0007_part_000,pck_object_0007_part_000_choice_000,0,0,149,0x0013DA,255,219,0x0013DC,FFDBFF8C0006FFD6,FF8C0006FFD6FF8C0004F8A5FFBDFF01
C:/Users/MadCat/Documents/GitHub/MechwarriorRecomp/research/extract/decoded_pck/BMAPCK_TBL.decoded.bin,pck_object_0007_part_000_choice_000_frame_150,pck_object_0007,pck_object_0007_part_000,pck_object_0007_part_000_choice_000,0,0,150,0x0013E2,255,140,0x0013E4,FF8C0004F8A5FFBD,0004F8A5FFBDFF01FF2600960066FFDA
C:/Users/MadCat/Documents/GitHub/MechwarriorRecomp/research/extract/decoded_pck/BMAPCK_TBL.decoded.bin,pck_object_0007_part_000_choice_000_frame_151,pck_object_0007,pck_object_0007_part_000,pck_object_0007_part_000_choice_000,0,0,151,0x0013EA,255,1,0x0013EC,FF01FF2600960066,FF2600960066FFDA0765013DFF2B0096
C:/Users/MadCat/Documents/GitHub/MechwarriorRecomp/research/extract/decoded_pck/BMAPCK_TBL.decoded.bin,pck_object_0007_part_000_choice_000_frame_152,pck_object_0007,pck_object_0007_part_000,pck_object_0007_part_000_choice_000,0,0,152,0x0013F2,255,218,0x0013F4,FFDA0765013DFF2B,0765013DFF2B009600F8079100A2FF37
C:/Users/MadCat/Documents/GitHub/MechwarriorRecomp/research/extract/decoded_pck/BMAPCK_TBL.decoded.bin,pck_object_0007_part_000_choice_000_frame_153,pck_object_0007,pck_object_0007_part_000,pck_object_0007_part_000_choice_000,0,0,153,0x0013FA,0,150,0x0013FC,009600F8079100A2,00F8079100A2FF37F854FFFEFFA9000F
C:/Users/MadCat/Documents/GitHub/MechwarriorRecomp/research/extract/decoded_pck/BMAPCK_TBL.decoded.bin,pck_object_0007_part_000_choice_000_frame_154,pck_object_0007,pck_object_0007_part_000,pck_object_0007_part_000_choice_000,0,0,154,0x001402,255,55,0x001404,FF37F854FFFEFFA9,F854FFFEFFA9000FF857FF45FFC5FF96
C:/Users/MadCat/Documents/GitHub/MechwarriorRecomp/research/extract/decoded_pck/BMAPCK_TBL.decoded.bin,pck_object_0007_part_000_choice_000_frame_155,pck_object_0007,pck_object_0007_part_000,pck_object_0007_part_000_choice_000,0,0,155,0x00140A,0,15,0x00140C,000FF857FF45FFC5,F857FF45FFC5FF960143FFDBFF8C0007
C:/Users/MadCat/Documents/GitHub/MechwarriorRecomp/research/extract/decoded_pck/BMAPCK_TBL.decoded.bin,pck_object_0007_part_000_choice_000_frame_156,pck_object_0007,pck_object_0007_part_000,pck_object_0007_part_000_choice_000,0,0,156,0x001412,255,150,0x001414,FF960143FFDBFF8C,0143FFDBFF8C0007FFD6FF8C00F4FEC8
C:/Users/MadCat/Documents/GitHub/MechwarriorRecomp/research/extract/decoded_pck/BMAPCK_TBL.decoded.bin,pck_object_0007_part_000_choice_000_frame_157,pck_object_0007,pck_object_0007_part_000,pck_object_0007_part_000_choice_000,0,0,157,0x00141A,0,7,0x00141C,0007FFD6FF8C00F4,FFD6FF8C00F4FEC8FF290109FFC2FF82
C:/Users/MadCat/Documents/GitHub/MechwarriorRecomp/research/extract/decoded_pck/BMAPCK_TBL.decoded.bin,pck_object_0007_part_000_choice_000_frame_158,pck_object_0007,pck_object_0007_part_000,pck_object_0007_part_000_choice_000,0,0,158,0x001422,254,200,0x001424,FEC8FF290109FFC2,FF290109FFC2FF82017BFFF407A80003
C:/Users/MadCat/Documents/GitHub/MechwarriorRecomp/research/extract/decoded_pck/BMAPCK_TBL.decoded.bin,pck_object_0007_part_000_choice_000_frame_159,pck_object_0007,pck_object_0007_part_000,pck_object_0007_part_000_choice_000,0,0,159,0x00142A,255,130,0x00142C,FF82017BFFF407A8,017BFFF407A80003FF12008901EEFE18
C:/Users/MadCat/Documents/GitHub/MechwarriorRecomp/research/extract/decoded_pck/BMAPCK_TBL.decoded.bin,pck_object_0007_part_000_choice_000_frame_160,pck_object_0007,pck_object_0007_part_000,pck_object_0007_part_000_choice_000,0,0,160,0x001432,0,3,0x001434,0003FF12008901EE,FF12008901EEFE180030013FFF15009D
C:/Users/MadCat/Documents/GitHub/MechwarriorRecomp/research/extract/decoded_pck/BMAPCK_TBL.decoded.bin,pck_object_0007_part_000_choice_000_frame_161,pck_object_0007,pck_object_0007_part_000,pck_object_0007_part_000_choice_000,0,0,161,0x00143A,254,24,0x00143C,FE180030013FFF15,0030013FFF15009D0186FD28FF8F073D
C:/Users/MadCat/Documents/GitHub/MechwarriorRecomp/research/extract/decoded_pck/BMAPCK_TBL.decoded.bin,pck_object_0007_part_000_choice_000_frame_162,pck_object_0007,pck_object_0007_part_000,pck_object_0007_part_000_choice_000,0,0,162,0x001442,0,157,0x001444,009D0186FD28FF8F,0186FD28FF8F073DF844FFC80115F889
C:/Users/MadCat/Documents/GitHub/MechwarriorRecomp/research/extract/decoded_pck/BMAPCK_TBL.decoded.bin,pck_object_0007_part_000_choice_000_frame_163,pck_object_0007,pck_object_0007_part_000,pck_object_0007_part_000_choice_000,0,0,163,0x00144A,7,61,0x00144C,073DF844FFC80115,F844FFC80115F889FFFBFEFA079900FE
C:/Users/MadCat/Documents/GitHub/MechwarriorRecomp/research/extract/decoded_pck/BMAPCK_TBL.decoded.bin,pck_object_0007_part_000_choice_000_frame_164,pck_object_0007,pck_object_0007_part_000,pck_object_0007_part_000_choice_000,0,0,164,0x001452,248,137,0x001454,F889FFFBFEFA0799,FFFBFEFA079900FEFF0100D100000005
C:/Users/MadCat/Documents/GitHub/MechwarriorRecomp/research/extract/decoded_pck/BMAPCK_TBL.decoded.bin,pck_object_0007_part_000_choice_000_frame_165,pck_object_0007,pck_object_0007_part_000,pck_object_0007_part_000_choice_000,0,0,165,0x00145A,0,254,0x00145C,00FEFF0100D10000,FF0100D10000000500D9005000810800
C:/Users/MadCat/Documents/GitHub/MechwarriorRecomp/research/extract/decoded_pck/BMAPCK_TBL.decoded.bin,pck_object_0007_part_000_choice_000_frame_166,pck_object_0007,pck_object_0007_part_000,pck_object_0007_part_000_choice_000,0,0,166,0x001462,0,5,0x001464,000500D900500081,00D90050008108000800010101810800
C:/Users/MadCat/Documents/GitHub/MechwarriorRecomp/research/extract/decoded_pck/BMAPCK_TBL.decoded.bin,pck_object_0007_part_000_choice_000_frame_167,pck_object_0007,pck_object_0007_part_000,pck_object_0007_part_000_choice_000,0,0,167,0x00146A,8,0,0x00146C,0800080001010181,08000101018108000808060601810800
C:/Users/MadCat/Documents/GitHub/MechwarriorRecomp/research/extract/decoded_pck/BMAPCK_TBL.decoded.bin,pck_object_0007_part_000_choice_000_frame_168,pck_object_0007,pck_object_0007_part_000,pck_object_0007_part_000_choice_000,0,0,168,0x001472,8,0,0x001474,0800080806060181,08080606018108000000090B01810800
C:/Users/MadCat/Documents/GitHub/MechwarriorRecomp/research/extract/decoded_pck/BMAPCK_TBL.decoded.bin,pck_object_0007_part_000_choice_000_frame_169,pck_object_0007,pck_object_0007_part_000,pck_object_0007_part_000_choice_000,0,0,169,0x00147A,8,0,0x00147C,08000000090B0181,0000090B0181080008080B1001810800
C:/Users/MadCat/Documents/GitHub/MechwarriorRecomp/research/extract/decoded_pck/BMAPCK_TBL.decoded.bin,pck_object_0007_part_000_choice_000_frame_170,pck_object_0007,pck_object_0007_part_000,pck_object_0007_part_000_choice_000,0,0,170,0x001482,8,0,0x001484,080008080B100181,08080B100181080000000D1501020304
C:/Users/MadCat/Documents/GitHub/MechwarriorRecomp/research/extract/decoded_pck/BMAPCK_TBL.decoded.bin,pck_object_0007_part_000_choice_000_frame_171,pck_object_0007,pck_object_0007_part_000,pck_object_0007_part_000_choice_000,0,0,171,0x00148A,8,0,0x00148C,080000000D150102,00000D150102030405FF07020508FF08
C:/Users/MadCat/Documents/GitHub/MechwarriorRecomp/research/extract/decoded_pck/BMAPCK_TBL.decoded.bin,pck_object_0007_part_000_choice_000_frame_172,pck_object_0007,pck_object_0007_part_000,pck_object_0007_part_000_choice_000,0,0,172,0x001492,3,4,0x001494,030405FF07020508,05FF07020508FF0805040AFF0A04030C
C:/Users/MadCat/Documents/GitHub/MechwarriorRecomp/research/extract/decoded_pck/BMAPCK_TBL.decoded.bin,pck_object_0007_part_000_choice_000_frame_173,pck_object_0007,pck_object_0007_part_000,pck_object_0007_part_000_choice_000,0,0,173,0x00149A,255,8,0x00149C,FF0805040AFF0A04,05040AFF0A04030CFF0C030207FF0100
C:/Users/MadCat/Documents/GitHub/MechwarriorRecomp/research/extract/decoded_pck/BMAPCK_TBL.decoded.bin,pck_object_0007_part_000_choice_000_frame_174,pck_object_0007,pck_object_0007_part_000,pck_object_0007_part_000_choice_000,0,0,174,0x0014A2,3,12,0x0014A4,030CFF0C030207FF,FF0C030207FF01001E01000006002601
C:/Users/MadCat/Documents/GitHub/MechwarriorRecomp/research/extract/decoded_pck/BMAPCK_TBL.decoded.bin,pck_object_0007_part_000_choice_000_frame_175,pck_object_0007,pck_object_0007_part_000,pck_object_0007_part_000_choice_000,0,0,175,0x0014AA,1,0,0x0014AC,01001E0100000600,1E01000006002601005A81090001010F
C:/Users/MadCat/Documents/GitHub/MechwarriorRecomp/research/extract/decoded_pck/BMAPCK_TBL.decoded.bin,pck_object_0007_part_000_choice_000_frame_176,pck_object_0007,pck_object_0007_part_000,pck_object_0007_part_000_choice_000,0,0,176,0x0014B2,38,1,0x0014B4,2601005A81090001,005A81090001010F5601810900010115
C:/Users/MadCat/Documents/GitHub/MechwarriorRecomp/research/extract/decoded_pck/BMAPCK_TBL.decoded.bin,pck_object_0007_part_000_choice_000_frame_177,pck_object_0007,pck_object_0007_part_000,pck_object_0007_part_000_choice_000,0,0,177,0x0014BA,1,15,0x0014BC,010F560181090001,56018109000101155C01810900000019
C:/Users/MadCat/Documents/GitHub/MechwarriorRecomp/research/extract/decoded_pck/BMAPCK_TBL.decoded.bin,pck_object_0007_part_000_choice_000_frame_178,pck_object_0007,pck_object_0007_part_000,pck_object_0007_part_000_choice_000,0,0,178,0x0014C2,1,21,0x0014C4,01155C0181090000,5C01810900000019620181090009091A
C:/Users/MadCat/Documents/GitHub/MechwarriorRecomp/research/extract/decoded_pck/BMAPCK_TBL.decoded.bin,pck_object_0007_part_000_choice_000_frame_179,pck_object_0007,pck_object_0007_part_000,pck_object_0007_part_000_choice_000,0,0,179,0x0014CA,0,25,0x0014CC,0019620181090009,620181090009091A670181090008081B
C:/Users/MadCat/Documents/GitHub/MechwarriorRecomp/research/extract/decoded_pck/BMAPCK_TBL.decoded.bin,pck_object_0007_part_000_choice_000_frame_180,pck_object_0007,pck_object_0007_part_000,pck_object_0007_part_000_choice_000,0,0,180,0x0014D2,9,26,0x0014D4,091A670181090008,670181090008081B6C0181090000001C
C:/Users/MadCat/Documents/GitHub/MechwarriorRecomp/research/extract/decoded_pck/BMAPCK_TBL.decoded.bin,pck_object_0007_part_000_choice_000_frame_181,pck_object_0007,pck_object_0007_part_000,pck_object_0007_part_000_choice_000,0,0,181,0x0014DA,8,27,0x0014DC,081B6C0181090000,6C0181090000001C71011011121314FF
C:/Users/MadCat/Documents/GitHub/MechwarriorRecomp/research/extract/decoded_pck/BMAPCK_TBL.decoded.bin,pck_object_0007_part_000_choice_000_frame_182,pck_object_0007,pck_object_0007_part_000,pck_object_0007_part_000_choice_000,0,0,182,0x0014E2,0,28,0x0014E4,001C710110111213,71011011121314FF16170A0C18FF1416
C:/Users/MadCat/Documents/GitHub/MechwarriorRecomp/research/extract/decoded_pck/BMAPCK_TBL.decoded.bin,pck_object_0007_part_000_choice_000_frame_183,pck_object_0007,pck_object_0007_part_000,pck_object_0007_part_000_choice_000,0,0,183,0x0014EA,20,255,0x0014EC,14FF16170A0C18FF,16170A0C18FF14161810FF13171614FF
C:/Users/MadCat/Documents/GitHub/MechwarriorRecomp/research/extract/decoded_pck/BMAPCK_TBL.decoded.bin,pck_object_0007_part_000_choice_000_frame_184,pck_object_0007,pck_object_0007_part_000,pck_object_0007_part_000_choice_000,0,0,184,0x0014F2,20,22,0x0014F4,14161810FF131716,1810FF13171614FF120A1713FF10180C
C:/Users/MadCat/Documents/GitHub/MechwarriorRecomp/research/extract/decoded_pck/BMAPCK_TBL.decoded.bin,pck_object_0007_part_000_choice_000_frame_185,pck_object_0007,pck_object_0007_part_000,pck_object_0007_part_000_choice_000,0,0,185,0x0014FA,20,255,0x0014FC,14FF120A1713FF10,120A1713FF10180C11FF8000DA010000
C:/Users/MadCat/Documents/GitHub/MechwarriorRecomp/research/extract/decoded_pck/BMAPCK_TBL.decoded.bin,pck_object_0007_part_000_choice_000_frame_186,pck_object_0007,pck_object_0007_part_000,pck_object_0007_part_000_choice_000,0,0,186,0x001502,24,12,0x001504,180C11FF8000DA01,11FF8000DA0100000000000002001400
C:/Users/MadCat/Documents/GitHub/MechwarriorRecomp/research/extract/decoded_pck/BMAPCK_TBL.decoded.bin,pck_object_0007_part_000_choice_000_frame_187,pck_object_0007,pck_object_0007_part_000,pck_object_0007_part_000_choice_000,0,0,187,0x00150A,0,0,0x00150C,0000000000000200,0000000002001400001D24000100D200
C:/Users/MadCat/Documents/GitHub/MechwarriorRecomp/research/extract/decoded_pck/BMAPCK_TBL.decoded.bin,pck_object_0007_part_000_choice_000_frame_188,pck_object_0007,pck_object_0007_part_000,pck_object_0007_part_000_choice_000,0,0,188,0x001512,20,0,0x001514,1400001D24000100,001D24000100D2000E1D240001001F01
C:/Users/MadCat/Documents/GitHub/MechwarriorRecomp/research/extract/decoded_pck/BMAPCK_TBL.decoded.bin,pck_object_0007_part_000_choice_000_frame_189,pck_object_0007,pck_object_0007_part_000,pck_object_0007_part_000_choice_000,0,0,189,0x00151A,210,0,0x00151C,D2000E1D24000100,0E1D240001001F0174F4F9FD32FF0000
C:/Users/MadCat/Documents/GitHub/MechwarriorRecomp/research/extract/decoded_pck/BMAPCK_TBL.decoded.bin,pck_object_0007_part_000_choice_000_frame_190,pck_object_0007,pck_object_0007_part_000,pck_object_0007_part_000_choice_000,0,0,190,0x001522,31,1,0x001524,1F0174F4F9FD32FF,74F4F9FD32FF0000000000F840FFB2FF
C:/Users/MadCat/Documents/GitHub/MechwarriorRecomp/research/extract/decoded_pck/BMAPCK_TBL.decoded.bin,pck_object_0007_part_000_choice_000_frame_191,pck_object_0007,pck_object_0007_part_000,pck_object_0007_part_000_choice_000,0,0,191,0x00152A,0,0,0x00152C,0000000000F840FF,000000F840FFB2FFA5FF34FF0100A5FF
C:/Users/MadCat/Documents/GitHub/MechwarriorRecomp/research/extract/decoded_pck/BMAPCK_TBL.decoded.bin,pck_object_0007_part_000_choice_000_frame_192,pck_object_0007,pck_object_0007_part_000,pck_object_0007_part_000_choice_000,0,0,192,0x001532,178,255,0x001534,B2FFA5FF34FF0100,A5FF34FF0100A5FF0DFFFBFFA5FF19FF
C:/Users/MadCat/Documents/GitHub/MechwarriorRecomp/research/extract/decoded_pck/BMAPCK_TBL.decoded.bin,pck_object_0007_part_000_choice_000_frame_193,pck_object_0007,pck_object_0007_part_000,pck_object_0007_part_000_choice_000,0,0,193,0x00153A,165,255,0x00153C,A5FF0DFFFBFFA5FF,0DFFFBFFA5FF19FFABFFA5FF690121F8
C:/Users/MadCat/Documents/GitHub/MechwarriorRecomp/research/extract/decoded_pck/BMAPCK_TBL.decoded.bin,pck_object_0007_part_000_choice_000_frame_194,pck_object_0007,pck_object_0007_part_000,pck_object_0007_part_000_choice_000,0,0,194,0x001542,25,255,0x001544,19FFABFFA5FF6901,ABFFA5FF690121F81B0049FFB7FFA000
C:/Users/MadCat/Documents/GitHub/MechwarriorRecomp/research/extract/decoded_pck/BMAPCK_TBL.decoded.bin,pck_object_0007_part_000_choice_000_frame_195,pck_object_0007,pck_object_0007_part_000,pck_object_0007_part_000_choice_000,0,0,195,0x00154A,33,248,0x00154C,21F81B0049FFB7FF,1B0049FFB7FFA0000EFFADFFA00019F8
C:/Users/MadCat/Documents/GitHub/MechwarriorRecomp/research/extract/decoded_pck/BMAPCK_TBL.decoded.bin,pck_object_0007_part_000_choice_000_frame_196,pck_object_0007,pck_object_0007_part_000,pck_object_0007_part_000_choice_000,0,0,196,0x001552,160,0,0x001554,A0000EFFADFFA000,0EFFADFFA00019F8D1FEAAFF02FFFCFF
C:/Users/MadCat/Documents/GitHub/MechwarriorRecomp/research/extract/decoded_pck/BMAPCK_TBL.decoded.bin,pck_object_0007_part_000_choice_000_frame_197,pck_object_0007,pck_object_0007_part_000,pck_object_0007_part_000_choice_000,0,0,197,0x00155A,25,248,0x00155C,19F8D1FEAAFF02FF,D1FEAAFF02FFFCFFA000C9FEE807EBFF
C:/Users/MadCat/Documents/GitHub/MechwarriorRecomp/research/extract/decoded_pck/BMAPCK_TBL.decoded.bin,pck_object_0007_part_000_choice_000_frame_198,pck_object_0007,pck_object_0007_part_000,pck_object_0007_part_000_choice_000,0,0,198,0x001562,252,255,0x001564,FCFFA000C9FEE807,A000C9FEE807EBFF3DFF0600A000E707
C:/Users/MadCat/Documents/GitHub/MechwarriorRecomp/research/extract/decoded_pck/BMAPCK_TBL.decoded.bin,pck_object_0007_part_000_choice_000_frame_199,pck_object_0007,pck_object_0007_part_000,pck_object_0007_part_000_choice_000,0,0,199,0x00156A,235,255,0x00156C,EBFF3DFF0600A000,3DFF0600A000E7073301B2FF4EF8A7FE
C:/Users/MadCat/Documents/GitHub/MechwarriorRecomp/research/extract/decoded_pck/BMAPCK_TBL.decoded.bin,pck_object_0007_part_000_choice_000_frame_200,pck_object_0007,pck_object_0007_part_000,pck_object_0007_part_000_choice_000,0,0,200,0x001572,231,7,0x001574,E7073301B2FF4EF8,3301B2FF4EF8A7FEFEFF550124F8A500
C:/Users/MadCat/Documents/GitHub/MechwarriorRecomp/research/extract/decoded_pck/BMAPCK_TBL.decoded.bin,pck_object_0007_part_000_choice_000_frame_201,pck_object_0007,pck_object_0007_part_000,pck_object_0007_part_000_choice_000,0,0,201,0x00157A,167,254,0x00157C,A7FEFEFF550124F8,FEFF550124F8A50047FFCCFFA6014AFF
C:/Users/MadCat/Documents/GitHub/MechwarriorRecomp/research/extract/decoded_pck/BMAPCK_TBL.decoded.bin,pck_object_0007_part_000_choice_000_frame_202,pck_object_0007,pck_object_0007_part_000,pck_object_0007_part_000_choice_000,0,0,202,0x001582,165,0,0x001584,A50047FFCCFFA601,47FFCCFFA6014AFFB7FFA0000FFFADFF
C:/Users/MadCat/Documents/GitHub/MechwarriorRecomp/research/extract/decoded_pck/BMAPCK_TBL.decoded.bin,pck_object_0007_part_000_choice_000_frame_203,pck_object_0007,pck_object_0007_part_000,pck_object_0007_part_000_choice_000,0,0,203,0x00158A,74,255,0x00158C,4AFFB7FFA0000FFF,B7FFA0000FFFADFFA000FAFEB4FF3801
C:/Users/MadCat/Documents/GitHub/MechwarriorRecomp/research/extract/decoded_pck/BMAPCK_TBL.decoded.bin,pck_object_0007_part_000_choice_000_frame_204,pck_object_0007,pck_object_0007_part_000,pck_object_0007_part_000_choice_000,0,0,204,0x001592,173,255,0x001594,ADFFA000FAFEB4FF,A000FAFEB4FF38010CFFC0FF920118FE
C:/Users/MadCat/Documents/GitHub/MechwarriorRecomp/research/extract/decoded_pck/BMAPCK_TBL.decoded.bin,pck_object_0007_part_000_choice_000_frame_205,pck_object_0007,pck_object_0007_part_000,pck_object_0007_part_000_choice_000,0,0,205,0x00159A,56,1,0x00159C,38010CFFC0FF9201,0CFFC0FF920118FEBD075AFFFFFE0F00
C:/Users/MadCat/Documents/GitHub/MechwarriorRecomp/research/extract/decoded_pck/BMAPCK_TBL.decoded.bin,pck_object_0007_part_000_choice_000_frame_206,pck_object_0007,pck_object_0007_part_000,pck_object_0007_part_000_choice_000,0,0,206,0x0015A2,24,254,0x0015A4,18FEBD075AFFFFFE,BD075AFFFFFE0F008B01EDFE03003101
C:/Users/MadCat/Documents/GitHub/MechwarriorRecomp/research/extract/decoded_pck/BMAPCK_TBL.decoded.bin,pck_object_0007_part_000_choice_000_frame_207,pck_object_0007,pck_object_0007_part_000,pck_object_0007_part_000_choice_000,0,0,207,0x0015AA,15,0,0x0015AC,0F008B01EDFE0300,8B01EDFE030031013AFF1B009F0164FD
C:/Users/MadCat/Documents/GitHub/MechwarriorRecomp/research/extract/decoded_pck/BMAPCK_TBL.decoded.bin,pck_object_0007_part_000_choice_000_frame_208,pck_object_0007,pck_object_0007_part_000,pck_object_0007_part_000_choice_000,0,0,208,0x0015B2,49,1,0x0015B4,31013AFF1B009F01,3AFF1B009F0164FD3D008E0744F8E1FE
C:/Users/MadCat/Documents/GitHub/MechwarriorRecomp/research/extract/decoded_pck/BMAPCK_TBL.decoded.bin,pck_object_0007_part_000_choice_000_frame_209,pck_object_0007,pck_object_0007_part_000,pck_object_0007_part_000_choice_000,0,0,209,0x0015BA,100,253,0x0015BC,64FD3D008E0744F8,3D008E0744F8E1FEB2012EF8B7FEEEFE
C:/Users/MadCat/Documents/GitHub/MechwarriorRecomp/research/extract/decoded_pck/BMAPCK_TBL.decoded.bin,pck_object_0011_part_000_choice_000_frame_000,pck_object_0011,pck_object_0011_part_000,pck_object_0011_part_000_choice_000,0,0,0,0x0015E4,6,1,0x0015E6,0601810800080806,8108000808060B018108000000091001
C:/Users/MadCat/Documents/GitHub/MechwarriorRecomp/research/extract/decoded_pck/BMAPCK_TBL.decoded.bin,pck_object_0011_part_000_choice_000_frame_001,pck_object_0011,pck_object_0011_part_000,pck_object_0011_part_000_choice_000,0,0,1,0x0015EC,11,1,0x0015EE,0B01810800000009,810800000009100181080008080B1501
C:/Users/MadCat/Documents/GitHub/MechwarriorRecomp/research/extract/decoded_pck/BMAPCK_TBL.decoded.bin,pck_object_0011_part_000_choice_000_frame_002,pck_object_0011,pck_object_0011_part_000,pck_object_0011_part_000_choice_000,0,0,2,0x0015F4,16,1,0x0015F6,100181080008080B,81080008080B150181080000000D1A01
C:/Users/MadCat/Documents/GitHub/MechwarriorRecomp/research/extract/decoded_pck/BMAPCK_TBL.decoded.bin,pck_object_0011_part_000_choice_000_frame_003,pck_object_0011,pck_object_0011_part_000,pck_object_0011_part_000_choice_000,0,0,3,0x0015FC,21,1,0x0015FE,150181080000000D,81080000000D1A0102030405FF070205
C:/Users/MadCat/Documents/GitHub/MechwarriorRecomp/research/extract/decoded_pck/BMAPCK_TBL.decoded.bin,pck_object_0011_part_000_choice_000_frame_004,pck_object_0011,pck_object_0011_part_000,pck_object_0011_part_000_choice_000,0,0,4,0x001604,26,1,0x001606,1A0102030405FF07,02030405FF07020508FF0805040AFF0A
C:/Users/MadCat/Documents/GitHub/MechwarriorRecomp/research/extract/decoded_pck/BMAPCK_TBL.decoded.bin,pck_object_0011_part_001_choice_000_frame_000,pck_object_0011,pck_object_0011_part_001,pck_object_0011_part_001_choice_000,1,0,0,0x001631,91,1,0x001633,5B01810900010115,81090001011561018109000000196701
C:/Users/MadCat/Documents/GitHub/MechwarriorRecomp/research/extract/decoded_pck/BMAPCK_TBL.decoded.bin,pck_object_0011_part_001_choice_000_frame_001,pck_object_0011,pck_object_0011_part_001,pck_object_0011_part_001_choice_000,1,0,1,0x001639,97,1,0x00163B,6101810900000019,810900000019670181090009091A6C01
C:/Users/MadCat/Documents/GitHub/MechwarriorRecomp/research/extract/decoded_pck/BMAPCK_TBL.decoded.bin,pck_object_0011_part_001_choice_000_frame_002,pck_object_0011,pck_object_0011_part_001,pck_object_0011_part_001_choice_000,1,0,2,0x001641,103,1,0x001643,670181090009091A,81090009091A6C0181090008081B7101
C:/Users/MadCat/Documents/GitHub/MechwarriorRecomp/research/extract/decoded_pck/BMAPCK_TBL.decoded.bin,pck_object_0011_part_001_choice_000_frame_003,pck_object_0011,pck_object_0011_part_001,pck_object_0011_part_001_choice_000,1,0,3,0x001649,108,1,0x00164B,6C0181090008081B,81090008081B710181090000001C7601
C:/Users/MadCat/Documents/GitHub/MechwarriorRecomp/research/extract/decoded_pck/BMAPCK_TBL.decoded.bin,pck_object_0011_part_001_choice_000_frame_004,pck_object_0011,pck_object_0011_part_001,pck_object_0011_part_001_choice_000,1,0,4,0x001651,113,1,0x001653,710181090000001C,81090000001C76011011121314FF1617
C:/Users/MadCat/Documents/GitHub/MechwarriorRecomp/research/extract/decoded_pck/BMAPCK_TBL.decoded.bin,pck_object_0011_part_001_choice_000_frame_005,pck_object_0011,pck_object_0011_part_001,pck_object_0011_part_001_choice_000,1,0,5,0x001659,118,1,0x00165B,76011011121314FF,1011121314FF16170A0C18FF14161810
C:/Users/MadCat/Documents/GitHub/MechwarriorRecomp/research/extract/decoded_pck/BMAPCK_TBL.decoded.bin,pck_object_0013_part_000_choice_000_frame_000,pck_object_0013,pck_object_0013_part_000,pck_object_0013_part_000_choice_000,0,0,0,0x0018C0,0,0,0x0018C2,00000500D8005000,0500D800500081080008000100018108
C:/Users/MadCat/Documents/GitHub/MechwarriorRecomp/research/extract/decoded_pck/BMAPCK_TBL.decoded.bin,pck_object_0013_part_001_choice_000_frame_000,pck_object_0013,pck_object_0013_part_001,pck_object_0013_part_001_choice_000,1,0,0,0x00190D,0,0,0x00190F,000006002501005A,06002501005A81090001010F55018109
C:/Users/MadCat/Documents/GitHub/MechwarriorRecomp/research/extract/decoded_pck/BMAPCK_TBL.decoded.bin,pck_object_0015_part_000_choice_000_frame_000,pck_object_0015,pck_object_0015_part_000,pck_object_0015_part_000_choice_000,0,0,0,0x00245B,7,96,0x00245D,076001FE07D6FFC7,01FE07D6FFC7FF0100D80000000600E0
C:/Users/MadCat/Documents/GitHub/MechwarriorRecomp/research/extract/decoded_pck/BMAPCK_TBL.decoded.bin,pck_object_0015_part_000_choice_000_frame_001,pck_object_0015,pck_object_0015_part_000,pck_object_0015_part_000_choice_000,0,0,1,0x002463,255,1,0x002465,FF0100D800000006,00D80000000600E00050008109000101
C:/Users/MadCat/Documents/GitHub/MechwarriorRecomp/research/extract/decoded_pck/BMAPCK_TBL.decoded.bin,pck_object_0015_part_000_choice_000_frame_002,pck_object_0015,pck_object_0015_part_000,pck_object_0015_part_000_choice_000,0,0,2,0x00246B,0,224,0x00246D,00E0005000810900,00500081090001010110018109000101
C:/Users/MadCat/Documents/GitHub/MechwarriorRecomp/research/extract/decoded_pck/BMAPCK_TBL.decoded.bin,pck_object_0015_part_000_choice_000_frame_003,pck_object_0015,pck_object_0015_part_000,pck_object_0015_part_000_choice_000,0,0,3,0x002473,1,1,0x002475,0101011001810900,01100181090001010716018109000000
C:/Users/MadCat/Documents/GitHub/MechwarriorRecomp/research/extract/decoded_pck/BMAPCK_TBL.decoded.bin,pck_object_0015_part_000_choice_000_frame_004,pck_object_0015,pck_object_0015_part_000,pck_object_0015_part_000_choice_000,0,0,4,0x00247B,1,1,0x00247D,0101071601810900,07160181090000000D1C018109000909
C:/Users/MadCat/Documents/GitHub/MechwarriorRecomp/research/extract/decoded_pck/BMAPCK_TBL.decoded.bin,pck_object_0015_part_000_choice_000_frame_005,pck_object_0015,pck_object_0015_part_000,pck_object_0015_part_000_choice_000,0,0,5,0x002483,0,0,0x002485,00000D1C01810900,0D1C0181090009090E21018109000808
C:/Users/MadCat/Documents/GitHub/MechwarriorRecomp/research/extract/decoded_pck/BMAPCK_TBL.decoded.bin,pck_object_0015_part_000_choice_000_frame_006,pck_object_0015,pck_object_0015_part_000,pck_object_0015_part_000_choice_000,0,0,6,0x00248B,9,9,0x00248D,09090E2101810900,0E210181090008080F26018109000000
C:/Users/MadCat/Documents/GitHub/MechwarriorRecomp/research/extract/decoded_pck/BMAPCK_TBL.decoded.bin,pck_object_0015_part_000_choice_000_frame_007,pck_object_0015,pck_object_0015_part_000,pck_object_0015_part_000_choice_000,0,0,7,0x002493,8,8,0x002495,08080F2601810900,0F26018109000000102B010203040506
C:/Users/MadCat/Documents/GitHub/MechwarriorRecomp/research/extract/decoded_pck/BMAPCK_TBL.decoded.bin,pck_object_0015_part_000_choice_000_frame_008,pck_object_0015,pck_object_0015_part_000,pck_object_0015_part_000_choice_000,0,0,8,0x00249B,0,0,0x00249D,0000102B01020304,102B010203040506FF08090A0B0CFF06
C:/Users/MadCat/Documents/GitHub/MechwarriorRecomp/research/extract/decoded_pck/BMAPCK_TBL.decoded.bin,pck_object_0015_part_000_choice_000_frame_009,pck_object_0015,pck_object_0015_part_000,pck_object_0015_part_000_choice_000,0,0,9,0x0024A3,5,6,0x0024A5,0506FF08090A0B0C,FF08090A0B0CFF06080C02FF020C0B03
C:/Users/MadCat/Documents/GitHub/MechwarriorRecomp/research/extract/decoded_pck/BMAPCK_TBL.decoded.bin,pck_object_0015_part_000_choice_000_frame_010,pck_object_0015,pck_object_0015_part_000,pck_object_0015_part_000_choice_000,0,0,10,0x0024AB,255,6,0x0024AD,FF06080C02FF020C,080C02FF020C0B03FF030B0A04FF0509
C:/Users/MadCat/Documents/GitHub/MechwarriorRecomp/research/extract/decoded_pck/BMAPCK_TBL.decoded.bin,pck_object_0015_part_000_choice_000_frame_011,pck_object_0015,pck_object_0015_part_000,pck_object_0015_part_000_choice_000,0,0,11,0x0024B3,11,3,0x0024B5,0B03FF030B0A04FF,FF030B0A04FF05090806FF0100340100
C:/Users/MadCat/Documents/GitHub/MechwarriorRecomp/research/extract/decoded_pck/BMAPCK_TBL.decoded.bin,pck_object_0015_part_000_choice_000_frame_012,pck_object_0015,pck_object_0015_part_000,pck_object_0015_part_000_choice_000,0,0,12,0x0024BB,5,9,0x0024BD,05090806FF010034,0806FF01003401000005003C01155B81
C:/Users/MadCat/Documents/GitHub/MechwarriorRecomp/research/extract/decoded_pck/BMAPCK_TBL.decoded.bin,pck_object_0015_part_000_choice_000_frame_013,pck_object_0015,pck_object_0015_part_000,pck_object_0015_part_000_choice_000,0,0,13,0x0024C3,1,0,0x0024C5,01000005003C0115,0005003C01155B810800000012640181
C:/Users/MadCat/Documents/GitHub/MechwarriorRecomp/research/extract/decoded_pck/BMAPCK_TBL.decoded.bin,pck_object_0015_part_000_choice_000_frame_014,pck_object_0015,pck_object_0015_part_000,pck_object_0015_part_000_choice_000,0,0,14,0x0024CB,91,129,0x0024CD,5B81080000001264,08000000126401810800080817690181
C:/Users/MadCat/Documents/GitHub/MechwarriorRecomp/research/extract/decoded_pck/BMAPCK_TBL.decoded.bin,pck_object_0015_part_000_choice_000_frame_015,pck_object_0015,pck_object_0015_part_000,pck_object_0015_part_000_choice_000,0,0,15,0x0024D3,1,129,0x0024D5,0181080008081769,0800080817690181080000001A6E0181
C:/Users/MadCat/Documents/GitHub/MechwarriorRecomp/research/extract/decoded_pck/BMAPCK_TBL.decoded.bin,pck_object_0015_part_000_choice_000_frame_016,pck_object_0015,pck_object_0015_part_000,pck_object_0015_part_000_choice_000,0,0,16,0x0024DB,1,129,0x0024DD,0181080000001A6E,080000001A6E0181080000001B730181
C:/Users/MadCat/Documents/GitHub/MechwarriorRecomp/research/extract/decoded_pck/BMAPCK_TBL.decoded.bin,pck_object_0015_part_000_choice_000_frame_017,pck_object_0015,pck_object_0015_part_000,pck_object_0015_part_000_choice_000,0,0,17,0x0024E3,1,129,0x0024E5,0181080000001B73,080000001B730181080000001C780113
C:/Users/MadCat/Documents/GitHub/MechwarriorRecomp/research/extract/decoded_pck/BMAPCK_TBL.decoded.bin,pck_object_0015_part_000_choice_000_frame_018,pck_object_0015,pck_object_0015_part_000,pck_object_0015_part_000_choice_000,0,0,18,0x0024EB,1,129,0x0024ED,0181080000001C78,080000001C780113141516FF18131619
C:/Users/MadCat/Documents/GitHub/MechwarriorRecomp/research/extract/decoded_pck/BMAPCK_TBL.decoded.bin,pck_object_0015_part_000_choice_000_frame_019,pck_object_0015,pck_object_0015_part_000,pck_object_0015_part_000_choice_000,0,0,19,0x0024F3,1,19,0x0024F5,0113141516FF1813,141516FF18131619FF19161509FF0915
C:/Users/MadCat/Documents/GitHub/MechwarriorRecomp/research/extract/decoded_pck/BMAPCK_TBL.decoded.bin,pck_object_0015_part_000_choice_000_frame_020,pck_object_0015,pck_object_0015_part_000,pck_object_0015_part_000_choice_000,0,0,20,0x0024FB,22,25,0x0024FD,1619FF19161509FF,FF19161509FF0915140AFF0A141318FF
C:/Users/MadCat/Documents/GitHub/MechwarriorRecomp/research/extract/decoded_pck/BMAPCK_TBL.decoded.bin,pck_object_0015_part_000_choice_000_frame_021,pck_object_0015,pck_object_0015_part_000,pck_object_0015_part_000_choice_000,0,0,21,0x002503,9,21,0x002505,0915140AFF0A1413,140AFF0A141318FF8000250200000000
C:/Users/MadCat/Documents/GitHub/MechwarriorRecomp/research/extract/decoded_pck/BMAPCK_TBL.decoded.bin,pck_object_0015_part_000_choice_000_frame_022,pck_object_0015,pck_object_0015_part_000,pck_object_0015_part_000_choice_000,0,0,22,0x00250B,24,255,0x00250D,18FF800025020000,8000250200000000000003001B000022
C:/Users/MadCat/Documents/GitHub/MechwarriorRecomp/research/extract/decoded_pck/BMAPCK_TBL.decoded.bin,pck_object_0015_part_000_choice_000_frame_023,pck_object_0015,pck_object_0015_part_000,pck_object_0015_part_000_choice_000,0,0,23,0x002513,0,0,0x002515,0000000003001B00,000003001B00002233000100FF001122
C:/Users/MadCat/Documents/GitHub/MechwarriorRecomp/research/extract/decoded_pck/BMAPCK_TBL.decoded.bin,pck_object_0015_part_000_choice_000_frame_024,pck_object_0015,pck_object_0015_part_000,pck_object_0015_part_000_choice_000,0,0,24,0x00251B,0,34,0x00251D,002233000100FF00,33000100FF001122330001005B011822
C:/Users/MadCat/Documents/GitHub/MechwarriorRecomp/research/extract/decoded_pck/BMAPCK_TBL.decoded.bin,pck_object_0015_part_000_choice_000_frame_025,pck_object_0015,pck_object_0015_part_000,pck_object_0015_part_000_choice_000,0,0,25,0x002523,17,34,0x002525,1122330001005B01,330001005B011822330001009B0112FD
C:/Users/MadCat/Documents/GitHub/MechwarriorRecomp/research/extract/decoded_pck/BMAPCK_TBL.decoded.bin,pck_object_0015_part_000_choice_000_frame_026,pck_object_0015,pck_object_0015_part_000,pck_object_0015_part_000_choice_000,0,0,26,0x00252B,24,34,0x00252D,1822330001009B01,330001009B0112FD64009CFF00F80000
C:/Users/MadCat/Documents/GitHub/MechwarriorRecomp/research/extract/decoded_pck/BMAPCK_TBL.decoded.bin,pck_object_0015_part_000_choice_000_frame_027,pck_object_0015,pck_object_0015_part_000,pck_object_0015_part_000_choice_000,0,0,27,0x002533,18,253,0x002535,12FD64009CFF00F8,64009CFF00F80000000077FF3200DBFF
C:/Users/MadCat/Documents/GitHub/MechwarriorRecomp/research/extract/decoded_pck/BMAPCK_TBL.decoded.bin,pck_object_0015_part_000_choice_000_frame_028,pck_object_0015,pck_object_0015_part_000,pck_object_0015_part_000_choice_000,0,0,28,0x00253B,0,0,0x00253D,0000000077FF3200,000077FF3200DBFF77FFCEFFDBFF77FF
C:/Users/MadCat/Documents/GitHub/MechwarriorRecomp/research/extract/decoded_pck/BMAPCK_TBL.decoded.bin,pck_object_0015_part_000_choice_000_frame_029,pck_object_0015,pck_object_0015_part_000,pck_object_0015_part_000_choice_000,0,0,29,0x002543,219,255,0x002545,DBFF77FFCEFFDBFF,77FFCEFFDBFF77FFDBFF2CFF77FF3200
C:/Users/MadCat/Documents/GitHub/MechwarriorRecomp/research/extract/decoded_pck/BMAPCK_TBL.decoded.bin,pck_object_0015_part_000_choice_000_frame_030,pck_object_0015,pck_object_0015_part_000,pck_object_0015_part_000_choice_000,0,0,30,0x00254B,119,255,0x00254D,77FFDBFF2CFF77FF,DBFF2CFF77FF32002CFF77FF4B00A9FF
C:/Users/MadCat/Documents/GitHub/MechwarriorRecomp/research/extract/decoded_pck/BMAPCK_TBL.decoded.bin,pck_object_0015_part_000_choice_000_frame_031,pck_object_0015,pck_object_0015_part_000,pck_object_0015_part_000_choice_000,0,0,31,0x002553,50,0,0x002555,32002CFF77FF4B00,2CFF77FF4B00A9FF000800000000CEFF
C:/Users/MadCat/Documents/GitHub/MechwarriorRecomp/research/extract/decoded_pck/BMAPCK_TBL.decoded.bin,pck_object_0015_part_000_choice_000_frame_032,pck_object_0015,pck_object_0015_part_000,pck_object_0015_part_000_choice_000,0,0,32,0x00255B,169,255,0x00255D,A9FF000800000000,000800000000CEFF4B00A9FFCEFF3200
C:/Users/MadCat/Documents/GitHub/MechwarriorRecomp/research/extract/decoded_pck/BMAPCK_TBL.decoded.bin,pck_object_0015_part_000_choice_000_frame_033,pck_object_0015,pck_object_0015_part_000,pck_object_0015_part_000_choice_000,0,0,33,0x002563,206,255,0x002565,CEFF4B00A9FFCEFF,4B00A9FFCEFF32002CFFCEFFDBFF2CFF
C:/Users/MadCat/Documents/GitHub/MechwarriorRecomp/research/extract/decoded_pck/BMAPCK_TBL.decoded.bin,pck_object_0015_part_000_choice_000_frame_034,pck_object_0015,pck_object_0015_part_000,pck_object_0015_part_000_choice_000,0,0,34,0x00256B,50,0,0x00256D,32002CFFCEFFDBFF,2CFFCEFFDBFF2CFFCEFFCEFFDBFFCEFF
C:/Users/MadCat/Documents/GitHub/MechwarriorRecomp/research/extract/decoded_pck/BMAPCK_TBL.decoded.bin,pck_object_0015_part_000_choice_000_frame_035,pck_object_0015,pck_object_0015_part_000,pck_object_0015_part_000_choice_000,0,0,35,0x002573,44,255,0x002575,2CFFCEFFCEFFDBFF,CEFFCEFFDBFFCEFF3200DBFF00002707
C:/Users/MadCat/Documents/GitHub/MechwarriorRecomp/research/extract/decoded_pck/BMAPCK_TBL.decoded.bin,pck_object_0015_part_000_choice_000_frame_036,pck_object_0015,pck_object_0015_part_000,pck_object_0015_part_000_choice_000,0,0,36,0x00257B,206,255,0x00257D,CEFF3200DBFF0000,3200DBFF000027079303000000000008
C:/Users/MadCat/Documents/GitHub/MechwarriorRecomp/research/extract/decoded_pck/BMAPCK_TBL.decoded.bin,pck_object_0015_part_000_choice_000_frame_037,pck_object_0015,pck_object_0015_part_000,pck_object_0015_part_000_choice_000,0,0,37,0x002583,39,7,0x002585,2707930300000000,9303000000000008000006F869FF0000
C:/Users/MadCat/Documents/GitHub/MechwarriorRecomp/research/extract/decoded_pck/BMAPCK_TBL.decoded.bin,pck_object_0015_part_000_choice_000_frame_038,pck_object_0015,pck_object_0015_part_000,pck_object_0015_part_000_choice_000,0,0,38,0x00258B,0,8,0x00258D,0008000006F869FF,000006F869FF0000D8076FFE0CFE6400
C:/Users/MadCat/Documents/GitHub/MechwarriorRecomp/research/extract/decoded_pck/BMAPCK_TBL.decoded.bin,pck_object_0015_part_000_choice_000_frame_039,pck_object_0015,pck_object_0015_part_000,pck_object_0015_part_000_choice_000,0,0,39,0x002593,0,0,0x002595,0000D8076FFE0CFE,D8076FFE0CFE640006FF77FFDBFF3EFE
C:/Users/MadCat/Documents/GitHub/MechwarriorRecomp/research/extract/decoded_pck/BMAPCK_TBL.decoded.bin,pck_object_0015_part_000_choice_000_frame_040,pck_object_0015,pck_object_0015_part_000,pck_object_0015_part_000_choice_000,0,0,40,0x00259B,100,0,0x00259D,640006FF77FFDBFF,06FF77FFDBFF3EFE77FF3E003EFECEFF
C:/Users/MadCat/Documents/GitHub/MechwarriorRecomp/research/extract/decoded_pck/BMAPCK_TBL.decoded.bin,pck_object_0015_part_000_choice_000_frame_041,pck_object_0015,pck_object_0015_part_000,pck_object_0015_part_000_choice_000,0,0,41,0x0025A3,62,254,0x0025A5,3EFE77FF3E003EFE,77FF3E003EFECEFF3E003EFECEFFDBFF
C:/Users/MadCat/Documents/GitHub/MechwarriorRecomp/research/extract/decoded_pck/BMAPCK_TBL.decoded.bin,pck_object_0015_part_000_choice_000_frame_042,pck_object_0015,pck_object_0015_part_000,pck_object_0015_part_000_choice_000,0,0,42,0x0025AB,206,255,0x0025AD,CEFF3E003EFECEFF,3E003EFECEFFDBFF3EFE000000F80000
C:/Users/MadCat/Documents/GitHub/MechwarriorRecomp/research/extract/decoded_pck/BMAPCK_TBL.decoded.bin,pck_object_0015_part_000_choice_000_frame_043,pck_object_0015,pck_object_0015_part_000,pck_object_0015_part_000_choice_000,0,0,43,0x0025B3,219,255,0x0025B5,DBFF3EFE000000F8,3EFE000000F800000000FD0767006AFF
C:/Users/MadCat/Documents/GitHub/MechwarriorRecomp/research/extract/decoded_pck/BMAPCK_TBL.decoded.bin,pck_object_0015_part_000_choice_000_frame_044,pck_object_0015,pck_object_0015_part_000,pck_object_0015_part_000_choice_000,0,0,44,0x0025BB,0,0,0x0025BD,00000000FD076700,0000FD0767006AFF0000D4FE00009303
C:/Users/MadCat/Documents/GitHub/MechwarriorRecomp/research/extract/decoded_pck/BMAPCK_TBL.decoded.bin,pck_object_0015_part_000_choice_000_frame_045,pck_object_0015,pck_object_0015_part_000,pck_object_0015_part_000_choice_000,0,0,45,0x0025C3,106,255,0x0025C5,6AFF0000D4FE0000,0000D4FE0000930327075EFFA2000CFE
C:/Users/MadCat/Documents/GitHub/MechwarriorRecomp/research/extract/decoded_pck/BMAPCK_TBL.decoded.bin,pck_object_0015_part_000_choice_000_frame_046,pck_object_0015,pck_object_0015_part_000,pck_object_0015_part_000_choice_000,0,0,46,0x0025CB,147,3,0x0025CD,930327075EFFA200,27075EFFA2000CFEE7FFA2000CFE2707
C:/Users/MadCat/Documents/GitHub/MechwarriorRecomp/research/extract/decoded_pck/BMAPCK_TBL.decoded.bin,pck_object_0015_part_000_choice_000_frame_047,pck_object_0015,pck_object_0015_part_000,pck_object_0015_part_000_choice_000,0,0,47,0x0025D3,12,254,0x0025D5,0CFEE7FFA2000CFE,E7FFA2000CFE270700009303E7FFB5FF
C:/Users/MadCat/Documents/GitHub/MechwarriorRecomp/research/extract/decoded_pck/BMAPCK_TBL.decoded.bin,pck_object_0015_part_000_choice_000_frame_048,pck_object_0015,pck_object_0015_part_000,pck_object_0015_part_000_choice_000,0,0,48,0x0025DB,39,7,0x0025DD,270700009303E7FF,00009303E7FFB5FF0CFED9F800009303
C:/Users/MadCat/Documents/GitHub/MechwarriorRecomp/research/extract/decoded_pck/BMAPCK_TBL.decoded.bin,pck_object_0015_part_000_choice_000_frame_049,pck_object_0015,pck_object_0015_part_000,pck_object_0015_part_000_choice_000,0,0,49,0x0025E3,181,255,0x0025E5,B5FF0CFED9F80000,0CFED9F8000093035EFFB5FF0CFE0000
C:/Users/MadCat/Documents/GitHub/MechwarriorRecomp/research/extract/decoded_pck/BMAPCK_TBL.decoded.bin,pck_object_0015_part_000_choice_000_frame_050,pck_object_0015,pck_object_0015_part_000,pck_object_0015_part_000_choice_000,0,0,50,0x0025EB,147,3,0x0025ED,93035EFFB5FF0CFE,5EFFB5FF0CFE0000A2F9D70400000000
C:/Users/MadCat/Documents/GitHub/MechwarriorRecomp/research/extract/decoded_pck/BMAPCK_TBL.decoded.bin,pck_object_0015_part_000_choice_000_frame_051,pck_object_0015,pck_object_0015_part_000,pck_object_0015_part_000_choice_000,0,0,51,0x0025F3,0,0,0x0025F5,0000A2F9D7040000,A2F9D7040000000000F8010003010000
C:/Users/MadCat/Documents/GitHub/MechwarriorRecomp/research/extract/decoded_pck/BMAPCK_TBL.decoded.bin,pck_object_0015_part_000_choice_000_frame_052,pck_object_0015,pck_object_0015_part_000,pck_object_0015_part_000_choice_000,0,0,52,0x0025FB,0,0,0x0025FD,000000F801000301,00F801000301000006000B01080F8107
C:/Users/MadCat/Documents/GitHub/MechwarriorRecomp/research/extract/decoded_pck/BMAPCK_TBL.decoded.bin,pck_object_0015_part_000_choice_000_frame_053,pck_object_0015,pck_object_0015_part_000,pck_object_0015_part_000_choice_000,0,0,53,0x002603,0,0,0x002605,000006000B01080F,06000B01080F8107070000013B018108
C:/Users/MadCat/Documents/GitHub/MechwarriorRecomp/research/extract/decoded_pck/BMAPCK_TBL.decoded.bin,pck_object_0015_part_000_choice_000_frame_054,pck_object_0015,pck_object_0015_part_000,pck_object_0015_part_000_choice_000,0,0,54,0x00260B,129,7,0x00260D,8107070000013B01,070000013B018108080808074101810C
C:/Users/MadCat/Documents/GitHub/MechwarriorRecomp/research/extract/decoded_pck/BMAPCK_TBL.decoded.bin,pck_object_0015_part_000_choice_000_frame_055,pck_object_0015,pck_object_0015_part_000,pck_object_0015_part_000_choice_000,0,0,55,0x002613,129,8,0x002615,8108080808074101,080808074101810C0C00000D4701810F
C:/Users/MadCat/Documents/GitHub/MechwarriorRecomp/research/extract/decoded_pck/BMAPCK_TBL.decoded.bin,pck_object_0015_part_000_choice_000_frame_056,pck_object_0015,pck_object_0015_part_000,pck_object_0015_part_000_choice_000,0,0,56,0x00261B,129,12,0x00261D,810C0C00000D4701,0C00000D4701810F0F00000E4C018108
C:/Users/MadCat/Documents/GitHub/MechwarriorRecomp/research/extract/decoded_pck/BMAPCK_TBL.decoded.bin,pck_object_0015_part_000_choice_000_frame_057,pck_object_0015,pck_object_0015_part_000,pck_object_0015_part_000_choice_000,0,0,57,0x002623,129,15,0x002625,810F0F00000E4C01,0F00000E4C0181080808080F51018104
C:/Users/MadCat/Documents/GitHub/MechwarriorRecomp/research/extract/decoded_pck/BMAPCK_TBL.decoded.bin,pck_object_0015_part_000_choice_000_frame_058,pck_object_0015,pck_object_0015_part_000,pck_object_0015_part_000_choice_000,0,0,58,0x00262B,129,8,0x00262D,81080808080F5101,0808080F510181040408081056010203
C:/Users/MadCat/Documents/GitHub/MechwarriorRecomp/research/extract/decoded_pck/BMAPCK_TBL.decoded.bin,pck_object_0015_part_000_choice_000_frame_059,pck_object_0015,pck_object_0015_part_000,pck_object_0015_part_000_choice_000,0,0,59,0x002633,129,4,0x002635,8104040808105601,0408081056010203040506FF08090A0B
C:/Users/MadCat/Documents/GitHub/MechwarriorRecomp/research/extract/decoded_pck/BMAPCK_TBL.decoded.bin,pck_object_0015_part_000_choice_000_frame_060,pck_object_0015,pck_object_0015_part_000,pck_object_0015_part_000_choice_000,0,0,60,0x00263B,2,3,0x00263D,0203040506FF0809,040506FF08090A0B0CFF06080C02FF02
C:/Users/MadCat/Documents/GitHub/MechwarriorRecomp/research/extract/decoded_pck/BMAPCK_TBL.decoded.bin,pck_object_0015_part_000_choice_000_frame_061,pck_object_0015,pck_object_0015_part_000,pck_object_0015_part_000_choice_000,0,0,61,0x002643,10,11,0x002645,0A0B0CFF06080C02,0CFF06080C02FF020C0B03FF030B0A04
C:/Users/MadCat/Documents/GitHub/MechwarriorRecomp/research/extract/decoded_pck/BMAPCK_TBL.decoded.bin,pck_object_0015_part_000_choice_000_frame_062,pck_object_0015,pck_object_0015_part_000,pck_object_0015_part_000_choice_000,0,0,62,0x00264B,255,2,0x00264D,FF020C0B03FF030B,0C0B03FF030B0A04FF05090806FF0100
C:/Users/MadCat/Documents/GitHub/MechwarriorRecomp/research/extract/decoded_pck/BMAPCK_TBL.decoded.bin,pck_object_0015_part_000_choice_000_frame_063,pck_object_0015,pck_object_0015_part_000,pck_object_0015_part_000_choice_000,0,0,63,0x002653,10,4,0x002655,0A04FF05090806FF,FF05090806FF01005F01000004006701
C:/Users/MadCat/Documents/GitHub/MechwarriorRecomp/research/extract/decoded_pck/BMAPCK_TBL.decoded.bin,pck_object_0015_part_000_choice_000_frame_064,pck_object_0015,pck_object_0015_part_000,pck_object_0015_part_000_choice_000,0,0,64,0x00265B,1,0,0x00265D,01005F0100000400,5F01000004006701001C810808080801
C:/Users/MadCat/Documents/GitHub/MechwarriorRecomp/research/extract/decoded_pck/BMAPCK_TBL.decoded.bin,pck_object_0015_part_000_choice_000_frame_065,pck_object_0015,pck_object_0015_part_000,pck_object_0015_part_000_choice_000,0,0,65,0x002663,103,1,0x002665,6701001C81080808,001C8108080808018701810000000007
C:/Users/MadCat/Documents/GitHub/MechwarriorRecomp/research/extract/decoded_pck/BMAPCK_TBL.decoded.bin,pck_object_0015_part_000_choice_000_frame_066,pck_object_0015,pck_object_0015_part_000,pck_object_0015_part_000_choice_000,0,0,66,0x00266B,8,1,0x00266D,0801870181000000,87018100000000078C01810404010116
C:/Users/MadCat/Documents/GitHub/MechwarriorRecomp/research/extract/decoded_pck/BMAPCK_TBL.decoded.bin,pck_object_0015_part_000_choice_000_frame_067,pck_object_0015,pck_object_0015_part_000,pck_object_0015_part_000_choice_000,0,0,67,0x002673,0,7,0x002675,00078C0181040401,8C018104040101169101810707010117
C:/Users/MadCat/Documents/GitHub/MechwarriorRecomp/research/extract/decoded_pck/BMAPCK_TBL.decoded.bin,pck_object_0015_part_000_choice_000_frame_068,pck_object_0015,pck_object_0015_part_000,pck_object_0015_part_000_choice_000,0,0,68,0x00267B,1,22,0x00267D,0116910181070701,9101810707010117960104121305FF09
C:/Users/MadCat/Documents/GitHub/MechwarriorRecomp/research/extract/decoded_pck/BMAPCK_TBL.decoded.bin,pck_object_0015_part_000_choice_000_frame_069,pck_object_0015,pck_object_0015_part_000,pck_object_0015_part_000_choice_000,0,0,69,0x002683,1,23,0x002685,0117960104121305,960104121305FF0914150AFF040A1512
C:/Users/MadCat/Documents/GitHub/MechwarriorRecomp/research/extract/decoded_pck/BMAPCK_TBL.decoded.bin,pck_object_0015_part_000_choice_000_frame_070,pck_object_0015,pck_object_0015_part_000,pck_object_0015_part_000_choice_000,0,0,70,0x00268B,255,9,0x00268D,FF0914150AFF040A,14150AFF040A1512FF13140905FF0100
C:/Users/MadCat/Documents/GitHub/MechwarriorRecomp/research/extract/decoded_pck/BMAPCK_TBL.decoded.bin,pck_object_0015_part_000_choice_000_frame_071,pck_object_0015,pck_object_0015_part_000,pck_object_0015_part_000_choice_000,0,0,71,0x002693,21,18,0x002695,1512FF13140905FF,FF13140905FF01009F0100000500A701
C:/Users/MadCat/Documents/GitHub/MechwarriorRecomp/research/extract/decoded_pck/BMAPCK_TBL.decoded.bin,pck_object_0015_part_000_choice_000_frame_072,pck_object_0015,pck_object_0015_part_000,pck_object_0015_part_000_choice_000,0,0,72,0x00269B,1,0,0x00269D,01009F0100000500,9F0100000500A7010101810000080819
C:/Users/MadCat/Documents/GitHub/MechwarriorRecomp/research/extract/decoded_pck/BMAPCK_TBL.decoded.bin,pck_object_0015_part_000_choice_000_frame_073,pck_object_0015,pck_object_0015_part_000,pck_object_0015_part_000_choice_000,0,0,73,0x0026A3,167,1,0x0026A5,A701010181000008,0101810000080819CF0181000000001C
C:/Users/MadCat/Documents/GitHub/MechwarriorRecomp/research/extract/decoded_pck/BMAPCK_TBL.decoded.bin,pck_object_0015_part_000_choice_000_frame_074,pck_object_0015,pck_object_0015_part_000,pck_object_0015_part_000_choice_000,0,0,74,0x0026AB,8,25,0x0026AD,0819CF0181000000,CF0181000000001CD40181000000001E
C:/Users/MadCat/Documents/GitHub/MechwarriorRecomp/research/extract/decoded_pck/BMAPCK_TBL.decoded.bin,pck_object_0015_part_000_choice_000_frame_075,pck_object_0015,pck_object_0015_part_000,pck_object_0015_part_000_choice_000,0,0,75,0x0026B3,0,28,0x0026B5,001CD40181000000,D40181000000001ED901810000000020
C:/Users/MadCat/Documents/GitHub/MechwarriorRecomp/research/extract/decoded_pck/BMAPCK_TBL.decoded.bin,pck_object_0015_part_000_choice_000_frame_076,pck_object_0015,pck_object_0015_part_000,pck_object_0015_part_000_choice_000,0,0,76,0x0026BB,0,30,0x0026BD,001ED90181000000,D901810000000020DE01810000000021
C:/Users/MadCat/Documents/GitHub/MechwarriorRecomp/research/extract/decoded_pck/BMAPCK_TBL.decoded.bin,pck_object_0015_part_000_choice_000_frame_077,pck_object_0015,pck_object_0015_part_000,pck_object_0015_part_000_choice_000,0,0,77,0x0026C3,0,32,0x0026C5,0020DE0181000000,DE01810000000021E301131A1B14FF14
C:/Users/MadCat/Documents/GitHub/MechwarriorRecomp/research/extract/decoded_pck/BMAPCK_TBL.decoded.bin,pck_object_0015_part_000_choice_000_frame_078,pck_object_0015,pck_object_0015_part_000,pck_object_0015_part_000_choice_000,0,0,78,0x0026CB,0,33,0x0026CD,0021E301131A1B14,E301131A1B14FF141B1D15FF1A13121F
C:/Users/MadCat/Documents/GitHub/MechwarriorRecomp/research/extract/decoded_pck/BMAPCK_TBL.decoded.bin,pck_object_0015_part_000_choice_000_frame_079,pck_object_0015,pck_object_0015_part_000,pck_object_0015_part_000_choice_000,0,0,79,0x0026D3,255,20,0x0026D5,FF141B1D15FF1A13,1B1D15FF1A13121FFF12151D1FFF1F1D
C:/Users/MadCat/Documents/GitHub/MechwarriorRecomp/research/extract/decoded_pck/BMAPCK_TBL.decoded.bin,pck_object_0019_part_000_choice_000_frame_000,pck_object_0019,pck_object_0019_part_000,pck_object_0019_part_000_choice_000,0,0,0,0x0021AF,9,0,0x0021B1,0900000010310102,00001031010203040506FF08090A0B0C
C:/Users/MadCat/Documents/GitHub/MechwarriorRecomp/research/extract/decoded_pck/BMAPCK_TBL.decoded.bin,pck_object_0019_part_000_choice_000_frame_001,pck_object_0019,pck_object_0019_part_000,pck_object_0019_part_000_choice_000,0,0,1,0x0021B7,3,4,0x0021B9,03040506FF08090A,0506FF08090A0B0CFF06080C02FF020C
C:/Users/MadCat/Documents/GitHub/MechwarriorRecomp/research/extract/decoded_pck/BMAPCK_TBL.decoded.bin,pck_object_0019_part_000_choice_000_frame_002,pck_object_0019,pck_object_0019_part_000,pck_object_0019_part_000_choice_000,0,0,2,0x0021BF,11,12,0x0021C1,0B0CFF06080C02FF,FF06080C02FF020C0B03FF030B0A04FF
C:/Users/MadCat/Documents/GitHub/MechwarriorRecomp/research/extract/decoded_pck/BMAPCK_TBL.decoded.bin,pck_object_0019_part_000_choice_000_frame_003,pck_object_0019,pck_object_0019_part_000,pck_object_0019_part_000_choice_000,0,0,3,0x0021C7,2,12,0x0021C9,020C0B03FF030B0A,0B03FF030B0A04FF05090806FF01003A
C:/Users/MadCat/Documents/GitHub/MechwarriorRecomp/research/extract/decoded_pck/BMAPCK_TBL.decoded.bin,pck_object_0019_part_000_choice_000_frame_004,pck_object_0019,pck_object_0019_part_000,pck_object_0019_part_000_choice_000,0,0,4,0x0021CF,4,255,0x0021D1,04FF05090806FF01,05090806FF01003A0100000500420115
C:/Users/MadCat/Documents/GitHub/MechwarriorRecomp/research/extract/decoded_pck/BMAPCK_TBL.decoded.bin,pck_object_0019_part_000_choice_000_frame_005,pck_object_0019,pck_object_0019_part_000,pck_object_0019_part_000_choice_000,0,0,5,0x0021D7,0,58,0x0021D9,003A010000050042,01000005004201155B8108000000126A
C:/Users/MadCat/Documents/GitHub/MechwarriorRecomp/research/extract/decoded_pck/BMAPCK_TBL.decoded.bin,pck_object_0019_part_000_choice_000_frame_006,pck_object_0019,pck_object_0019_part_000,pck_object_0019_part_000_choice_000,0,0,6,0x0021DF,1,21,0x0021E1,01155B8108000000,5B8108000000126A018108000808176F
C:/Users/MadCat/Documents/GitHub/MechwarriorRecomp/research/extract/decoded_pck/BMAPCK_TBL.decoded.bin,pck_object_0019_part_000_choice_000_frame_007,pck_object_0019,pck_object_0019_part_000,pck_object_0019_part_000_choice_000,0,0,7,0x0021E7,18,106,0x0021E9,126A018108000808,018108000808176F0181080000001A74
C:/Users/MadCat/Documents/GitHub/MechwarriorRecomp/research/extract/decoded_pck/BMAPCK_TBL.decoded.bin,pck_object_0019_part_000_choice_000_frame_008,pck_object_0019,pck_object_0019_part_000,pck_object_0019_part_000_choice_000,0,0,8,0x0021EF,23,111,0x0021F1,176F018108000000,0181080000001A740181080000001B79
C:/Users/MadCat/Documents/GitHub/MechwarriorRecomp/research/extract/decoded_pck/BMAPCK_TBL.decoded.bin,pck_object_0019_part_000_choice_000_frame_009,pck_object_0019,pck_object_0019_part_000,pck_object_0019_part_000_choice_000,0,0,9,0x0021F7,26,116,0x0021F9,1A74018108000000,0181080000001B790181080000001C7E
C:/Users/MadCat/Documents/GitHub/MechwarriorRecomp/research/extract/decoded_pck/BMAPCK_TBL.decoded.bin,pck_object_0019_part_000_choice_000_frame_010,pck_object_0019,pck_object_0019_part_000,pck_object_0019_part_000_choice_000,0,0,10,0x0021FF,27,121,0x002201,1B79018108000000,0181080000001C7E0113141516FF1813
C:/Users/MadCat/Documents/GitHub/MechwarriorRecomp/research/extract/decoded_pck/BMAPCK_TBL.decoded.bin,pck_object_0019_part_000_choice_000_frame_011,pck_object_0019,pck_object_0019_part_000,pck_object_0019_part_000_choice_000,0,0,11,0x002207,28,126,0x002209,1C7E0113141516FF,0113141516FF18131619FF19161509FF
C:/Users/MadCat/Documents/GitHub/MechwarriorRecomp/research/extract/decoded_pck/BMAPCK_TBL.decoded.bin,pck_object_0019_part_000_choice_000_frame_012,pck_object_0019,pck_object_0019_part_000,pck_object_0019_part_000_choice_000,0,0,12,0x00220F,24,19,0x002211,18131619FF191615,1619FF19161509FF0915140AFF0A1413
C:/Users/MadCat/Documents/GitHub/MechwarriorRecomp/research/extract/decoded_pck/BMAPCK_TBL.decoded.bin,pck_object_0019_part_000_choice_000_frame_013,pck_object_0019,pck_object_0019_part_000,pck_object_0019_part_000_choice_000,0,0,13,0x002217,9,255,0x002219,09FF0915140AFF0A,0915140AFF0A141318FF8000D6010000
C:/Users/MadCat/Documents/GitHub/MechwarriorRecomp/research/extract/decoded_pck/BMAPCK_TBL.decoded.bin,pck_object_0019_part_000_choice_000_frame_014,pck_object_0019,pck_object_0019_part_000,pck_object_0019_part_000_choice_000,0,0,14,0x00221F,20,19,0x002221,141318FF8000D601,18FF8000D60100000000000002001100
C:/Users/MadCat/Documents/GitHub/MechwarriorRecomp/research/extract/decoded_pck/BMAPCK_TBL.decoded.bin,pck_object_0019_part_000_choice_000_frame_015,pck_object_0019,pck_object_0019_part_000,pck_object_0019_part_000_choice_000,0,0,15,0x002227,0,0,0x002229,0000000000000200,0000000002001100001D21000100CF00
C:/Users/MadCat/Documents/GitHub/MechwarriorRecomp/research/extract/decoded_pck/BMAPCK_TBL.decoded.bin,pck_object_0019_part_000_choice_000_frame_016,pck_object_0019,pck_object_0019_part_000,pck_object_0019_part_000_choice_000,0,0,16,0x00222F,17,0,0x002231,1100001D21000100,001D21000100CF00111D210001002B01
C:/Users/MadCat/Documents/GitHub/MechwarriorRecomp/research/extract/decoded_pck/BMAPCK_TBL.decoded.bin,pck_object_0019_part_000_choice_000_frame_017,pck_object_0019,pck_object_0019_part_000,pck_object_0019_part_000_choice_000,0,0,17,0x002237,207,0,0x002239,CF00111D21000100,111D210001002B01C807AB0001008901
C:/Users/MadCat/Documents/GitHub/MechwarriorRecomp/research/extract/decoded_pck/BMAPCK_TBL.decoded.bin,pck_object_0019_part_000_choice_000_frame_018,pck_object_0019,pck_object_0019_part_000,pck_object_0019_part_000_choice_000,0,0,18,0x00223F,43,1,0x002241,2B01C807AB000100,C807AB000100890162F81DFEFD00DBFF
C:/Users/MadCat/Documents/GitHub/MechwarriorRecomp/research/extract/decoded_pck/BMAPCK_TBL.decoded.bin,pck_object_0019_part_000_choice_000_frame_019,pck_object_0019,pck_object_0019_part_000,pck_object_0019_part_000_choice_000,0,0,19,0x002247,137,1,0x002249,890162F81DFEFD00,62F81DFEFD00DBFF7A010E01F4FF2301
C:/Users/MadCat/Documents/GitHub/MechwarriorRecomp/research/extract/decoded_pck/BMAPCK_TBL.decoded.bin,pck_object_0019_part_000_choice_000_frame_020,pck_object_0019,pck_object_0019_part_000,pck_object_0019_part_000_choice_000,0,0,20,0x00224F,219,255,0x002251,DBFF7A010E01F4FF,7A010E01F4FF2301F80015008C00BC00
C:/Users/MadCat/Documents/GitHub/MechwarriorRecomp/research/extract/decoded_pck/BMAPCK_TBL.decoded.bin,pck_object_0019_part_000_choice_000_frame_021,pck_object_0019,pck_object_0019_part_000,pck_object_0019_part_000_choice_000,0,0,21,0x002257,35,1,0x002259,2301F80015008C00,F80015008C00BC0010008C00C100D1FF
C:/Users/MadCat/Documents/GitHub/MechwarriorRecomp/research/extract/decoded_pck/BMAPCK_TBL.decoded.bin,pck_object_0019_part_000_choice_000_frame_022,pck_object_0019,pck_object_0019_part_000,pck_object_0019_part_000_choice_000,0,0,22,0x00225F,188,0,0x002261,BC0010008C00C100,10008C00C100D1FF8D013BFFB2070902
C:/Users/MadCat/Documents/GitHub/MechwarriorRecomp/research/extract/decoded_pck/BMAPCK_TBL.decoded.bin,pck_object_0019_part_000_choice_000_frame_023,pck_object_0019,pck_object_0019_part_000,pck_object_0019_part_000_choice_000,0,0,23,0x002267,209,255,0x002269,D1FF8D013BFFB207,8D013BFFB2070902BC001E00A201B600
C:/Users/MadCat/Documents/GitHub/MechwarriorRecomp/research/extract/decoded_pck/BMAPCK_TBL.decoded.bin,pck_object_0019_part_000_choice_000_frame_024,pck_object_0019,pck_object_0019_part_000,pck_object_0019_part_000_choice_000,0,0,24,0x00226F,9,2,0x002271,0902BC001E00A201,BC001E00A201B6005F00AA00F2006500
C:/Users/MadCat/Documents/GitHub/MechwarriorRecomp/research/extract/decoded_pck/BMAPCK_TBL.decoded.bin,pck_object_0019_part_000_choice_000_frame_025,pck_object_0019,pck_object_0019_part_000,pck_object_0019_part_000_choice_000,0,0,25,0x002277,182,0,0x002279,B6005F00AA00F200,5F00AA00F2006500AA00090141003801
C:/Users/MadCat/Documents/GitHub/MechwarriorRecomp/research/extract/decoded_pck/BMAPCK_TBL.decoded.bin,pck_object_0019_part_000_choice_000_frame_026,pck_object_0019,pck_object_0019_part_000,pck_object_0019_part_000_choice_000,0,0,26,0x00227F,101,0,0x002281,6500AA0009014100,AA00090141003801F70028008F01AA02
C:/Users/MadCat/Documents/GitHub/MechwarriorRecomp/research/extract/decoded_pck/BMAPCK_TBL.decoded.bin,pck_object_0019_part_000_choice_000_frame_027,pck_object_0019,pck_object_0019_part_000,pck_object_0019_part_000_choice_000,0,0,27,0x002287,56,1,0x002289,3801F70028008F01,F70028008F01AA022EFE5107D2072700
C:/Users/MadCat/Documents/GitHub/MechwarriorRecomp/research/extract/decoded_pck/BMAPCK_TBL.decoded.bin,pck_object_0019_part_000_choice_000_frame_028,pck_object_0019,pck_object_0019_part_000,pck_object_0019_part_000_choice_000,0,0,28,0x00228F,170,2,0x002291,AA022EFE5107D207,2EFE5107D2072700A901E207CE00EEFE
C:/Users/MadCat/Documents/GitHub/MechwarriorRecomp/research/extract/decoded_pck/BMAPCK_TBL.decoded.bin,pck_object_0019_part_000_choice_000_frame_029,pck_object_0019,pck_object_0019_part_000,pck_object_0019_part_000_choice_000,0,0,29,0x002297,39,0,0x002299,2700A901E207CE00,A901E207CE00EEFE07F862FF0700BE07
C:/Users/MadCat/Documents/GitHub/MechwarriorRecomp/research/extract/decoded_pck/BMAPCK_TBL.decoded.bin,pck_object_0019_part_000_choice_000_frame_030,pck_object_0019,pck_object_0019_part_000,pck_object_0019_part_000_choice_000,0,0,30,0x00229F,238,254,0x0022A1,EEFE07F862FF0700,07F862FF0700BE071B0160FF8EFF7B04
C:/Users/MadCat/Documents/GitHub/MechwarriorRecomp/research/extract/decoded_pck/BMAPCK_TBL.decoded.bin,pck_object_0019_part_000_choice_000_frame_031,pck_object_0019,pck_object_0019_part_000,pck_object_0019_part_000_choice_000,0,0,31,0x0022A7,190,7,0x0022A9,BE071B0160FF8EFF,1B0160FF8EFF7B0464F9D8000A012AFF
C:/Users/MadCat/Documents/GitHub/MechwarriorRecomp/research/extract/decoded_pck/BMAPCK_TBL.decoded.bin,pck_object_0019_part_000_choice_000_frame_032,pck_object_0019,pck_object_0019_part_000,pck_object_0019_part_000_choice_000,0,0,32,0x0022AF,123,4,0x0022B1,7B0464F9D8000A01,64F9D8000A012AFFD4004C0157FFAC00
C:/Users/MadCat/Documents/GitHub/MechwarriorRecomp/research/extract/decoded_pck/BMAPCK_TBL.decoded.bin,pck_object_0019_part_000_choice_000_frame_033,pck_object_0019,pck_object_0019_part_000,pck_object_0019_part_000_choice_000,0,0,33,0x0022B7,42,255,0x0022B9,2AFFD4004C0157FF,D4004C0157FFAC00480157FFB1000701
C:/Users/MadCat/Documents/GitHub/MechwarriorRecomp/research/extract/decoded_pck/BMAPCK_TBL.decoded.bin,pck_object_0019_part_000_choice_000_frame_034,pck_object_0019,pck_object_0019_part_000,pck_object_0019_part_000_choice_000,0,0,34,0x0022BF,172,0,0x0022C1,AC00480157FFB100,480157FFB10007012AFF800075F96EFB
C:/Users/MadCat/Documents/GitHub/MechwarriorRecomp/research/extract/decoded_pck/BMAPCK_TBL.decoded.bin,pck_object_0019_part_000_choice_000_frame_035,pck_object_0019,pck_object_0019_part_000,pck_object_0019_part_000_choice_000,0,0,35,0x0022C7,7,1,0x0022C9,07012AFF800075F9,2AFF800075F96EFBF50015008C00B900
C:/Users/MadCat/Documents/GitHub/MechwarriorRecomp/research/extract/decoded_pck/BMAPCK_TBL.decoded.bin,pck_object_0019_part_000_choice_000_frame_036,pck_object_0019,pck_object_0019_part_000,pck_object_0019_part_000_choice_000,0,0,36,0x0022CF,110,251,0x0022D1,6EFBF50015008C00,F50015008C00B9000F008C0005F881FF
C:/Users/MadCat/Documents/GitHub/MechwarriorRecomp/research/extract/decoded_pck/BMAPCK_TBL.decoded.bin,pck_object_0019_part_000_choice_000_frame_037,pck_object_0019,pck_object_0019_part_000,pck_object_0019_part_000_choice_000,0,0,37,0x0022D7,185,0,0x0022D9,B9000F008C0005F8,0F008C0005F881FFD5FF59FF8F068704
C:/Users/MadCat/Documents/GitHub/MechwarriorRecomp/research/extract/decoded_pck/BMAPCK_TBL.decoded.bin,pck_object_0019_part_000_choice_000_frame_038,pck_object_0019,pck_object_0019_part_000,pck_object_0019_part_000_choice_000,0,0,38,0x0022DF,129,255,0x0022E1,81FFD5FF59FF8F06,D5FF59FF8F068704F807A800BFFF0100
C:/Users/MadCat/Documents/GitHub/MechwarriorRecomp/research/extract/decoded_pck/BMAPCK_TBL.decoded.bin,pck_object_0019_part_000_choice_000_frame_039,pck_object_0019,pck_object_0019_part_000,pck_object_0019_part_000_choice_000,0,0,39,0x0022E7,135,4,0x0022E9,8704F807A800BFFF,F807A800BFFF0100D30000000600DB00
C:/Users/MadCat/Documents/GitHub/MechwarriorRecomp/research/extract/decoded_pck/BMAPCK_TBL.decoded.bin,pck_object_0019_part_000_choice_000_frame_040,pck_object_0019,pck_object_0019_part_000,pck_object_0019_part_000_choice_000,0,0,40,0x0022EF,1,0,0x0022F1,0100D30000000600,D30000000600DB005000810900010101
C:/Users/MadCat/Documents/GitHub/MechwarriorRecomp/research/extract/decoded_pck/BMAPCK_TBL.decoded.bin,pck_object_0019_part_000_choice_000_frame_041,pck_object_0019,pck_object_0019_part_000,pck_object_0019_part_000_choice_000,0,0,41,0x0022F7,219,0,0x0022F9,DB00500081090001,50008109000101010B01810900010107
C:/Users/MadCat/Documents/GitHub/MechwarriorRecomp/research/extract/decoded_pck/BMAPCK_TBL.decoded.bin,pck_object_0019_part_000_choice_000_frame_042,pck_object_0019,pck_object_0019_part_000,pck_object_0019_part_000_choice_000,0,0,42,0x0022FF,1,1,0x002301,01010B0181090001,0B01810900010107110181090000000D
C:/Users/MadCat/Documents/GitHub/MechwarriorRecomp/research/extract/decoded_pck/BMAPCK_TBL.decoded.bin,pck_object_0019_part_000_choice_000_frame_043,pck_object_0019,pck_object_0019_part_000,pck_object_0019_part_000_choice_000,0,0,43,0x002307,1,7,0x002309,0107110181090000,110181090000000D170181090009090E
C:/Users/MadCat/Documents/GitHub/MechwarriorRecomp/research/extract/decoded_pck/BMAPCK_TBL.decoded.bin,pck_object_0019_part_000_choice_000_frame_044,pck_object_0019,pck_object_0019_part_000,pck_object_0019_part_000_choice_000,0,0,44,0x00230F,0,13,0x002311,000D170181090009,170181090009090E1C0181090008080F
C:/Users/MadCat/Documents/GitHub/MechwarriorRecomp/research/extract/decoded_pck/BMAPCK_TBL.decoded.bin,pck_object_0019_part_000_choice_000_frame_045,pck_object_0019,pck_object_0019_part_000,pck_object_0019_part_000_choice_000,0,0,45,0x002317,9,14,0x002319,090E1C0181090008,1C0181090008080F2101810900000010
C:/Users/MadCat/Documents/GitHub/MechwarriorRecomp/research/extract/decoded_pck/BMAPCK_TBL.decoded.bin,pck_object_0019_part_000_choice_000_frame_046,pck_object_0019,pck_object_0019_part_000,pck_object_0019_part_000_choice_000,0,0,46,0x00231F,8,15,0x002321,080F210181090000,210181090000001026010203040506FF
C:/Users/MadCat/Documents/GitHub/MechwarriorRecomp/research/extract/decoded_pck/BMAPCK_TBL.decoded.bin,pck_object_0019_part_000_choice_000_frame_047,pck_object_0019,pck_object_0019_part_000,pck_object_0019_part_000_choice_000,0,0,47,0x002327,0,16,0x002329,0010260102030405,26010203040506FF08090A0B0CFF0608
C:/Users/MadCat/Documents/GitHub/MechwarriorRecomp/research/extract/decoded_pck/BMAPCK_TBL.decoded.bin,pck_object_0019_part_000_choice_000_frame_048,pck_object_0019,pck_object_0019_part_000,pck_object_0019_part_000_choice_000,0,0,48,0x00232F,6,255,0x002331,06FF08090A0B0CFF,08090A0B0CFF06080C02FF020C0B03FF
C:/Users/MadCat/Documents/GitHub/MechwarriorRecomp/research/extract/decoded_pck/BMAPCK_TBL.decoded.bin,pck_object_0019_part_000_choice_000_frame_049,pck_object_0019,pck_object_0019_part_000,pck_object_0019_part_000_choice_000,0,0,49,0x002337,6,8,0x002339,06080C02FF020C0B,0C02FF020C0B03FF030B0A04FF050908
C:/Users/MadCat/Documents/GitHub/MechwarriorRecomp/research/extract/decoded_pck/BMAPCK_TBL.decoded.bin,pck_object_0019_part_000_choice_000_frame_050,pck_object_0019,pck_object_0019_part_000,pck_object_0019_part_000_choice_000,0,0,50,0x00233F,3,255,0x002341,03FF030B0A04FF05,030B0A04FF05090806FF01002F010000
C:/Users/MadCat/Documents/GitHub/MechwarriorRecomp/research/extract/decoded_pck/BMAPCK_TBL.decoded.bin,pck_object_0019_part_000_choice_000_frame_051,pck_object_0019,pck_object_0019_part_000,pck_object_0019_part_000_choice_000,0,0,51,0x002347,9,8,0x002349,090806FF01002F01,06FF01002F01000005003701155B8108
C:/Users/MadCat/Documents/GitHub/MechwarriorRecomp/research/extract/decoded_pck/BMAPCK_TBL.decoded.bin,pck_object_0019_part_000_choice_000_frame_052,pck_object_0019,pck_object_0019_part_000,pck_object_0019_part_000_choice_000,0,0,52,0x00234F,0,0,0x002351,000005003701155B,05003701155B8108000000125F018108
C:/Users/MadCat/Documents/GitHub/MechwarriorRecomp/research/extract/decoded_pck/BMAPCK_TBL.decoded.bin,pck_object_0019_part_000_choice_000_frame_053,pck_object_0019,pck_object_0019_part_000,pck_object_0019_part_000_choice_000,0,0,53,0x002357,129,8,0x002359,8108000000125F01,000000125F0181080008081764018108
C:/Users/MadCat/Documents/GitHub/MechwarriorRecomp/research/extract/decoded_pck/BMAPCK_TBL.decoded.bin,pck_object_0019_part_000_choice_000_frame_054,pck_object_0019,pck_object_0019_part_000,pck_object_0019_part_000_choice_000,0,0,54,0x00235F,129,8,0x002361,8108000808176401,00080817640181080000001A69018108
C:/Users/MadCat/Documents/GitHub/MechwarriorRecomp/research/extract/decoded_pck/BMAPCK_TBL.decoded.bin,pck_object_0019_part_000_choice_000_frame_055,pck_object_0019,pck_object_0019_part_000,pck_object_0019_part_000_choice_000,0,0,55,0x002367,129,8,0x002369,81080000001A6901,0000001A690181080000001B6E018108
C:/Users/MadCat/Documents/GitHub/MechwarriorRecomp/research/extract/decoded_pck/BMAPCK_TBL.decoded.bin,pck_object_0019_part_000_choice_000_frame_056,pck_object_0019,pck_object_0019_part_000,pck_object_0019_part_000_choice_000,0,0,56,0x00236F,129,8,0x002371,81080000001B6E01,0000001B6E0181080000001C73011314
C:/Users/MadCat/Documents/GitHub/MechwarriorRecomp/research/extract/decoded_pck/BMAPCK_TBL.decoded.bin,pck_object_0019_part_000_choice_000_frame_057,pck_object_0019,pck_object_0019_part_000,pck_object_0019_part_000_choice_000,0,0,57,0x002377,129,8,0x002379,81080000001C7301,0000001C730113141516FF18131619FF
C:/Users/MadCat/Documents/GitHub/MechwarriorRecomp/research/extract/decoded_pck/BMAPCK_TBL.decoded.bin,pck_object_0019_part_000_choice_000_frame_058,pck_object_0019,pck_object_0019_part_000,pck_object_0019_part_000_choice_000,0,0,58,0x00237F,19,20,0x002381,13141516FF181316,1516FF18131619FF19161509FF091514
C:/Users/MadCat/Documents/GitHub/MechwarriorRecomp/research/extract/decoded_pck/BMAPCK_TBL.decoded.bin,pck_object_0019_part_000_choice_000_frame_059,pck_object_0019,pck_object_0019_part_000,pck_object_0019_part_000_choice_000,0,0,59,0x002387,25,255,0x002389,19FF19161509FF09,19161509FF0915140AFF0A141318FF80
C:/Users/MadCat/Documents/GitHub/MechwarriorRecomp/research/extract/decoded_pck/BMAPCK_TBL.decoded.bin,pck_object_0019_part_000_choice_000_frame_060,pck_object_0019,pck_object_0019_part_000,pck_object_0019_part_000_choice_000,0,0,60,0x00238F,21,20,0x002391,15140AFF0A141318,0AFF0A141318FF8000CB010000000000
C:/Users/MadCat/Documents/GitHub/MechwarriorRecomp/research/extract/decoded_pck/BMAPCK_TBL.decoded.bin,pck_object_0019_part_000_choice_000_frame_061,pck_object_0019,pck_object_0019_part_000,pck_object_0019_part_000_choice_000,0,0,61,0x002397,255,128,0x002399,FF8000CB01000000,00CB0100000000000002001600001D26
C:/Users/MadCat/Documents/GitHub/MechwarriorRecomp/research/extract/decoded_pck/BMAPCK_TBL.decoded.bin,pck_object_0019_part_000_choice_000_frame_062,pck_object_0019,pck_object_0019_part_000,pck_object_0019_part_000_choice_000,0,0,62,0x00239F,0,0,0x0023A1,0000000200160000,0002001600001D26000100D400111D26
C:/Users/MadCat/Documents/GitHub/MechwarriorRecomp/research/extract/decoded_pck/BMAPCK_TBL.decoded.bin,pck_object_0019_part_000_choice_000_frame_063,pck_object_0019,pck_object_0019_part_000,pck_object_0019_part_000_choice_000,0,0,63,0x0023A7,29,38,0x0023A9,1D26000100D40011,000100D400111D260001003001D00700
C:/Users/MadCat/Documents/GitHub/MechwarriorRecomp/research/extract/decoded_pck/BMAPCK_TBL.decoded.bin,pck_object_0019_part_000_choice_000_frame_064,pck_object_0019,pck_object_0019_part_000,pck_object_0019_part_000_choice_000,0,0,64,0x0023AF,29,38,0x0023B1,1D260001003001D0,0001003001D00700000100480008F85B
C:/Users/MadCat/Documents/GitHub/MechwarriorRecomp/research/extract/decoded_pck/BMAPCK_TBL.decoded.bin,pck_object_0019_part_000_choice_000_frame_065,pck_object_0019,pck_object_0019_part_000,pck_object_0019_part_000_choice_000,0,0,65,0x0023B7,7,0,0x0023B9,0700000100480008,000100480008F85BFFF900D8FF79010D
C:/Users/MadCat/Documents/GitHub/MechwarriorRecomp/research/extract/decoded_pck/BMAPCK_TBL.decoded.bin,pck_object_0019_part_000_choice_000_frame_066,pck_object_0019,pck_object_0019_part_000,pck_object_0019_part_000_choice_000,0,0,66,0x0023BF,248,91,0x0023C1,F85BFFF900D8FF79,FFF900D8FF79010D01E0FF1F01F900EC
C:/Users/MadCat/Documents/GitHub/MechwarriorRecomp/research/extract/decoded_pck/BMAPCK_TBL.decoded.bin,pck_object_0019_part_000_choice_000_frame_067,pck_object_0019,pck_object_0019_part_000,pck_object_0019_part_000_choice_000,0,0,67,0x0023C7,1,13,0x0023C9,010D01E0FF1F01F9,01E0FF1F01F900ECFF8200BD00ECFF82
C:/Users/MadCat/Documents/GitHub/MechwarriorRecomp/research/extract/decoded_pck/BMAPCK_TBL.decoded.bin,pck_object_0019_part_000_choice_000_frame_068,pck_object_0019,pck_object_0019_part_000,pck_object_0019_part_000_choice_000,0,0,68,0x0023CF,0,236,0x0023D1,00ECFF8200BD00EC,FF8200BD00ECFF8200BD00D6FF8C0100
C:/Users/MadCat/Documents/GitHub/MechwarriorRecomp/research/extract/decoded_pck/BMAPCK_TBL.decoded.bin,pck_object_0019_part_000_choice_000_frame_069,pck_object_0019,pck_object_0019_part_000,pck_object_0019_part_000_choice_000,0,0,69,0x0023D7,255,130,0x0023D9,FF8200BD00D6FF8C,00BD00D6FF8C010000F807AA00BE0026
C:/Users/MadCat/Documents/GitHub/MechwarriorRecomp/research/extract/decoded_pck/BMAPCK_TBL.decoded.bin,pck_object_0019_part_000_choice_000_frame_070,pck_object_0019,pck_object_0019_part_000,pck_object_0019_part_000_choice_000,0,0,70,0x0023DF,1,0,0x0023E1,010000F807AA00BE,00F807AA00BE0026009301BE003C008C
C:/Users/MadCat/Documents/GitHub/MechwarriorRecomp/research/extract/decoded_pck/BMAPCK_TBL.decoded.bin,pck_object_0019_part_000_choice_000_frame_071,pck_object_0019,pck_object_0019_part_000,pck_object_0019_part_000_choice_000,0,0,71,0x0023E7,0,38,0x0023E9,0026009301BE003C,009301BE003C008C00FA003C008C000E
C:/Users/MadCat/Documents/GitHub/MechwarriorRecomp/research/extract/decoded_pck/BMAPCK_TBL.decoded.bin,pck_object_0019_part_000_choice_000_frame_072,pck_object_0019,pck_object_0019_part_000,pck_object_0019_part_000_choice_000,0,0,72,0x0023EF,0,140,0x0023F1,008C00FA003C008C,00FA003C008C000E0130002601FA0028
C:/Users/MadCat/Documents/GitHub/MechwarriorRecomp/research/extract/decoded_pck/BMAPCK_TBL.decoded.bin,pck_object_0019_part_000_choice_000_frame_073,pck_object_0019,pck_object_0019_part_000,pck_object_0019_part_000_choice_000,0,0,73,0x0023F7,0,14,0x0023F9,000E0130002601FA,0130002601FA0028007F018A024FFF8D
C:/Users/MadCat/Documents/GitHub/MechwarriorRecomp/research/extract/decoded_pck/BMAPCK_TBL.decoded.bin,pck_object_0019_part_000_choice_000_frame_074,pck_object_0019,pck_object_0019_part_000,pck_object_0019_part_000_choice_000,0,0,74,0x0023FF,0,40,0x002401,0028007F018A024F,007F018A024FFF8D07CE07C6FFBB01EE
C:/Users/MadCat/Documents/GitHub/MechwarriorRecomp/research/extract/decoded_pck/BMAPCK_TBL.decoded.bin,pck_object_0019_part_000_choice_000_frame_075,pck_object_0019,pck_object_0019_part_000,pck_object_0019_part_000_choice_000,0,0,75,0x002407,255,141,0x002409,FF8D07CE07C6FFBB,07CE07C6FFBB01EE07FEFFF9FE01F819
C:/Users/MadCat/Documents/GitHub/MechwarriorRecomp/research/extract/decoded_pck/BMAPCK_TBL.decoded.bin,pck_object_0019_part_000_choice_000_frame_076,pck_object_0019,pck_object_0019_part_000,pck_object_0019_part_000_choice_000,0,0,76,0x00240F,1,238,0x002411,01EE07FEFFF9FE01,07FEFFF9FE01F819000200D00721003D
C:/Users/MadCat/Documents/GitHub/MechwarriorRecomp/research/extract/decoded_pck/BMAPCK_TBL.decoded.bin,pck_object_0019_part_000_choice_000_frame_077,pck_object_0019,pck_object_0019_part_000,pck_object_0019_part_000_choice_000,0,0,77,0x002417,248,25,0x002419,F819000200D00721,000200D00721003DFF0000690121F8EE
C:/Users/MadCat/Documents/GitHub/MechwarriorRecomp/research/extract/decoded_pck/BMAPCK_TBL.decoded.bin,pck_object_0019_part_000_choice_000_frame_078,pck_object_0019,pck_object_0019_part_000,pck_object_0019_part_000_choice_000,0,0,78,0x00241F,0,61,0x002421,003DFF0000690121,FF0000690121F8EE003500E8FEF00083
C:/Users/MadCat/Documents/GitHub/MechwarriorRecomp/research/extract/decoded_pck/BMAPCK_TBL.decoded.bin,pck_object_0019_part_000_choice_000_frame_079,pck_object_0019,pck_object_0019_part_000,pck_object_0019_part_000_choice_000,0,0,79,0x002427,248,238,0x002429,F8EE003500E8FEF0,003500E8FEF0008300F6FEC8008300F6
C:/Users/MadCat/Documents/GitHub/MechwarriorRecomp/research/extract/decoded_pck/BMAPCK_TBL.decoded.bin,pck_object_0019_part_000_choice_000_frame_080,pck_object_0019,pck_object_0019_part_000,pck_object_0019_part_000_choice_000,0,0,80,0x00242F,0,131,0x002431,008300F6FEC80083,00F6FEC8008300F6FEC6003500E8FE00
C:/Users/MadCat/Documents/GitHub/MechwarriorRecomp/research/extract/decoded_pck/BMAPCK_TBL.decoded.bin,pck_object_0019_part_000_choice_000_frame_081,pck_object_0019,pck_object_0019_part_000,pck_object_0019_part_000_choice_000,0,0,81,0x002437,0,246,0x002439,00F6FEC6003500E8,FEC6003500E8FE000020F89AFEF800EC
C:/Users/MadCat/Documents/GitHub/MechwarriorRecomp/research/extract/decoded_pck/BMAPCK_TBL.decoded.bin,pck_object_0019_part_000_choice_000_frame_082,pck_object_0019,pck_object_0019_part_000,pck_object_0019_part_000_choice_000,0,0,82,0x00243F,254,0,0x002441,FE000020F89AFEF8,0020F89AFEF800ECFF8200BC00ECFF82
C:/Users/MadCat/Documents/GitHub/MechwarriorRecomp/research/extract/decoded_pck/BMAPCK_TBL.decoded.bin,pck_object_0019_part_000_choice_000_frame_083,pck_object_0019,pck_object_0019_part_000,pck_object_0019_part_000_choice_000,0,0,83,0x002447,0,236,0x002449,00ECFF8200BC00EC,FF8200BC00ECFF820002F83B00D9FF00
C:/Users/MadCat/Documents/GitHub/MechwarriorRecomp/research/extract/decoded_pck/BMAPCK_TBL.decoded.bin,pck_object_0019_part_000_choice_000_frame_084,pck_object_0019,pck_object_0019_part_000,pck_object_0019_part_000_choice_000,0,0,84,0x00244F,255,130,0x002451,FF820002F83B00D9,0002F83B00D9FF0000E1076001FE07D6
C:/Users/MadCat/Documents/GitHub/MechwarriorRecomp/research/extract/decoded_pck/BMAPCK_TBL.decoded.bin,pck_object_0019_part_000_choice_000_frame_085,pck_object_0019,pck_object_0019_part_000,pck_object_0019_part_000_choice_000,0,0,85,0x002457,255,0,0x002459,FF0000E1076001FE,00E1076001FE07D6FFC7FF0100D80000
C:/Users/MadCat/Documents/GitHub/MechwarriorRecomp/research/extract/decoded_pck/BMAPCK_TBL.decoded.bin,pck_object_0019_part_000_choice_000_frame_086,pck_object_0019,pck_object_0019_part_000,pck_object_0019_part_000_choice_000,0,0,86,0x00245F,7,214,0x002461,07D6FFC7FF0100D8,FFC7FF0100D80000000600E000500081
C:/Users/MadCat/Documents/GitHub/MechwarriorRecomp/research/extract/decoded_pck/BMAPCK_TBL.decoded.bin,pck_object_0019_part_000_choice_000_frame_087,pck_object_0019,pck_object_0019_part_000,pck_object_0019_part_000_choice_000,0,0,87,0x002467,0,0,0x002469,0000000600E00050,000600E0005000810900010101100181
C:/Users/MadCat/Documents/GitHub/MechwarriorRecomp/research/extract/decoded_pck/BMAPCK_TBL.decoded.bin,pck_object_0019_part_000_choice_000_frame_088,pck_object_0019,pck_object_0019_part_000,pck_object_0019_part_000_choice_000,0,0,88,0x00246F,0,129,0x002471,0081090001010110,09000101011001810900010107160181
C:/Users/MadCat/Documents/GitHub/MechwarriorRecomp/research/extract/decoded_pck/BMAPCK_TBL.decoded.bin,pck_object_0019_part_000_choice_000_frame_089,pck_object_0019,pck_object_0019_part_000,pck_object_0019_part_000_choice_000,0,0,89,0x002477,1,129,0x002479,0181090001010716,0900010107160181090000000D1C0181
C:/Users/MadCat/Documents/GitHub/MechwarriorRecomp/research/extract/decoded_pck/BMAPCK_TBL.decoded.bin,pck_object_0019_part_000_choice_000_frame_090,pck_object_0019,pck_object_0019_part_000,pck_object_0019_part_000_choice_000,0,0,90,0x00247F,1,129,0x002481,0181090000000D1C,090000000D1C0181090009090E210181
C:/Users/MadCat/Documents/GitHub/MechwarriorRecomp/research/extract/decoded_pck/BMAPCK_TBL.decoded.bin,pck_object_0019_part_000_choice_000_frame_091,pck_object_0019,pck_object_0019_part_000,pck_object_0019_part_000_choice_000,0,0,91,0x002487,1,129,0x002489,0181090009090E21,090009090E210181090008080F260181
C:/Users/MadCat/Documents/GitHub/MechwarriorRecomp/research/extract/decoded_pck/BMAPCK_TBL.decoded.bin,pck_object_0019_part_000_choice_000_frame_092,pck_object_0019,pck_object_0019_part_000,pck_object_0019_part_000_choice_000,0,0,92,0x00248F,1,129,0x002491,0181090008080F26,090008080F26018109000000102B0102
C:/Users/MadCat/Documents/GitHub/MechwarriorRecomp/research/extract/decoded_pck/BMAPCK_TBL.decoded.bin,pck_object_0019_part_000_choice_000_frame_093,pck_object_0019,pck_object_0019_part_000,pck_object_0019_part_000_choice_000,0,0,93,0x002497,1,129,0x002499,018109000000102B,09000000102B010203040506FF08090A
C:/Users/MadCat/Documents/GitHub/MechwarriorRecomp/research/extract/decoded_pck/BMAPCK_TBL.decoded.bin,pck_object_0019_part_000_choice_000_frame_094,pck_object_0019,pck_object_0019_part_000,pck_object_0019_part_000_choice_000,0,0,94,0x00249F,1,2,0x0024A1,010203040506FF08,03040506FF08090A0B0CFF06080C02FF
C:/Users/MadCat/Documents/GitHub/MechwarriorRecomp/research/extract/decoded_pck/BMAPCK_TBL.decoded.bin,pck_object_0019_part_000_choice_000_frame_095,pck_object_0019,pck_object_0019_part_000,pck_object_0019_part_000_choice_000,0,0,95,0x0024A7,9,10,0x0024A9,090A0B0CFF06080C,0B0CFF06080C02FF020C0B03FF030B0A
C:/Users/MadCat/Documents/GitHub/MechwarriorRecomp/research/extract/decoded_pck/BMAPCK_TBL.decoded.bin,pck_object_0019_part_000_choice_000_frame_096,pck_object_0019,pck_object_0019_part_000,pck_object_0019_part_000_choice_000,0,0,96,0x0024AF,2,255,0x0024B1,02FF020C0B03FF03,020C0B03FF030B0A04FF05090806FF01
C:/Users/MadCat/Documents/GitHub/MechwarriorRecomp/research/extract/decoded_pck/BMAPCK_TBL.decoded.bin,pck_object_0019_part_000_choice_000_frame_097,pck_object_0019,pck_object_0019_part_000,pck_object_0019_part_000_choice_000,0,0,97,0x0024B7,11,10,0x0024B9,0B0A04FF05090806,04FF05090806FF01003401000005003C
C:/Users/MadCat/Documents/GitHub/MechwarriorRecomp/research/extract/decoded_pck/BMAPCK_TBL.decoded.bin,pck_object_0019_part_000_choice_000_frame_098,pck_object_0019,pck_object_0019_part_000,pck_object_0019_part_000_choice_000,0,0,98,0x0024BF,255,1,0x0024C1,FF01003401000005,003401000005003C01155B8108000000
C:/Users/MadCat/Documents/GitHub/MechwarriorRecomp/research/extract/decoded_pck/BMAPCK_TBL.decoded.bin,pck_object_0019_part_000_choice_000_frame_099,pck_object_0019,pck_object_0019_part_000,pck_object_0019_part_000_choice_000,0,0,99,0x0024C7,0,60,0x0024C9,003C01155B810800,01155B81080000001264018108000808
C:/Users/MadCat/Documents/GitHub/MechwarriorRecomp/research/extract/decoded_pck/BMAPCK_TBL.decoded.bin,pck_object_0019_part_000_choice_000_frame_100,pck_object_0019,pck_object_0019_part_000,pck_object_0019_part_000_choice_000,0,0,100,0x0024CF,0,0,0x0024D1,0000126401810800,12640181080008081769018108000000
C:/Users/MadCat/Documents/GitHub/MechwarriorRecomp/research/extract/decoded_pck/BMAPCK_TBL.decoded.bin,pck_object_0019_part_000_choice_000_frame_101,pck_object_0019,pck_object_0019_part_000,pck_object_0019_part_000_choice_000,0,0,101,0x0024D7,8,8,0x0024D9,0808176901810800,17690181080000001A6E018108000000
C:/Users/MadCat/Documents/GitHub/MechwarriorRecomp/research/extract/decoded_pck/BMAPCK_TBL.decoded.bin,pck_object_0019_part_000_choice_000_frame_102,pck_object_0019,pck_object_0019_part_000,pck_object_0019_part_000_choice_000,0,0,102,0x0024DF,0,0,0x0024E1,00001A6E01810800,1A6E0181080000001B73018108000000
C:/Users/MadCat/Documents/GitHub/MechwarriorRecomp/research/extract/decoded_pck/BMAPCK_TBL.decoded.bin,pck_object_0019_part_000_choice_000_frame_103,pck_object_0019,pck_object_0019_part_000,pck_object_0019_part_000_choice_000,0,0,103,0x0024E7,0,0,0x0024E9,00001B7301810800,1B730181080000001C780113141516FF
C:/Users/MadCat/Documents/GitHub/MechwarriorRecomp/research/extract/decoded_pck/BMAPCK_TBL.decoded.bin,pck_object_0019_part_000_choice_000_frame_104,pck_object_0019,pck_object_0019_part_000,pck_object_0019_part_000_choice_000,0,0,104,0x0024EF,0,0,0x0024F1,00001C7801131415,1C780113141516FF18131619FF191615
C:/Users/MadCat/Documents/GitHub/MechwarriorRecomp/research/extract/decoded_pck/BMAPCK_TBL.decoded.bin,pck_object_0019_part_000_choice_000_frame_105,pck_object_0019,pck_object_0019_part_000,pck_object_0019_part_000_choice_000,0,0,105,0x0024F7,22,255,0x0024F9,16FF18131619FF19,18131619FF19161509FF0915140AFF0A
C:/Users/MadCat/Documents/GitHub/MechwarriorRecomp/research/extract/decoded_pck/BMAPCK_TBL.decoded.bin,pck_object_0019_part_000_choice_000_frame_106,pck_object_0019,pck_object_0019_part_000,pck_object_0019_part_000_choice_000,0,0,106,0x0024FF,22,21,0x002501,161509FF0915140A,09FF0915140AFF0A141318FF80002502
C:/Users/MadCat/Documents/GitHub/MechwarriorRecomp/research/extract/decoded_pck/BMAPCK_TBL.decoded.bin,pck_object_0019_part_000_choice_000_frame_107,pck_object_0019,pck_object_0019_part_000,pck_object_0019_part_000_choice_000,0,0,107,0x002507,255,10,0x002509,FF0A141318FF8000,141318FF800025020000000000000300
C:/Users/MadCat/Documents/GitHub/MechwarriorRecomp/research/extract/decoded_pck/BMAPCK_TBL.decoded.bin,pck_object_0019_part_000_choice_000_frame_108,pck_object_0019,pck_object_0019_part_000,pck_object_0019_part_000_choice_000,0,0,108,0x00250F,37,2,0x002511,2502000000000000,00000000000003001B00002233000100
C:/Users/MadCat/Documents/GitHub/MechwarriorRecomp/research/extract/decoded_pck/BMAPCK_TBL.decoded.bin,pck_object_0019_part_000_choice_000_frame_109,pck_object_0019,pck_object_0019_part_000,pck_object_0019_part_000_choice_000,0,0,109,0x002517,3,0,0x002519,03001B0000223300,1B00002233000100FF00112233000100
C:/Users/MadCat/Documents/GitHub/MechwarriorRecomp/research/extract/decoded_pck/BMAPCK_TBL.decoded.bin,pck_object_0019_part_000_choice_000_frame_110,pck_object_0019,pck_object_0019_part_000,pck_object_0019_part_000_choice_000,0,0,110,0x00251F,1,0,0x002521,0100FF0011223300,FF001122330001005B01182233000100
C:/Users/MadCat/Documents/GitHub/MechwarriorRecomp/research/extract/decoded_pck/BMAPCK_TBL.decoded.bin,pck_object_0019_part_000_choice_000_frame_111,pck_object_0019,pck_object_0019_part_000,pck_object_0019_part_000_choice_000,0,0,111,0x002527,1,0,0x002529,01005B0118223300,5B011822330001009B0112FD64009CFF
C:/Users/MadCat/Documents/GitHub/MechwarriorRecomp/research/extract/decoded_pck/BMAPCK_TBL.decoded.bin,pck_object_0019_part_000_choice_000_frame_112,pck_object_0019,pck_object_0019_part_000,pck_object_0019_part_000_choice_000,0,0,112,0x00252F,1,0,0x002531,01009B0112FD6400,9B0112FD64009CFF00F80000000077FF
C:/Users/MadCat/Documents/GitHub/MechwarriorRecomp/research/extract/decoded_pck/BMAPCK_TBL.decoded.bin,pck_object_0019_part_000_choice_000_frame_113,pck_object_0019,pck_object_0019_part_000,pck_object_0019_part_000_choice_000,0,0,113,0x002537,156,255,0x002539,9CFF00F800000000,00F80000000077FF3200DBFF77FFCEFF
C:/Users/MadCat/Documents/GitHub/MechwarriorRecomp/research/extract/decoded_pck/BMAPCK_TBL.decoded.bin,pck_object_0019_part_000_choice_000_frame_114,pck_object_0019,pck_object_0019_part_000,pck_object_0019_part_000_choice_000,0,0,114,0x00253F,119,255,0x002541,77FF3200DBFF77FF,3200DBFF77FFCEFFDBFF77FFDBFF2CFF
C:/Users/MadCat/Documents/GitHub/MechwarriorRecomp/research/extract/decoded_pck/BMAPCK_TBL.decoded.bin,pck_object_0019_part_000_choice_000_frame_115,pck_object_0019,pck_object_0019_part_000,pck_object_0019_part_000_choice_000,0,0,115,0x002547,206,255,0x002549,CEFFDBFF77FFDBFF,DBFF77FFDBFF2CFF77FF32002CFF77FF
C:/Users/MadCat/Documents/GitHub/MechwarriorRecomp/research/extract/decoded_pck/BMAPCK_TBL.decoded.bin,pck_object_0019_part_000_choice_000_frame_116,pck_object_0019,pck_object_0019_part_000,pck_object_0019_part_000_choice_000,0,0,116,0x00254F,44,255,0x002551,2CFF77FF32002CFF,77FF32002CFF77FF4B00A9FF00080000
C:/Users/MadCat/Documents/GitHub/MechwarriorRecomp/research/extract/decoded_pck/BMAPCK_TBL.decoded.bin,pck_object_0019_part_000_choice_000_frame_117,pck_object_0019,pck_object_0019_part_000,pck_object_0019_part_000_choice_000,0,0,117,0x002557,119,255,0x002559,77FF4B00A9FF0008,4B00A9FF000800000000CEFF4B00A9FF
C:/Users/MadCat/Documents/GitHub/MechwarriorRecomp/research/extract/decoded_pck/BMAPCK_TBL.decoded.bin,pck_object_0019_part_000_choice_000_frame_118,pck_object_0019,pck_object_0019_part_000,pck_object_0019_part_000_choice_000,0,0,118,0x00255F,0,0,0x002561,00000000CEFF4B00,0000CEFF4B00A9FFCEFF32002CFFCEFF
C:/Users/MadCat/Documents/GitHub/MechwarriorRecomp/research/extract/decoded_pck/BMAPCK_TBL.decoded.bin,pck_object_0019_part_000_choice_000_frame_119,pck_object_0019,pck_object_0019_part_000,pck_object_0019_part_000_choice_000,0,0,119,0x002567,169,255,0x002569,A9FFCEFF32002CFF,CEFF32002CFFCEFFDBFF2CFFCEFFCEFF
C:/Users/MadCat/Documents/GitHub/MechwarriorRecomp/research/extract/decoded_pck/BMAPCK_TBL.decoded.bin,pck_object_0019_part_000_choice_000_frame_120,pck_object_0019,pck_object_0019_part_000,pck_object_0019_part_000_choice_000,0,0,120,0x00256F,206,255,0x002571,CEFFDBFF2CFFCEFF,DBFF2CFFCEFFCEFFDBFFCEFF3200DBFF
C:/Users/MadCat/Documents/GitHub/MechwarriorRecomp/research/extract/decoded_pck/BMAPCK_TBL.decoded.bin,pck_object_0019_part_000_choice_000_frame_121,pck_object_0019,pck_object_0019_part_000,pck_object_0019_part_000_choice_000,0,0,121,0x002577,206,255,0x002579,CEFFDBFFCEFF3200,DBFFCEFF3200DBFF0000270793030000
C:/Users/MadCat/Documents/GitHub/MechwarriorRecomp/research/extract/decoded_pck/BMAPCK_TBL.decoded.bin,pck_object_0019_part_000_choice_000_frame_122,pck_object_0019,pck_object_0019_part_000,pck_object_0019_part_000_choice_000,0,0,122,0x00257F,219,255,0x002581,DBFF000027079303,000027079303000000000008000006F8
C:/Users/MadCat/Documents/GitHub/MechwarriorRecomp/research/extract/decoded_pck/BMAPCK_TBL.decoded.bin,pck_object_0019_part_000_choice_000_frame_123,pck_object_0019,pck_object_0019_part_000,pck_object_0019_part_000_choice_000,0,0,123,0x002587,0,0,0x002589,0000000000080000,00000008000006F869FF0000D8076FFE
C:/Users/MadCat/Documents/GitHub/MechwarriorRecomp/research/extract/decoded_pck/BMAPCK_TBL.decoded.bin,pck_object_0019_part_000_choice_000_frame_124,pck_object_0019,pck_object_0019_part_000,pck_object_0019_part_000_choice_000,0,0,124,0x00258F,6,248,0x002591,06F869FF0000D807,69FF0000D8076FFE0CFE640006FF77FF
C:/Users/MadCat/Documents/GitHub/MechwarriorRecomp/research/extract/decoded_pck/BMAPCK_TBL.decoded.bin,pck_object_0019_part_000_choice_000_frame_125,pck_object_0019,pck_object_0019_part_000,pck_object_0019_part_000_choice_000,0,0,125,0x002597,111,254,0x002599,6FFE0CFE640006FF,0CFE640006FF77FFDBFF3EFE77FF3E00
C:/Users/MadCat/Documents/GitHub/MechwarriorRecomp/research/extract/decoded_pck/BMAPCK_TBL.decoded.bin,pck_object_0019_part_000_choice_000_frame_126,pck_object_0019,pck_object_0019_part_000,pck_object_0019_part_000_choice_000,0,0,126,0x00259F,119,255,0x0025A1,77FFDBFF3EFE77FF,DBFF3EFE77FF3E003EFECEFF3E003EFE
C:/Users/MadCat/Documents/GitHub/MechwarriorRecomp/research/extract/decoded_pck/BMAPCK_TBL.decoded.bin,pck_object_0019_part_000_choice_000_frame_127,pck_object_0019,pck_object_0019_part_000,pck_object_0019_part_000_choice_000,0,0,127,0x0025A7,62,0,0x0025A9,3E003EFECEFF3E00,3EFECEFF3E003EFECEFFDBFF3EFE0000
C:/Users/MadCat/Documents/GitHub/MechwarriorRecomp/research/extract/decoded_pck/BMAPCK_TBL.decoded.bin,pck_object_0019_part_000_choice_000_frame_128,pck_object_0019,pck_object_0019_part_000,pck_object_0019_part_000_choice_000,0,0,128,0x0025AF,62,254,0x0025B1,3EFECEFFDBFF3EFE,CEFFDBFF3EFE000000F800000000FD07
C:/Users/MadCat/Documents/GitHub/MechwarriorRecomp/research/extract/decoded_pck/BMAPCK_TBL.decoded.bin,pck_object_0019_part_000_choice_000_frame_129,pck_object_0019,pck_object_0019_part_000,pck_object_0019_part_000_choice_000,0,0,129,0x0025B7,0,0,0x0025B9,000000F800000000,00F800000000FD0767006AFF0000D4FE
C:/Users/MadCat/Documents/GitHub/MechwarriorRecomp/research/extract/decoded_pck/BMAPCK_TBL.decoded.bin,pck_object_0019_part_000_choice_000_frame_130,pck_object_0019,pck_object_0019_part_000,pck_object_0019_part_000_choice_000,0,0,130,0x0025BF,253,7,0x0025C1,FD0767006AFF0000,67006AFF0000D4FE0000930327075EFF
C:/Users/MadCat/Documents/GitHub/MechwarriorRecomp/research/extract/decoded_pck/BMAPCK_TBL.decoded.bin,pck_object_0019_part_000_choice_000_frame_131,pck_object_0019,pck_object_0019_part_000,pck_object_0019_part_000_choice_000,0,0,131,0x0025C7,212,254,0x0025C9,D4FE000093032707,0000930327075EFFA2000CFEE7FFA200
C:/Users/MadCat/Documents/GitHub/MechwarriorRecomp/research/extract/decoded_pck/BMAPCK_TBL.decoded.bin,pck_object_0019_part_000_choice_000_frame_132,pck_object_0019,pck_object_0019_part_000,pck_object_0019_part_000_choice_000,0,0,132,0x0025CF,94,255,0x0025D1,5EFFA2000CFEE7FF,A2000CFEE7FFA2000CFE270700009303
C:/Users/MadCat/Documents/GitHub/MechwarriorRecomp/research/extract/decoded_pck/BMAPCK_TBL.decoded.bin,pck_object_0019_part_000_choice_000_frame_133,pck_object_0019,pck_object_0019_part_000,pck_object_0019_part_000_choice_000,0,0,133,0x0025D7,162,0,0x0025D9,A2000CFE27070000,0CFE270700009303E7FFB5FF0CFED9F8
C:/Users/MadCat/Documents/GitHub/MechwarriorRecomp/research/extract/decoded_pck/BMAPCK_TBL.decoded.bin,pck_object_0019_part_000_choice_000_frame_134,pck_object_0019,pck_object_0019_part_000,pck_object_0019_part_000_choice_000,0,0,134,0x0025DF,147,3,0x0025E1,9303E7FFB5FF0CFE,E7FFB5FF0CFED9F8000093035EFFB5FF
C:/Users/MadCat/Documents/GitHub/MechwarriorRecomp/research/extract/decoded_pck/BMAPCK_TBL.decoded.bin,pck_object_0019_part_000_choice_000_frame_135,pck_object_0019,pck_object_0019_part_000,pck_object_0019_part_000_choice_000,0,0,135,0x0025E7,217,248,0x0025E9,D9F8000093035EFF,000093035EFFB5FF0CFE0000A2F9D704
C:/Users/MadCat/Documents/GitHub/MechwarriorRecomp/research/extract/decoded_pck/BMAPCK_TBL.decoded.bin,pck_object_0019_part_000_choice_000_frame_136,pck_object_0019,pck_object_0019_part_000,pck_object_0019_part_000_choice_000,0,0,136,0x0025EF,181,255,0x0025F1,B5FF0CFE0000A2F9,0CFE0000A2F9D7040000000000F80100
C:/Users/MadCat/Documents/GitHub/MechwarriorRecomp/research/extract/decoded_pck/BMAPCK_TBL.decoded.bin,pck_object_0019_part_000_choice_000_frame_137,pck_object_0019,pck_object_0019_part_000,pck_object_0019_part_000_choice_000,0,0,137,0x0025F7,215,4,0x0025F9,D7040000000000F8,0000000000F801000301000006000B01
C:/Users/MadCat/Documents/GitHub/MechwarriorRecomp/research/extract/decoded_pck/BMAPCK_TBL.decoded.bin,pck_object_0019_part_000_choice_000_frame_138,pck_object_0019,pck_object_0019_part_000,pck_object_0019_part_000_choice_000,0,0,138,0x0025FF,1,0,0x002601,0100030100000600,0301000006000B01080F810707000001
C:/Users/MadCat/Documents/GitHub/MechwarriorRecomp/research/extract/decoded_pck/BMAPCK_TBL.decoded.bin,pck_object_0019_part_000_choice_000_frame_139,pck_object_0019,pck_object_0019_part_000,pck_object_0019_part_000_choice_000,0,0,139,0x002607,11,1,0x002609,0B01080F81070700,080F8107070000013B01810808080807
C:/Users/MadCat/Documents/GitHub/MechwarriorRecomp/research/extract/decoded_pck/BMAPCK_TBL.decoded.bin,pck_object_0019_part_000_choice_000_frame_140,pck_object_0019,pck_object_0019_part_000,pck_object_0019_part_000_choice_000,0,0,140,0x00260F,0,1,0x002611,00013B0181080808,3B018108080808074101810C0C00000D
C:/Users/MadCat/Documents/GitHub/MechwarriorRecomp/research/extract/decoded_pck/BMAPCK_TBL.decoded.bin,pck_object_0019_part_000_choice_000_frame_141,pck_object_0019,pck_object_0019_part_000,pck_object_0019_part_000_choice_000,0,0,141,0x002617,8,7,0x002619,08074101810C0C00,4101810C0C00000D4701810F0F00000E
C:/Users/MadCat/Documents/GitHub/MechwarriorRecomp/research/extract/decoded_pck/BMAPCK_TBL.decoded.bin,pck_object_0019_part_000_choice_000_frame_142,pck_object_0019,pck_object_0019_part_000,pck_object_0019_part_000_choice_000,0,0,142,0x00261F,0,13,0x002621,000D4701810F0F00,4701810F0F00000E4C0181080808080F
C:/Users/MadCat/Documents/GitHub/MechwarriorRecomp/research/extract/decoded_pck/BMAPCK_TBL.decoded.bin,pck_object_0019_part_000_choice_000_frame_143,pck_object_0019,pck_object_0019_part_000,pck_object_0019_part_000_choice_000,0,0,143,0x002627,0,14,0x002629,000E4C0181080808,4C0181080808080F5101810404080810
C:/Users/MadCat/Documents/GitHub/MechwarriorRecomp/research/extract/decoded_pck/BMAPCK_TBL.decoded.bin,pck_object_0019_part_000_choice_000_frame_144,pck_object_0019,pck_object_0019_part_000,pck_object_0019_part_000_choice_000,0,0,144,0x00262F,8,15,0x002631,080F510181040408,510181040408081056010203040506FF
C:/Users/MadCat/Documents/GitHub/MechwarriorRecomp/research/extract/decoded_pck/BMAPCK_TBL.decoded.bin,pck_object_0019_part_000_choice_000_frame_145,pck_object_0019,pck_object_0019_part_000,pck_object_0019_part_000_choice_000,0,0,145,0x002637,8,16,0x002639,0810560102030405,56010203040506FF08090A0B0CFF0608
C:/Users/MadCat/Documents/GitHub/MechwarriorRecomp/research/extract/decoded_pck/BMAPCK_TBL.decoded.bin,pck_object_0019_part_000_choice_000_frame_146,pck_object_0019,pck_object_0019_part_000,pck_object_0019_part_000_choice_000,0,0,146,0x00263F,6,255,0x002641,06FF08090A0B0CFF,08090A0B0CFF06080C02FF020C0B03FF
C:/Users/MadCat/Documents/GitHub/MechwarriorRecomp/research/extract/decoded_pck/BMAPCK_TBL.decoded.bin,pck_object_0019_part_000_choice_000_frame_147,pck_object_0019,pck_object_0019_part_000,pck_object_0019_part_000_choice_000,0,0,147,0x002647,6,8,0x002649,06080C02FF020C0B,0C02FF020C0B03FF030B0A04FF050908
C:/Users/MadCat/Documents/GitHub/MechwarriorRecomp/research/extract/decoded_pck/BMAPCK_TBL.decoded.bin,pck_object_0019_part_000_choice_000_frame_148,pck_object_0019,pck_object_0019_part_000,pck_object_0019_part_000_choice_000,0,0,148,0x00264F,3,255,0x002651,03FF030B0A04FF05,030B0A04FF05090806FF01005F010000
C:/Users/MadCat/Documents/GitHub/MechwarriorRecomp/research/extract/decoded_pck/BMAPCK_TBL.decoded.bin,pck_object_0019_part_000_choice_000_frame_149,pck_object_0019,pck_object_0019_part_000,pck_object_0019_part_000_choice_000,0,0,149,0x002657,9,8,0x002659,090806FF01005F01,06FF01005F01000004006701001C8108
C:/Users/MadCat/Documents/GitHub/MechwarriorRecomp/research/extract/decoded_pck/BMAPCK_TBL.decoded.bin,pck_object_0019_part_000_choice_000_frame_150,pck_object_0019,pck_object_0019_part_000,pck_object_0019_part_000_choice_000,0,0,150,0x00265F,0,0,0x002661,000004006701001C,04006701001C81080808080187018100
C:/Users/MadCat/Documents/GitHub/MechwarriorRecomp/research/extract/decoded_pck/BMAPCK_TBL.decoded.bin,pck_object_0019_part_000_choice_000_frame_151,pck_object_0019,pck_object_0019_part_000,pck_object_0019_part_000_choice_000,0,0,151,0x002667,129,8,0x002669,8108080808018701,0808080187018100000000078C018104
C:/Users/MadCat/Documents/GitHub/MechwarriorRecomp/research/extract/decoded_pck/BMAPCK_TBL.decoded.bin,pck_object_0019_part_000_choice_000_frame_152,pck_object_0019,pck_object_0019_part_000,pck_object_0019_part_000_choice_000,0,0,152,0x00266F,129,0,0x002671,8100000000078C01,000000078C0181040401011691018107
C:/Users/MadCat/Documents/GitHub/MechwarriorRecomp/research/extract/decoded_pck/BMAPCK_TBL.decoded.bin,pck_object_0019_part_000_choice_000_frame_153,pck_object_0019,pck_object_0019_part_000,pck_object_0019_part_000_choice_000,0,0,153,0x002677,129,4,0x002679,8104040101169101,04010116910181070701011796010412
C:/Users/MadCat/Documents/GitHub/MechwarriorRecomp/research/extract/decoded_pck/BMAPCK_TBL.decoded.bin,pck_object_0019_part_000_choice_000_frame_154,pck_object_0019,pck_object_0019_part_000,pck_object_0019_part_000_choice_000,0,0,154,0x00267F,129,7,0x002681,8107070101179601,07010117960104121305FF0914150AFF
C:/Users/MadCat/Documents/GitHub/MechwarriorRecomp/research/extract/decoded_pck/BMAPCK_TBL.decoded.bin,pck_object_0019_part_000_choice_000_frame_155,pck_object_0019,pck_object_0019_part_000,pck_object_0019_part_000_choice_000,0,0,155,0x002687,4,18,0x002689,04121305FF091415,1305FF0914150AFF040A1512FF131409
C:/Users/MadCat/Documents/GitHub/MechwarriorRecomp/research/extract/decoded_pck/BMAPCK_TBL.decoded.bin,pck_object_0019_part_000_choice_000_frame_156,pck_object_0019,pck_object_0019_part_000,pck_object_0019_part_000_choice_000,0,0,156,0x00268F,10,255,0x002691,0AFF040A1512FF13,040A1512FF13140905FF01009F010000
C:/Users/MadCat/Documents/GitHub/MechwarriorRecomp/research/extract/decoded_pck/BMAPCK_TBL.decoded.bin,pck_object_0019_part_000_choice_000_frame_157,pck_object_0019,pck_object_0019_part_000,pck_object_0019_part_000_choice_000,0,0,157,0x002697,20,9,0x002699,140905FF01009F01,05FF01009F0100000500A70101018100
C:/Users/MadCat/Documents/GitHub/MechwarriorRecomp/research/extract/decoded_pck/BMAPCK_TBL.decoded.bin,pck_object_0019_part_000_choice_000_frame_158,pck_object_0019,pck_object_0019_part_000,pck_object_0019_part_000_choice_000,0,0,158,0x00269F,0,0,0x0026A1,00000500A7010101,0500A7010101810000080819CF018100
C:/Users/MadCat/Documents/GitHub/MechwarriorRecomp/research/extract/decoded_pck/BMAPCK_TBL.decoded.bin,pck_object_0019_part_000_choice_000_frame_159,pck_object_0019,pck_object_0019_part_000,pck_object_0019_part_000_choice_000,0,0,159,0x0026A7,129,0,0x0026A9,810000080819CF01,00080819CF0181000000001CD4018100
C:/Users/MadCat/Documents/GitHub/MechwarriorRecomp/research/extract/decoded_pck/BMAPCK_TBL.decoded.bin,pck_object_0019_part_000_choice_000_frame_160,pck_object_0019,pck_object_0019_part_000,pck_object_0019_part_000_choice_000,0,0,160,0x0026AF,129,0,0x0026B1,81000000001CD401,0000001CD40181000000001ED9018100
C:/Users/MadCat/Documents/GitHub/MechwarriorRecomp/research/extract/decoded_pck/BMAPCK_TBL.decoded.bin,pck_object_0019_part_000_choice_000_frame_161,pck_object_0019,pck_object_0019_part_000,pck_object_0019_part_000_choice_000,0,0,161,0x0026B7,129,0,0x0026B9,81000000001ED901,0000001ED901810000000020DE018100
C:/Users/MadCat/Documents/GitHub/MechwarriorRecomp/research/extract/decoded_pck/BMAPCK_TBL.decoded.bin,pck_object_0019_part_000_choice_000_frame_162,pck_object_0019,pck_object_0019_part_000,pck_object_0019_part_000_choice_000,0,0,162,0x0026BF,129,0,0x0026C1,810000000020DE01,00000020DE01810000000021E301131A
C:/Users/MadCat/Documents/GitHub/MechwarriorRecomp/research/extract/decoded_pck/BMAPCK_TBL.decoded.bin,pck_object_0019_part_000_choice_000_frame_163,pck_object_0019,pck_object_0019_part_000,pck_object_0019_part_000_choice_000,0,0,163,0x0026C7,129,0,0x0026C9,810000000021E301,00000021E301131A1B14FF141B1D15FF
C:/Users/MadCat/Documents/GitHub/MechwarriorRecomp/research/extract/decoded_pck/BMAPCK_TBL.decoded.bin,pck_object_0019_part_000_choice_000_frame_164,pck_object_0019,pck_object_0019_part_000,pck_object_0019_part_000_choice_000,0,0,164,0x0026CF,19,26,0x0026D1,131A1B14FF141B1D,1B14FF141B1D15FF1A13121FFF12151D
C:/Users/MadCat/Documents/GitHub/MechwarriorRecomp/research/extract/decoded_pck/BMAPCK_TBL.decoded.bin,pck_object_0019_part_000_choice_000_frame_165,pck_object_0019,pck_object_0019_part_000,pck_object_0019_part_000_choice_000,0,0,165,0x0026D7,21,255,0x0026D9,15FF1A13121FFF12,1A13121FFF12151D1FFF1F1D1B1AFF80
C:/Users/MadCat/Documents/GitHub/MechwarriorRecomp/research/extract/decoded_pck/BMAPCK_TBL.decoded.bin,pck_object_0019_part_000_choice_000_frame_166,pck_object_0019,pck_object_0019_part_000,pck_object_0019_part_000_choice_000,0,0,166,0x0026DF,21,29,0x0026E1,151D1FFF1F1D1B1A,1FFF1F1D1B1AFF800025020000000000
C:/Users/MadCat/Documents/GitHub/MechwarriorRecomp/research/extract/decoded_pck/BMAPCK_TBL.decoded.bin,pck_object_0019_part_000_choice_000_frame_167,pck_object_0019,pck_object_0019_part_000,pck_object_0019_part_000_choice_000,0,0,167,0x0026E7,255,128,0x0026E9,FF80002502000000,0025020000000000000300160000222E
C:/Users/MadCat/Documents/GitHub/MechwarriorRecomp/research/extract/decoded_pck/BMAPCK_TBL.decoded.bin,pck_object_0019_part_000_choice_000_frame_168,pck_object_0019,pck_object_0019_part_000,pck_object_0019_part_000_choice_000,0,0,168,0x0026EF,0,0,0x0026F1,0000000300160000,000300160000222E000100FA0011222E
C:/Users/MadCat/Documents/GitHub/MechwarriorRecomp/research/extract/decoded_pck/BMAPCK_TBL.decoded.bin,pck_object_0019_part_000_choice_000_frame_169,pck_object_0019,pck_object_0019_part_000,pck_object_0019_part_000_choice_000,0,0,169,0x0026F7,34,46,0x0026F9,222E000100FA0011,000100FA0011222E000100560118222E
C:/Users/MadCat/Documents/GitHub/MechwarriorRecomp/research/extract/decoded_pck/BMAPCK_TBL.decoded.bin,pck_object_0019_part_000_choice_000_frame_170,pck_object_0019,pck_object_0019_part_000,pck_object_0019_part_000_choice_000,0,0,170,0x0026FF,34,46,0x002701,222E000100560118,000100560118222E000100960112FD64
C:/Users/MadCat/Documents/GitHub/MechwarriorRecomp/research/extract/decoded_pck/BMAPCK_TBL.decoded.bin,pck_object_0019_part_000_choice_000_frame_171,pck_object_0019,pck_object_0019_part_000,pck_object_0019_part_000_choice_000,0,0,171,0x002707,34,46,0x002709,222E000100960112,000100960112FD64009CFF00F8000000
C:/Users/MadCat/Documents/GitHub/MechwarriorRecomp/research/extract/decoded_pck/BMAPCK_TBL.decoded.bin,pck_object_0019_part_000_choice_000_frame_172,pck_object_0019,pck_object_0019_part_000,pck_object_0019_part_000_choice_000,0,0,172,0x00270F,253,100,0x002711,FD64009CFF00F800,009CFF00F80000000077FF3200DBFF77
C:/Users/MadCat/Documents/GitHub/MechwarriorRecomp/research/extract/decoded_pck/BMAPCK_TBL.decoded.bin,pck_object_0019_part_000_choice_000_frame_173,pck_object_0019,pck_object_0019_part_000,pck_object_0019_part_000_choice_000,0,0,173,0x002717,0,0,0x002719,00000077FF3200DB,0077FF3200DBFF77FFCEFFDBFF77FFDB
C:/Users/MadCat/Documents/GitHub/MechwarriorRecomp/research/extract/decoded_pck/BMAPCK_TBL.decoded.bin,pck_object_0019_part_000_choice_000_frame_174,pck_object_0019,pck_object_0019_part_000,pck_object_0019_part_000_choice_000,0,0,174,0x00271F,255,119,0x002721,FF77FFCEFFDBFF77,FFCEFFDBFF77FFDBFF2CFF77FF32002C
C:/Users/MadCat/Documents/GitHub/MechwarriorRecomp/research/extract/decoded_pck/BMAPCK_TBL.decoded.bin,pck_object_0019_part_000_choice_000_frame_175,pck_object_0019,pck_object_0019_part_000,pck_object_0019_part_000_choice_000,0,0,175,0x002727,255,219,0x002729,FFDBFF2CFF77FF32,FF2CFF77FF32002CFF77FF4B00A9FF00
C:/Users/MadCat/Documents/GitHub/MechwarriorRecomp/research/extract/decoded_pck/BMAPCK_TBL.decoded.bin,pck_object_0019_part_000_choice_000_frame_176,pck_object_0019,pck_object_0019_part_000,pck_object_0019_part_000_choice_000,0,0,176,0x00272F,0,44,0x002731,002CFF77FF4B00A9,FF77FF4B00A9FF000800000000CEFF4B
C:/Users/MadCat/Documents/GitHub/MechwarriorRecomp/research/extract/decoded_pck/BMAPCK_TBL.decoded.bin,pck_object_0019_part_000_choice_000_frame_177,pck_object_0019,pck_object_0019_part_000,pck_object_0019_part_000_choice_000,0,0,177,0x002737,255,0,0x002739,FF000800000000CE,0800000000CEFF4B00A9FFCEFF32002C
C:/Users/MadCat/Documents/GitHub/MechwarriorRecomp/research/extract/decoded_pck/BMAPCK_TBL.decoded.bin,pck_object_0019_part_000_choice_000_frame_178,pck_object_0019,pck_object_0019_part_000,pck_object_0019_part_000_choice_000,0,0,178,0x00273F,255,75,0x002741,FF4B00A9FFCEFF32,00A9FFCEFF32002CFFCEFFDBFF2CFFCE
C:/Users/MadCat/Documents/GitHub/MechwarriorRecomp/research/extract/decoded_pck/BMAPCK_TBL.decoded.bin,pck_object_0019_part_000_choice_000_frame_179,pck_object_0019,pck_object_0019_part_000,pck_object_0019_part_000_choice_000,0,0,179,0x002747,0,44,0x002749,002CFFCEFFDBFF2C,FFCEFFDBFF2CFFCEFFCEFFDBFFCEFF32
C:/Users/MadCat/Documents/GitHub/MechwarriorRecomp/research/extract/decoded_pck/BMAPCK_TBL.decoded.bin,pck_object_0019_part_000_choice_000_frame_180,pck_object_0019,pck_object_0019_part_000,pck_object_0019_part_000_choice_000,0,0,180,0x00274F,255,206,0x002751,FFCEFFCEFFDBFFCE,FFCEFFDBFFCEFF3200DBFF0000270793
C:/Users/MadCat/Documents/GitHub/MechwarriorRecomp/research/extract/decoded_pck/BMAPCK_TBL.decoded.bin,pck_object_0019_part_000_choice_000_frame_181,pck_object_0019,pck_object_0019_part_000,pck_object_0019_part_000_choice_000,0,0,181,0x002757,255,50,0x002759,FF3200DBFF000027,00DBFF00002707930300000000000800
C:/Users/MadCat/Documents/GitHub/MechwarriorRecomp/research/extract/decoded_pck/BMAPCK_TBL.decoded.bin,pck_object_0019_part_000_choice_000_frame_182,pck_object_0019,pck_object_0019_part_000,pck_object_0019_part_000_choice_000,0,0,182,0x00275F,7,147,0x002761,0793030000000000,03000000000008000006F869FF0000D8
C:/Users/MadCat/Documents/GitHub/MechwarriorRecomp/research/extract/decoded_pck/BMAPCK_TBL.decoded.bin,pck_object_0019_part_000_choice_000_frame_183,pck_object_0019,pck_object_0019_part_000,pck_object_0019_part_000_choice_000,0,0,183,0x002767,8,0,0x002769,08000006F869FF00,0006F869FF0000D8076FFE0CFE640006
C:/Users/MadCat/Documents/GitHub/MechwarriorRecomp/research/extract/decoded_pck/BMAPCK_TBL.decoded.bin,pck_object_0019_part_000_choice_000_frame_184,pck_object_0019,pck_object_0019_part_000,pck_object_0019_part_000_choice_000,0,0,184,0x00276F,0,216,0x002771,00D8076FFE0CFE64,076FFE0CFE640006FF77FFDBFF3EFE77
C:/Users/MadCat/Documents/GitHub/MechwarriorRecomp/research/extract/decoded_pck/BMAPCK_TBL.decoded.bin,pck_object_0019_part_000_choice_000_frame_185,pck_object_0019,pck_object_0019_part_000,pck_object_0019_part_000_choice_000,0,0,185,0x002777,0,6,0x002779,0006FF77FFDBFF3E,FF77FFDBFF3EFE77FF3E003EFECEFF3E
C:/Users/MadCat/Documents/GitHub/MechwarriorRecomp/research/extract/decoded_pck/BMAPCK_TBL.decoded.bin,pck_object_0019_part_000_choice_000_frame_186,pck_object_0019,pck_object_0019_part_000,pck_object_0019_part_000_choice_000,0,0,186,0x00277F,254,119,0x002781,FE77FF3E003EFECE,FF3E003EFECEFF3E003EFECEFFDBFF3E
C:/Users/MadCat/Documents/GitHub/MechwarriorRecomp/research/extract/decoded_pck/BMAPCK_TBL.decoded.bin,pck_object_0019_part_000_choice_000_frame_187,pck_object_0019,pck_object_0019_part_000,pck_object_0019_part_000_choice_000,0,0,187,0x002787,255,62,0x002789,FF3E003EFECEFFDB,003EFECEFFDBFF3EFE000000F8000000
C:/Users/MadCat/Documents/GitHub/MechwarriorRecomp/research/extract/decoded_pck/BMAPCK_TBL.decoded.bin,pck_object_0019_part_000_choice_000_frame_188,pck_object_0019,pck_object_0019_part_000,pck_object_0019_part_000_choice_000,0,0,188,0x00278F,255,62,0x002791,FF3EFE000000F800,FE000000F800000000FD0767006AFF00
C:/Users/MadCat/Documents/GitHub/MechwarriorRecomp/research/extract/decoded_pck/BMAPCK_TBL.decoded.bin,pck_object_0019_part_000_choice_000_frame_189,pck_object_0019,pck_object_0019_part_000,pck_object_0019_part_000_choice_000,0,0,189,0x002797,0,0,0x002799,000000FD0767006A,00FD0767006AFF0000D4FE0000930327
C:/Users/MadCat/Documents/GitHub/MechwarriorRecomp/research/extract/decoded_pck/BMAPCK_TBL.decoded.bin,pck_object_0019_part_000_choice_000_frame_190,pck_object_0019,pck_object_0019_part_000,pck_object_0019_part_000_choice_000,0,0,190,0x00279F,255,0,0x0027A1,FF0000D4FE000093,00D4FE0000930327075EFFA2000CFEE7
C:/Users/MadCat/Documents/GitHub/MechwarriorRecomp/research/extract/decoded_pck/BMAPCK_TBL.decoded.bin,pck_object_0019_part_000_choice_000_frame_191,pck_object_0019,pck_object_0019_part_000,pck_object_0019_part_000_choice_000,0,0,191,0x0027A7,3,39,0x0027A9,0327075EFFA2000C,075EFFA2000CFEE7FFA2000CFE270700
C:/Users/MadCat/Documents/GitHub/MechwarriorRecomp/research/extract/decoded_pck/BMAPCK_TBL.decoded.bin,pck_object_0019_part_000_choice_000_frame_192,pck_object_0019,pck_object_0019_part_000,pck_object_0019_part_000_choice_000,0,0,192,0x0027AF,254,231,0x0027B1,FEE7FFA2000CFE27,FFA2000CFE270700009303E7FFB5FF0C
C:/Users/MadCat/Documents/GitHub/MechwarriorRecomp/research/extract/decoded_pck/BMAPCK_TBL.decoded.bin,pck_object_0019_part_000_choice_000_frame_193,pck_object_0019,pck_object_0019_part_000,pck_object_0019_part_000_choice_000,0,0,193,0x0027B7,7,0,0x0027B9,0700009303E7FFB5,009303E7FFB5FF0CFED9F8000093035E
C:/Users/MadCat/Documents/GitHub/MechwarriorRecomp/research/extract/decoded_pck/BMAPCK_TBL.decoded.bin,pck_object_0019_part_000_choice_000_frame_194,pck_object_0019,pck_object_0019_part_000,pck_object_0019_part_000_choice_000,0,0,194,0x0027BF,255,12,0x0027C1,FF0CFED9F8000093,FED9F8000093035EFFB5FF0CFE0000A2
C:/Users/MadCat/Documents/GitHub/MechwarriorRecomp/research/extract/decoded_pck/BMAPCK_TBL.decoded.bin,pck_object_0019_part_000_choice_000_frame_195,pck_object_0019,pck_object_0019_part_000,pck_object_0019_part_000_choice_000,0,0,195,0x0027C7,3,94,0x0027C9,035EFFB5FF0CFE00,FFB5FF0CFE0000A2F9D7040000000000
C:/Users/MadCat/Documents/GitHub/MechwarriorRecomp/research/extract/decoded_pck/BMAPCK_TBL.decoded.bin,pck_object_0019_part_000_choice_000_frame_196,pck_object_0019,pck_object_0019_part_000,pck_object_0019_part_000_choice_000,0,0,196,0x0027CF,0,162,0x0027D1,00A2F9D704000000,F9D7040000000000F80100FE00000006
C:/Users/MadCat/Documents/GitHub/MechwarriorRecomp/research/extract/decoded_pck/BMAPCK_TBL.decoded.bin,pck_object_0019_part_000_choice_000_frame_197,pck_object_0019,pck_object_0019_part_000,pck_object_0019_part_000_choice_000,0,0,197,0x0027D7,0,0,0x0027D9,0000F80100FE0000,F80100FE00000006000601080F810707
C:/Users/MadCat/Documents/GitHub/MechwarriorRecomp/research/extract/decoded_pck/BMAPCK_TBL.decoded.bin,pck_object_0019_part_000_choice_000_frame_198,pck_object_0019,pck_object_0019_part_000,pck_object_0019_part_000_choice_000,0,0,198,0x0027DF,0,6,0x0027E1,0006000601080F81,000601080F8107070000013601810808
C:/Users/MadCat/Documents/GitHub/MechwarriorRecomp/research/extract/decoded_pck/BMAPCK_TBL.decoded.bin,pck_object_0019_part_000_choice_000_frame_199,pck_object_0019,pck_object_0019_part_000,pck_object_0019_part_000_choice_000,0,0,199,0x0027E7,7,7,0x0027E9,0707000001360181,00000136018108080808073C01810C0C
C:/Users/MadCat/Documents/GitHub/MechwarriorRecomp/research/extract/decoded_pck/BMAPCK_TBL.decoded.bin,pck_object_0019_part_000_choice_000_frame_200,pck_object_0019,pck_object_0019_part_000,pck_object_0019_part_000_choice_000,0,0,200,0x0027EF,8,8,0x0027F1,08080808073C0181,0808073C01810C0C00000D4201810F0F
C:/Users/MadCat/Documents/GitHub/MechwarriorRecomp/research/extract/decoded_pck/BMAPCK_TBL.decoded.bin,pck_object_0019_part_000_choice_000_frame_201,pck_object_0019,pck_object_0019_part_000,pck_object_0019_part_000_choice_000,0,0,201,0x0027F7,12,12,0x0027F9,0C0C00000D420181,00000D4201810F0F00000E4701810808
C:/Users/MadCat/Documents/GitHub/MechwarriorRecomp/research/extract/decoded_pck/BMAPCK_TBL.decoded.bin,pck_object_0019_part_000_choice_000_frame_202,pck_object_0019,pck_object_0019_part_000,pck_object_0019_part_000_choice_000,0,0,202,0x0027FF,15,15,0x002801,0F0F00000E470181,00000E470181080808080F4C01810404
C:/Users/MadCat/Documents/GitHub/MechwarriorRecomp/research/extract/decoded_pck/BMAPCK_TBL.decoded.bin,pck_object_0019_part_000_choice_000_frame_203,pck_object_0019,pck_object_0019_part_000,pck_object_0019_part_000_choice_000,0,0,203,0x002807,8,8,0x002809,080808080F4C0181,08080F4C018104040808105101020304
C:/Users/MadCat/Documents/GitHub/MechwarriorRecomp/research/extract/decoded_pck/BMAPCK_TBL.decoded.bin,pck_object_0019_part_000_choice_000_frame_204,pck_object_0019,pck_object_0019_part_000,pck_object_0019_part_000_choice_000,0,0,204,0x00280F,4,4,0x002811,0404080810510102,08081051010203040506FF08090A0B0C
C:/Users/MadCat/Documents/GitHub/MechwarriorRecomp/research/extract/decoded_pck/BMAPCK_TBL.decoded.bin,pck_object_0019_part_000_choice_000_frame_205,pck_object_0019,pck_object_0019_part_000,pck_object_0019_part_000_choice_000,0,0,205,0x002817,3,4,0x002819,03040506FF08090A,0506FF08090A0B0CFF06080C02FF020C
C:/Users/MadCat/Documents/GitHub/MechwarriorRecomp/research/extract/decoded_pck/BMAPCK_TBL.decoded.bin,pck_object_0019_part_000_choice_000_frame_206,pck_object_0019,pck_object_0019_part_000,pck_object_0019_part_000_choice_000,0,0,206,0x00281F,11,12,0x002821,0B0CFF06080C02FF,FF06080C02FF020C0B03FF030B0A04FF
C:/Users/MadCat/Documents/GitHub/MechwarriorRecomp/research/extract/decoded_pck/BMAPCK_TBL.decoded.bin,pck_object_0019_part_000_choice_000_frame_207,pck_object_0019,pck_object_0019_part_000,pck_object_0019_part_000_choice_000,0,0,207,0x002827,2,12,0x002829,020C0B03FF030B0A,0B03FF030B0A04FF05090806FF01005A
C:/Users/MadCat/Documents/GitHub/MechwarriorRecomp/research/extract/decoded_pck/BMAPCK_TBL.decoded.bin,pck_object_0019_part_000_choice_000_frame_208,pck_object_0019,pck_object_0019_part_000,pck_object_0019_part_000_choice_000,0,0,208,0x00282F,4,255,0x002831,04FF05090806FF01,05090806FF01005A0100000400620100
C:/Users/MadCat/Documents/GitHub/MechwarriorRecomp/research/extract/decoded_pck/BMAPCK_TBL.decoded.bin,pck_object_0019_part_000_choice_000_frame_209,pck_object_0019,pck_object_0019_part_000,pck_object_0019_part_000_choice_000,0,0,209,0x002837,0,90,0x002839,005A010000040062,01000004006201001C81080808080182
C:/Users/MadCat/Documents/GitHub/MechwarriorRecomp/research/extract/decoded_pck/BMAPCK_TBL.decoded.bin,pck_object_0019_part_000_choice_000_frame_210,pck_object_0019,pck_object_0019_part_000,pck_object_0019_part_000_choice_000,0,0,210,0x00283F,1,0,0x002841,01001C8108080808,1C810808080801820181000000000787
C:/Users/MadCat/Documents/GitHub/MechwarriorRecomp/research/extract/decoded_pck/BMAPCK_TBL.decoded.bin,pck_object_0019_part_000_choice_000_frame_211,pck_object_0019,pck_object_0019_part_000,pck_object_0019_part_000_choice_000,0,0,211,0x002847,1,130,0x002849,0182018100000000,0181000000000787018104040101168C
C:/Users/MadCat/Documents/GitHub/MechwarriorRecomp/research/extract/decoded_pck/BMAPCK_TBL.decoded.bin,pck_object_0019_part_000_choice_000_frame_212,pck_object_0019,pck_object_0019_part_000,pck_object_0019_part_000_choice_000,0,0,212,0x00284F,7,135,0x002851,0787018104040101,018104040101168C0181070701011791
C:/Users/MadCat/Documents/GitHub/MechwarriorRecomp/research/extract/decoded_pck/BMAPCK_TBL.decoded.bin,pck_object_0019_part_000_choice_000_frame_213,pck_object_0019,pck_object_0019_part_000,pck_object_0019_part_000_choice_000,0,0,213,0x002857,22,140,0x002859,168C018107070101,01810707010117910104121305FF0914
C:/Users/MadCat/Documents/GitHub/MechwarriorRecomp/research/extract/decoded_pck/BMAPCK_TBL.decoded.bin,pck_object_0019_part_000_choice_000_frame_214,pck_object_0019,pck_object_0019_part_000,pck_object_0019_part_000_choice_000,0,0,214,0x00285F,23,145,0x002861,17910104121305FF,0104121305FF0914150AFF040A1512FF
C:/Users/MadCat/Documents/GitHub/MechwarriorRecomp/research/extract/decoded_pck/BMAPCK_TBL.decoded.bin,pck_object_0019_part_000_choice_000_frame_215,pck_object_0019,pck_object_0019_part_000,pck_object_0019_part_000_choice_000,0,0,215,0x002867,9,20,0x002869,0914150AFF040A15,150AFF040A1512FF13140905FF01009A
C:/Users/MadCat/Documents/GitHub/MechwarriorRecomp/research/extract/decoded_pck/BMAPCK_TBL.decoded.bin,pck_object_0019_part_000_choice_000_frame_216,pck_object_0019,pck_object_0019_part_000,pck_object_0019_part_000_choice_000,0,0,216,0x00286F,18,255,0x002871,12FF13140905FF01,13140905FF01009A0100000500A20101
C:/Users/MadCat/Documents/GitHub/MechwarriorRecomp/research/extract/decoded_pck/BMAPCK_TBL.decoded.bin,pck_object_0019_part_000_choice_000_frame_217,pck_object_0019,pck_object_0019_part_000,pck_object_0019_part_000_choice_000,0,0,217,0x002877,0,154,0x002879,009A0100000500A2,0100000500A2010101810000080819CA
C:/Users/MadCat/Documents/GitHub/MechwarriorRecomp/research/extract/decoded_pck/BMAPCK_TBL.decoded.bin,pck_object_0019_part_000_choice_000_frame_218,pck_object_0019,pck_object_0019_part_000,pck_object_0019_part_000_choice_000,0,0,218,0x00287F,1,1,0x002881,0101018100000808,01810000080819CA0181000000001CCF
C:/Users/MadCat/Documents/GitHub/MechwarriorRecomp/research/extract/decoded_pck/BMAPCK_TBL.decoded.bin,pck_object_0019_part_000_choice_000_frame_219,pck_object_0019,pck_object_0019_part_000,pck_object_0019_part_000_choice_000,0,0,219,0x002887,25,202,0x002889,19CA018100000000,0181000000001CCF0181000000001ED4
C:/Users/MadCat/Documents/GitHub/MechwarriorRecomp/research/extract/decoded_pck/BMAPCK_TBL.decoded.bin,pck_object_0019_part_000_choice_000_frame_220,pck_object_0019,pck_object_0019_part_000,pck_object_0019_part_000_choice_000,0,0,220,0x00288F,28,207,0x002891,1CCF018100000000,0181000000001ED401810000000020D9
C:/Users/MadCat/Documents/GitHub/MechwarriorRecomp/research/extract/decoded_pck/BMAPCK_TBL.decoded.bin,pck_object_0019_part_000_choice_000_frame_221,pck_object_0019,pck_object_0019_part_000,pck_object_0019_part_000_choice_000,0,0,221,0x002897,30,212,0x002899,1ED4018100000000,01810000000020D901810000000021DE
C:/Users/MadCat/Documents/GitHub/MechwarriorRecomp/research/extract/decoded_pck/BMAPCK_TBL.decoded.bin,pck_object_0019_part_000_choice_000_frame_222,pck_object_0019,pck_object_0019_part_000,pck_object_0019_part_000_choice_000,0,0,222,0x00289F,32,217,0x0028A1,20D9018100000000,01810000000021DE01131A1B14FF141B
C:/Users/MadCat/Documents/GitHub/MechwarriorRecomp/research/extract/decoded_pck/BMAPCK_TBL.decoded.bin,pck_object_0019_part_000_choice_000_frame_223,pck_object_0019,pck_object_0019_part_000,pck_object_0019_part_000_choice_000,0,0,223,0x0028A7,33,222,0x0028A9,21DE01131A1B14FF,01131A1B14FF141B1D15FF1A13121FFF
C:/Users/MadCat/Documents/GitHub/MechwarriorRecomp/research/extract/decoded_pck/BMAPCK_TBL.decoded.bin,pck_object_0019_part_000_choice_000_frame_224,pck_object_0019,pck_object_0019_part_000,pck_object_0019_part_000_choice_000,0,0,224,0x0028AF,20,27,0x0028B1,141B1D15FF1A1312,1D15FF1A13121FFF12151D1FFF1F1D1B
C:/Users/MadCat/Documents/GitHub/MechwarriorRecomp/research/extract/decoded_pck/BMAPCK_TBL.decoded.bin,pck_object_0019_part_000_choice_000_frame_225,pck_object_0019,pck_object_0019_part_000,pck_object_0019_part_000_choice_000,0,0,225,0x0028B7,31,255,0x0028B9,1FFF12151D1FFF1F,12151D1FFF1F1D1B1AFF800032020000
C:/Users/MadCat/Documents/GitHub/MechwarriorRecomp/research/extract/decoded_pck/BMAPCK_TBL.decoded.bin,pck_object_0019_part_000_choice_000_frame_226,pck_object_0019,pck_object_0019_part_000,pck_object_0019_part_000_choice_000,0,0,226,0x0028BF,29,27,0x0028C1,1D1B1AFF80003202,1AFF8000320200000000000003001100
C:/Users/MadCat/Documents/GitHub/MechwarriorRecomp/research/extract/decoded_pck/BMAPCK_TBL.decoded.bin,pck_object_0019_part_000_choice_000_frame_227,pck_object_0019,pck_object_0019_part_000,pck_object_0019_part_000_choice_000,0,0,227,0x0028C7,0,0,0x0028C9,0000000000000300,00000000030011000026290001000D01
C:/Users/MadCat/Documents/GitHub/MechwarriorRecomp/research/extract/decoded_pck/BMAPCK_TBL.decoded.bin,pck_object_0019_part_000_choice_000_frame_228,pck_object_0019,pck_object_0019_part_000,pck_object_0019_part_000_choice_000,0,0,228,0x0028CF,17,0,0x0028D1,1100002629000100,0026290001000D011126290001006901
C:/Users/MadCat/Documents/GitHub/MechwarriorRecomp/research/extract/decoded_pck/BMAPCK_TBL.decoded.bin,pck_object_0019_part_000_choice_000_frame_229,pck_object_0019,pck_object_0019_part_000,pck_object_0019_part_000_choice_000,0,0,229,0x0028D7,13,1,0x0028D9,0D01112629000100,11262900010069011C2629000100A901
C:/Users/MadCat/Documents/GitHub/MechwarriorRecomp/research/extract/decoded_pck/BMAPCK_TBL.decoded.bin,pck_object_0019_part_000_choice_000_frame_230,pck_object_0019,pck_object_0019_part_000,pck_object_0019_part_000_choice_000,0,0,230,0x0028DF,105,1,0x0028E1,69011C2629000100,1C2629000100A90112FD590091FF02F8
C:/Users/MadCat/Documents/GitHub/MechwarriorRecomp/research/extract/decoded_pck/BMAPCK_TBL.decoded.bin,pck_object_0019_part_000_choice_000_frame_231,pck_object_0019,pck_object_0019_part_000,pck_object_0019_part_000_choice_000,0,0,231,0x0028E7,169,1,0x0028E9,A90112FD590091FF,12FD590091FF02F85200000077FF3300
C:/Users/MadCat/Documents/GitHub/MechwarriorRecomp/research/extract/decoded_pck/BMAPCK_TBL.decoded.bin,pck_object_0019_part_000_choice_000_frame_232,pck_object_0019,pck_object_0019_part_000,pck_object_0019_part_000_choice_000,0,0,232,0x0028EF,2,248,0x0028F1,02F85200000077FF,5200000077FF3300D5FF73FFD0FFDDFF
C:/Users/MadCat/Documents/GitHub/MechwarriorRecomp/research/extract/decoded_pck/BMAPCK_TBL.decoded.bin,pck_object_0019_part_000_choice_000_frame_233,pck_object_0019,pck_object_0019_part_000,pck_object_0019_part_000_choice_000,0,0,233,0x0028F7,51,0,0x0028F9,3300D5FF73FFD0FF,D5FF73FFD0FFDDFF73FFCEFF2CFF77FF
C:/Users/MadCat/Documents/GitHub/MechwarriorRecomp/research/extract/decoded_pck/BMAPCK_TBL.decoded.bin,pck_object_0019_part_000_choice_000_frame_234,pck_object_0019,pck_object_0019_part_000,pck_object_0019_part_000_choice_000,0,0,234,0x0028FF,221,255,0x002901,DDFF73FFCEFF2CFF,73FFCEFF2CFF77FF25001FFF77FF4700
C:/Users/MadCat/Documents/GitHub/MechwarriorRecomp/research/extract/decoded_pck/BMAPCK_TBL.decoded.bin,pck_object_0019_part_000_choice_000_frame_235,pck_object_0019,pck_object_0019_part_000,pck_object_0019_part_000_choice_000,0,0,235,0x002907,119,255,0x002909,77FF25001FFF77FF,25001FFF77FF4700A0FFFE07BDFF1100
C:/Users/MadCat/Documents/GitHub/MechwarriorRecomp/research/extract/decoded_pck/BMAPCK_TBL.decoded.bin,pck_object_0019_part_000_choice_000_frame_236,pck_object_0019,pck_object_0019_part_000,pck_object_0019_part_000_choice_000,0,0,236,0x00290F,71,0,0x002911,4700A0FFFE07BDFF,A0FFFE07BDFF1100CEFF4700A0FFCEFF
C:/Users/MadCat/Documents/GitHub/MechwarriorRecomp/research/extract/decoded_pck/BMAPCK_TBL.decoded.bin,pck_object_0019_part_000_choice_000_frame_237,pck_object_0019,pck_object_0019_part_000,pck_object_0019_part_000_choice_000,0,0,237,0x002917,17,0,0x002919,1100CEFF4700A0FF,CEFF4700A0FFCEFF25001FFFCBFFCEFF
C:/Users/MadCat/Documents/GitHub/MechwarriorRecomp/research/extract/decoded_pck/BMAPCK_TBL.decoded.bin,pck_object_0019_part_000_choice_000_frame_238,pck_object_0019,pck_object_0019_part_000,pck_object_0019_part_000_choice_000,0,0,238,0x00291F,206,255,0x002921,CEFF25001FFFCBFF,25001FFFCBFFCEFF2CFFCBFFD0FFDDFF
C:/Users/MadCat/Documents/GitHub/MechwarriorRecomp/research/extract/decoded_pck/BMAPCK_TBL.decoded.bin,pck_object_0019_part_000_choice_000_frame_239,pck_object_0019,pck_object_0019_part_000,pck_object_0019_part_000_choice_000,0,0,239,0x002927,206,255,0x002929,CEFF2CFFCBFFD0FF,2CFFCBFFD0FFDDFFCEFF3300D5FF0000
C:/Users/MadCat/Documents/GitHub/MechwarriorRecomp/research/extract/decoded_pck/BMAPCK_TBL.decoded.bin,pck_object_0019_part_000_choice_000_frame_240,pck_object_0019,pck_object_0019_part_000,pck_object_0019_part_000_choice_000,0,0,240,0x00292F,221,255,0x002931,DDFFCEFF3300D5FF,CEFF3300D5FF00007C07D3020000A400
C:/Users/MadCat/Documents/GitHub/MechwarriorRecomp/research/extract/decoded_pck/BMAPCK_TBL.decoded.bin,pck_object_0019_part_000_choice_000_frame_241,pck_object_0019,pck_object_0019_part_000,pck_object_0019_part_000_choice_000,0,0,241,0x002937,0,0,0x002939,00007C07D3020000,7C07D3020000A400F907000001F81700
C:/Users/MadCat/Documents/GitHub/MechwarriorRecomp/research/extract/decoded_pck/BMAPCK_TBL.decoded.bin,pck_object_0019_part_000_choice_000_frame_242,pck_object_0019,pck_object_0019_part_000,pck_object_0019_part_000_choice_000,0,0,242,0x00293F,164,0,0x002941,A400F907000001F8,F907000001F817000000BC07F7FD0CFE
C:/Users/MadCat/Documents/GitHub/MechwarriorRecomp/research/extract/decoded_pck/BMAPCK_TBL.decoded.bin,pck_object_0019_part_000_choice_000_frame_243,pck_object_0019,pck_object_0019_part_000,pck_object_0019_part_000_choice_000,0,0,243,0x002947,23,0,0x002949,17000000BC07F7FD,0000BC07F7FD0CFED8FFF4FE01F83400
C:/Users/MadCat/Documents/GitHub/MechwarriorRecomp/research/extract/decoded_pck/BMAPCK_TBL.decoded.bin,pck_object_0019_part_000_choice_000_frame_244,pck_object_0019,pck_object_0019_part_000,pck_object_0019_part_000_choice_000,0,0,244,0x00294F,12,254,0x002951,0CFED8FFF4FE01F8,D8FFF4FE01F83400E0FF74FFCEFF2CFF
C:/Users/MadCat/Documents/GitHub/MechwarriorRecomp/research/extract/decoded_pck/BMAPCK_TBL.decoded.bin,pck_object_0019_part_000_choice_000_frame_245,pck_object_0019,pck_object_0019_part_000,pck_object_0019_part_000_choice_000,0,0,245,0x002957,52,0,0x002959,3400E0FF74FFCEFF,E0FF74FFCEFF2CFF74FF5FFF75FE77FF
C:/Users/MadCat/Documents/GitHub/MechwarriorRecomp/research/extract/decoded_pck/BMAPCK_TBL.decoded.bin,pck_object_0019_part_000_choice_000_frame_246,pck_object_0019,pck_object_0019_part_000,pck_object_0019_part_000_choice_000,0,0,246,0x00295F,44,255,0x002961,2CFF74FF5FFF75FE,74FF5FFF75FE77FFB5FF43FEFF07DCFF
C:/Users/MadCat/Documents/GitHub/MechwarriorRecomp/research/extract/decoded_pck/BMAPCK_TBL.decoded.bin,pck_object_0019_part_000_choice_000_frame_247,pck_object_0019,pck_object_0019_part_000,pck_object_0019_part_000_choice_000,0,0,247,0x002967,119,255,0x002969,77FFB5FF43FEFF07,B5FF43FEFF07DCFF1200CEFFB5FF43FE
C:/Users/MadCat/Documents/GitHub/MechwarriorRecomp/research/extract/decoded_pck/BMAPCK_TBL.decoded.bin,pck_object_0019_part_000_choice_000_frame_248,pck_object_0019,pck_object_0019_part_000,pck_object_0019_part_000_choice_000,0,0,248,0x00296F,220,255,0x002971,DCFF1200CEFFB5FF,1200CEFFB5FF43FECCFF5FFF75FECCFF
C:/Users/MadCat/Documents/GitHub/MechwarriorRecomp/research/extract/decoded_pck/BMAPCK_TBL.decoded.bin,pck_object_0019_part_000_choice_000_frame_249,pck_object_0019,pck_object_0019_part_000,pck_object_0019_part_000_choice_000,0,0,249,0x002977,67,254,0x002979,43FECCFF5FFF75FE,CCFF5FFF75FECCFFCEFF2CFF000029F9
C:/Users/MadCat/Documents/GitHub/MechwarriorRecomp/research/extract/decoded_pck/BMAPCK_TBL.decoded.bin,pck_object_0019_part_000_choice_000_frame_250,pck_object_0019,pck_object_0019_part_000,pck_object_0019_part_000_choice_000,0,0,250,0x00297F,204,255,0x002981,CCFFCEFF2CFF0000,CEFF2CFF000029F92604000021075FFC
C:/Users/MadCat/Documents/GitHub/MechwarriorRecomp/research/extract/decoded_pck/BMAPCK_TBL.decoded.bin,pck_object_0019_part_000_choice_000_frame_251,pck_object_0019,pck_object_0019_part_000,pck_object_0019_part_000_choice_000,0,0,251,0x002987,41,249,0x002989,29F9260400002107,2604000021075FFC6AFF9CFFFEFFECFF
C:/Users/MadCat/Documents/GitHub/MechwarriorRecomp/research/extract/decoded_pck/BMAPCK_TBL.decoded.bin,pck_object_0019_part_000_choice_000_frame_252,pck_object_0019,pck_object_0019_part_000,pck_object_0019_part_000_choice_000,0,0,252,0x00298F,95,252,0x002991,5FFC6AFF9CFFFEFF,6AFF9CFFFEFFECFFA50673045EFFF3FF
C:/Users/MadCat/Documents/GitHub/MechwarriorRecomp/research/extract/decoded_pck/BMAPCK_TBL.decoded.bin,pck_object_0019_part_000_choice_000_frame_253,pck_object_0019,pck_object_0019_part_000,pck_object_0019_part_000_choice_000,0,0,253,0x002997,236,255,0x002999,ECFFA50673045EFF,A50673045EFFF3FFE6FDE7FFF4FFE7FD
C:/Users/MadCat/Documents/GitHub/MechwarriorRecomp/research/extract/decoded_pck/BMAPCK_TBL.decoded.bin,pck_object_0019_part_000_choice_000_frame_254,pck_object_0019,pck_object_0019_part_000,pck_object_0019_part_000_choice_000,0,0,254,0x00299F,243,255,0x0029A1,F3FFE6FDE7FFF4FF,E6FDE7FFF4FFE7FD2C07B2011C03E5FF
C:/Users/MadCat/Documents/GitHub/MechwarriorRecomp/research/extract/decoded_pck/BMAPCK_TBL.decoded.bin,pck_object_0019_part_000_choice_000_frame_255,pck_object_0019,pck_object_0019_part_000,pck_object_0019_part_000_choice_000,0,0,255,0x0029A7,231,253,0x0029A9,E7FD2C07B2011C03,2C07B2011C03E5FF26FF5CFE0DF92B02
C:/Users/MadCat/Documents/GitHub/MechwarriorRecomp/research/extract/decoded_pck/BMAPCK_TBL.decoded.bin,pck_object_0020_part_001_choice_000_frame_000,pck_object_0020,pck_object_0020_part_001,pck_object_0020_part_001_choice_000,1,0,0,0x002723,255,219,0x002725,FFDBFF77FFDBFF2C,FF77FFDBFF2CFF77FF32002CFF77FF4B
C:/Users/MadCat/Documents/GitHub/MechwarriorRecomp/research/extract/decoded_pck/BMAPCK_TBL.decoded.bin,pck_object_0021_part_000_choice_000_frame_000,pck_object_0021,pck_object_0021_part_000,pck_object_0021_part_000_choice_000,0,0,0,0x0023E8,38,0,0x0023EA,26009301BE003C00,9301BE003C008C00FA003C008C000E01
C:/Users/MadCat/Documents/GitHub/MechwarriorRecomp/research/extract/decoded_pck/BMAPCK_TBL.decoded.bin,pck_object_0021_part_000_choice_000_frame_001,pck_object_0021,pck_object_0021_part_000,pck_object_0021_part_000_choice_000,0,0,1,0x0023F0,140,0,0x0023F2,8C00FA003C008C00,FA003C008C000E0130002601FA002800
C:/Users/MadCat/Documents/GitHub/MechwarriorRecomp/research/extract/decoded_pck/BMAPCK_TBL.decoded.bin,pck_object_0021_part_000_choice_000_frame_002,pck_object_0021,pck_object_0021_part_000,pck_object_0021_part_000_choice_000,0,0,2,0x0023F8,14,1,0x0023FA,0E0130002601FA00,30002601FA0028007F018A024FFF8D07
C:/Users/MadCat/Documents/GitHub/MechwarriorRecomp/research/extract/decoded_pck/BMAPCK_TBL.decoded.bin,pck_object_0021_part_000_choice_000_frame_003,pck_object_0021,pck_object_0021_part_000,pck_object_0021_part_000_choice_000,0,0,3,0x002400,40,0,0x002402,28007F018A024FFF,7F018A024FFF8D07CE07C6FFBB01EE07
C:/Users/MadCat/Documents/GitHub/MechwarriorRecomp/research/extract/decoded_pck/BMAPCK_TBL.decoded.bin,pck_object_0021_part_000_choice_000_frame_004,pck_object_0021,pck_object_0021_part_000,pck_object_0021_part_000_choice_000,0,0,4,0x002408,141,7,0x00240A,8D07CE07C6FFBB01,CE07C6FFBB01EE07FEFFF9FE01F81900
C:/Users/MadCat/Documents/GitHub/MechwarriorRecomp/research/extract/decoded_pck/BMAPCK_TBL.decoded.bin,pck_object_0021_part_000_choice_000_frame_005,pck_object_0021,pck_object_0021_part_000,pck_object_0021_part_000_choice_000,0,0,5,0x002410,238,7,0x002412,EE07FEFFF9FE01F8,FEFFF9FE01F819000200D00721003DFF
C:/Users/MadCat/Documents/GitHub/MechwarriorRecomp/research/extract/decoded_pck/BMAPCK_TBL.decoded.bin,pck_object_0021_part_000_choice_000_frame_006,pck_object_0021,pck_object_0021_part_000,pck_object_0021_part_000_choice_000,0,0,6,0x002418,25,0,0x00241A,19000200D0072100,0200D00721003DFF0000690121F8EE00
C:/Users/MadCat/Documents/GitHub/MechwarriorRecomp/research/extract/decoded_pck/BMAPCK_TBL.decoded.bin,pck_object_0021_part_000_choice_000_frame_007,pck_object_0021,pck_object_0021_part_000,pck_object_0021_part_000_choice_000,0,0,7,0x002420,61,255,0x002422,3DFF0000690121F8,0000690121F8EE003500E8FEF0008300
C:/Users/MadCat/Documents/GitHub/MechwarriorRecomp/research/extract/decoded_pck/BMAPCK_TBL.decoded.bin,pck_object_0021_part_000_choice_000_frame_008,pck_object_0021,pck_object_0021_part_000,pck_object_0021_part_000_choice_000,0,0,8,0x002428,238,0,0x00242A,EE003500E8FEF000,3500E8FEF0008300F6FEC8008300F6FE
C:/Users/MadCat/Documents/GitHub/MechwarriorRecomp/research/extract/decoded_pck/BMAPCK_TBL.decoded.bin,pck_object_0021_part_000_choice_000_frame_009,pck_object_0021,pck_object_0021_part_000,pck_object_0021_part_000_choice_000,0,0,9,0x002430,131,0,0x002432,8300F6FEC8008300,F6FEC8008300F6FEC6003500E8FE0000
C:/Users/MadCat/Documents/GitHub/MechwarriorRecomp/research/extract/decoded_pck/BMAPCK_TBL.decoded.bin,pck_object_0021_part_000_choice_000_frame_010,pck_object_0021,pck_object_0021_part_000,pck_object_0021_part_000_choice_000,0,0,10,0x002438,246,254,0x00243A,F6FEC6003500E8FE,C6003500E8FE000020F89AFEF800ECFF
C:/Users/MadCat/Documents/GitHub/MechwarriorRecomp/research/extract/decoded_pck/BMAPCK_TBL.decoded.bin,pck_object_0021_part_000_choice_000_frame_011,pck_object_0021,pck_object_0021_part_000,pck_object_0021_part_000_choice_000,0,0,11,0x002440,0,0,0x002442,000020F89AFEF800,20F89AFEF800ECFF8200BC00ECFF8200
C:/Users/MadCat/Documents/GitHub/MechwarriorRecomp/research/extract/decoded_pck/BMAPCK_TBL.decoded.bin,pck_object_0021_part_000_choice_000_frame_012,pck_object_0021,pck_object_0021_part_000,pck_object_0021_part_000_choice_000,0,0,12,0x002448,236,255,0x00244A,ECFF8200BC00ECFF,8200BC00ECFF820002F83B00D9FF0000
C:/Users/MadCat/Documents/GitHub/MechwarriorRecomp/research/extract/decoded_pck/BMAPCK_TBL.decoded.bin,pck_object_0021_part_000_choice_000_frame_013,pck_object_0021,pck_object_0021_part_000,pck_object_0021_part_000_choice_000,0,0,13,0x002450,130,0,0x002452,820002F83B00D9FF,02F83B00D9FF0000E1076001FE07D6FF
C:/Users/MadCat/Documents/GitHub/MechwarriorRecomp/research/extract/decoded_pck/BMAPCK_TBL.decoded.bin,pck_object_0021_part_000_choice_000_frame_014,pck_object_0021,pck_object_0021_part_000,pck_object_0021_part_000_choice_000,0,0,14,0x002458,0,0,0x00245A,0000E1076001FE07,E1076001FE07D6FFC7FF0100D8000000
C:/Users/MadCat/Documents/GitHub/MechwarriorRecomp/research/extract/decoded_pck/BMAPCK_TBL.decoded.bin,pck_object_0021_part_000_choice_000_frame_015,pck_object_0021,pck_object_0021_part_000,pck_object_0021_part_000_choice_000,0,0,15,0x002460,214,255,0x002462,D6FFC7FF0100D800,C7FF0100D80000000600E00050008109
C:/Users/MadCat/Documents/GitHub/MechwarriorRecomp/research/extract/decoded_pck/BMAPCK_TBL.decoded.bin,pck_object_0021_part_000_choice_000_frame_016,pck_object_0021,pck_object_0021_part_000,pck_object_0021_part_000_choice_000,0,0,16,0x002468,0,0,0x00246A,00000600E0005000,0600E000500081090001010110018109
C:/Users/MadCat/Documents/GitHub/MechwarriorRecomp/research/extract/decoded_pck/BMAPCK_TBL.decoded.bin,pck_object_0021_part_000_choice_000_frame_017,pck_object_0021,pck_object_0021_part_000,pck_object_0021_part_000_choice_000,0,0,17,0x002470,129,9,0x002472,8109000101011001,00010101100181090001010716018109
C:/Users/MadCat/Documents/GitHub/MechwarriorRecomp/research/extract/decoded_pck/BMAPCK_TBL.decoded.bin,pck_object_0021_part_000_choice_000_frame_018,pck_object_0021,pck_object_0021_part_000,pck_object_0021_part_000_choice_000,0,0,18,0x002478,129,9,0x00247A,8109000101071601,00010107160181090000000D1C018109
C:/Users/MadCat/Documents/GitHub/MechwarriorRecomp/research/extract/decoded_pck/BMAPCK_TBL.decoded.bin,pck_object_0021_part_000_choice_000_frame_019,pck_object_0021,pck_object_0021_part_000,pck_object_0021_part_000_choice_000,0,0,19,0x002480,129,9,0x002482,81090000000D1C01,0000000D1C0181090009090E21018109
C:/Users/MadCat/Documents/GitHub/MechwarriorRecomp/research/extract/decoded_pck/BMAPCK_TBL.decoded.bin,pck_object_0021_part_000_choice_000_frame_020,pck_object_0021,pck_object_0021_part_000,pck_object_0021_part_000_choice_000,0,0,20,0x002488,129,9,0x00248A,81090009090E2101,0009090E210181090008080F26018109
C:/Users/MadCat/Documents/GitHub/MechwarriorRecomp/research/extract/decoded_pck/BMAPCK_TBL.decoded.bin,pck_object_0021_part_000_choice_000_frame_021,pck_object_0021,pck_object_0021_part_000,pck_object_0021_part_000_choice_000,0,0,21,0x002490,129,9,0x002492,81090008080F2601,0008080F26018109000000102B010203
C:/Users/MadCat/Documents/GitHub/MechwarriorRecomp/research/extract/decoded_pck/BMAPCK_TBL.decoded.bin,pck_object_0021_part_000_choice_000_frame_022,pck_object_0021,pck_object_0021_part_000,pck_object_0021_part_000_choice_000,0,0,22,0x002498,129,9,0x00249A,8109000000102B01,000000102B010203040506FF08090A0B
C:/Users/MadCat/Documents/GitHub/MechwarriorRecomp/research/extract/decoded_pck/BMAPCK_TBL.decoded.bin,pck_object_0021_part_000_choice_000_frame_023,pck_object_0021,pck_object_0021_part_000,pck_object_0021_part_000_choice_000,0,0,23,0x0024A0,2,3,0x0024A2,0203040506FF0809,040506FF08090A0B0CFF06080C02FF02
C:/Users/MadCat/Documents/GitHub/MechwarriorRecomp/research/extract/decoded_pck/BMAPCK_TBL.decoded.bin,pck_object_0021_part_000_choice_000_frame_024,pck_object_0021,pck_object_0021_part_000,pck_object_0021_part_000_choice_000,0,0,24,0x0024A8,10,11,0x0024AA,0A0B0CFF06080C02,0CFF06080C02FF020C0B03FF030B0A04
C:/Users/MadCat/Documents/GitHub/MechwarriorRecomp/research/extract/decoded_pck/BMAPCK_TBL.decoded.bin,pck_object_0021_part_000_choice_000_frame_025,pck_object_0021,pck_object_0021_part_000,pck_object_0021_part_000_choice_000,0,0,25,0x0024B0,255,2,0x0024B2,FF020C0B03FF030B,0C0B03FF030B0A04FF05090806FF0100
C:/Users/MadCat/Documents/GitHub/MechwarriorRecomp/research/extract/decoded_pck/BMAPCK_TBL.decoded.bin,pck_object_0021_part_000_choice_000_frame_026,pck_object_0021,pck_object_0021_part_000,pck_object_0021_part_000_choice_000,0,0,26,0x0024B8,10,4,0x0024BA,0A04FF05090806FF,FF05090806FF01003401000005003C01
C:/Users/MadCat/Documents/GitHub/MechwarriorRecomp/research/extract/decoded_pck/BMAPCK_TBL.decoded.bin,pck_object_0021_part_000_choice_000_frame_027,pck_object_0021,pck_object_0021_part_000,pck_object_0021_part_000_choice_000,0,0,27,0x0024C0,1,0,0x0024C2,0100340100000500,3401000005003C01155B810800000012
C:/Users/MadCat/Documents/GitHub/MechwarriorRecomp/research/extract/decoded_pck/BMAPCK_TBL.decoded.bin,pck_object_0021_part_000_choice_000_frame_028,pck_object_0021,pck_object_0021_part_000,pck_object_0021_part_000_choice_000,0,0,28,0x0024C8,60,1,0x0024CA,3C01155B81080000,155B8108000000126401810800080817
C:/Users/MadCat/Documents/GitHub/MechwarriorRecomp/research/extract/decoded_pck/BMAPCK_TBL.decoded.bin,pck_object_0021_part_000_choice_000_frame_029,pck_object_0021,pck_object_0021_part_000,pck_object_0021_part_000_choice_000,0,0,29,0x0024D0,0,18,0x0024D2,0012640181080008,6401810800080817690181080000001A
C:/Users/MadCat/Documents/GitHub/MechwarriorRecomp/research/extract/decoded_pck/BMAPCK_TBL.decoded.bin,pck_object_0021_part_000_choice_000_frame_030,pck_object_0021,pck_object_0021_part_000,pck_object_0021_part_000_choice_000,0,0,30,0x0024D8,8,23,0x0024DA,0817690181080000,690181080000001A6E0181080000001B
C:/Users/MadCat/Documents/GitHub/MechwarriorRecomp/research/extract/decoded_pck/BMAPCK_TBL.decoded.bin,pck_object_0021_part_000_choice_000_frame_031,pck_object_0021,pck_object_0021_part_000,pck_object_0021_part_000_choice_000,0,0,31,0x0024E0,0,26,0x0024E2,001A6E0181080000,6E0181080000001B730181080000001C
C:/Users/MadCat/Documents/GitHub/MechwarriorRecomp/research/extract/decoded_pck/BMAPCK_TBL.decoded.bin,pck_object_0021_part_000_choice_000_frame_032,pck_object_0021,pck_object_0021_part_000,pck_object_0021_part_000_choice_000,0,0,32,0x0024E8,0,27,0x0024EA,001B730181080000,730181080000001C780113141516FF18
C:/Users/MadCat/Documents/GitHub/MechwarriorRecomp/research/extract/decoded_pck/BMAPCK_TBL.decoded.bin,pck_object_0021_part_000_choice_000_frame_033,pck_object_0021,pck_object_0021_part_000,pck_object_0021_part_000_choice_000,0,0,33,0x0024F0,0,28,0x0024F2,001C780113141516,780113141516FF18131619FF19161509
C:/Users/MadCat/Documents/GitHub/MechwarriorRecomp/research/extract/decoded_pck/BMAPCK_TBL.decoded.bin,pck_object_0021_part_000_choice_000_frame_034,pck_object_0021,pck_object_0021_part_000,pck_object_0021_part_000_choice_000,0,0,34,0x0024F8,255,24,0x0024FA,FF18131619FF1916,131619FF19161509FF0915140AFF0A14
C:/Users/MadCat/Documents/GitHub/MechwarriorRecomp/research/extract/decoded_pck/BMAPCK_TBL.decoded.bin,pck_object_0021_part_000_choice_000_frame_035,pck_object_0021,pck_object_0021_part_000,pck_object_0021_part_000_choice_000,0,0,35,0x002500,21,9,0x002502,1509FF0915140AFF,FF0915140AFF0A141318FF8000250200
C:/Users/MadCat/Documents/GitHub/MechwarriorRecomp/research/extract/decoded_pck/BMAPCK_TBL.decoded.bin,pck_object_0021_part_000_choice_000_frame_036,pck_object_0021,pck_object_0021_part_000,pck_object_0021_part_000_choice_000,0,0,36,0x002508,10,20,0x00250A,0A141318FF800025,1318FF8000250200000000000003001B
C:/Users/MadCat/Documents/GitHub/MechwarriorRecomp/research/extract/decoded_pck/BMAPCK_TBL.decoded.bin,pck_object_0021_part_000_choice_000_frame_037,pck_object_0021,pck_object_0021_part_000,pck_object_0021_part_000_choice_000,0,0,37,0x002510,2,0,0x002512,0200000000000003,000000000003001B00002233000100FF
C:/Users/MadCat/Documents/GitHub/MechwarriorRecomp/research/extract/decoded_pck/BMAPCK_TBL.decoded.bin,pck_object_0021_part_000_choice_000_frame_038,pck_object_0021,pck_object_0021_part_000,pck_object_0021_part_000_choice_000,0,0,38,0x002518,0,27,0x00251A,001B000022330001,00002233000100FF001122330001005B
C:/Users/MadCat/Documents/GitHub/MechwarriorRecomp/research/extract/decoded_pck/BMAPCK_TBL.decoded.bin,pck_object_0021_part_000_choice_000_frame_039,pck_object_0021,pck_object_0021_part_000,pck_object_0021_part_000_choice_000,0,0,39,0x002520,0,255,0x002522,00FF001122330001,001122330001005B011822330001009B
C:/Users/MadCat/Documents/GitHub/MechwarriorRecomp/research/extract/decoded_pck/BMAPCK_TBL.decoded.bin,pck_object_0021_part_000_choice_000_frame_040,pck_object_0021,pck_object_0021_part_000,pck_object_0021_part_000_choice_000,0,0,40,0x002528,0,91,0x00252A,005B011822330001,011822330001009B0112FD64009CFF00
C:/Users/MadCat/Documents/GitHub/MechwarriorRecomp/research/extract/decoded_pck/BMAPCK_TBL.decoded.bin,pck_object_0021_part_000_choice_000_frame_041,pck_object_0021,pck_object_0021_part_000,pck_object_0021_part_000_choice_000,0,0,41,0x002530,0,155,0x002532,009B0112FD64009C,0112FD64009CFF00F80000000077FF32
C:/Users/MadCat/Documents/GitHub/MechwarriorRecomp/research/extract/decoded_pck/BMAPCK_TBL.decoded.bin,pck_object_0021_part_000_choice_000_frame_042,pck_object_0021,pck_object_0021_part_000,pck_object_0021_part_000_choice_000,0,0,42,0x002538,255,0,0x00253A,FF00F80000000077,F80000000077FF3200DBFF77FFCEFFDB
C:/Users/MadCat/Documents/GitHub/MechwarriorRecomp/research/extract/decoded_pck/BMAPCK_TBL.decoded.bin,pck_object_0021_part_000_choice_000_frame_043,pck_object_0021,pck_object_0021_part_000,pck_object_0021_part_000_choice_000,0,0,43,0x002540,255,50,0x002542,FF3200DBFF77FFCE,00DBFF77FFCEFFDBFF77FFDBFF2CFF77
C:/Users/MadCat/Documents/GitHub/MechwarriorRecomp/research/extract/decoded_pck/BMAPCK_TBL.decoded.bin,pck_object_0021_part_000_choice_000_frame_044,pck_object_0021,pck_object_0021_part_000,pck_object_0021_part_000_choice_000,0,0,44,0x002548,255,219,0x00254A,FFDBFF77FFDBFF2C,FF77FFDBFF2CFF77FF32002CFF77FF4B
C:/Users/MadCat/Documents/GitHub/MechwarriorRecomp/research/extract/decoded_pck/BMAPCK_TBL.decoded.bin,pck_object_0021_part_000_choice_000_frame_045,pck_object_0021,pck_object_0021_part_000,pck_object_0021_part_000_choice_000,0,0,45,0x002550,255,119,0x002552,FF77FF32002CFF77,FF32002CFF77FF4B00A9FF0008000000
C:/Users/MadCat/Documents/GitHub/MechwarriorRecomp/research/extract/decoded_pck/BMAPCK_TBL.decoded.bin,pck_object_0021_part_000_choice_000_frame_046,pck_object_0021,pck_object_0021_part_000,pck_object_0021_part_000_choice_000,0,0,46,0x002558,255,75,0x00255A,FF4B00A9FF000800,00A9FF000800000000CEFF4B00A9FFCE
C:/Users/MadCat/Documents/GitHub/MechwarriorRecomp/research/extract/decoded_pck/BMAPCK_TBL.decoded.bin,pck_object_0021_part_000_choice_000_frame_047,pck_object_0021,pck_object_0021_part_000,pck_object_0021_part_000_choice_000,0,0,47,0x002560,0,0,0x002562,000000CEFF4B00A9,00CEFF4B00A9FFCEFF32002CFFCEFFDB
C:/Users/MadCat/Documents/GitHub/MechwarriorRecomp/research/extract/decoded_pck/BMAPCK_TBL.decoded.bin,pck_object_0021_part_000_choice_000_frame_048,pck_object_0021,pck_object_0021_part_000,pck_object_0021_part_000_choice_000,0,0,48,0x002568,255,206,0x00256A,FFCEFF32002CFFCE,FF32002CFFCEFFDBFF2CFFCEFFCEFFDB
C:/Users/MadCat/Documents/GitHub/MechwarriorRecomp/research/extract/decoded_pck/BMAPCK_TBL.decoded.bin,pck_object_0021_part_000_choice_000_frame_049,pck_object_0021,pck_object_0021_part_000,pck_object_0021_part_000_choice_000,0,0,49,0x002570,255,219,0x002572,FFDBFF2CFFCEFFCE,FF2CFFCEFFCEFFDBFFCEFF3200DBFF00
C:/Users/MadCat/Documents/GitHub/MechwarriorRecomp/research/extract/decoded_pck/BMAPCK_TBL.decoded.bin,pck_object_0021_part_000_choice_000_frame_050,pck_object_0021,pck_object_0021_part_000,pck_object_0021_part_000_choice_000,0,0,50,0x002578,255,219,0x00257A,FFDBFFCEFF3200DB,FFCEFF3200DBFF000027079303000000
C:/Users/MadCat/Documents/GitHub/MechwarriorRecomp/research/extract/decoded_pck/BMAPCK_TBL.decoded.bin,pck_object_0021_part_000_choice_000_frame_051,pck_object_0021,pck_object_0021_part_000,pck_object_0021_part_000_choice_000,0,0,51,0x002580,255,0,0x002582,FF00002707930300,0027079303000000000008000006F869
C:/Users/MadCat/Documents/GitHub/MechwarriorRecomp/research/extract/decoded_pck/BMAPCK_TBL.decoded.bin,pck_object_0021_part_000_choice_000_frame_052,pck_object_0021,pck_object_0021_part_000,pck_object_0021_part_000_choice_000,0,0,52,0x002588,0,0,0x00258A,0000000008000006,000008000006F869FF0000D8076FFE0C
C:/Users/MadCat/Documents/GitHub/MechwarriorRecomp/research/extract/decoded_pck/BMAPCK_TBL.decoded.bin,pck_object_0021_part_000_choice_000_frame_053,pck_object_0021,pck_object_0021_part_000,pck_object_0021_part_000_choice_000,0,0,53,0x002590,248,105,0x002592,F869FF0000D8076F,FF0000D8076FFE0CFE640006FF77FFDB
C:/Users/MadCat/Documents/GitHub/MechwarriorRecomp/research/extract/decoded_pck/BMAPCK_TBL.decoded.bin,pck_object_0021_part_000_choice_000_frame_054,pck_object_0021,pck_object_0021_part_000,pck_object_0021_part_000_choice_000,0,0,54,0x002598,254,12,0x00259A,FE0CFE640006FF77,FE640006FF77FFDBFF3EFE77FF3E003E
C:/Users/MadCat/Documents/GitHub/MechwarriorRecomp/research/extract/decoded_pck/BMAPCK_TBL.decoded.bin,pck_object_0021_part_000_choice_000_frame_055,pck_object_0021,pck_object_0021_part_000,pck_object_0021_part_000_choice_000,0,0,55,0x0025A0,255,219,0x0025A2,FFDBFF3EFE77FF3E,FF3EFE77FF3E003EFECEFF3E003EFECE
C:/Users/MadCat/Documents/GitHub/MechwarriorRecomp/research/extract/decoded_pck/BMAPCK_TBL.decoded.bin,pck_object_0021_part_000_choice_000_frame_056,pck_object_0021,pck_object_0021_part_000,pck_object_0021_part_000_choice_000,0,0,56,0x0025A8,0,62,0x0025AA,003EFECEFF3E003E,FECEFF3E003EFECEFFDBFF3EFE000000
C:/Users/MadCat/Documents/GitHub/MechwarriorRecomp/research/extract/decoded_pck/BMAPCK_TBL.decoded.bin,pck_object_0021_part_000_choice_000_frame_057,pck_object_0021,pck_object_0021_part_000,pck_object_0021_part_000_choice_000,0,0,57,0x0025B0,254,206,0x0025B2,FECEFFDBFF3EFE00,FFDBFF3EFE000000F800000000FD0767
C:/Users/MadCat/Documents/GitHub/MechwarriorRecomp/research/extract/decoded_pck/BMAPCK_TBL.decoded.bin,pck_object_0021_part_000_choice_000_frame_058,pck_object_0021,pck_object_0021_part_000,pck_object_0021_part_000_choice_000,0,0,58,0x0025B8,0,0,0x0025BA,0000F800000000FD,F800000000FD0767006AFF0000D4FE00
C:/Users/MadCat/Documents/GitHub/MechwarriorRecomp/research/extract/decoded_pck/BMAPCK_TBL.decoded.bin,pck_object_0021_part_000_choice_000_frame_059,pck_object_0021,pck_object_0021_part_000,pck_object_0021_part_000_choice_000,0,0,59,0x0025C0,7,103,0x0025C2,0767006AFF0000D4,006AFF0000D4FE0000930327075EFFA2
C:/Users/MadCat/Documents/GitHub/MechwarriorRecomp/research/extract/decoded_pck/BMAPCK_TBL.decoded.bin,pck_object_0021_part_000_choice_000_frame_060,pck_object_0021,pck_object_0021_part_000,pck_object_0021_part_000_choice_000,0,0,60,0x0025C8,254,0,0x0025CA,FE0000930327075E,00930327075EFFA2000CFEE7FFA2000C
C:/Users/MadCat/Documents/GitHub/MechwarriorRecomp/research/extract/decoded_pck/BMAPCK_TBL.decoded.bin,pck_object_0021_part_000_choice_000_frame_061,pck_object_0021,pck_object_0021_part_000,pck_object_0021_part_000_choice_000,0,0,61,0x0025D0,255,162,0x0025D2,FFA2000CFEE7FFA2,000CFEE7FFA2000CFE270700009303E7
C:/Users/MadCat/Documents/GitHub/MechwarriorRecomp/research/extract/decoded_pck/BMAPCK_TBL.decoded.bin,pck_object_0021_part_000_choice_000_frame_062,pck_object_0021,pck_object_0021_part_000,pck_object_0021_part_000_choice_000,0,0,62,0x0025D8,0,12,0x0025DA,000CFE2707000093,FE270700009303E7FFB5FF0CFED9F800
C:/Users/MadCat/Documents/GitHub/MechwarriorRecomp/research/extract/decoded_pck/BMAPCK_TBL.decoded.bin,pck_object_0021_part_000_choice_000_frame_063,pck_object_0021,pck_object_0021_part_000,pck_object_0021_part_000_choice_000,0,0,63,0x0025E0,3,231,0x0025E2,03E7FFB5FF0CFED9,FFB5FF0CFED9F8000093035EFFB5FF0C
C:/Users/MadCat/Documents/GitHub/MechwarriorRecomp/research/extract/decoded_pck/BMAPCK_TBL.decoded.bin,pck_object_0021_part_000_choice_000_frame_064,pck_object_0021,pck_object_0021_part_000,pck_object_0021_part_000_choice_000,0,0,64,0x0025E8,248,0,0x0025EA,F8000093035EFFB5,0093035EFFB5FF0CFE0000A2F9D70400
C:/Users/MadCat/Documents/GitHub/MechwarriorRecomp/research/extract/decoded_pck/BMAPCK_TBL.decoded.bin,pck_object_0021_part_000_choice_000_frame_065,pck_object_0021,pck_object_0021_part_000,pck_object_0021_part_000_choice_000,0,0,65,0x0025F0,255,12,0x0025F2,FF0CFE0000A2F9D7,FE0000A2F9D7040000000000F8010003
C:/Users/MadCat/Documents/GitHub/MechwarriorRecomp/research/extract/decoded_pck/BMAPCK_TBL.decoded.bin,pck_object_0021_part_000_choice_000_frame_066,pck_object_0021,pck_object_0021_part_000,pck_object_0021_part_000_choice_000,0,0,66,0x0025F8,4,0,0x0025FA,040000000000F801,00000000F801000301000006000B0108
C:/Users/MadCat/Documents/GitHub/MechwarriorRecomp/research/extract/decoded_pck/BMAPCK_TBL.decoded.bin,pck_object_0021_part_000_choice_000_frame_067,pck_object_0021,pck_object_0021_part_000,pck_object_0021_part_000_choice_000,0,0,67,0x002600,0,3,0x002602,000301000006000B,01000006000B01080F8107070000013B
C:/Users/MadCat/Documents/GitHub/MechwarriorRecomp/research/extract/decoded_pck/BMAPCK_TBL.decoded.bin,pck_object_0021_part_000_choice_000_frame_068,pck_object_0021,pck_object_0021_part_000,pck_object_0021_part_000_choice_000,0,0,68,0x002608,1,8,0x00260A,01080F8107070000,0F8107070000013B0181080808080741
C:/Users/MadCat/Documents/GitHub/MechwarriorRecomp/research/extract/decoded_pck/BMAPCK_TBL.decoded.bin,pck_object_0021_part_000_choice_000_frame_069,pck_object_0021,pck_object_0021_part_000,pck_object_0021_part_000_choice_000,0,0,69,0x002610,1,59,0x002612,013B018108080808,018108080808074101810C0C00000D47
C:/Users/MadCat/Documents/GitHub/MechwarriorRecomp/research/extract/decoded_pck/BMAPCK_TBL.decoded.bin,pck_object_0021_part_000_choice_000_frame_070,pck_object_0021,pck_object_0021_part_000,pck_object_0021_part_000_choice_000,0,0,70,0x002618,7,65,0x00261A,074101810C0C0000,01810C0C00000D4701810F0F00000E4C
C:/Users/MadCat/Documents/GitHub/MechwarriorRecomp/research/extract/decoded_pck/BMAPCK_TBL.decoded.bin,pck_object_0021_part_000_choice_000_frame_071,pck_object_0021,pck_object_0021_part_000,pck_object_0021_part_000_choice_000,0,0,71,0x002620,13,71,0x002622,0D4701810F0F0000,01810F0F00000E4C0181080808080F51
C:/Users/MadCat/Documents/GitHub/MechwarriorRecomp/research/extract/decoded_pck/BMAPCK_TBL.decoded.bin,pck_object_0021_part_000_choice_000_frame_072,pck_object_0021,pck_object_0021_part_000,pck_object_0021_part_000_choice_000,0,0,72,0x002628,14,76,0x00262A,0E4C018108080808,0181080808080F510181040408081056
C:/Users/MadCat/Documents/GitHub/MechwarriorRecomp/research/extract/decoded_pck/BMAPCK_TBL.decoded.bin,pck_object_0021_part_000_choice_000_frame_073,pck_object_0021,pck_object_0021_part_000,pck_object_0021_part_000_choice_000,0,0,73,0x002630,15,81,0x002632,0F51018104040808,0181040408081056010203040506FF08
C:/Users/MadCat/Documents/GitHub/MechwarriorRecomp/research/extract/decoded_pck/BMAPCK_TBL.decoded.bin,pck_object_0021_part_000_choice_000_frame_074,pck_object_0021,pck_object_0021_part_000,pck_object_0021_part_000_choice_000,0,0,74,0x002638,16,86,0x00263A,1056010203040506,010203040506FF08090A0B0CFF06080C
C:/Users/MadCat/Documents/GitHub/MechwarriorRecomp/research/extract/decoded_pck/BMAPCK_TBL.decoded.bin,pck_object_0021_part_000_choice_000_frame_075,pck_object_0021,pck_object_0021_part_000,pck_object_0021_part_000_choice_000,0,0,75,0x002640,255,8,0x002642,FF08090A0B0CFF06,090A0B0CFF06080C02FF020C0B03FF03
C:/Users/MadCat/Documents/GitHub/MechwarriorRecomp/research/extract/decoded_pck/BMAPCK_TBL.decoded.bin,pck_object_0021_part_000_choice_000_frame_076,pck_object_0021,pck_object_0021_part_000,pck_object_0021_part_000_choice_000,0,0,76,0x002648,8,12,0x00264A,080C02FF020C0B03,02FF020C0B03FF030B0A04FF05090806
C:/Users/MadCat/Documents/GitHub/MechwarriorRecomp/research/extract/decoded_pck/BMAPCK_TBL.decoded.bin,pck_object_0021_part_000_choice_000_frame_077,pck_object_0021,pck_object_0021_part_000,pck_object_0021_part_000_choice_000,0,0,77,0x002650,255,3,0x002652,FF030B0A04FF0509,0B0A04FF05090806FF01005F01000004
C:/Users/MadCat/Documents/GitHub/MechwarriorRecomp/research/extract/decoded_pck/BMAPCK_TBL.decoded.bin,pck_object_0021_part_000_choice_000_frame_078,pck_object_0021,pck_object_0021_part_000,pck_object_0021_part_000_choice_000,0,0,78,0x002658,8,6,0x00265A,0806FF01005F0100,FF01005F01000004006701001C810808
C:/Users/MadCat/Documents/GitHub/MechwarriorRecomp/research/extract/decoded_pck/BMAPCK_TBL.decoded.bin,pck_object_0021_part_000_choice_000_frame_079,pck_object_0021,pck_object_0021_part_000,pck_object_0021_part_000_choice_000,0,0,79,0x002660,0,4,0x002662,0004006701001C81,006701001C8108080808018701810000
C:/Users/MadCat/Documents/GitHub/MechwarriorRecomp/research/extract/decoded_pck/BMAPCK_TBL.decoded.bin,pck_object_0021_part_000_choice_000_frame_080,pck_object_0021,pck_object_0021_part_000,pck_object_0021_part_000_choice_000,0,0,80,0x002668,8,8,0x00266A,0808080801870181,08080187018100000000078C01810404
C:/Users/MadCat/Documents/GitHub/MechwarriorRecomp/research/extract/decoded_pck/BMAPCK_TBL.decoded.bin,pck_object_0021_part_000_choice_000_frame_081,pck_object_0021,pck_object_0021_part_000,pck_object_0021_part_000_choice_000,0,0,81,0x002670,0,0,0x002672,00000000078C0181,0000078C018104040101169101810707
C:/Users/MadCat/Documents/GitHub/MechwarriorRecomp/research/extract/decoded_pck/BMAPCK_TBL.decoded.bin,pck_object_0021_part_000_choice_000_frame_082,pck_object_0021,pck_object_0021_part_000,pck_object_0021_part_000_choice_000,0,0,82,0x002678,4,4,0x00267A,0404010116910181,01011691018107070101179601041213
C:/Users/MadCat/Documents/GitHub/MechwarriorRecomp/research/extract/decoded_pck/BMAPCK_TBL.decoded.bin,pck_object_0021_part_000_choice_000_frame_083,pck_object_0021,pck_object_0021_part_000,pck_object_0021_part_000_choice_000,0,0,83,0x002680,7,7,0x002682,0707010117960104,010117960104121305FF0914150AFF04
C:/Users/MadCat/Documents/GitHub/MechwarriorRecomp/research/extract/decoded_pck/BMAPCK_TBL.decoded.bin,pck_object_0021_part_000_choice_000_frame_084,pck_object_0021,pck_object_0021_part_000,pck_object_0021_part_000_choice_000,0,0,84,0x002688,18,19,0x00268A,121305FF0914150A,05FF0914150AFF040A1512FF13140905
C:/Users/MadCat/Documents/GitHub/MechwarriorRecomp/research/extract/decoded_pck/BMAPCK_TBL.decoded.bin,pck_object_0021_part_000_choice_000_frame_085,pck_object_0021,pck_object_0021_part_000,pck_object_0021_part_000_choice_000,0,0,85,0x002690,255,4,0x002692,FF040A1512FF1314,0A1512FF13140905FF01009F01000005
C:/Users/MadCat/Documents/GitHub/MechwarriorRecomp/research/extract/decoded_pck/BMAPCK_TBL.decoded.bin,pck_object_0021_part_000_choice_000_frame_086,pck_object_0021,pck_object_0021_part_000,pck_object_0021_part_000_choice_000,0,0,86,0x002698,9,5,0x00269A,0905FF01009F0100,FF01009F0100000500A7010101810000
C:/Users/MadCat/Documents/GitHub/MechwarriorRecomp/research/extract/decoded_pck/BMAPCK_TBL.decoded.bin,pck_object_0021_part_000_choice_000_frame_087,pck_object_0021,pck_object_0021_part_000,pck_object_0021_part_000_choice_000,0,0,87,0x0026A0,0,5,0x0026A2,000500A701010181,00A7010101810000080819CF01810000
C:/Users/MadCat/Documents/GitHub/MechwarriorRecomp/research/extract/decoded_pck/BMAPCK_TBL.decoded.bin,pck_object_0021_part_000_choice_000_frame_088,pck_object_0021,pck_object_0021_part_000,pck_object_0021_part_000_choice_000,0,0,88,0x0026A8,0,0,0x0026AA,0000080819CF0181,080819CF0181000000001CD401810000
C:/Users/MadCat/Documents/GitHub/MechwarriorRecomp/research/extract/decoded_pck/BMAPCK_TBL.decoded.bin,pck_object_0021_part_000_choice_000_frame_089,pck_object_0021,pck_object_0021_part_000,pck_object_0021_part_000_choice_000,0,0,89,0x0026B0,0,0,0x0026B2,000000001CD40181,00001CD40181000000001ED901810000
C:/Users/MadCat/Documents/GitHub/MechwarriorRecomp/research/extract/decoded_pck/BMAPCK_TBL.decoded.bin,pck_object_0021_part_000_choice_000_frame_090,pck_object_0021,pck_object_0021_part_000,pck_object_0021_part_000_choice_000,0,0,90,0x0026B8,0,0,0x0026BA,000000001ED90181,00001ED901810000000020DE01810000
C:/Users/MadCat/Documents/GitHub/MechwarriorRecomp/research/extract/decoded_pck/BMAPCK_TBL.decoded.bin,pck_object_0021_part_000_choice_000_frame_091,pck_object_0021,pck_object_0021_part_000,pck_object_0021_part_000_choice_000,0,0,91,0x0026C0,0,0,0x0026C2,0000000020DE0181,000020DE01810000000021E301131A1B
C:/Users/MadCat/Documents/GitHub/MechwarriorRecomp/research/extract/decoded_pck/BMAPCK_TBL.decoded.bin,pck_object_0021_part_000_choice_000_frame_092,pck_object_0021,pck_object_0021_part_000,pck_object_0021_part_000_choice_000,0,0,92,0x0026C8,0,0,0x0026CA,0000000021E30113,000021E301131A1B14FF141B1D15FF1A
C:/Users/MadCat/Documents/GitHub/MechwarriorRecomp/research/extract/decoded_pck/BMAPCK_TBL.decoded.bin,pck_object_0021_part_000_choice_000_frame_093,pck_object_0021,pck_object_0021_part_000,pck_object_0021_part_000_choice_000,0,0,93,0x0026D0,26,27,0x0026D2,1A1B14FF141B1D15,14FF141B1D15FF1A13121FFF12151D1F
C:/Users/MadCat/Documents/GitHub/MechwarriorRecomp/research/extract/decoded_pck/BMAPCK_TBL.decoded.bin,pck_object_0021_part_000_choice_000_frame_094,pck_object_0021,pck_object_0021_part_000,pck_object_0021_part_000_choice_000,0,0,94,0x0026D8,255,26,0x0026DA,FF1A13121FFF1215,13121FFF12151D1FFF1F1D1B1AFF8000
C:/Users/MadCat/Documents/GitHub/MechwarriorRecomp/research/extract/decoded_pck/BMAPCK_TBL.decoded.bin,pck_object_0021_part_000_choice_000_frame_095,pck_object_0021,pck_object_0021_part_000,pck_object_0021_part_000_choice_000,0,0,95,0x0026E0,29,31,0x0026E2,1D1FFF1F1D1B1AFF,FF1F1D1B1AFF80002502000000000000
C:/Users/MadCat/Documents/GitHub/MechwarriorRecomp/research/extract/decoded_pck/BMAPCK_TBL.decoded.bin,pck_object_0021_part_000_choice_000_frame_096,pck_object_0021,pck_object_0021_part_000,pck_object_0021_part_000_choice_000,0,0,96,0x0026E8,128,0,0x0026EA,8000250200000000,25020000000000000300160000222E00
C:/Users/MadCat/Documents/GitHub/MechwarriorRecomp/research/extract/decoded_pck/BMAPCK_TBL.decoded.bin,pck_object_0021_part_000_choice_000_frame_097,pck_object_0021,pck_object_0021_part_000,pck_object_0021_part_000_choice_000,0,0,97,0x0026F0,0,0,0x0026F2,0000030016000022,0300160000222E000100FA0011222E00
C:/Users/MadCat/Documents/GitHub/MechwarriorRecomp/research/extract/decoded_pck/BMAPCK_TBL.decoded.bin,pck_object_0021_part_000_choice_000_frame_098,pck_object_0021,pck_object_0021_part_000,pck_object_0021_part_000_choice_000,0,0,98,0x0026F8,46,0,0x0026FA,2E000100FA001122,0100FA0011222E000100560118222E00
C:/Users/MadCat/Documents/GitHub/MechwarriorRecomp/research/extract/decoded_pck/BMAPCK_TBL.decoded.bin,pck_object_0021_part_000_choice_000_frame_099,pck_object_0021,pck_object_0021_part_000,pck_object_0021_part_000_choice_000,0,0,99,0x002700,46,0,0x002702,2E00010056011822,0100560118222E000100960112FD6400
C:/Users/MadCat/Documents/GitHub/MechwarriorRecomp/research/extract/decoded_pck/BMAPCK_TBL.decoded.bin,pck_object_0021_part_000_choice_000_frame_100,pck_object_0021,pck_object_0021_part_000,pck_object_0021_part_000_choice_000,0,0,100,0x002708,46,0,0x00270A,2E000100960112FD,0100960112FD64009CFF00F800000000
C:/Users/MadCat/Documents/GitHub/MechwarriorRecomp/research/extract/decoded_pck/BMAPCK_TBL.decoded.bin,pck_object_0021_part_000_choice_000_frame_101,pck_object_0021,pck_object_0021_part_000,pck_object_0021_part_000_choice_000,0,0,101,0x002710,100,0,0x002712,64009CFF00F80000,9CFF00F80000000077FF3200DBFF77FF
C:/Users/MadCat/Documents/GitHub/MechwarriorRecomp/research/extract/decoded_pck/BMAPCK_TBL.decoded.bin,pck_object_0021_part_000_choice_000_frame_102,pck_object_0021,pck_object_0021_part_000,pck_object_0021_part_000_choice_000,0,0,102,0x002718,0,0,0x00271A,000077FF3200DBFF,77FF3200DBFF77FFCEFFDBFF77FFDBFF
C:/Users/MadCat/Documents/GitHub/MechwarriorRecomp/research/extract/decoded_pck/BMAPCK_TBL.decoded.bin,pck_object_0021_part_000_choice_000_frame_103,pck_object_0021,pck_object_0021_part_000,pck_object_0021_part_000_choice_000,0,0,103,0x002720,119,255,0x002722,77FFCEFFDBFF77FF,CEFFDBFF77FFDBFF2CFF77FF32002CFF
C:/Users/MadCat/Documents/GitHub/MechwarriorRecomp/research/extract/decoded_pck/BMAPCK_TBL.decoded.bin,pck_object_0021_part_000_choice_000_frame_104,pck_object_0021,pck_object_0021_part_000,pck_object_0021_part_000_choice_000,0,0,104,0x002728,219,255,0x00272A,DBFF2CFF77FF3200,2CFF77FF32002CFF77FF4B00A9FF0008
C:/Users/MadCat/Documents/GitHub/MechwarriorRecomp/research/extract/decoded_pck/BMAPCK_TBL.decoded.bin,pck_object_0021_part_000_choice_000_frame_105,pck_object_0021,pck_object_0021_part_000,pck_object_0021_part_000_choice_000,0,0,105,0x002730,44,255,0x002732,2CFF77FF4B00A9FF,77FF4B00A9FF000800000000CEFF4B00
C:/Users/MadCat/Documents/GitHub/MechwarriorRecomp/research/extract/decoded_pck/BMAPCK_TBL.decoded.bin,pck_object_0021_part_000_choice_000_frame_106,pck_object_0021,pck_object_0021_part_000,pck_object_0021_part_000_choice_000,0,0,106,0x002738,0,8,0x00273A,000800000000CEFF,00000000CEFF4B00A9FFCEFF32002CFF
C:/Users/MadCat/Documents/GitHub/MechwarriorRecomp/research/extract/decoded_pck/BMAPCK_TBL.decoded.bin,pck_object_0021_part_000_choice_000_frame_107,pck_object_0021,pck_object_0021_part_000,pck_object_0021_part_000_choice_000,0,0,107,0x002740,75,0,0x002742,4B00A9FFCEFF3200,A9FFCEFF32002CFFCEFFDBFF2CFFCEFF
C:/Users/MadCat/Documents/GitHub/MechwarriorRecomp/research/extract/decoded_pck/BMAPCK_TBL.decoded.bin,pck_object_0021_part_000_choice_000_frame_108,pck_object_0021,pck_object_0021_part_000,pck_object_0021_part_000_choice_000,0,0,108,0x002748,44,255,0x00274A,2CFFCEFFDBFF2CFF,CEFFDBFF2CFFCEFFCEFFDBFFCEFF3200
C:/Users/MadCat/Documents/GitHub/MechwarriorRecomp/research/extract/decoded_pck/BMAPCK_TBL.decoded.bin,pck_object_0021_part_000_choice_000_frame_109,pck_object_0021,pck_object_0021_part_000,pck_object_0021_part_000_choice_000,0,0,109,0x002750,206,255,0x002752,CEFFCEFFDBFFCEFF,CEFFDBFFCEFF3200DBFF000027079303
C:/Users/MadCat/Documents/GitHub/MechwarriorRecomp/research/extract/decoded_pck/BMAPCK_TBL.decoded.bin,pck_object_0021_part_000_choice_000_frame_110,pck_object_0021,pck_object_0021_part_000,pck_object_0021_part_000_choice_000,0,0,110,0x002758,50,0,0x00275A,3200DBFF00002707,DBFF0000270793030000000000080000
C:/Users/MadCat/Documents/GitHub/MechwarriorRecomp/research/extract/decoded_pck/BMAPCK_TBL.decoded.bin,pck_object_0021_part_000_choice_000_frame_111,pck_object_0021,pck_object_0021_part_000,pck_object_0021_part_000_choice_000,0,0,111,0x002760,147,3,0x002762,9303000000000008,000000000008000006F869FF0000D807
C:/Users/MadCat/Documents/GitHub/MechwarriorRecomp/research/extract/decoded_pck/BMAPCK_TBL.decoded.bin,pck_object_0021_part_000_choice_000_frame_112,pck_object_0021,pck_object_0021_part_000,pck_object_0021_part_000_choice_000,0,0,112,0x002768,0,0,0x00276A,000006F869FF0000,06F869FF0000D8076FFE0CFE640006FF
C:/Users/MadCat/Documents/GitHub/MechwarriorRecomp/research/extract/decoded_pck/BMAPCK_TBL.decoded.bin,pck_object_0021_part_000_choice_000_frame_113,pck_object_0021,pck_object_0021_part_000,pck_object_0021_part_000_choice_000,0,0,113,0x002770,216,7,0x002772,D8076FFE0CFE6400,6FFE0CFE640006FF77FFDBFF3EFE77FF
C:/Users/MadCat/Documents/GitHub/MechwarriorRecomp/research/extract/decoded_pck/BMAPCK_TBL.decoded.bin,pck_object_0021_part_000_choice_000_frame_114,pck_object_0021,pck_object_0021_part_000,pck_object_0021_part_000_choice_000,0,0,114,0x002778,6,255,0x00277A,06FF77FFDBFF3EFE,77FFDBFF3EFE77FF3E003EFECEFF3E00
C:/Users/MadCat/Documents/GitHub/MechwarriorRecomp/research/extract/decoded_pck/BMAPCK_TBL.decoded.bin,pck_object_0021_part_000_choice_000_frame_115,pck_object_0021,pck_object_0021_part_000,pck_object_0021_part_000_choice_000,0,0,115,0x002780,119,255,0x002782,77FF3E003EFECEFF,3E003EFECEFF3E003EFECEFFDBFF3EFE
C:/Users/MadCat/Documents/GitHub/MechwarriorRecomp/research/extract/decoded_pck/BMAPCK_TBL.decoded.bin,pck_object_0021_part_000_choice_000_frame_116,pck_object_0021,pck_object_0021_part_000,pck_object_0021_part_000_choice_000,0,0,116,0x002788,62,0,0x00278A,3E003EFECEFFDBFF,3EFECEFFDBFF3EFE000000F800000000
C:/Users/MadCat/Documents/GitHub/MechwarriorRecomp/research/extract/decoded_pck/BMAPCK_TBL.decoded.bin,pck_object_0021_part_000_choice_000_frame_117,pck_object_0021,pck_object_0021_part_000,pck_object_0021_part_000_choice_000,0,0,117,0x002790,62,254,0x002792,3EFE000000F80000,000000F800000000FD0767006AFF0000
C:/Users/MadCat/Documents/GitHub/MechwarriorRecomp/research/extract/decoded_pck/BMAPCK_TBL.decoded.bin,pck_object_0021_part_000_choice_000_frame_118,pck_object_0021,pck_object_0021_part_000,pck_object_0021_part_000_choice_000,0,0,118,0x002798,0,0,0x00279A,0000FD0767006AFF,FD0767006AFF0000D4FE000093032707
C:/Users/MadCat/Documents/GitHub/MechwarriorRecomp/research/extract/decoded_pck/BMAPCK_TBL.decoded.bin,pck_object_0021_part_000_choice_000_frame_119,pck_object_0021,pck_object_0021_part_000,pck_object_0021_part_000_choice_000,0,0,119,0x0027A0,0,0,0x0027A2,0000D4FE00009303,D4FE0000930327075EFFA2000CFEE7FF
C:/Users/MadCat/Documents/GitHub/MechwarriorRecomp/research/extract/decoded_pck/BMAPCK_TBL.decoded.bin,pck_object_0021_part_000_choice_000_frame_120,pck_object_0021,pck_object_0021_part_000,pck_object_0021_part_000_choice_000,0,0,120,0x0027A8,39,7,0x0027AA,27075EFFA2000CFE,5EFFA2000CFEE7FFA2000CFE27070000
C:/Users/MadCat/Documents/GitHub/MechwarriorRecomp/research/extract/decoded_pck/BMAPCK_TBL.decoded.bin,pck_object_0021_part_000_choice_000_frame_121,pck_object_0021,pck_object_0021_part_000,pck_object_0021_part_000_choice_000,0,0,121,0x0027B0,231,255,0x0027B2,E7FFA2000CFE2707,A2000CFE270700009303E7FFB5FF0CFE
C:/Users/MadCat/Documents/GitHub/MechwarriorRecomp/research/extract/decoded_pck/BMAPCK_TBL.decoded.bin,pck_object_0021_part_000_choice_000_frame_122,pck_object_0021,pck_object_0021_part_000,pck_object_0021_part_000_choice_000,0,0,122,0x0027B8,0,0,0x0027BA,00009303E7FFB5FF,9303E7FFB5FF0CFED9F8000093035EFF
C:/Users/MadCat/Documents/GitHub/MechwarriorRecomp/research/extract/decoded_pck/BMAPCK_TBL.decoded.bin,pck_object_0021_part_000_choice_000_frame_123,pck_object_0021,pck_object_0021_part_000,pck_object_0021_part_000_choice_000,0,0,123,0x0027C0,12,254,0x0027C2,0CFED9F800009303,D9F8000093035EFFB5FF0CFE0000A2F9
C:/Users/MadCat/Documents/GitHub/MechwarriorRecomp/research/extract/decoded_pck/BMAPCK_TBL.decoded.bin,pck_object_0021_part_000_choice_000_frame_124,pck_object_0021,pck_object_0021_part_000,pck_object_0021_part_000_choice_000,0,0,124,0x0027C8,94,255,0x0027CA,5EFFB5FF0CFE0000,B5FF0CFE0000A2F9D7040000000000F8
C:/Users/MadCat/Documents/GitHub/MechwarriorRecomp/research/extract/decoded_pck/BMAPCK_TBL.decoded.bin,pck_object_0021_part_000_choice_000_frame_125,pck_object_0021,pck_object_0021_part_000,pck_object_0021_part_000_choice_000,0,0,125,0x0027D0,162,249,0x0027D2,A2F9D70400000000,D7040000000000F80100FE0000000600
C:/Users/MadCat/Documents/GitHub/MechwarriorRecomp/research/extract/decoded_pck/BMAPCK_TBL.decoded.bin,pck_object_0021_part_000_choice_000_frame_126,pck_object_0021,pck_object_0021_part_000,pck_object_0021_part_000_choice_000,0,0,126,0x0027D8,0,248,0x0027DA,00F80100FE000000,0100FE00000006000601080F81070700
C:/Users/MadCat/Documents/GitHub/MechwarriorRecomp/research/extract/decoded_pck/BMAPCK_TBL.decoded.bin,pck_object_0021_part_000_choice_000_frame_127,pck_object_0021,pck_object_0021_part_000,pck_object_0021_part_000_choice_000,0,0,127,0x0027E0,6,0,0x0027E2,06000601080F8107,0601080F810707000001360181080808
C:/Users/MadCat/Documents/GitHub/MechwarriorRecomp/research/extract/decoded_pck/BMAPCK_TBL.decoded.bin,pck_object_0021_part_000_choice_000_frame_128,pck_object_0021,pck_object_0021_part_000,pck_object_0021_part_000_choice_000,0,0,128,0x0027E8,7,0,0x0027EA,0700000136018108,000136018108080808073C01810C0C00
C:/Users/MadCat/Documents/GitHub/MechwarriorRecomp/research/extract/decoded_pck/BMAPCK_TBL.decoded.bin,pck_object_0021_part_000_choice_000_frame_129,pck_object_0021,pck_object_0021_part_000,pck_object_0021_part_000_choice_000,0,0,129,0x0027F0,8,8,0x0027F2,080808073C01810C,08073C01810C0C00000D4201810F0F00
C:/Users/MadCat/Documents/GitHub/MechwarriorRecomp/research/extract/decoded_pck/BMAPCK_TBL.decoded.bin,pck_object_0021_part_000_choice_000_frame_130,pck_object_0021,pck_object_0021_part_000,pck_object_0021_part_000_choice_000,0,0,130,0x0027F8,12,0,0x0027FA,0C00000D4201810F,000D4201810F0F00000E470181080808
C:/Users/MadCat/Documents/GitHub/MechwarriorRecomp/research/extract/decoded_pck/BMAPCK_TBL.decoded.bin,pck_object_0021_part_000_choice_000_frame_131,pck_object_0021,pck_object_0021_part_000,pck_object_0021_part_000_choice_000,0,0,131,0x002800,15,0,0x002802,0F00000E47018108,000E470181080808080F4C0181040408
C:/Users/MadCat/Documents/GitHub/MechwarriorRecomp/research/extract/decoded_pck/BMAPCK_TBL.decoded.bin,pck_object_0021_part_000_choice_000_frame_132,pck_object_0021,pck_object_0021_part_000,pck_object_0021_part_000_choice_000,0,0,132,0x002808,8,8,0x00280A,0808080F4C018104,080F4C01810404080810510102030405
C:/Users/MadCat/Documents/GitHub/MechwarriorRecomp/research/extract/decoded_pck/BMAPCK_TBL.decoded.bin,pck_object_0021_part_000_choice_000_frame_133,pck_object_0021,pck_object_0021_part_000,pck_object_0021_part_000_choice_000,0,0,133,0x002810,4,8,0x002812,0408081051010203,081051010203040506FF08090A0B0CFF
C:/Users/MadCat/Documents/GitHub/MechwarriorRecomp/research/extract/decoded_pck/BMAPCK_TBL.decoded.bin,pck_object_0021_part_000_choice_000_frame_134,pck_object_0021,pck_object_0021_part_000,pck_object_0021_part_000_choice_000,0,0,134,0x002818,4,5,0x00281A,040506FF08090A0B,06FF08090A0B0CFF06080C02FF020C0B
C:/Users/MadCat/Documents/GitHub/MechwarriorRecomp/research/extract/decoded_pck/BMAPCK_TBL.decoded.bin,pck_object_0021_part_000_choice_000_frame_135,pck_object_0021,pck_object_0021_part_000,pck_object_0021_part_000_choice_000,0,0,135,0x002820,12,255,0x002822,0CFF06080C02FF02,06080C02FF020C0B03FF030B0A04FF05
C:/Users/MadCat/Documents/GitHub/MechwarriorRecomp/research/extract/decoded_pck/BMAPCK_TBL.decoded.bin,pck_object_0021_part_000_choice_000_frame_136,pck_object_0021,pck_object_0021_part_000,pck_object_0021_part_000_choice_000,0,0,136,0x002828,12,11,0x00282A,0C0B03FF030B0A04,03FF030B0A04FF05090806FF01005A01
C:/Users/MadCat/Documents/GitHub/MechwarriorRecomp/research/extract/decoded_pck/BMAPCK_TBL.decoded.bin,pck_object_0021_part_000_choice_000_frame_137,pck_object_0021,pck_object_0021_part_000,pck_object_0021_part_000_choice_000,0,0,137,0x002830,255,5,0x002832,FF05090806FF0100,090806FF01005A01000004006201001C
C:/Users/MadCat/Documents/GitHub/MechwarriorRecomp/research/extract/decoded_pck/BMAPCK_TBL.decoded.bin,pck_object_0021_part_000_choice_000_frame_138,pck_object_0021,pck_object_0021_part_000,pck_object_0021_part_000_choice_000,0,0,138,0x002838,90,1,0x00283A,5A01000004006201,000004006201001C8108080808018201
C:/Users/MadCat/Documents/GitHub/MechwarriorRecomp/research/extract/decoded_pck/BMAPCK_TBL.decoded.bin,pck_object_0021_part_000_choice_000_frame_139,pck_object_0021,pck_object_0021_part_000,pck_object_0021_part_000_choice_000,0,0,139,0x002840,0,28,0x002842,001C810808080801,81080808080182018100000000078701
C:/Users/MadCat/Documents/GitHub/MechwarriorRecomp/research/extract/decoded_pck/BMAPCK_TBL.decoded.bin,pck_object_0021_part_000_choice_000_frame_140,pck_object_0021,pck_object_0021_part_000,pck_object_0021_part_000_choice_000,0,0,140,0x002848,130,1,0x00284A,8201810000000007,81000000000787018104040101168C01
C:/Users/MadCat/Documents/GitHub/MechwarriorRecomp/research/extract/decoded_pck/BMAPCK_TBL.decoded.bin,pck_object_0021_part_000_choice_000_frame_141,pck_object_0021,pck_object_0021_part_000,pck_object_0021_part_000_choice_000,0,0,141,0x002850,135,1,0x002852,8701810404010116,8104040101168C018107070101179101
C:/Users/MadCat/Documents/GitHub/MechwarriorRecomp/research/extract/decoded_pck/BMAPCK_TBL.decoded.bin,pck_object_0021_part_000_choice_000_frame_142,pck_object_0021,pck_object_0021_part_000,pck_object_0021_part_000_choice_000,0,0,142,0x002858,140,1,0x00285A,8C01810707010117,810707010117910104121305FF091415
C:/Users/MadCat/Documents/GitHub/MechwarriorRecomp/research/extract/decoded_pck/BMAPCK_TBL.decoded.bin,pck_object_0021_part_000_choice_000_frame_143,pck_object_0021,pck_object_0021_part_000,pck_object_0021_part_000_choice_000,0,0,143,0x002860,145,1,0x002862,910104121305FF09,04121305FF0914150AFF040A1512FF13
C:/Users/MadCat/Documents/GitHub/MechwarriorRecomp/research/extract/decoded_pck/BMAPCK_TBL.decoded.bin,pck_object_0021_part_000_choice_000_frame_144,pck_object_0021,pck_object_0021_part_000,pck_object_0021_part_000_choice_000,0,0,144,0x002868,20,21,0x00286A,14150AFF040A1512,0AFF040A1512FF13140905FF01009A01
C:/Users/MadCat/Documents/GitHub/MechwarriorRecomp/research/extract/decoded_pck/BMAPCK_TBL.decoded.bin,pck_object_0021_part_000_choice_000_frame_145,pck_object_0021,pck_object_0021_part_000,pck_object_0021_part_000_choice_000,0,0,145,0x002870,255,19,0x002872,FF13140905FF0100,140905FF01009A0100000500A2010101
C:/Users/MadCat/Documents/GitHub/MechwarriorRecomp/research/extract/decoded_pck/BMAPCK_TBL.decoded.bin,pck_object_0021_part_000_choice_000_frame_146,pck_object_0021,pck_object_0021_part_000,pck_object_0021_part_000_choice_000,0,0,146,0x002878,154,1,0x00287A,9A0100000500A201,00000500A2010101810000080819CA01
C:/Users/MadCat/Documents/GitHub/MechwarriorRecomp/research/extract/decoded_pck/BMAPCK_TBL.decoded.bin,pck_object_0021_part_000_choice_000_frame_147,pck_object_0021,pck_object_0021_part_000,pck_object_0021_part_000_choice_000,0,0,147,0x002880,1,1,0x002882,0101810000080819,810000080819CA0181000000001CCF01
C:/Users/MadCat/Documents/GitHub/MechwarriorRecomp/research/extract/decoded_pck/BMAPCK_TBL.decoded.bin,pck_object_0021_part_000_choice_000_frame_148,pck_object_0021,pck_object_0021_part_000,pck_object_0021_part_000_choice_000,0,0,148,0x002888,202,1,0x00288A,CA0181000000001C,81000000001CCF0181000000001ED401
C:/Users/MadCat/Documents/GitHub/MechwarriorRecomp/research/extract/decoded_pck/BMAPCK_TBL.decoded.bin,pck_object_0021_part_000_choice_000_frame_149,pck_object_0021,pck_object_0021_part_000,pck_object_0021_part_000_choice_000,0,0,149,0x002890,207,1,0x002892,CF0181000000001E,81000000001ED401810000000020D901
C:/Users/MadCat/Documents/GitHub/MechwarriorRecomp/research/extract/decoded_pck/BMAPCK_TBL.decoded.bin,pck_object_0021_part_000_choice_000_frame_150,pck_object_0021,pck_object_0021_part_000,pck_object_0021_part_000_choice_000,0,0,150,0x002898,212,1,0x00289A,D401810000000020,810000000020D901810000000021DE01
C:/Users/MadCat/Documents/GitHub/MechwarriorRecomp/research/extract/decoded_pck/BMAPCK_TBL.decoded.bin,pck_object_0021_part_000_choice_000_frame_151,pck_object_0021,pck_object_0021_part_000,pck_object_0021_part_000_choice_000,0,0,151,0x0028A0,217,1,0x0028A2,D901810000000021,810000000021DE01131A1B14FF141B1D
C:/Users/MadCat/Documents/GitHub/MechwarriorRecomp/research/extract/decoded_pck/BMAPCK_TBL.decoded.bin,pck_object_0021_part_000_choice_000_frame_152,pck_object_0021,pck_object_0021_part_000,pck_object_0021_part_000_choice_000,0,0,152,0x0028A8,222,1,0x0028AA,DE01131A1B14FF14,131A1B14FF141B1D15FF1A13121FFF12
C:/Users/MadCat/Documents/GitHub/MechwarriorRecomp/research/extract/decoded_pck/BMAPCK_TBL.decoded.bin,pck_object_0021_part_000_choice_000_frame_153,pck_object_0021,pck_object_0021_part_000,pck_object_0021_part_000_choice_000,0,0,153,0x0028B0,27,29,0x0028B2,1B1D15FF1A13121F,15FF1A13121FFF12151D1FFF1F1D1B1A
C:/Users/MadCat/Documents/GitHub/MechwarriorRecomp/research/extract/decoded_pck/BMAPCK_TBL.decoded.bin,pck_object_0021_part_000_choice_000_frame_154,pck_object_0021,pck_object_0021_part_000,pck_object_0021_part_000_choice_000,0,0,154,0x0028B8,255,18,0x0028BA,FF12151D1FFF1F1D,151D1FFF1F1D1B1AFF80003202000000
C:/Users/MadCat/Documents/GitHub/MechwarriorRecomp/research/extract/decoded_pck/BMAPCK_TBL.decoded.bin,pck_object_0021_part_000_choice_000_frame_155,pck_object_0021,pck_object_0021_part_000,pck_object_0021_part_000_choice_000,0,0,155,0x0028C0,27,26,0x0028C2,1B1AFF8000320200,FF800032020000000000000300110000
C:/Users/MadCat/Documents/GitHub/MechwarriorRecomp/research/extract/decoded_pck/BMAPCK_TBL.decoded.bin,pck_object_0021_part_000_choice_000_frame_156,pck_object_0021,pck_object_0021_part_000,pck_object_0021_part_000_choice_000,0,0,156,0x0028C8,0,0,0x0028CA,0000000000030011,000000030011000026290001000D0111
C:/Users/MadCat/Documents/GitHub/MechwarriorRecomp/research/extract/decoded_pck/BMAPCK_TBL.decoded.bin,pck_object_0021_part_000_choice_000_frame_157,pck_object_0021,pck_object_0021_part_000,pck_object_0021_part_000_choice_000,0,0,157,0x0028D0,0,0,0x0028D2,000026290001000D,26290001000D0111262900010069011C
C:/Users/MadCat/Documents/GitHub/MechwarriorRecomp/research/extract/decoded_pck/BMAPCK_TBL.decoded.bin,pck_object_0021_part_000_choice_000_frame_158,pck_object_0021,pck_object_0021_part_000,pck_object_0021_part_000_choice_000,0,0,158,0x0028D8,1,17,0x0028DA,0111262900010069,262900010069011C2629000100A90112
C:/Users/MadCat/Documents/GitHub/MechwarriorRecomp/research/extract/decoded_pck/BMAPCK_TBL.decoded.bin,pck_object_0021_part_000_choice_000_frame_159,pck_object_0021,pck_object_0021_part_000,pck_object_0021_part_000_choice_000,0,0,159,0x0028E0,1,28,0x0028E2,011C2629000100A9,2629000100A90112FD590091FF02F852
C:/Users/MadCat/Documents/GitHub/MechwarriorRecomp/research/extract/decoded_pck/BMAPCK_TBL.decoded.bin,pck_object_0021_part_000_choice_000_frame_160,pck_object_0021,pck_object_0021_part_000,pck_object_0021_part_000_choice_000,0,0,160,0x0028E8,1,18,0x0028EA,0112FD590091FF02,FD590091FF02F85200000077FF3300D5
C:/Users/MadCat/Documents/GitHub/MechwarriorRecomp/research/extract/decoded_pck/BMAPCK_TBL.decoded.bin,pck_object_0021_part_000_choice_000_frame_161,pck_object_0021,pck_object_0021_part_000,pck_object_0021_part_000_choice_000,0,0,161,0x0028F0,248,82,0x0028F2,F85200000077FF33,00000077FF3300D5FF73FFD0FFDDFF73
C:/Users/MadCat/Documents/GitHub/MechwarriorRecomp/research/extract/decoded_pck/BMAPCK_TBL.decoded.bin,pck_object_0021_part_000_choice_000_frame_162,pck_object_0021,pck_object_0021_part_000,pck_object_0021_part_000_choice_000,0,0,162,0x0028F8,0,213,0x0028FA,00D5FF73FFD0FFDD,FF73FFD0FFDDFF73FFCEFF2CFF77FF25
C:/Users/MadCat/Documents/GitHub/MechwarriorRecomp/research/extract/decoded_pck/BMAPCK_TBL.decoded.bin,pck_object_0021_part_000_choice_000_frame_163,pck_object_0021,pck_object_0021_part_000,pck_object_0021_part_000_choice_000,0,0,163,0x002900,255,115,0x002902,FF73FFCEFF2CFF77,FFCEFF2CFF77FF25001FFF77FF4700A0
C:/Users/MadCat/Documents/GitHub/MechwarriorRecomp/research/extract/decoded_pck/BMAPCK_TBL.decoded.bin,pck_object_0021_part_000_choice_000_frame_164,pck_object_0021,pck_object_0021_part_000,pck_object_0021_part_000_choice_000,0,0,164,0x002908,255,37,0x00290A,FF25001FFF77FF47,001FFF77FF4700A0FFFE07BDFF1100CE
C:/Users/MadCat/Documents/GitHub/MechwarriorRecomp/research/extract/decoded_pck/BMAPCK_TBL.decoded.bin,pck_object_0021_part_000_choice_000_frame_165,pck_object_0021,pck_object_0021_part_000,pck_object_0021_part_000_choice_000,0,0,165,0x002910,0,160,0x002912,00A0FFFE07BDFF11,FFFE07BDFF1100CEFF4700A0FFCEFF25
C:/Users/MadCat/Documents/GitHub/MechwarriorRecomp/research/extract/decoded_pck/BMAPCK_TBL.decoded.bin,pck_object_0021_part_000_choice_000_frame_166,pck_object_0021,pck_object_0021_part_000,pck_object_0021_part_000_choice_000,0,0,166,0x002918,0,206,0x00291A,00CEFF4700A0FFCE,FF4700A0FFCEFF25001FFFCBFFCEFF2C
C:/Users/MadCat/Documents/GitHub/MechwarriorRecomp/research/extract/decoded_pck/BMAPCK_TBL.decoded.bin,pck_object_0021_part_000_choice_000_frame_167,pck_object_0021,pck_object_0021_part_000,pck_object_0021_part_000_choice_000,0,0,167,0x002920,255,37,0x002922,FF25001FFFCBFFCE,001FFFCBFFCEFF2CFFCBFFD0FFDDFFCE
C:/Users/MadCat/Documents/GitHub/MechwarriorRecomp/research/extract/decoded_pck/BMAPCK_TBL.decoded.bin,pck_object_0021_part_000_choice_000_frame_168,pck_object_0021,pck_object_0021_part_000,pck_object_0021_part_000_choice_000,0,0,168,0x002928,255,44,0x00292A,FF2CFFCBFFD0FFDD,FFCBFFD0FFDDFFCEFF3300D5FF00007C
C:/Users/MadCat/Documents/GitHub/MechwarriorRecomp/research/extract/decoded_pck/BMAPCK_TBL.decoded.bin,pck_object_0021_part_000_choice_000_frame_169,pck_object_0021,pck_object_0021_part_000,pck_object_0021_part_000_choice_000,0,0,169,0x002930,255,206,0x002932,FFCEFF3300D5FF00,FF3300D5FF00007C07D3020000A400F9
C:/Users/MadCat/Documents/GitHub/MechwarriorRecomp/research/extract/decoded_pck/BMAPCK_TBL.decoded.bin,pck_object_0021_part_000_choice_000_frame_170,pck_object_0021,pck_object_0021_part_000,pck_object_0021_part_000_choice_000,0,0,170,0x002938,0,124,0x00293A,007C07D3020000A4,07D3020000A400F907000001F8170000
C:/Users/MadCat/Documents/GitHub/MechwarriorRecomp/research/extract/decoded_pck/BMAPCK_TBL.decoded.bin,pck_object_0021_part_000_choice_000_frame_171,pck_object_0021,pck_object_0021_part_000,pck_object_0021_part_000_choice_000,0,0,171,0x002940,0,249,0x002942,00F907000001F817,07000001F817000000BC07F7FD0CFED8
C:/Users/MadCat/Documents/GitHub/MechwarriorRecomp/research/extract/decoded_pck/BMAPCK_TBL.decoded.bin,pck_object_0021_part_000_choice_000_frame_172,pck_object_0021,pck_object_0021_part_000,pck_object_0021_part_000_choice_000,0,0,172,0x002948,0,0,0x00294A,000000BC07F7FD0C,00BC07F7FD0CFED8FFF4FE01F83400E0
C:/Users/MadCat/Documents/GitHub/MechwarriorRecomp/research/extract/decoded_pck/BMAPCK_TBL.decoded.bin,pck_object_0021_part_000_choice_000_frame_173,pck_object_0021,pck_object_0021_part_000,pck_object_0021_part_000_choice_000,0,0,173,0x002950,254,216,0x002952,FED8FFF4FE01F834,FFF4FE01F83400E0FF74FFCEFF2CFF74
C:/Users/MadCat/Documents/GitHub/MechwarriorRecomp/research/extract/decoded_pck/BMAPCK_TBL.decoded.bin,pck_object_0021_part_000_choice_000_frame_174,pck_object_0021,pck_object_0021_part_000,pck_object_0021_part_000_choice_000,0,0,174,0x002958,0,224,0x00295A,00E0FF74FFCEFF2C,FF74FFCEFF2CFF74FF5FFF75FE77FFB5
C:/Users/MadCat/Documents/GitHub/MechwarriorRecomp/research/extract/decoded_pck/BMAPCK_TBL.decoded.bin,pck_object_0021_part_000_choice_000_frame_175,pck_object_0021,pck_object_0021_part_000,pck_object_0021_part_000_choice_000,0,0,175,0x002960,255,116,0x002962,FF74FF5FFF75FE77,FF5FFF75FE77FFB5FF43FEFF07DCFF12
C:/Users/MadCat/Documents/GitHub/MechwarriorRecomp/research/extract/decoded_pck/BMAPCK_TBL.decoded.bin,pck_object_0021_part_000_choice_000_frame_176,pck_object_0021,pck_object_0021_part_000,pck_object_0021_part_000_choice_000,0,0,176,0x002968,255,181,0x00296A,FFB5FF43FEFF07DC,FF43FEFF07DCFF1200CEFFB5FF43FECC
C:/Users/MadCat/Documents/GitHub/MechwarriorRecomp/research/extract/decoded_pck/BMAPCK_TBL.decoded.bin,pck_object_0021_part_000_choice_000_frame_177,pck_object_0021,pck_object_0021_part_000,pck_object_0021_part_000_choice_000,0,0,177,0x002970,255,18,0x002972,FF1200CEFFB5FF43,00CEFFB5FF43FECCFF5FFF75FECCFFCE
C:/Users/MadCat/Documents/GitHub/MechwarriorRecomp/research/extract/decoded_pck/BMAPCK_TBL.decoded.bin,pck_object_0021_part_000_choice_000_frame_178,pck_object_0021,pck_object_0021_part_000,pck_object_0021_part_000_choice_000,0,0,178,0x002978,254,204,0x00297A,FECCFF5FFF75FECC,FF5FFF75FECCFFCEFF2CFF000029F926
C:/Users/MadCat/Documents/GitHub/MechwarriorRecomp/research/extract/decoded_pck/BMAPCK_TBL.decoded.bin,pck_object_0021_part_000_choice_000_frame_179,pck_object_0021,pck_object_0021_part_000,pck_object_0021_part_000_choice_000,0,0,179,0x002980,255,206,0x002982,FFCEFF2CFF000029,FF2CFF000029F92604000021075FFC6A
C:/Users/MadCat/Documents/GitHub/MechwarriorRecomp/research/extract/decoded_pck/BMAPCK_TBL.decoded.bin,pck_object_0021_part_000_choice_000_frame_180,pck_object_0021,pck_object_0021_part_000,pck_object_0021_part_000_choice_000,0,0,180,0x002988,249,38,0x00298A,F92604000021075F,04000021075FFC6AFF9CFFFEFFECFFA5
C:/Users/MadCat/Documents/GitHub/MechwarriorRecomp/research/extract/decoded_pck/BMAPCK_TBL.decoded.bin,pck_object_0021_part_000_choice_000_frame_181,pck_object_0021,pck_object_0021_part_000,pck_object_0021_part_000_choice_000,0,0,181,0x002990,252,106,0x002992,FC6AFF9CFFFEFFEC,FF9CFFFEFFECFFA50673045EFFF3FFE6
C:/Users/MadCat/Documents/GitHub/MechwarriorRecomp/research/extract/decoded_pck/BMAPCK_TBL.decoded.bin,pck_object_0021_part_000_choice_000_frame_182,pck_object_0021,pck_object_0021_part_000,pck_object_0021_part_000_choice_000,0,0,182,0x002998,255,165,0x00299A,FFA50673045EFFF3,0673045EFFF3FFE6FDE7FFF4FFE7FD2C
C:/Users/MadCat/Documents/GitHub/MechwarriorRecomp/research/extract/decoded_pck/BMAPCK_TBL.decoded.bin,pck_object_0021_part_000_choice_000_frame_183,pck_object_0021,pck_object_0021_part_000,pck_object_0021_part_000_choice_000,0,0,183,0x0029A0,255,230,0x0029A2,FFE6FDE7FFF4FFE7,FDE7FFF4FFE7FD2C07B2011C03E5FF26
C:/Users/MadCat/Documents/GitHub/MechwarriorRecomp/research/extract/decoded_pck/BMAPCK_TBL.decoded.bin,pck_object_0021_part_000_choice_000_frame_184,pck_object_0021,pck_object_0021_part_000,pck_object_0021_part_000_choice_000,0,0,184,0x0029A8,253,44,0x0029AA,FD2C07B2011C03E5,07B2011C03E5FF26FF5CFE0DF92B0250
C:/Users/MadCat/Documents/GitHub/MechwarriorRecomp/research/extract/decoded_pck/BMAPCK_TBL.decoded.bin,pck_object_0021_part_000_choice_000_frame_185,pck_object_0021,pck_object_0021_part_000,pck_object_0021_part_000_choice_000,0,0,185,0x0029B0,255,38,0x0029B2,FF26FF5CFE0DF92B,FF5CFE0DF92B0250035BFF26FF5CFE00
C:/Users/MadCat/Documents/GitHub/MechwarriorRecomp/research/extract/decoded_pck/BMAPCK_TBL.decoded.bin,pck_object_0021_part_000_choice_000_frame_186,pck_object_0021,pck_object_0021_part_000,pck_object_0021_part_000_choice_000,0,0,186,0x0029B8,2,80,0x0029BA,0250035BFF26FF5C,035BFF26FF5CFE0000CAFC530700000D
C:/Users/MadCat/Documents/GitHub/MechwarriorRecomp/research/extract/decoded_pck/BMAPCK_TBL.decoded.bin,pck_object_0021_part_000_choice_000_frame_187,pck_object_0021,pck_object_0021_part_000,pck_object_0021_part_000_choice_000,0,0,187,0x0029C0,254,0,0x0029C2,FE0000CAFC530700,00CAFC530700000DFC0CF90100110100
C:/Users/MadCat/Documents/GitHub/MechwarriorRecomp/research/extract/decoded_pck/BMAPCK_TBL.decoded.bin,pck_object_0021_part_000_choice_000_frame_188,pck_object_0021,pck_object_0021_part_000,pck_object_0021_part_000_choice_000,0,0,188,0x0029C8,0,13,0x0029CA,000DFC0CF9010011,FC0CF901001101000006001901420181
C:/Users/MadCat/Documents/GitHub/MechwarriorRecomp/research/extract/decoded_pck/BMAPCK_TBL.decoded.bin,pck_object_0021_part_000_choice_000_frame_189,pck_object_0021,pck_object_0021_part_000,pck_object_0021_part_000_choice_000,0,0,189,0x0029D0,1,0,0x0029D2,0100000600190142,00060019014201810707000001490181
C:/Users/MadCat/Documents/GitHub/MechwarriorRecomp/research/extract/decoded_pck/BMAPCK_TBL.decoded.bin,pck_object_0021_part_000_choice_000_frame_190,pck_object_0021,pck_object_0021_part_000,pck_object_0021_part_000_choice_000,0,0,190,0x0029D8,1,129,0x0029DA,0181070700000149,070700000149018108080808074F0181
C:/Users/MadCat/Documents/GitHub/MechwarriorRecomp/research/extract/decoded_pck/BMAPCK_TBL.decoded.bin,pck_object_0021_part_000_choice_000_frame_191,pck_object_0021,pck_object_0021_part_000,pck_object_0021_part_000_choice_000,0,0,191,0x0029E0,1,129,0x0029E2,018108080808074F,08080808074F01810C0C00000D550181
C:/Users/MadCat/Documents/GitHub/MechwarriorRecomp/research/extract/decoded_pck/BMAPCK_TBL.decoded.bin,pck_object_0021_part_000_choice_000_frame_192,pck_object_0021,pck_object_0021_part_000,pck_object_0021_part_000_choice_000,0,0,192,0x0029E8,1,129,0x0029EA,01810C0C00000D55,0C0C00000D5501810F0F00000E5A0181
C:/Users/MadCat/Documents/GitHub/MechwarriorRecomp/research/extract/decoded_pck/BMAPCK_TBL.decoded.bin,pck_object_0021_part_000_choice_000_frame_193,pck_object_0021,pck_object_0021_part_000,pck_object_0021_part_000_choice_000,0,0,193,0x0029F0,1,129,0x0029F2,01810F0F00000E5A,0F0F00000E5A0181080808080F5F0181
C:/Users/MadCat/Documents/GitHub/MechwarriorRecomp/research/extract/decoded_pck/BMAPCK_TBL.decoded.bin,pck_object_0021_part_000_choice_000_frame_194,pck_object_0021,pck_object_0021_part_000,pck_object_0021_part_000_choice_000,0,0,194,0x0029F8,1,129,0x0029FA,0181080808080F5F,080808080F5F01810404080810640102
C:/Users/MadCat/Documents/GitHub/MechwarriorRecomp/research/extract/decoded_pck/BMAPCK_TBL.decoded.bin,pck_object_0021_part_000_choice_000_frame_195,pck_object_0021,pck_object_0021_part_000,pck_object_0021_part_000_choice_000,0,0,195,0x002A00,1,129,0x002A02,0181040408081064,040408081064010203040506FF08090A
C:/Users/MadCat/Documents/GitHub/MechwarriorRecomp/research/extract/decoded_pck/BMAPCK_TBL.decoded.bin,pck_object_0021_part_000_choice_000_frame_196,pck_object_0021,pck_object_0021_part_000,pck_object_0021_part_000_choice_000,0,0,196,0x002A08,1,2,0x002A0A,010203040506FF08,03040506FF08090A0B0CFF06080C02FF
C:/Users/MadCat/Documents/GitHub/MechwarriorRecomp/research/extract/decoded_pck/BMAPCK_TBL.decoded.bin,pck_object_0021_part_000_choice_000_frame_197,pck_object_0021,pck_object_0021_part_000,pck_object_0021_part_000_choice_000,0,0,197,0x002A10,9,10,0x002A12,090A0B0CFF06080C,0B0CFF06080C02FF020C0B03FF030B0A
C:/Users/MadCat/Documents/GitHub/MechwarriorRecomp/research/extract/decoded_pck/BMAPCK_TBL.decoded.bin,pck_object_0021_part_000_choice_000_frame_198,pck_object_0021,pck_object_0021_part_000,pck_object_0021_part_000_choice_000,0,0,198,0x002A18,2,255,0x002A1A,02FF020C0B03FF03,020C0B03FF030B0A04FF05090806FF01
C:/Users/MadCat/Documents/GitHub/MechwarriorRecomp/research/extract/decoded_pck/BMAPCK_TBL.decoded.bin,pck_object_0021_part_000_choice_000_frame_199,pck_object_0021,pck_object_0021_part_000,pck_object_0021_part_000_choice_000,0,0,199,0x002A20,11,10,0x002A22,0B0A04FF05090806,04FF05090806FF01006D010000040075
C:/Users/MadCat/Documents/GitHub/MechwarriorRecomp/research/extract/decoded_pck/BMAPCK_TBL.decoded.bin,pck_object_0021_part_000_choice_000_frame_200,pck_object_0021,pck_object_0021_part_000,pck_object_0021_part_000_choice_000,0,0,200,0x002A28,255,1,0x002A2A,FF01006D01000004,006D010000040075018C018108080808
C:/Users/MadCat/Documents/GitHub/MechwarriorRecomp/research/extract/decoded_pck/BMAPCK_TBL.decoded.bin,pck_object_0021_part_000_choice_000_frame_201,pck_object_0021,pck_object_0021_part_000,pck_object_0021_part_000_choice_000,0,0,201,0x002A30,0,117,0x002A32,0075018C01810808,018C0181080808081295018100000000
C:/Users/MadCat/Documents/GitHub/MechwarriorRecomp/research/extract/decoded_pck/BMAPCK_TBL.decoded.bin,pck_object_0021_part_000_choice_000_frame_202,pck_object_0021,pck_object_0021_part_000,pck_object_0021_part_000_choice_000,0,0,202,0x002A38,8,8,0x002A3A,0808129501810000,1295018100000000169A018104040101
C:/Users/MadCat/Documents/GitHub/MechwarriorRecomp/research/extract/decoded_pck/BMAPCK_TBL.decoded.bin,pck_object_0021_part_000_choice_000_frame_203,pck_object_0021,pck_object_0021_part_000,pck_object_0021_part_000_choice_000,0,0,203,0x002A40,0,0,0x002A42,0000169A01810404,169A0181040401011A9F018107070101
C:/Users/MadCat/Documents/GitHub/MechwarriorRecomp/research/extract/decoded_pck/BMAPCK_TBL.decoded.bin,pck_object_0021_part_000_choice_000_frame_204,pck_object_0021,pck_object_0021_part_000,pck_object_0021_part_000_choice_000,0,0,204,0x002A48,1,1,0x002A4A,01011A9F01810707,1A9F0181070701011BA40113141505FF
C:/Users/MadCat/Documents/GitHub/MechwarriorRecomp/research/extract/decoded_pck/BMAPCK_TBL.decoded.bin,pck_object_0021_part_000_choice_000_frame_205,pck_object_0021,pck_object_0021_part_000,pck_object_0021_part_000_choice_000,0,0,205,0x002A50,1,1,0x002A52,01011BA401131415,1BA40113141505FF09171819FF131918
C:/Users/MadCat/Documents/GitHub/MechwarriorRecomp/research/extract/decoded_pck/BMAPCK_TBL.decoded.bin,pck_object_0021_part_000_choice_000_frame_206,pck_object_0021,pck_object_0021_part_000,pck_object_0021_part_000_choice_000,0,0,206,0x002A58,5,255,0x002A5A,05FF09171819FF13,09171819FF13191814FF15170905FF01
C:/Users/MadCat/Documents/GitHub/MechwarriorRecomp/research/extract/decoded_pck/BMAPCK_TBL.decoded.bin,pck_object_0021_part_000_choice_000_frame_207,pck_object_0021,pck_object_0021_part_000,pck_object_0021_part_000_choice_000,0,0,207,0x002A60,25,24,0x002A62,191814FF15170905,14FF15170905FF0100AD0100000500B5
C:/Users/MadCat/Documents/GitHub/MechwarriorRecomp/research/extract/decoded_pck/BMAPCK_TBL.decoded.bin,pck_object_0021_part_000_choice_000_frame_208,pck_object_0021,pck_object_0021_part_000,pck_object_0021_part_000_choice_000,0,0,208,0x002A68,255,1,0x002A6A,FF0100AD01000005,00AD0100000500B501D4018100000808
C:/Users/MadCat/Documents/GitHub/MechwarriorRecomp/research/extract/decoded_pck/BMAPCK_TBL.decoded.bin,pck_object_0021_part_000_choice_000_frame_209,pck_object_0021,pck_object_0021_part_000,pck_object_0021_part_000_choice_000,0,0,209,0x002A70,0,181,0x002A72,00B501D401810000,01D40181000008081DDD018100000000
C:/Users/MadCat/Documents/GitHub/MechwarriorRecomp/research/extract/decoded_pck/BMAPCK_TBL.decoded.bin,pck_object_0021_part_000_choice_000_frame_210,pck_object_0021,pck_object_0021_part_000,pck_object_0021_part_000_choice_000,0,0,210,0x002A78,8,8,0x002A7A,08081DDD01810000,1DDD01810000000020E2018100000000
C:/Users/MadCat/Documents/GitHub/MechwarriorRecomp/research/extract/decoded_pck/BMAPCK_TBL.decoded.bin,pck_object_0021_part_000_choice_000_frame_211,pck_object_0021,pck_object_0021_part_000,pck_object_0021_part_000_choice_000,0,0,211,0x002A80,0,0,0x002A82,000020E201810000,20E201810000000022E7018100000000
C:/Users/MadCat/Documents/GitHub/MechwarriorRecomp/research/extract/decoded_pck/BMAPCK_TBL.decoded.bin,pck_object_0021_part_000_choice_000_frame_212,pck_object_0021,pck_object_0021_part_000,pck_object_0021_part_000_choice_000,0,0,212,0x002A88,0,0,0x002A8A,000022E701810000,22E701810000000024EC018100000000
C:/Users/MadCat/Documents/GitHub/MechwarriorRecomp/research/extract/decoded_pck/BMAPCK_TBL.decoded.bin,pck_object_0021_part_000_choice_000_frame_213,pck_object_0021,pck_object_0021_part_000,pck_object_0021_part_000_choice_000,0,0,213,0x002A90,0,0,0x002A92,000024EC01810000,24EC01810000000025F101151E1F17FF
C:/Users/MadCat/Documents/GitHub/MechwarriorRecomp/research/extract/decoded_pck/BMAPCK_TBL.decoded.bin,pck_object_0021_part_000_choice_000_frame_214,pck_object_0021,pck_object_0021_part_000,pck_object_0021_part_000_choice_000,0,0,214,0x002A98,0,0,0x002A9A,000025F101151E1F,25F101151E1F17FF171F2118FF1E1514
C:/Users/MadCat/Documents/GitHub/MechwarriorRecomp/research/extract/decoded_pck/BMAPCK_TBL.decoded.bin,pck_object_0021_part_000_choice_000_frame_215,pck_object_0021,pck_object_0021_part_000,pck_object_0021_part_000_choice_000,0,0,215,0x002AA0,23,255,0x002AA2,17FF171F2118FF1E,171F2118FF1E151423FF14182123FF23
C:/Users/MadCat/Documents/GitHub/MechwarriorRecomp/research/extract/decoded_pck/BMAPCK_TBL.decoded.bin,pck_object_0021_part_000_choice_000_frame_216,pck_object_0021,pck_object_0021_part_000,pck_object_0021_part_000_choice_000,0,0,216,0x002AA8,21,20,0x002AAA,151423FF14182123,23FF14182123FF23211F1EFF80003202
C:/Users/MadCat/Documents/GitHub/MechwarriorRecomp/research/extract/decoded_pck/BMAPCK_TBL.decoded.bin,pck_object_0021_part_000_choice_000_frame_217,pck_object_0021,pck_object_0021_part_000,pck_object_0021_part_000_choice_000,0,0,217,0x002AB0,255,35,0x002AB2,FF23211F1EFF8000,211F1EFF800032020000000000000300
C:/Users/MadCat/Documents/GitHub/MechwarriorRecomp/research/extract/decoded_pck/BMAPCK_TBL.decoded.bin,pck_object_0021_part_000_choice_000_frame_218,pck_object_0021,pck_object_0021_part_000,pck_object_0021_part_000_choice_000,0,0,218,0x002AB8,50,2,0x002ABA,3202000000000000,00000000000003001400002C2C000100
C:/Users/MadCat/Documents/GitHub/MechwarriorRecomp/research/extract/decoded_pck/BMAPCK_TBL.decoded.bin,pck_object_0021_part_000_choice_000_frame_219,pck_object_0021,pck_object_0021_part_000,pck_object_0021_part_000_choice_000,0,0,219,0x002AC0,3,0,0x002AC2,03001400002C2C00,1400002C2C0001003401112C2C000100
C:/Users/MadCat/Documents/GitHub/MechwarriorRecomp/research/extract/decoded_pck/BMAPCK_TBL.decoded.bin,pck_object_0021_part_000_choice_000_frame_220,pck_object_0021,pck_object_0021_part_000,pck_object_0021_part_000_choice_000,0,0,220,0x002AC8,1,0,0x002ACA,01003401112C2C00,3401112C2C00010090011E2C2C000100
C:/Users/MadCat/Documents/GitHub/MechwarriorRecomp/research/extract/decoded_pck/BMAPCK_TBL.decoded.bin,pck_object_0021_part_000_choice_000_frame_221,pck_object_0021,pck_object_0021_part_000,pck_object_0021_part_000_choice_000,0,0,221,0x002AD0,1,0,0x002AD2,010090011E2C2C00,90011E2C2C000100D00112FD30007AFF
C:/Users/MadCat/Documents/GitHub/MechwarriorRecomp/research/extract/decoded_pck/BMAPCK_TBL.decoded.bin,pck_object_0021_part_000_choice_000_frame_222,pck_object_0021,pck_object_0021_part_000,pck_object_0021_part_000_choice_000,0,0,222,0x002AD8,1,0,0x002ADA,0100D00112FD3000,D00112FD30007AFF01F81300F9FF77FF
C:/Users/MadCat/Documents/GitHub/MechwarriorRecomp/research/extract/decoded_pck/BMAPCK_TBL.decoded.bin,pck_object_0021_part_000_choice_000_frame_223,pck_object_0021,pck_object_0021_part_000,pck_object_0021_part_000_choice_000,0,0,223,0x002AE0,122,255,0x002AE2,7AFF01F81300F9FF,01F81300F9FF77FF3C00C2FF76FFE2FF
C:/Users/MadCat/Documents/GitHub/MechwarriorRecomp/research/extract/decoded_pck/BMAPCK_TBL.decoded.bin,pck_object_0024_part_000_choice_000_frame_000,pck_object_0024,pck_object_0024_part_000,pck_object_0024_part_000_choice_000,0,0,0,0x002EC3,129,0,0x002EC5,81000000002B1F02,0000002B1F0220212223FF23222526FF
C:/Users/MadCat/Documents/GitHub/MechwarriorRecomp/research/extract/decoded_pck/BMAPCK_TBL.decoded.bin,pck_object_0024_part_001_choice_000_frame_000,pck_object_0024,pck_object_0024_part_001,pck_object_0024_part_001_choice_000,1,0,0,0x002CC3,40,38,0x002CC5,28262529FF292522,2529FF29252221FF8000180200000000
C:/Users/MadCat/Documents/GitHub/MechwarriorRecomp/research/extract/decoded_pck/BMAPCK_TBL.decoded.bin,pck_object_0024_part_002_choice_000_frame_000,pck_object_0024,pck_object_0024_part_002,pck_object_0024_part_002_choice_000,2,0,0,0x002DC3,15,254,0x002DC5,0FFECEFF330068FE,CEFF330068FE330777012803E6FFA1FF
C:/Users/MadCat/Documents/GitHub/MechwarriorRecomp/research/extract/decoded_pck/BMAPCK_TBL.decoded.bin,pck_object_0025_part_000_choice_000_frame_000,pck_object_0025,pck_object_0025_part_000,pck_object_0025_part_000_choice_000,0,0,0,0x002BF6,112,1,0x002BF8,7001810808080807,8108080808077601810C0C00000D7C01
C:/Users/MadCat/Documents/GitHub/MechwarriorRecomp/research/extract/decoded_pck/BMAPCK_TBL.decoded.bin,pck_object_0025_part_000_choice_000_frame_001,pck_object_0025,pck_object_0025_part_000,pck_object_0025_part_000_choice_000,0,0,1,0x002BFE,118,1,0x002C00,7601810C0C00000D,810C0C00000D7C01810F0F00000E8101
C:/Users/MadCat/Documents/GitHub/MechwarriorRecomp/research/extract/decoded_pck/BMAPCK_TBL.decoded.bin,pck_object_0025_part_000_choice_000_frame_002,pck_object_0025,pck_object_0025_part_000,pck_object_0025_part_000_choice_000,0,0,2,0x002C06,124,1,0x002C08,7C01810F0F00000E,810F0F00000E810181080808080F8601
C:/Users/MadCat/Documents/GitHub/MechwarriorRecomp/research/extract/decoded_pck/BMAPCK_TBL.decoded.bin,pck_object_0025_part_000_choice_000_frame_003,pck_object_0025,pck_object_0025_part_000,pck_object_0025_part_000_choice_000,0,0,3,0x002C0E,129,1,0x002C10,810181080808080F,81080808080F86018104040808108B01
C:/Users/MadCat/Documents/GitHub/MechwarriorRecomp/research/extract/decoded_pck/BMAPCK_TBL.decoded.bin,pck_object_0025_part_000_choice_000_frame_004,pck_object_0025,pck_object_0025_part_000,pck_object_0025_part_000_choice_000,0,0,4,0x002C16,134,1,0x002C18,8601810404080810,8104040808108B010203040506FF0809
C:/Users/MadCat/Documents/GitHub/MechwarriorRecomp/research/extract/decoded_pck/BMAPCK_TBL.decoded.bin,pck_object_0025_part_000_choice_000_frame_005,pck_object_0025,pck_object_0025_part_000,pck_object_0025_part_000_choice_000,0,0,5,0x002C1E,139,1,0x002C20,8B010203040506FF,0203040506FF08090A0B0CFF06080C02
C:/Users/MadCat/Documents/GitHub/MechwarriorRecomp/research/extract/decoded_pck/BMAPCK_TBL.decoded.bin,pck_object_0025_part_001_choice_000_frame_000,pck_object_0025,pck_object_0025_part_001,pck_object_0025_part_001_choice_000,1,0,0,0x002C52,188,1,0x002C54,BC01810000000017,810000000017C10181040401011CC601
C:/Users/MadCat/Documents/GitHub/MechwarriorRecomp/research/extract/decoded_pck/BMAPCK_TBL.decoded.bin,pck_object_0025_part_001_choice_000_frame_001,pck_object_0025,pck_object_0025_part_001,pck_object_0025_part_001_choice_000,1,0,1,0x002C5A,193,1,0x002C5C,C10181040401011C,81040401011CC60181070701011DCB01
C:/Users/MadCat/Documents/GitHub/MechwarriorRecomp/research/extract/decoded_pck/BMAPCK_TBL.decoded.bin,pck_object_0025_part_001_choice_000_frame_002,pck_object_0025,pck_object_0025_part_001,pck_object_0025_part_001_choice_000,1,0,2,0x002C62,198,1,0x002C64,C60181070701011D,81070701011DCB0113141516FF18191A
C:/Users/MadCat/Documents/GitHub/MechwarriorRecomp/research/extract/decoded_pck/BMAPCK_TBL.decoded.bin,pck_object_0025_part_001_choice_000_frame_003,pck_object_0025,pck_object_0025_part_001,pck_object_0025_part_001_choice_000,1,0,3,0x002C6A,203,1,0x002C6C,CB0113141516FF18,13141516FF18191A1BFF131B1A14FF15
C:/Users/MadCat/Documents/GitHub/MechwarriorRecomp/research/extract/decoded_pck/BMAPCK_TBL.decoded.bin,pck_object_0025_part_002_choice_000_frame_000,pck_object_0025,pck_object_0025_part_002,pck_object_0025_part_002_choice_000,2,0,0,0x002C92,4,2,0x002C94,0402810000000024,81000000002409028100000000270E02
C:/Users/MadCat/Documents/GitHub/MechwarriorRecomp/research/extract/decoded_pck/BMAPCK_TBL.decoded.bin,pck_object_0025_part_002_choice_000_frame_001,pck_object_0025,pck_object_0025_part_002,pck_object_0025_part_002_choice_000,2,0,1,0x002C9A,9,2,0x002C9C,0902810000000027,8100000000270E0281000000002A1302
C:/Users/MadCat/Documents/GitHub/MechwarriorRecomp/research/extract/decoded_pck/BMAPCK_TBL.decoded.bin,pck_object_0025_part_002_choice_000_frame_002,pck_object_0025,pck_object_0025_part_002,pck_object_0025_part_002_choice_000,2,0,2,0x002CA2,14,2,0x002CA4,0E0281000000002A,81000000002A130281000000002B1802
C:/Users/MadCat/Documents/GitHub/MechwarriorRecomp/research/extract/decoded_pck/BMAPCK_TBL.decoded.bin,pck_object_0025_part_002_choice_000_frame_003,pck_object_0025,pck_object_0025_part_002,pck_object_0025_part_002_choice_000,2,0,3,0x002CAA,19,2,0x002CAC,130281000000002B,81000000002B180220212223FF232225
C:/Users/MadCat/Documents/GitHub/MechwarriorRecomp/research/extract/decoded_pck/BMAPCK_TBL.decoded.bin,pck_object_0025_part_002_choice_000_frame_004,pck_object_0025,pck_object_0025_part_002,pck_object_0025_part_002_choice_000,2,0,4,0x002CB2,24,2,0x002CB4,180220212223FF23,20212223FF23222526FF21202829FF28
C:/Users/MadCat/Documents/GitHub/MechwarriorRecomp/research/extract/decoded_pck/BMAPCK_TBL.decoded.bin,pck_object_0037_part_000_choice_000_frame_000,pck_object_0037,pck_object_0037_part_000,pck_object_0037_part_000_choice_000,0,0,0,0x0043A2,76,1,0x0043A4,4C01810707000007,8107070000075201810C0C00000D5801
C:/Users/MadCat/Documents/GitHub/MechwarriorRecomp/research/extract/decoded_pck/BMAPCK_TBL.decoded.bin,pck_object_0037_part_000_choice_000_frame_001,pck_object_0037,pck_object_0037_part_000,pck_object_0037_part_000_choice_000,0,0,1,0x0043AA,82,1,0x0043AC,5201810C0C00000D,810C0C00000D5801810F0F00000E5D01
C:/Users/MadCat/Documents/GitHub/MechwarriorRecomp/research/extract/decoded_pck/BMAPCK_TBL.decoded.bin,pck_object_0037_part_000_choice_000_frame_002,pck_object_0037,pck_object_0037_part_000,pck_object_0037_part_000_choice_000,0,0,2,0x0043B2,88,1,0x0043B4,5801810F0F00000E,810F0F00000E5D0181080808080F6201
C:/Users/MadCat/Documents/GitHub/MechwarriorRecomp/research/extract/decoded_pck/BMAPCK_TBL.decoded.bin,pck_object_0037_part_000_choice_000_frame_003,pck_object_0037,pck_object_0037_part_000,pck_object_0037_part_000_choice_000,0,0,3,0x0043BA,93,1,0x0043BC,5D0181080808080F,81080808080F62018104040808106701
C:/Users/MadCat/Documents/GitHub/MechwarriorRecomp/research/extract/decoded_pck/BMAPCK_TBL.decoded.bin,pck_object_0037_part_000_choice_000_frame_004,pck_object_0037,pck_object_0037_part_000,pck_object_0037_part_000_choice_000,0,0,4,0x0043C2,98,1,0x0043C4,6201810404080810,81040408081067010203040506FF0809
C:/Users/MadCat/Documents/GitHub/MechwarriorRecomp/research/extract/decoded_pck/BMAPCK_TBL.decoded.bin,pck_object_0037_part_000_choice_000_frame_005,pck_object_0037,pck_object_0037_part_000,pck_object_0037_part_000_choice_000,0,0,5,0x0043CA,103,1,0x0043CC,67010203040506FF,0203040506FF08090A0B0CFF06080C02
C:/Users/MadCat/Documents/GitHub/MechwarriorRecomp/research/extract/decoded_pck/BMAPCK_TBL.decoded.bin,pck_object_0037_part_001_choice_000_frame_000,pck_object_0037,pck_object_0037_part_001,pck_object_0037_part_001_choice_000,1,0,0,0x0043FE,152,1,0x004400,9801810808080816,8108080808169D0181040401011AA201
C:/Users/MadCat/Documents/GitHub/MechwarriorRecomp/research/extract/decoded_pck/BMAPCK_TBL.decoded.bin,pck_object_0037_part_001_choice_000_frame_001,pck_object_0037,pck_object_0037_part_001,pck_object_0037_part_001_choice_000,1,0,1,0x004406,157,1,0x004408,9D0181040401011A,81040401011AA20181070701011BA701
C:/Users/MadCat/Documents/GitHub/MechwarriorRecomp/research/extract/decoded_pck/BMAPCK_TBL.decoded.bin,pck_object_0037_part_001_choice_000_frame_002,pck_object_0037,pck_object_0037_part_001,pck_object_0037_part_001_choice_000,1,0,2,0x00440E,162,1,0x004410,A20181070701011B,81070701011BA70113141505FF091718
C:/Users/MadCat/Documents/GitHub/MechwarriorRecomp/research/extract/decoded_pck/BMAPCK_TBL.decoded.bin,pck_object_0037_part_001_choice_000_frame_003,pck_object_0037,pck_object_0037_part_001,pck_object_0037_part_001_choice_000,1,0,3,0x004416,167,1,0x004418,A70113141505FF09,13141505FF09171819FF13191814FF15
C:/Users/MadCat/Documents/GitHub/MechwarriorRecomp/research/extract/decoded_pck/BMAPCK_TBL.decoded.bin,pck_object_0037_part_002_choice_000_frame_000,pck_object_0037,pck_object_0037_part_002,pck_object_0037_part_002_choice_000,2,0,0,0x00443E,224,1,0x004440,E001810000000020,810000000020E501810000000022EA01
C:/Users/MadCat/Documents/GitHub/MechwarriorRecomp/research/extract/decoded_pck/BMAPCK_TBL.decoded.bin,pck_object_0037_part_002_choice_000_frame_001,pck_object_0037,pck_object_0037_part_002,pck_object_0037_part_002_choice_000,2,0,1,0x004446,229,1,0x004448,E501810000000022,810000000022EA01810000000024EF01
C:/Users/MadCat/Documents/GitHub/MechwarriorRecomp/research/extract/decoded_pck/BMAPCK_TBL.decoded.bin,pck_object_0037_part_002_choice_000_frame_002,pck_object_0037,pck_object_0037_part_002,pck_object_0037_part_002_choice_000,2,0,2,0x00444E,234,1,0x004450,EA01810000000024,810000000024EF01810000000025F401
C:/Users/MadCat/Documents/GitHub/MechwarriorRecomp/research/extract/decoded_pck/BMAPCK_TBL.decoded.bin,pck_object_0037_part_002_choice_000_frame_003,pck_object_0037,pck_object_0037_part_002,pck_object_0037_part_002_choice_000,2,0,3,0x004456,239,1,0x004458,EF01810000000025,810000000025F401151E1F17FF171F21
C:/Users/MadCat/Documents/GitHub/MechwarriorRecomp/research/extract/decoded_pck/BMAPCK_TBL.decoded.bin,pck_object_0037_part_002_choice_000_frame_004,pck_object_0037,pck_object_0037_part_002,pck_object_0037_part_002_choice_000,2,0,4,0x00445E,244,1,0x004460,F401151E1F17FF17,151E1F17FF171F2118FF1E151423FF14
C:/Users/MadCat/Documents/GitHub/MechwarriorRecomp/research/extract/decoded_pck/BMAPCK_TBL.decoded.bin,pck_object_0044_part_000_choice_000_frame_000,pck_object_0044,pck_object_0044_part_000,pck_object_0044_part_000_choice_000,0,0,0,0x005D83,0,242,0x005D85,00F20608FC0100BC,0608FC0100BC0100000500C4010CFC81
C:/Users/MadCat/Documents/GitHub/MechwarriorRecomp/research/extract/decoded_pck/BMAPCK_TBL.decoded.bin,pck_object_0044_part_001_choice_000_frame_000,pck_object_0044,pck_object_0044_part_001,pck_object_0044_part_001_choice_000,1,0,0,0x005D83,0,242,0x005D85,00F20608FC0100BC,0608FC0100BC0100000500C4010CFC81
C:/Users/MadCat/Documents/GitHub/MechwarriorRecomp/research/extract/decoded_pck/BMAPCK_TBL.decoded.bin,pck_object_0044_part_001_choice_000_frame_001,pck_object_0044,pck_object_0044_part_001,pck_object_0044_part_001_choice_000,1,0,1,0x005D8B,1,0,0x005D8D,0100000500C4010C,000500C4010CFC810000000001EC0181
C:/Users/MadCat/Documents/GitHub/MechwarriorRecomp/research/extract/decoded_pck/BMAPCK_TBL.decoded.bin,pck_object_0044_part_002_choice_000_frame_000,pck_object_0044,pck_object_0044_part_002,pck_object_0044_part_002_choice_000,2,0,0,0x006B83,136,19,0x006B85,8813000000000802,000000000802210061006C02BFFF5000
C:/Users/MadCat/Documents/GitHub/MechwarriorRecomp/research/extract/decoded_pck/BMAPCK_TBL.decoded.bin,pck_object_0044_part_002_choice_000_frame_001,pck_object_0044,pck_object_0044_part_002,pck_object_0044_part_002_choice_000,2,0,1,0x006B8B,33,0,0x006B8D,210061006C02BFFF,61006C02BFFF50006C0201003B010000
C:/Users/MadCat/Documents/GitHub/MechwarriorRecomp/research/extract/decoded_pck/BMAPCK_TBL.decoded.bin,pck_object_0045_part_000_choice_000_frame_000,pck_object_0045,pck_object_0045_part_000,pck_object_0045_part_000_choice_000,0,0,0,0x005BDC,128,0,0x005BDE,8000A90100000000,A90100000000000003001A0000413200
C:/Users/MadCat/Documents/GitHub/MechwarriorRecomp/research/extract/decoded_pck/BMAPCK_TBL.decoded.bin,pck_object_0045_part_000_choice_000_frame_001,pck_object_0045,pck_object_0045_part_000,pck_object_0045_part_000_choice_000,0,0,1,0x005BE4,0,0,0x005BE6,000003001A000041,03001A00004132000100B8010E413200
C:/Users/MadCat/Documents/GitHub/MechwarriorRecomp/research/extract/decoded_pck/BMAPCK_TBL.decoded.bin,pck_object_0045_part_000_choice_000_frame_002,pck_object_0045,pck_object_0045_part_000,pck_object_0045_part_000_choice_000,0,0,2,0x005BEC,50,0,0x005BEE,32000100B8010E41,0100B8010E413200010005021B413200
C:/Users/MadCat/Documents/GitHub/MechwarriorRecomp/research/extract/decoded_pck/BMAPCK_TBL.decoded.bin,pck_object_0045_part_000_choice_000_frame_003,pck_object_0045,pck_object_0045_part_000,pck_object_0045_part_000_choice_000,0,0,3,0x005BF4,50,0,0x005BF6,3200010005021B41,010005021B4132000100520200000000
C:/Users/MadCat/Documents/GitHub/MechwarriorRecomp/research/extract/decoded_pck/BMAPCK_TBL.decoded.bin,pck_object_0045_part_000_choice_000_frame_004,pck_object_0045,pck_object_0045_part_000,pck_object_0045_part_000_choice_000,0,0,4,0x005BFC,50,0,0x005BFE,3200010052020000,0100520200000000CEFF0000000000F8
C:/Users/MadCat/Documents/GitHub/MechwarriorRecomp/research/extract/decoded_pck/BMAPCK_TBL.decoded.bin,pck_object_0045_part_000_choice_000_frame_005,pck_object_0045,pck_object_0045_part_000,pck_object_0045_part_000_choice_000,0,0,5,0x005C04,0,0,0x005C06,0000CEFF00000000,CEFF0000000000F8CEFFCEFF83FF3200
C:/Users/MadCat/Documents/GitHub/MechwarriorRecomp/research/extract/decoded_pck/BMAPCK_TBL.decoded.bin,pck_object_0045_part_000_choice_000_frame_006,pck_object_0045,pck_object_0045_part_000,pck_object_0045_part_000_choice_000,0,0,6,0x005C0C,0,248,0x005C0E,00F8CEFFCEFF83FF,CEFFCEFF83FF3200CEFF83FF32003200
C:/Users/MadCat/Documents/GitHub/MechwarriorRecomp/research/extract/decoded_pck/BMAPCK_TBL.decoded.bin,pck_object_0045_part_000_choice_000_frame_007,pck_object_0045,pck_object_0045_part_000,pck_object_0045_part_000_choice_000,0,0,7,0x005C14,50,0,0x005C16,3200CEFF83FF3200,CEFF83FF3200320083FFCEFF320083FF
C:/Users/MadCat/Documents/GitHub/MechwarriorRecomp/research/extract/decoded_pck/BMAPCK_TBL.decoded.bin,pck_object_0045_part_000_choice_000_frame_008,pck_object_0045,pck_object_0045_part_000,pck_object_0045_part_000_choice_000,0,0,8,0x005C1C,50,0,0x005C1E,320083FFCEFF3200,83FFCEFF320083FF00F800000000CEFF
C:/Users/MadCat/Documents/GitHub/MechwarriorRecomp/research/extract/decoded_pck/BMAPCK_TBL.decoded.bin,pck_object_0045_part_000_choice_000_frame_009,pck_object_0045,pck_object_0045_part_000,pck_object_0045_part_000_choice_000,0,0,9,0x005C24,131,255,0x005C26,83FF00F800000000,00F800000000CEFF3200E2FFCEFFCEFF
C:/Users/MadCat/Documents/GitHub/MechwarriorRecomp/research/extract/decoded_pck/BMAPCK_TBL.decoded.bin,pck_object_0045_part_000_choice_000_frame_010,pck_object_0045,pck_object_0045_part_000,pck_object_0045_part_000_choice_000,0,0,10,0x005C2C,206,255,0x005C2E,CEFF3200E2FFCEFF,3200E2FFCEFFCEFFE2FF000000080000
C:/Users/MadCat/Documents/GitHub/MechwarriorRecomp/research/extract/decoded_pck/BMAPCK_TBL.decoded.bin,pck_object_0045_part_000_choice_000_frame_011,pck_object_0045,pck_object_0045_part_000,pck_object_0045_part_000_choice_000,0,0,11,0x005C34,206,255,0x005C36,CEFFE2FF00000008,E2FF00000008000032003200E2FF0008
C:/Users/MadCat/Documents/GitHub/MechwarriorRecomp/research/extract/decoded_pck/BMAPCK_TBL.decoded.bin,pck_object_0045_part_000_choice_000_frame_012,pck_object_0045,pck_object_0045_part_000,pck_object_0045_part_000_choice_000,0,0,12,0x005C3C,0,0,0x005C3E,000032003200E2FF,32003200E2FF0008000000003200CEFF
C:/Users/MadCat/Documents/GitHub/MechwarriorRecomp/research/extract/decoded_pck/BMAPCK_TBL.decoded.bin,pck_object_0045_part_000_choice_000_frame_013,pck_object_0045,pck_object_0045_part_000,pck_object_0045_part_000_choice_000,0,0,13,0x005C44,0,8,0x005C46,0008000000003200,000000003200CEFFE2FF000000F80000
C:/Users/MadCat/Documents/GitHub/MechwarriorRecomp/research/extract/decoded_pck/BMAPCK_TBL.decoded.bin,pck_object_0045_part_000_choice_000_frame_014,pck_object_0045,pck_object_0045_part_000,pck_object_0045_part_000_choice_000,0,0,14,0x005C4C,206,255,0x005C4E,CEFFE2FF000000F8,E2FF000000F8000000002C01320056FF
C:/Users/MadCat/Documents/GitHub/MechwarriorRecomp/research/extract/decoded_pck/BMAPCK_TBL.decoded.bin,pck_object_0045_part_000_choice_000_frame_015,pck_object_0045,pck_object_0045_part_000,pck_object_0045_part_000_choice_000,0,0,15,0x005C54,0,0,0x005C56,000000002C013200,00002C01320056FFC4FFE2FFAA00C4FF
C:/Users/MadCat/Documents/GitHub/MechwarriorRecomp/research/extract/decoded_pck/BMAPCK_TBL.decoded.bin,pck_object_0045_part_000_choice_000_frame_016,pck_object_0045,pck_object_0045_part_000,pck_object_0045_part_000_choice_000,0,0,16,0x005C5C,86,255,0x005C5E,56FFC4FFE2FFAA00,C4FFE2FFAA00C4FFE2FFAA005A00E2FF
C:/Users/MadCat/Documents/GitHub/MechwarriorRecomp/research/extract/decoded_pck/BMAPCK_TBL.decoded.bin,pck_object_0045_part_000_choice_000_frame_017,pck_object_0045,pck_object_0045_part_000,pck_object_0045_part_000_choice_000,0,0,17,0x005C64,196,255,0x005C66,C4FFE2FFAA005A00,E2FFAA005A00E2FF56FF5A00E2FF06FA
C:/Users/MadCat/Documents/GitHub/MechwarriorRecomp/research/extract/decoded_pck/BMAPCK_TBL.decoded.bin,pck_object_0045_part_000_choice_000_frame_018,pck_object_0045,pck_object_0045_part_000,pck_object_0045_part_000_choice_000,0,0,18,0x005C6C,226,255,0x005C6E,E2FF56FF5A00E2FF,56FF5A00E2FF06FA00005005A6FF3C00
C:/Users/MadCat/Documents/GitHub/MechwarriorRecomp/research/extract/decoded_pck/BMAPCK_TBL.decoded.bin,pck_object_0045_part_000_choice_000_frame_019,pck_object_0045,pck_object_0045_part_000,pck_object_0045_part_000_choice_000,0,0,19,0x005C74,6,250,0x005C76,06FA00005005A6FF,00005005A6FF3C003C00A6FFE2FF3C00
C:/Users/MadCat/Documents/GitHub/MechwarriorRecomp/research/extract/decoded_pck/BMAPCK_TBL.decoded.bin,pck_object_0045_part_000_choice_000_frame_020,pck_object_0045,pck_object_0045_part_000,pck_object_0045_part_000_choice_000,0,0,20,0x005C7C,60,0,0x005C7E,3C003C00A6FFE2FF,3C00A6FFE2FF3C0000006AF887025A00
C:/Users/MadCat/Documents/GitHub/MechwarriorRecomp/research/extract/decoded_pck/BMAPCK_TBL.decoded.bin,pck_object_0045_part_000_choice_000_frame_021,pck_object_0045,pck_object_0045_part_000,pck_object_0045_part_000_choice_000,0,0,21,0x005C84,60,0,0x005C86,3C0000006AF88702,00006AF887025A00E2FF3C00FA050000
C:/Users/MadCat/Documents/GitHub/MechwarriorRecomp/research/extract/decoded_pck/BMAPCK_TBL.decoded.bin,pck_object_0045_part_000_choice_000_frame_022,pck_object_0045,pck_object_0045_part_000,pck_object_0045_part_000_choice_000,0,0,22,0x005C8C,90,0,0x005C8E,5A00E2FF3C00FA05,E2FF3C00FA05000050055A003C003C00
C:/Users/MadCat/Documents/GitHub/MechwarriorRecomp/research/extract/decoded_pck/BMAPCK_TBL.decoded.bin,pck_object_0045_part_000_choice_000_frame_023,pck_object_0045,pck_object_0045_part_000,pck_object_0045_part_000_choice_000,0,0,23,0x005C94,0,0,0x005C96,000050055A003C00,50055A003C003C000000960787020000
C:/Users/MadCat/Documents/GitHub/MechwarriorRecomp/research/extract/decoded_pck/BMAPCK_TBL.decoded.bin,pck_object_0045_part_000_choice_000_frame_024,pck_object_0045,pck_object_0045_part_000,pck_object_0045_part_000_choice_000,0,0,24,0x005C9C,60,0,0x005C9E,3C00000096078702,000096078702000064006400BE00E2FF
C:/Users/MadCat/Documents/GitHub/MechwarriorRecomp/research/extract/decoded_pck/BMAPCK_TBL.decoded.bin,pck_object_0045_part_000_choice_000_frame_025,pck_object_0045,pck_object_0045_part_000,pck_object_0045_part_000_choice_000,0,0,25,0x005CA4,0,0,0x005CA6,000064006400BE00,64006400BE00E2FFC800BE00C4FF3601
C:/Users/MadCat/Documents/GitHub/MechwarriorRecomp/research/extract/decoded_pck/BMAPCK_TBL.decoded.bin,pck_object_0045_part_000_choice_000_frame_026,pck_object_0045,pck_object_0045_part_000,pck_object_0045_part_000_choice_000,0,0,26,0x005CAC,226,255,0x005CAE,E2FFC800BE00C4FF,C800BE00C4FF3601BE00ECFF7C01BE00
C:/Users/MadCat/Documents/GitHub/MechwarriorRecomp/research/extract/decoded_pck/BMAPCK_TBL.decoded.bin,pck_object_0045_part_000_choice_000_frame_027,pck_object_0045,pck_object_0045_part_000,pck_object_0045_part_000_choice_000,0,0,27,0x005CB4,54,1,0x005CB6,3601BE00ECFF7C01,BE00ECFF7C01BE003C005401BE006400
C:/Users/MadCat/Documents/GitHub/MechwarriorRecomp/research/extract/decoded_pck/BMAPCK_TBL.decoded.bin,pck_object_0045_part_000_choice_000_frame_028,pck_object_0045,pck_object_0045_part_000,pck_object_0045_part_000_choice_000,0,0,28,0x005CBC,190,0,0x005CBE,BE003C005401BE00,3C005401BE0064000E01BE004600C800
C:/Users/MadCat/Documents/GitHub/MechwarriorRecomp/research/extract/decoded_pck/BMAPCK_TBL.decoded.bin,pck_object_0045_part_000_choice_000_frame_029,pck_object_0045,pck_object_0045_part_000,pck_object_0045_part_000_choice_000,0,0,29,0x005CC4,100,0,0x005CC6,64000E01BE004600,0E01BE004600C800820600005AFB5703
C:/Users/MadCat/Documents/GitHub/MechwarriorRecomp/research/extract/decoded_pck/BMAPCK_TBL.decoded.bin,pck_object_0045_part_000_choice_000_frame_030,pck_object_0045,pck_object_0045_part_000,pck_object_0045_part_000_choice_000,0,0,30,0x005CCC,200,0,0x005CCE,C800820600005AFB,820600005AFB5703AE0623FD5A00B400
C:/Users/MadCat/Documents/GitHub/MechwarriorRecomp/research/extract/decoded_pck/BMAPCK_TBL.decoded.bin,pck_object_0045_part_000_choice_000_frame_031,pck_object_0045,pck_object_0045_part_000,pck_object_0045_part_000_choice_000,0,0,31,0x005CD4,87,3,0x005CD6,5703AE0623FD5A00,AE0623FD5A00B4000E019004B4054203
C:/Users/MadCat/Documents/GitHub/MechwarriorRecomp/research/extract/decoded_pck/BMAPCK_TBL.decoded.bin,pck_object_0045_part_000_choice_000_frame_032,pck_object_0045,pck_object_0045_part_000,pck_object_0045_part_000_choice_000,0,0,32,0x005CDC,180,0,0x005CDE,B4000E019004B405,0E019004B40542035A0050007201B102
C:/Users/MadCat/Documents/GitHub/MechwarriorRecomp/research/extract/decoded_pck/BMAPCK_TBL.decoded.bin,pck_object_0045_part_000_choice_000_frame_033,pck_object_0045,pck_object_0045_part_000,pck_object_0045_part_000_choice_000,0,0,33,0x005CE4,66,3,0x005CE6,42035A0050007201,5A0050007201B1025E03BC065A00E2FF
C:/Users/MadCat/Documents/GitHub/MechwarriorRecomp/research/extract/decoded_pck/BMAPCK_TBL.decoded.bin,pck_object_0045_part_000_choice_000_frame_034,pck_object_0045,pck_object_0045_part_000,pck_object_0045_part_000_choice_000,0,0,34,0x005CEC,177,2,0x005CEE,B1025E03BC065A00,5E03BC065A00E2FF9A01D5013EF9DC03
C:/Users/MadCat/Documents/GitHub/MechwarriorRecomp/research/extract/decoded_pck/BMAPCK_TBL.decoded.bin,pck_object_0045_part_000_choice_000_frame_035,pck_object_0045,pck_object_0045_part_000,pck_object_0045_part_000_choice_000,0,0,35,0x005CF4,226,255,0x005CF6,E2FF9A01D5013EF9,9A01D5013EF9DC035A009CFF4A018702
C:/Users/MadCat/Documents/GitHub/MechwarriorRecomp/research/extract/decoded_pck/BMAPCK_TBL.decoded.bin,pck_object_0045_part_000_choice_000_frame_036,pck_object_0045,pck_object_0045_part_000,pck_object_0045_part_000_choice_000,0,0,36,0x005CFC,220,3,0x005CFE,DC035A009CFF4A01,5A009CFF4A018702AEF801FE42FF4600
C:/Users/MadCat/Documents/GitHub/MechwarriorRecomp/research/extract/decoded_pck/BMAPCK_TBL.decoded.bin,pck_object_0045_part_000_choice_000_frame_037,pck_object_0045,pck_object_0045_part_000,pck_object_0045_part_000_choice_000,0,0,37,0x005D04,135,2,0x005D06,8702AEF801FE42FF,AEF801FE42FF4600C80042FF64000E01
C:/Users/MadCat/Documents/GitHub/MechwarriorRecomp/research/extract/decoded_pck/BMAPCK_TBL.decoded.bin,pck_object_0045_part_000_choice_000_frame_038,pck_object_0045,pck_object_0045_part_000,pck_object_0045_part_000_choice_000,0,0,38,0x005D0C,70,0,0x005D0E,4600C80042FF6400,C80042FF64000E0142FF3C00540142FF
C:/Users/MadCat/Documents/GitHub/MechwarriorRecomp/research/extract/decoded_pck/BMAPCK_TBL.decoded.bin,pck_object_0045_part_000_choice_000_frame_039,pck_object_0045,pck_object_0045_part_000,pck_object_0045_part_000_choice_000,0,0,39,0x005D14,14,1,0x005D16,0E0142FF3C005401,42FF3C00540142FFECFF7C0142FFC4FF
C:/Users/MadCat/Documents/GitHub/MechwarriorRecomp/research/extract/decoded_pck/BMAPCK_TBL.decoded.bin,pck_object_0045_part_000_choice_000_frame_040,pck_object_0045,pck_object_0045_part_000,pck_object_0045_part_000_choice_000,0,0,40,0x005D1C,66,255,0x005D1E,42FFECFF7C0142FF,ECFF7C0142FFC4FF360142FFE2FFC800
C:/Users/MadCat/Documents/GitHub/MechwarriorRecomp/research/extract/decoded_pck/BMAPCK_TBL.decoded.bin,pck_object_0045_part_000_choice_000_frame_041,pck_object_0045,pck_object_0045_part_000,pck_object_0045_part_000_choice_000,0,0,41,0x005D24,196,255,0x005D26,C4FF360142FFE2FF,360142FFE2FFC8007EF900005AFB3DFD
C:/Users/MadCat/Documents/GitHub/MechwarriorRecomp/research/extract/decoded_pck/BMAPCK_TBL.decoded.bin,pck_object_0045_part_000_choice_000_frame_042,pck_object_0045,pck_object_0045_part_000,pck_object_0045_part_000_choice_000,0,0,42,0x005D2C,200,0,0x005D2E,C8007EF900005AFB,7EF900005AFB3DFDC2F807FEA6FF9CFF
C:/Users/MadCat/Documents/GitHub/MechwarriorRecomp/research/extract/decoded_pck/BMAPCK_TBL.decoded.bin,pck_object_0045_part_000_choice_000_frame_043,pck_object_0045,pck_object_0045_part_000,pck_object_0045_part_000_choice_000,0,0,43,0x005D34,61,253,0x005D36,3DFDC2F807FEA6FF,C2F807FEA6FF9CFF4A01BDFCA9F99F03
C:/Users/MadCat/Documents/GitHub/MechwarriorRecomp/research/extract/decoded_pck/BMAPCK_TBL.decoded.bin,pck_object_0045_part_000_choice_000_frame_044,pck_object_0045,pck_object_0045_part_000,pck_object_0045_part_000_choice_000,0,0,44,0x005D3C,156,255,0x005D3E,9CFF4A01BDFCA9F9,4A01BDFCA9F99F03A6FFE2FF9A0142FE
C:/Users/MadCat/Documents/GitHub/MechwarriorRecomp/research/extract/decoded_pck/BMAPCK_TBL.decoded.bin,pck_object_0045_part_000_choice_000_frame_045,pck_object_0045,pck_object_0045_part_000,pck_object_0045_part_000_choice_000,0,0,45,0x005D44,159,3,0x005D46,9F03A6FFE2FF9A01,A6FFE2FF9A0142FE7D03FB06A6FF5000
C:/Users/MadCat/Documents/GitHub/MechwarriorRecomp/research/extract/decoded_pck/BMAPCK_TBL.decoded.bin,pck_object_0045_part_000_choice_000_frame_046,pck_object_0045,pck_object_0045_part_000,pck_object_0045_part_000_choice_000,0,0,46,0x005D4C,66,254,0x005D4E,42FE7D03FB06A6FF,7D03FB06A6FF500072018CFD9C06C703
C:/Users/MadCat/Documents/GitHub/MechwarriorRecomp/research/extract/decoded_pck/BMAPCK_TBL.decoded.bin,pck_object_0045_part_000_choice_000_frame_047,pck_object_0045,pck_object_0045_part_000,pck_object_0045_part_000_choice_000,0,0,47,0x005D54,80,0,0x005D56,500072018CFD9C06,72018CFD9C06C703A6FFB4000E0143FB
C:/Users/MadCat/Documents/GitHub/MechwarriorRecomp/research/extract/decoded_pck/BMAPCK_TBL.decoded.bin,pck_object_0045_part_000_choice_000_frame_048,pck_object_0045,pck_object_0045_part_000,pck_object_0045_part_000_choice_000,0,0,48,0x005D5C,199,3,0x005D5E,C703A6FFB4000E01,A6FFB4000E0143FBEC0577FD000042F8
C:/Users/MadCat/Documents/GitHub/MechwarriorRecomp/research/extract/decoded_pck/BMAPCK_TBL.decoded.bin,pck_object_0045_part_000_choice_000_frame_049,pck_object_0045,pck_object_0045_part_000,pck_object_0045_part_000_choice_000,0,0,49,0x005D64,67,251,0x005D66,43FBEC0577FD0000,EC0577FD000042F8FFFD0000FBF94405
C:/Users/MadCat/Documents/GitHub/MechwarriorRecomp/research/extract/decoded_pck/BMAPCK_TBL.decoded.bin,pck_object_0045_part_000_choice_000_frame_050,pck_object_0045,pck_object_0045_part_000,pck_object_0045_part_000_choice_000,0,0,50,0x005D6C,66,248,0x005D6E,42F8FFFD0000FBF9,FFFD0000FBF944050000BB0284070000
C:/Users/MadCat/Documents/GitHub/MechwarriorRecomp/research/extract/decoded_pck/BMAPCK_TBL.decoded.bin,pck_object_0045_part_000_choice_000_frame_051,pck_object_0045,pck_object_0045_part_000,pck_object_0045_part_000_choice_000,0,0,51,0x005D74,68,5,0x005D76,44050000BB028407,0000BB0284070000A805A8050000F206
C:/Users/MadCat/Documents/GitHub/MechwarriorRecomp/research/extract/decoded_pck/BMAPCK_TBL.decoded.bin,pck_object_0045_part_000_choice_000_frame_052,pck_object_0045,pck_object_0045_part_000,pck_object_0045_part_000_choice_000,0,0,52,0x005D7C,0,0,0x005D7E,0000A805A8050000,A805A8050000F20608FC0100BC010000
C:/Users/MadCat/Documents/GitHub/MechwarriorRecomp/research/extract/decoded_pck/BMAPCK_TBL.decoded.bin,pck_object_0045_part_000_choice_000_frame_053,pck_object_0045,pck_object_0045_part_000,pck_object_0045_part_000_choice_000,0,0,53,0x005D84,242,6,0x005D86,F20608FC0100BC01,08FC0100BC0100000500C4010CFC8100
C:/Users/MadCat/Documents/GitHub/MechwarriorRecomp/research/extract/decoded_pck/BMAPCK_TBL.decoded.bin,pck_object_0045_part_000_choice_000_frame_054,pck_object_0045,pck_object_0045_part_000,pck_object_0045_part_000_choice_000,0,0,54,0x005D8C,0,0,0x005D8E,00000500C4010CFC,0500C4010CFC810000000001EC018100
C:/Users/MadCat/Documents/GitHub/MechwarriorRecomp/research/extract/decoded_pck/BMAPCK_TBL.decoded.bin,pck_object_0045_part_000_choice_000_frame_055,pck_object_0045,pck_object_0045_part_000,pck_object_0045_part_000_choice_000,0,0,55,0x005D94,129,0,0x005D96,810000000001EC01,00000001EC01810000080806F1018101
C:/Users/MadCat/Documents/GitHub/MechwarriorRecomp/research/extract/decoded_pck/BMAPCK_TBL.decoded.bin,pck_object_0045_part_000_choice_000_frame_056,pck_object_0045,pck_object_0045_part_000,pck_object_0045_part_000_choice_000,0,0,56,0x005D9C,129,0,0x005D9E,810000080806F101,00080806F101810101000009F6018100
C:/Users/MadCat/Documents/GitHub/MechwarriorRecomp/research/extract/decoded_pck/BMAPCK_TBL.decoded.bin,pck_object_0045_part_000_choice_000_frame_057,pck_object_0045,pck_object_0045_part_000,pck_object_0045_part_000_choice_000,0,0,57,0x005DA4,129,1,0x005DA6,810101000009F601,01000009F60181000008080BFB018107
C:/Users/MadCat/Documents/GitHub/MechwarriorRecomp/research/extract/decoded_pck/BMAPCK_TBL.decoded.bin,pck_object_0045_part_000_choice_000_frame_058,pck_object_0045,pck_object_0045_part_000,pck_object_0045_part_000_choice_000,0,0,58,0x005DAC,129,0,0x005DAE,81000008080BFB01,0008080BFB0181070708080D00020203
C:/Users/MadCat/Documents/GitHub/MechwarriorRecomp/research/extract/decoded_pck/BMAPCK_TBL.decoded.bin,pck_object_0045_part_000_choice_000_frame_059,pck_object_0045,pck_object_0045_part_000,pck_object_0045_part_000_choice_000,0,0,59,0x005DB4,129,7,0x005DB6,81070708080D0002,0708080D000202030405FF02050708FF
C:/Users/MadCat/Documents/GitHub/MechwarriorRecomp/research/extract/decoded_pck/BMAPCK_TBL.decoded.bin,pck_object_0045_part_000_choice_000_frame_060,pck_object_0045,pck_object_0045_part_000,pck_object_0045_part_000_choice_000,0,0,60,0x005DBC,2,3,0x005DBE,02030405FF020507,0405FF02050708FF0705040AFF0A0403
C:/Users/MadCat/Documents/GitHub/MechwarriorRecomp/research/extract/decoded_pck/BMAPCK_TBL.decoded.bin,pck_object_0045_part_000_choice_000_frame_061,pck_object_0045,pck_object_0045_part_000,pck_object_0045_part_000_choice_000,0,0,61,0x005DC4,8,255,0x005DC6,08FF0705040AFF0A,0705040AFF0A04030CFF0C030208FF01
C:/Users/MadCat/Documents/GitHub/MechwarriorRecomp/research/extract/decoded_pck/BMAPCK_TBL.decoded.bin,pck_object_0045_part_000_choice_000_frame_062,pck_object_0045,pck_object_0045_part_000,pck_object_0045_part_000_choice_000,0,0,62,0x005DCC,4,3,0x005DCE,04030CFF0C030208,0CFF0C030208FF010009020000050011
C:/Users/MadCat/Documents/GitHub/MechwarriorRecomp/research/extract/decoded_pck/BMAPCK_TBL.decoded.bin,pck_object_0045_part_000_choice_000_frame_063,pck_object_0045,pck_object_0045_part_000,pck_object_0045_part_000_choice_000,0,0,63,0x005DD4,255,1,0x005DD6,FF01000902000005,00090200000500110208FF8109000000
C:/Users/MadCat/Documents/GitHub/MechwarriorRecomp/research/extract/decoded_pck/BMAPCK_TBL.decoded.bin,pck_object_0045_part_000_choice_000_frame_064,pck_object_0045,pck_object_0045_part_000,pck_object_0045_part_000_choice_000,0,0,64,0x005DDC,0,17,0x005DDE,00110208FF810900,0208FF81090000000139028109000000
C:/Users/MadCat/Documents/GitHub/MechwarriorRecomp/research/extract/decoded_pck/BMAPCK_TBL.decoded.bin,pck_object_0045_part_000_choice_000_frame_065,pck_object_0045,pck_object_0045_part_000,pck_object_0045_part_000_choice_000,0,0,65,0x005DE4,0,0,0x005DE6,0000013902810900,0139028109000000133E028109000101
C:/Users/MadCat/Documents/GitHub/MechwarriorRecomp/research/extract/decoded_pck/BMAPCK_TBL.decoded.bin,pck_object_0045_part_000_choice_000_frame_066,pck_object_0045,pck_object_0045_part_000,pck_object_0045_part_000_choice_000,0,0,66,0x005DEC,0,0,0x005DEE,0000133E02810900,133E0281090001011643028109000000
C:/Users/MadCat/Documents/GitHub/MechwarriorRecomp/research/extract/decoded_pck/BMAPCK_TBL.decoded.bin,pck_object_0045_part_000_choice_000_frame_067,pck_object_0045,pck_object_0045_part_000,pck_object_0045_part_000_choice_000,0,0,67,0x005DF4,1,1,0x005DF6,0101164302810900,16430281090000001848028109000808
C:/Users/MadCat/Documents/GitHub/MechwarriorRecomp/research/extract/decoded_pck/BMAPCK_TBL.decoded.bin,pck_object_0045_part_000_choice_000_frame_068,pck_object_0045,pck_object_0045_part_000,pck_object_0045_part_000_choice_000,0,0,68,0x005DFC,0,0,0x005DFE,0000184802810900,18480281090008081A4D020F101112FF
C:/Users/MadCat/Documents/GitHub/MechwarriorRecomp/research/extract/decoded_pck/BMAPCK_TBL.decoded.bin,pck_object_0045_part_000_choice_000_frame_069,pck_object_0045,pck_object_0045_part_000,pck_object_0045_part_000_choice_000,0,0,69,0x005E04,8,8,0x005E06,08081A4D020F1011,1A4D020F101112FF1214150FFF0F1517
C:/Users/MadCat/Documents/GitHub/MechwarriorRecomp/research/extract/decoded_pck/BMAPCK_TBL.decoded.bin,pck_object_0045_part_000_choice_000_frame_070,pck_object_0045,pck_object_0045_part_000,pck_object_0045_part_000_choice_000,0,0,70,0x005E0C,18,255,0x005E0E,12FF1214150FFF0F,1214150FFF0F151710FF10171911FF11
C:/Users/MadCat/Documents/GitHub/MechwarriorRecomp/research/extract/decoded_pck/BMAPCK_TBL.decoded.bin,pck_object_0045_part_000_choice_000_frame_071,pck_object_0045,pck_object_0045_part_000,pck_object_0045_part_000_choice_000,0,0,71,0x005E14,21,23,0x005E16,151710FF10171911,10FF10171911FF11191412FF01005602
C:/Users/MadCat/Documents/GitHub/MechwarriorRecomp/research/extract/decoded_pck/BMAPCK_TBL.decoded.bin,pck_object_0045_part_000_choice_000_frame_072,pck_object_0045,pck_object_0045_part_000,pck_object_0045_part_000_choice_000,0,0,72,0x005E1C,255,17,0x005E1E,FF11191412FF0100,191412FF01005602000013005E0212FF
C:/Users/MadCat/Documents/GitHub/MechwarriorRecomp/research/extract/decoded_pck/BMAPCK_TBL.decoded.bin,pck_object_0045_part_000_choice_000_frame_073,pck_object_0045,pck_object_0045_part_000,pck_object_0045_part_000_choice_000,0,0,73,0x005E24,86,2,0x005E26,5602000013005E02,000013005E0212FF81090000000BF602
C:/Users/MadCat/Documents/GitHub/MechwarriorRecomp/research/extract/decoded_pck/BMAPCK_TBL.decoded.bin,pck_object_0045_part_000_choice_000_frame_074,pck_object_0045,pck_object_0045_part_000,pck_object_0045_part_000_choice_000,0,0,74,0x005E2C,18,255,0x005E2E,12FF81090000000B,81090000000BF602810900000022FD02
C:/Users/MadCat/Documents/GitHub/MechwarriorRecomp/research/extract/decoded_pck/BMAPCK_TBL.decoded.bin,pck_object_0045_part_000_choice_000_frame_075,pck_object_0045,pck_object_0045_part_000,pck_object_0045_part_000_choice_000,0,0,75,0x005E34,246,2,0x005E36,F602810900000022,810900000022FD028109000808230203
C:/Users/MadCat/Documents/GitHub/MechwarriorRecomp/research/extract/decoded_pck/BMAPCK_TBL.decoded.bin,pck_object_0045_part_000_choice_000_frame_076,pck_object_0045,pck_object_0045_part_000,pck_object_0045_part_000_choice_000,0,0,76,0x005E3C,253,2,0x005E3E,FD02810900080823,81090008082302038109000101250703
C:/Users/MadCat/Documents/GitHub/MechwarriorRecomp/research/extract/decoded_pck/BMAPCK_TBL.decoded.bin,pck_object_0045_part_000_choice_000_frame_077,pck_object_0045,pck_object_0045_part_000,pck_object_0045_part_000_choice_000,0,0,77,0x005E44,2,3,0x005E46,0203810900010125,81090001012507038109000909270C03
C:/Users/MadCat/Documents/GitHub/MechwarriorRecomp/research/extract/decoded_pck/BMAPCK_TBL.decoded.bin,pck_object_0045_part_000_choice_000_frame_078,pck_object_0045,pck_object_0045_part_000,pck_object_0045_part_000_choice_000,0,0,78,0x005E4C,7,3,0x005E4E,0703810900090927,8109000909270C038109000101291103
C:/Users/MadCat/Documents/GitHub/MechwarriorRecomp/research/extract/decoded_pck/BMAPCK_TBL.decoded.bin,pck_object_0045_part_000_choice_000_frame_079,pck_object_0045,pck_object_0045_part_000,pck_object_0045_part_000_choice_000,0,0,79,0x005E54,12,3,0x005E56,0C03810900010129,810900010129110381090000002B1603
C:/Users/MadCat/Documents/GitHub/MechwarriorRecomp/research/extract/decoded_pck/BMAPCK_TBL.decoded.bin,pck_object_0045_part_000_choice_000_frame_080,pck_object_0045,pck_object_0045_part_000,pck_object_0045_part_000_choice_000,0,0,80,0x005E5C,17,3,0x005E5E,110381090000002B,81090000002B16038109000000061B03
C:/Users/MadCat/Documents/GitHub/MechwarriorRecomp/research/extract/decoded_pck/BMAPCK_TBL.decoded.bin,pck_object_0045_part_000_choice_000_frame_081,pck_object_0045,pck_object_0045_part_000,pck_object_0045_part_000_choice_000,0,0,81,0x005E64,22,3,0x005E66,1603810900000006,8109000000061B038109000000322203
C:/Users/MadCat/Documents/GitHub/MechwarriorRecomp/research/extract/decoded_pck/BMAPCK_TBL.decoded.bin,pck_object_0045_part_000_choice_000_frame_082,pck_object_0045,pck_object_0045_part_000,pck_object_0045_part_000_choice_000,0,0,82,0x005E6C,27,3,0x005E6E,1B03810900000032,81090000003222038109000000332703
C:/Users/MadCat/Documents/GitHub/MechwarriorRecomp/research/extract/decoded_pck/BMAPCK_TBL.decoded.bin,pck_object_0045_part_000_choice_000_frame_083,pck_object_0045,pck_object_0045_part_000,pck_object_0045_part_000_choice_000,0,0,83,0x005E74,34,3,0x005E76,2203810900000033,81090000003327038109000101352C03
C:/Users/MadCat/Documents/GitHub/MechwarriorRecomp/research/extract/decoded_pck/BMAPCK_TBL.decoded.bin,pck_object_0045_part_000_choice_000_frame_084,pck_object_0045,pck_object_0045_part_000,pck_object_0045_part_000_choice_000,0,0,84,0x005E7C,39,3,0x005E7E,2703810900010135,8109000101352C038109000909373103
C:/Users/MadCat/Documents/GitHub/MechwarriorRecomp/research/extract/decoded_pck/BMAPCK_TBL.decoded.bin,pck_object_0045_part_000_choice_000_frame_085,pck_object_0045,pck_object_0045_part_000,pck_object_0045_part_000_choice_000,0,0,85,0x005E84,44,3,0x005E86,2C03810900090937,81090009093731038109000101393603
C:/Users/MadCat/Documents/GitHub/MechwarriorRecomp/research/extract/decoded_pck/BMAPCK_TBL.decoded.bin,pck_object_0045_part_000_choice_000_frame_086,pck_object_0045,pck_object_0045_part_000,pck_object_0045_part_000_choice_000,0,0,86,0x005E8C,49,3,0x005E8E,3103810900010139,810900010139360381090008083B3B03
C:/Users/MadCat/Documents/GitHub/MechwarriorRecomp/research/extract/decoded_pck/BMAPCK_TBL.decoded.bin,pck_object_0045_part_000_choice_000_frame_087,pck_object_0045,pck_object_0045_part_000,pck_object_0045_part_000_choice_000,0,0,87,0x005E94,54,3,0x005E96,360381090008083B,81090008083B3B0381090008083C4003
C:/Users/MadCat/Documents/GitHub/MechwarriorRecomp/research/extract/decoded_pck/BMAPCK_TBL.decoded.bin,pck_object_0045_part_000_choice_000_frame_088,pck_object_0045,pck_object_0045_part_000,pck_object_0045_part_000_choice_000,0,0,88,0x005E9C,59,3,0x005E9E,3B0381090008083C,81090008083C400381090009093D4503
C:/Users/MadCat/Documents/GitHub/MechwarriorRecomp/research/extract/decoded_pck/BMAPCK_TBL.decoded.bin,pck_object_0045_part_000_choice_000_frame_089,pck_object_0045,pck_object_0045_part_000,pck_object_0045_part_000_choice_000,0,0,89,0x005EA4,64,3,0x005EA6,400381090009093D,81090009093D450381090000003E4A03
C:/Users/MadCat/Documents/GitHub/MechwarriorRecomp/research/extract/decoded_pck/BMAPCK_TBL.decoded.bin,pck_object_0045_part_000_choice_000_frame_090,pck_object_0045,pck_object_0045_part_000,pck_object_0045_part_000_choice_000,0,0,90,0x005EAC,69,3,0x005EAE,450381090000003E,81090000003E4A0381090001013F4F03
C:/Users/MadCat/Documents/GitHub/MechwarriorRecomp/research/extract/decoded_pck/BMAPCK_TBL.decoded.bin,pck_object_0045_part_000_choice_000_frame_091,pck_object_0045,pck_object_0045_part_000,pck_object_0045_part_000_choice_000,0,0,91,0x005EB4,74,3,0x005EB6,4A0381090001013F,81090001013F4F038109000000405403
C:/Users/MadCat/Documents/GitHub/MechwarriorRecomp/research/extract/decoded_pck/BMAPCK_TBL.decoded.bin,pck_object_0045_part_000_choice_000_frame_092,pck_object_0045,pck_object_0045_part_000,pck_object_0045_part_000_choice_000,0,0,92,0x005EBC,79,3,0x005EBE,4F03810900000040,81090000004054031C1D1E1F2021FF17
C:/Users/MadCat/Documents/GitHub/MechwarriorRecomp/research/extract/decoded_pck/BMAPCK_TBL.decoded.bin,pck_object_0045_part_000_choice_000_frame_093,pck_object_0045,pck_object_0045_part_000,pck_object_0045_part_000_choice_000,0,0,93,0x005EC4,84,3,0x005EC6,54031C1D1E1F2021,1C1D1E1F2021FF171C2119FF19212024
C:/Users/MadCat/Documents/GitHub/MechwarriorRecomp/research/extract/decoded_pck/BMAPCK_TBL.decoded.bin,pck_object_0045_part_000_choice_000_frame_094,pck_object_0045,pck_object_0045_part_000,pck_object_0045_part_000_choice_000,0,0,94,0x005ECC,255,23,0x005ECE,FF171C2119FF1921,1C2119FF19212024FF24201F26FF261F
C:/Users/MadCat/Documents/GitHub/MechwarriorRecomp/research/extract/decoded_pck/BMAPCK_TBL.decoded.bin,pck_object_0045_part_000_choice_000_frame_095,pck_object_0045,pck_object_0045_part_000,pck_object_0045_part_000_choice_000,0,0,95,0x005ED4,32,36,0x005ED6,2024FF24201F26FF,FF24201F26FF261F1E28FF281E1D2AFF
C:/Users/MadCat/Documents/GitHub/MechwarriorRecomp/research/extract/decoded_pck/BMAPCK_TBL.decoded.bin,pck_object_0045_part_000_choice_000_frame_096,pck_object_0045,pck_object_0045_part_000,pck_object_0045_part_000_choice_000,0,0,96,0x005EDC,38,31,0x005EDE,261F1E28FF281E1D,1E28FF281E1D2AFF2A1D1C17FF2C2D2E
C:/Users/MadCat/Documents/GitHub/MechwarriorRecomp/research/extract/decoded_pck/BMAPCK_TBL.decoded.bin,pck_object_0045_part_000_choice_000_frame_097,pck_object_0045,pck_object_0045_part_000,pck_object_0045_part_000_choice_000,0,0,97,0x005EE4,42,255,0x005EE6,2AFF2A1D1C17FF2C,2A1D1C17FF2C2D2E2F3031FF142C3115
C:/Users/MadCat/Documents/GitHub/MechwarriorRecomp/research/extract/decoded_pck/BMAPCK_TBL.decoded.bin,pck_object_0045_part_000_choice_000_frame_098,pck_object_0045,pck_object_0045_part_000,pck_object_0045_part_000_choice_000,0,0,98,0x005EEC,45,46,0x005EEE,2D2E2F3031FF142C,2F3031FF142C3115FF15313034FF3430
C:/Users/MadCat/Documents/GitHub/MechwarriorRecomp/research/extract/decoded_pck/BMAPCK_TBL.decoded.bin,pck_object_0045_part_000_choice_000_frame_099,pck_object_0045,pck_object_0045_part_000,pck_object_0045_part_000_choice_000,0,0,99,0x005EF4,49,21,0x005EF6,3115FF15313034FF,FF15313034FF34302F36FF362F2E38FF
C:/Users/MadCat/Documents/GitHub/MechwarriorRecomp/research/extract/decoded_pck/BMAPCK_TBL.decoded.bin,pck_object_0045_part_000_choice_000_frame_100,pck_object_0045,pck_object_0045_part_000,pck_object_0045_part_000_choice_000,0,0,100,0x005EFC,52,48,0x005EFE,34302F36FF362F2E,2F36FF362F2E38FF382E2D3AFF3A2D2C
C:/Users/MadCat/Documents/GitHub/MechwarriorRecomp/research/extract/decoded_pck/BMAPCK_TBL.decoded.bin,pck_object_0045_part_000_choice_000_frame_101,pck_object_0045,pck_object_0045_part_000,pck_object_0045_part_000_choice_000,0,0,101,0x005F04,56,255,0x005F06,38FF382E2D3AFF3A,382E2D3AFF3A2D2C14FF1715342AFF2A
C:/Users/MadCat/Documents/GitHub/MechwarriorRecomp/research/extract/decoded_pck/BMAPCK_TBL.decoded.bin,pck_object_0045_part_000_choice_000_frame_102,pck_object_0045,pck_object_0045_part_000,pck_object_0045_part_000_choice_000,0,0,102,0x005F0C,45,44,0x005F0E,2D2C14FF1715342A,14FF1715342AFF2A343628FF28363826
C:/Users/MadCat/Documents/GitHub/MechwarriorRecomp/research/extract/decoded_pck/BMAPCK_TBL.decoded.bin,pck_object_0045_part_000_choice_000_frame_103,pck_object_0045,pck_object_0045_part_000,pck_object_0045_part_000_choice_000,0,0,103,0x005F14,255,42,0x005F16,FF2A343628FF2836,343628FF28363826FF26383A24FF243A
C:/Users/MadCat/Documents/GitHub/MechwarriorRecomp/research/extract/decoded_pck/BMAPCK_TBL.decoded.bin,pck_object_0045_part_000_choice_000_frame_104,pck_object_0045,pck_object_0045_part_000,pck_object_0045_part_000_choice_000,0,0,104,0x005F1C,56,38,0x005F1E,3826FF26383A24FF,FF26383A24FF243A1419FF80006A0200
C:/Users/MadCat/Documents/GitHub/MechwarriorRecomp/research/extract/decoded_pck/BMAPCK_TBL.decoded.bin,pck_object_0045_part_000_choice_000_frame_105,pck_object_0045,pck_object_0045_part_000,pck_object_0045_part_000_choice_000,0,0,105,0x005F24,36,58,0x005F26,243A1419FF80006A,1419FF80006A02000000000000030017
C:/Users/MadCat/Documents/GitHub/MechwarriorRecomp/research/extract/decoded_pck/BMAPCK_TBL.decoded.bin,pck_object_0045_part_000_choice_000_frame_106,pck_object_0045,pck_object_0045_part_000,pck_object_0045_part_000_choice_000,0,0,106,0x005F2C,2,0,0x005F2E,0200000000000003,000000000003001700002D2F0001003D
C:/Users/MadCat/Documents/GitHub/MechwarriorRecomp/research/extract/decoded_pck/BMAPCK_TBL.decoded.bin,pck_object_0045_part_000_choice_000_frame_107,pck_object_0045,pck_object_0045_part_000,pck_object_0045_part_000_choice_000,0,0,107,0x005F34,0,23,0x005F36,001700002D2F0001,00002D2F0001003D010F2D2F00010097
C:/Users/MadCat/Documents/GitHub/MechwarriorRecomp/research/extract/decoded_pck/BMAPCK_TBL.decoded.bin,pck_object_0045_part_000_choice_000_frame_108,pck_object_0045,pck_object_0045_part_000,pck_object_0045_part_000_choice_000,0,0,108,0x005F3C,0,61,0x005F3E,003D010F2D2F0001,010F2D2F0001009701292D2F00010027
C:/Users/MadCat/Documents/GitHub/MechwarriorRecomp/research/extract/decoded_pck/BMAPCK_TBL.decoded.bin,pck_object_0045_part_000_choice_000_frame_109,pck_object_0045,pck_object_0045_part_000,pck_object_0045_part_000_choice_000,0,0,109,0x005F44,0,151,0x005F46,009701292D2F0001,01292D2F000100270272F947018C0A4F
C:/Users/MadCat/Documents/GitHub/MechwarriorRecomp/research/extract/decoded_pck/BMAPCK_TBL.decoded.bin,pck_object_0045_part_000_choice_000_frame_110,pck_object_0045,pck_object_0045_part_000,pck_object_0045_part_000_choice_000,0,0,110,0x005F4C,0,39,0x005F4E,00270272F947018C,0272F947018C0A4FFF08F80000ABFFD5
C:/Users/MadCat/Documents/GitHub/MechwarriorRecomp/research/extract/decoded_pck/BMAPCK_TBL.decoded.bin,pck_object_0045_part_000_choice_000_frame_111,pck_object_0045,pck_object_0045_part_000,pck_object_0045_part_000_choice_000,0,0,111,0x005F54,10,79,0x005F56,0A4FFF08F80000AB,FF08F80000ABFFD5FFFE01ABFFD5FFA4
C:/Users/MadCat/Documents/GitHub/MechwarriorRecomp/research/extract/decoded_pck/BMAPCK_TBL.decoded.bin,pck_object_0045_part_000_choice_000_frame_112,pck_object_0045,pck_object_0045_part_000,pck_object_0045_part_000_choice_000,0,0,112,0x005F5C,255,213,0x005F5E,FFD5FFFE01ABFFD5,FFFE01ABFFD5FFA40166FFDBFFA40166
C:/Users/MadCat/Documents/GitHub/MechwarriorRecomp/research/extract/decoded_pck/BMAPCK_TBL.decoded.bin,pck_object_0045_part_000_choice_000_frame_113,pck_object_0045,pck_object_0045_part_000,pck_object_0045_part_000_choice_000,0,0,113,0x005F64,255,164,0x005F66,FFA40166FFDBFFA4,0166FFDBFFA40166FFDBFFFE01AE00F8
C:/Users/MadCat/Documents/GitHub/MechwarriorRecomp/research/extract/decoded_pck/BMAPCK_TBL.decoded.bin,pck_object_0045_part_000_choice_000_frame_114,pck_object_0045,pck_object_0045_part_000,pck_object_0045_part_000_choice_000,0,0,114,0x005F6C,1,102,0x005F6E,0166FFDBFFFE01AE,FFDBFFFE01AE00F80700006EFF3E00FE
C:/Users/MadCat/Documents/GitHub/MechwarriorRecomp/research/extract/decoded_pck/BMAPCK_TBL.decoded.bin,pck_object_0045_part_000_choice_000_frame_115,pck_object_0045,pck_object_0045_part_000,pck_object_0045_part_000_choice_000,0,0,115,0x005F74,0,248,0x005F76,00F80700006EFF3E,0700006EFF3E00FE016EFF3E00A401B4
C:/Users/MadCat/Documents/GitHub/MechwarriorRecomp/research/extract/decoded_pck/BMAPCK_TBL.decoded.bin,pck_object_0045_part_000_choice_000_frame_116,pck_object_0045,pck_object_0045_part_000,pck_object_0045_part_000_choice_000,0,0,116,0x005F7C,0,254,0x005F7E,00FE016EFF3E00A4,016EFF3E00A401B4FF3800A401B4FF38
C:/Users/MadCat/Documents/GitHub/MechwarriorRecomp/research/extract/decoded_pck/BMAPCK_TBL.decoded.bin,pck_object_0045_part_000_choice_000_frame_117,pck_object_0045,pck_object_0045_part_000,pck_object_0045_part_000_choice_000,0,0,117,0x005F84,1,180,0x005F86,01B4FF3800A401B4,FF3800A401B4FF3800FE010000000000
C:/Users/MadCat/Documents/GitHub/MechwarriorRecomp/research/extract/decoded_pck/BMAPCK_TBL.decoded.bin,pck_object_0045_part_000_choice_000_frame_118,pck_object_0045,pck_object_0045_part_000,pck_object_0045_part_000_choice_000,0,0,118,0x005F8C,255,56,0x005F8E,FF3800FE01000000,00FE01000000000008F70747FF000000
C:/Users/MadCat/Documents/GitHub/MechwarriorRecomp/research/extract/decoded_pck/BMAPCK_TBL.decoded.bin,pck_object_0045_part_000_choice_000_frame_119,pck_object_0045,pck_object_0045_part_000,pck_object_0045_part_000_choice_000,0,0,119,0x005F94,0,0,0x005F96,000008F70747FF00,08F70747FF00000000000000F807F8A4
C:/Users/MadCat/Documents/GitHub/MechwarriorRecomp/research/extract/decoded_pck/BMAPCK_TBL.decoded.bin,pck_object_0045_part_000_choice_000_frame_120,pck_object_0045,pck_object_0045_part_000,pck_object_0045_part_000_choice_000,0,0,120,0x005F9C,0,0,0x005F9E,000000000000F807,00000000F807F8A40000002B00F201E8
C:/Users/MadCat/Documents/GitHub/MechwarriorRecomp/research/extract/decoded_pck/BMAPCK_TBL.decoded.bin,pck_object_0045_part_000_choice_000_frame_121,pck_object_0045,pck_object_0045_part_000,pck_object_0045_part_000_choice_000,0,0,121,0x005FA4,248,164,0x005FA6,F8A40000002B00F2,0000002B00F201E80359FF07F8FAFFB7
C:/Users/MadCat/Documents/GitHub/MechwarriorRecomp/research/extract/decoded_pck/BMAPCK_TBL.decoded.bin,pck_object_0045_part_000_choice_000_frame_122,pck_object_0045,pck_object_0045_part_000,pck_object_0045_part_000_choice_000,0,0,122,0x005FAC,1,232,0x005FAE,01E80359FF07F8FA,0359FF07F8FAFFB7FFE8FFA401C1FFE7
C:/Users/MadCat/Documents/GitHub/MechwarriorRecomp/research/extract/decoded_pck/BMAPCK_TBL.decoded.bin,pck_object_0045_part_000_choice_000_frame_123,pck_object_0045,pck_object_0045_part_000,pck_object_0045_part_000_choice_000,0,0,123,0x005FB4,255,183,0x005FB6,FFB7FFE8FFA401C1,FFE8FFA401C1FFE7FFE001FDFFE2FFFE
C:/Users/MadCat/Documents/GitHub/MechwarriorRecomp/research/extract/decoded_pck/BMAPCK_TBL.decoded.bin,pck_object_0045_part_000_choice_000_frame_124,pck_object_0045,pck_object_0045_part_000,pck_object_0045_part_000_choice_000,0,0,124,0x005FBC,255,231,0x005FBE,FFE7FFE001FDFFE2,FFE001FDFFE2FFFE013900DCFFE00143
C:/Users/MadCat/Documents/GitHub/MechwarriorRecomp/research/extract/decoded_pck/BMAPCK_TBL.decoded.bin,pck_object_0045_part_000_choice_000_frame_125,pck_object_0045,pck_object_0045_part_000,pck_object_0045_part_000_choice_000,0,0,125,0x005FC4,255,254,0x005FC6,FFFE013900DCFFE0,013900DCFFE0014300DCFFA4016B0005
C:/Users/MadCat/Documents/GitHub/MechwarriorRecomp/research/extract/decoded_pck/BMAPCK_TBL.decoded.bin,pck_object_0045_part_000_choice_000_frame_126,pck_object_0045,pck_object_0045_part_000,pck_object_0045_part_000_choice_000,0,0,126,0x005FCC,1,67,0x005FCE,014300DCFFA4016B,00DCFFA4016B00050730FC3400910036
C:/Users/MadCat/Documents/GitHub/MechwarriorRecomp/research/extract/decoded_pck/BMAPCK_TBL.decoded.bin,pck_object_0045_part_000_choice_000_frame_127,pck_object_0045,pck_object_0045_part_000,pck_object_0045_part_000_choice_000,0,0,127,0x005FD4,0,5,0x005FD6,00050730FC340091,0730FC34009100360136009F0050010E
C:/Users/MadCat/Documents/GitHub/MechwarriorRecomp/research/extract/decoded_pck/BMAPCK_TBL.decoded.bin,pck_object_0045_part_000_choice_000_frame_128,pck_object_0045,pck_object_0045_part_000,pck_object_0045_part_000_choice_000,0,0,128,0x005FDC,0,54,0x005FDE,00360136009F0050,0136009F0050010E00A9005E01E6FFA6
C:/Users/MadCat/Documents/GitHub/MechwarriorRecomp/research/extract/decoded_pck/BMAPCK_TBL.decoded.bin,pck_object_0050_part_000_choice_000_frame_000,pck_object_0050,pck_object_0050_part_000,pck_object_0050_part_000_choice_000,0,0,0,0x006E23,10,9,0x006E25,0A0903FF03090804,03FF03090804FF04080705FF01009501
C:/Users/MadCat/Documents/GitHub/MechwarriorRecomp/research/extract/decoded_pck/BMAPCK_TBL.decoded.bin,pck_object_0050_part_001_choice_000_frame_000,pck_object_0050,pck_object_0050_part_001,pck_object_0050_part_001_choice_000,1,0,0,0x007223,12,255,0x007225,0CFF0C030207FF01,0C030207FF01001E0100000600260100
C:/Users/MadCat/Documents/GitHub/MechwarriorRecomp/research/extract/decoded_pck/BMAPCK_TBL.decoded.bin,pck_object_0050_part_002_choice_000_frame_000,pck_object_0050,pck_object_0050_part_002,pck_object_0050_part_002_choice_000,2,0,0,0x006A23,32,25,0x006A25,20191822FF221817,1822FF22181724FF111D1E12FF121E20
C:/Users/MadCat/Documents/GitHub/MechwarriorRecomp/research/extract/decoded_pck/BMAPCK_TBL.decoded.bin,pck_object_0050_part_002_choice_000_frame_001,pck_object_0050,pck_object_0050_part_002,pck_object_0050_part_002_choice_000,2,0,1,0x006A2B,36,255,0x006A2D,24FF111D1E12FF12,111D1E12FF121E2013FF13202214FF14
C:/Users/MadCat/Documents/GitHub/MechwarriorRecomp/research/extract/decoded_pck/BMAPCK_TBL.decoded.bin,pck_object_0051_part_000_choice_000_frame_000,pck_object_0051,pck_object_0051_part_000,pck_object_0051_part_000_choice_000,0,0,0,0x007063,8,4,0x007065,0804FF04080705FF,FF04080705FF01008F0100000A009701
C:/Users/MadCat/Documents/GitHub/MechwarriorRecomp/research/extract/decoded_pck/BMAPCK_TBL.decoded.bin,pck_object_0051_part_001_choice_000_frame_000,pck_object_0051,pck_object_0051_part_001,pck_object_0051_part_001_choice_000,1,0,0,0x007463,255,255,0x007465,FFFFFCFF000020F8,FCFF000020F89DFE40FF3FFE8900F0FE
C:/Users/MadCat/Documents/GitHub/MechwarriorRecomp/research/extract/decoded_pck/BMAPCK_TBL.decoded.bin,pck_object_0051_part_002_choice_000_frame_000,pck_object_0051,pck_object_0051_part_002,pck_object_0051_part_002_choice_000,2,0,0,0x006C63,32,25,0x006C65,20191822FF221817,1822FF22181724FF111D1E12FF121E20
C:/Users/MadCat/Documents/GitHub/MechwarriorRecomp/research/extract/decoded_pck/BMAPCK_TBL.decoded.bin,pck_object_0051_part_002_choice_000_frame_001,pck_object_0051,pck_object_0051_part_002,pck_object_0051_part_002_choice_000,2,0,1,0x006C6B,36,255,0x006C6D,24FF111D1E12FF12,111D1E12FF121E2013FF13202214FF14
C:/Users/MadCat/Documents/GitHub/MechwarriorRecomp/research/extract/decoded_pck/BMAPCK_TBL.decoded.bin,pck_object_0052_part_000_choice_000_frame_000,pck_object_0052,pck_object_0052_part_000,pck_object_0052_part_000_choice_000,0,0,0,0x0072A3,1,72,0x0072A5,0148F4220038FF00,F4220038FF0000650120F837FFC9FEEE
C:/Users/MadCat/Documents/GitHub/MechwarriorRecomp/research/extract/decoded_pck/BMAPCK_TBL.decoded.bin,pck_object_0052_part_001_choice_000_frame_000,pck_object_0052,pck_object_0052_part_001,pck_object_0052_part_001_choice_000,1,0,0,0x0076A3,8,17,0x0076A5,081112FF14150A0C,12FF14150A0C16FF12141610FF111514
C:/Users/MadCat/Documents/GitHub/MechwarriorRecomp/research/extract/decoded_pck/BMAPCK_TBL.decoded.bin,pck_object_0052_part_002_choice_000_frame_000,pck_object_0052,pck_object_0052_part_002,pck_object_0052_part_002_choice_000,2,0,0,0x006EA3,32,25,0x006EA5,20191822FF221817,1822FF22181724FF111D1E12FF121E20
C:/Users/MadCat/Documents/GitHub/MechwarriorRecomp/research/extract/decoded_pck/BMAPCK_TBL.decoded.bin,pck_object_0052_part_002_choice_000_frame_001,pck_object_0052,pck_object_0052_part_002,pck_object_0052_part_002_choice_000,2,0,1,0x006EAB,36,255,0x006EAD,24FF111D1E12FF12,111D1E12FF121E2013FF13202214FF14
C:/Users/MadCat/Documents/GitHub/MechwarriorRecomp/research/extract/decoded_pck/BMAPCK_TBL.decoded.bin,pck_object_0053_part_000_choice_000_frame_000,pck_object_0053,pck_object_0053_part_000,pck_object_0053_part_000_choice_000,0,0,0,0x0074E3,2,3,0x0074E5,02030405FF070205,0405FF07020508FF0805040AFF0A0403
C:/Users/MadCat/Documents/GitHub/MechwarriorRecomp/research/extract/decoded_pck/BMAPCK_TBL.decoded.bin,pck_object_0053_part_001_choice_000_frame_000,pck_object_0053,pck_object_0053_part_001,pck_object_0053_part_001_choice_000,1,0,0,0x0078E3,2,255,0x0078E5,02FF07FAFFCAFF01,07FAFFCAFF0100CE0000000600D600BC
C:/Users/MadCat/Documents/GitHub/MechwarriorRecomp/research/extract/decoded_pck/BMAPCK_TBL.decoded.bin,pck_object_0053_part_002_choice_000_frame_000,pck_object_0053,pck_object_0053_part_002,pck_object_0053_part_002_choice_000,2,0,0,0x0070E3,23,22,0x0070E5,171623FF101C1D11,23FF101C1D11FF111D1F12FF121F2113
C:/Users/MadCat/Documents/GitHub/MechwarriorRecomp/research/extract/decoded_pck/BMAPCK_TBL.decoded.bin,pck_object_0053_part_002_choice_000_frame_001,pck_object_0053,pck_object_0053_part_002,pck_object_0053_part_002_choice_000,2,0,1,0x0070EB,255,17,0x0070ED,FF111D1F12FF121F,1D1F12FF121F2113FF13212314FF0100
C:/Users/MadCat/Documents/GitHub/MechwarriorRecomp/research/extract/decoded_pck/BMAPCK_TBL.decoded.bin,pck_object_0054_part_000_choice_000_frame_000,pck_object_0054,pck_object_0054_part_000,pck_object_0054_part_000_choice_000,0,0,0,0x007125,0,0,0x007127,000002001B00001B,02001B00001B2B000100CD000E1B2B00
C:/Users/MadCat/Documents/GitHub/MechwarriorRecomp/research/extract/decoded_pck/BMAPCK_TBL.decoded.bin,pck_object_0054_part_000_choice_000_frame_001,pck_object_0054,pck_object_0054_part_000,pck_object_0054_part_000_choice_000,0,0,1,0x00712D,43,0,0x00712F,2B000100CD000E1B,0100CD000E1B2B0001001A0148F44400
C:/Users/MadCat/Documents/GitHub/MechwarriorRecomp/research/extract/decoded_pck/BMAPCK_TBL.decoded.bin,pck_object_0054_part_000_choice_000_frame_002,pck_object_0054,pck_object_0054_part_000,pck_object_0054_part_000_choice_000,0,0,2,0x007135,43,0,0x007137,2B0001001A0148F4,01001A0148F4440041FF0000B5027AF8
C:/Users/MadCat/Documents/GitHub/MechwarriorRecomp/research/extract/decoded_pck/BMAPCK_TBL.decoded.bin,pck_object_0054_part_000_choice_000_frame_003,pck_object_0054,pck_object_0054_part_000,pck_object_0054_part_000_choice_000,0,0,3,0x00713D,68,0,0x00713F,440041FF0000B502,41FF0000B5027AF837FF41FF66FF38FF
C:/Users/MadCat/Documents/GitHub/MechwarriorRecomp/research/extract/decoded_pck/BMAPCK_TBL.decoded.bin,pck_object_0054_part_000_choice_000_frame_004,pck_object_0054,pck_object_0054_part_000,pck_object_0054_part_000_choice_000,0,0,4,0x007145,122,248,0x007147,7AF837FF41FF66FF,37FF41FF66FF38FF8CFF81FF10FF8CFF
C:/Users/MadCat/Documents/GitHub/MechwarriorRecomp/research/extract/decoded_pck/BMAPCK_TBL.decoded.bin,pck_object_0054_part_000_choice_000_frame_005,pck_object_0054,pck_object_0054_part_000,pck_object_0054_part_000_choice_000,0,0,5,0x00714D,56,255,0x00714F,38FF8CFF81FF10FF,8CFF81FF10FF8CFF81FF0FFF41FF66FF
C:/Users/MadCat/Documents/GitHub/MechwarriorRecomp/research/extract/decoded_pck/BMAPCK_TBL.decoded.bin,pck_object_0054_part_000_choice_000_frame_006,pck_object_0054,pck_object_0054_part_000,pck_object_0054_part_000_choice_000,0,0,6,0x007155,140,255,0x007157,8CFF81FF0FFF41FF,81FF0FFF41FF66FF00007BF848FD41FF
C:/Users/MadCat/Documents/GitHub/MechwarriorRecomp/research/extract/decoded_pck/BMAPCK_TBL.decoded.bin,pck_object_0054_part_000_choice_000_frame_007,pck_object_0054,pck_object_0054_part_000,pck_object_0054_part_000_choice_000,0,0,7,0x00715D,102,255,0x00715F,66FF00007BF848FD,00007BF848FD41FFECFE510005FFECFE
C:/Users/MadCat/Documents/GitHub/MechwarriorRecomp/research/extract/decoded_pck/BMAPCK_TBL.decoded.bin,pck_object_0054_part_001_choice_000_frame_000,pck_object_0054,pck_object_0054_part_001,pck_object_0054_part_001_choice_000,1,0,0,0x00721E,10,255,0x007220,0AFF0A04030CFF0C,0A04030CFF0C030207FF01001E010000
C:/Users/MadCat/Documents/GitHub/MechwarriorRecomp/research/extract/decoded_pck/BMAPCK_TBL.decoded.bin,pck_object_0054_part_001_choice_000_frame_001,pck_object_0054,pck_object_0054_part_001,pck_object_0054_part_001_choice_000,1,0,1,0x007226,3,2,0x007228,030207FF01001E01,07FF01001E0100000600260100008109
C:/Users/MadCat/Documents/GitHub/MechwarriorRecomp/research/extract/decoded_pck/BMAPCK_TBL.decoded.bin,pck_object_0054_part_001_choice_000_frame_002,pck_object_0054,pck_object_0054_part_001,pck_object_0054_part_001_choice_000,1,0,2,0x00722E,0,0,0x007230,0000060026010000,06002601000081090001010F56018109
C:/Users/MadCat/Documents/GitHub/MechwarriorRecomp/research/extract/decoded_pck/BMAPCK_TBL.decoded.bin,pck_object_0054_part_001_choice_000_frame_003,pck_object_0054,pck_object_0054_part_001,pck_object_0054_part_001_choice_000,1,0,3,0x007236,129,9,0x007238,81090001010F5601,0001010F56018109000101135C018109
C:/Users/MadCat/Documents/GitHub/MechwarriorRecomp/research/extract/decoded_pck/BMAPCK_TBL.decoded.bin,pck_object_0054_part_001_choice_000_frame_004,pck_object_0054,pck_object_0054_part_001,pck_object_0054_part_001_choice_000,1,0,4,0x00723E,129,9,0x007240,8109000101135C01,000101135C0181090000001762018109
C:/Users/MadCat/Documents/GitHub/MechwarriorRecomp/research/extract/decoded_pck/BMAPCK_TBL.decoded.bin,pck_object_0054_part_001_choice_000_frame_005,pck_object_0054,pck_object_0054_part_001,pck_object_0054_part_001_choice_000,1,0,5,0x007246,129,9,0x007248,8109000000176201,00000017620181090009091867018109
C:/Users/MadCat/Documents/GitHub/MechwarriorRecomp/research/extract/decoded_pck/BMAPCK_TBL.decoded.bin,pck_object_0054_part_001_choice_000_frame_006,pck_object_0054,pck_object_0054_part_001,pck_object_0054_part_001_choice_000,1,0,6,0x00724E,129,9,0x007250,8109000909186701,0009091867018109000808196C018109
C:/Users/MadCat/Documents/GitHub/MechwarriorRecomp/research/extract/decoded_pck/BMAPCK_TBL.decoded.bin,pck_object_0054_part_001_choice_000_frame_007,pck_object_0054,pck_object_0054_part_001,pck_object_0054_part_001_choice_000,1,0,7,0x007256,129,9,0x007258,8109000808196C01,000808196C0181090000001A71011007
C:/Users/MadCat/Documents/GitHub/MechwarriorRecomp/research/extract/decoded_pck/BMAPCK_TBL.decoded.bin,pck_object_0054_part_001_choice_000_frame_008,pck_object_0054,pck_object_0054_part_001,pck_object_0054_part_001_choice_000,1,0,8,0x00725E,129,9,0x007260,81090000001A7101,0000001A71011007081112FF14150A0C
C:/Users/MadCat/Documents/GitHub/MechwarriorRecomp/research/extract/decoded_pck/BMAPCK_TBL.decoded.bin,pck_object_0055_part_000_choice_000_frame_000,pck_object_0055,pck_object_0055_part_000,pck_object_0055_part_000_choice_000,0,0,0,0x007358,250,0,0x00735A,FA00810800080806,810800080806FF008108000000090401
C:/Users/MadCat/Documents/GitHub/MechwarriorRecomp/research/extract/decoded_pck/BMAPCK_TBL.decoded.bin,pck_object_0055_part_000_choice_000_frame_001,pck_object_0055,pck_object_0055_part_000,pck_object_0055_part_000_choice_000,0,0,1,0x007360,255,0,0x007362,FF00810800000009,810800000009040181080008080B0901
C:/Users/MadCat/Documents/GitHub/MechwarriorRecomp/research/extract/decoded_pck/BMAPCK_TBL.decoded.bin,pck_object_0055_part_000_choice_000_frame_002,pck_object_0055,pck_object_0055_part_000,pck_object_0055_part_000_choice_000,0,0,2,0x007368,4,1,0x00736A,040181080008080B,81080008080B090181080000000D0E01
C:/Users/MadCat/Documents/GitHub/MechwarriorRecomp/research/extract/decoded_pck/BMAPCK_TBL.decoded.bin,pck_object_0055_part_000_choice_000_frame_003,pck_object_0055,pck_object_0055_part_000,pck_object_0055_part_000_choice_000,0,0,3,0x007370,9,1,0x007372,090181080000000D,81080000000D0E0102030405FF070205
C:/Users/MadCat/Documents/GitHub/MechwarriorRecomp/research/extract/decoded_pck/BMAPCK_TBL.decoded.bin,pck_object_0055_part_000_choice_000_frame_004,pck_object_0055,pck_object_0055_part_000,pck_object_0055_part_000_choice_000,0,0,4,0x007378,14,1,0x00737A,0E0102030405FF07,02030405FF07020508FF0805040AFF0A
C:/Users/MadCat/Documents/GitHub/MechwarriorRecomp/research/extract/decoded_pck/BMAPCK_TBL.decoded.bin,pck_object_0055_part_001_choice_000_frame_000,pck_object_0055,pck_object_0055_part_001,pck_object_0055_part_001_choice_000,1,0,0,0x0073A5,79,1,0x0073A7,4F01810900010113,81090001011355018109000000175B01
C:/Users/MadCat/Documents/GitHub/MechwarriorRecomp/research/extract/decoded_pck/BMAPCK_TBL.decoded.bin,pck_object_0055_part_001_choice_000_frame_001,pck_object_0055,pck_object_0055_part_001,pck_object_0055_part_001_choice_000,1,0,1,0x0073AD,85,1,0x0073AF,5501810900000017,8109000000175B018109000909186001
C:/Users/MadCat/Documents/GitHub/MechwarriorRecomp/research/extract/decoded_pck/BMAPCK_TBL.decoded.bin,pck_object_0055_part_001_choice_000_frame_002,pck_object_0055,pck_object_0055_part_001,pck_object_0055_part_001_choice_000,1,0,2,0x0073B5,91,1,0x0073B7,5B01810900090918,81090009091860018109000808196501
C:/Users/MadCat/Documents/GitHub/MechwarriorRecomp/research/extract/decoded_pck/BMAPCK_TBL.decoded.bin,pck_object_0055_part_001_choice_000_frame_003,pck_object_0055,pck_object_0055_part_001,pck_object_0055_part_001_choice_000,1,0,3,0x0073BD,96,1,0x0073BF,6001810900080819,810900080819650181090000001A6A01
C:/Users/MadCat/Documents/GitHub/MechwarriorRecomp/research/extract/decoded_pck/BMAPCK_TBL.decoded.bin,pck_object_0055_part_001_choice_000_frame_004,pck_object_0055,pck_object_0055_part_001,pck_object_0055_part_001_choice_000,1,0,4,0x0073C5,101,1,0x0073C7,650181090000001A,81090000001A6A011007081112FF1415
C:/Users/MadCat/Documents/GitHub/MechwarriorRecomp/research/extract/decoded_pck/BMAPCK_TBL.decoded.bin,pck_object_0055_part_001_choice_000_frame_005,pck_object_0055,pck_object_0055_part_001,pck_object_0055_part_001_choice_000,1,0,5,0x0073CD,106,1,0x0073CF,6A011007081112FF,1007081112FF14150A0C16FF12141610
C:/Users/MadCat/Documents/GitHub/MechwarriorRecomp/research/extract/decoded_pck/BMAPCK_TBL.decoded.bin,pck_object_0056_part_000_choice_000_frame_000,pck_object_0056,pck_object_0056_part_000,pck_object_0056_part_000_choice_000,0,0,0,0x0076F0,254,56,0x0076F2,FE38FFB9FE66FE10,FFB9FE66FE10FFB9FE66FE0FFFB2FE16
C:/Users/MadCat/Documents/GitHub/MechwarriorRecomp/research/extract/decoded_pck/BMAPCK_TBL.decoded.bin,pck_object_0056_part_000_choice_000_frame_001,pck_object_0056,pck_object_0056_part_000,pck_object_0056_part_000_choice_000,0,0,1,0x0076F8,255,185,0x0076FA,FFB9FE66FE0FFFB2,FE66FE0FFFB2FE16FE00004CFF08F841
C:/Users/MadCat/Documents/GitHub/MechwarriorRecomp/research/extract/decoded_pck/BMAPCK_TBL.decoded.bin,pck_object_0056_part_000_choice_000_frame_002,pck_object_0056,pck_object_0056_part_000,pck_object_0056_part_000_choice_000,0,0,2,0x007700,254,22,0x007702,FE16FE00004CFF08,FE00004CFF08F841FFB9FD2CFE05FFB9
C:/Users/MadCat/Documents/GitHub/MechwarriorRecomp/research/extract/decoded_pck/BMAPCK_TBL.decoded.bin,pck_object_0056_part_000_choice_000_frame_003,pck_object_0056,pck_object_0056_part_000,pck_object_0056_part_000_choice_000,0,0,3,0x007708,248,65,0x00770A,F841FFB9FD2CFE05,FFB9FD2CFE05FFB9FD2CFE02F8530012
C:/Users/MadCat/Documents/GitHub/MechwarriorRecomp/research/extract/decoded_pck/BMAPCK_TBL.decoded.bin,pck_object_0056_part_000_choice_000_frame_004,pck_object_0056,pck_object_0056_part_000,pck_object_0056_part_000_choice_000,0,0,4,0x007710,255,185,0x007712,FFB9FD2CFE02F853,FD2CFE02F85300120006FFC0FD7BFE00
C:/Users/MadCat/Documents/GitHub/MechwarriorRecomp/research/extract/decoded_pck/BMAPCK_TBL.decoded.bin,pck_object_0056_part_000_choice_000_frame_005,pck_object_0056,pck_object_0056_part_000,pck_object_0056_part_000_choice_000,0,0,5,0x007718,0,18,0x00771A,00120006FFC0FD7B,0006FFC0FD7BFE0000AC00F80742FFC0
C:/Users/MadCat/Documents/GitHub/MechwarriorRecomp/research/extract/decoded_pck/BMAPCK_TBL.decoded.bin,pck_object_0056_part_000_choice_000_frame_006,pck_object_0056,pck_object_0056_part_000,pck_object_0056_part_000_choice_000,0,0,6,0x007720,254,0,0x007722,FE0000AC00F80742,00AC00F80742FFC0FD7CFEFE074F00E0
C:/Users/MadCat/Documents/GitHub/MechwarriorRecomp/research/extract/decoded_pck/BMAPCK_TBL.decoded.bin,pck_object_0056_part_000_choice_000_frame_007,pck_object_0056,pck_object_0056_part_000,pck_object_0056_part_000_choice_000,0,0,7,0x007728,255,192,0x00772A,FFC0FD7CFEFE074F,FD7CFEFE074F00E0FF30F80000FFFF00
C:/Users/MadCat/Documents/GitHub/MechwarriorRecomp/research/extract/decoded_pck/BMAPCK_TBL.decoded.bin,pck_object_0057_part_000_choice_000_frame_000,pck_object_0057,pck_object_0057_part_000,pck_object_0057_part_000_choice_000,0,0,0,0x007814,22,255,0x007816,16FF12141610FF11,12141610FF11151412FF080A1511FF10
C:/Users/MadCat/Documents/GitHub/MechwarriorRecomp/research/extract/decoded_pck/BMAPCK_TBL.decoded.bin,pck_object_0057_part_000_choice_000_frame_001,pck_object_0057,pck_object_0057_part_000,pck_object_0057_part_000_choice_000,0,0,1,0x00781C,21,20,0x00781E,151412FF080A1511,12FF080A1511FF10160C07FF80001502
C:/Users/MadCat/Documents/GitHub/MechwarriorRecomp/research/extract/decoded_pck/BMAPCK_TBL.decoded.bin,pck_object_0057_part_000_choice_000_frame_002,pck_object_0057,pck_object_0057_part_000,pck_object_0057_part_000_choice_000,0,0,2,0x007824,255,16,0x007826,FF10160C07FF8000,160C07FF800015020000000000000200
C:/Users/MadCat/Documents/GitHub/MechwarriorRecomp/research/extract/decoded_pck/BMAPCK_TBL.decoded.bin,pck_object_0057_part_000_choice_000_frame_003,pck_object_0057,pck_object_0057_part_000,pck_object_0057_part_000_choice_000,0,0,3,0x00782C,21,2,0x00782E,1502000000000000,00000000000002001800001B28000100
C:/Users/MadCat/Documents/GitHub/MechwarriorRecomp/research/extract/decoded_pck/BMAPCK_TBL.decoded.bin,pck_object_0057_part_000_choice_000_frame_004,pck_object_0057,pck_object_0057_part_000,pck_object_0057_part_000_choice_000,0,0,4,0x007834,2,0,0x007836,02001800001B2800,1800001B28000100CA00111B28000100
C:/Users/MadCat/Documents/GitHub/MechwarriorRecomp/research/extract/decoded_pck/BMAPCK_TBL.decoded.bin,pck_object_0057_part_000_choice_000_frame_005,pck_object_0057,pck_object_0057_part_000,pck_object_0057_part_000_choice_000,0,0,5,0x00783C,1,0,0x00783E,0100CA00111B2800,CA00111B280001002601D00700000100
C:/Users/MadCat/Documents/GitHub/MechwarriorRecomp/research/extract/decoded_pck/BMAPCK_TBL.decoded.bin,pck_object_0057_part_000_choice_000_frame_006,pck_object_0057,pck_object_0057_part_000,pck_object_0057_part_000_choice_000,0,0,6,0x007844,1,0,0x007846,01002601D0070000,2601D00700000100B0FF7DF847FDF900
C:/Users/MadCat/Documents/GitHub/MechwarriorRecomp/research/extract/decoded_pck/BMAPCK_TBL.decoded.bin,pck_object_0057_part_000_choice_000_frame_007,pck_object_0057,pck_object_0057_part_000,pck_object_0057_part_000_choice_000,0,0,7,0x00784C,1,0,0x00784E,0100B0FF7DF847FD,B0FF7DF847FDF9009AFE33010D01B8FE
C:/Users/MadCat/Documents/GitHub/MechwarriorRecomp/research/extract/decoded_pck/BMAPCK_TBL.decoded.bin,pck_object_0057_part_000_choice_000_frame_008,pck_object_0057,pck_object_0057_part_000,pck_object_0057_part_000_choice_000,0,0,8,0x007854,249,0,0x007856,F9009AFE33010D01,9AFE33010D01B8FEDE00F900ECFE5100
C:/Users/MadCat/Documents/GitHub/MechwarriorRecomp/research/extract/decoded_pck/BMAPCK_TBL.decoded.bin,pck_object_0057_part_000_choice_000_frame_009,pck_object_0057,pck_object_0057_part_000,pck_object_0057_part_000_choice_000,0,0,9,0x00785C,184,254,0x00785E,B8FEDE00F900ECFE,DE00F900ECFE5100BD00ECFE5100BD00
C:/Users/MadCat/Documents/GitHub/MechwarriorRecomp/research/extract/decoded_pck/BMAPCK_TBL.decoded.bin,pck_object_0057_part_000_choice_000_frame_010,pck_object_0057,pck_object_0057_part_000,pck_object_0057_part_000_choice_000,0,0,10,0x007864,81,0,0x007866,5100BD00ECFE5100,BD00ECFE5100BD0093FE450100008407
C:/Users/MadCat/Documents/GitHub/MechwarriorRecomp/research/extract/decoded_pck/BMAPCK_TBL.decoded.bin,pck_object_0057_part_000_choice_000_frame_011,pck_object_0057,pck_object_0057_part_000,pck_object_0057_part_000_choice_000,0,0,11,0x00786C,189,0,0x00786E,BD0093FE45010000,93FE450100008407BB02BE00DEFE6101
C:/Users/MadCat/Documents/GitHub/MechwarriorRecomp/research/extract/decoded_pck/BMAPCK_TBL.decoded.bin,pck_object_0057_part_000_choice_000_frame_012,pck_object_0057,pck_object_0057_part_000,pck_object_0057_part_000_choice_000,0,0,12,0x007874,132,7,0x007876,8407BB02BE00DEFE,BB02BE00DEFE6101BE0037FF6C00FA00
C:/Users/MadCat/Documents/GitHub/MechwarriorRecomp/research/extract/decoded_pck/BMAPCK_TBL.decoded.bin,pck_object_0057_part_000_choice_000_frame_013,pck_object_0057,pck_object_0057_part_000,pck_object_0057_part_000_choice_000,0,0,13,0x00787C,97,1,0x00787E,6101BE0037FF6C00,BE0037FF6C00FA0037FF6C000E0104FF
C:/Users/MadCat/Documents/GitHub/MechwarriorRecomp/research/extract/decoded_pck/BMAPCK_TBL.decoded.bin,pck_object_0057_part_000_choice_000_frame_014,pck_object_0057,pck_object_0057_part_000,pck_object_0057_part_000_choice_000,0,0,14,0x007884,250,0,0x007886,FA0037FF6C000E01,37FF6C000E0104FFF900FA00E5FE4E01
C:/Users/MadCat/Documents/GitHub/MechwarriorRecomp/research/extract/decoded_pck/BMAPCK_TBL.decoded.bin,pck_object_0057_part_000_choice_000_frame_015,pck_object_0057,pck_object_0057_part_000,pck_object_0057_part_000_choice_000,0,0,15,0x00788C,4,255,0x00788E,04FFF900FA00E5FE,F900FA00E5FE4E018E0252FD1707CF07
C:/Users/MadCat/Documents/GitHub/MechwarriorRecomp/research/extract/decoded_pck/BMAPCK_TBL.decoded.bin,pck_object_0057_part_000_choice_000_frame_016,pck_object_0057,pck_object_0057_part_000,pck_object_0057_part_000_choice_000,0,0,16,0x007894,78,1,0x007896,4E018E0252FD1707,8E0252FD1707CF0753FF9701ED074200
C:/Users/MadCat/Documents/GitHub/MechwarriorRecomp/research/extract/decoded_pck/BMAPCK_TBL.decoded.bin,pck_object_0057_part_000_choice_000_frame_017,pck_object_0057,pck_object_0057_part_000,pck_object_0057_part_000_choice_000,0,0,17,0x00789C,207,7,0x00789E,CF0753FF9701ED07,53FF9701ED074200F9FE01F818000800
C:/Users/MadCat/Documents/GitHub/MechwarriorRecomp/research/extract/decoded_pck/BMAPCK_TBL.decoded.bin,pck_object_0057_part_000_choice_000_frame_018,pck_object_0057,pck_object_0057_part_000,pck_object_0057_part_000_choice_000,0,0,18,0x0078A4,66,0,0x0078A6,4200F9FE01F81800,F9FE01F818000800D007440045FF0000
C:/Users/MadCat/Documents/GitHub/MechwarriorRecomp/research/extract/decoded_pck/BMAPCK_TBL.decoded.bin,pck_object_0057_part_000_choice_000_frame_019,pck_object_0057,pck_object_0057_part_000,pck_object_0057_part_000_choice_000,0,0,19,0x0078AC,8,0,0x0078AE,0800D007440045FF,D007440045FF0000CC0282F8EF007BFF
C:/Users/MadCat/Documents/GitHub/MechwarriorRecomp/research/extract/decoded_pck/BMAPCK_TBL.decoded.bin,pck_object_0057_part_000_choice_000_frame_020,pck_object_0057,pck_object_0057_part_000,pck_object_0057_part_000_choice_000,0,0,20,0x0078B4,0,0,0x0078B6,0000CC0282F8EF00,CC0282F8EF007BFFC6FEF000C6FFE2FE
C:/Users/MadCat/Documents/GitHub/MechwarriorRecomp/research/extract/decoded_pck/BMAPCK_TBL.decoded.bin,pck_object_0057_part_000_choice_000_frame_021,pck_object_0057,pck_object_0057_part_000,pck_object_0057_part_000_choice_000,0,0,21,0x0078BC,123,255,0x0078BE,7BFFC6FEF000C6FF,C6FEF000C6FFE2FEC800C6FFE2FEC700
C:/Users/MadCat/Documents/GitHub/MechwarriorRecomp/research/extract/decoded_pck/BMAPCK_TBL.decoded.bin,pck_object_0057_part_000_choice_000_frame_022,pck_object_0057,pck_object_0057_part_000,pck_object_0057_part_000_choice_000,0,0,22,0x0078C4,226,254,0x0078C6,E2FEC800C6FFE2FE,C800C6FFE2FEC7007BFFC6FE00007BF8
C:/Users/MadCat/Documents/GitHub/MechwarriorRecomp/research/extract/decoded_pck/BMAPCK_TBL.decoded.bin,pck_object_0057_part_000_choice_000_frame_023,pck_object_0057,pck_object_0057_part_000,pck_object_0057_part_000_choice_000,0,0,23,0x0078CC,199,0,0x0078CE,C7007BFFC6FE0000,7BFFC6FE00007BF847FD01F82900DCFF
C:/Users/MadCat/Documents/GitHub/MechwarriorRecomp/research/extract/decoded_pck/BMAPCK_TBL.decoded.bin,pck_object_0057_part_000_choice_000_frame_024,pck_object_0057,pck_object_0057_part_000,pck_object_0057_part_000_choice_000,0,0,24,0x0078D4,123,248,0x0078D6,7BF847FD01F82900,47FD01F82900DCFF00008507BA02FF07
C:/Users/MadCat/Documents/GitHub/MechwarriorRecomp/research/extract/decoded_pck/BMAPCK_TBL.decoded.bin,pck_object_0057_part_000_choice_000_frame_025,pck_object_0057,pck_object_0057_part_000,pck_object_0057_part_000_choice_000,0,0,25,0x0078DC,220,255,0x0078DE,DCFF00008507BA02,00008507BA02FF07FAFFCAFF0100CE00
C:/Users/MadCat/Documents/GitHub/MechwarriorRecomp/research/extract/decoded_pck/BMAPCK_TBL.decoded.bin,pck_object_0057_part_000_choice_000_frame_026,pck_object_0057,pck_object_0057_part_000,pck_object_0057_part_000_choice_000,0,0,26,0x0078E4,255,7,0x0078E6,FF07FAFFCAFF0100,FAFFCAFF0100CE0000000600D600BC02
C:/Users/MadCat/Documents/GitHub/MechwarriorRecomp/research/extract/decoded_pck/BMAPCK_TBL.decoded.bin,pck_object_0057_part_000_choice_000_frame_027,pck_object_0057,pck_object_0057_part_000,pck_object_0057_part_000_choice_000,0,0,27,0x0078EC,206,0,0x0078EE,CE0000000600D600,00000600D600BC028109000101010601
C:/Users/MadCat/Documents/GitHub/MechwarriorRecomp/research/extract/decoded_pck/BMAPCK_TBL.decoded.bin,pck_object_0057_part_000_choice_000_frame_028,pck_object_0057,pck_object_0057_part_000,pck_object_0057_part_000_choice_000,0,0,28,0x0078F4,188,2,0x0078F6,BC02810900010101,81090001010106018109000101070C01
C:/Users/MadCat/Documents/GitHub/MechwarriorRecomp/research/extract/decoded_pck/BMAPCK_TBL.decoded.bin,pck_object_0057_part_000_choice_000_frame_029,pck_object_0057,pck_object_0057_part_000,pck_object_0057_part_000_choice_000,0,0,29,0x0078FC,6,1,0x0078FE,0601810900010107,8109000101070C0181090000000D1201
C:/Users/MadCat/Documents/GitHub/MechwarriorRecomp/research/extract/decoded_pck/BMAPCK_TBL.decoded.bin,pck_object_0057_part_000_choice_000_frame_030,pck_object_0057,pck_object_0057_part_000,pck_object_0057_part_000_choice_000,0,0,30,0x007904,12,1,0x007906,0C0181090000000D,81090000000D120181090009090E1701
C:/Users/MadCat/Documents/GitHub/MechwarriorRecomp/research/extract/decoded_pck/BMAPCK_TBL.decoded.bin,pck_object_0057_part_000_choice_000_frame_031,pck_object_0057,pck_object_0057_part_000,pck_object_0057_part_000_choice_000,0,0,31,0x00790C,18,1,0x00790E,120181090009090E,81090009090E170181090008080F1C01
C:/Users/MadCat/Documents/GitHub/MechwarriorRecomp/research/extract/decoded_pck/BMAPCK_TBL.decoded.bin,pck_object_0057_part_000_choice_000_frame_032,pck_object_0057,pck_object_0057_part_000,pck_object_0057_part_000_choice_000,0,0,32,0x007914,23,1,0x007916,170181090008080F,81090008080F1C018109000000102101
C:/Users/MadCat/Documents/GitHub/MechwarriorRecomp/research/extract/decoded_pck/BMAPCK_TBL.decoded.bin,pck_object_0057_part_000_choice_000_frame_033,pck_object_0057,pck_object_0057_part_000,pck_object_0057_part_000_choice_000,0,0,33,0x00791C,28,1,0x00791E,1C01810900000010,81090000001021010203040506FF0809
C:/Users/MadCat/Documents/GitHub/MechwarriorRecomp/research/extract/decoded_pck/BMAPCK_TBL.decoded.bin,pck_object_0057_part_000_choice_000_frame_034,pck_object_0057,pck_object_0057_part_000,pck_object_0057_part_000_choice_000,0,0,34,0x007924,33,1,0x007926,21010203040506FF,0203040506FF08090A0B0CFF06080C02
C:/Users/MadCat/Documents/GitHub/MechwarriorRecomp/research/extract/decoded_pck/BMAPCK_TBL.decoded.bin,pck_object_0057_part_000_choice_000_frame_035,pck_object_0057,pck_object_0057_part_000,pck_object_0057_part_000_choice_000,0,0,35,0x00792C,8,9,0x00792E,08090A0B0CFF0608,0A0B0CFF06080C02FF020C0B03FF030B
C:/Users/MadCat/Documents/GitHub/MechwarriorRecomp/research/extract/decoded_pck/BMAPCK_TBL.decoded.bin,pck_object_0057_part_000_choice_000_frame_036,pck_object_0057,pck_object_0057_part_000,pck_object_0057_part_000_choice_000,0,0,36,0x007934,12,2,0x007936,0C02FF020C0B03FF,FF020C0B03FF030B0A04FF05090806FF
C:/Users/MadCat/Documents/GitHub/MechwarriorRecomp/research/extract/decoded_pck/BMAPCK_TBL.decoded.bin,pck_object_0057_part_000_choice_000_frame_037,pck_object_0057,pck_object_0057_part_000,pck_object_0057_part_000_choice_000,0,0,37,0x00793C,3,11,0x00793E,030B0A04FF050908,0A04FF05090806FF01002A0100000500
C:/Users/MadCat/Documents/GitHub/MechwarriorRecomp/research/extract/decoded_pck/BMAPCK_TBL.decoded.bin,pck_object_0057_part_000_choice_000_frame_038,pck_object_0057,pck_object_0057_part_000,pck_object_0057_part_000_choice_000,0,0,38,0x007944,6,255,0x007946,06FF01002A010000,01002A01000005003201135081080000
C:/Users/MadCat/Documents/GitHub/MechwarriorRecomp/research/extract/decoded_pck/BMAPCK_TBL.decoded.bin,pck_object_0057_part_000_choice_000_frame_039,pck_object_0057,pck_object_0057_part_000,pck_object_0057_part_000_choice_000,0,0,39,0x00794C,5,0,0x00794E,0500320113508108,320113508108000000125A0181080008
C:/Users/MadCat/Documents/GitHub/MechwarriorRecomp/research/extract/decoded_pck/BMAPCK_TBL.decoded.bin,pck_object_0057_part_000_choice_000_frame_040,pck_object_0057,pck_object_0057_part_000,pck_object_0057_part_000_choice_000,0,0,40,0x007954,0,0,0x007956,000000125A018108,00125A018108000808175F0181080000
C:/Users/MadCat/Documents/GitHub/MechwarriorRecomp/research/extract/decoded_pck/BMAPCK_TBL.decoded.bin,pck_object_0057_part_000_choice_000_frame_041,pck_object_0057,pck_object_0057_part_000,pck_object_0057_part_000_choice_000,0,0,41,0x00795C,0,8,0x00795E,000808175F018108,08175F01810800000018640181080000
C:/Users/MadCat/Documents/GitHub/MechwarriorRecomp/research/extract/decoded_pck/BMAPCK_TBL.decoded.bin,pck_object_0057_part_000_choice_000_frame_042,pck_object_0057,pck_object_0057_part_000,pck_object_0057_part_000_choice_000,0,0,42,0x007964,0,0,0x007966,0000001864018108,00186401810800000019690181080000
C:/Users/MadCat/Documents/GitHub/MechwarriorRecomp/research/extract/decoded_pck/BMAPCK_TBL.decoded.bin,pck_object_0057_part_000_choice_000_frame_043,pck_object_0057,pck_object_0057_part_000,pck_object_0057_part_000_choice_000,0,0,43,0x00796C,0,0,0x00796E,0000001969018108,0019690181080000001A6E0113141516
C:/Users/MadCat/Documents/GitHub/MechwarriorRecomp/research/extract/decoded_pck/BMAPCK_TBL.decoded.bin,pck_object_0057_part_000_choice_000_frame_044,pck_object_0057,pck_object_0057_part_000,pck_object_0057_part_000_choice_000,0,0,44,0x007974,0,0,0x007976,0000001A6E011314,001A6E0113141516FF04131605FF0516
C:/Users/MadCat/Documents/GitHub/MechwarriorRecomp/research/extract/decoded_pck/BMAPCK_TBL.decoded.bin,pck_object_0057_part_000_choice_000_frame_045,pck_object_0057,pck_object_0057_part_000,pck_object_0057_part_000_choice_000,0,0,45,0x00797C,21,22,0x00797E,1516FF04131605FF,FF04131605FF05161509FF0915140AFF
C:/Users/MadCat/Documents/GitHub/MechwarriorRecomp/research/extract/decoded_pck/BMAPCK_TBL.decoded.bin,pck_object_0057_part_000_choice_000_frame_046,pck_object_0057,pck_object_0057_part_000,pck_object_0057_part_000_choice_000,0,0,46,0x007984,5,22,0x007986,05161509FF091514,1509FF0915140AFF0A141304FF80003F
C:/Users/MadCat/Documents/GitHub/MechwarriorRecomp/research/extract/decoded_pck/BMAPCK_TBL.decoded.bin,pck_object_0057_part_000_choice_000_frame_047,pck_object_0057,pck_object_0057_part_000,pck_object_0057_part_000_choice_000,0,0,47,0x00798C,10,255,0x00798E,0AFF0A141304FF80,0A141304FF80003F0200000000000002
C:/Users/MadCat/Documents/GitHub/MechwarriorRecomp/research/extract/decoded_pck/BMAPCK_TBL.decoded.bin,pck_object_0057_part_000_choice_000_frame_048,pck_object_0057,pck_object_0057_part_000,pck_object_0057_part_000_choice_000,0,0,48,0x007994,0,63,0x007996,003F020000000000,0200000000000002001100001B210001
C:/Users/MadCat/Documents/GitHub/MechwarriorRecomp/research/extract/decoded_pck/BMAPCK_TBL.decoded.bin,pck_object_0057_part_000_choice_000_frame_049,pck_object_0057,pck_object_0057_part_000,pck_object_0057_part_000_choice_000,0,0,49,0x00799C,0,2,0x00799E,0002001100001B21,001100001B21000100C300111B210001
C:/Users/MadCat/Documents/GitHub/MechwarriorRecomp/research/extract/decoded_pck/BMAPCK_TBL.decoded.bin,pck_object_0057_part_000_choice_000_frame_050,pck_object_0057,pck_object_0057_part_000,pck_object_0057_part_000_choice_000,0,0,50,0x0079A4,0,1,0x0079A6,000100C300111B21,00C300111B210001001F01D007000001
C:/Users/MadCat/Documents/GitHub/MechwarriorRecomp/research/extract/decoded_pck/BMAPCK_TBL.decoded.bin,pck_object_0057_part_000_choice_000_frame_051,pck_object_0057,pck_object_0057_part_000,pck_object_0057_part_000_choice_000,0,0,51,0x0079AC,0,1,0x0079AE,0001001F01D00700,001F01D00700000100160020F89BFEF9
C:/Users/MadCat/Documents/GitHub/MechwarriorRecomp/research/extract/decoded_pck/BMAPCK_TBL.decoded.bin,pck_object_0057_part_000_choice_000_frame_052,pck_object_0057,pck_object_0057_part_000,pck_object_0057_part_000_choice_000,0,0,52,0x0079B4,0,1,0x0079B6,000100160020F89B,00160020F89BFEF90074FED1000D0184
C:/Users/MadCat/Documents/GitHub/MechwarriorRecomp/research/extract/decoded_pck/BMAPCK_TBL.decoded.bin,pck_object_0057_part_000_choice_000_frame_053,pck_object_0057,pck_object_0057_part_000,pck_object_0057_part_000_choice_000,0,0,53,0x0079BC,254,249,0x0079BE,FEF90074FED1000D,0074FED1000D0184FE7800F9009EFEE4
C:/Users/MadCat/Documents/GitHub/MechwarriorRecomp/research/extract/decoded_pck/BMAPCK_TBL.decoded.bin,pck_object_0057_part_000_choice_000_frame_054,pck_object_0057,pck_object_0057_part_000,pck_object_0057_part_000_choice_000,0,0,54,0x0079C4,1,132,0x0079C6,0184FE7800F9009E,FE7800F9009EFEE4FFBD009EFEE4FFBD
C:/Users/MadCat/Documents/GitHub/MechwarriorRecomp/research/extract/decoded_pck/BMAPCK_TBL.decoded.bin,pck_object_0057_part_000_choice_000_frame_055,pck_object_0057,pck_object_0057_part_000,pck_object_0057_part_000_choice_000,0,0,55,0x0079CC,254,228,0x0079CE,FEE4FFBD009EFEE4,FFBD009EFEE4FFBD0071FEE4000000E1
C:/Users/MadCat/Documents/GitHub/MechwarriorRecomp/research/extract/decoded_pck/BMAPCK_TBL.decoded.bin,pck_object_0057_part_000_choice_000_frame_056,pck_object_0057,pck_object_0057_part_000,pck_object_0057_part_000_choice_000,0,0,56,0x0079D4,255,189,0x0079D6,FFBD0071FEE40000,0071FEE4000000E1076201BE00C0FEF2
C:/Users/MadCat/Documents/GitHub/MechwarriorRecomp/research/extract/decoded_pck/BMAPCK_TBL.decoded.bin,pck_object_0057_part_000_choice_000_frame_057,pck_object_0057,pck_object_0057_part_000,pck_object_0057_part_000_choice_000,0,0,57,0x0079DC,0,225,0x0079DE,00E1076201BE00C0,076201BE00C0FEF200BE00EDFEF2FFFA
C:/Users/MadCat/Documents/GitHub/MechwarriorRecomp/research/extract/decoded_pck/BMAPCK_TBL.decoded.bin,pck_object_0057_part_000_choice_000_frame_058,pck_object_0057,pck_object_0057_part_000,pck_object_0057_part_000_choice_000,0,0,58,0x0079E4,254,242,0x0079E6,FEF200BE00EDFEF2,00BE00EDFEF2FFFA00EDFEF2FF0E01D3
C:/Users/MadCat/Documents/GitHub/MechwarriorRecomp/research/extract/decoded_pck/BMAPCK_TBL.decoded.bin,pck_object_0057_part_000_choice_000_frame_059,pck_object_0057,pck_object_0057_part_000,pck_object_0057_part_000_choice_000,0,0,59,0x0079EC,255,250,0x0079EE,FFFA00EDFEF2FF0E,00EDFEF2FF0E01D3FE8600FA00C3FEDF
C:/Users/MadCat/Documents/GitHub/MechwarriorRecomp/research/extract/decoded_pck/BMAPCK_TBL.decoded.bin,pck_object_0057_part_000_choice_000_frame_060,pck_object_0057,pck_object_0057_part_000,pck_object_0057_part_000_choice_000,0,0,60,0x0079F4,1,211,0x0079F6,01D3FE8600FA00C3,FE8600FA00C3FEDF007102A5FE7E07CF
C:/Users/MadCat/Documents/GitHub/MechwarriorRecomp/research/extract/decoded_pck/BMAPCK_TBL.decoded.bin,pck_object_0057_part_000_choice_000_frame_061,pck_object_0057,pck_object_0057_part_000,pck_object_0057_part_000_choice_000,0,0,61,0x0079FC,254,223,0x0079FE,FEDF007102A5FE7E,007102A5FE7E07CF079BFFAF01ED0716
C:/Users/MadCat/Documents/GitHub/MechwarriorRecomp/research/extract/decoded_pck/BMAPCK_TBL.decoded.bin,pck_object_0057_part_000_choice_000_frame_062,pck_object_0057,pck_object_0057_part_000,pck_object_0057_part_000_choice_000,0,0,62,0x007A04,7,207,0x007A06,07CF079BFFAF01ED,079BFFAF01ED071600F2FE01F8190004
C:/Users/MadCat/Documents/GitHub/MechwarriorRecomp/research/extract/decoded_pck/BMAPCK_TBL.decoded.bin,pck_object_0057_part_000_choice_000_frame_063,pck_object_0057,pck_object_0057_part_000,pck_object_0057_part_000_choice_000,0,0,63,0x007A0C,7,22,0x007A0E,071600F2FE01F819,00F2FE01F819000400D00722003CFF32
C:/Users/MadCat/Documents/GitHub/MechwarriorRecomp/research/extract/decoded_pck/BMAPCK_TBL.decoded.bin,pck_object_0057_part_000_choice_000_frame_064,pck_object_0057,pck_object_0057_part_000,pck_object_0057_part_000_choice_000,0,0,64,0x007A14,0,4,0x007A16,000400D00722003C,00D00722003CFF3200640120F8EF00E6
C:/Users/MadCat/Documents/GitHub/MechwarriorRecomp/research/extract/decoded_pck/BMAPCK_TBL.decoded.bin,pck_object_0057_part_000_choice_000_frame_065,pck_object_0057,pck_object_0057_part_000,pck_object_0057_part_000_choice_000,0,0,65,0x007A1C,255,50,0x007A1E,FF3200640120F8EF,00640120F8EF00E6FE47FEF00035FF55
C:/Users/MadCat/Documents/GitHub/MechwarriorRecomp/research/extract/decoded_pck/BMAPCK_TBL.decoded.bin,pck_object_0057_part_000_choice_000_frame_066,pck_object_0057,pck_object_0057_part_000,pck_object_0057_part_000_choice_000,0,0,66,0x007A24,0,230,0x007A26,00E6FE47FEF00035,FE47FEF00035FF55FEC80035FF54FEC7
C:/Users/MadCat/Documents/GitHub/MechwarriorRecomp/research/extract/decoded_pck/BMAPCK_TBL.decoded.bin,pck_object_0057_part_000_choice_000_frame_067,pck_object_0057,pck_object_0057_part_000,pck_object_0057_part_000_choice_000,0,0,67,0x007A2C,255,85,0x007A2E,FF55FEC80035FF54,FEC80035FF54FEC700E6FE47FE00001F
C:/Users/MadCat/Documents/GitHub/MechwarriorRecomp/research/extract/decoded_pck/BMAPCK_TBL.decoded.bin,pck_object_0057_part_000_choice_000_frame_068,pck_object_0057,pck_object_0057_part_000,pck_object_0057_part_000_choice_000,0,0,68,0x007A34,254,199,0x007A36,FEC700E6FE47FE00,00E6FE47FE00001FF8A1FE01F82100D5
C:/Users/MadCat/Documents/GitHub/MechwarriorRecomp/research/extract/decoded_pck/BMAPCK_TBL.decoded.bin,pck_object_0057_part_000_choice_000_frame_069,pck_object_0057,pck_object_0057_part_000,pck_object_0057_part_000_choice_000,0,0,69,0x007A3C,0,31,0x007A3E,001FF8A1FE01F821,F8A1FE01F82100D5FFF8FFE1075E01FF
C:/Users/MadCat/Documents/GitHub/MechwarriorRecomp/research/extract/decoded_pck/BMAPCK_TBL.decoded.bin,pck_object_0057_part_000_choice_000_frame_070,pck_object_0057,pck_object_0057_part_000,pck_object_0057_part_000_choice_000,0,0,70,0x007A44,0,213,0x007A46,00D5FFF8FFE1075E,FFF8FFE1075E01FF07F0FFCCFF0100C7
C:/Users/MadCat/Documents/GitHub/MechwarriorRecomp/research/extract/decoded_pck/BMAPCK_TBL.decoded.bin,pck_object_0057_part_000_choice_000_frame_071,pck_object_0057,pck_object_0057_part_000,pck_object_0057_part_000_choice_000,0,0,71,0x007A4C,1,255,0x007A4E,01FF07F0FFCCFF01,07F0FFCCFF0100C70000000600CF00BC
C:/Users/MadCat/Documents/GitHub/MechwarriorRecomp/research/extract/decoded_pck/BMAPCK_TBL.decoded.bin,pck_object_0057_part_000_choice_000_frame_072,pck_object_0057,pck_object_0057_part_000,pck_object_0057_part_000_choice_000,0,0,72,0x007A54,0,199,0x007A56,00C70000000600CF,0000000600CF00BC02810900010101FF
C:/Users/MadCat/Documents/GitHub/MechwarriorRecomp/research/extract/decoded_pck/BMAPCK_TBL.decoded.bin,pck_object_0057_part_000_choice_000_frame_073,pck_object_0057,pck_object_0057_part_000,pck_object_0057_part_000_choice_000,0,0,73,0x007A5C,0,188,0x007A5E,00BC028109000101,02810900010101FF0081090001010705
C:/Users/MadCat/Documents/GitHub/MechwarriorRecomp/research/extract/decoded_pck/BMAPCK_TBL.decoded.bin,pck_object_0057_part_000_choice_000_frame_074,pck_object_0057,pck_object_0057_part_000,pck_object_0057_part_000_choice_000,0,0,74,0x007A64,1,255,0x007A66,01FF008109000101,00810900010107050181090000000D0B
C:/Users/MadCat/Documents/GitHub/MechwarriorRecomp/research/extract/decoded_pck/BMAPCK_TBL.decoded.bin,pck_object_0057_part_000_choice_000_frame_075,pck_object_0057,pck_object_0057_part_000,pck_object_0057_part_000_choice_000,0,0,75,0x007A6C,7,5,0x007A6E,0705018109000000,0181090000000D0B0181090009090E10
C:/Users/MadCat/Documents/GitHub/MechwarriorRecomp/research/extract/decoded_pck/BMAPCK_TBL.decoded.bin,pck_object_0057_part_000_choice_000_frame_076,pck_object_0057,pck_object_0057_part_000,pck_object_0057_part_000_choice_000,0,0,76,0x007A74,13,11,0x007A76,0D0B018109000909,0181090009090E100181090008080F15
C:/Users/MadCat/Documents/GitHub/MechwarriorRecomp/research/extract/decoded_pck/BMAPCK_TBL.decoded.bin,pck_object_0057_part_000_choice_000_frame_077,pck_object_0057,pck_object_0057_part_000,pck_object_0057_part_000_choice_000,0,0,77,0x007A7C,14,16,0x007A7E,0E10018109000808,0181090008080F15018109000000101A
C:/Users/MadCat/Documents/GitHub/MechwarriorRecomp/research/extract/decoded_pck/BMAPCK_TBL.decoded.bin,pck_object_0057_part_000_choice_000_frame_078,pck_object_0057,pck_object_0057_part_000,pck_object_0057_part_000_choice_000,0,0,78,0x007A84,15,21,0x007A86,0F15018109000000,018109000000101A010203040506FF08
C:/Users/MadCat/Documents/GitHub/MechwarriorRecomp/research/extract/decoded_pck/BMAPCK_TBL.decoded.bin,pck_object_0057_part_000_choice_000_frame_079,pck_object_0057,pck_object_0057_part_000,pck_object_0057_part_000_choice_000,0,0,79,0x007A8C,16,26,0x007A8E,101A010203040506,010203040506FF08090A0B0CFF06080C
C:/Users/MadCat/Documents/GitHub/MechwarriorRecomp/research/extract/decoded_pck/BMAPCK_TBL.decoded.bin,pck_object_0057_part_000_choice_000_frame_080,pck_object_0057,pck_object_0057_part_000,pck_object_0057_part_000_choice_000,0,0,80,0x007A94,255,8,0x007A96,FF08090A0B0CFF06,090A0B0CFF06080C02FF020C0B03FF03
C:/Users/MadCat/Documents/GitHub/MechwarriorRecomp/research/extract/decoded_pck/BMAPCK_TBL.decoded.bin,pck_object_0057_part_000_choice_000_frame_081,pck_object_0057,pck_object_0057_part_000,pck_object_0057_part_000_choice_000,0,0,81,0x007A9C,8,12,0x007A9E,080C02FF020C0B03,02FF020C0B03FF030B0A04FF05090806
C:/Users/MadCat/Documents/GitHub/MechwarriorRecomp/research/extract/decoded_pck/BMAPCK_TBL.decoded.bin,pck_object_0057_part_000_choice_000_frame_082,pck_object_0057,pck_object_0057_part_000,pck_object_0057_part_000_choice_000,0,0,82,0x007AA4,255,3,0x007AA6,FF030B0A04FF0509,0B0A04FF05090806FF01002301000005
C:/Users/MadCat/Documents/GitHub/MechwarriorRecomp/research/extract/decoded_pck/BMAPCK_TBL.decoded.bin,pck_object_0057_part_000_choice_000_frame_083,pck_object_0057,pck_object_0057_part_000,pck_object_0057_part_000_choice_000,0,0,83,0x007AAC,8,6,0x007AAE,0806FF0100230100,FF01002301000005002B011350810800
C:/Users/MadCat/Documents/GitHub/MechwarriorRecomp/research/extract/decoded_pck/BMAPCK_TBL.decoded.bin,pck_object_0057_part_000_choice_000_frame_084,pck_object_0057,pck_object_0057_part_000,pck_object_0057_part_000_choice_000,0,0,84,0x007AB4,0,5,0x007AB6,0005002B01135081,002B0113508108000000125301810800
C:/Users/MadCat/Documents/GitHub/MechwarriorRecomp/research/extract/decoded_pck/BMAPCK_TBL.decoded.bin,pck_object_0057_part_000_choice_000_frame_085,pck_object_0057,pck_object_0057_part_000,pck_object_0057_part_000_choice_000,0,0,85,0x007ABC,8,0,0x007ABE,0800000012530181,00001253018108000808175801810800
C:/Users/MadCat/Documents/GitHub/MechwarriorRecomp/research/extract/decoded_pck/BMAPCK_TBL.decoded.bin,pck_object_0057_part_000_choice_000_frame_086,pck_object_0057,pck_object_0057_part_000,pck_object_0057_part_000_choice_000,0,0,86,0x007AC4,8,0,0x007AC6,0800080817580181,08081758018108000000185D01810800
C:/Users/MadCat/Documents/GitHub/MechwarriorRecomp/research/extract/decoded_pck/BMAPCK_TBL.decoded.bin,pck_object_0057_part_000_choice_000_frame_087,pck_object_0057,pck_object_0057_part_000,pck_object_0057_part_000_choice_000,0,0,87,0x007ACC,8,0,0x007ACE,08000000185D0181,0000185D018108000000196201810800
C:/Users/MadCat/Documents/GitHub/MechwarriorRecomp/research/extract/decoded_pck/BMAPCK_TBL.decoded.bin,pck_object_0057_part_000_choice_000_frame_088,pck_object_0057,pck_object_0057_part_000,pck_object_0057_part_000_choice_000,0,0,88,0x007AD4,8,0,0x007AD6,0800000019620181,000019620181080000001A6701131415
C:/Users/MadCat/Documents/GitHub/MechwarriorRecomp/research/extract/decoded_pck/BMAPCK_TBL.decoded.bin,pck_object_0057_part_000_choice_000_frame_089,pck_object_0057,pck_object_0057_part_000,pck_object_0057_part_000_choice_000,0,0,89,0x007ADC,8,0,0x007ADE,080000001A670113,00001A670113141516FF04131605FF05
C:/Users/MadCat/Documents/GitHub/MechwarriorRecomp/research/extract/decoded_pck/BMAPCK_TBL.decoded.bin,pck_object_0057_part_000_choice_000_frame_090,pck_object_0057,pck_object_0057_part_000,pck_object_0057_part_000_choice_000,0,0,90,0x007AE4,20,21,0x007AE6,141516FF04131605,16FF04131605FF05161509FF0915140A
C:/Users/MadCat/Documents/GitHub/MechwarriorRecomp/research/extract/decoded_pck/BMAPCK_TBL.decoded.bin,pck_object_0057_part_000_choice_000_frame_091,pck_object_0057,pck_object_0057_part_000,pck_object_0057_part_000_choice_000,0,0,91,0x007AEC,255,5,0x007AEE,FF05161509FF0915,161509FF0915140AFF0A141304FF8000
C:/Users/MadCat/Documents/GitHub/MechwarriorRecomp/research/extract/decoded_pck/BMAPCK_TBL.decoded.bin,pck_object_0057_part_000_choice_000_frame_092,pck_object_0057,pck_object_0057_part_000,pck_object_0057_part_000_choice_000,0,0,92,0x007AF4,20,10,0x007AF6,140AFF0A141304FF,FF0A141304FF80009F02000000000000
C:/Users/MadCat/Documents/GitHub/MechwarriorRecomp/research/extract/decoded_pck/BMAPCK_TBL.decoded.bin,pck_object_0057_part_000_choice_000_frame_093,pck_object_0057,pck_object_0057_part_000,pck_object_0057_part_000_choice_000,0,0,93,0x007AFC,128,0,0x007AFE,80009F0200000000,9F0200000000000002001A00001B2A00
C:/Users/MadCat/Documents/GitHub/MechwarriorRecomp/research/extract/decoded_pck/BMAPCK_TBL.decoded.bin,pck_object_0057_part_000_choice_000_frame_094,pck_object_0057,pck_object_0057_part_000,pck_object_0057_part_000_choice_000,0,0,94,0x007B04,0,0,0x007B06,000002001A00001B,02001A00001B2A000100CC00111B2A00
C:/Users/MadCat/Documents/GitHub/MechwarriorRecomp/research/extract/decoded_pck/BMAPCK_TBL.decoded.bin,pck_object_0057_part_000_choice_000_frame_095,pck_object_0057,pck_object_0057_part_000,pck_object_0057_part_000_choice_000,0,0,95,0x007B0C,42,0,0x007B0E,2A000100CC00111B,0100CC00111B2A0001002801D0070000
C:/Users/MadCat/Documents/GitHub/MechwarriorRecomp/research/extract/decoded_pck/BMAPCK_TBL.decoded.bin,pck_object_0057_part_000_choice_000_frame_096,pck_object_0057,pck_object_0057_part_000,pck_object_0057_part_000_choice_000,0,0,96,0x007B14,42,0,0x007B16,2A0001002801D007,01002801D00700000200B3FF21F89BFE
C:/Users/MadCat/Documents/GitHub/MechwarriorRecomp/research/extract/decoded_pck/BMAPCK_TBL.decoded.bin,pck_object_0057_part_000_choice_000_frame_097,pck_object_0057,pck_object_0057_part_000,pck_object_0057_part_000_choice_000,0,0,97,0x007B1C,0,0,0x007B1E,00000200B3FF21F8,0200B3FF21F89BFEF80042FE77000C01
C:/Users/MadCat/Documents/GitHub/MechwarriorRecomp/research/extract/decoded_pck/BMAPCK_TBL.decoded.bin,pck_object_0057_part_000_choice_000_frame_098,pck_object_0057,pck_object_0057_part_000,pck_object_0057_part_000_choice_000,0,0,98,0x007B24,155,254,0x007B26,9BFEF80042FE7700,F80042FE77000C0151FE1E00F8006CFE
C:/Users/MadCat/Documents/GitHub/MechwarriorRecomp/research/extract/decoded_pck/BMAPCK_TBL.decoded.bin,pck_object_0057_part_000_choice_000_frame_099,pck_object_0057,pck_object_0057_part_000,pck_object_0057_part_000_choice_000,0,0,99,0x007B2C,12,1,0x007B2E,0C0151FE1E00F800,51FE1E00F8006CFE8AFFBC006CFE8AFF
C:/Users/MadCat/Documents/GitHub/MechwarriorRecomp/research/extract/decoded_pck/BMAPCK_TBL.decoded.bin,pck_object_0057_part_000_choice_000_frame_100,pck_object_0057,pck_object_0057_part_000,pck_object_0057_part_000_choice_000,0,0,100,0x007B34,108,254,0x007B36,6CFE8AFFBC006CFE,8AFFBC006CFE8AFFBC003FFE8A000000
C:/Users/MadCat/Documents/GitHub/MechwarriorRecomp/research/extract/decoded_pck/BMAPCK_TBL.decoded.bin,pck_object_0057_part_000_choice_000_frame_101,pck_object_0057,pck_object_0057_part_000,pck_object_0057_part_000_choice_000,0,0,101,0x007B3C,138,255,0x007B3E,8AFFBC003FFE8A00,BC003FFE8A000000E1076201BD008DFE
C:/Users/MadCat/Documents/GitHub/MechwarriorRecomp/research/extract/decoded_pck/BMAPCK_TBL.decoded.bin,pck_object_0057_part_000_choice_000_frame_102,pck_object_0057,pck_object_0057_part_000,pck_object_0057_part_000_choice_000,0,0,102,0x007B44,0,0,0x007B46,0000E1076201BD00,E1076201BD008DFE9800BD00BAFE98FF
C:/Users/MadCat/Documents/GitHub/MechwarriorRecomp/research/extract/decoded_pck/BMAPCK_TBL.decoded.bin,pck_object_0057_part_000_choice_000_frame_103,pck_object_0057,pck_object_0057_part_000,pck_object_0057_part_000_choice_000,0,0,103,0x007B4C,141,254,0x007B4E,8DFE9800BD00BAFE,9800BD00BAFE98FFF900BAFE98FF0D01
C:/Users/MadCat/Documents/GitHub/MechwarriorRecomp/research/extract/decoded_pck/BMAPCK_TBL.decoded.bin,pck_object_0057_part_000_choice_000_frame_104,pck_object_0057,pck_object_0057_part_000,pck_object_0057_part_000_choice_000,0,0,104,0x007B54,152,255,0x007B56,98FFF900BAFE98FF,F900BAFE98FF0D01A1FE2B00F90091FE
C:/Users/MadCat/Documents/GitHub/MechwarriorRecomp/research/extract/decoded_pck/BMAPCK_TBL.decoded.bin,pck_object_0057_part_000_choice_000_frame_105,pck_object_0057,pck_object_0057_part_000,pck_object_0057_part_000_choice_000,0,0,105,0x007B5C,13,1,0x007B5E,0D01A1FE2B00F900,A1FE2B00F90091FE84009302A2FE7307
C:/Users/MadCat/Documents/GitHub/MechwarriorRecomp/research/extract/decoded_pck/BMAPCK_TBL.decoded.bin,pck_object_0057_part_000_choice_000_frame_106,pck_object_0057,pck_object_0057_part_000,pck_object_0057_part_000_choice_000,0,0,106,0x007B64,145,254,0x007B66,91FE84009302A2FE,84009302A2FE7307CF07A0FFB001ED07
C:/Users/MadCat/Documents/GitHub/MechwarriorRecomp/research/extract/decoded_pck/BMAPCK_TBL.decoded.bin,pck_object_0057_part_000_choice_000_frame_107,pck_object_0057,pck_object_0057_part_000,pck_object_0057_part_000_choice_000,0,0,107,0x007B6C,115,7,0x007B6E,7307CF07A0FFB001,CF07A0FFB001ED071200F0FE01F81900
C:/Users/MadCat/Documents/GitHub/MechwarriorRecomp/research/extract/decoded_pck/BMAPCK_TBL.decoded.bin,pck_object_0057_part_000_choice_000_frame_108,pck_object_0057,pck_object_0057_part_000,pck_object_0057_part_000_choice_000,0,0,108,0x007B74,237,7,0x007B76,ED071200F0FE01F8,1200F0FE01F819000400D00722003DFF
C:/Users/MadCat/Documents/GitHub/MechwarriorRecomp/research/extract/decoded_pck/BMAPCK_TBL.decoded.bin,pck_object_0057_part_000_choice_000_frame_109,pck_object_0057,pck_object_0057_part_000,pck_object_0057_part_000_choice_000,0,0,109,0x007B7C,25,0,0x007B7E,19000400D0072200,0400D00722003DFF00007E0124F8EF00
C:/Users/MadCat/Documents/GitHub/MechwarriorRecomp/research/extract/decoded_pck/BMAPCK_TBL.decoded.bin,pck_object_0057_part_000_choice_000_frame_110,pck_object_0057,pck_object_0057_part_000,pck_object_0057_part_000_choice_000,0,0,110,0x007B84,61,255,0x007B86,3DFF00007E0124F8,00007E0124F8EF00B4FEECFDF00003FF
C:/Users/MadCat/Documents/GitHub/MechwarriorRecomp/research/extract/decoded_pck/BMAPCK_TBL.decoded.bin,pck_object_0057_part_000_choice_000_frame_111,pck_object_0057,pck_object_0057_part_000,pck_object_0057_part_000_choice_000,0,0,111,0x007B8C,239,0,0x007B8E,EF00B4FEECFDF000,B4FEECFDF00003FFFBFDC80003FFFBFD
C:/Users/MadCat/Documents/GitHub/MechwarriorRecomp/research/extract/decoded_pck/BMAPCK_TBL.decoded.bin,pck_object_0057_part_000_choice_000_frame_112,pck_object_0057,pck_object_0057_part_000,pck_object_0057_part_000_choice_000,0,0,112,0x007B94,3,255,0x007B96,03FFFBFDC80003FF,FBFDC80003FFFBFDC700B4FEECFD0000
C:/Users/MadCat/Documents/GitHub/MechwarriorRecomp/research/extract/decoded_pck/BMAPCK_TBL.decoded.bin,pck_object_0057_part_000_choice_000_frame_113,pck_object_0057,pck_object_0057_part_000,pck_object_0057_part_000_choice_000,0,0,113,0x007B9C,251,253,0x007B9E,FBFDC700B4FEECFD,C700B4FEECFD00001FF8A2FE01F82300
C:/Users/MadCat/Documents/GitHub/MechwarriorRecomp/research/extract/decoded_pck/BMAPCK_TBL.decoded.bin,pck_object_0057_part_000_choice_000_frame_114,pck_object_0057,pck_object_0057_part_000,pck_object_0057_part_000_choice_000,0,0,114,0x007BA4,0,0,0x007BA6,00001FF8A2FE01F8,1FF8A2FE01F82300D0FF0000E0076401
C:/Users/MadCat/Documents/GitHub/MechwarriorRecomp/research/extract/decoded_pck/BMAPCK_TBL.decoded.bin,pck_object_0057_part_000_choice_000_frame_115,pck_object_0057,pck_object_0057_part_000,pck_object_0057_part_000_choice_000,0,0,115,0x007BAC,35,0,0x007BAE,2300D0FF0000E007,D0FF0000E0076401FF07F0FFD1FF0100
C:/Users/MadCat/Documents/GitHub/MechwarriorRecomp/research/extract/decoded_pck/BMAPCK_TBL.decoded.bin,pck_object_0057_part_000_choice_000_frame_116,pck_object_0057,pck_object_0057_part_000,pck_object_0057_part_000_choice_000,0,0,116,0x007BB4,100,1,0x007BB6,6401FF07F0FFD1FF,FF07F0FFD1FF0100D00000000600D800
C:/Users/MadCat/Documents/GitHub/MechwarriorRecomp/research/extract/decoded_pck/BMAPCK_TBL.decoded.bin,pck_object_0057_part_000_choice_000_frame_117,pck_object_0057,pck_object_0057_part_000,pck_object_0057_part_000_choice_000,0,0,117,0x007BBC,1,0,0x007BBE,0100D00000000600,D00000000600D800BC02810900010101
C:/Users/MadCat/Documents/GitHub/MechwarriorRecomp/research/extract/decoded_pck/BMAPCK_TBL.decoded.bin,pck_object_0057_part_000_choice_000_frame_118,pck_object_0057,pck_object_0057_part_000,pck_object_0057_part_000_choice_000,0,0,118,0x007BC4,216,0,0x007BC6,D800BC0281090001,BC028109000101010801810900010107
C:/Users/MadCat/Documents/GitHub/MechwarriorRecomp/research/extract/decoded_pck/BMAPCK_TBL.decoded.bin,pck_object_0057_part_000_choice_000_frame_119,pck_object_0057,pck_object_0057_part_000,pck_object_0057_part_000_choice_000,0,0,119,0x007BCC,1,1,0x007BCE,0101080181090001,08018109000101070E0181090000000D
C:/Users/MadCat/Documents/GitHub/MechwarriorRecomp/research/extract/decoded_pck/BMAPCK_TBL.decoded.bin,pck_object_0057_part_000_choice_000_frame_120,pck_object_0057,pck_object_0057_part_000,pck_object_0057_part_000_choice_000,0,0,120,0x007BD4,1,7,0x007BD6,01070E0181090000,0E0181090000000D140181090009090E
C:/Users/MadCat/Documents/GitHub/MechwarriorRecomp/research/extract/decoded_pck/BMAPCK_TBL.decoded.bin,pck_object_0057_part_000_choice_000_frame_121,pck_object_0057,pck_object_0057_part_000,pck_object_0057_part_000_choice_000,0,0,121,0x007BDC,0,13,0x007BDE,000D140181090009,140181090009090E190181090008080F
C:/Users/MadCat/Documents/GitHub/MechwarriorRecomp/research/extract/decoded_pck/BMAPCK_TBL.decoded.bin,pck_object_0057_part_000_choice_000_frame_122,pck_object_0057,pck_object_0057_part_000,pck_object_0057_part_000_choice_000,0,0,122,0x007BE4,9,14,0x007BE6,090E190181090008,190181090008080F1E01810900000010
C:/Users/MadCat/Documents/GitHub/MechwarriorRecomp/research/extract/decoded_pck/BMAPCK_TBL.decoded.bin,pck_object_0057_part_000_choice_000_frame_123,pck_object_0057,pck_object_0057_part_000,pck_object_0057_part_000_choice_000,0,0,123,0x007BEC,8,15,0x007BEE,080F1E0181090000,1E0181090000001023010203040506FF
C:/Users/MadCat/Documents/GitHub/MechwarriorRecomp/research/extract/decoded_pck/BMAPCK_TBL.decoded.bin,pck_object_0057_part_000_choice_000_frame_124,pck_object_0057,pck_object_0057_part_000,pck_object_0057_part_000_choice_000,0,0,124,0x007BF4,0,16,0x007BF6,0010230102030405,23010203040506FF08090A0B0CFF0608
C:/Users/MadCat/Documents/GitHub/MechwarriorRecomp/research/extract/decoded_pck/BMAPCK_TBL.decoded.bin,pck_object_0057_part_000_choice_000_frame_125,pck_object_0057,pck_object_0057_part_000,pck_object_0057_part_000_choice_000,0,0,125,0x007BFC,6,255,0x007BFE,06FF08090A0B0CFF,08090A0B0CFF06080C02FF020C0B03FF
C:/Users/MadCat/Documents/GitHub/MechwarriorRecomp/research/extract/decoded_pck/BMAPCK_TBL.decoded.bin,pck_object_0057_part_000_choice_000_frame_126,pck_object_0057,pck_object_0057_part_000,pck_object_0057_part_000_choice_000,0,0,126,0x007C04,6,8,0x007C06,06080C02FF020C0B,0C02FF020C0B03FF030B0A04FF050908
C:/Users/MadCat/Documents/GitHub/MechwarriorRecomp/research/extract/decoded_pck/BMAPCK_TBL.decoded.bin,pck_object_0057_part_000_choice_000_frame_127,pck_object_0057,pck_object_0057_part_000,pck_object_0057_part_000_choice_000,0,0,127,0x007C0C,3,255,0x007C0E,03FF030B0A04FF05,030B0A04FF05090806FF01002C010000
C:/Users/MadCat/Documents/GitHub/MechwarriorRecomp/research/extract/decoded_pck/BMAPCK_TBL.decoded.bin,pck_object_0057_part_000_choice_000_frame_128,pck_object_0057,pck_object_0057_part_000,pck_object_0057_part_000_choice_000,0,0,128,0x007C14,9,8,0x007C16,090806FF01002C01,06FF01002C0100000500340113508108
C:/Users/MadCat/Documents/GitHub/MechwarriorRecomp/research/extract/decoded_pck/BMAPCK_TBL.decoded.bin,pck_object_0057_part_000_choice_000_frame_129,pck_object_0057,pck_object_0057_part_000,pck_object_0057_part_000_choice_000,0,0,129,0x007C1C,0,0,0x007C1E,0000050034011350,0500340113508108000000125C018108
C:/Users/MadCat/Documents/GitHub/MechwarriorRecomp/research/extract/decoded_pck/BMAPCK_TBL.decoded.bin,pck_object_0057_part_000_choice_000_frame_130,pck_object_0057,pck_object_0057_part_000,pck_object_0057_part_000_choice_000,0,0,130,0x007C24,129,8,0x007C26,8108000000125C01,000000125C0181080008081761018108
C:/Users/MadCat/Documents/GitHub/MechwarriorRecomp/research/extract/decoded_pck/BMAPCK_TBL.decoded.bin,pck_object_0057_part_000_choice_000_frame_131,pck_object_0057,pck_object_0057_part_000,pck_object_0057_part_000_choice_000,0,0,131,0x007C2C,129,8,0x007C2E,8108000808176101,00080817610181080000001866018108
C:/Users/MadCat/Documents/GitHub/MechwarriorRecomp/research/extract/decoded_pck/BMAPCK_TBL.decoded.bin,pck_object_0057_part_000_choice_000_frame_132,pck_object_0057,pck_object_0057_part_000,pck_object_0057_part_000_choice_000,0,0,132,0x007C34,129,8,0x007C36,8108000000186601,0000001866018108000000196B018108
C:/Users/MadCat/Documents/GitHub/MechwarriorRecomp/research/extract/decoded_pck/BMAPCK_TBL.decoded.bin,pck_object_0057_part_000_choice_000_frame_133,pck_object_0057,pck_object_0057_part_000,pck_object_0057_part_000_choice_000,0,0,133,0x007C3C,129,8,0x007C3E,8108000000196B01,000000196B0181080000001A70011314
C:/Users/MadCat/Documents/GitHub/MechwarriorRecomp/research/extract/decoded_pck/BMAPCK_TBL.decoded.bin,pck_object_0057_part_000_choice_000_frame_134,pck_object_0057,pck_object_0057_part_000,pck_object_0057_part_000_choice_000,0,0,134,0x007C44,129,8,0x007C46,81080000001A7001,0000001A700113141516FF04131605FF
C:/Users/MadCat/Documents/GitHub/MechwarriorRecomp/research/extract/decoded_pck/BMAPCK_TBL.decoded.bin,pck_object_0057_part_000_choice_000_frame_135,pck_object_0057,pck_object_0057_part_000,pck_object_0057_part_000_choice_000,0,0,135,0x007C4C,19,20,0x007C4E,13141516FF041316,1516FF04131605FF05161509FF091514
C:/Users/MadCat/Documents/GitHub/MechwarriorRecomp/research/extract/decoded_pck/BMAPCK_TBL.decoded.bin,pck_object_0057_part_000_choice_000_frame_136,pck_object_0057,pck_object_0057_part_000,pck_object_0057_part_000_choice_000,0,0,136,0x007C54,5,255,0x007C56,05FF05161509FF09,05161509FF0915140AFF0A141304FF80
C:/Users/MadCat/Documents/GitHub/MechwarriorRecomp/research/extract/decoded_pck/BMAPCK_TBL.decoded.bin,pck_object_0057_part_000_choice_000_frame_137,pck_object_0057,pck_object_0057_part_000,pck_object_0057_part_000_choice_000,0,0,137,0x007C5C,21,20,0x007C5E,15140AFF0A141304,0AFF0A141304FF8000CF020000000000
C:/Users/MadCat/Documents/GitHub/MechwarriorRecomp/research/extract/decoded_pck/BMAPCK_TBL.decoded.bin,pck_object_0057_part_000_choice_000_frame_138,pck_object_0057,pck_object_0057_part_000,pck_object_0057_part_000_choice_000,0,0,138,0x007C64,255,128,0x007C66,FF8000CF02000000,00CF0200000000000002001300001B23
C:/Users/MadCat/Documents/GitHub/MechwarriorRecomp/research/extract/decoded_pck/BMAPCK_TBL.decoded.bin,pck_object_0057_part_000_choice_000_frame_139,pck_object_0057,pck_object_0057_part_000,pck_object_0057_part_000_choice_000,0,0,139,0x007C6C,0,0,0x007C6E,0000000200130000,0002001300001B23000100C500111B23
C:/Users/MadCat/Documents/GitHub/MechwarriorRecomp/research/extract/decoded_pck/BMAPCK_TBL.decoded.bin,pck_object_0057_part_000_choice_000_frame_140,pck_object_0057,pck_object_0057_part_000,pck_object_0057_part_000_choice_000,0,0,140,0x007C74,27,35,0x007C76,1B23000100C50011,000100C500111B230001002101D007FF
C:/Users/MadCat/Documents/GitHub/MechwarriorRecomp/research/extract/decoded_pck/BMAPCK_TBL.decoded.bin,pck_object_0057_part_000_choice_000_frame_141,pck_object_0057,pck_object_0057_part_000,pck_object_0057_part_000_choice_000,0,0,141,0x007C7C,27,35,0x007C7E,1B230001002101D0,0001002101D007FFFF0200F2FFBBF8AB
C:/Users/MadCat/Documents/GitHub/MechwarriorRecomp/research/extract/decoded_pck/BMAPCK_TBL.decoded.bin,pck_object_0057_part_000_choice_000_frame_142,pck_object_0057,pck_object_0057_part_000,pck_object_0057_part_000_choice_000,0,0,142,0x007C84,7,255,0x007C86,07FFFF0200F2FFBB,FF0200F2FFBBF8ABFCF800D3FDEDFF0C
C:/Users/MadCat/Documents/GitHub/MechwarriorRecomp/research/extract/decoded_pck/BMAPCK_TBL.decoded.bin,pck_object_0057_part_000_choice_000_frame_143,pck_object_0057,pck_object_0057_part_000,pck_object_0057_part_000_choice_000,0,0,143,0x007C8C,248,171,0x007C8E,F8ABFCF800D3FDED,FCF800D3FDEDFF0C01F8FD9CFFF80037
C:/Users/MadCat/Documents/GitHub/MechwarriorRecomp/research/extract/decoded_pck/BMAPCK_TBL.decoded.bin,pck_object_0057_part_000_choice_000_frame_144,pck_object_0057,pck_object_0057_part_000,pck_object_0057_part_000_choice_000,0,0,144,0x007C94,255,12,0x007C96,FF0C01F8FD9CFFF8,01F8FD9CFFF80037FE13FFBC0037FE13
C:/Users/MadCat/Documents/GitHub/MechwarriorRecomp/research/extract/decoded_pck/BMAPCK_TBL.decoded.bin,pck_object_0057_part_000_choice_000_frame_145,pck_object_0057,pck_object_0057_part_000,pck_object_0057_part_000_choice_000,0,0,145,0x007C9C,0,55,0x007C9E,0037FE13FFBC0037,FE13FFBC0037FE13FFBC00C9FDFFFF00
C:/Users/MadCat/Documents/GitHub/MechwarriorRecomp/research/extract/decoded_pck/BMAPCK_TBL.decoded.bin,pck_object_0057_part_000_choice_000_frame_146,pck_object_0057,pck_object_0057_part_000,pck_object_0057_part_000_choice_000,0,0,146,0x007CA4,254,19,0x007CA6,FE13FFBC00C9FDFF,FFBC00C9FDFFFF000041075D03BD0013
C:/Users/MadCat/Documents/GitHub/MechwarriorRecomp/research/extract/decoded_pck/BMAPCK_TBL.decoded.bin,pck_object_0057_part_000_choice_000_frame_147,pck_object_0057,pck_object_0057_part_000,pck_object_0057_part_000_choice_000,0,0,147,0x007CAC,255,0,0x007CAE,FF000041075D03BD,0041075D03BD0013FE2100BE0080FE36
C:/Users/MadCat/Documents/GitHub/MechwarriorRecomp/research/extract/decoded_pck/BMAPCK_TBL.decoded.bin,pck_object_0057_part_000_choice_000_frame_148,pck_object_0057,pck_object_0057_part_000,pck_object_0057_part_000_choice_000,0,0,148,0x007CB4,0,19,0x007CB6,0013FE2100BE0080,FE2100BE0080FE36FFFA0080FE36FF0D
C:/Users/MadCat/Documents/GitHub/MechwarriorRecomp/research/extract/decoded_pck/BMAPCK_TBL.decoded.bin,pck_object_0057_part_000_choice_000_frame_149,pck_object_0057,pck_object_0057_part_000,pck_object_0057_part_000_choice_000,0,0,149,0x007CBC,254,54,0x007CBE,FE36FFFA0080FE36,FFFA0080FE36FF0D0140FEBEFFF9001B
C:/Users/MadCat/Documents/GitHub/MechwarriorRecomp/research/extract/decoded_pck/BMAPCK_TBL.decoded.bin,pck_object_0057_part_000_choice_000_frame_150,pck_object_0057,pck_object_0057_part_000,pck_object_0057_part_000_choice_000,0,0,150,0x007CC4,255,13,0x007CC6,FF0D0140FEBEFFF9,0140FEBEFFF9001BFE0F007E02CDFCE4
C:/Users/MadCat/Documents/GitHub/MechwarriorRecomp/research/extract/decoded_pck/BMAPCK_TBL.decoded.bin,pck_object_0057_part_000_choice_000_frame_151,pck_object_0057,pck_object_0057_part_000,pck_object_0057_part_000_choice_000,0,0,151,0x007CCC,0,27,0x007CCE,001BFE0F007E02CD,FE0F007E02CDFCE406CD072AFF8B01EF
C:/Users/MadCat/Documents/GitHub/MechwarriorRecomp/research/extract/decoded_pck/BMAPCK_TBL.decoded.bin,pck_object_0057_part_000_choice_000_frame_152,pck_object_0057,pck_object_0057_part_000,pck_object_0057_part_000_choice_000,0,0,152,0x007CD4,252,228,0x007CD6,FCE406CD072AFF8B,06CD072AFF8B01EF0756000DFF01F831
C:/Users/MadCat/Documents/GitHub/MechwarriorRecomp/research/extract/decoded_pck/BMAPCK_TBL.decoded.bin,pck_object_0057_part_000_choice_000_frame_153,pck_object_0057,pck_object_0057_part_000,pck_object_0057_part_000_choice_000,0,0,153,0x007CDC,1,239,0x007CDE,01EF0756000DFF01,0756000DFF01F831000E00D00753004D
C:/Users/MadCat/Documents/GitHub/MechwarriorRecomp/research/extract/decoded_pck/BMAPCK_TBL.decoded.bin,pck_object_0057_part_000_choice_000_frame_154,pck_object_0057,pck_object_0057_part_000,pck_object_0057_part_000_choice_000,0,0,154,0x007CE4,248,49,0x007CE6,F831000E00D00753,000E00D00753004DFF00006A03C5F8EF
C:/Users/MadCat/Documents/GitHub/MechwarriorRecomp/research/extract/decoded_pck/BMAPCK_TBL.decoded.bin,pck_object_0057_part_000_choice_000_frame_155,pck_object_0057,pck_object_0057_part_000,pck_object_0057_part_000_choice_000,0,0,155,0x007CEC,0,77,0x007CEE,004DFF00006A03C5,FF00006A03C5F8EF00E8FE96FDF00030
C:/Users/MadCat/Documents/GitHub/MechwarriorRecomp/research/extract/decoded_pck/BMAPCK_TBL.decoded.bin,pck_object_0057_part_000_choice_000_frame_156,pck_object_0057,pck_object_0057_part_000,pck_object_0057_part_000_choice_000,0,0,156,0x007CF4,248,239,0x007CF6,F8EF00E8FE96FDF0,00E8FE96FDF00030FFB8FDC80030FFB8
C:/Users/MadCat/Documents/GitHub/MechwarriorRecomp/research/extract/decoded_pck/BMAPCK_TBL.decoded.bin,pck_object_0057_part_000_choice_000_frame_157,pck_object_0057,pck_object_0057_part_000,pck_object_0057_part_000_choice_000,0,0,157,0x007CFC,0,48,0x007CFE,0030FFB8FDC80030,FFB8FDC80030FFB8FDC700E8FE96FD00
C:/Users/MadCat/Documents/GitHub/MechwarriorRecomp/research/extract/decoded_pck/BMAPCK_TBL.decoded.bin,pck_object_0057_part_000_choice_000_frame_158,pck_object_0057,pck_object_0057_part_000,pck_object_0057_part_000_choice_000,0,0,158,0x007D04,255,184,0x007D06,FFB8FDC700E8FE96,FDC700E8FE96FD0000BFF8A2FC01F82E
C:/Users/MadCat/Documents/GitHub/MechwarriorRecomp/research/extract/decoded_pck/BMAPCK_TBL.decoded.bin,pck_object_0057_part_000_choice_000_frame_159,pck_object_0057,pck_object_0057_part_000,pck_object_0057_part_000_choice_000,0,0,159,0x007D0C,253,0,0x007D0E,FD0000BFF8A2FC01,00BFF8A2FC01F82E00DBFF0000440758
C:/Users/MadCat/Documents/GitHub/MechwarriorRecomp/research/extract/decoded_pck/BMAPCK_TBL.decoded.bin,pck_object_0057_part_000_choice_000_frame_160,pck_object_0057,pck_object_0057_part_000,pck_object_0057_part_000_choice_000,0,0,160,0x007D14,248,46,0x007D16,F82E00DBFF000044,00DBFF000044075803FF07FEFFCAFF01
C:/Users/MadCat/Documents/GitHub/MechwarriorRecomp/research/extract/decoded_pck/BMAPCK_TBL.decoded.bin,pck_object_0057_part_000_choice_000_frame_161,pck_object_0057,pck_object_0057_part_000,pck_object_0057_part_000_choice_000,0,0,161,0x007D1C,7,88,0x007D1E,075803FF07FEFFCA,03FF07FEFFCAFF0100C90000000600D1
C:/Users/MadCat/Documents/GitHub/MechwarriorRecomp/research/extract/decoded_pck/BMAPCK_TBL.decoded.bin,pck_object_0057_part_000_choice_000_frame_162,pck_object_0057,pck_object_0057_part_000,pck_object_0057_part_000_choice_000,0,0,162,0x007D24,255,1,0x007D26,FF0100C900000006,00C90000000600D100BC028109000101
C:/Users/MadCat/Documents/GitHub/MechwarriorRecomp/research/extract/decoded_pck/BMAPCK_TBL.decoded.bin,pck_object_0057_part_000_choice_000_frame_163,pck_object_0057,pck_object_0057_part_000,pck_object_0057_part_000_choice_000,0,0,163,0x007D2C,0,209,0x007D2E,00D100BC02810900,00BC0281090001010101018109000101
C:/Users/MadCat/Documents/GitHub/MechwarriorRecomp/research/extract/decoded_pck/BMAPCK_TBL.decoded.bin,pck_object_0057_part_000_choice_000_frame_164,pck_object_0057,pck_object_0057_part_000,pck_object_0057_part_000_choice_000,0,0,164,0x007D34,1,1,0x007D36,0101010101810900,01010181090001010707018109000000
C:/Users/MadCat/Documents/GitHub/MechwarriorRecomp/research/extract/decoded_pck/BMAPCK_TBL.decoded.bin,pck_object_0057_part_000_choice_000_frame_165,pck_object_0057,pck_object_0057_part_000,pck_object_0057_part_000_choice_000,0,0,165,0x007D3C,1,1,0x007D3E,0101070701810900,07070181090000000D0D018109000909
C:/Users/MadCat/Documents/GitHub/MechwarriorRecomp/research/extract/decoded_pck/BMAPCK_TBL.decoded.bin,pck_object_0057_part_000_choice_000_frame_166,pck_object_0057,pck_object_0057_part_000,pck_object_0057_part_000_choice_000,0,0,166,0x007D44,0,0,0x007D46,00000D0D01810900,0D0D0181090009090E12018109000808
C:/Users/MadCat/Documents/GitHub/MechwarriorRecomp/research/extract/decoded_pck/BMAPCK_TBL.decoded.bin,pck_object_0057_part_000_choice_000_frame_167,pck_object_0057,pck_object_0057_part_000,pck_object_0057_part_000_choice_000,0,0,167,0x007D4C,9,9,0x007D4E,09090E1201810900,0E120181090008080F17018109000000
C:/Users/MadCat/Documents/GitHub/MechwarriorRecomp/research/extract/decoded_pck/BMAPCK_TBL.decoded.bin,pck_object_0057_part_000_choice_000_frame_168,pck_object_0057,pck_object_0057_part_000,pck_object_0057_part_000_choice_000,0,0,168,0x007D54,8,8,0x007D56,08080F1701810900,0F17018109000000101C010203040506
C:/Users/MadCat/Documents/GitHub/MechwarriorRecomp/research/extract/decoded_pck/BMAPCK_TBL.decoded.bin,pck_object_0057_part_000_choice_000_frame_169,pck_object_0057,pck_object_0057_part_000,pck_object_0057_part_000_choice_000,0,0,169,0x007D5C,0,0,0x007D5E,0000101C01020304,101C010203040506FF08090A0B0CFF06
C:/Users/MadCat/Documents/GitHub/MechwarriorRecomp/research/extract/decoded_pck/BMAPCK_TBL.decoded.bin,pck_object_0057_part_000_choice_000_frame_170,pck_object_0057,pck_object_0057_part_000,pck_object_0057_part_000_choice_000,0,0,170,0x007D64,5,6,0x007D66,0506FF08090A0B0C,FF08090A0B0CFF06080C02FF020C0B03
C:/Users/MadCat/Documents/GitHub/MechwarriorRecomp/research/extract/decoded_pck/BMAPCK_TBL.decoded.bin,pck_object_0057_part_000_choice_000_frame_171,pck_object_0057,pck_object_0057_part_000,pck_object_0057_part_000_choice_000,0,0,171,0x007D6C,255,6,0x007D6E,FF06080C02FF020C,080C02FF020C0B03FF030B0A04FF0509
C:/Users/MadCat/Documents/GitHub/MechwarriorRecomp/research/extract/decoded_pck/BMAPCK_TBL.decoded.bin,pck_object_0057_part_000_choice_000_frame_172,pck_object_0057,pck_object_0057_part_000,pck_object_0057_part_000_choice_000,0,0,172,0x007D74,11,3,0x007D76,0B03FF030B0A04FF,FF030B0A04FF05090806FF0100250100
C:/Users/MadCat/Documents/GitHub/MechwarriorRecomp/research/extract/decoded_pck/BMAPCK_TBL.decoded.bin,pck_object_0057_part_000_choice_000_frame_173,pck_object_0057,pck_object_0057_part_000,pck_object_0057_part_000_choice_000,0,0,173,0x007D7C,5,9,0x007D7E,05090806FF010025,0806FF01002501000005002D01135081
C:/Users/MadCat/Documents/GitHub/MechwarriorRecomp/research/extract/decoded_pck/BMAPCK_TBL.decoded.bin,pck_object_0057_part_000_choice_000_frame_174,pck_object_0057,pck_object_0057_part_000,pck_object_0057_part_000_choice_000,0,0,174,0x007D84,1,0,0x007D86,01000005002D0113,0005002D011350810800000012550181
C:/Users/MadCat/Documents/GitHub/MechwarriorRecomp/research/extract/decoded_pck/BMAPCK_TBL.decoded.bin,pck_object_0057_part_000_choice_000_frame_175,pck_object_0057,pck_object_0057_part_000,pck_object_0057_part_000_choice_000,0,0,175,0x007D8C,80,129,0x007D8E,5081080000001255,080000001255018108000808175A0181
C:/Users/MadCat/Documents/GitHub/MechwarriorRecomp/research/extract/decoded_pck/BMAPCK_TBL.decoded.bin,pck_object_0057_part_000_choice_000_frame_176,pck_object_0057,pck_object_0057_part_000,pck_object_0057_part_000_choice_000,0,0,176,0x007D94,1,129,0x007D96,018108000808175A,08000808175A018108000000185F0181
C:/Users/MadCat/Documents/GitHub/MechwarriorRecomp/research/extract/decoded_pck/BMAPCK_TBL.decoded.bin,pck_object_0057_part_000_choice_000_frame_177,pck_object_0057,pck_object_0057_part_000,pck_object_0057_part_000_choice_000,0,0,177,0x007D9C,1,129,0x007D9E,018108000000185F,08000000185F01810800000019640181
C:/Users/MadCat/Documents/GitHub/MechwarriorRecomp/research/extract/decoded_pck/BMAPCK_TBL.decoded.bin,pck_object_0057_part_000_choice_000_frame_178,pck_object_0057,pck_object_0057_part_000,pck_object_0057_part_000_choice_000,0,0,178,0x007DA4,1,129,0x007DA6,0181080000001964,0800000019640181080000001A690113
C:/Users/MadCat/Documents/GitHub/MechwarriorRecomp/research/extract/decoded_pck/BMAPCK_TBL.decoded.bin,pck_object_0057_part_000_choice_000_frame_179,pck_object_0057,pck_object_0057_part_000,pck_object_0057_part_000_choice_000,0,0,179,0x007DAC,1,129,0x007DAE,0181080000001A69,080000001A690113141516FF04131605
C:/Users/MadCat/Documents/GitHub/MechwarriorRecomp/research/extract/decoded_pck/BMAPCK_TBL.decoded.bin,pck_object_0057_part_000_choice_000_frame_180,pck_object_0057,pck_object_0057_part_000,pck_object_0057_part_000_choice_000,0,0,180,0x007DB4,1,19,0x007DB6,0113141516FF0413,141516FF04131605FF05161509FF0915
C:/Users/MadCat/Documents/GitHub/MechwarriorRecomp/research/extract/decoded_pck/BMAPCK_TBL.decoded.bin,pck_object_0057_part_000_choice_000_frame_181,pck_object_0057,pck_object_0057_part_000,pck_object_0057_part_000_choice_000,0,0,181,0x007DBC,22,5,0x007DBE,1605FF05161509FF,FF05161509FF0915140AFF0A141304FF
C:/Users/MadCat/Documents/GitHub/MechwarriorRecomp/research/extract/decoded_pck/BMAPCK_TBL.decoded.bin,pck_object_0057_part_000_choice_000_frame_182,pck_object_0057,pck_object_0057_part_000,pck_object_0057_part_000_choice_000,0,0,182,0x007DC4,9,21,0x007DC6,0915140AFF0A1413,140AFF0A141304FF8000CA0300000000
C:/Users/MadCat/Documents/GitHub/MechwarriorRecomp/research/extract/decoded_pck/BMAPCK_TBL.decoded.bin,pck_object_0057_part_000_choice_000_frame_183,pck_object_0057,pck_object_0057_part_000,pck_object_0057_part_000_choice_000,0,0,183,0x007DCC,4,255,0x007DCE,04FF8000CA030000,8000CA0300000000000002001C00001B
C:/Users/MadCat/Documents/GitHub/MechwarriorRecomp/research/extract/decoded_pck/BMAPCK_TBL.decoded.bin,pck_object_0057_part_000_choice_000_frame_184,pck_object_0057,pck_object_0057_part_000,pck_object_0057_part_000_choice_000,0,0,184,0x007DD4,0,0,0x007DD6,0000000002001C00,000002001C00001B2C000100CE00111B
C:/Users/MadCat/Documents/GitHub/MechwarriorRecomp/research/extract/decoded_pck/BMAPCK_TBL.decoded.bin,pck_object_0057_part_000_choice_000_frame_185,pck_object_0057,pck_object_0057_part_000,pck_object_0057_part_000_choice_000,0,0,185,0x007DDC,0,27,0x007DDE,001B2C000100CE00,2C000100CE00111B2C0001002A01D007
C:/Users/MadCat/Documents/GitHub/MechwarriorRecomp/research/extract/decoded_pck/BMAPCK_TBL.decoded.bin,pck_object_0057_part_000_choice_000_frame_186,pck_object_0057,pck_object_0057_part_000,pck_object_0057_part_000_choice_000,0,0,186,0x007DE4,17,27,0x007DE6,111B2C0001002A01,2C0001002A01D00700000000F7FF4DFF
C:/Users/MadCat/Documents/GitHub/MechwarriorRecomp/research/extract/decoded_pck/BMAPCK_TBL.decoded.bin,pck_object_0057_part_000_choice_000_frame_187,pck_object_0057,pck_object_0057_part_000,pck_object_0057_part_000_choice_000,0,0,187,0x007DEC,208,7,0x007DEE,D00700000000F7FF,00000000F7FF4DFF08F8F900CAFC41FE
C:/Users/MadCat/Documents/GitHub/MechwarriorRecomp/research/extract/decoded_pck/BMAPCK_TBL.decoded.bin,pck_object_0057_part_000_choice_000_frame_188,pck_object_0057,pck_object_0057_part_000,pck_object_0057_part_000_choice_000,0,0,188,0x007DF4,77,255,0x007DF6,4DFF08F8F900CAFC,08F8F900CAFC41FE0D0124FD39FEF900
C:/Users/MadCat/Documents/GitHub/MechwarriorRecomp/research/extract/decoded_pck/BMAPCK_TBL.decoded.bin,pck_object_0057_part_000_choice_000_frame_189,pck_object_0057,pck_object_0057_part_000,pck_object_0057_part_000_choice_000,0,0,189,0x007DFC,65,254,0x007DFE,41FE0D0124FD39FE,0D0124FD39FEF900B9FD2CFEBD00B9FD
C:/Users/MadCat/Documents/GitHub/MechwarriorRecomp/research/extract/decoded_pck/BMAPCK_TBL.decoded.bin,pck_object_0057_part_000_choice_000_frame_190,pck_object_0057,pck_object_0057_part_000,pck_object_0057_part_000_choice_000,0,0,190,0x007E04,249,0,0x007E06,F900B9FD2CFEBD00,B9FD2CFEBD00B9FD2CFEBD00B6FC43FE
C:/Users/MadCat/Documents/GitHub/MechwarriorRecomp/research/extract/decoded_pck/BMAPCK_TBL.decoded.bin,pck_object_0057_part_000_choice_000_frame_191,pck_object_0057,pck_object_0057_part_000,pck_object_0057_part_000_choice_000,0,0,191,0x007E0C,185,253,0x007E0E,B9FD2CFEBD00B6FC,2CFEBD00B6FC43FE0000AD00F807BE00
C:/Users/MadCat/Documents/GitHub/MechwarriorRecomp/research/extract/decoded_pck/BMAPCK_TBL.decoded.bin,pck_object_0057_part_000_choice_000_frame_192,pck_object_0057,pck_object_0057_part_000,pck_object_0057_part_000_choice_000,0,0,192,0x007E14,67,254,0x007E16,43FE0000AD00F807,0000AD00F807BE00BDFC92FEBE00C0FD
C:/Users/MadCat/Documents/GitHub/MechwarriorRecomp/research/extract/decoded_pck/BMAPCK_TBL.decoded.bin,pck_object_0057_part_000_choice_000_frame_193,pck_object_0057,pck_object_0057_part_000,pck_object_0057_part_000_choice_000,0,0,193,0x007E1C,190,0,0x007E1E,BE00BDFC92FEBE00,BDFC92FEBE00C0FD7CFEFA00C0FD7CFE
C:/Users/MadCat/Documents/GitHub/MechwarriorRecomp/research/extract/decoded_pck/BMAPCK_TBL.decoded.bin,pck_object_0057_part_000_choice_000_frame_194,pck_object_0057,pck_object_0057_part_000,pck_object_0057_part_000_choice_000,0,0,194,0x007E24,192,253,0x007E26,C0FD7CFEFA00C0FD,7CFEFA00C0FD7CFE0E012BFD89FEFA00
C:/Users/MadCat/Documents/GitHub/MechwarriorRecomp/research/extract/decoded_pck/BMAPCK_TBL.decoded.bin,pck_object_0057_part_000_choice_000_frame_195,pck_object_0057,pck_object_0057_part_000,pck_object_0057_part_000_choice_000,0,0,195,0x007E2C,124,254,0x007E2E,7CFE0E012BFD89FE,0E012BFD89FEFA00D1FC91FE880271F8
C:/Users/MadCat/Documents/GitHub/MechwarriorRecomp/research/extract/decoded_pck/BMAPCK_TBL.decoded.bin,pck_object_0057_part_000_choice_000_frame_196,pck_object_0057,pck_object_0057_part_000,pck_object_0057_part_000_choice_000,0,0,196,0x007E34,250,0,0x007E36,FA00D1FC91FE8802,D1FC91FE880271F8A300CF0745FE0D00
C:/Users/MadCat/Documents/GitHub/MechwarriorRecomp/research/extract/decoded_pck/BMAPCK_TBL.decoded.bin,pck_object_0057_part_000_choice_000_frame_197,pck_object_0057,pck_object_0057_part_000,pck_object_0057_part_000_choice_000,0,0,197,0x007E3C,113,248,0x007E3E,71F8A300CF0745FE,A300CF0745FE0D00ED070C01D0FF01F8
C:/Users/MadCat/Documents/GitHub/MechwarriorRecomp/research/extract/decoded_pck/BMAPCK_TBL.decoded.bin,pck_object_0057_part_000_choice_000_frame_198,pck_object_0057,pck_object_0057_part_000,pck_object_0057_part_000_choice_000,0,0,198,0x007E44,13,0,0x007E46,0D00ED070C01D0FF,ED070C01D0FF01F802001900D007C700
C:/Users/MadCat/Documents/GitHub/MechwarriorRecomp/research/extract/decoded_pck/BMAPCK_TBL.decoded.bin,pck_object_0057_part_000_choice_000_frame_199,pck_object_0057,pck_object_0057_part_000,pck_object_0057_part_000_choice_000,0,0,199,0x007E4C,1,248,0x007E4E,01F802001900D007,02001900D007C700EEFF0000F8074EFF
C:/Users/MadCat/Documents/GitHub/MechwarriorRecomp/research/extract/decoded_pck/BMAPCK_TBL.decoded.bin,pck_object_0057_part_000_choice_000_frame_200,pck_object_0057,pck_object_0057_part_000,pck_object_0057_part_000_choice_000,0,0,200,0x007E54,199,0,0x007E56,C700EEFF0000F807,EEFF0000F8074EFFEF005CFF07FEF000
C:/Users/MadCat/Documents/GitHub/MechwarriorRecomp/research/extract/decoded_pck/BMAPCK_TBL.decoded.bin,pck_object_0057_part_000_choice_000_frame_201,pck_object_0057,pck_object_0057_part_000,pck_object_0057_part_000_choice_000,0,0,201,0x007E5C,78,255,0x007E5E,4EFFEF005CFF07FE,EF005CFF07FEF00063FF57FEC80063FF
C:/Users/MadCat/Documents/GitHub/MechwarriorRecomp/research/extract/decoded_pck/BMAPCK_TBL.decoded.bin,pck_object_0057_part_000_choice_000_frame_202,pck_object_0057,pck_object_0057_part_000,pck_object_0057_part_000_choice_000,0,0,202,0x007E64,240,0,0x007E66,F00063FF57FEC800,63FF57FEC80063FF57FEC7005CFF07FE
C:/Users/MadCat/Documents/GitHub/MechwarriorRecomp/research/extract/decoded_pck/BMAPCK_TBL.decoded.bin,pck_object_0057_part_000_choice_000_frame_203,pck_object_0057,pck_object_0057_part_000,pck_object_0057_part_000_choice_000,0,0,203,0x007E6C,99,255,0x007E6E,63FF57FEC7005CFF,57FEC7005CFF07FE00004CFF08F801F8
C:/Users/MadCat/Documents/GitHub/MechwarriorRecomp/research/extract/decoded_pck/BMAPCK_TBL.decoded.bin,pck_object_0057_part_000_choice_000_frame_204,pck_object_0057,pck_object_0057_part_000,pck_object_0057_part_000_choice_000,0,0,204,0x007E74,7,254,0x007E76,07FE00004CFF08F8,00004CFF08F801F8320015000000B400
C:/Users/MadCat/Documents/GitHub/MechwarriorRecomp/research/extract/decoded_pck/BMAPCK_TBL.decoded.bin,pck_object_0057_part_000_choice_000_frame_205,pck_object_0057,pck_object_0057_part_000,pck_object_0057_part_000_choice_000,0,0,205,0x007E7C,1,248,0x007E7E,01F8320015000000,320015000000B400F807FF072E00E3FF
C:/Users/MadCat/Documents/GitHub/MechwarriorRecomp/research/extract/decoded_pck/BMAPCK_TBL.decoded.bin,pck_object_0057_part_000_choice_000_frame_206,pck_object_0057,pck_object_0057_part_000,pck_object_0057_part_000_choice_000,0,0,206,0x007E84,180,0,0x007E86,B400F807FF072E00,F807FF072E00E3FF0100D20000000600
C:/Users/MadCat/Documents/GitHub/MechwarriorRecomp/research/extract/decoded_pck/BMAPCK_TBL.decoded.bin,pck_object_0057_part_000_choice_000_frame_207,pck_object_0057,pck_object_0057_part_000,pck_object_0057_part_000_choice_000,0,0,207,0x007E8C,227,255,0x007E8E,E3FF0100D2000000,0100D20000000600DA00BC0281090001
C:/Users/MadCat/Documents/GitHub/MechwarriorRecomp/research/extract/decoded_pck/BMAPCK_TBL.decoded.bin,pck_object_0057_part_000_choice_000_frame_208,pck_object_0057,pck_object_0057_part_000,pck_object_0057_part_000_choice_000,0,0,208,0x007E94,6,0,0x007E96,0600DA00BC028109,DA00BC028109000101010A0181090001
C:/Users/MadCat/Documents/GitHub/MechwarriorRecomp/research/extract/decoded_pck/BMAPCK_TBL.decoded.bin,pck_object_0057_part_000_choice_000_frame_209,pck_object_0057,pck_object_0057_part_000,pck_object_0057_part_000_choice_000,0,0,209,0x007E9C,0,1,0x007E9E,000101010A018109,01010A01810900010107100181090000
C:/Users/MadCat/Documents/GitHub/MechwarriorRecomp/research/extract/decoded_pck/BMAPCK_TBL.decoded.bin,pck_object_0057_part_000_choice_000_frame_210,pck_object_0057,pck_object_0057_part_000,pck_object_0057_part_000_choice_000,0,0,210,0x007EA4,0,1,0x007EA6,0001010710018109,0107100181090000000D160181090009
C:/Users/MadCat/Documents/GitHub/MechwarriorRecomp/research/extract/decoded_pck/BMAPCK_TBL.decoded.bin,pck_object_0057_part_000_choice_000_frame_211,pck_object_0057,pck_object_0057_part_000,pck_object_0057_part_000_choice_000,0,0,211,0x007EAC,0,0,0x007EAE,0000000D16018109,000D160181090009090E1B0181090008
C:/Users/MadCat/Documents/GitHub/MechwarriorRecomp/research/extract/decoded_pck/BMAPCK_TBL.decoded.bin,pck_object_0060_part_001_choice_000_frame_000,pck_object_0060,pck_object_0060_part_001,pck_object_0060_part_001_choice_000,1,0,0,0x007E93,0,6,0x007E95,000600DA00BC0281,00DA00BC028109000101010A01810900
C:/Users/MadCat/Documents/GitHub/MechwarriorRecomp/research/extract/decoded_pck/BMAPCK_TBL.decoded.bin,pck_object_0063_part_000_choice_000_frame_000,pck_object_0063,pck_object_0063_part_000,pck_object_0063_part_000_choice_000,0,0,0,0x007ECF,255,8,0x007ED1,FF08090A0B0CFF06,090A0B0CFF06080C02FF020C0B03FF03
C:/Users/MadCat/Documents/GitHub/MechwarriorRecomp/research/extract/decoded_pck/BMAPCK_TBL.decoded.bin,pck_object_0063_part_000_choice_000_frame_001,pck_object_0063,pck_object_0063_part_000,pck_object_0063_part_000_choice_000,0,0,1,0x007ED7,8,12,0x007ED9,080C02FF020C0B03,02FF020C0B03FF030B0A04FF05090806
C:/Users/MadCat/Documents/GitHub/MechwarriorRecomp/research/extract/decoded_pck/BMAPCK_TBL.decoded.bin,pck_object_0063_part_000_choice_000_frame_002,pck_object_0063,pck_object_0063_part_000,pck_object_0063_part_000_choice_000,0,0,2,0x007EDF,255,3,0x007EE1,FF030B0A04FF0509,0B0A04FF05090806FF01002E01000005
C:/Users/MadCat/Documents/GitHub/MechwarriorRecomp/research/extract/decoded_pck/BMAPCK_TBL.decoded.bin,pck_object_0063_part_000_choice_000_frame_003,pck_object_0063,pck_object_0063_part_000,pck_object_0063_part_000_choice_000,0,0,3,0x007EE7,8,6,0x007EE9,0806FF01002E0100,FF01002E010000050036011350810800
C:/Users/MadCat/Documents/GitHub/MechwarriorRecomp/research/extract/decoded_pck/BMAPCK_TBL.decoded.bin,pck_object_0063_part_000_choice_000_frame_004,pck_object_0063,pck_object_0063_part_000,pck_object_0063_part_000_choice_000,0,0,4,0x007EEF,0,5,0x007EF1,0005003601135081,00360113508108000000125E01810800
C:/Users/MadCat/Documents/GitHub/MechwarriorRecomp/research/extract/decoded_pck/BMAPCK_TBL.decoded.bin,pck_object_0063_part_000_choice_000_frame_005,pck_object_0063,pck_object_0063_part_000,pck_object_0063_part_000_choice_000,0,0,5,0x007EF7,8,0,0x007EF9,08000000125E0181,0000125E018108000808176301810800
C:/Users/MadCat/Documents/GitHub/MechwarriorRecomp/research/extract/decoded_pck/BMAPCK_TBL.decoded.bin,pck_object_0063_part_000_choice_000_frame_006,pck_object_0063,pck_object_0063_part_000,pck_object_0063_part_000_choice_000,0,0,6,0x007EFF,8,0,0x007F01,0800080817630181,08081763018108000000186801810800
C:/Users/MadCat/Documents/GitHub/MechwarriorRecomp/research/extract/decoded_pck/BMAPCK_TBL.decoded.bin,pck_object_0063_part_000_choice_000_frame_007,pck_object_0063,pck_object_0063_part_000,pck_object_0063_part_000_choice_000,0,0,7,0x007F07,8,0,0x007F09,0800000018680181,00001868018108000000196D01810800
C:/Users/MadCat/Documents/GitHub/MechwarriorRecomp/research/extract/decoded_pck/BMAPCK_TBL.decoded.bin,pck_object_0063_part_000_choice_000_frame_008,pck_object_0063,pck_object_0063_part_000,pck_object_0063_part_000_choice_000,0,0,8,0x007F0F,8,0,0x007F11,08000000196D0181,0000196D0181080000001A7201131415
C:/Users/MadCat/Documents/GitHub/MechwarriorRecomp/research/extract/decoded_pck/BMAPCK_TBL.decoded.bin,pck_object_0063_part_000_choice_000_frame_009,pck_object_0063,pck_object_0063_part_000,pck_object_0063_part_000_choice_000,0,0,9,0x007F17,8,0,0x007F19,080000001A720113,00001A720113141516FF04131605FF05
C:/Users/MadCat/Documents/GitHub/MechwarriorRecomp/research/extract/decoded_pck/BMAPCK_TBL.decoded.bin,pck_object_0063_part_000_choice_000_frame_010,pck_object_0063,pck_object_0063_part_000,pck_object_0063_part_000_choice_000,0,0,10,0x007F1F,20,21,0x007F21,141516FF04131605,16FF04131605FF05161509FF0915140A
C:/Users/MadCat/Documents/GitHub/MechwarriorRecomp/research/extract/decoded_pck/BMAPCK_TBL.decoded.bin,pck_object_0063_part_000_choice_000_frame_011,pck_object_0063,pck_object_0063_part_000,pck_object_0063_part_000_choice_000,0,0,11,0x007F27,255,5,0x007F29,FF05161509FF0915,161509FF0915140AFF0A141304FF8000
C:/Users/MadCat/Documents/GitHub/MechwarriorRecomp/research/extract/decoded_pck/BMAPCK_TBL.decoded.bin,pck_object_0063_part_000_choice_000_frame_012,pck_object_0063,pck_object_0063_part_000,pck_object_0063_part_000_choice_000,0,0,12,0x007F2F,20,10,0x007F31,140AFF0A141304FF,FF0A141304FF80002502000000000000
C:/Users/MadCat/Documents/GitHub/MechwarriorRecomp/research/extract/decoded_pck/BMAPCK_TBL.decoded.bin,pck_object_0063_part_000_choice_000_frame_013,pck_object_0063,pck_object_0063_part_000,pck_object_0063_part_000_choice_000,0,0,13,0x007F37,128,0,0x007F39,8000250200000000,25020000000000000300150000282D00
C:/Users/MadCat/Documents/GitHub/MechwarriorRecomp/research/extract/decoded_pck/BMAPCK_TBL.decoded.bin,pck_object_0063_part_000_choice_000_frame_014,pck_object_0063,pck_object_0063_part_000,pck_object_0063_part_000_choice_000,0,0,14,0x007F3F,0,0,0x007F41,0000030015000028,0300150000282D0001001D0111282D00
C:/Users/MadCat/Documents/GitHub/MechwarriorRecomp/research/extract/decoded_pck/BMAPCK_TBL.decoded.bin,pck_object_0063_part_000_choice_000_frame_015,pck_object_0063,pck_object_0063_part_000,pck_object_0063_part_000_choice_000,0,0,15,0x007F47,45,0,0x007F49,2D0001001D011128,01001D0111282D00010079011C282D00
C:/Users/MadCat/Documents/GitHub/MechwarriorRecomp/research/extract/decoded_pck/BMAPCK_TBL.decoded.bin,pck_object_0063_part_000_choice_000_frame_016,pck_object_0063,pck_object_0063_part_000,pck_object_0063_part_000_choice_000,0,0,16,0x007F4F,45,0,0x007F51,2D00010079011C28,010079011C282D000100B90112FD8D00
C:/Users/MadCat/Documents/GitHub/MechwarriorRecomp/research/extract/decoded_pck/BMAPCK_TBL.decoded.bin,pck_object_0063_part_000_choice_000_frame_017,pck_object_0063,pck_object_0063_part_000,pck_object_0063_part_000_choice_000,0,0,17,0x007F57,45,0,0x007F59,2D000100B90112FD,0100B90112FD8D00F1FF01F80D000F00
C:/Users/MadCat/Documents/GitHub/MechwarriorRecomp/research/extract/decoded_pck/BMAPCK_TBL.decoded.bin,pck_object_0063_part_000_choice_000_frame_018,pck_object_0063,pck_object_0063_part_000,pck_object_0063_part_000_choice_000,0,0,18,0x007F5F,141,0,0x007F61,8D00F1FF01F80D00,F1FF01F80D000F0076FF5DFFBFFF75FF
C:/Users/MadCat/Documents/GitHub/MechwarriorRecomp/research/extract/decoded_pck/BMAPCK_TBL.decoded.bin,pck_object_0063_part_000_choice_000_frame_019,pck_object_0063,pck_object_0063_part_000,pck_object_0063_part_000_choice_000,0,0,19,0x007F67,15,0,0x007F69,0F0076FF5DFFBFFF,76FF5DFFBFFF75FF11FF7EFF75FF88FF
C:/Users/MadCat/Documents/GitHub/MechwarriorRecomp/research/extract/decoded_pck/BMAPCK_TBL.decoded.bin,pck_object_0063_part_000_choice_000_frame_020,pck_object_0063,pck_object_0063_part_000,pck_object_0063_part_000_choice_000,0,0,20,0x007F6F,117,255,0x007F71,75FF11FF7EFF75FF,11FF7EFF75FF88FF10FF77FFD8FF2EFF
C:/Users/MadCat/Documents/GitHub/MechwarriorRecomp/research/extract/decoded_pck/BMAPCK_TBL.decoded.bin,pck_object_0063_part_000_choice_000_frame_021,pck_object_0063,pck_object_0063_part_000,pck_object_0063_part_000_choice_000,0,0,21,0x007F77,136,255,0x007F79,88FF10FF77FFD8FF,10FF77FFD8FF2EFF77FF90FFA8FFFF07
C:/Users/MadCat/Documents/GitHub/MechwarriorRecomp/research/extract/decoded_pck/BMAPCK_TBL.decoded.bin,pck_object_0063_part_000_choice_000_frame_022,pck_object_0063,pck_object_0063_part_000,pck_object_0063_part_000_choice_000,0,0,22,0x007F7F,46,255,0x007F81,2EFF77FF90FFA8FF,77FF90FFA8FFFF07D7FFE8FFCEFF90FF
C:/Users/MadCat/Documents/GitHub/MechwarriorRecomp/research/extract/decoded_pck/BMAPCK_TBL.decoded.bin,pck_object_0063_part_000_choice_000_frame_023,pck_object_0063,pck_object_0063_part_000,pck_object_0063_part_000_choice_000,0,0,23,0x007F87,255,7,0x007F89,FF07D7FFE8FFCEFF,D7FFE8FFCEFF90FFA8FFCEFFD8FF2EFF
C:/Users/MadCat/Documents/GitHub/MechwarriorRecomp/research/extract/decoded_pck/BMAPCK_TBL.decoded.bin,pck_object_0063_part_000_choice_000_frame_024,pck_object_0063,pck_object_0063_part_000,pck_object_0063_part_000_choice_000,0,0,24,0x007F8F,144,255,0x007F91,90FFA8FFCEFFD8FF,A8FFCEFFD8FF2EFFCCFF88FF10FFCCFF
C:/Users/MadCat/Documents/GitHub/MechwarriorRecomp/research/extract/decoded_pck/BMAPCK_TBL.decoded.bin,pck_object_0063_part_000_choice_000_frame_025,pck_object_0063,pck_object_0063_part_000,pck_object_0063_part_000_choice_000,0,0,25,0x007F97,46,255,0x007F99,2EFFCCFF88FF10FF,CCFF88FF10FFCCFF11FF7EFFCDFF5DFF
C:/Users/MadCat/Documents/GitHub/MechwarriorRecomp/research/extract/decoded_pck/BMAPCK_TBL.decoded.bin,pck_object_0063_part_000_choice_000_frame_026,pck_object_0063,pck_object_0063_part_000,pck_object_0063_part_000_choice_000,0,0,26,0x007F9F,204,255,0x007FA1,CCFF11FF7EFFCDFF,11FF7EFFCDFF5DFFBFFF000049034A07
C:/Users/MadCat/Documents/GitHub/MechwarriorRecomp/research/extract/decoded_pck/BMAPCK_TBL.decoded.bin,pck_object_0063_part_000_choice_000_frame_027,pck_object_0063,pck_object_0063_part_000,pck_object_0063_part_000_choice_000,0,0,27,0x007FA7,93,255,0x007FA9,5DFFBFFF00004903,BFFF000049034A070000CDFA14060000
C:/Users/MadCat/Documents/GitHub/MechwarriorRecomp/research/extract/decoded_pck/BMAPCK_TBL.decoded.bin,pck_object_0063_part_000_choice_000_frame_028,pck_object_0063,pck_object_0063_part_000,pck_object_0063_part_000_choice_000,0,0,28,0x007FAF,74,7,0x007FB1,4A070000CDFA1406,0000CDFA1406000092FA21FA0000E306
C:/Users/MadCat/Documents/GitHub/MechwarriorRecomp/research/extract/decoded_pck/BMAPCK_TBL.decoded.bin,pck_object_0063_part_000_choice_000_frame_029,pck_object_0063,pck_object_0063_part_000,pck_object_0063_part_000_choice_000,0,0,29,0x007FB7,0,0,0x007FB9,000092FA21FA0000,92FA21FA0000E30610040CFEB30036FF
C:/Users/MadCat/Documents/GitHub/MechwarriorRecomp/research/extract/decoded_pck/BMAPCK_TBL.decoded.bin,pck_object_0063_part_000_choice_000_frame_030,pck_object_0063,pck_object_0063_part_000,pck_object_0063_part_000_choice_000,0,0,30,0x007FBF,227,6,0x007FC1,E30610040CFEB300,10040CFEB30036FF01F81200070076FF
C:/Users/MadCat/Documents/GitHub/MechwarriorRecomp/research/extract/decoded_pck/BMAPCK_TBL.decoded.bin,pck_object_0063_part_000_choice_000_frame_031,pck_object_0063,pck_object_0063_part_000,pck_object_0063_part_000_choice_000,0,0,31,0x007FC7,54,255,0x007FC9,36FF01F812000700,01F81200070076FF88FF10FF76FFD8FF
C:/Users/MadCat/Documents/GitHub/MechwarriorRecomp/research/extract/decoded_pck/BMAPCK_TBL.decoded.bin,pck_object_0063_part_000_choice_000_frame_032,pck_object_0063,pck_object_0063_part_000,pck_object_0063_part_000_choice_000,0,0,32,0x007FCF,118,255,0x007FD1,76FF88FF10FF76FF,88FF10FF76FFD8FF3EFE77FF46003EFE
C:/Users/MadCat/Documents/GitHub/MechwarriorRecomp/research/extract/decoded_pck/BMAPCK_TBL.decoded.bin,pck_object_0063_part_000_choice_000_frame_033,pck_object_0063,pck_object_0063_part_000,pck_object_0063_part_000_choice_000,0,0,33,0x007FD7,216,255,0x007FD9,D8FF3EFE77FF4600,3EFE77FF46003EFEFF07EEFFF8FFCEFF
C:/Users/MadCat/Documents/GitHub/MechwarriorRecomp/research/extract/decoded_pck/BMAPCK_TBL.decoded.bin,pck_object_0063_part_000_choice_000_frame_034,pck_object_0063,pck_object_0063_part_000,pck_object_0063_part_000_choice_000,0,0,34,0x007FDF,62,254,0x007FE1,3EFEFF07EEFFF8FF,FF07EEFFF8FFCEFF46003EFECDFFD8FF
C:/Users/MadCat/Documents/GitHub/MechwarriorRecomp/research/extract/decoded_pck/BMAPCK_TBL.decoded.bin,pck_object_0063_part_000_choice_000_frame_035,pck_object_0063,pck_object_0063_part_000,pck_object_0063_part_000_choice_000,0,0,35,0x007FE7,206,255,0x007FE9,CEFF46003EFECDFF,46003EFECDFFD8FF3EFECDFF88FF10FF
C:/Users/MadCat/Documents/GitHub/MechwarriorRecomp/research/extract/decoded_pck/BMAPCK_TBL.decoded.bin,pck_object_0063_part_000_choice_000_frame_036,pck_object_0063,pck_object_0063_part_000,pck_object_0063_part_000_choice_000,0,0,36,0x007FEF,216,255,0x007FF1,D8FF3EFECDFF88FF,3EFECDFF88FF10FF000087F827FD0000
C:/Users/MadCat/Documents/GitHub/MechwarriorRecomp/research/extract/decoded_pck/BMAPCK_TBL.decoded.bin,pck_object_0063_part_000_choice_000_frame_037,pck_object_0063,pck_object_0063_part_000,pck_object_0063_part_000_choice_000,0,0,37,0x007FF7,16,255,0x007FF9,10FF000087F827FD,000087F827FD0000450755036AFF0000
C:/Users/MadCat/Documents/GitHub/MechwarriorRecomp/research/extract/decoded_pck/BMAPCK_TBL.decoded.bin,pck_object_0063_part_000_choice_000_frame_038,pck_object_0063,pck_object_0063_part_000,pck_object_0063_part_000_choice_000,0,0,38,0x007FFF,0,0,0x008001,0000450755036AFF,450755036AFF00000CFE0000D1030707
C:/Users/MadCat/Documents/GitHub/MechwarriorRecomp/research/extract/decoded_pck/BMAPCK_TBL.decoded.bin,pck_object_0063_part_000_choice_000_frame_039,pck_object_0063,pck_object_0063_part_000,pck_object_0063_part_000_choice_000,0,0,39,0x008007,0,0,0x008009,00000CFE0000D103,0CFE0000D10307075EFFA2000CFEE7FF
C:/Users/MadCat/Documents/GitHub/MechwarriorRecomp/research/extract/decoded_pck/BMAPCK_TBL.decoded.bin,pck_object_0063_part_000_choice_000_frame_040,pck_object_0063,pck_object_0063_part_000,pck_object_0063_part_000_choice_000,0,0,40,0x00800F,7,7,0x008011,07075EFFA2000CFE,5EFFA2000CFEE7FFA2000CFE27070000
C:/Users/MadCat/Documents/GitHub/MechwarriorRecomp/research/extract/decoded_pck/BMAPCK_TBL.decoded.bin,pck_object_0063_part_000_choice_000_frame_041,pck_object_0063,pck_object_0063_part_000,pck_object_0063_part_000_choice_000,0,0,41,0x008017,231,255,0x008019,E7FFA2000CFE2707,A2000CFE270700009303E7FFB5FF0CFE
C:/Users/MadCat/Documents/GitHub/MechwarriorRecomp/research/extract/decoded_pck/BMAPCK_TBL.decoded.bin,pck_object_0063_part_000_choice_000_frame_042,pck_object_0063,pck_object_0063_part_000,pck_object_0063_part_000_choice_000,0,0,42,0x00801F,0,0,0x008021,00009303E7FFB5FF,9303E7FFB5FF0CFECEFFD8FF3EFED9F8
C:/Users/MadCat/Documents/GitHub/MechwarriorRecomp/research/extract/decoded_pck/BMAPCK_TBL.decoded.bin,pck_object_0063_part_000_choice_000_frame_043,pck_object_0063,pck_object_0063_part_000,pck_object_0063_part_000_choice_000,0,0,43,0x008027,12,254,0x008029,0CFECEFFD8FF3EFE,CEFFD8FF3EFED9F80000930377FFD8FF
C:/Users/MadCat/Documents/GitHub/MechwarriorRecomp/research/extract/decoded_pck/BMAPCK_TBL.decoded.bin,pck_object_0063_part_000_choice_000_frame_044,pck_object_0063,pck_object_0063_part_000,pck_object_0063_part_000_choice_000,0,0,44,0x00802F,217,248,0x008031,D9F80000930377FF,0000930377FFD8FF3EFE5EFFB5FF0CFE
C:/Users/MadCat/Documents/GitHub/MechwarriorRecomp/research/extract/decoded_pck/BMAPCK_TBL.decoded.bin,pck_object_0063_part_000_choice_000_frame_045,pck_object_0063,pck_object_0063_part_000,pck_object_0063_part_000_choice_000,0,0,45,0x008037,216,255,0x008039,D8FF3EFE5EFFB5FF,3EFE5EFFB5FF0CFE000073F996040000
C:/Users/MadCat/Documents/GitHub/MechwarriorRecomp/research/extract/decoded_pck/BMAPCK_TBL.decoded.bin,pck_object_0063_part_000_choice_000_frame_046,pck_object_0063,pck_object_0063_part_000,pck_object_0063_part_000_choice_000,0,0,46,0x00803F,12,254,0x008041,0CFE000073F99604,000073F996040000000000F801002101
C:/Users/MadCat/Documents/GitHub/MechwarriorRecomp/research/extract/decoded_pck/BMAPCK_TBL.decoded.bin,pck_object_0063_part_000_choice_000_frame_047,pck_object_0063,pck_object_0063_part_000,pck_object_0063_part_000_choice_000,0,0,47,0x008047,0,0,0x008049,0000000000F80100,000000F8010021010000060029010000
C:/Users/MadCat/Documents/GitHub/MechwarriorRecomp/research/extract/decoded_pck/BMAPCK_TBL.decoded.bin,pck_object_0063_part_000_choice_000_frame_048,pck_object_0063,pck_object_0063_part_000,pck_object_0063_part_000_choice_000,0,0,48,0x00804F,33,1,0x008051,2101000006002901,00000600290100008107070000015901
C:/Users/MadCat/Documents/GitHub/MechwarriorRecomp/research/extract/decoded_pck/BMAPCK_TBL.decoded.bin,pck_object_0063_part_000_choice_000_frame_049,pck_object_0063,pck_object_0063_part_000,pck_object_0063_part_000_choice_000,0,0,49,0x008057,0,0,0x008059,0000810707000001,81070700000159018108080808075F01
C:/Users/MadCat/Documents/GitHub/MechwarriorRecomp/research/extract/decoded_pck/BMAPCK_TBL.decoded.bin,pck_object_0063_part_000_choice_000_frame_050,pck_object_0063,pck_object_0063_part_000,pck_object_0063_part_000_choice_000,0,0,50,0x00805F,89,1,0x008061,5901810808080807,8108080808075F01810C0C00000D6501
C:/Users/MadCat/Documents/GitHub/MechwarriorRecomp/research/extract/decoded_pck/BMAPCK_TBL.decoded.bin,pck_object_0063_part_000_choice_000_frame_051,pck_object_0063,pck_object_0063_part_000,pck_object_0063_part_000_choice_000,0,0,51,0x008067,95,1,0x008069,5F01810C0C00000D,810C0C00000D6501810F0F00000E6A01
C:/Users/MadCat/Documents/GitHub/MechwarriorRecomp/research/extract/decoded_pck/BMAPCK_TBL.decoded.bin,pck_object_0063_part_000_choice_000_frame_052,pck_object_0063,pck_object_0063_part_000,pck_object_0063_part_000_choice_000,0,0,52,0x00806F,101,1,0x008071,6501810F0F00000E,810F0F00000E6A0181080808080F6F01
C:/Users/MadCat/Documents/GitHub/MechwarriorRecomp/research/extract/decoded_pck/BMAPCK_TBL.decoded.bin,pck_object_0063_part_000_choice_000_frame_053,pck_object_0063,pck_object_0063_part_000,pck_object_0063_part_000_choice_000,0,0,53,0x008077,106,1,0x008079,6A0181080808080F,81080808080F6F018104040808107401
C:/Users/MadCat/Documents/GitHub/MechwarriorRecomp/research/extract/decoded_pck/BMAPCK_TBL.decoded.bin,pck_object_0063_part_000_choice_000_frame_054,pck_object_0063,pck_object_0063_part_000,pck_object_0063_part_000_choice_000,0,0,54,0x00807F,111,1,0x008081,6F01810404080810,81040408081074010203040506FF0809
C:/Users/MadCat/Documents/GitHub/MechwarriorRecomp/research/extract/decoded_pck/BMAPCK_TBL.decoded.bin,pck_object_0063_part_000_choice_000_frame_055,pck_object_0063,pck_object_0063_part_000,pck_object_0063_part_000_choice_000,0,0,55,0x008087,116,1,0x008089,74010203040506FF,0203040506FF08090A0B0CFF06080C02
C:/Users/MadCat/Documents/GitHub/MechwarriorRecomp/research/extract/decoded_pck/BMAPCK_TBL.decoded.bin,pck_object_0063_part_000_choice_000_frame_056,pck_object_0063,pck_object_0063_part_000,pck_object_0063_part_000_choice_000,0,0,56,0x00808F,8,9,0x008091,08090A0B0CFF0608,0A0B0CFF06080C02FF020C0B03FF030B
C:/Users/MadCat/Documents/GitHub/MechwarriorRecomp/research/extract/decoded_pck/BMAPCK_TBL.decoded.bin,pck_object_0063_part_000_choice_000_frame_057,pck_object_0063,pck_object_0063_part_000,pck_object_0063_part_000_choice_000,0,0,57,0x008097,12,2,0x008099,0C02FF020C0B03FF,FF020C0B03FF030B0A04FF05090806FF
C:/Users/MadCat/Documents/GitHub/MechwarriorRecomp/research/extract/decoded_pck/BMAPCK_TBL.decoded.bin,pck_object_0063_part_000_choice_000_frame_058,pck_object_0063,pck_object_0063_part_000,pck_object_0063_part_000_choice_000,0,0,58,0x00809F,3,11,0x0080A1,030B0A04FF050908,0A04FF05090806FF01007D0100000400
C:/Users/MadCat/Documents/GitHub/MechwarriorRecomp/research/extract/decoded_pck/BMAPCK_TBL.decoded.bin,pck_object_0063_part_000_choice_000_frame_059,pck_object_0063,pck_object_0063_part_000,pck_object_0063_part_000_choice_000,0,0,59,0x0080A7,6,255,0x0080A9,06FF01007D010000,01007D0100000400850103FF81080808
C:/Users/MadCat/Documents/GitHub/MechwarriorRecomp/research/extract/decoded_pck/BMAPCK_TBL.decoded.bin,pck_object_0063_part_000_choice_000_frame_060,pck_object_0063,pck_object_0063_part_000,pck_object_0063_part_000_choice_000,0,0,60,0x0080AF,4,0,0x0080B1,0400850103FF8108,850103FF810808080812A50181000000
C:/Users/MadCat/Documents/GitHub/MechwarriorRecomp/research/extract/decoded_pck/BMAPCK_TBL.decoded.bin,pck_object_0063_part_000_choice_000_frame_061,pck_object_0063,pck_object_0063_part_000,pck_object_0063_part_000_choice_000,0,0,61,0x0080B7,8,8,0x0080B9,08080812A5018100,0812A501810000000016AA0181040401
C:/Users/MadCat/Documents/GitHub/MechwarriorRecomp/research/extract/decoded_pck/BMAPCK_TBL.decoded.bin,pck_object_0063_part_000_choice_000_frame_062,pck_object_0063,pck_object_0063_part_000,pck_object_0063_part_000_choice_000,0,0,62,0x0080BF,0,0,0x0080C1,00000016AA018104,0016AA0181040401011AAF0181070701
C:/Users/MadCat/Documents/GitHub/MechwarriorRecomp/research/extract/decoded_pck/BMAPCK_TBL.decoded.bin,pck_object_0063_part_000_choice_000_frame_063,pck_object_0063,pck_object_0063_part_000,pck_object_0063_part_000_choice_000,0,0,63,0x0080C7,4,1,0x0080C9,0401011AAF018107,011AAF0181070701011BB40113141505
C:/Users/MadCat/Documents/GitHub/MechwarriorRecomp/research/extract/decoded_pck/BMAPCK_TBL.decoded.bin,pck_object_0063_part_000_choice_000_frame_064,pck_object_0063,pck_object_0063_part_000,pck_object_0063_part_000_choice_000,0,0,64,0x0080CF,7,1,0x0080D1,0701011BB4011314,011BB40113141505FF09171819FF1319
C:/Users/MadCat/Documents/GitHub/MechwarriorRecomp/research/extract/decoded_pck/BMAPCK_TBL.decoded.bin,pck_object_0063_part_000_choice_000_frame_065,pck_object_0063,pck_object_0063_part_000,pck_object_0063_part_000_choice_000,0,0,65,0x0080D7,21,5,0x0080D9,1505FF09171819FF,FF09171819FF13191814FF15170905FF
C:/Users/MadCat/Documents/GitHub/MechwarriorRecomp/research/extract/decoded_pck/BMAPCK_TBL.decoded.bin,pck_object_0063_part_000_choice_000_frame_066,pck_object_0063,pck_object_0063_part_000,pck_object_0063_part_000_choice_000,0,0,66,0x0080DF,19,25,0x0080E1,13191814FF151709,1814FF15170905FF0100BD0100000500
C:/Users/MadCat/Documents/GitHub/MechwarriorRecomp/research/extract/decoded_pck/BMAPCK_TBL.decoded.bin,pck_object_0063_part_000_choice_000_frame_067,pck_object_0063,pck_object_0063_part_000,pck_object_0063_part_000_choice_000,0,0,67,0x0080E7,5,255,0x0080E9,05FF0100BD010000,0100BD0100000500C501811781000000
C:/Users/MadCat/Documents/GitHub/MechwarriorRecomp/research/extract/decoded_pck/BMAPCK_TBL.decoded.bin,pck_object_0063_part_000_choice_000_frame_068,pck_object_0063,pck_object_0063_part_000,pck_object_0063_part_000_choice_000,0,0,68,0x0080EF,5,0,0x0080F1,0500C50181178100,C501811781000000001DED0181000000
C:/Users/MadCat/Documents/GitHub/MechwarriorRecomp/research/extract/decoded_pck/BMAPCK_TBL.decoded.bin,pck_object_0063_part_000_choice_000_frame_069,pck_object_0063,pck_object_0063_part_000,pck_object_0063_part_000_choice_000,0,0,69,0x0080F7,0,0,0x0080F9,0000001DED018100,001DED01810000000020F20181000000
C:/Users/MadCat/Documents/GitHub/MechwarriorRecomp/research/extract/decoded_pck/BMAPCK_TBL.decoded.bin,pck_object_0063_part_000_choice_000_frame_070,pck_object_0063,pck_object_0063_part_000,pck_object_0063_part_000_choice_000,0,0,70,0x0080FF,0,0,0x008101,00000020F2018100,0020F201810000000023F70181000000
C:/Users/MadCat/Documents/GitHub/MechwarriorRecomp/research/extract/decoded_pck/BMAPCK_TBL.decoded.bin,pck_object_0063_part_000_choice_000_frame_071,pck_object_0063,pck_object_0063_part_000,pck_object_0063_part_000_choice_000,0,0,71,0x008107,0,0,0x008109,00000023F7018100,0023F701810000000026FC0181000000
C:/Users/MadCat/Documents/GitHub/MechwarriorRecomp/research/extract/decoded_pck/BMAPCK_TBL.decoded.bin,pck_object_0063_part_000_choice_000_frame_072,pck_object_0063,pck_object_0063_part_000,pck_object_0063_part_000_choice_000,0,0,72,0x00810F,0,0,0x008111,00000026FC018100,0026FC018100000000270102151E1F17
C:/Users/MadCat/Documents/GitHub/MechwarriorRecomp/research/extract/decoded_pck/BMAPCK_TBL.decoded.bin,pck_object_0063_part_000_choice_000_frame_073,pck_object_0063,pck_object_0063_part_000,pck_object_0063_part_000_choice_000,0,0,73,0x008117,0,0,0x008119,000000270102151E,00270102151E1F17FF171F2122FF1E15
C:/Users/MadCat/Documents/GitHub/MechwarriorRecomp/research/extract/decoded_pck/BMAPCK_TBL.decoded.bin,pck_object_0063_part_000_choice_000_frame_074,pck_object_0063,pck_object_0063_part_000,pck_object_0063_part_000_choice_000,0,0,74,0x00811F,31,23,0x008121,1F17FF171F2122FF,FF171F2122FF1E152425FF24222125FF
C:/Users/MadCat/Documents/GitHub/MechwarriorRecomp/research/extract/decoded_pck/BMAPCK_TBL.decoded.bin,pck_object_0063_part_000_choice_000_frame_075,pck_object_0063,pck_object_0063_part_000,pck_object_0063_part_000_choice_000,0,0,75,0x008127,30,21,0x008129,1E152425FF242221,2425FF24222125FF25211F1EFF800025
C:/Users/MadCat/Documents/GitHub/MechwarriorRecomp/research/extract/decoded_pck/BMAPCK_TBL.decoded.bin,pck_object_0063_part_000_choice_000_frame_076,pck_object_0063,pck_object_0063_part_000,pck_object_0063_part_000_choice_000,0,0,76,0x00812F,37,255,0x008131,25FF25211F1EFF80,25211F1EFF8000250200000000000003
C:/Users/MadCat/Documents/GitHub/MechwarriorRecomp/research/extract/decoded_pck/BMAPCK_TBL.decoded.bin,pck_object_0063_part_000_choice_000_frame_077,pck_object_0063,pck_object_0063_part_000,pck_object_0063_part_000_choice_000,0,0,77,0x008137,0,37,0x008139,0025020000000000,020000000000000300140000282C0001
C:/Users/MadCat/Documents/GitHub/MechwarriorRecomp/research/extract/decoded_pck/BMAPCK_TBL.decoded.bin,pck_object_0063_part_000_choice_000_frame_078,pck_object_0063,pck_object_0063_part_000,pck_object_0063_part_000_choice_000,0,0,78,0x00813F,0,3,0x008141,000300140000282C,00140000282C0001001C0111282C0001
C:/Users/MadCat/Documents/GitHub/MechwarriorRecomp/research/extract/decoded_pck/BMAPCK_TBL.decoded.bin,pck_object_0063_part_000_choice_000_frame_079,pck_object_0063,pck_object_0063_part_000,pck_object_0063_part_000_choice_000,0,0,79,0x008147,0,1,0x008149,0001001C0111282C,001C0111282C00010078011C282C0001
C:/Users/MadCat/Documents/GitHub/MechwarriorRecomp/research/extract/decoded_pck/BMAPCK_TBL.decoded.bin,pck_object_0063_part_000_choice_000_frame_080,pck_object_0063,pck_object_0063_part_000,pck_object_0063_part_000_choice_000,0,0,80,0x00814F,0,1,0x008151,00010078011C282C,0078011C282C000100B80112FD75004D
C:/Users/MadCat/Documents/GitHub/MechwarriorRecomp/research/extract/decoded_pck/BMAPCK_TBL.decoded.bin,pck_object_0063_part_000_choice_000_frame_081,pck_object_0063,pck_object_0063_part_000,pck_object_0063_part_000_choice_000,0,0,81,0x008157,0,1,0x008159,000100B80112FD75,00B80112FD75004D0001F80000140074
C:/Users/MadCat/Documents/GitHub/MechwarriorRecomp/research/extract/decoded_pck/BMAPCK_TBL.decoded.bin,pck_object_0063_part_000_choice_000_frame_082,pck_object_0063,pck_object_0063_part_000,pck_object_0063_part_000_choice_000,0,0,82,0x00815F,0,77,0x008161,004D0001F8000014,0001F80000140074FFB9FE3AFF73FFA8
C:/Users/MadCat/Documents/GitHub/MechwarriorRecomp/research/extract/decoded_pck/BMAPCK_TBL.decoded.bin,pck_object_0063_part_000_choice_000_frame_083,pck_object_0063,pck_object_0063_part_000,pck_object_0063_part_000_choice_000,0,0,83,0x008167,0,116,0x008169,0074FFB9FE3AFF73,FFB9FE3AFF73FFA8FED7FE73FF42FFD4
C:/Users/MadCat/Documents/GitHub/MechwarriorRecomp/research/extract/decoded_pck/BMAPCK_TBL.decoded.bin,pck_object_0063_part_000_choice_000_frame_084,pck_object_0063,pck_object_0063_part_000,pck_object_0063_part_000_choice_000,0,0,84,0x00816F,255,168,0x008171,FFA8FED7FE73FF42,FED7FE73FF42FFD4FE76FF7EFF10FF75
C:/Users/MadCat/Documents/GitHub/MechwarriorRecomp/research/extract/decoded_pck/BMAPCK_TBL.decoded.bin,pck_object_0063_part_000_choice_000_frame_085,pck_object_0063,pck_object_0063_part_000,pck_object_0063_part_000_choice_000,0,0,85,0x008177,255,212,0x008179,FFD4FE76FF7EFF10,FE76FF7EFF10FF75FFEFFE48FFFE07D9
C:/Users/MadCat/Documents/GitHub/MechwarriorRecomp/research/extract/decoded_pck/BMAPCK_TBL.decoded.bin,pck_object_0063_part_000_choice_000_frame_086,pck_object_0063,pck_object_0063_part_000,pck_object_0063_part_000_choice_000,0,0,86,0x00817F,255,117,0x008181,FF75FFEFFE48FFFE,FFEFFE48FFFE07D9FFC1FFCCFFEFFE48
C:/Users/MadCat/Documents/GitHub/MechwarriorRecomp/research/extract/decoded_pck/BMAPCK_TBL.decoded.bin,pck_object_0063_part_000_choice_000_frame_087,pck_object_0063,pck_object_0063_part_000,pck_object_0063_part_000_choice_000,0,0,87,0x008187,7,217,0x008189,07D9FFC1FFCCFFEF,FFC1FFCCFFEFFE48FFCDFF7EFF10FFCA
C:/Users/MadCat/Documents/GitHub/MechwarriorRecomp/research/extract/decoded_pck/BMAPCK_TBL.decoded.bin,pck_object_0063_part_000_choice_000_frame_088,pck_object_0063,pck_object_0063_part_000,pck_object_0063_part_000_choice_000,0,0,88,0x00818F,254,72,0x008191,FE48FFCDFF7EFF10,FFCDFF7EFF10FFCAFF42FFD4FECAFFA8
C:/Users/MadCat/Documents/GitHub/MechwarriorRecomp/research/extract/decoded_pck/BMAPCK_TBL.decoded.bin,pck_object_0063_part_000_choice_000_frame_089,pck_object_0063,pck_object_0063_part_000,pck_object_0063_part_000_choice_000,0,0,89,0x008197,255,202,0x008199,FFCAFF42FFD4FECA,FF42FFD4FECAFFA8FED8FECBFFB9FE3A
C:/Users/MadCat/Documents/GitHub/MechwarriorRecomp/research/extract/decoded_pck/BMAPCK_TBL.decoded.bin,pck_object_0063_part_000_choice_000_frame_090,pck_object_0063,pck_object_0063_part_000,pck_object_0063_part_000_choice_000,0,0,90,0x00819F,255,168,0x0081A1,FFA8FED8FECBFFB9,FED8FECBFFB9FE3AFF0000FFFDBE0700
C:/Users/MadCat/Documents/GitHub/MechwarriorRecomp/research/extract/decoded_pck/BMAPCK_TBL.decoded.bin,pck_object_0063_part_000_choice_000_frame_091,pck_object_0063,pck_object_0063_part_000,pck_object_0063_part_000_choice_000,0,0,91,0x0081A7,254,58,0x0081A9,FE3AFF0000FFFDBE,FF0000FFFDBE0700001FF85E011700CB
C:/Users/MadCat/Documents/GitHub/MechwarriorRecomp/research/extract/decoded_pck/BMAPCK_TBL.decoded.bin,pck_object_0063_part_000_choice_000_frame_092,pck_object_0063,pck_object_0063_part_000,pck_object_0063_part_000_choice_000,0,0,92,0x0081AF,7,0,0x0081B1,0700001FF85E0117,001FF85E011700CBFF01F80000EA0272
C:/Users/MadCat/Documents/GitHub/MechwarriorRecomp/research/extract/decoded_pck/BMAPCK_TBL.decoded.bin,pck_object_0063_part_000_choice_000_frame_093,pck_object_0063,pck_object_0063_part_000,pck_object_0063_part_000_choice_000,0,0,93,0x0081B7,0,203,0x0081B9,00CBFF01F80000EA,FF01F80000EA0272070CFEED007EFF01
C:/Users/MadCat/Documents/GitHub/MechwarriorRecomp/research/extract/decoded_pck/BMAPCK_TBL.decoded.bin,pck_object_0063_part_000_choice_000_frame_094,pck_object_0063,pck_object_0063_part_000,pck_object_0063_part_000_choice_000,0,0,94,0x0081BF,2,114,0x0081C1,0272070CFEED007E,070CFEED007EFF01F82800280075FF42
C:/Users/MadCat/Documents/GitHub/MechwarriorRecomp/research/extract/decoded_pck/BMAPCK_TBL.decoded.bin,pck_object_0063_part_000_choice_000_frame_095,pck_object_0063,pck_object_0063_part_000,pck_object_0063_part_000_choice_000,0,0,95,0x0081C7,255,1,0x0081C9,FF01F82800280075,F82800280075FF42FFD4FE75FFD8FF3E
C:/Users/MadCat/Documents/GitHub/MechwarriorRecomp/research/extract/decoded_pck/BMAPCK_TBL.decoded.bin,pck_object_0063_part_000_choice_000_frame_096,pck_object_0063,pck_object_0063_part_000,pck_object_0063_part_000_choice_000,0,0,96,0x0081CF,255,66,0x0081D1,FF42FFD4FE75FFD8,FFD4FE75FFD8FF3EFE77FF3C003EFEFF
C:/Users/MadCat/Documents/GitHub/MechwarriorRecomp/research/extract/decoded_pck/BMAPCK_TBL.decoded.bin,pck_object_0063_part_000_choice_000_frame_097,pck_object_0063,pck_object_0063_part_000,pck_object_0063_part_000_choice_000,0,0,97,0x0081D7,255,62,0x0081D9,FF3EFE77FF3C003E,FE77FF3C003EFEFF07D8FFE5FFCEFF3C
C:/Users/MadCat/Documents/GitHub/MechwarriorRecomp/research/extract/decoded_pck/BMAPCK_TBL.decoded.bin,pck_object_0063_part_000_choice_000_frame_098,pck_object_0063,pck_object_0063_part_000,pck_object_0063_part_000_choice_000,0,0,98,0x0081DF,254,255,0x0081E1,FEFF07D8FFE5FFCE,07D8FFE5FFCEFF3C003EFECCFFD8FF3E
C:/Users/MadCat/Documents/GitHub/MechwarriorRecomp/research/extract/decoded_pck/BMAPCK_TBL.decoded.bin,pck_object_0063_part_000_choice_000_frame_099,pck_object_0063,pck_object_0063_part_000,pck_object_0063_part_000_choice_000,0,0,99,0x0081E7,255,60,0x0081E9,FF3C003EFECCFFD8,003EFECCFFD8FF3EFECCFF42FFD4FE00
C:/Users/MadCat/Documents/GitHub/MechwarriorRecomp/research/extract/decoded_pck/BMAPCK_TBL.decoded.bin,pck_object_0063_part_000_choice_000_frame_100,pck_object_0063,pck_object_0063_part_000,pck_object_0063_part_000_choice_000,0,0,100,0x0081EF,255,62,0x0081F1,FF3EFECCFF42FFD4,FECCFF42FFD4FE000058FA58FA0000EE
C:/Users/MadCat/Documents/GitHub/MechwarriorRecomp/research/extract/decoded_pck/BMAPCK_TBL.decoded.bin,pck_object_0063_part_000_choice_000_frame_101,pck_object_0063,pck_object_0063_part_000,pck_object_0063_part_000_choice_000,0,0,101,0x0081F7,254,0,0x0081F9,FE000058FA58FA00,0058FA58FA0000EE055E056AFF00000C
C:/Users/MadCat/Documents/GitHub/MechwarriorRecomp/research/extract/decoded_pck/BMAPCK_TBL.decoded.bin,pck_object_0063_part_000_choice_000_frame_102,pck_object_0063,pck_object_0063_part_000,pck_object_0063_part_000_choice_000,0,0,102,0x0081FF,0,238,0x008201,00EE055E056AFF00,055E056AFF00000CFE000085032E075E
C:/Users/MadCat/Documents/GitHub/MechwarriorRecomp/research/extract/decoded_pck/BMAPCK_TBL.decoded.bin,pck_object_0063_part_000_choice_000_frame_103,pck_object_0063,pck_object_0063_part_000,pck_object_0063_part_000_choice_000,0,0,103,0x008207,0,12,0x008209,000CFE000085032E,FE000085032E075EFFA2000CFEE7FFA2
C:/Users/MadCat/Documents/GitHub/MechwarriorRecomp/research/extract/decoded_pck/BMAPCK_TBL.decoded.bin,pck_object_0063_part_000_choice_000_frame_104,pck_object_0063,pck_object_0063_part_000,pck_object_0063_part_000_choice_000,0,0,104,0x00820F,7,94,0x008211,075EFFA2000CFEE7,FFA2000CFEE7FFA2000CFE2707000093
C:/Users/MadCat/Documents/GitHub/MechwarriorRecomp/research/extract/decoded_pck/BMAPCK_TBL.decoded.bin,pck_object_0063_part_000_choice_000_frame_105,pck_object_0063,pck_object_0063_part_000,pck_object_0063_part_000_choice_000,0,0,105,0x008217,255,162,0x008219,FFA2000CFE270700,000CFE270700009303E7FFB5FF0CFECE
C:/Users/MadCat/Documents/GitHub/MechwarriorRecomp/research/extract/decoded_pck/BMAPCK_TBL.decoded.bin,pck_object_0063_part_000_choice_000_frame_106,pck_object_0063,pck_object_0063_part_000,pck_object_0063_part_000_choice_000,0,0,106,0x00821F,0,147,0x008221,009303E7FFB5FF0C,03E7FFB5FF0CFECEFFD8FF3EFED9F800
C:/Users/MadCat/Documents/GitHub/MechwarriorRecomp/research/extract/decoded_pck/BMAPCK_TBL.decoded.bin,pck_object_0063_part_000_choice_000_frame_107,pck_object_0063,pck_object_0063_part_000,pck_object_0063_part_000_choice_000,0,0,107,0x008227,254,206,0x008229,FECEFFD8FF3EFED9,FFD8FF3EFED9F80000930377FFD8FF3E
C:/Users/MadCat/Documents/GitHub/MechwarriorRecomp/research/extract/decoded_pck/BMAPCK_TBL.decoded.bin,pck_object_0063_part_000_choice_000_frame_108,pck_object_0063,pck_object_0063_part_000,pck_object_0063_part_000_choice_000,0,0,108,0x00822F,248,0,0x008231,F80000930377FFD8,00930377FFD8FF3EFE5EFFB5FF0CFE00
C:/Users/MadCat/Documents/GitHub/MechwarriorRecomp/research/extract/decoded_pck/BMAPCK_TBL.decoded.bin,pck_object_0063_part_000_choice_000_frame_109,pck_object_0063,pck_object_0063_part_000,pck_object_0063_part_000_choice_000,0,0,109,0x008237,255,62,0x008239,FF3EFE5EFFB5FF0C,FE5EFFB5FF0CFE000073F99604000000
C:/Users/MadCat/Documents/GitHub/MechwarriorRecomp/research/extract/decoded_pck/BMAPCK_TBL.decoded.bin,pck_object_0063_part_000_choice_000_frame_110,pck_object_0063,pck_object_0063_part_000,pck_object_0063_part_000_choice_000,0,0,110,0x00823F,254,0,0x008241,FE000073F9960400,0073F996040000000000F80100200100
C:/Users/MadCat/Documents/GitHub/MechwarriorRecomp/research/extract/decoded_pck/BMAPCK_TBL.decoded.bin,pck_object_0063_part_000_choice_000_frame_111,pck_object_0063,pck_object_0063_part_000,pck_object_0063_part_000_choice_000,0,0,111,0x008247,0,0,0x008249,00000000F8010020,0000F801002001000006002801000081
C:/Users/MadCat/Documents/GitHub/MechwarriorRecomp/research/extract/decoded_pck/BMAPCK_TBL.decoded.bin,pck_object_0063_part_000_choice_000_frame_112,pck_object_0063,pck_object_0063_part_000,pck_object_0063_part_000_choice_000,0,0,112,0x00824F,1,0,0x008251,0100000600280100,00060028010000810707000001580181
C:/Users/MadCat/Documents/GitHub/MechwarriorRecomp/research/extract/decoded_pck/BMAPCK_TBL.decoded.bin,pck_object_0063_part_000_choice_000_frame_113,pck_object_0063,pck_object_0063_part_000,pck_object_0063_part_000_choice_000,0,0,113,0x008257,0,129,0x008259,0081070700000158,070700000158018108080808075E0181
C:/Users/MadCat/Documents/GitHub/MechwarriorRecomp/research/extract/decoded_pck/BMAPCK_TBL.decoded.bin,pck_object_0063_part_000_choice_000_frame_114,pck_object_0063,pck_object_0063_part_000,pck_object_0063_part_000_choice_000,0,0,114,0x00825F,1,129,0x008261,018108080808075E,08080808075E01810C0C00000D640181
C:/Users/MadCat/Documents/GitHub/MechwarriorRecomp/research/extract/decoded_pck/BMAPCK_TBL.decoded.bin,pck_object_0063_part_000_choice_000_frame_115,pck_object_0063,pck_object_0063_part_000,pck_object_0063_part_000_choice_000,0,0,115,0x008267,1,129,0x008269,01810C0C00000D64,0C0C00000D6401810F0F00000E690181
C:/Users/MadCat/Documents/GitHub/MechwarriorRecomp/research/extract/decoded_pck/BMAPCK_TBL.decoded.bin,pck_object_0063_part_000_choice_000_frame_116,pck_object_0063,pck_object_0063_part_000,pck_object_0063_part_000_choice_000,0,0,116,0x00826F,1,129,0x008271,01810F0F00000E69,0F0F00000E690181080808080F6E0181
C:/Users/MadCat/Documents/GitHub/MechwarriorRecomp/research/extract/decoded_pck/BMAPCK_TBL.decoded.bin,pck_object_0063_part_000_choice_000_frame_117,pck_object_0063,pck_object_0063_part_000,pck_object_0063_part_000_choice_000,0,0,117,0x008277,1,129,0x008279,0181080808080F6E,080808080F6E01810404080810730102
C:/Users/MadCat/Documents/GitHub/MechwarriorRecomp/research/extract/decoded_pck/BMAPCK_TBL.decoded.bin,pck_object_0063_part_000_choice_000_frame_118,pck_object_0063,pck_object_0063_part_000,pck_object_0063_part_000_choice_000,0,0,118,0x00827F,1,129,0x008281,0181040408081073,040408081073010203040506FF08090A
C:/Users/MadCat/Documents/GitHub/MechwarriorRecomp/research/extract/decoded_pck/BMAPCK_TBL.decoded.bin,pck_object_0063_part_000_choice_000_frame_119,pck_object_0063,pck_object_0063_part_000,pck_object_0063_part_000_choice_000,0,0,119,0x008287,1,2,0x008289,010203040506FF08,03040506FF08090A0B0CFF06080C02FF
C:/Users/MadCat/Documents/GitHub/MechwarriorRecomp/research/extract/decoded_pck/BMAPCK_TBL.decoded.bin,pck_object_0063_part_000_choice_000_frame_120,pck_object_0063,pck_object_0063_part_000,pck_object_0063_part_000_choice_000,0,0,120,0x00828F,9,10,0x008291,090A0B0CFF06080C,0B0CFF06080C02FF020C0B03FF030B0A
C:/Users/MadCat/Documents/GitHub/MechwarriorRecomp/research/extract/decoded_pck/BMAPCK_TBL.decoded.bin,pck_object_0063_part_000_choice_000_frame_121,pck_object_0063,pck_object_0063_part_000,pck_object_0063_part_000_choice_000,0,0,121,0x008297,2,255,0x008299,02FF020C0B03FF03,020C0B03FF030B0A04FF05090806FF01
C:/Users/MadCat/Documents/GitHub/MechwarriorRecomp/research/extract/decoded_pck/BMAPCK_TBL.decoded.bin,pck_object_0063_part_000_choice_000_frame_122,pck_object_0063,pck_object_0063_part_000,pck_object_0063_part_000_choice_000,0,0,122,0x00829F,11,10,0x0082A1,0B0A04FF05090806,04FF05090806FF01007C010000040084
C:/Users/MadCat/Documents/GitHub/MechwarriorRecomp/research/extract/decoded_pck/BMAPCK_TBL.decoded.bin,pck_object_0063_part_000_choice_000_frame_123,pck_object_0063,pck_object_0063_part_000,pck_object_0063_part_000_choice_000,0,0,123,0x0082A7,255,1,0x0082A9,FF01007C01000004,007C0100000400840103FF8108080808
C:/Users/MadCat/Documents/GitHub/MechwarriorRecomp/research/extract/decoded_pck/BMAPCK_TBL.decoded.bin,pck_object_0063_part_000_choice_000_frame_124,pck_object_0063,pck_object_0063_part_000,pck_object_0063_part_000_choice_000,0,0,124,0x0082AF,0,132,0x0082B1,00840103FF810808,0103FF810808080812A4018100000000
C:/Users/MadCat/Documents/GitHub/MechwarriorRecomp/research/extract/decoded_pck/BMAPCK_TBL.decoded.bin,pck_object_0063_part_000_choice_000_frame_125,pck_object_0063,pck_object_0063_part_000,pck_object_0063_part_000_choice_000,0,0,125,0x0082B7,8,8,0x0082B9,080812A401810000,12A401810000000016A9018104040101
C:/Users/MadCat/Documents/GitHub/MechwarriorRecomp/research/extract/decoded_pck/BMAPCK_TBL.decoded.bin,pck_object_0063_part_000_choice_000_frame_126,pck_object_0063,pck_object_0063_part_000,pck_object_0063_part_000_choice_000,0,0,126,0x0082BF,0,0,0x0082C1,000016A901810404,16A90181040401011AAE018107070101
C:/Users/MadCat/Documents/GitHub/MechwarriorRecomp/research/extract/decoded_pck/BMAPCK_TBL.decoded.bin,pck_object_0063_part_000_choice_000_frame_127,pck_object_0063,pck_object_0063_part_000,pck_object_0063_part_000_choice_000,0,0,127,0x0082C7,1,1,0x0082C9,01011AAE01810707,1AAE0181070701011BB30113141505FF
C:/Users/MadCat/Documents/GitHub/MechwarriorRecomp/research/extract/decoded_pck/BMAPCK_TBL.decoded.bin,pck_object_0063_part_000_choice_000_frame_128,pck_object_0063,pck_object_0063_part_000,pck_object_0063_part_000_choice_000,0,0,128,0x0082CF,1,1,0x0082D1,01011BB301131415,1BB30113141505FF09171819FF131918
C:/Users/MadCat/Documents/GitHub/MechwarriorRecomp/research/extract/decoded_pck/BMAPCK_TBL.decoded.bin,pck_object_0063_part_000_choice_000_frame_129,pck_object_0063,pck_object_0063_part_000,pck_object_0063_part_000_choice_000,0,0,129,0x0082D7,5,255,0x0082D9,05FF09171819FF13,09171819FF13191814FF15170905FF01
C:/Users/MadCat/Documents/GitHub/MechwarriorRecomp/research/extract/decoded_pck/BMAPCK_TBL.decoded.bin,pck_object_0063_part_000_choice_000_frame_130,pck_object_0063,pck_object_0063_part_000,pck_object_0063_part_000_choice_000,0,0,130,0x0082DF,25,24,0x0082E1,191814FF15170905,14FF15170905FF0100BC0100000500C4
C:/Users/MadCat/Documents/GitHub/MechwarriorRecomp/research/extract/decoded_pck/BMAPCK_TBL.decoded.bin,pck_object_0063_part_000_choice_000_frame_131,pck_object_0063,pck_object_0063_part_000,pck_object_0063_part_000_choice_000,0,0,131,0x0082E7,255,1,0x0082E9,FF0100BC01000005,00BC0100000500C40181178100000000
C:/Users/MadCat/Documents/GitHub/MechwarriorRecomp/research/extract/decoded_pck/BMAPCK_TBL.decoded.bin,pck_object_0063_part_000_choice_000_frame_132,pck_object_0063,pck_object_0063_part_000,pck_object_0063_part_000_choice_000,0,0,132,0x0082EF,0,196,0x0082F1,00C4018117810000,01811781000000001DEC018100000000
C:/Users/MadCat/Documents/GitHub/MechwarriorRecomp/research/extract/decoded_pck/BMAPCK_TBL.decoded.bin,pck_object_0063_part_000_choice_000_frame_133,pck_object_0063,pck_object_0063_part_000,pck_object_0063_part_000_choice_000,0,0,133,0x0082F7,0,0,0x0082F9,00001DEC01810000,1DEC01810000000020F1018100000000
C:/Users/MadCat/Documents/GitHub/MechwarriorRecomp/research/extract/decoded_pck/BMAPCK_TBL.decoded.bin,pck_object_0063_part_000_choice_000_frame_134,pck_object_0063,pck_object_0063_part_000,pck_object_0063_part_000_choice_000,0,0,134,0x0082FF,0,0,0x008301,000020F101810000,20F101810000000023F6018100000000
C:/Users/MadCat/Documents/GitHub/MechwarriorRecomp/research/extract/decoded_pck/BMAPCK_TBL.decoded.bin,pck_object_0063_part_000_choice_000_frame_135,pck_object_0063,pck_object_0063_part_000,pck_object_0063_part_000_choice_000,0,0,135,0x008307,0,0,0x008309,000023F601810000,23F601810000000026FB018100000000
C:/Users/MadCat/Documents/GitHub/MechwarriorRecomp/research/extract/decoded_pck/BMAPCK_TBL.decoded.bin,pck_object_0063_part_000_choice_000_frame_136,pck_object_0063,pck_object_0063_part_000,pck_object_0063_part_000_choice_000,0,0,136,0x00830F,0,0,0x008311,000026FB01810000,26FB018100000000270002151E1F17FF
C:/Users/MadCat/Documents/GitHub/MechwarriorRecomp/research/extract/decoded_pck/BMAPCK_TBL.decoded.bin,pck_object_0063_part_000_choice_000_frame_137,pck_object_0063,pck_object_0063_part_000,pck_object_0063_part_000_choice_000,0,0,137,0x008317,0,0,0x008319,0000270002151E1F,270002151E1F17FF171F2122FF1E1524
C:/Users/MadCat/Documents/GitHub/MechwarriorRecomp/research/extract/decoded_pck/BMAPCK_TBL.decoded.bin,pck_object_0063_part_000_choice_000_frame_138,pck_object_0063,pck_object_0063_part_000,pck_object_0063_part_000_choice_000,0,0,138,0x00831F,23,255,0x008321,17FF171F2122FF1E,171F2122FF1E152425FF24222125FF25
C:/Users/MadCat/Documents/GitHub/MechwarriorRecomp/research/extract/decoded_pck/BMAPCK_TBL.decoded.bin,pck_object_0063_part_000_choice_000_frame_139,pck_object_0063,pck_object_0063_part_000,pck_object_0063_part_000_choice_000,0,0,139,0x008327,21,36,0x008329,152425FF24222125,25FF24222125FF25211F1EFF80002E02
C:/Users/MadCat/Documents/GitHub/MechwarriorRecomp/research/extract/decoded_pck/BMAPCK_TBL.decoded.bin,pck_object_0063_part_000_choice_000_frame_140,pck_object_0063,pck_object_0063_part_000,pck_object_0063_part_000_choice_000,0,0,140,0x00832F,255,37,0x008331,FF25211F1EFF8000,211F1EFF80002E020000000000000300
C:/Users/MadCat/Documents/GitHub/MechwarriorRecomp/research/extract/decoded_pck/BMAPCK_TBL.decoded.bin,pck_object_0063_part_000_choice_000_frame_141,pck_object_0063,pck_object_0063_part_000,pck_object_0063_part_000_choice_000,0,0,141,0x008337,46,2,0x008339,2E02000000000000,00000000000003001300002A2B000100
C:/Users/MadCat/Documents/GitHub/MechwarriorRecomp/research/extract/decoded_pck/BMAPCK_TBL.decoded.bin,pck_object_0063_part_000_choice_000_frame_142,pck_object_0063,pck_object_0063_part_000,pck_object_0063_part_000_choice_000,0,0,142,0x00833F,3,0,0x008341,03001300002A2B00,1300002A2B0001002701112A2B000100
C:/Users/MadCat/Documents/GitHub/MechwarriorRecomp/research/extract/decoded_pck/BMAPCK_TBL.decoded.bin,pck_object_0063_part_000_choice_000_frame_143,pck_object_0063,pck_object_0063_part_000,pck_object_0063_part_000_choice_000,0,0,143,0x008347,1,0,0x008349,01002701112A2B00,2701112A2B00010083011E2A2B000100
C:/Users/MadCat/Documents/GitHub/MechwarriorRecomp/research/extract/decoded_pck/BMAPCK_TBL.decoded.bin,pck_object_0063_part_000_choice_000_frame_144,pck_object_0063,pck_object_0063_part_000,pck_object_0063_part_000_choice_000,0,0,144,0x00834F,1,0,0x008351,010083011E2A2B00,83011E2A2B000100C30112FD3E007A00
C:/Users/MadCat/Documents/GitHub/MechwarriorRecomp/research/extract/decoded_pck/BMAPCK_TBL.decoded.bin,pck_object_0063_part_000_choice_000_frame_145,pck_object_0063,pck_object_0063_part_000,pck_object_0063_part_000_choice_000,0,0,145,0x008357,1,0,0x008359,0100C30112FD3E00,C30112FD3E007A0001F80200160071FF
C:/Users/MadCat/Documents/GitHub/MechwarriorRecomp/research/extract/decoded_pck/BMAPCK_TBL.decoded.bin,pck_object_0063_part_000_choice_000_frame_146,pck_object_0063,pck_object_0063_part_000,pck_object_0063_part_000_choice_000,0,0,146,0x00835F,122,0,0x008361,7A0001F802001600,01F80200160071FF87FEBCFE70FFAAFE
C:/Users/MadCat/Documents/GitHub/MechwarriorRecomp/research/extract/decoded_pck/BMAPCK_TBL.decoded.bin,pck_object_0063_part_000_choice_000_frame_147,pck_object_0063,pck_object_0063_part_000,pck_object_0063_part_000_choice_000,0,0,147,0x008367,113,255,0x008369,71FF87FEBCFE70FF,87FEBCFE70FFAAFE5EFE71FF38FFACFE
C:/Users/MadCat/Documents/GitHub/MechwarriorRecomp/research/extract/decoded_pck/BMAPCK_TBL.decoded.bin,pck_object_0063_part_000_choice_000_frame_148,pck_object_0063,pck_object_0063_part_000,pck_object_0063_part_000_choice_000,0,0,148,0x00836F,170,254,0x008371,AAFE5EFE71FF38FF,5EFE71FF38FFACFE73FF42FFFCFE72FF
C:/Users/MadCat/Documents/GitHub/MechwarriorRecomp/research/extract/decoded_pck/BMAPCK_TBL.decoded.bin,pck_object_0063_part_000_choice_000_frame_149,pck_object_0063,pck_object_0063_part_000,pck_object_0063_part_000_choice_000,0,0,149,0x008377,172,254,0x008379,ACFE73FF42FFFCFE,73FF42FFFCFE72FFAFFEE3FEFF07FBFF
C:/Users/MadCat/Documents/GitHub/MechwarriorRecomp/research/extract/decoded_pck/BMAPCK_TBL.decoded.bin,pck_object_0063_part_000_choice_000_frame_150,pck_object_0063,pck_object_0063_part_000,pck_object_0063_part_000_choice_000,0,0,150,0x00837F,114,255,0x008381,72FFAFFEE3FEFF07,AFFEE3FEFF07FBFFCEFFC9FFAFFEE3FE
C:/Users/MadCat/Documents/GitHub/MechwarriorRecomp/research/extract/decoded_pck/BMAPCK_TBL.decoded.bin,pck_object_0063_part_000_choice_000_frame_151,pck_object_0063,pck_object_0063_part_000,pck_object_0063_part_000_choice_000,0,0,151,0x008387,251,255,0x008389,FBFFCEFFC9FFAFFE,CEFFC9FFAFFEE3FECAFF42FFFCFEC8FF
C:/Users/MadCat/Documents/GitHub/MechwarriorRecomp/research/extract/decoded_pck/BMAPCK_TBL.decoded.bin,pck_object_0063_part_000_choice_000_frame_152,pck_object_0063,pck_object_0063_part_000,pck_object_0063_part_000_choice_000,0,0,152,0x00838F,227,254,0x008391,E3FECAFF42FFFCFE,CAFF42FFFCFEC8FF38FFACFEC7FFA9FE
C:/Users/MadCat/Documents/GitHub/MechwarriorRecomp/research/extract/decoded_pck/BMAPCK_TBL.decoded.bin,pck_object_0063_part_000_choice_000_frame_153,pck_object_0063,pck_object_0063_part_000,pck_object_0063_part_000_choice_000,0,0,153,0x008397,200,255,0x008399,C8FF38FFACFEC7FF,38FFACFEC7FFA9FE5FFEC8FF87FEBCFE
C:/Users/MadCat/Documents/GitHub/MechwarriorRecomp/research/extract/decoded_pck/BMAPCK_TBL.decoded.bin,pck_object_0063_part_000_choice_000_frame_154,pck_object_0063,pck_object_0063_part_000,pck_object_0063_part_000_choice_000,0,0,154,0x00839F,169,254,0x0083A1,A9FE5FFEC8FF87FE,5FFEC8FF87FEBCFE00006BFABA050000
C:/Users/MadCat/Documents/GitHub/MechwarriorRecomp/research/extract/decoded_pck/BMAPCK_TBL.decoded.bin,pck_object_0063_part_000_choice_000_frame_155,pck_object_0063,pck_object_0063_part_000,pck_object_0063_part_000_choice_000,0,0,155,0x0083A7,188,254,0x0083A9,BCFE00006BFABA05,00006BFABA0500007DF841FD1F00CA03
C:/Users/MadCat/Documents/GitHub/MechwarriorRecomp/research/extract/decoded_pck/BMAPCK_TBL.decoded.bin,pck_object_0063_part_000_choice_000_frame_156,pck_object_0063,pck_object_0063_part_000,pck_object_0063_part_000_choice_000,0,0,156,0x0083AF,0,0,0x0083B1,00007DF841FD1F00,7DF841FD1F00CA03F5F80000A9FEE307
C:/Users/MadCat/Documents/GitHub/MechwarriorRecomp/research/extract/decoded_pck/BMAPCK_TBL.decoded.bin,pck_object_0063_part_000_choice_000_frame_157,pck_object_0063,pck_object_0063_part_000,pck_object_0063_part_000_choice_000,0,0,157,0x0083B7,202,3,0x0083B9,CA03F5F80000A9FE,F5F80000A9FEE3070CFEFF00A8FF02F8
C:/Users/MadCat/Documents/GitHub/MechwarriorRecomp/research/extract/decoded_pck/BMAPCK_TBL.decoded.bin,pck_object_0063_part_000_choice_000_frame_158,pck_object_0063,pck_object_0063_part_000,pck_object_0063_part_000_choice_000,0,0,158,0x0083BF,227,7,0x0083C1,E3070CFEFF00A8FF,0CFEFF00A8FF02F82D00340074FF38FF
C:/Users/MadCat/Documents/GitHub/MechwarriorRecomp/research/extract/decoded_pck/BMAPCK_TBL.decoded.bin,pck_object_0063_part_000_choice_000_frame_159,pck_object_0063,pck_object_0063_part_000,pck_object_0063_part_000_choice_000,0,0,159,0x0083C7,2,248,0x0083C9,02F82D00340074FF,2D00340074FF38FFACFE74FFCEFF2AFE
C:/Users/MadCat/Documents/GitHub/MechwarriorRecomp/research/extract/decoded_pck/BMAPCK_TBL.decoded.bin,pck_object_0063_part_000_choice_000_frame_160,pck_object_0063,pck_object_0063_part_000,pck_object_0063_part_000_choice_000,0,0,160,0x0083CF,56,255,0x0083D1,38FFACFE74FFCEFF,ACFE74FFCEFF2AFE77FF280052FE75FF
C:/Users/MadCat/Documents/GitHub/MechwarriorRecomp/research/extract/decoded_pck/BMAPCK_TBL.decoded.bin,pck_object_0063_part_000_choice_000_frame_161,pck_object_0063,pck_object_0063_part_000,pck_object_0063_part_000_choice_000,0,0,161,0x0083D7,42,254,0x0083D9,2AFE77FF280052FE,77FF280052FE75FF42FFFCFEFE07CFFF
C:/Users/MadCat/Documents/GitHub/MechwarriorRecomp/research/extract/decoded_pck/BMAPCK_TBL.decoded.bin,pck_object_0063_part_000_choice_000_frame_162,pck_object_0063,pck_object_0063_part_000,pck_object_0063_part_000_choice_000,0,0,162,0x0083DF,117,255,0x0083E1,75FF42FFFCFEFE07,42FFFCFEFE07CFFFD6FFCCFF42FFFCFE
C:/Users/MadCat/Documents/GitHub/MechwarriorRecomp/research/extract/decoded_pck/BMAPCK_TBL.decoded.bin,pck_object_0063_part_000_choice_000_frame_163,pck_object_0063,pck_object_0063_part_000,pck_object_0063_part_000_choice_000,0,0,163,0x0083E7,207,255,0x0083E9,CFFFD6FFCCFF42FF,D6FFCCFF42FFFCFECEFF280052FECBFF
C:/Users/MadCat/Documents/GitHub/MechwarriorRecomp/research/extract/decoded_pck/BMAPCK_TBL.decoded.bin,pck_object_0063_part_000_choice_000_frame_164,pck_object_0063,pck_object_0063_part_000,pck_object_0063_part_000_choice_000,0,0,164,0x0083EF,252,254,0x0083F1,FCFECEFF280052FE,CEFF280052FECBFFCEFF2AFECBFF38FF
C:/Users/MadCat/Documents/GitHub/MechwarriorRecomp/research/extract/decoded_pck/BMAPCK_TBL.decoded.bin,pck_object_0063_part_000_choice_000_frame_165,pck_object_0063,pck_object_0063_part_000,pck_object_0063_part_000_choice_000,0,0,165,0x0083F7,203,255,0x0083F9,CBFFCEFF2AFECBFF,CEFF2AFECBFF38FFACFE0000C3FAF5F9
C:/Users/MadCat/Documents/GitHub/MechwarriorRecomp/research/extract/decoded_pck/BMAPCK_TBL.decoded.bin,pck_object_0063_part_000_choice_000_frame_166,pck_object_0063,pck_object_0063_part_000,pck_object_0063_part_000_choice_000,0,0,166,0x0083FF,56,255,0x008401,38FFACFE0000C3FA,ACFE0000C3FAF5F90000C1046E066AFF
C:/Users/MadCat/Documents/GitHub/MechwarriorRecomp/research/extract/decoded_pck/BMAPCK_TBL.decoded.bin,pck_object_0063_part_000_choice_000_frame_167,pck_object_0063,pck_object_0063_part_000,pck_object_0063_part_000_choice_000,0,0,167,0x008407,245,249,0x008409,F5F90000C1046E06,0000C1046E066AFF560013FE00009102
C:/Users/MadCat/Documents/GitHub/MechwarriorRecomp/research/extract/decoded_pck/BMAPCK_TBL.decoded.bin,pck_object_0063_part_000_choice_000_frame_168,pck_object_0063,pck_object_0063_part_000,pck_object_0063_part_000_choice_000,0,0,168,0x00840F,106,255,0x008411,6AFF560013FE0000,560013FE0000910293075EFFA40028FE
C:/Users/MadCat/Documents/GitHub/MechwarriorRecomp/research/extract/decoded_pck/BMAPCK_TBL.decoded.bin,pck_object_0063_part_000_choice_000_frame_169,pck_object_0063,pck_object_0063_part_000,pck_object_0063_part_000_choice_000,0,0,169,0x008417,145,2,0x008419,910293075EFFA400,93075EFFA40028FEE7FFA40028FE7307
C:/Users/MadCat/Documents/GitHub/MechwarriorRecomp/research/extract/decoded_pck/BMAPCK_TBL.decoded.bin,pck_object_0063_part_000_choice_000_frame_170,pck_object_0063,pck_object_0063_part_000,pck_object_0063_part_000_choice_000,0,0,170,0x00841F,40,254,0x008421,28FEE7FFA40028FE,E7FFA40028FE730778FFDB02E6FFBBFF
C:/Users/MadCat/Documents/GitHub/MechwarriorRecomp/research/extract/decoded_pck/BMAPCK_TBL.decoded.bin,pck_object_0063_part_000_choice_000_frame_171,pck_object_0063,pck_object_0063_part_000,pck_object_0063_part_000_choice_000,0,0,171,0x008427,115,7,0x008429,730778FFDB02E6FF,78FFDB02E6FFBBFFFFFDCDFFCEFF2AFE
C:/Users/MadCat/Documents/GitHub/MechwarriorRecomp/research/extract/decoded_pck/BMAPCK_TBL.decoded.bin,pck_object_0063_part_000_choice_000_frame_172,pck_object_0063,pck_object_0063_part_000,pck_object_0063_part_000_choice_000,0,0,172,0x00842F,187,255,0x008431,BBFFFFFDCDFFCEFF,FFFDCDFFCEFF2AFE53F829FF150276FF
C:/Users/MadCat/Documents/GitHub/MechwarriorRecomp/research/extract/decoded_pck/BMAPCK_TBL.decoded.bin,pck_object_0063_part_000_choice_000_frame_173,pck_object_0063,pck_object_0063_part_000,pck_object_0063_part_000_choice_000,0,0,173,0x008437,42,254,0x008439,2AFE53F829FF1502,53F829FF150276FFCEFF2AFE5DFFBBFF
C:/Users/MadCat/Documents/GitHub/MechwarriorRecomp/research/extract/decoded_pck/BMAPCK_TBL.decoded.bin,pck_object_0063_part_000_choice_000_frame_174,pck_object_0063,pck_object_0063_part_000,pck_object_0063_part_000_choice_000,0,0,174,0x00843F,118,255,0x008441,76FFCEFF2AFE5DFF,CEFF2AFE5DFFBBFFFFFD0000AFF83B03
C:/Users/MadCat/Documents/GitHub/MechwarriorRecomp/research/extract/decoded_pck/BMAPCK_TBL.decoded.bin,pck_object_0063_part_000_choice_000_frame_175,pck_object_0063,pck_object_0063_part_000,pck_object_0063_part_000_choice_000,0,0,175,0x008447,187,255,0x008449,BBFFFFFD0000AFF8,FFFD0000AFF83B03000062011FF80100
C:/Users/MadCat/Documents/GitHub/MechwarriorRecomp/research/extract/decoded_pck/BMAPCK_TBL.decoded.bin,pck_object_0063_part_000_choice_000_frame_176,pck_object_0063,pck_object_0063_part_000,pck_object_0063_part_000_choice_000,0,0,176,0x00844F,59,3,0x008451,3B03000062011FF8,000062011FF801002B01000006003301
C:/Users/MadCat/Documents/GitHub/MechwarriorRecomp/research/extract/decoded_pck/BMAPCK_TBL.decoded.bin,pck_object_0063_part_000_choice_000_frame_177,pck_object_0063,pck_object_0063_part_000,pck_object_0063_part_000_choice_000,0,0,177,0x008457,1,0,0x008459,01002B0100000600,2B010000060033010808810707000001
C:/Users/MadCat/Documents/GitHub/MechwarriorRecomp/research/extract/decoded_pck/BMAPCK_TBL.decoded.bin,pck_object_0063_part_000_choice_000_frame_178,pck_object_0063,pck_object_0063_part_000,pck_object_0063_part_000_choice_000,0,0,178,0x00845F,51,1,0x008461,3301080881070700,08088107070000016301810808080807
C:/Users/MadCat/Documents/GitHub/MechwarriorRecomp/research/extract/decoded_pck/BMAPCK_TBL.decoded.bin,pck_object_0063_part_000_choice_000_frame_179,pck_object_0063,pck_object_0063_part_000,pck_object_0063_part_000_choice_000,0,0,179,0x008467,0,1,0x008469,0001630181080808,63018108080808076901810C0C00000D
C:/Users/MadCat/Documents/GitHub/MechwarriorRecomp/research/extract/decoded_pck/BMAPCK_TBL.decoded.bin,pck_object_0063_part_000_choice_000_frame_180,pck_object_0063,pck_object_0063_part_000,pck_object_0063_part_000_choice_000,0,0,180,0x00846F,8,7,0x008471,08076901810C0C00,6901810C0C00000D6F01810F0F00000E
C:/Users/MadCat/Documents/GitHub/MechwarriorRecomp/research/extract/decoded_pck/BMAPCK_TBL.decoded.bin,pck_object_0063_part_000_choice_000_frame_181,pck_object_0063,pck_object_0063_part_000,pck_object_0063_part_000_choice_000,0,0,181,0x008477,0,13,0x008479,000D6F01810F0F00,6F01810F0F00000E740181080808080F
C:/Users/MadCat/Documents/GitHub/MechwarriorRecomp/research/extract/decoded_pck/BMAPCK_TBL.decoded.bin,pck_object_0063_part_000_choice_000_frame_182,pck_object_0063,pck_object_0063_part_000,pck_object_0063_part_000_choice_000,0,0,182,0x00847F,0,14,0x008481,000E740181080808,740181080808080F7901810404080810
C:/Users/MadCat/Documents/GitHub/MechwarriorRecomp/research/extract/decoded_pck/BMAPCK_TBL.decoded.bin,pck_object_0063_part_000_choice_000_frame_183,pck_object_0063,pck_object_0063_part_000,pck_object_0063_part_000_choice_000,0,0,183,0x008487,8,15,0x008489,080F790181040408,79018104040808107E010203040506FF
C:/Users/MadCat/Documents/GitHub/MechwarriorRecomp/research/extract/decoded_pck/BMAPCK_TBL.decoded.bin,pck_object_0063_part_000_choice_000_frame_184,pck_object_0063,pck_object_0063_part_000,pck_object_0063_part_000_choice_000,0,0,184,0x00848F,8,16,0x008491,08107E0102030405,7E010203040506FF08090A0B0CFF0608
C:/Users/MadCat/Documents/GitHub/MechwarriorRecomp/research/extract/decoded_pck/BMAPCK_TBL.decoded.bin,pck_object_0063_part_000_choice_000_frame_185,pck_object_0063,pck_object_0063_part_000,pck_object_0063_part_000_choice_000,0,0,185,0x008497,6,255,0x008499,06FF08090A0B0CFF,08090A0B0CFF06080C02FF020C0B03FF
C:/Users/MadCat/Documents/GitHub/MechwarriorRecomp/research/extract/decoded_pck/BMAPCK_TBL.decoded.bin,pck_object_0063_part_000_choice_000_frame_186,pck_object_0063,pck_object_0063_part_000,pck_object_0063_part_000_choice_000,0,0,186,0x00849F,6,8,0x0084A1,06080C02FF020C0B,0C02FF020C0B03FF030B0A04FF050908
C:/Users/MadCat/Documents/GitHub/MechwarriorRecomp/research/extract/decoded_pck/BMAPCK_TBL.decoded.bin,pck_object_0063_part_000_choice_000_frame_187,pck_object_0063,pck_object_0063_part_000,pck_object_0063_part_000_choice_000,0,0,187,0x0084A7,3,255,0x0084A9,03FF030B0A04FF05,030B0A04FF05090806FF010087010000
C:/Users/MadCat/Documents/GitHub/MechwarriorRecomp/research/extract/decoded_pck/BMAPCK_TBL.decoded.bin,pck_object_0063_part_000_choice_000_frame_188,pck_object_0063,pck_object_0063_part_000,pck_object_0063_part_000_choice_000,0,0,188,0x0084AF,9,8,0x0084B1,090806FF01008701,06FF01008701000004008F0100008108
C:/Users/MadCat/Documents/GitHub/MechwarriorRecomp/research/extract/decoded_pck/BMAPCK_TBL.decoded.bin,pck_object_0063_part_000_choice_000_frame_189,pck_object_0063,pck_object_0063_part_000,pck_object_0063_part_000_choice_000,0,0,189,0x0084B7,0,0,0x0084B9,000004008F010000,04008F010000810808080812AF018100
C:/Users/MadCat/Documents/GitHub/MechwarriorRecomp/research/extract/decoded_pck/BMAPCK_TBL.decoded.bin,pck_object_0063_part_000_choice_000_frame_190,pck_object_0063,pck_object_0063_part_000,pck_object_0063_part_000_choice_000,0,0,190,0x0084BF,129,8,0x0084C1,810808080812AF01,08080812AF01810000000017B4018104
C:/Users/MadCat/Documents/GitHub/MechwarriorRecomp/research/extract/decoded_pck/BMAPCK_TBL.decoded.bin,pck_object_0063_part_000_choice_000_frame_191,pck_object_0063,pck_object_0063_part_000,pck_object_0063_part_000_choice_000,0,0,191,0x0084C7,129,0,0x0084C9,810000000017B401,00000017B40181040401011CB9018107
C:/Users/MadCat/Documents/GitHub/MechwarriorRecomp/research/extract/decoded_pck/BMAPCK_TBL.decoded.bin,pck_object_0063_part_000_choice_000_frame_192,pck_object_0063,pck_object_0063_part_000,pck_object_0063_part_000_choice_000,0,0,192,0x0084CF,129,4,0x0084D1,81040401011CB901,0401011CB90181070701011DBE011314
C:/Users/MadCat/Documents/GitHub/MechwarriorRecomp/research/extract/decoded_pck/BMAPCK_TBL.decoded.bin,pck_object_0063_part_000_choice_000_frame_193,pck_object_0063,pck_object_0063_part_000,pck_object_0063_part_000_choice_000,0,0,193,0x0084D7,129,7,0x0084D9,81070701011DBE01,0701011DBE0113141516FF18191A1BFF
C:/Users/MadCat/Documents/GitHub/MechwarriorRecomp/research/extract/decoded_pck/BMAPCK_TBL.decoded.bin,pck_object_0063_part_000_choice_000_frame_194,pck_object_0063,pck_object_0063_part_000,pck_object_0063_part_000_choice_000,0,0,194,0x0084DF,19,20,0x0084E1,13141516FF18191A,1516FF18191A1BFF131B1A14FF151918
C:/Users/MadCat/Documents/GitHub/MechwarriorRecomp/research/extract/decoded_pck/BMAPCK_TBL.decoded.bin,pck_object_0063_part_000_choice_000_frame_195,pck_object_0063,pck_object_0063_part_000,pck_object_0063_part_000_choice_000,0,0,195,0x0084E7,27,255,0x0084E9,1BFF131B1A14FF15,131B1A14FF15191816FF0100C7010000
C:/Users/MadCat/Documents/GitHub/MechwarriorRecomp/research/extract/decoded_pck/BMAPCK_TBL.decoded.bin,pck_object_0063_part_000_choice_000_frame_196,pck_object_0063,pck_object_0063_part_000,pck_object_0063_part_000_choice_000,0,0,196,0x0084EF,25,24,0x0084F1,191816FF0100C701,16FF0100C70100000500CF0100008100
C:/Users/MadCat/Documents/GitHub/MechwarriorRecomp/research/extract/decoded_pck/BMAPCK_TBL.decoded.bin,pck_object_0063_part_000_choice_000_frame_197,pck_object_0063,pck_object_0063_part_000,pck_object_0063_part_000_choice_000,0,0,197,0x0084F7,0,0,0x0084F9,00000500CF010000,0500CF01000081000000001FF7018100
C:/Users/MadCat/Documents/GitHub/MechwarriorRecomp/research/extract/decoded_pck/BMAPCK_TBL.decoded.bin,pck_object_0063_part_000_choice_000_frame_198,pck_object_0063,pck_object_0063_part_000,pck_object_0063_part_000_choice_000,0,0,198,0x0084FF,129,0,0x008501,81000000001FF701,0000001FF701810000000022FC018100
C:/Users/MadCat/Documents/GitHub/MechwarriorRecomp/research/extract/decoded_pck/BMAPCK_TBL.decoded.bin,pck_object_0063_part_000_choice_000_frame_199,pck_object_0063,pck_object_0063_part_000,pck_object_0063_part_000_choice_000,0,0,199,0x008507,129,0,0x008509,810000000022FC01,00000022FC0181000000002501028100
C:/Users/MadCat/Documents/GitHub/MechwarriorRecomp/research/extract/decoded_pck/BMAPCK_TBL.decoded.bin,pck_object_0063_part_000_choice_000_frame_200,pck_object_0063,pck_object_0063_part_000,pck_object_0063_part_000_choice_000,0,0,200,0x00850F,129,0,0x008511,8100000000250102,00000025010281000000002806028100
C:/Users/MadCat/Documents/GitHub/MechwarriorRecomp/research/extract/decoded_pck/BMAPCK_TBL.decoded.bin,pck_object_0063_part_000_choice_000_frame_201,pck_object_0063,pck_object_0063_part_000,pck_object_0063_part_000_choice_000,0,0,201,0x008517,129,0,0x008519,8100000000280602,0000002806028100000000290B021520
C:/Users/MadCat/Documents/GitHub/MechwarriorRecomp/research/extract/decoded_pck/BMAPCK_TBL.decoded.bin,pck_object_0063_part_000_choice_000_frame_202,pck_object_0063,pck_object_0063_part_000,pck_object_0063_part_000_choice_000,0,0,202,0x00851F,129,0,0x008521,8100000000290B02,000000290B0215202119FF19212324FF
C:/Users/MadCat/Documents/GitHub/MechwarriorRecomp/research/extract/decoded_pck/BMAPCK_TBL.decoded.bin,pck_object_0063_part_000_choice_000_frame_203,pck_object_0063,pck_object_0063_part_000,pck_object_0063_part_000_choice_000,0,0,203,0x008527,21,32,0x008529,15202119FF192123,2119FF19212324FF20152627FF262423
C:/Users/MadCat/Documents/GitHub/MechwarriorRecomp/research/extract/decoded_pck/BMAPCK_TBL.decoded.bin,pck_object_0063_part_000_choice_000_frame_204,pck_object_0063,pck_object_0063_part_000,pck_object_0063_part_000_choice_000,0,0,204,0x00852F,36,255,0x008531,24FF20152627FF26,20152627FF26242327FF27232120FF80
C:/Users/MadCat/Documents/GitHub/MechwarriorRecomp/research/extract/decoded_pck/BMAPCK_TBL.decoded.bin,pck_object_0063_part_000_choice_000_frame_205,pck_object_0063,pck_object_0063_part_000,pck_object_0063_part_000_choice_000,0,0,205,0x008537,36,35,0x008539,242327FF27232120,27FF27232120FF800063020000000000
C:/Users/MadCat/Documents/GitHub/MechwarriorRecomp/research/extract/decoded_pck/BMAPCK_TBL.decoded.bin,pck_object_0063_part_000_choice_000_frame_206,pck_object_0063,pck_object_0063_part_000,pck_object_0063_part_000_choice_000,0,0,206,0x00853F,255,128,0x008541,FF80006302000000,00630200000000000003000E00002A26
C:/Users/MadCat/Documents/GitHub/MechwarriorRecomp/research/extract/decoded_pck/BMAPCK_TBL.decoded.bin,pck_object_0063_part_000_choice_000_frame_207,pck_object_0063,pck_object_0063_part_000,pck_object_0063_part_000_choice_000,0,0,207,0x008547,0,0,0x008549,00000003000E0000,0003000E00002A260001002201112A26
C:/Users/MadCat/Documents/GitHub/MechwarriorRecomp/research/extract/decoded_pck/BMAPCK_TBL.decoded.bin,pck_object_0063_part_000_choice_000_frame_208,pck_object_0063,pck_object_0063_part_000,pck_object_0063_part_000_choice_000,0,0,208,0x00854F,42,38,0x008551,2A26000100220111,0001002201112A260001007E011E2A26
C:/Users/MadCat/Documents/GitHub/MechwarriorRecomp/research/extract/decoded_pck/BMAPCK_TBL.decoded.bin,pck_object_0063_part_000_choice_000_frame_209,pck_object_0063,pck_object_0063_part_000,pck_object_0063_part_000_choice_000,0,0,209,0x008557,42,38,0x008559,2A260001007E011E,0001007E011E2A26000100BE0112FD10
C:/Users/MadCat/Documents/GitHub/MechwarriorRecomp/research/extract/decoded_pck/BMAPCK_TBL.decoded.bin,pck_object_0063_part_000_choice_000_frame_210,pck_object_0063,pck_object_0063_part_000,pck_object_0063_part_000_choice_000,0,0,210,0x00855F,42,38,0x008561,2A26000100BE0112,000100BE0112FD1000860001F805001F
C:/Users/MadCat/Documents/GitHub/MechwarriorRecomp/research/extract/decoded_pck/BMAPCK_TBL.decoded.bin,pck_object_0063_part_000_choice_000_frame_211,pck_object_0063,pck_object_0063_part_000,pck_object_0063_part_000_choice_000,0,0,211,0x008567,253,16,0x008569,FD1000860001F805,00860001F805001F006FFF7EFE58FE6E
C:/Users/MadCat/Documents/GitHub/MechwarriorRecomp/research/extract/decoded_pck/BMAPCK_TBL.decoded.bin,pck_object_0063_part_000_choice_000_frame_212,pck_object_0063,pck_object_0063_part_000,pck_object_0063_part_000_choice_000,0,0,212,0x00856F,0,31,0x008571,001F006FFF7EFE58,006FFF7EFE58FE6EFFBFFE0CFE70FF2E
C:/Users/MadCat/Documents/GitHub/MechwarriorRecomp/research/extract/decoded_pck/BMAPCK_TBL.decoded.bin,pck_object_0063_part_000_choice_000_frame_213,pck_object_0063,pck_object_0063_part_000,pck_object_0063_part_000_choice_000,0,0,213,0x008577,254,110,0x008579,FE6EFFBFFE0CFE70,FFBFFE0CFE70FF2EFF7AFE71FF1AFFD4
C:/Users/MadCat/Documents/GitHub/MechwarriorRecomp/research/extract/decoded_pck/BMAPCK_TBL.decoded.bin,pck_object_0063_part_000_choice_000_frame_214,pck_object_0063,pck_object_0063_part_000,pck_object_0063_part_000_choice_000,0,0,214,0x00857F,255,46,0x008581,FF2EFF7AFE71FF1A,FF7AFE71FF1AFFD4FE70FF97FE8BFEFF
C:/Users/MadCat/Documents/GitHub/MechwarriorRecomp/research/extract/decoded_pck/BMAPCK_TBL.decoded.bin,pck_object_0063_part_000_choice_000_frame_215,pck_object_0063,pck_object_0063_part_000,pck_object_0063_part_000_choice_000,0,0,215,0x008587,255,212,0x008589,FFD4FE70FF97FE8B,FE70FF97FE8BFEFF07FEFFE9FFC7FF97
C:/Users/MadCat/Documents/GitHub/MechwarriorRecomp/research/extract/decoded_pck/BMAPCK_TBL.decoded.bin,pck_object_0063_part_000_choice_000_frame_216,pck_object_0063,pck_object_0063_part_000,pck_object_0063_part_000_choice_000,0,0,216,0x00858F,254,255,0x008591,FEFF07FEFFE9FFC7,07FEFFE9FFC7FF97FE8BFEC8FF1AFFD4
C:/Users/MadCat/Documents/GitHub/MechwarriorRecomp/research/extract/decoded_pck/BMAPCK_TBL.decoded.bin,pck_object_0063_part_000_choice_000_frame_217,pck_object_0063,pck_object_0063_part_000,pck_object_0063_part_000_choice_000,0,0,217,0x008597,255,151,0x008599,FF97FE8BFEC8FF1A,FE8BFEC8FF1AFFD4FEC7FF2EFF7AFEC5
C:/Users/MadCat/Documents/GitHub/MechwarriorRecomp/research/extract/decoded_pck/BMAPCK_TBL.decoded.bin,pck_object_0063_part_000_choice_000_frame_218,pck_object_0063,pck_object_0063_part_000,pck_object_0063_part_000_choice_000,0,0,218,0x00859F,255,212,0x0085A1,FFD4FEC7FF2EFF7A,FEC7FF2EFF7AFEC5FFBEFE0DFEC6FF7E
C:/Users/MadCat/Documents/GitHub/MechwarriorRecomp/research/extract/decoded_pck/BMAPCK_TBL.decoded.bin,pck_object_0063_part_000_choice_000_frame_219,pck_object_0063,pck_object_0063_part_000,pck_object_0063_part_000_choice_000,0,0,219,0x0085A7,254,197,0x0085A9,FEC5FFBEFE0DFEC6,FFBEFE0DFEC6FF7EFE58FE0000D2F885
C:/Users/MadCat/Documents/GitHub/MechwarriorRecomp/research/extract/decoded_pck/BMAPCK_TBL.decoded.bin,pck_object_0063_part_000_choice_000_frame_220,pck_object_0063,pck_object_0063_part_000,pck_object_0063_part_000_choice_000,0,0,220,0x0085AF,255,126,0x0085B1,FF7EFE58FE0000D2,FE58FE0000D2F885030000EBF9CFFA21
C:/Users/MadCat/Documents/GitHub/MechwarriorRecomp/research/extract/decoded_pck/BMAPCK_TBL.decoded.bin,pck_object_0063_part_000_choice_000_frame_221,pck_object_0063,pck_object_0063_part_000,pck_object_0063_part_000_choice_000,0,0,221,0x0085B7,248,133,0x0085B9,F885030000EBF9CF,030000EBF9CFFA2100930545FA00001C
C:/Users/MadCat/Documents/GitHub/MechwarriorRecomp/research/extract/decoded_pck/BMAPCK_TBL.decoded.bin,pck_object_0063_part_000_choice_000_frame_222,pck_object_0063,pck_object_0063_part_000,pck_object_0063_part_000_choice_000,0,0,222,0x0085BF,250,33,0x0085C1,FA2100930545FA00,00930545FA00001CFCFC060CFE0A01D4
C:/Users/MadCat/Documents/GitHub/MechwarriorRecomp/research/extract/decoded_pck/BMAPCK_TBL.decoded.bin,pck_object_0063_part_000_choice_000_frame_223,pck_object_0063,pck_object_0063_part_000,pck_object_0063_part_000_choice_000,0,0,223,0x0085C7,0,28,0x0085C9,001CFCFC060CFE0A,FCFC060CFE0A01D4FF03F82D005A0073
C:/Users/MadCat/Documents/GitHub/MechwarriorRecomp/research/extract/decoded_pck/BMAPCK_TBL.decoded.bin,pck_object_0063_part_000_choice_000_frame_224,pck_object_0063,pck_object_0063_part_000,pck_object_0063_part_000_choice_000,0,0,224,0x0085CF,1,212,0x0085D1,01D4FF03F82D005A,FF03F82D005A0073FF2EFF7AFE73FFCE
C:/Users/MadCat/Documents/GitHub/MechwarriorRecomp/research/extract/decoded_pck/BMAPCK_TBL.decoded.bin,pck_object_0063_part_000_choice_000_frame_225,pck_object_0063,pck_object_0063_part_000,pck_object_0063_part_000_choice_000,0,0,225,0x0085D7,0,115,0x0085D9,0073FF2EFF7AFE73,FF2EFF7AFE73FFCEFF2AFE77FF1E005C
C:/Users/MadCat/Documents/GitHub/MechwarriorRecomp/research/extract/decoded_pck/BMAPCK_TBL.decoded.bin,pck_object_0063_part_000_choice_000_frame_226,pck_object_0063,pck_object_0063_part_000,pck_object_0063_part_000_choice_000,0,0,226,0x0085DF,255,206,0x0085E1,FFCEFF2AFE77FF1E,FF2AFE77FF1E005CFE74FF1AFFD4FEFD
C:/Users/MadCat/Documents/GitHub/MechwarriorRecomp/research/extract/decoded_pck/BMAPCK_TBL.decoded.bin,pck_object_0063_part_000_choice_000_frame_227,pck_object_0063,pck_object_0063_part_000,pck_object_0063_part_000_choice_000,0,0,227,0x0085E7,0,92,0x0085E9,005CFE74FF1AFFD4,FE74FF1AFFD4FEFD07C7FFB8FFCBFF1A
C:/Users/MadCat/Documents/GitHub/MechwarriorRecomp/research/extract/decoded_pck/BMAPCK_TBL.decoded.bin,pck_object_0063_part_000_choice_000_frame_228,pck_object_0063,pck_object_0063_part_000,pck_object_0063_part_000_choice_000,0,0,228,0x0085EF,254,253,0x0085F1,FEFD07C7FFB8FFCB,07C7FFB8FFCBFF1AFFD4FECEFF1E005C
C:/Users/MadCat/Documents/GitHub/MechwarriorRecomp/research/extract/decoded_pck/BMAPCK_TBL.decoded.bin,pck_object_0063_part_000_choice_000_frame_229,pck_object_0063,pck_object_0063_part_000,pck_object_0063_part_000_choice_000,0,0,229,0x0085F7,255,26,0x0085F9,FF1AFFD4FECEFF1E,FFD4FECEFF1E005CFECAFFCEFF2AFECA
C:/Users/MadCat/Documents/GitHub/MechwarriorRecomp/research/extract/decoded_pck/BMAPCK_TBL.decoded.bin,pck_object_0063_part_000_choice_000_frame_230,pck_object_0063,pck_object_0063_part_000,pck_object_0063_part_000_choice_000,0,0,230,0x0085FF,0,92,0x008601,005CFECAFFCEFF2A,FECAFFCEFF2AFECAFF2EFF7AFE00006D
C:/Users/MadCat/Documents/GitHub/MechwarriorRecomp/research/extract/decoded_pck/BMAPCK_TBL.decoded.bin,pck_object_0063_part_000_choice_000_frame_231,pck_object_0063,pck_object_0063_part_000,pck_object_0063_part_000_choice_000,0,0,231,0x008607,254,202,0x008609,FECAFF2EFF7AFE00,FF2EFF7AFE00006DFCD9F800005A0343
C:/Users/MadCat/Documents/GitHub/MechwarriorRecomp/research/extract/decoded_pck/BMAPCK_TBL.decoded.bin,pck_object_0063_part_000_choice_000_frame_232,pck_object_0063,pck_object_0063_part_000,pck_object_0063_part_000_choice_000,0,0,232,0x00860F,0,109,0x008611,006DFCD9F800005A,FCD9F800005A0343076AFFA90029FE00
C:/Users/MadCat/Documents/GitHub/MechwarriorRecomp/research/extract/decoded_pck/BMAPCK_TBL.decoded.bin,pck_object_0063_part_000_choice_000_frame_233,pck_object_0063,pck_object_0063_part_000,pck_object_0063_part_000_choice_000,0,0,233,0x008617,3,67,0x008619,0343076AFFA90029,076AFFA90029FE00007101DE075EFFA1
C:/Users/MadCat/Documents/GitHub/MechwarriorRecomp/research/extract/decoded_pck/BMAPCK_TBL.decoded.bin,pck_object_0063_part_000_choice_000_frame_234,pck_object_0063,pck_object_0063_part_000,pck_object_0063_part_000_choice_000,0,0,234,0x00861F,254,0,0x008621,FE00007101DE075E,007101DE075EFFA10044FEE7FFA10044
C:/Users/MadCat/Documents/GitHub/MechwarriorRecomp/research/extract/decoded_pck/BMAPCK_TBL.decoded.bin,pck_object_0063_part_000_choice_000_frame_235,pck_object_0063,pck_object_0063_part_000,pck_object_0063_part_000_choice_000,0,0,235,0x008627,255,161,0x008629,FFA10044FEE7FFA1,0044FEE7FFA10044FE890706FF8002E5
C:/Users/MadCat/Documents/GitHub/MechwarriorRecomp/research/extract/decoded_pck/BMAPCK_TBL.decoded.bin,pck_object_0063_part_000_choice_000_frame_236,pck_object_0063,pck_object_0063_part_000,pck_object_0063_part_000_choice_000,0,0,236,0x00862F,0,68,0x008631,0044FE890706FF80,FE890706FF8002E5FFC3FFF3FDCCFFCE
C:/Users/MadCat/Documents/GitHub/MechwarriorRecomp/research/extract/decoded_pck/BMAPCK_TBL.decoded.bin,pck_object_0063_part_000_choice_000_frame_237,pck_object_0063,pck_object_0063_part_000,pck_object_0063_part_000_choice_000,0,0,237,0x008637,2,229,0x008639,02E5FFC3FFF3FDCC,FFC3FFF3FDCCFFCEFF2AFE58F8EAFE0B
C:/Users/MadCat/Documents/GitHub/MechwarriorRecomp/research/extract/decoded_pck/BMAPCK_TBL.decoded.bin,pck_object_0063_part_000_choice_000_frame_238,pck_object_0063,pck_object_0063_part_000,pck_object_0063_part_000_choice_000,0,0,238,0x00863F,255,206,0x008641,FFCEFF2AFE58F8EA,FF2AFE58F8EAFE0B0275FFCEFF2AFE5C
C:/Users/MadCat/Documents/GitHub/MechwarriorRecomp/research/extract/decoded_pck/BMAPCK_TBL.decoded.bin,pck_object_0063_part_000_choice_000_frame_239,pck_object_0063,pck_object_0063_part_000,pck_object_0063_part_000_choice_000,0,0,239,0x008647,254,11,0x008649,FE0B0275FFCEFF2A,0275FFCEFF2AFE5CFFC3FFF3FD000028
C:/Users/MadCat/Documents/GitHub/MechwarriorRecomp/research/extract/decoded_pck/BMAPCK_TBL.decoded.bin,pck_object_0063_part_000_choice_000_frame_240,pck_object_0063,pck_object_0063_part_000,pck_object_0063_part_000_choice_000,0,0,240,0x00864F,254,92,0x008651,FE5CFFC3FFF3FD00,FFC3FFF3FD000028F891010000BD027D
C:/Users/MadCat/Documents/GitHub/MechwarriorRecomp/research/extract/decoded_pck/BMAPCK_TBL.decoded.bin,pck_object_0063_part_000_choice_000_frame_241,pck_object_0063,pck_object_0063_part_000,pck_object_0063_part_000_choice_000,0,0,241,0x008657,0,40,0x008659,0028F891010000BD,F891010000BD027DF801002601000006
C:/Users/MadCat/Documents/GitHub/MechwarriorRecomp/research/extract/decoded_pck/BMAPCK_TBL.decoded.bin,pck_object_0063_part_000_choice_000_frame_242,pck_object_0063,pck_object_0063_part_000,pck_object_0063_part_000_choice_000,0,0,242,0x00865F,2,125,0x008661,027DF80100260100,F801002601000006002E010808810707
C:/Users/MadCat/Documents/GitHub/MechwarriorRecomp/research/extract/decoded_pck/BMAPCK_TBL.decoded.bin,pck_object_0063_part_000_choice_000_frame_243,pck_object_0063,pck_object_0063_part_000,pck_object_0063_part_000_choice_000,0,0,243,0x008667,0,6,0x008669,0006002E01080881,002E0108088107070000015E01810808
C:/Users/MadCat/Documents/GitHub/MechwarriorRecomp/research/extract/decoded_pck/BMAPCK_TBL.decoded.bin,pck_object_0063_part_000_choice_000_frame_244,pck_object_0063,pck_object_0063_part_000,pck_object_0063_part_000_choice_000,0,0,244,0x00866F,7,7,0x008671,07070000015E0181,0000015E018108080808076401810C0C
C:/Users/MadCat/Documents/GitHub/MechwarriorRecomp/research/extract/decoded_pck/BMAPCK_TBL.decoded.bin,pck_object_0063_part_000_choice_000_frame_245,pck_object_0063,pck_object_0063_part_000,pck_object_0063_part_000_choice_000,0,0,245,0x008677,8,8,0x008679,0808080807640181,0808076401810C0C00000D6A01810F0F
C:/Users/MadCat/Documents/GitHub/MechwarriorRecomp/research/extract/decoded_pck/BMAPCK_TBL.decoded.bin,pck_object_0063_part_000_choice_000_frame_246,pck_object_0063,pck_object_0063_part_000,pck_object_0063_part_000_choice_000,0,0,246,0x00867F,12,12,0x008681,0C0C00000D6A0181,00000D6A01810F0F00000E6F01810808
C:/Users/MadCat/Documents/GitHub/MechwarriorRecomp/research/extract/decoded_pck/BMAPCK_TBL.decoded.bin,pck_object_0063_part_000_choice_000_frame_247,pck_object_0063,pck_object_0063_part_000,pck_object_0063_part_000_choice_000,0,0,247,0x008687,15,15,0x008689,0F0F00000E6F0181,00000E6F0181080808080F7401810404
C:/Users/MadCat/Documents/GitHub/MechwarriorRecomp/research/extract/decoded_pck/BMAPCK_TBL.decoded.bin,pck_object_0063_part_000_choice_000_frame_248,pck_object_0063,pck_object_0063_part_000,pck_object_0063_part_000_choice_000,0,0,248,0x00868F,8,8,0x008691,080808080F740181,08080F74018104040808107901020304
C:/Users/MadCat/Documents/GitHub/MechwarriorRecomp/research/extract/decoded_pck/BMAPCK_TBL.decoded.bin,pck_object_0063_part_000_choice_000_frame_249,pck_object_0063,pck_object_0063_part_000,pck_object_0063_part_000_choice_000,0,0,249,0x008697,4,4,0x008699,0404080810790102,08081079010203040506FF08090A0B0C
C:/Users/MadCat/Documents/GitHub/MechwarriorRecomp/research/extract/decoded_pck/BMAPCK_TBL.decoded.bin,pck_object_0063_part_000_choice_000_frame_250,pck_object_0063,pck_object_0063_part_000,pck_object_0063_part_000_choice_000,0,0,250,0x00869F,3,4,0x0086A1,03040506FF08090A,0506FF08090A0B0CFF06080C02FF020C
C:/Users/MadCat/Documents/GitHub/MechwarriorRecomp/research/extract/decoded_pck/BMAPCK_TBL.decoded.bin,pck_object_0063_part_000_choice_000_frame_251,pck_object_0063,pck_object_0063_part_000,pck_object_0063_part_000_choice_000,0,0,251,0x0086A7,11,12,0x0086A9,0B0CFF06080C02FF,FF06080C02FF020C0B03FF030B0A04FF
C:/Users/MadCat/Documents/GitHub/MechwarriorRecomp/research/extract/decoded_pck/BMAPCK_TBL.decoded.bin,pck_object_0063_part_000_choice_000_frame_252,pck_object_0063,pck_object_0063_part_000,pck_object_0063_part_000_choice_000,0,0,252,0x0086AF,2,12,0x0086B1,020C0B03FF030B0A,0B03FF030B0A04FF05090806FF010082
C:/Users/MadCat/Documents/GitHub/MechwarriorRecomp/research/extract/decoded_pck/BMAPCK_TBL.decoded.bin,pck_object_0063_part_000_choice_000_frame_253,pck_object_0063,pck_object_0063_part_000,pck_object_0063_part_000_choice_000,0,0,253,0x0086B7,4,255,0x0086B9,04FF05090806FF01,05090806FF01008201000004008A0100
C:/Users/MadCat/Documents/GitHub/MechwarriorRecomp/research/extract/decoded_pck/BMAPCK_TBL.decoded.bin,pck_object_0063_part_000_choice_000_frame_254,pck_object_0063,pck_object_0063_part_000,pck_object_0063_part_000_choice_000,0,0,254,0x0086BF,0,130,0x0086C1,008201000004008A,01000004008A010000810808080812AA
C:/Users/MadCat/Documents/GitHub/MechwarriorRecomp/research/extract/decoded_pck/BMAPCK_TBL.decoded.bin,pck_object_0063_part_000_choice_000_frame_255,pck_object_0063,pck_object_0063_part_000,pck_object_0063_part_000_choice_000,0,0,255,0x0086C7,1,0,0x0086C9,0100008108080808,00810808080812AA01810000000017AF
C:/Users/MadCat/Documents/GitHub/MechwarriorRecomp/research/extract/decoded_pck/BMAPCK_TBL.decoded.bin,pck_object_0065_part_000_choice_000_frame_000,pck_object_0065,pck_object_0065_part_000,pck_object_0065_part_000_choice_000,0,0,0,0x00825E,88,1,0x008260,5801810808080807,8108080808075E01810C0C00000D6401
C:/Users/MadCat/Documents/GitHub/MechwarriorRecomp/research/extract/decoded_pck/BMAPCK_TBL.decoded.bin,pck_object_0065_part_000_choice_000_frame_001,pck_object_0065,pck_object_0065_part_000,pck_object_0065_part_000_choice_000,0,0,1,0x008266,94,1,0x008268,5E01810C0C00000D,810C0C00000D6401810F0F00000E6901
C:/Users/MadCat/Documents/GitHub/MechwarriorRecomp/research/extract/decoded_pck/BMAPCK_TBL.decoded.bin,pck_object_0065_part_000_choice_000_frame_002,pck_object_0065,pck_object_0065_part_000,pck_object_0065_part_000_choice_000,0,0,2,0x00826E,100,1,0x008270,6401810F0F00000E,810F0F00000E690181080808080F6E01
C:/Users/MadCat/Documents/GitHub/MechwarriorRecomp/research/extract/decoded_pck/BMAPCK_TBL.decoded.bin,pck_object_0065_part_000_choice_000_frame_003,pck_object_0065,pck_object_0065_part_000,pck_object_0065_part_000_choice_000,0,0,3,0x008276,105,1,0x008278,690181080808080F,81080808080F6E018104040808107301
C:/Users/MadCat/Documents/GitHub/MechwarriorRecomp/research/extract/decoded_pck/BMAPCK_TBL.decoded.bin,pck_object_0065_part_000_choice_000_frame_004,pck_object_0065,pck_object_0065_part_000,pck_object_0065_part_000_choice_000,0,0,4,0x00827E,110,1,0x008280,6E01810404080810,81040408081073010203040506FF0809
C:/Users/MadCat/Documents/GitHub/MechwarriorRecomp/research/extract/decoded_pck/BMAPCK_TBL.decoded.bin,pck_object_0065_part_000_choice_000_frame_005,pck_object_0065,pck_object_0065_part_000,pck_object_0065_part_000_choice_000,0,0,5,0x008286,115,1,0x008288,73010203040506FF,0203040506FF08090A0B0CFF06080C02
C:/Users/MadCat/Documents/GitHub/MechwarriorRecomp/research/extract/decoded_pck/BMAPCK_TBL.decoded.bin,pck_object_0065_part_001_choice_000_frame_000,pck_object_0065,pck_object_0065_part_001,pck_object_0065_part_001_choice_000,1,0,0,0x0082BA,164,1,0x0082BC,A401810000000016,810000000016A90181040401011AAE01
C:/Users/MadCat/Documents/GitHub/MechwarriorRecomp/research/extract/decoded_pck/BMAPCK_TBL.decoded.bin,pck_object_0065_part_001_choice_000_frame_001,pck_object_0065,pck_object_0065_part_001,pck_object_0065_part_001_choice_000,1,0,1,0x0082C2,169,1,0x0082C4,A90181040401011A,81040401011AAE0181070701011BB301
C:/Users/MadCat/Documents/GitHub/MechwarriorRecomp/research/extract/decoded_pck/BMAPCK_TBL.decoded.bin,pck_object_0065_part_001_choice_000_frame_002,pck_object_0065,pck_object_0065_part_001,pck_object_0065_part_001_choice_000,1,0,2,0x0082CA,174,1,0x0082CC,AE0181070701011B,81070701011BB30113141505FF091718
C:/Users/MadCat/Documents/GitHub/MechwarriorRecomp/research/extract/decoded_pck/BMAPCK_TBL.decoded.bin,pck_object_0065_part_001_choice_000_frame_003,pck_object_0065,pck_object_0065_part_001,pck_object_0065_part_001_choice_000,1,0,3,0x0082D2,179,1,0x0082D4,B30113141505FF09,13141505FF09171819FF13191814FF15
C:/Users/MadCat/Documents/GitHub/MechwarriorRecomp/research/extract/decoded_pck/BMAPCK_TBL.decoded.bin,pck_object_0065_part_002_choice_000_frame_000,pck_object_0065,pck_object_0065_part_002,pck_object_0065_part_002_choice_000,2,0,0,0x0082FA,236,1,0x0082FC,EC01810000000020,810000000020F101810000000023F601
C:/Users/MadCat/Documents/GitHub/MechwarriorRecomp/research/extract/decoded_pck/BMAPCK_TBL.decoded.bin,pck_object_0065_part_002_choice_000_frame_001,pck_object_0065,pck_object_0065_part_002,pck_object_0065_part_002_choice_000,2,0,1,0x008302,241,1,0x008304,F101810000000023,810000000023F601810000000026FB01
C:/Users/MadCat/Documents/GitHub/MechwarriorRecomp/research/extract/decoded_pck/BMAPCK_TBL.decoded.bin,pck_object_0065_part_002_choice_000_frame_002,pck_object_0065,pck_object_0065_part_002,pck_object_0065_part_002_choice_000,2,0,2,0x00830A,246,1,0x00830C,F601810000000026,810000000026FB018100000000270002
C:/Users/MadCat/Documents/GitHub/MechwarriorRecomp/research/extract/decoded_pck/BMAPCK_TBL.decoded.bin,pck_object_0065_part_002_choice_000_frame_003,pck_object_0065,pck_object_0065_part_002,pck_object_0065_part_002_choice_000,2,0,3,0x008312,251,1,0x008314,FB01810000000027,8100000000270002151E1F17FF171F21
C:/Users/MadCat/Documents/GitHub/MechwarriorRecomp/research/extract/decoded_pck/BMAPCK_TBL.decoded.bin,pck_object_0065_part_002_choice_000_frame_004,pck_object_0065,pck_object_0065_part_002,pck_object_0065_part_002_choice_000,2,0,4,0x00831A,0,2,0x00831C,0002151E1F17FF17,151E1F17FF171F2122FF1E152425FF24
C:/Users/MadCat/Documents/GitHub/MechwarriorRecomp/research/extract/decoded_pck/BMAPCK_TBL.decoded.bin,pck_object_0067_part_000_choice_000_frame_000,pck_object_0067,pck_object_0067_part_000,pck_object_0067_part_000_choice_000,0,0,0,0x008666,0,0,0x008668,000006002E010808,06002E0108088107070000015E018108
C:/Users/MadCat/Documents/GitHub/MechwarriorRecomp/research/extract/decoded_pck/BMAPCK_TBL.decoded.bin,pck_object_0067_part_001_choice_000_frame_000,pck_object_0067,pck_object_0067_part_001,pck_object_0067_part_001_choice_000,1,0,0,0x0086C2,0,0,0x0086C4,000004008A010000,04008A010000810808080812AA018100
C:/Users/MadCat/Documents/GitHub/MechwarriorRecomp/research/extract/decoded_pck/BMAPCK_TBL.decoded.bin,pck_object_0067_part_002_choice_000_frame_000,pck_object_0067,pck_object_0067_part_002,pck_object_0067_part_002_choice_000,2,0,0,0x008702,0,0,0x008704,00000500CA010000,0500CA01000081000000001FF2018100
C:/Users/MadCat/Documents/GitHub/MechwarriorRecomp/research/extract/decoded_pck/BMAPCK_TBL.decoded.bin,pck_object_0069_part_000_choice_000_frame_000,pck_object_0069,pck_object_0069_part_000,pck_object_0069_part_000_choice_000,0,0,0,0x008A7E,88,1,0x008A80,5801810707000007,8107070000075E01810C0C00000D6401
C:/Users/MadCat/Documents/GitHub/MechwarriorRecomp/research/extract/decoded_pck/BMAPCK_TBL.decoded.bin,pck_object_0069_part_000_choice_000_frame_001,pck_object_0069,pck_object_0069_part_000,pck_object_0069_part_000_choice_000,0,0,1,0x008A86,94,1,0x008A88,5E01810C0C00000D,810C0C00000D6401810F0F00000E6901
C:/Users/MadCat/Documents/GitHub/MechwarriorRecomp/research/extract/decoded_pck/BMAPCK_TBL.decoded.bin,pck_object_0069_part_000_choice_000_frame_002,pck_object_0069,pck_object_0069_part_000,pck_object_0069_part_000_choice_000,0,0,2,0x008A8E,100,1,0x008A90,6401810F0F00000E,810F0F00000E690181080808080F6E01
C:/Users/MadCat/Documents/GitHub/MechwarriorRecomp/research/extract/decoded_pck/BMAPCK_TBL.decoded.bin,pck_object_0069_part_000_choice_000_frame_003,pck_object_0069,pck_object_0069_part_000,pck_object_0069_part_000_choice_000,0,0,3,0x008A96,105,1,0x008A98,690181080808080F,81080808080F6E018104040808107301
C:/Users/MadCat/Documents/GitHub/MechwarriorRecomp/research/extract/decoded_pck/BMAPCK_TBL.decoded.bin,pck_object_0069_part_000_choice_000_frame_004,pck_object_0069,pck_object_0069_part_000,pck_object_0069_part_000_choice_000,0,0,4,0x008A9E,110,1,0x008AA0,6E01810404080810,81040408081073010203040506FF0809
C:/Users/MadCat/Documents/GitHub/MechwarriorRecomp/research/extract/decoded_pck/BMAPCK_TBL.decoded.bin,pck_object_0069_part_000_choice_000_frame_005,pck_object_0069,pck_object_0069_part_000,pck_object_0069_part_000_choice_000,0,0,5,0x008AA6,115,1,0x008AA8,73010203040506FF,0203040506FF08090A0B0CFF06080C02
C:/Users/MadCat/Documents/GitHub/MechwarriorRecomp/research/extract/decoded_pck/BMAPCK_TBL.decoded.bin,pck_object_0069_part_001_choice_000_frame_000,pck_object_0069,pck_object_0069_part_001,pck_object_0069_part_001_choice_000,1,0,0,0x008ADA,164,1,0x008ADC,A401810808080816,810808080816A90181040401011AAE01
C:/Users/MadCat/Documents/GitHub/MechwarriorRecomp/research/extract/decoded_pck/BMAPCK_TBL.decoded.bin,pck_object_0069_part_001_choice_000_frame_001,pck_object_0069,pck_object_0069_part_001,pck_object_0069_part_001_choice_000,1,0,1,0x008AE2,169,1,0x008AE4,A90181040401011A,81040401011AAE0181070701011BB301
C:/Users/MadCat/Documents/GitHub/MechwarriorRecomp/research/extract/decoded_pck/BMAPCK_TBL.decoded.bin,pck_object_0069_part_001_choice_000_frame_002,pck_object_0069,pck_object_0069_part_001,pck_object_0069_part_001_choice_000,1,0,2,0x008AEA,174,1,0x008AEC,AE0181070701011B,81070701011BB30113141505FF091718
C:/Users/MadCat/Documents/GitHub/MechwarriorRecomp/research/extract/decoded_pck/BMAPCK_TBL.decoded.bin,pck_object_0069_part_001_choice_000_frame_003,pck_object_0069,pck_object_0069_part_001,pck_object_0069_part_001_choice_000,1,0,3,0x008AF2,179,1,0x008AF4,B30113141505FF09,13141505FF09171819FF13191814FF15
C:/Users/MadCat/Documents/GitHub/MechwarriorRecomp/research/extract/decoded_pck/BMAPCK_TBL.decoded.bin,pck_object_0069_part_002_choice_000_frame_000,pck_object_0069,pck_object_0069_part_002,pck_object_0069_part_002_choice_000,2,0,0,0x008B1A,236,1,0x008B1C,EC01810000000020,810000000020F101810000000023F601
C:/Users/MadCat/Documents/GitHub/MechwarriorRecomp/research/extract/decoded_pck/BMAPCK_TBL.decoded.bin,pck_object_0069_part_002_choice_000_frame_001,pck_object_0069,pck_object_0069_part_002,pck_object_0069_part_002_choice_000,2,0,1,0x008B22,241,1,0x008B24,F101810000000023,810000000023F601810000000026FB01
C:/Users/MadCat/Documents/GitHub/MechwarriorRecomp/research/extract/decoded_pck/BMAPCK_TBL.decoded.bin,pck_object_0069_part_002_choice_000_frame_002,pck_object_0069,pck_object_0069_part_002,pck_object_0069_part_002_choice_000,2,0,2,0x008B2A,246,1,0x008B2C,F601810000000026,810000000026FB018100000000270002
C:/Users/MadCat/Documents/GitHub/MechwarriorRecomp/research/extract/decoded_pck/BMAPCK_TBL.decoded.bin,pck_object_0069_part_002_choice_000_frame_003,pck_object_0069,pck_object_0069_part_002,pck_object_0069_part_002_choice_000,2,0,3,0x008B32,251,1,0x008B34,FB01810000000027,8100000000270002151E1F17FF171F21
C:/Users/MadCat/Documents/GitHub/MechwarriorRecomp/research/extract/decoded_pck/BMAPCK_TBL.decoded.bin,pck_object_0069_part_002_choice_000_frame_004,pck_object_0069,pck_object_0069_part_002,pck_object_0069_part_002_choice_000,2,0,4,0x008B3A,0,2,0x008B3C,0002151E1F17FF17,151E1F17FF171F2122FF1E152425FF24
C:/Users/MadCat/Documents/GitHub/MechwarriorRecomp/research/extract/decoded_pck/BMAPCK_TBL.decoded.bin,pck_object_0073_part_000_choice_000_frame_000,pck_object_0073,pck_object_0073_part_000,pck_object_0073_part_000_choice_000,0,0,0,0x0099EB,31,30,0x0099ED,1F1E18FF2F303132,18FF2F3031323334FF152F3416FF1634
C:/Users/MadCat/Documents/GitHub/MechwarriorRecomp/research/extract/decoded_pck/BMAPCK_TBL.decoded.bin,pck_object_0073_part_000_choice_000_frame_001,pck_object_0073,pck_object_0073_part_000,pck_object_0073_part_000_choice_000,0,0,1,0x0099F3,51,52,0x0099F5,3334FF152F3416FF,FF152F3416FF16343337FF37333239FF
C:/Users/MadCat/Documents/GitHub/MechwarriorRecomp/research/extract/decoded_pck/BMAPCK_TBL.decoded.bin,pck_object_0073_part_000_choice_000_frame_002,pck_object_0073,pck_object_0073_part_000,pck_object_0073_part_000_choice_000,0,0,2,0x0099FB,22,52,0x0099FD,16343337FF373332,3337FF37333239FF3932313BFF3B3130
C:/Users/MadCat/Documents/GitHub/MechwarriorRecomp/research/extract/decoded_pck/BMAPCK_TBL.decoded.bin,pck_object_0073_part_000_choice_000_frame_003,pck_object_0073,pck_object_0073_part_000,pck_object_0073_part_000_choice_000,0,0,3,0x009A03,57,255,0x009A05,39FF3932313BFF3B,3932313BFF3B31303DFF3D302F15FF18
C:/Users/MadCat/Documents/GitHub/MechwarriorRecomp/research/extract/decoded_pck/BMAPCK_TBL.decoded.bin,pck_object_0073_part_000_choice_000_frame_004,pck_object_0073,pck_object_0073_part_000,pck_object_0073_part_000_choice_000,0,0,4,0x009A0B,49,48,0x009A0D,31303DFF3D302F15,3DFF3D302F15FF1816372CFF2C37392A
C:/Users/MadCat/Documents/GitHub/MechwarriorRecomp/research/extract/decoded_pck/BMAPCK_TBL.decoded.bin,pck_object_0073_part_000_choice_000_frame_005,pck_object_0073,pck_object_0073_part_000,pck_object_0073_part_000_choice_000,0,0,5,0x009A13,255,24,0x009A15,FF1816372CFF2C37,16372CFF2C37392AFF2A393B28FF283B
C:/Users/MadCat/Documents/GitHub/MechwarriorRecomp/research/extract/decoded_pck/BMAPCK_TBL.decoded.bin,pck_object_0073_part_000_choice_000_frame_006,pck_object_0073,pck_object_0073_part_000,pck_object_0073_part_000_choice_000,0,0,6,0x009A1B,57,42,0x009A1D,392AFF2A393B28FF,FF2A393B28FF283B3D26FF263D151AFF
C:/Users/MadCat/Documents/GitHub/MechwarriorRecomp/research/extract/decoded_pck/BMAPCK_TBL.decoded.bin,pck_object_0076_part_001_choice_000_frame_000,pck_object_0076,pck_object_0076_part_001,pck_object_0076_part_001_choice_000,1,0,0,0x009A2D,128,0,0x009A2F,80001D0200000000,1D0200000000000003001B0000443300
C:/Users/MadCat/Documents/GitHub/MechwarriorRecomp/research/extract/decoded_pck/BMAPCK_TBL.decoded.bin,pck_object_0076_part_001_choice_000_frame_001,pck_object_0076,pck_object_0076_part_001,pck_object_0076_part_001_choice_000,1,0,1,0x009A35,0,0,0x009A37,000003001B000044,03001B00004433000100CB010E443300
C:/Users/MadCat/Documents/GitHub/MechwarriorRecomp/research/extract/decoded_pck/BMAPCK_TBL.decoded.bin,pck_object_0076_part_001_choice_000_frame_002,pck_object_0076,pck_object_0076_part_001,pck_object_0076_part_001_choice_000,1,0,2,0x009A3D,51,0,0x009A3F,33000100CB010E44,0100CB010E443300010018021C443300
C:/Users/MadCat/Documents/GitHub/MechwarriorRecomp/research/extract/decoded_pck/BMAPCK_TBL.decoded.bin,pck_object_0076_part_001_choice_000_frame_003,pck_object_0076,pck_object_0076_part_001,pck_object_0076_part_001_choice_000,1,0,3,0x009A45,51,0,0x009A47,3300010018021C44,010018021C4433000100650200000800
C:/Users/MadCat/Documents/GitHub/MechwarriorRecomp/research/extract/decoded_pck/BMAPCK_TBL.decoded.bin,pck_object_0076_part_001_choice_000_frame_004,pck_object_0076,pck_object_0076_part_001,pck_object_0076_part_001_choice_000,1,0,4,0x009A4D,51,0,0x009A4F,3300010065020000,0100650200000800CEFF00006E0122F8
C:/Users/MadCat/Documents/GitHub/MechwarriorRecomp/research/extract/decoded_pck/BMAPCK_TBL.decoded.bin,pck_object_0076_part_001_choice_000_frame_005,pck_object_0076,pck_object_0076_part_001,pck_object_0076_part_001_choice_000,1,0,5,0x009A55,8,0,0x009A57,0800CEFF00006E01,CEFF00006E0122F8CCFF85FE81FE3000
C:/Users/MadCat/Documents/GitHub/MechwarriorRecomp/research/extract/decoded_pck/BMAPCK_TBL.decoded.bin,pck_object_0076_part_001_choice_000_frame_006,pck_object_0076,pck_object_0076_part_001,pck_object_0076_part_001_choice_000,1,0,6,0x009A5D,34,248,0x009A5F,22F8CCFF85FE81FE,CCFF85FE81FE300085FE81FE3200E8FE
C:/Users/MadCat/Documents/GitHub/MechwarriorRecomp/research/extract/decoded_pck/BMAPCK_TBL.decoded.bin,pck_object_0076_part_001_choice_000_frame_007,pck_object_0076,pck_object_0076_part_001,pck_object_0076_part_001_choice_000,1,0,7,0x009A65,48,0,0x009A67,300085FE81FE3200,85FE81FE3200E8FE93FECEFFE8FE93FE
C:/Users/MadCat/Documents/GitHub/MechwarriorRecomp/research/extract/decoded_pck/BMAPCK_TBL.decoded.bin,pck_object_0076_part_001_choice_000_frame_008,pck_object_0076,pck_object_0076_part_001,pck_object_0076_part_001_choice_000,1,0,8,0x009A6D,232,254,0x009A6F,E8FE93FECEFFE8FE,93FECEFFE8FE93FE01F828000600CEFF
C:/Users/MadCat/Documents/GitHub/MechwarriorRecomp/research/extract/decoded_pck/BMAPCK_TBL.decoded.bin,pck_object_0076_part_002_choice_000_frame_000,pck_object_0076,pck_object_0076_part_002,pck_object_0076_part_002_choice_000,2,0,0,0x009A2D,128,0,0x009A2F,80001D0200000000,1D0200000000000003001B0000443300
C:/Users/MadCat/Documents/GitHub/MechwarriorRecomp/research/extract/decoded_pck/BMAPCK_TBL.decoded.bin,pck_object_0076_part_002_choice_000_frame_001,pck_object_0076,pck_object_0076_part_002,pck_object_0076_part_002_choice_000,2,0,1,0x009A35,0,0,0x009A37,000003001B000044,03001B00004433000100CB010E443300
C:/Users/MadCat/Documents/GitHub/MechwarriorRecomp/research/extract/decoded_pck/BMAPCK_TBL.decoded.bin,pck_object_0076_part_002_choice_000_frame_002,pck_object_0076,pck_object_0076_part_002,pck_object_0076_part_002_choice_000,2,0,2,0x009A3D,51,0,0x009A3F,33000100CB010E44,0100CB010E443300010018021C443300
C:/Users/MadCat/Documents/GitHub/MechwarriorRecomp/research/extract/decoded_pck/BMAPCK_TBL.decoded.bin,pck_object_0076_part_002_choice_000_frame_003,pck_object_0076,pck_object_0076_part_002,pck_object_0076_part_002_choice_000,2,0,3,0x009A45,51,0,0x009A47,3300010018021C44,010018021C4433000100650200000800
C:/Users/MadCat/Documents/GitHub/MechwarriorRecomp/research/extract/decoded_pck/BMAPCK_TBL.decoded.bin,pck_object_0076_part_002_choice_000_frame_004,pck_object_0076,pck_object_0076_part_002,pck_object_0076_part_002_choice_000,2,0,4,0x009A4D,51,0,0x009A4F,3300010065020000,0100650200000800CEFF00006E0122F8
C:/Users/MadCat/Documents/GitHub/MechwarriorRecomp/research/extract/decoded_pck/BMAPCK_TBL.decoded.bin,pck_object_0076_part_002_choice_000_frame_005,pck_object_0076,pck_object_0076_part_002,pck_object_0076_part_002_choice_000,2,0,5,0x009A55,8,0,0x009A57,0800CEFF00006E01,CEFF00006E0122F8CCFF85FE81FE3000
C:/Users/MadCat/Documents/GitHub/MechwarriorRecomp/research/extract/decoded_pck/BMAPCK_TBL.decoded.bin,pck_object_0076_part_002_choice_000_frame_006,pck_object_0076,pck_object_0076_part_002,pck_object_0076_part_002_choice_000,2,0,6,0x009A5D,34,248,0x009A5F,22F8CCFF85FE81FE,CCFF85FE81FE300085FE81FE3200E8FE
C:/Users/MadCat/Documents/GitHub/MechwarriorRecomp/research/extract/decoded_pck/BMAPCK_TBL.decoded.bin,pck_object_0076_part_002_choice_000_frame_007,pck_object_0076,pck_object_0076_part_002,pck_object_0076_part_002_choice_000,2,0,7,0x009A65,48,0,0x009A67,300085FE81FE3200,85FE81FE3200E8FE93FECEFFE8FE93FE
C:/Users/MadCat/Documents/GitHub/MechwarriorRecomp/research/extract/decoded_pck/BMAPCK_TBL.decoded.bin,pck_object_0076_part_002_choice_000_frame_008,pck_object_0076,pck_object_0076_part_002,pck_object_0076_part_002_choice_000,2,0,8,0x009A6D,232,254,0x009A6F,E8FE93FECEFFE8FE,93FECEFFE8FE93FE01F828000600CEFF
C:/Users/MadCat/Documents/GitHub/MechwarriorRecomp/research/extract/decoded_pck/BMAPCK_TBL.decoded.bin,pck_object_0077_part_000_choice_000_frame_000,pck_object_0077,pck_object_0077_part_000,pck_object_0077_part_000_choice_000,0,0,0,0x009D8C,128,0,0x009D8E,8000660200000000,660200000000000003001A0000443200
C:/Users/MadCat/Documents/GitHub/MechwarriorRecomp/research/extract/decoded_pck/BMAPCK_TBL.decoded.bin,pck_object_0077_part_000_choice_000_frame_001,pck_object_0077,pck_object_0077_part_000,pck_object_0077_part_000_choice_000,0,0,1,0x009D94,0,0,0x009D96,000003001A000044,03001A00004432000100CA010E443200
C:/Users/MadCat/Documents/GitHub/MechwarriorRecomp/research/extract/decoded_pck/BMAPCK_TBL.decoded.bin,pck_object_0077_part_000_choice_000_frame_002,pck_object_0077,pck_object_0077_part_000,pck_object_0077_part_000_choice_000,0,0,2,0x009D9C,50,0,0x009D9E,32000100CA010E44,0100CA010E443200010017021C443200
C:/Users/MadCat/Documents/GitHub/MechwarriorRecomp/research/extract/decoded_pck/BMAPCK_TBL.decoded.bin,pck_object_0077_part_000_choice_000_frame_003,pck_object_0077,pck_object_0077_part_000,pck_object_0077_part_000_choice_000,0,0,3,0x009DA4,50,0,0x009DA6,3200010017021C44,010017021C4432000100640200001400
C:/Users/MadCat/Documents/GitHub/MechwarriorRecomp/research/extract/decoded_pck/BMAPCK_TBL.decoded.bin,pck_object_0077_part_000_choice_000_frame_004,pck_object_0077,pck_object_0077_part_000,pck_object_0077_part_000_choice_000,0,0,4,0x009DAC,50,0,0x009DAE,3200010064020000,0100640200001400D1FF00005A03BDF8
C:/Users/MadCat/Documents/GitHub/MechwarriorRecomp/research/extract/decoded_pck/BMAPCK_TBL.decoded.bin,pck_object_0077_part_000_choice_000_frame_005,pck_object_0077,pck_object_0077_part_000,pck_object_0077_part_000_choice_000,0,0,5,0x009DB4,20,0,0x009DB6,1400D1FF00005A03,D1FF00005A03BDF8CCFF94FE1BFE3000
C:/Users/MadCat/Documents/GitHub/MechwarriorRecomp/research/extract/decoded_pck/BMAPCK_TBL.decoded.bin,pck_object_0077_part_000_choice_000_frame_006,pck_object_0077,pck_object_0077_part_000,pck_object_0077_part_000_choice_000,0,0,6,0x009DBC,189,248,0x009DBE,BDF8CCFF94FE1BFE,CCFF94FE1BFE300094FE1BFE3200EFFE
C:/Users/MadCat/Documents/GitHub/MechwarriorRecomp/research/extract/decoded_pck/BMAPCK_TBL.decoded.bin,pck_object_0077_part_000_choice_000_frame_007,pck_object_0077,pck_object_0077_part_000,pck_object_0077_part_000_choice_000,0,0,7,0x009DC4,48,0,0x009DC6,300094FE1BFE3200,94FE1BFE3200EFFE45FECEFFEFFE45FE
C:/Users/MadCat/Documents/GitHub/MechwarriorRecomp/research/extract/decoded_pck/BMAPCK_TBL.decoded.bin,pck_object_0077_part_000_choice_000_frame_008,pck_object_0077,pck_object_0077_part_000,pck_object_0077_part_000_choice_000,0,0,8,0x009DCC,239,254,0x009DCE,EFFE45FECEFFEFFE,45FECEFFEFFE45FE01F825001100CEFF
C:/Users/MadCat/Documents/GitHub/MechwarriorRecomp/research/extract/decoded_pck/BMAPCK_TBL.decoded.bin,pck_object_0077_part_000_choice_000_frame_009,pck_object_0077,pck_object_0077_part_000,pck_object_0077_part_000_choice_000,0,0,9,0x009DD4,69,254,0x009DD6,45FE01F825001100,01F825001100CEFFC8FE9AFECCFF6CFE
C:/Users/MadCat/Documents/GitHub/MechwarriorRecomp/research/extract/decoded_pck/BMAPCK_TBL.decoded.bin,pck_object_0077_part_000_choice_000_frame_010,pck_object_0077,pck_object_0077_part_000,pck_object_0077_part_000_choice_000,0,0,10,0x009DDC,206,255,0x009DDE,CEFFC8FE9AFECCFF,C8FE9AFECCFF6CFE71FE000045075603
C:/Users/MadCat/Documents/GitHub/MechwarriorRecomp/research/extract/decoded_pck/BMAPCK_TBL.decoded.bin,pck_object_0077_part_000_choice_000_frame_011,pck_object_0077,pck_object_0077_part_000,pck_object_0077_part_000_choice_000,0,0,11,0x009DE4,108,254,0x009DE6,6CFE71FE00004507,71FE0000450756033200C8FE9AFEFF07
C:/Users/MadCat/Documents/GitHub/MechwarriorRecomp/research/extract/decoded_pck/BMAPCK_TBL.decoded.bin,pck_object_0077_part_000_choice_000_frame_012,pck_object_0077,pck_object_0077_part_000,pck_object_0077_part_000_choice_000,0,0,12,0x009DEC,86,3,0x009DEE,56033200C8FE9AFE,3200C8FE9AFEFF07DBFFEFFF30006CFE
C:/Users/MadCat/Documents/GitHub/MechwarriorRecomp/research/extract/decoded_pck/BMAPCK_TBL.decoded.bin,pck_object_0077_part_000_choice_000_frame_013,pck_object_0077,pck_object_0077_part_000,pck_object_0077_part_000_choice_000,0,0,13,0x009DF4,255,7,0x009DF6,FF07DBFFEFFF3000,DBFFEFFF30006CFE71FE0000C0F8A1FC
C:/Users/MadCat/Documents/GitHub/MechwarriorRecomp/research/extract/decoded_pck/BMAPCK_TBL.decoded.bin,pck_object_0077_part_000_choice_000_frame_014,pck_object_0077,pck_object_0077_part_000,pck_object_0077_part_000_choice_000,0,0,14,0x009DFC,108,254,0x009DFE,6CFE71FE0000C0F8,71FE0000C0F8A1FC0000FA00AA000500
C:/Users/MadCat/Documents/GitHub/MechwarriorRecomp/research/extract/decoded_pck/BMAPCK_TBL.decoded.bin,pck_object_0077_part_000_choice_000_frame_015,pck_object_0077,pck_object_0077_part_000,pck_object_0077_part_000_choice_000,0,0,15,0x009E04,161,252,0x009E06,A1FC0000FA00AA00,0000FA00AA0005005C03BEF854FF63FE
C:/Users/MadCat/Documents/GitHub/MechwarriorRecomp/research/extract/decoded_pck/BMAPCK_TBL.decoded.bin,pck_object_0077_part_000_choice_000_frame_016,pck_object_0077,pck_object_0077_part_000,pck_object_0077_part_000_choice_000,0,0,16,0x009E0C,5,0,0x009E0E,05005C03BEF854FF,5C03BEF854FF63FE6CFEA80063FE6DFE
C:/Users/MadCat/Documents/GitHub/MechwarriorRecomp/research/extract/decoded_pck/BMAPCK_TBL.decoded.bin,pck_object_0077_part_000_choice_000_frame_017,pck_object_0077,pck_object_0077_part_000,pck_object_0077_part_000_choice_000,0,0,17,0x009E14,99,254,0x009E16,63FE6CFEA80063FE,6CFEA80063FE6DFEAA00EBFEACFE56FF
C:/Users/MadCat/Documents/GitHub/MechwarriorRecomp/research/extract/decoded_pck/BMAPCK_TBL.decoded.bin,pck_object_0077_part_000_choice_000_frame_018,pck_object_0077,pck_object_0077_part_000,pck_object_0077_part_000_choice_000,0,0,18,0x009E1C,109,254,0x009E1E,6DFEAA00EBFEACFE,AA00EBFEACFE56FFEBFEACFE0BFADBFD
C:/Users/MadCat/Documents/GitHub/MechwarriorRecomp/research/extract/decoded_pck/BMAPCK_TBL.decoded.bin,pck_object_0077_part_000_choice_000_frame_019,pck_object_0077,pck_object_0077_part_000,pck_object_0077_part_000_choice_000,0,0,19,0x009E24,86,255,0x009E26,56FFEBFEACFE0BFA,EBFEACFE0BFADBFDE304A6FFAAFEF1FE
C:/Users/MadCat/Documents/GitHub/MechwarriorRecomp/research/extract/decoded_pck/BMAPCK_TBL.decoded.bin,pck_object_0077_part_000_choice_000_frame_020,pck_object_0077,pck_object_0077_part_000,pck_object_0077_part_000_choice_000,0,0,20,0x009E2C,219,253,0x009E2E,DBFDE304A6FFAAFE,E304A6FFAAFEF1FEA4FF59FECBFE0000
C:/Users/MadCat/Documents/GitHub/MechwarriorRecomp/research/extract/decoded_pck/BMAPCK_TBL.decoded.bin,pck_object_0077_part_000_choice_000_frame_021,pck_object_0077,pck_object_0077_part_000,pck_object_0077_part_000_choice_000,0,0,21,0x009E34,241,254,0x009E36,F1FEA4FF59FECBFE,A4FF59FECBFE00000CF82AFF580059FE
C:/Users/MadCat/Documents/GitHub/MechwarriorRecomp/research/extract/decoded_pck/BMAPCK_TBL.decoded.bin,pck_object_0077_part_000_choice_000_frame_022,pck_object_0077,pck_object_0077_part_000,pck_object_0077_part_000_choice_000,0,0,22,0x009E3C,0,0,0x009E3E,00000CF82AFF5800,0CF82AFF580059FECBFEEF059BFDCC04
C:/Users/MadCat/Documents/GitHub/MechwarriorRecomp/research/extract/decoded_pck/BMAPCK_TBL.decoded.bin,pck_object_0077_part_000_choice_000_frame_023,pck_object_0077,pck_object_0077_part_000,pck_object_0077_part_000_choice_000,0,0,23,0x009E44,89,254,0x009E46,59FECBFEEF059BFD,CBFEEF059BFDCC045A00AAFEF1FE0000
C:/Users/MadCat/Documents/GitHub/MechwarriorRecomp/research/extract/decoded_pck/BMAPCK_TBL.decoded.bin,pck_object_0077_part_000_choice_000_frame_024,pck_object_0077,pck_object_0077_part_000,pck_object_0077_part_000_choice_000,0,0,24,0x009E4C,204,4,0x009E4E,CC045A00AAFEF1FE,5A00AAFEF1FE0000D2057C0500002F00
C:/Users/MadCat/Documents/GitHub/MechwarriorRecomp/research/extract/decoded_pck/BMAPCK_TBL.decoded.bin,pck_object_0077_part_000_choice_000_frame_025,pck_object_0077,pck_object_0077_part_000,pck_object_0077_part_000_choice_000,0,0,25,0x009E54,0,0,0x009E56,0000D2057C050000,D2057C0500002F008400000800000000
C:/Users/MadCat/Documents/GitHub/MechwarriorRecomp/research/extract/decoded_pck/BMAPCK_TBL.decoded.bin,pck_object_0077_part_000_choice_000_frame_026,pck_object_0077,pck_object_0077_part_000,pck_object_0077_part_000_choice_000,0,0,26,0x009E5C,47,0,0x009E5E,2F00840000080000,8400000800000000BC001EFE4AFFBC00
C:/Users/MadCat/Documents/GitHub/MechwarriorRecomp/research/extract/decoded_pck/BMAPCK_TBL.decoded.bin,pck_object_0077_part_000_choice_000_frame_027,pck_object_0077,pck_object_0077_part_000,pck_object_0077_part_000_choice_000,0,0,27,0x009E64,0,0,0x009E66,0000BC001EFE4AFF,BC001EFE4AFFBC00D5FDA2FFBC00DBFD
C:/Users/MadCat/Documents/GitHub/MechwarriorRecomp/research/extract/decoded_pck/BMAPCK_TBL.decoded.bin,pck_object_0077_part_000_choice_000_frame_028,pck_object_0077,pck_object_0077_part_000,pck_object_0077_part_000_choice_000,0,0,28,0x009E6C,188,0,0x009E6E,BC00D5FDA2FFBC00,D5FDA2FFBC00DBFDF2FFBD0035FEEFFF
C:/Users/MadCat/Documents/GitHub/MechwarriorRecomp/research/extract/decoded_pck/BMAPCK_TBL.decoded.bin,pck_object_0077_part_000_choice_000_frame_029,pck_object_0077,pck_object_0077_part_000,pck_object_0077_part_000_choice_000,0,0,29,0x009E74,219,253,0x009E76,DBFDF2FFBD0035FE,F2FFBD0035FEEFFFBE0077FEC0FFBE00
C:/Users/MadCat/Documents/GitHub/MechwarriorRecomp/research/extract/decoded_pck/BMAPCK_TBL.decoded.bin,pck_object_0077_part_000_choice_000_frame_030,pck_object_0077,pck_object_0077_part_000,pck_object_0077_part_000_choice_000,0,0,30,0x009E7C,239,255,0x009E7E,EFFFBE0077FEC0FF,BE0077FEC0FFBE0079FE74FF8206D401
C:/Users/MadCat/Documents/GitHub/MechwarriorRecomp/research/extract/decoded_pck/BMAPCK_TBL.decoded.bin,pck_object_0077_part_000_choice_000_frame_031,pck_object_0077,pck_object_0077_part_000,pck_object_0077_part_000_choice_000,0,0,31,0x009E84,190,0,0x009E86,BE0079FE74FF8206,79FE74FF8206D401BAFB500347073100
C:/Users/MadCat/Documents/GitHub/MechwarriorRecomp/research/extract/decoded_pck/BMAPCK_TBL.decoded.bin,pck_object_0077_part_000_choice_000_frame_032,pck_object_0077,pck_object_0077_part_000,pck_object_0077_part_000_choice_000,0,0,32,0x009E8C,212,1,0x009E8E,D401BAFB50034707,BAFB5003470731005A00BFFEE2FF8C04
C:/Users/MadCat/Documents/GitHub/MechwarriorRecomp/research/extract/decoded_pck/BMAPCK_TBL.decoded.bin,pck_object_0077_part_000_choice_000_frame_033,pck_object_0077,pck_object_0077_part_000,pck_object_0077_part_000_choice_000,0,0,33,0x009E94,49,0,0x009E96,31005A00BFFEE2FF,5A00BFFEE2FF8C04C503640559003AFE
C:/Users/MadCat/Documents/GitHub/MechwarriorRecomp/research/extract/decoded_pck/BMAPCK_TBL.decoded.bin,pck_object_0077_part_000_choice_000_frame_034,pck_object_0077,pck_object_0077_part_000,pck_object_0077_part_000_choice_000,0,0,34,0x009E9C,140,4,0x009E9E,8C04C50364055900,C503640559003AFE1300B70238008507
C:/Users/MadCat/Documents/GitHub/MechwarriorRecomp/research/extract/decoded_pck/BMAPCK_TBL.decoded.bin,pck_object_0077_part_000_choice_000_frame_035,pck_object_0077,pck_object_0077_part_000,pck_object_0077_part_000_choice_000,0,0,35,0x009EA4,58,254,0x009EA6,3AFE1300B7023800,1300B702380085075800C6FD0800C301
C:/Users/MadCat/Documents/GitHub/MechwarriorRecomp/research/extract/decoded_pck/BMAPCK_TBL.decoded.bin,pck_object_0077_part_000_choice_000_frame_036,pck_object_0077,pck_object_0077_part_000,pck_object_0077_part_000_choice_000,0,0,36,0x009EAC,133,7,0x009EAE,85075800C6FD0800,5800C6FD0800C30138F895005800A8FD
C:/Users/MadCat/Documents/GitHub/MechwarriorRecomp/research/extract/decoded_pck/BMAPCK_TBL.decoded.bin,pck_object_0077_part_000_choice_000_frame_037,pck_object_0077,pck_object_0077_part_000,pck_object_0077_part_000_choice_000,0,0,37,0x009EB4,195,1,0x009EB6,C30138F895005800,38F895005800A8FDA3FF93022CFA2BFB
C:/Users/MadCat/Documents/GitHub/MechwarriorRecomp/research/extract/decoded_pck/BMAPCK_TBL.decoded.bin,pck_object_0077_part_000_choice_000_frame_038,pck_object_0077,pck_object_0077_part_000,pck_object_0077_part_000_choice_000,0,0,38,0x009EBC,168,253,0x009EBE,A8FDA3FF93022CFA,A3FF93022CFA2BFB01F81F00000042FF
C:/Users/MadCat/Documents/GitHub/MechwarriorRecomp/research/extract/decoded_pck/BMAPCK_TBL.decoded.bin,pck_object_0077_part_000_choice_000_frame_039,pck_object_0077,pck_object_0077_part_000,pck_object_0077_part_000_choice_000,0,0,39,0x009EC4,43,251,0x009EC6,2BFB01F81F000000,01F81F00000042FF79FE74FF42FF77FE
C:/Users/MadCat/Documents/GitHub/MechwarriorRecomp/research/extract/decoded_pck/BMAPCK_TBL.decoded.bin,pck_object_0077_part_000_choice_000_frame_040,pck_object_0077,pck_object_0077_part_000,pck_object_0077_part_000_choice_000,0,0,40,0x009ECC,66,255,0x009ECE,42FF79FE74FF42FF,79FE74FF42FF77FEC0FF41FF35FEEEFF
C:/Users/MadCat/Documents/GitHub/MechwarriorRecomp/research/extract/decoded_pck/BMAPCK_TBL.decoded.bin,pck_object_0077_part_000_choice_000_frame_041,pck_object_0077,pck_object_0077_part_000,pck_object_0077_part_000_choice_000,0,0,41,0x009ED4,119,254,0x009ED6,77FEC0FF41FF35FE,C0FF41FF35FEEEFF40FFDBFDF1FF40FF
C:/Users/MadCat/Documents/GitHub/MechwarriorRecomp/research/extract/decoded_pck/BMAPCK_TBL.decoded.bin,pck_object_0077_part_000_choice_000_frame_042,pck_object_0077,pck_object_0077_part_000,pck_object_0077_part_000_choice_000,0,0,42,0x009EDC,238,255,0x009EDE,EEFF40FFDBFDF1FF,40FFDBFDF1FF40FFD5FDA0FF40FF1EFE
C:/Users/MadCat/Documents/GitHub/MechwarriorRecomp/research/extract/decoded_pck/BMAPCK_TBL.decoded.bin,pck_object_0077_part_000_choice_000_frame_043,pck_object_0077,pck_object_0077_part_000,pck_object_0077_part_000_choice_000,0,0,43,0x009EE4,64,255,0x009EE6,40FFD5FDA0FF40FF,D5FDA0FF40FF1EFE4AFF81F91202D2FB
C:/Users/MadCat/Documents/GitHub/MechwarriorRecomp/research/extract/decoded_pck/BMAPCK_TBL.decoded.bin,pck_object_0077_part_000_choice_000_frame_044,pck_object_0077,pck_object_0077_part_000,pck_object_0077_part_000_choice_000,0,0,44,0x009EEC,30,254,0x009EEE,1EFE4AFF81F91202,4AFF81F91202D2FB36FD49FA26FBA4FF
C:/Users/MadCat/Documents/GitHub/MechwarriorRecomp/research/extract/decoded_pck/BMAPCK_TBL.decoded.bin,pck_object_0077_part_000_choice_000_frame_045,pck_object_0077,pck_object_0077_part_000,pck_object_0077_part_000_choice_000,0,0,45,0x009EF4,210,251,0x009EF6,D2FB36FD49FA26FB,36FD49FA26FBA4FFA8FDA2FFB8FCBAF8
C:/Users/MadCat/Documents/GitHub/MechwarriorRecomp/research/extract/decoded_pck/BMAPCK_TBL.decoded.bin,pck_object_0077_part_000_choice_000_frame_046,pck_object_0077,pck_object_0077_part_000,pck_object_0077_part_000_choice_000,0,0,46,0x009EFC,164,255,0x009EFE,A4FFA8FDA2FFB8FC,A8FDA2FFB8FCBAF88900A4FFC6FD0800
C:/Users/MadCat/Documents/GitHub/MechwarriorRecomp/research/extract/decoded_pck/BMAPCK_TBL.decoded.bin,pck_object_0077_part_000_choice_000_frame_047,pck_object_0077,pck_object_0077_part_000,pck_object_0077_part_000_choice_000,0,0,47,0x009F04,186,248,0x009F06,BAF88900A4FFC6FD,8900A4FFC6FD080044FE4700CD07A5FF
C:/Users/MadCat/Documents/GitHub/MechwarriorRecomp/research/extract/decoded_pck/BMAPCK_TBL.decoded.bin,pck_object_0077_part_000_choice_000_frame_048,pck_object_0077,pck_object_0077_part_000,pck_object_0077_part_000_choice_000,0,0,48,0x009F0C,8,0,0x009F0E,080044FE4700CD07,44FE4700CD07A5FF3AFE12008BFD6004
C:/Users/MadCat/Documents/GitHub/MechwarriorRecomp/research/extract/decoded_pck/BMAPCK_TBL.decoded.bin,pck_object_0077_part_000_choice_000_frame_049,pck_object_0077,pck_object_0077_part_000,pck_object_0077_part_000_choice_000,0,0,49,0x009F14,165,255,0x009F16,A5FF3AFE12008BFD,3AFE12008BFD60043A06A6FFBFFEE2FF
C:/Users/MadCat/Documents/GitHub/MechwarriorRecomp/research/extract/decoded_pck/BMAPCK_TBL.decoded.bin,pck_object_0077_part_000_choice_000_frame_050,pck_object_0077,pck_object_0077_part_000,pck_object_0077_part_000_choice_000,0,0,50,0x009F1C,96,4,0x009F1E,60043A06A6FFBFFE,3A06A6FFBFFEE2FF4AFB76062B000000
C:/Users/MadCat/Documents/GitHub/MechwarriorRecomp/research/extract/decoded_pck/BMAPCK_TBL.decoded.bin,pck_object_0077_part_000_choice_000_frame_051,pck_object_0077,pck_object_0077_part_000,pck_object_0077_part_000_choice_000,0,0,51,0x009F24,226,255,0x009F26,E2FF4AFB76062B00,4AFB76062B000000D3F9EBFAFDFF54F8
C:/Users/MadCat/Documents/GitHub/MechwarriorRecomp/research/extract/decoded_pck/BMAPCK_TBL.decoded.bin,pck_object_0077_part_000_choice_000_frame_052,pck_object_0077,pck_object_0077_part_000,pck_object_0077_part_000_choice_000,0,0,52,0x009F2C,0,0,0x009F2E,0000D3F9EBFAFDFF,D3F9EBFAFDFF54F84102000051FFF807
C:/Users/MadCat/Documents/GitHub/MechwarriorRecomp/research/extract/decoded_pck/BMAPCK_TBL.decoded.bin,pck_object_0077_part_000_choice_000_frame_053,pck_object_0077,pck_object_0077_part_000,pck_object_0077_part_000_choice_000,0,0,53,0x009F34,84,248,0x009F36,54F84102000051FF,4102000051FFF807F6FFB70286070000
C:/Users/MadCat/Documents/GitHub/MechwarriorRecomp/research/extract/decoded_pck/BMAPCK_TBL.decoded.bin,pck_object_0077_part_000_choice_000_frame_054,pck_object_0077,pck_object_0077_part_000,pck_object_0077_part_000_choice_000,0,0,54,0x009F3C,248,7,0x009F3E,F807F6FFB7028607,F6FFB70286070000F8074FFF0100CE01
C:/Users/MadCat/Documents/GitHub/MechwarriorRecomp/research/extract/decoded_pck/BMAPCK_TBL.decoded.bin,pck_object_0077_part_000_choice_000_frame_055,pck_object_0077,pck_object_0077_part_000,pck_object_0077_part_000_choice_000,0,0,55,0x009F44,0,0,0x009F46,0000F8074FFF0100,F8074FFF0100CE0100000500D6010001
C:/Users/MadCat/Documents/GitHub/MechwarriorRecomp/research/extract/decoded_pck/BMAPCK_TBL.decoded.bin,pck_object_0077_part_000_choice_000_frame_056,pck_object_0077,pck_object_0077_part_000,pck_object_0077_part_000_choice_000,0,0,56,0x009F4C,206,1,0x009F4E,CE0100000500D601,00000500D6010001810000000001FE01
C:/Users/MadCat/Documents/GitHub/MechwarriorRecomp/research/extract/decoded_pck/BMAPCK_TBL.decoded.bin,pck_object_0077_part_000_choice_000_frame_057,pck_object_0077,pck_object_0077_part_000,pck_object_0077_part_000_choice_000,0,0,57,0x009F54,0,1,0x009F56,0001810000000001,810000000001FE018100000808060302
C:/Users/MadCat/Documents/GitHub/MechwarriorRecomp/research/extract/decoded_pck/BMAPCK_TBL.decoded.bin,pck_object_0077_part_000_choice_000_frame_058,pck_object_0077,pck_object_0077_part_000,pck_object_0077_part_000_choice_000,0,0,58,0x009F5C,254,1,0x009F5E,FE01810000080806,81000008080603028101010000090802
C:/Users/MadCat/Documents/GitHub/MechwarriorRecomp/research/extract/decoded_pck/BMAPCK_TBL.decoded.bin,pck_object_0077_part_000_choice_000_frame_059,pck_object_0077,pck_object_0077_part_000,pck_object_0077_part_000_choice_000,0,0,59,0x009F64,3,2,0x009F66,0302810101000009,810101000009080281000008080B0D02
C:/Users/MadCat/Documents/GitHub/MechwarriorRecomp/research/extract/decoded_pck/BMAPCK_TBL.decoded.bin,pck_object_0077_part_000_choice_000_frame_060,pck_object_0077,pck_object_0077_part_000,pck_object_0077_part_000_choice_000,0,0,60,0x009F6C,8,2,0x009F6E,080281000008080B,81000008080B0D0281070708080D1202
C:/Users/MadCat/Documents/GitHub/MechwarriorRecomp/research/extract/decoded_pck/BMAPCK_TBL.decoded.bin,pck_object_0077_part_000_choice_000_frame_061,pck_object_0077,pck_object_0077_part_000,pck_object_0077_part_000_choice_000,0,0,61,0x009F74,13,2,0x009F76,0D0281070708080D,81070708080D120202030405FF020507
C:/Users/MadCat/Documents/GitHub/MechwarriorRecomp/research/extract/decoded_pck/BMAPCK_TBL.decoded.bin,pck_object_0077_part_000_choice_000_frame_062,pck_object_0077,pck_object_0077_part_000,pck_object_0077_part_000_choice_000,0,0,62,0x009F7C,18,2,0x009F7E,120202030405FF02,02030405FF02050708FF0705040AFF0A
C:/Users/MadCat/Documents/GitHub/MechwarriorRecomp/research/extract/decoded_pck/BMAPCK_TBL.decoded.bin,pck_object_0077_part_000_choice_000_frame_063,pck_object_0077,pck_object_0077_part_000,pck_object_0077_part_000_choice_000,0,0,63,0x009F84,5,7,0x009F86,050708FF0705040A,08FF0705040AFF0A04030CFF0C030208
C:/Users/MadCat/Documents/GitHub/MechwarriorRecomp/research/extract/decoded_pck/BMAPCK_TBL.decoded.bin,pck_object_0077_part_000_choice_000_frame_064,pck_object_0077,pck_object_0077_part_000,pck_object_0077_part_000_choice_000,0,0,64,0x009F8C,255,10,0x009F8E,FF0A04030CFF0C03,04030CFF0C030208FF01001B02000005
C:/Users/MadCat/Documents/GitHub/MechwarriorRecomp/research/extract/decoded_pck/BMAPCK_TBL.decoded.bin,pck_object_0077_part_000_choice_000_frame_065,pck_object_0077,pck_object_0077_part_000,pck_object_0077_part_000_choice_000,0,0,65,0x009F94,2,8,0x009F96,0208FF01001B0200,FF01001B020000050023020001810900
C:/Users/MadCat/Documents/GitHub/MechwarriorRecomp/research/extract/decoded_pck/BMAPCK_TBL.decoded.bin,pck_object_0077_part_000_choice_000_frame_066,pck_object_0077,pck_object_0077_part_000,pck_object_0077_part_000_choice_000,0,0,66,0x009F9C,0,5,0x009F9E,0005002302000181,002302000181090000000F4B02810900
C:/Users/MadCat/Documents/GitHub/MechwarriorRecomp/research/extract/decoded_pck/BMAPCK_TBL.decoded.bin,pck_object_0077_part_000_choice_000_frame_067,pck_object_0077,pck_object_0077_part_000,pck_object_0077_part_000_choice_000,0,0,67,0x009FA4,9,0,0x009FA6,090000000F4B0281,00000F4B028109000000145002810900
C:/Users/MadCat/Documents/GitHub/MechwarriorRecomp/research/extract/decoded_pck/BMAPCK_TBL.decoded.bin,pck_object_0077_part_000_choice_000_frame_068,pck_object_0077,pck_object_0077_part_000,pck_object_0077_part_000_choice_000,0,0,68,0x009FAC,9,0,0x009FAE,0900000014500281,00001450028109000101175502810900
C:/Users/MadCat/Documents/GitHub/MechwarriorRecomp/research/extract/decoded_pck/BMAPCK_TBL.decoded.bin,pck_object_0077_part_000_choice_000_frame_069,pck_object_0077,pck_object_0077_part_000,pck_object_0077_part_000_choice_000,0,0,69,0x009FB4,9,0,0x009FB6,0900010117550281,01011755028109000000195A02810900
C:/Users/MadCat/Documents/GitHub/MechwarriorRecomp/research/extract/decoded_pck/BMAPCK_TBL.decoded.bin,pck_object_0077_part_000_choice_000_frame_070,pck_object_0077,pck_object_0077_part_000,pck_object_0077_part_000_choice_000,0,0,70,0x009FBC,9,0,0x009FBE,09000000195A0281,0000195A0281090008081B5F02101112
C:/Users/MadCat/Documents/GitHub/MechwarriorRecomp/research/extract/decoded_pck/BMAPCK_TBL.decoded.bin,pck_object_0077_part_000_choice_000_frame_071,pck_object_0077,pck_object_0077_part_000,pck_object_0077_part_000_choice_000,0,0,71,0x009FC4,9,0,0x009FC6,090008081B5F0210,08081B5F0210111213FF13151610FF10
C:/Users/MadCat/Documents/GitHub/MechwarriorRecomp/research/extract/decoded_pck/BMAPCK_TBL.decoded.bin,pck_object_0077_part_000_choice_000_frame_072,pck_object_0077,pck_object_0077_part_000,pck_object_0077_part_000_choice_000,0,0,72,0x009FCC,17,18,0x009FCE,111213FF13151610,13FF13151610FF10161811FF11181A12
C:/Users/MadCat/Documents/GitHub/MechwarriorRecomp/research/extract/decoded_pck/BMAPCK_TBL.decoded.bin,pck_object_0077_part_000_choice_000_frame_073,pck_object_0077,pck_object_0077_part_000,pck_object_0077_part_000_choice_000,0,0,73,0x009FD4,255,16,0x009FD6,FF10161811FF1118,161811FF11181A12FF121A1513FF0100
C:/Users/MadCat/Documents/GitHub/MechwarriorRecomp/research/extract/decoded_pck/BMAPCK_TBL.decoded.bin,pck_object_0077_part_000_choice_000_frame_074,pck_object_0077,pck_object_0077_part_000,pck_object_0077_part_000_choice_000,0,0,74,0x009FDC,26,18,0x009FDE,1A12FF121A1513FF,FF121A1513FF01006802000013007002
C:/Users/MadCat/Documents/GitHub/MechwarriorRecomp/research/extract/decoded_pck/BMAPCK_TBL.decoded.bin,pck_object_0077_part_000_choice_000_frame_075,pck_object_0077,pck_object_0077_part_000,pck_object_0077_part_000_choice_000,0,0,75,0x009FE4,1,0,0x009FE6,0100680200001300,6802000013007002001C81090000001D
C:/Users/MadCat/Documents/GitHub/MechwarriorRecomp/research/extract/decoded_pck/BMAPCK_TBL.decoded.bin,pck_object_0077_part_000_choice_000_frame_076,pck_object_0077,pck_object_0077_part_000,pck_object_0077_part_000_choice_000,0,0,76,0x009FEC,112,2,0x009FEE,7002001C81090000,001C81090000001D0803810900000024
C:/Users/MadCat/Documents/GitHub/MechwarriorRecomp/research/extract/decoded_pck/BMAPCK_TBL.decoded.bin,pck_object_0077_part_000_choice_000_frame_077,pck_object_0077,pck_object_0077_part_000,pck_object_0077_part_000_choice_000,0,0,77,0x009FF4,0,29,0x009FF6,001D080381090000,08038109000000240F03810900080825
C:/Users/MadCat/Documents/GitHub/MechwarriorRecomp/research/extract/decoded_pck/BMAPCK_TBL.decoded.bin,pck_object_0077_part_000_choice_000_frame_078,pck_object_0077,pck_object_0077_part_000,pck_object_0077_part_000_choice_000,0,0,78,0x009FFC,0,36,0x009FFE,00240F0381090008,0F038109000808251403810900010127
C:/Users/MadCat/Documents/GitHub/MechwarriorRecomp/research/extract/decoded_pck/BMAPCK_TBL.decoded.bin,pck_object_0077_part_000_choice_000_frame_079,pck_object_0077,pck_object_0077_part_000,pck_object_0077_part_000_choice_000,0,0,79,0x00A004,8,37,0x00A006,0825140381090001,14038109000101271903810900090929
C:/Users/MadCat/Documents/GitHub/MechwarriorRecomp/research/extract/decoded_pck/BMAPCK_TBL.decoded.bin,pck_object_0077_part_000_choice_000_frame_080,pck_object_0077,pck_object_0077_part_000,pck_object_0077_part_000_choice_000,0,0,80,0x00A00C,1,39,0x00A00E,0127190381090009,19038109000909291E0381090001012B
C:/Users/MadCat/Documents/GitHub/MechwarriorRecomp/research/extract/decoded_pck/BMAPCK_TBL.decoded.bin,pck_object_0077_part_000_choice_000_frame_081,pck_object_0077,pck_object_0077_part_000,pck_object_0077_part_000_choice_000,0,0,81,0x00A014,9,41,0x00A016,09291E0381090001,1E0381090001012B230381090000002D
C:/Users/MadCat/Documents/GitHub/MechwarriorRecomp/research/extract/decoded_pck/BMAPCK_TBL.decoded.bin,pck_object_0077_part_000_choice_000_frame_082,pck_object_0077,pck_object_0077_part_000,pck_object_0077_part_000_choice_000,0,0,82,0x00A01C,1,43,0x00A01E,012B230381090000,230381090000002D280381090000002E
C:/Users/MadCat/Documents/GitHub/MechwarriorRecomp/research/extract/decoded_pck/BMAPCK_TBL.decoded.bin,pck_object_0077_part_000_choice_000_frame_083,pck_object_0077,pck_object_0077_part_000,pck_object_0077_part_000_choice_000,0,0,83,0x00A024,0,45,0x00A026,002D280381090000,280381090000002E2D03810900000035
C:/Users/MadCat/Documents/GitHub/MechwarriorRecomp/research/extract/decoded_pck/BMAPCK_TBL.decoded.bin,pck_object_0077_part_000_choice_000_frame_084,pck_object_0077,pck_object_0077_part_000,pck_object_0077_part_000_choice_000,0,0,84,0x00A02C,0,46,0x00A02E,002E2D0381090000,2D038109000000353403810900000036
C:/Users/MadCat/Documents/GitHub/MechwarriorRecomp/research/extract/decoded_pck/BMAPCK_TBL.decoded.bin,pck_object_0077_part_000_choice_000_frame_085,pck_object_0077,pck_object_0077_part_000,pck_object_0077_part_000_choice_000,0,0,85,0x00A034,0,53,0x00A036,0035340381090000,34038109000000363903810900010138
C:/Users/MadCat/Documents/GitHub/MechwarriorRecomp/research/extract/decoded_pck/BMAPCK_TBL.decoded.bin,pck_object_0077_part_000_choice_000_frame_086,pck_object_0077,pck_object_0077_part_000,pck_object_0077_part_000_choice_000,0,0,86,0x00A03C,0,54,0x00A03E,0036390381090001,39038109000101383E0381090009093A
C:/Users/MadCat/Documents/GitHub/MechwarriorRecomp/research/extract/decoded_pck/BMAPCK_TBL.decoded.bin,pck_object_0077_part_000_choice_000_frame_087,pck_object_0077,pck_object_0077_part_000,pck_object_0077_part_000_choice_000,0,0,87,0x00A044,1,56,0x00A046,01383E0381090009,3E0381090009093A430381090001013C
C:/Users/MadCat/Documents/GitHub/MechwarriorRecomp/research/extract/decoded_pck/BMAPCK_TBL.decoded.bin,pck_object_0077_part_000_choice_000_frame_088,pck_object_0077,pck_object_0077_part_000,pck_object_0077_part_000_choice_000,0,0,88,0x00A04C,9,58,0x00A04E,093A430381090001,430381090001013C480381090008083E
C:/Users/MadCat/Documents/GitHub/MechwarriorRecomp/research/extract/decoded_pck/BMAPCK_TBL.decoded.bin,pck_object_0077_part_000_choice_000_frame_089,pck_object_0077,pck_object_0077_part_000,pck_object_0077_part_000_choice_000,0,0,89,0x00A054,1,60,0x00A056,013C480381090008,480381090008083E4D0381090008083F
C:/Users/MadCat/Documents/GitHub/MechwarriorRecomp/research/extract/decoded_pck/BMAPCK_TBL.decoded.bin,pck_object_0077_part_000_choice_000_frame_090,pck_object_0077,pck_object_0077_part_000,pck_object_0077_part_000_choice_000,0,0,90,0x00A05C,8,62,0x00A05E,083E4D0381090008,4D0381090008083F5203810900090940
C:/Users/MadCat/Documents/GitHub/MechwarriorRecomp/research/extract/decoded_pck/BMAPCK_TBL.decoded.bin,pck_object_0077_part_000_choice_000_frame_091,pck_object_0077,pck_object_0077_part_000,pck_object_0077_part_000_choice_000,0,0,91,0x00A064,8,63,0x00A066,083F520381090009,52038109000909405703810900000041
C:/Users/MadCat/Documents/GitHub/MechwarriorRecomp/research/extract/decoded_pck/BMAPCK_TBL.decoded.bin,pck_object_0077_part_000_choice_000_frame_092,pck_object_0077,pck_object_0077_part_000,pck_object_0077_part_000_choice_000,0,0,92,0x00A06C,9,64,0x00A06E,0940570381090000,57038109000000415C03810900010142
C:/Users/MadCat/Documents/GitHub/MechwarriorRecomp/research/extract/decoded_pck/BMAPCK_TBL.decoded.bin,pck_object_0077_part_000_choice_000_frame_093,pck_object_0077,pck_object_0077_part_000,pck_object_0077_part_000_choice_000,0,0,93,0x00A074,0,65,0x00A076,00415C0381090001,5C038109000101426103810900000043
C:/Users/MadCat/Documents/GitHub/MechwarriorRecomp/research/extract/decoded_pck/BMAPCK_TBL.decoded.bin,pck_object_0077_part_000_choice_000_frame_094,pck_object_0077,pck_object_0077_part_000,pck_object_0077_part_000_choice_000,0,0,94,0x00A07C,1,66,0x00A07E,0142610381090000,610381090000004366031E1F20212223
C:/Users/MadCat/Documents/GitHub/MechwarriorRecomp/research/extract/decoded_pck/BMAPCK_TBL.decoded.bin,pck_object_0077_part_000_choice_000_frame_095,pck_object_0077,pck_object_0077_part_000,pck_object_0077_part_000_choice_000,0,0,95,0x00A084,0,67,0x00A086,004366031E1F2021,66031E1F20212223FF181E231AFF1A23
C:/Users/MadCat/Documents/GitHub/MechwarriorRecomp/research/extract/decoded_pck/BMAPCK_TBL.decoded.bin,pck_object_0077_part_000_choice_000_frame_096,pck_object_0077,pck_object_0077_part_000,pck_object_0077_part_000_choice_000,0,0,96,0x00A08C,34,35,0x00A08E,2223FF181E231AFF,FF181E231AFF1A232226FF26222128FF
C:/Users/MadCat/Documents/GitHub/MechwarriorRecomp/research/extract/decoded_pck/BMAPCK_TBL.decoded.bin,pck_object_0077_part_000_choice_000_frame_097,pck_object_0077,pck_object_0077_part_000,pck_object_0077_part_000_choice_000,0,0,97,0x00A094,26,35,0x00A096,1A232226FF262221,2226FF26222128FF2821202AFF2A201F
C:/Users/MadCat/Documents/GitHub/MechwarriorRecomp/research/extract/decoded_pck/BMAPCK_TBL.decoded.bin,pck_object_0077_part_000_choice_000_frame_098,pck_object_0077,pck_object_0077_part_000,pck_object_0077_part_000_choice_000,0,0,98,0x00A09C,40,255,0x00A09E,28FF2821202AFF2A,2821202AFF2A201F2CFF2C1F1E18FF2F
C:/Users/MadCat/Documents/GitHub/MechwarriorRecomp/research/extract/decoded_pck/BMAPCK_TBL.decoded.bin,pck_object_0077_part_000_choice_000_frame_099,pck_object_0077,pck_object_0077_part_000,pck_object_0077_part_000_choice_000,0,0,99,0x00A0A4,32,31,0x00A0A6,201F2CFF2C1F1E18,2CFF2C1F1E18FF2F3031323334FF152F
C:/Users/MadCat/Documents/GitHub/MechwarriorRecomp/research/extract/decoded_pck/BMAPCK_TBL.decoded.bin,pck_object_0077_part_000_choice_000_frame_100,pck_object_0077,pck_object_0077_part_000,pck_object_0077_part_000_choice_000,0,0,100,0x00A0AC,255,47,0x00A0AE,FF2F3031323334FF,3031323334FF152F3416FF16343337FF
C:/Users/MadCat/Documents/GitHub/MechwarriorRecomp/research/extract/decoded_pck/BMAPCK_TBL.decoded.bin,pck_object_0077_part_000_choice_000_frame_101,pck_object_0077,pck_object_0077_part_000,pck_object_0077_part_000_choice_000,0,0,101,0x00A0B4,21,47,0x00A0B6,152F3416FF163433,3416FF16343337FF37333239FF393231
C:/Users/MadCat/Documents/GitHub/MechwarriorRecomp/research/extract/decoded_pck/BMAPCK_TBL.decoded.bin,pck_object_0077_part_000_choice_000_frame_102,pck_object_0077,pck_object_0077_part_000,pck_object_0077_part_000_choice_000,0,0,102,0x00A0BC,55,255,0x00A0BE,37FF37333239FF39,37333239FF3932313BFF3B31303DFF3D
C:/Users/MadCat/Documents/GitHub/MechwarriorRecomp/research/extract/decoded_pck/BMAPCK_TBL.decoded.bin,pck_object_0077_part_000_choice_000_frame_103,pck_object_0077,pck_object_0077_part_000,pck_object_0077_part_000_choice_000,0,0,103,0x00A0C4,50,49,0x00A0C6,32313BFF3B31303D,3BFF3B31303DFF3D302F15FF1816372C
C:/Users/MadCat/Documents/GitHub/MechwarriorRecomp/research/extract/decoded_pck/BMAPCK_TBL.decoded.bin,pck_object_0077_part_000_choice_000_frame_104,pck_object_0077,pck_object_0077_part_000,pck_object_0077_part_000_choice_000,0,0,104,0x00A0CC,255,61,0x00A0CE,FF3D302F15FF1816,302F15FF1816372CFF2C37392AFF2A39
C:/Users/MadCat/Documents/GitHub/MechwarriorRecomp/research/extract/decoded_pck/BMAPCK_TBL.decoded.bin,pck_object_0077_part_000_choice_000_frame_105,pck_object_0077,pck_object_0077_part_000,pck_object_0077_part_000_choice_000,0,0,105,0x00A0D4,55,44,0x00A0D6,372CFF2C37392AFF,FF2C37392AFF2A393B28FF283B3D26FF
C:/Users/MadCat/Documents/GitHub/MechwarriorRecomp/research/extract/decoded_pck/BMAPCK_TBL.decoded.bin,pck_object_0077_part_000_choice_000_frame_106,pck_object_0077,pck_object_0077_part_000,pck_object_0077_part_000_choice_000,0,0,106,0x00A0DC,42,57,0x00A0DE,2A393B28FF283B3D,3B28FF283B3D26FF263D151AFF8000C5
C:/Users/MadCat/Documents/GitHub/MechwarriorRecomp/research/extract/decoded_pck/BMAPCK_TBL.decoded.bin,pck_object_0077_part_000_choice_000_frame_107,pck_object_0077,pck_object_0077_part_000,pck_object_0077_part_000_choice_000,0,0,107,0x00A0E4,38,255,0x00A0E6,26FF263D151AFF80,263D151AFF8000C50300000000000003
C:/Users/MadCat/Documents/GitHub/MechwarriorRecomp/research/extract/decoded_pck/BMAPCK_TBL.decoded.bin,pck_object_0077_part_000_choice_000_frame_108,pck_object_0077,pck_object_0077_part_000,pck_object_0077_part_000_choice_000,0,0,108,0x00A0EC,0,197,0x00A0EE,00C5030000000000,03000000000000030019000044310001
C:/Users/MadCat/Documents/GitHub/MechwarriorRecomp/research/extract/decoded_pck/BMAPCK_TBL.decoded.bin,pck_object_0077_part_000_choice_000_frame_109,pck_object_0077,pck_object_0077_part_000,pck_object_0077_part_000_choice_000,0,0,109,0x00A0F4,0,3,0x00A0F6,0003001900004431,001900004431000100C9010E44310001
C:/Users/MadCat/Documents/GitHub/MechwarriorRecomp/research/extract/decoded_pck/BMAPCK_TBL.decoded.bin,pck_object_0077_part_000_choice_000_frame_110,pck_object_0077,pck_object_0077_part_000,pck_object_0077_part_000_choice_000,0,0,110,0x00A0FC,0,1,0x00A0FE,000100C9010E4431,00C9010E443100010016021C44310001
C:/Users/MadCat/Documents/GitHub/MechwarriorRecomp/research/extract/decoded_pck/BMAPCK_TBL.decoded.bin,pck_object_0077_part_000_choice_000_frame_111,pck_object_0077,pck_object_0077_part_000,pck_object_0077_part_000_choice_000,0,0,111,0x00A104,0,1,0x00A106,00010016021C4431,0016021C4431000100630200003100FB
C:/Users/MadCat/Documents/GitHub/MechwarriorRecomp/research/extract/decoded_pck/BMAPCK_TBL.decoded.bin,pck_object_0077_part_000_choice_000_frame_112,pck_object_0077,pck_object_0077_part_000,pck_object_0077_part_000_choice_000,0,0,112,0x00A10C,0,1,0x00A10E,0001006302000031,00630200003100FBFF0000F9075CFFCD
C:/Users/MadCat/Documents/GitHub/MechwarriorRecomp/research/extract/decoded_pck/BMAPCK_TBL.decoded.bin,pck_object_0077_part_000_choice_000_frame_113,pck_object_0077,pck_object_0077_part_000,pck_object_0077_part_000_choice_000,0,0,113,0x00A114,0,251,0x00A116,00FBFF0000F9075C,FF0000F9075CFFCDFFC0FE01FE3100C0
C:/Users/MadCat/Documents/GitHub/MechwarriorRecomp/research/extract/decoded_pck/BMAPCK_TBL.decoded.bin,pck_object_0077_part_000_choice_000_frame_114,pck_object_0077,pck_object_0077_part_000,pck_object_0077_part_000_choice_000,0,0,114,0x00A11C,255,205,0x00A11E,FFCDFFC0FE01FE31,FFC0FE01FE3100C0FE01FE3200C8FE64
C:/Users/MadCat/Documents/GitHub/MechwarriorRecomp/research/extract/decoded_pck/BMAPCK_TBL.decoded.bin,pck_object_0077_part_000_choice_000_frame_115,pck_object_0077,pck_object_0077_part_000,pck_object_0077_part_000_choice_000,0,0,115,0x00A124,0,192,0x00A126,00C0FE01FE3200C8,FE01FE3200C8FE64FECEFFC8FE64FE01
C:/Users/MadCat/Documents/GitHub/MechwarriorRecomp/research/extract/decoded_pck/BMAPCK_TBL.decoded.bin,pck_object_0077_part_000_choice_000_frame_116,pck_object_0077,pck_object_0077_part_000,pck_object_0077_part_000_choice_000,0,0,116,0x00A12C,254,100,0x00A12E,FE64FECEFFC8FE64,FECEFFC8FE64FE01F801001400CEFF6A
C:/Users/MadCat/Documents/GitHub/MechwarriorRecomp/research/extract/decoded_pck/BMAPCK_TBL.decoded.bin,pck_object_0077_part_000_choice_000_frame_117,pck_object_0077,pck_object_0077_part_000,pck_object_0077_part_000_choice_000,0,0,117,0x00A134,254,1,0x00A136,FE01F801001400CE,F801001400CEFF6AFE6DFECDFF61FE09
C:/Users/MadCat/Documents/GitHub/MechwarriorRecomp/research/extract/decoded_pck/BMAPCK_TBL.decoded.bin,pck_object_0077_part_000_choice_000_frame_118,pck_object_0077,pck_object_0077_part_000,pck_object_0077_part_000_choice_000,0,0,118,0x00A13C,255,106,0x00A13E,FF6AFE6DFECDFF61,FE6DFECDFF61FE09FE0000C300F60732
C:/Users/MadCat/Documents/GitHub/MechwarriorRecomp/research/extract/decoded_pck/BMAPCK_TBL.decoded.bin,pck_object_0077_part_000_choice_000_frame_119,pck_object_0077,pck_object_0077_part_000,pck_object_0077_part_000_choice_000,0,0,119,0x00A144,254,9,0x00A146,FE09FE0000C300F6,FE0000C300F60732006AFE6DFEFF07FF
C:/Users/MadCat/Documents/GitHub/MechwarriorRecomp/research/extract/decoded_pck/BMAPCK_TBL.decoded.bin,pck_object_0077_part_000_choice_000_frame_120,pck_object_0077,pck_object_0077_part_000,pck_object_0077_part_000_choice_000,0,0,120,0x00A14C,7,50,0x00A14E,0732006AFE6DFEFF,006AFE6DFEFF07FFFFECFF310061FE09
C:/Users/MadCat/Documents/GitHub/MechwarriorRecomp/research/extract/decoded_pck/BMAPCK_TBL.decoded.bin,pck_object_0077_part_000_choice_000_frame_121,pck_object_0077,pck_object_0077_part_000,pck_object_0077_part_000_choice_000,0,0,121,0x00A154,7,255,0x00A156,07FFFFECFF310061,FFECFF310061FE09FE000055FF08F800
C:/Users/MadCat/Documents/GitHub/MechwarriorRecomp/research/extract/decoded_pck/BMAPCK_TBL.decoded.bin,pck_object_0077_part_000_choice_000_frame_122,pck_object_0077,pck_object_0077_part_000,pck_object_0077_part_000_choice_000,0,0,122,0x00A15C,254,9,0x00A15E,FE09FE000055FF08,FE000055FF08F80000E8FF2F010000F8
C:/Users/MadCat/Documents/GitHub/MechwarriorRecomp/research/extract/decoded_pck/BMAPCK_TBL.decoded.bin,pck_object_0077_part_000_choice_000_frame_123,pck_object_0077,pck_object_0077_part_000,pck_object_0077_part_000_choice_000,0,0,123,0x00A164,248,0,0x00A166,F80000E8FF2F0100,00E8FF2F010000F80750FF55FF60FEFF
C:/Users/MadCat/Documents/GitHub/MechwarriorRecomp/research/extract/decoded_pck/BMAPCK_TBL.decoded.bin,pck_object_0077_part_000_choice_000_frame_124,pck_object_0077,pck_object_0077_part_000,pck_object_0077_part_000_choice_000,0,0,124,0x00A16C,0,248,0x00A16E,00F80750FF55FF60,0750FF55FF60FEFFFDA90060FEFFFDAA
C:/Users/MadCat/Documents/GitHub/MechwarriorRecomp/research/extract/decoded_pck/BMAPCK_TBL.decoded.bin,pck_object_0077_part_000_choice_000_frame_125,pck_object_0077,pck_object_0077_part_000,pck_object_0077_part_000_choice_000,0,0,125,0x00A174,254,255,0x00A176,FEFFFDA90060FEFF,FDA90060FEFFFDAA006DFE95FE56FF6D
C:/Users/MadCat/Documents/GitHub/MechwarriorRecomp/research/extract/decoded_pck/BMAPCK_TBL.decoded.bin,pck_object_0077_part_000_choice_000_frame_126,pck_object_0077,pck_object_0077_part_000,pck_object_0077_part_000_choice_000,0,0,126,0x00A17C,253,170,0x00A17E,FDAA006DFE95FE56,006DFE95FE56FF6DFE95FE0CFAB0FA8B
C:/Users/MadCat/Documents/GitHub/MechwarriorRecomp/research/extract/decoded_pck/BMAPCK_TBL.decoded.bin,pck_object_0077_part_000_choice_000_frame_127,pck_object_0077,pck_object_0077_part_000,pck_object_0077_part_000_choice_000,0,0,127,0x00A184,255,109,0x00A186,FF6DFE95FE0CFAB0,FE95FE0CFAB0FA8B00A6FF11FE7EFEA5
C:/Users/MadCat/Documents/GitHub/MechwarriorRecomp/research/extract/decoded_pck/BMAPCK_TBL.decoded.bin,pck_object_0077_part_000_choice_000_frame_128,pck_object_0077,pck_object_0077_part_000,pck_object_0077_part_000_choice_000,0,0,128,0x00A18C,250,139,0x00A18E,FA8B00A6FF11FE7E,00A6FF11FE7EFEA5FF09FE25FE0000CD
C:/Users/MadCat/Documents/GitHub/MechwarriorRecomp/research/extract/decoded_pck/BMAPCK_TBL.decoded.bin,pck_object_0079_part_002_choice_000_frame_000,pck_object_0079,pck_object_0079_part_002,pck_object_0079_part_002_choice_000,2,0,0,0x00ACCA,10,2,0x00ACCC,0A02811700080823,8117000808230F028109000000251402
C:/Users/MadCat/Documents/GitHub/MechwarriorRecomp/research/extract/decoded_pck/BMAPCK_TBL.decoded.bin,pck_object_0079_part_002_choice_000_frame_001,pck_object_0079,pck_object_0079_part_002,pck_object_0079_part_002_choice_000,2,0,1,0x00ACD2,15,2,0x00ACD4,0F02810900000025,81090000002514028109000100261902
C:/Users/MadCat/Documents/GitHub/MechwarriorRecomp/research/extract/decoded_pck/BMAPCK_TBL.decoded.bin,pck_object_0079_part_002_choice_000_frame_002,pck_object_0079,pck_object_0079_part_002,pck_object_0079_part_002_choice_000,2,0,2,0x00ACDA,20,2,0x00ACDC,1402810900010026,81090001002619028109000100271E02
C:/Users/MadCat/Documents/GitHub/MechwarriorRecomp/research/extract/decoded_pck/BMAPCK_TBL.decoded.bin,pck_object_0079_part_002_choice_000_frame_003,pck_object_0079,pck_object_0079_part_002,pck_object_0079_part_002_choice_000,2,0,3,0x00ACE2,25,2,0x00ACE4,1902810900010027,8109000100271E028109000000282302
C:/Users/MadCat/Documents/GitHub/MechwarriorRecomp/research/extract/decoded_pck/BMAPCK_TBL.decoded.bin,pck_object_0079_part_002_choice_000_frame_004,pck_object_0079,pck_object_0079_part_002,pck_object_0079_part_002_choice_000,2,0,4,0x00ACEA,30,2,0x00ACEC,1E02810900000028,81090000002823021112131415FF1718
C:/Users/MadCat/Documents/GitHub/MechwarriorRecomp/research/extract/decoded_pck/BMAPCK_TBL.decoded.bin,pck_object_0079_part_002_choice_000_frame_005,pck_object_0079,pck_object_0079_part_002,pck_object_0079_part_002_choice_000,2,0,5,0x00ACF2,35,2,0x00ACF4,23021112131415FF,1112131415FF1718191A1BFF1D1B1A1E
C:/Users/MadCat/Documents/GitHub/MechwarriorRecomp/research/extract/decoded_pck/BMAPCK_TBL.decoded.bin,pck_object_0079_part_002_choice_000_frame_006,pck_object_0079,pck_object_0079_part_002,pck_object_0079_part_002_choice_000,2,0,6,0x00ACFA,23,24,0x00ACFC,1718191A1BFF1D1B,191A1BFF1D1B1A1EFF1E1A1920FF2019
C:/Users/MadCat/Documents/GitHub/MechwarriorRecomp/research/extract/decoded_pck/BMAPCK_TBL.decoded.bin,pck_object_0079_part_002_choice_000_frame_007,pck_object_0079,pck_object_0079_part_002,pck_object_0079_part_002_choice_000,2,0,7,0x00AD02,26,30,0x00AD04,1A1EFF1E1A1920FF,FF1E1A1920FF20191822FF22181724FF
C:/Users/MadCat/Documents/GitHub/MechwarriorRecomp/research/extract/decoded_pck/BMAPCK_TBL.decoded.bin,pck_object_0079_part_002_choice_000_frame_008,pck_object_0079,pck_object_0079_part_002,pck_object_0079_part_002_choice_000,2,0,8,0x00AD0A,32,25,0x00AD0C,20191822FF221817,1822FF22181724FF111D1E12FF121E20
C:/Users/MadCat/Documents/GitHub/MechwarriorRecomp/research/extract/decoded_pck/BMAPCK_TBL.decoded.bin,pck_object_0080_part_002_choice_000_frame_000,pck_object_0080,pck_object_0080_part_002,pck_object_0080_part_002_choice_000,2,0,0,0x00AF0A,10,2,0x00AF0C,0A02811700080823,8117000808230F028109000000251402
C:/Users/MadCat/Documents/GitHub/MechwarriorRecomp/research/extract/decoded_pck/BMAPCK_TBL.decoded.bin,pck_object_0080_part_002_choice_000_frame_001,pck_object_0080,pck_object_0080_part_002,pck_object_0080_part_002_choice_000,2,0,1,0x00AF12,15,2,0x00AF14,0F02810900000025,81090000002514028109000100261902
C:/Users/MadCat/Documents/GitHub/MechwarriorRecomp/research/extract/decoded_pck/BMAPCK_TBL.decoded.bin,pck_object_0080_part_002_choice_000_frame_002,pck_object_0080,pck_object_0080_part_002,pck_object_0080_part_002_choice_000,2,0,2,0x00AF1A,20,2,0x00AF1C,1402810900010026,81090001002619028109000100271E02
C:/Users/MadCat/Documents/GitHub/MechwarriorRecomp/research/extract/decoded_pck/BMAPCK_TBL.decoded.bin,pck_object_0080_part_002_choice_000_frame_003,pck_object_0080,pck_object_0080_part_002,pck_object_0080_part_002_choice_000,2,0,3,0x00AF22,25,2,0x00AF24,1902810900010027,8109000100271E028109000000282302
C:/Users/MadCat/Documents/GitHub/MechwarriorRecomp/research/extract/decoded_pck/BMAPCK_TBL.decoded.bin,pck_object_0080_part_002_choice_000_frame_004,pck_object_0080,pck_object_0080_part_002,pck_object_0080_part_002_choice_000,2,0,4,0x00AF2A,30,2,0x00AF2C,1E02810900000028,81090000002823021112131415FF1718
C:/Users/MadCat/Documents/GitHub/MechwarriorRecomp/research/extract/decoded_pck/BMAPCK_TBL.decoded.bin,pck_object_0080_part_002_choice_000_frame_005,pck_object_0080,pck_object_0080_part_002,pck_object_0080_part_002_choice_000,2,0,5,0x00AF32,35,2,0x00AF34,23021112131415FF,1112131415FF1718191A1BFF1D1B1A1E
C:/Users/MadCat/Documents/GitHub/MechwarriorRecomp/research/extract/decoded_pck/BMAPCK_TBL.decoded.bin,pck_object_0080_part_002_choice_000_frame_006,pck_object_0080,pck_object_0080_part_002,pck_object_0080_part_002_choice_000,2,0,6,0x00AF3A,23,24,0x00AF3C,1718191A1BFF1D1B,191A1BFF1D1B1A1EFF1E1A1920FF2019
C:/Users/MadCat/Documents/GitHub/MechwarriorRecomp/research/extract/decoded_pck/BMAPCK_TBL.decoded.bin,pck_object_0080_part_002_choice_000_frame_007,pck_object_0080,pck_object_0080_part_002,pck_object_0080_part_002_choice_000,2,0,7,0x00AF42,26,30,0x00AF44,1A1EFF1E1A1920FF,FF1E1A1920FF20191822FF22181724FF
C:/Users/MadCat/Documents/GitHub/MechwarriorRecomp/research/extract/decoded_pck/BMAPCK_TBL.decoded.bin,pck_object_0080_part_002_choice_000_frame_008,pck_object_0080,pck_object_0080_part_002,pck_object_0080_part_002_choice_000,2,0,8,0x00AF4A,32,25,0x00AF4C,20191822FF221817,1822FF22181724FF111D1E12FF121E20
