source_file,id,object_id,part_id,frame_table_id,part_index,choice_index,frame_index,frame_abs_hex,threshold,frame_type,payload_abs_hex,record_8_hex,payload_16_hex
C:/Users/MadCat/Documents/GitHub/MechwarriorRecomp/research/extract/decoded_pck/HAMPCK_TBL.decoded.bin,pck_object_0003_part_001_choice_000_frame_000,pck_object_0003,pck_object_0003_part_001,pck_object_0003_part_001_choice_000,1,0,0,0x0008C3,0,50,0x0008C5,0032002D00D3FF32,002D00D3FF3200010040020000030048
C:/Users/MadCat/Documents/GitHub/MechwarriorRecomp/research/extract/decoded_pck/HAMPCK_TBL.decoded.bin,pck_object_0003_part_002_choice_000_frame_000,pck_object_0003,pck_object_0003_part_002,pck_object_0003_part_002_choice_000,2,0,0,0x0009C3,0,0,0x0009C5,000005003B03414C,05003B03414C81040800000963038104
C:/Users/MadCat/Documents/GitHub/MechwarriorRecomp/research/extract/decoded_pck/HAMPCK_TBL.decoded.bin,pck_object_0004_part_003_choice_000_frame_000,pck_object_0004,pck_object_0004_part_003,pck_object_0004_part_003_choice_000,3,0,0,0x000C9E,36,0,0x000CA0,240001007E00C505,01007E00C505FAFE01005500E101C407
C:/Users/MadCat/Documents/GitHub/MechwarriorRecomp/research/extract/decoded_pck/HAMPCK_TBL.decoded.bin,pck_object_0004_part_003_choice_000_frame_001,pck_object_0004,pck_object_0004_part_003,pck_object_0004_part_003_choice_000,3,0,1,0x000CA6,250,254,0x000CA8,FAFE01005500E101,01005500E101C407C800D4FFF700D000
C:/Users/MadCat/Documents/GitHub/MechwarriorRecomp/research/extract/decoded_pck/HAMPCK_TBL.decoded.bin,pck_object_0004_part_003_choice_000_frame_002,pck_object_0004,pck_object_0004_part_003,pck_object_0004_part_003_choice_000,3,0,2,0x000CAE,196,7,0x000CB0,C407C800D4FFF700,C800D4FFF700D0000000EC00F200FAFF
C:/Users/MadCat/Documents/GitHub/MechwarriorRecomp/research/extract/decoded_pck/HAMPCK_TBL.decoded.bin,pck_object_0004_part_003_choice_000_frame_003,pck_object_0004,pck_object_0004_part_003,pck_object_0004_part_003_choice_000,3,0,3,0x000CB6,208,0,0x000CB8,D0000000EC00F200,0000EC00F200FAFFEC00E900CEFFF700
C:/Users/MadCat/Documents/GitHub/MechwarriorRecomp/research/extract/decoded_pck/HAMPCK_TBL.decoded.bin,pck_object_0004_part_003_choice_000_frame_004,pck_object_0004,pck_object_0004_part_003,pck_object_0004_part_003_choice_000,3,0,4,0x000CBE,250,255,0x000CC0,FAFFEC00E900CEFF,EC00E900CEFFF700A7FF15FE3EF8D900
C:/Users/MadCat/Documents/GitHub/MechwarriorRecomp/research/extract/decoded_pck/HAMPCK_TBL.decoded.bin,pck_object_0004_part_003_choice_000_frame_005,pck_object_0004,pck_object_0004_part_003,pck_object_0004_part_003_choice_000,3,0,5,0x000CC6,247,0,0x000CC8,F700A7FF15FE3EF8,A7FF15FE3EF8D90072FF97FFE1009DFF
C:/Users/MadCat/Documents/GitHub/MechwarriorRecomp/research/extract/decoded_pck/HAMPCK_TBL.decoded.bin,pck_object_0004_part_003_choice_000_frame_006,pck_object_0004,pck_object_0004_part_003,pck_object_0004_part_003_choice_000,3,0,6,0x000CCE,217,0,0x000CD0,D90072FF97FFE100,72FF97FFE1009DFF8CFFC000A3FF8CFF
C:/Users/MadCat/Documents/GitHub/MechwarriorRecomp/research/extract/decoded_pck/HAMPCK_TBL.decoded.bin,pck_object_0004_part_003_choice_000_frame_007,pck_object_0004,pck_object_0004_part_003,pck_object_0004_part_003_choice_000,3,0,7,0x000CD6,157,255,0x000CD8,9DFF8CFFC000A3FF,8CFFC000A3FF8CFFB60077FF97FFE9FE
C:/Users/MadCat/Documents/GitHub/MechwarriorRecomp/research/extract/decoded_pck/HAMPCK_TBL.decoded.bin,pck_object_0004_part_004_choice_000_frame_000,pck_object_0004,pck_object_0004_part_004,pck_object_0004_part_004_choice_000,4,0,0,0x000F9E,8,9,0x000FA0,08090AFF05070A02,0AFF05070A02FF020A0903FF03090804
C:/Users/MadCat/Documents/GitHub/MechwarriorRecomp/research/extract/decoded_pck/HAMPCK_TBL.decoded.bin,pck_object_0004_part_004_choice_000_frame_001,pck_object_0004,pck_object_0004_part_004,pck_object_0004_part_004_choice_000,4,0,1,0x000FA6,255,2,0x000FA8,FF020A0903FF0309,0A0903FF03090804FF04080705FF8000
C:/Users/MadCat/Documents/GitHub/MechwarriorRecomp/research/extract/decoded_pck/HAMPCK_TBL.decoded.bin,pck_object_0004_part_004_choice_000_frame_002,pck_object_0004,pck_object_0004_part_004,pck_object_0004_part_004_choice_000,4,0,2,0x000FAE,8,4,0x000FB0,0804FF04080705FF,FF04080705FF80004E01000000000000
C:/Users/MadCat/Documents/GitHub/MechwarriorRecomp/research/extract/decoded_pck/HAMPCK_TBL.decoded.bin,pck_object_0004_part_004_choice_000_frame_003,pck_object_0004,pck_object_0004_part_004,pck_object_0004_part_004_choice_000,4,0,3,0x000FB6,128,0,0x000FB8,80004E0100000000,4E0100000000000001001400000F1C00
C:/Users/MadCat/Documents/GitHub/MechwarriorRecomp/research/extract/decoded_pck/HAMPCK_TBL.decoded.bin,pck_object_0004_part_004_choice_000_frame_004,pck_object_0004,pck_object_0004_part_004,pck_object_0004_part_004_choice_000,4,0,4,0x000FBE,0,0,0x000FC0,000001001400000F,01001400000F1C0001007600C505FF00
C:/Users/MadCat/Documents/GitHub/MechwarriorRecomp/research/extract/decoded_pck/HAMPCK_TBL.decoded.bin,pck_object_0004_part_004_choice_000_frame_005,pck_object_0004,pck_object_0004_part_004,pck_object_0004_part_004_choice_000,4,0,5,0x000FC6,28,0,0x000FC8,1C0001007600C505,01007600C505FF0001003500A0FEE007
C:/Users/MadCat/Documents/GitHub/MechwarriorRecomp/research/extract/decoded_pck/HAMPCK_TBL.decoded.bin,pck_object_0004_part_004_choice_000_frame_006,pck_object_0004,pck_object_0004_part_004,pck_object_0004_part_004_choice_000,4,0,6,0x000FCE,255,0,0x000FD0,FF0001003500A0FE,01003500A0FEE007CD000100E300C800
C:/Users/MadCat/Documents/GitHub/MechwarriorRecomp/research/extract/decoded_pck/HAMPCK_TBL.decoded.bin,pck_object_0004_part_004_choice_000_frame_007,pck_object_0004,pck_object_0004_part_004,pck_object_0004_part_004_choice_000,4,0,7,0x000FD6,224,7,0x000FD8,E007CD000100E300,CD000100E300C8002E00EB00E9003300
C:/Users/MadCat/Documents/GitHub/MechwarriorRecomp/research/extract/decoded_pck/HAMPCK_TBL.decoded.bin,pck_object_0004_part_005_choice_000_frame_000,pck_object_0004,pck_object_0004_part_005,pck_object_0004_part_005_choice_000,5,0,0,0x003AA6,0,0,0x003AA8,0000000012FD0281,000012FD02810C0C0C0C150203810808
C:/Users/MadCat/Documents/GitHub/MechwarriorRecomp/research/extract/decoded_pck/HAMPCK_TBL.decoded.bin,pck_object_0004_part_005_choice_000_frame_001,pck_object_0004,pck_object_0004_part_005,pck_object_0004_part_005_choice_000,5,0,1,0x003AAE,12,12,0x003AB0,0C0C0C0C15020381,0C0C1502038108080000170703810008
C:/Users/MadCat/Documents/GitHub/MechwarriorRecomp/research/extract/decoded_pck/HAMPCK_TBL.decoded.bin,pck_object_0004_part_005_choice_000_frame_002,pck_object_0004,pck_object_0004_part_005,pck_object_0004_part_005_choice_000,5,0,2,0x003AB6,8,8,0x003AB8,0808000017070381,00001707038100080808190C03810404
C:/Users/MadCat/Documents/GitHub/MechwarriorRecomp/research/extract/decoded_pck/HAMPCK_TBL.decoded.bin,pck_object_0004_part_005_choice_000_frame_003,pck_object_0004,pck_object_0004_part_005,pck_object_0004_part_005_choice_000,5,0,3,0x003ABE,0,8,0x003AC0,00080808190C0381,0808190C0381040404041A1103081314
C:/Users/MadCat/Documents/GitHub/MechwarriorRecomp/research/extract/decoded_pck/HAMPCK_TBL.decoded.bin,pck_object_0004_part_005_choice_000_frame_004,pck_object_0004,pck_object_0004_part_005,pck_object_0004_part_005_choice_000,5,0,4,0x003AC6,4,4,0x003AC8,040404041A110308,04041A110308131405FF14160205FF02
C:/Users/MadCat/Documents/GitHub/MechwarriorRecomp/research/extract/decoded_pck/HAMPCK_TBL.decoded.bin,pck_object_0004_part_005_choice_000_frame_005,pck_object_0004,pck_object_0004_part_005,pck_object_0004_part_005_choice_000,5,0,5,0x003ACE,19,20,0x003AD0,131405FF14160205,05FF14160205FF0216180AFF16141318
C:/Users/MadCat/Documents/GitHub/MechwarriorRecomp/research/extract/decoded_pck/HAMPCK_TBL.decoded.bin,pck_object_0004_part_005_choice_000_frame_006,pck_object_0004,pck_object_0004_part_005,pck_object_0004_part_005_choice_000,5,0,6,0x003AD6,255,2,0x003AD8,FF0216180AFF1614,16180AFF16141318FF0A181308FF0100
C:/Users/MadCat/Documents/GitHub/MechwarriorRecomp/research/extract/decoded_pck/HAMPCK_TBL.decoded.bin,pck_object_0004_part_005_choice_000_frame_007,pck_object_0004,pck_object_0004_part_005,pck_object_0004_part_005_choice_000,5,0,7,0x003ADE,19,24,0x003AE0,1318FF0A181308FF,FF0A181308FF01001A03000005002203
C:/Users/MadCat/Documents/GitHub/MechwarriorRecomp/research/extract/decoded_pck/HAMPCK_TBL.decoded.bin,pck_object_0004_part_006_choice_000_frame_000,pck_object_0004,pck_object_0004_part_006,pck_object_0004_part_006_choice_000,6,0,0,0x003AA6,0,0,0x003AA8,0000000012FD0281,000012FD02810C0C0C0C150203810808
C:/Users/MadCat/Documents/GitHub/MechwarriorRecomp/research/extract/decoded_pck/HAMPCK_TBL.decoded.bin,pck_object_0004_part_006_choice_000_frame_001,pck_object_0004,pck_object_0004_part_006,pck_object_0004_part_006_choice_000,6,0,1,0x003AAE,12,12,0x003AB0,0C0C0C0C15020381,0C0C1502038108080000170703810008
C:/Users/MadCat/Documents/GitHub/MechwarriorRecomp/research/extract/decoded_pck/HAMPCK_TBL.decoded.bin,pck_object_0004_part_006_choice_000_frame_002,pck_object_0004,pck_object_0004_part_006,pck_object_0004_part_006_choice_000,6,0,2,0x003AB6,8,8,0x003AB8,0808000017070381,00001707038100080808190C03810404
C:/Users/MadCat/Documents/GitHub/MechwarriorRecomp/research/extract/decoded_pck/HAMPCK_TBL.decoded.bin,pck_object_0004_part_006_choice_000_frame_003,pck_object_0004,pck_object_0004_part_006,pck_object_0004_part_006_choice_000,6,0,3,0x003ABE,0,8,0x003AC0,00080808190C0381,0808190C0381040404041A1103081314
C:/Users/MadCat/Documents/GitHub/MechwarriorRecomp/research/extract/decoded_pck/HAMPCK_TBL.decoded.bin,pck_object_0004_part_006_choice_000_frame_004,pck_object_0004,pck_object_0004_part_006,pck_object_0004_part_006_choice_000,6,0,4,0x003AC6,4,4,0x003AC8,040404041A110308,04041A110308131405FF14160205FF02
C:/Users/MadCat/Documents/GitHub/MechwarriorRecomp/research/extract/decoded_pck/HAMPCK_TBL.decoded.bin,pck_object_0004_part_006_choice_000_frame_005,pck_object_0004,pck_object_0004_part_006,pck_object_0004_part_006_choice_000,6,0,5,0x003ACE,19,20,0x003AD0,131405FF14160205,05FF14160205FF0216180AFF16141318
C:/Users/MadCat/Documents/GitHub/MechwarriorRecomp/research/extract/decoded_pck/HAMPCK_TBL.decoded.bin,pck_object_0004_part_006_choice_000_frame_006,pck_object_0004,pck_object_0004_part_006,pck_object_0004_part_006_choice_000,6,0,6,0x003AD6,255,2,0x003AD8,FF0216180AFF1614,16180AFF16141318FF0A181308FF0100
C:/Users/MadCat/Documents/GitHub/MechwarriorRecomp/research/extract/decoded_pck/HAMPCK_TBL.decoded.bin,pck_object_0004_part_006_choice_000_frame_007,pck_object_0004,pck_object_0004_part_006,pck_object_0004_part_006_choice_000,6,0,7,0x003ADE,19,24,0x003AE0,1318FF0A181308FF,FF0A181308FF01001A03000005002203
C:/Users/MadCat/Documents/GitHub/MechwarriorRecomp/research/extract/decoded_pck/HAMPCK_TBL.decoded.bin,pck_object_0008_part_000_choice_000_frame_000,pck_object_0008,pck_object_0008_part_000,pck_object_0008_part_000_choice_000,0,0,0,0x000E5C,0,0,0x000E5E,0000F1FD46F8EC00,F1FD46F8EC0097FF8CFFEE00C4FF80FF
C:/Users/MadCat/Documents/GitHub/MechwarriorRecomp/research/extract/decoded_pck/HAMPCK_TBL.decoded.bin,pck_object_0008_part_000_choice_000_frame_001,pck_object_0008,pck_object_0008_part_000,pck_object_0008_part_000_choice_000,0,0,1,0x000E64,151,255,0x000E66,97FF8CFFEE00C4FF,8CFFEE00C4FF80FFCB00C4FF80FFCA00
C:/Users/MadCat/Documents/GitHub/MechwarriorRecomp/research/extract/decoded_pck/HAMPCK_TBL.decoded.bin,pck_object_0008_part_000_choice_000_frame_002,pck_object_0008,pck_object_0008_part_000,pck_object_0008_part_000_choice_000,0,0,2,0x000E6C,128,255,0x000E6E,80FFCB00C4FF80FF,CB00C4FF80FFCA0097FF8CFF000046F8
C:/Users/MadCat/Documents/GitHub/MechwarriorRecomp/research/extract/decoded_pck/HAMPCK_TBL.decoded.bin,pck_object_0008_part_000_choice_000_frame_003,pck_object_0008,pck_object_0008_part_000,pck_object_0008_part_000_choice_000,0,0,3,0x000E74,202,0,0x000E76,CA0097FF8CFF0000,97FF8CFF000046F8100201F82A00F5FF
C:/Users/MadCat/Documents/GitHub/MechwarriorRecomp/research/extract/decoded_pck/HAMPCK_TBL.decoded.bin,pck_object_0008_part_000_choice_000_frame_004,pck_object_0008,pck_object_0008_part_000,pck_object_0008_part_000_choice_000,0,0,4,0x000E7C,70,248,0x000E7E,46F8100201F82A00,100201F82A00F5FF0000BA07F0FDFE07
C:/Users/MadCat/Documents/GitHub/MechwarriorRecomp/research/extract/decoded_pck/HAMPCK_TBL.decoded.bin,pck_object_0008_part_000_choice_000_frame_005,pck_object_0008,pck_object_0008_part_000,pck_object_0008_part_000_choice_000,0,0,5,0x000E84,245,255,0x000E86,F5FF0000BA07F0FD,0000BA07F0FDFE07ACFF160001007600
C:/Users/MadCat/Documents/GitHub/MechwarriorRecomp/research/extract/decoded_pck/HAMPCK_TBL.decoded.bin,pck_object_0008_part_000_choice_000_frame_006,pck_object_0008,pck_object_0008_part_000,pck_object_0008_part_000_choice_000,0,0,6,0x000E8C,254,7,0x000E8E,FE07ACFF16000100,ACFF160001007600000006007E000401
C:/Users/MadCat/Documents/GitHub/MechwarriorRecomp/research/extract/decoded_pck/HAMPCK_TBL.decoded.bin,pck_object_0008_part_000_choice_000_frame_007,pck_object_0008,pck_object_0008_part_000,pck_object_0008_part_000_choice_000,0,0,7,0x000E94,118,0,0x000E96,7600000006007E00,000006007E000401810408080801AE00
C:/Users/MadCat/Documents/GitHub/MechwarriorRecomp/research/extract/decoded_pck/HAMPCK_TBL.decoded.bin,pck_object_0008_part_000_choice_000_frame_008,pck_object_0008,pck_object_0008_part_000,pck_object_0008_part_000_choice_000,0,0,8,0x000E9C,4,1,0x000E9E,0401810408080801,810408080801AE00810408000806B300
C:/Users/MadCat/Documents/GitHub/MechwarriorRecomp/research/extract/decoded_pck/HAMPCK_TBL.decoded.bin,pck_object_0008_part_000_choice_000_frame_009,pck_object_0008,pck_object_0008_part_000,pck_object_0008_part_000_choice_000,0,0,9,0x000EA4,174,0,0x000EA6,AE00810408000806,810408000806B30081040800000BB800
C:/Users/MadCat/Documents/GitHub/MechwarriorRecomp/research/extract/decoded_pck/HAMPCK_TBL.decoded.bin,pck_object_0008_part_000_choice_000_frame_010,pck_object_0008,pck_object_0008_part_000,pck_object_0008_part_000_choice_000,0,0,10,0x000EAC,179,0,0x000EAE,B30081040800000B,81040800000BB80081040808080CBD00
C:/Users/MadCat/Documents/GitHub/MechwarriorRecomp/research/extract/decoded_pck/HAMPCK_TBL.decoded.bin,pck_object_0008_part_000_choice_000_frame_011,pck_object_0008,pck_object_0008_part_000,pck_object_0008_part_000_choice_000,0,0,11,0x000EB4,184,0,0x000EB6,B80081040808080C,81040808080CBD0081040800000DC200
C:/Users/MadCat/Documents/GitHub/MechwarriorRecomp/research/extract/decoded_pck/HAMPCK_TBL.decoded.bin,pck_object_0008_part_000_choice_000_frame_012,pck_object_0008,pck_object_0008_part_000,pck_object_0008_part_000_choice_000,0,0,12,0x000EBC,189,0,0x000EBE,BD0081040800000D,81040800000DC20081040808080EC700
C:/Users/MadCat/Documents/GitHub/MechwarriorRecomp/research/extract/decoded_pck/HAMPCK_TBL.decoded.bin,pck_object_0008_part_000_choice_000_frame_013,pck_object_0008,pck_object_0008_part_000,pck_object_0008_part_000_choice_000,0,0,13,0x000EC4,194,0,0x000EC6,C20081040808080E,81040808080EC70002030405FF070809
C:/Users/MadCat/Documents/GitHub/MechwarriorRecomp/research/extract/decoded_pck/HAMPCK_TBL.decoded.bin,pck_object_0008_part_000_choice_000_frame_014,pck_object_0008,pck_object_0008_part_000,pck_object_0008_part_000_choice_000,0,0,14,0x000ECC,199,0,0x000ECE,C70002030405FF07,02030405FF0708090AFF05070A02FF02
C:/Users/MadCat/Documents/GitHub/MechwarriorRecomp/research/extract/decoded_pck/HAMPCK_TBL.decoded.bin,pck_object_0008_part_000_choice_000_frame_015,pck_object_0008,pck_object_0008_part_000,pck_object_0008_part_000_choice_000,0,0,15,0x000ED4,8,9,0x000ED6,08090AFF05070A02,0AFF05070A02FF020A0903FF03090804
C:/Users/MadCat/Documents/GitHub/MechwarriorRecomp/research/extract/decoded_pck/HAMPCK_TBL.decoded.bin,pck_object_0008_part_000_choice_000_frame_016,pck_object_0008,pck_object_0008_part_000,pck_object_0008_part_000_choice_000,0,0,16,0x000EDC,255,2,0x000EDE,FF020A0903FF0309,0A0903FF03090804FF04080705FF8000
C:/Users/MadCat/Documents/GitHub/MechwarriorRecomp/research/extract/decoded_pck/HAMPCK_TBL.decoded.bin,pck_object_0008_part_000_choice_000_frame_017,pck_object_0008,pck_object_0008_part_000,pck_object_0008_part_000_choice_000,0,0,17,0x000EE4,8,4,0x000EE6,0804FF04080705FF,FF04080705FF80004D01000000000000
C:/Users/MadCat/Documents/GitHub/MechwarriorRecomp/research/extract/decoded_pck/HAMPCK_TBL.decoded.bin,pck_object_0008_part_000_choice_000_frame_018,pck_object_0008,pck_object_0008_part_000,pck_object_0008_part_000_choice_000,0,0,18,0x000EEC,128,0,0x000EEE,80004D0100000000,4D0100000000000001001A00000F2200
C:/Users/MadCat/Documents/GitHub/MechwarriorRecomp/research/extract/decoded_pck/HAMPCK_TBL.decoded.bin,pck_object_0008_part_000_choice_000_frame_019,pck_object_0008,pck_object_0008_part_000,pck_object_0008_part_000_choice_000,0,0,19,0x000EF4,0,0,0x000EF6,000001001A00000F,01001A00000F220001007C00D5058000
C:/Users/MadCat/Documents/GitHub/MechwarriorRecomp/research/extract/decoded_pck/HAMPCK_TBL.decoded.bin,pck_object_0008_part_000_choice_000_frame_020,pck_object_0008,pck_object_0008_part_000,pck_object_0008_part_000_choice_000,0,0,20,0x000EFC,34,0,0x000EFE,220001007C00D505,01007C00D50580000000000000000008
C:/Users/MadCat/Documents/GitHub/MechwarriorRecomp/research/extract/decoded_pck/HAMPCK_TBL.decoded.bin,pck_object_0008_part_000_choice_000_frame_021,pck_object_0008,pck_object_0008_part_000,pck_object_0008_part_000_choice_000,0,0,21,0x000F04,128,0,0x000F06,8000000000000000,0000000000000008CD00FBFFE800C900
C:/Users/MadCat/Documents/GitHub/MechwarriorRecomp/research/extract/decoded_pck/HAMPCK_TBL.decoded.bin,pck_object_0008_part_000_choice_000_frame_022,pck_object_0008,pck_object_0008_part_000,pck_object_0008_part_000_choice_000,0,0,22,0x000F0C,0,8,0x000F0E,0008CD00FBFFE800,CD00FBFFE800C9002600E800EC002A00
C:/Users/MadCat/Documents/GitHub/MechwarriorRecomp/research/extract/decoded_pck/HAMPCK_TBL.decoded.bin,pck_object_0008_part_000_choice_000_frame_023,pck_object_0008,pck_object_0008_part_000,pck_object_0008_part_000_choice_000,0,0,23,0x000F14,201,0,0x000F16,C9002600E800EC00,2600E800EC002A00E800F000FDFFE800
C:/Users/MadCat/Documents/GitHub/MechwarriorRecomp/research/extract/decoded_pck/HAMPCK_TBL.decoded.bin,pck_object_0008_part_000_choice_000_frame_024,pck_object_0008,pck_object_0008_part_000,pck_object_0008_part_000_choice_000,0,0,24,0x000F1C,42,0,0x000F1E,2A00E800F000FDFF,E800F000FDFFE8000000000000F8F000
C:/Users/MadCat/Documents/GitHub/MechwarriorRecomp/research/extract/decoded_pck/HAMPCK_TBL.decoded.bin,pck_object_0008_part_000_choice_000_frame_025,pck_object_0008,pck_object_0008_part_000,pck_object_0008_part_000_choice_000,0,0,25,0x000F24,232,0,0x000F26,E8000000000000F8,0000000000F8F000FDFF7CFFEC002A00
C:/Users/MadCat/Documents/GitHub/MechwarriorRecomp/research/extract/decoded_pck/HAMPCK_TBL.decoded.bin,pck_object_0008_part_000_choice_000_frame_026,pck_object_0008,pck_object_0008_part_000,pck_object_0008_part_000_choice_000,0,0,26,0x000F2C,240,0,0x000F2E,F000FDFF7CFFEC00,FDFF7CFFEC002A007CFFC90026007CFF
C:/Users/MadCat/Documents/GitHub/MechwarriorRecomp/research/extract/decoded_pck/HAMPCK_TBL.decoded.bin,pck_object_0008_part_000_choice_000_frame_027,pck_object_0008,pck_object_0008_part_000,pck_object_0008_part_000_choice_000,0,0,27,0x000F34,42,0,0x000F36,2A007CFFC9002600,7CFFC90026007CFFCD00FBFF7CFF7400
C:/Users/MadCat/Documents/GitHub/MechwarriorRecomp/research/extract/decoded_pck/HAMPCK_TBL.decoded.bin,pck_object_0008_part_000_choice_000_frame_028,pck_object_0008,pck_object_0008_part_000,pck_object_0008_part_000_choice_000,0,0,28,0x000F3C,124,255,0x000F3E,7CFFCD00FBFF7CFF,CD00FBFF7CFF740004F8000009F843FF
C:/Users/MadCat/Documents/GitHub/MechwarriorRecomp/research/extract/decoded_pck/HAMPCK_TBL.decoded.bin,pck_object_0008_part_000_choice_000_frame_029,pck_object_0008,pck_object_0008_part_000,pck_object_0008_part_000_choice_000,0,0,29,0x000F44,116,0,0x000F46,740004F8000009F8,04F8000009F843FF000018FFF2070000
C:/Users/MadCat/Documents/GitHub/MechwarriorRecomp/research/extract/decoded_pck/HAMPCK_TBL.decoded.bin,pck_object_0008_part_000_choice_000_frame_030,pck_object_0008,pck_object_0008_part_000,pck_object_0008_part_000_choice_000,0,0,30,0x000F4C,67,255,0x000F4E,43FF000018FFF207,000018FFF2070000F707B50000000100
C:/Users/MadCat/Documents/GitHub/MechwarriorRecomp/research/extract/decoded_pck/HAMPCK_TBL.decoded.bin,pck_object_0008_part_000_choice_000_frame_031,pck_object_0008,pck_object_0008_part_000,pck_object_0008_part_000_choice_000,0,0,31,0x000F54,0,0,0x000F56,0000F707B5000000,F707B500000001008000000006008800
C:/Users/MadCat/Documents/GitHub/MechwarriorRecomp/research/extract/decoded_pck/HAMPCK_TBL.decoded.bin,pck_object_0008_part_000_choice_000_frame_032,pck_object_0008,pck_object_0008_part_000,pck_object_0008_part_000_choice_000,0,0,32,0x000F5C,1,0,0x000F5E,0100800000000600,80000000060088000401810408080801
C:/Users/MadCat/Documents/GitHub/MechwarriorRecomp/research/extract/decoded_pck/HAMPCK_TBL.decoded.bin,pck_object_0008_part_000_choice_000_frame_033,pck_object_0008,pck_object_0008_part_000,pck_object_0008_part_000_choice_000,0,0,33,0x000F64,136,0,0x000F66,8800040181040808,0401810408080801B800810408000806
C:/Users/MadCat/Documents/GitHub/MechwarriorRecomp/research/extract/decoded_pck/HAMPCK_TBL.decoded.bin,pck_object_0008_part_000_choice_000_frame_034,pck_object_0008,pck_object_0008_part_000,pck_object_0008_part_000_choice_000,0,0,34,0x000F6C,8,1,0x000F6E,0801B80081040800,B800810408000806BD0081040800000B
C:/Users/MadCat/Documents/GitHub/MechwarriorRecomp/research/extract/decoded_pck/HAMPCK_TBL.decoded.bin,pck_object_0008_part_000_choice_000_frame_035,pck_object_0008,pck_object_0008_part_000,pck_object_0008_part_000_choice_000,0,0,35,0x000F74,8,6,0x000F76,0806BD0081040800,BD0081040800000BC20081040808080C
C:/Users/MadCat/Documents/GitHub/MechwarriorRecomp/research/extract/decoded_pck/HAMPCK_TBL.decoded.bin,pck_object_0008_part_000_choice_000_frame_036,pck_object_0008,pck_object_0008_part_000,pck_object_0008_part_000_choice_000,0,0,36,0x000F7C,0,11,0x000F7E,000BC20081040808,C20081040808080CC70081040800000D
C:/Users/MadCat/Documents/GitHub/MechwarriorRecomp/research/extract/decoded_pck/HAMPCK_TBL.decoded.bin,pck_object_0008_part_000_choice_000_frame_037,pck_object_0008,pck_object_0008_part_000,pck_object_0008_part_000_choice_000,0,0,37,0x000F84,8,12,0x000F86,080CC70081040800,C70081040800000DCC0081040808080E
C:/Users/MadCat/Documents/GitHub/MechwarriorRecomp/research/extract/decoded_pck/HAMPCK_TBL.decoded.bin,pck_object_0008_part_000_choice_000_frame_038,pck_object_0008,pck_object_0008_part_000,pck_object_0008_part_000_choice_000,0,0,38,0x000F8C,0,13,0x000F8E,000DCC0081040808,CC0081040808080ED10002030405FF07
C:/Users/MadCat/Documents/GitHub/MechwarriorRecomp/research/extract/decoded_pck/HAMPCK_TBL.decoded.bin,pck_object_0008_part_000_choice_000_frame_039,pck_object_0008,pck_object_0008_part_000,pck_object_0008_part_000_choice_000,0,0,39,0x000F94,8,14,0x000F96,080ED10002030405,D10002030405FF0708090AFF05070A02
C:/Users/MadCat/Documents/GitHub/MechwarriorRecomp/research/extract/decoded_pck/HAMPCK_TBL.decoded.bin,pck_object_0008_part_000_choice_000_frame_040,pck_object_0008,pck_object_0008_part_000,pck_object_0008_part_000_choice_000,0,0,40,0x000F9C,255,7,0x000F9E,FF0708090AFF0507,08090AFF05070A02FF020A0903FF0309
C:/Users/MadCat/Documents/GitHub/MechwarriorRecomp/research/extract/decoded_pck/HAMPCK_TBL.decoded.bin,pck_object_0008_part_000_choice_000_frame_041,pck_object_0008,pck_object_0008_part_000,pck_object_0008_part_000_choice_000,0,0,41,0x000FA4,10,2,0x000FA6,0A02FF020A0903FF,FF020A0903FF03090804FF04080705FF
C:/Users/MadCat/Documents/GitHub/MechwarriorRecomp/research/extract/decoded_pck/HAMPCK_TBL.decoded.bin,pck_object_0008_part_000_choice_000_frame_042,pck_object_0008,pck_object_0008_part_000,pck_object_0008_part_000_choice_000,0,0,42,0x000FAC,3,9,0x000FAE,03090804FF040807,0804FF04080705FF80004E0100000000
C:/Users/MadCat/Documents/GitHub/MechwarriorRecomp/research/extract/decoded_pck/HAMPCK_TBL.decoded.bin,pck_object_0008_part_000_choice_000_frame_043,pck_object_0008,pck_object_0008_part_000,pck_object_0008_part_000_choice_000,0,0,43,0x000FB4,5,255,0x000FB6,05FF80004E010000,80004E0100000000000001001400000F
C:/Users/MadCat/Documents/GitHub/MechwarriorRecomp/research/extract/decoded_pck/HAMPCK_TBL.decoded.bin,pck_object_0008_part_000_choice_000_frame_044,pck_object_0008,pck_object_0008_part_000,pck_object_0008_part_000_choice_000,0,0,44,0x000FBC,0,0,0x000FBE,0000000001001400,000001001400000F1C0001007600C505
C:/Users/MadCat/Documents/GitHub/MechwarriorRecomp/research/extract/decoded_pck/HAMPCK_TBL.decoded.bin,pck_object_0008_part_000_choice_000_frame_045,pck_object_0008,pck_object_0008_part_000,pck_object_0008_part_000_choice_000,0,0,45,0x000FC4,0,15,0x000FC6,000F1C0001007600,1C0001007600C505FF0001003500A0FE
C:/Users/MadCat/Documents/GitHub/MechwarriorRecomp/research/extract/decoded_pck/HAMPCK_TBL.decoded.bin,pck_object_0008_part_000_choice_000_frame_046,pck_object_0008,pck_object_0008_part_000,pck_object_0008_part_000_choice_000,0,0,46,0x000FCC,197,5,0x000FCE,C505FF0001003500,FF0001003500A0FEE007CD000100E300
C:/Users/MadCat/Documents/GitHub/MechwarriorRecomp/research/extract/decoded_pck/HAMPCK_TBL.decoded.bin,pck_object_0008_part_000_choice_000_frame_047,pck_object_0008,pck_object_0008_part_000,pck_object_0008_part_000_choice_000,0,0,47,0x000FD4,160,254,0x000FD6,A0FEE007CD000100,E007CD000100E300C8002E00EB00E900
C:/Users/MadCat/Documents/GitHub/MechwarriorRecomp/research/extract/decoded_pck/HAMPCK_TBL.decoded.bin,pck_object_0008_part_000_choice_000_frame_048,pck_object_0008,pck_object_0008_part_000,pck_object_0008_part_000_choice_000,0,0,48,0x000FDC,227,0,0x000FDE,E300C8002E00EB00,C8002E00EB00E9003300EB00F0000800
C:/Users/MadCat/Documents/GitHub/MechwarriorRecomp/research/extract/decoded_pck/HAMPCK_TBL.decoded.bin,pck_object_0008_part_000_choice_000_frame_049,pck_object_0008,pck_object_0008_part_000,pck_object_0008_part_000_choice_000,0,0,49,0x000FE4,233,0,0x000FE6,E9003300EB00F000,3300EB00F0000800E300C4FF57011EF8
C:/Users/MadCat/Documents/GitHub/MechwarriorRecomp/research/extract/decoded_pck/HAMPCK_TBL.decoded.bin,pck_object_0008_part_000_choice_000_frame_050,pck_object_0008,pck_object_0008_part_000,pck_object_0008_part_000_choice_000,0,0,50,0x000FEC,8,0,0x000FEE,0800E300C4FF5701,E300C4FF57011EF8E40044007CFFDE00
C:/Users/MadCat/Documents/GitHub/MechwarriorRecomp/research/extract/decoded_pck/HAMPCK_TBL.decoded.bin,pck_object_0008_part_000_choice_000_frame_051,pck_object_0008,pck_object_0008_part_000,pck_object_0008_part_000_choice_000,0,0,51,0x000FF4,30,248,0x000FF6,1EF8E40044007CFF,E40044007CFFDE00720084FFBC006C00
C:/Users/MadCat/Documents/GitHub/MechwarriorRecomp/research/extract/decoded_pck/HAMPCK_TBL.decoded.bin,pck_object_0008_part_000_choice_000_frame_052,pck_object_0008,pck_object_0008_part_000,pck_object_0008_part_000_choice_000,0,0,52,0x000FFC,222,0,0x000FFE,DE00720084FFBC00,720084FFBC006C0084FFC3003E007CFF
C:/Users/MadCat/Documents/GitHub/MechwarriorRecomp/research/extract/decoded_pck/HAMPCK_TBL.decoded.bin,pck_object_0008_part_000_choice_000_frame_053,pck_object_0008,pck_object_0008_part_000,pck_object_0008_part_000_choice_000,0,0,53,0x001004,108,0,0x001006,6C0084FFC3003E00,84FFC3003E007CFF69013EF8A8FE18F8
C:/Users/MadCat/Documents/GitHub/MechwarriorRecomp/research/extract/decoded_pck/HAMPCK_TBL.decoded.bin,pck_object_0008_part_000_choice_000_frame_054,pck_object_0008,pck_object_0008_part_000,pck_object_0008_part_000_choice_000,0,0,54,0x00100C,124,255,0x00100E,7CFF69013EF8A8FE,69013EF8A8FE18F8CCFE0300A2FEC207
C:/Users/MadCat/Documents/GitHub/MechwarriorRecomp/research/extract/decoded_pck/HAMPCK_TBL.decoded.bin,pck_object_0008_part_000_choice_000_frame_055,pck_object_0008,pck_object_0008_part_000,pck_object_0008_part_000_choice_000,0,0,55,0x001014,24,248,0x001016,18F8CCFE0300A2FE,CCFE0300A2FEC2076201EE070B01F1FF
C:/Users/MadCat/Documents/GitHub/MechwarriorRecomp/research/extract/decoded_pck/HAMPCK_TBL.decoded.bin,pck_object_0008_part_000_choice_000_frame_056,pck_object_0008,pck_object_0008_part_000,pck_object_0008_part_000_choice_000,0,0,56,0x00101C,194,7,0x00101E,C2076201EE070B01,6201EE070B01F1FF01007A0000000600
C:/Users/MadCat/Documents/GitHub/MechwarriorRecomp/research/extract/decoded_pck/HAMPCK_TBL.decoded.bin,pck_object_0008_part_000_choice_000_frame_057,pck_object_0008,pck_object_0008_part_000,pck_object_0008_part_000_choice_000,0,0,57,0x001024,241,255,0x001026,F1FF01007A000000,01007A00000006008200040181040808
C:/Users/MadCat/Documents/GitHub/MechwarriorRecomp/research/extract/decoded_pck/HAMPCK_TBL.decoded.bin,pck_object_0008_part_000_choice_000_frame_058,pck_object_0008,pck_object_0008_part_000,pck_object_0008_part_000_choice_000,0,0,58,0x00102C,6,0,0x00102E,0600820004018104,82000401810408080801B20081040800
C:/Users/MadCat/Documents/GitHub/MechwarriorRecomp/research/extract/decoded_pck/HAMPCK_TBL.decoded.bin,pck_object_0008_part_000_choice_000_frame_059,pck_object_0008,pck_object_0008_part_000,pck_object_0008_part_000_choice_000,0,0,59,0x001034,8,8,0x001036,08080801B2008104,0801B200810408000806B70081040800
C:/Users/MadCat/Documents/GitHub/MechwarriorRecomp/research/extract/decoded_pck/HAMPCK_TBL.decoded.bin,pck_object_0008_part_000_choice_000_frame_060,pck_object_0008,pck_object_0008_part_000,pck_object_0008_part_000_choice_000,0,0,60,0x00103C,8,0,0x00103E,08000806B7008104,0806B70081040800000BBC0081040808
C:/Users/MadCat/Documents/GitHub/MechwarriorRecomp/research/extract/decoded_pck/HAMPCK_TBL.decoded.bin,pck_object_0008_part_000_choice_000_frame_061,pck_object_0008,pck_object_0008_part_000,pck_object_0008_part_000_choice_000,0,0,61,0x001044,8,0,0x001046,0800000BBC008104,000BBC0081040808080CC10081040800
C:/Users/MadCat/Documents/GitHub/MechwarriorRecomp/research/extract/decoded_pck/HAMPCK_TBL.decoded.bin,pck_object_0008_part_000_choice_000_frame_062,pck_object_0008,pck_object_0008_part_000,pck_object_0008_part_000_choice_000,0,0,62,0x00104C,8,8,0x00104E,0808080CC1008104,080CC10081040800000DC60081040808
C:/Users/MadCat/Documents/GitHub/MechwarriorRecomp/research/extract/decoded_pck/HAMPCK_TBL.decoded.bin,pck_object_0008_part_000_choice_000_frame_063,pck_object_0008,pck_object_0008_part_000,pck_object_0008_part_000_choice_000,0,0,63,0x001054,8,0,0x001056,0800000DC6008104,000DC60081040808080ECB0002030405
C:/Users/MadCat/Documents/GitHub/MechwarriorRecomp/research/extract/decoded_pck/HAMPCK_TBL.decoded.bin,pck_object_0008_part_000_choice_000_frame_064,pck_object_0008,pck_object_0008_part_000,pck_object_0008_part_000_choice_000,0,0,64,0x00105C,8,8,0x00105E,0808080ECB000203,080ECB0002030405FF0708090AFF0507
C:/Users/MadCat/Documents/GitHub/MechwarriorRecomp/research/extract/decoded_pck/HAMPCK_TBL.decoded.bin,pck_object_0008_part_000_choice_000_frame_065,pck_object_0008,pck_object_0008_part_000,pck_object_0008_part_000_choice_000,0,0,65,0x001064,4,5,0x001066,0405FF0708090AFF,FF0708090AFF05070A02FF020A0903FF
C:/Users/MadCat/Documents/GitHub/MechwarriorRecomp/research/extract/decoded_pck/HAMPCK_TBL.decoded.bin,pck_object_0008_part_000_choice_000_frame_066,pck_object_0008,pck_object_0008_part_000,pck_object_0008_part_000_choice_000,0,0,66,0x00106C,5,7,0x00106E,05070A02FF020A09,0A02FF020A0903FF03090804FF040807
C:/Users/MadCat/Documents/GitHub/MechwarriorRecomp/research/extract/decoded_pck/HAMPCK_TBL.decoded.bin,pck_object_0008_part_000_choice_000_frame_067,pck_object_0008,pck_object_0008_part_000,pck_object_0008_part_000_choice_000,0,0,67,0x001074,3,255,0x001076,03FF03090804FF04,03090804FF04080705FF80004F010000
C:/Users/MadCat/Documents/GitHub/MechwarriorRecomp/research/extract/decoded_pck/HAMPCK_TBL.decoded.bin,pck_object_0008_part_000_choice_000_frame_068,pck_object_0008,pck_object_0008_part_000,pck_object_0008_part_000_choice_000,0,0,68,0x00107C,8,7,0x00107E,080705FF80004F01,05FF80004F0100000000000001000E00
C:/Users/MadCat/Documents/GitHub/MechwarriorRecomp/research/extract/decoded_pck/HAMPCK_TBL.decoded.bin,pck_object_0008_part_000_choice_000_frame_069,pck_object_0008,pck_object_0008_part_000,pck_object_0008_part_000_choice_000,0,0,69,0x001084,0,0,0x001086,0000000000000100,0000000001000E00000F160001007000
C:/Users/MadCat/Documents/GitHub/MechwarriorRecomp/research/extract/decoded_pck/HAMPCK_TBL.decoded.bin,pck_object_0008_part_000_choice_000_frame_070,pck_object_0008,pck_object_0008_part_000,pck_object_0008_part_000_choice_000,0,0,70,0x00108C,14,0,0x00108E,0E00000F16000100,000F160001007000D6057F0002003B00
C:/Users/MadCat/Documents/GitHub/MechwarriorRecomp/research/extract/decoded_pck/HAMPCK_TBL.decoded.bin,pck_object_0008_part_000_choice_000_frame_071,pck_object_0008,pck_object_0008_part_000,pck_object_0008_part_000_choice_000,0,0,71,0x001094,112,0,0x001096,7000D6057F000200,D6057F0002003B005FFD8D07CD00E7FF
C:/Users/MadCat/Documents/GitHub/MechwarriorRecomp/research/extract/decoded_pck/HAMPCK_TBL.decoded.bin,pck_object_0008_part_000_choice_000_frame_072,pck_object_0008,pck_object_0008_part_000,pck_object_0008_part_000_choice_000,0,0,72,0x00109C,59,0,0x00109E,3B005FFD8D07CD00,5FFD8D07CD00E7FFDD00CC001200EC00
C:/Users/MadCat/Documents/GitHub/MechwarriorRecomp/research/extract/decoded_pck/HAMPCK_TBL.decoded.bin,pck_object_0008_part_000_choice_000_frame_073,pck_object_0008,pck_object_0008_part_000,pck_object_0008_part_000_choice_000,0,0,73,0x0010A4,231,255,0x0010A6,E7FFDD00CC001200,DD00CC001200EC00EE001500EC00F000
C:/Users/MadCat/Documents/GitHub/MechwarriorRecomp/research/extract/decoded_pck/HAMPCK_TBL.decoded.bin,pck_object_0008_part_000_choice_000_frame_074,pck_object_0008,pck_object_0008_part_000,pck_object_0008_part_000_choice_000,0,0,74,0x0010AC,236,0,0x0010AE,EC00EE001500EC00,EE001500EC00F000EAFFDD00C2FFC602
C:/Users/MadCat/Documents/GitHub/MechwarriorRecomp/research/extract/decoded_pck/HAMPCK_TBL.decoded.bin,pck_object_0008_part_000_choice_000_frame_075,pck_object_0008,pck_object_0008_part_000,pck_object_0008_part_000_choice_000,0,0,75,0x0010B4,240,0,0x0010B6,F000EAFFDD00C2FF,EAFFDD00C2FFC60281F8E600650085FF
C:/Users/MadCat/Documents/GitHub/MechwarriorRecomp/research/extract/decoded_pck/HAMPCK_TBL.decoded.bin,pck_object_0008_part_000_choice_000_frame_076,pck_object_0008,pck_object_0008_part_000,pck_object_0008_part_000_choice_000,0,0,76,0x0010BC,198,2,0x0010BE,C60281F8E6006500,81F8E600650085FFE300900095FFC100
C:/Users/MadCat/Documents/GitHub/MechwarriorRecomp/research/extract/decoded_pck/HAMPCK_TBL.decoded.bin,pck_object_0008_part_000_choice_000_frame_077,pck_object_0008,pck_object_0008_part_000,pck_object_0008_part_000_choice_000,0,0,77,0x0010C4,133,255,0x0010C6,85FFE300900095FF,E300900095FFC1008D0095FFC4006300
C:/Users/MadCat/Documents/GitHub/MechwarriorRecomp/research/extract/decoded_pck/HAMPCK_TBL.decoded.bin,pck_object_0008_part_000_choice_000_frame_078,pck_object_0008,pck_object_0008_part_000,pck_object_0008_part_000_choice_000,0,0,78,0x0010CC,193,0,0x0010CE,C1008D0095FFC400,8D0095FFC400630085FF71007CF84DFD
C:/Users/MadCat/Documents/GitHub/MechwarriorRecomp/research/extract/decoded_pck/HAMPCK_TBL.decoded.bin,pck_object_0008_part_000_choice_000_frame_079,pck_object_0008,pck_object_0008_part_000,pck_object_0008_part_000_choice_000,0,0,79,0x0010D4,99,0,0x0010D6,630085FF71007CF8,85FF71007CF84DFD06F86EFF000057FF
C:/Users/MadCat/Documents/GitHub/MechwarriorRecomp/research/extract/decoded_pck/HAMPCK_TBL.decoded.bin,pck_object_0008_part_000_choice_000_frame_080,pck_object_0008,pck_object_0008_part_000,pck_object_0008_part_000_choice_000,0,0,80,0x0010DC,77,253,0x0010DE,4DFD06F86EFF0000,06F86EFF000057FF7F07B502FA079300
C:/Users/MadCat/Documents/GitHub/MechwarriorRecomp/research/extract/decoded_pck/HAMPCK_TBL.decoded.bin,pck_object_0008_part_000_choice_000_frame_081,pck_object_0008,pck_object_0008_part_000,pck_object_0008_part_000_choice_000,0,0,81,0x0010E4,87,255,0x0010E6,57FF7F07B502FA07,7F07B502FA079300F4FF010074000000
C:/Users/MadCat/Documents/GitHub/MechwarriorRecomp/research/extract/decoded_pck/HAMPCK_TBL.decoded.bin,pck_object_0008_part_000_choice_000_frame_082,pck_object_0008,pck_object_0008_part_000,pck_object_0008_part_000_choice_000,0,0,82,0x0010EC,147,0,0x0010EE,9300F4FF01007400,F4FF01007400000006007C0004018104
C:/Users/MadCat/Documents/GitHub/MechwarriorRecomp/research/extract/decoded_pck/HAMPCK_TBL.decoded.bin,pck_object_0008_part_000_choice_000_frame_083,pck_object_0008,pck_object_0008_part_000,pck_object_0008_part_000_choice_000,0,0,83,0x0010F4,0,0,0x0010F6,000006007C000401,06007C000401810408080801AC008104
C:/Users/MadCat/Documents/GitHub/MechwarriorRecomp/research/extract/decoded_pck/HAMPCK_TBL.decoded.bin,pck_object_0008_part_000_choice_000_frame_084,pck_object_0008,pck_object_0008_part_000,pck_object_0008_part_000_choice_000,0,0,84,0x0010FC,129,4,0x0010FE,810408080801AC00,08080801AC00810408000806B1008104
C:/Users/MadCat/Documents/GitHub/MechwarriorRecomp/research/extract/decoded_pck/HAMPCK_TBL.decoded.bin,pck_object_0008_part_000_choice_000_frame_085,pck_object_0008,pck_object_0008_part_000,pck_object_0008_part_000_choice_000,0,0,85,0x001104,129,4,0x001106,810408000806B100,08000806B10081040800000BB6008104
C:/Users/MadCat/Documents/GitHub/MechwarriorRecomp/research/extract/decoded_pck/HAMPCK_TBL.decoded.bin,pck_object_0008_part_000_choice_000_frame_086,pck_object_0008,pck_object_0008_part_000,pck_object_0008_part_000_choice_000,0,0,86,0x00110C,129,4,0x00110E,81040800000BB600,0800000BB60081040808080CBB008104
C:/Users/MadCat/Documents/GitHub/MechwarriorRecomp/research/extract/decoded_pck/HAMPCK_TBL.decoded.bin,pck_object_0008_part_000_choice_000_frame_087,pck_object_0008,pck_object_0008_part_000,pck_object_0008_part_000_choice_000,0,0,87,0x001114,129,4,0x001116,81040808080CBB00,0808080CBB0081040800000DC0008104
C:/Users/MadCat/Documents/GitHub/MechwarriorRecomp/research/extract/decoded_pck/HAMPCK_TBL.decoded.bin,pck_object_0008_part_000_choice_000_frame_088,pck_object_0008,pck_object_0008_part_000,pck_object_0008_part_000_choice_000,0,0,88,0x00111C,129,4,0x00111E,81040800000DC000,0800000DC00081040808080EC5000203
C:/Users/MadCat/Documents/GitHub/MechwarriorRecomp/research/extract/decoded_pck/HAMPCK_TBL.decoded.bin,pck_object_0008_part_000_choice_000_frame_089,pck_object_0008,pck_object_0008_part_000,pck_object_0008_part_000_choice_000,0,0,89,0x001124,129,4,0x001126,81040808080EC500,0808080EC50002030405FF0708090AFF
C:/Users/MadCat/Documents/GitHub/MechwarriorRecomp/research/extract/decoded_pck/HAMPCK_TBL.decoded.bin,pck_object_0008_part_000_choice_000_frame_090,pck_object_0008,pck_object_0008_part_000,pck_object_0008_part_000_choice_000,0,0,90,0x00112C,2,3,0x00112E,02030405FF070809,0405FF0708090AFF05070A02FF020A09
C:/Users/MadCat/Documents/GitHub/MechwarriorRecomp/research/extract/decoded_pck/HAMPCK_TBL.decoded.bin,pck_object_0008_part_000_choice_000_frame_091,pck_object_0008,pck_object_0008_part_000,pck_object_0008_part_000_choice_000,0,0,91,0x001134,10,255,0x001136,0AFF05070A02FF02,05070A02FF020A0903FF03090804FF04
C:/Users/MadCat/Documents/GitHub/MechwarriorRecomp/research/extract/decoded_pck/HAMPCK_TBL.decoded.bin,pck_object_0008_part_000_choice_000_frame_092,pck_object_0008,pck_object_0008_part_000,pck_object_0008_part_000_choice_000,0,0,92,0x00113C,10,9,0x00113E,0A0903FF03090804,03FF03090804FF04080705FF80005001
C:/Users/MadCat/Documents/GitHub/MechwarriorRecomp/research/extract/decoded_pck/HAMPCK_TBL.decoded.bin,pck_object_0008_part_000_choice_000_frame_093,pck_object_0008,pck_object_0008_part_000,pck_object_0008_part_000_choice_000,0,0,93,0x001144,255,4,0x001146,FF04080705FF8000,080705FF800050010000000000000100
C:/Users/MadCat/Documents/GitHub/MechwarriorRecomp/research/extract/decoded_pck/HAMPCK_TBL.decoded.bin,pck_object_0008_part_000_choice_000_frame_094,pck_object_0008,pck_object_0008_part_000,pck_object_0008_part_000_choice_000,0,0,94,0x00114C,80,1,0x00114E,5001000000000000,00000000000001001800000F20000100
C:/Users/MadCat/Documents/GitHub/MechwarriorRecomp/research/extract/decoded_pck/HAMPCK_TBL.decoded.bin,pck_object_0008_part_000_choice_000_frame_095,pck_object_0008,pck_object_0008_part_000,pck_object_0008_part_000_choice_000,0,0,95,0x001154,1,0,0x001156,01001800000F2000,1800000F200001007A00DC0500000100
C:/Users/MadCat/Documents/GitHub/MechwarriorRecomp/research/extract/decoded_pck/HAMPCK_TBL.decoded.bin,pck_object_0008_part_000_choice_000_frame_096,pck_object_0008,pck_object_0008_part_000,pck_object_0008_part_000_choice_000,0,0,96,0x00115C,1,0,0x00115E,01007A00DC050000,7A00DC050000010000009AFEE007CC00
C:/Users/MadCat/Documents/GitHub/MechwarriorRecomp/research/extract/decoded_pck/HAMPCK_TBL.decoded.bin,pck_object_0008_part_000_choice_000_frame_097,pck_object_0008,pck_object_0008_part_000,pck_object_0008_part_000_choice_000,0,0,97,0x001164,1,0,0x001166,010000009AFEE007,00009AFEE007CC00DFFFE300CD000C00
C:/Users/MadCat/Documents/GitHub/MechwarriorRecomp/research/extract/decoded_pck/HAMPCK_TBL.decoded.bin,pck_object_0008_part_000_choice_000_frame_098,pck_object_0008,pck_object_0008_part_000,pck_object_0008_part_000_choice_000,0,0,98,0x00116C,204,0,0x00116E,CC00DFFFE300CD00,DFFFE300CD000C00EB00F0000C00EB00
C:/Users/MadCat/Documents/GitHub/MechwarriorRecomp/research/extract/decoded_pck/HAMPCK_TBL.decoded.bin,pck_object_0008_part_000_choice_000_frame_099,pck_object_0008,pck_object_0008_part_000,pck_object_0008_part_000_choice_000,0,0,99,0x001174,12,0,0x001176,0C00EB00F0000C00,EB00F0000C00EB00EE00DFFFE3000000
C:/Users/MadCat/Documents/GitHub/MechwarriorRecomp/research/extract/decoded_pck/HAMPCK_TBL.decoded.bin,pck_object_0008_part_000_choice_000_frame_100,pck_object_0008,pck_object_0008_part_000,pck_object_0008_part_000_choice_000,0,0,100,0x00117C,235,0,0x00117E,EB00EE00DFFFE300,EE00DFFFE30000005E011FF8EE001D00
C:/Users/MadCat/Documents/GitHub/MechwarriorRecomp/research/extract/decoded_pck/HAMPCK_TBL.decoded.bin,pck_object_0008_part_000_choice_000_frame_101,pck_object_0008,pck_object_0008_part_000,pck_object_0008_part_000_choice_000,0,0,101,0x001184,0,0,0x001186,00005E011FF8EE00,5E011FF8EE001D007CFFF0004B0084FF
C:/Users/MadCat/Documents/GitHub/MechwarriorRecomp/research/extract/decoded_pck/HAMPCK_TBL.decoded.bin,pck_object_0008_part_000_choice_000_frame_102,pck_object_0008,pck_object_0008_part_000,pck_object_0008_part_000_choice_000,0,0,102,0x00118C,29,0,0x00118E,1D007CFFF0004B00,7CFFF0004B0084FFCD004B0084FFCC00
C:/Users/MadCat/Documents/GitHub/MechwarriorRecomp/research/extract/decoded_pck/HAMPCK_TBL.decoded.bin,pck_object_0008_part_000_choice_000_frame_103,pck_object_0008,pck_object_0008_part_000,pck_object_0008_part_000_choice_000,0,0,103,0x001194,132,255,0x001196,84FFCD004B0084FF,CD004B0084FFCC001D007CFF00001EF8
C:/Users/MadCat/Documents/GitHub/MechwarriorRecomp/research/extract/decoded_pck/HAMPCK_TBL.decoded.bin,pck_object_0008_part_000_choice_000_frame_104,pck_object_0008,pck_object_0008_part_000,pck_object_0008_part_000_choice_000,0,0,104,0x00119C,204,0,0x00119E,CC001D007CFF0000,1D007CFF00001EF8A4FE01F82B000700
C:/Users/MadCat/Documents/GitHub/MechwarriorRecomp/research/extract/decoded_pck/HAMPCK_TBL.decoded.bin,pck_object_0008_part_000_choice_000_frame_105,pck_object_0008,pck_object_0008_part_000,pck_object_0008_part_000_choice_000,0,0,105,0x0011A4,30,248,0x0011A6,1EF8A4FE01F82B00,A4FE01F82B0007000000E1076101FE07
C:/Users/MadCat/Documents/GitHub/MechwarriorRecomp/research/extract/decoded_pck/HAMPCK_TBL.decoded.bin,pck_object_0008_part_000_choice_000_frame_106,pck_object_0008,pck_object_0008_part_000,pck_object_0008_part_000_choice_000,0,0,106,0x0011AC,7,0,0x0011AE,07000000E1076101,0000E1076101FE07AAFFF1FF01007E00
C:/Users/MadCat/Documents/GitHub/MechwarriorRecomp/research/extract/decoded_pck/HAMPCK_TBL.decoded.bin,pck_object_0008_part_000_choice_000_frame_107,pck_object_0008,pck_object_0008_part_000,pck_object_0008_part_000_choice_000,0,0,107,0x0011B4,254,7,0x0011B6,FE07AAFFF1FF0100,AAFFF1FF01007E000000060086000401
C:/Users/MadCat/Documents/GitHub/MechwarriorRecomp/research/extract/decoded_pck/HAMPCK_TBL.decoded.bin,pck_object_0008_part_000_choice_000_frame_108,pck_object_0008,pck_object_0008_part_000,pck_object_0008_part_000_choice_000,0,0,108,0x0011BC,126,0,0x0011BE,7E00000006008600,0000060086000401810408080801B600
C:/Users/MadCat/Documents/GitHub/MechwarriorRecomp/research/extract/decoded_pck/HAMPCK_TBL.decoded.bin,pck_object_0008_part_000_choice_000_frame_109,pck_object_0008,pck_object_0008_part_000,pck_object_0008_part_000_choice_000,0,0,109,0x0011C4,4,1,0x0011C6,0401810408080801,810408080801B600810408000806BB00
C:/Users/MadCat/Documents/GitHub/MechwarriorRecomp/research/extract/decoded_pck/HAMPCK_TBL.decoded.bin,pck_object_0008_part_000_choice_000_frame_110,pck_object_0008,pck_object_0008_part_000,pck_object_0008_part_000_choice_000,0,0,110,0x0011CC,182,0,0x0011CE,B600810408000806,810408000806BB0081040800000BC000
C:/Users/MadCat/Documents/GitHub/MechwarriorRecomp/research/extract/decoded_pck/HAMPCK_TBL.decoded.bin,pck_object_0008_part_000_choice_000_frame_111,pck_object_0008,pck_object_0008_part_000,pck_object_0008_part_000_choice_000,0,0,111,0x0011D4,187,0,0x0011D6,BB0081040800000B,81040800000BC00081040808080CC500
C:/Users/MadCat/Documents/GitHub/MechwarriorRecomp/research/extract/decoded_pck/HAMPCK_TBL.decoded.bin,pck_object_0008_part_000_choice_000_frame_112,pck_object_0008,pck_object_0008_part_000,pck_object_0008_part_000_choice_000,0,0,112,0x0011DC,192,0,0x0011DE,C00081040808080C,81040808080CC50081040800000DCA00
C:/Users/MadCat/Documents/GitHub/MechwarriorRecomp/research/extract/decoded_pck/HAMPCK_TBL.decoded.bin,pck_object_0008_part_000_choice_000_frame_113,pck_object_0008,pck_object_0008_part_000,pck_object_0008_part_000_choice_000,0,0,113,0x0011E4,197,0,0x0011E6,C50081040800000D,81040800000DCA0081040808080ECF00
C:/Users/MadCat/Documents/GitHub/MechwarriorRecomp/research/extract/decoded_pck/HAMPCK_TBL.decoded.bin,pck_object_0008_part_000_choice_000_frame_114,pck_object_0008,pck_object_0008_part_000,pck_object_0008_part_000_choice_000,0,0,114,0x0011EC,202,0,0x0011EE,CA0081040808080E,81040808080ECF0002030405FF070809
C:/Users/MadCat/Documents/GitHub/MechwarriorRecomp/research/extract/decoded_pck/HAMPCK_TBL.decoded.bin,pck_object_0008_part_000_choice_000_frame_115,pck_object_0008,pck_object_0008_part_000,pck_object_0008_part_000_choice_000,0,0,115,0x0011F4,207,0,0x0011F6,CF0002030405FF07,02030405FF0708090AFF05070A02FF02
C:/Users/MadCat/Documents/GitHub/MechwarriorRecomp/research/extract/decoded_pck/HAMPCK_TBL.decoded.bin,pck_object_0008_part_000_choice_000_frame_116,pck_object_0008,pck_object_0008_part_000,pck_object_0008_part_000_choice_000,0,0,116,0x0011FC,8,9,0x0011FE,08090AFF05070A02,0AFF05070A02FF020A0903FF03090804
C:/Users/MadCat/Documents/GitHub/MechwarriorRecomp/research/extract/decoded_pck/HAMPCK_TBL.decoded.bin,pck_object_0008_part_000_choice_000_frame_117,pck_object_0008,pck_object_0008_part_000,pck_object_0008_part_000_choice_000,0,0,117,0x001204,255,2,0x001206,FF020A0903FF0309,0A0903FF03090804FF04080705FF8000
C:/Users/MadCat/Documents/GitHub/MechwarriorRecomp/research/extract/decoded_pck/HAMPCK_TBL.decoded.bin,pck_object_0008_part_000_choice_000_frame_118,pck_object_0008,pck_object_0008_part_000,pck_object_0008_part_000_choice_000,0,0,118,0x00120C,8,4,0x00120E,0804FF04080705FF,FF04080705FF80005301000000000000
C:/Users/MadCat/Documents/GitHub/MechwarriorRecomp/research/extract/decoded_pck/HAMPCK_TBL.decoded.bin,pck_object_0008_part_000_choice_000_frame_119,pck_object_0008,pck_object_0008_part_000,pck_object_0008_part_000_choice_000,0,0,119,0x001214,128,0,0x001216,8000530100000000,530100000000000001001200000F1A00
C:/Users/MadCat/Documents/GitHub/MechwarriorRecomp/research/extract/decoded_pck/HAMPCK_TBL.decoded.bin,pck_object_0008_part_000_choice_000_frame_120,pck_object_0008,pck_object_0008_part_000,pck_object_0008_part_000_choice_000,0,0,120,0x00121C,0,0,0x00121E,000001001200000F,01001200000F1A000100740029FA8300
C:/Users/MadCat/Documents/GitHub/MechwarriorRecomp/research/extract/decoded_pck/HAMPCK_TBL.decoded.bin,pck_object_0008_part_000_choice_000_frame_121,pck_object_0008,pck_object_0008_part_000,pck_object_0008_part_000_choice_000,0,0,121,0x001224,26,0,0x001226,1A000100740029FA,0100740029FA8300FEFFD7FF9FFEE007
C:/Users/MadCat/Documents/GitHub/MechwarriorRecomp/research/extract/decoded_pck/HAMPCK_TBL.decoded.bin,pck_object_0008_part_000_choice_000_frame_122,pck_object_0008,pck_object_0008_part_000,pck_object_0008_part_000_choice_000,0,0,122,0x00122C,131,0,0x00122E,8300FEFFD7FF9FFE,FEFFD7FF9FFEE0070DFFF4FFE80012FF
C:/Users/MadCat/Documents/GitHub/MechwarriorRecomp/research/extract/decoded_pck/HAMPCK_TBL.decoded.bin,pck_object_0008_part_000_choice_000_frame_123,pck_object_0008,pck_object_0008_part_000,pck_object_0008_part_000_choice_000,0,0,123,0x001234,224,7,0x001236,E0070DFFF4FFE800,0DFFF4FFE80012FF2100F00034FF1D00
C:/Users/MadCat/Documents/GitHub/MechwarriorRecomp/research/extract/decoded_pck/HAMPCK_TBL.decoded.bin,pck_object_0008_part_000_choice_000_frame_124,pck_object_0008,pck_object_0008_part_000,pck_object_0008_part_000_choice_000,0,0,124,0x00123C,18,255,0x00123E,12FF2100F00034FF,2100F00034FF1D00F0002FFFF0FFE800
C:/Users/MadCat/Documents/GitHub/MechwarriorRecomp/research/extract/decoded_pck/HAMPCK_TBL.decoded.bin,pck_object_0008_part_000_choice_000_frame_125,pck_object_0008,pck_object_0008_part_000,pck_object_0008_part_000_choice_000,0,0,125,0x001244,29,0,0x001246,1D00F0002FFFF0FF,F0002FFFF0FFE800270059011EF834FF
C:/Users/MadCat/Documents/GitHub/MechwarriorRecomp/research/extract/decoded_pck/HAMPCK_TBL.decoded.bin,pck_object_0008_part_000_choice_000_frame_126,pck_object_0008,pck_object_0008_part_000,pck_object_0008_part_000_choice_000,0,0,126,0x00124C,232,0,0x00124E,E800270059011EF8,270059011EF834FF2E0081FF3AFF5C00
C:/Users/MadCat/Documents/GitHub/MechwarriorRecomp/research/extract/decoded_pck/HAMPCK_TBL.decoded.bin,pck_object_0008_part_000_choice_000_frame_127,pck_object_0008,pck_object_0008_part_000,pck_object_0008_part_000_choice_000,0,0,127,0x001254,52,255,0x001256,34FF2E0081FF3AFF,2E0081FF3AFF5C0089FF17FF600089FF
C:/Users/MadCat/Documents/GitHub/MechwarriorRecomp/research/extract/decoded_pck/HAMPCK_TBL.decoded.bin,pck_object_0008_part_000_choice_000_frame_128,pck_object_0008,pck_object_0008_part_000,pck_object_0008_part_000_choice_000,0,0,128,0x00125C,92,0,0x00125E,5C0089FF17FF6000,89FF17FF600089FF13FF320081FF0EFF
C:/Users/MadCat/Documents/GitHub/MechwarriorRecomp/research/extract/decoded_pck/HAMPCK_TBL.decoded.bin,pck_object_0008_part_000_choice_000_frame_129,pck_object_0008,pck_object_0008_part_000,pck_object_0008_part_000_choice_000,0,0,129,0x001264,137,255,0x001266,89FF13FF320081FF,13FF320081FF0EFF2DF8A3FEEF07FAFE
C:/Users/MadCat/Documents/GitHub/MechwarriorRecomp/research/extract/decoded_pck/HAMPCK_TBL.decoded.bin,pck_object_0008_part_000_choice_000_frame_130,pck_object_0008,pck_object_0008_part_000,pck_object_0008_part_000_choice_000,0,0,130,0x00126C,14,255,0x00126E,0EFF2DF8A3FEEF07,2DF8A3FEEF07FAFEF4FFE500D3076201
C:/Users/MadCat/Documents/GitHub/MechwarriorRecomp/research/extract/decoded_pck/HAMPCK_TBL.decoded.bin,pck_object_0008_part_000_choice_000_frame_131,pck_object_0008,pck_object_0008_part_000,pck_object_0008_part_000_choice_000,0,0,131,0x001274,250,254,0x001276,FAFEF4FFE500D307,F4FFE500D307620108F8B100FDFF0100
C:/Users/MadCat/Documents/GitHub/MechwarriorRecomp/research/extract/decoded_pck/HAMPCK_TBL.decoded.bin,pck_object_0009_part_000_choice_000_frame_000,pck_object_0009,pck_object_0009_part_000,pck_object_0009_part_000_choice_000,0,0,0,0x000E22,128,0,0x000E24,80004D0100000000,4D0100000000000001001000000F1800
C:/Users/MadCat/Documents/GitHub/MechwarriorRecomp/research/extract/decoded_pck/HAMPCK_TBL.decoded.bin,pck_object_0009_part_000_choice_000_frame_001,pck_object_0009,pck_object_0009_part_000,pck_object_0009_part_000_choice_000,0,0,1,0x000E2A,0,0,0x000E2C,000001001000000F,01001000000F180001007200DA05FAFF
C:/Users/MadCat/Documents/GitHub/MechwarriorRecomp/research/extract/decoded_pck/HAMPCK_TBL.decoded.bin,pck_object_0009_part_000_choice_000_frame_002,pck_object_0009,pck_object_0009_part_000,pck_object_0009_part_000_choice_000,0,0,2,0x000E32,24,0,0x000E34,180001007200DA05,01007200DA05FAFF010000002602B407
C:/Users/MadCat/Documents/GitHub/MechwarriorRecomp/research/extract/decoded_pck/HAMPCK_TBL.decoded.bin,pck_object_0009_part_000_choice_000_frame_003,pck_object_0009,pck_object_0009_part_000,pck_object_0009_part_000_choice_000,0,0,3,0x000E3A,250,255,0x000E3C,FAFF010000002602,010000002602B407CA00F7FFEC00CC00
C:/Users/MadCat/Documents/GitHub/MechwarriorRecomp/research/extract/decoded_pck/HAMPCK_TBL.decoded.bin,pck_object_0009_part_000_choice_000_frame_004,pck_object_0009,pck_object_0009_part_000,pck_object_0009_part_000_choice_000,0,0,4,0x000E42,180,7,0x000E44,B407CA00F7FFEC00,CA00F7FFEC00CC002200E000EE002200
C:/Users/MadCat/Documents/GitHub/MechwarriorRecomp/research/extract/decoded_pck/HAMPCK_TBL.decoded.bin,pck_object_0009_part_000_choice_000_frame_005,pck_object_0009,pck_object_0009_part_000,pck_object_0009_part_000_choice_000,0,0,5,0x000E4A,204,0,0x000E4C,CC002200E000EE00,2200E000EE002200E000EC00F5FFEC00
C:/Users/MadCat/Documents/GitHub/MechwarriorRecomp/research/extract/decoded_pck/HAMPCK_TBL.decoded.bin,pck_object_0009_part_000_choice_000_frame_006,pck_object_0009,pck_object_0009_part_000,pck_object_0009_part_000_choice_000,0,0,6,0x000E52,34,0,0x000E54,2200E000EC00F5FF,E000EC00F5FFEC000000F1FD46F8EC00
C:/Users/MadCat/Documents/GitHub/MechwarriorRecomp/research/extract/decoded_pck/HAMPCK_TBL.decoded.bin,pck_object_0009_part_000_choice_000_frame_007,pck_object_0009,pck_object_0009_part_000,pck_object_0009_part_000_choice_000,0,0,7,0x000E5A,236,0,0x000E5C,EC000000F1FD46F8,0000F1FD46F8EC0097FF8CFFEE00C4FF
C:/Users/MadCat/Documents/GitHub/MechwarriorRecomp/research/extract/decoded_pck/HAMPCK_TBL.decoded.bin,pck_object_0009_part_000_choice_000_frame_008,pck_object_0009,pck_object_0009_part_000,pck_object_0009_part_000_choice_000,0,0,8,0x000E62,236,0,0x000E64,EC0097FF8CFFEE00,97FF8CFFEE00C4FF80FFCB00C4FF80FF
C:/Users/MadCat/Documents/GitHub/MechwarriorRecomp/research/extract/decoded_pck/HAMPCK_TBL.decoded.bin,pck_object_0009_part_000_choice_000_frame_009,pck_object_0009,pck_object_0009_part_000,pck_object_0009_part_000_choice_000,0,0,9,0x000E6A,196,255,0x000E6C,C4FF80FFCB00C4FF,80FFCB00C4FF80FFCA0097FF8CFF0000
C:/Users/MadCat/Documents/GitHub/MechwarriorRecomp/research/extract/decoded_pck/HAMPCK_TBL.decoded.bin,pck_object_0009_part_000_choice_000_frame_010,pck_object_0009,pck_object_0009_part_000,pck_object_0009_part_000_choice_000,0,0,10,0x000E72,128,255,0x000E74,80FFCA0097FF8CFF,CA0097FF8CFF000046F8100201F82A00
C:/Users/MadCat/Documents/GitHub/MechwarriorRecomp/research/extract/decoded_pck/HAMPCK_TBL.decoded.bin,pck_object_0009_part_000_choice_000_frame_011,pck_object_0009,pck_object_0009_part_000,pck_object_0009_part_000_choice_000,0,0,11,0x000E7A,0,0,0x000E7C,000046F8100201F8,46F8100201F82A00F5FF0000BA07F0FD
C:/Users/MadCat/Documents/GitHub/MechwarriorRecomp/research/extract/decoded_pck/HAMPCK_TBL.decoded.bin,pck_object_0009_part_000_choice_000_frame_012,pck_object_0009,pck_object_0009_part_000,pck_object_0009_part_000_choice_000,0,0,12,0x000E82,42,0,0x000E84,2A00F5FF0000BA07,F5FF0000BA07F0FDFE07ACFF16000100
C:/Users/MadCat/Documents/GitHub/MechwarriorRecomp/research/extract/decoded_pck/HAMPCK_TBL.decoded.bin,pck_object_0009_part_000_choice_000_frame_013,pck_object_0009,pck_object_0009_part_000,pck_object_0009_part_000_choice_000,0,0,13,0x000E8A,240,253,0x000E8C,F0FDFE07ACFF1600,FE07ACFF160001007600000006007E00
C:/Users/MadCat/Documents/GitHub/MechwarriorRecomp/research/extract/decoded_pck/HAMPCK_TBL.decoded.bin,pck_object_0009_part_000_choice_000_frame_014,pck_object_0009,pck_object_0009_part_000,pck_object_0009_part_000_choice_000,0,0,14,0x000E92,1,0,0x000E94,0100760000000600,7600000006007E000401810408080801
C:/Users/MadCat/Documents/GitHub/MechwarriorRecomp/research/extract/decoded_pck/HAMPCK_TBL.decoded.bin,pck_object_0009_part_000_choice_000_frame_015,pck_object_0009,pck_object_0009_part_000,pck_object_0009_part_000_choice_000,0,0,15,0x000E9A,126,0,0x000E9C,7E00040181040808,0401810408080801AE00810408000806
C:/Users/MadCat/Documents/GitHub/MechwarriorRecomp/research/extract/decoded_pck/HAMPCK_TBL.decoded.bin,pck_object_0009_part_000_choice_000_frame_016,pck_object_0009,pck_object_0009_part_000,pck_object_0009_part_000_choice_000,0,0,16,0x000EA2,8,1,0x000EA4,0801AE0081040800,AE00810408000806B30081040800000B
C:/Users/MadCat/Documents/GitHub/MechwarriorRecomp/research/extract/decoded_pck/HAMPCK_TBL.decoded.bin,pck_object_0009_part_000_choice_000_frame_017,pck_object_0009,pck_object_0009_part_000,pck_object_0009_part_000_choice_000,0,0,17,0x000EAA,8,6,0x000EAC,0806B30081040800,B30081040800000BB80081040808080C
C:/Users/MadCat/Documents/GitHub/MechwarriorRecomp/research/extract/decoded_pck/HAMPCK_TBL.decoded.bin,pck_object_0009_part_000_choice_000_frame_018,pck_object_0009,pck_object_0009_part_000,pck_object_0009_part_000_choice_000,0,0,18,0x000EB2,0,11,0x000EB4,000BB80081040808,B80081040808080CBD0081040800000D
C:/Users/MadCat/Documents/GitHub/MechwarriorRecomp/research/extract/decoded_pck/HAMPCK_TBL.decoded.bin,pck_object_0009_part_000_choice_000_frame_019,pck_object_0009,pck_object_0009_part_000,pck_object_0009_part_000_choice_000,0,0,19,0x000EBA,8,12,0x000EBC,080CBD0081040800,BD0081040800000DC20081040808080E
C:/Users/MadCat/Documents/GitHub/MechwarriorRecomp/research/extract/decoded_pck/HAMPCK_TBL.decoded.bin,pck_object_0009_part_000_choice_000_frame_020,pck_object_0009,pck_object_0009_part_000,pck_object_0009_part_000_choice_000,0,0,20,0x000EC2,0,13,0x000EC4,000DC20081040808,C20081040808080EC70002030405FF07
C:/Users/MadCat/Documents/GitHub/MechwarriorRecomp/research/extract/decoded_pck/HAMPCK_TBL.decoded.bin,pck_object_0009_part_000_choice_000_frame_021,pck_object_0009,pck_object_0009_part_000,pck_object_0009_part_000_choice_000,0,0,21,0x000ECA,8,14,0x000ECC,080EC70002030405,C70002030405FF0708090AFF05070A02
C:/Users/MadCat/Documents/GitHub/MechwarriorRecomp/research/extract/decoded_pck/HAMPCK_TBL.decoded.bin,pck_object_0009_part_000_choice_000_frame_022,pck_object_0009,pck_object_0009_part_000,pck_object_0009_part_000_choice_000,0,0,22,0x000ED2,255,7,0x000ED4,FF0708090AFF0507,08090AFF05070A02FF020A0903FF0309
C:/Users/MadCat/Documents/GitHub/MechwarriorRecomp/research/extract/decoded_pck/HAMPCK_TBL.decoded.bin,pck_object_0009_part_000_choice_000_frame_023,pck_object_0009,pck_object_0009_part_000,pck_object_0009_part_000_choice_000,0,0,23,0x000EDA,10,2,0x000EDC,0A02FF020A0903FF,FF020A0903FF03090804FF04080705FF
C:/Users/MadCat/Documents/GitHub/MechwarriorRecomp/research/extract/decoded_pck/HAMPCK_TBL.decoded.bin,pck_object_0009_part_000_choice_000_frame_024,pck_object_0009,pck_object_0009_part_000,pck_object_0009_part_000_choice_000,0,0,24,0x000EE2,3,9,0x000EE4,03090804FF040807,0804FF04080705FF80004D0100000000
C:/Users/MadCat/Documents/GitHub/MechwarriorRecomp/research/extract/decoded_pck/HAMPCK_TBL.decoded.bin,pck_object_0009_part_000_choice_000_frame_025,pck_object_0009,pck_object_0009_part_000,pck_object_0009_part_000_choice_000,0,0,25,0x000EEA,5,255,0x000EEC,05FF80004D010000,80004D0100000000000001001A00000F
C:/Users/MadCat/Documents/GitHub/MechwarriorRecomp/research/extract/decoded_pck/HAMPCK_TBL.decoded.bin,pck_object_0009_part_000_choice_000_frame_026,pck_object_0009,pck_object_0009_part_000,pck_object_0009_part_000_choice_000,0,0,26,0x000EF2,0,0,0x000EF4,0000000001001A00,000001001A00000F220001007C00D505
C:/Users/MadCat/Documents/GitHub/MechwarriorRecomp/research/extract/decoded_pck/HAMPCK_TBL.decoded.bin,pck_object_0009_part_000_choice_000_frame_027,pck_object_0009,pck_object_0009_part_000,pck_object_0009_part_000_choice_000,0,0,27,0x000EFA,0,15,0x000EFC,000F220001007C00,220001007C00D5058000000000000000
C:/Users/MadCat/Documents/GitHub/MechwarriorRecomp/research/extract/decoded_pck/HAMPCK_TBL.decoded.bin,pck_object_0009_part_000_choice_000_frame_028,pck_object_0009,pck_object_0009_part_000,pck_object_0009_part_000_choice_000,0,0,28,0x000F02,213,5,0x000F04,D505800000000000,80000000000000000008CD00FBFFE800
C:/Users/MadCat/Documents/GitHub/MechwarriorRecomp/research/extract/decoded_pck/HAMPCK_TBL.decoded.bin,pck_object_0009_part_000_choice_000_frame_029,pck_object_0009,pck_object_0009_part_000,pck_object_0009_part_000_choice_000,0,0,29,0x000F0A,0,0,0x000F0C,00000008CD00FBFF,0008CD00FBFFE800C9002600E800EC00
C:/Users/MadCat/Documents/GitHub/MechwarriorRecomp/research/extract/decoded_pck/HAMPCK_TBL.decoded.bin,pck_object_0009_part_000_choice_000_frame_030,pck_object_0009,pck_object_0009_part_000,pck_object_0009_part_000_choice_000,0,0,30,0x000F12,232,0,0x000F14,E800C9002600E800,C9002600E800EC002A00E800F000FDFF
C:/Users/MadCat/Documents/GitHub/MechwarriorRecomp/research/extract/decoded_pck/HAMPCK_TBL.decoded.bin,pck_object_0009_part_000_choice_000_frame_031,pck_object_0009,pck_object_0009_part_000,pck_object_0009_part_000_choice_000,0,0,31,0x000F1A,236,0,0x000F1C,EC002A00E800F000,2A00E800F000FDFFE8000000000000F8
C:/Users/MadCat/Documents/GitHub/MechwarriorRecomp/research/extract/decoded_pck/HAMPCK_TBL.decoded.bin,pck_object_0009_part_000_choice_000_frame_032,pck_object_0009,pck_object_0009_part_000,pck_object_0009_part_000_choice_000,0,0,32,0x000F22,253,255,0x000F24,FDFFE80000000000,E8000000000000F8F000FDFF7CFFEC00
C:/Users/MadCat/Documents/GitHub/MechwarriorRecomp/research/extract/decoded_pck/HAMPCK_TBL.decoded.bin,pck_object_0009_part_000_choice_000_frame_033,pck_object_0009,pck_object_0009_part_000,pck_object_0009_part_000_choice_000,0,0,33,0x000F2A,0,248,0x000F2C,00F8F000FDFF7CFF,F000FDFF7CFFEC002A007CFFC9002600
C:/Users/MadCat/Documents/GitHub/MechwarriorRecomp/research/extract/decoded_pck/HAMPCK_TBL.decoded.bin,pck_object_0009_part_000_choice_000_frame_034,pck_object_0009,pck_object_0009_part_000,pck_object_0009_part_000_choice_000,0,0,34,0x000F32,236,0,0x000F34,EC002A007CFFC900,2A007CFFC90026007CFFCD00FBFF7CFF
C:/Users/MadCat/Documents/GitHub/MechwarriorRecomp/research/extract/decoded_pck/HAMPCK_TBL.decoded.bin,pck_object_0009_part_000_choice_000_frame_035,pck_object_0009,pck_object_0009_part_000,pck_object_0009_part_000_choice_000,0,0,35,0x000F3A,38,0,0x000F3C,26007CFFCD00FBFF,7CFFCD00FBFF7CFF740004F8000009F8
C:/Users/MadCat/Documents/GitHub/MechwarriorRecomp/research/extract/decoded_pck/HAMPCK_TBL.decoded.bin,pck_object_0009_part_000_choice_000_frame_036,pck_object_0009,pck_object_0009_part_000,pck_object_0009_part_000_choice_000,0,0,36,0x000F42,124,255,0x000F44,7CFF740004F80000,740004F8000009F843FF000018FFF207
C:/Users/MadCat/Documents/GitHub/MechwarriorRecomp/research/extract/decoded_pck/HAMPCK_TBL.decoded.bin,pck_object_0009_part_000_choice_000_frame_037,pck_object_0009,pck_object_0009_part_000,pck_object_0009_part_000_choice_000,0,0,37,0x000F4A,9,248,0x000F4C,09F843FF000018FF,43FF000018FFF2070000F707B5000000
C:/Users/MadCat/Documents/GitHub/MechwarriorRecomp/research/extract/decoded_pck/HAMPCK_TBL.decoded.bin,pck_object_0009_part_000_choice_000_frame_038,pck_object_0009,pck_object_0009_part_000,pck_object_0009_part_000_choice_000,0,0,38,0x000F52,242,7,0x000F54,F2070000F707B500,0000F707B50000000100800000000600
C:/Users/MadCat/Documents/GitHub/MechwarriorRecomp/research/extract/decoded_pck/HAMPCK_TBL.decoded.bin,pck_object_0009_part_000_choice_000_frame_039,pck_object_0009,pck_object_0009_part_000,pck_object_0009_part_000_choice_000,0,0,39,0x000F5A,0,0,0x000F5C,0000010080000000,01008000000006008800040181040808
C:/Users/MadCat/Documents/GitHub/MechwarriorRecomp/research/extract/decoded_pck/HAMPCK_TBL.decoded.bin,pck_object_0009_part_000_choice_000_frame_040,pck_object_0009,pck_object_0009_part_000,pck_object_0009_part_000_choice_000,0,0,40,0x000F62,6,0,0x000F64,0600880004018104,88000401810408080801B80081040800
C:/Users/MadCat/Documents/GitHub/MechwarriorRecomp/research/extract/decoded_pck/HAMPCK_TBL.decoded.bin,pck_object_0009_part_000_choice_000_frame_041,pck_object_0009,pck_object_0009_part_000,pck_object_0009_part_000_choice_000,0,0,41,0x000F6A,8,8,0x000F6C,08080801B8008104,0801B800810408000806BD0081040800
C:/Users/MadCat/Documents/GitHub/MechwarriorRecomp/research/extract/decoded_pck/HAMPCK_TBL.decoded.bin,pck_object_0009_part_000_choice_000_frame_042,pck_object_0009,pck_object_0009_part_000,pck_object_0009_part_000_choice_000,0,0,42,0x000F72,8,0,0x000F74,08000806BD008104,0806BD0081040800000BC20081040808
C:/Users/MadCat/Documents/GitHub/MechwarriorRecomp/research/extract/decoded_pck/HAMPCK_TBL.decoded.bin,pck_object_0009_part_000_choice_000_frame_043,pck_object_0009,pck_object_0009_part_000,pck_object_0009_part_000_choice_000,0,0,43,0x000F7A,8,0,0x000F7C,0800000BC2008104,000BC20081040808080CC70081040800
C:/Users/MadCat/Documents/GitHub/MechwarriorRecomp/research/extract/decoded_pck/HAMPCK_TBL.decoded.bin,pck_object_0009_part_000_choice_000_frame_044,pck_object_0009,pck_object_0009_part_000,pck_object_0009_part_000_choice_000,0,0,44,0x000F82,8,8,0x000F84,0808080CC7008104,080CC70081040800000DCC0081040808
C:/Users/MadCat/Documents/GitHub/MechwarriorRecomp/research/extract/decoded_pck/HAMPCK_TBL.decoded.bin,pck_object_0009_part_000_choice_000_frame_045,pck_object_0009,pck_object_0009_part_000,pck_object_0009_part_000_choice_000,0,0,45,0x000F8A,8,0,0x000F8C,0800000DCC008104,000DCC0081040808080ED10002030405
C:/Users/MadCat/Documents/GitHub/MechwarriorRecomp/research/extract/decoded_pck/HAMPCK_TBL.decoded.bin,pck_object_0009_part_000_choice_000_frame_046,pck_object_0009,pck_object_0009_part_000,pck_object_0009_part_000_choice_000,0,0,46,0x000F92,8,8,0x000F94,0808080ED1000203,080ED10002030405FF0708090AFF0507
C:/Users/MadCat/Documents/GitHub/MechwarriorRecomp/research/extract/decoded_pck/HAMPCK_TBL.decoded.bin,pck_object_0009_part_000_choice_000_frame_047,pck_object_0009,pck_object_0009_part_000,pck_object_0009_part_000_choice_000,0,0,47,0x000F9A,4,5,0x000F9C,0405FF0708090AFF,FF0708090AFF05070A02FF020A0903FF
C:/Users/MadCat/Documents/GitHub/MechwarriorRecomp/research/extract/decoded_pck/HAMPCK_TBL.decoded.bin,pck_object_0009_part_000_choice_000_frame_048,pck_object_0009,pck_object_0009_part_000,pck_object_0009_part_000_choice_000,0,0,48,0x000FA2,5,7,0x000FA4,05070A02FF020A09,0A02FF020A0903FF03090804FF040807
C:/Users/MadCat/Documents/GitHub/MechwarriorRecomp/research/extract/decoded_pck/HAMPCK_TBL.decoded.bin,pck_object_0009_part_000_choice_000_frame_049,pck_object_0009,pck_object_0009_part_000,pck_object_0009_part_000_choice_000,0,0,49,0x000FAA,3,255,0x000FAC,03FF03090804FF04,03090804FF04080705FF80004E010000
C:/Users/MadCat/Documents/GitHub/MechwarriorRecomp/research/extract/decoded_pck/HAMPCK_TBL.decoded.bin,pck_object_0009_part_000_choice_000_frame_050,pck_object_0009,pck_object_0009_part_000,pck_object_0009_part_000_choice_000,0,0,50,0x000FB2,8,7,0x000FB4,080705FF80004E01,05FF80004E0100000000000001001400
C:/Users/MadCat/Documents/GitHub/MechwarriorRecomp/research/extract/decoded_pck/HAMPCK_TBL.decoded.bin,pck_object_0009_part_000_choice_000_frame_051,pck_object_0009,pck_object_0009_part_000,pck_object_0009_part_000_choice_000,0,0,51,0x000FBA,0,0,0x000FBC,0000000000000100,0000000001001400000F1C0001007600
C:/Users/MadCat/Documents/GitHub/MechwarriorRecomp/research/extract/decoded_pck/HAMPCK_TBL.decoded.bin,pck_object_0009_part_000_choice_000_frame_052,pck_object_0009,pck_object_0009_part_000,pck_object_0009_part_000_choice_000,0,0,52,0x000FC2,20,0,0x000FC4,1400000F1C000100,000F1C0001007600C505FF0001003500
C:/Users/MadCat/Documents/GitHub/MechwarriorRecomp/research/extract/decoded_pck/HAMPCK_TBL.decoded.bin,pck_object_0009_part_000_choice_000_frame_053,pck_object_0009,pck_object_0009_part_000,pck_object_0009_part_000_choice_000,0,0,53,0x000FCA,118,0,0x000FCC,7600C505FF000100,C505FF0001003500A0FEE007CD000100
C:/Users/MadCat/Documents/GitHub/MechwarriorRecomp/research/extract/decoded_pck/HAMPCK_TBL.decoded.bin,pck_object_0009_part_000_choice_000_frame_054,pck_object_0009,pck_object_0009_part_000,pck_object_0009_part_000_choice_000,0,0,54,0x000FD2,53,0,0x000FD4,3500A0FEE007CD00,A0FEE007CD000100E300C8002E00EB00
C:/Users/MadCat/Documents/GitHub/MechwarriorRecomp/research/extract/decoded_pck/HAMPCK_TBL.decoded.bin,pck_object_0009_part_000_choice_000_frame_055,pck_object_0009,pck_object_0009_part_000,pck_object_0009_part_000_choice_000,0,0,55,0x000FDA,1,0,0x000FDC,0100E300C8002E00,E300C8002E00EB00E9003300EB00F000
C:/Users/MadCat/Documents/GitHub/MechwarriorRecomp/research/extract/decoded_pck/HAMPCK_TBL.decoded.bin,pck_object_0009_part_000_choice_000_frame_056,pck_object_0009,pck_object_0009_part_000,pck_object_0009_part_000_choice_000,0,0,56,0x000FE2,235,0,0x000FE4,EB00E9003300EB00,E9003300EB00F0000800E300C4FF5701
C:/Users/MadCat/Documents/GitHub/MechwarriorRecomp/research/extract/decoded_pck/HAMPCK_TBL.decoded.bin,pck_object_0009_part_000_choice_000_frame_057,pck_object_0009,pck_object_0009_part_000,pck_object_0009_part_000_choice_000,0,0,57,0x000FEA,240,0,0x000FEC,F0000800E300C4FF,0800E300C4FF57011EF8E40044007CFF
C:/Users/MadCat/Documents/GitHub/MechwarriorRecomp/research/extract/decoded_pck/HAMPCK_TBL.decoded.bin,pck_object_0009_part_000_choice_000_frame_058,pck_object_0009,pck_object_0009_part_000,pck_object_0009_part_000_choice_000,0,0,58,0x000FF2,87,1,0x000FF4,57011EF8E4004400,1EF8E40044007CFFDE00720084FFBC00
C:/Users/MadCat/Documents/GitHub/MechwarriorRecomp/research/extract/decoded_pck/HAMPCK_TBL.decoded.bin,pck_object_0009_part_000_choice_000_frame_059,pck_object_0009,pck_object_0009_part_000,pck_object_0009_part_000_choice_000,0,0,59,0x000FFA,124,255,0x000FFC,7CFFDE00720084FF,DE00720084FFBC006C0084FFC3003E00
C:/Users/MadCat/Documents/GitHub/MechwarriorRecomp/research/extract/decoded_pck/HAMPCK_TBL.decoded.bin,pck_object_0009_part_000_choice_000_frame_060,pck_object_0009,pck_object_0009_part_000,pck_object_0009_part_000_choice_000,0,0,60,0x001002,188,0,0x001004,BC006C0084FFC300,6C0084FFC3003E007CFF69013EF8A8FE
C:/Users/MadCat/Documents/GitHub/MechwarriorRecomp/research/extract/decoded_pck/HAMPCK_TBL.decoded.bin,pck_object_0009_part_000_choice_000_frame_061,pck_object_0009,pck_object_0009_part_000,pck_object_0009_part_000_choice_000,0,0,61,0x00100A,62,0,0x00100C,3E007CFF69013EF8,7CFF69013EF8A8FE18F8CCFE0300A2FE
C:/Users/MadCat/Documents/GitHub/MechwarriorRecomp/research/extract/decoded_pck/HAMPCK_TBL.decoded.bin,pck_object_0009_part_000_choice_000_frame_062,pck_object_0009,pck_object_0009_part_000,pck_object_0009_part_000_choice_000,0,0,62,0x001012,168,254,0x001014,A8FE18F8CCFE0300,18F8CCFE0300A2FEC2076201EE070B01
C:/Users/MadCat/Documents/GitHub/MechwarriorRecomp/research/extract/decoded_pck/HAMPCK_TBL.decoded.bin,pck_object_0009_part_000_choice_000_frame_063,pck_object_0009,pck_object_0009_part_000,pck_object_0009_part_000_choice_000,0,0,63,0x00101A,162,254,0x00101C,A2FEC2076201EE07,C2076201EE070B01F1FF01007A000000
C:/Users/MadCat/Documents/GitHub/MechwarriorRecomp/research/extract/decoded_pck/HAMPCK_TBL.decoded.bin,pck_object_0009_part_000_choice_000_frame_064,pck_object_0009,pck_object_0009_part_000,pck_object_0009_part_000_choice_000,0,0,64,0x001022,11,1,0x001024,0B01F1FF01007A00,F1FF01007A0000000600820004018104
C:/Users/MadCat/Documents/GitHub/MechwarriorRecomp/research/extract/decoded_pck/HAMPCK_TBL.decoded.bin,pck_object_0009_part_000_choice_000_frame_065,pck_object_0009,pck_object_0009_part_000,pck_object_0009_part_000_choice_000,0,0,65,0x00102A,0,0,0x00102C,0000060082000401,060082000401810408080801B2008104
C:/Users/MadCat/Documents/GitHub/MechwarriorRecomp/research/extract/decoded_pck/HAMPCK_TBL.decoded.bin,pck_object_0009_part_000_choice_000_frame_066,pck_object_0009,pck_object_0009_part_000,pck_object_0009_part_000_choice_000,0,0,66,0x001032,129,4,0x001034,810408080801B200,08080801B200810408000806B7008104
C:/Users/MadCat/Documents/GitHub/MechwarriorRecomp/research/extract/decoded_pck/HAMPCK_TBL.decoded.bin,pck_object_0009_part_000_choice_000_frame_067,pck_object_0009,pck_object_0009_part_000,pck_object_0009_part_000_choice_000,0,0,67,0x00103A,129,4,0x00103C,810408000806B700,08000806B70081040800000BBC008104
C:/Users/MadCat/Documents/GitHub/MechwarriorRecomp/research/extract/decoded_pck/HAMPCK_TBL.decoded.bin,pck_object_0009_part_000_choice_000_frame_068,pck_object_0009,pck_object_0009_part_000,pck_object_0009_part_000_choice_000,0,0,68,0x001042,129,4,0x001044,81040800000BBC00,0800000BBC0081040808080CC1008104
C:/Users/MadCat/Documents/GitHub/MechwarriorRecomp/research/extract/decoded_pck/HAMPCK_TBL.decoded.bin,pck_object_0009_part_000_choice_000_frame_069,pck_object_0009,pck_object_0009_part_000,pck_object_0009_part_000_choice_000,0,0,69,0x00104A,129,4,0x00104C,81040808080CC100,0808080CC10081040800000DC6008104
C:/Users/MadCat/Documents/GitHub/MechwarriorRecomp/research/extract/decoded_pck/HAMPCK_TBL.decoded.bin,pck_object_0009_part_000_choice_000_frame_070,pck_object_0009,pck_object_0009_part_000,pck_object_0009_part_000_choice_000,0,0,70,0x001052,129,4,0x001054,81040800000DC600,0800000DC60081040808080ECB000203
C:/Users/MadCat/Documents/GitHub/MechwarriorRecomp/research/extract/decoded_pck/HAMPCK_TBL.decoded.bin,pck_object_0009_part_000_choice_000_frame_071,pck_object_0009,pck_object_0009_part_000,pck_object_0009_part_000_choice_000,0,0,71,0x00105A,129,4,0x00105C,81040808080ECB00,0808080ECB0002030405FF0708090AFF
C:/Users/MadCat/Documents/GitHub/MechwarriorRecomp/research/extract/decoded_pck/HAMPCK_TBL.decoded.bin,pck_object_0009_part_000_choice_000_frame_072,pck_object_0009,pck_object_0009_part_000,pck_object_0009_part_000_choice_000,0,0,72,0x001062,2,3,0x001064,02030405FF070809,0405FF0708090AFF05070A02FF020A09
C:/Users/MadCat/Documents/GitHub/MechwarriorRecomp/research/extract/decoded_pck/HAMPCK_TBL.decoded.bin,pck_object_0009_part_000_choice_000_frame_073,pck_object_0009,pck_object_0009_part_000,pck_object_0009_part_000_choice_000,0,0,73,0x00106A,10,255,0x00106C,0AFF05070A02FF02,05070A02FF020A0903FF03090804FF04
C:/Users/MadCat/Documents/GitHub/MechwarriorRecomp/research/extract/decoded_pck/HAMPCK_TBL.decoded.bin,pck_object_0009_part_000_choice_000_frame_074,pck_object_0009,pck_object_0009_part_000,pck_object_0009_part_000_choice_000,0,0,74,0x001072,10,9,0x001074,0A0903FF03090804,03FF03090804FF04080705FF80004F01
C:/Users/MadCat/Documents/GitHub/MechwarriorRecomp/research/extract/decoded_pck/HAMPCK_TBL.decoded.bin,pck_object_0009_part_000_choice_000_frame_075,pck_object_0009,pck_object_0009_part_000,pck_object_0009_part_000_choice_000,0,0,75,0x00107A,255,4,0x00107C,FF04080705FF8000,080705FF80004F010000000000000100
C:/Users/MadCat/Documents/GitHub/MechwarriorRecomp/research/extract/decoded_pck/HAMPCK_TBL.decoded.bin,pck_object_0009_part_000_choice_000_frame_076,pck_object_0009,pck_object_0009_part_000,pck_object_0009_part_000_choice_000,0,0,76,0x001082,79,1,0x001084,4F01000000000000,00000000000001000E00000F16000100
C:/Users/MadCat/Documents/GitHub/MechwarriorRecomp/research/extract/decoded_pck/HAMPCK_TBL.decoded.bin,pck_object_0009_part_000_choice_000_frame_077,pck_object_0009,pck_object_0009_part_000,pck_object_0009_part_000_choice_000,0,0,77,0x00108A,1,0,0x00108C,01000E00000F1600,0E00000F160001007000D6057F000200
C:/Users/MadCat/Documents/GitHub/MechwarriorRecomp/research/extract/decoded_pck/HAMPCK_TBL.decoded.bin,pck_object_0009_part_000_choice_000_frame_078,pck_object_0009,pck_object_0009_part_000,pck_object_0009_part_000_choice_000,0,0,78,0x001092,1,0,0x001094,01007000D6057F00,7000D6057F0002003B005FFD8D07CD00
C:/Users/MadCat/Documents/GitHub/MechwarriorRecomp/research/extract/decoded_pck/HAMPCK_TBL.decoded.bin,pck_object_0009_part_000_choice_000_frame_079,pck_object_0009,pck_object_0009_part_000,pck_object_0009_part_000_choice_000,0,0,79,0x00109A,2,0,0x00109C,02003B005FFD8D07,3B005FFD8D07CD00E7FFDD00CC001200
C:/Users/MadCat/Documents/GitHub/MechwarriorRecomp/research/extract/decoded_pck/HAMPCK_TBL.decoded.bin,pck_object_0009_part_000_choice_000_frame_080,pck_object_0009,pck_object_0009_part_000,pck_object_0009_part_000_choice_000,0,0,80,0x0010A2,205,0,0x0010A4,CD00E7FFDD00CC00,E7FFDD00CC001200EC00EE001500EC00
C:/Users/MadCat/Documents/GitHub/MechwarriorRecomp/research/extract/decoded_pck/HAMPCK_TBL.decoded.bin,pck_object_0009_part_000_choice_000_frame_081,pck_object_0009,pck_object_0009_part_000,pck_object_0009_part_000_choice_000,0,0,81,0x0010AA,18,0,0x0010AC,1200EC00EE001500,EC00EE001500EC00F000EAFFDD00C2FF
C:/Users/MadCat/Documents/GitHub/MechwarriorRecomp/research/extract/decoded_pck/HAMPCK_TBL.decoded.bin,pck_object_0009_part_000_choice_000_frame_082,pck_object_0009,pck_object_0009_part_000,pck_object_0009_part_000_choice_000,0,0,82,0x0010B2,236,0,0x0010B4,EC00F000EAFFDD00,F000EAFFDD00C2FFC60281F8E6006500
C:/Users/MadCat/Documents/GitHub/MechwarriorRecomp/research/extract/decoded_pck/HAMPCK_TBL.decoded.bin,pck_object_0009_part_000_choice_000_frame_083,pck_object_0009,pck_object_0009_part_000,pck_object_0009_part_000_choice_000,0,0,83,0x0010BA,194,255,0x0010BC,C2FFC60281F8E600,C60281F8E600650085FFE300900095FF
C:/Users/MadCat/Documents/GitHub/MechwarriorRecomp/research/extract/decoded_pck/HAMPCK_TBL.decoded.bin,pck_object_0009_part_000_choice_000_frame_084,pck_object_0009,pck_object_0009_part_000,pck_object_0009_part_000_choice_000,0,0,84,0x0010C2,101,0,0x0010C4,650085FFE3009000,85FFE300900095FFC1008D0095FFC400
C:/Users/MadCat/Documents/GitHub/MechwarriorRecomp/research/extract/decoded_pck/HAMPCK_TBL.decoded.bin,pck_object_0009_part_000_choice_000_frame_085,pck_object_0009,pck_object_0009_part_000,pck_object_0009_part_000_choice_000,0,0,85,0x0010CA,149,255,0x0010CC,95FFC1008D0095FF,C1008D0095FFC400630085FF71007CF8
C:/Users/MadCat/Documents/GitHub/MechwarriorRecomp/research/extract/decoded_pck/HAMPCK_TBL.decoded.bin,pck_object_0009_part_000_choice_000_frame_086,pck_object_0009,pck_object_0009_part_000,pck_object_0009_part_000_choice_000,0,0,86,0x0010D2,196,0,0x0010D4,C400630085FF7100,630085FF71007CF84DFD06F86EFF0000
C:/Users/MadCat/Documents/GitHub/MechwarriorRecomp/research/extract/decoded_pck/HAMPCK_TBL.decoded.bin,pck_object_0009_part_000_choice_000_frame_087,pck_object_0009,pck_object_0009_part_000,pck_object_0009_part_000_choice_000,0,0,87,0x0010DA,124,248,0x0010DC,7CF84DFD06F86EFF,4DFD06F86EFF000057FF7F07B502FA07
C:/Users/MadCat/Documents/GitHub/MechwarriorRecomp/research/extract/decoded_pck/HAMPCK_TBL.decoded.bin,pck_object_0009_part_000_choice_000_frame_088,pck_object_0009,pck_object_0009_part_000,pck_object_0009_part_000_choice_000,0,0,88,0x0010E2,0,0,0x0010E4,000057FF7F07B502,57FF7F07B502FA079300F4FF01007400
C:/Users/MadCat/Documents/GitHub/MechwarriorRecomp/research/extract/decoded_pck/HAMPCK_TBL.decoded.bin,pck_object_0009_part_000_choice_000_frame_089,pck_object_0009,pck_object_0009_part_000,pck_object_0009_part_000_choice_000,0,0,89,0x0010EA,250,7,0x0010EC,FA079300F4FF0100,9300F4FF01007400000006007C000401
C:/Users/MadCat/Documents/GitHub/MechwarriorRecomp/research/extract/decoded_pck/HAMPCK_TBL.decoded.bin,pck_object_0009_part_000_choice_000_frame_090,pck_object_0009,pck_object_0009_part_000,pck_object_0009_part_000_choice_000,0,0,90,0x0010F2,116,0,0x0010F4,7400000006007C00,000006007C000401810408080801AC00
C:/Users/MadCat/Documents/GitHub/MechwarriorRecomp/research/extract/decoded_pck/HAMPCK_TBL.decoded.bin,pck_object_0009_part_000_choice_000_frame_091,pck_object_0009,pck_object_0009_part_000,pck_object_0009_part_000_choice_000,0,0,91,0x0010FA,4,1,0x0010FC,0401810408080801,810408080801AC00810408000806B100
C:/Users/MadCat/Documents/GitHub/MechwarriorRecomp/research/extract/decoded_pck/HAMPCK_TBL.decoded.bin,pck_object_0009_part_000_choice_000_frame_092,pck_object_0009,pck_object_0009_part_000,pck_object_0009_part_000_choice_000,0,0,92,0x001102,172,0,0x001104,AC00810408000806,810408000806B10081040800000BB600
C:/Users/MadCat/Documents/GitHub/MechwarriorRecomp/research/extract/decoded_pck/HAMPCK_TBL.decoded.bin,pck_object_0009_part_000_choice_000_frame_093,pck_object_0009,pck_object_0009_part_000,pck_object_0009_part_000_choice_000,0,0,93,0x00110A,177,0,0x00110C,B10081040800000B,81040800000BB60081040808080CBB00
C:/Users/MadCat/Documents/GitHub/MechwarriorRecomp/research/extract/decoded_pck/HAMPCK_TBL.decoded.bin,pck_object_0009_part_000_choice_000_frame_094,pck_object_0009,pck_object_0009_part_000,pck_object_0009_part_000_choice_000,0,0,94,0x001112,182,0,0x001114,B60081040808080C,81040808080CBB0081040800000DC000
C:/Users/MadCat/Documents/GitHub/MechwarriorRecomp/research/extract/decoded_pck/HAMPCK_TBL.decoded.bin,pck_object_0009_part_000_choice_000_frame_095,pck_object_0009,pck_object_0009_part_000,pck_object_0009_part_000_choice_000,0,0,95,0x00111A,187,0,0x00111C,BB0081040800000D,81040800000DC00081040808080EC500
C:/Users/MadCat/Documents/GitHub/MechwarriorRecomp/research/extract/decoded_pck/HAMPCK_TBL.decoded.bin,pck_object_0009_part_000_choice_000_frame_096,pck_object_0009,pck_object_0009_part_000,pck_object_0009_part_000_choice_000,0,0,96,0x001122,192,0,0x001124,C00081040808080E,81040808080EC50002030405FF070809
C:/Users/MadCat/Documents/GitHub/MechwarriorRecomp/research/extract/decoded_pck/HAMPCK_TBL.decoded.bin,pck_object_0009_part_000_choice_000_frame_097,pck_object_0009,pck_object_0009_part_000,pck_object_0009_part_000_choice_000,0,0,97,0x00112A,197,0,0x00112C,C50002030405FF07,02030405FF0708090AFF05070A02FF02
C:/Users/MadCat/Documents/GitHub/MechwarriorRecomp/research/extract/decoded_pck/HAMPCK_TBL.decoded.bin,pck_object_0009_part_000_choice_000_frame_098,pck_object_0009,pck_object_0009_part_000,pck_object_0009_part_000_choice_000,0,0,98,0x001132,8,9,0x001134,08090AFF05070A02,0AFF05070A02FF020A0903FF03090804
C:/Users/MadCat/Documents/GitHub/MechwarriorRecomp/research/extract/decoded_pck/HAMPCK_TBL.decoded.bin,pck_object_0009_part_000_choice_000_frame_099,pck_object_0009,pck_object_0009_part_000,pck_object_0009_part_000_choice_000,0,0,99,0x00113A,255,2,0x00113C,FF020A0903FF0309,0A0903FF03090804FF04080705FF8000
C:/Users/MadCat/Documents/GitHub/MechwarriorRecomp/research/extract/decoded_pck/HAMPCK_TBL.decoded.bin,pck_object_0009_part_000_choice_000_frame_100,pck_object_0009,pck_object_0009_part_000,pck_object_0009_part_000_choice_000,0,0,100,0x001142,8,4,0x001144,0804FF04080705FF,FF04080705FF80005001000000000000
C:/Users/MadCat/Documents/GitHub/MechwarriorRecomp/research/extract/decoded_pck/HAMPCK_TBL.decoded.bin,pck_object_0009_part_000_choice_000_frame_101,pck_object_0009,pck_object_0009_part_000,pck_object_0009_part_000_choice_000,0,0,101,0x00114A,128,0,0x00114C,8000500100000000,500100000000000001001800000F2000
C:/Users/MadCat/Documents/GitHub/MechwarriorRecomp/research/extract/decoded_pck/HAMPCK_TBL.decoded.bin,pck_object_0009_part_000_choice_000_frame_102,pck_object_0009,pck_object_0009_part_000,pck_object_0009_part_000_choice_000,0,0,102,0x001152,0,0,0x001154,000001001800000F,01001800000F200001007A00DC050000
C:/Users/MadCat/Documents/GitHub/MechwarriorRecomp/research/extract/decoded_pck/HAMPCK_TBL.decoded.bin,pck_object_0009_part_000_choice_000_frame_103,pck_object_0009,pck_object_0009_part_000,pck_object_0009_part_000_choice_000,0,0,103,0x00115A,32,0,0x00115C,200001007A00DC05,01007A00DC050000010000009AFEE007
C:/Users/MadCat/Documents/GitHub/MechwarriorRecomp/research/extract/decoded_pck/HAMPCK_TBL.decoded.bin,pck_object_0009_part_000_choice_000_frame_104,pck_object_0009,pck_object_0009_part_000,pck_object_0009_part_000_choice_000,0,0,104,0x001162,0,0,0x001164,0000010000009AFE,010000009AFEE007CC00DFFFE300CD00
C:/Users/MadCat/Documents/GitHub/MechwarriorRecomp/research/extract/decoded_pck/HAMPCK_TBL.decoded.bin,pck_object_0009_part_000_choice_000_frame_105,pck_object_0009,pck_object_0009_part_000,pck_object_0009_part_000_choice_000,0,0,105,0x00116A,224,7,0x00116C,E007CC00DFFFE300,CC00DFFFE300CD000C00EB00F0000C00
C:/Users/MadCat/Documents/GitHub/MechwarriorRecomp/research/extract/decoded_pck/HAMPCK_TBL.decoded.bin,pck_object_0009_part_000_choice_000_frame_106,pck_object_0009,pck_object_0009_part_000,pck_object_0009_part_000_choice_000,0,0,106,0x001172,205,0,0x001174,CD000C00EB00F000,0C00EB00F0000C00EB00EE00DFFFE300
C:/Users/MadCat/Documents/GitHub/MechwarriorRecomp/research/extract/decoded_pck/HAMPCK_TBL.decoded.bin,pck_object_0009_part_000_choice_000_frame_107,pck_object_0009,pck_object_0009_part_000,pck_object_0009_part_000_choice_000,0,0,107,0x00117A,12,0,0x00117C,0C00EB00EE00DFFF,EB00EE00DFFFE30000005E011FF8EE00
C:/Users/MadCat/Documents/GitHub/MechwarriorRecomp/research/extract/decoded_pck/HAMPCK_TBL.decoded.bin,pck_object_0009_part_000_choice_000_frame_108,pck_object_0009,pck_object_0009_part_000,pck_object_0009_part_000_choice_000,0,0,108,0x001182,227,0,0x001184,E30000005E011FF8,00005E011FF8EE001D007CFFF0004B00
C:/Users/MadCat/Documents/GitHub/MechwarriorRecomp/research/extract/decoded_pck/HAMPCK_TBL.decoded.bin,pck_object_0009_part_000_choice_000_frame_109,pck_object_0009,pck_object_0009_part_000,pck_object_0009_part_000_choice_000,0,0,109,0x00118A,238,0,0x00118C,EE001D007CFFF000,1D007CFFF0004B0084FFCD004B0084FF
C:/Users/MadCat/Documents/GitHub/MechwarriorRecomp/research/extract/decoded_pck/HAMPCK_TBL.decoded.bin,pck_object_0009_part_000_choice_000_frame_110,pck_object_0009,pck_object_0009_part_000,pck_object_0009_part_000_choice_000,0,0,110,0x001192,75,0,0x001194,4B0084FFCD004B00,84FFCD004B0084FFCC001D007CFF0000
C:/Users/MadCat/Documents/GitHub/MechwarriorRecomp/research/extract/decoded_pck/HAMPCK_TBL.decoded.bin,pck_object_0009_part_000_choice_000_frame_111,pck_object_0009,pck_object_0009_part_000,pck_object_0009_part_000_choice_000,0,0,111,0x00119A,132,255,0x00119C,84FFCC001D007CFF,CC001D007CFF00001EF8A4FE01F82B00
C:/Users/MadCat/Documents/GitHub/MechwarriorRecomp/research/extract/decoded_pck/HAMPCK_TBL.decoded.bin,pck_object_0009_part_000_choice_000_frame_112,pck_object_0009,pck_object_0009_part_000,pck_object_0009_part_000_choice_000,0,0,112,0x0011A2,0,0,0x0011A4,00001EF8A4FE01F8,1EF8A4FE01F82B0007000000E1076101
C:/Users/MadCat/Documents/GitHub/MechwarriorRecomp/research/extract/decoded_pck/HAMPCK_TBL.decoded.bin,pck_object_0009_part_000_choice_000_frame_113,pck_object_0009,pck_object_0009_part_000,pck_object_0009_part_000_choice_000,0,0,113,0x0011AA,43,0,0x0011AC,2B0007000000E107,07000000E1076101FE07AAFFF1FF0100
C:/Users/MadCat/Documents/GitHub/MechwarriorRecomp/research/extract/decoded_pck/HAMPCK_TBL.decoded.bin,pck_object_0009_part_000_choice_000_frame_114,pck_object_0009,pck_object_0009_part_000,pck_object_0009_part_000_choice_000,0,0,114,0x0011B2,97,1,0x0011B4,6101FE07AAFFF1FF,FE07AAFFF1FF01007E00000006008600
C:/Users/MadCat/Documents/GitHub/MechwarriorRecomp/research/extract/decoded_pck/HAMPCK_TBL.decoded.bin,pck_object_0009_part_000_choice_000_frame_115,pck_object_0009,pck_object_0009_part_000,pck_object_0009_part_000_choice_000,0,0,115,0x0011BA,1,0,0x0011BC,01007E0000000600,7E000000060086000401810408080801
C:/Users/MadCat/Documents/GitHub/MechwarriorRecomp/research/extract/decoded_pck/HAMPCK_TBL.decoded.bin,pck_object_0009_part_000_choice_000_frame_116,pck_object_0009,pck_object_0009_part_000,pck_object_0009_part_000_choice_000,0,0,116,0x0011C2,134,0,0x0011C4,8600040181040808,0401810408080801B600810408000806
C:/Users/MadCat/Documents/GitHub/MechwarriorRecomp/research/extract/decoded_pck/HAMPCK_TBL.decoded.bin,pck_object_0009_part_000_choice_000_frame_117,pck_object_0009,pck_object_0009_part_000,pck_object_0009_part_000_choice_000,0,0,117,0x0011CA,8,1,0x0011CC,0801B60081040800,B600810408000806BB0081040800000B
C:/Users/MadCat/Documents/GitHub/MechwarriorRecomp/research/extract/decoded_pck/HAMPCK_TBL.decoded.bin,pck_object_0011_part_000_choice_000_frame_000,pck_object_0011,pck_object_0011_part_000,pck_object_0011_part_000_choice_000,0,0,0,0x001038,178,0,0x00103A,B200810408000806,810408000806B70081040800000BBC00
C:/Users/MadCat/Documents/GitHub/MechwarriorRecomp/research/extract/decoded_pck/HAMPCK_TBL.decoded.bin,pck_object_0011_part_000_choice_000_frame_001,pck_object_0011,pck_object_0011_part_000,pck_object_0011_part_000_choice_000,0,0,1,0x001040,183,0,0x001042,B70081040800000B,81040800000BBC0081040808080CC100
C:/Users/MadCat/Documents/GitHub/MechwarriorRecomp/research/extract/decoded_pck/HAMPCK_TBL.decoded.bin,pck_object_0011_part_000_choice_000_frame_002,pck_object_0011,pck_object_0011_part_000,pck_object_0011_part_000_choice_000,0,0,2,0x001048,188,0,0x00104A,BC0081040808080C,81040808080CC10081040800000DC600
C:/Users/MadCat/Documents/GitHub/MechwarriorRecomp/research/extract/decoded_pck/HAMPCK_TBL.decoded.bin,pck_object_0011_part_000_choice_000_frame_003,pck_object_0011,pck_object_0011_part_000,pck_object_0011_part_000_choice_000,0,0,3,0x001050,193,0,0x001052,C10081040800000D,81040800000DC60081040808080ECB00
C:/Users/MadCat/Documents/GitHub/MechwarriorRecomp/research/extract/decoded_pck/HAMPCK_TBL.decoded.bin,pck_object_0011_part_000_choice_000_frame_004,pck_object_0011,pck_object_0011_part_000,pck_object_0011_part_000_choice_000,0,0,4,0x001058,198,0,0x00105A,C60081040808080E,81040808080ECB0002030405FF070809
C:/Users/MadCat/Documents/GitHub/MechwarriorRecomp/research/extract/decoded_pck/HAMPCK_TBL.decoded.bin,pck_object_0011_part_000_choice_000_frame_005,pck_object_0011,pck_object_0011_part_000,pck_object_0011_part_000_choice_000,0,0,5,0x001060,203,0,0x001062,CB0002030405FF07,02030405FF0708090AFF05070A02FF02
C:/Users/MadCat/Documents/GitHub/MechwarriorRecomp/research/extract/decoded_pck/HAMPCK_TBL.decoded.bin,pck_object_0012_part_000_choice_000_frame_000,pck_object_0012,pck_object_0012_part_000,pck_object_0012_part_000_choice_000,0,0,0,0x0010F4,0,0,0x0010F6,000006007C000401,06007C000401810408080801AC008104
C:/Users/MadCat/Documents/GitHub/MechwarriorRecomp/research/extract/decoded_pck/HAMPCK_TBL.decoded.bin,pck_object_0016_part_000_choice_000_frame_000,pck_object_0016,pck_object_0016_part_000,pck_object_0016_part_000_choice_000,0,0,0,0x0014AC,17,0,0x0014AE,11005C025CF830FF,5C025CF830FF39007FFF32FF63008CFF
C:/Users/MadCat/Documents/GitHub/MechwarriorRecomp/research/extract/decoded_pck/HAMPCK_TBL.decoded.bin,pck_object_0016_part_000_choice_000_frame_001,pck_object_0016,pck_object_0016_part_000,pck_object_0016_part_000_choice_000,0,0,1,0x0014B4,57,0,0x0014B6,39007FFF32FF6300,7FFF32FF63008CFF0FFF64008CFF0EFF
C:/Users/MadCat/Documents/GitHub/MechwarriorRecomp/research/extract/decoded_pck/HAMPCK_TBL.decoded.bin,pck_object_0016_part_000_choice_000_frame_002,pck_object_0016,pck_object_0016_part_000,pck_object_0016_part_000_choice_000,0,0,2,0x0014BC,140,255,0x0014BE,8CFF0FFF64008CFF,0FFF64008CFF0EFF38007FFF3A0048F8
C:/Users/MadCat/Documents/GitHub/MechwarriorRecomp/research/extract/decoded_pck/HAMPCK_TBL.decoded.bin,pck_object_0016_part_000_choice_000_frame_003,pck_object_0016,pck_object_0016_part_000,pck_object_0016_part_000_choice_000,0,0,3,0x0014C4,14,255,0x0014C6,0EFF38007FFF3A00,38007FFF3A0048F8EDFDFD07A7FFE8FF
C:/Users/MadCat/Documents/GitHub/MechwarriorRecomp/research/extract/decoded_pck/HAMPCK_TBL.decoded.bin,pck_object_0016_part_000_choice_000_frame_004,pck_object_0016,pck_object_0016_part_000,pck_object_0016_part_000_choice_000,0,0,4,0x0014CC,72,248,0x0014CE,48F8EDFDFD07A7FF,EDFDFD07A7FFE8FF3800B807150201F8
C:/Users/MadCat/Documents/GitHub/MechwarriorRecomp/research/extract/decoded_pck/HAMPCK_TBL.decoded.bin,pck_object_0016_part_000_choice_000_frame_005,pck_object_0016,pck_object_0016_part_000,pck_object_0016_part_000_choice_000,0,0,5,0x0014D4,232,255,0x0014D6,E8FF3800B8071502,3800B807150201F82B000B0001007600
C:/Users/MadCat/Documents/GitHub/MechwarriorRecomp/research/extract/decoded_pck/HAMPCK_TBL.decoded.bin,pck_object_0016_part_000_choice_000_frame_006,pck_object_0016,pck_object_0016_part_000,pck_object_0016_part_000_choice_000,0,0,6,0x0014DC,1,248,0x0014DE,01F82B000B000100,2B000B0001007600000006007E000401
C:/Users/MadCat/Documents/GitHub/MechwarriorRecomp/research/extract/decoded_pck/HAMPCK_TBL.decoded.bin,pck_object_0016_part_000_choice_000_frame_007,pck_object_0016,pck_object_0016_part_000,pck_object_0016_part_000_choice_000,0,0,7,0x0014E4,118,0,0x0014E6,7600000006007E00,000006007E000401810408080801AE00
C:/Users/MadCat/Documents/GitHub/MechwarriorRecomp/research/extract/decoded_pck/HAMPCK_TBL.decoded.bin,pck_object_0016_part_000_choice_000_frame_008,pck_object_0016,pck_object_0016_part_000,pck_object_0016_part_000_choice_000,0,0,8,0x0014EC,4,1,0x0014EE,0401810408080801,810408080801AE00810408000806B300
C:/Users/MadCat/Documents/GitHub/MechwarriorRecomp/research/extract/decoded_pck/HAMPCK_TBL.decoded.bin,pck_object_0016_part_000_choice_000_frame_009,pck_object_0016,pck_object_0016_part_000,pck_object_0016_part_000_choice_000,0,0,9,0x0014F4,174,0,0x0014F6,AE00810408000806,810408000806B30081040800000BB800
C:/Users/MadCat/Documents/GitHub/MechwarriorRecomp/research/extract/decoded_pck/HAMPCK_TBL.decoded.bin,pck_object_0016_part_000_choice_000_frame_010,pck_object_0016,pck_object_0016_part_000,pck_object_0016_part_000_choice_000,0,0,10,0x0014FC,179,0,0x0014FE,B30081040800000B,81040800000BB80081040808080CBD00
C:/Users/MadCat/Documents/GitHub/MechwarriorRecomp/research/extract/decoded_pck/HAMPCK_TBL.decoded.bin,pck_object_0016_part_000_choice_000_frame_011,pck_object_0016,pck_object_0016_part_000,pck_object_0016_part_000_choice_000,0,0,11,0x001504,184,0,0x001506,B80081040808080C,81040808080CBD0081040800000DC200
C:/Users/MadCat/Documents/GitHub/MechwarriorRecomp/research/extract/decoded_pck/HAMPCK_TBL.decoded.bin,pck_object_0016_part_000_choice_000_frame_012,pck_object_0016,pck_object_0016_part_000,pck_object_0016_part_000_choice_000,0,0,12,0x00150C,189,0,0x00150E,BD0081040800000D,81040800000DC20081040808080EC700
C:/Users/MadCat/Documents/GitHub/MechwarriorRecomp/research/extract/decoded_pck/HAMPCK_TBL.decoded.bin,pck_object_0016_part_000_choice_000_frame_013,pck_object_0016,pck_object_0016_part_000,pck_object_0016_part_000_choice_000,0,0,13,0x001514,194,0,0x001516,C20081040808080E,81040808080EC70002030405FF070809
C:/Users/MadCat/Documents/GitHub/MechwarriorRecomp/research/extract/decoded_pck/HAMPCK_TBL.decoded.bin,pck_object_0016_part_000_choice_000_frame_014,pck_object_0016,pck_object_0016_part_000,pck_object_0016_part_000_choice_000,0,0,14,0x00151C,199,0,0x00151E,C70002030405FF07,02030405FF0708090AFF05070A02FF04
C:/Users/MadCat/Documents/GitHub/MechwarriorRecomp/research/extract/decoded_pck/HAMPCK_TBL.decoded.bin,pck_object_0016_part_000_choice_000_frame_015,pck_object_0016,pck_object_0016_part_000,pck_object_0016_part_000_choice_000,0,0,15,0x001524,8,9,0x001526,08090AFF05070A02,0AFF05070A02FF04080705FF03090804
C:/Users/MadCat/Documents/GitHub/MechwarriorRecomp/research/extract/decoded_pck/HAMPCK_TBL.decoded.bin,pck_object_0016_part_000_choice_000_frame_016,pck_object_0016,pck_object_0016_part_000,pck_object_0016_part_000_choice_000,0,0,16,0x00152C,255,4,0x00152E,FF04080705FF0309,080705FF03090804FF020A0903FF8000
C:/Users/MadCat/Documents/GitHub/MechwarriorRecomp/research/extract/decoded_pck/HAMPCK_TBL.decoded.bin,pck_object_0016_part_000_choice_000_frame_017,pck_object_0016,pck_object_0016_part_000,pck_object_0016_part_000_choice_000,0,0,17,0x001534,8,4,0x001536,0804FF020A0903FF,FF020A0903FF80004F01000000000000
C:/Users/MadCat/Documents/GitHub/MechwarriorRecomp/research/extract/decoded_pck/HAMPCK_TBL.decoded.bin,pck_object_0016_part_000_choice_000_frame_018,pck_object_0016,pck_object_0016_part_000,pck_object_0016_part_000_choice_000,0,0,18,0x00153C,128,0,0x00153E,80004F0100000000,4F0100000000000001001A00000F2200
C:/Users/MadCat/Documents/GitHub/MechwarriorRecomp/research/extract/decoded_pck/HAMPCK_TBL.decoded.bin,pck_object_0016_part_000_choice_000_frame_019,pck_object_0016,pck_object_0016_part_000,pck_object_0016_part_000_choice_000,0,0,19,0x001544,0,0,0x001546,000001001A00000F,01001A00000F220001007C0029FA7FFF
C:/Users/MadCat/Documents/GitHub/MechwarriorRecomp/research/extract/decoded_pck/HAMPCK_TBL.decoded.bin,pck_object_0016_part_000_choice_000_frame_020,pck_object_0016,pck_object_0016_part_000,pck_object_0016_part_000_choice_000,0,0,20,0x00154C,34,0,0x00154E,220001007C0029FA,01007C0029FA7FFF0000000000000008
C:/Users/MadCat/Documents/GitHub/MechwarriorRecomp/research/extract/decoded_pck/HAMPCK_TBL.decoded.bin,pck_object_0016_part_000_choice_000_frame_021,pck_object_0016,pck_object_0016_part_000,pck_object_0016_part_000_choice_000,0,0,21,0x001554,127,255,0x001556,7FFF000000000000,000000000000000812FFD5FFE8000EFF
C:/Users/MadCat/Documents/GitHub/MechwarriorRecomp/research/extract/decoded_pck/HAMPCK_TBL.decoded.bin,pck_object_0016_part_000_choice_000_frame_022,pck_object_0016,pck_object_0016_part_000,pck_object_0016_part_000_choice_000,0,0,22,0x00155C,0,8,0x00155E,000812FFD5FFE800,12FFD5FFE8000EFF0100E80030FF0300
C:/Users/MadCat/Documents/GitHub/MechwarriorRecomp/research/extract/decoded_pck/HAMPCK_TBL.decoded.bin,pck_object_0016_part_000_choice_000_frame_023,pck_object_0016,pck_object_0016_part_000,pck_object_0016_part_000_choice_000,0,0,23,0x001564,14,255,0x001566,0EFF0100E80030FF,0100E80030FF0300E80035FFD7FFE800
C:/Users/MadCat/Documents/GitHub/MechwarriorRecomp/research/extract/decoded_pck/HAMPCK_TBL.decoded.bin,pck_object_0016_part_000_choice_000_frame_024,pck_object_0016,pck_object_0016_part_000,pck_object_0016_part_000_choice_000,0,0,24,0x00156C,3,0,0x00156E,0300E80035FFD7FF,E80035FFD7FFE8000000000000F835FF
C:/Users/MadCat/Documents/GitHub/MechwarriorRecomp/research/extract/decoded_pck/HAMPCK_TBL.decoded.bin,pck_object_0016_part_000_choice_000_frame_025,pck_object_0016,pck_object_0016_part_000,pck_object_0016_part_000_choice_000,0,0,25,0x001574,232,0,0x001576,E8000000000000F8,0000000000F835FFD7FF7CFF30FF0300
C:/Users/MadCat/Documents/GitHub/MechwarriorRecomp/research/extract/decoded_pck/HAMPCK_TBL.decoded.bin,pck_object_0016_part_000_choice_000_frame_026,pck_object_0016,pck_object_0016_part_000,pck_object_0016_part_000_choice_000,0,0,26,0x00157C,53,255,0x00157E,35FFD7FF7CFF30FF,D7FF7CFF30FF03007CFF0EFF01007CFF
C:/Users/MadCat/Documents/GitHub/MechwarriorRecomp/research/extract/decoded_pck/HAMPCK_TBL.decoded.bin,pck_object_0016_part_000_choice_000_frame_027,pck_object_0016,pck_object_0016_part_000,pck_object_0016_part_000_choice_000,0,0,27,0x001584,3,0,0x001586,03007CFF0EFF0100,7CFF0EFF01007CFF12FFD5FF7CFF7400
C:/Users/MadCat/Documents/GitHub/MechwarriorRecomp/research/extract/decoded_pck/HAMPCK_TBL.decoded.bin,pck_object_0016_part_000_choice_000_frame_028,pck_object_0016,pck_object_0016_part_000,pck_object_0016_part_000_choice_000,0,0,28,0x00158C,124,255,0x00158E,7CFF12FFD5FF7CFF,12FFD5FF7CFF740004F80000F207E700
C:/Users/MadCat/Documents/GitHub/MechwarriorRecomp/research/extract/decoded_pck/HAMPCK_TBL.decoded.bin,pck_object_0016_part_000_choice_000_frame_029,pck_object_0016,pck_object_0016_part_000,pck_object_0016_part_000_choice_000,0,0,29,0x001594,116,0,0x001596,740004F80000F207,04F80000F207E700000088FFFC070000
C:/Users/MadCat/Documents/GitHub/MechwarriorRecomp/research/extract/decoded_pck/HAMPCK_TBL.decoded.bin,pck_object_0016_part_000_choice_000_frame_030,pck_object_0016,pck_object_0016_part_000,pck_object_0016_part_000_choice_000,0,0,30,0x00159C,231,0,0x00159E,E700000088FFFC07,000088FFFC07000009F847FF00000100
C:/Users/MadCat/Documents/GitHub/MechwarriorRecomp/research/extract/decoded_pck/HAMPCK_TBL.decoded.bin,pck_object_0016_part_000_choice_000_frame_031,pck_object_0016,pck_object_0016_part_000,pck_object_0016_part_000_choice_000,0,0,31,0x0015A4,0,0,0x0015A6,000009F847FF0000,09F847FF000001008000000006008800
C:/Users/MadCat/Documents/GitHub/MechwarriorRecomp/research/extract/decoded_pck/HAMPCK_TBL.decoded.bin,pck_object_0016_part_000_choice_000_frame_032,pck_object_0016,pck_object_0016_part_000,pck_object_0016_part_000_choice_000,0,0,32,0x0015AC,1,0,0x0015AE,0100800000000600,80000000060088000401810408080801
C:/Users/MadCat/Documents/GitHub/MechwarriorRecomp/research/extract/decoded_pck/HAMPCK_TBL.decoded.bin,pck_object_0016_part_000_choice_000_frame_033,pck_object_0016,pck_object_0016_part_000,pck_object_0016_part_000_choice_000,0,0,33,0x0015B4,136,0,0x0015B6,8800040181040808,0401810408080801B800810408000806
C:/Users/MadCat/Documents/GitHub/MechwarriorRecomp/research/extract/decoded_pck/HAMPCK_TBL.decoded.bin,pck_object_0016_part_000_choice_000_frame_034,pck_object_0016,pck_object_0016_part_000,pck_object_0016_part_000_choice_000,0,0,34,0x0015BC,8,1,0x0015BE,0801B80081040800,B800810408000806BD0081040800000B
C:/Users/MadCat/Documents/GitHub/MechwarriorRecomp/research/extract/decoded_pck/HAMPCK_TBL.decoded.bin,pck_object_0016_part_000_choice_000_frame_035,pck_object_0016,pck_object_0016_part_000,pck_object_0016_part_000_choice_000,0,0,35,0x0015C4,8,6,0x0015C6,0806BD0081040800,BD0081040800000BC20081040808080C
C:/Users/MadCat/Documents/GitHub/MechwarriorRecomp/research/extract/decoded_pck/HAMPCK_TBL.decoded.bin,pck_object_0016_part_000_choice_000_frame_036,pck_object_0016,pck_object_0016_part_000,pck_object_0016_part_000_choice_000,0,0,36,0x0015CC,0,11,0x0015CE,000BC20081040808,C20081040808080CC70081040800000D
C:/Users/MadCat/Documents/GitHub/MechwarriorRecomp/research/extract/decoded_pck/HAMPCK_TBL.decoded.bin,pck_object_0016_part_000_choice_000_frame_037,pck_object_0016,pck_object_0016_part_000,pck_object_0016_part_000_choice_000,0,0,37,0x0015D4,8,12,0x0015D6,080CC70081040800,C70081040800000DCC0081040808080E
C:/Users/MadCat/Documents/GitHub/MechwarriorRecomp/research/extract/decoded_pck/HAMPCK_TBL.decoded.bin,pck_object_0016_part_000_choice_000_frame_038,pck_object_0016,pck_object_0016_part_000,pck_object_0016_part_000_choice_000,0,0,38,0x0015DC,0,13,0x0015DE,000DCC0081040808,CC0081040808080ED10002030405FF07
C:/Users/MadCat/Documents/GitHub/MechwarriorRecomp/research/extract/decoded_pck/HAMPCK_TBL.decoded.bin,pck_object_0016_part_000_choice_000_frame_039,pck_object_0016,pck_object_0016_part_000,pck_object_0016_part_000_choice_000,0,0,39,0x0015E4,8,14,0x0015E6,080ED10002030405,D10002030405FF0708090AFF05070A02
C:/Users/MadCat/Documents/GitHub/MechwarriorRecomp/research/extract/decoded_pck/HAMPCK_TBL.decoded.bin,pck_object_0016_part_000_choice_000_frame_040,pck_object_0016,pck_object_0016_part_000,pck_object_0016_part_000_choice_000,0,0,40,0x0015EC,255,7,0x0015EE,FF0708090AFF0507,08090AFF05070A02FF04080705FF0309
C:/Users/MadCat/Documents/GitHub/MechwarriorRecomp/research/extract/decoded_pck/HAMPCK_TBL.decoded.bin,pck_object_0016_part_000_choice_000_frame_041,pck_object_0016,pck_object_0016_part_000,pck_object_0016_part_000_choice_000,0,0,41,0x0015F4,10,2,0x0015F6,0A02FF04080705FF,FF04080705FF03090804FF020A0903FF
C:/Users/MadCat/Documents/GitHub/MechwarriorRecomp/research/extract/decoded_pck/HAMPCK_TBL.decoded.bin,pck_object_0016_part_000_choice_000_frame_042,pck_object_0016,pck_object_0016_part_000,pck_object_0016_part_000_choice_000,0,0,42,0x0015FC,3,9,0x0015FE,03090804FF020A09,0804FF020A0903FF8000510100000000
C:/Users/MadCat/Documents/GitHub/MechwarriorRecomp/research/extract/decoded_pck/HAMPCK_TBL.decoded.bin,pck_object_0016_part_000_choice_000_frame_043,pck_object_0016,pck_object_0016_part_000,pck_object_0016_part_000_choice_000,0,0,43,0x001604,3,255,0x001606,03FF800051010000,8000510100000000000001001400000F
C:/Users/MadCat/Documents/GitHub/MechwarriorRecomp/research/extract/decoded_pck/HAMPCK_TBL.decoded.bin,pck_object_0016_part_000_choice_000_frame_044,pck_object_0016,pck_object_0016_part_000,pck_object_0016_part_000_choice_000,0,0,44,0x00160C,0,0,0x00160E,0000000001001400,000001001400000F1C000100760039FA
C:/Users/MadCat/Documents/GitHub/MechwarriorRecomp/research/extract/decoded_pck/HAMPCK_TBL.decoded.bin,pck_object_0016_part_000_choice_000_frame_045,pck_object_0016,pck_object_0016_part_000,pck_object_0016_part_000_choice_000,0,0,45,0x001614,0,15,0x001616,000F1C0001007600,1C000100760039FAFFFEFEFFB3FF6B01
C:/Users/MadCat/Documents/GitHub/MechwarriorRecomp/research/extract/decoded_pck/HAMPCK_TBL.decoded.bin,pck_object_0016_part_000_choice_000_frame_046,pck_object_0016,pck_object_0016_part_000,pck_object_0016_part_000_choice_000,0,0,46,0x00161C,57,250,0x00161E,39FAFFFEFEFFB3FF,FFFEFEFFB3FF6B01DD0714FFCAFFEB00
C:/Users/MadCat/Documents/GitHub/MechwarriorRecomp/research/extract/decoded_pck/HAMPCK_TBL.decoded.bin,pck_object_0016_part_000_choice_000_frame_047,pck_object_0016,pck_object_0016_part_000,pck_object_0016_part_000_choice_000,0,0,47,0x001624,107,1,0x001626,6B01DD0714FFCAFF,DD0714FFCAFFEB000EFFF5FFE3002FFF
C:/Users/MadCat/Documents/GitHub/MechwarriorRecomp/research/extract/decoded_pck/HAMPCK_TBL.decoded.bin,pck_object_0016_part_000_choice_000_frame_048,pck_object_0016,pck_object_0016_part_000,pck_object_0016_part_000_choice_000,0,0,48,0x00162C,235,0,0x00162E,EB000EFFF5FFE300,0EFFF5FFE3002FFFFCFFE30035FFCFFF
C:/Users/MadCat/Documents/GitHub/MechwarriorRecomp/research/extract/decoded_pck/HAMPCK_TBL.decoded.bin,pck_object_0016_part_000_choice_000_frame_049,pck_object_0016,pck_object_0016_part_000,pck_object_0016_part_000_choice_000,0,0,49,0x001634,47,255,0x001636,2FFFFCFFE30035FF,FCFFE30035FFCFFFEB00330098FE21F8
C:/Users/MadCat/Documents/GitHub/MechwarriorRecomp/research/extract/decoded_pck/HAMPCK_TBL.decoded.bin,pck_object_0016_part_000_choice_000_frame_050,pck_object_0016,pck_object_0016_part_000,pck_object_0016_part_000_choice_000,0,0,50,0x00163C,207,255,0x00163E,CFFFEB00330098FE,EB00330098FE21F840FF90FF84FF3BFF
C:/Users/MadCat/Documents/GitHub/MechwarriorRecomp/research/extract/decoded_pck/HAMPCK_TBL.decoded.bin,pck_object_0016_part_000_choice_000_frame_051,pck_object_0016,pck_object_0016_part_000,pck_object_0016_part_000_choice_000,0,0,51,0x001644,33,248,0x001646,21F840FF90FF84FF,40FF90FF84FF3BFFBCFF7CFF18FFB7FF
C:/Users/MadCat/Documents/GitHub/MechwarriorRecomp/research/extract/decoded_pck/HAMPCK_TBL.decoded.bin,pck_object_0016_part_000_choice_000_frame_052,pck_object_0016,pck_object_0016_part_000,pck_object_0016_part_000_choice_000,0,0,52,0x00164C,59,255,0x00164E,3BFFBCFF7CFF18FF,BCFF7CFF18FFB7FF7CFF1FFF8BFF84FF
C:/Users/MadCat/Documents/GitHub/MechwarriorRecomp/research/extract/decoded_pck/HAMPCK_TBL.decoded.bin,pck_object_0016_part_000_choice_000_frame_053,pck_object_0016,pck_object_0016_part_000,pck_object_0016_part_000_choice_000,0,0,53,0x001654,183,255,0x001656,B7FF7CFF1FFF8BFF,7CFF1FFF8BFF84FF2E0137F86701F207
C:/Users/MadCat/Documents/GitHub/MechwarriorRecomp/research/extract/decoded_pck/HAMPCK_TBL.decoded.bin,pck_object_0016_part_000_choice_000_frame_054,pck_object_0016,pck_object_0016_part_000,pck_object_0016_part_000_choice_000,0,0,54,0x00165C,132,255,0x00165E,84FF2E0137F86701,2E0137F86701F207EB001900E3FECD07
C:/Users/MadCat/Documents/GitHub/MechwarriorRecomp/research/extract/decoded_pck/HAMPCK_TBL.decoded.bin,pck_object_0016_part_000_choice_000_frame_055,pck_object_0016,pck_object_0016_part_000,pck_object_0016_part_000_choice_000,0,0,55,0x001664,242,7,0x001666,F207EB001900E3FE,EB001900E3FECD07A0FE1AF8BEFEFBFF
C:/Users/MadCat/Documents/GitHub/MechwarriorRecomp/research/extract/decoded_pck/HAMPCK_TBL.decoded.bin,pck_object_0016_part_000_choice_000_frame_056,pck_object_0016,pck_object_0016_part_000,pck_object_0016_part_000_choice_000,0,0,56,0x00166C,205,7,0x00166E,CD07A0FE1AF8BEFE,A0FE1AF8BEFEFBFF01007A0000000600
C:/Users/MadCat/Documents/GitHub/MechwarriorRecomp/research/extract/decoded_pck/HAMPCK_TBL.decoded.bin,pck_object_0016_part_000_choice_000_frame_057,pck_object_0016,pck_object_0016_part_000,pck_object_0016_part_000_choice_000,0,0,57,0x001674,251,255,0x001676,FBFF01007A000000,01007A00000006008200040181040808
C:/Users/MadCat/Documents/GitHub/MechwarriorRecomp/research/extract/decoded_pck/HAMPCK_TBL.decoded.bin,pck_object_0016_part_000_choice_000_frame_058,pck_object_0016,pck_object_0016_part_000,pck_object_0016_part_000_choice_000,0,0,58,0x00167C,6,0,0x00167E,0600820004018104,82000401810408080801B20081040800
C:/Users/MadCat/Documents/GitHub/MechwarriorRecomp/research/extract/decoded_pck/HAMPCK_TBL.decoded.bin,pck_object_0016_part_000_choice_000_frame_059,pck_object_0016,pck_object_0016_part_000,pck_object_0016_part_000_choice_000,0,0,59,0x001684,8,8,0x001686,08080801B2008104,0801B200810408000806B70081040800
C:/Users/MadCat/Documents/GitHub/MechwarriorRecomp/research/extract/decoded_pck/HAMPCK_TBL.decoded.bin,pck_object_0016_part_000_choice_000_frame_060,pck_object_0016,pck_object_0016_part_000,pck_object_0016_part_000_choice_000,0,0,60,0x00168C,8,0,0x00168E,08000806B7008104,0806B70081040800000BBC0081040808
C:/Users/MadCat/Documents/GitHub/MechwarriorRecomp/research/extract/decoded_pck/HAMPCK_TBL.decoded.bin,pck_object_0016_part_000_choice_000_frame_061,pck_object_0016,pck_object_0016_part_000,pck_object_0016_part_000_choice_000,0,0,61,0x001694,8,0,0x001696,0800000BBC008104,000BBC0081040808080CC10081040800
C:/Users/MadCat/Documents/GitHub/MechwarriorRecomp/research/extract/decoded_pck/HAMPCK_TBL.decoded.bin,pck_object_0016_part_000_choice_000_frame_062,pck_object_0016,pck_object_0016_part_000,pck_object_0016_part_000_choice_000,0,0,62,0x00169C,8,8,0x00169E,0808080CC1008104,080CC10081040800000DC60081040808
C:/Users/MadCat/Documents/GitHub/MechwarriorRecomp/research/extract/decoded_pck/HAMPCK_TBL.decoded.bin,pck_object_0016_part_000_choice_000_frame_063,pck_object_0016,pck_object_0016_part_000,pck_object_0016_part_000_choice_000,0,0,63,0x0016A4,8,0,0x0016A6,0800000DC6008104,000DC60081040808080ECB0002030405
C:/Users/MadCat/Documents/GitHub/MechwarriorRecomp/research/extract/decoded_pck/HAMPCK_TBL.decoded.bin,pck_object_0016_part_000_choice_000_frame_064,pck_object_0016,pck_object_0016_part_000,pck_object_0016_part_000_choice_000,0,0,64,0x0016AC,8,8,0x0016AE,0808080ECB000203,080ECB0002030405FF0708090AFF0507
C:/Users/MadCat/Documents/GitHub/MechwarriorRecomp/research/extract/decoded_pck/HAMPCK_TBL.decoded.bin,pck_object_0016_part_000_choice_000_frame_065,pck_object_0016,pck_object_0016_part_000,pck_object_0016_part_000_choice_000,0,0,65,0x0016B4,4,5,0x0016B6,0405FF0708090AFF,FF0708090AFF05070A02FF04080705FF
C:/Users/MadCat/Documents/GitHub/MechwarriorRecomp/research/extract/decoded_pck/HAMPCK_TBL.decoded.bin,pck_object_0016_part_000_choice_000_frame_066,pck_object_0016,pck_object_0016_part_000,pck_object_0016_part_000_choice_000,0,0,66,0x0016BC,5,7,0x0016BE,05070A02FF040807,0A02FF04080705FF03090804FF020A09
C:/Users/MadCat/Documents/GitHub/MechwarriorRecomp/research/extract/decoded_pck/HAMPCK_TBL.decoded.bin,pck_object_0016_part_000_choice_000_frame_067,pck_object_0016,pck_object_0016_part_000,pck_object_0016_part_000_choice_000,0,0,67,0x0016C4,5,255,0x0016C6,05FF03090804FF02,03090804FF020A0903FF800052010000
C:/Users/MadCat/Documents/GitHub/MechwarriorRecomp/research/extract/decoded_pck/HAMPCK_TBL.decoded.bin,pck_object_0016_part_000_choice_000_frame_068,pck_object_0016,pck_object_0016_part_000,pck_object_0016_part_000_choice_000,0,0,68,0x0016CC,10,9,0x0016CE,0A0903FF80005201,03FF8000520100000000000001000E00
C:/Users/MadCat/Documents/GitHub/MechwarriorRecomp/research/extract/decoded_pck/HAMPCK_TBL.decoded.bin,pck_object_0016_part_000_choice_000_frame_069,pck_object_0016,pck_object_0016_part_000,pck_object_0016_part_000_choice_000,0,0,69,0x0016D4,0,0,0x0016D6,0000000000000100,0000000001000E00000F160001007000
C:/Users/MadCat/Documents/GitHub/MechwarriorRecomp/research/extract/decoded_pck/HAMPCK_TBL.decoded.bin,pck_object_0016_part_000_choice_000_frame_070,pck_object_0016,pck_object_0016_part_000,pck_object_0016_part_000_choice_000,0,0,70,0x0016DC,14,0,0x0016DE,0E00000F16000100,000F16000100700029FA7FFFFEFFC4FF
C:/Users/MadCat/Documents/GitHub/MechwarriorRecomp/research/extract/decoded_pck/HAMPCK_TBL.decoded.bin,pck_object_0016_part_000_choice_000_frame_071,pck_object_0016,pck_object_0016_part_000,pck_object_0016_part_000_choice_000,0,0,71,0x0016E4,112,0,0x0016E6,700029FA7FFFFEFF,29FA7FFFFEFFC4FFAD0288070FFFE8FF
C:/Users/MadCat/Documents/GitHub/MechwarriorRecomp/research/extract/decoded_pck/HAMPCK_TBL.decoded.bin,pck_object_0016_part_000_choice_000_frame_072,pck_object_0016,pck_object_0016_part_000,pck_object_0016_part_000_choice_000,0,0,72,0x0016EC,196,255,0x0016EE,C4FFAD0288070FFF,AD0288070FFFE8FFEC000DFF1200DD00
C:/Users/MadCat/Documents/GitHub/MechwarriorRecomp/research/extract/decoded_pck/HAMPCK_TBL.decoded.bin,pck_object_0016_part_000_choice_000_frame_073,pck_object_0016,pck_object_0016_part_000,pck_object_0016_part_000_choice_000,0,0,73,0x0016F4,232,255,0x0016F6,E8FFEC000DFF1200,EC000DFF1200DD002FFF1500DD0032FF
C:/Users/MadCat/Documents/GitHub/MechwarriorRecomp/research/extract/decoded_pck/HAMPCK_TBL.decoded.bin,pck_object_0016_part_000_choice_000_frame_074,pck_object_0016,pck_object_0016_part_000,pck_object_0016_part_000_choice_000,0,0,74,0x0016FC,221,0,0x0016FE,DD002FFF1500DD00,2FFF1500DD0032FFECFFEC003B0047FD
C:/Users/MadCat/Documents/GitHub/MechwarriorRecomp/research/extract/decoded_pck/HAMPCK_TBL.decoded.bin,pck_object_0016_part_000_choice_000_frame_075,pck_object_0016,pck_object_0016_part_000,pck_object_0016_part_000_choice_000,0,0,75,0x001704,50,255,0x001706,32FFECFFEC003B00,ECFFEC003B0047FD7CF83DFF6EFF96FF
C:/Users/MadCat/Documents/GitHub/MechwarriorRecomp/research/extract/decoded_pck/HAMPCK_TBL.decoded.bin,pck_object_0016_part_000_choice_000_frame_076,pck_object_0016,pck_object_0016_part_000,pck_object_0016_part_000_choice_000,0,0,76,0x00170C,71,253,0x00170E,47FD7CF83DFF6EFF,7CF83DFF6EFF96FF3BFF9AFF86FF18FF
C:/Users/MadCat/Documents/GitHub/MechwarriorRecomp/research/extract/decoded_pck/HAMPCK_TBL.decoded.bin,pck_object_0016_part_000_choice_000_frame_077,pck_object_0016,pck_object_0016_part_000,pck_object_0016_part_000_choice_000,0,0,77,0x001714,150,255,0x001716,96FF3BFF9AFF86FF,3BFF9AFF86FF18FF97FF86FF1BFF6CFF
C:/Users/MadCat/Documents/GitHub/MechwarriorRecomp/research/extract/decoded_pck/HAMPCK_TBL.decoded.bin,pck_object_0016_part_000_choice_000_frame_078,pck_object_0016,pck_object_0016_part_000,pck_object_0016_part_000_choice_000,0,0,78,0x00171C,24,255,0x00171E,18FF97FF86FF1BFF,97FF86FF1BFF6CFF96FF700083F8C602
C:/Users/MadCat/Documents/GitHub/MechwarriorRecomp/research/extract/decoded_pck/HAMPCK_TBL.decoded.bin,pck_object_0016_part_000_choice_000_frame_079,pck_object_0016,pck_object_0016_part_000,pck_object_0016_part_000_choice_000,0,0,79,0x001724,108,255,0x001726,6CFF96FF700083F8,96FF700083F8C602FD07690021005CFF
C:/Users/MadCat/Documents/GitHub/MechwarriorRecomp/research/extract/decoded_pck/HAMPCK_TBL.decoded.bin,pck_object_0016_part_000_choice_000_frame_080,pck_object_0016,pck_object_0016_part_000,pck_object_0016_part_000_choice_000,0,0,80,0x00172C,198,2,0x00172E,C602FD0769002100,FD07690021005CFF7F074BFD06F86BFF
C:/Users/MadCat/Documents/GitHub/MechwarriorRecomp/research/extract/decoded_pck/HAMPCK_TBL.decoded.bin,pck_object_0016_part_000_choice_000_frame_081,pck_object_0016,pck_object_0016_part_000,pck_object_0016_part_000_choice_000,0,0,81,0x001734,92,255,0x001736,5CFF7F074BFD06F8,7F074BFD06F86BFFEFFF010074000000
C:/Users/MadCat/Documents/GitHub/MechwarriorRecomp/research/extract/decoded_pck/HAMPCK_TBL.decoded.bin,pck_object_0016_part_000_choice_000_frame_082,pck_object_0016,pck_object_0016_part_000,pck_object_0016_part_000_choice_000,0,0,82,0x00173C,107,255,0x00173E,6BFFEFFF01007400,EFFF01007400000006007C0004018104
C:/Users/MadCat/Documents/GitHub/MechwarriorRecomp/research/extract/decoded_pck/HAMPCK_TBL.decoded.bin,pck_object_0016_part_000_choice_000_frame_083,pck_object_0016,pck_object_0016_part_000,pck_object_0016_part_000_choice_000,0,0,83,0x001744,0,0,0x001746,000006007C000401,06007C000401810408080801AC008104
C:/Users/MadCat/Documents/GitHub/MechwarriorRecomp/research/extract/decoded_pck/HAMPCK_TBL.decoded.bin,pck_object_0016_part_000_choice_000_frame_084,pck_object_0016,pck_object_0016_part_000,pck_object_0016_part_000_choice_000,0,0,84,0x00174C,129,4,0x00174E,810408080801AC00,08080801AC00810408000806B1008104
C:/Users/MadCat/Documents/GitHub/MechwarriorRecomp/research/extract/decoded_pck/HAMPCK_TBL.decoded.bin,pck_object_0016_part_000_choice_000_frame_085,pck_object_0016,pck_object_0016_part_000,pck_object_0016_part_000_choice_000,0,0,85,0x001754,129,4,0x001756,810408000806B100,08000806B10081040800000BB6008104
C:/Users/MadCat/Documents/GitHub/MechwarriorRecomp/research/extract/decoded_pck/HAMPCK_TBL.decoded.bin,pck_object_0016_part_000_choice_000_frame_086,pck_object_0016,pck_object_0016_part_000,pck_object_0016_part_000_choice_000,0,0,86,0x00175C,129,4,0x00175E,81040800000BB600,0800000BB60081040808080CBB008104
C:/Users/MadCat/Documents/GitHub/MechwarriorRecomp/research/extract/decoded_pck/HAMPCK_TBL.decoded.bin,pck_object_0016_part_000_choice_000_frame_087,pck_object_0016,pck_object_0016_part_000,pck_object_0016_part_000_choice_000,0,0,87,0x001764,129,4,0x001766,81040808080CBB00,0808080CBB0081040800000DC0008104
C:/Users/MadCat/Documents/GitHub/MechwarriorRecomp/research/extract/decoded_pck/HAMPCK_TBL.decoded.bin,pck_object_0016_part_000_choice_000_frame_088,pck_object_0016,pck_object_0016_part_000,pck_object_0016_part_000_choice_000,0,0,88,0x00176C,129,4,0x00176E,81040800000DC000,0800000DC00081040808080EC5000203
C:/Users/MadCat/Documents/GitHub/MechwarriorRecomp/research/extract/decoded_pck/HAMPCK_TBL.decoded.bin,pck_object_0016_part_000_choice_000_frame_089,pck_object_0016,pck_object_0016_part_000,pck_object_0016_part_000_choice_000,0,0,89,0x001774,129,4,0x001776,81040808080EC500,0808080EC50002030405FF0708090AFF
C:/Users/MadCat/Documents/GitHub/MechwarriorRecomp/research/extract/decoded_pck/HAMPCK_TBL.decoded.bin,pck_object_0016_part_000_choice_000_frame_090,pck_object_0016,pck_object_0016_part_000,pck_object_0016_part_000_choice_000,0,0,90,0x00177C,2,3,0x00177E,02030405FF070809,0405FF0708090AFF05070A02FF040807
C:/Users/MadCat/Documents/GitHub/MechwarriorRecomp/research/extract/decoded_pck/HAMPCK_TBL.decoded.bin,pck_object_0016_part_000_choice_000_frame_091,pck_object_0016,pck_object_0016_part_000,pck_object_0016_part_000_choice_000,0,0,91,0x001784,10,255,0x001786,0AFF05070A02FF04,05070A02FF04080705FF03090804FF02
C:/Users/MadCat/Documents/GitHub/MechwarriorRecomp/research/extract/decoded_pck/HAMPCK_TBL.decoded.bin,pck_object_0016_part_000_choice_000_frame_092,pck_object_0016,pck_object_0016_part_000,pck_object_0016_part_000_choice_000,0,0,92,0x00178C,8,7,0x00178E,080705FF03090804,05FF03090804FF020A0903FF80005001
C:/Users/MadCat/Documents/GitHub/MechwarriorRecomp/research/extract/decoded_pck/HAMPCK_TBL.decoded.bin,pck_object_0016_part_000_choice_000_frame_093,pck_object_0016,pck_object_0016_part_000,pck_object_0016_part_000_choice_000,0,0,93,0x001794,255,2,0x001796,FF020A0903FF8000,0A0903FF800050010000000000000100
C:/Users/MadCat/Documents/GitHub/MechwarriorRecomp/research/extract/decoded_pck/HAMPCK_TBL.decoded.bin,pck_object_0016_part_000_choice_000_frame_094,pck_object_0016,pck_object_0016_part_000,pck_object_0016_part_000_choice_000,0,0,94,0x00179C,80,1,0x00179E,5001000000000000,00000000000001001800000F20000100
C:/Users/MadCat/Documents/GitHub/MechwarriorRecomp/research/extract/decoded_pck/HAMPCK_TBL.decoded.bin,pck_object_0016_part_000_choice_000_frame_095,pck_object_0016,pck_object_0016_part_000,pck_object_0016_part_000_choice_000,0,0,95,0x0017A4,1,0,0x0017A6,01001800000F2000,1800000F200001007A0024FA0000FEFF
C:/Users/MadCat/Documents/GitHub/MechwarriorRecomp/research/extract/decoded_pck/HAMPCK_TBL.decoded.bin,pck_object_0016_part_000_choice_000_frame_096,pck_object_0016,pck_object_0016_part_000,pck_object_0016_part_000_choice_000,0,0,96,0x0017AC,1,0,0x0017AE,01007A0024FA0000,7A0024FA0000FEFF00006E01DE070FFF
C:/Users/MadCat/Documents/GitHub/MechwarriorRecomp/research/extract/decoded_pck/HAMPCK_TBL.decoded.bin,pck_object_0016_part_000_choice_000_frame_097,pck_object_0016,pck_object_0016_part_000,pck_object_0016_part_000_choice_000,0,0,97,0x0017B4,254,255,0x0017B6,FEFF00006E01DE07,00006E01DE070FFFF4FFEB0010FF2000
C:/Users/MadCat/Documents/GitHub/MechwarriorRecomp/research/extract/decoded_pck/HAMPCK_TBL.decoded.bin,pck_object_0016_part_000_choice_000_frame_098,pck_object_0016,pck_object_0016_part_000,pck_object_0016_part_000_choice_000,0,0,98,0x0017BC,15,255,0x0017BE,0FFFF4FFEB0010FF,F4FFEB0010FF2000E30033FF2000E300
C:/Users/MadCat/Documents/GitHub/MechwarriorRecomp/research/extract/decoded_pck/HAMPCK_TBL.decoded.bin,pck_object_0016_part_000_choice_000_frame_099,pck_object_0016,pck_object_0016_part_000,pck_object_0016_part_000_choice_000,0,0,99,0x0017C4,32,0,0x0017C6,2000E30033FF2000,E30033FF2000E30032FFF4FFEB000000
C:/Users/MadCat/Documents/GitHub/MechwarriorRecomp/research/extract/decoded_pck/HAMPCK_TBL.decoded.bin,pck_object_0016_part_000_choice_000_frame_100,pck_object_0016,pck_object_0016_part_000,pck_object_0016_part_000_choice_000,0,0,100,0x0017CC,227,0,0x0017CE,E30032FFF4FFEB00,32FFF4FFEB00000092FE22F832FFB4FF
C:/Users/MadCat/Documents/GitHub/MechwarriorRecomp/research/extract/decoded_pck/HAMPCK_TBL.decoded.bin,pck_object_0016_part_000_choice_000_frame_101,pck_object_0016,pck_object_0016_part_000,pck_object_0016_part_000_choice_000,0,0,101,0x0017D4,0,0,0x0017D6,000092FE22F832FF,92FE22F832FFB4FF84FF33FFE0FF7CFF
C:/Users/MadCat/Documents/GitHub/MechwarriorRecomp/research/extract/decoded_pck/HAMPCK_TBL.decoded.bin,pck_object_0016_part_000_choice_000_frame_102,pck_object_0016,pck_object_0016_part_000,pck_object_0016_part_000_choice_000,0,0,102,0x0017DC,180,255,0x0017DE,B4FF84FF33FFE0FF,84FF33FFE0FF7CFF10FFE0FF7CFF0FFF
C:/Users/MadCat/Documents/GitHub/MechwarriorRecomp/research/extract/decoded_pck/HAMPCK_TBL.decoded.bin,pck_object_0016_part_000_choice_000_frame_103,pck_object_0016,pck_object_0016_part_000,pck_object_0016_part_000_choice_000,0,0,103,0x0017E4,124,255,0x0017E6,7CFF10FFE0FF7CFF,10FFE0FF7CFF0FFFB4FF84FF000020F8
C:/Users/MadCat/Documents/GitHub/MechwarriorRecomp/research/extract/decoded_pck/HAMPCK_TBL.decoded.bin,pck_object_0016_part_000_choice_000_frame_104,pck_object_0016,pck_object_0016_part_000,pck_object_0016_part_000_choice_000,0,0,104,0x0017EC,15,255,0x0017EE,0FFFB4FF84FF0000,B4FF84FF000020F86701FF07D3FF0800
C:/Users/MadCat/Documents/GitHub/MechwarriorRecomp/research/extract/decoded_pck/HAMPCK_TBL.decoded.bin,pck_object_0016_part_000_choice_000_frame_105,pck_object_0016,pck_object_0016_part_000,pck_object_0016_part_000_choice_000,0,0,105,0x0017F4,32,248,0x0017F6,20F86701FF07D3FF,6701FF07D3FF08000000E00799FE01F8
C:/Users/MadCat/Documents/GitHub/MechwarriorRecomp/research/extract/decoded_pck/HAMPCK_TBL.decoded.bin,pck_object_0016_part_000_choice_000_frame_106,pck_object_0016,pck_object_0016_part_000,pck_object_0016_part_000_choice_000,0,0,106,0x0017FC,8,0,0x0017FE,08000000E00799FE,0000E00799FE01F82D00F8FF01007E00
C:/Users/MadCat/Documents/GitHub/MechwarriorRecomp/research/extract/decoded_pck/HAMPCK_TBL.decoded.bin,pck_object_0016_part_000_choice_000_frame_107,pck_object_0016,pck_object_0016_part_000,pck_object_0016_part_000_choice_000,0,0,107,0x001804,1,248,0x001806,01F82D00F8FF0100,2D00F8FF01007E000000060086000401
C:/Users/MadCat/Documents/GitHub/MechwarriorRecomp/research/extract/decoded_pck/HAMPCK_TBL.decoded.bin,pck_object_0016_part_000_choice_000_frame_108,pck_object_0016,pck_object_0016_part_000,pck_object_0016_part_000_choice_000,0,0,108,0x00180C,126,0,0x00180E,7E00000006008600,0000060086000401810408080801B600
C:/Users/MadCat/Documents/GitHub/MechwarriorRecomp/research/extract/decoded_pck/HAMPCK_TBL.decoded.bin,pck_object_0016_part_000_choice_000_frame_109,pck_object_0016,pck_object_0016_part_000,pck_object_0016_part_000_choice_000,0,0,109,0x001814,4,1,0x001816,0401810408080801,810408080801B600810408000806BB00
C:/Users/MadCat/Documents/GitHub/MechwarriorRecomp/research/extract/decoded_pck/HAMPCK_TBL.decoded.bin,pck_object_0016_part_000_choice_000_frame_110,pck_object_0016,pck_object_0016_part_000,pck_object_0016_part_000_choice_000,0,0,110,0x00181C,182,0,0x00181E,B600810408000806,810408000806BB0081040800000BC000
C:/Users/MadCat/Documents/GitHub/MechwarriorRecomp/research/extract/decoded_pck/HAMPCK_TBL.decoded.bin,pck_object_0016_part_000_choice_000_frame_111,pck_object_0016,pck_object_0016_part_000,pck_object_0016_part_000_choice_000,0,0,111,0x001824,187,0,0x001826,BB0081040800000B,81040800000BC00081040808080CC500
C:/Users/MadCat/Documents/GitHub/MechwarriorRecomp/research/extract/decoded_pck/HAMPCK_TBL.decoded.bin,pck_object_0016_part_000_choice_000_frame_112,pck_object_0016,pck_object_0016_part_000,pck_object_0016_part_000_choice_000,0,0,112,0x00182C,192,0,0x00182E,C00081040808080C,81040808080CC50081040800000DCA00
C:/Users/MadCat/Documents/GitHub/MechwarriorRecomp/research/extract/decoded_pck/HAMPCK_TBL.decoded.bin,pck_object_0016_part_000_choice_000_frame_113,pck_object_0016,pck_object_0016_part_000,pck_object_0016_part_000_choice_000,0,0,113,0x001834,197,0,0x001836,C50081040800000D,81040800000DCA0081040808080ECF00
C:/Users/MadCat/Documents/GitHub/MechwarriorRecomp/research/extract/decoded_pck/HAMPCK_TBL.decoded.bin,pck_object_0016_part_000_choice_000_frame_114,pck_object_0016,pck_object_0016_part_000,pck_object_0016_part_000_choice_000,0,0,114,0x00183C,202,0,0x00183E,CA0081040808080E,81040808080ECF0002030405FF070809
C:/Users/MadCat/Documents/GitHub/MechwarriorRecomp/research/extract/decoded_pck/HAMPCK_TBL.decoded.bin,pck_object_0016_part_000_choice_000_frame_115,pck_object_0016,pck_object_0016_part_000,pck_object_0016_part_000_choice_000,0,0,115,0x001844,207,0,0x001846,CF0002030405FF07,02030405FF0708090AFF05070A02FF04
C:/Users/MadCat/Documents/GitHub/MechwarriorRecomp/research/extract/decoded_pck/HAMPCK_TBL.decoded.bin,pck_object_0016_part_000_choice_000_frame_116,pck_object_0016,pck_object_0016_part_000,pck_object_0016_part_000_choice_000,0,0,116,0x00184C,8,9,0x00184E,08090AFF05070A02,0AFF05070A02FF04080705FF03090804
C:/Users/MadCat/Documents/GitHub/MechwarriorRecomp/research/extract/decoded_pck/HAMPCK_TBL.decoded.bin,pck_object_0016_part_000_choice_000_frame_117,pck_object_0016,pck_object_0016_part_000,pck_object_0016_part_000_choice_000,0,0,117,0x001854,255,4,0x001856,FF04080705FF0309,080705FF03090804FF020A0903FF8000
C:/Users/MadCat/Documents/GitHub/MechwarriorRecomp/research/extract/decoded_pck/HAMPCK_TBL.decoded.bin,pck_object_0016_part_000_choice_000_frame_118,pck_object_0016,pck_object_0016_part_000,pck_object_0016_part_000_choice_000,0,0,118,0x00185C,8,4,0x00185E,0804FF020A0903FF,FF020A0903FF8000B101000000000000
C:/Users/MadCat/Documents/GitHub/MechwarriorRecomp/research/extract/decoded_pck/HAMPCK_TBL.decoded.bin,pck_object_0016_part_000_choice_000_frame_119,pck_object_0016,pck_object_0016_part_000,pck_object_0016_part_000_choice_000,0,0,119,0x001864,128,0,0x001866,8000B10100000000,B10100000000000003001200002C2A00
C:/Users/MadCat/Documents/GitHub/MechwarriorRecomp/research/extract/decoded_pck/HAMPCK_TBL.decoded.bin,pck_object_0016_part_000_choice_000_frame_120,pck_object_0016,pck_object_0016_part_000,pck_object_0016_part_000_choice_000,0,0,120,0x00186C,0,0,0x00186E,000003001200002C,03001200002C2A0001003201112C2A00
C:/Users/MadCat/Documents/GitHub/MechwarriorRecomp/research/extract/decoded_pck/HAMPCK_TBL.decoded.bin,pck_object_0016_part_000_choice_000_frame_121,pck_object_0016,pck_object_0016_part_000,pck_object_0016_part_000_choice_000,0,0,121,0x001874,42,0,0x001876,2A0001003201112C,01003201112C2A0001008E011E2C2A00
C:/Users/MadCat/Documents/GitHub/MechwarriorRecomp/research/extract/decoded_pck/HAMPCK_TBL.decoded.bin,pck_object_0016_part_000_choice_000_frame_122,pck_object_0016,pck_object_0016_part_000,pck_object_0016_part_000_choice_000,0,0,122,0x00187C,42,0,0x00187E,2A0001008E011E2C,01008E011E2C2A000100CE01EE026B00
C:/Users/MadCat/Documents/GitHub/MechwarriorRecomp/research/extract/decoded_pck/HAMPCK_TBL.decoded.bin,pck_object_0016_part_000_choice_000_frame_123,pck_object_0016,pck_object_0016_part_000,pck_object_0016_part_000_choice_000,0,0,123,0x001884,42,0,0x001886,2A000100CE01EE02,0100CE01EE026B00CAFF01F813000A00
C:/Users/MadCat/Documents/GitHub/MechwarriorRecomp/research/extract/decoded_pck/HAMPCK_TBL.decoded.bin,pck_object_0016_part_000_choice_000_frame_124,pck_object_0016,pck_object_0016_part_000,pck_object_0016_part_000_choice_000,0,0,124,0x00188C,107,0,0x00188E,6B00CAFF01F81300,CAFF01F813000A002D001A0020002C00
C:/Users/MadCat/Documents/GitHub/MechwarriorRecomp/research/extract/decoded_pck/HAMPCK_TBL.decoded.bin,pck_object_0016_part_000_choice_000_frame_125,pck_object_0016,pck_object_0016_part_000,pck_object_0016_part_000_choice_000,0,0,125,0x001894,10,0,0x001896,0A002D001A002000,2D001A0020002C00C8FFF9FF2C000B00
C:/Users/MadCat/Documents/GitHub/MechwarriorRecomp/research/extract/decoded_pck/HAMPCK_TBL.decoded.bin,pck_object_0016_part_000_choice_000_frame_126,pck_object_0016,pck_object_0016_part_000,pck_object_0016_part_000_choice_000,0,0,126,0x00189C,44,0,0x00189E,2C00C8FFF9FF2C00,C8FFF9FF2C000B007CFF2D0066007CFF
C:/Users/MadCat/Documents/GitHub/MechwarriorRecomp/research/extract/decoded_pck/HAMPCK_TBL.decoded.bin,pck_object_0016_part_000_choice_000_frame_127,pck_object_0016,pck_object_0016_part_000,pck_object_0016_part_000_choice_000,0,0,127,0x0018A4,11,0,0x0018A6,0B007CFF2D006600,7CFF2D0066007CFF2D0042000000FF07
C:/Users/MadCat/Documents/GitHub/MechwarriorRecomp/research/extract/decoded_pck/HAMPCK_TBL.decoded.bin,pck_object_0016_part_000_choice_000_frame_128,pck_object_0016,pck_object_0016_part_000,pck_object_0016_part_000_choice_000,0,0,128,0x0018AC,124,255,0x0018AE,7CFF2D0042000000,2D0042000000FF07EAFFFAFF7D004200
C:/Users/MadCat/Documents/GitHub/MechwarriorRecomp/research/extract/decoded_pck/HAMPCK_TBL.decoded.bin,pck_object_0016_part_000_choice_000_frame_129,pck_object_0016,pck_object_0016_part_000,pck_object_0016_part_000_choice_000,0,0,129,0x0018B4,255,7,0x0018B6,FF07EAFFFAFF7D00,EAFFFAFF7D00420000007D0066007CFF
C:/Users/MadCat/Documents/GitHub/MechwarriorRecomp/research/extract/decoded_pck/HAMPCK_TBL.decoded.bin,pck_object_0016_part_000_choice_000_frame_130,pck_object_0016,pck_object_0016_part_000,pck_object_0016_part_000_choice_000,0,0,130,0x0018BC,66,0,0x0018BE,420000007D006600,00007D0066007CFF7C000B007CFF7C00
C:/Users/MadCat/Documents/GitHub/MechwarriorRecomp/research/extract/decoded_pck/HAMPCK_TBL.decoded.bin,pck_object_0016_part_000_choice_000_frame_131,pck_object_0016,pck_object_0016_part_000,pck_object_0016_part_000_choice_000,0,0,131,0x0018C4,124,255,0x0018C6,7CFF7C000B007CFF,7C000B007CFF7C00C8FFF9FF7D001A00
C:/Users/MadCat/Documents/GitHub/MechwarriorRecomp/research/extract/decoded_pck/HAMPCK_TBL.decoded.bin,pck_object_0017_part_000_choice_000_frame_000,pck_object_0017,pck_object_0017_part_000,pck_object_0017_part_000_choice_000,0,0,0,0x001472,128,0,0x001474,8000520100000000,520100000000000001001000000F1800
C:/Users/MadCat/Documents/GitHub/MechwarriorRecomp/research/extract/decoded_pck/HAMPCK_TBL.decoded.bin,pck_object_0017_part_000_choice_000_frame_001,pck_object_0017,pck_object_0017_part_000,pck_object_0017_part_000_choice_000,0,0,1,0x00147A,0,0,0x00147C,000001001000000F,01001000000F18000100720022FA0400
C:/Users/MadCat/Documents/GitHub/MechwarriorRecomp/research/extract/decoded_pck/HAMPCK_TBL.decoded.bin,pck_object_0017_part_000_choice_000_frame_002,pck_object_0017,pck_object_0017_part_000,pck_object_0017_part_000_choice_000,0,0,2,0x001482,24,0,0x001484,18000100720022FA,0100720022FA0400FEFF0000CEFDB107
C:/Users/MadCat/Documents/GitHub/MechwarriorRecomp/research/extract/decoded_pck/HAMPCK_TBL.decoded.bin,pck_object_0017_part_000_choice_000_frame_003,pck_object_0017,pck_object_0017_part_000,pck_object_0017_part_000_choice_000,0,0,3,0x00148A,4,0,0x00148C,0400FEFF0000CEFD,FEFF0000CEFDB1070EFFDBFFE0000EFF
C:/Users/MadCat/Documents/GitHub/MechwarriorRecomp/research/extract/decoded_pck/HAMPCK_TBL.decoded.bin,pck_object_0017_part_000_choice_000_frame_004,pck_object_0017,pck_object_0017_part_000,pck_object_0017_part_000_choice_000,0,0,4,0x001492,177,7,0x001494,B1070EFFDBFFE000,0EFFDBFFE0000EFF0500EC0032FF0500
C:/Users/MadCat/Documents/GitHub/MechwarriorRecomp/research/extract/decoded_pck/HAMPCK_TBL.decoded.bin,pck_object_0017_part_000_choice_000_frame_005,pck_object_0017,pck_object_0017_part_000,pck_object_0017_part_000_choice_000,0,0,5,0x00149A,14,255,0x00149C,0EFF0500EC0032FF,0500EC0032FF0500EC002FFFDAFFE000
C:/Users/MadCat/Documents/GitHub/MechwarriorRecomp/research/extract/decoded_pck/HAMPCK_TBL.decoded.bin,pck_object_0017_part_000_choice_000_frame_006,pck_object_0017,pck_object_0017_part_000,pck_object_0017_part_000_choice_000,0,0,6,0x0014A2,5,0,0x0014A4,0500EC002FFFDAFF,EC002FFFDAFFE00011005C025CF830FF
C:/Users/MadCat/Documents/GitHub/MechwarriorRecomp/research/extract/decoded_pck/HAMPCK_TBL.decoded.bin,pck_object_0017_part_000_choice_000_frame_007,pck_object_0017,pck_object_0017_part_000,pck_object_0017_part_000_choice_000,0,0,7,0x0014AA,224,0,0x0014AC,E00011005C025CF8,11005C025CF830FF39007FFF32FF6300
C:/Users/MadCat/Documents/GitHub/MechwarriorRecomp/research/extract/decoded_pck/HAMPCK_TBL.decoded.bin,pck_object_0017_part_000_choice_000_frame_008,pck_object_0017,pck_object_0017_part_000,pck_object_0017_part_000_choice_000,0,0,8,0x0014B2,48,255,0x0014B4,30FF39007FFF32FF,39007FFF32FF63008CFF0FFF64008CFF
C:/Users/MadCat/Documents/GitHub/MechwarriorRecomp/research/extract/decoded_pck/HAMPCK_TBL.decoded.bin,pck_object_0017_part_000_choice_000_frame_009,pck_object_0017,pck_object_0017_part_000,pck_object_0017_part_000_choice_000,0,0,9,0x0014BA,99,0,0x0014BC,63008CFF0FFF6400,8CFF0FFF64008CFF0EFF38007FFF3A00
C:/Users/MadCat/Documents/GitHub/MechwarriorRecomp/research/extract/decoded_pck/HAMPCK_TBL.decoded.bin,pck_object_0017_part_000_choice_000_frame_010,pck_object_0017,pck_object_0017_part_000,pck_object_0017_part_000_choice_000,0,0,10,0x0014C2,140,255,0x0014C4,8CFF0EFF38007FFF,0EFF38007FFF3A0048F8EDFDFD07A7FF
C:/Users/MadCat/Documents/GitHub/MechwarriorRecomp/research/extract/decoded_pck/HAMPCK_TBL.decoded.bin,pck_object_0017_part_000_choice_000_frame_011,pck_object_0017,pck_object_0017_part_000,pck_object_0017_part_000_choice_000,0,0,11,0x0014CA,58,0,0x0014CC,3A0048F8EDFDFD07,48F8EDFDFD07A7FFE8FF3800B8071502
C:/Users/MadCat/Documents/GitHub/MechwarriorRecomp/research/extract/decoded_pck/HAMPCK_TBL.decoded.bin,pck_object_0017_part_000_choice_000_frame_012,pck_object_0017,pck_object_0017_part_000,pck_object_0017_part_000_choice_000,0,0,12,0x0014D2,167,255,0x0014D4,A7FFE8FF3800B807,E8FF3800B807150201F82B000B000100
C:/Users/MadCat/Documents/GitHub/MechwarriorRecomp/research/extract/decoded_pck/HAMPCK_TBL.decoded.bin,pck_object_0017_part_000_choice_000_frame_013,pck_object_0017,pck_object_0017_part_000,pck_object_0017_part_000_choice_000,0,0,13,0x0014DA,21,2,0x0014DC,150201F82B000B00,01F82B000B0001007600000006007E00
C:/Users/MadCat/Documents/GitHub/MechwarriorRecomp/research/extract/decoded_pck/HAMPCK_TBL.decoded.bin,pck_object_0017_part_000_choice_000_frame_014,pck_object_0017,pck_object_0017_part_000,pck_object_0017_part_000_choice_000,0,0,14,0x0014E2,1,0,0x0014E4,0100760000000600,7600000006007E000401810408080801
C:/Users/MadCat/Documents/GitHub/MechwarriorRecomp/research/extract/decoded_pck/HAMPCK_TBL.decoded.bin,pck_object_0017_part_000_choice_000_frame_015,pck_object_0017,pck_object_0017_part_000,pck_object_0017_part_000_choice_000,0,0,15,0x0014EA,126,0,0x0014EC,7E00040181040808,0401810408080801AE00810408000806
C:/Users/MadCat/Documents/GitHub/MechwarriorRecomp/research/extract/decoded_pck/HAMPCK_TBL.decoded.bin,pck_object_0017_part_000_choice_000_frame_016,pck_object_0017,pck_object_0017_part_000,pck_object_0017_part_000_choice_000,0,0,16,0x0014F2,8,1,0x0014F4,0801AE0081040800,AE00810408000806B30081040800000B
C:/Users/MadCat/Documents/GitHub/MechwarriorRecomp/research/extract/decoded_pck/HAMPCK_TBL.decoded.bin,pck_object_0017_part_000_choice_000_frame_017,pck_object_0017,pck_object_0017_part_000,pck_object_0017_part_000_choice_000,0,0,17,0x0014FA,8,6,0x0014FC,0806B30081040800,B30081040800000BB80081040808080C
C:/Users/MadCat/Documents/GitHub/MechwarriorRecomp/research/extract/decoded_pck/HAMPCK_TBL.decoded.bin,pck_object_0017_part_000_choice_000_frame_018,pck_object_0017,pck_object_0017_part_000,pck_object_0017_part_000_choice_000,0,0,18,0x001502,0,11,0x001504,000BB80081040808,B80081040808080CBD0081040800000D
C:/Users/MadCat/Documents/GitHub/MechwarriorRecomp/research/extract/decoded_pck/HAMPCK_TBL.decoded.bin,pck_object_0017_part_000_choice_000_frame_019,pck_object_0017,pck_object_0017_part_000,pck_object_0017_part_000_choice_000,0,0,19,0x00150A,8,12,0x00150C,080CBD0081040800,BD0081040800000DC20081040808080E
C:/Users/MadCat/Documents/GitHub/MechwarriorRecomp/research/extract/decoded_pck/HAMPCK_TBL.decoded.bin,pck_object_0017_part_000_choice_000_frame_020,pck_object_0017,pck_object_0017_part_000,pck_object_0017_part_000_choice_000,0,0,20,0x001512,0,13,0x001514,000DC20081040808,C20081040808080EC70002030405FF07
C:/Users/MadCat/Documents/GitHub/MechwarriorRecomp/research/extract/decoded_pck/HAMPCK_TBL.decoded.bin,pck_object_0017_part_000_choice_000_frame_021,pck_object_0017,pck_object_0017_part_000,pck_object_0017_part_000_choice_000,0,0,21,0x00151A,8,14,0x00151C,080EC70002030405,C70002030405FF0708090AFF05070A02
C:/Users/MadCat/Documents/GitHub/MechwarriorRecomp/research/extract/decoded_pck/HAMPCK_TBL.decoded.bin,pck_object_0017_part_000_choice_000_frame_022,pck_object_0017,pck_object_0017_part_000,pck_object_0017_part_000_choice_000,0,0,22,0x001522,255,7,0x001524,FF0708090AFF0507,08090AFF05070A02FF04080705FF0309
C:/Users/MadCat/Documents/GitHub/MechwarriorRecomp/research/extract/decoded_pck/HAMPCK_TBL.decoded.bin,pck_object_0017_part_000_choice_000_frame_023,pck_object_0017,pck_object_0017_part_000,pck_object_0017_part_000_choice_000,0,0,23,0x00152A,10,2,0x00152C,0A02FF04080705FF,FF04080705FF03090804FF020A0903FF
C:/Users/MadCat/Documents/GitHub/MechwarriorRecomp/research/extract/decoded_pck/HAMPCK_TBL.decoded.bin,pck_object_0017_part_000_choice_000_frame_024,pck_object_0017,pck_object_0017_part_000,pck_object_0017_part_000_choice_000,0,0,24,0x001532,3,9,0x001534,03090804FF020A09,0804FF020A0903FF80004F0100000000
C:/Users/MadCat/Documents/GitHub/MechwarriorRecomp/research/extract/decoded_pck/HAMPCK_TBL.decoded.bin,pck_object_0017_part_000_choice_000_frame_025,pck_object_0017,pck_object_0017_part_000,pck_object_0017_part_000_choice_000,0,0,25,0x00153A,3,255,0x00153C,03FF80004F010000,80004F0100000000000001001A00000F
C:/Users/MadCat/Documents/GitHub/MechwarriorRecomp/research/extract/decoded_pck/HAMPCK_TBL.decoded.bin,pck_object_0017_part_000_choice_000_frame_026,pck_object_0017,pck_object_0017_part_000,pck_object_0017_part_000_choice_000,0,0,26,0x001542,0,0,0x001544,0000000001001A00,000001001A00000F220001007C0029FA
C:/Users/MadCat/Documents/GitHub/MechwarriorRecomp/research/extract/decoded_pck/HAMPCK_TBL.decoded.bin,pck_object_0017_part_000_choice_000_frame_027,pck_object_0017,pck_object_0017_part_000,pck_object_0017_part_000_choice_000,0,0,27,0x00154A,0,15,0x00154C,000F220001007C00,220001007C0029FA7FFF000000000000
C:/Users/MadCat/Documents/GitHub/MechwarriorRecomp/research/extract/decoded_pck/HAMPCK_TBL.decoded.bin,pck_object_0017_part_000_choice_000_frame_028,pck_object_0017,pck_object_0017_part_000,pck_object_0017_part_000_choice_000,0,0,28,0x001552,41,250,0x001554,29FA7FFF00000000,7FFF000000000000000812FFD5FFE800
C:/Users/MadCat/Documents/GitHub/MechwarriorRecomp/research/extract/decoded_pck/HAMPCK_TBL.decoded.bin,pck_object_0017_part_000_choice_000_frame_029,pck_object_0017,pck_object_0017_part_000,pck_object_0017_part_000_choice_000,0,0,29,0x00155A,0,0,0x00155C,0000000812FFD5FF,000812FFD5FFE8000EFF0100E80030FF
C:/Users/MadCat/Documents/GitHub/MechwarriorRecomp/research/extract/decoded_pck/HAMPCK_TBL.decoded.bin,pck_object_0017_part_000_choice_000_frame_030,pck_object_0017,pck_object_0017_part_000,pck_object_0017_part_000_choice_000,0,0,30,0x001562,232,0,0x001564,E8000EFF0100E800,0EFF0100E80030FF0300E80035FFD7FF
C:/Users/MadCat/Documents/GitHub/MechwarriorRecomp/research/extract/decoded_pck/HAMPCK_TBL.decoded.bin,pck_object_0017_part_000_choice_000_frame_031,pck_object_0017,pck_object_0017_part_000,pck_object_0017_part_000_choice_000,0,0,31,0x00156A,48,255,0x00156C,30FF0300E80035FF,0300E80035FFD7FFE8000000000000F8
C:/Users/MadCat/Documents/GitHub/MechwarriorRecomp/research/extract/decoded_pck/HAMPCK_TBL.decoded.bin,pck_object_0017_part_000_choice_000_frame_032,pck_object_0017,pck_object_0017_part_000,pck_object_0017_part_000_choice_000,0,0,32,0x001572,215,255,0x001574,D7FFE80000000000,E8000000000000F835FFD7FF7CFF30FF
C:/Users/MadCat/Documents/GitHub/MechwarriorRecomp/research/extract/decoded_pck/HAMPCK_TBL.decoded.bin,pck_object_0017_part_000_choice_000_frame_033,pck_object_0017,pck_object_0017_part_000,pck_object_0017_part_000_choice_000,0,0,33,0x00157A,0,248,0x00157C,00F835FFD7FF7CFF,35FFD7FF7CFF30FF03007CFF0EFF0100
C:/Users/MadCat/Documents/GitHub/MechwarriorRecomp/research/extract/decoded_pck/HAMPCK_TBL.decoded.bin,pck_object_0017_part_000_choice_000_frame_034,pck_object_0017,pck_object_0017_part_000,pck_object_0017_part_000_choice_000,0,0,34,0x001582,48,255,0x001584,30FF03007CFF0EFF,03007CFF0EFF01007CFF12FFD5FF7CFF
C:/Users/MadCat/Documents/GitHub/MechwarriorRecomp/research/extract/decoded_pck/HAMPCK_TBL.decoded.bin,pck_object_0017_part_000_choice_000_frame_035,pck_object_0017,pck_object_0017_part_000,pck_object_0017_part_000_choice_000,0,0,35,0x00158A,1,0,0x00158C,01007CFF12FFD5FF,7CFF12FFD5FF7CFF740004F80000F207
C:/Users/MadCat/Documents/GitHub/MechwarriorRecomp/research/extract/decoded_pck/HAMPCK_TBL.decoded.bin,pck_object_0017_part_000_choice_000_frame_036,pck_object_0017,pck_object_0017_part_000,pck_object_0017_part_000_choice_000,0,0,36,0x001592,124,255,0x001594,7CFF740004F80000,740004F80000F207E700000088FFFC07
C:/Users/MadCat/Documents/GitHub/MechwarriorRecomp/research/extract/decoded_pck/HAMPCK_TBL.decoded.bin,pck_object_0017_part_000_choice_000_frame_037,pck_object_0017,pck_object_0017_part_000,pck_object_0017_part_000_choice_000,0,0,37,0x00159A,242,7,0x00159C,F207E700000088FF,E700000088FFFC07000009F847FF0000
C:/Users/MadCat/Documents/GitHub/MechwarriorRecomp/research/extract/decoded_pck/HAMPCK_TBL.decoded.bin,pck_object_0017_part_000_choice_000_frame_038,pck_object_0017,pck_object_0017_part_000,pck_object_0017_part_000_choice_000,0,0,38,0x0015A2,252,7,0x0015A4,FC07000009F847FF,000009F847FF00000100800000000600
C:/Users/MadCat/Documents/GitHub/MechwarriorRecomp/research/extract/decoded_pck/HAMPCK_TBL.decoded.bin,pck_object_0017_part_000_choice_000_frame_039,pck_object_0017,pck_object_0017_part_000,pck_object_0017_part_000_choice_000,0,0,39,0x0015AA,0,0,0x0015AC,0000010080000000,01008000000006008800040181040808
C:/Users/MadCat/Documents/GitHub/MechwarriorRecomp/research/extract/decoded_pck/HAMPCK_TBL.decoded.bin,pck_object_0017_part_000_choice_000_frame_040,pck_object_0017,pck_object_0017_part_000,pck_object_0017_part_000_choice_000,0,0,40,0x0015B2,6,0,0x0015B4,0600880004018104,88000401810408080801B80081040800
C:/Users/MadCat/Documents/GitHub/MechwarriorRecomp/research/extract/decoded_pck/HAMPCK_TBL.decoded.bin,pck_object_0017_part_000_choice_000_frame_041,pck_object_0017,pck_object_0017_part_000,pck_object_0017_part_000_choice_000,0,0,41,0x0015BA,8,8,0x0015BC,08080801B8008104,0801B800810408000806BD0081040800
C:/Users/MadCat/Documents/GitHub/MechwarriorRecomp/research/extract/decoded_pck/HAMPCK_TBL.decoded.bin,pck_object_0017_part_000_choice_000_frame_042,pck_object_0017,pck_object_0017_part_000,pck_object_0017_part_000_choice_000,0,0,42,0x0015C2,8,0,0x0015C4,08000806BD008104,0806BD0081040800000BC20081040808
C:/Users/MadCat/Documents/GitHub/MechwarriorRecomp/research/extract/decoded_pck/HAMPCK_TBL.decoded.bin,pck_object_0017_part_000_choice_000_frame_043,pck_object_0017,pck_object_0017_part_000,pck_object_0017_part_000_choice_000,0,0,43,0x0015CA,8,0,0x0015CC,0800000BC2008104,000BC20081040808080CC70081040800
C:/Users/MadCat/Documents/GitHub/MechwarriorRecomp/research/extract/decoded_pck/HAMPCK_TBL.decoded.bin,pck_object_0017_part_000_choice_000_frame_044,pck_object_0017,pck_object_0017_part_000,pck_object_0017_part_000_choice_000,0,0,44,0x0015D2,8,8,0x0015D4,0808080CC7008104,080CC70081040800000DCC0081040808
C:/Users/MadCat/Documents/GitHub/MechwarriorRecomp/research/extract/decoded_pck/HAMPCK_TBL.decoded.bin,pck_object_0017_part_000_choice_000_frame_045,pck_object_0017,pck_object_0017_part_000,pck_object_0017_part_000_choice_000,0,0,45,0x0015DA,8,0,0x0015DC,0800000DCC008104,000DCC0081040808080ED10002030405
C:/Users/MadCat/Documents/GitHub/MechwarriorRecomp/research/extract/decoded_pck/HAMPCK_TBL.decoded.bin,pck_object_0017_part_000_choice_000_frame_046,pck_object_0017,pck_object_0017_part_000,pck_object_0017_part_000_choice_000,0,0,46,0x0015E2,8,8,0x0015E4,0808080ED1000203,080ED10002030405FF0708090AFF0507
C:/Users/MadCat/Documents/GitHub/MechwarriorRecomp/research/extract/decoded_pck/HAMPCK_TBL.decoded.bin,pck_object_0017_part_000_choice_000_frame_047,pck_object_0017,pck_object_0017_part_000,pck_object_0017_part_000_choice_000,0,0,47,0x0015EA,4,5,0x0015EC,0405FF0708090AFF,FF0708090AFF05070A02FF04080705FF
C:/Users/MadCat/Documents/GitHub/MechwarriorRecomp/research/extract/decoded_pck/HAMPCK_TBL.decoded.bin,pck_object_0017_part_000_choice_000_frame_048,pck_object_0017,pck_object_0017_part_000,pck_object_0017_part_000_choice_000,0,0,48,0x0015F2,5,7,0x0015F4,05070A02FF040807,0A02FF04080705FF03090804FF020A09
C:/Users/MadCat/Documents/GitHub/MechwarriorRecomp/research/extract/decoded_pck/HAMPCK_TBL.decoded.bin,pck_object_0017_part_000_choice_000_frame_049,pck_object_0017,pck_object_0017_part_000,pck_object_0017_part_000_choice_000,0,0,49,0x0015FA,5,255,0x0015FC,05FF03090804FF02,03090804FF020A0903FF800051010000
C:/Users/MadCat/Documents/GitHub/MechwarriorRecomp/research/extract/decoded_pck/HAMPCK_TBL.decoded.bin,pck_object_0017_part_000_choice_000_frame_050,pck_object_0017,pck_object_0017_part_000,pck_object_0017_part_000_choice_000,0,0,50,0x001602,10,9,0x001604,0A0903FF80005101,03FF8000510100000000000001001400
C:/Users/MadCat/Documents/GitHub/MechwarriorRecomp/research/extract/decoded_pck/HAMPCK_TBL.decoded.bin,pck_object_0017_part_000_choice_000_frame_051,pck_object_0017,pck_object_0017_part_000,pck_object_0017_part_000_choice_000,0,0,51,0x00160A,0,0,0x00160C,0000000000000100,0000000001001400000F1C0001007600
C:/Users/MadCat/Documents/GitHub/MechwarriorRecomp/research/extract/decoded_pck/HAMPCK_TBL.decoded.bin,pck_object_0017_part_000_choice_000_frame_052,pck_object_0017,pck_object_0017_part_000,pck_object_0017_part_000_choice_000,0,0,52,0x001612,20,0,0x001614,1400000F1C000100,000F1C000100760039FAFFFEFEFFB3FF
C:/Users/MadCat/Documents/GitHub/MechwarriorRecomp/research/extract/decoded_pck/HAMPCK_TBL.decoded.bin,pck_object_0017_part_000_choice_000_frame_053,pck_object_0017,pck_object_0017_part_000,pck_object_0017_part_000_choice_000,0,0,53,0x00161A,118,0,0x00161C,760039FAFFFEFEFF,39FAFFFEFEFFB3FF6B01DD0714FFCAFF
C:/Users/MadCat/Documents/GitHub/MechwarriorRecomp/research/extract/decoded_pck/HAMPCK_TBL.decoded.bin,pck_object_0017_part_000_choice_000_frame_054,pck_object_0017,pck_object_0017_part_000,pck_object_0017_part_000_choice_000,0,0,54,0x001622,179,255,0x001624,B3FF6B01DD0714FF,6B01DD0714FFCAFFEB000EFFF5FFE300
C:/Users/MadCat/Documents/GitHub/MechwarriorRecomp/research/extract/decoded_pck/HAMPCK_TBL.decoded.bin,pck_object_0017_part_000_choice_000_frame_055,pck_object_0017,pck_object_0017_part_000,pck_object_0017_part_000_choice_000,0,0,55,0x00162A,202,255,0x00162C,CAFFEB000EFFF5FF,EB000EFFF5FFE3002FFFFCFFE30035FF
C:/Users/MadCat/Documents/GitHub/MechwarriorRecomp/research/extract/decoded_pck/HAMPCK_TBL.decoded.bin,pck_object_0017_part_000_choice_000_frame_056,pck_object_0017,pck_object_0017_part_000,pck_object_0017_part_000_choice_000,0,0,56,0x001632,227,0,0x001634,E3002FFFFCFFE300,2FFFFCFFE30035FFCFFFEB00330098FE
C:/Users/MadCat/Documents/GitHub/MechwarriorRecomp/research/extract/decoded_pck/HAMPCK_TBL.decoded.bin,pck_object_0017_part_000_choice_000_frame_057,pck_object_0017,pck_object_0017_part_000,pck_object_0017_part_000_choice_000,0,0,57,0x00163A,53,255,0x00163C,35FFCFFFEB003300,CFFFEB00330098FE21F840FF90FF84FF
C:/Users/MadCat/Documents/GitHub/MechwarriorRecomp/research/extract/decoded_pck/HAMPCK_TBL.decoded.bin,pck_object_0017_part_000_choice_000_frame_058,pck_object_0017,pck_object_0017_part_000,pck_object_0017_part_000_choice_000,0,0,58,0x001642,152,254,0x001644,98FE21F840FF90FF,21F840FF90FF84FF3BFFBCFF7CFF18FF
C:/Users/MadCat/Documents/GitHub/MechwarriorRecomp/research/extract/decoded_pck/HAMPCK_TBL.decoded.bin,pck_object_0017_part_000_choice_000_frame_059,pck_object_0017,pck_object_0017_part_000,pck_object_0017_part_000_choice_000,0,0,59,0x00164A,132,255,0x00164C,84FF3BFFBCFF7CFF,3BFFBCFF7CFF18FFB7FF7CFF1FFF8BFF
C:/Users/MadCat/Documents/GitHub/MechwarriorRecomp/research/extract/decoded_pck/HAMPCK_TBL.decoded.bin,pck_object_0017_part_000_choice_000_frame_060,pck_object_0017,pck_object_0017_part_000,pck_object_0017_part_000_choice_000,0,0,60,0x001652,24,255,0x001654,18FFB7FF7CFF1FFF,B7FF7CFF1FFF8BFF84FF2E0137F86701
C:/Users/MadCat/Documents/GitHub/MechwarriorRecomp/research/extract/decoded_pck/HAMPCK_TBL.decoded.bin,pck_object_0017_part_000_choice_000_frame_061,pck_object_0017,pck_object_0017_part_000,pck_object_0017_part_000_choice_000,0,0,61,0x00165A,139,255,0x00165C,8BFF84FF2E0137F8,84FF2E0137F86701F207EB001900E3FE
C:/Users/MadCat/Documents/GitHub/MechwarriorRecomp/research/extract/decoded_pck/HAMPCK_TBL.decoded.bin,pck_object_0017_part_000_choice_000_frame_062,pck_object_0017,pck_object_0017_part_000,pck_object_0017_part_000_choice_000,0,0,62,0x001662,103,1,0x001664,6701F207EB001900,F207EB001900E3FECD07A0FE1AF8BEFE
C:/Users/MadCat/Documents/GitHub/MechwarriorRecomp/research/extract/decoded_pck/HAMPCK_TBL.decoded.bin,pck_object_0017_part_000_choice_000_frame_063,pck_object_0017,pck_object_0017_part_000,pck_object_0017_part_000_choice_000,0,0,63,0x00166A,227,254,0x00166C,E3FECD07A0FE1AF8,CD07A0FE1AF8BEFEFBFF01007A000000
C:/Users/MadCat/Documents/GitHub/MechwarriorRecomp/research/extract/decoded_pck/HAMPCK_TBL.decoded.bin,pck_object_0017_part_000_choice_000_frame_064,pck_object_0017,pck_object_0017_part_000,pck_object_0017_part_000_choice_000,0,0,64,0x001672,190,254,0x001674,BEFEFBFF01007A00,FBFF01007A0000000600820004018104
C:/Users/MadCat/Documents/GitHub/MechwarriorRecomp/research/extract/decoded_pck/HAMPCK_TBL.decoded.bin,pck_object_0017_part_000_choice_000_frame_065,pck_object_0017,pck_object_0017_part_000,pck_object_0017_part_000_choice_000,0,0,65,0x00167A,0,0,0x00167C,0000060082000401,060082000401810408080801B2008104
C:/Users/MadCat/Documents/GitHub/MechwarriorRecomp/research/extract/decoded_pck/HAMPCK_TBL.decoded.bin,pck_object_0017_part_000_choice_000_frame_066,pck_object_0017,pck_object_0017_part_000,pck_object_0017_part_000_choice_000,0,0,66,0x001682,129,4,0x001684,810408080801B200,08080801B200810408000806B7008104
C:/Users/MadCat/Documents/GitHub/MechwarriorRecomp/research/extract/decoded_pck/HAMPCK_TBL.decoded.bin,pck_object_0017_part_000_choice_000_frame_067,pck_object_0017,pck_object_0017_part_000,pck_object_0017_part_000_choice_000,0,0,67,0x00168A,129,4,0x00168C,810408000806B700,08000806B70081040800000BBC008104
C:/Users/MadCat/Documents/GitHub/MechwarriorRecomp/research/extract/decoded_pck/HAMPCK_TBL.decoded.bin,pck_object_0017_part_000_choice_000_frame_068,pck_object_0017,pck_object_0017_part_000,pck_object_0017_part_000_choice_000,0,0,68,0x001692,129,4,0x001694,81040800000BBC00,0800000BBC0081040808080CC1008104
C:/Users/MadCat/Documents/GitHub/MechwarriorRecomp/research/extract/decoded_pck/HAMPCK_TBL.decoded.bin,pck_object_0017_part_000_choice_000_frame_069,pck_object_0017,pck_object_0017_part_000,pck_object_0017_part_000_choice_000,0,0,69,0x00169A,129,4,0x00169C,81040808080CC100,0808080CC10081040800000DC6008104
C:/Users/MadCat/Documents/GitHub/MechwarriorRecomp/research/extract/decoded_pck/HAMPCK_TBL.decoded.bin,pck_object_0017_part_000_choice_000_frame_070,pck_object_0017,pck_object_0017_part_000,pck_object_0017_part_000_choice_000,0,0,70,0x0016A2,129,4,0x0016A4,81040800000DC600,0800000DC60081040808080ECB000203
C:/Users/MadCat/Documents/GitHub/MechwarriorRecomp/research/extract/decoded_pck/HAMPCK_TBL.decoded.bin,pck_object_0017_part_000_choice_000_frame_071,pck_object_0017,pck_object_0017_part_000,pck_object_0017_part_000_choice_000,0,0,71,0x0016AA,129,4,0x0016AC,81040808080ECB00,0808080ECB0002030405FF0708090AFF
C:/Users/MadCat/Documents/GitHub/MechwarriorRecomp/research/extract/decoded_pck/HAMPCK_TBL.decoded.bin,pck_object_0017_part_000_choice_000_frame_072,pck_object_0017,pck_object_0017_part_000,pck_object_0017_part_000_choice_000,0,0,72,0x0016B2,2,3,0x0016B4,02030405FF070809,0405FF0708090AFF05070A02FF040807
C:/Users/MadCat/Documents/GitHub/MechwarriorRecomp/research/extract/decoded_pck/HAMPCK_TBL.decoded.bin,pck_object_0017_part_000_choice_000_frame_073,pck_object_0017,pck_object_0017_part_000,pck_object_0017_part_000_choice_000,0,0,73,0x0016BA,10,255,0x0016BC,0AFF05070A02FF04,05070A02FF04080705FF03090804FF02
C:/Users/MadCat/Documents/GitHub/MechwarriorRecomp/research/extract/decoded_pck/HAMPCK_TBL.decoded.bin,pck_object_0017_part_000_choice_000_frame_074,pck_object_0017,pck_object_0017_part_000,pck_object_0017_part_000_choice_000,0,0,74,0x0016C2,8,7,0x0016C4,080705FF03090804,05FF03090804FF020A0903FF80005201
C:/Users/MadCat/Documents/GitHub/MechwarriorRecomp/research/extract/decoded_pck/HAMPCK_TBL.decoded.bin,pck_object_0017_part_000_choice_000_frame_075,pck_object_0017,pck_object_0017_part_000,pck_object_0017_part_000_choice_000,0,0,75,0x0016CA,255,2,0x0016CC,FF020A0903FF8000,0A0903FF800052010000000000000100
C:/Users/MadCat/Documents/GitHub/MechwarriorRecomp/research/extract/decoded_pck/HAMPCK_TBL.decoded.bin,pck_object_0017_part_000_choice_000_frame_076,pck_object_0017,pck_object_0017_part_000,pck_object_0017_part_000_choice_000,0,0,76,0x0016D2,82,1,0x0016D4,5201000000000000,00000000000001000E00000F16000100
C:/Users/MadCat/Documents/GitHub/MechwarriorRecomp/research/extract/decoded_pck/HAMPCK_TBL.decoded.bin,pck_object_0017_part_000_choice_000_frame_077,pck_object_0017,pck_object_0017_part_000,pck_object_0017_part_000_choice_000,0,0,77,0x0016DA,1,0,0x0016DC,01000E00000F1600,0E00000F16000100700029FA7FFFFEFF
C:/Users/MadCat/Documents/GitHub/MechwarriorRecomp/research/extract/decoded_pck/HAMPCK_TBL.decoded.bin,pck_object_0017_part_000_choice_000_frame_078,pck_object_0017,pck_object_0017_part_000,pck_object_0017_part_000_choice_000,0,0,78,0x0016E2,1,0,0x0016E4,0100700029FA7FFF,700029FA7FFFFEFFC4FFAD0288070FFF
C:/Users/MadCat/Documents/GitHub/MechwarriorRecomp/research/extract/decoded_pck/HAMPCK_TBL.decoded.bin,pck_object_0017_part_000_choice_000_frame_079,pck_object_0017,pck_object_0017_part_000,pck_object_0017_part_000_choice_000,0,0,79,0x0016EA,254,255,0x0016EC,FEFFC4FFAD028807,C4FFAD0288070FFFE8FFEC000DFF1200
C:/Users/MadCat/Documents/GitHub/MechwarriorRecomp/research/extract/decoded_pck/HAMPCK_TBL.decoded.bin,pck_object_0017_part_000_choice_000_frame_080,pck_object_0017,pck_object_0017_part_000,pck_object_0017_part_000_choice_000,0,0,80,0x0016F2,15,255,0x0016F4,0FFFE8FFEC000DFF,E8FFEC000DFF1200DD002FFF1500DD00
C:/Users/MadCat/Documents/GitHub/MechwarriorRecomp/research/extract/decoded_pck/HAMPCK_TBL.decoded.bin,pck_object_0017_part_000_choice_000_frame_081,pck_object_0017,pck_object_0017_part_000,pck_object_0017_part_000_choice_000,0,0,81,0x0016FA,18,0,0x0016FC,1200DD002FFF1500,DD002FFF1500DD0032FFECFFEC003B00
C:/Users/MadCat/Documents/GitHub/MechwarriorRecomp/research/extract/decoded_pck/HAMPCK_TBL.decoded.bin,pck_object_0017_part_000_choice_000_frame_082,pck_object_0017,pck_object_0017_part_000,pck_object_0017_part_000_choice_000,0,0,82,0x001702,221,0,0x001704,DD0032FFECFFEC00,32FFECFFEC003B0047FD7CF83DFF6EFF
C:/Users/MadCat/Documents/GitHub/MechwarriorRecomp/research/extract/decoded_pck/HAMPCK_TBL.decoded.bin,pck_object_0017_part_000_choice_000_frame_083,pck_object_0017,pck_object_0017_part_000,pck_object_0017_part_000_choice_000,0,0,83,0x00170A,59,0,0x00170C,3B0047FD7CF83DFF,47FD7CF83DFF6EFF96FF3BFF9AFF86FF
C:/Users/MadCat/Documents/GitHub/MechwarriorRecomp/research/extract/decoded_pck/HAMPCK_TBL.decoded.bin,pck_object_0017_part_000_choice_000_frame_084,pck_object_0017,pck_object_0017_part_000,pck_object_0017_part_000_choice_000,0,0,84,0x001712,110,255,0x001714,6EFF96FF3BFF9AFF,96FF3BFF9AFF86FF18FF97FF86FF1BFF
C:/Users/MadCat/Documents/GitHub/MechwarriorRecomp/research/extract/decoded_pck/HAMPCK_TBL.decoded.bin,pck_object_0017_part_000_choice_000_frame_085,pck_object_0017,pck_object_0017_part_000,pck_object_0017_part_000_choice_000,0,0,85,0x00171A,134,255,0x00171C,86FF18FF97FF86FF,18FF97FF86FF1BFF6CFF96FF700083F8
C:/Users/MadCat/Documents/GitHub/MechwarriorRecomp/research/extract/decoded_pck/HAMPCK_TBL.decoded.bin,pck_object_0017_part_000_choice_000_frame_086,pck_object_0017,pck_object_0017_part_000,pck_object_0017_part_000_choice_000,0,0,86,0x001722,27,255,0x001724,1BFF6CFF96FF7000,6CFF96FF700083F8C602FD0769002100
C:/Users/MadCat/Documents/GitHub/MechwarriorRecomp/research/extract/decoded_pck/HAMPCK_TBL.decoded.bin,pck_object_0017_part_000_choice_000_frame_087,pck_object_0017,pck_object_0017_part_000,pck_object_0017_part_000_choice_000,0,0,87,0x00172A,131,248,0x00172C,83F8C602FD076900,C602FD07690021005CFF7F074BFD06F8
C:/Users/MadCat/Documents/GitHub/MechwarriorRecomp/research/extract/decoded_pck/HAMPCK_TBL.decoded.bin,pck_object_0017_part_000_choice_000_frame_088,pck_object_0017,pck_object_0017_part_000,pck_object_0017_part_000_choice_000,0,0,88,0x001732,33,0,0x001734,21005CFF7F074BFD,5CFF7F074BFD06F86BFFEFFF01007400
C:/Users/MadCat/Documents/GitHub/MechwarriorRecomp/research/extract/decoded_pck/HAMPCK_TBL.decoded.bin,pck_object_0017_part_000_choice_000_frame_089,pck_object_0017,pck_object_0017_part_000,pck_object_0017_part_000_choice_000,0,0,89,0x00173A,6,248,0x00173C,06F86BFFEFFF0100,6BFFEFFF01007400000006007C000401
C:/Users/MadCat/Documents/GitHub/MechwarriorRecomp/research/extract/decoded_pck/HAMPCK_TBL.decoded.bin,pck_object_0017_part_000_choice_000_frame_090,pck_object_0017,pck_object_0017_part_000,pck_object_0017_part_000_choice_000,0,0,90,0x001742,116,0,0x001744,7400000006007C00,000006007C000401810408080801AC00
C:/Users/MadCat/Documents/GitHub/MechwarriorRecomp/research/extract/decoded_pck/HAMPCK_TBL.decoded.bin,pck_object_0017_part_000_choice_000_frame_091,pck_object_0017,pck_object_0017_part_000,pck_object_0017_part_000_choice_000,0,0,91,0x00174A,4,1,0x00174C,0401810408080801,810408080801AC00810408000806B100
C:/Users/MadCat/Documents/GitHub/MechwarriorRecomp/research/extract/decoded_pck/HAMPCK_TBL.decoded.bin,pck_object_0017_part_000_choice_000_frame_092,pck_object_0017,pck_object_0017_part_000,pck_object_0017_part_000_choice_000,0,0,92,0x001752,172,0,0x001754,AC00810408000806,810408000806B10081040800000BB600
C:/Users/MadCat/Documents/GitHub/MechwarriorRecomp/research/extract/decoded_pck/HAMPCK_TBL.decoded.bin,pck_object_0017_part_000_choice_000_frame_093,pck_object_0017,pck_object_0017_part_000,pck_object_0017_part_000_choice_000,0,0,93,0x00175A,177,0,0x00175C,B10081040800000B,81040800000BB60081040808080CBB00
C:/Users/MadCat/Documents/GitHub/MechwarriorRecomp/research/extract/decoded_pck/HAMPCK_TBL.decoded.bin,pck_object_0017_part_000_choice_000_frame_094,pck_object_0017,pck_object_0017_part_000,pck_object_0017_part_000_choice_000,0,0,94,0x001762,182,0,0x001764,B60081040808080C,81040808080CBB0081040800000DC000
C:/Users/MadCat/Documents/GitHub/MechwarriorRecomp/research/extract/decoded_pck/HAMPCK_TBL.decoded.bin,pck_object_0017_part_000_choice_000_frame_095,pck_object_0017,pck_object_0017_part_000,pck_object_0017_part_000_choice_000,0,0,95,0x00176A,187,0,0x00176C,BB0081040800000D,81040800000DC00081040808080EC500
C:/Users/MadCat/Documents/GitHub/MechwarriorRecomp/research/extract/decoded_pck/HAMPCK_TBL.decoded.bin,pck_object_0017_part_000_choice_000_frame_096,pck_object_0017,pck_object_0017_part_000,pck_object_0017_part_000_choice_000,0,0,96,0x001772,192,0,0x001774,C00081040808080E,81040808080EC50002030405FF070809
C:/Users/MadCat/Documents/GitHub/MechwarriorRecomp/research/extract/decoded_pck/HAMPCK_TBL.decoded.bin,pck_object_0017_part_000_choice_000_frame_097,pck_object_0017,pck_object_0017_part_000,pck_object_0017_part_000_choice_000,0,0,97,0x00177A,197,0,0x00177C,C50002030405FF07,02030405FF0708090AFF05070A02FF04
C:/Users/MadCat/Documents/GitHub/MechwarriorRecomp/research/extract/decoded_pck/HAMPCK_TBL.decoded.bin,pck_object_0017_part_000_choice_000_frame_098,pck_object_0017,pck_object_0017_part_000,pck_object_0017_part_000_choice_000,0,0,98,0x001782,8,9,0x001784,08090AFF05070A02,0AFF05070A02FF04080705FF03090804
C:/Users/MadCat/Documents/GitHub/MechwarriorRecomp/research/extract/decoded_pck/HAMPCK_TBL.decoded.bin,pck_object_0017_part_000_choice_000_frame_099,pck_object_0017,pck_object_0017_part_000,pck_object_0017_part_000_choice_000,0,0,99,0x00178A,255,4,0x00178C,FF04080705FF0309,080705FF03090804FF020A0903FF8000
C:/Users/MadCat/Documents/GitHub/MechwarriorRecomp/research/extract/decoded_pck/HAMPCK_TBL.decoded.bin,pck_object_0017_part_000_choice_000_frame_100,pck_object_0017,pck_object_0017_part_000,pck_object_0017_part_000_choice_000,0,0,100,0x001792,8,4,0x001794,0804FF020A0903FF,FF020A0903FF80005001000000000000
C:/Users/MadCat/Documents/GitHub/MechwarriorRecomp/research/extract/decoded_pck/HAMPCK_TBL.decoded.bin,pck_object_0017_part_000_choice_000_frame_101,pck_object_0017,pck_object_0017_part_000,pck_object_0017_part_000_choice_000,0,0,101,0x00179A,128,0,0x00179C,8000500100000000,500100000000000001001800000F2000
C:/Users/MadCat/Documents/GitHub/MechwarriorRecomp/research/extract/decoded_pck/HAMPCK_TBL.decoded.bin,pck_object_0017_part_000_choice_000_frame_102,pck_object_0017,pck_object_0017_part_000,pck_object_0017_part_000_choice_000,0,0,102,0x0017A2,0,0,0x0017A4,000001001800000F,01001800000F200001007A0024FA0000
C:/Users/MadCat/Documents/GitHub/MechwarriorRecomp/research/extract/decoded_pck/HAMPCK_TBL.decoded.bin,pck_object_0017_part_000_choice_000_frame_103,pck_object_0017,pck_object_0017_part_000,pck_object_0017_part_000_choice_000,0,0,103,0x0017AA,32,0,0x0017AC,200001007A0024FA,01007A0024FA0000FEFF00006E01DE07
C:/Users/MadCat/Documents/GitHub/MechwarriorRecomp/research/extract/decoded_pck/HAMPCK_TBL.decoded.bin,pck_object_0017_part_000_choice_000_frame_104,pck_object_0017,pck_object_0017_part_000,pck_object_0017_part_000_choice_000,0,0,104,0x0017B2,0,0,0x0017B4,0000FEFF00006E01,FEFF00006E01DE070FFFF4FFEB0010FF
C:/Users/MadCat/Documents/GitHub/MechwarriorRecomp/research/extract/decoded_pck/HAMPCK_TBL.decoded.bin,pck_object_0017_part_000_choice_000_frame_105,pck_object_0017,pck_object_0017_part_000,pck_object_0017_part_000_choice_000,0,0,105,0x0017BA,222,7,0x0017BC,DE070FFFF4FFEB00,0FFFF4FFEB0010FF2000E30033FF2000
C:/Users/MadCat/Documents/GitHub/MechwarriorRecomp/research/extract/decoded_pck/HAMPCK_TBL.decoded.bin,pck_object_0017_part_000_choice_000_frame_106,pck_object_0017,pck_object_0017_part_000,pck_object_0017_part_000_choice_000,0,0,106,0x0017C2,16,255,0x0017C4,10FF2000E30033FF,2000E30033FF2000E30032FFF4FFEB00
C:/Users/MadCat/Documents/GitHub/MechwarriorRecomp/research/extract/decoded_pck/HAMPCK_TBL.decoded.bin,pck_object_0017_part_000_choice_000_frame_107,pck_object_0017,pck_object_0017_part_000,pck_object_0017_part_000_choice_000,0,0,107,0x0017CA,32,0,0x0017CC,2000E30032FFF4FF,E30032FFF4FFEB00000092FE22F832FF
C:/Users/MadCat/Documents/GitHub/MechwarriorRecomp/research/extract/decoded_pck/HAMPCK_TBL.decoded.bin,pck_object_0017_part_000_choice_000_frame_108,pck_object_0017,pck_object_0017_part_000,pck_object_0017_part_000_choice_000,0,0,108,0x0017D2,235,0,0x0017D4,EB00000092FE22F8,000092FE22F832FFB4FF84FF33FFE0FF
C:/Users/MadCat/Documents/GitHub/MechwarriorRecomp/research/extract/decoded_pck/HAMPCK_TBL.decoded.bin,pck_object_0017_part_000_choice_000_frame_109,pck_object_0017,pck_object_0017_part_000,pck_object_0017_part_000_choice_000,0,0,109,0x0017DA,50,255,0x0017DC,32FFB4FF84FF33FF,B4FF84FF33FFE0FF7CFF10FFE0FF7CFF
C:/Users/MadCat/Documents/GitHub/MechwarriorRecomp/research/extract/decoded_pck/HAMPCK_TBL.decoded.bin,pck_object_0017_part_000_choice_000_frame_110,pck_object_0017,pck_object_0017_part_000,pck_object_0017_part_000_choice_000,0,0,110,0x0017E2,224,255,0x0017E4,E0FF7CFF10FFE0FF,7CFF10FFE0FF7CFF0FFFB4FF84FF0000
C:/Users/MadCat/Documents/GitHub/MechwarriorRecomp/research/extract/decoded_pck/HAMPCK_TBL.decoded.bin,pck_object_0017_part_000_choice_000_frame_111,pck_object_0017,pck_object_0017_part_000,pck_object_0017_part_000_choice_000,0,0,111,0x0017EA,124,255,0x0017EC,7CFF0FFFB4FF84FF,0FFFB4FF84FF000020F86701FF07D3FF
C:/Users/MadCat/Documents/GitHub/MechwarriorRecomp/research/extract/decoded_pck/HAMPCK_TBL.decoded.bin,pck_object_0017_part_000_choice_000_frame_112,pck_object_0017,pck_object_0017_part_000,pck_object_0017_part_000_choice_000,0,0,112,0x0017F2,0,0,0x0017F4,000020F86701FF07,20F86701FF07D3FF08000000E00799FE
C:/Users/MadCat/Documents/GitHub/MechwarriorRecomp/research/extract/decoded_pck/HAMPCK_TBL.decoded.bin,pck_object_0017_part_000_choice_000_frame_113,pck_object_0017,pck_object_0017_part_000,pck_object_0017_part_000_choice_000,0,0,113,0x0017FA,211,255,0x0017FC,D3FF08000000E007,08000000E00799FE01F82D00F8FF0100
C:/Users/MadCat/Documents/GitHub/MechwarriorRecomp/research/extract/decoded_pck/HAMPCK_TBL.decoded.bin,pck_object_0017_part_000_choice_000_frame_114,pck_object_0017,pck_object_0017_part_000,pck_object_0017_part_000_choice_000,0,0,114,0x001802,153,254,0x001804,99FE01F82D00F8FF,01F82D00F8FF01007E00000006008600
C:/Users/MadCat/Documents/GitHub/MechwarriorRecomp/research/extract/decoded_pck/HAMPCK_TBL.decoded.bin,pck_object_0017_part_000_choice_000_frame_115,pck_object_0017,pck_object_0017_part_000,pck_object_0017_part_000_choice_000,0,0,115,0x00180A,1,0,0x00180C,01007E0000000600,7E000000060086000401810408080801
C:/Users/MadCat/Documents/GitHub/MechwarriorRecomp/research/extract/decoded_pck/HAMPCK_TBL.decoded.bin,pck_object_0017_part_000_choice_000_frame_116,pck_object_0017,pck_object_0017_part_000,pck_object_0017_part_000_choice_000,0,0,116,0x001812,134,0,0x001814,8600040181040808,0401810408080801B600810408000806
C:/Users/MadCat/Documents/GitHub/MechwarriorRecomp/research/extract/decoded_pck/HAMPCK_TBL.decoded.bin,pck_object_0017_part_000_choice_000_frame_117,pck_object_0017,pck_object_0017_part_000,pck_object_0017_part_000_choice_000,0,0,117,0x00181A,8,1,0x00181C,0801B60081040800,B600810408000806BB0081040800000B
C:/Users/MadCat/Documents/GitHub/MechwarriorRecomp/research/extract/decoded_pck/HAMPCK_TBL.decoded.bin,pck_object_0019_part_000_choice_000_frame_000,pck_object_0019,pck_object_0019_part_000,pck_object_0019_part_000_choice_000,0,0,0,0x001688,178,0,0x00168A,B200810408000806,810408000806B70081040800000BBC00
C:/Users/MadCat/Documents/GitHub/MechwarriorRecomp/research/extract/decoded_pck/HAMPCK_TBL.decoded.bin,pck_object_0019_part_000_choice_000_frame_001,pck_object_0019,pck_object_0019_part_000,pck_object_0019_part_000_choice_000,0,0,1,0x001690,183,0,0x001692,B70081040800000B,81040800000BBC0081040808080CC100
C:/Users/MadCat/Documents/GitHub/MechwarriorRecomp/research/extract/decoded_pck/HAMPCK_TBL.decoded.bin,pck_object_0019_part_000_choice_000_frame_002,pck_object_0019,pck_object_0019_part_000,pck_object_0019_part_000_choice_000,0,0,2,0x001698,188,0,0x00169A,BC0081040808080C,81040808080CC10081040800000DC600
C:/Users/MadCat/Documents/GitHub/MechwarriorRecomp/research/extract/decoded_pck/HAMPCK_TBL.decoded.bin,pck_object_0019_part_000_choice_000_frame_003,pck_object_0019,pck_object_0019_part_000,pck_object_0019_part_000_choice_000,0,0,3,0x0016A0,193,0,0x0016A2,C10081040800000D,81040800000DC60081040808080ECB00
C:/Users/MadCat/Documents/GitHub/MechwarriorRecomp/research/extract/decoded_pck/HAMPCK_TBL.decoded.bin,pck_object_0019_part_000_choice_000_frame_004,pck_object_0019,pck_object_0019_part_000,pck_object_0019_part_000_choice_000,0,0,4,0x0016A8,198,0,0x0016AA,C60081040808080E,81040808080ECB0002030405FF070809
C:/Users/MadCat/Documents/GitHub/MechwarriorRecomp/research/extract/decoded_pck/HAMPCK_TBL.decoded.bin,pck_object_0019_part_000_choice_000_frame_005,pck_object_0019,pck_object_0019_part_000,pck_object_0019_part_000_choice_000,0,0,5,0x0016B0,203,0,0x0016B2,CB0002030405FF07,02030405FF0708090AFF05070A02FF04
C:/Users/MadCat/Documents/GitHub/MechwarriorRecomp/research/extract/decoded_pck/HAMPCK_TBL.decoded.bin,pck_object_0020_part_000_choice_000_frame_000,pck_object_0020,pck_object_0020_part_000,pck_object_0020_part_000_choice_000,0,0,0,0x001744,0,0,0x001746,000006007C000401,06007C000401810408080801AC008104
C:/Users/MadCat/Documents/GitHub/MechwarriorRecomp/research/extract/decoded_pck/HAMPCK_TBL.decoded.bin,pck_object_0026_part_000_choice_000_frame_000,pck_object_0026,pck_object_0026_part_000,pck_object_0026_part_000_choice_000,0,0,0,0x002186,0,0,0x002188,00000600FE009FFE,0600FE009FFE8108080808012E018107
C:/Users/MadCat/Documents/GitHub/MechwarriorRecomp/research/extract/decoded_pck/HAMPCK_TBL.decoded.bin,pck_object_0026_part_001_choice_000_frame_000,pck_object_0026,pck_object_0026_part_001,pck_object_0026_part_001_choice_000,1,0,0,0x0021E2,0,0,0x0021E4,000004005A018401,04005A0184018100000000017A018108
C:/Users/MadCat/Documents/GitHub/MechwarriorRecomp/research/extract/decoded_pck/HAMPCK_TBL.decoded.bin,pck_object_0026_part_002_choice_000_frame_000,pck_object_0026,pck_object_0026_part_002,pck_object_0026_part_002_choice_000,2,0,0,0x002222,0,0,0x002224,000005009A010000,05009A010000810000000019C2018100
C:/Users/MadCat/Documents/GitHub/MechwarriorRecomp/research/extract/decoded_pck/HAMPCK_TBL.decoded.bin,pck_object_0028_part_000_choice_000_frame_000,pck_object_0028,pck_object_0028_part_000,pck_object_0028_part_000_choice_000,0,0,0,0x002556,64,1,0x002558,4001810707070707,8107070707074601810C0C0C0C0D4C01
C:/Users/MadCat/Documents/GitHub/MechwarriorRecomp/research/extract/decoded_pck/HAMPCK_TBL.decoded.bin,pck_object_0028_part_000_choice_000_frame_001,pck_object_0028,pck_object_0028_part_000,pck_object_0028_part_000_choice_000,0,0,1,0x00255E,70,1,0x002560,4601810C0C0C0C0D,810C0C0C0C0D4C01810F0F0F0F0E5101
C:/Users/MadCat/Documents/GitHub/MechwarriorRecomp/research/extract/decoded_pck/HAMPCK_TBL.decoded.bin,pck_object_0028_part_000_choice_000_frame_002,pck_object_0028,pck_object_0028_part_000,pck_object_0028_part_000_choice_000,0,0,2,0x002566,76,1,0x002568,4C01810F0F0F0F0E,810F0F0F0F0E510181080808080F5601
C:/Users/MadCat/Documents/GitHub/MechwarriorRecomp/research/extract/decoded_pck/HAMPCK_TBL.decoded.bin,pck_object_0028_part_000_choice_000_frame_003,pck_object_0028,pck_object_0028_part_000,pck_object_0028_part_000_choice_000,0,0,3,0x00256E,81,1,0x002570,510181080808080F,81080808080F56018104040404105B01
C:/Users/MadCat/Documents/GitHub/MechwarriorRecomp/research/extract/decoded_pck/HAMPCK_TBL.decoded.bin,pck_object_0028_part_000_choice_000_frame_004,pck_object_0028,pck_object_0028_part_000,pck_object_0028_part_000_choice_000,0,0,4,0x002576,86,1,0x002578,5601810404040410,8104040404105B010203040506FF0809
C:/Users/MadCat/Documents/GitHub/MechwarriorRecomp/research/extract/decoded_pck/HAMPCK_TBL.decoded.bin,pck_object_0028_part_000_choice_000_frame_005,pck_object_0028,pck_object_0028_part_000,pck_object_0028_part_000_choice_000,0,0,5,0x00257E,91,1,0x002580,5B010203040506FF,0203040506FF08090A0B0CFF06080C02
C:/Users/MadCat/Documents/GitHub/MechwarriorRecomp/research/extract/decoded_pck/HAMPCK_TBL.decoded.bin,pck_object_0028_part_001_choice_000_frame_000,pck_object_0028,pck_object_0028_part_001,pck_object_0028_part_001_choice_000,1,0,0,0x0025B2,140,1,0x0025B4,8C01810808080815,81080808081591018104040404189601
C:/Users/MadCat/Documents/GitHub/MechwarriorRecomp/research/extract/decoded_pck/HAMPCK_TBL.decoded.bin,pck_object_0028_part_001_choice_000_frame_001,pck_object_0028,pck_object_0028_part_001,pck_object_0028_part_001_choice_000,1,0,1,0x0025BA,145,1,0x0025BC,9101810404040418,81040404041896018107070707199B01
C:/Users/MadCat/Documents/GitHub/MechwarriorRecomp/research/extract/decoded_pck/HAMPCK_TBL.decoded.bin,pck_object_0028_part_001_choice_000_frame_002,pck_object_0028,pck_object_0028_part_001,pck_object_0028_part_001_choice_000,1,0,2,0x0025C2,150,1,0x0025C4,9601810707070719,8107070707199B0104131405FF091617
C:/Users/MadCat/Documents/GitHub/MechwarriorRecomp/research/extract/decoded_pck/HAMPCK_TBL.decoded.bin,pck_object_0028_part_001_choice_000_frame_003,pck_object_0028,pck_object_0028_part_001,pck_object_0028_part_001_choice_000,1,0,3,0x0025CA,155,1,0x0025CC,9B0104131405FF09,04131405FF0916170AFF040A1713FF14
C:/Users/MadCat/Documents/GitHub/MechwarriorRecomp/research/extract/decoded_pck/HAMPCK_TBL.decoded.bin,pck_object_0028_part_002_choice_000_frame_000,pck_object_0028,pck_object_0028_part_002,pck_object_0028_part_002_choice_000,2,0,0,0x0025F2,212,1,0x0025F4,D40181000000001E,81000000001ED901810000000020DE01
C:/Users/MadCat/Documents/GitHub/MechwarriorRecomp/research/extract/decoded_pck/HAMPCK_TBL.decoded.bin,pck_object_0028_part_002_choice_000_frame_001,pck_object_0028,pck_object_0028_part_002,pck_object_0028_part_002_choice_000,2,0,1,0x0025FA,217,1,0x0025FC,D901810000000020,810000000020DE01810000000022E301
C:/Users/MadCat/Documents/GitHub/MechwarriorRecomp/research/extract/decoded_pck/HAMPCK_TBL.decoded.bin,pck_object_0028_part_002_choice_000_frame_002,pck_object_0028,pck_object_0028_part_002,pck_object_0028_part_002_choice_000,2,0,2,0x002602,222,1,0x002604,DE01810000000022,810000000022E301810000000023E801
C:/Users/MadCat/Documents/GitHub/MechwarriorRecomp/research/extract/decoded_pck/HAMPCK_TBL.decoded.bin,pck_object_0028_part_002_choice_000_frame_003,pck_object_0028,pck_object_0028_part_002,pck_object_0028_part_002_choice_000,2,0,3,0x00260A,227,1,0x00260C,E301810000000023,810000000023E801141C1D16FF161D1F
C:/Users/MadCat/Documents/GitHub/MechwarriorRecomp/research/extract/decoded_pck/HAMPCK_TBL.decoded.bin,pck_object_0028_part_002_choice_000_frame_004,pck_object_0028,pck_object_0028_part_002,pck_object_0028_part_002_choice_000,2,0,4,0x002612,232,1,0x002614,E801141C1D16FF16,141C1D16FF161D1F17FF1C141321FF13
C:/Users/MadCat/Documents/GitHub/MechwarriorRecomp/research/extract/decoded_pck/HAMPCK_TBL.decoded.bin,pck_object_0030_part_000_choice_000_frame_000,pck_object_0030,pck_object_0030_part_000,pck_object_0030_part_000_choice_000,0,0,0,0x002916,0,0,0x002918,00000600FE00F5FE,0600FE00F5FE8107070707012E018108
C:/Users/MadCat/Documents/GitHub/MechwarriorRecomp/research/extract/decoded_pck/HAMPCK_TBL.decoded.bin,pck_object_0030_part_001_choice_000_frame_000,pck_object_0030,pck_object_0030_part_001,pck_object_0030_part_001_choice_000,1,0,0,0x002972,0,0,0x002974,000004005A010C0B,04005A010C0B8108080808017A018100
C:/Users/MadCat/Documents/GitHub/MechwarriorRecomp/research/extract/decoded_pck/HAMPCK_TBL.decoded.bin,pck_object_0030_part_002_choice_000_frame_000,pck_object_0030,pck_object_0030_part_002,pck_object_0030_part_002_choice_000,2,0,0,0x0029B2,0,0,0x0029B4,000005009A011718,05009A011718810000000019C2018100
C:/Users/MadCat/Documents/GitHub/MechwarriorRecomp/research/extract/decoded_pck/HAMPCK_TBL.decoded.bin,pck_object_0032_part_000_choice_000_frame_000,pck_object_0032,pck_object_0032_part_000,pck_object_0032_part_000_choice_000,0,0,0,0x002CF2,76,1,0x002CF4,4C01810808080807,8108080808075201810C0C0C0C0D5801
C:/Users/MadCat/Documents/GitHub/MechwarriorRecomp/research/extract/decoded_pck/HAMPCK_TBL.decoded.bin,pck_object_0032_part_000_choice_000_frame_001,pck_object_0032,pck_object_0032_part_000,pck_object_0032_part_000_choice_000,0,0,1,0x002CFA,82,1,0x002CFC,5201810C0C0C0C0D,810C0C0C0C0D5801810F0F0F0F0E5D01
C:/Users/MadCat/Documents/GitHub/MechwarriorRecomp/research/extract/decoded_pck/HAMPCK_TBL.decoded.bin,pck_object_0032_part_000_choice_000_frame_002,pck_object_0032,pck_object_0032_part_000,pck_object_0032_part_000_choice_000,0,0,2,0x002D02,88,1,0x002D04,5801810F0F0F0F0E,810F0F0F0F0E5D0181080808080F6201
C:/Users/MadCat/Documents/GitHub/MechwarriorRecomp/research/extract/decoded_pck/HAMPCK_TBL.decoded.bin,pck_object_0032_part_000_choice_000_frame_003,pck_object_0032,pck_object_0032_part_000,pck_object_0032_part_000_choice_000,0,0,3,0x002D0A,93,1,0x002D0C,5D0181080808080F,81080808080F62018104040404106701
C:/Users/MadCat/Documents/GitHub/MechwarriorRecomp/research/extract/decoded_pck/HAMPCK_TBL.decoded.bin,pck_object_0032_part_000_choice_000_frame_004,pck_object_0032,pck_object_0032_part_000,pck_object_0032_part_000_choice_000,0,0,4,0x002D12,98,1,0x002D14,6201810404040410,81040404041067010203040506FF0809
C:/Users/MadCat/Documents/GitHub/MechwarriorRecomp/research/extract/decoded_pck/HAMPCK_TBL.decoded.bin,pck_object_0032_part_000_choice_000_frame_005,pck_object_0032,pck_object_0032_part_000,pck_object_0032_part_000_choice_000,0,0,5,0x002D1A,103,1,0x002D1C,67010203040506FF,0203040506FF08090A0B0CFF06080C02
C:/Users/MadCat/Documents/GitHub/MechwarriorRecomp/research/extract/decoded_pck/HAMPCK_TBL.decoded.bin,pck_object_0032_part_001_choice_000_frame_000,pck_object_0032,pck_object_0032_part_001,pck_object_0032_part_001_choice_000,1,0,0,0x002D4E,152,1,0x002D50,9801810000000016,8100000000169D0181040404041AA201
C:/Users/MadCat/Documents/GitHub/MechwarriorRecomp/research/extract/decoded_pck/HAMPCK_TBL.decoded.bin,pck_object_0032_part_001_choice_000_frame_001,pck_object_0032,pck_object_0032_part_001,pck_object_0032_part_001_choice_000,1,0,1,0x002D56,157,1,0x002D58,9D0181040404041A,81040404041AA20181070707071BA701
C:/Users/MadCat/Documents/GitHub/MechwarriorRecomp/research/extract/decoded_pck/HAMPCK_TBL.decoded.bin,pck_object_0032_part_001_choice_000_frame_002,pck_object_0032,pck_object_0032_part_001,pck_object_0032_part_001_choice_000,1,0,2,0x002D5E,162,1,0x002D60,A20181070707071B,81070707071BA70113141505FF091718
C:/Users/MadCat/Documents/GitHub/MechwarriorRecomp/research/extract/decoded_pck/HAMPCK_TBL.decoded.bin,pck_object_0032_part_001_choice_000_frame_003,pck_object_0032,pck_object_0032_part_001,pck_object_0032_part_001_choice_000,1,0,3,0x002D66,167,1,0x002D68,A70113141505FF09,13141505FF09171819FF13191814FF15
C:/Users/MadCat/Documents/GitHub/MechwarriorRecomp/research/extract/decoded_pck/HAMPCK_TBL.decoded.bin,pck_object_0032_part_002_choice_000_frame_000,pck_object_0032,pck_object_0032_part_002,pck_object_0032_part_002_choice_000,2,0,0,0x002D8E,224,1,0x002D90,E001810000000020,810000000020E501810000000022EA01
C:/Users/MadCat/Documents/GitHub/MechwarriorRecomp/research/extract/decoded_pck/HAMPCK_TBL.decoded.bin,pck_object_0032_part_002_choice_000_frame_001,pck_object_0032,pck_object_0032_part_002,pck_object_0032_part_002_choice_000,2,0,1,0x002D96,229,1,0x002D98,E501810000000022,810000000022EA01810000000024EF01
C:/Users/MadCat/Documents/GitHub/MechwarriorRecomp/research/extract/decoded_pck/HAMPCK_TBL.decoded.bin,pck_object_0032_part_002_choice_000_frame_002,pck_object_0032,pck_object_0032_part_002,pck_object_0032_part_002_choice_000,2,0,2,0x002D9E,234,1,0x002DA0,EA01810000000024,810000000024EF01810000000025F401
C:/Users/MadCat/Documents/GitHub/MechwarriorRecomp/research/extract/decoded_pck/HAMPCK_TBL.decoded.bin,pck_object_0032_part_002_choice_000_frame_003,pck_object_0032,pck_object_0032_part_002,pck_object_0032_part_002_choice_000,2,0,3,0x002DA6,239,1,0x002DA8,EF01810000000025,810000000025F401151E1F17FF171F21
C:/Users/MadCat/Documents/GitHub/MechwarriorRecomp/research/extract/decoded_pck/HAMPCK_TBL.decoded.bin,pck_object_0032_part_002_choice_000_frame_004,pck_object_0032,pck_object_0032_part_002,pck_object_0032_part_002_choice_000,2,0,4,0x002DAE,244,1,0x002DB0,F401151E1F17FF17,151E1F17FF171F2118FF1E151423FF14
C:/Users/MadCat/Documents/GitHub/MechwarriorRecomp/research/extract/decoded_pck/HAMPCK_TBL.decoded.bin,pck_object_0034_part_000_choice_000_frame_000,pck_object_0034,pck_object_0034_part_000,pck_object_0034_part_000_choice_000,0,0,0,0x003112,0,0,0x003114,000006003A010808,06003A0108088107070707016A018108
C:/Users/MadCat/Documents/GitHub/MechwarriorRecomp/research/extract/decoded_pck/HAMPCK_TBL.decoded.bin,pck_object_0034_part_001_choice_000_frame_000,pck_object_0034,pck_object_0034_part_001,pck_object_0034_part_001_choice_000,1,0,0,0x00316E,0,0,0x003170,0000040096011505,040096011505810808080812B6018100
C:/Users/MadCat/Documents/GitHub/MechwarriorRecomp/research/extract/decoded_pck/HAMPCK_TBL.decoded.bin,pck_object_0034_part_002_choice_000_frame_000,pck_object_0034,pck_object_0034_part_002,pck_object_0034_part_002_choice_000,2,0,0,0x0031AE,0,0,0x0031B0,00000500D6010000,0500D601000081000000001FFE018100
C:/Users/MadCat/Documents/GitHub/MechwarriorRecomp/research/extract/decoded_pck/HAMPCK_TBL.decoded.bin,pck_object_0038_part_000_choice_000_frame_000,pck_object_0038,pck_object_0038_part_000,pck_object_0038_part_000_choice_000,0,0,0,0x003A44,0,0,0x003A46,000003007C020E90,03007C020E9081040404040194028100
C:/Users/MadCat/Documents/GitHub/MechwarriorRecomp/research/extract/decoded_pck/HAMPCK_TBL.decoded.bin,pck_object_0038_part_001_choice_000_frame_000,pck_object_0038,pck_object_0038_part_001,pck_object_0038_part_001_choice_000,1,0,0,0x003A77,0,0,0x003A79,00000200AF020808,0200AF02080881070707070DBF028100
C:/Users/MadCat/Documents/GitHub/MechwarriorRecomp/research/extract/decoded_pck/HAMPCK_TBL.decoded.bin,pck_object_0038_part_002_choice_000_frame_000,pck_object_0038,pck_object_0038_part_002,pck_object_0038_part_002_choice_000,2,0,0,0x003A9D,0,0,0x003A9F,00000500D502FF01,0500D502FF01810000000012FD02810C
C:/Users/MadCat/Documents/GitHub/MechwarriorRecomp/research/extract/decoded_pck/HAMPCK_TBL.decoded.bin,pck_object_0038_part_003_choice_000_frame_000,pck_object_0038,pck_object_0038_part_003,pck_object_0038_part_003_choice_000,3,0,0,0x003AEA,0,0,0x003AEC,000005002203FF01,05002203FF0181040800001C4A038104
C:/Users/MadCat/Documents/GitHub/MechwarriorRecomp/research/extract/decoded_pck/HAMPCK_TBL.decoded.bin,pck_object_0038_part_004_choice_000_frame_000,pck_object_0038,pck_object_0038_part_004,pck_object_0038_part_004_choice_000,4,0,0,0x003B37,0,0,0x003B39,000005006F03FF01,05006F03FF0181040800002A97038104
C:/Users/MadCat/Documents/GitHub/MechwarriorRecomp/research/extract/decoded_pck/HAMPCK_TBL.decoded.bin,pck_object_0038_part_005_choice_000_frame_000,pck_object_0038,pck_object_0038_part_005,pck_object_0038_part_005_choice_000,5,0,0,0x003B84,0,0,0x003B86,00000600BC033D3C,0600BC033D3C810808000838EC038108
C:/Users/MadCat/Documents/GitHub/MechwarriorRecomp/research/extract/decoded_pck/HAMPCK_TBL.decoded.bin,pck_object_0038_part_006_choice_000_frame_000,pck_object_0038,pck_object_0038_part_006,pck_object_0038_part_006_choice_000,6,0,0,0x003BDE,0,0,0x003BE0,0000060016044645,06001604464581080800084546048108
C:/Users/MadCat/Documents/GitHub/MechwarriorRecomp/research/extract/decoded_pck/HAMPCK_TBL.decoded.bin,pck_object_0038_part_007_choice_000_frame_000,pck_object_0038,pck_object_0038_part_007,pck_object_0038_part_007_choice_000,7,0,0,0x003C38,0,0,0x003C3A,000005007004FF07,05007004FF0781000000000E98048100
C:/Users/MadCat/Documents/GitHub/MechwarriorRecomp/research/extract/decoded_pck/HAMPCK_TBL.decoded.bin,pck_object_0042_part_003_choice_000_frame_000,pck_object_0042,pck_object_0042_part_003,pck_object_0042_part_003_choice_000,3,0,0,0x00668E,8,1,0x006690,0801BA0081040800,BA00810408000806BF0081040800000B
C:/Users/MadCat/Documents/GitHub/MechwarriorRecomp/research/extract/decoded_pck/HAMPCK_TBL.decoded.bin,pck_object_0042_part_003_choice_000_frame_001,pck_object_0042,pck_object_0042_part_003,pck_object_0042_part_003_choice_000,3,0,1,0x006696,8,6,0x006698,0806BF0081040800,BF0081040800000BC40081040808080C
C:/Users/MadCat/Documents/GitHub/MechwarriorRecomp/research/extract/decoded_pck/HAMPCK_TBL.decoded.bin,pck_object_0042_part_003_choice_000_frame_002,pck_object_0042,pck_object_0042_part_003,pck_object_0042_part_003_choice_000,3,0,2,0x00669E,0,11,0x0066A0,000BC40081040808,C40081040808080CC90081040800000D
C:/Users/MadCat/Documents/GitHub/MechwarriorRecomp/research/extract/decoded_pck/HAMPCK_TBL.decoded.bin,pck_object_0042_part_003_choice_000_frame_003,pck_object_0042,pck_object_0042_part_003,pck_object_0042_part_003_choice_000,3,0,3,0x0066A6,8,12,0x0066A8,080CC90081040800,C90081040800000DCE0081040808080E
C:/Users/MadCat/Documents/GitHub/MechwarriorRecomp/research/extract/decoded_pck/HAMPCK_TBL.decoded.bin,pck_object_0042_part_003_choice_000_frame_004,pck_object_0042,pck_object_0042_part_003,pck_object_0042_part_003_choice_000,3,0,4,0x0066AE,0,13,0x0066B0,000DCE0081040808,CE0081040808080ED30002030405FF07
C:/Users/MadCat/Documents/GitHub/MechwarriorRecomp/research/extract/decoded_pck/HAMPCK_TBL.decoded.bin,pck_object_0042_part_003_choice_000_frame_005,pck_object_0042,pck_object_0042_part_003,pck_object_0042_part_003_choice_000,3,0,5,0x0066B6,8,14,0x0066B8,080ED30002030405,D30002030405FF0708090AFF05070A02
C:/Users/MadCat/Documents/GitHub/MechwarriorRecomp/research/extract/decoded_pck/HAMPCK_TBL.decoded.bin,pck_object_0042_part_003_choice_000_frame_006,pck_object_0042,pck_object_0042_part_003,pck_object_0042_part_003_choice_000,3,0,6,0x0066BE,255,7,0x0066C0,FF0708090AFF0507,08090AFF05070A02FF04080705FF0309
C:/Users/MadCat/Documents/GitHub/MechwarriorRecomp/research/extract/decoded_pck/HAMPCK_TBL.decoded.bin,pck_object_0042_part_003_choice_000_frame_007,pck_object_0042,pck_object_0042_part_003,pck_object_0042_part_003_choice_000,3,0,7,0x0066C6,10,2,0x0066C8,0A02FF04080705FF,FF04080705FF03090804FF020A0903FF
C:/Users/MadCat/Documents/GitHub/MechwarriorRecomp/research/extract/decoded_pck/HAMPCK_TBL.decoded.bin,pck_object_0042_part_004_choice_000_frame_000,pck_object_0042,pck_object_0042_part_004,pck_object_0042_part_004_choice_000,4,0,0,0x00748E,25,26,0x007490,191A1BFF131B1A14,1BFF131B1A14FF15191816FF0100D001
C:/Users/MadCat/Documents/GitHub/MechwarriorRecomp/research/extract/decoded_pck/HAMPCK_TBL.decoded.bin,pck_object_0042_part_004_choice_000_frame_001,pck_object_0042,pck_object_0042_part_004,pck_object_0042_part_004_choice_000,4,0,1,0x007496,255,21,0x007498,FF15191816FF0100,191816FF0100D00100000500D8010000
C:/Users/MadCat/Documents/GitHub/MechwarriorRecomp/research/extract/decoded_pck/HAMPCK_TBL.decoded.bin,pck_object_0042_part_004_choice_000_frame_002,pck_object_0042,pck_object_0042_part_004,pck_object_0042_part_004_choice_000,4,0,2,0x00749E,208,1,0x0074A0,D00100000500D801,00000500D801000081000000001F0002
C:/Users/MadCat/Documents/GitHub/MechwarriorRecomp/research/extract/decoded_pck/HAMPCK_TBL.decoded.bin,pck_object_0042_part_004_choice_000_frame_003,pck_object_0042,pck_object_0042_part_004,pck_object_0042_part_004_choice_000,4,0,3,0x0074A6,0,0,0x0074A8,000081000000001F,81000000001F00028100000000220502
C:/Users/MadCat/Documents/GitHub/MechwarriorRecomp/research/extract/decoded_pck/HAMPCK_TBL.decoded.bin,pck_object_0042_part_004_choice_000_frame_004,pck_object_0042,pck_object_0042_part_004,pck_object_0042_part_004_choice_000,4,0,4,0x0074AE,0,2,0x0074B0,0002810000000022,81000000002205028100000000250A02
C:/Users/MadCat/Documents/GitHub/MechwarriorRecomp/research/extract/decoded_pck/HAMPCK_TBL.decoded.bin,pck_object_0042_part_004_choice_000_frame_005,pck_object_0042,pck_object_0042_part_004,pck_object_0042_part_004_choice_000,4,0,5,0x0074B6,5,2,0x0074B8,0502810000000025,8100000000250A028100000000280F02
C:/Users/MadCat/Documents/GitHub/MechwarriorRecomp/research/extract/decoded_pck/HAMPCK_TBL.decoded.bin,pck_object_0042_part_004_choice_000_frame_006,pck_object_0042,pck_object_0042_part_004,pck_object_0042_part_004_choice_000,4,0,6,0x0074BE,10,2,0x0074C0,0A02810000000028,8100000000280F028100000000291402
C:/Users/MadCat/Documents/GitHub/MechwarriorRecomp/research/extract/decoded_pck/HAMPCK_TBL.decoded.bin,pck_object_0042_part_004_choice_000_frame_007,pck_object_0042,pck_object_0042_part_004,pck_object_0042_part_004_choice_000,4,0,7,0x0074C6,15,2,0x0074C8,0F02810000000029,810000000029140215202119FF192123
C:/Users/MadCat/Documents/GitHub/MechwarriorRecomp/research/extract/decoded_pck/HAMPCK_TBL.decoded.bin,pck_object_0042_part_005_choice_000_frame_000,pck_object_0042,pck_object_0042_part_005,pck_object_0042_part_005_choice_000,5,0,0,0x008296,46,255,0x008298,2EFF302B2E31FF33,302B2E31FF332C2B30FF352D2C33FF31
C:/Users/MadCat/Documents/GitHub/MechwarriorRecomp/research/extract/decoded_pck/HAMPCK_TBL.decoded.bin,pck_object_0042_part_005_choice_000_frame_001,pck_object_0042,pck_object_0042_part_005,pck_object_0042_part_005_choice_000,5,0,1,0x00829E,44,43,0x0082A0,2C2B30FF352D2C33,30FF352D2C33FF312E2D35FF0100E003
C:/Users/MadCat/Documents/GitHub/MechwarriorRecomp/research/extract/decoded_pck/HAMPCK_TBL.decoded.bin,pck_object_0042_part_005_choice_000_frame_002,pck_object_0042,pck_object_0042_part_005,pck_object_0042_part_005_choice_000,5,0,2,0x0082A6,255,49,0x0082A8,FF312E2D35FF0100,2E2D35FF0100E00300000600E8030808
C:/Users/MadCat/Documents/GitHub/MechwarriorRecomp/research/extract/decoded_pck/HAMPCK_TBL.decoded.bin,pck_object_0042_part_005_choice_000_frame_003,pck_object_0042,pck_object_0042_part_005,pck_object_0042_part_005_choice_000,5,0,3,0x0082AE,224,3,0x0082B0,E00300000600E803,00000600E80308088108080008381804
C:/Users/MadCat/Documents/GitHub/MechwarriorRecomp/research/extract/decoded_pck/HAMPCK_TBL.decoded.bin,pck_object_0042_part_005_choice_000_frame_004,pck_object_0042,pck_object_0042_part_005,pck_object_0042_part_005_choice_000,5,0,4,0x0082B6,8,8,0x0082B8,0808810808000838,810808000838180481080800073D1D04
C:/Users/MadCat/Documents/GitHub/MechwarriorRecomp/research/extract/decoded_pck/HAMPCK_TBL.decoded.bin,pck_object_0042_part_005_choice_000_frame_005,pck_object_0042,pck_object_0042_part_005,pck_object_0042_part_005_choice_000,5,0,5,0x0082BE,24,4,0x0082C0,180481080800073D,81080800073D1D048108080000422204
C:/Users/MadCat/Documents/GitHub/MechwarriorRecomp/research/extract/decoded_pck/HAMPCK_TBL.decoded.bin,pck_object_0042_part_005_choice_000_frame_006,pck_object_0042,pck_object_0042_part_005,pck_object_0042_part_005_choice_000,5,0,6,0x0082C6,29,4,0x0082C8,1D04810808000042,81080800004222048108080808432704
C:/Users/MadCat/Documents/GitHub/MechwarriorRecomp/research/extract/decoded_pck/HAMPCK_TBL.decoded.bin,pck_object_0042_part_005_choice_000_frame_007,pck_object_0042,pck_object_0042_part_005,pck_object_0042_part_005_choice_000,5,0,7,0x0082CE,34,4,0x0082D0,2204810808080843,81080808084327048108080404442C04
C:/Users/MadCat/Documents/GitHub/MechwarriorRecomp/research/extract/decoded_pck/HAMPCK_TBL.decoded.bin,pck_object_0042_part_006_choice_000_frame_000,pck_object_0042,pck_object_0042_part_006,pck_object_0042_part_006_choice_000,6,0,0,0x008F96,254,44,0x008F98,FE2C00DBFE48FE2D,00DBFE48FE2D0002FF9CFED3FF00FF9A
C:/Users/MadCat/Documents/GitHub/MechwarriorRecomp/research/extract/decoded_pck/HAMPCK_TBL.decoded.bin,pck_object_0042_part_006_choice_000_frame_001,pck_object_0042,pck_object_0042_part_006,pck_object_0042_part_006_choice_000,6,0,1,0x008F9E,0,2,0x008FA0,0002FF9CFED3FF00,FF9CFED3FF00FF9AFE01F82A000500D0
C:/Users/MadCat/Documents/GitHub/MechwarriorRecomp/research/extract/decoded_pck/HAMPCK_TBL.decoded.bin,pck_object_0042_part_006_choice_000_frame_002,pck_object_0042,pck_object_0042_part_006,pck_object_0042_part_006_choice_000,6,0,2,0x008FA6,255,154,0x008FA8,FF9AFE01F82A0005,FE01F82A000500D0FF73FE78FED3FF98
C:/Users/MadCat/Documents/GitHub/MechwarriorRecomp/research/extract/decoded_pck/HAMPCK_TBL.decoded.bin,pck_object_0042_part_006_choice_000_frame_003,pck_object_0042,pck_object_0042_part_006,pck_object_0042_part_006_choice_000,6,0,3,0x008FAE,0,208,0x008FB0,00D0FF73FE78FED3,FF73FE78FED3FF98FECCFEC4FF760334
C:/Users/MadCat/Documents/GitHub/MechwarriorRecomp/research/extract/decoded_pck/HAMPCK_TBL.decoded.bin,pck_object_0042_part_006_choice_000_frame_004,pck_object_0042,pck_object_0042_part_006,pck_object_0042_part_006_choice_000,6,0,4,0x008FB6,255,152,0x008FB8,FF98FECCFEC4FF76,FECCFEC4FF760334072D0098FECCFE2B
C:/Users/MadCat/Documents/GitHub/MechwarriorRecomp/research/extract/decoded_pck/HAMPCK_TBL.decoded.bin,pck_object_0042_part_006_choice_000_frame_005,pck_object_0042,pck_object_0042_part_006,pck_object_0042_part_006_choice_000,6,0,5,0x008FBE,3,52,0x008FC0,0334072D0098FECC,072D0098FECCFE2B0073FE78FE0000A6
C:/Users/MadCat/Documents/GitHub/MechwarriorRecomp/research/extract/decoded_pck/HAMPCK_TBL.decoded.bin,pck_object_0042_part_006_choice_000_frame_006,pck_object_0042,pck_object_0042_part_006,pck_object_0042_part_006_choice_000,6,0,6,0x008FC6,254,43,0x008FC8,FE2B0073FE78FE00,0073FE78FE0000A6FCBDF80100970200
C:/Users/MadCat/Documents/GitHub/MechwarriorRecomp/research/extract/decoded_pck/HAMPCK_TBL.decoded.bin,pck_object_0042_part_006_choice_000_frame_007,pck_object_0042,pck_object_0042_part_006,pck_object_0042_part_006_choice_000,6,0,7,0x008FCE,0,166,0x008FD0,00A6FCBDF8010097,FCBDF801009702000003009F02040181
C:/Users/MadCat/Documents/GitHub/MechwarriorRecomp/research/extract/decoded_pck/HAMPCK_TBL.decoded.bin,pck_object_0048_part_000_choice_000_frame_000,pck_object_0048,pck_object_0048_part_000,pck_object_0048_part_000_choice_000,0,0,0,0x0066A4,8,8,0x0066A6,0808080CC9008104,080CC90081040800000DCE0081040808
C:/Users/MadCat/Documents/GitHub/MechwarriorRecomp/research/extract/decoded_pck/HAMPCK_TBL.decoded.bin,pck_object_0048_part_000_choice_000_frame_001,pck_object_0048,pck_object_0048_part_000,pck_object_0048_part_000_choice_000,0,0,1,0x0066AC,8,0,0x0066AE,0800000DCE008104,000DCE0081040808080ED30002030405
C:/Users/MadCat/Documents/GitHub/MechwarriorRecomp/research/extract/decoded_pck/HAMPCK_TBL.decoded.bin,pck_object_0048_part_000_choice_000_frame_002,pck_object_0048,pck_object_0048_part_000,pck_object_0048_part_000_choice_000,0,0,2,0x0066B4,8,8,0x0066B6,0808080ED3000203,080ED30002030405FF0708090AFF0507
C:/Users/MadCat/Documents/GitHub/MechwarriorRecomp/research/extract/decoded_pck/HAMPCK_TBL.decoded.bin,pck_object_0048_part_000_choice_000_frame_003,pck_object_0048,pck_object_0048_part_000,pck_object_0048_part_000_choice_000,0,0,3,0x0066BC,4,5,0x0066BE,0405FF0708090AFF,FF0708090AFF05070A02FF04080705FF
C:/Users/MadCat/Documents/GitHub/MechwarriorRecomp/research/extract/decoded_pck/HAMPCK_TBL.decoded.bin,pck_object_0048_part_000_choice_000_frame_004,pck_object_0048,pck_object_0048_part_000,pck_object_0048_part_000_choice_000,0,0,4,0x0066C4,5,7,0x0066C6,05070A02FF040807,0A02FF04080705FF03090804FF020A09
C:/Users/MadCat/Documents/GitHub/MechwarriorRecomp/research/extract/decoded_pck/HAMPCK_TBL.decoded.bin,pck_object_0048_part_000_choice_000_frame_005,pck_object_0048,pck_object_0048_part_000,pck_object_0048_part_000_choice_000,0,0,5,0x0066CC,5,255,0x0066CE,05FF03090804FF02,03090804FF020A0903FF80006E010000
C:/Users/MadCat/Documents/GitHub/MechwarriorRecomp/research/extract/decoded_pck/HAMPCK_TBL.decoded.bin,pck_object_0048_part_000_choice_000_frame_006,pck_object_0048,pck_object_0048_part_000,pck_object_0048_part_000_choice_000,0,0,6,0x0066D4,10,9,0x0066D6,0A0903FF80006E01,03FF80006E0100000000000001001600
C:/Users/MadCat/Documents/GitHub/MechwarriorRecomp/research/extract/decoded_pck/HAMPCK_TBL.decoded.bin,pck_object_0048_part_000_choice_000_frame_007,pck_object_0048,pck_object_0048_part_000,pck_object_0048_part_000_choice_000,0,0,7,0x0066DC,0,0,0x0066DE,0000000000000100,0000000001001600000F1E0001007800
C:/Users/MadCat/Documents/GitHub/MechwarriorRecomp/research/extract/decoded_pck/HAMPCK_TBL.decoded.bin,pck_object_0048_part_000_choice_000_frame_008,pck_object_0048,pck_object_0048_part_000,pck_object_0048_part_000_choice_000,0,0,8,0x0066E4,22,0,0x0066E6,1600000F1E000100,000F1E0001007800DC05000001000000
C:/Users/MadCat/Documents/GitHub/MechwarriorRecomp/research/extract/decoded_pck/HAMPCK_TBL.decoded.bin,pck_object_0048_part_000_choice_000_frame_009,pck_object_0048,pck_object_0048_part_000,pck_object_0048_part_000_choice_000,0,0,9,0x0066EC,120,0,0x0066EE,7800DC0500000100,DC0500000100000036FD7F07CC0034FF
C:/Users/MadCat/Documents/GitHub/MechwarriorRecomp/research/extract/decoded_pck/HAMPCK_TBL.decoded.bin,pck_object_0048_part_000_choice_000_frame_010,pck_object_0048,pck_object_0048_part_000,pck_object_0048_part_000_choice_000,0,0,10,0x0066F4,0,0,0x0066F6,000036FD7F07CC00,36FD7F07CC0034FFBE00CD005FFFCE00
C:/Users/MadCat/Documents/GitHub/MechwarriorRecomp/research/extract/decoded_pck/HAMPCK_TBL.decoded.bin,pck_object_0048_part_000_choice_000_frame_011,pck_object_0048,pck_object_0048_part_000,pck_object_0048_part_000_choice_000,0,0,11,0x0066FC,52,255,0x0066FE,34FFBE00CD005FFF,BE00CD005FFFCE00F0005FFFCE00EE00
C:/Users/MadCat/Documents/GitHub/MechwarriorRecomp/research/extract/decoded_pck/HAMPCK_TBL.decoded.bin,pck_object_0048_part_000_choice_000_frame_012,pck_object_0048,pck_object_0048_part_000,pck_object_0048_part_000_choice_000,0,0,12,0x006704,206,0,0x006706,CE00F0005FFFCE00,F0005FFFCE00EE0034FFBE000000BB02
C:/Users/MadCat/Documents/GitHub/MechwarriorRecomp/research/extract/decoded_pck/HAMPCK_TBL.decoded.bin,pck_object_0048_part_000_choice_000_frame_013,pck_object_0048,pck_object_0048_part_000,pck_object_0048_part_000_choice_000,0,0,13,0x00670C,238,0,0x00670E,EE0034FFBE000000,34FFBE000000BB027CF8EE00B0FF67FF
C:/Users/MadCat/Documents/GitHub/MechwarriorRecomp/research/extract/decoded_pck/HAMPCK_TBL.decoded.bin,pck_object_0048_part_000_choice_000_frame_014,pck_object_0048,pck_object_0048_part_000,pck_object_0048_part_000_choice_000,0,0,14,0x006714,187,2,0x006716,BB027CF8EE00B0FF,7CF8EE00B0FF67FFF000DCFF77FFCD00
C:/Users/MadCat/Documents/GitHub/MechwarriorRecomp/research/extract/decoded_pck/HAMPCK_TBL.decoded.bin,pck_object_0048_part_000_choice_000_frame_015,pck_object_0048,pck_object_0048_part_000,pck_object_0048_part_000_choice_000,0,0,15,0x00671C,103,255,0x00671E,67FFF000DCFF77FF,F000DCFF77FFCD00DCFF77FFCC00B0FF
C:/Users/MadCat/Documents/GitHub/MechwarriorRecomp/research/extract/decoded_pck/HAMPCK_TBL.decoded.bin,pck_object_0048_part_000_choice_000_frame_016,pck_object_0048,pck_object_0048_part_000,pck_object_0048_part_000_choice_000,0,0,16,0x006724,205,0,0x006726,CD00DCFF77FFCC00,DCFF77FFCC00B0FF67FF00007AF848FD
C:/Users/MadCat/Documents/GitHub/MechwarriorRecomp/research/extract/decoded_pck/HAMPCK_TBL.decoded.bin,pck_object_0048_part_000_choice_000_frame_017,pck_object_0048,pck_object_0048_part_000,pck_object_0048_part_000_choice_000,0,0,17,0x00672C,176,255,0x00672E,B0FF67FF00007AF8,67FF00007AF848FD01F829000E000000
C:/Users/MadCat/Documents/GitHub/MechwarriorRecomp/research/extract/decoded_pck/HAMPCK_TBL.decoded.bin,pck_object_0048_part_000_choice_000_frame_018,pck_object_0048,pck_object_0048_part_000,pck_object_0048_part_000_choice_000,0,0,18,0x006734,72,253,0x006736,48FD01F829000E00,01F829000E0000008407BD02FE07AEFF
C:/Users/MadCat/Documents/GitHub/MechwarriorRecomp/research/extract/decoded_pck/HAMPCK_TBL.decoded.bin,pck_object_0048_part_000_choice_000_frame_019,pck_object_0048,pck_object_0048_part_000,pck_object_0048_part_000_choice_000,0,0,19,0x00673C,0,0,0x00673E,00008407BD02FE07,8407BD02FE07AEFFE3FF01007C000000
C:/Users/MadCat/Documents/GitHub/MechwarriorRecomp/research/extract/decoded_pck/HAMPCK_TBL.decoded.bin,pck_object_0048_part_000_choice_000_frame_020,pck_object_0048,pck_object_0048_part_000,pck_object_0048_part_000_choice_000,0,0,20,0x006744,174,255,0x006746,AEFFE3FF01007C00,E3FF01007C0000000600840004018104
C:/Users/MadCat/Documents/GitHub/MechwarriorRecomp/research/extract/decoded_pck/HAMPCK_TBL.decoded.bin,pck_object_0048_part_000_choice_000_frame_021,pck_object_0048,pck_object_0048_part_000,pck_object_0048_part_000_choice_000,0,0,21,0x00674C,0,0,0x00674E,0000060084000401,060084000401810408080801B4008104
C:/Users/MadCat/Documents/GitHub/MechwarriorRecomp/research/extract/decoded_pck/HAMPCK_TBL.decoded.bin,pck_object_0048_part_000_choice_000_frame_022,pck_object_0048,pck_object_0048_part_000,pck_object_0048_part_000_choice_000,0,0,22,0x006754,129,4,0x006756,810408080801B400,08080801B400810408000806B9008104
C:/Users/MadCat/Documents/GitHub/MechwarriorRecomp/research/extract/decoded_pck/HAMPCK_TBL.decoded.bin,pck_object_0048_part_000_choice_000_frame_023,pck_object_0048,pck_object_0048_part_000,pck_object_0048_part_000_choice_000,0,0,23,0x00675C,129,4,0x00675E,810408000806B900,08000806B90081040800000BBE008104
C:/Users/MadCat/Documents/GitHub/MechwarriorRecomp/research/extract/decoded_pck/HAMPCK_TBL.decoded.bin,pck_object_0048_part_000_choice_000_frame_024,pck_object_0048,pck_object_0048_part_000,pck_object_0048_part_000_choice_000,0,0,24,0x006764,129,4,0x006766,81040800000BBE00,0800000BBE0081040808080CC3008104
C:/Users/MadCat/Documents/GitHub/MechwarriorRecomp/research/extract/decoded_pck/HAMPCK_TBL.decoded.bin,pck_object_0048_part_000_choice_000_frame_025,pck_object_0048,pck_object_0048_part_000,pck_object_0048_part_000_choice_000,0,0,25,0x00676C,129,4,0x00676E,81040808080CC300,0808080CC30081040800000DC8008104
C:/Users/MadCat/Documents/GitHub/MechwarriorRecomp/research/extract/decoded_pck/HAMPCK_TBL.decoded.bin,pck_object_0048_part_000_choice_000_frame_026,pck_object_0048,pck_object_0048_part_000,pck_object_0048_part_000_choice_000,0,0,26,0x006774,129,4,0x006776,81040800000DC800,0800000DC80081040808080ECD000203
C:/Users/MadCat/Documents/GitHub/MechwarriorRecomp/research/extract/decoded_pck/HAMPCK_TBL.decoded.bin,pck_object_0048_part_000_choice_000_frame_027,pck_object_0048,pck_object_0048_part_000,pck_object_0048_part_000_choice_000,0,0,27,0x00677C,129,4,0x00677E,81040808080ECD00,0808080ECD0002030405FF0708090AFF
C:/Users/MadCat/Documents/GitHub/MechwarriorRecomp/research/extract/decoded_pck/HAMPCK_TBL.decoded.bin,pck_object_0048_part_000_choice_000_frame_028,pck_object_0048,pck_object_0048_part_000,pck_object_0048_part_000_choice_000,0,0,28,0x006784,2,3,0x006786,02030405FF070809,0405FF0708090AFF05070A02FF020A09
C:/Users/MadCat/Documents/GitHub/MechwarriorRecomp/research/extract/decoded_pck/HAMPCK_TBL.decoded.bin,pck_object_0048_part_000_choice_000_frame_029,pck_object_0048,pck_object_0048_part_000,pck_object_0048_part_000_choice_000,0,0,29,0x00678C,10,255,0x00678E,0AFF05070A02FF02,05070A02FF020A0903FF03090804FF04
C:/Users/MadCat/Documents/GitHub/MechwarriorRecomp/research/extract/decoded_pck/HAMPCK_TBL.decoded.bin,pck_object_0048_part_000_choice_000_frame_030,pck_object_0048,pck_object_0048_part_000,pck_object_0048_part_000_choice_000,0,0,30,0x006794,10,9,0x006796,0A0903FF03090804,03FF03090804FF04080705FF8000BC01
C:/Users/MadCat/Documents/GitHub/MechwarriorRecomp/research/extract/decoded_pck/HAMPCK_TBL.decoded.bin,pck_object_0048_part_000_choice_000_frame_031,pck_object_0048,pck_object_0048_part_000,pck_object_0048_part_000_choice_000,0,0,31,0x00679C,255,4,0x00679E,FF04080705FF8000,080705FF8000BC010000000000000100
C:/Users/MadCat/Documents/GitHub/MechwarriorRecomp/research/extract/decoded_pck/HAMPCK_TBL.decoded.bin,pck_object_0048_part_000_choice_000_frame_032,pck_object_0048,pck_object_0048_part_000,pck_object_0048_part_000_choice_000,0,0,32,0x0067A4,188,1,0x0067A6,BC01000000000000,00000000000001001000000F18000100
C:/Users/MadCat/Documents/GitHub/MechwarriorRecomp/research/extract/decoded_pck/HAMPCK_TBL.decoded.bin,pck_object_0048_part_000_choice_000_frame_033,pck_object_0048,pck_object_0048_part_000,pck_object_0048_part_000_choice_000,0,0,33,0x0067AC,1,0,0x0067AE,01001000000F1800,1000000F180001007200DC0500000100
C:/Users/MadCat/Documents/GitHub/MechwarriorRecomp/research/extract/decoded_pck/HAMPCK_TBL.decoded.bin,pck_object_0048_part_000_choice_000_frame_034,pck_object_0048,pck_object_0048_part_000,pck_object_0048_part_000_choice_000,0,0,34,0x0067B4,1,0,0x0067B6,01007200DC050000,7200DC05000001000000E1FA2506CC00
C:/Users/MadCat/Documents/GitHub/MechwarriorRecomp/research/extract/decoded_pck/HAMPCK_TBL.decoded.bin,pck_object_0048_part_000_choice_000_frame_035,pck_object_0048,pck_object_0048_part_000,pck_object_0048_part_000_choice_000,0,0,35,0x0067BC,1,0,0x0067BE,01000000E1FA2506,0000E1FA2506CC008EFE3C00CD00B2FE
C:/Users/MadCat/Documents/GitHub/MechwarriorRecomp/research/extract/decoded_pck/HAMPCK_TBL.decoded.bin,pck_object_0048_part_000_choice_000_frame_036,pck_object_0048,pck_object_0048_part_000,pck_object_0048_part_000_choice_000,0,0,36,0x0067C4,204,0,0x0067C6,CC008EFE3C00CD00,8EFE3C00CD00B2FE5A00F000B2FE5A00
C:/Users/MadCat/Documents/GitHub/MechwarriorRecomp/research/extract/decoded_pck/HAMPCK_TBL.decoded.bin,pck_object_0048_part_000_choice_000_frame_037,pck_object_0048,pck_object_0048_part_000,pck_object_0048_part_000_choice_000,0,0,37,0x0067CC,178,254,0x0067CE,B2FE5A00F000B2FE,5A00F000B2FE5A00EE008EFE3C000000
C:/Users/MadCat/Documents/GitHub/MechwarriorRecomp/research/extract/decoded_pck/HAMPCK_TBL.decoded.bin,pck_object_0048_part_000_choice_000_frame_038,pck_object_0048,pck_object_0048_part_000,pck_object_0048_part_000_choice_000,0,0,38,0x0067D4,90,0,0x0067D6,5A00EE008EFE3C00,EE008EFE3C0000001A05D7F9EE007AFF
C:/Users/MadCat/Documents/GitHub/MechwarriorRecomp/research/extract/decoded_pck/HAMPCK_TBL.decoded.bin,pck_object_0048_part_000_choice_000_frame_039,pck_object_0048,pck_object_0048_part_000,pck_object_0048_part_000_choice_000,0,0,39,0x0067DC,0,0,0x0067DE,00001A05D7F9EE00,1A05D7F9EE007AFF25FFF0009DFF42FF
C:/Users/MadCat/Documents/GitHub/MechwarriorRecomp/research/extract/decoded_pck/HAMPCK_TBL.decoded.bin,pck_object_0048_part_000_choice_000_frame_040,pck_object_0048,pck_object_0048_part_000,pck_object_0048_part_000_choice_000,0,0,40,0x0067E4,122,255,0x0067E6,7AFF25FFF0009DFF,25FFF0009DFF42FFCD009DFF42FFCC00
C:/Users/MadCat/Documents/GitHub/MechwarriorRecomp/research/extract/decoded_pck/HAMPCK_TBL.decoded.bin,pck_object_0048_part_000_choice_000_frame_041,pck_object_0048,pck_object_0048_part_000,pck_object_0048_part_000_choice_000,0,0,41,0x0067EC,66,255,0x0067EE,42FFCD009DFF42FF,CD009DFF42FFCC007AFF25FF0000E5F9
C:/Users/MadCat/Documents/GitHub/MechwarriorRecomp/research/extract/decoded_pck/HAMPCK_TBL.decoded.bin,pck_object_0048_part_000_choice_000_frame_042,pck_object_0048,pck_object_0048_part_000,pck_object_0048_part_000_choice_000,0,0,42,0x0067F4,204,0,0x0067F6,CC007AFF25FF0000,7AFF25FF0000E5F9D6FA01F822001D00
C:/Users/MadCat/Documents/GitHub/MechwarriorRecomp/research/extract/decoded_pck/HAMPCK_TBL.decoded.bin,pck_object_0048_part_000_choice_000_frame_043,pck_object_0048,pck_object_0048_part_000,pck_object_0048_part_000_choice_000,0,0,43,0x0067FC,229,249,0x0067FE,E5F9D6FA01F82200,D6FA01F822001D00000020062405FE07
C:/Users/MadCat/Documents/GitHub/MechwarriorRecomp/research/extract/decoded_pck/HAMPCK_TBL.decoded.bin,pck_object_0048_part_000_choice_000_frame_044,pck_object_0048,pck_object_0048_part_000,pck_object_0048_part_000_choice_000,0,0,44,0x006804,29,0,0x006806,1D00000020062405,000020062405FE07BCFFC7FF01007600
C:/Users/MadCat/Documents/GitHub/MechwarriorRecomp/research/extract/decoded_pck/HAMPCK_TBL.decoded.bin,pck_object_0048_part_000_choice_000_frame_045,pck_object_0048,pck_object_0048_part_000,pck_object_0048_part_000_choice_000,0,0,45,0x00680C,254,7,0x00680E,FE07BCFFC7FF0100,BCFFC7FF01007600000006007E000401
C:/Users/MadCat/Documents/GitHub/MechwarriorRecomp/research/extract/decoded_pck/HAMPCK_TBL.decoded.bin,pck_object_0048_part_000_choice_000_frame_046,pck_object_0048,pck_object_0048_part_000,pck_object_0048_part_000_choice_000,0,0,46,0x006814,118,0,0x006816,7600000006007E00,000006007E000401810408080801AE00
C:/Users/MadCat/Documents/GitHub/MechwarriorRecomp/research/extract/decoded_pck/HAMPCK_TBL.decoded.bin,pck_object_0048_part_000_choice_000_frame_047,pck_object_0048,pck_object_0048_part_000,pck_object_0048_part_000_choice_000,0,0,47,0x00681C,4,1,0x00681E,0401810408080801,810408080801AE00810408000806B300
C:/Users/MadCat/Documents/GitHub/MechwarriorRecomp/research/extract/decoded_pck/HAMPCK_TBL.decoded.bin,pck_object_0048_part_000_choice_000_frame_048,pck_object_0048,pck_object_0048_part_000,pck_object_0048_part_000_choice_000,0,0,48,0x006824,174,0,0x006826,AE00810408000806,810408000806B30081040800000BB800
C:/Users/MadCat/Documents/GitHub/MechwarriorRecomp/research/extract/decoded_pck/HAMPCK_TBL.decoded.bin,pck_object_0048_part_000_choice_000_frame_049,pck_object_0048,pck_object_0048_part_000,pck_object_0048_part_000_choice_000,0,0,49,0x00682C,179,0,0x00682E,B30081040800000B,81040800000BB80081040808080CBD00
C:/Users/MadCat/Documents/GitHub/MechwarriorRecomp/research/extract/decoded_pck/HAMPCK_TBL.decoded.bin,pck_object_0048_part_000_choice_000_frame_050,pck_object_0048,pck_object_0048_part_000,pck_object_0048_part_000_choice_000,0,0,50,0x006834,184,0,0x006836,B80081040808080C,81040808080CBD0081040800000DC200
C:/Users/MadCat/Documents/GitHub/MechwarriorRecomp/research/extract/decoded_pck/HAMPCK_TBL.decoded.bin,pck_object_0048_part_000_choice_000_frame_051,pck_object_0048,pck_object_0048_part_000,pck_object_0048_part_000_choice_000,0,0,51,0x00683C,189,0,0x00683E,BD0081040800000D,81040800000DC20081040808080EC700
C:/Users/MadCat/Documents/GitHub/MechwarriorRecomp/research/extract/decoded_pck/HAMPCK_TBL.decoded.bin,pck_object_0048_part_000_choice_000_frame_052,pck_object_0048,pck_object_0048_part_000,pck_object_0048_part_000_choice_000,0,0,52,0x006844,194,0,0x006846,C20081040808080E,81040808080EC70002030405FF070809
C:/Users/MadCat/Documents/GitHub/MechwarriorRecomp/research/extract/decoded_pck/HAMPCK_TBL.decoded.bin,pck_object_0048_part_000_choice_000_frame_053,pck_object_0048,pck_object_0048_part_000,pck_object_0048_part_000_choice_000,0,0,53,0x00684C,199,0,0x00684E,C70002030405FF07,02030405FF0708090AFF05070A02FF02
C:/Users/MadCat/Documents/GitHub/MechwarriorRecomp/research/extract/decoded_pck/HAMPCK_TBL.decoded.bin,pck_object_0048_part_000_choice_000_frame_054,pck_object_0048,pck_object_0048_part_000,pck_object_0048_part_000_choice_000,0,0,54,0x006854,8,9,0x006856,08090AFF05070A02,0AFF05070A02FF020A0903FF03090804
C:/Users/MadCat/Documents/GitHub/MechwarriorRecomp/research/extract/decoded_pck/HAMPCK_TBL.decoded.bin,pck_object_0048_part_000_choice_000_frame_055,pck_object_0048,pck_object_0048_part_000,pck_object_0048_part_000_choice_000,0,0,55,0x00685C,255,2,0x00685E,FF020A0903FF0309,0A0903FF03090804FF04080705FF8000
C:/Users/MadCat/Documents/GitHub/MechwarriorRecomp/research/extract/decoded_pck/HAMPCK_TBL.decoded.bin,pck_object_0048_part_000_choice_000_frame_056,pck_object_0048,pck_object_0048_part_000,pck_object_0048_part_000_choice_000,0,0,56,0x006864,8,4,0x006866,0804FF04080705FF,FF04080705FF80004402000000000000
C:/Users/MadCat/Documents/GitHub/MechwarriorRecomp/research/extract/decoded_pck/HAMPCK_TBL.decoded.bin,pck_object_0048_part_000_choice_000_frame_057,pck_object_0048,pck_object_0048_part_000,pck_object_0048_part_000_choice_000,0,0,57,0x00686C,128,0,0x00686E,8000440200000000,440200000000000001001A00000F2200
C:/Users/MadCat/Documents/GitHub/MechwarriorRecomp/research/extract/decoded_pck/HAMPCK_TBL.decoded.bin,pck_object_0048_part_000_choice_000_frame_058,pck_object_0048,pck_object_0048_part_000,pck_object_0048_part_000_choice_000,0,0,58,0x006874,0,0,0x006876,000001001A00000F,01001A00000F220001007C00DC050000
C:/Users/MadCat/Documents/GitHub/MechwarriorRecomp/research/extract/decoded_pck/HAMPCK_TBL.decoded.bin,pck_object_0048_part_000_choice_000_frame_059,pck_object_0048,pck_object_0048_part_000,pck_object_0048_part_000_choice_000,0,0,59,0x00687C,34,0,0x00687E,220001007C00DC05,01007C00DC0500000000000011F9FC03
C:/Users/MadCat/Documents/GitHub/MechwarriorRecomp/research/extract/decoded_pck/HAMPCK_TBL.decoded.bin,pck_object_0048_part_000_choice_000_frame_060,pck_object_0048,pck_object_0048_part_000,pck_object_0048_part_000_choice_000,0,0,60,0x006884,0,0,0x006886,00000000000011F9,0000000011F9FC03CC00FFFD7EFFCD00
C:/Users/MadCat/Documents/GitHub/MechwarriorRecomp/research/extract/decoded_pck/HAMPCK_TBL.decoded.bin,pck_object_0048_part_000_choice_000_frame_061,pck_object_0048,pck_object_0048_part_000,pck_object_0048_part_000_choice_000,0,0,61,0x00688C,252,3,0x00688E,FC03CC00FFFD7EFF,CC00FFFD7EFFCD0016FEA6FFF00016FE
C:/Users/MadCat/Documents/GitHub/MechwarriorRecomp/research/extract/decoded_pck/HAMPCK_TBL.decoded.bin,pck_object_0048_part_000_choice_000_frame_062,pck_object_0048,pck_object_0048_part_000,pck_object_0048_part_000_choice_000,0,0,62,0x006894,205,0,0x006896,CD0016FEA6FFF000,16FEA6FFF00016FEA6FFEE00FFFD7EFF
C:/Users/MadCat/Documents/GitHub/MechwarriorRecomp/research/extract/decoded_pck/HAMPCK_TBL.decoded.bin,pck_object_0048_part_000_choice_000_frame_063,pck_object_0048,pck_object_0048_part_000,pck_object_0048_part_000_choice_000,0,0,63,0x00689C,22,254,0x00689E,16FEA6FFEE00FFFD,A6FFEE00FFFD7EFF0000EF0604FCEE00
C:/Users/MadCat/Documents/GitHub/MechwarriorRecomp/research/extract/decoded_pck/HAMPCK_TBL.decoded.bin,pck_object_0048_part_000_choice_000_frame_064,pck_object_0048,pck_object_0048_part_000,pck_object_0048_part_000_choice_000,0,0,64,0x0068A4,126,255,0x0068A6,7EFF0000EF0604FC,0000EF0604FCEE003CFFC7FEF00053FF
C:/Users/MadCat/Documents/GitHub/MechwarriorRecomp/research/extract/decoded_pck/HAMPCK_TBL.decoded.bin,pck_object_0048_part_000_choice_000_frame_065,pck_object_0048,pck_object_0048_part_000,pck_object_0048_part_000_choice_000,0,0,65,0x0068AC,238,0,0x0068AE,EE003CFFC7FEF000,3CFFC7FEF00053FFEFFECD0053FFEFFE
C:/Users/MadCat/Documents/GitHub/MechwarriorRecomp/research/extract/decoded_pck/HAMPCK_TBL.decoded.bin,pck_object_0048_part_000_choice_000_frame_066,pck_object_0048,pck_object_0048_part_000,pck_object_0048_part_000_choice_000,0,0,66,0x0068B4,83,255,0x0068B6,53FFEFFECD0053FF,EFFECD0053FFEFFECC003CFFC7FE0000
C:/Users/MadCat/Documents/GitHub/MechwarriorRecomp/research/extract/decoded_pck/HAMPCK_TBL.decoded.bin,pck_object_0048_part_000_choice_000_frame_067,pck_object_0048,pck_object_0048_part_000,pck_object_0048_part_000_choice_000,0,0,67,0x0068BC,239,254,0x0068BE,EFFECC003CFFC7FE,CC003CFFC7FE000001FC13F901F81600
C:/Users/MadCat/Documents/GitHub/MechwarriorRecomp/research/extract/decoded_pck/HAMPCK_TBL.decoded.bin,pck_object_0048_part_000_choice_000_frame_068,pck_object_0048,pck_object_0048_part_000,pck_object_0048_part_000_choice_000,0,0,68,0x0068C4,0,0,0x0068C6,000001FC13F901F8,01FC13F901F8160026000000FF03ED06
C:/Users/MadCat/Documents/GitHub/MechwarriorRecomp/research/extract/decoded_pck/HAMPCK_TBL.decoded.bin,pck_object_0048_part_000_choice_000_frame_069,pck_object_0048,pck_object_0048_part_000,pck_object_0048_part_000_choice_000,0,0,69,0x0068CC,22,0,0x0068CE,160026000000FF03,26000000FF03ED06FE07D4FFB4FF0100
C:/Users/MadCat/Documents/GitHub/MechwarriorRecomp/research/extract/decoded_pck/HAMPCK_TBL.decoded.bin,pck_object_0048_part_000_choice_000_frame_070,pck_object_0048,pck_object_0048_part_000,pck_object_0048_part_000_choice_000,0,0,70,0x0068D4,237,6,0x0068D6,ED06FE07D4FFB4FF,FE07D4FFB4FF01008000000006008800
C:/Users/MadCat/Documents/GitHub/MechwarriorRecomp/research/extract/decoded_pck/HAMPCK_TBL.decoded.bin,pck_object_0048_part_000_choice_000_frame_071,pck_object_0048,pck_object_0048_part_000,pck_object_0048_part_000_choice_000,0,0,71,0x0068DC,1,0,0x0068DE,0100800000000600,80000000060088000401810408080801
C:/Users/MadCat/Documents/GitHub/MechwarriorRecomp/research/extract/decoded_pck/HAMPCK_TBL.decoded.bin,pck_object_0048_part_000_choice_000_frame_072,pck_object_0048,pck_object_0048_part_000,pck_object_0048_part_000_choice_000,0,0,72,0x0068E4,136,0,0x0068E6,8800040181040808,0401810408080801B800810408000806
C:/Users/MadCat/Documents/GitHub/MechwarriorRecomp/research/extract/decoded_pck/HAMPCK_TBL.decoded.bin,pck_object_0048_part_000_choice_000_frame_073,pck_object_0048,pck_object_0048_part_000,pck_object_0048_part_000_choice_000,0,0,73,0x0068EC,8,1,0x0068EE,0801B80081040800,B800810408000806BD0081040800000B
C:/Users/MadCat/Documents/GitHub/MechwarriorRecomp/research/extract/decoded_pck/HAMPCK_TBL.decoded.bin,pck_object_0048_part_000_choice_000_frame_074,pck_object_0048,pck_object_0048_part_000,pck_object_0048_part_000_choice_000,0,0,74,0x0068F4,8,6,0x0068F6,0806BD0081040800,BD0081040800000BC20081040808080C
C:/Users/MadCat/Documents/GitHub/MechwarriorRecomp/research/extract/decoded_pck/HAMPCK_TBL.decoded.bin,pck_object_0048_part_000_choice_000_frame_075,pck_object_0048,pck_object_0048_part_000,pck_object_0048_part_000_choice_000,0,0,75,0x0068FC,0,11,0x0068FE,000BC20081040808,C20081040808080CC70081040800000D
C:/Users/MadCat/Documents/GitHub/MechwarriorRecomp/research/extract/decoded_pck/HAMPCK_TBL.decoded.bin,pck_object_0048_part_000_choice_000_frame_076,pck_object_0048,pck_object_0048_part_000,pck_object_0048_part_000_choice_000,0,0,76,0x006904,8,12,0x006906,080CC70081040800,C70081040800000DCC0081040808080E
C:/Users/MadCat/Documents/GitHub/MechwarriorRecomp/research/extract/decoded_pck/HAMPCK_TBL.decoded.bin,pck_object_0048_part_000_choice_000_frame_077,pck_object_0048,pck_object_0048_part_000,pck_object_0048_part_000_choice_000,0,0,77,0x00690C,0,13,0x00690E,000DCC0081040808,CC0081040808080ED10002030405FF07
C:/Users/MadCat/Documents/GitHub/MechwarriorRecomp/research/extract/decoded_pck/HAMPCK_TBL.decoded.bin,pck_object_0048_part_000_choice_000_frame_078,pck_object_0048,pck_object_0048_part_000,pck_object_0048_part_000_choice_000,0,0,78,0x006914,8,14,0x006916,080ED10002030405,D10002030405FF0708090AFF05070A02
C:/Users/MadCat/Documents/GitHub/MechwarriorRecomp/research/extract/decoded_pck/HAMPCK_TBL.decoded.bin,pck_object_0048_part_000_choice_000_frame_079,pck_object_0048,pck_object_0048_part_000,pck_object_0048_part_000_choice_000,0,0,79,0x00691C,255,7,0x00691E,FF0708090AFF0507,08090AFF05070A02FF020A0903FF0309
C:/Users/MadCat/Documents/GitHub/MechwarriorRecomp/research/extract/decoded_pck/HAMPCK_TBL.decoded.bin,pck_object_0048_part_000_choice_000_frame_080,pck_object_0048,pck_object_0048_part_000,pck_object_0048_part_000_choice_000,0,0,80,0x006924,10,2,0x006926,0A02FF020A0903FF,FF020A0903FF03090804FF04080705FF
C:/Users/MadCat/Documents/GitHub/MechwarriorRecomp/research/extract/decoded_pck/HAMPCK_TBL.decoded.bin,pck_object_0048_part_000_choice_000_frame_081,pck_object_0048,pck_object_0048_part_000,pck_object_0048_part_000_choice_000,0,0,81,0x00692C,3,9,0x00692E,03090804FF040807,0804FF04080705FF80009E0200000000
C:/Users/MadCat/Documents/GitHub/MechwarriorRecomp/research/extract/decoded_pck/HAMPCK_TBL.decoded.bin,pck_object_0048_part_000_choice_000_frame_082,pck_object_0048,pck_object_0048_part_000,pck_object_0048_part_000_choice_000,0,0,82,0x006934,5,255,0x006936,05FF80009E020000,80009E0200000000000001001400000F
C:/Users/MadCat/Documents/GitHub/MechwarriorRecomp/research/extract/decoded_pck/HAMPCK_TBL.decoded.bin,pck_object_0048_part_000_choice_000_frame_083,pck_object_0048,pck_object_0048_part_000,pck_object_0048_part_000_choice_000,0,0,83,0x00693C,0,0,0x00693E,0000000001001400,000001001400000F1C0001007600DC05
C:/Users/MadCat/Documents/GitHub/MechwarriorRecomp/research/extract/decoded_pck/HAMPCK_TBL.decoded.bin,pck_object_0048_part_000_choice_000_frame_084,pck_object_0048,pck_object_0048_part_000,pck_object_0048_part_000_choice_000,0,0,84,0x006944,0,15,0x006946,000F1C0001007600,1C0001007600DC05000001000000C7F8
C:/Users/MadCat/Documents/GitHub/MechwarriorRecomp/research/extract/decoded_pck/HAMPCK_TBL.decoded.bin,pck_object_0048_part_000_choice_000_frame_085,pck_object_0048,pck_object_0048_part_000,pck_object_0048_part_000_choice_000,0,0,85,0x00694C,220,5,0x00694E,DC05000001000000,000001000000C7F87003CB00D6FDDAFE
C:/Users/MadCat/Documents/GitHub/MechwarriorRecomp/research/extract/decoded_pck/HAMPCK_TBL.decoded.bin,pck_object_0048_part_000_choice_000_frame_086,pck_object_0048,pck_object_0048_part_000,pck_object_0048_part_000_choice_000,0,0,86,0x006954,199,248,0x006956,C7F87003CB00D6FD,7003CB00D6FDDAFECC00EAFD04FFEE00
C:/Users/MadCat/Documents/GitHub/MechwarriorRecomp/research/extract/decoded_pck/HAMPCK_TBL.decoded.bin,pck_object_0048_part_000_choice_000_frame_087,pck_object_0048,pck_object_0048_part_000,pck_object_0048_part_000_choice_000,0,0,87,0x00695C,218,254,0x00695E,DAFECC00EAFD04FF,CC00EAFD04FFEE00EAFD04FFED00D6FD
C:/Users/MadCat/Documents/GitHub/MechwarriorRecomp/research/extract/decoded_pck/HAMPCK_TBL.decoded.bin,pck_object_0048_part_000_choice_000_frame_088,pck_object_0048,pck_object_0048_part_000,pck_object_0048_part_000_choice_000,0,0,88,0x006964,238,0,0x006966,EE00EAFD04FFED00,EAFD04FFED00D6FDDAFE00004207A3FC
C:/Users/MadCat/Documents/GitHub/MechwarriorRecomp/research/extract/decoded_pck/HAMPCK_TBL.decoded.bin,pck_object_0048_part_000_choice_000_frame_089,pck_object_0048,pck_object_0048_part_000,pck_object_0048_part_000_choice_000,0,0,89,0x00696C,214,253,0x00696E,D6FDDAFE00004207,DAFE00004207A3FCEE0023FF3FFEF000
C:/Users/MadCat/Documents/GitHub/MechwarriorRecomp/research/extract/decoded_pck/HAMPCK_TBL.decoded.bin,pck_object_0048_part_000_choice_000_frame_090,pck_object_0048,pck_object_0048_part_000,pck_object_0048_part_000_choice_000,0,0,90,0x006974,163,252,0x006976,A3FCEE0023FF3FFE,EE0023FF3FFEF00036FF68FECD0036FF
C:/Users/MadCat/Documents/GitHub/MechwarriorRecomp/research/extract/decoded_pck/HAMPCK_TBL.decoded.bin,pck_object_0048_part_000_choice_000_frame_091,pck_object_0048,pck_object_0048_part_000,pck_object_0048_part_000_choice_000,0,0,91,0x00697C,240,0,0x00697E,F00036FF68FECD00,36FF68FECD0036FF68FECC0023FF3FFE
C:/Users/MadCat/Documents/GitHub/MechwarriorRecomp/research/extract/decoded_pck/HAMPCK_TBL.decoded.bin,pck_object_0048_part_000_choice_000_frame_092,pck_object_0048,pck_object_0048_part_000,pck_object_0048_part_000_choice_000,0,0,92,0x006984,54,255,0x006986,36FF68FECC0023FF,68FECC0023FF3FFE0000A0FCC0F801F8
C:/Users/MadCat/Documents/GitHub/MechwarriorRecomp/research/extract/decoded_pck/HAMPCK_TBL.decoded.bin,pck_object_0048_part_000_choice_000_frame_093,pck_object_0048,pck_object_0048_part_000,pck_object_0048_part_000_choice_000,0,0,93,0x00698C,63,254,0x00698E,3FFE0000A0FCC0F8,0000A0FCC0F801F81800260000006603
C:/Users/MadCat/Documents/GitHub/MechwarriorRecomp/research/extract/decoded_pck/HAMPCK_TBL.decoded.bin,pck_object_0048_part_000_choice_000_frame_094,pck_object_0048,pck_object_0048_part_000,pck_object_0048_part_000_choice_000,0,0,94,0x006994,1,248,0x006996,01F8180026000000,18002600000066033D07FD07D0FFB3FF
C:/Users/MadCat/Documents/GitHub/MechwarriorRecomp/research/extract/decoded_pck/HAMPCK_TBL.decoded.bin,pck_object_0048_part_000_choice_000_frame_095,pck_object_0048,pck_object_0048_part_000,pck_object_0048_part_000_choice_000,0,0,95,0x00699C,102,3,0x00699E,66033D07FD07D0FF,3D07FD07D0FFB3FF01007A0000000600
C:/Users/MadCat/Documents/GitHub/MechwarriorRecomp/research/extract/decoded_pck/HAMPCK_TBL.decoded.bin,pck_object_0048_part_000_choice_000_frame_096,pck_object_0048,pck_object_0048_part_000,pck_object_0048_part_000_choice_000,0,0,96,0x0069A4,179,255,0x0069A6,B3FF01007A000000,01007A00000006008200040181040808
C:/Users/MadCat/Documents/GitHub/MechwarriorRecomp/research/extract/decoded_pck/HAMPCK_TBL.decoded.bin,pck_object_0048_part_000_choice_000_frame_097,pck_object_0048,pck_object_0048_part_000,pck_object_0048_part_000_choice_000,0,0,97,0x0069AC,6,0,0x0069AE,0600820004018104,82000401810408080801B20081040800
C:/Users/MadCat/Documents/GitHub/MechwarriorRecomp/research/extract/decoded_pck/HAMPCK_TBL.decoded.bin,pck_object_0048_part_000_choice_000_frame_098,pck_object_0048,pck_object_0048_part_000,pck_object_0048_part_000_choice_000,0,0,98,0x0069B4,8,8,0x0069B6,08080801B2008104,0801B200810408000806B70081040800
C:/Users/MadCat/Documents/GitHub/MechwarriorRecomp/research/extract/decoded_pck/HAMPCK_TBL.decoded.bin,pck_object_0048_part_000_choice_000_frame_099,pck_object_0048,pck_object_0048_part_000,pck_object_0048_part_000_choice_000,0,0,99,0x0069BC,8,0,0x0069BE,08000806B7008104,0806B70081040800000BBC0081040808
C:/Users/MadCat/Documents/GitHub/MechwarriorRecomp/research/extract/decoded_pck/HAMPCK_TBL.decoded.bin,pck_object_0048_part_000_choice_000_frame_100,pck_object_0048,pck_object_0048_part_000,pck_object_0048_part_000_choice_000,0,0,100,0x0069C4,8,0,0x0069C6,0800000BBC008104,000BBC0081040808080CC10081040800
C:/Users/MadCat/Documents/GitHub/MechwarriorRecomp/research/extract/decoded_pck/HAMPCK_TBL.decoded.bin,pck_object_0048_part_000_choice_000_frame_101,pck_object_0048,pck_object_0048_part_000,pck_object_0048_part_000_choice_000,0,0,101,0x0069CC,8,8,0x0069CE,0808080CC1008104,080CC10081040800000DC60081040808
C:/Users/MadCat/Documents/GitHub/MechwarriorRecomp/research/extract/decoded_pck/HAMPCK_TBL.decoded.bin,pck_object_0048_part_000_choice_000_frame_102,pck_object_0048,pck_object_0048_part_000,pck_object_0048_part_000_choice_000,0,0,102,0x0069D4,8,0,0x0069D6,0800000DC6008104,000DC60081040808080ECB0002030405
C:/Users/MadCat/Documents/GitHub/MechwarriorRecomp/research/extract/decoded_pck/HAMPCK_TBL.decoded.bin,pck_object_0048_part_000_choice_000_frame_103,pck_object_0048,pck_object_0048_part_000,pck_object_0048_part_000_choice_000,0,0,103,0x0069DC,8,8,0x0069DE,0808080ECB000203,080ECB0002030405FF0708090AFF0507
C:/Users/MadCat/Documents/GitHub/MechwarriorRecomp/research/extract/decoded_pck/HAMPCK_TBL.decoded.bin,pck_object_0048_part_000_choice_000_frame_104,pck_object_0048,pck_object_0048_part_000,pck_object_0048_part_000_choice_000,0,0,104,0x0069E4,4,5,0x0069E6,0405FF0708090AFF,FF0708090AFF05070A02FF020A0903FF
C:/Users/MadCat/Documents/GitHub/MechwarriorRecomp/research/extract/decoded_pck/HAMPCK_TBL.decoded.bin,pck_object_0048_part_000_choice_000_frame_105,pck_object_0048,pck_object_0048_part_000,pck_object_0048_part_000_choice_000,0,0,105,0x0069EC,5,7,0x0069EE,05070A02FF020A09,0A02FF020A0903FF03090804FF040807
C:/Users/MadCat/Documents/GitHub/MechwarriorRecomp/research/extract/decoded_pck/HAMPCK_TBL.decoded.bin,pck_object_0048_part_000_choice_000_frame_106,pck_object_0048,pck_object_0048_part_000,pck_object_0048_part_000_choice_000,0,0,106,0x0069F4,3,255,0x0069F6,03FF03090804FF04,03090804FF04080705FF8000B9020000
C:/Users/MadCat/Documents/GitHub/MechwarriorRecomp/research/extract/decoded_pck/HAMPCK_TBL.decoded.bin,pck_object_0048_part_000_choice_000_frame_107,pck_object_0048,pck_object_0048_part_000,pck_object_0048_part_000_choice_000,0,0,107,0x0069FC,8,7,0x0069FE,080705FF8000B902,05FF8000B90200000000000001000E00
C:/Users/MadCat/Documents/GitHub/MechwarriorRecomp/research/extract/decoded_pck/HAMPCK_TBL.decoded.bin,pck_object_0048_part_000_choice_000_frame_108,pck_object_0048,pck_object_0048_part_000,pck_object_0048_part_000_choice_000,0,0,108,0x006A04,0,0,0x006A06,0000000000000100,0000000001000E00000F160001007000
C:/Users/MadCat/Documents/GitHub/MechwarriorRecomp/research/extract/decoded_pck/HAMPCK_TBL.decoded.bin,pck_object_0048_part_000_choice_000_frame_109,pck_object_0048,pck_object_0048_part_000,pck_object_0048_part_000_choice_000,0,0,109,0x006A0C,14,0,0x006A0E,0E00000F16000100,000F160001007000DC05000000000000
C:/Users/MadCat/Documents/GitHub/MechwarriorRecomp/research/extract/decoded_pck/HAMPCK_TBL.decoded.bin,pck_object_0048_part_000_choice_000_frame_110,pck_object_0048,pck_object_0048_part_000,pck_object_0048_part_000_choice_000,0,0,110,0x006A14,112,0,0x006A16,7000DC0500000000,DC0500000000000009F8B900CC00DAFD
C:/Users/MadCat/Documents/GitHub/MechwarriorRecomp/research/extract/decoded_pck/HAMPCK_TBL.decoded.bin,pck_object_0048_part_000_choice_000_frame_111,pck_object_0048,pck_object_0048_part_000,pck_object_0048_part_000_choice_000,0,0,111,0x006A1C,0,0,0x006A1E,000009F8B900CC00,09F8B900CC00DAFD9CFECD00DEFDC8FE
C:/Users/MadCat/Documents/GitHub/MechwarriorRecomp/research/extract/decoded_pck/HAMPCK_TBL.decoded.bin,pck_object_0048_part_000_choice_000_frame_112,pck_object_0048,pck_object_0048_part_000,pck_object_0048_part_000_choice_000,0,0,112,0x006A24,218,253,0x006A26,DAFD9CFECD00DEFD,9CFECD00DEFDC8FEF000DEFDC8FEEE00
C:/Users/MadCat/Documents/GitHub/MechwarriorRecomp/research/extract/decoded_pck/HAMPCK_TBL.decoded.bin,pck_object_0048_part_000_choice_000_frame_113,pck_object_0048,pck_object_0048_part_000,pck_object_0048_part_000_choice_000,0,0,113,0x006A2C,200,254,0x006A2E,C8FEF000DEFDC8FE,F000DEFDC8FEEE00DAFD9CFE0000F207
C:/Users/MadCat/Documents/GitHub/MechwarriorRecomp/research/extract/decoded_pck/HAMPCK_TBL.decoded.bin,pck_object_0048_part_000_choice_000_frame_114,pck_object_0048,pck_object_0048_part_000,pck_object_0048_part_000_choice_000,0,0,114,0x006A34,238,0,0x006A36,EE00DAFD9CFE0000,DAFD9CFE0000F20719FFEE0046FF7CFE
C:/Users/MadCat/Documents/GitHub/MechwarriorRecomp/research/extract/decoded_pck/HAMPCK_TBL.decoded.bin,pck_object_0048_part_000_choice_000_frame_115,pck_object_0048,pck_object_0048_part_000,pck_object_0048_part_000_choice_000,0,0,115,0x006A3C,242,7,0x006A3E,F20719FFEE0046FF,19FFEE0046FF7CFEF0004BFFA8FECD00
C:/Users/MadCat/Documents/GitHub/MechwarriorRecomp/research/extract/decoded_pck/HAMPCK_TBL.decoded.bin,pck_object_0048_part_000_choice_000_frame_116,pck_object_0048,pck_object_0048_part_000,pck_object_0048_part_000_choice_000,0,0,116,0x006A44,124,254,0x006A46,7CFEF0004BFFA8FE,F0004BFFA8FECD004BFFA8FECC0046FF
C:/Users/MadCat/Documents/GitHub/MechwarriorRecomp/research/extract/decoded_pck/HAMPCK_TBL.decoded.bin,pck_object_0048_part_000_choice_000_frame_117,pck_object_0048,pck_object_0048_part_000,pck_object_0048_part_000_choice_000,0,0,117,0x006A4C,205,0,0x006A4E,CD004BFFA8FECC00,4BFFA8FECC0046FF7CFE00004DFF08F8
C:/Users/MadCat/Documents/GitHub/MechwarriorRecomp/research/extract/decoded_pck/HAMPCK_TBL.decoded.bin,pck_object_0048_part_000_choice_000_frame_118,pck_object_0048,pck_object_0048_part_000,pck_object_0048_part_000_choice_000,0,0,118,0x006A54,70,255,0x006A56,46FF7CFE00004DFF,7CFE00004DFF08F801F804002E000000
C:/Users/MadCat/Documents/GitHub/MechwarriorRecomp/research/extract/decoded_pck/HAMPCK_TBL.decoded.bin,pck_object_0048_part_000_choice_000_frame_119,pck_object_0048,pck_object_0048_part_000,pck_object_0048_part_000_choice_000,0,0,119,0x006A5C,8,248,0x006A5E,08F801F804002E00,01F804002E000000B200F807FD07F8FF
C:/Users/MadCat/Documents/GitHub/MechwarriorRecomp/research/extract/decoded_pck/HAMPCK_TBL.decoded.bin,pck_object_0048_part_000_choice_000_frame_120,pck_object_0048,pck_object_0048_part_000,pck_object_0048_part_000_choice_000,0,0,120,0x006A64,0,0,0x006A66,0000B200F807FD07,B200F807FD07F8FFA4FF010074000000
C:/Users/MadCat/Documents/GitHub/MechwarriorRecomp/research/extract/decoded_pck/HAMPCK_TBL.decoded.bin,pck_object_0048_part_000_choice_000_frame_121,pck_object_0048,pck_object_0048_part_000,pck_object_0048_part_000_choice_000,0,0,121,0x006A6C,248,255,0x006A6E,F8FFA4FF01007400,A4FF01007400000006007C0004018104
C:/Users/MadCat/Documents/GitHub/MechwarriorRecomp/research/extract/decoded_pck/HAMPCK_TBL.decoded.bin,pck_object_0048_part_000_choice_000_frame_122,pck_object_0048,pck_object_0048_part_000,pck_object_0048_part_000_choice_000,0,0,122,0x006A74,0,0,0x006A76,000006007C000401,06007C000401810408080801AC008104
C:/Users/MadCat/Documents/GitHub/MechwarriorRecomp/research/extract/decoded_pck/HAMPCK_TBL.decoded.bin,pck_object_0048_part_000_choice_000_frame_123,pck_object_0048,pck_object_0048_part_000,pck_object_0048_part_000_choice_000,0,0,123,0x006A7C,129,4,0x006A7E,810408080801AC00,08080801AC00810408000806B1008104
C:/Users/MadCat/Documents/GitHub/MechwarriorRecomp/research/extract/decoded_pck/HAMPCK_TBL.decoded.bin,pck_object_0048_part_000_choice_000_frame_124,pck_object_0048,pck_object_0048_part_000,pck_object_0048_part_000_choice_000,0,0,124,0x006A84,129,4,0x006A86,810408000806B100,08000806B10081040800000BB6008104
C:/Users/MadCat/Documents/GitHub/MechwarriorRecomp/research/extract/decoded_pck/HAMPCK_TBL.decoded.bin,pck_object_0048_part_000_choice_000_frame_125,pck_object_0048,pck_object_0048_part_000,pck_object_0048_part_000_choice_000,0,0,125,0x006A8C,129,4,0x006A8E,81040800000BB600,0800000BB60081040808080CBB008104
C:/Users/MadCat/Documents/GitHub/MechwarriorRecomp/research/extract/decoded_pck/HAMPCK_TBL.decoded.bin,pck_object_0048_part_000_choice_000_frame_126,pck_object_0048,pck_object_0048_part_000,pck_object_0048_part_000_choice_000,0,0,126,0x006A94,129,4,0x006A96,81040808080CBB00,0808080CBB0081040800000DC0008104
C:/Users/MadCat/Documents/GitHub/MechwarriorRecomp/research/extract/decoded_pck/HAMPCK_TBL.decoded.bin,pck_object_0048_part_000_choice_000_frame_127,pck_object_0048,pck_object_0048_part_000,pck_object_0048_part_000_choice_000,0,0,127,0x006A9C,129,4,0x006A9E,81040800000DC000,0800000DC00081040808080EC5000203
C:/Users/MadCat/Documents/GitHub/MechwarriorRecomp/research/extract/decoded_pck/HAMPCK_TBL.decoded.bin,pck_object_0048_part_000_choice_000_frame_128,pck_object_0048,pck_object_0048_part_000,pck_object_0048_part_000_choice_000,0,0,128,0x006AA4,129,4,0x006AA6,81040808080EC500,0808080EC50002030405FF0708090AFF
C:/Users/MadCat/Documents/GitHub/MechwarriorRecomp/research/extract/decoded_pck/HAMPCK_TBL.decoded.bin,pck_object_0052_part_000_choice_000_frame_000,pck_object_0052,pck_object_0052_part_000,pck_object_0052_part_000_choice_000,0,0,0,0x006178,128,0,0x00617A,8000690100000000,690100000000000001001600000E1E00
C:/Users/MadCat/Documents/GitHub/MechwarriorRecomp/research/extract/decoded_pck/HAMPCK_TBL.decoded.bin,pck_object_0052_part_000_choice_000_frame_001,pck_object_0052,pck_object_0052_part_000,pck_object_0052_part_000_choice_000,0,0,1,0x006180,0,0,0x006182,000001001600000E,01001600000E1E0001007200AAFFE403
C:/Users/MadCat/Documents/GitHub/MechwarriorRecomp/research/extract/decoded_pck/HAMPCK_TBL.decoded.bin,pck_object_0052_part_000_choice_000_frame_002,pck_object_0052,pck_object_0052_part_000,pck_object_0052_part_000_choice_000,0,0,2,0x006188,30,0,0x00618A,1E0001007200AAFF,01007200AAFFE403E803B0F86E022202
C:/Users/MadCat/Documents/GitHub/MechwarriorRecomp/research/extract/decoded_pck/HAMPCK_TBL.decoded.bin,pck_object_0052_part_000_choice_000_frame_003,pck_object_0052,pck_object_0052_part_000,pck_object_0052_part_000_choice_000,0,0,3,0x006190,228,3,0x006192,E403E803B0F86E02,E803B0F86E022202C5FF11001601DEFF
C:/Users/MadCat/Documents/GitHub/MechwarriorRecomp/research/extract/decoded_pck/HAMPCK_TBL.decoded.bin,pck_object_0052_part_000_choice_000_frame_004,pck_object_0052,pck_object_0052_part_000,pck_object_0052_part_000_choice_000,0,0,4,0x006198,34,2,0x00619A,2202C5FF11001601,C5FF11001601DEFF7A00F400E5FF2B00
C:/Users/MadCat/Documents/GitHub/MechwarriorRecomp/research/extract/decoded_pck/HAMPCK_TBL.decoded.bin,pck_object_0052_part_000_choice_000_frame_005,pck_object_0052,pck_object_0052_part_000,pck_object_0052_part_000_choice_000,0,0,5,0x0061A0,222,255,0x0061A2,DEFF7A00F400E5FF,7A00F400E5FF2B006601CBFFCDFF4401
C:/Users/MadCat/Documents/GitHub/MechwarriorRecomp/research/extract/decoded_pck/HAMPCK_TBL.decoded.bin,pck_object_0052_part_000_choice_000_frame_006,pck_object_0052,pck_object_0052_part_000,pck_object_0052_part_000_choice_000,0,0,6,0x0061A8,43,0,0x0061AA,2B006601CBFFCDFF,6601CBFFCDFF44014907E50296013C00
C:/Users/MadCat/Documents/GitHub/MechwarriorRecomp/research/extract/decoded_pck/HAMPCK_TBL.decoded.bin,pck_object_0052_part_000_choice_000_frame_007,pck_object_0052,pck_object_0052_part_000,pck_object_0052_part_000_choice_000,0,0,7,0x0061B0,68,1,0x0061B2,44014907E5029601,4907E50296013C00D7FF440112002E00
C:/Users/MadCat/Documents/GitHub/MechwarriorRecomp/research/extract/decoded_pck/HAMPCK_TBL.decoded.bin,pck_object_0052_part_000_choice_000_frame_008,pck_object_0052,pck_object_0052_part_000,pck_object_0052_part_000_choice_000,0,0,8,0x0061B8,60,0,0x0061BA,3C00D7FF44011200,D7FF440112002E0066010B007E00F400
C:/Users/MadCat/Documents/GitHub/MechwarriorRecomp/research/extract/decoded_pck/HAMPCK_TBL.decoded.bin,pck_object_0052_part_000_choice_000_frame_009,pck_object_0052,pck_object_0052_part_000,pck_object_0052_part_000_choice_000,0,0,9,0x0061C0,46,0,0x0061C2,2E0066010B007E00,66010B007E00F40036001B0016013000
C:/Users/MadCat/Documents/GitHub/MechwarriorRecomp/research/extract/decoded_pck/HAMPCK_TBL.decoded.bin,pck_object_0052_part_000_choice_000_frame_010,pck_object_0052,pck_object_0052_part_000,pck_object_0052_part_000_choice_000,0,0,10,0x0061C8,244,0,0x0061CA,F40036001B001601,36001B00160130002CFD7A076CFF8306
C:/Users/MadCat/Documents/GitHub/MechwarriorRecomp/research/extract/decoded_pck/HAMPCK_TBL.decoded.bin,pck_object_0052_part_000_choice_000_frame_011,pck_object_0052,pck_object_0052_part_000,pck_object_0052_part_000_choice_000,0,0,11,0x0061D0,48,0,0x0061D2,30002CFD7A076CFF,2CFD7A076CFF83069B0438007EFD69F8
C:/Users/MadCat/Documents/GitHub/MechwarriorRecomp/research/extract/decoded_pck/HAMPCK_TBL.decoded.bin,pck_object_0052_part_000_choice_000_frame_012,pck_object_0052,pck_object_0052_part_000,pck_object_0052_part_000_choice_000,0,0,12,0x0061D8,131,6,0x0061DA,83069B0438007EFD,9B0438007EFD69F80100760000000500
C:/Users/MadCat/Documents/GitHub/MechwarriorRecomp/research/extract/decoded_pck/HAMPCK_TBL.decoded.bin,pck_object_0052_part_000_choice_000_frame_013,pck_object_0052,pck_object_0052_part_000,pck_object_0052_part_000_choice_000,0,0,13,0x0061E0,105,248,0x0061E2,69F8010076000000,01007600000005007E00000081000808
C:/Users/MadCat/Documents/GitHub/MechwarriorRecomp/research/extract/decoded_pck/HAMPCK_TBL.decoded.bin,pck_object_0052_part_000_choice_000_frame_014,pck_object_0052,pck_object_0052_part_000,pck_object_0052_part_000_choice_000,0,0,14,0x0061E8,5,0,0x0061EA,05007E0000008100,7E000000810008080401A60081000808
C:/Users/MadCat/Documents/GitHub/MechwarriorRecomp/research/extract/decoded_pck/HAMPCK_TBL.decoded.bin,pck_object_0052_part_000_choice_000_frame_015,pck_object_0052,pck_object_0052_part_000,pck_object_0052_part_000_choice_000,0,0,15,0x0061F0,8,8,0x0061F2,08080401A6008100,0401A600810008080406AB0081000800
C:/Users/MadCat/Documents/GitHub/MechwarriorRecomp/research/extract/decoded_pck/HAMPCK_TBL.decoded.bin,pck_object_0052_part_000_choice_000_frame_016,pck_object_0052,pck_object_0052_part_000,pck_object_0052_part_000_choice_000,0,0,16,0x0061F8,8,8,0x0061FA,08080406AB008100,0406AB0081000800000BB00081000800
C:/Users/MadCat/Documents/GitHub/MechwarriorRecomp/research/extract/decoded_pck/HAMPCK_TBL.decoded.bin,pck_object_0052_part_000_choice_000_frame_017,pck_object_0052,pck_object_0052_part_000,pck_object_0052_part_000_choice_000,0,0,17,0x006200,8,0,0x006202,0800000BB0008100,000BB00081000800000CB50081000800
C:/Users/MadCat/Documents/GitHub/MechwarriorRecomp/research/extract/decoded_pck/HAMPCK_TBL.decoded.bin,pck_object_0052_part_000_choice_000_frame_018,pck_object_0052,pck_object_0052_part_000,pck_object_0052_part_000_choice_000,0,0,18,0x006208,8,0,0x00620A,0800000CB5008100,000CB50081000800000DBA0002030405
C:/Users/MadCat/Documents/GitHub/MechwarriorRecomp/research/extract/decoded_pck/HAMPCK_TBL.decoded.bin,pck_object_0052_part_000_choice_000_frame_019,pck_object_0052,pck_object_0052_part_000,pck_object_0052_part_000_choice_000,0,0,19,0x006210,8,0,0x006212,0800000DBA000203,000DBA0002030405FF0708090AFF0408
C:/Users/MadCat/Documents/GitHub/MechwarriorRecomp/research/extract/decoded_pck/HAMPCK_TBL.decoded.bin,pck_object_0052_part_000_choice_000_frame_020,pck_object_0052,pck_object_0052_part_000,pck_object_0052_part_000_choice_000,0,0,20,0x006218,4,5,0x00621A,0405FF0708090AFF,FF0708090AFF04080705FF03090804FF
C:/Users/MadCat/Documents/GitHub/MechwarriorRecomp/research/extract/decoded_pck/HAMPCK_TBL.decoded.bin,pck_object_0052_part_000_choice_000_frame_021,pck_object_0052,pck_object_0052_part_000,pck_object_0052_part_000_choice_000,0,0,21,0x006220,4,8,0x006222,04080705FF030908,0705FF03090804FF020A0903FF800069
C:/Users/MadCat/Documents/GitHub/MechwarriorRecomp/research/extract/decoded_pck/HAMPCK_TBL.decoded.bin,pck_object_0052_part_000_choice_000_frame_022,pck_object_0052,pck_object_0052_part_000,pck_object_0052_part_000_choice_000,0,0,22,0x006228,4,255,0x00622A,04FF020A0903FF80,020A0903FF8000690100000000000001
C:/Users/MadCat/Documents/GitHub/MechwarriorRecomp/research/extract/decoded_pck/HAMPCK_TBL.decoded.bin,pck_object_0052_part_000_choice_000_frame_023,pck_object_0052,pck_object_0052_part_000,pck_object_0052_part_000_choice_000,0,0,23,0x006230,0,105,0x006232,0069010000000000,0100000000000001001D00000E250001
C:/Users/MadCat/Documents/GitHub/MechwarriorRecomp/research/extract/decoded_pck/HAMPCK_TBL.decoded.bin,pck_object_0052_part_000_choice_000_frame_024,pck_object_0052,pck_object_0052_part_000,pck_object_0052_part_000_choice_000,0,0,24,0x006238,0,1,0x00623A,0001001D00000E25,001D00000E2500010079000000E803E8
C:/Users/MadCat/Documents/GitHub/MechwarriorRecomp/research/extract/decoded_pck/HAMPCK_TBL.decoded.bin,pck_object_0052_part_000_choice_000_frame_025,pck_object_0052,pck_object_0052_part_000,pck_object_0052_part_000_choice_000,0,0,25,0x006240,0,1,0x006242,00010079000000E8,0079000000E803E803F7F81C032F02C7
C:/Users/MadCat/Documents/GitHub/MechwarriorRecomp/research/extract/decoded_pck/HAMPCK_TBL.decoded.bin,pck_object_0052_part_000_choice_000_frame_026,pck_object_0052,pck_object_0052_part_000,pck_object_0052_part_000_choice_000,0,0,26,0x006248,3,232,0x00624A,03E803F7F81C032F,03F7F81C032F02C7FF16001601EAFF7D
C:/Users/MadCat/Documents/GitHub/MechwarriorRecomp/research/extract/decoded_pck/HAMPCK_TBL.decoded.bin,pck_object_0052_part_000_choice_000_frame_027,pck_object_0052,pck_object_0052_part_000,pck_object_0052_part_000_choice_000,0,0,27,0x006250,2,199,0x006252,02C7FF16001601EA,FF16001601EAFF7D00F400EAFF2D0066
C:/Users/MadCat/Documents/GitHub/MechwarriorRecomp/research/extract/decoded_pck/HAMPCK_TBL.decoded.bin,pck_object_0052_part_000_choice_000_frame_028,pck_object_0052,pck_object_0052_part_000,pck_object_0052_part_000_choice_000,0,0,28,0x006258,255,125,0x00625A,FF7D00F400EAFF2D,00F400EAFF2D006601C7FFD3FF44017D
C:/Users/MadCat/Documents/GitHub/MechwarriorRecomp/research/extract/decoded_pck/HAMPCK_TBL.decoded.bin,pck_object_0052_part_000_choice_000_frame_029,pck_object_0052,pck_object_0052_part_000,pck_object_0052_part_000_choice_000,0,0,29,0x006260,0,102,0x006262,006601C7FFD3FF44,01C7FFD3FF44017D074D029D013900D3
C:/Users/MadCat/Documents/GitHub/MechwarriorRecomp/research/extract/decoded_pck/HAMPCK_TBL.decoded.bin,pck_object_0052_part_000_choice_000_frame_030,pck_object_0052,pck_object_0052_part_000,pck_object_0052_part_000_choice_000,0,0,30,0x006268,1,125,0x00626A,017D074D029D0139,074D029D013900D3FF440116002D0066
C:/Users/MadCat/Documents/GitHub/MechwarriorRecomp/research/extract/decoded_pck/HAMPCK_TBL.decoded.bin,pck_object_0052_part_000_choice_000_frame_031,pck_object_0052,pck_object_0052_part_000,pck_object_0052_part_000_choice_000,0,0,31,0x006270,0,211,0x006272,00D3FF440116002D,FF440116002D00660116007D00F40039
C:/Users/MadCat/Documents/GitHub/MechwarriorRecomp/research/extract/decoded_pck/HAMPCK_TBL.decoded.bin,pck_object_0052_part_000_choice_000_frame_032,pck_object_0052,pck_object_0052_part_000,pck_object_0052_part_000_choice_000,0,0,32,0x006278,0,102,0x00627A,00660116007D00F4,0116007D00F40039001600160100002D
C:/Users/MadCat/Documents/GitHub/MechwarriorRecomp/research/extract/decoded_pck/HAMPCK_TBL.decoded.bin,pck_object_0052_part_000_choice_000_frame_033,pck_object_0052,pck_object_0052_part_000,pck_object_0052_part_000_choice_000,0,0,33,0x006280,0,57,0x006282,0039001600160100,001600160100002DFD7B0700008C0698
C:/Users/MadCat/Documents/GitHub/MechwarriorRecomp/research/extract/decoded_pck/HAMPCK_TBL.decoded.bin,pck_object_0052_part_000_choice_000_frame_034,pck_object_0052,pck_object_0052_part_000,pck_object_0052_part_000_choice_000,0,0,34,0x006288,0,45,0x00628A,002DFD7B0700008C,FD7B0700008C06980400007FFD68F801
C:/Users/MadCat/Documents/GitHub/MechwarriorRecomp/research/extract/decoded_pck/HAMPCK_TBL.decoded.bin,pck_object_0052_part_000_choice_000_frame_035,pck_object_0052,pck_object_0052_part_000,pck_object_0052_part_000_choice_000,0,0,35,0x006290,6,152,0x006292,06980400007FFD68,0400007FFD68F801007D000000050085
C:/Users/MadCat/Documents/GitHub/MechwarriorRecomp/research/extract/decoded_pck/HAMPCK_TBL.decoded.bin,pck_object_0052_part_000_choice_000_frame_036,pck_object_0052,pck_object_0052_part_000,pck_object_0052_part_000_choice_000,0,0,36,0x006298,248,1,0x00629A,F801007D00000005,007D0000000500850000008100080804
C:/Users/MadCat/Documents/GitHub/MechwarriorRecomp/research/extract/decoded_pck/HAMPCK_TBL.decoded.bin,pck_object_0052_part_000_choice_000_frame_037,pck_object_0052,pck_object_0052_part_000,pck_object_0052_part_000_choice_000,0,0,37,0x0062A0,0,133,0x0062A2,0085000000810008,000000810008080401AD008100080804
C:/Users/MadCat/Documents/GitHub/MechwarriorRecomp/research/extract/decoded_pck/HAMPCK_TBL.decoded.bin,pck_object_0052_part_000_choice_000_frame_038,pck_object_0052,pck_object_0052_part_000,pck_object_0052_part_000_choice_000,0,0,38,0x0062A8,8,4,0x0062AA,080401AD00810008,01AD00810008080406B2008100080000
C:/Users/MadCat/Documents/GitHub/MechwarriorRecomp/research/extract/decoded_pck/HAMPCK_TBL.decoded.bin,pck_object_0052_part_000_choice_000_frame_039,pck_object_0052,pck_object_0052_part_000,pck_object_0052_part_000_choice_000,0,0,39,0x0062B0,8,4,0x0062B2,080406B200810008,06B20081000800000BB7008100080000
C:/Users/MadCat/Documents/GitHub/MechwarriorRecomp/research/extract/decoded_pck/HAMPCK_TBL.decoded.bin,pck_object_0052_part_000_choice_000_frame_040,pck_object_0052,pck_object_0052_part_000,pck_object_0052_part_000_choice_000,0,0,40,0x0062B8,0,0,0x0062BA,00000BB700810008,0BB70081000800000CBC008100080000
C:/Users/MadCat/Documents/GitHub/MechwarriorRecomp/research/extract/decoded_pck/HAMPCK_TBL.decoded.bin,pck_object_0052_part_000_choice_000_frame_041,pck_object_0052,pck_object_0052_part_000,pck_object_0052_part_000_choice_000,0,0,41,0x0062C0,0,0,0x0062C2,00000CBC00810008,0CBC0081000800000DC10002030405FF
C:/Users/MadCat/Documents/GitHub/MechwarriorRecomp/research/extract/decoded_pck/HAMPCK_TBL.decoded.bin,pck_object_0052_part_000_choice_000_frame_042,pck_object_0052,pck_object_0052_part_000,pck_object_0052_part_000_choice_000,0,0,42,0x0062C8,0,0,0x0062CA,00000DC100020304,0DC10002030405FF0708090AFF040807
C:/Users/MadCat/Documents/GitHub/MechwarriorRecomp/research/extract/decoded_pck/HAMPCK_TBL.decoded.bin,pck_object_0052_part_000_choice_000_frame_043,pck_object_0052,pck_object_0052_part_000,pck_object_0052_part_000_choice_000,0,0,43,0x0062D0,5,255,0x0062D2,05FF0708090AFF04,0708090AFF04080705FF03090804FF02
C:/Users/MadCat/Documents/GitHub/MechwarriorRecomp/research/extract/decoded_pck/HAMPCK_TBL.decoded.bin,pck_object_0052_part_000_choice_000_frame_044,pck_object_0052,pck_object_0052_part_000,pck_object_0052_part_000_choice_000,0,0,44,0x0062D8,8,7,0x0062DA,080705FF03090804,05FF03090804FF020A0903FF80007001
C:/Users/MadCat/Documents/GitHub/MechwarriorRecomp/research/extract/decoded_pck/HAMPCK_TBL.decoded.bin,pck_object_0052_part_000_choice_000_frame_045,pck_object_0052,pck_object_0052_part_000,pck_object_0052_part_000_choice_000,0,0,45,0x0062E0,255,2,0x0062E2,FF020A0903FF8000,0A0903FF800070010000000000000100
C:/Users/MadCat/Documents/GitHub/MechwarriorRecomp/research/extract/decoded_pck/HAMPCK_TBL.decoded.bin,pck_object_0052_part_000_choice_000_frame_046,pck_object_0052,pck_object_0052_part_000,pck_object_0052_part_000_choice_000,0,0,46,0x0062E8,112,1,0x0062EA,7001000000000000,00000000000001001400000F1C000100
C:/Users/MadCat/Documents/GitHub/MechwarriorRecomp/research/extract/decoded_pck/HAMPCK_TBL.decoded.bin,pck_object_0052_part_000_choice_000_frame_047,pck_object_0052,pck_object_0052_part_000,pck_object_0052_part_000_choice_000,0,0,47,0x0062F0,1,0,0x0062F2,01001400000F1C00,1400000F1C000100760024FA0000FEFF
C:/Users/MadCat/Documents/GitHub/MechwarriorRecomp/research/extract/decoded_pck/HAMPCK_TBL.decoded.bin,pck_object_0052_part_000_choice_000_frame_048,pck_object_0052,pck_object_0052_part_000,pck_object_0052_part_000_choice_000,0,0,48,0x0062F8,1,0,0x0062FA,0100760024FA0000,760024FA0000FEFF000036FD7F070FFF
C:/Users/MadCat/Documents/GitHub/MechwarriorRecomp/research/extract/decoded_pck/HAMPCK_TBL.decoded.bin,pck_object_0052_part_000_choice_000_frame_049,pck_object_0052,pck_object_0052_part_000,pck_object_0052_part_000_choice_000,0,0,49,0x006300,254,255,0x006302,FEFF000036FD7F07,000036FD7F070FFF34FFBE0010FF5FFF
C:/Users/MadCat/Documents/GitHub/MechwarriorRecomp/research/extract/decoded_pck/HAMPCK_TBL.decoded.bin,pck_object_0052_part_000_choice_000_frame_050,pck_object_0052,pck_object_0052_part_000,pck_object_0052_part_000_choice_000,0,0,50,0x006308,15,255,0x00630A,0FFF34FFBE0010FF,34FFBE0010FF5FFFCE0033FF5FFFCE00
C:/Users/MadCat/Documents/GitHub/MechwarriorRecomp/research/extract/decoded_pck/HAMPCK_TBL.decoded.bin,pck_object_0052_part_000_choice_000_frame_051,pck_object_0052,pck_object_0052_part_000,pck_object_0052_part_000_choice_000,0,0,51,0x006310,95,255,0x006312,5FFFCE0033FF5FFF,CE0033FF5FFFCE0032FF34FFBE000000
C:/Users/MadCat/Documents/GitHub/MechwarriorRecomp/research/extract/decoded_pck/HAMPCK_TBL.decoded.bin,pck_object_0052_part_000_choice_000_frame_052,pck_object_0052,pck_object_0052_part_000,pck_object_0052_part_000_choice_000,0,0,52,0x006318,206,0,0x00631A,CE0032FF34FFBE00,32FF34FFBE000000BB027CF832FFB0FF
C:/Users/MadCat/Documents/GitHub/MechwarriorRecomp/research/extract/decoded_pck/HAMPCK_TBL.decoded.bin,pck_object_0052_part_000_choice_000_frame_053,pck_object_0052,pck_object_0052_part_000,pck_object_0052_part_000_choice_000,0,0,53,0x006320,0,0,0x006322,0000BB027CF832FF,BB027CF832FFB0FF67FF33FFDCFF77FF
C:/Users/MadCat/Documents/GitHub/MechwarriorRecomp/research/extract/decoded_pck/HAMPCK_TBL.decoded.bin,pck_object_0052_part_000_choice_000_frame_054,pck_object_0052,pck_object_0052_part_000,pck_object_0052_part_000_choice_000,0,0,54,0x006328,176,255,0x00632A,B0FF67FF33FFDCFF,67FF33FFDCFF77FF10FFDCFF77FF0FFF
C:/Users/MadCat/Documents/GitHub/MechwarriorRecomp/research/extract/decoded_pck/HAMPCK_TBL.decoded.bin,pck_object_0052_part_000_choice_000_frame_055,pck_object_0052,pck_object_0052_part_000,pck_object_0052_part_000_choice_000,0,0,55,0x006330,119,255,0x006332,77FF10FFDCFF77FF,10FFDCFF77FF0FFFB0FF67FF00007AF8
C:/Users/MadCat/Documents/GitHub/MechwarriorRecomp/research/extract/decoded_pck/HAMPCK_TBL.decoded.bin,pck_object_0052_part_000_choice_000_frame_056,pck_object_0052,pck_object_0052_part_000,pck_object_0052_part_000_choice_000,0,0,56,0x006338,15,255,0x00633A,0FFFB0FF67FF0000,B0FF67FF00007AF848FDFF07D7FFF2FF
C:/Users/MadCat/Documents/GitHub/MechwarriorRecomp/research/extract/decoded_pck/HAMPCK_TBL.decoded.bin,pck_object_0052_part_000_choice_000_frame_057,pck_object_0052,pck_object_0052_part_000,pck_object_0052_part_000_choice_000,0,0,57,0x006340,122,248,0x006342,7AF848FDFF07D7FF,48FDFF07D7FFF2FF00008407BD0201F8
C:/Users/MadCat/Documents/GitHub/MechwarriorRecomp/research/extract/decoded_pck/HAMPCK_TBL.decoded.bin,pck_object_0052_part_000_choice_000_frame_058,pck_object_0052,pck_object_0052_part_000,pck_object_0052_part_000_choice_000,0,0,58,0x006348,242,255,0x00634A,F2FF00008407BD02,00008407BD0201F829000E0001007A00
C:/Users/MadCat/Documents/GitHub/MechwarriorRecomp/research/extract/decoded_pck/HAMPCK_TBL.decoded.bin,pck_object_0052_part_000_choice_000_frame_059,pck_object_0052,pck_object_0052_part_000,pck_object_0052_part_000_choice_000,0,0,59,0x006350,1,248,0x006352,01F829000E000100,29000E0001007A000000060082000401
C:/Users/MadCat/Documents/GitHub/MechwarriorRecomp/research/extract/decoded_pck/HAMPCK_TBL.decoded.bin,pck_object_0052_part_000_choice_000_frame_060,pck_object_0052,pck_object_0052_part_000,pck_object_0052_part_000_choice_000,0,0,60,0x006358,122,0,0x00635A,7A00000006008200,0000060082000401810408080801B200
C:/Users/MadCat/Documents/GitHub/MechwarriorRecomp/research/extract/decoded_pck/HAMPCK_TBL.decoded.bin,pck_object_0052_part_000_choice_000_frame_061,pck_object_0052,pck_object_0052_part_000,pck_object_0052_part_000_choice_000,0,0,61,0x006360,4,1,0x006362,0401810408080801,810408080801B200810408000806B700
C:/Users/MadCat/Documents/GitHub/MechwarriorRecomp/research/extract/decoded_pck/HAMPCK_TBL.decoded.bin,pck_object_0052_part_000_choice_000_frame_062,pck_object_0052,pck_object_0052_part_000,pck_object_0052_part_000_choice_000,0,0,62,0x006368,178,0,0x00636A,B200810408000806,810408000806B70081040800000BBC00
C:/Users/MadCat/Documents/GitHub/MechwarriorRecomp/research/extract/decoded_pck/HAMPCK_TBL.decoded.bin,pck_object_0052_part_000_choice_000_frame_063,pck_object_0052,pck_object_0052_part_000,pck_object_0052_part_000_choice_000,0,0,63,0x006370,183,0,0x006372,B70081040800000B,81040800000BBC0081040808080CC100
C:/Users/MadCat/Documents/GitHub/MechwarriorRecomp/research/extract/decoded_pck/HAMPCK_TBL.decoded.bin,pck_object_0052_part_000_choice_000_frame_064,pck_object_0052,pck_object_0052_part_000,pck_object_0052_part_000_choice_000,0,0,64,0x006378,188,0,0x00637A,BC0081040808080C,81040808080CC10081040800000DC600
C:/Users/MadCat/Documents/GitHub/MechwarriorRecomp/research/extract/decoded_pck/HAMPCK_TBL.decoded.bin,pck_object_0052_part_000_choice_000_frame_065,pck_object_0052,pck_object_0052_part_000,pck_object_0052_part_000_choice_000,0,0,65,0x006380,193,0,0x006382,C10081040800000D,81040800000DC60081040808080ECB00
C:/Users/MadCat/Documents/GitHub/MechwarriorRecomp/research/extract/decoded_pck/HAMPCK_TBL.decoded.bin,pck_object_0052_part_000_choice_000_frame_066,pck_object_0052,pck_object_0052_part_000,pck_object_0052_part_000_choice_000,0,0,66,0x006388,198,0,0x00638A,C60081040808080E,81040808080ECB0002030405FF070809
C:/Users/MadCat/Documents/GitHub/MechwarriorRecomp/research/extract/decoded_pck/HAMPCK_TBL.decoded.bin,pck_object_0052_part_000_choice_000_frame_067,pck_object_0052,pck_object_0052_part_000,pck_object_0052_part_000_choice_000,0,0,67,0x006390,203,0,0x006392,CB0002030405FF07,02030405FF0708090AFF05070A02FF04
C:/Users/MadCat/Documents/GitHub/MechwarriorRecomp/research/extract/decoded_pck/HAMPCK_TBL.decoded.bin,pck_object_0052_part_000_choice_000_frame_068,pck_object_0052,pck_object_0052_part_000,pck_object_0052_part_000_choice_000,0,0,68,0x006398,8,9,0x00639A,08090AFF05070A02,0AFF05070A02FF04080705FF03090804
C:/Users/MadCat/Documents/GitHub/MechwarriorRecomp/research/extract/decoded_pck/HAMPCK_TBL.decoded.bin,pck_object_0052_part_000_choice_000_frame_069,pck_object_0052,pck_object_0052_part_000,pck_object_0052_part_000_choice_000,0,0,69,0x0063A0,255,4,0x0063A2,FF04080705FF0309,080705FF03090804FF020A0903FF8000
C:/Users/MadCat/Documents/GitHub/MechwarriorRecomp/research/extract/decoded_pck/HAMPCK_TBL.decoded.bin,pck_object_0052_part_000_choice_000_frame_070,pck_object_0052,pck_object_0052_part_000,pck_object_0052_part_000_choice_000,0,0,70,0x0063A8,8,4,0x0063AA,0804FF020A0903FF,FF020A0903FF8000BD01000000000000
C:/Users/MadCat/Documents/GitHub/MechwarriorRecomp/research/extract/decoded_pck/HAMPCK_TBL.decoded.bin,pck_object_0052_part_000_choice_000_frame_071,pck_object_0052,pck_object_0052_part_000,pck_object_0052_part_000_choice_000,0,0,71,0x0063B0,128,0,0x0063B2,8000BD0100000000,BD0100000000000001000E00000F1600
C:/Users/MadCat/Documents/GitHub/MechwarriorRecomp/research/extract/decoded_pck/HAMPCK_TBL.decoded.bin,pck_object_0052_part_000_choice_000_frame_072,pck_object_0052,pck_object_0052_part_000,pck_object_0052_part_000_choice_000,0,0,72,0x0063B8,0,0,0x0063BA,000001000E00000F,01000E00000F16000100700024FA0000
C:/Users/MadCat/Documents/GitHub/MechwarriorRecomp/research/extract/decoded_pck/HAMPCK_TBL.decoded.bin,pck_object_0052_part_000_choice_000_frame_073,pck_object_0052,pck_object_0052_part_000,pck_object_0052_part_000_choice_000,0,0,73,0x0063C0,22,0,0x0063C2,16000100700024FA,0100700024FA0000FEFF0000E1FA2506
C:/Users/MadCat/Documents/GitHub/MechwarriorRecomp/research/extract/decoded_pck/HAMPCK_TBL.decoded.bin,pck_object_0052_part_000_choice_000_frame_074,pck_object_0052,pck_object_0052_part_000,pck_object_0052_part_000_choice_000,0,0,74,0x0063C8,0,0,0x0063CA,0000FEFF0000E1FA,FEFF0000E1FA25060FFF8EFE3C0010FF
C:/Users/MadCat/Documents/GitHub/MechwarriorRecomp/research/extract/decoded_pck/HAMPCK_TBL.decoded.bin,pck_object_0052_part_000_choice_000_frame_075,pck_object_0052,pck_object_0052_part_000,pck_object_0052_part_000_choice_000,0,0,75,0x0063D0,37,6,0x0063D2,25060FFF8EFE3C00,0FFF8EFE3C0010FFB2FE5A0033FFB2FE
C:/Users/MadCat/Documents/GitHub/MechwarriorRecomp/research/extract/decoded_pck/HAMPCK_TBL.decoded.bin,pck_object_0052_part_000_choice_000_frame_076,pck_object_0052,pck_object_0052_part_000,pck_object_0052_part_000_choice_000,0,0,76,0x0063D8,16,255,0x0063DA,10FFB2FE5A0033FF,B2FE5A0033FFB2FE5A0032FF8EFE3C00
C:/Users/MadCat/Documents/GitHub/MechwarriorRecomp/research/extract/decoded_pck/HAMPCK_TBL.decoded.bin,pck_object_0052_part_000_choice_000_frame_077,pck_object_0052,pck_object_0052_part_000,pck_object_0052_part_000_choice_000,0,0,77,0x0063E0,178,254,0x0063E2,B2FE5A0032FF8EFE,5A0032FF8EFE3C0000001A05D7F932FF
C:/Users/MadCat/Documents/GitHub/MechwarriorRecomp/research/extract/decoded_pck/HAMPCK_TBL.decoded.bin,pck_object_0052_part_000_choice_000_frame_078,pck_object_0052,pck_object_0052_part_000,pck_object_0052_part_000_choice_000,0,0,78,0x0063E8,60,0,0x0063EA,3C0000001A05D7F9,00001A05D7F932FF7AFF25FF33FF9DFF
C:/Users/MadCat/Documents/GitHub/MechwarriorRecomp/research/extract/decoded_pck/HAMPCK_TBL.decoded.bin,pck_object_0052_part_000_choice_000_frame_079,pck_object_0052,pck_object_0052_part_000,pck_object_0052_part_000_choice_000,0,0,79,0x0063F0,50,255,0x0063F2,32FF7AFF25FF33FF,7AFF25FF33FF9DFF42FF10FF9DFF42FF
C:/Users/MadCat/Documents/GitHub/MechwarriorRecomp/research/extract/decoded_pck/HAMPCK_TBL.decoded.bin,pck_object_0052_part_000_choice_000_frame_080,pck_object_0052,pck_object_0052_part_000,pck_object_0052_part_000_choice_000,0,0,80,0x0063F8,157,255,0x0063FA,9DFF42FF10FF9DFF,42FF10FF9DFF42FF0FFF7AFF25FF0000
C:/Users/MadCat/Documents/GitHub/MechwarriorRecomp/research/extract/decoded_pck/HAMPCK_TBL.decoded.bin,pck_object_0052_part_000_choice_000_frame_081,pck_object_0052,pck_object_0052_part_000,pck_object_0052_part_000_choice_000,0,0,81,0x006400,66,255,0x006402,42FF0FFF7AFF25FF,0FFF7AFF25FF0000E5F9D6FAFF07DEFF
C:/Users/MadCat/Documents/GitHub/MechwarriorRecomp/research/extract/decoded_pck/HAMPCK_TBL.decoded.bin,pck_object_0052_part_000_choice_000_frame_082,pck_object_0052,pck_object_0052_part_000,pck_object_0052_part_000_choice_000,0,0,82,0x006408,0,0,0x00640A,0000E5F9D6FAFF07,E5F9D6FAFF07DEFFE4FF000020062405
C:/Users/MadCat/Documents/GitHub/MechwarriorRecomp/research/extract/decoded_pck/HAMPCK_TBL.decoded.bin,pck_object_0052_part_000_choice_000_frame_083,pck_object_0052,pck_object_0052_part_000,pck_object_0052_part_000_choice_000,0,0,83,0x006410,222,255,0x006412,DEFFE4FF00002006,E4FF00002006240501F822001D000100
C:/Users/MadCat/Documents/GitHub/MechwarriorRecomp/research/extract/decoded_pck/HAMPCK_TBL.decoded.bin,pck_object_0052_part_000_choice_000_frame_084,pck_object_0052,pck_object_0052_part_000,pck_object_0052_part_000_choice_000,0,0,84,0x006418,36,5,0x00641A,240501F822001D00,01F822001D0001007400000006007C00
C:/Users/MadCat/Documents/GitHub/MechwarriorRecomp/research/extract/decoded_pck/HAMPCK_TBL.decoded.bin,pck_object_0052_part_000_choice_000_frame_085,pck_object_0052,pck_object_0052_part_000,pck_object_0052_part_000_choice_000,0,0,85,0x006420,1,0,0x006422,0100740000000600,7400000006007C000401810408080801
C:/Users/MadCat/Documents/GitHub/MechwarriorRecomp/research/extract/decoded_pck/HAMPCK_TBL.decoded.bin,pck_object_0052_part_000_choice_000_frame_086,pck_object_0052,pck_object_0052_part_000,pck_object_0052_part_000_choice_000,0,0,86,0x006428,124,0,0x00642A,7C00040181040808,0401810408080801AC00810408000806
C:/Users/MadCat/Documents/GitHub/MechwarriorRecomp/research/extract/decoded_pck/HAMPCK_TBL.decoded.bin,pck_object_0052_part_000_choice_000_frame_087,pck_object_0052,pck_object_0052_part_000,pck_object_0052_part_000_choice_000,0,0,87,0x006430,8,1,0x006432,0801AC0081040800,AC00810408000806B10081040800000B
C:/Users/MadCat/Documents/GitHub/MechwarriorRecomp/research/extract/decoded_pck/HAMPCK_TBL.decoded.bin,pck_object_0052_part_000_choice_000_frame_088,pck_object_0052,pck_object_0052_part_000,pck_object_0052_part_000_choice_000,0,0,88,0x006438,8,6,0x00643A,0806B10081040800,B10081040800000BB60081040808080C
C:/Users/MadCat/Documents/GitHub/MechwarriorRecomp/research/extract/decoded_pck/HAMPCK_TBL.decoded.bin,pck_object_0052_part_000_choice_000_frame_089,pck_object_0052,pck_object_0052_part_000,pck_object_0052_part_000_choice_000,0,0,89,0x006440,0,11,0x006442,000BB60081040808,B60081040808080CBB0081040800000D
C:/Users/MadCat/Documents/GitHub/MechwarriorRecomp/research/extract/decoded_pck/HAMPCK_TBL.decoded.bin,pck_object_0052_part_000_choice_000_frame_090,pck_object_0052,pck_object_0052_part_000,pck_object_0052_part_000_choice_000,0,0,90,0x006448,8,12,0x00644A,080CBB0081040800,BB0081040800000DC00081040808080E
C:/Users/MadCat/Documents/GitHub/MechwarriorRecomp/research/extract/decoded_pck/HAMPCK_TBL.decoded.bin,pck_object_0052_part_000_choice_000_frame_091,pck_object_0052,pck_object_0052_part_000,pck_object_0052_part_000_choice_000,0,0,91,0x006450,0,13,0x006452,000DC00081040808,C00081040808080EC50002030405FF07
C:/Users/MadCat/Documents/GitHub/MechwarriorRecomp/research/extract/decoded_pck/HAMPCK_TBL.decoded.bin,pck_object_0052_part_000_choice_000_frame_092,pck_object_0052,pck_object_0052_part_000,pck_object_0052_part_000_choice_000,0,0,92,0x006458,8,14,0x00645A,080EC50002030405,C50002030405FF0708090AFF05070A02
C:/Users/MadCat/Documents/GitHub/MechwarriorRecomp/research/extract/decoded_pck/HAMPCK_TBL.decoded.bin,pck_object_0052_part_000_choice_000_frame_093,pck_object_0052,pck_object_0052_part_000,pck_object_0052_part_000_choice_000,0,0,93,0x006460,255,7,0x006462,FF0708090AFF0507,08090AFF05070A02FF04080705FF0309
C:/Users/MadCat/Documents/GitHub/MechwarriorRecomp/research/extract/decoded_pck/HAMPCK_TBL.decoded.bin,pck_object_0052_part_000_choice_000_frame_094,pck_object_0052,pck_object_0052_part_000,pck_object_0052_part_000_choice_000,0,0,94,0x006468,10,2,0x00646A,0A02FF04080705FF,FF04080705FF03090804FF020A0903FF
C:/Users/MadCat/Documents/GitHub/MechwarriorRecomp/research/extract/decoded_pck/HAMPCK_TBL.decoded.bin,pck_object_0052_part_000_choice_000_frame_095,pck_object_0052,pck_object_0052_part_000,pck_object_0052_part_000_choice_000,0,0,95,0x006470,3,9,0x006472,03090804FF020A09,0804FF020A0903FF8000450200000000
C:/Users/MadCat/Documents/GitHub/MechwarriorRecomp/research/extract/decoded_pck/HAMPCK_TBL.decoded.bin,pck_object_0052_part_000_choice_000_frame_096,pck_object_0052,pck_object_0052_part_000,pck_object_0052_part_000_choice_000,0,0,96,0x006478,3,255,0x00647A,03FF800045020000,8000450200000000000001001800000F
C:/Users/MadCat/Documents/GitHub/MechwarriorRecomp/research/extract/decoded_pck/HAMPCK_TBL.decoded.bin,pck_object_0052_part_000_choice_000_frame_097,pck_object_0052,pck_object_0052_part_000,pck_object_0052_part_000_choice_000,0,0,97,0x006480,0,0,0x006482,0000000001001800,000001001800000F200001007A0024FA
C:/Users/MadCat/Documents/GitHub/MechwarriorRecomp/research/extract/decoded_pck/HAMPCK_TBL.decoded.bin,pck_object_0052_part_000_choice_000_frame_098,pck_object_0052,pck_object_0052_part_000,pck_object_0052_part_000_choice_000,0,0,98,0x006488,0,15,0x00648A,000F200001007A00,200001007A0024FA0000FFFF000011F9
C:/Users/MadCat/Documents/GitHub/MechwarriorRecomp/research/extract/decoded_pck/HAMPCK_TBL.decoded.bin,pck_object_0052_part_000_choice_000_frame_099,pck_object_0052,pck_object_0052_part_000,pck_object_0052_part_000_choice_000,0,0,99,0x006490,36,250,0x006492,24FA0000FFFF0000,0000FFFF000011F9FC030FFFFFFD7EFF
C:/Users/MadCat/Documents/GitHub/MechwarriorRecomp/research/extract/decoded_pck/HAMPCK_TBL.decoded.bin,pck_object_0052_part_000_choice_000_frame_100,pck_object_0052,pck_object_0052_part_000,pck_object_0052_part_000_choice_000,0,0,100,0x006498,17,249,0x00649A,11F9FC030FFFFFFD,FC030FFFFFFD7EFF10FF16FEA6FF33FF
C:/Users/MadCat/Documents/GitHub/MechwarriorRecomp/research/extract/decoded_pck/HAMPCK_TBL.decoded.bin,pck_object_0052_part_000_choice_000_frame_101,pck_object_0052,pck_object_0052_part_000,pck_object_0052_part_000_choice_000,0,0,101,0x0064A0,126,255,0x0064A2,7EFF10FF16FEA6FF,10FF16FEA6FF33FF16FEA6FF32FFFFFD
C:/Users/MadCat/Documents/GitHub/MechwarriorRecomp/research/extract/decoded_pck/HAMPCK_TBL.decoded.bin,pck_object_0052_part_000_choice_000_frame_102,pck_object_0052,pck_object_0052_part_000,pck_object_0052_part_000_choice_000,0,0,102,0x0064A8,51,255,0x0064AA,33FF16FEA6FF32FF,16FEA6FF32FFFFFD7EFF0000EF0604FC
C:/Users/MadCat/Documents/GitHub/MechwarriorRecomp/research/extract/decoded_pck/HAMPCK_TBL.decoded.bin,pck_object_0052_part_000_choice_000_frame_103,pck_object_0052,pck_object_0052_part_000,pck_object_0052_part_000_choice_000,0,0,103,0x0064B0,255,253,0x0064B2,FFFD7EFF0000EF06,7EFF0000EF0604FC32FF3CFFC7FE33FF
C:/Users/MadCat/Documents/GitHub/MechwarriorRecomp/research/extract/decoded_pck/HAMPCK_TBL.decoded.bin,pck_object_0052_part_000_choice_000_frame_104,pck_object_0052,pck_object_0052_part_000,pck_object_0052_part_000_choice_000,0,0,104,0x0064B8,4,252,0x0064BA,04FC32FF3CFFC7FE,32FF3CFFC7FE33FF53FFEFFE10FF53FF
C:/Users/MadCat/Documents/GitHub/MechwarriorRecomp/research/extract/decoded_pck/HAMPCK_TBL.decoded.bin,pck_object_0052_part_000_choice_000_frame_105,pck_object_0052,pck_object_0052_part_000,pck_object_0052_part_000_choice_000,0,0,105,0x0064C0,51,255,0x0064C2,33FF53FFEFFE10FF,53FFEFFE10FF53FFEFFE0FFF3CFFC7FE
C:/Users/MadCat/Documents/GitHub/MechwarriorRecomp/research/extract/decoded_pck/HAMPCK_TBL.decoded.bin,pck_object_0052_part_000_choice_000_frame_106,pck_object_0052,pck_object_0052_part_000,pck_object_0052_part_000_choice_000,0,0,106,0x0064C8,83,255,0x0064CA,53FFEFFE0FFF3CFF,EFFE0FFF3CFFC7FE000001FC13F9FF07
C:/Users/MadCat/Documents/GitHub/MechwarriorRecomp/research/extract/decoded_pck/HAMPCK_TBL.decoded.bin,pck_object_0052_part_000_choice_000_frame_107,pck_object_0052,pck_object_0052_part_000,pck_object_0052_part_000_choice_000,0,0,107,0x0064D0,199,254,0x0064D2,C7FE000001FC13F9,000001FC13F9FF07EAFFDAFF0000FF03
C:/Users/MadCat/Documents/GitHub/MechwarriorRecomp/research/extract/decoded_pck/HAMPCK_TBL.decoded.bin,pck_object_0052_part_000_choice_000_frame_108,pck_object_0052,pck_object_0052_part_000,pck_object_0052_part_000_choice_000,0,0,108,0x0064D8,255,7,0x0064DA,FF07EAFFDAFF0000,EAFFDAFF0000FF03ED0601F816002600
C:/Users/MadCat/Documents/GitHub/MechwarriorRecomp/research/extract/decoded_pck/HAMPCK_TBL.decoded.bin,pck_object_0052_part_000_choice_000_frame_109,pck_object_0052,pck_object_0052_part_000,pck_object_0052_part_000_choice_000,0,0,109,0x0064E0,255,3,0x0064E2,FF03ED0601F81600,ED0601F81600260001007E0000000600
C:/Users/MadCat/Documents/GitHub/MechwarriorRecomp/research/extract/decoded_pck/HAMPCK_TBL.decoded.bin,pck_object_0052_part_000_choice_000_frame_110,pck_object_0052,pck_object_0052_part_000,pck_object_0052_part_000_choice_000,0,0,110,0x0064E8,38,0,0x0064EA,260001007E000000,01007E00000006008600040181040808
C:/Users/MadCat/Documents/GitHub/MechwarriorRecomp/research/extract/decoded_pck/HAMPCK_TBL.decoded.bin,pck_object_0052_part_000_choice_000_frame_111,pck_object_0052,pck_object_0052_part_000,pck_object_0052_part_000_choice_000,0,0,111,0x0064F0,6,0,0x0064F2,0600860004018104,86000401810408080801B60081040800
C:/Users/MadCat/Documents/GitHub/MechwarriorRecomp/research/extract/decoded_pck/HAMPCK_TBL.decoded.bin,pck_object_0052_part_000_choice_000_frame_112,pck_object_0052,pck_object_0052_part_000,pck_object_0052_part_000_choice_000,0,0,112,0x0064F8,8,8,0x0064FA,08080801B6008104,0801B600810408000806BB0081040800
C:/Users/MadCat/Documents/GitHub/MechwarriorRecomp/research/extract/decoded_pck/HAMPCK_TBL.decoded.bin,pck_object_0052_part_000_choice_000_frame_113,pck_object_0052,pck_object_0052_part_000,pck_object_0052_part_000_choice_000,0,0,113,0x006500,8,0,0x006502,08000806BB008104,0806BB0081040800000BC00081040808
C:/Users/MadCat/Documents/GitHub/MechwarriorRecomp/research/extract/decoded_pck/HAMPCK_TBL.decoded.bin,pck_object_0052_part_000_choice_000_frame_114,pck_object_0052,pck_object_0052_part_000,pck_object_0052_part_000_choice_000,0,0,114,0x006508,8,0,0x00650A,0800000BC0008104,000BC00081040808080CC50081040800
C:/Users/MadCat/Documents/GitHub/MechwarriorRecomp/research/extract/decoded_pck/HAMPCK_TBL.decoded.bin,pck_object_0052_part_000_choice_000_frame_115,pck_object_0052,pck_object_0052_part_000,pck_object_0052_part_000_choice_000,0,0,115,0x006510,8,8,0x006512,0808080CC5008104,080CC50081040800000DCA0081040808
C:/Users/MadCat/Documents/GitHub/MechwarriorRecomp/research/extract/decoded_pck/HAMPCK_TBL.decoded.bin,pck_object_0052_part_000_choice_000_frame_116,pck_object_0052,pck_object_0052_part_000,pck_object_0052_part_000_choice_000,0,0,116,0x006518,8,0,0x00651A,0800000DCA008104,000DCA0081040808080ECF0002030405
C:/Users/MadCat/Documents/GitHub/MechwarriorRecomp/research/extract/decoded_pck/HAMPCK_TBL.decoded.bin,pck_object_0052_part_000_choice_000_frame_117,pck_object_0052,pck_object_0052_part_000,pck_object_0052_part_000_choice_000,0,0,117,0x006520,8,8,0x006522,0808080ECF000203,080ECF0002030405FF0708090AFF0507
C:/Users/MadCat/Documents/GitHub/MechwarriorRecomp/research/extract/decoded_pck/HAMPCK_TBL.decoded.bin,pck_object_0052_part_000_choice_000_frame_118,pck_object_0052,pck_object_0052_part_000,pck_object_0052_part_000_choice_000,0,0,118,0x006528,4,5,0x00652A,0405FF0708090AFF,FF0708090AFF05070A02FF04080705FF
C:/Users/MadCat/Documents/GitHub/MechwarriorRecomp/research/extract/decoded_pck/HAMPCK_TBL.decoded.bin,pck_object_0052_part_000_choice_000_frame_119,pck_object_0052,pck_object_0052_part_000,pck_object_0052_part_000_choice_000,0,0,119,0x006530,5,7,0x006532,05070A02FF040807,0A02FF04080705FF03090804FF020A09
C:/Users/MadCat/Documents/GitHub/MechwarriorRecomp/research/extract/decoded_pck/HAMPCK_TBL.decoded.bin,pck_object_0052_part_000_choice_000_frame_120,pck_object_0052,pck_object_0052_part_000,pck_object_0052_part_000_choice_000,0,0,120,0x006538,5,255,0x00653A,05FF03090804FF02,03090804FF020A0903FF8000A0020000
C:/Users/MadCat/Documents/GitHub/MechwarriorRecomp/research/extract/decoded_pck/HAMPCK_TBL.decoded.bin,pck_object_0052_part_000_choice_000_frame_121,pck_object_0052,pck_object_0052_part_000,pck_object_0052_part_000_choice_000,0,0,121,0x006540,10,9,0x006542,0A0903FF8000A002,03FF8000A00200000000000001001200
C:/Users/MadCat/Documents/GitHub/MechwarriorRecomp/research/extract/decoded_pck/HAMPCK_TBL.decoded.bin,pck_object_0052_part_000_choice_000_frame_122,pck_object_0052,pck_object_0052_part_000,pck_object_0052_part_000_choice_000,0,0,122,0x006548,0,0,0x00654A,0000000000000100,0000000001001200000F1A0001007400
C:/Users/MadCat/Documents/GitHub/MechwarriorRecomp/research/extract/decoded_pck/HAMPCK_TBL.decoded.bin,pck_object_0052_part_000_choice_000_frame_123,pck_object_0052,pck_object_0052_part_000,pck_object_0052_part_000_choice_000,0,0,123,0x006550,18,0,0x006552,1200000F1A000100,000F1A000100740024FAFFFFFDFF0000
C:/Users/MadCat/Documents/GitHub/MechwarriorRecomp/research/extract/decoded_pck/HAMPCK_TBL.decoded.bin,pck_object_0052_part_000_choice_000_frame_124,pck_object_0052,pck_object_0052_part_000,pck_object_0052_part_000_choice_000,0,0,124,0x006558,116,0,0x00655A,740024FAFFFFFDFF,24FAFFFFFDFF0000C7F870030EFFD6FD
C:/Users/MadCat/Documents/GitHub/MechwarriorRecomp/research/extract/decoded_pck/HAMPCK_TBL.decoded.bin,pck_object_0052_part_000_choice_000_frame_125,pck_object_0052,pck_object_0052_part_000,pck_object_0052_part_000_choice_000,0,0,125,0x006560,0,0,0x006562,0000C7F870030EFF,C7F870030EFFD6FDDAFE0FFFEAFD04FF
C:/Users/MadCat/Documents/GitHub/MechwarriorRecomp/research/extract/decoded_pck/HAMPCK_TBL.decoded.bin,pck_object_0054_part_000_choice_000_frame_000,pck_object_0054,pck_object_0054_part_000,pck_object_0054_part_000_choice_000,0,0,0,0x006368,178,0,0x00636A,B200810408000806,810408000806B70081040800000BBC00
C:/Users/MadCat/Documents/GitHub/MechwarriorRecomp/research/extract/decoded_pck/HAMPCK_TBL.decoded.bin,pck_object_0054_part_000_choice_000_frame_001,pck_object_0054,pck_object_0054_part_000,pck_object_0054_part_000_choice_000,0,0,1,0x006370,183,0,0x006372,B70081040800000B,81040800000BBC0081040808080CC100
C:/Users/MadCat/Documents/GitHub/MechwarriorRecomp/research/extract/decoded_pck/HAMPCK_TBL.decoded.bin,pck_object_0054_part_000_choice_000_frame_002,pck_object_0054,pck_object_0054_part_000,pck_object_0054_part_000_choice_000,0,0,2,0x006378,188,0,0x00637A,BC0081040808080C,81040808080CC10081040800000DC600
C:/Users/MadCat/Documents/GitHub/MechwarriorRecomp/research/extract/decoded_pck/HAMPCK_TBL.decoded.bin,pck_object_0054_part_000_choice_000_frame_003,pck_object_0054,pck_object_0054_part_000,pck_object_0054_part_000_choice_000,0,0,3,0x006380,193,0,0x006382,C10081040800000D,81040800000DC60081040808080ECB00
C:/Users/MadCat/Documents/GitHub/MechwarriorRecomp/research/extract/decoded_pck/HAMPCK_TBL.decoded.bin,pck_object_0054_part_000_choice_000_frame_004,pck_object_0054,pck_object_0054_part_000,pck_object_0054_part_000_choice_000,0,0,4,0x006388,198,0,0x00638A,C60081040808080E,81040808080ECB0002030405FF070809
C:/Users/MadCat/Documents/GitHub/MechwarriorRecomp/research/extract/decoded_pck/HAMPCK_TBL.decoded.bin,pck_object_0054_part_000_choice_000_frame_005,pck_object_0054,pck_object_0054_part_000,pck_object_0054_part_000_choice_000,0,0,5,0x006390,203,0,0x006392,CB0002030405FF07,02030405FF0708090AFF05070A02FF04
C:/Users/MadCat/Documents/GitHub/MechwarriorRecomp/research/extract/decoded_pck/HAMPCK_TBL.decoded.bin,pck_object_0055_part_000_choice_000_frame_000,pck_object_0055,pck_object_0055_part_000,pck_object_0055_part_000_choice_000,0,0,0,0x006424,0,0,0x006426,000006007C000401,06007C000401810408080801AC008104
C:/Users/MadCat/Documents/GitHub/MechwarriorRecomp/research/extract/decoded_pck/HAMPCK_TBL.decoded.bin,pck_object_0059_part_000_choice_000_frame_000,pck_object_0059,pck_object_0059_part_000,pck_object_0059_part_000_choice_000,0,0,0,0x0067DC,0,0,0x0067DE,00001A05D7F9EE00,1A05D7F9EE007AFF25FFF0009DFF42FF
C:/Users/MadCat/Documents/GitHub/MechwarriorRecomp/research/extract/decoded_pck/HAMPCK_TBL.decoded.bin,pck_object_0059_part_000_choice_000_frame_001,pck_object_0059,pck_object_0059_part_000,pck_object_0059_part_000_choice_000,0,0,1,0x0067E4,122,255,0x0067E6,7AFF25FFF0009DFF,25FFF0009DFF42FFCD009DFF42FFCC00
C:/Users/MadCat/Documents/GitHub/MechwarriorRecomp/research/extract/decoded_pck/HAMPCK_TBL.decoded.bin,pck_object_0059_part_000_choice_000_frame_002,pck_object_0059,pck_object_0059_part_000,pck_object_0059_part_000_choice_000,0,0,2,0x0067EC,66,255,0x0067EE,42FFCD009DFF42FF,CD009DFF42FFCC007AFF25FF0000E5F9
C:/Users/MadCat/Documents/GitHub/MechwarriorRecomp/research/extract/decoded_pck/HAMPCK_TBL.decoded.bin,pck_object_0059_part_000_choice_000_frame_003,pck_object_0059,pck_object_0059_part_000,pck_object_0059_part_000_choice_000,0,0,3,0x0067F4,204,0,0x0067F6,CC007AFF25FF0000,7AFF25FF0000E5F9D6FA01F822001D00
C:/Users/MadCat/Documents/GitHub/MechwarriorRecomp/research/extract/decoded_pck/HAMPCK_TBL.decoded.bin,pck_object_0059_part_000_choice_000_frame_004,pck_object_0059,pck_object_0059_part_000,pck_object_0059_part_000_choice_000,0,0,4,0x0067FC,229,249,0x0067FE,E5F9D6FA01F82200,D6FA01F822001D00000020062405FE07
C:/Users/MadCat/Documents/GitHub/MechwarriorRecomp/research/extract/decoded_pck/HAMPCK_TBL.decoded.bin,pck_object_0059_part_000_choice_000_frame_005,pck_object_0059,pck_object_0059_part_000,pck_object_0059_part_000_choice_000,0,0,5,0x006804,29,0,0x006806,1D00000020062405,000020062405FE07BCFFC7FF01007600
C:/Users/MadCat/Documents/GitHub/MechwarriorRecomp/research/extract/decoded_pck/HAMPCK_TBL.decoded.bin,pck_object_0059_part_000_choice_000_frame_006,pck_object_0059,pck_object_0059_part_000,pck_object_0059_part_000_choice_000,0,0,6,0x00680C,254,7,0x00680E,FE07BCFFC7FF0100,BCFFC7FF01007600000006007E000401
C:/Users/MadCat/Documents/GitHub/MechwarriorRecomp/research/extract/decoded_pck/HAMPCK_TBL.decoded.bin,pck_object_0059_part_000_choice_000_frame_007,pck_object_0059,pck_object_0059_part_000,pck_object_0059_part_000_choice_000,0,0,7,0x006814,118,0,0x006816,7600000006007E00,000006007E000401810408080801AE00
C:/Users/MadCat/Documents/GitHub/MechwarriorRecomp/research/extract/decoded_pck/HAMPCK_TBL.decoded.bin,pck_object_0059_part_000_choice_000_frame_008,pck_object_0059,pck_object_0059_part_000,pck_object_0059_part_000_choice_000,0,0,8,0x00681C,4,1,0x00681E,0401810408080801,810408080801AE00810408000806B300
C:/Users/MadCat/Documents/GitHub/MechwarriorRecomp/research/extract/decoded_pck/HAMPCK_TBL.decoded.bin,pck_object_0059_part_000_choice_000_frame_009,pck_object_0059,pck_object_0059_part_000,pck_object_0059_part_000_choice_000,0,0,9,0x006824,174,0,0x006826,AE00810408000806,810408000806B30081040800000BB800
C:/Users/MadCat/Documents/GitHub/MechwarriorRecomp/research/extract/decoded_pck/HAMPCK_TBL.decoded.bin,pck_object_0059_part_000_choice_000_frame_010,pck_object_0059,pck_object_0059_part_000,pck_object_0059_part_000_choice_000,0,0,10,0x00682C,179,0,0x00682E,B30081040800000B,81040800000BB80081040808080CBD00
C:/Users/MadCat/Documents/GitHub/MechwarriorRecomp/research/extract/decoded_pck/HAMPCK_TBL.decoded.bin,pck_object_0059_part_000_choice_000_frame_011,pck_object_0059,pck_object_0059_part_000,pck_object_0059_part_000_choice_000,0,0,11,0x006834,184,0,0x006836,B80081040808080C,81040808080CBD0081040800000DC200
C:/Users/MadCat/Documents/GitHub/MechwarriorRecomp/research/extract/decoded_pck/HAMPCK_TBL.decoded.bin,pck_object_0059_part_000_choice_000_frame_012,pck_object_0059,pck_object_0059_part_000,pck_object_0059_part_000_choice_000,0,0,12,0x00683C,189,0,0x00683E,BD0081040800000D,81040800000DC20081040808080EC700
C:/Users/MadCat/Documents/GitHub/MechwarriorRecomp/research/extract/decoded_pck/HAMPCK_TBL.decoded.bin,pck_object_0059_part_000_choice_000_frame_013,pck_object_0059,pck_object_0059_part_000,pck_object_0059_part_000_choice_000,0,0,13,0x006844,194,0,0x006846,C20081040808080E,81040808080EC70002030405FF070809
C:/Users/MadCat/Documents/GitHub/MechwarriorRecomp/research/extract/decoded_pck/HAMPCK_TBL.decoded.bin,pck_object_0059_part_000_choice_000_frame_014,pck_object_0059,pck_object_0059_part_000,pck_object_0059_part_000_choice_000,0,0,14,0x00684C,199,0,0x00684E,C70002030405FF07,02030405FF0708090AFF05070A02FF02
C:/Users/MadCat/Documents/GitHub/MechwarriorRecomp/research/extract/decoded_pck/HAMPCK_TBL.decoded.bin,pck_object_0059_part_000_choice_000_frame_015,pck_object_0059,pck_object_0059_part_000,pck_object_0059_part_000_choice_000,0,0,15,0x006854,8,9,0x006856,08090AFF05070A02,0AFF05070A02FF020A0903FF03090804
C:/Users/MadCat/Documents/GitHub/MechwarriorRecomp/research/extract/decoded_pck/HAMPCK_TBL.decoded.bin,pck_object_0059_part_000_choice_000_frame_016,pck_object_0059,pck_object_0059_part_000,pck_object_0059_part_000_choice_000,0,0,16,0x00685C,255,2,0x00685E,FF020A0903FF0309,0A0903FF03090804FF04080705FF8000
C:/Users/MadCat/Documents/GitHub/MechwarriorRecomp/research/extract/decoded_pck/HAMPCK_TBL.decoded.bin,pck_object_0059_part_000_choice_000_frame_017,pck_object_0059,pck_object_0059_part_000,pck_object_0059_part_000_choice_000,0,0,17,0x006864,8,4,0x006866,0804FF04080705FF,FF04080705FF80004402000000000000
C:/Users/MadCat/Documents/GitHub/MechwarriorRecomp/research/extract/decoded_pck/HAMPCK_TBL.decoded.bin,pck_object_0059_part_000_choice_000_frame_018,pck_object_0059,pck_object_0059_part_000,pck_object_0059_part_000_choice_000,0,0,18,0x00686C,128,0,0x00686E,8000440200000000,440200000000000001001A00000F2200
C:/Users/MadCat/Documents/GitHub/MechwarriorRecomp/research/extract/decoded_pck/HAMPCK_TBL.decoded.bin,pck_object_0059_part_000_choice_000_frame_019,pck_object_0059,pck_object_0059_part_000,pck_object_0059_part_000_choice_000,0,0,19,0x006874,0,0,0x006876,000001001A00000F,01001A00000F220001007C00DC050000
C:/Users/MadCat/Documents/GitHub/MechwarriorRecomp/research/extract/decoded_pck/HAMPCK_TBL.decoded.bin,pck_object_0059_part_000_choice_000_frame_020,pck_object_0059,pck_object_0059_part_000,pck_object_0059_part_000_choice_000,0,0,20,0x00687C,34,0,0x00687E,220001007C00DC05,01007C00DC0500000000000011F9FC03
C:/Users/MadCat/Documents/GitHub/MechwarriorRecomp/research/extract/decoded_pck/HAMPCK_TBL.decoded.bin,pck_object_0059_part_000_choice_000_frame_021,pck_object_0059,pck_object_0059_part_000,pck_object_0059_part_000_choice_000,0,0,21,0x006884,0,0,0x006886,00000000000011F9,0000000011F9FC03CC00FFFD7EFFCD00
C:/Users/MadCat/Documents/GitHub/MechwarriorRecomp/research/extract/decoded_pck/HAMPCK_TBL.decoded.bin,pck_object_0059_part_000_choice_000_frame_022,pck_object_0059,pck_object_0059_part_000,pck_object_0059_part_000_choice_000,0,0,22,0x00688C,252,3,0x00688E,FC03CC00FFFD7EFF,CC00FFFD7EFFCD0016FEA6FFF00016FE
C:/Users/MadCat/Documents/GitHub/MechwarriorRecomp/research/extract/decoded_pck/HAMPCK_TBL.decoded.bin,pck_object_0059_part_000_choice_000_frame_023,pck_object_0059,pck_object_0059_part_000,pck_object_0059_part_000_choice_000,0,0,23,0x006894,205,0,0x006896,CD0016FEA6FFF000,16FEA6FFF00016FEA6FFEE00FFFD7EFF
C:/Users/MadCat/Documents/GitHub/MechwarriorRecomp/research/extract/decoded_pck/HAMPCK_TBL.decoded.bin,pck_object_0059_part_000_choice_000_frame_024,pck_object_0059,pck_object_0059_part_000,pck_object_0059_part_000_choice_000,0,0,24,0x00689C,22,254,0x00689E,16FEA6FFEE00FFFD,A6FFEE00FFFD7EFF0000EF0604FCEE00
C:/Users/MadCat/Documents/GitHub/MechwarriorRecomp/research/extract/decoded_pck/HAMPCK_TBL.decoded.bin,pck_object_0059_part_000_choice_000_frame_025,pck_object_0059,pck_object_0059_part_000,pck_object_0059_part_000_choice_000,0,0,25,0x0068A4,126,255,0x0068A6,7EFF0000EF0604FC,0000EF0604FCEE003CFFC7FEF00053FF
C:/Users/MadCat/Documents/GitHub/MechwarriorRecomp/research/extract/decoded_pck/HAMPCK_TBL.decoded.bin,pck_object_0059_part_000_choice_000_frame_026,pck_object_0059,pck_object_0059_part_000,pck_object_0059_part_000_choice_000,0,0,26,0x0068AC,238,0,0x0068AE,EE003CFFC7FEF000,3CFFC7FEF00053FFEFFECD0053FFEFFE
C:/Users/MadCat/Documents/GitHub/MechwarriorRecomp/research/extract/decoded_pck/HAMPCK_TBL.decoded.bin,pck_object_0059_part_000_choice_000_frame_027,pck_object_0059,pck_object_0059_part_000,pck_object_0059_part_000_choice_000,0,0,27,0x0068B4,83,255,0x0068B6,53FFEFFECD0053FF,EFFECD0053FFEFFECC003CFFC7FE0000
C:/Users/MadCat/Documents/GitHub/MechwarriorRecomp/research/extract/decoded_pck/HAMPCK_TBL.decoded.bin,pck_object_0059_part_000_choice_000_frame_028,pck_object_0059,pck_object_0059_part_000,pck_object_0059_part_000_choice_000,0,0,28,0x0068BC,239,254,0x0068BE,EFFECC003CFFC7FE,CC003CFFC7FE000001FC13F901F81600
C:/Users/MadCat/Documents/GitHub/MechwarriorRecomp/research/extract/decoded_pck/HAMPCK_TBL.decoded.bin,pck_object_0059_part_000_choice_000_frame_029,pck_object_0059,pck_object_0059_part_000,pck_object_0059_part_000_choice_000,0,0,29,0x0068C4,0,0,0x0068C6,000001FC13F901F8,01FC13F901F8160026000000FF03ED06
C:/Users/MadCat/Documents/GitHub/MechwarriorRecomp/research/extract/decoded_pck/HAMPCK_TBL.decoded.bin,pck_object_0059_part_000_choice_000_frame_030,pck_object_0059,pck_object_0059_part_000,pck_object_0059_part_000_choice_000,0,0,30,0x0068CC,22,0,0x0068CE,160026000000FF03,26000000FF03ED06FE07D4FFB4FF0100
C:/Users/MadCat/Documents/GitHub/MechwarriorRecomp/research/extract/decoded_pck/HAMPCK_TBL.decoded.bin,pck_object_0059_part_000_choice_000_frame_031,pck_object_0059,pck_object_0059_part_000,pck_object_0059_part_000_choice_000,0,0,31,0x0068D4,237,6,0x0068D6,ED06FE07D4FFB4FF,FE07D4FFB4FF01008000000006008800
C:/Users/MadCat/Documents/GitHub/MechwarriorRecomp/research/extract/decoded_pck/HAMPCK_TBL.decoded.bin,pck_object_0059_part_000_choice_000_frame_032,pck_object_0059,pck_object_0059_part_000,pck_object_0059_part_000_choice_000,0,0,32,0x0068DC,1,0,0x0068DE,0100800000000600,80000000060088000401810408080801
C:/Users/MadCat/Documents/GitHub/MechwarriorRecomp/research/extract/decoded_pck/HAMPCK_TBL.decoded.bin,pck_object_0059_part_000_choice_000_frame_033,pck_object_0059,pck_object_0059_part_000,pck_object_0059_part_000_choice_000,0,0,33,0x0068E4,136,0,0x0068E6,8800040181040808,0401810408080801B800810408000806
C:/Users/MadCat/Documents/GitHub/MechwarriorRecomp/research/extract/decoded_pck/HAMPCK_TBL.decoded.bin,pck_object_0059_part_000_choice_000_frame_034,pck_object_0059,pck_object_0059_part_000,pck_object_0059_part_000_choice_000,0,0,34,0x0068EC,8,1,0x0068EE,0801B80081040800,B800810408000806BD0081040800000B
C:/Users/MadCat/Documents/GitHub/MechwarriorRecomp/research/extract/decoded_pck/HAMPCK_TBL.decoded.bin,pck_object_0059_part_000_choice_000_frame_035,pck_object_0059,pck_object_0059_part_000,pck_object_0059_part_000_choice_000,0,0,35,0x0068F4,8,6,0x0068F6,0806BD0081040800,BD0081040800000BC20081040808080C
C:/Users/MadCat/Documents/GitHub/MechwarriorRecomp/research/extract/decoded_pck/HAMPCK_TBL.decoded.bin,pck_object_0059_part_000_choice_000_frame_036,pck_object_0059,pck_object_0059_part_000,pck_object_0059_part_000_choice_000,0,0,36,0x0068FC,0,11,0x0068FE,000BC20081040808,C20081040808080CC70081040800000D
C:/Users/MadCat/Documents/GitHub/MechwarriorRecomp/research/extract/decoded_pck/HAMPCK_TBL.decoded.bin,pck_object_0059_part_000_choice_000_frame_037,pck_object_0059,pck_object_0059_part_000,pck_object_0059_part_000_choice_000,0,0,37,0x006904,8,12,0x006906,080CC70081040800,C70081040800000DCC0081040808080E
C:/Users/MadCat/Documents/GitHub/MechwarriorRecomp/research/extract/decoded_pck/HAMPCK_TBL.decoded.bin,pck_object_0059_part_000_choice_000_frame_038,pck_object_0059,pck_object_0059_part_000,pck_object_0059_part_000_choice_000,0,0,38,0x00690C,0,13,0x00690E,000DCC0081040808,CC0081040808080ED10002030405FF07
C:/Users/MadCat/Documents/GitHub/MechwarriorRecomp/research/extract/decoded_pck/HAMPCK_TBL.decoded.bin,pck_object_0059_part_000_choice_000_frame_039,pck_object_0059,pck_object_0059_part_000,pck_object_0059_part_000_choice_000,0,0,39,0x006914,8,14,0x006916,080ED10002030405,D10002030405FF0708090AFF05070A02
C:/Users/MadCat/Documents/GitHub/MechwarriorRecomp/research/extract/decoded_pck/HAMPCK_TBL.decoded.bin,pck_object_0059_part_000_choice_000_frame_040,pck_object_0059,pck_object_0059_part_000,pck_object_0059_part_000_choice_000,0,0,40,0x00691C,255,7,0x00691E,FF0708090AFF0507,08090AFF05070A02FF020A0903FF0309
C:/Users/MadCat/Documents/GitHub/MechwarriorRecomp/research/extract/decoded_pck/HAMPCK_TBL.decoded.bin,pck_object_0059_part_000_choice_000_frame_041,pck_object_0059,pck_object_0059_part_000,pck_object_0059_part_000_choice_000,0,0,41,0x006924,10,2,0x006926,0A02FF020A0903FF,FF020A0903FF03090804FF04080705FF
C:/Users/MadCat/Documents/GitHub/MechwarriorRecomp/research/extract/decoded_pck/HAMPCK_TBL.decoded.bin,pck_object_0059_part_000_choice_000_frame_042,pck_object_0059,pck_object_0059_part_000,pck_object_0059_part_000_choice_000,0,0,42,0x00692C,3,9,0x00692E,03090804FF040807,0804FF04080705FF80009E0200000000
C:/Users/MadCat/Documents/GitHub/MechwarriorRecomp/research/extract/decoded_pck/HAMPCK_TBL.decoded.bin,pck_object_0059_part_000_choice_000_frame_043,pck_object_0059,pck_object_0059_part_000,pck_object_0059_part_000_choice_000,0,0,43,0x006934,5,255,0x006936,05FF80009E020000,80009E0200000000000001001400000F
C:/Users/MadCat/Documents/GitHub/MechwarriorRecomp/research/extract/decoded_pck/HAMPCK_TBL.decoded.bin,pck_object_0059_part_000_choice_000_frame_044,pck_object_0059,pck_object_0059_part_000,pck_object_0059_part_000_choice_000,0,0,44,0x00693C,0,0,0x00693E,0000000001001400,000001001400000F1C0001007600DC05
C:/Users/MadCat/Documents/GitHub/MechwarriorRecomp/research/extract/decoded_pck/HAMPCK_TBL.decoded.bin,pck_object_0059_part_000_choice_000_frame_045,pck_object_0059,pck_object_0059_part_000,pck_object_0059_part_000_choice_000,0,0,45,0x006944,0,15,0x006946,000F1C0001007600,1C0001007600DC05000001000000C7F8
C:/Users/MadCat/Documents/GitHub/MechwarriorRecomp/research/extract/decoded_pck/HAMPCK_TBL.decoded.bin,pck_object_0059_part_000_choice_000_frame_046,pck_object_0059,pck_object_0059_part_000,pck_object_0059_part_000_choice_000,0,0,46,0x00694C,220,5,0x00694E,DC05000001000000,000001000000C7F87003CB00D6FDDAFE
C:/Users/MadCat/Documents/GitHub/MechwarriorRecomp/research/extract/decoded_pck/HAMPCK_TBL.decoded.bin,pck_object_0059_part_000_choice_000_frame_047,pck_object_0059,pck_object_0059_part_000,pck_object_0059_part_000_choice_000,0,0,47,0x006954,199,248,0x006956,C7F87003CB00D6FD,7003CB00D6FDDAFECC00EAFD04FFEE00
C:/Users/MadCat/Documents/GitHub/MechwarriorRecomp/research/extract/decoded_pck/HAMPCK_TBL.decoded.bin,pck_object_0059_part_000_choice_000_frame_048,pck_object_0059,pck_object_0059_part_000,pck_object_0059_part_000_choice_000,0,0,48,0x00695C,218,254,0x00695E,DAFECC00EAFD04FF,CC00EAFD04FFEE00EAFD04FFED00D6FD
C:/Users/MadCat/Documents/GitHub/MechwarriorRecomp/research/extract/decoded_pck/HAMPCK_TBL.decoded.bin,pck_object_0059_part_000_choice_000_frame_049,pck_object_0059,pck_object_0059_part_000,pck_object_0059_part_000_choice_000,0,0,49,0x006964,238,0,0x006966,EE00EAFD04FFED00,EAFD04FFED00D6FDDAFE00004207A3FC
C:/Users/MadCat/Documents/GitHub/MechwarriorRecomp/research/extract/decoded_pck/HAMPCK_TBL.decoded.bin,pck_object_0059_part_000_choice_000_frame_050,pck_object_0059,pck_object_0059_part_000,pck_object_0059_part_000_choice_000,0,0,50,0x00696C,214,253,0x00696E,D6FDDAFE00004207,DAFE00004207A3FCEE0023FF3FFEF000
C:/Users/MadCat/Documents/GitHub/MechwarriorRecomp/research/extract/decoded_pck/HAMPCK_TBL.decoded.bin,pck_object_0059_part_000_choice_000_frame_051,pck_object_0059,pck_object_0059_part_000,pck_object_0059_part_000_choice_000,0,0,51,0x006974,163,252,0x006976,A3FCEE0023FF3FFE,EE0023FF3FFEF00036FF68FECD0036FF
C:/Users/MadCat/Documents/GitHub/MechwarriorRecomp/research/extract/decoded_pck/HAMPCK_TBL.decoded.bin,pck_object_0059_part_000_choice_000_frame_052,pck_object_0059,pck_object_0059_part_000,pck_object_0059_part_000_choice_000,0,0,52,0x00697C,240,0,0x00697E,F00036FF68FECD00,36FF68FECD0036FF68FECC0023FF3FFE
C:/Users/MadCat/Documents/GitHub/MechwarriorRecomp/research/extract/decoded_pck/HAMPCK_TBL.decoded.bin,pck_object_0059_part_000_choice_000_frame_053,pck_object_0059,pck_object_0059_part_000,pck_object_0059_part_000_choice_000,0,0,53,0x006984,54,255,0x006986,36FF68FECC0023FF,68FECC0023FF3FFE0000A0FCC0F801F8
C:/Users/MadCat/Documents/GitHub/MechwarriorRecomp/research/extract/decoded_pck/HAMPCK_TBL.decoded.bin,pck_object_0059_part_000_choice_000_frame_054,pck_object_0059,pck_object_0059_part_000,pck_object_0059_part_000_choice_000,0,0,54,0x00698C,63,254,0x00698E,3FFE0000A0FCC0F8,0000A0FCC0F801F81800260000006603
C:/Users/MadCat/Documents/GitHub/MechwarriorRecomp/research/extract/decoded_pck/HAMPCK_TBL.decoded.bin,pck_object_0059_part_000_choice_000_frame_055,pck_object_0059,pck_object_0059_part_000,pck_object_0059_part_000_choice_000,0,0,55,0x006994,1,248,0x006996,01F8180026000000,18002600000066033D07FD07D0FFB3FF
C:/Users/MadCat/Documents/GitHub/MechwarriorRecomp/research/extract/decoded_pck/HAMPCK_TBL.decoded.bin,pck_object_0059_part_000_choice_000_frame_056,pck_object_0059,pck_object_0059_part_000,pck_object_0059_part_000_choice_000,0,0,56,0x00699C,102,3,0x00699E,66033D07FD07D0FF,3D07FD07D0FFB3FF01007A0000000600
C:/Users/MadCat/Documents/GitHub/MechwarriorRecomp/research/extract/decoded_pck/HAMPCK_TBL.decoded.bin,pck_object_0059_part_000_choice_000_frame_057,pck_object_0059,pck_object_0059_part_000,pck_object_0059_part_000_choice_000,0,0,57,0x0069A4,179,255,0x0069A6,B3FF01007A000000,01007A00000006008200040181040808
C:/Users/MadCat/Documents/GitHub/MechwarriorRecomp/research/extract/decoded_pck/HAMPCK_TBL.decoded.bin,pck_object_0059_part_000_choice_000_frame_058,pck_object_0059,pck_object_0059_part_000,pck_object_0059_part_000_choice_000,0,0,58,0x0069AC,6,0,0x0069AE,0600820004018104,82000401810408080801B20081040800
C:/Users/MadCat/Documents/GitHub/MechwarriorRecomp/research/extract/decoded_pck/HAMPCK_TBL.decoded.bin,pck_object_0059_part_000_choice_000_frame_059,pck_object_0059,pck_object_0059_part_000,pck_object_0059_part_000_choice_000,0,0,59,0x0069B4,8,8,0x0069B6,08080801B2008104,0801B200810408000806B70081040800
C:/Users/MadCat/Documents/GitHub/MechwarriorRecomp/research/extract/decoded_pck/HAMPCK_TBL.decoded.bin,pck_object_0059_part_000_choice_000_frame_060,pck_object_0059,pck_object_0059_part_000,pck_object_0059_part_000_choice_000,0,0,60,0x0069BC,8,0,0x0069BE,08000806B7008104,0806B70081040800000BBC0081040808
C:/Users/MadCat/Documents/GitHub/MechwarriorRecomp/research/extract/decoded_pck/HAMPCK_TBL.decoded.bin,pck_object_0059_part_000_choice_000_frame_061,pck_object_0059,pck_object_0059_part_000,pck_object_0059_part_000_choice_000,0,0,61,0x0069C4,8,0,0x0069C6,0800000BBC008104,000BBC0081040808080CC10081040800
C:/Users/MadCat/Documents/GitHub/MechwarriorRecomp/research/extract/decoded_pck/HAMPCK_TBL.decoded.bin,pck_object_0059_part_000_choice_000_frame_062,pck_object_0059,pck_object_0059_part_000,pck_object_0059_part_000_choice_000,0,0,62,0x0069CC,8,8,0x0069CE,0808080CC1008104,080CC10081040800000DC60081040808
C:/Users/MadCat/Documents/GitHub/MechwarriorRecomp/research/extract/decoded_pck/HAMPCK_TBL.decoded.bin,pck_object_0059_part_000_choice_000_frame_063,pck_object_0059,pck_object_0059_part_000,pck_object_0059_part_000_choice_000,0,0,63,0x0069D4,8,0,0x0069D6,0800000DC6008104,000DC60081040808080ECB0002030405
C:/Users/MadCat/Documents/GitHub/MechwarriorRecomp/research/extract/decoded_pck/HAMPCK_TBL.decoded.bin,pck_object_0059_part_000_choice_000_frame_064,pck_object_0059,pck_object_0059_part_000,pck_object_0059_part_000_choice_000,0,0,64,0x0069DC,8,8,0x0069DE,0808080ECB000203,080ECB0002030405FF0708090AFF0507
C:/Users/MadCat/Documents/GitHub/MechwarriorRecomp/research/extract/decoded_pck/HAMPCK_TBL.decoded.bin,pck_object_0059_part_000_choice_000_frame_065,pck_object_0059,pck_object_0059_part_000,pck_object_0059_part_000_choice_000,0,0,65,0x0069E4,4,5,0x0069E6,0405FF0708090AFF,FF0708090AFF05070A02FF020A0903FF
C:/Users/MadCat/Documents/GitHub/MechwarriorRecomp/research/extract/decoded_pck/HAMPCK_TBL.decoded.bin,pck_object_0059_part_000_choice_000_frame_066,pck_object_0059,pck_object_0059_part_000,pck_object_0059_part_000_choice_000,0,0,66,0x0069EC,5,7,0x0069EE,05070A02FF020A09,0A02FF020A0903FF03090804FF040807
C:/Users/MadCat/Documents/GitHub/MechwarriorRecomp/research/extract/decoded_pck/HAMPCK_TBL.decoded.bin,pck_object_0059_part_000_choice_000_frame_067,pck_object_0059,pck_object_0059_part_000,pck_object_0059_part_000_choice_000,0,0,67,0x0069F4,3,255,0x0069F6,03FF03090804FF04,03090804FF04080705FF8000B9020000
C:/Users/MadCat/Documents/GitHub/MechwarriorRecomp/research/extract/decoded_pck/HAMPCK_TBL.decoded.bin,pck_object_0059_part_000_choice_000_frame_068,pck_object_0059,pck_object_0059_part_000,pck_object_0059_part_000_choice_000,0,0,68,0x0069FC,8,7,0x0069FE,080705FF8000B902,05FF8000B90200000000000001000E00
C:/Users/MadCat/Documents/GitHub/MechwarriorRecomp/research/extract/decoded_pck/HAMPCK_TBL.decoded.bin,pck_object_0059_part_000_choice_000_frame_069,pck_object_0059,pck_object_0059_part_000,pck_object_0059_part_000_choice_000,0,0,69,0x006A04,0,0,0x006A06,0000000000000100,0000000001000E00000F160001007000
C:/Users/MadCat/Documents/GitHub/MechwarriorRecomp/research/extract/decoded_pck/HAMPCK_TBL.decoded.bin,pck_object_0059_part_000_choice_000_frame_070,pck_object_0059,pck_object_0059_part_000,pck_object_0059_part_000_choice_000,0,0,70,0x006A0C,14,0,0x006A0E,0E00000F16000100,000F160001007000DC05000000000000
C:/Users/MadCat/Documents/GitHub/MechwarriorRecomp/research/extract/decoded_pck/HAMPCK_TBL.decoded.bin,pck_object_0059_part_000_choice_000_frame_071,pck_object_0059,pck_object_0059_part_000,pck_object_0059_part_000_choice_000,0,0,71,0x006A14,112,0,0x006A16,7000DC0500000000,DC0500000000000009F8B900CC00DAFD
C:/Users/MadCat/Documents/GitHub/MechwarriorRecomp/research/extract/decoded_pck/HAMPCK_TBL.decoded.bin,pck_object_0059_part_000_choice_000_frame_072,pck_object_0059,pck_object_0059_part_000,pck_object_0059_part_000_choice_000,0,0,72,0x006A1C,0,0,0x006A1E,000009F8B900CC00,09F8B900CC00DAFD9CFECD00DEFDC8FE
C:/Users/MadCat/Documents/GitHub/MechwarriorRecomp/research/extract/decoded_pck/HAMPCK_TBL.decoded.bin,pck_object_0059_part_000_choice_000_frame_073,pck_object_0059,pck_object_0059_part_000,pck_object_0059_part_000_choice_000,0,0,73,0x006A24,218,253,0x006A26,DAFD9CFECD00DEFD,9CFECD00DEFDC8FEF000DEFDC8FEEE00
C:/Users/MadCat/Documents/GitHub/MechwarriorRecomp/research/extract/decoded_pck/HAMPCK_TBL.decoded.bin,pck_object_0059_part_000_choice_000_frame_074,pck_object_0059,pck_object_0059_part_000,pck_object_0059_part_000_choice_000,0,0,74,0x006A2C,200,254,0x006A2E,C8FEF000DEFDC8FE,F000DEFDC8FEEE00DAFD9CFE0000F207
C:/Users/MadCat/Documents/GitHub/MechwarriorRecomp/research/extract/decoded_pck/HAMPCK_TBL.decoded.bin,pck_object_0059_part_000_choice_000_frame_075,pck_object_0059,pck_object_0059_part_000,pck_object_0059_part_000_choice_000,0,0,75,0x006A34,238,0,0x006A36,EE00DAFD9CFE0000,DAFD9CFE0000F20719FFEE0046FF7CFE
C:/Users/MadCat/Documents/GitHub/MechwarriorRecomp/research/extract/decoded_pck/HAMPCK_TBL.decoded.bin,pck_object_0059_part_000_choice_000_frame_076,pck_object_0059,pck_object_0059_part_000,pck_object_0059_part_000_choice_000,0,0,76,0x006A3C,242,7,0x006A3E,F20719FFEE0046FF,19FFEE0046FF7CFEF0004BFFA8FECD00
C:/Users/MadCat/Documents/GitHub/MechwarriorRecomp/research/extract/decoded_pck/HAMPCK_TBL.decoded.bin,pck_object_0059_part_000_choice_000_frame_077,pck_object_0059,pck_object_0059_part_000,pck_object_0059_part_000_choice_000,0,0,77,0x006A44,124,254,0x006A46,7CFEF0004BFFA8FE,F0004BFFA8FECD004BFFA8FECC0046FF
C:/Users/MadCat/Documents/GitHub/MechwarriorRecomp/research/extract/decoded_pck/HAMPCK_TBL.decoded.bin,pck_object_0059_part_000_choice_000_frame_078,pck_object_0059,pck_object_0059_part_000,pck_object_0059_part_000_choice_000,0,0,78,0x006A4C,205,0,0x006A4E,CD004BFFA8FECC00,4BFFA8FECC0046FF7CFE00004DFF08F8
C:/Users/MadCat/Documents/GitHub/MechwarriorRecomp/research/extract/decoded_pck/HAMPCK_TBL.decoded.bin,pck_object_0059_part_000_choice_000_frame_079,pck_object_0059,pck_object_0059_part_000,pck_object_0059_part_000_choice_000,0,0,79,0x006A54,70,255,0x006A56,46FF7CFE00004DFF,7CFE00004DFF08F801F804002E000000
C:/Users/MadCat/Documents/GitHub/MechwarriorRecomp/research/extract/decoded_pck/HAMPCK_TBL.decoded.bin,pck_object_0059_part_000_choice_000_frame_080,pck_object_0059,pck_object_0059_part_000,pck_object_0059_part_000_choice_000,0,0,80,0x006A5C,8,248,0x006A5E,08F801F804002E00,01F804002E000000B200F807FD07F8FF
C:/Users/MadCat/Documents/GitHub/MechwarriorRecomp/research/extract/decoded_pck/HAMPCK_TBL.decoded.bin,pck_object_0059_part_000_choice_000_frame_081,pck_object_0059,pck_object_0059_part_000,pck_object_0059_part_000_choice_000,0,0,81,0x006A64,0,0,0x006A66,0000B200F807FD07,B200F807FD07F8FFA4FF010074000000
C:/Users/MadCat/Documents/GitHub/MechwarriorRecomp/research/extract/decoded_pck/HAMPCK_TBL.decoded.bin,pck_object_0059_part_000_choice_000_frame_082,pck_object_0059,pck_object_0059_part_000,pck_object_0059_part_000_choice_000,0,0,82,0x006A6C,248,255,0x006A6E,F8FFA4FF01007400,A4FF01007400000006007C0004018104
C:/Users/MadCat/Documents/GitHub/MechwarriorRecomp/research/extract/decoded_pck/HAMPCK_TBL.decoded.bin,pck_object_0059_part_000_choice_000_frame_083,pck_object_0059,pck_object_0059_part_000,pck_object_0059_part_000_choice_000,0,0,83,0x006A74,0,0,0x006A76,000006007C000401,06007C000401810408080801AC008104
C:/Users/MadCat/Documents/GitHub/MechwarriorRecomp/research/extract/decoded_pck/HAMPCK_TBL.decoded.bin,pck_object_0059_part_000_choice_000_frame_084,pck_object_0059,pck_object_0059_part_000,pck_object_0059_part_000_choice_000,0,0,84,0x006A7C,129,4,0x006A7E,810408080801AC00,08080801AC00810408000806B1008104
C:/Users/MadCat/Documents/GitHub/MechwarriorRecomp/research/extract/decoded_pck/HAMPCK_TBL.decoded.bin,pck_object_0059_part_000_choice_000_frame_085,pck_object_0059,pck_object_0059_part_000,pck_object_0059_part_000_choice_000,0,0,85,0x006A84,129,4,0x006A86,810408000806B100,08000806B10081040800000BB6008104
C:/Users/MadCat/Documents/GitHub/MechwarriorRecomp/research/extract/decoded_pck/HAMPCK_TBL.decoded.bin,pck_object_0059_part_000_choice_000_frame_086,pck_object_0059,pck_object_0059_part_000,pck_object_0059_part_000_choice_000,0,0,86,0x006A8C,129,4,0x006A8E,81040800000BB600,0800000BB60081040808080CBB008104
C:/Users/MadCat/Documents/GitHub/MechwarriorRecomp/research/extract/decoded_pck/HAMPCK_TBL.decoded.bin,pck_object_0059_part_000_choice_000_frame_087,pck_object_0059,pck_object_0059_part_000,pck_object_0059_part_000_choice_000,0,0,87,0x006A94,129,4,0x006A96,81040808080CBB00,0808080CBB0081040800000DC0008104
C:/Users/MadCat/Documents/GitHub/MechwarriorRecomp/research/extract/decoded_pck/HAMPCK_TBL.decoded.bin,pck_object_0059_part_000_choice_000_frame_088,pck_object_0059,pck_object_0059_part_000,pck_object_0059_part_000_choice_000,0,0,88,0x006A9C,129,4,0x006A9E,81040800000DC000,0800000DC00081040808080EC5000203
C:/Users/MadCat/Documents/GitHub/MechwarriorRecomp/research/extract/decoded_pck/HAMPCK_TBL.decoded.bin,pck_object_0059_part_000_choice_000_frame_089,pck_object_0059,pck_object_0059_part_000,pck_object_0059_part_000_choice_000,0,0,89,0x006AA4,129,4,0x006AA6,81040808080EC500,0808080EC50002030405FF0708090AFF
C:/Users/MadCat/Documents/GitHub/MechwarriorRecomp/research/extract/decoded_pck/HAMPCK_TBL.decoded.bin,pck_object_0059_part_000_choice_000_frame_090,pck_object_0059,pck_object_0059_part_000,pck_object_0059_part_000_choice_000,0,0,90,0x006AAC,2,3,0x006AAE,02030405FF070809,0405FF0708090AFF05070A02FF020A09
C:/Users/MadCat/Documents/GitHub/MechwarriorRecomp/research/extract/decoded_pck/HAMPCK_TBL.decoded.bin,pck_object_0059_part_000_choice_000_frame_091,pck_object_0059,pck_object_0059_part_000,pck_object_0059_part_000_choice_000,0,0,91,0x006AB4,10,255,0x006AB6,0AFF05070A02FF02,05070A02FF020A0903FF03090804FF04
C:/Users/MadCat/Documents/GitHub/MechwarriorRecomp/research/extract/decoded_pck/HAMPCK_TBL.decoded.bin,pck_object_0059_part_000_choice_000_frame_092,pck_object_0059,pck_object_0059_part_000,pck_object_0059_part_000_choice_000,0,0,92,0x006ABC,10,9,0x006ABE,0A0903FF03090804,03FF03090804FF04080705FF8000C901
C:/Users/MadCat/Documents/GitHub/MechwarriorRecomp/research/extract/decoded_pck/HAMPCK_TBL.decoded.bin,pck_object_0059_part_000_choice_000_frame_093,pck_object_0059,pck_object_0059_part_000,pck_object_0059_part_000_choice_000,0,0,93,0x006AC4,255,4,0x006AC6,FF04080705FF8000,080705FF8000C9010000000000000300
C:/Users/MadCat/Documents/GitHub/MechwarriorRecomp/research/extract/decoded_pck/HAMPCK_TBL.decoded.bin,pck_object_0059_part_000_choice_000_frame_094,pck_object_0059,pck_object_0059_part_000,pck_object_0059_part_000_choice_000,0,0,94,0x006ACC,201,1,0x006ACE,C901000000000000,00000000000003001800002830000100
C:/Users/MadCat/Documents/GitHub/MechwarriorRecomp/research/extract/decoded_pck/HAMPCK_TBL.decoded.bin,pck_object_0059_part_000_choice_000_frame_095,pck_object_0059,pck_object_0059_part_000,pck_object_0059_part_000_choice_000,0,0,95,0x006AD4,3,0,0x006AD6,0300180000283000,18000028300001002001112830000100
C:/Users/MadCat/Documents/GitHub/MechwarriorRecomp/research/extract/decoded_pck/HAMPCK_TBL.decoded.bin,pck_object_0059_part_000_choice_000_frame_096,pck_object_0059,pck_object_0059_part_000,pck_object_0059_part_000_choice_000,0,0,96,0x006ADC,1,0,0x006ADE,0100200111283000,20011128300001007C011C2830000100
C:/Users/MadCat/Documents/GitHub/MechwarriorRecomp/research/extract/decoded_pck/HAMPCK_TBL.decoded.bin,pck_object_0059_part_000_choice_000_frame_097,pck_object_0059,pck_object_0059_part_000,pck_object_0059_part_000_choice_000,0,0,97,0x006AE4,1,0,0x006AE6,01007C011C283000,7C011C2830000100BC0112FD87009CFF
C:/Users/MadCat/Documents/GitHub/MechwarriorRecomp/research/extract/decoded_pck/HAMPCK_TBL.decoded.bin,pck_object_0059_part_000_choice_000_frame_098,pck_object_0059,pck_object_0059_part_000,pck_object_0059_part_000_choice_000,0,0,98,0x006AEC,1,0,0x006AEE,0100BC0112FD8700,BC0112FD87009CFF02F83800250082FF
C:/Users/MadCat/Documents/GitHub/MechwarriorRecomp/research/extract/decoded_pck/HAMPCK_TBL.decoded.bin,pck_object_0059_part_000_choice_000_frame_099,pck_object_0059,pck_object_0059_part_000,pck_object_0059_part_000_choice_000,0,0,99,0x006AF4,156,255,0x006AF6,9CFF02F838002500,02F83800250082FFB0FF0A007FFF62FF
C:/Users/MadCat/Documents/GitHub/MechwarriorRecomp/research/extract/decoded_pck/HAMPCK_TBL.decoded.bin,pck_object_0059_part_000_choice_000_frame_100,pck_object_0059,pck_object_0059_part_000,pck_object_0059_part_000_choice_000,0,0,100,0x006AFC,130,255,0x006AFE,82FFB0FF0A007FFF,B0FF0A007FFF62FFDCFF7FFFB0FF65FF
C:/Users/MadCat/Documents/GitHub/MechwarriorRecomp/research/extract/decoded_pck/HAMPCK_TBL.decoded.bin,pck_object_0059_part_000_choice_000_frame_101,pck_object_0059,pck_object_0059_part_000,pck_object_0059_part_000_choice_000,0,0,101,0x006B04,98,255,0x006B06,62FFDCFF7FFFB0FF,DCFF7FFFB0FF65FF83FF00007CFF83FF
C:/Users/MadCat/Documents/GitHub/MechwarriorRecomp/research/extract/decoded_pck/HAMPCK_TBL.decoded.bin,pck_object_0059_part_000_choice_000_frame_102,pck_object_0059,pck_object_0059_part_000,pck_object_0059_part_000_choice_000,0,0,102,0x006B0C,101,255,0x006B0E,65FF83FF00007CFF,83FF00007CFF83FFDAFFEEFFFD07A3FF
C:/Users/MadCat/Documents/GitHub/MechwarriorRecomp/research/extract/decoded_pck/HAMPCK_TBL.decoded.bin,pck_object_0059_part_000_choice_000_frame_103,pck_object_0059,pck_object_0059_part_000,pck_object_0059_part_000_choice_000,0,0,103,0x006B14,131,255,0x006B16,83FFDAFFEEFFFD07,DAFFEEFFFD07A3FFE1FFD3FFDAFFEEFF
C:/Users/MadCat/Documents/GitHub/MechwarriorRecomp/research/extract/decoded_pck/HAMPCK_TBL.decoded.bin,pck_object_0059_part_000_choice_000_frame_104,pck_object_0059,pck_object_0059_part_000,pck_object_0059_part_000_choice_000,0,0,104,0x006B1C,163,255,0x006B1E,A3FFE1FFD3FFDAFF,E1FFD3FFDAFFEEFFD3FF00007CFFCFFF
C:/Users/MadCat/Documents/GitHub/MechwarriorRecomp/research/extract/decoded_pck/HAMPCK_TBL.decoded.bin,pck_object_0059_part_000_choice_000_frame_105,pck_object_0059,pck_object_0059_part_000,pck_object_0059_part_000_choice_000,0,0,105,0x006B24,238,255,0x006B26,EEFFD3FF00007CFF,D3FF00007CFFCFFFB0FF65FFCFFF60FF
C:/Users/MadCat/Documents/GitHub/MechwarriorRecomp/research/extract/decoded_pck/HAMPCK_TBL.decoded.bin,pck_object_0059_part_000_choice_000_frame_106,pck_object_0059,pck_object_0059_part_000,pck_object_0059_part_000_choice_000,0,0,106,0x006B2C,207,255,0x006B2E,CFFFB0FF65FFCFFF,B0FF65FFCFFF60FFDDFFD2FFB0FF0A00
C:/Users/MadCat/Documents/GitHub/MechwarriorRecomp/research/extract/decoded_pck/HAMPCK_TBL.decoded.bin,pck_object_0059_part_000_choice_000_frame_107,pck_object_0059,pck_object_0059_part_000,pck_object_0059_part_000_choice_000,0,0,107,0x006B34,96,255,0x006B36,60FFDDFFD2FFB0FF,DDFFD2FFB0FF0A0000007004A8060000
C:/Users/MadCat/Documents/GitHub/MechwarriorRecomp/research/extract/decoded_pck/HAMPCK_TBL.decoded.bin,pck_object_0059_part_000_choice_000_frame_108,pck_object_0059,pck_object_0059_part_000,pck_object_0059_part_000_choice_000,0,0,108,0x006B3C,10,0,0x006B3E,0A0000007004A806,00007004A806000014FCF806E4FF59F9
C:/Users/MadCat/Documents/GitHub/MechwarriorRecomp/research/extract/decoded_pck/HAMPCK_TBL.decoded.bin,pck_object_0059_part_000_choice_000_frame_109,pck_object_0059,pck_object_0059_part_000,pck_object_0059_part_000_choice_000,0,0,109,0x006B44,0,0,0x006B46,000014FCF806E4FF,14FCF806E4FF59F991FB000096078702
C:/Users/MadCat/Documents/GitHub/MechwarriorRecomp/research/extract/decoded_pck/HAMPCK_TBL.decoded.bin,pck_object_0059_part_000_choice_000_frame_110,pck_object_0059,pck_object_0059_part_000,pck_object_0059_part_000_choice_000,0,0,110,0x006B4C,89,249,0x006B4E,59F991FB00009607,91FB0000960787020CFE8D001AFF01F8
C:/Users/MadCat/Documents/GitHub/MechwarriorRecomp/research/extract/decoded_pck/HAMPCK_TBL.decoded.bin,pck_object_0059_part_000_choice_000_frame_111,pck_object_0059,pck_object_0059_part_000,pck_object_0059_part_000_choice_000,0,0,111,0x006B54,135,2,0x006B56,87020CFE8D001AFF,0CFE8D001AFF01F81600050082FFB0FF
C:/Users/MadCat/Documents/GitHub/MechwarriorRecomp/research/extract/decoded_pck/HAMPCK_TBL.decoded.bin,pck_object_0059_part_000_choice_000_frame_112,pck_object_0059,pck_object_0059_part_000,pck_object_0059_part_000_choice_000,0,0,112,0x006B5C,1,248,0x006B5E,01F81600050082FF,1600050082FFB0FF65FF82FFDEFF97FE
C:/Users/MadCat/Documents/GitHub/MechwarriorRecomp/research/extract/decoded_pck/HAMPCK_TBL.decoded.bin,pck_object_0059_part_000_choice_000_frame_113,pck_object_0059,pck_object_0059_part_000,pck_object_0059_part_000_choice_000,0,0,113,0x006B64,176,255,0x006B66,B0FF65FF82FFDEFF,65FF82FFDEFF97FE83FF390097FEFF07
C:/Users/MadCat/Documents/GitHub/MechwarriorRecomp/research/extract/decoded_pck/HAMPCK_TBL.decoded.bin,pck_object_0059_part_000_choice_000_frame_114,pck_object_0059,pck_object_0059_part_000,pck_object_0059_part_000_choice_000,0,0,114,0x006B6C,151,254,0x006B6E,97FE83FF390097FE,83FF390097FEFF07EAFFFBFFD3FF3900
C:/Users/MadCat/Documents/GitHub/MechwarriorRecomp/research/extract/decoded_pck/HAMPCK_TBL.decoded.bin,pck_object_0059_part_000_choice_000_frame_115,pck_object_0059,pck_object_0059_part_000,pck_object_0059_part_000_choice_000,0,0,115,0x006B74,255,7,0x006B76,FF07EAFFFBFFD3FF,EAFFFBFFD3FF390097FED2FFDEFF97FE
C:/Users/MadCat/Documents/GitHub/MechwarriorRecomp/research/extract/decoded_pck/HAMPCK_TBL.decoded.bin,pck_object_0059_part_000_choice_000_frame_116,pck_object_0059,pck_object_0059_part_000,pck_object_0059_part_000_choice_000,0,0,116,0x006B7C,57,0,0x006B7E,390097FED2FFDEFF,97FED2FFDEFF97FED2FFB0FF65FF0000
C:/Users/MadCat/Documents/GitHub/MechwarriorRecomp/research/extract/decoded_pck/HAMPCK_TBL.decoded.bin,pck_object_0059_part_000_choice_000_frame_117,pck_object_0059,pck_object_0059_part_000,pck_object_0059_part_000_choice_000,0,0,117,0x006B84,151,254,0x006B86,97FED2FFB0FF65FF,D2FFB0FF65FF000032F842FE0000C307
C:/Users/MadCat/Documents/GitHub/MechwarriorRecomp/research/extract/decoded_pck/HAMPCK_TBL.decoded.bin,pck_object_0059_part_000_choice_000_frame_118,pck_object_0059,pck_object_0059_part_000,pck_object_0059_part_000_choice_000,0,0,118,0x006B8C,0,0,0x006B8E,000032F842FE0000,32F842FE0000C307EE016AFFC8000CFE
C:/Users/MadCat/Documents/GitHub/MechwarriorRecomp/research/extract/decoded_pck/HAMPCK_TBL.decoded.bin,pck_object_0059_part_000_choice_000_frame_119,pck_object_0059,pck_object_0059_part_000,pck_object_0059_part_000_choice_000,0,0,119,0x006B94,195,7,0x006B96,C307EE016AFFC800,EE016AFFC8000CFE00009B0323076CFF
C:/Users/MadCat/Documents/GitHub/MechwarriorRecomp/research/extract/decoded_pck/HAMPCK_TBL.decoded.bin,pck_object_0059_part_000_choice_000_frame_120,pck_object_0059,pck_object_0059_part_000,pck_object_0059_part_000_choice_000,0,0,120,0x006B9C,12,254,0x006B9E,0CFE00009B032307,00009B0323076CFF940069FEEAFF9400
C:/Users/MadCat/Documents/GitHub/MechwarriorRecomp/research/extract/decoded_pck/HAMPCK_TBL.decoded.bin,pck_object_0059_part_000_choice_000_frame_121,pck_object_0059,pck_object_0059_part_000,pck_object_0059_part_000_choice_000,0,0,121,0x006BA4,108,255,0x006BA6,6CFF940069FEEAFF,940069FEEAFF940069FE270700009303
C:/Users/MadCat/Documents/GitHub/MechwarriorRecomp/research/extract/decoded_pck/HAMPCK_TBL.decoded.bin,pck_object_0059_part_000_choice_000_frame_122,pck_object_0059,pck_object_0059_part_000,pck_object_0059_part_000_choice_000,0,0,122,0x006BAC,148,0,0x006BAE,940069FE27070000,69FE270700009303EAFFBCFF69FED3FF
C:/Users/MadCat/Documents/GitHub/MechwarriorRecomp/research/extract/decoded_pck/HAMPCK_TBL.decoded.bin,pck_object_0059_part_000_choice_000_frame_123,pck_object_0059,pck_object_0059_part_000,pck_object_0059_part_000_choice_000,0,0,123,0x006BB4,147,3,0x006BB6,9303EAFFBCFF69FE,EAFFBCFF69FED3FFDEFF97FED9F80000
C:/Users/MadCat/Documents/GitHub/MechwarriorRecomp/research/extract/decoded_pck/HAMPCK_TBL.decoded.bin,pck_object_0059_part_000_choice_000_frame_124,pck_object_0059,pck_object_0059_part_000,pck_object_0059_part_000_choice_000,0,0,124,0x006BBC,211,255,0x006BBE,D3FFDEFF97FED9F8,DEFF97FED9F80000930383FFDEFF97FE
C:/Users/MadCat/Documents/GitHub/MechwarriorRecomp/research/extract/decoded_pck/HAMPCK_TBL.decoded.bin,pck_object_0059_part_000_choice_000_frame_125,pck_object_0059,pck_object_0059_part_000,pck_object_0059_part_000_choice_000,0,0,125,0x006BC4,0,0,0x006BC6,0000930383FFDEFF,930383FFDEFF97FE6CFFBCFF69FE0000
C:/Users/MadCat/Documents/GitHub/MechwarriorRecomp/research/extract/decoded_pck/HAMPCK_TBL.decoded.bin,pck_object_0059_part_000_choice_000_frame_126,pck_object_0059,pck_object_0059_part_000,pck_object_0059_part_000_choice_000,0,0,126,0x006BCC,151,254,0x006BCE,97FE6CFFBCFF69FE,6CFFBCFF69FE000092F9C10400000000
C:/Users/MadCat/Documents/GitHub/MechwarriorRecomp/research/extract/decoded_pck/HAMPCK_TBL.decoded.bin,pck_object_0059_part_000_choice_000_frame_127,pck_object_0059,pck_object_0059_part_000,pck_object_0059_part_000_choice_000,0,0,127,0x006BD4,0,0,0x006BD6,000092F9C1040000,92F9C1040000000000F8010024010000
C:/Users/MadCat/Documents/GitHub/MechwarriorRecomp/research/extract/decoded_pck/HAMPCK_TBL.decoded.bin,pck_object_0059_part_000_choice_000_frame_128,pck_object_0059,pck_object_0059_part_000,pck_object_0059_part_000_choice_000,0,0,128,0x006BDC,0,0,0x006BDE,000000F801002401,00F801002401000006002C01E6018107
C:/Users/MadCat/Documents/GitHub/MechwarriorRecomp/research/extract/decoded_pck/HAMPCK_TBL.decoded.bin,pck_object_0059_part_000_choice_000_frame_129,pck_object_0059,pck_object_0059_part_000,pck_object_0059_part_000_choice_000,0,0,129,0x006BE4,0,0,0x006BE6,000006002C01E601,06002C01E6018107070707015C018108
C:/Users/MadCat/Documents/GitHub/MechwarriorRecomp/research/extract/decoded_pck/HAMPCK_TBL.decoded.bin,pck_object_0059_part_000_choice_000_frame_130,pck_object_0059,pck_object_0059_part_000,pck_object_0059_part_000_choice_000,0,0,130,0x006BEC,129,7,0x006BEE,8107070707015C01,070707015C0181080808080762018109
C:/Users/MadCat/Documents/GitHub/MechwarriorRecomp/research/extract/decoded_pck/HAMPCK_TBL.decoded.bin,pck_object_0059_part_000_choice_000_frame_131,pck_object_0059,pck_object_0059_part_000,pck_object_0059_part_000_choice_000,0,0,131,0x006BF4,129,8,0x006BF6,8108080808076201,0808080762018109090C0C0D6801810F
C:/Users/MadCat/Documents/GitHub/MechwarriorRecomp/research/extract/decoded_pck/HAMPCK_TBL.decoded.bin,pck_object_0060_part_000_choice_000_frame_000,pck_object_0060,pck_object_0060_part_000,pck_object_0060_part_000_choice_000,0,0,0,0x0067A2,128,0,0x0067A4,8000BC0100000000,BC0100000000000001001000000F1800
C:/Users/MadCat/Documents/GitHub/MechwarriorRecomp/research/extract/decoded_pck/HAMPCK_TBL.decoded.bin,pck_object_0060_part_000_choice_000_frame_001,pck_object_0060,pck_object_0060_part_000,pck_object_0060_part_000_choice_000,0,0,1,0x0067AA,0,0,0x0067AC,000001001000000F,01001000000F180001007200DC050000
C:/Users/MadCat/Documents/GitHub/MechwarriorRecomp/research/extract/decoded_pck/HAMPCK_TBL.decoded.bin,pck_object_0060_part_000_choice_000_frame_002,pck_object_0060,pck_object_0060_part_000,pck_object_0060_part_000_choice_000,0,0,2,0x0067B2,24,0,0x0067B4,180001007200DC05,01007200DC05000001000000E1FA2506
C:/Users/MadCat/Documents/GitHub/MechwarriorRecomp/research/extract/decoded_pck/HAMPCK_TBL.decoded.bin,pck_object_0060_part_000_choice_000_frame_003,pck_object_0060,pck_object_0060_part_000,pck_object_0060_part_000_choice_000,0,0,3,0x0067BA,0,0,0x0067BC,000001000000E1FA,01000000E1FA2506CC008EFE3C00CD00
C:/Users/MadCat/Documents/GitHub/MechwarriorRecomp/research/extract/decoded_pck/HAMPCK_TBL.decoded.bin,pck_object_0060_part_000_choice_000_frame_004,pck_object_0060,pck_object_0060_part_000,pck_object_0060_part_000_choice_000,0,0,4,0x0067C2,37,6,0x0067C4,2506CC008EFE3C00,CC008EFE3C00CD00B2FE5A00F000B2FE
C:/Users/MadCat/Documents/GitHub/MechwarriorRecomp/research/extract/decoded_pck/HAMPCK_TBL.decoded.bin,pck_object_0060_part_000_choice_000_frame_005,pck_object_0060,pck_object_0060_part_000,pck_object_0060_part_000_choice_000,0,0,5,0x0067CA,205,0,0x0067CC,CD00B2FE5A00F000,B2FE5A00F000B2FE5A00EE008EFE3C00
C:/Users/MadCat/Documents/GitHub/MechwarriorRecomp/research/extract/decoded_pck/HAMPCK_TBL.decoded.bin,pck_object_0060_part_000_choice_000_frame_006,pck_object_0060,pck_object_0060_part_000,pck_object_0060_part_000_choice_000,0,0,6,0x0067D2,178,254,0x0067D4,B2FE5A00EE008EFE,5A00EE008EFE3C0000001A05D7F9EE00
C:/Users/MadCat/Documents/GitHub/MechwarriorRecomp/research/extract/decoded_pck/HAMPCK_TBL.decoded.bin,pck_object_0060_part_000_choice_000_frame_007,pck_object_0060,pck_object_0060_part_000,pck_object_0060_part_000_choice_000,0,0,7,0x0067DA,60,0,0x0067DC,3C0000001A05D7F9,00001A05D7F9EE007AFF25FFF0009DFF
C:/Users/MadCat/Documents/GitHub/MechwarriorRecomp/research/extract/decoded_pck/HAMPCK_TBL.decoded.bin,pck_object_0060_part_000_choice_000_frame_008,pck_object_0060,pck_object_0060_part_000,pck_object_0060_part_000_choice_000,0,0,8,0x0067E2,238,0,0x0067E4,EE007AFF25FFF000,7AFF25FFF0009DFF42FFCD009DFF42FF
C:/Users/MadCat/Documents/GitHub/MechwarriorRecomp/research/extract/decoded_pck/HAMPCK_TBL.decoded.bin,pck_object_0060_part_000_choice_000_frame_009,pck_object_0060,pck_object_0060_part_000,pck_object_0060_part_000_choice_000,0,0,9,0x0067EA,157,255,0x0067EC,9DFF42FFCD009DFF,42FFCD009DFF42FFCC007AFF25FF0000
C:/Users/MadCat/Documents/GitHub/MechwarriorRecomp/research/extract/decoded_pck/HAMPCK_TBL.decoded.bin,pck_object_0060_part_000_choice_000_frame_010,pck_object_0060,pck_object_0060_part_000,pck_object_0060_part_000_choice_000,0,0,10,0x0067F2,66,255,0x0067F4,42FFCC007AFF25FF,CC007AFF25FF0000E5F9D6FA01F82200
C:/Users/MadCat/Documents/GitHub/MechwarriorRecomp/research/extract/decoded_pck/HAMPCK_TBL.decoded.bin,pck_object_0060_part_000_choice_000_frame_011,pck_object_0060,pck_object_0060_part_000,pck_object_0060_part_000_choice_000,0,0,11,0x0067FA,0,0,0x0067FC,0000E5F9D6FA01F8,E5F9D6FA01F822001D00000020062405
C:/Users/MadCat/Documents/GitHub/MechwarriorRecomp/research/extract/decoded_pck/HAMPCK_TBL.decoded.bin,pck_object_0060_part_000_choice_000_frame_012,pck_object_0060,pck_object_0060_part_000,pck_object_0060_part_000_choice_000,0,0,12,0x006802,34,0,0x006804,22001D0000002006,1D00000020062405FE07BCFFC7FF0100
C:/Users/MadCat/Documents/GitHub/MechwarriorRecomp/research/extract/decoded_pck/HAMPCK_TBL.decoded.bin,pck_object_0060_part_000_choice_000_frame_013,pck_object_0060,pck_object_0060_part_000,pck_object_0060_part_000_choice_000,0,0,13,0x00680A,36,5,0x00680C,2405FE07BCFFC7FF,FE07BCFFC7FF01007600000006007E00
C:/Users/MadCat/Documents/GitHub/MechwarriorRecomp/research/extract/decoded_pck/HAMPCK_TBL.decoded.bin,pck_object_0060_part_000_choice_000_frame_014,pck_object_0060,pck_object_0060_part_000,pck_object_0060_part_000_choice_000,0,0,14,0x006812,1,0,0x006814,0100760000000600,7600000006007E000401810408080801
C:/Users/MadCat/Documents/GitHub/MechwarriorRecomp/research/extract/decoded_pck/HAMPCK_TBL.decoded.bin,pck_object_0060_part_000_choice_000_frame_015,pck_object_0060,pck_object_0060_part_000,pck_object_0060_part_000_choice_000,0,0,15,0x00681A,126,0,0x00681C,7E00040181040808,0401810408080801AE00810408000806
C:/Users/MadCat/Documents/GitHub/MechwarriorRecomp/research/extract/decoded_pck/HAMPCK_TBL.decoded.bin,pck_object_0060_part_000_choice_000_frame_016,pck_object_0060,pck_object_0060_part_000,pck_object_0060_part_000_choice_000,0,0,16,0x006822,8,1,0x006824,0801AE0081040800,AE00810408000806B30081040800000B
C:/Users/MadCat/Documents/GitHub/MechwarriorRecomp/research/extract/decoded_pck/HAMPCK_TBL.decoded.bin,pck_object_0060_part_000_choice_000_frame_017,pck_object_0060,pck_object_0060_part_000,pck_object_0060_part_000_choice_000,0,0,17,0x00682A,8,6,0x00682C,0806B30081040800,B30081040800000BB80081040808080C
C:/Users/MadCat/Documents/GitHub/MechwarriorRecomp/research/extract/decoded_pck/HAMPCK_TBL.decoded.bin,pck_object_0060_part_000_choice_000_frame_018,pck_object_0060,pck_object_0060_part_000,pck_object_0060_part_000_choice_000,0,0,18,0x006832,0,11,0x006834,000BB80081040808,B80081040808080CBD0081040800000D
C:/Users/MadCat/Documents/GitHub/MechwarriorRecomp/research/extract/decoded_pck/HAMPCK_TBL.decoded.bin,pck_object_0060_part_000_choice_000_frame_019,pck_object_0060,pck_object_0060_part_000,pck_object_0060_part_000_choice_000,0,0,19,0x00683A,8,12,0x00683C,080CBD0081040800,BD0081040800000DC20081040808080E
C:/Users/MadCat/Documents/GitHub/MechwarriorRecomp/research/extract/decoded_pck/HAMPCK_TBL.decoded.bin,pck_object_0060_part_000_choice_000_frame_020,pck_object_0060,pck_object_0060_part_000,pck_object_0060_part_000_choice_000,0,0,20,0x006842,0,13,0x006844,000DC20081040808,C20081040808080EC70002030405FF07
C:/Users/MadCat/Documents/GitHub/MechwarriorRecomp/research/extract/decoded_pck/HAMPCK_TBL.decoded.bin,pck_object_0060_part_000_choice_000_frame_021,pck_object_0060,pck_object_0060_part_000,pck_object_0060_part_000_choice_000,0,0,21,0x00684A,8,14,0x00684C,080EC70002030405,C70002030405FF0708090AFF05070A02
C:/Users/MadCat/Documents/GitHub/MechwarriorRecomp/research/extract/decoded_pck/HAMPCK_TBL.decoded.bin,pck_object_0060_part_000_choice_000_frame_022,pck_object_0060,pck_object_0060_part_000,pck_object_0060_part_000_choice_000,0,0,22,0x006852,255,7,0x006854,FF0708090AFF0507,08090AFF05070A02FF020A0903FF0309
C:/Users/MadCat/Documents/GitHub/MechwarriorRecomp/research/extract/decoded_pck/HAMPCK_TBL.decoded.bin,pck_object_0060_part_000_choice_000_frame_023,pck_object_0060,pck_object_0060_part_000,pck_object_0060_part_000_choice_000,0,0,23,0x00685A,10,2,0x00685C,0A02FF020A0903FF,FF020A0903FF03090804FF04080705FF
C:/Users/MadCat/Documents/GitHub/MechwarriorRecomp/research/extract/decoded_pck/HAMPCK_TBL.decoded.bin,pck_object_0060_part_000_choice_000_frame_024,pck_object_0060,pck_object_0060_part_000,pck_object_0060_part_000_choice_000,0,0,24,0x006862,3,9,0x006864,03090804FF040807,0804FF04080705FF8000440200000000
C:/Users/MadCat/Documents/GitHub/MechwarriorRecomp/research/extract/decoded_pck/HAMPCK_TBL.decoded.bin,pck_object_0060_part_000_choice_000_frame_025,pck_object_0060,pck_object_0060_part_000,pck_object_0060_part_000_choice_000,0,0,25,0x00686A,5,255,0x00686C,05FF800044020000,8000440200000000000001001A00000F
C:/Users/MadCat/Documents/GitHub/MechwarriorRecomp/research/extract/decoded_pck/HAMPCK_TBL.decoded.bin,pck_object_0060_part_000_choice_000_frame_026,pck_object_0060,pck_object_0060_part_000,pck_object_0060_part_000_choice_000,0,0,26,0x006872,0,0,0x006874,0000000001001A00,000001001A00000F220001007C00DC05
C:/Users/MadCat/Documents/GitHub/MechwarriorRecomp/research/extract/decoded_pck/HAMPCK_TBL.decoded.bin,pck_object_0060_part_000_choice_000_frame_027,pck_object_0060,pck_object_0060_part_000,pck_object_0060_part_000_choice_000,0,0,27,0x00687A,0,15,0x00687C,000F220001007C00,220001007C00DC0500000000000011F9
C:/Users/MadCat/Documents/GitHub/MechwarriorRecomp/research/extract/decoded_pck/HAMPCK_TBL.decoded.bin,pck_object_0060_part_000_choice_000_frame_028,pck_object_0060,pck_object_0060_part_000,pck_object_0060_part_000_choice_000,0,0,28,0x006882,220,5,0x006884,DC05000000000000,00000000000011F9FC03CC00FFFD7EFF
C:/Users/MadCat/Documents/GitHub/MechwarriorRecomp/research/extract/decoded_pck/HAMPCK_TBL.decoded.bin,pck_object_0060_part_000_choice_000_frame_029,pck_object_0060,pck_object_0060_part_000,pck_object_0060_part_000_choice_000,0,0,29,0x00688A,17,249,0x00688C,11F9FC03CC00FFFD,FC03CC00FFFD7EFFCD0016FEA6FFF000
C:/Users/MadCat/Documents/GitHub/MechwarriorRecomp/research/extract/decoded_pck/HAMPCK_TBL.decoded.bin,pck_object_0060_part_000_choice_000_frame_030,pck_object_0060,pck_object_0060_part_000,pck_object_0060_part_000_choice_000,0,0,30,0x006892,126,255,0x006894,7EFFCD0016FEA6FF,CD0016FEA6FFF00016FEA6FFEE00FFFD
C:/Users/MadCat/Documents/GitHub/MechwarriorRecomp/research/extract/decoded_pck/HAMPCK_TBL.decoded.bin,pck_object_0060_part_000_choice_000_frame_031,pck_object_0060,pck_object_0060_part_000,pck_object_0060_part_000_choice_000,0,0,31,0x00689A,240,0,0x00689C,F00016FEA6FFEE00,16FEA6FFEE00FFFD7EFF0000EF0604FC
C:/Users/MadCat/Documents/GitHub/MechwarriorRecomp/research/extract/decoded_pck/HAMPCK_TBL.decoded.bin,pck_object_0060_part_000_choice_000_frame_032,pck_object_0060,pck_object_0060_part_000,pck_object_0060_part_000_choice_000,0,0,32,0x0068A2,255,253,0x0068A4,FFFD7EFF0000EF06,7EFF0000EF0604FCEE003CFFC7FEF000
C:/Users/MadCat/Documents/GitHub/MechwarriorRecomp/research/extract/decoded_pck/HAMPCK_TBL.decoded.bin,pck_object_0060_part_000_choice_000_frame_033,pck_object_0060,pck_object_0060_part_000,pck_object_0060_part_000_choice_000,0,0,33,0x0068AA,4,252,0x0068AC,04FCEE003CFFC7FE,EE003CFFC7FEF00053FFEFFECD0053FF
C:/Users/MadCat/Documents/GitHub/MechwarriorRecomp/research/extract/decoded_pck/HAMPCK_TBL.decoded.bin,pck_object_0060_part_000_choice_000_frame_034,pck_object_0060,pck_object_0060_part_000,pck_object_0060_part_000_choice_000,0,0,34,0x0068B2,240,0,0x0068B4,F00053FFEFFECD00,53FFEFFECD0053FFEFFECC003CFFC7FE
C:/Users/MadCat/Documents/GitHub/MechwarriorRecomp/research/extract/decoded_pck/HAMPCK_TBL.decoded.bin,pck_object_0060_part_000_choice_000_frame_035,pck_object_0060,pck_object_0060_part_000,pck_object_0060_part_000_choice_000,0,0,35,0x0068BA,83,255,0x0068BC,53FFEFFECC003CFF,EFFECC003CFFC7FE000001FC13F901F8
C:/Users/MadCat/Documents/GitHub/MechwarriorRecomp/research/extract/decoded_pck/HAMPCK_TBL.decoded.bin,pck_object_0060_part_000_choice_000_frame_036,pck_object_0060,pck_object_0060_part_000,pck_object_0060_part_000_choice_000,0,0,36,0x0068C2,199,254,0x0068C4,C7FE000001FC13F9,000001FC13F901F8160026000000FF03
C:/Users/MadCat/Documents/GitHub/MechwarriorRecomp/research/extract/decoded_pck/HAMPCK_TBL.decoded.bin,pck_object_0060_part_000_choice_000_frame_037,pck_object_0060,pck_object_0060_part_000,pck_object_0060_part_000_choice_000,0,0,37,0x0068CA,1,248,0x0068CC,01F8160026000000,160026000000FF03ED06FE07D4FFB4FF
C:/Users/MadCat/Documents/GitHub/MechwarriorRecomp/research/extract/decoded_pck/HAMPCK_TBL.decoded.bin,pck_object_0060_part_000_choice_000_frame_038,pck_object_0060,pck_object_0060_part_000,pck_object_0060_part_000_choice_000,0,0,38,0x0068D2,255,3,0x0068D4,FF03ED06FE07D4FF,ED06FE07D4FFB4FF0100800000000600
C:/Users/MadCat/Documents/GitHub/MechwarriorRecomp/research/extract/decoded_pck/HAMPCK_TBL.decoded.bin,pck_object_0060_part_000_choice_000_frame_039,pck_object_0060,pck_object_0060_part_000,pck_object_0060_part_000_choice_000,0,0,39,0x0068DA,180,255,0x0068DC,B4FF010080000000,01008000000006008800040181040808
C:/Users/MadCat/Documents/GitHub/MechwarriorRecomp/research/extract/decoded_pck/HAMPCK_TBL.decoded.bin,pck_object_0060_part_000_choice_000_frame_040,pck_object_0060,pck_object_0060_part_000,pck_object_0060_part_000_choice_000,0,0,40,0x0068E2,6,0,0x0068E4,0600880004018104,88000401810408080801B80081040800
C:/Users/MadCat/Documents/GitHub/MechwarriorRecomp/research/extract/decoded_pck/HAMPCK_TBL.decoded.bin,pck_object_0060_part_000_choice_000_frame_041,pck_object_0060,pck_object_0060_part_000,pck_object_0060_part_000_choice_000,0,0,41,0x0068EA,8,8,0x0068EC,08080801B8008104,0801B800810408000806BD0081040800
C:/Users/MadCat/Documents/GitHub/MechwarriorRecomp/research/extract/decoded_pck/HAMPCK_TBL.decoded.bin,pck_object_0060_part_000_choice_000_frame_042,pck_object_0060,pck_object_0060_part_000,pck_object_0060_part_000_choice_000,0,0,42,0x0068F2,8,0,0x0068F4,08000806BD008104,0806BD0081040800000BC20081040808
C:/Users/MadCat/Documents/GitHub/MechwarriorRecomp/research/extract/decoded_pck/HAMPCK_TBL.decoded.bin,pck_object_0060_part_000_choice_000_frame_043,pck_object_0060,pck_object_0060_part_000,pck_object_0060_part_000_choice_000,0,0,43,0x0068FA,8,0,0x0068FC,0800000BC2008104,000BC20081040808080CC70081040800
C:/Users/MadCat/Documents/GitHub/MechwarriorRecomp/research/extract/decoded_pck/HAMPCK_TBL.decoded.bin,pck_object_0060_part_000_choice_000_frame_044,pck_object_0060,pck_object_0060_part_000,pck_object_0060_part_000_choice_000,0,0,44,0x006902,8,8,0x006904,0808080CC7008104,080CC70081040800000DCC0081040808
C:/Users/MadCat/Documents/GitHub/MechwarriorRecomp/research/extract/decoded_pck/HAMPCK_TBL.decoded.bin,pck_object_0060_part_000_choice_000_frame_045,pck_object_0060,pck_object_0060_part_000,pck_object_0060_part_000_choice_000,0,0,45,0x00690A,8,0,0x00690C,0800000DCC008104,000DCC0081040808080ED10002030405
C:/Users/MadCat/Documents/GitHub/MechwarriorRecomp/research/extract/decoded_pck/HAMPCK_TBL.decoded.bin,pck_object_0060_part_000_choice_000_frame_046,pck_object_0060,pck_object_0060_part_000,pck_object_0060_part_000_choice_000,0,0,46,0x006912,8,8,0x006914,0808080ED1000203,080ED10002030405FF0708090AFF0507
C:/Users/MadCat/Documents/GitHub/MechwarriorRecomp/research/extract/decoded_pck/HAMPCK_TBL.decoded.bin,pck_object_0060_part_000_choice_000_frame_047,pck_object_0060,pck_object_0060_part_000,pck_object_0060_part_000_choice_000,0,0,47,0x00691A,4,5,0x00691C,0405FF0708090AFF,FF0708090AFF05070A02FF020A0903FF
C:/Users/MadCat/Documents/GitHub/MechwarriorRecomp/research/extract/decoded_pck/HAMPCK_TBL.decoded.bin,pck_object_0060_part_000_choice_000_frame_048,pck_object_0060,pck_object_0060_part_000,pck_object_0060_part_000_choice_000,0,0,48,0x006922,5,7,0x006924,05070A02FF020A09,0A02FF020A0903FF03090804FF040807
C:/Users/MadCat/Documents/GitHub/MechwarriorRecomp/research/extract/decoded_pck/HAMPCK_TBL.decoded.bin,pck_object_0060_part_000_choice_000_frame_049,pck_object_0060,pck_object_0060_part_000,pck_object_0060_part_000_choice_000,0,0,49,0x00692A,3,255,0x00692C,03FF03090804FF04,03090804FF04080705FF80009E020000
C:/Users/MadCat/Documents/GitHub/MechwarriorRecomp/research/extract/decoded_pck/HAMPCK_TBL.decoded.bin,pck_object_0060_part_000_choice_000_frame_050,pck_object_0060,pck_object_0060_part_000,pck_object_0060_part_000_choice_000,0,0,50,0x006932,8,7,0x006934,080705FF80009E02,05FF80009E0200000000000001001400
C:/Users/MadCat/Documents/GitHub/MechwarriorRecomp/research/extract/decoded_pck/HAMPCK_TBL.decoded.bin,pck_object_0060_part_000_choice_000_frame_051,pck_object_0060,pck_object_0060_part_000,pck_object_0060_part_000_choice_000,0,0,51,0x00693A,0,0,0x00693C,0000000000000100,0000000001001400000F1C0001007600
C:/Users/MadCat/Documents/GitHub/MechwarriorRecomp/research/extract/decoded_pck/HAMPCK_TBL.decoded.bin,pck_object_0060_part_000_choice_000_frame_052,pck_object_0060,pck_object_0060_part_000,pck_object_0060_part_000_choice_000,0,0,52,0x006942,20,0,0x006944,1400000F1C000100,000F1C0001007600DC05000001000000
C:/Users/MadCat/Documents/GitHub/MechwarriorRecomp/research/extract/decoded_pck/HAMPCK_TBL.decoded.bin,pck_object_0060_part_000_choice_000_frame_053,pck_object_0060,pck_object_0060_part_000,pck_object_0060_part_000_choice_000,0,0,53,0x00694A,118,0,0x00694C,7600DC0500000100,DC05000001000000C7F87003CB00D6FD
C:/Users/MadCat/Documents/GitHub/MechwarriorRecomp/research/extract/decoded_pck/HAMPCK_TBL.decoded.bin,pck_object_0060_part_000_choice_000_frame_054,pck_object_0060,pck_object_0060_part_000,pck_object_0060_part_000_choice_000,0,0,54,0x006952,0,0,0x006954,0000C7F87003CB00,C7F87003CB00D6FDDAFECC00EAFD04FF
C:/Users/MadCat/Documents/GitHub/MechwarriorRecomp/research/extract/decoded_pck/HAMPCK_TBL.decoded.bin,pck_object_0060_part_000_choice_000_frame_055,pck_object_0060,pck_object_0060_part_000,pck_object_0060_part_000_choice_000,0,0,55,0x00695A,214,253,0x00695C,D6FDDAFECC00EAFD,DAFECC00EAFD04FFEE00EAFD04FFED00
C:/Users/MadCat/Documents/GitHub/MechwarriorRecomp/research/extract/decoded_pck/HAMPCK_TBL.decoded.bin,pck_object_0060_part_000_choice_000_frame_056,pck_object_0060,pck_object_0060_part_000,pck_object_0060_part_000_choice_000,0,0,56,0x006962,4,255,0x006964,04FFEE00EAFD04FF,EE00EAFD04FFED00D6FDDAFE00004207
C:/Users/MadCat/Documents/GitHub/MechwarriorRecomp/research/extract/decoded_pck/HAMPCK_TBL.decoded.bin,pck_object_0060_part_000_choice_000_frame_057,pck_object_0060,pck_object_0060_part_000,pck_object_0060_part_000_choice_000,0,0,57,0x00696A,237,0,0x00696C,ED00D6FDDAFE0000,D6FDDAFE00004207A3FCEE0023FF3FFE
C:/Users/MadCat/Documents/GitHub/MechwarriorRecomp/research/extract/decoded_pck/HAMPCK_TBL.decoded.bin,pck_object_0060_part_000_choice_000_frame_058,pck_object_0060,pck_object_0060_part_000,pck_object_0060_part_000_choice_000,0,0,58,0x006972,66,7,0x006974,4207A3FCEE0023FF,A3FCEE0023FF3FFEF00036FF68FECD00
C:/Users/MadCat/Documents/GitHub/MechwarriorRecomp/research/extract/decoded_pck/HAMPCK_TBL.decoded.bin,pck_object_0060_part_000_choice_000_frame_059,pck_object_0060,pck_object_0060_part_000,pck_object_0060_part_000_choice_000,0,0,59,0x00697A,63,254,0x00697C,3FFEF00036FF68FE,F00036FF68FECD0036FF68FECC0023FF
C:/Users/MadCat/Documents/GitHub/MechwarriorRecomp/research/extract/decoded_pck/HAMPCK_TBL.decoded.bin,pck_object_0060_part_000_choice_000_frame_060,pck_object_0060,pck_object_0060_part_000,pck_object_0060_part_000_choice_000,0,0,60,0x006982,205,0,0x006984,CD0036FF68FECC00,36FF68FECC0023FF3FFE0000A0FCC0F8
C:/Users/MadCat/Documents/GitHub/MechwarriorRecomp/research/extract/decoded_pck/HAMPCK_TBL.decoded.bin,pck_object_0060_part_000_choice_000_frame_061,pck_object_0060,pck_object_0060_part_000,pck_object_0060_part_000_choice_000,0,0,61,0x00698A,35,255,0x00698C,23FF3FFE0000A0FC,3FFE0000A0FCC0F801F8180026000000
C:/Users/MadCat/Documents/GitHub/MechwarriorRecomp/research/extract/decoded_pck/HAMPCK_TBL.decoded.bin,pck_object_0060_part_000_choice_000_frame_062,pck_object_0060,pck_object_0060_part_000,pck_object_0060_part_000_choice_000,0,0,62,0x006992,192,248,0x006994,C0F801F818002600,01F818002600000066033D07FD07D0FF
C:/Users/MadCat/Documents/GitHub/MechwarriorRecomp/research/extract/decoded_pck/HAMPCK_TBL.decoded.bin,pck_object_0060_part_000_choice_000_frame_063,pck_object_0060,pck_object_0060_part_000,pck_object_0060_part_000_choice_000,0,0,63,0x00699A,0,0,0x00699C,000066033D07FD07,66033D07FD07D0FFB3FF01007A000000
C:/Users/MadCat/Documents/GitHub/MechwarriorRecomp/research/extract/decoded_pck/HAMPCK_TBL.decoded.bin,pck_object_0060_part_000_choice_000_frame_064,pck_object_0060,pck_object_0060_part_000,pck_object_0060_part_000_choice_000,0,0,64,0x0069A2,208,255,0x0069A4,D0FFB3FF01007A00,B3FF01007A0000000600820004018104
C:/Users/MadCat/Documents/GitHub/MechwarriorRecomp/research/extract/decoded_pck/HAMPCK_TBL.decoded.bin,pck_object_0060_part_000_choice_000_frame_065,pck_object_0060,pck_object_0060_part_000,pck_object_0060_part_000_choice_000,0,0,65,0x0069AA,0,0,0x0069AC,0000060082000401,060082000401810408080801B2008104
C:/Users/MadCat/Documents/GitHub/MechwarriorRecomp/research/extract/decoded_pck/HAMPCK_TBL.decoded.bin,pck_object_0060_part_000_choice_000_frame_066,pck_object_0060,pck_object_0060_part_000,pck_object_0060_part_000_choice_000,0,0,66,0x0069B2,129,4,0x0069B4,810408080801B200,08080801B200810408000806B7008104
C:/Users/MadCat/Documents/GitHub/MechwarriorRecomp/research/extract/decoded_pck/HAMPCK_TBL.decoded.bin,pck_object_0060_part_000_choice_000_frame_067,pck_object_0060,pck_object_0060_part_000,pck_object_0060_part_000_choice_000,0,0,67,0x0069BA,129,4,0x0069BC,810408000806B700,08000806B70081040800000BBC008104
C:/Users/MadCat/Documents/GitHub/MechwarriorRecomp/research/extract/decoded_pck/HAMPCK_TBL.decoded.bin,pck_object_0060_part_000_choice_000_frame_068,pck_object_0060,pck_object_0060_part_000,pck_object_0060_part_000_choice_000,0,0,68,0x0069C2,129,4,0x0069C4,81040800000BBC00,0800000BBC0081040808080CC1008104
C:/Users/MadCat/Documents/GitHub/MechwarriorRecomp/research/extract/decoded_pck/HAMPCK_TBL.decoded.bin,pck_object_0060_part_000_choice_000_frame_069,pck_object_0060,pck_object_0060_part_000,pck_object_0060_part_000_choice_000,0,0,69,0x0069CA,129,4,0x0069CC,81040808080CC100,0808080CC10081040800000DC6008104
C:/Users/MadCat/Documents/GitHub/MechwarriorRecomp/research/extract/decoded_pck/HAMPCK_TBL.decoded.bin,pck_object_0060_part_000_choice_000_frame_070,pck_object_0060,pck_object_0060_part_000,pck_object_0060_part_000_choice_000,0,0,70,0x0069D2,129,4,0x0069D4,81040800000DC600,0800000DC60081040808080ECB000203
C:/Users/MadCat/Documents/GitHub/MechwarriorRecomp/research/extract/decoded_pck/HAMPCK_TBL.decoded.bin,pck_object_0060_part_000_choice_000_frame_071,pck_object_0060,pck_object_0060_part_000,pck_object_0060_part_000_choice_000,0,0,71,0x0069DA,129,4,0x0069DC,81040808080ECB00,0808080ECB0002030405FF0708090AFF
C:/Users/MadCat/Documents/GitHub/MechwarriorRecomp/research/extract/decoded_pck/HAMPCK_TBL.decoded.bin,pck_object_0060_part_000_choice_000_frame_072,pck_object_0060,pck_object_0060_part_000,pck_object_0060_part_000_choice_000,0,0,72,0x0069E2,2,3,0x0069E4,02030405FF070809,0405FF0708090AFF05070A02FF020A09
C:/Users/MadCat/Documents/GitHub/MechwarriorRecomp/research/extract/decoded_pck/HAMPCK_TBL.decoded.bin,pck_object_0060_part_000_choice_000_frame_073,pck_object_0060,pck_object_0060_part_000,pck_object_0060_part_000_choice_000,0,0,73,0x0069EA,10,255,0x0069EC,0AFF05070A02FF02,05070A02FF020A0903FF03090804FF04
C:/Users/MadCat/Documents/GitHub/MechwarriorRecomp/research/extract/decoded_pck/HAMPCK_TBL.decoded.bin,pck_object_0060_part_000_choice_000_frame_074,pck_object_0060,pck_object_0060_part_000,pck_object_0060_part_000_choice_000,0,0,74,0x0069F2,10,9,0x0069F4,0A0903FF03090804,03FF03090804FF04080705FF8000B902
C:/Users/MadCat/Documents/GitHub/MechwarriorRecomp/research/extract/decoded_pck/HAMPCK_TBL.decoded.bin,pck_object_0060_part_000_choice_000_frame_075,pck_object_0060,pck_object_0060_part_000,pck_object_0060_part_000_choice_000,0,0,75,0x0069FA,255,4,0x0069FC,FF04080705FF8000,080705FF8000B9020000000000000100
C:/Users/MadCat/Documents/GitHub/MechwarriorRecomp/research/extract/decoded_pck/HAMPCK_TBL.decoded.bin,pck_object_0060_part_000_choice_000_frame_076,pck_object_0060,pck_object_0060_part_000,pck_object_0060_part_000_choice_000,0,0,76,0x006A02,185,2,0x006A04,B902000000000000,00000000000001000E00000F16000100
C:/Users/MadCat/Documents/GitHub/MechwarriorRecomp/research/extract/decoded_pck/HAMPCK_TBL.decoded.bin,pck_object_0060_part_000_choice_000_frame_077,pck_object_0060,pck_object_0060_part_000,pck_object_0060_part_000_choice_000,0,0,77,0x006A0A,1,0,0x006A0C,01000E00000F1600,0E00000F160001007000DC0500000000
C:/Users/MadCat/Documents/GitHub/MechwarriorRecomp/research/extract/decoded_pck/HAMPCK_TBL.decoded.bin,pck_object_0060_part_000_choice_000_frame_078,pck_object_0060,pck_object_0060_part_000,pck_object_0060_part_000_choice_000,0,0,78,0x006A12,1,0,0x006A14,01007000DC050000,7000DC0500000000000009F8B900CC00
C:/Users/MadCat/Documents/GitHub/MechwarriorRecomp/research/extract/decoded_pck/HAMPCK_TBL.decoded.bin,pck_object_0060_part_000_choice_000_frame_079,pck_object_0060,pck_object_0060_part_000,pck_object_0060_part_000_choice_000,0,0,79,0x006A1A,0,0,0x006A1C,0000000009F8B900,000009F8B900CC00DAFD9CFECD00DEFD
C:/Users/MadCat/Documents/GitHub/MechwarriorRecomp/research/extract/decoded_pck/HAMPCK_TBL.decoded.bin,pck_object_0060_part_000_choice_000_frame_080,pck_object_0060,pck_object_0060_part_000,pck_object_0060_part_000_choice_000,0,0,80,0x006A22,204,0,0x006A24,CC00DAFD9CFECD00,DAFD9CFECD00DEFDC8FEF000DEFDC8FE
C:/Users/MadCat/Documents/GitHub/MechwarriorRecomp/research/extract/decoded_pck/HAMPCK_TBL.decoded.bin,pck_object_0060_part_000_choice_000_frame_081,pck_object_0060,pck_object_0060_part_000,pck_object_0060_part_000_choice_000,0,0,81,0x006A2A,222,253,0x006A2C,DEFDC8FEF000DEFD,C8FEF000DEFDC8FEEE00DAFD9CFE0000
C:/Users/MadCat/Documents/GitHub/MechwarriorRecomp/research/extract/decoded_pck/HAMPCK_TBL.decoded.bin,pck_object_0060_part_000_choice_000_frame_082,pck_object_0060,pck_object_0060_part_000,pck_object_0060_part_000_choice_000,0,0,82,0x006A32,200,254,0x006A34,C8FEEE00DAFD9CFE,EE00DAFD9CFE0000F20719FFEE0046FF
C:/Users/MadCat/Documents/GitHub/MechwarriorRecomp/research/extract/decoded_pck/HAMPCK_TBL.decoded.bin,pck_object_0060_part_000_choice_000_frame_083,pck_object_0060,pck_object_0060_part_000,pck_object_0060_part_000_choice_000,0,0,83,0x006A3A,0,0,0x006A3C,0000F20719FFEE00,F20719FFEE0046FF7CFEF0004BFFA8FE
C:/Users/MadCat/Documents/GitHub/MechwarriorRecomp/research/extract/decoded_pck/HAMPCK_TBL.decoded.bin,pck_object_0060_part_000_choice_000_frame_084,pck_object_0060,pck_object_0060_part_000,pck_object_0060_part_000_choice_000,0,0,84,0x006A42,70,255,0x006A44,46FF7CFEF0004BFF,7CFEF0004BFFA8FECD004BFFA8FECC00
C:/Users/MadCat/Documents/GitHub/MechwarriorRecomp/research/extract/decoded_pck/HAMPCK_TBL.decoded.bin,pck_object_0060_part_000_choice_000_frame_085,pck_object_0060,pck_object_0060_part_000,pck_object_0060_part_000_choice_000,0,0,85,0x006A4A,168,254,0x006A4C,A8FECD004BFFA8FE,CD004BFFA8FECC0046FF7CFE00004DFF
C:/Users/MadCat/Documents/GitHub/MechwarriorRecomp/research/extract/decoded_pck/HAMPCK_TBL.decoded.bin,pck_object_0060_part_000_choice_000_frame_086,pck_object_0060,pck_object_0060_part_000,pck_object_0060_part_000_choice_000,0,0,86,0x006A52,204,0,0x006A54,CC0046FF7CFE0000,46FF7CFE00004DFF08F801F804002E00
C:/Users/MadCat/Documents/GitHub/MechwarriorRecomp/research/extract/decoded_pck/HAMPCK_TBL.decoded.bin,pck_object_0060_part_000_choice_000_frame_087,pck_object_0060,pck_object_0060_part_000,pck_object_0060_part_000_choice_000,0,0,87,0x006A5A,77,255,0x006A5C,4DFF08F801F80400,08F801F804002E000000B200F807FD07
C:/Users/MadCat/Documents/GitHub/MechwarriorRecomp/research/extract/decoded_pck/HAMPCK_TBL.decoded.bin,pck_object_0060_part_000_choice_000_frame_088,pck_object_0060,pck_object_0060_part_000,pck_object_0060_part_000_choice_000,0,0,88,0x006A62,46,0,0x006A64,2E000000B200F807,0000B200F807FD07F8FFA4FF01007400
C:/Users/MadCat/Documents/GitHub/MechwarriorRecomp/research/extract/decoded_pck/HAMPCK_TBL.decoded.bin,pck_object_0060_part_000_choice_000_frame_089,pck_object_0060,pck_object_0060_part_000,pck_object_0060_part_000_choice_000,0,0,89,0x006A6A,253,7,0x006A6C,FD07F8FFA4FF0100,F8FFA4FF01007400000006007C000401
C:/Users/MadCat/Documents/GitHub/MechwarriorRecomp/research/extract/decoded_pck/HAMPCK_TBL.decoded.bin,pck_object_0060_part_000_choice_000_frame_090,pck_object_0060,pck_object_0060_part_000,pck_object_0060_part_000_choice_000,0,0,90,0x006A72,116,0,0x006A74,7400000006007C00,000006007C000401810408080801AC00
C:/Users/MadCat/Documents/GitHub/MechwarriorRecomp/research/extract/decoded_pck/HAMPCK_TBL.decoded.bin,pck_object_0060_part_000_choice_000_frame_091,pck_object_0060,pck_object_0060_part_000,pck_object_0060_part_000_choice_000,0,0,91,0x006A7A,4,1,0x006A7C,0401810408080801,810408080801AC00810408000806B100
C:/Users/MadCat/Documents/GitHub/MechwarriorRecomp/research/extract/decoded_pck/HAMPCK_TBL.decoded.bin,pck_object_0060_part_000_choice_000_frame_092,pck_object_0060,pck_object_0060_part_000,pck_object_0060_part_000_choice_000,0,0,92,0x006A82,172,0,0x006A84,AC00810408000806,810408000806B10081040800000BB600
C:/Users/MadCat/Documents/GitHub/MechwarriorRecomp/research/extract/decoded_pck/HAMPCK_TBL.decoded.bin,pck_object_0060_part_000_choice_000_frame_093,pck_object_0060,pck_object_0060_part_000,pck_object_0060_part_000_choice_000,0,0,93,0x006A8A,177,0,0x006A8C,B10081040800000B,81040800000BB60081040808080CBB00
C:/Users/MadCat/Documents/GitHub/MechwarriorRecomp/research/extract/decoded_pck/HAMPCK_TBL.decoded.bin,pck_object_0060_part_000_choice_000_frame_094,pck_object_0060,pck_object_0060_part_000,pck_object_0060_part_000_choice_000,0,0,94,0x006A92,182,0,0x006A94,B60081040808080C,81040808080CBB0081040800000DC000
C:/Users/MadCat/Documents/GitHub/MechwarriorRecomp/research/extract/decoded_pck/HAMPCK_TBL.decoded.bin,pck_object_0060_part_000_choice_000_frame_095,pck_object_0060,pck_object_0060_part_000,pck_object_0060_part_000_choice_000,0,0,95,0x006A9A,187,0,0x006A9C,BB0081040800000D,81040800000DC00081040808080EC500
C:/Users/MadCat/Documents/GitHub/MechwarriorRecomp/research/extract/decoded_pck/HAMPCK_TBL.decoded.bin,pck_object_0060_part_000_choice_000_frame_096,pck_object_0060,pck_object_0060_part_000,pck_object_0060_part_000_choice_000,0,0,96,0x006AA2,192,0,0x006AA4,C00081040808080E,81040808080EC50002030405FF070809
C:/Users/MadCat/Documents/GitHub/MechwarriorRecomp/research/extract/decoded_pck/HAMPCK_TBL.decoded.bin,pck_object_0060_part_000_choice_000_frame_097,pck_object_0060,pck_object_0060_part_000,pck_object_0060_part_000_choice_000,0,0,97,0x006AAA,197,0,0x006AAC,C50002030405FF07,02030405FF0708090AFF05070A02FF02
C:/Users/MadCat/Documents/GitHub/MechwarriorRecomp/research/extract/decoded_pck/HAMPCK_TBL.decoded.bin,pck_object_0060_part_000_choice_000_frame_098,pck_object_0060,pck_object_0060_part_000,pck_object_0060_part_000_choice_000,0,0,98,0x006AB2,8,9,0x006AB4,08090AFF05070A02,0AFF05070A02FF020A0903FF03090804
C:/Users/MadCat/Documents/GitHub/MechwarriorRecomp/research/extract/decoded_pck/HAMPCK_TBL.decoded.bin,pck_object_0060_part_000_choice_000_frame_099,pck_object_0060,pck_object_0060_part_000,pck_object_0060_part_000_choice_000,0,0,99,0x006ABA,255,2,0x006ABC,FF020A0903FF0309,0A0903FF03090804FF04080705FF8000
C:/Users/MadCat/Documents/GitHub/MechwarriorRecomp/research/extract/decoded_pck/HAMPCK_TBL.decoded.bin,pck_object_0060_part_000_choice_000_frame_100,pck_object_0060,pck_object_0060_part_000,pck_object_0060_part_000_choice_000,0,0,100,0x006AC2,8,4,0x006AC4,0804FF04080705FF,FF04080705FF8000C901000000000000
C:/Users/MadCat/Documents/GitHub/MechwarriorRecomp/research/extract/decoded_pck/HAMPCK_TBL.decoded.bin,pck_object_0060_part_000_choice_000_frame_101,pck_object_0060,pck_object_0060_part_000,pck_object_0060_part_000_choice_000,0,0,101,0x006ACA,128,0,0x006ACC,8000C90100000000,C9010000000000000300180000283000
C:/Users/MadCat/Documents/GitHub/MechwarriorRecomp/research/extract/decoded_pck/HAMPCK_TBL.decoded.bin,pck_object_0060_part_000_choice_000_frame_102,pck_object_0060,pck_object_0060_part_000,pck_object_0060_part_000_choice_000,0,0,102,0x006AD2,0,0,0x006AD4,0000030018000028,03001800002830000100200111283000
C:/Users/MadCat/Documents/GitHub/MechwarriorRecomp/research/extract/decoded_pck/HAMPCK_TBL.decoded.bin,pck_object_0060_part_000_choice_000_frame_103,pck_object_0060,pck_object_0060_part_000,pck_object_0060_part_000_choice_000,0,0,103,0x006ADA,48,0,0x006ADC,3000010020011128,010020011128300001007C011C283000
C:/Users/MadCat/Documents/GitHub/MechwarriorRecomp/research/extract/decoded_pck/HAMPCK_TBL.decoded.bin,pck_object_0060_part_000_choice_000_frame_104,pck_object_0060,pck_object_0060_part_000,pck_object_0060_part_000_choice_000,0,0,104,0x006AE2,48,0,0x006AE4,300001007C011C28,01007C011C2830000100BC0112FD8700
C:/Users/MadCat/Documents/GitHub/MechwarriorRecomp/research/extract/decoded_pck/HAMPCK_TBL.decoded.bin,pck_object_0060_part_000_choice_000_frame_105,pck_object_0060,pck_object_0060_part_000,pck_object_0060_part_000_choice_000,0,0,105,0x006AEA,48,0,0x006AEC,30000100BC0112FD,0100BC0112FD87009CFF02F838002500
C:/Users/MadCat/Documents/GitHub/MechwarriorRecomp/research/extract/decoded_pck/HAMPCK_TBL.decoded.bin,pck_object_0060_part_000_choice_000_frame_106,pck_object_0060,pck_object_0060_part_000,pck_object_0060_part_000_choice_000,0,0,106,0x006AF2,135,0,0x006AF4,87009CFF02F83800,9CFF02F83800250082FFB0FF0A007FFF
C:/Users/MadCat/Documents/GitHub/MechwarriorRecomp/research/extract/decoded_pck/HAMPCK_TBL.decoded.bin,pck_object_0060_part_000_choice_000_frame_107,pck_object_0060,pck_object_0060_part_000,pck_object_0060_part_000_choice_000,0,0,107,0x006AFA,37,0,0x006AFC,250082FFB0FF0A00,82FFB0FF0A007FFF62FFDCFF7FFFB0FF
C:/Users/MadCat/Documents/GitHub/MechwarriorRecomp/research/extract/decoded_pck/HAMPCK_TBL.decoded.bin,pck_object_0060_part_000_choice_000_frame_108,pck_object_0060,pck_object_0060_part_000,pck_object_0060_part_000_choice_000,0,0,108,0x006B02,127,255,0x006B04,7FFF62FFDCFF7FFF,62FFDCFF7FFFB0FF65FF83FF00007CFF
C:/Users/MadCat/Documents/GitHub/MechwarriorRecomp/research/extract/decoded_pck/HAMPCK_TBL.decoded.bin,pck_object_0060_part_000_choice_000_frame_109,pck_object_0060,pck_object_0060_part_000,pck_object_0060_part_000_choice_000,0,0,109,0x006B0A,176,255,0x006B0C,B0FF65FF83FF0000,65FF83FF00007CFF83FFDAFFEEFFFD07
C:/Users/MadCat/Documents/GitHub/MechwarriorRecomp/research/extract/decoded_pck/HAMPCK_TBL.decoded.bin,pck_object_0060_part_000_choice_000_frame_110,pck_object_0060,pck_object_0060_part_000,pck_object_0060_part_000_choice_000,0,0,110,0x006B12,124,255,0x006B14,7CFF83FFDAFFEEFF,83FFDAFFEEFFFD07A3FFE1FFD3FFDAFF
C:/Users/MadCat/Documents/GitHub/MechwarriorRecomp/research/extract/decoded_pck/HAMPCK_TBL.decoded.bin,pck_object_0060_part_000_choice_000_frame_111,pck_object_0060,pck_object_0060_part_000,pck_object_0060_part_000_choice_000,0,0,111,0x006B1A,253,7,0x006B1C,FD07A3FFE1FFD3FF,A3FFE1FFD3FFDAFFEEFFD3FF00007CFF
C:/Users/MadCat/Documents/GitHub/MechwarriorRecomp/research/extract/decoded_pck/HAMPCK_TBL.decoded.bin,pck_object_0060_part_000_choice_000_frame_112,pck_object_0060,pck_object_0060_part_000,pck_object_0060_part_000_choice_000,0,0,112,0x006B22,218,255,0x006B24,DAFFEEFFD3FF0000,EEFFD3FF00007CFFCFFFB0FF65FFCFFF
C:/Users/MadCat/Documents/GitHub/MechwarriorRecomp/research/extract/decoded_pck/HAMPCK_TBL.decoded.bin,pck_object_0060_part_000_choice_000_frame_113,pck_object_0060,pck_object_0060_part_000,pck_object_0060_part_000_choice_000,0,0,113,0x006B2A,124,255,0x006B2C,7CFFCFFFB0FF65FF,CFFFB0FF65FFCFFF60FFDDFFD2FFB0FF
C:/Users/MadCat/Documents/GitHub/MechwarriorRecomp/research/extract/decoded_pck/HAMPCK_TBL.decoded.bin,pck_object_0060_part_000_choice_000_frame_114,pck_object_0060,pck_object_0060_part_000,pck_object_0060_part_000_choice_000,0,0,114,0x006B32,207,255,0x006B34,CFFF60FFDDFFD2FF,60FFDDFFD2FFB0FF0A0000007004A806
C:/Users/MadCat/Documents/GitHub/MechwarriorRecomp/research/extract/decoded_pck/HAMPCK_TBL.decoded.bin,pck_object_0060_part_000_choice_000_frame_115,pck_object_0060,pck_object_0060_part_000,pck_object_0060_part_000_choice_000,0,0,115,0x006B3A,176,255,0x006B3C,B0FF0A0000007004,0A0000007004A806000014FCF806E4FF
C:/Users/MadCat/Documents/GitHub/MechwarriorRecomp/research/extract/decoded_pck/HAMPCK_TBL.decoded.bin,pck_object_0060_part_000_choice_000_frame_116,pck_object_0060,pck_object_0060_part_000,pck_object_0060_part_000_choice_000,0,0,116,0x006B42,168,6,0x006B44,A806000014FCF806,000014FCF806E4FF59F991FB00009607
C:/Users/MadCat/Documents/GitHub/MechwarriorRecomp/research/extract/decoded_pck/HAMPCK_TBL.decoded.bin,pck_object_0060_part_000_choice_000_frame_117,pck_object_0060,pck_object_0060_part_000,pck_object_0060_part_000_choice_000,0,0,117,0x006B4A,228,255,0x006B4C,E4FF59F991FB0000,59F991FB0000960787020CFE8D001AFF
C:/Users/MadCat/Documents/GitHub/MechwarriorRecomp/research/extract/decoded_pck/HAMPCK_TBL.decoded.bin,pck_object_0062_part_000_choice_000_frame_000,pck_object_0062,pck_object_0062_part_000,pck_object_0062_part_000_choice_000,0,0,0,0x0069B8,178,0,0x0069BA,B200810408000806,810408000806B70081040800000BBC00
C:/Users/MadCat/Documents/GitHub/MechwarriorRecomp/research/extract/decoded_pck/HAMPCK_TBL.decoded.bin,pck_object_0062_part_000_choice_000_frame_001,pck_object_0062,pck_object_0062_part_000,pck_object_0062_part_000_choice_000,0,0,1,0x0069C0,183,0,0x0069C2,B70081040800000B,81040800000BBC0081040808080CC100
C:/Users/MadCat/Documents/GitHub/MechwarriorRecomp/research/extract/decoded_pck/HAMPCK_TBL.decoded.bin,pck_object_0062_part_000_choice_000_frame_002,pck_object_0062,pck_object_0062_part_000,pck_object_0062_part_000_choice_000,0,0,2,0x0069C8,188,0,0x0069CA,BC0081040808080C,81040808080CC10081040800000DC600
C:/Users/MadCat/Documents/GitHub/MechwarriorRecomp/research/extract/decoded_pck/HAMPCK_TBL.decoded.bin,pck_object_0062_part_000_choice_000_frame_003,pck_object_0062,pck_object_0062_part_000,pck_object_0062_part_000_choice_000,0,0,3,0x0069D0,193,0,0x0069D2,C10081040800000D,81040800000DC60081040808080ECB00
C:/Users/MadCat/Documents/GitHub/MechwarriorRecomp/research/extract/decoded_pck/HAMPCK_TBL.decoded.bin,pck_object_0062_part_000_choice_000_frame_004,pck_object_0062,pck_object_0062_part_000,pck_object_0062_part_000_choice_000,0,0,4,0x0069D8,198,0,0x0069DA,C60081040808080E,81040808080ECB0002030405FF070809
C:/Users/MadCat/Documents/GitHub/MechwarriorRecomp/research/extract/decoded_pck/HAMPCK_TBL.decoded.bin,pck_object_0062_part_000_choice_000_frame_005,pck_object_0062,pck_object_0062_part_000,pck_object_0062_part_000_choice_000,0,0,5,0x0069E0,203,0,0x0069E2,CB0002030405FF07,02030405FF0708090AFF05070A02FF02
C:/Users/MadCat/Documents/GitHub/MechwarriorRecomp/research/extract/decoded_pck/HAMPCK_TBL.decoded.bin,pck_object_0063_part_000_choice_000_frame_000,pck_object_0063,pck_object_0063_part_000,pck_object_0063_part_000_choice_000,0,0,0,0x006A74,0,0,0x006A76,000006007C000401,06007C000401810408080801AC008104
C:/Users/MadCat/Documents/GitHub/MechwarriorRecomp/research/extract/decoded_pck/HAMPCK_TBL.decoded.bin,pck_object_0064_part_002_choice_000_frame_000,pck_object_0064,pck_object_0064_part_002,pck_object_0064_part_002_choice_000,2,0,0,0x006B4B,255,89,0x006B4D,FF59F991FB000096,F991FB0000960787020CFE8D001AFF01
C:/Users/MadCat/Documents/GitHub/MechwarriorRecomp/research/extract/decoded_pck/HAMPCK_TBL.decoded.bin,pck_object_0064_part_002_choice_000_frame_001,pck_object_0064,pck_object_0064_part_002,pck_object_0064_part_002_choice_000,2,0,1,0x006B53,7,135,0x006B55,0787020CFE8D001A,020CFE8D001AFF01F81600050082FFB0
C:/Users/MadCat/Documents/GitHub/MechwarriorRecomp/research/extract/decoded_pck/HAMPCK_TBL.decoded.bin,pck_object_0064_part_002_choice_000_frame_002,pck_object_0064,pck_object_0064_part_002,pck_object_0064_part_002_choice_000,2,0,2,0x006B5B,255,1,0x006B5D,FF01F81600050082,F81600050082FFB0FF65FF82FFDEFF97
C:/Users/MadCat/Documents/GitHub/MechwarriorRecomp/research/extract/decoded_pck/HAMPCK_TBL.decoded.bin,pck_object_0064_part_002_choice_000_frame_003,pck_object_0064,pck_object_0064_part_002,pck_object_0064_part_002_choice_000,2,0,3,0x006B63,255,176,0x006B65,FFB0FF65FF82FFDE,FF65FF82FFDEFF97FE83FF390097FEFF
C:/Users/MadCat/Documents/GitHub/MechwarriorRecomp/research/extract/decoded_pck/HAMPCK_TBL.decoded.bin,pck_object_0064_part_002_choice_000_frame_004,pck_object_0064,pck_object_0064_part_002,pck_object_0064_part_002_choice_000,2,0,4,0x006B6B,255,151,0x006B6D,FF97FE83FF390097,FE83FF390097FEFF07EAFFFBFFD3FF39
C:/Users/MadCat/Documents/GitHub/MechwarriorRecomp/research/extract/decoded_pck/HAMPCK_TBL.decoded.bin,pck_object_0064_part_002_choice_000_frame_005,pck_object_0064,pck_object_0064_part_002,pck_object_0064_part_002_choice_000,2,0,5,0x006B73,254,255,0x006B75,FEFF07EAFFFBFFD3,07EAFFFBFFD3FF390097FED2FFDEFF97
C:/Users/MadCat/Documents/GitHub/MechwarriorRecomp/research/extract/decoded_pck/HAMPCK_TBL.decoded.bin,pck_object_0064_part_002_choice_000_frame_006,pck_object_0064,pck_object_0064_part_002,pck_object_0064_part_002_choice_000,2,0,6,0x006B7B,255,57,0x006B7D,FF390097FED2FFDE,0097FED2FFDEFF97FED2FFB0FF65FF00
C:/Users/MadCat/Documents/GitHub/MechwarriorRecomp/research/extract/decoded_pck/HAMPCK_TBL.decoded.bin,pck_object_0064_part_002_choice_000_frame_007,pck_object_0064,pck_object_0064_part_002,pck_object_0064_part_002_choice_000,2,0,7,0x006B83,255,151,0x006B85,FF97FED2FFB0FF65,FED2FFB0FF65FF000032F842FE0000C3
C:/Users/MadCat/Documents/GitHub/MechwarriorRecomp/research/extract/decoded_pck/HAMPCK_TBL.decoded.bin,pck_object_0064_part_002_choice_000_frame_008,pck_object_0064,pck_object_0064_part_002,pck_object_0064_part_002_choice_000,2,0,8,0x006B8B,255,0,0x006B8D,FF000032F842FE00,0032F842FE0000C307EE016AFFC8000C
C:/Users/MadCat/Documents/GitHub/MechwarriorRecomp/research/extract/decoded_pck/HAMPCK_TBL.decoded.bin,pck_object_0064_part_002_choice_000_frame_009,pck_object_0064,pck_object_0064_part_002,pck_object_0064_part_002_choice_000,2,0,9,0x006B93,0,195,0x006B95,00C307EE016AFFC8,07EE016AFFC8000CFE00009B0323076C
C:/Users/MadCat/Documents/GitHub/MechwarriorRecomp/research/extract/decoded_pck/HAMPCK_TBL.decoded.bin,pck_object_0064_part_002_choice_000_frame_010,pck_object_0064,pck_object_0064_part_002,pck_object_0064_part_002_choice_000,2,0,10,0x006B9B,0,12,0x006B9D,000CFE00009B0323,FE00009B0323076CFF940069FEEAFF94
C:/Users/MadCat/Documents/GitHub/MechwarriorRecomp/research/extract/decoded_pck/HAMPCK_TBL.decoded.bin,pck_object_0064_part_002_choice_000_frame_011,pck_object_0064,pck_object_0064_part_002,pck_object_0064_part_002_choice_000,2,0,11,0x006BA3,7,108,0x006BA5,076CFF940069FEEA,FF940069FEEAFF940069FE2707000093
C:/Users/MadCat/Documents/GitHub/MechwarriorRecomp/research/extract/decoded_pck/HAMPCK_TBL.decoded.bin,pck_object_0064_part_002_choice_000_frame_012,pck_object_0064,pck_object_0064_part_002,pck_object_0064_part_002_choice_000,2,0,12,0x006BAB,255,148,0x006BAD,FF940069FE270700,0069FE270700009303EAFFBCFF69FED3
C:/Users/MadCat/Documents/GitHub/MechwarriorRecomp/research/extract/decoded_pck/HAMPCK_TBL.decoded.bin,pck_object_0064_part_002_choice_000_frame_013,pck_object_0064,pck_object_0064_part_002,pck_object_0064_part_002_choice_000,2,0,13,0x006BB3,0,147,0x006BB5,009303EAFFBCFF69,03EAFFBCFF69FED3FFDEFF97FED9F800
C:/Users/MadCat/Documents/GitHub/MechwarriorRecomp/research/extract/decoded_pck/HAMPCK_TBL.decoded.bin,pck_object_0064_part_002_choice_000_frame_014,pck_object_0064,pck_object_0064_part_002,pck_object_0064_part_002_choice_000,2,0,14,0x006BBB,254,211,0x006BBD,FED3FFDEFF97FED9,FFDEFF97FED9F80000930383FFDEFF97
C:/Users/MadCat/Documents/GitHub/MechwarriorRecomp/research/extract/decoded_pck/HAMPCK_TBL.decoded.bin,pck_object_0064_part_002_choice_000_frame_015,pck_object_0064,pck_object_0064_part_002,pck_object_0064_part_002_choice_000,2,0,15,0x006BC3,248,0,0x006BC5,F80000930383FFDE,00930383FFDEFF97FE6CFFBCFF69FE00
C:/Users/MadCat/Documents/GitHub/MechwarriorRecomp/research/extract/decoded_pck/HAMPCK_TBL.decoded.bin,pck_object_0064_part_002_choice_000_frame_016,pck_object_0064,pck_object_0064_part_002,pck_object_0064_part_002_choice_000,2,0,16,0x006BCB,255,151,0x006BCD,FF97FE6CFFBCFF69,FE6CFFBCFF69FE000092F9C104000000
C:/Users/MadCat/Documents/GitHub/MechwarriorRecomp/research/extract/decoded_pck/HAMPCK_TBL.decoded.bin,pck_object_0064_part_002_choice_000_frame_017,pck_object_0064,pck_object_0064_part_002,pck_object_0064_part_002_choice_000,2,0,17,0x006BD3,254,0,0x006BD5,FE000092F9C10400,0092F9C1040000000000F80100240100
C:/Users/MadCat/Documents/GitHub/MechwarriorRecomp/research/extract/decoded_pck/HAMPCK_TBL.decoded.bin,pck_object_0064_part_002_choice_000_frame_018,pck_object_0064,pck_object_0064_part_002,pck_object_0064_part_002_choice_000,2,0,18,0x006BDB,0,0,0x006BDD,00000000F8010024,0000F801002401000006002C01E60181
C:/Users/MadCat/Documents/GitHub/MechwarriorRecomp/research/extract/decoded_pck/HAMPCK_TBL.decoded.bin,pck_object_0064_part_002_choice_000_frame_019,pck_object_0064,pck_object_0064_part_002,pck_object_0064_part_002_choice_000,2,0,19,0x006BE3,1,0,0x006BE5,01000006002C01E6,0006002C01E6018107070707015C0181
C:/Users/MadCat/Documents/GitHub/MechwarriorRecomp/research/extract/decoded_pck/HAMPCK_TBL.decoded.bin,pck_object_0064_part_002_choice_000_frame_020,pck_object_0064,pck_object_0064_part_002,pck_object_0064_part_002_choice_000,2,0,20,0x006BEB,1,129,0x006BED,018107070707015C,07070707015C01810808080807620181
C:/Users/MadCat/Documents/GitHub/MechwarriorRecomp/research/extract/decoded_pck/HAMPCK_TBL.decoded.bin,pck_object_0064_part_002_choice_000_frame_021,pck_object_0064,pck_object_0064_part_002,pck_object_0064_part_002_choice_000,2,0,21,0x006BF3,1,129,0x006BF5,0181080808080762,080808080762018109090C0C0D680181
C:/Users/MadCat/Documents/GitHub/MechwarriorRecomp/research/extract/decoded_pck/HAMPCK_TBL.decoded.bin,pck_object_0064_part_002_choice_000_frame_022,pck_object_0064,pck_object_0064_part_002,pck_object_0064_part_002_choice_000,2,0,22,0x006BFB,1,129,0x006BFD,018109090C0C0D68,09090C0C0D6801810F0F0F0F0E6D0181
C:/Users/MadCat/Documents/GitHub/MechwarriorRecomp/research/extract/decoded_pck/HAMPCK_TBL.decoded.bin,pck_object_0064_part_002_choice_000_frame_023,pck_object_0064,pck_object_0064_part_002,pck_object_0064_part_002_choice_000,2,0,23,0x006C03,1,129,0x006C05,01810F0F0F0F0E6D,0F0F0F0F0E6D0181080808080F720181
C:/Users/MadCat/Documents/GitHub/MechwarriorRecomp/research/extract/decoded_pck/HAMPCK_TBL.decoded.bin,pck_object_0064_part_002_choice_000_frame_024,pck_object_0064,pck_object_0064_part_002,pck_object_0064_part_002_choice_000,2,0,24,0x006C0B,1,129,0x006C0D,0181080808080F72,080808080F7201810101040410770102
C:/Users/MadCat/Documents/GitHub/MechwarriorRecomp/research/extract/decoded_pck/HAMPCK_TBL.decoded.bin,pck_object_0064_part_002_choice_000_frame_025,pck_object_0064,pck_object_0064_part_002,pck_object_0064_part_002_choice_000,2,0,25,0x006C13,1,129,0x006C15,0181010104041077,010104041077010203040506FF08090A
C:/Users/MadCat/Documents/GitHub/MechwarriorRecomp/research/extract/decoded_pck/HAMPCK_TBL.decoded.bin,pck_object_0064_part_002_choice_000_frame_026,pck_object_0064,pck_object_0064_part_002,pck_object_0064_part_002_choice_000,2,0,26,0x006C1B,1,2,0x006C1D,010203040506FF08,03040506FF08090A0B0CFF06080C02FF
C:/Users/MadCat/Documents/GitHub/MechwarriorRecomp/research/extract/decoded_pck/HAMPCK_TBL.decoded.bin,pck_object_0064_part_002_choice_000_frame_027,pck_object_0064,pck_object_0064_part_002,pck_object_0064_part_002_choice_000,2,0,27,0x006C23,9,10,0x006C25,090A0B0CFF06080C,0B0CFF06080C02FF020C0B03FF030B0A
C:/Users/MadCat/Documents/GitHub/MechwarriorRecomp/research/extract/decoded_pck/HAMPCK_TBL.decoded.bin,pck_object_0064_part_002_choice_000_frame_028,pck_object_0064,pck_object_0064_part_002,pck_object_0064_part_002_choice_000,2,0,28,0x006C2B,2,255,0x006C2D,02FF020C0B03FF03,020C0B03FF030B0A04FF05090806FF01
C:/Users/MadCat/Documents/GitHub/MechwarriorRecomp/research/extract/decoded_pck/HAMPCK_TBL.decoded.bin,pck_object_0064_part_002_choice_000_frame_029,pck_object_0064,pck_object_0064_part_002,pck_object_0064_part_002_choice_000,2,0,29,0x006C33,11,10,0x006C35,0B0A04FF05090806,04FF05090806FF010080010000040088
C:/Users/MadCat/Documents/GitHub/MechwarriorRecomp/research/extract/decoded_pck/HAMPCK_TBL.decoded.bin,pck_object_0064_part_002_choice_000_frame_030,pck_object_0064,pck_object_0064_part_002,pck_object_0064_part_002_choice_000,2,0,30,0x006C3B,255,1,0x006C3D,FF01008001000004,0080010000040088019D058108080808
C:/Users/MadCat/Documents/GitHub/MechwarriorRecomp/research/extract/decoded_pck/HAMPCK_TBL.decoded.bin,pck_object_0064_part_002_choice_000_frame_031,pck_object_0064,pck_object_0064_part_002,pck_object_0064_part_002_choice_000,2,0,31,0x006C43,0,136,0x006C45,0088019D05810808,019D05810808080812A8018100000000
C:/Users/MadCat/Documents/GitHub/MechwarriorRecomp/research/extract/decoded_pck/HAMPCK_TBL.decoded.bin,pck_object_0064_part_002_choice_000_frame_032,pck_object_0064,pck_object_0064_part_002,pck_object_0064_part_002_choice_000,2,0,32,0x006C4B,8,8,0x006C4D,080812A801810000,12A801810000000016AD018101010404
C:/Users/MadCat/Documents/GitHub/MechwarriorRecomp/research/extract/decoded_pck/HAMPCK_TBL.decoded.bin,pck_object_0064_part_002_choice_000_frame_033,pck_object_0064,pck_object_0064_part_002,pck_object_0064_part_002_choice_000,2,0,33,0x006C53,0,0,0x006C55,000016AD01810101,16AD0181010104041AB2018107070707
C:/Users/MadCat/Documents/GitHub/MechwarriorRecomp/research/extract/decoded_pck/HAMPCK_TBL.decoded.bin,pck_object_0064_part_002_choice_000_frame_034,pck_object_0064,pck_object_0064_part_002,pck_object_0064_part_002_choice_000,2,0,34,0x006C5B,4,4,0x006C5D,04041AB201810707,1AB20181070707071BB70113141505FF
C:/Users/MadCat/Documents/GitHub/MechwarriorRecomp/research/extract/decoded_pck/HAMPCK_TBL.decoded.bin,pck_object_0064_part_002_choice_000_frame_035,pck_object_0064,pck_object_0064_part_002,pck_object_0064_part_002_choice_000,2,0,35,0x006C63,7,7,0x006C65,07071BB701131415,1BB70113141505FF09171819FF131918
C:/Users/MadCat/Documents/GitHub/MechwarriorRecomp/research/extract/decoded_pck/HAMPCK_TBL.decoded.bin,pck_object_0064_part_002_choice_000_frame_036,pck_object_0064,pck_object_0064_part_002,pck_object_0064_part_002_choice_000,2,0,36,0x006C6B,5,255,0x006C6D,05FF09171819FF13,09171819FF13191814FF15170905FF01
C:/Users/MadCat/Documents/GitHub/MechwarriorRecomp/research/extract/decoded_pck/HAMPCK_TBL.decoded.bin,pck_object_0064_part_002_choice_000_frame_037,pck_object_0064,pck_object_0064_part_002,pck_object_0064_part_002_choice_000,2,0,37,0x006C73,25,24,0x006C75,191814FF15170905,14FF15170905FF0100C00100000500C8
C:/Users/MadCat/Documents/GitHub/MechwarriorRecomp/research/extract/decoded_pck/HAMPCK_TBL.decoded.bin,pck_object_0064_part_002_choice_000_frame_038,pck_object_0064,pck_object_0064_part_002,pck_object_0064_part_002_choice_000,2,0,38,0x006C7B,255,1,0x006C7D,FF0100C001000005,00C00100000500C80150008100000000
C:/Users/MadCat/Documents/GitHub/MechwarriorRecomp/research/extract/decoded_pck/HAMPCK_TBL.decoded.bin,pck_object_0064_part_002_choice_000_frame_039,pck_object_0064,pck_object_0064_part_002,pck_object_0064_part_002_choice_000,2,0,39,0x006C83,0,200,0x006C85,00C8015000810000,01500081000000001DF0018100000000
C:/Users/MadCat/Documents/GitHub/MechwarriorRecomp/research/extract/decoded_pck/HAMPCK_TBL.decoded.bin,pck_object_0064_part_002_choice_000_frame_040,pck_object_0064,pck_object_0064_part_002,pck_object_0064_part_002_choice_000,2,0,40,0x006C8B,0,0,0x006C8D,00001DF001810000,1DF001810000000020F5018100000000
C:/Users/MadCat/Documents/GitHub/MechwarriorRecomp/research/extract/decoded_pck/HAMPCK_TBL.decoded.bin,pck_object_0064_part_002_choice_000_frame_041,pck_object_0064,pck_object_0064_part_002,pck_object_0064_part_002_choice_000,2,0,41,0x006C93,0,0,0x006C95,000020F501810000,20F501810000000023FA018100000000
C:/Users/MadCat/Documents/GitHub/MechwarriorRecomp/research/extract/decoded_pck/HAMPCK_TBL.decoded.bin,pck_object_0064_part_002_choice_000_frame_042,pck_object_0064,pck_object_0064_part_002,pck_object_0064_part_002_choice_000,2,0,42,0x006C9B,0,0,0x006C9D,000023FA01810000,23FA01810000000026FF018100000000
C:/Users/MadCat/Documents/GitHub/MechwarriorRecomp/research/extract/decoded_pck/HAMPCK_TBL.decoded.bin,pck_object_0064_part_002_choice_000_frame_043,pck_object_0064,pck_object_0064_part_002,pck_object_0064_part_002_choice_000,2,0,43,0x006CA3,0,0,0x006CA5,000026FF01810000,26FF018100000000270402151E1F17FF
C:/Users/MadCat/Documents/GitHub/MechwarriorRecomp/research/extract/decoded_pck/HAMPCK_TBL.decoded.bin,pck_object_0064_part_002_choice_000_frame_044,pck_object_0064,pck_object_0064_part_002,pck_object_0064_part_002_choice_000,2,0,44,0x006CAB,0,0,0x006CAD,0000270402151E1F,270402151E1F17FF171F2122FF1E1524
C:/Users/MadCat/Documents/GitHub/MechwarriorRecomp/research/extract/decoded_pck/HAMPCK_TBL.decoded.bin,pck_object_0064_part_002_choice_000_frame_045,pck_object_0064,pck_object_0064_part_002,pck_object_0064_part_002_choice_000,2,0,45,0x006CB3,23,255,0x006CB5,17FF171F2122FF1E,171F2122FF1E152425FF24222125FF25
C:/Users/MadCat/Documents/GitHub/MechwarriorRecomp/research/extract/decoded_pck/HAMPCK_TBL.decoded.bin,pck_object_0064_part_002_choice_000_frame_046,pck_object_0064,pck_object_0064_part_002,pck_object_0064_part_002_choice_000,2,0,46,0x006CBB,21,36,0x006CBD,152425FF24222125,25FF24222125FF25211F1EFF8000C901
C:/Users/MadCat/Documents/GitHub/MechwarriorRecomp/research/extract/decoded_pck/HAMPCK_TBL.decoded.bin,pck_object_0064_part_002_choice_000_frame_047,pck_object_0064,pck_object_0064_part_002,pck_object_0064_part_002_choice_000,2,0,47,0x006CC3,255,37,0x006CC5,FF25211F1EFF8000,211F1EFF8000C9010000000000000300
C:/Users/MadCat/Documents/GitHub/MechwarriorRecomp/research/extract/decoded_pck/HAMPCK_TBL.decoded.bin,pck_object_0064_part_002_choice_000_frame_048,pck_object_0064,pck_object_0064_part_002,pck_object_0064_part_002_choice_000,2,0,48,0x006CCB,201,1,0x006CCD,C901000000000000,00000000000003001700002A2F000100
C:/Users/MadCat/Documents/GitHub/MechwarriorRecomp/research/extract/decoded_pck/HAMPCK_TBL.decoded.bin,pck_object_0064_part_002_choice_000_frame_049,pck_object_0064,pck_object_0064_part_002,pck_object_0064_part_002_choice_000,2,0,49,0x006CD3,3,0,0x006CD5,03001700002A2F00,1700002A2F0001002B01112A2F000100
C:/Users/MadCat/Documents/GitHub/MechwarriorRecomp/research/extract/decoded_pck/HAMPCK_TBL.decoded.bin,pck_object_0064_part_002_choice_000_frame_050,pck_object_0064,pck_object_0064_part_002,pck_object_0064_part_002_choice_000,2,0,50,0x006CDB,1,0,0x006CDD,01002B01112A2F00,2B01112A2F00010087011E2A2F000100
C:/Users/MadCat/Documents/GitHub/MechwarriorRecomp/research/extract/decoded_pck/HAMPCK_TBL.decoded.bin,pck_object_0064_part_002_choice_000_frame_051,pck_object_0064,pck_object_0064_part_002,pck_object_0064_part_002_choice_000,2,0,51,0x006CE3,1,0,0x006CE5,010087011E2A2F00,87011E2A2F000100C70112FD80003400
C:/Users/MadCat/Documents/GitHub/MechwarriorRecomp/research/extract/decoded_pck/HAMPCK_TBL.decoded.bin,pck_object_0064_part_002_choice_000_frame_052,pck_object_0064,pck_object_0064_part_002,pck_object_0064_part_002_choice_000,2,0,52,0x006CEB,1,0,0x006CED,0100C70112FD8000,C70112FD8000340001F80C002A007EFF
C:/Users/MadCat/Documents/GitHub/MechwarriorRecomp/research/extract/decoded_pck/HAMPCK_TBL.decoded.bin,pck_object_0064_part_002_choice_000_frame_053,pck_object_0064,pck_object_0064_part_002,pck_object_0064_part_002_choice_000,2,0,53,0x006CF3,52,0,0x006CF5,340001F80C002A00,01F80C002A007EFF2DFFC0FF7CFF0EFF
C:/Users/MadCat/Documents/GitHub/MechwarriorRecomp/research/extract/decoded_pck/HAMPCK_TBL.decoded.bin,pck_object_0064_part_002_choice_000_frame_054,pck_object_0064,pck_object_0064_part_002,pck_object_0064_part_002_choice_000,2,0,54,0x006CFB,126,255,0x006CFD,7EFF2DFFC0FF7CFF,2DFFC0FF7CFF0EFF69FF7CFF8EFF42FF
C:/Users/MadCat/Documents/GitHub/MechwarriorRecomp/research/extract/decoded_pck/HAMPCK_TBL.decoded.bin,pck_object_0064_part_002_choice_000_frame_055,pck_object_0064,pck_object_0064_part_002,pck_object_0064_part_002_choice_000,2,0,55,0x006D03,14,255,0x006D05,0EFF69FF7CFF8EFF,69FF7CFF8EFF42FF82FFD3FF7CFF7FFF
C:/Users/MadCat/Documents/GitHub/MechwarriorRecomp/research/extract/decoded_pck/HAMPCK_TBL.decoded.bin,pck_object_0064_part_002_choice_000_frame_056,pck_object_0064,pck_object_0064_part_002,pck_object_0064_part_002_choice_000,2,0,56,0x006D0B,66,255,0x006D0D,42FF82FFD3FF7CFF,82FFD3FF7CFF7FFF5EFFC4FFFB0797FF
C:/Users/MadCat/Documents/GitHub/MechwarriorRecomp/research/extract/decoded_pck/HAMPCK_TBL.decoded.bin,pck_object_0064_part_002_choice_000_frame_057,pck_object_0064,pck_object_0064_part_002,pck_object_0064_part_002_choice_000,2,0,57,0x006D13,127,255,0x006D15,7FFF5EFFC4FFFB07,5EFFC4FFFB0797FFAAFFCFFF5EFFC4FF
C:/Users/MadCat/Documents/GitHub/MechwarriorRecomp/research/extract/decoded_pck/HAMPCK_TBL.decoded.bin,pck_object_0064_part_002_choice_000_frame_058,pck_object_0064,pck_object_0064_part_002,pck_object_0064_part_002_choice_000,2,0,58,0x006D1B,151,255,0x006D1D,97FFAAFFCFFF5EFF,AAFFCFFF5EFFC4FFD2FFD3FF7CFFCCFF
C:/Users/MadCat/Documents/GitHub/MechwarriorRecomp/research/extract/decoded_pck/HAMPCK_TBL.decoded.bin,pck_object_0064_part_002_choice_000_frame_059,pck_object_0064,pck_object_0064_part_002,pck_object_0064_part_002_choice_000,2,0,59,0x006D23,196,255,0x006D25,C4FFD2FFD3FF7CFF,D2FFD3FF7CFFCCFF8EFF42FFCCFF0CFF
C:/Users/MadCat/Documents/GitHub/MechwarriorRecomp/research/extract/decoded_pck/HAMPCK_TBL.decoded.bin,pck_object_0064_part_002_choice_000_frame_060,pck_object_0064,pck_object_0064_part_002,pck_object_0064_part_002_choice_000,2,0,60,0x006D2B,204,255,0x006D2D,CCFF8EFF42FFCCFF,8EFF42FFCCFF0CFF6AFFCEFF2DFFC0FF
C:/Users/MadCat/Documents/GitHub/MechwarriorRecomp/research/extract/decoded_pck/HAMPCK_TBL.decoded.bin,pck_object_0064_part_002_choice_000_frame_061,pck_object_0064,pck_object_0064_part_002,pck_object_0064_part_002_choice_000,2,0,61,0x006D33,12,255,0x006D35,0CFF6AFFCEFF2DFF,6AFFCEFF2DFFC0FF00005AFFF9070000
C:/Users/MadCat/Documents/GitHub/MechwarriorRecomp/research/extract/decoded_pck/HAMPCK_TBL.decoded.bin,pck_object_0064_part_002_choice_000_frame_062,pck_object_0064,pck_object_0064_part_002,pck_object_0064_part_002_choice_000,2,0,62,0x006D3B,192,255,0x006D3D,C0FF00005AFFF907,00005AFFF907000088F8DD020900A6FD
C:/Users/MadCat/Documents/GitHub/MechwarriorRecomp/research/extract/decoded_pck/HAMPCK_TBL.decoded.bin,pck_object_0064_part_002_choice_000_frame_063,pck_object_0064,pck_object_0064_part_002,pck_object_0064_part_002_choice_000,2,0,63,0x006D43,0,0,0x006D45,000088F8DD020900,88F8DD020900A6FD5BF800003104D006
C:/Users/MadCat/Documents/GitHub/MechwarriorRecomp/research/extract/decoded_pck/HAMPCK_TBL.decoded.bin,pck_object_0064_part_002_choice_000_frame_064,pck_object_0064,pck_object_0064_part_002,pck_object_0064_part_002_choice_000,2,0,64,0x006D4B,166,253,0x006D4D,A6FD5BF800003104,5BF800003104D0060CFEB20035FF02F8
C:/Users/MadCat/Documents/GitHub/MechwarriorRecomp/research/extract/decoded_pck/HAMPCK_TBL.decoded.bin,pck_object_0064_part_002_choice_000_frame_065,pck_object_0064,pck_object_0064_part_002,pck_object_0064_part_002_choice_000,2,0,65,0x006D53,208,6,0x006D55,D0060CFEB20035FF,0CFEB20035FF02F843001F0080FF8EFF
C:/Users/MadCat/Documents/GitHub/MechwarriorRecomp/research/extract/decoded_pck/HAMPCK_TBL.decoded.bin,pck_object_0064_part_002_choice_000_frame_066,pck_object_0064,pck_object_0064_part_002,pck_object_0064_part_002_choice_000,2,0,66,0x006D5B,2,248,0x006D5D,02F843001F0080FF,43001F0080FF8EFF42FF80FFDEFF97FE
C:/Users/MadCat/Documents/GitHub/MechwarriorRecomp/research/extract/decoded_pck/HAMPCK_TBL.decoded.bin,pck_object_0064_part_002_choice_000_frame_067,pck_object_0064,pck_object_0064_part_002,pck_object_0064_part_002_choice_000,2,0,67,0x006D63,142,255,0x006D65,8EFF42FF80FFDEFF,42FF80FFDEFF97FE83FF390097FE83FF
C:/Users/MadCat/Documents/GitHub/MechwarriorRecomp/research/extract/decoded_pck/HAMPCK_TBL.decoded.bin,pck_object_0064_part_002_choice_000_frame_068,pck_object_0064,pck_object_0064_part_002,pck_object_0064_part_002_choice_000,2,0,68,0x006D6B,151,254,0x006D6D,97FE83FF390097FE,83FF390097FE83FFD3FF7CFFFE07BDFF
C:/Users/MadCat/Documents/GitHub/MechwarriorRecomp/research/extract/decoded_pck/HAMPCK_TBL.decoded.bin,pck_object_0064_part_002_choice_000_frame_069,pck_object_0064,pck_object_0064_part_002,pck_object_0064_part_002_choice_000,2,0,69,0x006D73,131,255,0x006D75,83FFD3FF7CFFFE07,D3FF7CFFFE07BDFFE2FFD3FFD3FF7CFF
C:/Users/MadCat/Documents/GitHub/MechwarriorRecomp/research/extract/decoded_pck/HAMPCK_TBL.decoded.bin,pck_object_0064_part_002_choice_000_frame_070,pck_object_0064,pck_object_0064_part_002,pck_object_0064_part_002_choice_000,2,0,70,0x006D7B,189,255,0x006D7D,BDFFE2FFD3FFD3FF,E2FFD3FFD3FF7CFFD3FF390097FED0FF
C:/Users/MadCat/Documents/GitHub/MechwarriorRecomp/research/extract/decoded_pck/HAMPCK_TBL.decoded.bin,pck_object_0064_part_002_choice_000_frame_071,pck_object_0064,pck_object_0064_part_002,pck_object_0064_part_002_choice_000,2,0,71,0x006D83,124,255,0x006D85,7CFFD3FF390097FE,D3FF390097FED0FFDEFF97FED0FF8EFF
C:/Users/MadCat/Documents/GitHub/MechwarriorRecomp/research/extract/decoded_pck/HAMPCK_TBL.decoded.bin,pck_object_0064_part_002_choice_000_frame_072,pck_object_0064,pck_object_0064_part_002,pck_object_0064_part_002_choice_000,2,0,72,0x006D8B,208,255,0x006D8D,D0FFDEFF97FED0FF,DEFF97FED0FF8EFF42FF0000C1F89DFC
C:/Users/MadCat/Documents/GitHub/MechwarriorRecomp/research/extract/decoded_pck/HAMPCK_TBL.decoded.bin,pck_object_0064_part_002_choice_000_frame_073,pck_object_0064,pck_object_0064_part_002,pck_object_0064_part_002_choice_000,2,0,73,0x006D93,142,255,0x006D95,8EFF42FF0000C1F8,42FF0000C1F89DFC00004E0741036AFF
C:/Users/MadCat/Documents/GitHub/MechwarriorRecomp/research/extract/decoded_pck/HAMPCK_TBL.decoded.bin,pck_object_0064_part_002_choice_000_frame_074,pck_object_0064,pck_object_0064_part_002,pck_object_0064_part_002_choice_000,2,0,74,0x006D9B,157,252,0x006D9D,9DFC00004E074103,00004E0741036AFFC800000000009B03
C:/Users/MadCat/Documents/GitHub/MechwarriorRecomp/research/extract/decoded_pck/HAMPCK_TBL.decoded.bin,pck_object_0064_part_002_choice_000_frame_075,pck_object_0064,pck_object_0064_part_002,pck_object_0064_part_002_choice_000,2,0,75,0x006DA3,106,255,0x006DA5,6AFFC80000000000,C800000000009B0323076CFF940069FE
C:/Users/MadCat/Documents/GitHub/MechwarriorRecomp/research/extract/decoded_pck/HAMPCK_TBL.decoded.bin,pck_object_0064_part_002_choice_000_frame_076,pck_object_0064,pck_object_0064_part_002,pck_object_0064_part_002_choice_000,2,0,76,0x006DAB,155,3,0x006DAD,9B0323076CFF9400,23076CFF940069FEEAFF940069FE2707
C:/Users/MadCat/Documents/GitHub/MechwarriorRecomp/research/extract/decoded_pck/HAMPCK_TBL.decoded.bin,pck_object_0064_part_002_choice_000_frame_077,pck_object_0064,pck_object_0064_part_002,pck_object_0064_part_002_choice_000,2,0,77,0x006DB3,105,254,0x006DB5,69FEEAFF940069FE,EAFF940069FE270700009303EAFFBCFF
C:/Users/MadCat/Documents/GitHub/MechwarriorRecomp/research/extract/decoded_pck/HAMPCK_TBL.decoded.bin,pck_object_0064_part_002_choice_000_frame_078,pck_object_0064,pck_object_0064_part_002,pck_object_0064_part_002_choice_000,2,0,78,0x006DBB,39,7,0x006DBD,270700009303EAFF,00009303EAFFBCFF69FED3FFDEFF97FE
C:/Users/MadCat/Documents/GitHub/MechwarriorRecomp/research/extract/decoded_pck/HAMPCK_TBL.decoded.bin,pck_object_0064_part_002_choice_000_frame_079,pck_object_0064,pck_object_0064_part_002,pck_object_0064_part_002_choice_000,2,0,79,0x006DC3,188,255,0x006DC5,BCFF69FED3FFDEFF,69FED3FFDEFF97FED9F80000930383FF
C:/Users/MadCat/Documents/GitHub/MechwarriorRecomp/research/extract/decoded_pck/HAMPCK_TBL.decoded.bin,pck_object_0076_part_002_choice_000_frame_000,pck_object_0076,pck_object_0076_part_002,pck_object_0076_part_002_choice_000,2,0,0,0x00887C,128,0,0x00887E,8000CC0200000000,CC0200000000000008001A00005F5A00
C:/Users/MadCat/Documents/GitHub/MechwarriorRecomp/research/extract/decoded_pck/HAMPCK_TBL.decoded.bin,pck_object_0076_part_002_choice_000_frame_001,pck_object_0076,pck_object_0076_part_002,pck_object_0076_part_002_choice_000,2,0,1,0x008884,0,0,0x008886,000008001A00005F,08001A00005F5A00010094020C5F5A00
C:/Users/MadCat/Documents/GitHub/MechwarriorRecomp/research/extract/decoded_pck/HAMPCK_TBL.decoded.bin,pck_object_0076_part_002_choice_000_frame_002,pck_object_0076,pck_object_0076_part_002,pck_object_0076_part_002_choice_000,2,0,2,0x00888C,90,0,0x00888E,5A00010094020C5F,010094020C5F5A000100C702115F5A00
C:/Users/MadCat/Documents/GitHub/MechwarriorRecomp/research/extract/decoded_pck/HAMPCK_TBL.decoded.bin,pck_object_0076_part_002_choice_000_frame_003,pck_object_0076,pck_object_0076_part_002,pck_object_0076_part_002_choice_000,2,0,3,0x008894,90,0,0x008896,5A000100C702115F,0100C702115F5A000100ED021B5F5A00
C:/Users/MadCat/Documents/GitHub/MechwarriorRecomp/research/extract/decoded_pck/HAMPCK_TBL.decoded.bin,pck_object_0076_part_002_choice_000_frame_004,pck_object_0076,pck_object_0076_part_002,pck_object_0076_part_002_choice_000,2,0,4,0x00889C,90,0,0x00889E,5A000100ED021B5F,0100ED021B5F5A0001003A03295F5A00
C:/Users/MadCat/Documents/GitHub/MechwarriorRecomp/research/extract/decoded_pck/HAMPCK_TBL.decoded.bin,pck_object_0076_part_002_choice_000_frame_005,pck_object_0076,pck_object_0076_part_002,pck_object_0076_part_002_choice_000,2,0,5,0x0088A4,90,0,0x0088A6,5A0001003A03295F,01003A03295F5A0001008703375F5A00
C:/Users/MadCat/Documents/GitHub/MechwarriorRecomp/research/extract/decoded_pck/HAMPCK_TBL.decoded.bin,pck_object_0076_part_002_choice_000_frame_006,pck_object_0076,pck_object_0076_part_002,pck_object_0076_part_002_choice_000,2,0,6,0x0088AC,90,0,0x0088AE,5A0001008703375F,01008703375F5A000100D403455F5A00
C:/Users/MadCat/Documents/GitHub/MechwarriorRecomp/research/extract/decoded_pck/HAMPCK_TBL.decoded.bin,pck_object_0076_part_002_choice_000_frame_007,pck_object_0076,pck_object_0076_part_002,pck_object_0076_part_002_choice_000,2,0,7,0x0088B4,90,0,0x0088B6,5A000100D403455F,0100D403455F5A0001002E04545F5A00
C:/Users/MadCat/Documents/GitHub/MechwarriorRecomp/research/extract/decoded_pck/HAMPCK_TBL.decoded.bin,pck_object_0076_part_002_choice_000_frame_008,pck_object_0076,pck_object_0076_part_002,pck_object_0076_part_002_choice_000,2,0,8,0x0088BC,90,0,0x0088BE,5A0001002E04545F,01002E04545F5A00010088040000C2FF
C:/Users/MadCat/Documents/GitHub/MechwarriorRecomp/research/extract/decoded_pck/HAMPCK_TBL.decoded.bin,pck_object_0076_part_002_choice_000_frame_009,pck_object_0076,pck_object_0076_part_002,pck_object_0076_part_002_choice_000,2,0,9,0x0088C4,90,0,0x0088C6,5A00010088040000,010088040000C2FF5D0000008C05C305
C:/Users/MadCat/Documents/GitHub/MechwarriorRecomp/research/extract/decoded_pck/HAMPCK_TBL.decoded.bin,pck_object_0076_part_002_choice_000_frame_010,pck_object_0076,pck_object_0076_part_002,pck_object_0076_part_002_choice_000,2,0,10,0x0088CC,194,255,0x0088CE,C2FF5D0000008C05,5D0000008C05C30577FF38FEE1FF77FF
C:/Users/MadCat/Documents/GitHub/MechwarriorRecomp/research/extract/decoded_pck/HAMPCK_TBL.decoded.bin,pck_object_0076_part_002_choice_000_frame_011,pck_object_0076,pck_object_0076_part_002,pck_object_0076_part_002_choice_000,2,0,11,0x0088D4,195,5,0x0088D6,C30577FF38FEE1FF,77FF38FEE1FF77FFC0FE5EFF8900C0FE
C:/Users/MadCat/Documents/GitHub/MechwarriorRecomp/research/extract/decoded_pck/HAMPCK_TBL.decoded.bin,pck_object_0076_part_002_choice_000_frame_012,pck_object_0076,pck_object_0076_part_002,pck_object_0076_part_002_choice_000,2,0,12,0x0088DC,119,255,0x0088DE,77FFC0FE5EFF8900,C0FE5EFF8900C0FE5EFF890038FEE1FF
C:/Users/MadCat/Documents/GitHub/MechwarriorRecomp/research/extract/decoded_pck/HAMPCK_TBL.decoded.bin,pck_object_0076_part_002_choice_000_frame_013,pck_object_0076,pck_object_0076_part_002,pck_object_0076_part_002_choice_000,2,0,13,0x0088E4,192,254,0x0088E6,C0FE5EFF890038FE,5EFF890038FEE1FFFF07F1FFF0FF8800
C:/Users/MadCat/Documents/GitHub/MechwarriorRecomp/research/extract/decoded_pck/HAMPCK_TBL.decoded.bin,pck_object_0076_part_002_choice_000_frame_014,pck_object_0076,pck_object_0076_part_002,pck_object_0076_part_002_choice_000,2,0,14,0x0088EC,225,255,0x0088EE,E1FFFF07F1FFF0FF,FF07F1FFF0FF880092FE0FFF8800C5FD
C:/Users/MadCat/Documents/GitHub/MechwarriorRecomp/research/extract/decoded_pck/HAMPCK_TBL.decoded.bin,pck_object_0076_part_002_choice_000_frame_015,pck_object_0076,pck_object_0076_part_002,pck_object_0076_part_002_choice_000,2,0,15,0x0088F4,136,0,0x0088F6,880092FE0FFF8800,92FE0FFF8800C5FD5EFF01F808001500
C:/Users/MadCat/Documents/GitHub/MechwarriorRecomp/research/extract/decoded_pck/HAMPCK_TBL.decoded.bin,pck_object_0076_part_002_choice_000_frame_016,pck_object_0076,pck_object_0076_part_002,pck_object_0076_part_002_choice_000,2,0,16,0x0088FC,197,253,0x0088FE,C5FD5EFF01F80800,5EFF01F80800150076FFC5FD5EFF76FF
C:/Users/MadCat/Documents/GitHub/MechwarriorRecomp/research/extract/decoded_pck/HAMPCK_TBL.decoded.bin,pck_object_0076_part_002_choice_000_frame_017,pck_object_0076,pck_object_0076_part_002,pck_object_0076_part_002_choice_000,2,0,17,0x008904,21,0,0x008906,150076FFC5FD5EFF,76FFC5FD5EFF76FF92FE0FFFFFFF30FF
C:/Users/MadCat/Documents/GitHub/MechwarriorRecomp/research/extract/decoded_pck/HAMPCK_TBL.decoded.bin,pck_object_0076_part_002_choice_000_frame_018,pck_object_0076,pck_object_0076_part_002,pck_object_0076_part_002_choice_000,2,0,18,0x00890C,118,255,0x00890E,76FF92FE0FFFFFFF,92FE0FFFFFFF30FF36FE000020FD89F8
C:/Users/MadCat/Documents/GitHub/MechwarriorRecomp/research/extract/decoded_pck/HAMPCK_TBL.decoded.bin,pck_object_0076_part_002_choice_000_frame_019,pck_object_0076,pck_object_0076_part_002,pck_object_0076_part_002_choice_000,2,0,19,0x008914,48,255,0x008916,30FF36FE000020FD,36FE000020FD89F80000E906FAFB7C00
C:/Users/MadCat/Documents/GitHub/MechwarriorRecomp/research/extract/decoded_pck/HAMPCK_TBL.decoded.bin,pck_object_0076_part_002_choice_000_frame_020,pck_object_0076,pck_object_0076_part_002,pck_object_0076_part_002_choice_000,2,0,20,0x00891C,137,248,0x00891E,89F80000E906FAFB,0000E906FAFB7C0092FE0FFF7D00C0FE
C:/Users/MadCat/Documents/GitHub/MechwarriorRecomp/research/extract/decoded_pck/HAMPCK_TBL.decoded.bin,pck_object_0076_part_002_choice_000_frame_021,pck_object_0076,pck_object_0076_part_002,pck_object_0076_part_002_choice_000,2,0,21,0x008924,124,0,0x008926,7C0092FE0FFF7D00,92FE0FFF7D00C0FE5EFF000049FFAB02
C:/Users/MadCat/Documents/GitHub/MechwarriorRecomp/research/extract/decoded_pck/HAMPCK_TBL.decoded.bin,pck_object_0076_part_002_choice_000_frame_022,pck_object_0076,pck_object_0076_part_002,pck_object_0076_part_002_choice_000,2,0,22,0x00892C,192,254,0x00892E,C0FE5EFF000049FF,5EFF000049FFAB020008000000008800
C:/Users/MadCat/Documents/GitHub/MechwarriorRecomp/research/extract/decoded_pck/HAMPCK_TBL.decoded.bin,pck_object_0076_part_002_choice_000_frame_023,pck_object_0076,pck_object_0076_part_002,pck_object_0076_part_002_choice_000,2,0,23,0x008934,171,2,0x008936,AB02000800000000,00080000000088009AFD85FF8800A5FD
C:/Users/MadCat/Documents/GitHub/MechwarriorRecomp/research/extract/decoded_pck/HAMPCK_TBL.decoded.bin,pck_object_0076_part_002_choice_000_frame_024,pck_object_0076,pck_object_0076_part_002,pck_object_0076_part_002_choice_000,2,0,24,0x00893C,136,0,0x00893E,88009AFD85FF8800,9AFD85FF8800A5FD98FF000072FC2A07
C:/Users/MadCat/Documents/GitHub/MechwarriorRecomp/research/extract/decoded_pck/HAMPCK_TBL.decoded.bin,pck_object_0076_part_002_choice_000_frame_025,pck_object_0076,pck_object_0076_part_002,pck_object_0076_part_002_choice_000,2,0,25,0x008944,165,253,0x008946,A5FD98FF000072FC,98FF000072FC2A0776FFA5FD98FF01F8
C:/Users/MadCat/Documents/GitHub/MechwarriorRecomp/research/extract/decoded_pck/HAMPCK_TBL.decoded.bin,pck_object_0076_part_002_choice_000_frame_026,pck_object_0076,pck_object_0076_part_002,pck_object_0076_part_002_choice_000,2,0,26,0x00894C,42,7,0x00894E,2A0776FFA5FD98FF,76FFA5FD98FF01F81300F5FF76FF9AFD
C:/Users/MadCat/Documents/GitHub/MechwarriorRecomp/research/extract/decoded_pck/HAMPCK_TBL.decoded.bin,pck_object_0076_part_002_choice_000_frame_027,pck_object_0076,pck_object_0076_part_002,pck_object_0076_part_002_choice_000,2,0,27,0x008954,1,248,0x008956,01F81300F5FF76FF,1300F5FF76FF9AFD85FF000014F90204
C:/Users/MadCat/Documents/GitHub/MechwarriorRecomp/research/extract/decoded_pck/HAMPCK_TBL.decoded.bin,pck_object_0076_part_002_choice_000_frame_028,pck_object_0076,pck_object_0076_part_002,pck_object_0076_part_002_choice_000,2,0,28,0x00895C,154,253,0x00895E,9AFD85FF000014F9,85FF000014F902040000A1FA14FAE803
C:/Users/MadCat/Documents/GitHub/MechwarriorRecomp/research/extract/decoded_pck/HAMPCK_TBL.decoded.bin,pck_object_0076_part_002_choice_000_frame_029,pck_object_0076,pck_object_0076_part_002,pck_object_0076_part_002_choice_000,2,0,29,0x008964,2,4,0x008966,02040000A1FA14FA,0000A1FA14FAE80300000000FF07C5FF
C:/Users/MadCat/Documents/GitHub/MechwarriorRecomp/research/extract/decoded_pck/HAMPCK_TBL.decoded.bin,pck_object_0076_part_002_choice_000_frame_030,pck_object_0076,pck_object_0076_part_002,pck_object_0076_part_002_choice_000,2,0,30,0x00896C,232,3,0x00896E,E80300000000FF07,00000000FF07C5FFEFFFCD0047FE89FF
C:/Users/MadCat/Documents/GitHub/MechwarriorRecomp/research/extract/decoded_pck/HAMPCK_TBL.decoded.bin,pck_object_0076_part_002_choice_000_frame_031,pck_object_0076,pck_object_0076_part_002,pck_object_0076_part_002_choice_000,2,0,31,0x008974,197,255,0x008976,C5FFEFFFCD0047FE,EFFFCD0047FE89FFCD0050FE6AFFCC00
C:/Users/MadCat/Documents/GitHub/MechwarriorRecomp/research/extract/decoded_pck/HAMPCK_TBL.decoded.bin,pck_object_0076_part_002_choice_000_frame_032,pck_object_0076,pck_object_0076_part_002,pck_object_0076_part_002_choice_000,2,0,32,0x00897C,137,255,0x00897E,89FFCD0050FE6AFF,CD0050FE6AFFCC0030FE61FFCD0028FE
C:/Users/MadCat/Documents/GitHub/MechwarriorRecomp/research/extract/decoded_pck/HAMPCK_TBL.decoded.bin,pck_object_0076_part_002_choice_000_frame_033,pck_object_0076,pck_object_0076_part_002,pck_object_0076_part_002_choice_000,2,0,33,0x008984,204,0,0x008986,CC0030FE61FFCD00,30FE61FFCD0028FE81FFDF010FFE8707
C:/Users/MadCat/Documents/GitHub/MechwarriorRecomp/research/extract/decoded_pck/HAMPCK_TBL.decoded.bin,pck_object_0076_part_002_choice_000_frame_034,pck_object_0076,pck_object_0076_part_002,pck_object_0076_part_002_choice_000,2,0,34,0x00898C,40,254,0x00898E,28FE81FFDF010FFE,81FFDF010FFE8707890053FE9DFF8900
C:/Users/MadCat/Documents/GitHub/MechwarriorRecomp/research/extract/decoded_pck/HAMPCK_TBL.decoded.bin,pck_object_0076_part_002_choice_000_frame_035,pck_object_0076,pck_object_0076_part_002,pck_object_0076_part_002_choice_000,2,0,35,0x008994,135,7,0x008996,8707890053FE9DFF,890053FE9DFF89000BFE92FFA302B2F8
C:/Users/MadCat/Documents/GitHub/MechwarriorRecomp/research/extract/decoded_pck/HAMPCK_TBL.decoded.bin,pck_object_0076_part_002_choice_000_frame_036,pck_object_0076,pck_object_0076_part_002,pck_object_0076_part_002_choice_000,2,0,36,0x00899C,137,0,0x00899E,89000BFE92FFA302,0BFE92FFA302B2F818FE880025FE4EFF
C:/Users/MadCat/Documents/GitHub/MechwarriorRecomp/research/extract/decoded_pck/HAMPCK_TBL.decoded.bin,pck_object_0076_part_002_choice_000_frame_037,pck_object_0076,pck_object_0076_part_002,pck_object_0076_part_002_choice_000,2,0,37,0x0089A4,178,248,0x0089A6,B2F818FE880025FE,18FE880025FE4EFFC4010F027AF88900
C:/Users/MadCat/Documents/GitHub/MechwarriorRecomp/research/extract/decoded_pck/HAMPCK_TBL.decoded.bin,pck_object_0076_part_002_choice_000_frame_038,pck_object_0076,pck_object_0076_part_002,pck_object_0076_part_002_choice_000,2,0,38,0x0089AC,78,255,0x0089AE,4EFFC4010F027AF8,C4010F027AF889006EFE59FFAB023E07
C:/Users/MadCat/Documents/GitHub/MechwarriorRecomp/research/extract/decoded_pck/HAMPCK_TBL.decoded.bin,pck_object_0076_part_002_choice_000_frame_039,pck_object_0076,pck_object_0076_part_002,pck_object_0076_part_002_choice_000,2,0,39,0x0089B4,137,0,0x0089B6,89006EFE59FFAB02,6EFE59FFAB023E071A0218FC0000FFFF
C:/Users/MadCat/Documents/GitHub/MechwarriorRecomp/research/extract/decoded_pck/HAMPCK_TBL.decoded.bin,pck_object_0076_part_002_choice_000_frame_040,pck_object_0076,pck_object_0076_part_002,pck_object_0076_part_002_choice_000,2,0,40,0x0089BC,62,7,0x0089BE,3E071A0218FC0000,1A0218FC0000FFFF02F82A004A0033FF
C:/Users/MadCat/Documents/GitHub/MechwarriorRecomp/research/extract/decoded_pck/HAMPCK_TBL.decoded.bin,pck_object_0076_part_002_choice_000_frame_041,pck_object_0076,pck_object_0076_part_002,pck_object_0076_part_002_choice_000,2,0,41,0x0089C4,255,255,0x0089C6,FFFF02F82A004A00,02F82A004A0033FF28FE81FF32FF30FE
C:/Users/MadCat/Documents/GitHub/MechwarriorRecomp/research/extract/decoded_pck/HAMPCK_TBL.decoded.bin,pck_object_0076_part_002_choice_000_frame_042,pck_object_0076,pck_object_0076_part_002,pck_object_0076_part_002_choice_000,2,0,42,0x0089CC,51,255,0x0089CE,33FF28FE81FF32FF,28FE81FF32FF30FE61FF33FF50FE6AFF
C:/Users/MadCat/Documents/GitHub/MechwarriorRecomp/research/extract/decoded_pck/HAMPCK_TBL.decoded.bin,pck_object_0076_part_002_choice_000_frame_043,pck_object_0076,pck_object_0076_part_002,pck_object_0076_part_002_choice_000,2,0,43,0x0089D4,48,254,0x0089D6,30FE61FF33FF50FE,61FF33FF50FE6AFF33FF47FE89FF5EFD
C:/Users/MadCat/Documents/GitHub/MechwarriorRecomp/research/extract/decoded_pck/HAMPCK_TBL.decoded.bin,pck_object_0076_part_002_choice_000_frame_044,pck_object_0076,pck_object_0076_part_002,pck_object_0076_part_002_choice_000,2,0,44,0x0089DC,106,255,0x0089DE,6AFF33FF47FE89FF,33FF47FE89FF5EFD1DFE500777FF0BFE
C:/Users/MadCat/Documents/GitHub/MechwarriorRecomp/research/extract/decoded_pck/HAMPCK_TBL.decoded.bin,pck_object_0076_part_002_choice_000_frame_045,pck_object_0076,pck_object_0076_part_002,pck_object_0076_part_002_choice_000,2,0,45,0x0089E4,94,253,0x0089E6,5EFD1DFE500777FF,1DFE500777FF0BFE92FF77FF53FE9DFF
C:/Users/MadCat/Documents/GitHub/MechwarriorRecomp/research/extract/decoded_pck/HAMPCK_TBL.decoded.bin,pck_object_0076_part_002_choice_000_frame_046,pck_object_0076,pck_object_0076_part_002,pck_object_0076_part_002_choice_000,2,0,46,0x0089EC,11,254,0x0089EE,0BFE92FF77FF53FE,92FF77FF53FE9DFF42FE6AF829FE76FF
C:/Users/MadCat/Documents/GitHub/MechwarriorRecomp/research/extract/decoded_pck/HAMPCK_TBL.decoded.bin,pck_object_0076_part_002_choice_000_frame_047,pck_object_0076,pck_object_0076_part_002,pck_object_0076_part_002_choice_000,2,0,47,0x0089F4,157,255,0x0089F6,9DFF42FE6AF829FE,42FE6AF829FE76FF25FE4EFF44FD1D02
C:/Users/MadCat/Documents/GitHub/MechwarriorRecomp/research/extract/decoded_pck/HAMPCK_TBL.decoded.bin,pck_object_0076_part_002_choice_000_frame_048,pck_object_0076,pck_object_0076_part_002,pck_object_0076_part_002_choice_000,2,0,48,0x0089FC,118,255,0x0089FE,76FF25FE4EFF44FD,25FE4EFF44FD1D02CAF877FF6EFE59FF
C:/Users/MadCat/Documents/GitHub/MechwarriorRecomp/research/extract/decoded_pck/HAMPCK_TBL.decoded.bin,pck_object_0076_part_002_choice_000_frame_049,pck_object_0076,pck_object_0076_part_002,pck_object_0076_part_002_choice_000,2,0,49,0x008A04,29,2,0x008A06,1D02CAF877FF6EFE,CAF877FF6EFE59FF0DFE73072902F401
C:/Users/MadCat/Documents/GitHub/MechwarriorRecomp/research/extract/decoded_pck/HAMPCK_TBL.decoded.bin,pck_object_0076_part_002_choice_000_frame_050,pck_object_0076,pck_object_0076_part_002,pck_object_0076_part_002_choice_000,2,0,50,0x008A0C,89,255,0x008A0E,59FF0DFE73072902,0DFE73072902F40131FB4B07000008FC
C:/Users/MadCat/Documents/GitHub/MechwarriorRecomp/research/extract/decoded_pck/HAMPCK_TBL.decoded.bin,pck_object_0076_part_002_choice_000_frame_051,pck_object_0076,pck_object_0076_part_002,pck_object_0076_part_002_choice_000,2,0,51,0x008A14,244,1,0x008A16,F40131FB4B070000,31FB4B07000008FC0EF94E0048FD99FF
C:/Users/MadCat/Documents/GitHub/MechwarriorRecomp/research/extract/decoded_pck/HAMPCK_TBL.decoded.bin,pck_object_0076_part_002_choice_000_frame_052,pck_object_0076,pck_object_0076_part_002,pck_object_0076_part_002_choice_000,2,0,52,0x008A1C,8,252,0x008A1E,08FC0EF94E0048FD,0EF94E0048FD99FF880048FD99FF8800
C:/Users/MadCat/Documents/GitHub/MechwarriorRecomp/research/extract/decoded_pck/HAMPCK_TBL.decoded.bin,pck_object_0076_part_002_choice_000_frame_053,pck_object_0076,pck_object_0076_part_002,pck_object_0076_part_002_choice_000,2,0,53,0x008A24,153,255,0x008A26,99FF880048FD99FF,880048FD99FF88008EFD71FF4E008EFD
C:/Users/MadCat/Documents/GitHub/MechwarriorRecomp/research/extract/decoded_pck/HAMPCK_TBL.decoded.bin,pck_object_0076_part_002_choice_000_frame_054,pck_object_0076,pck_object_0076_part_002,pck_object_0076_part_002_choice_000,2,0,54,0x008A2C,136,0,0x008A2E,88008EFD71FF4E00,8EFD71FF4E008EFD70FF0000F803F206
C:/Users/MadCat/Documents/GitHub/MechwarriorRecomp/research/extract/decoded_pck/HAMPCK_TBL.decoded.bin,pck_object_0076_part_002_choice_000_frame_055,pck_object_0076,pck_object_0076_part_002,pck_object_0076_part_002_choice_000,2,0,55,0x008A34,142,253,0x008A36,8EFD70FF0000F803,70FF0000F803F2065000BCFDC0FF8900
C:/Users/MadCat/Documents/GitHub/MechwarriorRecomp/research/extract/decoded_pck/HAMPCK_TBL.decoded.bin,pck_object_0076_part_002_choice_000_frame_056,pck_object_0076,pck_object_0076_part_002,pck_object_0076_part_002_choice_000,2,0,56,0x008A3C,242,6,0x008A3E,F2065000BCFDC0FF,5000BCFDC0FF8900BCFDC0FF890076FD
C:/Users/MadCat/Documents/GitHub/MechwarriorRecomp/research/extract/decoded_pck/HAMPCK_TBL.decoded.bin,pck_object_0076_part_002_choice_000_frame_057,pck_object_0076,pck_object_0076_part_002,pck_object_0076_part_002_choice_000,2,0,57,0x008A44,137,0,0x008A46,8900BCFDC0FF8900,BCFDC0FF890076FDE8FF500076FDE8FF
C:/Users/MadCat/Documents/GitHub/MechwarriorRecomp/research/extract/decoded_pck/HAMPCK_TBL.decoded.bin,pck_object_0076_part_002_choice_000_frame_058,pck_object_0076,pck_object_0076_part_002,pck_object_0076_part_002_choice_000,2,0,58,0x008A4C,118,253,0x008A4E,76FDE8FF500076FD,E8FF500076FDE8FF01F8160026000000
C:/Users/MadCat/Documents/GitHub/MechwarriorRecomp/research/extract/decoded_pck/HAMPCK_TBL.decoded.bin,pck_object_0076_part_002_choice_000_frame_059,pck_object_0076,pck_object_0076_part_002,pck_object_0076_part_002_choice_000,2,0,59,0x008A54,232,255,0x008A56,E8FF01F816002600,01F816002600000017F90604FF07F5FF
C:/Users/MadCat/Documents/GitHub/MechwarriorRecomp/research/extract/decoded_pck/HAMPCK_TBL.decoded.bin,pck_object_0076_part_002_choice_000_frame_060,pck_object_0076,pck_object_0076_part_002,pck_object_0076_part_002_choice_000,2,0,60,0x008A5C,0,0,0x008A5E,000017F90604FF07,17F90604FF07F5FFEDFF0CFE31FB4A07
C:/Users/MadCat/Documents/GitHub/MechwarriorRecomp/research/extract/decoded_pck/HAMPCK_TBL.decoded.bin,pck_object_0076_part_002_choice_000_frame_061,pck_object_0076,pck_object_0076_part_002,pck_object_0076_part_002_choice_000,2,0,61,0x008A64,245,255,0x008A66,F5FFEDFF0CFE31FB,EDFF0CFE31FB4A070000FDFB15F976FF
C:/Users/MadCat/Documents/GitHub/MechwarriorRecomp/research/extract/decoded_pck/HAMPCK_TBL.decoded.bin,pck_object_0076_part_002_choice_000_frame_062,pck_object_0076,pck_object_0076_part_002,pck_object_0076_part_002_choice_000,2,0,62,0x008A6C,74,7,0x008A6E,4A070000FDFB15F9,0000FDFB15F976FF5CFD8DFFAFFF5CFD
C:/Users/MadCat/Documents/GitHub/MechwarriorRecomp/research/extract/decoded_pck/HAMPCK_TBL.decoded.bin,pck_object_0076_part_002_choice_000_frame_063,pck_object_0076,pck_object_0076_part_002,pck_object_0076_part_002_choice_000,2,0,63,0x008A74,118,255,0x008A76,76FF5CFD8DFFAFFF,5CFD8DFFAFFF5CFD8DFFAFFF8EFD70FF
C:/Users/MadCat/Documents/GitHub/MechwarriorRecomp/research/extract/decoded_pck/HAMPCK_TBL.decoded.bin,pck_object_0076_part_002_choice_000_frame_064,pck_object_0076,pck_object_0076_part_002,pck_object_0076_part_002_choice_000,2,0,64,0x008A7C,92,253,0x008A7E,5CFD8DFFAFFF8EFD,8DFFAFFF8EFD70FF76FF8EFD70FF0000
C:/Users/MadCat/Documents/GitHub/MechwarriorRecomp/research/extract/decoded_pck/HAMPCK_TBL.decoded.bin,pck_object_0076_part_002_choice_000_frame_065,pck_object_0076,pck_object_0076_part_002,pck_object_0076_part_002_choice_000,2,0,65,0x008A84,112,255,0x008A86,70FF76FF8EFD70FF,76FF8EFD70FF00001304E20677FFBCFD
C:/Users/MadCat/Documents/GitHub/MechwarriorRecomp/research/extract/decoded_pck/HAMPCK_TBL.decoded.bin,pck_object_0076_part_002_choice_000_frame_066,pck_object_0076,pck_object_0076_part_002,pck_object_0076_part_002_choice_000,2,0,66,0x008A8C,0,0,0x008A8E,00001304E20677FF,1304E20677FFBCFDC0FFB0FFBCFDC0FF
C:/Users/MadCat/Documents/GitHub/MechwarriorRecomp/research/extract/decoded_pck/HAMPCK_TBL.decoded.bin,pck_object_0076_part_002_choice_000_frame_067,pck_object_0076,pck_object_0076_part_002,pck_object_0076_part_002_choice_000,2,0,67,0x008A94,188,253,0x008A96,BCFDC0FFB0FFBCFD,C0FFB0FFBCFDC0FFB0FF8BFDDDFF77FF
C:/Users/MadCat/Documents/GitHub/MechwarriorRecomp/research/extract/decoded_pck/HAMPCK_TBL.decoded.bin,pck_object_0076_part_002_choice_000_frame_068,pck_object_0076,pck_object_0076_part_002,pck_object_0076_part_002_choice_000,2,0,68,0x008A9C,192,255,0x008A9E,C0FFB0FF8BFDDDFF,B0FF8BFDDDFF77FF8BFDDDFF01F80B00
C:/Users/MadCat/Documents/GitHub/MechwarriorRecomp/research/extract/decoded_pck/HAMPCK_TBL.decoded.bin,pck_object_0076_part_002_choice_000_frame_069,pck_object_0076,pck_object_0076_part_002,pck_object_0076_part_002_choice_000,2,0,69,0x008AA4,119,255,0x008AA6,77FF8BFDDDFF01F8,8BFDDDFF01F80B00130000001BF90D04
C:/Users/MadCat/Documents/GitHub/MechwarriorRecomp/research/extract/decoded_pck/HAMPCK_TBL.decoded.bin,pck_object_0076_part_002_choice_000_frame_070,pck_object_0076,pck_object_0076_part_002,pck_object_0076_part_002_choice_000,2,0,70,0x008AAC,11,0,0x008AAE,0B00130000001BF9,130000001BF90D04FF07F5FFEEFF0000
C:/Users/MadCat/Documents/GitHub/MechwarriorRecomp/research/extract/decoded_pck/HAMPCK_TBL.decoded.bin,pck_object_0076_part_002_choice_000_frame_071,pck_object_0076,pck_object_0076_part_002,pck_object_0076_part_002_choice_000,2,0,71,0x008AB4,13,4,0x008AB6,0D04FF07F5FFEEFF,FF07F5FFEEFF0000EF0604FC00005A00
C:/Users/MadCat/Documents/GitHub/MechwarriorRecomp/research/extract/decoded_pck/HAMPCK_TBL.decoded.bin,pck_object_0076_part_002_choice_000_frame_072,pck_object_0076,pck_object_0076_part_002,pck_object_0076_part_002_choice_000,2,0,72,0x008ABC,0,0,0x008ABE,0000EF0604FC0000,EF0604FC00005A0036FED2FFF5FED6FE
C:/Users/MadCat/Documents/GitHub/MechwarriorRecomp/research/extract/decoded_pck/HAMPCK_TBL.decoded.bin,pck_object_0076_part_002_choice_000_frame_073,pck_object_0076,pck_object_0076_part_002,pck_object_0076_part_002_choice_000,2,0,73,0x008AC4,90,0,0x008AC6,5A0036FED2FFF5FE,36FED2FFF5FED6FE2C00F5FED6FE2D00
C:/Users/MadCat/Documents/GitHub/MechwarriorRecomp/research/extract/decoded_pck/HAMPCK_TBL.decoded.bin,pck_object_0076_part_002_choice_000_frame_074,pck_object_0076,pck_object_0076_part_002,pck_object_0076_part_002_choice_000,2,0,74,0x008ACC,214,254,0x008ACE,D6FE2C00F5FED6FE,2C00F5FED6FE2D0023FF25FFD3FF23FF
C:/Users/MadCat/Documents/GitHub/MechwarriorRecomp/research/extract/decoded_pck/HAMPCK_TBL.decoded.bin,pck_object_0076_part_002_choice_000_frame_075,pck_object_0076,pck_object_0076_part_002,pck_object_0076_part_002_choice_000,2,0,75,0x008AD4,45,0,0x008AD6,2D0023FF25FFD3FF,23FF25FFD3FF23FF25FFD2FF92FE0FFF
C:/Users/MadCat/Documents/GitHub/MechwarriorRecomp/research/extract/decoded_pck/HAMPCK_TBL.decoded.bin,pck_object_0076_part_002_choice_000_frame_076,pck_object_0076,pck_object_0076_part_002,pck_object_0076_part_002_choice_000,2,0,76,0x008ADC,35,255,0x008ADE,23FF25FFD2FF92FE,25FFD2FF92FE0FFFD3FFC0FE5EFF0000
C:/Users/MadCat/Documents/GitHub/MechwarriorRecomp/research/extract/decoded_pck/HAMPCK_TBL.decoded.bin,pck_object_0076_part_002_choice_000_frame_077,pck_object_0076,pck_object_0076_part_002,pck_object_0076_part_002_choice_000,2,0,77,0x008AE4,15,255,0x008AE6,0FFFD3FFC0FE5EFF,D3FFC0FE5EFF0000FD03EE062D00C0FE
C:/Users/MadCat/Documents/GitHub/MechwarriorRecomp/research/extract/decoded_pck/HAMPCK_TBL.decoded.bin,pck_object_0076_part_002_choice_000_frame_078,pck_object_0076,pck_object_0076_part_002,pck_object_0076_part_002_choice_000,2,0,78,0x008AEC,0,0,0x008AEE,0000FD03EE062D00,FD03EE062D00C0FE5EFF2C0092FE0FFF
C:/Users/MadCat/Documents/GitHub/MechwarriorRecomp/research/extract/decoded_pck/HAMPCK_TBL.decoded.bin,pck_object_0076_part_002_choice_000_frame_079,pck_object_0076,pck_object_0076_part_002,pck_object_0076_part_002_choice_000,2,0,79,0x008AF4,192,254,0x008AF6,C0FE5EFF2C0092FE,5EFF2C0092FE0FFF000003FC12F90100
C:/Users/MadCat/Documents/GitHub/MechwarriorRecomp/research/extract/decoded_pck/HAMPCK_TBL.decoded.bin,pck_object_0076_part_002_choice_000_frame_080,pck_object_0076,pck_object_0076_part_002,pck_object_0076_part_002_choice_000,2,0,80,0x008AFC,15,255,0x008AFE,0FFF000003FC12F9,000003FC12F90100980200000300A002
C:/Users/MadCat/Documents/GitHub/MechwarriorRecomp/research/extract/decoded_pck/HAMPCK_TBL.decoded.bin,pck_object_0076_part_002_choice_000_frame_081,pck_object_0076,pck_object_0076_part_002,pck_object_0076_part_002_choice_000,2,0,81,0x008B04,1,0,0x008B06,0100980200000300,980200000300A0020000810404040401
C:/Users/MadCat/Documents/GitHub/MechwarriorRecomp/research/extract/decoded_pck/HAMPCK_TBL.decoded.bin,pck_object_0076_part_002_choice_000_frame_082,pck_object_0076,pck_object_0076_part_002,pck_object_0076_part_002_choice_000,2,0,82,0x008B0C,160,2,0x008B0E,A002000081040404,0000810404040401B802810000000006
C:/Users/MadCat/Documents/GitHub/MechwarriorRecomp/research/extract/decoded_pck/HAMPCK_TBL.decoded.bin,pck_object_0076_part_002_choice_000_frame_083,pck_object_0076,pck_object_0076_part_002,pck_object_0076_part_002_choice_000,2,0,83,0x008B14,4,1,0x008B16,0401B80281000000,B802810000000006BD02810000000009
C:/Users/MadCat/Documents/GitHub/MechwarriorRecomp/research/extract/decoded_pck/HAMPCK_TBL.decoded.bin,pck_object_0076_part_002_choice_000_frame_084,pck_object_0076,pck_object_0076_part_002,pck_object_0076_part_002_choice_000,2,0,84,0x008B1C,0,6,0x008B1E,0006BD0281000000,BD02810000000009C20202030405FF05
C:/Users/MadCat/Documents/GitHub/MechwarriorRecomp/research/extract/decoded_pck/HAMPCK_TBL.decoded.bin,pck_object_0076_part_002_choice_000_frame_085,pck_object_0076,pck_object_0076_part_002,pck_object_0076_part_002_choice_000,2,0,85,0x008B24,0,9,0x008B26,0009C20202030405,C20202030405FF05040708FF0A0B0302
C:/Users/MadCat/Documents/GitHub/MechwarriorRecomp/research/extract/decoded_pck/HAMPCK_TBL.decoded.bin,pck_object_0076_part_002_choice_000_frame_086,pck_object_0076,pck_object_0076_part_002,pck_object_0076_part_002_choice_000,2,0,86,0x008B2C,255,5,0x008B2E,FF05040708FF0A0B,040708FF0A0B0302FF0100CB02000002
C:/Users/MadCat/Documents/GitHub/MechwarriorRecomp/research/extract/decoded_pck/HAMPCK_TBL.decoded.bin,pck_object_0076_part_002_choice_000_frame_087,pck_object_0076,pck_object_0076_part_002,pck_object_0076_part_002_choice_000,2,0,87,0x008B34,3,2,0x008B36,0302FF0100CB0200,FF0100CB0200000200D3020000810707
C:/Users/MadCat/Documents/GitHub/MechwarriorRecomp/research/extract/decoded_pck/HAMPCK_TBL.decoded.bin,pck_object_0076_part_002_choice_000_frame_088,pck_object_0076,pck_object_0076_part_002,pck_object_0076_part_002_choice_000,2,0,88,0x008B3C,0,2,0x008B3E,000200D302000081,00D302000081070707070DE302810000
C:/Users/MadCat/Documents/GitHub/MechwarriorRecomp/research/extract/decoded_pck/HAMPCK_TBL.decoded.bin,pck_object_0076_part_002_choice_000_frame_089,pck_object_0076,pck_object_0076_part_002,pck_object_0076_part_002_choice_000,2,0,89,0x008B44,7,7,0x008B46,070707070DE30281,07070DE30281000000000EE8020A0807
C:/Users/MadCat/Documents/GitHub/MechwarriorRecomp/research/extract/decoded_pck/HAMPCK_TBL.decoded.bin,pck_object_0076_part_002_choice_000_frame_090,pck_object_0076,pck_object_0076_part_002,pck_object_0076_part_002_choice_000,2,0,90,0x008B4C,0,0,0x008B4E,000000000EE8020A,00000EE8020A08070BFF0B0F1003FF01
C:/Users/MadCat/Documents/GitHub/MechwarriorRecomp/research/extract/decoded_pck/HAMPCK_TBL.decoded.bin,pck_object_0076_part_002_choice_000_frame_091,pck_object_0076,pck_object_0076_part_002,pck_object_0076_part_002_choice_000,2,0,91,0x008B54,8,7,0x008B56,08070BFF0B0F1003,0BFF0B0F1003FF0100F10200000500F9
C:/Users/MadCat/Documents/GitHub/MechwarriorRecomp/research/extract/decoded_pck/HAMPCK_TBL.decoded.bin,pck_object_0076_part_002_choice_000_frame_092,pck_object_0076,pck_object_0076_part_002,pck_object_0076_part_002_choice_000,2,0,92,0x008B5C,255,1,0x008B5E,FF0100F102000005,00F10200000500F90200008100000000
C:/Users/MadCat/Documents/GitHub/MechwarriorRecomp/research/extract/decoded_pck/HAMPCK_TBL.decoded.bin,pck_object_0076_part_002_choice_000_frame_093,pck_object_0076,pck_object_0076_part_002,pck_object_0076_part_002_choice_000,2,0,93,0x008B64,0,249,0x008B66,00F9020000810000,0200008100000000122103810C0C0C0C
C:/Users/MadCat/Documents/GitHub/MechwarriorRecomp/research/extract/decoded_pck/HAMPCK_TBL.decoded.bin,pck_object_0076_part_002_choice_000_frame_094,pck_object_0076,pck_object_0076_part_002,pck_object_0076_part_002_choice_000,2,0,94,0x008B6C,0,0,0x008B6E,0000122103810C0C,122103810C0C0C0C1526038108080000
C:/Users/MadCat/Documents/GitHub/MechwarriorRecomp/research/extract/decoded_pck/HAMPCK_TBL.decoded.bin,pck_object_0076_part_002_choice_000_frame_095,pck_object_0076,pck_object_0076_part_002,pck_object_0076_part_002_choice_000,2,0,95,0x008B74,12,12,0x008B76,0C0C152603810808,1526038108080000172B038100080808
C:/Users/MadCat/Documents/GitHub/MechwarriorRecomp/research/extract/decoded_pck/HAMPCK_TBL.decoded.bin,pck_object_0076_part_002_choice_000_frame_096,pck_object_0076,pck_object_0076_part_002,pck_object_0076_part_002_choice_000,2,0,96,0x008B7C,0,0,0x008B7E,0000172B03810008,172B0381000808081930038104040404
C:/Users/MadCat/Documents/GitHub/MechwarriorRecomp/research/extract/decoded_pck/HAMPCK_TBL.decoded.bin,pck_object_0076_part_002_choice_000_frame_097,pck_object_0076,pck_object_0076_part_002,pck_object_0076_part_002_choice_000,2,0,97,0x008B84,8,8,0x008B86,0808193003810404,19300381040404041A350308131405FF
C:/Users/MadCat/Documents/GitHub/MechwarriorRecomp/research/extract/decoded_pck/HAMPCK_TBL.decoded.bin,pck_object_0076_part_002_choice_000_frame_098,pck_object_0076,pck_object_0076_part_002,pck_object_0076_part_002_choice_000,2,0,98,0x008B8C,4,4,0x008B8E,04041A3503081314,1A350308131405FF14160205FF021618
C:/Users/MadCat/Documents/GitHub/MechwarriorRecomp/research/extract/decoded_pck/HAMPCK_TBL.decoded.bin,pck_object_0076_part_002_choice_000_frame_099,pck_object_0076,pck_object_0076_part_002,pck_object_0076_part_002_choice_000,2,0,99,0x008B94,5,255,0x008B96,05FF14160205FF02,14160205FF0216180AFF16141318FF0A
C:/Users/MadCat/Documents/GitHub/MechwarriorRecomp/research/extract/decoded_pck/HAMPCK_TBL.decoded.bin,pck_object_0076_part_002_choice_000_frame_100,pck_object_0076,pck_object_0076_part_002,pck_object_0076_part_002_choice_000,2,0,100,0x008B9C,22,24,0x008B9E,16180AFF16141318,0AFF16141318FF0A181308FF01003E03
C:/Users/MadCat/Documents/GitHub/MechwarriorRecomp/research/extract/decoded_pck/HAMPCK_TBL.decoded.bin,pck_object_0076_part_002_choice_000_frame_101,pck_object_0076,pck_object_0076_part_002,pck_object_0076_part_002_choice_000,2,0,101,0x008BA4,255,10,0x008BA6,FF0A181308FF0100,181308FF01003E030000050046030000
C:/Users/MadCat/Documents/GitHub/MechwarriorRecomp/research/extract/decoded_pck/HAMPCK_TBL.decoded.bin,pck_object_0076_part_002_choice_000_frame_102,pck_object_0076,pck_object_0076_part_002,pck_object_0076_part_002_choice_000,2,0,102,0x008BAC,62,3,0x008BAE,3E03000005004603,000005004603000081040800001C6E03
C:/Users/MadCat/Documents/GitHub/MechwarriorRecomp/research/extract/decoded_pck/HAMPCK_TBL.decoded.bin,pck_object_0076_part_002_choice_000_frame_103,pck_object_0076,pck_object_0076_part_002,pck_object_0076_part_002_choice_000,2,0,103,0x008BB4,0,0,0x008BB6,000081040800001C,81040800001C6E038104080404217303
C:/Users/MadCat/Documents/GitHub/MechwarriorRecomp/research/extract/decoded_pck/HAMPCK_TBL.decoded.bin,pck_object_0076_part_002_choice_000_frame_104,pck_object_0076,pck_object_0076_part_002,pck_object_0076_part_002_choice_000,2,0,104,0x008BBC,110,3,0x008BBE,6E03810408040421,81040804042173038104080404247803
C:/Users/MadCat/Documents/GitHub/MechwarriorRecomp/research/extract/decoded_pck/HAMPCK_TBL.decoded.bin,pck_object_0076_part_002_choice_000_frame_105,pck_object_0076,pck_object_0076_part_002,pck_object_0076_part_002_choice_000,2,0,105,0x008BC4,115,3,0x008BC6,7303810408040424,81040804042478038104080000267D03
C:/Users/MadCat/Documents/GitHub/MechwarriorRecomp/research/extract/decoded_pck/HAMPCK_TBL.decoded.bin,pck_object_0076_part_002_choice_000_frame_106,pck_object_0076,pck_object_0076_part_002,pck_object_0076_part_002_choice_000,2,0,106,0x008BCC,120,3,0x008BCE,7803810408000026,8104080000267D038104080000288203
C:/Users/MadCat/Documents/GitHub/MechwarriorRecomp/research/extract/decoded_pck/HAMPCK_TBL.decoded.bin,pck_object_0076_part_002_choice_000_frame_107,pck_object_0076,pck_object_0076_part_002,pck_object_0076_part_002_choice_000,2,0,107,0x008BD4,125,3,0x008BD6,7D03810408000028,81040800002882031D1E1F20FF221D20
C:/Users/MadCat/Documents/GitHub/MechwarriorRecomp/research/extract/decoded_pck/HAMPCK_TBL.decoded.bin,pck_object_0076_part_002_choice_000_frame_108,pck_object_0076,pck_object_0076_part_002,pck_object_0076_part_002_choice_000,2,0,108,0x008BDC,130,3,0x008BDE,82031D1E1F20FF22,1D1E1F20FF221D2023FF23201F25FF25
C:/Users/MadCat/Documents/GitHub/MechwarriorRecomp/research/extract/decoded_pck/HAMPCK_TBL.decoded.bin,pck_object_0076_part_002_choice_000_frame_109,pck_object_0076,pck_object_0076_part_002,pck_object_0076_part_002_choice_000,2,0,109,0x008BE4,29,32,0x008BE6,1D2023FF23201F25,23FF23201F25FF251F1E27FF271E1D22
C:/Users/MadCat/Documents/GitHub/MechwarriorRecomp/research/extract/decoded_pck/HAMPCK_TBL.decoded.bin,pck_object_0076_part_002_choice_000_frame_110,pck_object_0076,pck_object_0076_part_002,pck_object_0076_part_002_choice_000,2,0,110,0x008BEC,255,37,0x008BEE,FF251F1E27FF271E,1F1E27FF271E1D22FF01008B03000005
C:/Users/MadCat/Documents/GitHub/MechwarriorRecomp/research/extract/decoded_pck/HAMPCK_TBL.decoded.bin,pck_object_0076_part_002_choice_000_frame_111,pck_object_0076,pck_object_0076_part_002,pck_object_0076_part_002_choice_000,2,0,111,0x008BF4,29,34,0x008BF6,1D22FF01008B0300,FF01008B030000050093030000810408
C:/Users/MadCat/Documents/GitHub/MechwarriorRecomp/research/extract/decoded_pck/HAMPCK_TBL.decoded.bin,pck_object_0076_part_002_choice_000_frame_112,pck_object_0076,pck_object_0076_part_002,pck_object_0076_part_002_choice_000,2,0,112,0x008BFC,0,5,0x008BFE,0005009303000081,009303000081040800002ABB03810408
C:/Users/MadCat/Documents/GitHub/MechwarriorRecomp/research/extract/decoded_pck/HAMPCK_TBL.decoded.bin,pck_object_0076_part_002_choice_000_frame_113,pck_object_0076,pck_object_0076_part_002,pck_object_0076_part_002_choice_000,2,0,113,0x008C04,4,8,0x008C06,040800002ABB0381,00002ABB0381040804042FC003810408
C:/Users/MadCat/Documents/GitHub/MechwarriorRecomp/research/extract/decoded_pck/HAMPCK_TBL.decoded.bin,pck_object_0076_part_002_choice_000_frame_114,pck_object_0076,pck_object_0076_part_002,pck_object_0076_part_002_choice_000,2,0,114,0x008C0C,4,8,0x008C0E,040804042FC00381,04042FC003810408040432C503810408
C:/Users/MadCat/Documents/GitHub/MechwarriorRecomp/research/extract/decoded_pck/HAMPCK_TBL.decoded.bin,pck_object_0076_part_002_choice_000_frame_115,pck_object_0076,pck_object_0076_part_002,pck_object_0076_part_002_choice_000,2,0,115,0x008C14,4,8,0x008C16,0408040432C50381,040432C503810408000034CA03810408
C:/Users/MadCat/Documents/GitHub/MechwarriorRecomp/research/extract/decoded_pck/HAMPCK_TBL.decoded.bin,pck_object_0076_part_002_choice_000_frame_116,pck_object_0076,pck_object_0076_part_002,pck_object_0076_part_002_choice_000,2,0,116,0x008C1C,4,8,0x008C1E,0408000034CA0381,000034CA03810408000036CF032B2C2D
C:/Users/MadCat/Documents/GitHub/MechwarriorRecomp/research/extract/decoded_pck/HAMPCK_TBL.decoded.bin,pck_object_0076_part_002_choice_000_frame_117,pck_object_0076,pck_object_0076_part_002,pck_object_0076_part_002_choice_000,2,0,117,0x008C24,4,8,0x008C26,0408000036CF032B,000036CF032B2C2D2EFF302B2E31FF33
C:/Users/MadCat/Documents/GitHub/MechwarriorRecomp/research/extract/decoded_pck/HAMPCK_TBL.decoded.bin,pck_object_0076_part_002_choice_000_frame_118,pck_object_0076,pck_object_0076_part_002,pck_object_0076_part_002_choice_000,2,0,118,0x008C2C,44,45,0x008C2E,2C2D2EFF302B2E31,2EFF302B2E31FF332C2B30FF352D2C33
C:/Users/MadCat/Documents/GitHub/MechwarriorRecomp/research/extract/decoded_pck/HAMPCK_TBL.decoded.bin,pck_object_0076_part_002_choice_000_frame_119,pck_object_0076,pck_object_0076_part_002,pck_object_0076_part_002_choice_000,2,0,119,0x008C34,255,51,0x008C36,FF332C2B30FF352D,2C2B30FF352D2C33FF312E2D35FF0100
C:/Users/MadCat/Documents/GitHub/MechwarriorRecomp/research/extract/decoded_pck/HAMPCK_TBL.decoded.bin,pck_object_0076_part_002_choice_000_frame_120,pck_object_0076,pck_object_0076_part_002,pck_object_0076_part_002_choice_000,2,0,120,0x008C3C,44,51,0x008C3E,2C33FF312E2D35FF,FF312E2D35FF0100D80300000600E003
C:/Users/MadCat/Documents/GitHub/MechwarriorRecomp/research/extract/decoded_pck/HAMPCK_TBL.decoded.bin,pck_object_0076_part_002_choice_000_frame_121,pck_object_0076,pck_object_0076_part_002,pck_object_0076_part_002_choice_000,2,0,121,0x008C44,1,0,0x008C46,0100D80300000600,D80300000600E0030000810808000838
C:/Users/MadCat/Documents/GitHub/MechwarriorRecomp/research/extract/decoded_pck/HAMPCK_TBL.decoded.bin,pck_object_0076_part_002_choice_000_frame_122,pck_object_0076,pck_object_0076_part_002,pck_object_0076_part_002_choice_000,2,0,122,0x008C4C,224,3,0x008C4E,E003000081080800,0000810808000838100481080800073D
C:/Users/MadCat/Documents/GitHub/MechwarriorRecomp/research/extract/decoded_pck/HAMPCK_TBL.decoded.bin,pck_object_0076_part_002_choice_000_frame_123,pck_object_0076,pck_object_0076_part_002,pck_object_0076_part_002_choice_000,2,0,123,0x008C54,8,56,0x008C56,0838100481080800,100481080800073D1504810808000042
C:/Users/MadCat/Documents/GitHub/MechwarriorRecomp/research/extract/decoded_pck/HAMPCK_TBL.decoded.bin,pck_object_0076_part_002_choice_000_frame_124,pck_object_0076,pck_object_0076_part_002,pck_object_0076_part_002_choice_000,2,0,124,0x008C5C,7,61,0x008C5E,073D150481080800,15048108080000421A04810808080843
C:/Users/MadCat/Documents/GitHub/MechwarriorRecomp/research/extract/decoded_pck/HAMPCK_TBL.decoded.bin,pck_object_0076_part_002_choice_000_frame_125,pck_object_0076,pck_object_0076_part_002,pck_object_0076_part_002_choice_000,2,0,125,0x008C64,0,66,0x008C66,00421A0481080808,1A048108080808431F04810808040444
C:/Users/MadCat/Documents/GitHub/MechwarriorRecomp/research/extract/decoded_pck/HAMPCK_TBL.decoded.bin,pck_object_0076_part_002_choice_000_frame_126,pck_object_0076,pck_object_0076_part_002,pck_object_0076_part_002_choice_000,2,0,126,0x008C6C,8,67,0x008C6E,08431F0481080804,1F04810808040444240481080800000E
C:/Users/MadCat/Documents/GitHub/MechwarriorRecomp/research/extract/decoded_pck/HAMPCK_TBL.decoded.bin,pck_object_0076_part_002_choice_000_frame_127,pck_object_0076,pck_object_0076_part_002,pck_object_0076_part_002_choice_000,2,0,127,0x008C74,4,68,0x008C76,0444240481080800,240481080800000E2904393A3B3CFF3E
C:/Users/MadCat/Documents/GitHub/MechwarriorRecomp/research/extract/decoded_pck/HAMPCK_TBL.decoded.bin,pck_object_0076_part_002_choice_000_frame_128,pck_object_0076,pck_object_0076_part_002,pck_object_0076_part_002_choice_000,2,0,128,0x008C7C,0,14,0x008C7E,000E2904393A3B3C,2904393A3B3CFF3E3F4041FF3C3E4139
C:/Users/MadCat/Documents/GitHub/MechwarriorRecomp/research/extract/decoded_pck/HAMPCK_TBL.decoded.bin,pck_object_0076_part_007_choice_000_frame_000,pck_object_0076,pck_object_0076_part_007,pck_object_0076_part_007_choice_000,7,0,0,0x00887C,128,0,0x00887E,8000CC0200000000,CC0200000000000008001A00005F5A00
C:/Users/MadCat/Documents/GitHub/MechwarriorRecomp/research/extract/decoded_pck/HAMPCK_TBL.decoded.bin,pck_object_0076_part_007_choice_000_frame_001,pck_object_0076,pck_object_0076_part_007,pck_object_0076_part_007_choice_000,7,0,1,0x008884,0,0,0x008886,000008001A00005F,08001A00005F5A00010094020C5F5A00
C:/Users/MadCat/Documents/GitHub/MechwarriorRecomp/research/extract/decoded_pck/HAMPCK_TBL.decoded.bin,pck_object_0076_part_007_choice_000_frame_002,pck_object_0076,pck_object_0076_part_007,pck_object_0076_part_007_choice_000,7,0,2,0x00888C,90,0,0x00888E,5A00010094020C5F,010094020C5F5A000100C702115F5A00
C:/Users/MadCat/Documents/GitHub/MechwarriorRecomp/research/extract/decoded_pck/HAMPCK_TBL.decoded.bin,pck_object_0076_part_007_choice_000_frame_003,pck_object_0076,pck_object_0076_part_007,pck_object_0076_part_007_choice_000,7,0,3,0x008894,90,0,0x008896,5A000100C702115F,0100C702115F5A000100ED021B5F5A00
C:/Users/MadCat/Documents/GitHub/MechwarriorRecomp/research/extract/decoded_pck/HAMPCK_TBL.decoded.bin,pck_object_0076_part_007_choice_000_frame_004,pck_object_0076,pck_object_0076_part_007,pck_object_0076_part_007_choice_000,7,0,4,0x00889C,90,0,0x00889E,5A000100ED021B5F,0100ED021B5F5A0001003A03295F5A00
C:/Users/MadCat/Documents/GitHub/MechwarriorRecomp/research/extract/decoded_pck/HAMPCK_TBL.decoded.bin,pck_object_0076_part_007_choice_000_frame_005,pck_object_0076,pck_object_0076_part_007,pck_object_0076_part_007_choice_000,7,0,5,0x0088A4,90,0,0x0088A6,5A0001003A03295F,01003A03295F5A0001008703375F5A00
C:/Users/MadCat/Documents/GitHub/MechwarriorRecomp/research/extract/decoded_pck/HAMPCK_TBL.decoded.bin,pck_object_0076_part_007_choice_000_frame_006,pck_object_0076,pck_object_0076_part_007,pck_object_0076_part_007_choice_000,7,0,6,0x0088AC,90,0,0x0088AE,5A0001008703375F,01008703375F5A000100D403455F5A00
C:/Users/MadCat/Documents/GitHub/MechwarriorRecomp/research/extract/decoded_pck/HAMPCK_TBL.decoded.bin,pck_object_0076_part_007_choice_000_frame_007,pck_object_0076,pck_object_0076_part_007,pck_object_0076_part_007_choice_000,7,0,7,0x0088B4,90,0,0x0088B6,5A000100D403455F,0100D403455F5A0001002E04545F5A00
C:/Users/MadCat/Documents/GitHub/MechwarriorRecomp/research/extract/decoded_pck/HAMPCK_TBL.decoded.bin,pck_object_0076_part_007_choice_000_frame_008,pck_object_0076,pck_object_0076_part_007,pck_object_0076_part_007_choice_000,7,0,8,0x0088BC,90,0,0x0088BE,5A0001002E04545F,01002E04545F5A00010088040000C2FF
C:/Users/MadCat/Documents/GitHub/MechwarriorRecomp/research/extract/decoded_pck/HAMPCK_TBL.decoded.bin,pck_object_0076_part_007_choice_000_frame_009,pck_object_0076,pck_object_0076_part_007,pck_object_0076_part_007_choice_000,7,0,9,0x0088C4,90,0,0x0088C6,5A00010088040000,010088040000C2FF5D0000008C05C305
C:/Users/MadCat/Documents/GitHub/MechwarriorRecomp/research/extract/decoded_pck/HAMPCK_TBL.decoded.bin,pck_object_0076_part_007_choice_000_frame_010,pck_object_0076,pck_object_0076_part_007,pck_object_0076_part_007_choice_000,7,0,10,0x0088CC,194,255,0x0088CE,C2FF5D0000008C05,5D0000008C05C30577FF38FEE1FF77FF
C:/Users/MadCat/Documents/GitHub/MechwarriorRecomp/research/extract/decoded_pck/HAMPCK_TBL.decoded.bin,pck_object_0076_part_007_choice_000_frame_011,pck_object_0076,pck_object_0076_part_007,pck_object_0076_part_007_choice_000,7,0,11,0x0088D4,195,5,0x0088D6,C30577FF38FEE1FF,77FF38FEE1FF77FFC0FE5EFF8900C0FE
C:/Users/MadCat/Documents/GitHub/MechwarriorRecomp/research/extract/decoded_pck/HAMPCK_TBL.decoded.bin,pck_object_0076_part_007_choice_000_frame_012,pck_object_0076,pck_object_0076_part_007,pck_object_0076_part_007_choice_000,7,0,12,0x0088DC,119,255,0x0088DE,77FFC0FE5EFF8900,C0FE5EFF8900C0FE5EFF890038FEE1FF
C:/Users/MadCat/Documents/GitHub/MechwarriorRecomp/research/extract/decoded_pck/HAMPCK_TBL.decoded.bin,pck_object_0076_part_007_choice_000_frame_013,pck_object_0076,pck_object_0076_part_007,pck_object_0076_part_007_choice_000,7,0,13,0x0088E4,192,254,0x0088E6,C0FE5EFF890038FE,5EFF890038FEE1FFFF07F1FFF0FF8800
C:/Users/MadCat/Documents/GitHub/MechwarriorRecomp/research/extract/decoded_pck/HAMPCK_TBL.decoded.bin,pck_object_0076_part_007_choice_000_frame_014,pck_object_0076,pck_object_0076_part_007,pck_object_0076_part_007_choice_000,7,0,14,0x0088EC,225,255,0x0088EE,E1FFFF07F1FFF0FF,FF07F1FFF0FF880092FE0FFF8800C5FD
C:/Users/MadCat/Documents/GitHub/MechwarriorRecomp/research/extract/decoded_pck/HAMPCK_TBL.decoded.bin,pck_object_0076_part_007_choice_000_frame_015,pck_object_0076,pck_object_0076_part_007,pck_object_0076_part_007_choice_000,7,0,15,0x0088F4,136,0,0x0088F6,880092FE0FFF8800,92FE0FFF8800C5FD5EFF01F808001500
C:/Users/MadCat/Documents/GitHub/MechwarriorRecomp/research/extract/decoded_pck/HAMPCK_TBL.decoded.bin,pck_object_0076_part_007_choice_000_frame_016,pck_object_0076,pck_object_0076_part_007,pck_object_0076_part_007_choice_000,7,0,16,0x0088FC,197,253,0x0088FE,C5FD5EFF01F80800,5EFF01F80800150076FFC5FD5EFF76FF
C:/Users/MadCat/Documents/GitHub/MechwarriorRecomp/research/extract/decoded_pck/HAMPCK_TBL.decoded.bin,pck_object_0076_part_007_choice_000_frame_017,pck_object_0076,pck_object_0076_part_007,pck_object_0076_part_007_choice_000,7,0,17,0x008904,21,0,0x008906,150076FFC5FD5EFF,76FFC5FD5EFF76FF92FE0FFFFFFF30FF
C:/Users/MadCat/Documents/GitHub/MechwarriorRecomp/research/extract/decoded_pck/HAMPCK_TBL.decoded.bin,pck_object_0076_part_007_choice_000_frame_018,pck_object_0076,pck_object_0076_part_007,pck_object_0076_part_007_choice_000,7,0,18,0x00890C,118,255,0x00890E,76FF92FE0FFFFFFF,92FE0FFFFFFF30FF36FE000020FD89F8
C:/Users/MadCat/Documents/GitHub/MechwarriorRecomp/research/extract/decoded_pck/HAMPCK_TBL.decoded.bin,pck_object_0076_part_007_choice_000_frame_019,pck_object_0076,pck_object_0076_part_007,pck_object_0076_part_007_choice_000,7,0,19,0x008914,48,255,0x008916,30FF36FE000020FD,36FE000020FD89F80000E906FAFB7C00
C:/Users/MadCat/Documents/GitHub/MechwarriorRecomp/research/extract/decoded_pck/HAMPCK_TBL.decoded.bin,pck_object_0076_part_007_choice_000_frame_020,pck_object_0076,pck_object_0076_part_007,pck_object_0076_part_007_choice_000,7,0,20,0x00891C,137,248,0x00891E,89F80000E906FAFB,0000E906FAFB7C0092FE0FFF7D00C0FE
C:/Users/MadCat/Documents/GitHub/MechwarriorRecomp/research/extract/decoded_pck/HAMPCK_TBL.decoded.bin,pck_object_0076_part_007_choice_000_frame_021,pck_object_0076,pck_object_0076_part_007,pck_object_0076_part_007_choice_000,7,0,21,0x008924,124,0,0x008926,7C0092FE0FFF7D00,92FE0FFF7D00C0FE5EFF000049FFAB02
C:/Users/MadCat/Documents/GitHub/MechwarriorRecomp/research/extract/decoded_pck/HAMPCK_TBL.decoded.bin,pck_object_0076_part_007_choice_000_frame_022,pck_object_0076,pck_object_0076_part_007,pck_object_0076_part_007_choice_000,7,0,22,0x00892C,192,254,0x00892E,C0FE5EFF000049FF,5EFF000049FFAB020008000000008800
C:/Users/MadCat/Documents/GitHub/MechwarriorRecomp/research/extract/decoded_pck/HAMPCK_TBL.decoded.bin,pck_object_0076_part_007_choice_000_frame_023,pck_object_0076,pck_object_0076_part_007,pck_object_0076_part_007_choice_000,7,0,23,0x008934,171,2,0x008936,AB02000800000000,00080000000088009AFD85FF8800A5FD
C:/Users/MadCat/Documents/GitHub/MechwarriorRecomp/research/extract/decoded_pck/HAMPCK_TBL.decoded.bin,pck_object_0076_part_007_choice_000_frame_024,pck_object_0076,pck_object_0076_part_007,pck_object_0076_part_007_choice_000,7,0,24,0x00893C,136,0,0x00893E,88009AFD85FF8800,9AFD85FF8800A5FD98FF000072FC2A07
C:/Users/MadCat/Documents/GitHub/MechwarriorRecomp/research/extract/decoded_pck/HAMPCK_TBL.decoded.bin,pck_object_0076_part_007_choice_000_frame_025,pck_object_0076,pck_object_0076_part_007,pck_object_0076_part_007_choice_000,7,0,25,0x008944,165,253,0x008946,A5FD98FF000072FC,98FF000072FC2A0776FFA5FD98FF01F8
C:/Users/MadCat/Documents/GitHub/MechwarriorRecomp/research/extract/decoded_pck/HAMPCK_TBL.decoded.bin,pck_object_0076_part_007_choice_000_frame_026,pck_object_0076,pck_object_0076_part_007,pck_object_0076_part_007_choice_000,7,0,26,0x00894C,42,7,0x00894E,2A0776FFA5FD98FF,76FFA5FD98FF01F81300F5FF76FF9AFD
C:/Users/MadCat/Documents/GitHub/MechwarriorRecomp/research/extract/decoded_pck/HAMPCK_TBL.decoded.bin,pck_object_0076_part_007_choice_000_frame_027,pck_object_0076,pck_object_0076_part_007,pck_object_0076_part_007_choice_000,7,0,27,0x008954,1,248,0x008956,01F81300F5FF76FF,1300F5FF76FF9AFD85FF000014F90204
C:/Users/MadCat/Documents/GitHub/MechwarriorRecomp/research/extract/decoded_pck/HAMPCK_TBL.decoded.bin,pck_object_0076_part_007_choice_000_frame_028,pck_object_0076,pck_object_0076_part_007,pck_object_0076_part_007_choice_000,7,0,28,0x00895C,154,253,0x00895E,9AFD85FF000014F9,85FF000014F902040000A1FA14FAE803
C:/Users/MadCat/Documents/GitHub/MechwarriorRecomp/research/extract/decoded_pck/HAMPCK_TBL.decoded.bin,pck_object_0076_part_007_choice_000_frame_029,pck_object_0076,pck_object_0076_part_007,pck_object_0076_part_007_choice_000,7,0,29,0x008964,2,4,0x008966,02040000A1FA14FA,0000A1FA14FAE80300000000FF07C5FF
C:/Users/MadCat/Documents/GitHub/MechwarriorRecomp/research/extract/decoded_pck/HAMPCK_TBL.decoded.bin,pck_object_0076_part_007_choice_000_frame_030,pck_object_0076,pck_object_0076_part_007,pck_object_0076_part_007_choice_000,7,0,30,0x00896C,232,3,0x00896E,E80300000000FF07,00000000FF07C5FFEFFFCD0047FE89FF
C:/Users/MadCat/Documents/GitHub/MechwarriorRecomp/research/extract/decoded_pck/HAMPCK_TBL.decoded.bin,pck_object_0076_part_007_choice_000_frame_031,pck_object_0076,pck_object_0076_part_007,pck_object_0076_part_007_choice_000,7,0,31,0x008974,197,255,0x008976,C5FFEFFFCD0047FE,EFFFCD0047FE89FFCD0050FE6AFFCC00
C:/Users/MadCat/Documents/GitHub/MechwarriorRecomp/research/extract/decoded_pck/HAMPCK_TBL.decoded.bin,pck_object_0076_part_007_choice_000_frame_032,pck_object_0076,pck_object_0076_part_007,pck_object_0076_part_007_choice_000,7,0,32,0x00897C,137,255,0x00897E,89FFCD0050FE6AFF,CD0050FE6AFFCC0030FE61FFCD0028FE
C:/Users/MadCat/Documents/GitHub/MechwarriorRecomp/research/extract/decoded_pck/HAMPCK_TBL.decoded.bin,pck_object_0076_part_007_choice_000_frame_033,pck_object_0076,pck_object_0076_part_007,pck_object_0076_part_007_choice_000,7,0,33,0x008984,204,0,0x008986,CC0030FE61FFCD00,30FE61FFCD0028FE81FFDF010FFE8707
C:/Users/MadCat/Documents/GitHub/MechwarriorRecomp/research/extract/decoded_pck/HAMPCK_TBL.decoded.bin,pck_object_0076_part_007_choice_000_frame_034,pck_object_0076,pck_object_0076_part_007,pck_object_0076_part_007_choice_000,7,0,34,0x00898C,40,254,0x00898E,28FE81FFDF010FFE,81FFDF010FFE8707890053FE9DFF8900
C:/Users/MadCat/Documents/GitHub/MechwarriorRecomp/research/extract/decoded_pck/HAMPCK_TBL.decoded.bin,pck_object_0076_part_007_choice_000_frame_035,pck_object_0076,pck_object_0076_part_007,pck_object_0076_part_007_choice_000,7,0,35,0x008994,135,7,0x008996,8707890053FE9DFF,890053FE9DFF89000BFE92FFA302B2F8
C:/Users/MadCat/Documents/GitHub/MechwarriorRecomp/research/extract/decoded_pck/HAMPCK_TBL.decoded.bin,pck_object_0076_part_007_choice_000_frame_036,pck_object_0076,pck_object_0076_part_007,pck_object_0076_part_007_choice_000,7,0,36,0x00899C,137,0,0x00899E,89000BFE92FFA302,0BFE92FFA302B2F818FE880025FE4EFF
C:/Users/MadCat/Documents/GitHub/MechwarriorRecomp/research/extract/decoded_pck/HAMPCK_TBL.decoded.bin,pck_object_0076_part_007_choice_000_frame_037,pck_object_0076,pck_object_0076_part_007,pck_object_0076_part_007_choice_000,7,0,37,0x0089A4,178,248,0x0089A6,B2F818FE880025FE,18FE880025FE4EFFC4010F027AF88900
C:/Users/MadCat/Documents/GitHub/MechwarriorRecomp/research/extract/decoded_pck/HAMPCK_TBL.decoded.bin,pck_object_0076_part_007_choice_000_frame_038,pck_object_0076,pck_object_0076_part_007,pck_object_0076_part_007_choice_000,7,0,38,0x0089AC,78,255,0x0089AE,4EFFC4010F027AF8,C4010F027AF889006EFE59FFAB023E07
C:/Users/MadCat/Documents/GitHub/MechwarriorRecomp/research/extract/decoded_pck/HAMPCK_TBL.decoded.bin,pck_object_0076_part_007_choice_000_frame_039,pck_object_0076,pck_object_0076_part_007,pck_object_0076_part_007_choice_000,7,0,39,0x0089B4,137,0,0x0089B6,89006EFE59FFAB02,6EFE59FFAB023E071A0218FC0000FFFF
C:/Users/MadCat/Documents/GitHub/MechwarriorRecomp/research/extract/decoded_pck/HAMPCK_TBL.decoded.bin,pck_object_0076_part_007_choice_000_frame_040,pck_object_0076,pck_object_0076_part_007,pck_object_0076_part_007_choice_000,7,0,40,0x0089BC,62,7,0x0089BE,3E071A0218FC0000,1A0218FC0000FFFF02F82A004A0033FF
C:/Users/MadCat/Documents/GitHub/MechwarriorRecomp/research/extract/decoded_pck/HAMPCK_TBL.decoded.bin,pck_object_0076_part_007_choice_000_frame_041,pck_object_0076,pck_object_0076_part_007,pck_object_0076_part_007_choice_000,7,0,41,0x0089C4,255,255,0x0089C6,FFFF02F82A004A00,02F82A004A0033FF28FE81FF32FF30FE
C:/Users/MadCat/Documents/GitHub/MechwarriorRecomp/research/extract/decoded_pck/HAMPCK_TBL.decoded.bin,pck_object_0076_part_007_choice_000_frame_042,pck_object_0076,pck_object_0076_part_007,pck_object_0076_part_007_choice_000,7,0,42,0x0089CC,51,255,0x0089CE,33FF28FE81FF32FF,28FE81FF32FF30FE61FF33FF50FE6AFF
C:/Users/MadCat/Documents/GitHub/MechwarriorRecomp/research/extract/decoded_pck/HAMPCK_TBL.decoded.bin,pck_object_0076_part_007_choice_000_frame_043,pck_object_0076,pck_object_0076_part_007,pck_object_0076_part_007_choice_000,7,0,43,0x0089D4,48,254,0x0089D6,30FE61FF33FF50FE,61FF33FF50FE6AFF33FF47FE89FF5EFD
C:/Users/MadCat/Documents/GitHub/MechwarriorRecomp/research/extract/decoded_pck/HAMPCK_TBL.decoded.bin,pck_object_0076_part_007_choice_000_frame_044,pck_object_0076,pck_object_0076_part_007,pck_object_0076_part_007_choice_000,7,0,44,0x0089DC,106,255,0x0089DE,6AFF33FF47FE89FF,33FF47FE89FF5EFD1DFE500777FF0BFE
C:/Users/MadCat/Documents/GitHub/MechwarriorRecomp/research/extract/decoded_pck/HAMPCK_TBL.decoded.bin,pck_object_0076_part_007_choice_000_frame_045,pck_object_0076,pck_object_0076_part_007,pck_object_0076_part_007_choice_000,7,0,45,0x0089E4,94,253,0x0089E6,5EFD1DFE500777FF,1DFE500777FF0BFE92FF77FF53FE9DFF
C:/Users/MadCat/Documents/GitHub/MechwarriorRecomp/research/extract/decoded_pck/HAMPCK_TBL.decoded.bin,pck_object_0076_part_007_choice_000_frame_046,pck_object_0076,pck_object_0076_part_007,pck_object_0076_part_007_choice_000,7,0,46,0x0089EC,11,254,0x0089EE,0BFE92FF77FF53FE,92FF77FF53FE9DFF42FE6AF829FE76FF
C:/Users/MadCat/Documents/GitHub/MechwarriorRecomp/research/extract/decoded_pck/HAMPCK_TBL.decoded.bin,pck_object_0076_part_007_choice_000_frame_047,pck_object_0076,pck_object_0076_part_007,pck_object_0076_part_007_choice_000,7,0,47,0x0089F4,157,255,0x0089F6,9DFF42FE6AF829FE,42FE6AF829FE76FF25FE4EFF44FD1D02
C:/Users/MadCat/Documents/GitHub/MechwarriorRecomp/research/extract/decoded_pck/HAMPCK_TBL.decoded.bin,pck_object_0076_part_007_choice_000_frame_048,pck_object_0076,pck_object_0076_part_007,pck_object_0076_part_007_choice_000,7,0,48,0x0089FC,118,255,0x0089FE,76FF25FE4EFF44FD,25FE4EFF44FD1D02CAF877FF6EFE59FF
C:/Users/MadCat/Documents/GitHub/MechwarriorRecomp/research/extract/decoded_pck/HAMPCK_TBL.decoded.bin,pck_object_0076_part_007_choice_000_frame_049,pck_object_0076,pck_object_0076_part_007,pck_object_0076_part_007_choice_000,7,0,49,0x008A04,29,2,0x008A06,1D02CAF877FF6EFE,CAF877FF6EFE59FF0DFE73072902F401
C:/Users/MadCat/Documents/GitHub/MechwarriorRecomp/research/extract/decoded_pck/HAMPCK_TBL.decoded.bin,pck_object_0076_part_007_choice_000_frame_050,pck_object_0076,pck_object_0076_part_007,pck_object_0076_part_007_choice_000,7,0,50,0x008A0C,89,255,0x008A0E,59FF0DFE73072902,0DFE73072902F40131FB4B07000008FC
C:/Users/MadCat/Documents/GitHub/MechwarriorRecomp/research/extract/decoded_pck/HAMPCK_TBL.decoded.bin,pck_object_0076_part_007_choice_000_frame_051,pck_object_0076,pck_object_0076_part_007,pck_object_0076_part_007_choice_000,7,0,51,0x008A14,244,1,0x008A16,F40131FB4B070000,31FB4B07000008FC0EF94E0048FD99FF
C:/Users/MadCat/Documents/GitHub/MechwarriorRecomp/research/extract/decoded_pck/HAMPCK_TBL.decoded.bin,pck_object_0076_part_007_choice_000_frame_052,pck_object_0076,pck_object_0076_part_007,pck_object_0076_part_007_choice_000,7,0,52,0x008A1C,8,252,0x008A1E,08FC0EF94E0048FD,0EF94E0048FD99FF880048FD99FF8800
C:/Users/MadCat/Documents/GitHub/MechwarriorRecomp/research/extract/decoded_pck/HAMPCK_TBL.decoded.bin,pck_object_0076_part_007_choice_000_frame_053,pck_object_0076,pck_object_0076_part_007,pck_object_0076_part_007_choice_000,7,0,53,0x008A24,153,255,0x008A26,99FF880048FD99FF,880048FD99FF88008EFD71FF4E008EFD
C:/Users/MadCat/Documents/GitHub/MechwarriorRecomp/research/extract/decoded_pck/HAMPCK_TBL.decoded.bin,pck_object_0076_part_007_choice_000_frame_054,pck_object_0076,pck_object_0076_part_007,pck_object_0076_part_007_choice_000,7,0,54,0x008A2C,136,0,0x008A2E,88008EFD71FF4E00,8EFD71FF4E008EFD70FF0000F803F206
C:/Users/MadCat/Documents/GitHub/MechwarriorRecomp/research/extract/decoded_pck/HAMPCK_TBL.decoded.bin,pck_object_0076_part_007_choice_000_frame_055,pck_object_0076,pck_object_0076_part_007,pck_object_0076_part_007_choice_000,7,0,55,0x008A34,142,253,0x008A36,8EFD70FF0000F803,70FF0000F803F2065000BCFDC0FF8900
C:/Users/MadCat/Documents/GitHub/MechwarriorRecomp/research/extract/decoded_pck/HAMPCK_TBL.decoded.bin,pck_object_0076_part_007_choice_000_frame_056,pck_object_0076,pck_object_0076_part_007,pck_object_0076_part_007_choice_000,7,0,56,0x008A3C,242,6,0x008A3E,F2065000BCFDC0FF,5000BCFDC0FF8900BCFDC0FF890076FD
C:/Users/MadCat/Documents/GitHub/MechwarriorRecomp/research/extract/decoded_pck/HAMPCK_TBL.decoded.bin,pck_object_0076_part_007_choice_000_frame_057,pck_object_0076,pck_object_0076_part_007,pck_object_0076_part_007_choice_000,7,0,57,0x008A44,137,0,0x008A46,8900BCFDC0FF8900,BCFDC0FF890076FDE8FF500076FDE8FF
C:/Users/MadCat/Documents/GitHub/MechwarriorRecomp/research/extract/decoded_pck/HAMPCK_TBL.decoded.bin,pck_object_0076_part_007_choice_000_frame_058,pck_object_0076,pck_object_0076_part_007,pck_object_0076_part_007_choice_000,7,0,58,0x008A4C,118,253,0x008A4E,76FDE8FF500076FD,E8FF500076FDE8FF01F8160026000000
C:/Users/MadCat/Documents/GitHub/MechwarriorRecomp/research/extract/decoded_pck/HAMPCK_TBL.decoded.bin,pck_object_0076_part_007_choice_000_frame_059,pck_object_0076,pck_object_0076_part_007,pck_object_0076_part_007_choice_000,7,0,59,0x008A54,232,255,0x008A56,E8FF01F816002600,01F816002600000017F90604FF07F5FF
C:/Users/MadCat/Documents/GitHub/MechwarriorRecomp/research/extract/decoded_pck/HAMPCK_TBL.decoded.bin,pck_object_0076_part_007_choice_000_frame_060,pck_object_0076,pck_object_0076_part_007,pck_object_0076_part_007_choice_000,7,0,60,0x008A5C,0,0,0x008A5E,000017F90604FF07,17F90604FF07F5FFEDFF0CFE31FB4A07
C:/Users/MadCat/Documents/GitHub/MechwarriorRecomp/research/extract/decoded_pck/HAMPCK_TBL.decoded.bin,pck_object_0076_part_007_choice_000_frame_061,pck_object_0076,pck_object_0076_part_007,pck_object_0076_part_007_choice_000,7,0,61,0x008A64,245,255,0x008A66,F5FFEDFF0CFE31FB,EDFF0CFE31FB4A070000FDFB15F976FF
C:/Users/MadCat/Documents/GitHub/MechwarriorRecomp/research/extract/decoded_pck/HAMPCK_TBL.decoded.bin,pck_object_0076_part_007_choice_000_frame_062,pck_object_0076,pck_object_0076_part_007,pck_object_0076_part_007_choice_000,7,0,62,0x008A6C,74,7,0x008A6E,4A070000FDFB15F9,0000FDFB15F976FF5CFD8DFFAFFF5CFD
C:/Users/MadCat/Documents/GitHub/MechwarriorRecomp/research/extract/decoded_pck/HAMPCK_TBL.decoded.bin,pck_object_0076_part_007_choice_000_frame_063,pck_object_0076,pck_object_0076_part_007,pck_object_0076_part_007_choice_000,7,0,63,0x008A74,118,255,0x008A76,76FF5CFD8DFFAFFF,5CFD8DFFAFFF5CFD8DFFAFFF8EFD70FF
C:/Users/MadCat/Documents/GitHub/MechwarriorRecomp/research/extract/decoded_pck/HAMPCK_TBL.decoded.bin,pck_object_0076_part_007_choice_000_frame_064,pck_object_0076,pck_object_0076_part_007,pck_object_0076_part_007_choice_000,7,0,64,0x008A7C,92,253,0x008A7E,5CFD8DFFAFFF8EFD,8DFFAFFF8EFD70FF76FF8EFD70FF0000
C:/Users/MadCat/Documents/GitHub/MechwarriorRecomp/research/extract/decoded_pck/HAMPCK_TBL.decoded.bin,pck_object_0076_part_007_choice_000_frame_065,pck_object_0076,pck_object_0076_part_007,pck_object_0076_part_007_choice_000,7,0,65,0x008A84,112,255,0x008A86,70FF76FF8EFD70FF,76FF8EFD70FF00001304E20677FFBCFD
C:/Users/MadCat/Documents/GitHub/MechwarriorRecomp/research/extract/decoded_pck/HAMPCK_TBL.decoded.bin,pck_object_0076_part_007_choice_000_frame_066,pck_object_0076,pck_object_0076_part_007,pck_object_0076_part_007_choice_000,7,0,66,0x008A8C,0,0,0x008A8E,00001304E20677FF,1304E20677FFBCFDC0FFB0FFBCFDC0FF
C:/Users/MadCat/Documents/GitHub/MechwarriorRecomp/research/extract/decoded_pck/HAMPCK_TBL.decoded.bin,pck_object_0076_part_007_choice_000_frame_067,pck_object_0076,pck_object_0076_part_007,pck_object_0076_part_007_choice_000,7,0,67,0x008A94,188,253,0x008A96,BCFDC0FFB0FFBCFD,C0FFB0FFBCFDC0FFB0FF8BFDDDFF77FF
C:/Users/MadCat/Documents/GitHub/MechwarriorRecomp/research/extract/decoded_pck/HAMPCK_TBL.decoded.bin,pck_object_0076_part_007_choice_000_frame_068,pck_object_0076,pck_object_0076_part_007,pck_object_0076_part_007_choice_000,7,0,68,0x008A9C,192,255,0x008A9E,C0FFB0FF8BFDDDFF,B0FF8BFDDDFF77FF8BFDDDFF01F80B00
C:/Users/MadCat/Documents/GitHub/MechwarriorRecomp/research/extract/decoded_pck/HAMPCK_TBL.decoded.bin,pck_object_0076_part_007_choice_000_frame_069,pck_object_0076,pck_object_0076_part_007,pck_object_0076_part_007_choice_000,7,0,69,0x008AA4,119,255,0x008AA6,77FF8BFDDDFF01F8,8BFDDDFF01F80B00130000001BF90D04
C:/Users/MadCat/Documents/GitHub/MechwarriorRecomp/research/extract/decoded_pck/HAMPCK_TBL.decoded.bin,pck_object_0076_part_007_choice_000_frame_070,pck_object_0076,pck_object_0076_part_007,pck_object_0076_part_007_choice_000,7,0,70,0x008AAC,11,0,0x008AAE,0B00130000001BF9,130000001BF90D04FF07F5FFEEFF0000
C:/Users/MadCat/Documents/GitHub/MechwarriorRecomp/research/extract/decoded_pck/HAMPCK_TBL.decoded.bin,pck_object_0076_part_007_choice_000_frame_071,pck_object_0076,pck_object_0076_part_007,pck_object_0076_part_007_choice_000,7,0,71,0x008AB4,13,4,0x008AB6,0D04FF07F5FFEEFF,FF07F5FFEEFF0000EF0604FC00005A00
C:/Users/MadCat/Documents/GitHub/MechwarriorRecomp/research/extract/decoded_pck/HAMPCK_TBL.decoded.bin,pck_object_0076_part_007_choice_000_frame_072,pck_object_0076,pck_object_0076_part_007,pck_object_0076_part_007_choice_000,7,0,72,0x008ABC,0,0,0x008ABE,0000EF0604FC0000,EF0604FC00005A0036FED2FFF5FED6FE
C:/Users/MadCat/Documents/GitHub/MechwarriorRecomp/research/extract/decoded_pck/HAMPCK_TBL.decoded.bin,pck_object_0076_part_007_choice_000_frame_073,pck_object_0076,pck_object_0076_part_007,pck_object_0076_part_007_choice_000,7,0,73,0x008AC4,90,0,0x008AC6,5A0036FED2FFF5FE,36FED2FFF5FED6FE2C00F5FED6FE2D00
C:/Users/MadCat/Documents/GitHub/MechwarriorRecomp/research/extract/decoded_pck/HAMPCK_TBL.decoded.bin,pck_object_0076_part_007_choice_000_frame_074,pck_object_0076,pck_object_0076_part_007,pck_object_0076_part_007_choice_000,7,0,74,0x008ACC,214,254,0x008ACE,D6FE2C00F5FED6FE,2C00F5FED6FE2D0023FF25FFD3FF23FF
C:/Users/MadCat/Documents/GitHub/MechwarriorRecomp/research/extract/decoded_pck/HAMPCK_TBL.decoded.bin,pck_object_0076_part_007_choice_000_frame_075,pck_object_0076,pck_object_0076_part_007,pck_object_0076_part_007_choice_000,7,0,75,0x008AD4,45,0,0x008AD6,2D0023FF25FFD3FF,23FF25FFD3FF23FF25FFD2FF92FE0FFF
C:/Users/MadCat/Documents/GitHub/MechwarriorRecomp/research/extract/decoded_pck/HAMPCK_TBL.decoded.bin,pck_object_0076_part_007_choice_000_frame_076,pck_object_0076,pck_object_0076_part_007,pck_object_0076_part_007_choice_000,7,0,76,0x008ADC,35,255,0x008ADE,23FF25FFD2FF92FE,25FFD2FF92FE0FFFD3FFC0FE5EFF0000
C:/Users/MadCat/Documents/GitHub/MechwarriorRecomp/research/extract/decoded_pck/HAMPCK_TBL.decoded.bin,pck_object_0076_part_007_choice_000_frame_077,pck_object_0076,pck_object_0076_part_007,pck_object_0076_part_007_choice_000,7,0,77,0x008AE4,15,255,0x008AE6,0FFFD3FFC0FE5EFF,D3FFC0FE5EFF0000FD03EE062D00C0FE
C:/Users/MadCat/Documents/GitHub/MechwarriorRecomp/research/extract/decoded_pck/HAMPCK_TBL.decoded.bin,pck_object_0076_part_007_choice_000_frame_078,pck_object_0076,pck_object_0076_part_007,pck_object_0076_part_007_choice_000,7,0,78,0x008AEC,0,0,0x008AEE,0000FD03EE062D00,FD03EE062D00C0FE5EFF2C0092FE0FFF
C:/Users/MadCat/Documents/GitHub/MechwarriorRecomp/research/extract/decoded_pck/HAMPCK_TBL.decoded.bin,pck_object_0076_part_007_choice_000_frame_079,pck_object_0076,pck_object_0076_part_007,pck_object_0076_part_007_choice_000,7,0,79,0x008AF4,192,254,0x008AF6,C0FE5EFF2C0092FE,5EFF2C0092FE0FFF000003FC12F90100
C:/Users/MadCat/Documents/GitHub/MechwarriorRecomp/research/extract/decoded_pck/HAMPCK_TBL.decoded.bin,pck_object_0076_part_007_choice_000_frame_080,pck_object_0076,pck_object_0076_part_007,pck_object_0076_part_007_choice_000,7,0,80,0x008AFC,15,255,0x008AFE,0FFF000003FC12F9,000003FC12F90100980200000300A002
C:/Users/MadCat/Documents/GitHub/MechwarriorRecomp/research/extract/decoded_pck/HAMPCK_TBL.decoded.bin,pck_object_0076_part_007_choice_000_frame_081,pck_object_0076,pck_object_0076_part_007,pck_object_0076_part_007_choice_000,7,0,81,0x008B04,1,0,0x008B06,0100980200000300,980200000300A0020000810404040401
C:/Users/MadCat/Documents/GitHub/MechwarriorRecomp/research/extract/decoded_pck/HAMPCK_TBL.decoded.bin,pck_object_0076_part_007_choice_000_frame_082,pck_object_0076,pck_object_0076_part_007,pck_object_0076_part_007_choice_000,7,0,82,0x008B0C,160,2,0x008B0E,A002000081040404,0000810404040401B802810000000006
C:/Users/MadCat/Documents/GitHub/MechwarriorRecomp/research/extract/decoded_pck/HAMPCK_TBL.decoded.bin,pck_object_0076_part_007_choice_000_frame_083,pck_object_0076,pck_object_0076_part_007,pck_object_0076_part_007_choice_000,7,0,83,0x008B14,4,1,0x008B16,0401B80281000000,B802810000000006BD02810000000009
C:/Users/MadCat/Documents/GitHub/MechwarriorRecomp/research/extract/decoded_pck/HAMPCK_TBL.decoded.bin,pck_object_0076_part_007_choice_000_frame_084,pck_object_0076,pck_object_0076_part_007,pck_object_0076_part_007_choice_000,7,0,84,0x008B1C,0,6,0x008B1E,0006BD0281000000,BD02810000000009C20202030405FF05
C:/Users/MadCat/Documents/GitHub/MechwarriorRecomp/research/extract/decoded_pck/HAMPCK_TBL.decoded.bin,pck_object_0076_part_007_choice_000_frame_085,pck_object_0076,pck_object_0076_part_007,pck_object_0076_part_007_choice_000,7,0,85,0x008B24,0,9,0x008B26,0009C20202030405,C20202030405FF05040708FF0A0B0302
C:/Users/MadCat/Documents/GitHub/MechwarriorRecomp/research/extract/decoded_pck/HAMPCK_TBL.decoded.bin,pck_object_0076_part_007_choice_000_frame_086,pck_object_0076,pck_object_0076_part_007,pck_object_0076_part_007_choice_000,7,0,86,0x008B2C,255,5,0x008B2E,FF05040708FF0A0B,040708FF0A0B0302FF0100CB02000002
C:/Users/MadCat/Documents/GitHub/MechwarriorRecomp/research/extract/decoded_pck/HAMPCK_TBL.decoded.bin,pck_object_0076_part_007_choice_000_frame_087,pck_object_0076,pck_object_0076_part_007,pck_object_0076_part_007_choice_000,7,0,87,0x008B34,3,2,0x008B36,0302FF0100CB0200,FF0100CB0200000200D3020000810707
C:/Users/MadCat/Documents/GitHub/MechwarriorRecomp/research/extract/decoded_pck/HAMPCK_TBL.decoded.bin,pck_object_0076_part_007_choice_000_frame_088,pck_object_0076,pck_object_0076_part_007,pck_object_0076_part_007_choice_000,7,0,88,0x008B3C,0,2,0x008B3E,000200D302000081,00D302000081070707070DE302810000
C:/Users/MadCat/Documents/GitHub/MechwarriorRecomp/research/extract/decoded_pck/HAMPCK_TBL.decoded.bin,pck_object_0076_part_007_choice_000_frame_089,pck_object_0076,pck_object_0076_part_007,pck_object_0076_part_007_choice_000,7,0,89,0x008B44,7,7,0x008B46,070707070DE30281,07070DE30281000000000EE8020A0807
C:/Users/MadCat/Documents/GitHub/MechwarriorRecomp/research/extract/decoded_pck/HAMPCK_TBL.decoded.bin,pck_object_0076_part_007_choice_000_frame_090,pck_object_0076,pck_object_0076_part_007,pck_object_0076_part_007_choice_000,7,0,90,0x008B4C,0,0,0x008B4E,000000000EE8020A,00000EE8020A08070BFF0B0F1003FF01
C:/Users/MadCat/Documents/GitHub/MechwarriorRecomp/research/extract/decoded_pck/HAMPCK_TBL.decoded.bin,pck_object_0076_part_007_choice_000_frame_091,pck_object_0076,pck_object_0076_part_007,pck_object_0076_part_007_choice_000,7,0,91,0x008B54,8,7,0x008B56,08070BFF0B0F1003,0BFF0B0F1003FF0100F10200000500F9
C:/Users/MadCat/Documents/GitHub/MechwarriorRecomp/research/extract/decoded_pck/HAMPCK_TBL.decoded.bin,pck_object_0076_part_007_choice_000_frame_092,pck_object_0076,pck_object_0076_part_007,pck_object_0076_part_007_choice_000,7,0,92,0x008B5C,255,1,0x008B5E,FF0100F102000005,00F10200000500F90200008100000000
C:/Users/MadCat/Documents/GitHub/MechwarriorRecomp/research/extract/decoded_pck/HAMPCK_TBL.decoded.bin,pck_object_0076_part_007_choice_000_frame_093,pck_object_0076,pck_object_0076_part_007,pck_object_0076_part_007_choice_000,7,0,93,0x008B64,0,249,0x008B66,00F9020000810000,0200008100000000122103810C0C0C0C
C:/Users/MadCat/Documents/GitHub/MechwarriorRecomp/research/extract/decoded_pck/HAMPCK_TBL.decoded.bin,pck_object_0076_part_007_choice_000_frame_094,pck_object_0076,pck_object_0076_part_007,pck_object_0076_part_007_choice_000,7,0,94,0x008B6C,0,0,0x008B6E,0000122103810C0C,122103810C0C0C0C1526038108080000
C:/Users/MadCat/Documents/GitHub/MechwarriorRecomp/research/extract/decoded_pck/HAMPCK_TBL.decoded.bin,pck_object_0076_part_007_choice_000_frame_095,pck_object_0076,pck_object_0076_part_007,pck_object_0076_part_007_choice_000,7,0,95,0x008B74,12,12,0x008B76,0C0C152603810808,1526038108080000172B038100080808
C:/Users/MadCat/Documents/GitHub/MechwarriorRecomp/research/extract/decoded_pck/HAMPCK_TBL.decoded.bin,pck_object_0076_part_007_choice_000_frame_096,pck_object_0076,pck_object_0076_part_007,pck_object_0076_part_007_choice_000,7,0,96,0x008B7C,0,0,0x008B7E,0000172B03810008,172B0381000808081930038104040404
C:/Users/MadCat/Documents/GitHub/MechwarriorRecomp/research/extract/decoded_pck/HAMPCK_TBL.decoded.bin,pck_object_0076_part_007_choice_000_frame_097,pck_object_0076,pck_object_0076_part_007,pck_object_0076_part_007_choice_000,7,0,97,0x008B84,8,8,0x008B86,0808193003810404,19300381040404041A350308131405FF
C:/Users/MadCat/Documents/GitHub/MechwarriorRecomp/research/extract/decoded_pck/HAMPCK_TBL.decoded.bin,pck_object_0076_part_007_choice_000_frame_098,pck_object_0076,pck_object_0076_part_007,pck_object_0076_part_007_choice_000,7,0,98,0x008B8C,4,4,0x008B8E,04041A3503081314,1A350308131405FF14160205FF021618
C:/Users/MadCat/Documents/GitHub/MechwarriorRecomp/research/extract/decoded_pck/HAMPCK_TBL.decoded.bin,pck_object_0076_part_007_choice_000_frame_099,pck_object_0076,pck_object_0076_part_007,pck_object_0076_part_007_choice_000,7,0,99,0x008B94,5,255,0x008B96,05FF14160205FF02,14160205FF0216180AFF16141318FF0A
C:/Users/MadCat/Documents/GitHub/MechwarriorRecomp/research/extract/decoded_pck/HAMPCK_TBL.decoded.bin,pck_object_0076_part_007_choice_000_frame_100,pck_object_0076,pck_object_0076_part_007,pck_object_0076_part_007_choice_000,7,0,100,0x008B9C,22,24,0x008B9E,16180AFF16141318,0AFF16141318FF0A181308FF01003E03
C:/Users/MadCat/Documents/GitHub/MechwarriorRecomp/research/extract/decoded_pck/HAMPCK_TBL.decoded.bin,pck_object_0076_part_007_choice_000_frame_101,pck_object_0076,pck_object_0076_part_007,pck_object_0076_part_007_choice_000,7,0,101,0x008BA4,255,10,0x008BA6,FF0A181308FF0100,181308FF01003E030000050046030000
C:/Users/MadCat/Documents/GitHub/MechwarriorRecomp/research/extract/decoded_pck/HAMPCK_TBL.decoded.bin,pck_object_0076_part_007_choice_000_frame_102,pck_object_0076,pck_object_0076_part_007,pck_object_0076_part_007_choice_000,7,0,102,0x008BAC,62,3,0x008BAE,3E03000005004603,000005004603000081040800001C6E03
C:/Users/MadCat/Documents/GitHub/MechwarriorRecomp/research/extract/decoded_pck/HAMPCK_TBL.decoded.bin,pck_object_0076_part_007_choice_000_frame_103,pck_object_0076,pck_object_0076_part_007,pck_object_0076_part_007_choice_000,7,0,103,0x008BB4,0,0,0x008BB6,000081040800001C,81040800001C6E038104080404217303
C:/Users/MadCat/Documents/GitHub/MechwarriorRecomp/research/extract/decoded_pck/HAMPCK_TBL.decoded.bin,pck_object_0076_part_007_choice_000_frame_104,pck_object_0076,pck_object_0076_part_007,pck_object_0076_part_007_choice_000,7,0,104,0x008BBC,110,3,0x008BBE,6E03810408040421,81040804042173038104080404247803
C:/Users/MadCat/Documents/GitHub/MechwarriorRecomp/research/extract/decoded_pck/HAMPCK_TBL.decoded.bin,pck_object_0076_part_007_choice_000_frame_105,pck_object_0076,pck_object_0076_part_007,pck_object_0076_part_007_choice_000,7,0,105,0x008BC4,115,3,0x008BC6,7303810408040424,81040804042478038104080000267D03
C:/Users/MadCat/Documents/GitHub/MechwarriorRecomp/research/extract/decoded_pck/HAMPCK_TBL.decoded.bin,pck_object_0076_part_007_choice_000_frame_106,pck_object_0076,pck_object_0076_part_007,pck_object_0076_part_007_choice_000,7,0,106,0x008BCC,120,3,0x008BCE,7803810408000026,8104080000267D038104080000288203
C:/Users/MadCat/Documents/GitHub/MechwarriorRecomp/research/extract/decoded_pck/HAMPCK_TBL.decoded.bin,pck_object_0076_part_007_choice_000_frame_107,pck_object_0076,pck_object_0076_part_007,pck_object_0076_part_007_choice_000,7,0,107,0x008BD4,125,3,0x008BD6,7D03810408000028,81040800002882031D1E1F20FF221D20
C:/Users/MadCat/Documents/GitHub/MechwarriorRecomp/research/extract/decoded_pck/HAMPCK_TBL.decoded.bin,pck_object_0076_part_007_choice_000_frame_108,pck_object_0076,pck_object_0076_part_007,pck_object_0076_part_007_choice_000,7,0,108,0x008BDC,130,3,0x008BDE,82031D1E1F20FF22,1D1E1F20FF221D2023FF23201F25FF25
C:/Users/MadCat/Documents/GitHub/MechwarriorRecomp/research/extract/decoded_pck/HAMPCK_TBL.decoded.bin,pck_object_0076_part_007_choice_000_frame_109,pck_object_0076,pck_object_0076_part_007,pck_object_0076_part_007_choice_000,7,0,109,0x008BE4,29,32,0x008BE6,1D2023FF23201F25,23FF23201F25FF251F1E27FF271E1D22
C:/Users/MadCat/Documents/GitHub/MechwarriorRecomp/research/extract/decoded_pck/HAMPCK_TBL.decoded.bin,pck_object_0076_part_007_choice_000_frame_110,pck_object_0076,pck_object_0076_part_007,pck_object_0076_part_007_choice_000,7,0,110,0x008BEC,255,37,0x008BEE,FF251F1E27FF271E,1F1E27FF271E1D22FF01008B03000005
C:/Users/MadCat/Documents/GitHub/MechwarriorRecomp/research/extract/decoded_pck/HAMPCK_TBL.decoded.bin,pck_object_0076_part_007_choice_000_frame_111,pck_object_0076,pck_object_0076_part_007,pck_object_0076_part_007_choice_000,7,0,111,0x008BF4,29,34,0x008BF6,1D22FF01008B0300,FF01008B030000050093030000810408
C:/Users/MadCat/Documents/GitHub/MechwarriorRecomp/research/extract/decoded_pck/HAMPCK_TBL.decoded.bin,pck_object_0076_part_007_choice_000_frame_112,pck_object_0076,pck_object_0076_part_007,pck_object_0076_part_007_choice_000,7,0,112,0x008BFC,0,5,0x008BFE,0005009303000081,009303000081040800002ABB03810408
C:/Users/MadCat/Documents/GitHub/MechwarriorRecomp/research/extract/decoded_pck/HAMPCK_TBL.decoded.bin,pck_object_0076_part_007_choice_000_frame_113,pck_object_0076,pck_object_0076_part_007,pck_object_0076_part_007_choice_000,7,0,113,0x008C04,4,8,0x008C06,040800002ABB0381,00002ABB0381040804042FC003810408
C:/Users/MadCat/Documents/GitHub/MechwarriorRecomp/research/extract/decoded_pck/HAMPCK_TBL.decoded.bin,pck_object_0076_part_007_choice_000_frame_114,pck_object_0076,pck_object_0076_part_007,pck_object_0076_part_007_choice_000,7,0,114,0x008C0C,4,8,0x008C0E,040804042FC00381,04042FC003810408040432C503810408
C:/Users/MadCat/Documents/GitHub/MechwarriorRecomp/research/extract/decoded_pck/HAMPCK_TBL.decoded.bin,pck_object_0076_part_007_choice_000_frame_115,pck_object_0076,pck_object_0076_part_007,pck_object_0076_part_007_choice_000,7,0,115,0x008C14,4,8,0x008C16,0408040432C50381,040432C503810408000034CA03810408
C:/Users/MadCat/Documents/GitHub/MechwarriorRecomp/research/extract/decoded_pck/HAMPCK_TBL.decoded.bin,pck_object_0076_part_007_choice_000_frame_116,pck_object_0076,pck_object_0076_part_007,pck_object_0076_part_007_choice_000,7,0,116,0x008C1C,4,8,0x008C1E,0408000034CA0381,000034CA03810408000036CF032B2C2D
C:/Users/MadCat/Documents/GitHub/MechwarriorRecomp/research/extract/decoded_pck/HAMPCK_TBL.decoded.bin,pck_object_0076_part_007_choice_000_frame_117,pck_object_0076,pck_object_0076_part_007,pck_object_0076_part_007_choice_000,7,0,117,0x008C24,4,8,0x008C26,0408000036CF032B,000036CF032B2C2D2EFF302B2E31FF33
C:/Users/MadCat/Documents/GitHub/MechwarriorRecomp/research/extract/decoded_pck/HAMPCK_TBL.decoded.bin,pck_object_0076_part_007_choice_000_frame_118,pck_object_0076,pck_object_0076_part_007,pck_object_0076_part_007_choice_000,7,0,118,0x008C2C,44,45,0x008C2E,2C2D2EFF302B2E31,2EFF302B2E31FF332C2B30FF352D2C33
C:/Users/MadCat/Documents/GitHub/MechwarriorRecomp/research/extract/decoded_pck/HAMPCK_TBL.decoded.bin,pck_object_0076_part_007_choice_000_frame_119,pck_object_0076,pck_object_0076_part_007,pck_object_0076_part_007_choice_000,7,0,119,0x008C34,255,51,0x008C36,FF332C2B30FF352D,2C2B30FF352D2C33FF312E2D35FF0100
C:/Users/MadCat/Documents/GitHub/MechwarriorRecomp/research/extract/decoded_pck/HAMPCK_TBL.decoded.bin,pck_object_0076_part_007_choice_000_frame_120,pck_object_0076,pck_object_0076_part_007,pck_object_0076_part_007_choice_000,7,0,120,0x008C3C,44,51,0x008C3E,2C33FF312E2D35FF,FF312E2D35FF0100D80300000600E003
C:/Users/MadCat/Documents/GitHub/MechwarriorRecomp/research/extract/decoded_pck/HAMPCK_TBL.decoded.bin,pck_object_0076_part_007_choice_000_frame_121,pck_object_0076,pck_object_0076_part_007,pck_object_0076_part_007_choice_000,7,0,121,0x008C44,1,0,0x008C46,0100D80300000600,D80300000600E0030000810808000838
C:/Users/MadCat/Documents/GitHub/MechwarriorRecomp/research/extract/decoded_pck/HAMPCK_TBL.decoded.bin,pck_object_0076_part_007_choice_000_frame_122,pck_object_0076,pck_object_0076_part_007,pck_object_0076_part_007_choice_000,7,0,122,0x008C4C,224,3,0x008C4E,E003000081080800,0000810808000838100481080800073D
C:/Users/MadCat/Documents/GitHub/MechwarriorRecomp/research/extract/decoded_pck/HAMPCK_TBL.decoded.bin,pck_object_0076_part_007_choice_000_frame_123,pck_object_0076,pck_object_0076_part_007,pck_object_0076_part_007_choice_000,7,0,123,0x008C54,8,56,0x008C56,0838100481080800,100481080800073D1504810808000042
C:/Users/MadCat/Documents/GitHub/MechwarriorRecomp/research/extract/decoded_pck/HAMPCK_TBL.decoded.bin,pck_object_0076_part_007_choice_000_frame_124,pck_object_0076,pck_object_0076_part_007,pck_object_0076_part_007_choice_000,7,0,124,0x008C5C,7,61,0x008C5E,073D150481080800,15048108080000421A04810808080843
C:/Users/MadCat/Documents/GitHub/MechwarriorRecomp/research/extract/decoded_pck/HAMPCK_TBL.decoded.bin,pck_object_0076_part_007_choice_000_frame_125,pck_object_0076,pck_object_0076_part_007,pck_object_0076_part_007_choice_000,7,0,125,0x008C64,0,66,0x008C66,00421A0481080808,1A048108080808431F04810808040444
C:/Users/MadCat/Documents/GitHub/MechwarriorRecomp/research/extract/decoded_pck/HAMPCK_TBL.decoded.bin,pck_object_0076_part_007_choice_000_frame_126,pck_object_0076,pck_object_0076_part_007,pck_object_0076_part_007_choice_000,7,0,126,0x008C6C,8,67,0x008C6E,08431F0481080804,1F04810808040444240481080800000E
C:/Users/MadCat/Documents/GitHub/MechwarriorRecomp/research/extract/decoded_pck/HAMPCK_TBL.decoded.bin,pck_object_0076_part_007_choice_000_frame_127,pck_object_0076,pck_object_0076_part_007,pck_object_0076_part_007_choice_000,7,0,127,0x008C74,4,68,0x008C76,0444240481080800,240481080800000E2904393A3B3CFF3E
C:/Users/MadCat/Documents/GitHub/MechwarriorRecomp/research/extract/decoded_pck/HAMPCK_TBL.decoded.bin,pck_object_0076_part_007_choice_000_frame_128,pck_object_0076,pck_object_0076_part_007,pck_object_0076_part_007_choice_000,7,0,128,0x008C7C,0,14,0x008C7E,000E2904393A3B3C,2904393A3B3CFF3E3F4041FF3C3E4139
