source_file,id,object_id,part_id,frame_table_id,part_index,choice_index,frame_index,frame_abs_hex,threshold,frame_type,payload_abs_hex,record_8_hex,payload_16_hex
C:/Users/MadCat/Documents/GitHub/MechwarriorRecomp/research/extract/decoded_pck/RIFPCK_TBL.decoded.bin,pck_object_0003_part_000_choice_000_frame_000,pck_object_0003,pck_object_0003_part_000,pck_object_0003_part_000_choice_000,0,0,0,0x0005F2,128,0,0x0005F4,8000B80100000000,B8010000000000000300100000222800
C:/Users/MadCat/Documents/GitHub/MechwarriorRecomp/research/extract/decoded_pck/RIFPCK_TBL.decoded.bin,pck_object_0003_part_000_choice_000_frame_001,pck_object_0003,pck_object_0003_part_000,pck_object_0003_part_000_choice_000,0,0,1,0x0005FA,0,0,0x0005FC,0000030010000022,03001000002228000100F40011222800
C:/Users/MadCat/Documents/GitHub/MechwarriorRecomp/research/extract/decoded_pck/RIFPCK_TBL.decoded.bin,pck_object_0003_part_000_choice_000_frame_002,pck_object_0003,pck_object_0003_part_000,pck_object_0003_part_000_choice_000,0,0,2,0x000602,40,0,0x000604,28000100F4001122,0100F400112228000100560118222800
C:/Users/MadCat/Documents/GitHub/MechwarriorRecomp/research/extract/decoded_pck/RIFPCK_TBL.decoded.bin,pck_object_0003_part_000_choice_000_frame_003,pck_object_0003,pck_object_0003_part_000,pck_object_0003_part_000_choice_000,0,0,3,0x00060A,40,0,0x00060C,2800010056011822,010056011822280001009A0112FD6400
C:/Users/MadCat/Documents/GitHub/MechwarriorRecomp/research/extract/decoded_pck/RIFPCK_TBL.decoded.bin,pck_object_0003_part_000_choice_000_frame_004,pck_object_0003,pck_object_0003_part_000,pck_object_0003_part_000_choice_000,0,0,4,0x000612,40,0,0x000614,280001009A0112FD,01009A0112FD64009CFF00F800000000
C:/Users/MadCat/Documents/GitHub/MechwarriorRecomp/research/extract/decoded_pck/RIFPCK_TBL.decoded.bin,pck_object_0003_part_000_choice_000_frame_005,pck_object_0003,pck_object_0003_part_000,pck_object_0003_part_000_choice_000,0,0,5,0x00061A,100,0,0x00061C,64009CFF00F80000,9CFF00F80000000092FF2800E2FF92FF
C:/Users/MadCat/Documents/GitHub/MechwarriorRecomp/research/extract/decoded_pck/RIFPCK_TBL.decoded.bin,pck_object_0003_part_000_choice_000_frame_006,pck_object_0003,pck_object_0003_part_000,pck_object_0003_part_000_choice_000,0,0,6,0x000622,0,0,0x000624,000092FF2800E2FF,92FF2800E2FF92FFD8FFE2FF92FFE2FF
C:/Users/MadCat/Documents/GitHub/MechwarriorRecomp/research/extract/decoded_pck/RIFPCK_TBL.decoded.bin,pck_object_0003_part_000_choice_000_frame_007,pck_object_0003,pck_object_0003_part_000,pck_object_0003_part_000_choice_000,0,0,7,0x00062A,146,255,0x00062C,92FFD8FFE2FF92FF,D8FFE2FF92FFE2FF56FF92FF280056FF
C:/Users/MadCat/Documents/GitHub/MechwarriorRecomp/research/extract/decoded_pck/RIFPCK_TBL.decoded.bin,pck_object_0003_part_000_choice_000_frame_008,pck_object_0003,pck_object_0003_part_000,pck_object_0003_part_000_choice_000,0,0,8,0x000632,226,255,0x000634,E2FF56FF92FF2800,56FF92FF280056FF92FF3C00BAFF0008
C:/Users/MadCat/Documents/GitHub/MechwarriorRecomp/research/extract/decoded_pck/RIFPCK_TBL.decoded.bin,pck_object_0003_part_000_choice_000_frame_009,pck_object_0003,pck_object_0003_part_000,pck_object_0003_part_000_choice_000,0,0,9,0x00063A,86,255,0x00063C,56FF92FF3C00BAFF,92FF3C00BAFF000800000000D8FF3C00
C:/Users/MadCat/Documents/GitHub/MechwarriorRecomp/research/extract/decoded_pck/RIFPCK_TBL.decoded.bin,pck_object_0003_part_000_choice_000_frame_010,pck_object_0003,pck_object_0003_part_000,pck_object_0003_part_000_choice_000,0,0,10,0x000642,0,8,0x000644,000800000000D8FF,00000000D8FF3C00BAFFD8FF280056FF
C:/Users/MadCat/Documents/GitHub/MechwarriorRecomp/research/extract/decoded_pck/RIFPCK_TBL.decoded.bin,pck_object_0003_part_000_choice_000_frame_011,pck_object_0003,pck_object_0003_part_000,pck_object_0003_part_000_choice_000,0,0,11,0x00064A,60,0,0x00064C,3C00BAFFD8FF2800,BAFFD8FF280056FFD8FFE2FF56FFD8FF
C:/Users/MadCat/Documents/GitHub/MechwarriorRecomp/research/extract/decoded_pck/RIFPCK_TBL.decoded.bin,pck_object_0003_part_000_choice_000_frame_012,pck_object_0003,pck_object_0003_part_000,pck_object_0003_part_000_choice_000,0,0,12,0x000652,86,255,0x000654,56FFD8FFE2FF56FF,D8FFE2FF56FFD8FFD8FFE2FFD8FF2800
C:/Users/MadCat/Documents/GitHub/MechwarriorRecomp/research/extract/decoded_pck/RIFPCK_TBL.decoded.bin,pck_object_0003_part_000_choice_000_frame_013,pck_object_0003,pck_object_0003_part_000,pck_object_0003_part_000_choice_000,0,0,13,0x00065A,216,255,0x00065C,D8FFD8FFE2FFD8FF,D8FFE2FFD8FF2800E2FF000027079303
C:/Users/MadCat/Documents/GitHub/MechwarriorRecomp/research/extract/decoded_pck/RIFPCK_TBL.decoded.bin,pck_object_0003_part_000_choice_000_frame_014,pck_object_0003,pck_object_0003_part_000,pck_object_0003_part_000_choice_000,0,0,14,0x000662,40,0,0x000664,2800E2FF00002707,E2FF0000270793030000000000080000
C:/Users/MadCat/Documents/GitHub/MechwarriorRecomp/research/extract/decoded_pck/RIFPCK_TBL.decoded.bin,pck_object_0003_part_000_choice_000_frame_015,pck_object_0003,pck_object_0003_part_000,pck_object_0003_part_000_choice_000,0,0,15,0x00066A,147,3,0x00066C,9303000000000008,000000000008000006F86FFF0000D807
C:/Users/MadCat/Documents/GitHub/MechwarriorRecomp/research/extract/decoded_pck/RIFPCK_TBL.decoded.bin,pck_object_0003_part_000_choice_000_frame_016,pck_object_0003,pck_object_0003_part_000,pck_object_0003_part_000_choice_000,0,0,16,0x000672,0,0,0x000674,000006F86FFF0000,06F86FFF0000D8076FFE0CFE640006FF
C:/Users/MadCat/Documents/GitHub/MechwarriorRecomp/research/extract/decoded_pck/RIFPCK_TBL.decoded.bin,pck_object_0003_part_000_choice_000_frame_017,pck_object_0003,pck_object_0003_part_000,pck_object_0003_part_000_choice_000,0,0,17,0x00067A,216,7,0x00067C,D8076FFE0CFE6400,6FFE0CFE640006FF92FFE2FF98FE92FF
C:/Users/MadCat/Documents/GitHub/MechwarriorRecomp/research/extract/decoded_pck/RIFPCK_TBL.decoded.bin,pck_object_0003_part_000_choice_000_frame_018,pck_object_0003,pck_object_0003_part_000,pck_object_0003_part_000_choice_000,0,0,18,0x000682,6,255,0x000684,06FF92FFE2FF98FE,92FFE2FF98FE92FF320098FED8FF3200
C:/Users/MadCat/Documents/GitHub/MechwarriorRecomp/research/extract/decoded_pck/RIFPCK_TBL.decoded.bin,pck_object_0003_part_000_choice_000_frame_019,pck_object_0003,pck_object_0003_part_000,pck_object_0003_part_000_choice_000,0,0,19,0x00068A,146,255,0x00068C,92FF320098FED8FF,320098FED8FF320098FED8FFE2FF98FE
C:/Users/MadCat/Documents/GitHub/MechwarriorRecomp/research/extract/decoded_pck/RIFPCK_TBL.decoded.bin,pck_object_0003_part_000_choice_000_frame_020,pck_object_0003,pck_object_0003_part_000,pck_object_0003_part_000_choice_000,0,0,20,0x000692,50,0,0x000694,320098FED8FFE2FF,98FED8FFE2FF98FE000000F800000000
C:/Users/MadCat/Documents/GitHub/MechwarriorRecomp/research/extract/decoded_pck/RIFPCK_TBL.decoded.bin,pck_object_0003_part_000_choice_000_frame_021,pck_object_0003,pck_object_0003_part_000,pck_object_0003_part_000_choice_000,0,0,21,0x00069A,152,254,0x00069C,98FE000000F80000,000000F800000000FD076B006AFF0000
C:/Users/MadCat/Documents/GitHub/MechwarriorRecomp/research/extract/decoded_pck/RIFPCK_TBL.decoded.bin,pck_object_0003_part_000_choice_000_frame_022,pck_object_0003,pck_object_0003_part_000,pck_object_0003_part_000_choice_000,0,0,22,0x0006A2,0,0,0x0006A4,0000FD076B006AFF,FD076B006AFF00000000000093032707
C:/Users/MadCat/Documents/GitHub/MechwarriorRecomp/research/extract/decoded_pck/RIFPCK_TBL.decoded.bin,pck_object_0003_part_000_choice_000_frame_023,pck_object_0003,pck_object_0003_part_000,pck_object_0003_part_000_choice_000,0,0,23,0x0006AA,0,0,0x0006AC,0000000000009303,00000000930327077EFF820070FEECFF
C:/Users/MadCat/Documents/GitHub/MechwarriorRecomp/research/extract/decoded_pck/RIFPCK_TBL.decoded.bin,pck_object_0003_part_000_choice_000_frame_024,pck_object_0003,pck_object_0003_part_000,pck_object_0003_part_000_choice_000,0,0,24,0x0006B2,39,7,0x0006B4,27077EFF820070FE,7EFF820070FEECFF820070FE27070000
C:/Users/MadCat/Documents/GitHub/MechwarriorRecomp/research/extract/decoded_pck/RIFPCK_TBL.decoded.bin,pck_object_0003_part_000_choice_000_frame_025,pck_object_0003,pck_object_0003_part_000,pck_object_0003_part_000_choice_000,0,0,25,0x0006BA,236,255,0x0006BC,ECFF820070FE2707,820070FE270700009303ECFFC4FF70FE
C:/Users/MadCat/Documents/GitHub/MechwarriorRecomp/research/extract/decoded_pck/RIFPCK_TBL.decoded.bin,pck_object_0003_part_000_choice_000_frame_026,pck_object_0003,pck_object_0003_part_000,pck_object_0003_part_000_choice_000,0,0,26,0x0006C2,0,0,0x0006C4,00009303ECFFC4FF,9303ECFFC4FF70FED9F8000093037EFF
C:/Users/MadCat/Documents/GitHub/MechwarriorRecomp/research/extract/decoded_pck/RIFPCK_TBL.decoded.bin,pck_object_0003_part_000_choice_000_frame_027,pck_object_0003,pck_object_0003_part_000,pck_object_0003_part_000_choice_000,0,0,27,0x0006CA,112,254,0x0006CC,70FED9F800009303,D9F8000093037EFFC4FF70FE00009AF9
C:/Users/MadCat/Documents/GitHub/MechwarriorRecomp/research/extract/decoded_pck/RIFPCK_TBL.decoded.bin,pck_object_0003_part_000_choice_000_frame_028,pck_object_0003,pck_object_0003_part_000,pck_object_0003_part_000_choice_000,0,0,28,0x0006D2,126,255,0x0006D4,7EFFC4FF70FE0000,C4FF70FE00009AF9CC040000000000F8
C:/Users/MadCat/Documents/GitHub/MechwarriorRecomp/research/extract/decoded_pck/RIFPCK_TBL.decoded.bin,pck_object_0003_part_000_choice_000_frame_029,pck_object_0003,pck_object_0003_part_000,pck_object_0003_part_000_choice_000,0,0,29,0x0006DA,154,249,0x0006DC,9AF9CC0400000000,CC040000000000F80100F80000000600
C:/Users/MadCat/Documents/GitHub/MechwarriorRecomp/research/extract/decoded_pck/RIFPCK_TBL.decoded.bin,pck_object_0003_part_000_choice_000_frame_030,pck_object_0003,pck_object_0003_part_000,pck_object_0003_part_000_choice_000,0,0,30,0x0006E2,0,248,0x0006E4,00F80100F8000000,0100F8000000060000010F0F81070707
C:/Users/MadCat/Documents/GitHub/MechwarriorRecomp/research/extract/decoded_pck/RIFPCK_TBL.decoded.bin,pck_object_0003_part_000_choice_000_frame_031,pck_object_0003,pck_object_0003_part_000,pck_object_0003_part_000_choice_000,0,0,31,0x0006EA,6,0,0x0006EC,060000010F0F8107,00010F0F810707070701300181080808
C:/Users/MadCat/Documents/GitHub/MechwarriorRecomp/research/extract/decoded_pck/RIFPCK_TBL.decoded.bin,pck_object_0003_part_000_choice_000_frame_032,pck_object_0003,pck_object_0003_part_000,pck_object_0003_part_000_choice_000,0,0,32,0x0006F2,7,7,0x0006F4,0707070130018108,07013001810808080807370181090909
C:/Users/MadCat/Documents/GitHub/MechwarriorRecomp/research/extract/decoded_pck/RIFPCK_TBL.decoded.bin,pck_object_0003_part_000_choice_000_frame_033,pck_object_0003,pck_object_0003_part_000,pck_object_0003_part_000_choice_000,0,0,33,0x0006FA,8,8,0x0006FC,0808080737018109,0807370181090909090D3E01810F0F0F
C:/Users/MadCat/Documents/GitHub/MechwarriorRecomp/research/extract/decoded_pck/RIFPCK_TBL.decoded.bin,pck_object_0003_part_000_choice_000_frame_034,pck_object_0003,pck_object_0003_part_000,pck_object_0003_part_000_choice_000,0,0,34,0x000702,9,9,0x000704,0909090D3E01810F,090D3E01810F0F0F0F0E440181080808
C:/Users/MadCat/Documents/GitHub/MechwarriorRecomp/research/extract/decoded_pck/RIFPCK_TBL.decoded.bin,pck_object_0003_part_000_choice_000_frame_035,pck_object_0003,pck_object_0003_part_000,pck_object_0003_part_000_choice_000,0,0,35,0x00070A,15,15,0x00070C,0F0F0F0E44018108,0F0E440181080808080F4A0181010101
C:/Users/MadCat/Documents/GitHub/MechwarriorRecomp/research/extract/decoded_pck/RIFPCK_TBL.decoded.bin,pck_object_0003_part_000_choice_000_frame_036,pck_object_0003,pck_object_0003_part_000,pck_object_0003_part_000_choice_000,0,0,36,0x000712,8,8,0x000714,0808080F4A018101,080F4A01810101010110500102020304
C:/Users/MadCat/Documents/GitHub/MechwarriorRecomp/research/extract/decoded_pck/RIFPCK_TBL.decoded.bin,pck_object_0003_part_000_choice_000_frame_037,pck_object_0003,pck_object_0003_part_000,pck_object_0003_part_000_choice_000,0,0,37,0x00071A,1,1,0x00071C,0101011050010202,01105001020203040506FF0808090A0B
C:/Users/MadCat/Documents/GitHub/MechwarriorRecomp/research/extract/decoded_pck/RIFPCK_TBL.decoded.bin,pck_object_0003_part_000_choice_000_frame_038,pck_object_0003,pck_object_0003_part_000,pck_object_0003_part_000_choice_000,0,0,38,0x000722,3,4,0x000724,03040506FF080809,0506FF0808090A0B0CFF0606080C02FF
C:/Users/MadCat/Documents/GitHub/MechwarriorRecomp/research/extract/decoded_pck/RIFPCK_TBL.decoded.bin,pck_object_0003_part_000_choice_000_frame_039,pck_object_0003,pck_object_0003_part_000,pck_object_0003_part_000_choice_000,0,0,39,0x00072A,10,11,0x00072C,0A0B0CFF0606080C,0CFF0606080C02FF02020C0B03FF0303
C:/Users/MadCat/Documents/GitHub/MechwarriorRecomp/research/extract/decoded_pck/RIFPCK_TBL.decoded.bin,pck_object_0003_part_000_choice_000_frame_040,pck_object_0003,pck_object_0003_part_000,pck_object_0003_part_000_choice_000,0,0,40,0x000732,2,255,0x000734,02FF02020C0B03FF,02020C0B03FF03030B0A04FF05050908
C:/Users/MadCat/Documents/GitHub/MechwarriorRecomp/research/extract/decoded_pck/RIFPCK_TBL.decoded.bin,pck_object_0003_part_000_choice_000_frame_041,pck_object_0003,pck_object_0003_part_000,pck_object_0003_part_000_choice_000,0,0,41,0x00073A,3,3,0x00073C,03030B0A04FF0505,0B0A04FF0505090806FF01005A010000
C:/Users/MadCat/Documents/GitHub/MechwarriorRecomp/research/extract/decoded_pck/RIFPCK_TBL.decoded.bin,pck_object_0003_part_000_choice_000_frame_042,pck_object_0003,pck_object_0003_part_000,pck_object_0003_part_000_choice_000,0,0,42,0x000742,9,8,0x000744,090806FF01005A01,06FF01005A010000040062016C748108
C:/Users/MadCat/Documents/GitHub/MechwarriorRecomp/research/extract/decoded_pck/RIFPCK_TBL.decoded.bin,pck_object_0003_part_000_choice_000_frame_043,pck_object_0003,pck_object_0003_part_000,pck_object_0003_part_000_choice_000,0,0,43,0x00074A,0,0,0x00074C,0000040062016C74,040062016C7481080808080182018100
C:/Users/MadCat/Documents/GitHub/MechwarriorRecomp/research/extract/decoded_pck/RIFPCK_TBL.decoded.bin,pck_object_0003_part_000_choice_000_frame_044,pck_object_0003,pck_object_0003_part_000,pck_object_0003_part_000_choice_000,0,0,44,0x000752,129,8,0x000754,8108080808018201,08080801820181000000000788018101
C:/Users/MadCat/Documents/GitHub/MechwarriorRecomp/research/extract/decoded_pck/RIFPCK_TBL.decoded.bin,pck_object_0003_part_000_choice_000_frame_045,pck_object_0003,pck_object_0003_part_000,pck_object_0003_part_000_choice_000,0,0,45,0x00075A,129,0,0x00075C,8100000000078801,0000000788018101010101168E018107
C:/Users/MadCat/Documents/GitHub/MechwarriorRecomp/research/extract/decoded_pck/RIFPCK_TBL.decoded.bin,pck_object_0003_part_000_choice_000_frame_046,pck_object_0003,pck_object_0003_part_000,pck_object_0003_part_000_choice_000,0,0,46,0x000762,129,1,0x000764,8101010101168E01,010101168E0181070707071794010404
C:/Users/MadCat/Documents/GitHub/MechwarriorRecomp/research/extract/decoded_pck/RIFPCK_TBL.decoded.bin,pck_object_0003_part_000_choice_000_frame_047,pck_object_0003,pck_object_0003_part_000,pck_object_0003_part_000_choice_000,0,0,47,0x00076A,129,7,0x00076C,8107070707179401,0707071794010404121305FF09091415
C:/Users/MadCat/Documents/GitHub/MechwarriorRecomp/research/extract/decoded_pck/RIFPCK_TBL.decoded.bin,pck_object_0003_part_000_choice_000_frame_048,pck_object_0003,pck_object_0003_part_000,pck_object_0003_part_000_choice_000,0,0,48,0x000772,4,4,0x000774,0404121305FF0909,121305FF090914150AFF04040A1512FF
C:/Users/MadCat/Documents/GitHub/MechwarriorRecomp/research/extract/decoded_pck/RIFPCK_TBL.decoded.bin,pck_object_0003_part_000_choice_000_frame_049,pck_object_0003,pck_object_0003_part_000,pck_object_0003_part_000_choice_000,0,0,49,0x00077A,20,21,0x00077C,14150AFF04040A15,0AFF04040A1512FF1313140905FF0100
C:/Users/MadCat/Documents/GitHub/MechwarriorRecomp/research/extract/decoded_pck/RIFPCK_TBL.decoded.bin,pck_object_0003_part_000_choice_000_frame_050,pck_object_0003,pck_object_0003_part_000,pck_object_0003_part_000_choice_000,0,0,50,0x000782,18,255,0x000784,12FF1313140905FF,1313140905FF01009E0100000500A601
C:/Users/MadCat/Documents/GitHub/MechwarriorRecomp/research/extract/decoded_pck/RIFPCK_TBL.decoded.bin,pck_object_0003_part_000_choice_000_frame_051,pck_object_0003,pck_object_0003_part_000,pck_object_0003_part_000_choice_000,0,0,51,0x00078A,1,0,0x00078C,01009E0100000500,9E0100000500A6016677810000000019
C:/Users/MadCat/Documents/GitHub/MechwarriorRecomp/research/extract/decoded_pck/RIFPCK_TBL.decoded.bin,pck_object_0003_part_000_choice_000_frame_052,pck_object_0003,pck_object_0003_part_000,pck_object_0003_part_000_choice_000,0,0,52,0x000792,166,1,0x000794,A601667781000000,6677810000000019CE0181000000001C
C:/Users/MadCat/Documents/GitHub/MechwarriorRecomp/research/extract/decoded_pck/RIFPCK_TBL.decoded.bin,pck_object_0003_part_000_choice_000_frame_053,pck_object_0003,pck_object_0003_part_000,pck_object_0003_part_000_choice_000,0,0,53,0x00079A,0,25,0x00079C,0019CE0181000000,CE0181000000001CD40181000000001E
C:/Users/MadCat/Documents/GitHub/MechwarriorRecomp/research/extract/decoded_pck/RIFPCK_TBL.decoded.bin,pck_object_0003_part_000_choice_000_frame_054,pck_object_0003,pck_object_0003_part_000,pck_object_0003_part_000_choice_000,0,0,54,0x0007A2,0,28,0x0007A4,001CD40181000000,D40181000000001EDA01810000000020
C:/Users/MadCat/Documents/GitHub/MechwarriorRecomp/research/extract/decoded_pck/RIFPCK_TBL.decoded.bin,pck_object_0003_part_000_choice_000_frame_055,pck_object_0003,pck_object_0003_part_000,pck_object_0003_part_000_choice_000,0,0,55,0x0007AA,0,30,0x0007AC,001EDA0181000000,DA01810000000020E001810000000021
C:/Users/MadCat/Documents/GitHub/MechwarriorRecomp/research/extract/decoded_pck/RIFPCK_TBL.decoded.bin,pck_object_0003_part_000_choice_000_frame_056,pck_object_0003,pck_object_0003_part_000,pck_object_0003_part_000_choice_000,0,0,56,0x0007B2,0,32,0x0007B4,0020E00181000000,E001810000000021E60113131A1B14FF
C:/Users/MadCat/Documents/GitHub/MechwarriorRecomp/research/extract/decoded_pck/RIFPCK_TBL.decoded.bin,pck_object_0003_part_000_choice_000_frame_057,pck_object_0003,pck_object_0003_part_000,pck_object_0003_part_000_choice_000,0,0,57,0x0007BA,0,33,0x0007BC,0021E60113131A1B,E60113131A1B14FF14141B1D15FF1A1A
C:/Users/MadCat/Documents/GitHub/MechwarriorRecomp/research/extract/decoded_pck/RIFPCK_TBL.decoded.bin,pck_object_0003_part_000_choice_000_frame_058,pck_object_0003,pck_object_0003_part_000,pck_object_0003_part_000_choice_000,0,0,58,0x0007C2,20,255,0x0007C4,14FF14141B1D15FF,14141B1D15FF1A1A13121FFF1212151D
C:/Users/MadCat/Documents/GitHub/MechwarriorRecomp/research/extract/decoded_pck/RIFPCK_TBL.decoded.bin,pck_object_0003_part_000_choice_000_frame_059,pck_object_0003,pck_object_0003_part_000,pck_object_0003_part_000_choice_000,0,0,59,0x0007CA,26,26,0x0007CC,1A1A13121FFF1212,13121FFF1212151D1FFF1F1F1D1B1AFF
C:/Users/MadCat/Documents/GitHub/MechwarriorRecomp/research/extract/decoded_pck/RIFPCK_TBL.decoded.bin,pck_object_0003_part_000_choice_000_frame_060,pck_object_0003,pck_object_0003_part_000,pck_object_0003_part_000_choice_000,0,0,60,0x0007D2,21,29,0x0007D4,151D1FFF1F1F1D1B,1FFF1F1F1D1B1AFF80006B0100000000
C:/Users/MadCat/Documents/GitHub/MechwarriorRecomp/research/extract/decoded_pck/RIFPCK_TBL.decoded.bin,pck_object_0003_part_000_choice_000_frame_061,pck_object_0003,pck_object_0003_part_000,pck_object_0003_part_000_choice_000,0,0,61,0x0007DA,26,255,0x0007DC,1AFF80006B010000,80006B0100000000000008001A000049
C:/Users/MadCat/Documents/GitHub/MechwarriorRecomp/research/extract/decoded_pck/RIFPCK_TBL.decoded.bin,pck_object_0003_part_000_choice_000_frame_062,pck_object_0003,pck_object_0003_part_000,pck_object_0003_part_000_choice_000,0,0,62,0x0007E2,0,0,0x0007E4,0000000008001A00,000008001A0000495A00010010021149
C:/Users/MadCat/Documents/GitHub/MechwarriorRecomp/research/extract/decoded_pck/RIFPCK_TBL.decoded.bin,pck_object_0003_part_000_choice_000_frame_063,pck_object_0003,pck_object_0003_part_000,pck_object_0003_part_000_choice_000,0,0,63,0x0007EA,0,73,0x0007EC,00495A0001001002,5A000100100211495A00010054021649
C:/Users/MadCat/Documents/GitHub/MechwarriorRecomp/research/extract/decoded_pck/RIFPCK_TBL.decoded.bin,pck_object_0003_part_000_choice_000_frame_064,pck_object_0003,pck_object_0003_part_000,pck_object_0003_part_000_choice_000,0,0,64,0x0007F2,17,73,0x0007F4,11495A0001005402,5A000100540216495A0001007C021B49
C:/Users/MadCat/Documents/GitHub/MechwarriorRecomp/research/extract/decoded_pck/RIFPCK_TBL.decoded.bin,pck_object_0003_part_000_choice_000_frame_065,pck_object_0003,pck_object_0003_part_000,pck_object_0003_part_000_choice_000,0,0,65,0x0007FA,22,73,0x0007FC,16495A0001007C02,5A0001007C021B495A000100BE022949
C:/Users/MadCat/Documents/GitHub/MechwarriorRecomp/research/extract/decoded_pck/RIFPCK_TBL.decoded.bin,pck_object_0003_part_000_choice_000_frame_066,pck_object_0003,pck_object_0003_part_000,pck_object_0003_part_000_choice_000,0,0,66,0x000802,27,73,0x000804,1B495A000100BE02,5A000100BE0229495A00010011033449
C:/Users/MadCat/Documents/GitHub/MechwarriorRecomp/research/extract/decoded_pck/RIFPCK_TBL.decoded.bin,pck_object_0003_part_000_choice_000_frame_067,pck_object_0003,pck_object_0003_part_000,pck_object_0003_part_000_choice_000,0,0,67,0x00080A,41,73,0x00080C,29495A0001001103,5A000100110334495A00010063033749
C:/Users/MadCat/Documents/GitHub/MechwarriorRecomp/research/extract/decoded_pck/RIFPCK_TBL.decoded.bin,pck_object_0003_part_000_choice_000_frame_068,pck_object_0003,pck_object_0003_part_000,pck_object_0003_part_000_choice_000,0,0,68,0x000812,52,73,0x000814,34495A0001006303,5A000100630337495A000100A5034049
C:/Users/MadCat/Documents/GitHub/MechwarriorRecomp/research/extract/decoded_pck/RIFPCK_TBL.decoded.bin,pck_object_0003_part_000_choice_000_frame_069,pck_object_0003,pck_object_0003_part_000,pck_object_0003_part_000_choice_000,0,0,69,0x00081A,55,73,0x00081C,37495A000100A503,5A000100A50340495A000100F7030000
C:/Users/MadCat/Documents/GitHub/MechwarriorRecomp/research/extract/decoded_pck/RIFPCK_TBL.decoded.bin,pck_object_0003_part_000_choice_000_frame_070,pck_object_0003,pck_object_0003_part_000,pck_object_0003_part_000_choice_000,0,0,70,0x000822,64,73,0x000824,40495A000100F703,5A000100F7030000320064000000C207
C:/Users/MadCat/Documents/GitHub/MechwarriorRecomp/research/extract/decoded_pck/RIFPCK_TBL.decoded.bin,pck_object_0003_part_000_choice_000_frame_071,pck_object_0003,pck_object_0003_part_000,pck_object_0003_part_000_choice_000,0,0,71,0x00082A,0,0,0x00082C,0000320064000000,320064000000C20710FE88FF5000A000
C:/Users/MadCat/Documents/GitHub/MechwarriorRecomp/research/extract/decoded_pck/RIFPCK_TBL.decoded.bin,pck_object_0003_part_000_choice_000_frame_072,pck_object_0003,pck_object_0003_part_000,pck_object_0003_part_000_choice_000,0,0,72,0x000832,194,7,0x000834,C20710FE88FF5000,10FE88FF5000A00088FF280000007800
C:/Users/MadCat/Documents/GitHub/MechwarriorRecomp/research/extract/decoded_pck/RIFPCK_TBL.decoded.bin,pck_object_0003_part_000_choice_000_frame_073,pck_object_0003,pck_object_0003_part_000,pck_object_0003_part_000_choice_000,0,0,73,0x00083A,160,0,0x00083C,A00088FF28000000,88FF2800000078002800000078005000
C:/Users/MadCat/Documents/GitHub/MechwarriorRecomp/research/extract/decoded_pck/RIFPCK_TBL.decoded.bin,pck_object_0003_part_000_choice_000_frame_074,pck_object_0003,pck_object_0003_part_000,pck_object_0003_part_000_choice_000,0,0,74,0x000842,120,0,0x000844,7800280000007800,2800000078005000A000000800000000
C:/Users/MadCat/Documents/GitHub/MechwarriorRecomp/research/extract/decoded_pck/RIFPCK_TBL.decoded.bin,pck_object_0003_part_000_choice_000_frame_075,pck_object_0003,pck_object_0003_part_000,pck_object_0003_part_000_choice_000,0,0,75,0x00084A,80,0,0x00084C,5000A00000080000,A0000008000000007800D8FF00007800
C:/Users/MadCat/Documents/GitHub/MechwarriorRecomp/research/extract/decoded_pck/RIFPCK_TBL.decoded.bin,pck_object_0003_part_000_choice_000_frame_076,pck_object_0003,pck_object_0003_part_000,pck_object_0003_part_000_choice_000,0,0,76,0x000852,0,0,0x000854,00007800D8FF0000,7800D8FF00007800B0FFFA000000EC03
C:/Users/MadCat/Documents/GitHub/MechwarriorRecomp/research/extract/decoded_pck/RIFPCK_TBL.decoded.bin,pck_object_0003_part_000_choice_000_frame_077,pck_object_0003,pck_object_0003_part_000,pck_object_0003_part_000_choice_000,0,0,77,0x00085A,120,0,0x00085C,7800B0FFFA000000,B0FFFA000000EC03F8062800B0FFFA00
C:/Users/MadCat/Documents/GitHub/MechwarriorRecomp/research/extract/decoded_pck/RIFPCK_TBL.decoded.bin,pck_object_0003_part_000_choice_000_frame_078,pck_object_0003,pck_object_0003_part_000,pck_object_0003_part_000_choice_000,0,0,78,0x000862,236,3,0x000864,EC03F8062800B0FF,F8062800B0FFFA00D8FFB0FFFA00D8FF
C:/Users/MadCat/Documents/GitHub/MechwarriorRecomp/research/extract/decoded_pck/RIFPCK_TBL.decoded.bin,pck_object_0003_part_000_choice_000_frame_079,pck_object_0003,pck_object_0003_part_000,pck_object_0003_part_000_choice_000,0,0,79,0x00086A,250,0,0x00086C,FA00D8FFB0FFFA00,D8FFB0FFFA00D8FF5000A00028005000
C:/Users/MadCat/Documents/GitHub/MechwarriorRecomp/research/extract/decoded_pck/RIFPCK_TBL.decoded.bin,pck_object_0003_part_000_choice_000_frame_080,pck_object_0003,pck_object_0003_part_000,pck_object_0003_part_000_choice_000,0,0,80,0x000872,216,255,0x000874,D8FF5000A0002800,5000A00028005000A00000F800000000
C:/Users/MadCat/Documents/GitHub/MechwarriorRecomp/research/extract/decoded_pck/RIFPCK_TBL.decoded.bin,pck_object_0003_part_000_choice_000_frame_081,pck_object_0003,pck_object_0003_part_000,pck_object_0003_part_000_choice_000,0,0,81,0x00087A,80,0,0x00087C,5000A00000F80000,A00000F80000000088FFB0FFFA0088FF
C:/Users/MadCat/Documents/GitHub/MechwarriorRecomp/research/extract/decoded_pck/RIFPCK_TBL.decoded.bin,pck_object_0003_part_000_choice_000_frame_082,pck_object_0003,pck_object_0003_part_000,pck_object_0003_part_000_choice_000,0,0,82,0x000882,0,0,0x000884,000088FFB0FFFA00,88FFB0FFFA0088FFD8FF000000000CFE
C:/Users/MadCat/Documents/GitHub/MechwarriorRecomp/research/extract/decoded_pck/RIFPCK_TBL.decoded.bin,pck_object_0003_part_000_choice_000_frame_083,pck_object_0003,pck_object_0003_part_000,pck_object_0003_part_000_choice_000,0,0,83,0x00088A,136,255,0x00088C,88FFD8FF00000000,D8FF000000000CFECEFF00001AF8BDFE
C:/Users/MadCat/Documents/GitHub/MechwarriorRecomp/research/extract/decoded_pck/RIFPCK_TBL.decoded.bin,pck_object_0003_part_000_choice_000_frame_084,pck_object_0003,pck_object_0003_part_000,pck_object_0003_part_000_choice_000,0,0,84,0x000892,12,254,0x000894,0CFECEFF00001AF8,CEFF00001AF8BDFE0000000000F86E00
C:/Users/MadCat/Documents/GitHub/MechwarriorRecomp/research/extract/decoded_pck/RIFPCK_TBL.decoded.bin,pck_object_0003_part_000_choice_000_frame_085,pck_object_0003,pck_object_0003_part_000,pck_object_0003_part_000_choice_000,0,0,85,0x00089A,189,254,0x00089C,BDFE0000000000F8,0000000000F86E00D8FF00006E002800
C:/Users/MadCat/Documents/GitHub/MechwarriorRecomp/research/extract/decoded_pck/RIFPCK_TBL.decoded.bin,pck_object_0003_part_000_choice_000_frame_086,pck_object_0003,pck_object_0003_part_000,pck_object_0003_part_000_choice_000,0,0,86,0x0008A2,110,0,0x0008A4,6E00D8FF00006E00,D8FF00006E00280000000CFEF401F401
C:/Users/MadCat/Documents/GitHub/MechwarriorRecomp/research/extract/decoded_pck/RIFPCK_TBL.decoded.bin,pck_object_0003_part_000_choice_000_frame_087,pck_object_0003,pck_object_0003_part_000,pck_object_0003_part_000_choice_000,0,0,87,0x0008AA,40,0,0x0008AC,280000000CFEF401,00000CFEF401F40188FF00002C010000
C:/Users/MadCat/Documents/GitHub/MechwarriorRecomp/research/extract/decoded_pck/RIFPCK_TBL.decoded.bin,pck_object_0003_part_000_choice_000_frame_088,pck_object_0003,pck_object_0003_part_000,pck_object_0003_part_000_choice_000,0,0,88,0x0008B2,244,1,0x0008B4,F40188FF00002C01,88FF00002C010000F206F803D8FF0000
C:/Users/MadCat/Documents/GitHub/MechwarriorRecomp/research/extract/decoded_pck/RIFPCK_TBL.decoded.bin,pck_object_0003_part_000_choice_000_frame_089,pck_object_0003,pck_object_0003_part_000,pck_object_0003_part_000_choice_000,0,0,89,0x0008BA,0,0,0x0008BC,0000F206F803D8FF,F206F803D8FF00002C010000C3FBC806
C:/Users/MadCat/Documents/GitHub/MechwarriorRecomp/research/extract/decoded_pck/RIFPCK_TBL.decoded.bin,pck_object_0003_part_000_choice_000_frame_090,pck_object_0003,pck_object_0003_part_000,pck_object_0003_part_000_choice_000,0,0,90,0x0008C2,0,0,0x0008C4,00002C010000C3FB,2C010000C3FBC80618FC0000000056FF
C:/Users/MadCat/Documents/GitHub/MechwarriorRecomp/research/extract/decoded_pck/RIFPCK_TBL.decoded.bin,pck_object_0003_part_000_choice_000_frame_091,pck_object_0003,pck_object_0003_part_000,pck_object_0003_part_000_choice_000,0,0,91,0x0008CA,200,6,0x0008CC,C80618FC00000000,18FC0000000056FF1E008C0056FFE2FF
C:/Users/MadCat/Documents/GitHub/MechwarriorRecomp/research/extract/decoded_pck/RIFPCK_TBL.decoded.bin,pck_object_0003_part_000_choice_000_frame_092,pck_object_0003,pck_object_0003_part_000,pck_object_0003_part_000_choice_000,0,0,92,0x0008D2,86,255,0x0008D4,56FF1E008C0056FF,1E008C0056FFE2FF8C0056FFE2FF6400
C:/Users/MadCat/Documents/GitHub/MechwarriorRecomp/research/extract/decoded_pck/RIFPCK_TBL.decoded.bin,pck_object_0003_part_000_choice_000_frame_093,pck_object_0003,pck_object_0003_part_000,pck_object_0003_part_000_choice_000,0,0,93,0x0008DA,226,255,0x0008DC,E2FF8C0056FFE2FF,8C0056FFE2FF640056FF1400640056FF
C:/Users/MadCat/Documents/GitHub/MechwarriorRecomp/research/extract/decoded_pck/RIFPCK_TBL.decoded.bin,pck_object_0003_part_000_choice_000_frame_094,pck_object_0003,pck_object_0003_part_000,pck_object_0003_part_000_choice_000,0,0,94,0x0008E2,100,0,0x0008E4,640056FF14006400,56FF1400640056FF1E00640000000008
C:/Users/MadCat/Documents/GitHub/MechwarriorRecomp/research/extract/decoded_pck/RIFPCK_TBL.decoded.bin,pck_object_0003_part_000_choice_000_frame_095,pck_object_0003,pck_object_0003_part_000,pck_object_0003_part_000_choice_000,0,0,95,0x0008EA,86,255,0x0008EC,56FF1E0064000000,1E00640000000008000088FF1E00A000
C:/Users/MadCat/Documents/GitHub/MechwarriorRecomp/research/extract/decoded_pck/RIFPCK_TBL.decoded.bin,pck_object_0003_part_000_choice_000_frame_096,pck_object_0003,pck_object_0003_part_000,pck_object_0003_part_000_choice_000,0,0,96,0x0008F2,0,8,0x0008F4,0008000088FF1E00,000088FF1E00A00088FF1E00280008FD
C:/Users/MadCat/Documents/GitHub/MechwarriorRecomp/research/extract/decoded_pck/RIFPCK_TBL.decoded.bin,pck_object_0003_part_000_choice_000_frame_097,pck_object_0003,pck_object_0003_part_000,pck_object_0003_part_000_choice_000,0,0,97,0x0008FA,160,0,0x0008FC,A00088FF1E002800,88FF1E00280008FD00006D0788FFE2FF
C:/Users/MadCat/Documents/GitHub/MechwarriorRecomp/research/extract/decoded_pck/RIFPCK_TBL.decoded.bin,pck_object_0003_part_000_choice_000_frame_098,pck_object_0003,pck_object_0003_part_000,pck_object_0003_part_000_choice_000,0,0,98,0x000902,8,253,0x000904,08FD00006D0788FF,00006D0788FFE2FFA000000000F80000
C:/Users/MadCat/Documents/GitHub/MechwarriorRecomp/research/extract/decoded_pck/RIFPCK_TBL.decoded.bin,pck_object_0003_part_000_choice_000_frame_099,pck_object_0003,pck_object_0003_part_000,pck_object_0003_part_000_choice_000,0,0,99,0x00090A,226,255,0x00090C,E2FFA000000000F8,A000000000F8000088FFE2FF2800DBF9
C:/Users/MadCat/Documents/GitHub/MechwarriorRecomp/research/extract/decoded_pck/RIFPCK_TBL.decoded.bin,pck_object_0003_part_000_choice_000_frame_100,pck_object_0003,pck_object_0003_part_000,pck_object_0003_part_000_choice_000,0,0,100,0x000912,0,0,0x000914,000088FFE2FF2800,88FFE2FF2800DBF90000E1FAE8030000
C:/Users/MadCat/Documents/GitHub/MechwarriorRecomp/research/extract/decoded_pck/RIFPCK_TBL.decoded.bin,pck_object_0003_part_000_choice_000_frame_101,pck_object_0003,pck_object_0003_part_000,pck_object_0003_part_000_choice_000,0,0,101,0x00091A,219,249,0x00091C,DBF90000E1FAE803,0000E1FAE80300000000AA001E006400
C:/Users/MadCat/Documents/GitHub/MechwarriorRecomp/research/extract/decoded_pck/RIFPCK_TBL.decoded.bin,pck_object_0003_part_000_choice_000_frame_102,pck_object_0003,pck_object_0003_part_000,pck_object_0003_part_000_choice_000,0,0,102,0x000922,0,0,0x000924,00000000AA001E00,0000AA001E006400AA00E2FF6400AA00
C:/Users/MadCat/Documents/GitHub/MechwarriorRecomp/research/extract/decoded_pck/RIFPCK_TBL.decoded.bin,pck_object_0003_part_000_choice_000_frame_103,pck_object_0003,pck_object_0003_part_000,pck_object_0003_part_000_choice_000,0,0,103,0x00092A,100,0,0x00092C,6400AA00E2FF6400,AA00E2FF6400AA00E2FF8C00AA001E00
C:/Users/MadCat/Documents/GitHub/MechwarriorRecomp/research/extract/decoded_pck/RIFPCK_TBL.decoded.bin,pck_object_0003_part_000_choice_000_frame_104,pck_object_0003,pck_object_0003_part_000,pck_object_0003_part_000_choice_000,0,0,104,0x000932,170,0,0x000934,AA00E2FF8C00AA00,E2FF8C00AA001E008C0078001E00A000
C:/Users/MadCat/Documents/GitHub/MechwarriorRecomp/research/extract/decoded_pck/RIFPCK_TBL.decoded.bin,pck_object_0003_part_000_choice_000_frame_105,pck_object_0003,pck_object_0003_part_000,pck_object_0003_part_000_choice_000,0,0,105,0x00093A,30,0,0x00093C,1E008C0078001E00,8C0078001E00A00078001E002800F802
C:/Users/MadCat/Documents/GitHub/MechwarriorRecomp/research/extract/decoded_pck/RIFPCK_TBL.decoded.bin,pck_object_0003_part_000_choice_000_frame_106,pck_object_0003,pck_object_0003_part_000,pck_object_0003_part_000_choice_000,0,0,106,0x000942,160,0,0x000944,A00078001E002800,78001E002800F80200006D077800E2FF
C:/Users/MadCat/Documents/GitHub/MechwarriorRecomp/research/extract/decoded_pck/RIFPCK_TBL.decoded.bin,pck_object_0003_part_000_choice_000_frame_107,pck_object_0003,pck_object_0003_part_000,pck_object_0003_part_000_choice_000,0,0,107,0x00094A,248,2,0x00094C,F80200006D077800,00006D077800E2FFA0007800E2FF2800
C:/Users/MadCat/Documents/GitHub/MechwarriorRecomp/research/extract/decoded_pck/RIFPCK_TBL.decoded.bin,pck_object_0003_part_000_choice_000_frame_108,pck_object_0003,pck_object_0003_part_000,pck_object_0003_part_000_choice_000,0,0,108,0x000952,226,255,0x000954,E2FFA0007800E2FF,A0007800E2FF280025060000E1FAF401
C:/Users/MadCat/Documents/GitHub/MechwarriorRecomp/research/extract/decoded_pck/RIFPCK_TBL.decoded.bin,pck_object_0003_part_000_choice_000_frame_109,pck_object_0003,pck_object_0003_part_000,pck_object_0003_part_000_choice_000,0,0,109,0x00095A,40,0,0x00095C,280025060000E1FA,25060000E1FAF401F401F40178000000
C:/Users/MadCat/Documents/GitHub/MechwarriorRecomp/research/extract/decoded_pck/RIFPCK_TBL.decoded.bin,pck_object_0003_part_000_choice_000_frame_110,pck_object_0003,pck_object_0003_part_000,pck_object_0003_part_000_choice_000,0,0,110,0x000962,244,1,0x000964,F401F401F4017800,F401F401780000002C01280000002C01
C:/Users/MadCat/Documents/GitHub/MechwarriorRecomp/research/extract/decoded_pck/RIFPCK_TBL.decoded.bin,pck_object_0003_part_000_choice_000_frame_111,pck_object_0003,pck_object_0003_part_000,pck_object_0003_part_000_choice_000,0,0,111,0x00096A,0,0,0x00096C,00002C0128000000,2C01280000002C010000320018FCD8FF
C:/Users/MadCat/Documents/GitHub/MechwarriorRecomp/research/extract/decoded_pck/RIFPCK_TBL.decoded.bin,pck_object_0003_part_000_choice_000_frame_112,pck_object_0003,pck_object_0003_part_000,pck_object_0003_part_000_choice_000,0,0,112,0x000972,44,1,0x000974,2C010000320018FC,0000320018FCD8FFD8FF9CFF2800D8FF
C:/Users/MadCat/Documents/GitHub/MechwarriorRecomp/research/extract/decoded_pck/RIFPCK_TBL.decoded.bin,pck_object_0003_part_000_choice_000_frame_113,pck_object_0003,pck_object_0003_part_000,pck_object_0003_part_000_choice_000,0,0,113,0x00097A,216,255,0x00097C,D8FFD8FF9CFF2800,D8FF9CFF2800D8FF9CFF280028009CFF
C:/Users/MadCat/Documents/GitHub/MechwarriorRecomp/research/extract/decoded_pck/RIFPCK_TBL.decoded.bin,pck_object_0003_part_000_choice_000_frame_114,pck_object_0003,pck_object_0003_part_000,pck_object_0003_part_000_choice_000,0,0,114,0x000982,216,255,0x000984,D8FF9CFF28002800,9CFF280028009CFFD8FF28009CFFD8FF
C:/Users/MadCat/Documents/GitHub/MechwarriorRecomp/research/extract/decoded_pck/RIFPCK_TBL.decoded.bin,pck_object_0003_part_000_choice_000_frame_115,pck_object_0003,pck_object_0003_part_000,pck_object_0003_part_000_choice_000,0,0,115,0x00098A,156,255,0x00098C,9CFFD8FF28009CFF,D8FF28009CFFD8FFD8FF0000D8FF2800
C:/Users/MadCat/Documents/GitHub/MechwarriorRecomp/research/extract/decoded_pck/RIFPCK_TBL.decoded.bin,pck_object_0003_part_000_choice_000_frame_116,pck_object_0003,pck_object_0003_part_000,pck_object_0003_part_000_choice_000,0,0,116,0x000992,216,255,0x000994,D8FFD8FF0000D8FF,D8FF0000D8FF28000000280028000000
C:/Users/MadCat/Documents/GitHub/MechwarriorRecomp/research/extract/decoded_pck/RIFPCK_TBL.decoded.bin,pck_object_0003_part_000_choice_000_frame_117,pck_object_0003,pck_object_0003_part_000,pck_object_0003_part_000_choice_000,0,0,117,0x00099A,40,0,0x00099C,2800000028002800,00002800280000002800D8FF00000000
C:/Users/MadCat/Documents/GitHub/MechwarriorRecomp/research/extract/decoded_pck/RIFPCK_TBL.decoded.bin,pck_object_0003_part_000_choice_000_frame_118,pck_object_0003,pck_object_0003_part_000,pck_object_0003_part_000_choice_000,0,0,118,0x0009A2,0,0,0x0009A4,00002800D8FF0000,2800D8FF0000000038FFD00746009CFF
C:/Users/MadCat/Documents/GitHub/MechwarriorRecomp/research/extract/decoded_pck/RIFPCK_TBL.decoded.bin,pck_object_0003_part_000_choice_000_frame_119,pck_object_0003,pck_object_0003_part_000,pck_object_0003_part_000_choice_000,0,0,119,0x0009AA,0,0,0x0009AC,000038FFD0074600,38FFD00746009CFF4A01BAFF9CFF4A01
C:/Users/MadCat/Documents/GitHub/MechwarriorRecomp/research/extract/decoded_pck/RIFPCK_TBL.decoded.bin,pck_object_0003_part_000_choice_000_frame_120,pck_object_0003,pck_object_0003_part_000,pck_object_0003_part_000_choice_000,0,0,120,0x0009B2,156,255,0x0009B4,9CFF4A01BAFF9CFF,4A01BAFF9CFF4A01BAFFBAFF5E014600
C:/Users/MadCat/Documents/GitHub/MechwarriorRecomp/research/extract/decoded_pck/RIFPCK_TBL.decoded.bin,pck_object_0003_part_000_choice_000_frame_121,pck_object_0003,pck_object_0003_part_000,pck_object_0003_part_000_choice_000,0,0,121,0x0009BA,74,1,0x0009BC,4A01BAFFBAFF5E01,BAFFBAFF5E014600BAFF5E010A00B0FF
C:/Users/MadCat/Documents/GitHub/MechwarriorRecomp/research/extract/decoded_pck/RIFPCK_TBL.decoded.bin,pck_object_0003_part_000_choice_000_frame_122,pck_object_0003,pck_object_0003_part_000,pck_object_0003_part_000_choice_000,0,0,122,0x0009C2,70,0,0x0009C4,4600BAFF5E010A00,BAFF5E010A00B0FFFA000A00B0FF5401
C:/Users/MadCat/Documents/GitHub/MechwarriorRecomp/research/extract/decoded_pck/RIFPCK_TBL.decoded.bin,pck_object_0003_part_000_choice_000_frame_123,pck_object_0003,pck_object_0003_part_000,pck_object_0003_part_000_choice_000,0,0,123,0x0009CA,176,255,0x0009CC,B0FFFA000A00B0FF,FA000A00B0FF5401F6FFB0FF5401F6FF
C:/Users/MadCat/Documents/GitHub/MechwarriorRecomp/research/extract/decoded_pck/RIFPCK_TBL.decoded.bin,pck_object_0003_part_000_choice_000_frame_124,pck_object_0003,pck_object_0003_part_000,pck_object_0003_part_000_choice_000,0,0,124,0x0009D2,84,1,0x0009D4,5401F6FFB0FF5401,F6FFB0FF5401F6FFB0FFFA0001001402
C:/Users/MadCat/Documents/GitHub/MechwarriorRecomp/research/extract/decoded_pck/RIFPCK_TBL.decoded.bin,pck_object_0003_part_000_choice_000_frame_125,pck_object_0003,pck_object_0003_part_000,pck_object_0003_part_000_choice_000,0,0,125,0x0009DA,246,255,0x0009DC,F6FFB0FFFA000100,B0FFFA0001001402000004001C0208F8
C:/Users/MadCat/Documents/GitHub/MechwarriorRecomp/research/extract/decoded_pck/RIFPCK_TBL.decoded.bin,pck_object_0003_part_000_choice_000_frame_126,pck_object_0003,pck_object_0003_part_000,pck_object_0003_part_000_choice_000,0,0,126,0x0009E2,20,2,0x0009E4,1402000004001C02,000004001C0208F88101010101013C02
C:/Users/MadCat/Documents/GitHub/MechwarriorRecomp/research/extract/decoded_pck/RIFPCK_TBL.decoded.bin,pck_object_0003_part_000_choice_000_frame_127,pck_object_0003,pck_object_0003_part_000,pck_object_0003_part_000_choice_000,0,0,127,0x0009EA,8,248,0x0009EC,08F8810101010101,8101010101013C028100000000064202
C:/Users/MadCat/Documents/GitHub/MechwarriorRecomp/research/extract/decoded_pck/RIFPCK_TBL.decoded.bin,pck_object_0003_part_000_choice_000_frame_128,pck_object_0003,pck_object_0003_part_000,pck_object_0003_part_000_choice_000,0,0,128,0x0009F2,60,2,0x0009F4,3C02810000000006,81000000000642028100000000094802
C:/Users/MadCat/Documents/GitHub/MechwarriorRecomp/research/extract/decoded_pck/RIFPCK_TBL.decoded.bin,pck_object_0003_part_000_choice_000_frame_129,pck_object_0003,pck_object_0003_part_000,pck_object_0003_part_000_choice_000,0,0,129,0x0009FA,66,2,0x0009FC,4202810000000009,810000000009480281000000000E4E02
C:/Users/MadCat/Documents/GitHub/MechwarriorRecomp/research/extract/decoded_pck/RIFPCK_TBL.decoded.bin,pck_object_0003_part_000_choice_000_frame_130,pck_object_0003,pck_object_0003_part_000,pck_object_0003_part_000_choice_000,0,0,130,0x000A02,72,2,0x000A04,480281000000000E,81000000000E4E020202030405FF0505
C:/Users/MadCat/Documents/GitHub/MechwarriorRecomp/research/extract/decoded_pck/RIFPCK_TBL.decoded.bin,pck_object_0003_part_000_choice_000_frame_131,pck_object_0003,pck_object_0003_part_000,pck_object_0003_part_000_choice_000,0,0,131,0x000A0A,78,2,0x000A0C,4E020202030405FF,0202030405FF0505040708FF0A0A0B0C
C:/Users/MadCat/Documents/GitHub/MechwarriorRecomp/research/extract/decoded_pck/RIFPCK_TBL.decoded.bin,pck_object_0003_part_000_choice_000_frame_132,pck_object_0003,pck_object_0003_part_000,pck_object_0003_part_000_choice_000,0,0,132,0x000A12,5,5,0x000A14,0505040708FF0A0A,040708FF0A0A0B0C0DFF0F0F100302FF
C:/Users/MadCat/Documents/GitHub/MechwarriorRecomp/research/extract/decoded_pck/RIFPCK_TBL.decoded.bin,pck_object_0003_part_000_choice_000_frame_133,pck_object_0003,pck_object_0003_part_000,pck_object_0003_part_000_choice_000,0,0,133,0x000A1A,11,12,0x000A1C,0B0C0DFF0F0F1003,0DFF0F0F100302FF0100580200000200
C:/Users/MadCat/Documents/GitHub/MechwarriorRecomp/research/extract/decoded_pck/RIFPCK_TBL.decoded.bin,pck_object_0003_part_000_choice_000_frame_134,pck_object_0003,pck_object_0003_part_000,pck_object_0003_part_000_choice_000,0,0,134,0x000A22,2,255,0x000A24,02FF010058020000,01005802000002006002FF0781070707
C:/Users/MadCat/Documents/GitHub/MechwarriorRecomp/research/extract/decoded_pck/RIFPCK_TBL.decoded.bin,pck_object_0003_part_000_choice_000_frame_135,pck_object_0003,pck_object_0003_part_000,pck_object_0003_part_000_choice_000,0,0,135,0x000A2A,2,0,0x000A2C,02006002FF078107,6002FF07810707070712700281000000
C:/Users/MadCat/Documents/GitHub/MechwarriorRecomp/research/extract/decoded_pck/RIFPCK_TBL.decoded.bin,pck_object_0003_part_000_choice_000_frame_136,pck_object_0003,pck_object_0003_part_000,pck_object_0003_part_000_choice_000,0,0,136,0x000A32,7,7,0x000A34,0707071270028100,0712700281000000001376020F0F0807
C:/Users/MadCat/Documents/GitHub/MechwarriorRecomp/research/extract/decoded_pck/RIFPCK_TBL.decoded.bin,pck_object_0003_part_000_choice_000_frame_137,pck_object_0003,pck_object_0003_part_000,pck_object_0003_part_000_choice_000,0,0,137,0x000A3A,0,0,0x000A3C,0000001376020F0F,001376020F0F080710FF1010141503FF
C:/Users/MadCat/Documents/GitHub/MechwarriorRecomp/research/extract/decoded_pck/RIFPCK_TBL.decoded.bin,pck_object_0003_part_000_choice_000_frame_138,pck_object_0003,pck_object_0003_part_000,pck_object_0003_part_000_choice_000,0,0,138,0x000A42,8,7,0x000A44,080710FF10101415,10FF1010141503FF0100800200000400
C:/Users/MadCat/Documents/GitHub/MechwarriorRecomp/research/extract/decoded_pck/RIFPCK_TBL.decoded.bin,pck_object_0003_part_000_choice_000_frame_139,pck_object_0003,pck_object_0003_part_000,pck_object_0003_part_000_choice_000,0,0,139,0x000A4A,3,255,0x000A4C,03FF010080020000,010080020000040088028DFE81000000
C:/Users/MadCat/Documents/GitHub/MechwarriorRecomp/research/extract/decoded_pck/RIFPCK_TBL.decoded.bin,pck_object_0003_part_000_choice_000_frame_140,pck_object_0003,pck_object_0003_part_000,pck_object_0003_part_000_choice_000,0,0,140,0x000A52,4,0,0x000A54,040088028DFE8100,88028DFE81000000000EA80281090909
C:/Users/MadCat/Documents/GitHub/MechwarriorRecomp/research/extract/decoded_pck/RIFPCK_TBL.decoded.bin,pck_object_0003_part_000_choice_000_frame_141,pck_object_0003,pck_object_0003_part_000,pck_object_0003_part_000_choice_000,0,0,141,0x000A5A,0,0,0x000A5C,0000000EA8028109,000EA802810909090918AD0281080808
C:/Users/MadCat/Documents/GitHub/MechwarriorRecomp/research/extract/decoded_pck/RIFPCK_TBL.decoded.bin,pck_object_0003_part_000_choice_000_frame_142,pck_object_0003,pck_object_0003_part_000,pck_object_0003_part_000_choice_000,0,0,142,0x000A62,9,9,0x000A64,09090918AD028108,0918AD02810808080806B30281010101
C:/Users/MadCat/Documents/GitHub/MechwarriorRecomp/research/extract/decoded_pck/RIFPCK_TBL.decoded.bin,pck_object_0003_part_000_choice_000_frame_143,pck_object_0003,pck_object_0003_part_000,pck_object_0003_part_000_choice_000,0,0,143,0x000A6A,8,8,0x000A6C,08080806B3028101,0806B30281010101011AB8020202170F
C:/Users/MadCat/Documents/GitHub/MechwarriorRecomp/research/extract/decoded_pck/RIFPCK_TBL.decoded.bin,pck_object_0003_part_000_choice_000_frame_144,pck_object_0003,pck_object_0003_part_000,pck_object_0003_part_000_choice_000,0,0,144,0x000A72,1,1,0x000A74,0101011AB8020202,011AB8020202170FFF0C0C191702FF0B
C:/Users/MadCat/Documents/GitHub/MechwarriorRecomp/research/extract/decoded_pck/RIFPCK_TBL.decoded.bin,pck_object_0003_part_000_choice_000_frame_145,pck_object_0003,pck_object_0003_part_000,pck_object_0003_part_000_choice_000,0,0,145,0x000A7A,23,15,0x000A7C,170FFF0C0C191702,FF0C0C191702FF0B0B190CFF19190B0F
C:/Users/MadCat/Documents/GitHub/MechwarriorRecomp/research/extract/decoded_pck/RIFPCK_TBL.decoded.bin,pck_object_0003_part_000_choice_000_frame_146,pck_object_0003,pck_object_0003_part_000,pck_object_0003_part_000_choice_000,0,0,146,0x000A82,255,11,0x000A84,FF0B0B190CFF1919,0B190CFF19190B0F17FF0100C2020000
C:/Users/MadCat/Documents/GitHub/MechwarriorRecomp/research/extract/decoded_pck/RIFPCK_TBL.decoded.bin,pck_object_0003_part_000_choice_000_frame_147,pck_object_0003,pck_object_0003_part_000,pck_object_0003_part_000_choice_000,0,0,147,0x000A8A,11,15,0x000A8C,0B0F17FF0100C202,17FF0100C20200000500CA0208018100
C:/Users/MadCat/Documents/GitHub/MechwarriorRecomp/research/extract/decoded_pck/RIFPCK_TBL.decoded.bin,pck_object_0003_part_000_choice_000_frame_148,pck_object_0003,pck_object_0003_part_000,pck_object_0003_part_000_choice_000,0,0,148,0x000A92,0,0,0x000A94,00000500CA020801,0500CA02080181000000000EF2028108
C:/Users/MadCat/Documents/GitHub/MechwarriorRecomp/research/extract/decoded_pck/RIFPCK_TBL.decoded.bin,pck_object_0003_part_000_choice_000_frame_149,pck_object_0003,pck_object_0003_part_000,pck_object_0003_part_000_choice_000,0,0,149,0x000A9A,129,0,0x000A9C,81000000000EF202,0000000EF202810808080821F9028100
C:/Users/MadCat/Documents/GitHub/MechwarriorRecomp/research/extract/decoded_pck/RIFPCK_TBL.decoded.bin,pck_object_0003_part_000_choice_000_frame_150,pck_object_0003,pck_object_0003_part_000,pck_object_0003_part_000_choice_000,0,0,150,0x000AA2,129,8,0x000AA4,810808080821F902,08080821F902810000000024FF028108
C:/Users/MadCat/Documents/GitHub/MechwarriorRecomp/research/extract/decoded_pck/RIFPCK_TBL.decoded.bin,pck_object_0003_part_000_choice_000_frame_151,pck_object_0003,pck_object_0003_part_000,pck_object_0003_part_000_choice_000,0,0,151,0x000AAA,129,0,0x000AAC,810000000024FF02,00000024FF0281080808082605038100
C:/Users/MadCat/Documents/GitHub/MechwarriorRecomp/research/extract/decoded_pck/RIFPCK_TBL.decoded.bin,pck_object_0003_part_000_choice_000_frame_152,pck_object_0003,pck_object_0003_part_000,pck_object_0003_part_000_choice_000,0,0,152,0x000AB2,129,8,0x000AB4,8108080808260503,0808082605038100000000280B031C1C
C:/Users/MadCat/Documents/GitHub/MechwarriorRecomp/research/extract/decoded_pck/RIFPCK_TBL.decoded.bin,pck_object_0003_part_000_choice_000_frame_153,pck_object_0003,pck_object_0003_part_000,pck_object_0003_part_000_choice_000,0,0,153,0x000ABA,129,0,0x000ABC,8100000000280B03,000000280B031C1C1D1E1F20FF22221C
C:/Users/MadCat/Documents/GitHub/MechwarriorRecomp/research/extract/decoded_pck/RIFPCK_TBL.decoded.bin,pck_object_0003_part_000_choice_000_frame_154,pck_object_0003,pck_object_0003_part_000,pck_object_0003_part_000_choice_000,0,0,154,0x000AC2,28,28,0x000AC4,1C1C1D1E1F20FF22,1D1E1F20FF22221C2023FF25251D1C22
C:/Users/MadCat/Documents/GitHub/MechwarriorRecomp/research/extract/decoded_pck/RIFPCK_TBL.decoded.bin,pck_object_0003_part_000_choice_000_frame_155,pck_object_0003,pck_object_0003_part_000,pck_object_0003_part_000_choice_000,0,0,155,0x000ACA,34,28,0x000ACC,221C2023FF25251D,2023FF25251D1C22FF27271E1D25FF23
C:/Users/MadCat/Documents/GitHub/MechwarriorRecomp/research/extract/decoded_pck/RIFPCK_TBL.decoded.bin,pck_object_0003_part_000_choice_000_frame_156,pck_object_0003,pck_object_0003_part_000,pck_object_0003_part_000_choice_000,0,0,156,0x000AD2,28,34,0x000AD4,1C22FF27271E1D25,FF27271E1D25FF2323201E27FF010015
C:/Users/MadCat/Documents/GitHub/MechwarriorRecomp/research/extract/decoded_pck/RIFPCK_TBL.decoded.bin,pck_object_0003_part_000_choice_000_frame_157,pck_object_0003,pck_object_0003_part_000,pck_object_0003_part_000_choice_000,0,0,157,0x000ADA,255,35,0x000ADC,FF2323201E27FF01,23201E27FF01001503000005001D0300
C:/Users/MadCat/Documents/GitHub/MechwarriorRecomp/research/extract/decoded_pck/RIFPCK_TBL.decoded.bin,pck_object_0003_part_000_choice_000_frame_158,pck_object_0003,pck_object_0003_part_000,pck_object_0003_part_000_choice_000,0,0,158,0x000AE2,0,21,0x000AE4,001503000005001D,03000005001D03001281000000000645
C:/Users/MadCat/Documents/GitHub/MechwarriorRecomp/research/extract/decoded_pck/RIFPCK_TBL.decoded.bin,pck_object_0003_part_000_choice_000_frame_159,pck_object_0003,pck_object_0003_part_000,pck_object_0003_part_000_choice_000,0,0,159,0x000AEA,3,0,0x000AEC,0300128100000000,1281000000000645038108080808214B
C:/Users/MadCat/Documents/GitHub/MechwarriorRecomp/research/extract/decoded_pck/RIFPCK_TBL.decoded.bin,pck_object_0003_part_000_choice_000_frame_160,pck_object_0003,pck_object_0003_part_000,pck_object_0003_part_000_choice_000,0,0,160,0x000AF2,6,69,0x000AF4,0645038108080808,038108080808214B0381000000003051
C:/Users/MadCat/Documents/GitHub/MechwarriorRecomp/research/extract/decoded_pck/RIFPCK_TBL.decoded.bin,pck_object_0003_part_000_choice_000_frame_161,pck_object_0003,pck_object_0003_part_000,pck_object_0003_part_000_choice_000,0,0,161,0x000AFA,33,75,0x000AFC,214B038100000000,03810000000030510381080808082657
C:/Users/MadCat/Documents/GitHub/MechwarriorRecomp/research/extract/decoded_pck/RIFPCK_TBL.decoded.bin,pck_object_0003_part_000_choice_000_frame_162,pck_object_0003,pck_object_0003_part_000,pck_object_0003_part_000_choice_000,0,0,162,0x000B02,48,81,0x000B04,3051038108080808,0381080808082657038100000000335D
C:/Users/MadCat/Documents/GitHub/MechwarriorRecomp/research/extract/decoded_pck/RIFPCK_TBL.decoded.bin,pck_object_0003_part_000_choice_000_frame_163,pck_object_0003,pck_object_0003_part_000,pck_object_0003_part_000_choice_000,0,0,163,0x000B0A,38,87,0x000B0C,2657038100000000,038100000000335D032A2A2B2C2DFF2D
C:/Users/MadCat/Documents/GitHub/MechwarriorRecomp/research/extract/decoded_pck/RIFPCK_TBL.decoded.bin,pck_object_0003_part_000_choice_000_frame_164,pck_object_0003,pck_object_0003_part_000,pck_object_0003_part_000_choice_000,0,0,164,0x000B12,51,93,0x000B14,335D032A2A2B2C2D,032A2A2B2C2DFF2D2D2E2F2AFF2C2C31
C:/Users/MadCat/Documents/GitHub/MechwarriorRecomp/research/extract/decoded_pck/RIFPCK_TBL.decoded.bin,pck_object_0003_part_000_choice_000_frame_165,pck_object_0003,pck_object_0003_part_000,pck_object_0003_part_000_choice_000,0,0,165,0x000B1A,255,45,0x000B1C,FF2D2D2E2F2AFF2C,2D2E2F2AFF2C2C312E2DFF2B2B32312C
C:/Users/MadCat/Documents/GitHub/MechwarriorRecomp/research/extract/decoded_pck/RIFPCK_TBL.decoded.bin,pck_object_0003_part_000_choice_000_frame_166,pck_object_0003,pck_object_0003_part_000,pck_object_0003_part_000_choice_000,0,0,166,0x000B22,44,49,0x000B24,2C312E2DFF2B2B32,2E2DFF2B2B32312CFF2F2F322B2AFF01
C:/Users/MadCat/Documents/GitHub/MechwarriorRecomp/research/extract/decoded_pck/RIFPCK_TBL.decoded.bin,pck_object_0003_part_000_choice_000_frame_167,pck_object_0003,pck_object_0003_part_000,pck_object_0003_part_000_choice_000,0,0,167,0x000B2A,49,44,0x000B2C,312CFF2F2F322B2A,FF2F2F322B2AFF01006703000004006F
C:/Users/MadCat/Documents/GitHub/MechwarriorRecomp/research/extract/decoded_pck/RIFPCK_TBL.decoded.bin,pck_object_0003_part_000_choice_000_frame_168,pck_object_0003,pck_object_0003_part_000,pck_object_0003_part_000_choice_000,0,0,168,0x000B32,255,1,0x000B34,FF01006703000004,006703000004006F031B198100000000
C:/Users/MadCat/Documents/GitHub/MechwarriorRecomp/research/extract/decoded_pck/RIFPCK_TBL.decoded.bin,pck_object_0003_part_000_choice_000_frame_169,pck_object_0003,pck_object_0003_part_000,pck_object_0003_part_000_choice_000,0,0,169,0x000B3A,0,111,0x000B3C,006F031B19810000,031B198100000000068F038109090909
C:/Users/MadCat/Documents/GitHub/MechwarriorRecomp/research/extract/decoded_pck/RIFPCK_TBL.decoded.bin,pck_object_0003_part_000_choice_000_frame_170,pck_object_0003,pck_object_0003_part_000,pck_object_0003_part_000_choice_000,0,0,170,0x000B42,0,0,0x000B44,0000068F03810909,068F0381090909091894038108080808
C:/Users/MadCat/Documents/GitHub/MechwarriorRecomp/research/extract/decoded_pck/RIFPCK_TBL.decoded.bin,pck_object_0003_part_000_choice_000_frame_171,pck_object_0003,pck_object_0003_part_000,pck_object_0003_part_000_choice_000,0,0,171,0x000B4A,9,9,0x000B4C,0909189403810808,18940381080808080E9A038101010101
C:/Users/MadCat/Documents/GitHub/MechwarriorRecomp/research/extract/decoded_pck/RIFPCK_TBL.decoded.bin,pck_object_0003_part_000_choice_000_frame_172,pck_object_0003,pck_object_0003_part_000,pck_object_0003_part_000_choice_000,0,0,172,0x000B52,8,8,0x000B54,08080E9A03810101,0E9A0381010101011A9F0308083505FF
C:/Users/MadCat/Documents/GitHub/MechwarriorRecomp/research/extract/decoded_pck/RIFPCK_TBL.decoded.bin,pck_object_0003_part_000_choice_000_frame_173,pck_object_0003,pck_object_0003_part_000,pck_object_0003_part_000_choice_000,0,0,173,0x000B5A,1,1,0x000B5C,01011A9F03080835,1A9F0308083505FF3535360D05FF0D0D
C:/Users/MadCat/Documents/GitHub/MechwarriorRecomp/research/extract/decoded_pck/RIFPCK_TBL.decoded.bin,pck_object_0003_part_000_choice_000_frame_174,pck_object_0003,pck_object_0003_part_000,pck_object_0003_part_000_choice_000,0,0,174,0x000B62,5,255,0x000B64,05FF3535360D05FF,3535360D05FF0D0D360AFF0A0A363508
C:/Users/MadCat/Documents/GitHub/MechwarriorRecomp/research/extract/decoded_pck/RIFPCK_TBL.decoded.bin,pck_object_0003_part_000_choice_000_frame_175,pck_object_0003,pck_object_0003_part_000,pck_object_0003_part_000_choice_000,0,0,175,0x000B6A,13,13,0x000B6C,0D0D360AFF0A0A36,360AFF0A0A363508FF0100A903000005
C:/Users/MadCat/Documents/GitHub/MechwarriorRecomp/research/extract/decoded_pck/RIFPCK_TBL.decoded.bin,pck_object_0003_part_000_choice_000_frame_176,pck_object_0003,pck_object_0003_part_000,pck_object_0003_part_000_choice_000,0,0,176,0x000B72,53,8,0x000B74,3508FF0100A90300,FF0100A90300000500B1032516810000
C:/Users/MadCat/Documents/GitHub/MechwarriorRecomp/research/extract/decoded_pck/RIFPCK_TBL.decoded.bin,pck_object_0003_part_000_choice_000_frame_177,pck_object_0003,pck_object_0003_part_000,pck_object_0003_part_000_choice_000,0,0,177,0x000B7A,0,5,0x000B7C,000500B103251681,00B1032516810000000013D903810000
C:/Users/MadCat/Documents/GitHub/MechwarriorRecomp/research/extract/decoded_pck/RIFPCK_TBL.decoded.bin,pck_object_0003_part_000_choice_000_frame_178,pck_object_0003,pck_object_0003_part_000,pck_object_0003_part_000_choice_000,0,0,178,0x000B82,0,0,0x000B84,0000000013D90381,000013D90381000000000EDF03810101
C:/Users/MadCat/Documents/GitHub/MechwarriorRecomp/research/extract/decoded_pck/RIFPCK_TBL.decoded.bin,pck_object_0003_part_000_choice_000_frame_179,pck_object_0003,pck_object_0003_part_000,pck_object_0003_part_000_choice_000,0,0,179,0x000B8A,0,0,0x000B8C,000000000EDF0381,00000EDF03810101010121E503810000
C:/Users/MadCat/Documents/GitHub/MechwarriorRecomp/research/extract/decoded_pck/RIFPCK_TBL.decoded.bin,pck_object_0003_part_000_choice_000_frame_180,pck_object_0003,pck_object_0003_part_000,pck_object_0003_part_000_choice_000,0,0,180,0x000B92,1,1,0x000B94,0101010121E50381,010121E503810000000006EB03810707
C:/Users/MadCat/Documents/GitHub/MechwarriorRecomp/research/extract/decoded_pck/RIFPCK_TBL.decoded.bin,pck_object_0003_part_000_choice_000_frame_181,pck_object_0003,pck_object_0003_part_000,pck_object_0003_part_000_choice_000,0,0,181,0x000B9A,0,0,0x000B9C,0000000006EB0381,000006EB03810707070726F103383839
C:/Users/MadCat/Documents/GitHub/MechwarriorRecomp/research/extract/decoded_pck/RIFPCK_TBL.decoded.bin,pck_object_0003_part_000_choice_000_frame_182,pck_object_0003,pck_object_0003_part_000,pck_object_0003_part_000_choice_000,0,0,182,0x000BA2,7,7,0x000BA4,0707070726F10338,070726F1033838393A3BFF3C3C383B3D
C:/Users/MadCat/Documents/GitHub/MechwarriorRecomp/research/extract/decoded_pck/RIFPCK_TBL.decoded.bin,pck_object_0003_part_000_choice_000_frame_183,pck_object_0003,pck_object_0003_part_000,pck_object_0003_part_000_choice_000,0,0,183,0x000BAA,56,57,0x000BAC,38393A3BFF3C3C38,3A3BFF3C3C383B3DFF3D3D3B3A3EFF3E
C:/Users/MadCat/Documents/GitHub/MechwarriorRecomp/research/extract/decoded_pck/RIFPCK_TBL.decoded.bin,pck_object_0003_part_000_choice_000_frame_184,pck_object_0003,pck_object_0003_part_000,pck_object_0003_part_000_choice_000,0,0,184,0x000BB2,59,61,0x000BB4,3B3DFF3D3D3B3A3E,FF3D3D3B3A3EFF3E3E3A393FFF3F3F39
C:/Users/MadCat/Documents/GitHub/MechwarriorRecomp/research/extract/decoded_pck/RIFPCK_TBL.decoded.bin,pck_object_0003_part_000_choice_000_frame_185,pck_object_0003,pck_object_0003_part_000,pck_object_0003_part_000_choice_000,0,0,185,0x000BBA,255,62,0x000BBC,FF3E3E3A393FFF3F,3E3A393FFF3F3F39383CFF0100FB0300
C:/Users/MadCat/Documents/GitHub/MechwarriorRecomp/research/extract/decoded_pck/RIFPCK_TBL.decoded.bin,pck_object_0003_part_000_choice_000_frame_186,pck_object_0003,pck_object_0003_part_000,pck_object_0003_part_000_choice_000,0,0,186,0x000BC2,63,57,0x000BC4,3F39383CFF0100FB,383CFF0100FB03000002000304080880
C:/Users/MadCat/Documents/GitHub/MechwarriorRecomp/research/extract/decoded_pck/RIFPCK_TBL.decoded.bin,pck_object_0003_part_000_choice_000_frame_187,pck_object_0003,pck_object_0003_part_000,pck_object_0003_part_000_choice_000,0,0,187,0x000BCA,3,0,0x000BCC,0300000200030408,000200030408088000000000FF130480
C:/Users/MadCat/Documents/GitHub/MechwarriorRecomp/research/extract/decoded_pck/RIFPCK_TBL.decoded.bin,pck_object_0003_part_000_choice_000_frame_188,pck_object_0003,pck_object_0003_part_000,pck_object_0003_part_000_choice_000,0,0,188,0x000BD2,8,128,0x000BD4,088000000000FF13,00000000FF13048000000000FF190441
C:/Users/MadCat/Documents/GitHub/MechwarriorRecomp/research/extract/decoded_pck/RIFPCK_TBL.decoded.bin,pck_object_0003_part_000_choice_000_frame_189,pck_object_0003,pck_object_0003_part_000,pck_object_0003_part_000_choice_000,0,0,189,0x000BDA,4,128,0x000BDC,048000000000FF19,00000000FF19044141424344FF454546
C:/Users/MadCat/Documents/GitHub/MechwarriorRecomp/research/extract/decoded_pck/RIFPCK_TBL.decoded.bin,pck_object_0003_part_000_choice_000_frame_190,pck_object_0003,pck_object_0003_part_000,pck_object_0003_part_000_choice_000,0,0,190,0x000BE2,4,65,0x000BE4,044141424344FF45,41424344FF4545464748FF8000B70000
C:/Users/MadCat/Documents/GitHub/MechwarriorRecomp/research/extract/decoded_pck/RIFPCK_TBL.decoded.bin,pck_object_0003_part_000_choice_000_frame_191,pck_object_0003,pck_object_0003_part_000,pck_object_0003_part_000_choice_000,0,0,191,0x000BEA,69,70,0x000BEC,45464748FF8000B7,4748FF8000B70000000000000001001D
C:/Users/MadCat/Documents/GitHub/MechwarriorRecomp/research/extract/decoded_pck/RIFPCK_TBL.decoded.bin,pck_object_0003_part_000_choice_000_frame_192,pck_object_0003,pck_object_0003_part_000,pck_object_0003_part_000_choice_000,0,0,192,0x000BF2,0,0,0x000BF4,0000000000000001,000000000001001D00000E2500010079
C:/Users/MadCat/Documents/GitHub/MechwarriorRecomp/research/extract/decoded_pck/RIFPCK_TBL.decoded.bin,pck_object_0003_part_000_choice_000_frame_193,pck_object_0003,pck_object_0003_part_000,pck_object_0003_part_000_choice_000,0,0,193,0x000BFA,0,29,0x000BFC,001D00000E250001,00000E2500010079000000DC05000000
C:/Users/MadCat/Documents/GitHub/MechwarriorRecomp/research/extract/decoded_pck/RIFPCK_TBL.decoded.bin,pck_object_0003_part_000_choice_000_frame_194,pck_object_0003,pck_object_0003_part_000,pck_object_0003_part_000_choice_000,0,0,194,0x000C02,0,121,0x000C04,0079000000DC0500,000000DC050000000000080000ECFF78
C:/Users/MadCat/Documents/GitHub/MechwarriorRecomp/research/extract/decoded_pck/RIFPCK_TBL.decoded.bin,pck_object_0003_part_000_choice_000_frame_195,pck_object_0003,pck_object_0003_part_000,pck_object_0003_part_000_choice_000,0,0,195,0x000C0A,0,0,0x000C0C,00000000080000EC,0000080000ECFF780064001400780064
C:/Users/MadCat/Documents/GitHub/MechwarriorRecomp/research/extract/decoded_pck/RIFPCK_TBL.decoded.bin,pck_object_0003_part_000_choice_000_frame_196,pck_object_0003,pck_object_0003_part_000,pck_object_0003_part_000_choice_000,0,0,196,0x000C12,255,120,0x000C14,FF78006400140078,006400140078006400140078007800EC
C:/Users/MadCat/Documents/GitHub/MechwarriorRecomp/research/extract/decoded_pck/RIFPCK_TBL.decoded.bin,pck_object_0003_part_000_choice_000_frame_197,pck_object_0003,pck_object_0003_part_000,pck_object_0003_part_000_choice_000,0,0,197,0x000C1A,0,100,0x000C1C,0064001400780078,00140078007800ECFF78007800D9F893
C:/Users/MadCat/Documents/GitHub/MechwarriorRecomp/research/extract/decoded_pck/RIFPCK_TBL.decoded.bin,pck_object_0003_part_000_choice_000_frame_198,pck_object_0003,pck_object_0003_part_000,pck_object_0003_part_000_choice_000,0,0,198,0x000C22,0,236,0x000C24,00ECFF78007800D9,FF78007800D9F893030000D8FF5000A0
C:/Users/MadCat/Documents/GitHub/MechwarriorRecomp/research/extract/decoded_pck/RIFPCK_TBL.decoded.bin,pck_object_0003_part_000_choice_000_frame_199,pck_object_0003,pck_object_0003_part_000,pck_object_0003_part_000_choice_000,0,0,199,0x000C2A,248,147,0x000C2C,F893030000D8FF50,030000D8FF5000A000D8FF2800000000
C:/Users/MadCat/Documents/GitHub/MechwarriorRecomp/research/extract/decoded_pck/RIFPCK_TBL.decoded.bin,pck_object_0003_part_000_choice_000_frame_200,pck_object_0003,pck_object_0003_part_000,pck_object_0003_part_000_choice_000,0,0,200,0x000C32,0,160,0x000C34,00A000D8FF280000,00D8FF2800000000003F0601FB280028
C:/Users/MadCat/Documents/GitHub/MechwarriorRecomp/research/extract/decoded_pck/RIFPCK_TBL.decoded.bin,pck_object_0003_part_000_choice_000_frame_201,pck_object_0003,pck_object_0003_part_000,pck_object_0003_part_000_choice_000,0,0,201,0x000C3A,0,0,0x000C3C,0000003F0601FB28,003F0601FB2800280000000000A805A8
C:/Users/MadCat/Documents/GitHub/MechwarriorRecomp/research/extract/decoded_pck/RIFPCK_TBL.decoded.bin,pck_object_0003_part_000_choice_000_frame_202,pck_object_0003,pck_object_0003_part_000,pck_object_0003_part_000_choice_000,0,0,202,0x000C42,0,40,0x000C44,00280000000000A8,0000000000A805A80528005000A00065
C:/Users/MadCat/Documents/GitHub/MechwarriorRecomp/research/extract/decoded_pck/RIFPCK_TBL.decoded.bin,pck_object_0003_part_000_choice_000_frame_203,pck_object_0003,pck_object_0003_part_000,pck_object_0003_part_000_choice_000,0,0,203,0x000C4A,5,168,0x000C4C,05A80528005000A0,0528005000A0006507F50243FF01007D
C:/Users/MadCat/Documents/GitHub/MechwarriorRecomp/research/extract/decoded_pck/RIFPCK_TBL.decoded.bin,pck_object_0003_part_000_choice_000_frame_204,pck_object_0003,pck_object_0003_part_000,pck_object_0003_part_000_choice_000,0,0,204,0x000C52,0,101,0x000C54,006507F50243FF01,07F50243FF01007D0000000500850000
C:/Users/MadCat/Documents/GitHub/MechwarriorRecomp/research/extract/decoded_pck/RIFPCK_TBL.decoded.bin,pck_object_0003_part_000_choice_000_frame_205,pck_object_0003,pck_object_0003_part_000,pck_object_0003_part_000_choice_000,0,0,205,0x000C5A,0,125,0x000C5C,007D000000050085,000000050085000000810F0F0F0F01AD
C:/Users/MadCat/Documents/GitHub/MechwarriorRecomp/research/extract/decoded_pck/RIFPCK_TBL.decoded.bin,pck_object_0003_part_000_choice_000_frame_206,pck_object_0003,pck_object_0003_part_000,pck_object_0003_part_000_choice_000,0,0,206,0x000C62,0,0,0x000C64,000000810F0F0F0F,00810F0F0F0F01AD00810000000006B3
C:/Users/MadCat/Documents/GitHub/MechwarriorRecomp/research/extract/decoded_pck/RIFPCK_TBL.decoded.bin,pck_object_0003_part_000_choice_000_frame_207,pck_object_0003,pck_object_0003_part_000,pck_object_0003_part_000_choice_000,0,0,207,0x000C6A,1,173,0x000C6C,01AD008100000000,00810000000006B300810808080809B9
C:/Users/MadCat/Documents/GitHub/MechwarriorRecomp/research/extract/decoded_pck/RIFPCK_TBL.decoded.bin,pck_object_0003_part_000_choice_000_frame_208,pck_object_0003,pck_object_0003_part_000,pck_object_0003_part_000_choice_000,0,0,208,0x000C72,6,179,0x000C74,06B3008108080808,00810808080809B90081070707070BBF
C:/Users/MadCat/Documents/GitHub/MechwarriorRecomp/research/extract/decoded_pck/RIFPCK_TBL.decoded.bin,pck_object_0003_part_000_choice_000_frame_209,pck_object_0003,pck_object_0003_part_000,pck_object_0003_part_000_choice_000,0,0,209,0x000C7A,9,185,0x000C7C,09B9008107070707,0081070707070BBF0081000000000DC5
C:/Users/MadCat/Documents/GitHub/MechwarriorRecomp/research/extract/decoded_pck/RIFPCK_TBL.decoded.bin,pck_object_0003_part_000_choice_000_frame_210,pck_object_0003,pck_object_0003_part_000,pck_object_0003_part_000_choice_000,0,0,210,0x000C82,11,191,0x000C84,0BBF008100000000,0081000000000DC5000202030405FF02
C:/Users/MadCat/Documents/GitHub/MechwarriorRecomp/research/extract/decoded_pck/RIFPCK_TBL.decoded.bin,pck_object_0003_part_000_choice_000_frame_211,pck_object_0003,pck_object_0003_part_000,pck_object_0003_part_000_choice_000,0,0,211,0x000C8A,13,197,0x000C8C,0DC5000202030405,000202030405FF0202050708FF08080A
C:/Users/MadCat/Documents/GitHub/MechwarriorRecomp/research/extract/decoded_pck/RIFPCK_TBL.decoded.bin,pck_object_0003_part_000_choice_000_frame_212,pck_object_0003,pck_object_0003_part_000,pck_object_0003_part_000_choice_000,0,0,212,0x000C92,255,2,0x000C94,FF0202050708FF08,02050708FF08080A0302FF0C0C070504
C:/Users/MadCat/Documents/GitHub/MechwarriorRecomp/research/extract/decoded_pck/RIFPCK_TBL.decoded.bin,pck_object_0003_part_000_choice_000_frame_213,pck_object_0003,pck_object_0003_part_000,pck_object_0003_part_000_choice_000,0,0,213,0x000C9A,8,10,0x000C9C,080A0302FF0C0C07,0302FF0C0C070504FF0A0A0C0403FF80
C:/Users/MadCat/Documents/GitHub/MechwarriorRecomp/research/extract/decoded_pck/RIFPCK_TBL.decoded.bin,pck_object_0003_part_000_choice_000_frame_214,pck_object_0003,pck_object_0003_part_000,pck_object_0003_part_000_choice_000,0,0,214,0x000CA2,5,4,0x000CA4,0504FF0A0A0C0403,FF0A0A0C0403FF80008E010000000000
C:/Users/MadCat/Documents/GitHub/MechwarriorRecomp/research/extract/decoded_pck/RIFPCK_TBL.decoded.bin,pck_object_0003_part_000_choice_000_frame_215,pck_object_0003,pck_object_0003_part_000,pck_object_0003_part_000_choice_000,0,0,215,0x000CAA,255,128,0x000CAC,FF80008E01000000,008E0100000000000001001900001C21
C:/Users/MadCat/Documents/GitHub/MechwarriorRecomp/research/extract/decoded_pck/RIFPCK_TBL.decoded.bin,pck_object_0003_part_000_choice_000_frame_216,pck_object_0003,pck_object_0003_part_000,pck_object_0003_part_000_choice_000,0,0,216,0x000CB2,0,0,0x000CB4,0000000100190000,0001001900001C21000100C90037F8AE
C:/Users/MadCat/Documents/GitHub/MechwarriorRecomp/research/extract/decoded_pck/RIFPCK_TBL.decoded.bin,pck_object_0003_part_000_choice_000_frame_217,pck_object_0003,pck_object_0003_part_000,pck_object_0003_part_000_choice_000,0,0,217,0x000CBA,28,33,0x000CBC,1C21000100C90037,000100C90037F8AE00FEFFF50733FFF7
C:/Users/MadCat/Documents/GitHub/MechwarriorRecomp/research/extract/decoded_pck/RIFPCK_TBL.decoded.bin,pck_object_0003_part_000_choice_000_frame_218,pck_object_0003,pck_object_0003_part_000,pck_object_0003_part_000_choice_000,0,0,218,0x000CC2,248,174,0x000CC4,F8AE00FEFFF50733,00FEFFF50733FFF7FF43FF2500F80046
C:/Users/MadCat/Documents/GitHub/MechwarriorRecomp/research/extract/decoded_pck/RIFPCK_TBL.decoded.bin,pck_object_0003_part_000_choice_000_frame_219,pck_object_0003,pck_object_0003_part_000,pck_object_0003_part_000_choice_000,0,0,219,0x000CCA,255,247,0x000CCC,FFF7FF43FF2500F8,FF43FF2500F80046FF430046003FFF01
C:/Users/MadCat/Documents/GitHub/MechwarriorRecomp/research/extract/decoded_pck/RIFPCK_TBL.decoded.bin,pck_object_0003_part_000_choice_000_frame_220,pck_object_0003,pck_object_0003_part_000,pck_object_0003_part_000_choice_000,0,0,220,0x000CD2,0,70,0x000CD4,0046FF430046003F,FF430046003FFF01003B003DFFE4FFEB
C:/Users/MadCat/Documents/GitHub/MechwarriorRecomp/research/extract/decoded_pck/RIFPCK_TBL.decoded.bin,pck_object_0003_part_000_choice_000_frame_221,pck_object_0003,pck_object_0003_part_000,pck_object_0003_part_000_choice_000,0,0,221,0x000CDA,255,1,0x000CDC,FF01003B003DFFE4,003B003DFFE4FFEB001C0059011EF802
C:/Users/MadCat/Documents/GitHub/MechwarriorRecomp/research/extract/decoded_pck/RIFPCK_TBL.decoded.bin,pck_object_0003_part_000_choice_000_frame_222,pck_object_0003,pck_object_0003_part_000,pck_object_0003_part_000_choice_000,0,0,222,0x000CE2,255,235,0x000CE4,FFEB001C0059011E,001C0059011EF802FF49004600FBFE07
C:/Users/MadCat/Documents/GitHub/MechwarriorRecomp/research/extract/decoded_pck/RIFPCK_TBL.decoded.bin,pck_object_0003_part_000_choice_000_frame_223,pck_object_0003,pck_object_0003_part_000,pck_object_0003_part_000_choice_000,0,0,223,0x000CEA,248,2,0x000CEC,F802FF49004600FB,FF49004600FBFE07003B0038FF2AF89D
C:/Users/MadCat/Documents/GitHub/MechwarriorRecomp/research/extract/decoded_pck/RIFPCK_TBL.decoded.bin,pck_object_0003_part_000_choice_000_frame_224,pck_object_0003,pck_object_0003_part_000,pck_object_0003_part_000_choice_000,0,0,224,0x000CF2,254,7,0x000CF4,FE07003B0038FF2A,003B0038FF2AF89DFE2EFF44004CFF18
C:/Users/MadCat/Documents/GitHub/MechwarriorRecomp/research/extract/decoded_pck/RIFPCK_TBL.decoded.bin,pck_object_0003_part_000_choice_000_frame_225,pck_object_0003,pck_object_0003_part_000,pck_object_0003_part_000_choice_000,0,0,225,0x000CFA,248,157,0x000CFC,F89DFE2EFF44004C,FE2EFF44004CFF18FF46004CFF14FF1C
C:/Users/MadCat/Documents/GitHub/MechwarriorRecomp/research/extract/decoded_pck/RIFPCK_TBL.decoded.bin,pck_object_0003_part_000_choice_000_frame_226,pck_object_0003,pck_object_0003_part_000,pck_object_0003_part_000_choice_000,0,0,226,0x000D02,255,24,0x000D04,FF18FF46004CFF14,FF46004CFF14FF1C003E002BFF19003E
C:/Users/MadCat/Documents/GitHub/MechwarriorRecomp/research/extract/decoded_pck/RIFPCK_TBL.decoded.bin,pck_object_0003_part_000_choice_000_frame_227,pck_object_0003,pck_object_0003_part_000,pck_object_0003_part_000_choice_000,0,0,227,0x000D0A,255,28,0x000D0C,FF1C003E002BFF19,003E002BFF19003E00C800D70762012E
C:/Users/MadCat/Documents/GitHub/MechwarriorRecomp/research/extract/decoded_pck/RIFPCK_TBL.decoded.bin,pck_object_0003_part_000_choice_000_frame_228,pck_object_0003,pck_object_0003_part_000,pck_object_0003_part_000_choice_000,0,0,228,0x000D12,0,62,0x000D14,003E00C800D70762,00C800D70762012EFF3000430018FF32
C:/Users/MadCat/Documents/GitHub/MechwarriorRecomp/research/extract/decoded_pck/RIFPCK_TBL.decoded.bin,pck_object_0003_part_000_choice_000_frame_229,pck_object_0003,pck_object_0003_part_000,pck_object_0003_part_000_choice_000,0,0,229,0x000D1A,1,46,0x000D1C,012EFF3000430018,FF3000430018FF320043001BFF5D004F
C:/Users/MadCat/Documents/GitHub/MechwarriorRecomp/research/extract/decoded_pck/RIFPCK_TBL.decoded.bin,pck_object_0003_part_000_choice_000_frame_230,pck_object_0003,pck_object_0003_part_000,pck_object_0003_part_000_choice_000,0,0,230,0x000D22,255,50,0x000D24,FF320043001BFF5D,0043001BFF5D004FFF31FF5B004FFFE9
C:/Users/MadCat/Documents/GitHub/MechwarriorRecomp/research/extract/decoded_pck/RIFPCK_TBL.decoded.bin,pck_object_0003_part_000_choice_000_frame_231,pck_object_0003,pck_object_0003_part_000,pck_object_0003_part_000_choice_000,0,0,231,0x000D2A,0,79,0x000D2C,004FFF31FF5B004F,FF31FF5B004FFFE907D5FEE8FF17F82C
C:/Users/MadCat/Documents/GitHub/MechwarriorRecomp/research/extract/decoded_pck/RIFPCK_TBL.decoded.bin,pck_object_0003_part_000_choice_000_frame_232,pck_object_0003,pck_object_0003_part_000,pck_object_0003_part_000_choice_000,0,0,232,0x000D32,255,233,0x000D34,FFE907D5FEE8FF17,07D5FEE8FF17F82C011800E3FFD5FEE9
C:/Users/MadCat/Documents/GitHub/MechwarriorRecomp/research/extract/decoded_pck/RIFPCK_TBL.decoded.bin,pck_object_0003_part_000_choice_000_frame_233,pck_object_0003,pck_object_0003_part_000,pck_object_0003_part_000_choice_000,0,0,233,0x000D3A,248,44,0x000D3C,F82C011800E3FFD5,011800E3FFD5FEE9070BF8D1000600F8
C:/Users/MadCat/Documents/GitHub/MechwarriorRecomp/research/extract/decoded_pck/RIFPCK_TBL.decoded.bin,pck_object_0003_part_000_choice_000_frame_234,pck_object_0003,pck_object_0003_part_000,pck_object_0003_part_000_choice_000,0,0,234,0x000D42,254,233,0x000D44,FEE9070BF8D10006,070BF8D1000600F8FEE0FF2401FFFE21
C:/Users/MadCat/Documents/GitHub/MechwarriorRecomp/research/extract/decoded_pck/RIFPCK_TBL.decoded.bin,pck_object_0003_part_000_choice_000_frame_235,pck_object_0003,pck_object_0003_part_000,pck_object_0003_part_000_choice_000,0,0,235,0x000D4A,0,248,0x000D4C,00F8FEE0FF2401FF,FEE0FF2401FFFE21002F01090578FE05
C:/Users/MadCat/Documents/GitHub/MechwarriorRecomp/research/extract/decoded_pck/RIFPCK_TBL.decoded.bin,pck_object_0003_part_000_choice_000_frame_236,pck_object_0003,pck_object_0003_part_000,pck_object_0003_part_000_choice_000,0,0,236,0x000D52,254,33,0x000D54,FE21002F01090578,002F01090578FE050638FF29F8A0FEB0
C:/Users/MadCat/Documents/GitHub/MechwarriorRecomp/research/extract/decoded_pck/RIFPCK_TBL.decoded.bin,pck_object_0003_part_000_choice_000_frame_237,pck_object_0003,pck_object_0003_part_000,pck_object_0003_part_000_choice_000,0,0,237,0x000D5A,254,5,0x000D5C,FE050638FF29F8A0,0638FF29F8A0FEB000DB0756010100CD
C:/Users/MadCat/Documents/GitHub/MechwarriorRecomp/research/extract/decoded_pck/RIFPCK_TBL.decoded.bin,pck_object_0003_part_000_choice_000_frame_238,pck_object_0003,pck_object_0003_part_000,pck_object_0003_part_000_choice_000,0,0,238,0x000D62,254,176,0x000D64,FEB000DB07560101,00DB0756010100CD0000000B00D500D8
C:/Users/MadCat/Documents/GitHub/MechwarriorRecomp/research/extract/decoded_pck/RIFPCK_TBL.decoded.bin,pck_object_0003_part_000_choice_000_frame_239,pck_object_0003,pck_object_0003_part_000,pck_object_0003_part_000_choice_000,0,0,239,0x000D6A,0,205,0x000D6C,00CD0000000B00D5,0000000B00D500D8FF8100000000012D
C:/Users/MadCat/Documents/GitHub/MechwarriorRecomp/research/extract/decoded_pck/RIFPCK_TBL.decoded.bin,pck_object_0003_part_000_choice_000_frame_240,pck_object_0003,pck_object_0003_part_000,pck_object_0003_part_000_choice_000,0,0,240,0x000D72,0,216,0x000D74,00D8FF8100000000,FF8100000000012D01810F0F0F0F0633
C:/Users/MadCat/Documents/GitHub/MechwarriorRecomp/research/extract/decoded_pck/RIFPCK_TBL.decoded.bin,pck_object_0003_part_000_choice_000_frame_241,pck_object_0003,pck_object_0003_part_000,pck_object_0003_part_000_choice_000,0,0,241,0x000D7A,1,45,0x000D7C,012D01810F0F0F0F,01810F0F0F0F06330181000000000939
C:/Users/MadCat/Documents/GitHub/MechwarriorRecomp/research/extract/decoded_pck/RIFPCK_TBL.decoded.bin,pck_object_0003_part_000_choice_000_frame_242,pck_object_0003,pck_object_0003_part_000,pck_object_0003_part_000_choice_000,0,0,242,0x000D82,6,51,0x000D84,0633018100000000,01810000000009390181000000000E3F
C:/Users/MadCat/Documents/GitHub/MechwarriorRecomp/research/extract/decoded_pck/RIFPCK_TBL.decoded.bin,pck_object_0003_part_000_choice_000_frame_243,pck_object_0003,pck_object_0003_part_000,pck_object_0003_part_000_choice_000,0,0,243,0x000D8A,9,57,0x000D8C,0939018100000000,0181000000000E3F0181000000001345
C:/Users/MadCat/Documents/GitHub/MechwarriorRecomp/research/extract/decoded_pck/RIFPCK_TBL.decoded.bin,pck_object_0003_part_000_choice_000_frame_244,pck_object_0003,pck_object_0003_part_000,pck_object_0003_part_000_choice_000,0,0,244,0x000D92,14,63,0x000D94,0E3F018100000000,0181000000001345018100000000144B
C:/Users/MadCat/Documents/GitHub/MechwarriorRecomp/research/extract/decoded_pck/RIFPCK_TBL.decoded.bin,pck_object_0003_part_000_choice_000_frame_245,pck_object_0003,pck_object_0003_part_000,pck_object_0003_part_000_choice_000,0,0,245,0x000D9A,19,69,0x000D9C,1345018100000000,018100000000144B0181000000001551
C:/Users/MadCat/Documents/GitHub/MechwarriorRecomp/research/extract/decoded_pck/RIFPCK_TBL.decoded.bin,pck_object_0003_part_000_choice_000_frame_246,pck_object_0003,pck_object_0003_part_000,pck_object_0003_part_000_choice_000,0,0,246,0x000DA2,20,75,0x000DA4,144B018100000000,01810000000015510181090909091657
C:/Users/MadCat/Documents/GitHub/MechwarriorRecomp/research/extract/decoded_pck/RIFPCK_TBL.decoded.bin,pck_object_0003_part_000_choice_000_frame_247,pck_object_0003,pck_object_0003_part_000,pck_object_0003_part_000_choice_000,0,0,247,0x000DAA,21,81,0x000DAC,1551018109090909,018109090909165701810F0F0F0F195D
C:/Users/MadCat/Documents/GitHub/MechwarriorRecomp/research/extract/decoded_pck/RIFPCK_TBL.decoded.bin,pck_object_0004_part_002_choice_000_frame_000,pck_object_0004,pck_object_0004_part_002,pck_object_0004_part_002_choice_000,2,0,0,0x0007DC,128,0,0x0007DE,80006B0100000000,6B0100000000000008001A0000495A00
C:/Users/MadCat/Documents/GitHub/MechwarriorRecomp/research/extract/decoded_pck/RIFPCK_TBL.decoded.bin,pck_object_0004_part_002_choice_000_frame_001,pck_object_0004,pck_object_0004_part_002,pck_object_0004_part_002_choice_000,2,0,1,0x0007E4,0,0,0x0007E6,000008001A000049,08001A0000495A000100100211495A00
C:/Users/MadCat/Documents/GitHub/MechwarriorRecomp/research/extract/decoded_pck/RIFPCK_TBL.decoded.bin,pck_object_0004_part_002_choice_000_frame_002,pck_object_0004,pck_object_0004_part_002,pck_object_0004_part_002_choice_000,2,0,2,0x0007EC,90,0,0x0007EE,5A00010010021149,0100100211495A000100540216495A00
C:/Users/MadCat/Documents/GitHub/MechwarriorRecomp/research/extract/decoded_pck/RIFPCK_TBL.decoded.bin,pck_object_0004_part_002_choice_000_frame_003,pck_object_0004,pck_object_0004_part_002,pck_object_0004_part_002_choice_000,2,0,3,0x0007F4,90,0,0x0007F6,5A00010054021649,0100540216495A0001007C021B495A00
C:/Users/MadCat/Documents/GitHub/MechwarriorRecomp/research/extract/decoded_pck/RIFPCK_TBL.decoded.bin,pck_object_0004_part_002_choice_000_frame_004,pck_object_0004,pck_object_0004_part_002,pck_object_0004_part_002_choice_000,2,0,4,0x0007FC,90,0,0x0007FE,5A0001007C021B49,01007C021B495A000100BE0229495A00
C:/Users/MadCat/Documents/GitHub/MechwarriorRecomp/research/extract/decoded_pck/RIFPCK_TBL.decoded.bin,pck_object_0004_part_002_choice_000_frame_005,pck_object_0004,pck_object_0004_part_002,pck_object_0004_part_002_choice_000,2,0,5,0x000804,90,0,0x000806,5A000100BE022949,0100BE0229495A000100110334495A00
C:/Users/MadCat/Documents/GitHub/MechwarriorRecomp/research/extract/decoded_pck/RIFPCK_TBL.decoded.bin,pck_object_0004_part_002_choice_000_frame_006,pck_object_0004,pck_object_0004_part_002,pck_object_0004_part_002_choice_000,2,0,6,0x00080C,90,0,0x00080E,5A00010011033449,0100110334495A000100630337495A00
C:/Users/MadCat/Documents/GitHub/MechwarriorRecomp/research/extract/decoded_pck/RIFPCK_TBL.decoded.bin,pck_object_0004_part_002_choice_000_frame_007,pck_object_0004,pck_object_0004_part_002,pck_object_0004_part_002_choice_000,2,0,7,0x000814,90,0,0x000816,5A00010063033749,0100630337495A000100A50340495A00
C:/Users/MadCat/Documents/GitHub/MechwarriorRecomp/research/extract/decoded_pck/RIFPCK_TBL.decoded.bin,pck_object_0004_part_002_choice_000_frame_008,pck_object_0004,pck_object_0004_part_002,pck_object_0004_part_002_choice_000,2,0,8,0x00081C,90,0,0x00081E,5A000100A5034049,0100A50340495A000100F70300003200
C:/Users/MadCat/Documents/GitHub/MechwarriorRecomp/research/extract/decoded_pck/RIFPCK_TBL.decoded.bin,pck_object_0004_part_002_choice_000_frame_009,pck_object_0004,pck_object_0004_part_002,pck_object_0004_part_002_choice_000,2,0,9,0x000824,90,0,0x000826,5A000100F7030000,0100F7030000320064000000C20710FE
C:/Users/MadCat/Documents/GitHub/MechwarriorRecomp/research/extract/decoded_pck/RIFPCK_TBL.decoded.bin,pck_object_0004_part_002_choice_000_frame_010,pck_object_0004,pck_object_0004_part_002,pck_object_0004_part_002_choice_000,2,0,10,0x00082C,50,0,0x00082E,320064000000C207,64000000C20710FE88FF5000A00088FF
C:/Users/MadCat/Documents/GitHub/MechwarriorRecomp/research/extract/decoded_pck/RIFPCK_TBL.decoded.bin,pck_object_0004_part_002_choice_000_frame_011,pck_object_0004,pck_object_0004_part_002,pck_object_0004_part_002_choice_000,2,0,11,0x000834,16,254,0x000836,10FE88FF5000A000,88FF5000A00088FF2800000078002800
C:/Users/MadCat/Documents/GitHub/MechwarriorRecomp/research/extract/decoded_pck/RIFPCK_TBL.decoded.bin,pck_object_0004_part_002_choice_000_frame_012,pck_object_0004,pck_object_0004_part_002,pck_object_0004_part_002_choice_000,2,0,12,0x00083C,136,255,0x00083E,88FF280000007800,2800000078002800000078005000A000
C:/Users/MadCat/Documents/GitHub/MechwarriorRecomp/research/extract/decoded_pck/RIFPCK_TBL.decoded.bin,pck_object_0004_part_002_choice_000_frame_013,pck_object_0004,pck_object_0004_part_002,pck_object_0004_part_002_choice_000,2,0,13,0x000844,40,0,0x000846,2800000078005000,000078005000A0000008000000007800
C:/Users/MadCat/Documents/GitHub/MechwarriorRecomp/research/extract/decoded_pck/RIFPCK_TBL.decoded.bin,pck_object_0004_part_002_choice_000_frame_014,pck_object_0004,pck_object_0004_part_002,pck_object_0004_part_002_choice_000,2,0,14,0x00084C,160,0,0x00084E,A000000800000000,0008000000007800D8FF00007800B0FF
C:/Users/MadCat/Documents/GitHub/MechwarriorRecomp/research/extract/decoded_pck/RIFPCK_TBL.decoded.bin,pck_object_0004_part_002_choice_000_frame_015,pck_object_0004,pck_object_0004_part_002,pck_object_0004_part_002_choice_000,2,0,15,0x000854,120,0,0x000856,7800D8FF00007800,D8FF00007800B0FFFA000000EC03F806
C:/Users/MadCat/Documents/GitHub/MechwarriorRecomp/research/extract/decoded_pck/RIFPCK_TBL.decoded.bin,pck_object_0004_part_002_choice_000_frame_016,pck_object_0004,pck_object_0004_part_002,pck_object_0004_part_002_choice_000,2,0,16,0x00085C,176,255,0x00085E,B0FFFA000000EC03,FA000000EC03F8062800B0FFFA00D8FF
C:/Users/MadCat/Documents/GitHub/MechwarriorRecomp/research/extract/decoded_pck/RIFPCK_TBL.decoded.bin,pck_object_0004_part_002_choice_000_frame_017,pck_object_0004,pck_object_0004_part_002,pck_object_0004_part_002_choice_000,2,0,17,0x000864,248,6,0x000866,F8062800B0FFFA00,2800B0FFFA00D8FFB0FFFA00D8FF5000
C:/Users/MadCat/Documents/GitHub/MechwarriorRecomp/research/extract/decoded_pck/RIFPCK_TBL.decoded.bin,pck_object_0004_part_002_choice_000_frame_018,pck_object_0004,pck_object_0004_part_002,pck_object_0004_part_002_choice_000,2,0,18,0x00086C,216,255,0x00086E,D8FFB0FFFA00D8FF,B0FFFA00D8FF5000A00028005000A000
C:/Users/MadCat/Documents/GitHub/MechwarriorRecomp/research/extract/decoded_pck/RIFPCK_TBL.decoded.bin,pck_object_0004_part_002_choice_000_frame_019,pck_object_0004,pck_object_0004_part_002,pck_object_0004_part_002_choice_000,2,0,19,0x000874,80,0,0x000876,5000A00028005000,A00028005000A00000F80000000088FF
C:/Users/MadCat/Documents/GitHub/MechwarriorRecomp/research/extract/decoded_pck/RIFPCK_TBL.decoded.bin,pck_object_0004_part_002_choice_000_frame_020,pck_object_0004,pck_object_0004_part_002,pck_object_0004_part_002_choice_000,2,0,20,0x00087C,160,0,0x00087E,A00000F800000000,00F80000000088FFB0FFFA0088FFD8FF
C:/Users/MadCat/Documents/GitHub/MechwarriorRecomp/research/extract/decoded_pck/RIFPCK_TBL.decoded.bin,pck_object_0004_part_002_choice_000_frame_021,pck_object_0004,pck_object_0004_part_002,pck_object_0004_part_002_choice_000,2,0,21,0x000884,136,255,0x000886,88FFB0FFFA0088FF,B0FFFA0088FFD8FF000000000CFECEFF
C:/Users/MadCat/Documents/GitHub/MechwarriorRecomp/research/extract/decoded_pck/RIFPCK_TBL.decoded.bin,pck_object_0004_part_002_choice_000_frame_022,pck_object_0004,pck_object_0004_part_002,pck_object_0004_part_002_choice_000,2,0,22,0x00088C,216,255,0x00088E,D8FF000000000CFE,000000000CFECEFF00001AF8BDFE0000
C:/Users/MadCat/Documents/GitHub/MechwarriorRecomp/research/extract/decoded_pck/RIFPCK_TBL.decoded.bin,pck_object_0004_part_002_choice_000_frame_023,pck_object_0004,pck_object_0004_part_002,pck_object_0004_part_002_choice_000,2,0,23,0x000894,206,255,0x000896,CEFF00001AF8BDFE,00001AF8BDFE0000000000F86E00D8FF
C:/Users/MadCat/Documents/GitHub/MechwarriorRecomp/research/extract/decoded_pck/RIFPCK_TBL.decoded.bin,pck_object_0004_part_002_choice_000_frame_024,pck_object_0004,pck_object_0004_part_002,pck_object_0004_part_002_choice_000,2,0,24,0x00089C,0,0,0x00089E,0000000000F86E00,000000F86E00D8FF00006E0028000000
C:/Users/MadCat/Documents/GitHub/MechwarriorRecomp/research/extract/decoded_pck/RIFPCK_TBL.decoded.bin,pck_object_0004_part_002_choice_000_frame_025,pck_object_0004,pck_object_0004_part_002,pck_object_0004_part_002_choice_000,2,0,25,0x0008A4,216,255,0x0008A6,D8FF00006E002800,00006E00280000000CFEF401F40188FF
C:/Users/MadCat/Documents/GitHub/MechwarriorRecomp/research/extract/decoded_pck/RIFPCK_TBL.decoded.bin,pck_object_0004_part_002_choice_000_frame_026,pck_object_0004,pck_object_0004_part_002,pck_object_0004_part_002_choice_000,2,0,26,0x0008AC,0,0,0x0008AE,00000CFEF401F401,0CFEF401F40188FF00002C010000F206
C:/Users/MadCat/Documents/GitHub/MechwarriorRecomp/research/extract/decoded_pck/RIFPCK_TBL.decoded.bin,pck_object_0004_part_002_choice_000_frame_027,pck_object_0004,pck_object_0004_part_002,pck_object_0004_part_002_choice_000,2,0,27,0x0008B4,136,255,0x0008B6,88FF00002C010000,00002C010000F206F803D8FF00002C01
C:/Users/MadCat/Documents/GitHub/MechwarriorRecomp/research/extract/decoded_pck/RIFPCK_TBL.decoded.bin,pck_object_0004_part_002_choice_000_frame_028,pck_object_0004,pck_object_0004_part_002,pck_object_0004_part_002_choice_000,2,0,28,0x0008BC,242,6,0x0008BE,F206F803D8FF0000,F803D8FF00002C010000C3FBC80618FC
C:/Users/MadCat/Documents/GitHub/MechwarriorRecomp/research/extract/decoded_pck/RIFPCK_TBL.decoded.bin,pck_object_0004_part_002_choice_000_frame_029,pck_object_0004,pck_object_0004_part_002,pck_object_0004_part_002_choice_000,2,0,29,0x0008C4,44,1,0x0008C6,2C010000C3FBC806,0000C3FBC80618FC0000000056FF1E00
C:/Users/MadCat/Documents/GitHub/MechwarriorRecomp/research/extract/decoded_pck/RIFPCK_TBL.decoded.bin,pck_object_0004_part_002_choice_000_frame_030,pck_object_0004,pck_object_0004_part_002,pck_object_0004_part_002_choice_000,2,0,30,0x0008CC,24,252,0x0008CE,18FC0000000056FF,0000000056FF1E008C0056FFE2FF8C00
C:/Users/MadCat/Documents/GitHub/MechwarriorRecomp/research/extract/decoded_pck/RIFPCK_TBL.decoded.bin,pck_object_0004_part_002_choice_000_frame_031,pck_object_0004,pck_object_0004_part_002,pck_object_0004_part_002_choice_000,2,0,31,0x0008D4,30,0,0x0008D6,1E008C0056FFE2FF,8C0056FFE2FF8C0056FFE2FF640056FF
C:/Users/MadCat/Documents/GitHub/MechwarriorRecomp/research/extract/decoded_pck/RIFPCK_TBL.decoded.bin,pck_object_0004_part_002_choice_000_frame_032,pck_object_0004,pck_object_0004_part_002,pck_object_0004_part_002_choice_000,2,0,32,0x0008DC,140,0,0x0008DE,8C0056FFE2FF6400,56FFE2FF640056FF1400640056FF1E00
C:/Users/MadCat/Documents/GitHub/MechwarriorRecomp/research/extract/decoded_pck/RIFPCK_TBL.decoded.bin,pck_object_0004_part_002_choice_000_frame_033,pck_object_0004,pck_object_0004_part_002,pck_object_0004_part_002_choice_000,2,0,33,0x0008E4,86,255,0x0008E6,56FF1400640056FF,1400640056FF1E006400000000080000
C:/Users/MadCat/Documents/GitHub/MechwarriorRecomp/research/extract/decoded_pck/RIFPCK_TBL.decoded.bin,pck_object_0004_part_002_choice_000_frame_034,pck_object_0004,pck_object_0004_part_002,pck_object_0004_part_002_choice_000,2,0,34,0x0008EC,30,0,0x0008EE,1E00640000000008,640000000008000088FF1E00A00088FF
C:/Users/MadCat/Documents/GitHub/MechwarriorRecomp/research/extract/decoded_pck/RIFPCK_TBL.decoded.bin,pck_object_0004_part_002_choice_000_frame_035,pck_object_0004,pck_object_0004_part_002,pck_object_0004_part_002_choice_000,2,0,35,0x0008F4,0,0,0x0008F6,000088FF1E00A000,88FF1E00A00088FF1E00280008FD0000
C:/Users/MadCat/Documents/GitHub/MechwarriorRecomp/research/extract/decoded_pck/RIFPCK_TBL.decoded.bin,pck_object_0004_part_002_choice_000_frame_036,pck_object_0004,pck_object_0004_part_002,pck_object_0004_part_002_choice_000,2,0,36,0x0008FC,136,255,0x0008FE,88FF1E00280008FD,1E00280008FD00006D0788FFE2FFA000
C:/Users/MadCat/Documents/GitHub/MechwarriorRecomp/research/extract/decoded_pck/RIFPCK_TBL.decoded.bin,pck_object_0004_part_002_choice_000_frame_037,pck_object_0004,pck_object_0004_part_002,pck_object_0004_part_002_choice_000,2,0,37,0x000904,0,0,0x000906,00006D0788FFE2FF,6D0788FFE2FFA000000000F8000088FF
C:/Users/MadCat/Documents/GitHub/MechwarriorRecomp/research/extract/decoded_pck/RIFPCK_TBL.decoded.bin,pck_object_0004_part_002_choice_000_frame_038,pck_object_0004,pck_object_0004_part_002,pck_object_0004_part_002_choice_000,2,0,38,0x00090C,160,0,0x00090E,A000000000F80000,000000F8000088FFE2FF2800DBF90000
C:/Users/MadCat/Documents/GitHub/MechwarriorRecomp/research/extract/decoded_pck/RIFPCK_TBL.decoded.bin,pck_object_0004_part_002_choice_000_frame_039,pck_object_0004,pck_object_0004_part_002,pck_object_0004_part_002_choice_000,2,0,39,0x000914,136,255,0x000916,88FFE2FF2800DBF9,E2FF2800DBF90000E1FAE80300000000
C:/Users/MadCat/Documents/GitHub/MechwarriorRecomp/research/extract/decoded_pck/RIFPCK_TBL.decoded.bin,pck_object_0004_part_002_choice_000_frame_040,pck_object_0004,pck_object_0004_part_002,pck_object_0004_part_002_choice_000,2,0,40,0x00091C,0,0,0x00091E,0000E1FAE8030000,E1FAE80300000000AA001E006400AA00
C:/Users/MadCat/Documents/GitHub/MechwarriorRecomp/research/extract/decoded_pck/RIFPCK_TBL.decoded.bin,pck_object_0004_part_002_choice_000_frame_041,pck_object_0004,pck_object_0004_part_002,pck_object_0004_part_002_choice_000,2,0,41,0x000924,0,0,0x000926,0000AA001E006400,AA001E006400AA00E2FF6400AA00E2FF
C:/Users/MadCat/Documents/GitHub/MechwarriorRecomp/research/extract/decoded_pck/RIFPCK_TBL.decoded.bin,pck_object_0004_part_002_choice_000_frame_042,pck_object_0004,pck_object_0004_part_002,pck_object_0004_part_002_choice_000,2,0,42,0x00092C,170,0,0x00092E,AA00E2FF6400AA00,E2FF6400AA00E2FF8C00AA001E008C00
C:/Users/MadCat/Documents/GitHub/MechwarriorRecomp/research/extract/decoded_pck/RIFPCK_TBL.decoded.bin,pck_object_0004_part_002_choice_000_frame_043,pck_object_0004,pck_object_0004_part_002,pck_object_0004_part_002_choice_000,2,0,43,0x000934,226,255,0x000936,E2FF8C00AA001E00,8C00AA001E008C0078001E00A0007800
C:/Users/MadCat/Documents/GitHub/MechwarriorRecomp/research/extract/decoded_pck/RIFPCK_TBL.decoded.bin,pck_object_0004_part_002_choice_000_frame_044,pck_object_0004,pck_object_0004_part_002,pck_object_0004_part_002_choice_000,2,0,44,0x00093C,140,0,0x00093E,8C0078001E00A000,78001E00A00078001E002800F8020000
C:/Users/MadCat/Documents/GitHub/MechwarriorRecomp/research/extract/decoded_pck/RIFPCK_TBL.decoded.bin,pck_object_0004_part_002_choice_000_frame_045,pck_object_0004,pck_object_0004_part_002,pck_object_0004_part_002_choice_000,2,0,45,0x000944,120,0,0x000946,78001E002800F802,1E002800F80200006D077800E2FFA000
C:/Users/MadCat/Documents/GitHub/MechwarriorRecomp/research/extract/decoded_pck/RIFPCK_TBL.decoded.bin,pck_object_0004_part_002_choice_000_frame_046,pck_object_0004,pck_object_0004_part_002,pck_object_0004_part_002_choice_000,2,0,46,0x00094C,0,0,0x00094E,00006D077800E2FF,6D077800E2FFA0007800E2FF28002506
C:/Users/MadCat/Documents/GitHub/MechwarriorRecomp/research/extract/decoded_pck/RIFPCK_TBL.decoded.bin,pck_object_0004_part_002_choice_000_frame_047,pck_object_0004,pck_object_0004_part_002,pck_object_0004_part_002_choice_000,2,0,47,0x000954,160,0,0x000956,A0007800E2FF2800,7800E2FF280025060000E1FAF401F401
C:/Users/MadCat/Documents/GitHub/MechwarriorRecomp/research/extract/decoded_pck/RIFPCK_TBL.decoded.bin,pck_object_0004_part_002_choice_000_frame_048,pck_object_0004,pck_object_0004_part_002,pck_object_0004_part_002_choice_000,2,0,48,0x00095C,37,6,0x00095E,25060000E1FAF401,0000E1FAF401F401F401780000002C01
C:/Users/MadCat/Documents/GitHub/MechwarriorRecomp/research/extract/decoded_pck/RIFPCK_TBL.decoded.bin,pck_object_0004_part_002_choice_000_frame_049,pck_object_0004,pck_object_0004_part_002,pck_object_0004_part_002_choice_000,2,0,49,0x000964,244,1,0x000966,F401F40178000000,F401780000002C01280000002C010000
C:/Users/MadCat/Documents/GitHub/MechwarriorRecomp/research/extract/decoded_pck/RIFPCK_TBL.decoded.bin,pck_object_0004_part_002_choice_000_frame_050,pck_object_0004,pck_object_0004_part_002,pck_object_0004_part_002_choice_000,2,0,50,0x00096C,44,1,0x00096E,2C01280000002C01,280000002C010000320018FCD8FFD8FF
C:/Users/MadCat/Documents/GitHub/MechwarriorRecomp/research/extract/decoded_pck/RIFPCK_TBL.decoded.bin,pck_object_0004_part_002_choice_000_frame_051,pck_object_0004,pck_object_0004_part_002,pck_object_0004_part_002_choice_000,2,0,51,0x000974,0,0,0x000976,0000320018FCD8FF,320018FCD8FFD8FF9CFF2800D8FF9CFF
C:/Users/MadCat/Documents/GitHub/MechwarriorRecomp/research/extract/decoded_pck/RIFPCK_TBL.decoded.bin,pck_object_0004_part_002_choice_000_frame_052,pck_object_0004,pck_object_0004_part_002,pck_object_0004_part_002_choice_000,2,0,52,0x00097C,216,255,0x00097E,D8FF9CFF2800D8FF,9CFF2800D8FF9CFF280028009CFFD8FF
C:/Users/MadCat/Documents/GitHub/MechwarriorRecomp/research/extract/decoded_pck/RIFPCK_TBL.decoded.bin,pck_object_0004_part_002_choice_000_frame_053,pck_object_0004,pck_object_0004_part_002,pck_object_0004_part_002_choice_000,2,0,53,0x000984,156,255,0x000986,9CFF280028009CFF,280028009CFFD8FF28009CFFD8FFD8FF
C:/Users/MadCat/Documents/GitHub/MechwarriorRecomp/research/extract/decoded_pck/RIFPCK_TBL.decoded.bin,pck_object_0004_part_002_choice_000_frame_054,pck_object_0004,pck_object_0004_part_002,pck_object_0004_part_002_choice_000,2,0,54,0x00098C,216,255,0x00098E,D8FF28009CFFD8FF,28009CFFD8FFD8FF0000D8FF28000000
C:/Users/MadCat/Documents/GitHub/MechwarriorRecomp/research/extract/decoded_pck/RIFPCK_TBL.decoded.bin,pck_object_0004_part_002_choice_000_frame_055,pck_object_0004,pck_object_0004_part_002,pck_object_0004_part_002_choice_000,2,0,55,0x000994,216,255,0x000996,D8FF0000D8FF2800,0000D8FF280000002800280000002800
C:/Users/MadCat/Documents/GitHub/MechwarriorRecomp/research/extract/decoded_pck/RIFPCK_TBL.decoded.bin,pck_object_0004_part_002_choice_000_frame_056,pck_object_0004,pck_object_0004_part_002,pck_object_0004_part_002_choice_000,2,0,56,0x00099C,0,0,0x00099E,0000280028000000,2800280000002800D8FF0000000038FF
C:/Users/MadCat/Documents/GitHub/MechwarriorRecomp/research/extract/decoded_pck/RIFPCK_TBL.decoded.bin,pck_object_0004_part_002_choice_000_frame_057,pck_object_0004,pck_object_0004_part_002,pck_object_0004_part_002_choice_000,2,0,57,0x0009A4,40,0,0x0009A6,2800D8FF00000000,D8FF0000000038FFD00746009CFF4A01
C:/Users/MadCat/Documents/GitHub/MechwarriorRecomp/research/extract/decoded_pck/RIFPCK_TBL.decoded.bin,pck_object_0004_part_002_choice_000_frame_058,pck_object_0004,pck_object_0004_part_002,pck_object_0004_part_002_choice_000,2,0,58,0x0009AC,56,255,0x0009AE,38FFD00746009CFF,D00746009CFF4A01BAFF9CFF4A01BAFF
C:/Users/MadCat/Documents/GitHub/MechwarriorRecomp/research/extract/decoded_pck/RIFPCK_TBL.decoded.bin,pck_object_0004_part_002_choice_000_frame_059,pck_object_0004,pck_object_0004_part_002,pck_object_0004_part_002_choice_000,2,0,59,0x0009B4,74,1,0x0009B6,4A01BAFF9CFF4A01,BAFF9CFF4A01BAFFBAFF5E014600BAFF
C:/Users/MadCat/Documents/GitHub/MechwarriorRecomp/research/extract/decoded_pck/RIFPCK_TBL.decoded.bin,pck_object_0004_part_002_choice_000_frame_060,pck_object_0004,pck_object_0004_part_002,pck_object_0004_part_002_choice_000,2,0,60,0x0009BC,186,255,0x0009BE,BAFFBAFF5E014600,BAFF5E014600BAFF5E010A00B0FFFA00
C:/Users/MadCat/Documents/GitHub/MechwarriorRecomp/research/extract/decoded_pck/RIFPCK_TBL.decoded.bin,pck_object_0004_part_002_choice_000_frame_061,pck_object_0004,pck_object_0004_part_002,pck_object_0004_part_002_choice_000,2,0,61,0x0009C4,186,255,0x0009C6,BAFF5E010A00B0FF,5E010A00B0FFFA000A00B0FF5401F6FF
C:/Users/MadCat/Documents/GitHub/MechwarriorRecomp/research/extract/decoded_pck/RIFPCK_TBL.decoded.bin,pck_object_0004_part_002_choice_000_frame_062,pck_object_0004,pck_object_0004_part_002,pck_object_0004_part_002_choice_000,2,0,62,0x0009CC,250,0,0x0009CE,FA000A00B0FF5401,0A00B0FF5401F6FFB0FF5401F6FFB0FF
C:/Users/MadCat/Documents/GitHub/MechwarriorRecomp/research/extract/decoded_pck/RIFPCK_TBL.decoded.bin,pck_object_0004_part_002_choice_000_frame_063,pck_object_0004,pck_object_0004_part_002,pck_object_0004_part_002_choice_000,2,0,63,0x0009D4,246,255,0x0009D6,F6FFB0FF5401F6FF,B0FF5401F6FFB0FFFA00010014020000
C:/Users/MadCat/Documents/GitHub/MechwarriorRecomp/research/extract/decoded_pck/RIFPCK_TBL.decoded.bin,pck_object_0004_part_002_choice_000_frame_064,pck_object_0004,pck_object_0004_part_002,pck_object_0004_part_002_choice_000,2,0,64,0x0009DC,176,255,0x0009DE,B0FFFA0001001402,FA0001001402000004001C0208F88101
C:/Users/MadCat/Documents/GitHub/MechwarriorRecomp/research/extract/decoded_pck/RIFPCK_TBL.decoded.bin,pck_object_0004_part_002_choice_000_frame_065,pck_object_0004,pck_object_0004_part_002,pck_object_0004_part_002_choice_000,2,0,65,0x0009E4,0,0,0x0009E6,000004001C0208F8,04001C0208F88101010101013C028100
C:/Users/MadCat/Documents/GitHub/MechwarriorRecomp/research/extract/decoded_pck/RIFPCK_TBL.decoded.bin,pck_object_0004_part_002_choice_000_frame_066,pck_object_0004,pck_object_0004_part_002,pck_object_0004_part_002_choice_000,2,0,66,0x0009EC,129,1,0x0009EE,8101010101013C02,010101013C0281000000000642028100
C:/Users/MadCat/Documents/GitHub/MechwarriorRecomp/research/extract/decoded_pck/RIFPCK_TBL.decoded.bin,pck_object_0004_part_002_choice_000_frame_067,pck_object_0004,pck_object_0004_part_002,pck_object_0004_part_002_choice_000,2,0,67,0x0009F4,129,0,0x0009F6,8100000000064202,00000006420281000000000948028100
C:/Users/MadCat/Documents/GitHub/MechwarriorRecomp/research/extract/decoded_pck/RIFPCK_TBL.decoded.bin,pck_object_0004_part_002_choice_000_frame_068,pck_object_0004,pck_object_0004_part_002,pck_object_0004_part_002_choice_000,2,0,68,0x0009FC,129,0,0x0009FE,8100000000094802,00000009480281000000000E4E020202
C:/Users/MadCat/Documents/GitHub/MechwarriorRecomp/research/extract/decoded_pck/RIFPCK_TBL.decoded.bin,pck_object_0004_part_002_choice_000_frame_069,pck_object_0004,pck_object_0004_part_002,pck_object_0004_part_002_choice_000,2,0,69,0x000A04,129,0,0x000A06,81000000000E4E02,0000000E4E020202030405FF05050407
C:/Users/MadCat/Documents/GitHub/MechwarriorRecomp/research/extract/decoded_pck/RIFPCK_TBL.decoded.bin,pck_object_0004_part_002_choice_000_frame_070,pck_object_0004,pck_object_0004_part_002,pck_object_0004_part_002_choice_000,2,0,70,0x000A0C,2,2,0x000A0E,0202030405FF0505,030405FF0505040708FF0A0A0B0C0DFF
C:/Users/MadCat/Documents/GitHub/MechwarriorRecomp/research/extract/decoded_pck/RIFPCK_TBL.decoded.bin,pck_object_0004_part_002_choice_000_frame_071,pck_object_0004,pck_object_0004_part_002,pck_object_0004_part_002_choice_000,2,0,71,0x000A14,4,7,0x000A16,040708FF0A0A0B0C,08FF0A0A0B0C0DFF0F0F100302FF0100
C:/Users/MadCat/Documents/GitHub/MechwarriorRecomp/research/extract/decoded_pck/RIFPCK_TBL.decoded.bin,pck_object_0004_part_002_choice_000_frame_072,pck_object_0004,pck_object_0004_part_002,pck_object_0004_part_002_choice_000,2,0,72,0x000A1C,13,255,0x000A1E,0DFF0F0F100302FF,0F0F100302FF01005802000002006002
C:/Users/MadCat/Documents/GitHub/MechwarriorRecomp/research/extract/decoded_pck/RIFPCK_TBL.decoded.bin,pck_object_0004_part_002_choice_000_frame_073,pck_object_0004,pck_object_0004_part_002,pck_object_0004_part_002_choice_000,2,0,73,0x000A24,1,0,0x000A26,0100580200000200,5802000002006002FF07810707070712
C:/Users/MadCat/Documents/GitHub/MechwarriorRecomp/research/extract/decoded_pck/RIFPCK_TBL.decoded.bin,pck_object_0004_part_002_choice_000_frame_074,pck_object_0004,pck_object_0004_part_002,pck_object_0004_part_002_choice_000,2,0,74,0x000A2C,96,2,0x000A2E,6002FF0781070707,FF078107070707127002810000000013
C:/Users/MadCat/Documents/GitHub/MechwarriorRecomp/research/extract/decoded_pck/RIFPCK_TBL.decoded.bin,pck_object_0004_part_002_choice_000_frame_075,pck_object_0004,pck_object_0004_part_002,pck_object_0004_part_002_choice_000,2,0,75,0x000A34,7,18,0x000A36,0712700281000000,700281000000001376020F0F080710FF
C:/Users/MadCat/Documents/GitHub/MechwarriorRecomp/research/extract/decoded_pck/RIFPCK_TBL.decoded.bin,pck_object_0004_part_002_choice_000_frame_076,pck_object_0004,pck_object_0004_part_002,pck_object_0004_part_002_choice_000,2,0,76,0x000A3C,0,19,0x000A3E,001376020F0F0807,76020F0F080710FF1010141503FF0100
C:/Users/MadCat/Documents/GitHub/MechwarriorRecomp/research/extract/decoded_pck/RIFPCK_TBL.decoded.bin,pck_object_0004_part_002_choice_000_frame_077,pck_object_0004,pck_object_0004_part_002,pck_object_0004_part_002_choice_000,2,0,77,0x000A44,16,255,0x000A46,10FF1010141503FF,1010141503FF01008002000004008802
C:/Users/MadCat/Documents/GitHub/MechwarriorRecomp/research/extract/decoded_pck/RIFPCK_TBL.decoded.bin,pck_object_0004_part_002_choice_000_frame_078,pck_object_0004,pck_object_0004_part_002,pck_object_0004_part_002_choice_000,2,0,78,0x000A4C,1,0,0x000A4E,0100800200000400,80020000040088028DFE81000000000E
C:/Users/MadCat/Documents/GitHub/MechwarriorRecomp/research/extract/decoded_pck/RIFPCK_TBL.decoded.bin,pck_object_0004_part_002_choice_000_frame_079,pck_object_0004,pck_object_0004_part_002,pck_object_0004_part_002_choice_000,2,0,79,0x000A54,136,2,0x000A56,88028DFE81000000,8DFE81000000000EA802810909090918
C:/Users/MadCat/Documents/GitHub/MechwarriorRecomp/research/extract/decoded_pck/RIFPCK_TBL.decoded.bin,pck_object_0004_part_002_choice_000_frame_080,pck_object_0004,pck_object_0004_part_002,pck_object_0004_part_002_choice_000,2,0,80,0x000A5C,0,14,0x000A5E,000EA80281090909,A802810909090918AD02810808080806
C:/Users/MadCat/Documents/GitHub/MechwarriorRecomp/research/extract/decoded_pck/RIFPCK_TBL.decoded.bin,pck_object_0004_part_002_choice_000_frame_081,pck_object_0004,pck_object_0004_part_002,pck_object_0004_part_002_choice_000,2,0,81,0x000A64,9,24,0x000A66,0918AD0281080808,AD02810808080806B30281010101011A
C:/Users/MadCat/Documents/GitHub/MechwarriorRecomp/research/extract/decoded_pck/RIFPCK_TBL.decoded.bin,pck_object_0004_part_002_choice_000_frame_082,pck_object_0004,pck_object_0004_part_002,pck_object_0004_part_002_choice_000,2,0,82,0x000A6C,8,6,0x000A6E,0806B30281010101,B30281010101011AB8020202170FFF0C
C:/Users/MadCat/Documents/GitHub/MechwarriorRecomp/research/extract/decoded_pck/RIFPCK_TBL.decoded.bin,pck_object_0004_part_002_choice_000_frame_083,pck_object_0004,pck_object_0004_part_002,pck_object_0004_part_002_choice_000,2,0,83,0x000A74,1,26,0x000A76,011AB8020202170F,B8020202170FFF0C0C191702FF0B0B19
C:/Users/MadCat/Documents/GitHub/MechwarriorRecomp/research/extract/decoded_pck/RIFPCK_TBL.decoded.bin,pck_object_0004_part_002_choice_000_frame_084,pck_object_0004,pck_object_0004_part_002,pck_object_0004_part_002_choice_000,2,0,84,0x000A7C,255,12,0x000A7E,FF0C0C191702FF0B,0C191702FF0B0B190CFF19190B0F17FF
C:/Users/MadCat/Documents/GitHub/MechwarriorRecomp/research/extract/decoded_pck/RIFPCK_TBL.decoded.bin,pck_object_0004_part_002_choice_000_frame_085,pck_object_0004,pck_object_0004_part_002,pck_object_0004_part_002_choice_000,2,0,85,0x000A84,11,25,0x000A86,0B190CFF19190B0F,0CFF19190B0F17FF0100C20200000500
C:/Users/MadCat/Documents/GitHub/MechwarriorRecomp/research/extract/decoded_pck/RIFPCK_TBL.decoded.bin,pck_object_0004_part_002_choice_000_frame_086,pck_object_0004,pck_object_0004_part_002,pck_object_0004_part_002_choice_000,2,0,86,0x000A8C,23,255,0x000A8E,17FF0100C2020000,0100C20200000500CA02080181000000
C:/Users/MadCat/Documents/GitHub/MechwarriorRecomp/research/extract/decoded_pck/RIFPCK_TBL.decoded.bin,pck_object_0004_part_002_choice_000_frame_087,pck_object_0004,pck_object_0004_part_002,pck_object_0004_part_002_choice_000,2,0,87,0x000A94,5,0,0x000A96,0500CA0208018100,CA02080181000000000EF20281080808
C:/Users/MadCat/Documents/GitHub/MechwarriorRecomp/research/extract/decoded_pck/RIFPCK_TBL.decoded.bin,pck_object_0004_part_002_choice_000_frame_088,pck_object_0004,pck_object_0004_part_002,pck_object_0004_part_002_choice_000,2,0,88,0x000A9C,0,0,0x000A9E,0000000EF2028108,000EF202810808080821F90281000000
C:/Users/MadCat/Documents/GitHub/MechwarriorRecomp/research/extract/decoded_pck/RIFPCK_TBL.decoded.bin,pck_object_0004_part_002_choice_000_frame_089,pck_object_0004,pck_object_0004_part_002,pck_object_0004_part_002_choice_000,2,0,89,0x000AA4,8,8,0x000AA6,08080821F9028100,0821F902810000000024FF0281080808
C:/Users/MadCat/Documents/GitHub/MechwarriorRecomp/research/extract/decoded_pck/RIFPCK_TBL.decoded.bin,pck_object_0004_part_002_choice_000_frame_090,pck_object_0004,pck_object_0004_part_002,pck_object_0004_part_002_choice_000,2,0,90,0x000AAC,0,0,0x000AAE,00000024FF028108,0024FF02810808080826050381000000
C:/Users/MadCat/Documents/GitHub/MechwarriorRecomp/research/extract/decoded_pck/RIFPCK_TBL.decoded.bin,pck_object_0004_part_002_choice_000_frame_091,pck_object_0004,pck_object_0004_part_002,pck_object_0004_part_002_choice_000,2,0,91,0x000AB4,8,8,0x000AB6,0808082605038100,082605038100000000280B031C1C1D1E
C:/Users/MadCat/Documents/GitHub/MechwarriorRecomp/research/extract/decoded_pck/RIFPCK_TBL.decoded.bin,pck_object_0004_part_002_choice_000_frame_092,pck_object_0004,pck_object_0004_part_002,pck_object_0004_part_002_choice_000,2,0,92,0x000ABC,0,0,0x000ABE,000000280B031C1C,00280B031C1C1D1E1F20FF22221C2023
C:/Users/MadCat/Documents/GitHub/MechwarriorRecomp/research/extract/decoded_pck/RIFPCK_TBL.decoded.bin,pck_object_0004_part_002_choice_000_frame_093,pck_object_0004,pck_object_0004_part_002,pck_object_0004_part_002_choice_000,2,0,93,0x000AC4,29,30,0x000AC6,1D1E1F20FF22221C,1F20FF22221C2023FF25251D1C22FF27
C:/Users/MadCat/Documents/GitHub/MechwarriorRecomp/research/extract/decoded_pck/RIFPCK_TBL.decoded.bin,pck_object_0004_part_002_choice_000_frame_094,pck_object_0004,pck_object_0004_part_002,pck_object_0004_part_002_choice_000,2,0,94,0x000ACC,32,35,0x000ACE,2023FF25251D1C22,FF25251D1C22FF27271E1D25FF232320
C:/Users/MadCat/Documents/GitHub/MechwarriorRecomp/research/extract/decoded_pck/RIFPCK_TBL.decoded.bin,pck_object_0004_part_002_choice_000_frame_095,pck_object_0004,pck_object_0004_part_002,pck_object_0004_part_002_choice_000,2,0,95,0x000AD4,255,39,0x000AD6,FF27271E1D25FF23,271E1D25FF2323201E27FF0100150300
C:/Users/MadCat/Documents/GitHub/MechwarriorRecomp/research/extract/decoded_pck/RIFPCK_TBL.decoded.bin,pck_object_0004_part_002_choice_000_frame_096,pck_object_0004,pck_object_0004_part_002,pck_object_0004_part_002_choice_000,2,0,96,0x000ADC,35,32,0x000ADE,23201E27FF010015,1E27FF01001503000005001D03001281
C:/Users/MadCat/Documents/GitHub/MechwarriorRecomp/research/extract/decoded_pck/RIFPCK_TBL.decoded.bin,pck_object_0004_part_002_choice_000_frame_097,pck_object_0004,pck_object_0004_part_002,pck_object_0004_part_002_choice_000,2,0,97,0x000AE4,3,0,0x000AE6,03000005001D0300,0005001D030012810000000006450381
C:/Users/MadCat/Documents/GitHub/MechwarriorRecomp/research/extract/decoded_pck/RIFPCK_TBL.decoded.bin,pck_object_0004_part_002_choice_000_frame_098,pck_object_0004,pck_object_0004_part_002,pck_object_0004_part_002_choice_000,2,0,98,0x000AEC,18,129,0x000AEE,1281000000000645,000000000645038108080808214B0381
C:/Users/MadCat/Documents/GitHub/MechwarriorRecomp/research/extract/decoded_pck/RIFPCK_TBL.decoded.bin,pck_object_0004_part_002_choice_000_frame_099,pck_object_0004,pck_object_0004_part_002,pck_object_0004_part_002_choice_000,2,0,99,0x000AF4,3,129,0x000AF6,038108080808214B,08080808214B03810000000030510381
C:/Users/MadCat/Documents/GitHub/MechwarriorRecomp/research/extract/decoded_pck/RIFPCK_TBL.decoded.bin,pck_object_0004_part_002_choice_000_frame_100,pck_object_0004,pck_object_0004_part_002,pck_object_0004_part_002_choice_000,2,0,100,0x000AFC,3,129,0x000AFE,0381000000003051,00000000305103810808080826570381
C:/Users/MadCat/Documents/GitHub/MechwarriorRecomp/research/extract/decoded_pck/RIFPCK_TBL.decoded.bin,pck_object_0004_part_002_choice_000_frame_101,pck_object_0004,pck_object_0004_part_002,pck_object_0004_part_002_choice_000,2,0,101,0x000B04,3,129,0x000B06,0381080808082657,080808082657038100000000335D032A
C:/Users/MadCat/Documents/GitHub/MechwarriorRecomp/research/extract/decoded_pck/RIFPCK_TBL.decoded.bin,pck_object_0004_part_002_choice_000_frame_102,pck_object_0004,pck_object_0004_part_002,pck_object_0004_part_002_choice_000,2,0,102,0x000B0C,3,129,0x000B0E,038100000000335D,00000000335D032A2A2B2C2DFF2D2D2E
C:/Users/MadCat/Documents/GitHub/MechwarriorRecomp/research/extract/decoded_pck/RIFPCK_TBL.decoded.bin,pck_object_0004_part_002_choice_000_frame_103,pck_object_0004,pck_object_0004_part_002,pck_object_0004_part_002_choice_000,2,0,103,0x000B14,3,42,0x000B16,032A2A2B2C2DFF2D,2A2B2C2DFF2D2D2E2F2AFF2C2C312E2D
C:/Users/MadCat/Documents/GitHub/MechwarriorRecomp/research/extract/decoded_pck/RIFPCK_TBL.decoded.bin,pck_object_0004_part_002_choice_000_frame_104,pck_object_0004,pck_object_0004_part_002,pck_object_0004_part_002_choice_000,2,0,104,0x000B1C,45,46,0x000B1E,2D2E2F2AFF2C2C31,2F2AFF2C2C312E2DFF2B2B32312CFF2F
C:/Users/MadCat/Documents/GitHub/MechwarriorRecomp/research/extract/decoded_pck/RIFPCK_TBL.decoded.bin,pck_object_0004_part_002_choice_000_frame_105,pck_object_0004,pck_object_0004_part_002,pck_object_0004_part_002_choice_000,2,0,105,0x000B24,46,45,0x000B26,2E2DFF2B2B32312C,FF2B2B32312CFF2F2F322B2AFF010067
C:/Users/MadCat/Documents/GitHub/MechwarriorRecomp/research/extract/decoded_pck/RIFPCK_TBL.decoded.bin,pck_object_0004_part_002_choice_000_frame_106,pck_object_0004,pck_object_0004_part_002,pck_object_0004_part_002_choice_000,2,0,106,0x000B2C,255,47,0x000B2E,FF2F2F322B2AFF01,2F322B2AFF01006703000004006F031B
C:/Users/MadCat/Documents/GitHub/MechwarriorRecomp/research/extract/decoded_pck/RIFPCK_TBL.decoded.bin,pck_object_0004_part_002_choice_000_frame_107,pck_object_0004,pck_object_0004_part_002,pck_object_0004_part_002_choice_000,2,0,107,0x000B34,0,103,0x000B36,006703000004006F,03000004006F031B198100000000068F
C:/Users/MadCat/Documents/GitHub/MechwarriorRecomp/research/extract/decoded_pck/RIFPCK_TBL.decoded.bin,pck_object_0004_part_002_choice_000_frame_108,pck_object_0004,pck_object_0004_part_002,pck_object_0004_part_002_choice_000,2,0,108,0x000B3C,3,27,0x000B3E,031B198100000000,198100000000068F0381090909091894
C:/Users/MadCat/Documents/GitHub/MechwarriorRecomp/research/extract/decoded_pck/RIFPCK_TBL.decoded.bin,pck_object_0004_part_002_choice_000_frame_109,pck_object_0004,pck_object_0004_part_002,pck_object_0004_part_002_choice_000,2,0,109,0x000B44,6,143,0x000B46,068F038109090909,03810909090918940381080808080E9A
C:/Users/MadCat/Documents/GitHub/MechwarriorRecomp/research/extract/decoded_pck/RIFPCK_TBL.decoded.bin,pck_object_0004_part_002_choice_000_frame_110,pck_object_0004,pck_object_0004_part_002,pck_object_0004_part_002_choice_000,2,0,110,0x000B4C,24,148,0x000B4E,1894038108080808,0381080808080E9A0381010101011A9F
C:/Users/MadCat/Documents/GitHub/MechwarriorRecomp/research/extract/decoded_pck/RIFPCK_TBL.decoded.bin,pck_object_0004_part_002_choice_000_frame_111,pck_object_0004,pck_object_0004_part_002,pck_object_0004_part_002_choice_000,2,0,111,0x000B54,14,154,0x000B56,0E9A038101010101,0381010101011A9F0308083505FF3535
C:/Users/MadCat/Documents/GitHub/MechwarriorRecomp/research/extract/decoded_pck/RIFPCK_TBL.decoded.bin,pck_object_0004_part_002_choice_000_frame_112,pck_object_0004,pck_object_0004_part_002,pck_object_0004_part_002_choice_000,2,0,112,0x000B5C,26,159,0x000B5E,1A9F0308083505FF,0308083505FF3535360D05FF0D0D360A
C:/Users/MadCat/Documents/GitHub/MechwarriorRecomp/research/extract/decoded_pck/RIFPCK_TBL.decoded.bin,pck_object_0004_part_002_choice_000_frame_113,pck_object_0004,pck_object_0004_part_002,pck_object_0004_part_002_choice_000,2,0,113,0x000B64,53,53,0x000B66,3535360D05FF0D0D,360D05FF0D0D360AFF0A0A363508FF01
C:/Users/MadCat/Documents/GitHub/MechwarriorRecomp/research/extract/decoded_pck/RIFPCK_TBL.decoded.bin,pck_object_0004_part_002_choice_000_frame_114,pck_object_0004,pck_object_0004_part_002,pck_object_0004_part_002_choice_000,2,0,114,0x000B6C,54,10,0x000B6E,360AFF0A0A363508,FF0A0A363508FF0100A90300000500B1
C:/Users/MadCat/Documents/GitHub/MechwarriorRecomp/research/extract/decoded_pck/RIFPCK_TBL.decoded.bin,pck_object_0004_part_002_choice_000_frame_115,pck_object_0004,pck_object_0004_part_002,pck_object_0004_part_002_choice_000,2,0,115,0x000B74,255,1,0x000B76,FF0100A903000005,00A90300000500B10325168100000000
C:/Users/MadCat/Documents/GitHub/MechwarriorRecomp/research/extract/decoded_pck/RIFPCK_TBL.decoded.bin,pck_object_0004_part_002_choice_000_frame_116,pck_object_0004,pck_object_0004_part_002,pck_object_0004_part_002_choice_000,2,0,116,0x000B7C,0,177,0x000B7E,00B1032516810000,032516810000000013D9038100000000
C:/Users/MadCat/Documents/GitHub/MechwarriorRecomp/research/extract/decoded_pck/RIFPCK_TBL.decoded.bin,pck_object_0004_part_002_choice_000_frame_117,pck_object_0004,pck_object_0004_part_002,pck_object_0004_part_002_choice_000,2,0,117,0x000B84,0,0,0x000B86,000013D903810000,13D90381000000000EDF038101010101
C:/Users/MadCat/Documents/GitHub/MechwarriorRecomp/research/extract/decoded_pck/RIFPCK_TBL.decoded.bin,pck_object_0004_part_002_choice_000_frame_118,pck_object_0004,pck_object_0004_part_002,pck_object_0004_part_002_choice_000,2,0,118,0x000B8C,0,0,0x000B8E,00000EDF03810101,0EDF03810101010121E5038100000000
C:/Users/MadCat/Documents/GitHub/MechwarriorRecomp/research/extract/decoded_pck/RIFPCK_TBL.decoded.bin,pck_object_0004_part_002_choice_000_frame_119,pck_object_0004,pck_object_0004_part_002,pck_object_0004_part_002_choice_000,2,0,119,0x000B94,1,1,0x000B96,010121E503810000,21E503810000000006EB038107070707
C:/Users/MadCat/Documents/GitHub/MechwarriorRecomp/research/extract/decoded_pck/RIFPCK_TBL.decoded.bin,pck_object_0004_part_002_choice_000_frame_120,pck_object_0004,pck_object_0004_part_002,pck_object_0004_part_002_choice_000,2,0,120,0x000B9C,0,0,0x000B9E,000006EB03810707,06EB03810707070726F1033838393A3B
C:/Users/MadCat/Documents/GitHub/MechwarriorRecomp/research/extract/decoded_pck/RIFPCK_TBL.decoded.bin,pck_object_0004_part_002_choice_000_frame_121,pck_object_0004,pck_object_0004_part_002,pck_object_0004_part_002_choice_000,2,0,121,0x000BA4,7,7,0x000BA6,070726F103383839,26F1033838393A3BFF3C3C383B3DFF3D
C:/Users/MadCat/Documents/GitHub/MechwarriorRecomp/research/extract/decoded_pck/RIFPCK_TBL.decoded.bin,pck_object_0004_part_002_choice_000_frame_122,pck_object_0004,pck_object_0004_part_002,pck_object_0004_part_002_choice_000,2,0,122,0x000BAC,58,59,0x000BAE,3A3BFF3C3C383B3D,FF3C3C383B3DFF3D3D3B3A3EFF3E3E3A
C:/Users/MadCat/Documents/GitHub/MechwarriorRecomp/research/extract/decoded_pck/RIFPCK_TBL.decoded.bin,pck_object_0004_part_002_choice_000_frame_123,pck_object_0004,pck_object_0004_part_002,pck_object_0004_part_002_choice_000,2,0,123,0x000BB4,255,61,0x000BB6,FF3D3D3B3A3EFF3E,3D3B3A3EFF3E3E3A393FFF3F3F39383C
C:/Users/MadCat/Documents/GitHub/MechwarriorRecomp/research/extract/decoded_pck/RIFPCK_TBL.decoded.bin,pck_object_0004_part_002_choice_000_frame_124,pck_object_0004,pck_object_0004_part_002,pck_object_0004_part_002_choice_000,2,0,124,0x000BBC,62,58,0x000BBE,3E3A393FFF3F3F39,393FFF3F3F39383CFF0100FB03000002
C:/Users/MadCat/Documents/GitHub/MechwarriorRecomp/research/extract/decoded_pck/RIFPCK_TBL.decoded.bin,pck_object_0004_part_002_choice_000_frame_125,pck_object_0004,pck_object_0004_part_002,pck_object_0004_part_002_choice_000,2,0,125,0x000BC4,56,60,0x000BC6,383CFF0100FB0300,FF0100FB030000020003040808800000
C:/Users/MadCat/Documents/GitHub/MechwarriorRecomp/research/extract/decoded_pck/RIFPCK_TBL.decoded.bin,pck_object_0004_part_002_choice_000_frame_126,pck_object_0004,pck_object_0004_part_002,pck_object_0004_part_002_choice_000,2,0,126,0x000BCC,0,2,0x000BCE,0002000304080880,00030408088000000000FF1304800000
C:/Users/MadCat/Documents/GitHub/MechwarriorRecomp/research/extract/decoded_pck/RIFPCK_TBL.decoded.bin,pck_object_0004_part_002_choice_000_frame_127,pck_object_0004,pck_object_0004_part_002,pck_object_0004_part_002_choice_000,2,0,127,0x000BD4,0,0,0x000BD6,00000000FF130480,0000FF13048000000000FF1904414142
C:/Users/MadCat/Documents/GitHub/MechwarriorRecomp/research/extract/decoded_pck/RIFPCK_TBL.decoded.bin,pck_object_0004_part_002_choice_000_frame_128,pck_object_0004,pck_object_0004_part_002,pck_object_0004_part_002_choice_000,2,0,128,0x000BDC,0,0,0x000BDE,00000000FF190441,0000FF19044141424344FF4545464748
C:/Users/MadCat/Documents/GitHub/MechwarriorRecomp/research/extract/decoded_pck/RIFPCK_TBL.decoded.bin,pck_object_0004_part_003_choice_000_frame_000,pck_object_0004,pck_object_0004_part_003,pck_object_0004_part_003_choice_000,3,0,0,0x0007DC,128,0,0x0007DE,80006B0100000000,6B0100000000000008001A0000495A00
C:/Users/MadCat/Documents/GitHub/MechwarriorRecomp/research/extract/decoded_pck/RIFPCK_TBL.decoded.bin,pck_object_0004_part_003_choice_000_frame_001,pck_object_0004,pck_object_0004_part_003,pck_object_0004_part_003_choice_000,3,0,1,0x0007E4,0,0,0x0007E6,000008001A000049,08001A0000495A000100100211495A00
C:/Users/MadCat/Documents/GitHub/MechwarriorRecomp/research/extract/decoded_pck/RIFPCK_TBL.decoded.bin,pck_object_0004_part_003_choice_000_frame_002,pck_object_0004,pck_object_0004_part_003,pck_object_0004_part_003_choice_000,3,0,2,0x0007EC,90,0,0x0007EE,5A00010010021149,0100100211495A000100540216495A00
C:/Users/MadCat/Documents/GitHub/MechwarriorRecomp/research/extract/decoded_pck/RIFPCK_TBL.decoded.bin,pck_object_0004_part_003_choice_000_frame_003,pck_object_0004,pck_object_0004_part_003,pck_object_0004_part_003_choice_000,3,0,3,0x0007F4,90,0,0x0007F6,5A00010054021649,0100540216495A0001007C021B495A00
C:/Users/MadCat/Documents/GitHub/MechwarriorRecomp/research/extract/decoded_pck/RIFPCK_TBL.decoded.bin,pck_object_0004_part_003_choice_000_frame_004,pck_object_0004,pck_object_0004_part_003,pck_object_0004_part_003_choice_000,3,0,4,0x0007FC,90,0,0x0007FE,5A0001007C021B49,01007C021B495A000100BE0229495A00
C:/Users/MadCat/Documents/GitHub/MechwarriorRecomp/research/extract/decoded_pck/RIFPCK_TBL.decoded.bin,pck_object_0004_part_003_choice_000_frame_005,pck_object_0004,pck_object_0004_part_003,pck_object_0004_part_003_choice_000,3,0,5,0x000804,90,0,0x000806,5A000100BE022949,0100BE0229495A000100110334495A00
C:/Users/MadCat/Documents/GitHub/MechwarriorRecomp/research/extract/decoded_pck/RIFPCK_TBL.decoded.bin,pck_object_0004_part_003_choice_000_frame_006,pck_object_0004,pck_object_0004_part_003,pck_object_0004_part_003_choice_000,3,0,6,0x00080C,90,0,0x00080E,5A00010011033449,0100110334495A000100630337495A00
C:/Users/MadCat/Documents/GitHub/MechwarriorRecomp/research/extract/decoded_pck/RIFPCK_TBL.decoded.bin,pck_object_0004_part_003_choice_000_frame_007,pck_object_0004,pck_object_0004_part_003,pck_object_0004_part_003_choice_000,3,0,7,0x000814,90,0,0x000816,5A00010063033749,0100630337495A000100A50340495A00
C:/Users/MadCat/Documents/GitHub/MechwarriorRecomp/research/extract/decoded_pck/RIFPCK_TBL.decoded.bin,pck_object_0004_part_003_choice_000_frame_008,pck_object_0004,pck_object_0004_part_003,pck_object_0004_part_003_choice_000,3,0,8,0x00081C,90,0,0x00081E,5A000100A5034049,0100A50340495A000100F70300003200
C:/Users/MadCat/Documents/GitHub/MechwarriorRecomp/research/extract/decoded_pck/RIFPCK_TBL.decoded.bin,pck_object_0004_part_003_choice_000_frame_009,pck_object_0004,pck_object_0004_part_003,pck_object_0004_part_003_choice_000,3,0,9,0x000824,90,0,0x000826,5A000100F7030000,0100F7030000320064000000C20710FE
C:/Users/MadCat/Documents/GitHub/MechwarriorRecomp/research/extract/decoded_pck/RIFPCK_TBL.decoded.bin,pck_object_0004_part_003_choice_000_frame_010,pck_object_0004,pck_object_0004_part_003,pck_object_0004_part_003_choice_000,3,0,10,0x00082C,50,0,0x00082E,320064000000C207,64000000C20710FE88FF5000A00088FF
C:/Users/MadCat/Documents/GitHub/MechwarriorRecomp/research/extract/decoded_pck/RIFPCK_TBL.decoded.bin,pck_object_0004_part_003_choice_000_frame_011,pck_object_0004,pck_object_0004_part_003,pck_object_0004_part_003_choice_000,3,0,11,0x000834,16,254,0x000836,10FE88FF5000A000,88FF5000A00088FF2800000078002800
C:/Users/MadCat/Documents/GitHub/MechwarriorRecomp/research/extract/decoded_pck/RIFPCK_TBL.decoded.bin,pck_object_0004_part_003_choice_000_frame_012,pck_object_0004,pck_object_0004_part_003,pck_object_0004_part_003_choice_000,3,0,12,0x00083C,136,255,0x00083E,88FF280000007800,2800000078002800000078005000A000
C:/Users/MadCat/Documents/GitHub/MechwarriorRecomp/research/extract/decoded_pck/RIFPCK_TBL.decoded.bin,pck_object_0004_part_003_choice_000_frame_013,pck_object_0004,pck_object_0004_part_003,pck_object_0004_part_003_choice_000,3,0,13,0x000844,40,0,0x000846,2800000078005000,000078005000A0000008000000007800
C:/Users/MadCat/Documents/GitHub/MechwarriorRecomp/research/extract/decoded_pck/RIFPCK_TBL.decoded.bin,pck_object_0004_part_003_choice_000_frame_014,pck_object_0004,pck_object_0004_part_003,pck_object_0004_part_003_choice_000,3,0,14,0x00084C,160,0,0x00084E,A000000800000000,0008000000007800D8FF00007800B0FF
C:/Users/MadCat/Documents/GitHub/MechwarriorRecomp/research/extract/decoded_pck/RIFPCK_TBL.decoded.bin,pck_object_0004_part_003_choice_000_frame_015,pck_object_0004,pck_object_0004_part_003,pck_object_0004_part_003_choice_000,3,0,15,0x000854,120,0,0x000856,7800D8FF00007800,D8FF00007800B0FFFA000000EC03F806
C:/Users/MadCat/Documents/GitHub/MechwarriorRecomp/research/extract/decoded_pck/RIFPCK_TBL.decoded.bin,pck_object_0004_part_003_choice_000_frame_016,pck_object_0004,pck_object_0004_part_003,pck_object_0004_part_003_choice_000,3,0,16,0x00085C,176,255,0x00085E,B0FFFA000000EC03,FA000000EC03F8062800B0FFFA00D8FF
C:/Users/MadCat/Documents/GitHub/MechwarriorRecomp/research/extract/decoded_pck/RIFPCK_TBL.decoded.bin,pck_object_0004_part_003_choice_000_frame_017,pck_object_0004,pck_object_0004_part_003,pck_object_0004_part_003_choice_000,3,0,17,0x000864,248,6,0x000866,F8062800B0FFFA00,2800B0FFFA00D8FFB0FFFA00D8FF5000
C:/Users/MadCat/Documents/GitHub/MechwarriorRecomp/research/extract/decoded_pck/RIFPCK_TBL.decoded.bin,pck_object_0004_part_003_choice_000_frame_018,pck_object_0004,pck_object_0004_part_003,pck_object_0004_part_003_choice_000,3,0,18,0x00086C,216,255,0x00086E,D8FFB0FFFA00D8FF,B0FFFA00D8FF5000A00028005000A000
C:/Users/MadCat/Documents/GitHub/MechwarriorRecomp/research/extract/decoded_pck/RIFPCK_TBL.decoded.bin,pck_object_0004_part_003_choice_000_frame_019,pck_object_0004,pck_object_0004_part_003,pck_object_0004_part_003_choice_000,3,0,19,0x000874,80,0,0x000876,5000A00028005000,A00028005000A00000F80000000088FF
C:/Users/MadCat/Documents/GitHub/MechwarriorRecomp/research/extract/decoded_pck/RIFPCK_TBL.decoded.bin,pck_object_0004_part_003_choice_000_frame_020,pck_object_0004,pck_object_0004_part_003,pck_object_0004_part_003_choice_000,3,0,20,0x00087C,160,0,0x00087E,A00000F800000000,00F80000000088FFB0FFFA0088FFD8FF
C:/Users/MadCat/Documents/GitHub/MechwarriorRecomp/research/extract/decoded_pck/RIFPCK_TBL.decoded.bin,pck_object_0004_part_003_choice_000_frame_021,pck_object_0004,pck_object_0004_part_003,pck_object_0004_part_003_choice_000,3,0,21,0x000884,136,255,0x000886,88FFB0FFFA0088FF,B0FFFA0088FFD8FF000000000CFECEFF
C:/Users/MadCat/Documents/GitHub/MechwarriorRecomp/research/extract/decoded_pck/RIFPCK_TBL.decoded.bin,pck_object_0004_part_003_choice_000_frame_022,pck_object_0004,pck_object_0004_part_003,pck_object_0004_part_003_choice_000,3,0,22,0x00088C,216,255,0x00088E,D8FF000000000CFE,000000000CFECEFF00001AF8BDFE0000
C:/Users/MadCat/Documents/GitHub/MechwarriorRecomp/research/extract/decoded_pck/RIFPCK_TBL.decoded.bin,pck_object_0004_part_003_choice_000_frame_023,pck_object_0004,pck_object_0004_part_003,pck_object_0004_part_003_choice_000,3,0,23,0x000894,206,255,0x000896,CEFF00001AF8BDFE,00001AF8BDFE0000000000F86E00D8FF
C:/Users/MadCat/Documents/GitHub/MechwarriorRecomp/research/extract/decoded_pck/RIFPCK_TBL.decoded.bin,pck_object_0004_part_003_choice_000_frame_024,pck_object_0004,pck_object_0004_part_003,pck_object_0004_part_003_choice_000,3,0,24,0x00089C,0,0,0x00089E,0000000000F86E00,000000F86E00D8FF00006E0028000000
C:/Users/MadCat/Documents/GitHub/MechwarriorRecomp/research/extract/decoded_pck/RIFPCK_TBL.decoded.bin,pck_object_0004_part_003_choice_000_frame_025,pck_object_0004,pck_object_0004_part_003,pck_object_0004_part_003_choice_000,3,0,25,0x0008A4,216,255,0x0008A6,D8FF00006E002800,00006E00280000000CFEF401F40188FF
C:/Users/MadCat/Documents/GitHub/MechwarriorRecomp/research/extract/decoded_pck/RIFPCK_TBL.decoded.bin,pck_object_0004_part_003_choice_000_frame_026,pck_object_0004,pck_object_0004_part_003,pck_object_0004_part_003_choice_000,3,0,26,0x0008AC,0,0,0x0008AE,00000CFEF401F401,0CFEF401F40188FF00002C010000F206
C:/Users/MadCat/Documents/GitHub/MechwarriorRecomp/research/extract/decoded_pck/RIFPCK_TBL.decoded.bin,pck_object_0004_part_003_choice_000_frame_027,pck_object_0004,pck_object_0004_part_003,pck_object_0004_part_003_choice_000,3,0,27,0x0008B4,136,255,0x0008B6,88FF00002C010000,00002C010000F206F803D8FF00002C01
C:/Users/MadCat/Documents/GitHub/MechwarriorRecomp/research/extract/decoded_pck/RIFPCK_TBL.decoded.bin,pck_object_0004_part_003_choice_000_frame_028,pck_object_0004,pck_object_0004_part_003,pck_object_0004_part_003_choice_000,3,0,28,0x0008BC,242,6,0x0008BE,F206F803D8FF0000,F803D8FF00002C010000C3FBC80618FC
C:/Users/MadCat/Documents/GitHub/MechwarriorRecomp/research/extract/decoded_pck/RIFPCK_TBL.decoded.bin,pck_object_0004_part_003_choice_000_frame_029,pck_object_0004,pck_object_0004_part_003,pck_object_0004_part_003_choice_000,3,0,29,0x0008C4,44,1,0x0008C6,2C010000C3FBC806,0000C3FBC80618FC0000000056FF1E00
C:/Users/MadCat/Documents/GitHub/MechwarriorRecomp/research/extract/decoded_pck/RIFPCK_TBL.decoded.bin,pck_object_0004_part_003_choice_000_frame_030,pck_object_0004,pck_object_0004_part_003,pck_object_0004_part_003_choice_000,3,0,30,0x0008CC,24,252,0x0008CE,18FC0000000056FF,0000000056FF1E008C0056FFE2FF8C00
C:/Users/MadCat/Documents/GitHub/MechwarriorRecomp/research/extract/decoded_pck/RIFPCK_TBL.decoded.bin,pck_object_0004_part_003_choice_000_frame_031,pck_object_0004,pck_object_0004_part_003,pck_object_0004_part_003_choice_000,3,0,31,0x0008D4,30,0,0x0008D6,1E008C0056FFE2FF,8C0056FFE2FF8C0056FFE2FF640056FF
C:/Users/MadCat/Documents/GitHub/MechwarriorRecomp/research/extract/decoded_pck/RIFPCK_TBL.decoded.bin,pck_object_0004_part_003_choice_000_frame_032,pck_object_0004,pck_object_0004_part_003,pck_object_0004_part_003_choice_000,3,0,32,0x0008DC,140,0,0x0008DE,8C0056FFE2FF6400,56FFE2FF640056FF1400640056FF1E00
C:/Users/MadCat/Documents/GitHub/MechwarriorRecomp/research/extract/decoded_pck/RIFPCK_TBL.decoded.bin,pck_object_0004_part_003_choice_000_frame_033,pck_object_0004,pck_object_0004_part_003,pck_object_0004_part_003_choice_000,3,0,33,0x0008E4,86,255,0x0008E6,56FF1400640056FF,1400640056FF1E006400000000080000
C:/Users/MadCat/Documents/GitHub/MechwarriorRecomp/research/extract/decoded_pck/RIFPCK_TBL.decoded.bin,pck_object_0004_part_003_choice_000_frame_034,pck_object_0004,pck_object_0004_part_003,pck_object_0004_part_003_choice_000,3,0,34,0x0008EC,30,0,0x0008EE,1E00640000000008,640000000008000088FF1E00A00088FF
C:/Users/MadCat/Documents/GitHub/MechwarriorRecomp/research/extract/decoded_pck/RIFPCK_TBL.decoded.bin,pck_object_0004_part_003_choice_000_frame_035,pck_object_0004,pck_object_0004_part_003,pck_object_0004_part_003_choice_000,3,0,35,0x0008F4,0,0,0x0008F6,000088FF1E00A000,88FF1E00A00088FF1E00280008FD0000
C:/Users/MadCat/Documents/GitHub/MechwarriorRecomp/research/extract/decoded_pck/RIFPCK_TBL.decoded.bin,pck_object_0004_part_003_choice_000_frame_036,pck_object_0004,pck_object_0004_part_003,pck_object_0004_part_003_choice_000,3,0,36,0x0008FC,136,255,0x0008FE,88FF1E00280008FD,1E00280008FD00006D0788FFE2FFA000
C:/Users/MadCat/Documents/GitHub/MechwarriorRecomp/research/extract/decoded_pck/RIFPCK_TBL.decoded.bin,pck_object_0004_part_003_choice_000_frame_037,pck_object_0004,pck_object_0004_part_003,pck_object_0004_part_003_choice_000,3,0,37,0x000904,0,0,0x000906,00006D0788FFE2FF,6D0788FFE2FFA000000000F8000088FF
C:/Users/MadCat/Documents/GitHub/MechwarriorRecomp/research/extract/decoded_pck/RIFPCK_TBL.decoded.bin,pck_object_0004_part_003_choice_000_frame_038,pck_object_0004,pck_object_0004_part_003,pck_object_0004_part_003_choice_000,3,0,38,0x00090C,160,0,0x00090E,A000000000F80000,000000F8000088FFE2FF2800DBF90000
C:/Users/MadCat/Documents/GitHub/MechwarriorRecomp/research/extract/decoded_pck/RIFPCK_TBL.decoded.bin,pck_object_0004_part_003_choice_000_frame_039,pck_object_0004,pck_object_0004_part_003,pck_object_0004_part_003_choice_000,3,0,39,0x000914,136,255,0x000916,88FFE2FF2800DBF9,E2FF2800DBF90000E1FAE80300000000
C:/Users/MadCat/Documents/GitHub/MechwarriorRecomp/research/extract/decoded_pck/RIFPCK_TBL.decoded.bin,pck_object_0004_part_003_choice_000_frame_040,pck_object_0004,pck_object_0004_part_003,pck_object_0004_part_003_choice_000,3,0,40,0x00091C,0,0,0x00091E,0000E1FAE8030000,E1FAE80300000000AA001E006400AA00
C:/Users/MadCat/Documents/GitHub/MechwarriorRecomp/research/extract/decoded_pck/RIFPCK_TBL.decoded.bin,pck_object_0004_part_003_choice_000_frame_041,pck_object_0004,pck_object_0004_part_003,pck_object_0004_part_003_choice_000,3,0,41,0x000924,0,0,0x000926,0000AA001E006400,AA001E006400AA00E2FF6400AA00E2FF
C:/Users/MadCat/Documents/GitHub/MechwarriorRecomp/research/extract/decoded_pck/RIFPCK_TBL.decoded.bin,pck_object_0004_part_003_choice_000_frame_042,pck_object_0004,pck_object_0004_part_003,pck_object_0004_part_003_choice_000,3,0,42,0x00092C,170,0,0x00092E,AA00E2FF6400AA00,E2FF6400AA00E2FF8C00AA001E008C00
C:/Users/MadCat/Documents/GitHub/MechwarriorRecomp/research/extract/decoded_pck/RIFPCK_TBL.decoded.bin,pck_object_0004_part_003_choice_000_frame_043,pck_object_0004,pck_object_0004_part_003,pck_object_0004_part_003_choice_000,3,0,43,0x000934,226,255,0x000936,E2FF8C00AA001E00,8C00AA001E008C0078001E00A0007800
C:/Users/MadCat/Documents/GitHub/MechwarriorRecomp/research/extract/decoded_pck/RIFPCK_TBL.decoded.bin,pck_object_0004_part_003_choice_000_frame_044,pck_object_0004,pck_object_0004_part_003,pck_object_0004_part_003_choice_000,3,0,44,0x00093C,140,0,0x00093E,8C0078001E00A000,78001E00A00078001E002800F8020000
C:/Users/MadCat/Documents/GitHub/MechwarriorRecomp/research/extract/decoded_pck/RIFPCK_TBL.decoded.bin,pck_object_0004_part_003_choice_000_frame_045,pck_object_0004,pck_object_0004_part_003,pck_object_0004_part_003_choice_000,3,0,45,0x000944,120,0,0x000946,78001E002800F802,1E002800F80200006D077800E2FFA000
C:/Users/MadCat/Documents/GitHub/MechwarriorRecomp/research/extract/decoded_pck/RIFPCK_TBL.decoded.bin,pck_object_0004_part_003_choice_000_frame_046,pck_object_0004,pck_object_0004_part_003,pck_object_0004_part_003_choice_000,3,0,46,0x00094C,0,0,0x00094E,00006D077800E2FF,6D077800E2FFA0007800E2FF28002506
C:/Users/MadCat/Documents/GitHub/MechwarriorRecomp/research/extract/decoded_pck/RIFPCK_TBL.decoded.bin,pck_object_0004_part_003_choice_000_frame_047,pck_object_0004,pck_object_0004_part_003,pck_object_0004_part_003_choice_000,3,0,47,0x000954,160,0,0x000956,A0007800E2FF2800,7800E2FF280025060000E1FAF401F401
C:/Users/MadCat/Documents/GitHub/MechwarriorRecomp/research/extract/decoded_pck/RIFPCK_TBL.decoded.bin,pck_object_0004_part_003_choice_000_frame_048,pck_object_0004,pck_object_0004_part_003,pck_object_0004_part_003_choice_000,3,0,48,0x00095C,37,6,0x00095E,25060000E1FAF401,0000E1FAF401F401F401780000002C01
C:/Users/MadCat/Documents/GitHub/MechwarriorRecomp/research/extract/decoded_pck/RIFPCK_TBL.decoded.bin,pck_object_0004_part_003_choice_000_frame_049,pck_object_0004,pck_object_0004_part_003,pck_object_0004_part_003_choice_000,3,0,49,0x000964,244,1,0x000966,F401F40178000000,F401780000002C01280000002C010000
C:/Users/MadCat/Documents/GitHub/MechwarriorRecomp/research/extract/decoded_pck/RIFPCK_TBL.decoded.bin,pck_object_0004_part_003_choice_000_frame_050,pck_object_0004,pck_object_0004_part_003,pck_object_0004_part_003_choice_000,3,0,50,0x00096C,44,1,0x00096E,2C01280000002C01,280000002C010000320018FCD8FFD8FF
C:/Users/MadCat/Documents/GitHub/MechwarriorRecomp/research/extract/decoded_pck/RIFPCK_TBL.decoded.bin,pck_object_0004_part_003_choice_000_frame_051,pck_object_0004,pck_object_0004_part_003,pck_object_0004_part_003_choice_000,3,0,51,0x000974,0,0,0x000976,0000320018FCD8FF,320018FCD8FFD8FF9CFF2800D8FF9CFF
C:/Users/MadCat/Documents/GitHub/MechwarriorRecomp/research/extract/decoded_pck/RIFPCK_TBL.decoded.bin,pck_object_0004_part_003_choice_000_frame_052,pck_object_0004,pck_object_0004_part_003,pck_object_0004_part_003_choice_000,3,0,52,0x00097C,216,255,0x00097E,D8FF9CFF2800D8FF,9CFF2800D8FF9CFF280028009CFFD8FF
C:/Users/MadCat/Documents/GitHub/MechwarriorRecomp/research/extract/decoded_pck/RIFPCK_TBL.decoded.bin,pck_object_0004_part_003_choice_000_frame_053,pck_object_0004,pck_object_0004_part_003,pck_object_0004_part_003_choice_000,3,0,53,0x000984,156,255,0x000986,9CFF280028009CFF,280028009CFFD8FF28009CFFD8FFD8FF
C:/Users/MadCat/Documents/GitHub/MechwarriorRecomp/research/extract/decoded_pck/RIFPCK_TBL.decoded.bin,pck_object_0004_part_003_choice_000_frame_054,pck_object_0004,pck_object_0004_part_003,pck_object_0004_part_003_choice_000,3,0,54,0x00098C,216,255,0x00098E,D8FF28009CFFD8FF,28009CFFD8FFD8FF0000D8FF28000000
C:/Users/MadCat/Documents/GitHub/MechwarriorRecomp/research/extract/decoded_pck/RIFPCK_TBL.decoded.bin,pck_object_0004_part_003_choice_000_frame_055,pck_object_0004,pck_object_0004_part_003,pck_object_0004_part_003_choice_000,3,0,55,0x000994,216,255,0x000996,D8FF0000D8FF2800,0000D8FF280000002800280000002800
C:/Users/MadCat/Documents/GitHub/MechwarriorRecomp/research/extract/decoded_pck/RIFPCK_TBL.decoded.bin,pck_object_0004_part_003_choice_000_frame_056,pck_object_0004,pck_object_0004_part_003,pck_object_0004_part_003_choice_000,3,0,56,0x00099C,0,0,0x00099E,0000280028000000,2800280000002800D8FF0000000038FF
C:/Users/MadCat/Documents/GitHub/MechwarriorRecomp/research/extract/decoded_pck/RIFPCK_TBL.decoded.bin,pck_object_0004_part_003_choice_000_frame_057,pck_object_0004,pck_object_0004_part_003,pck_object_0004_part_003_choice_000,3,0,57,0x0009A4,40,0,0x0009A6,2800D8FF00000000,D8FF0000000038FFD00746009CFF4A01
C:/Users/MadCat/Documents/GitHub/MechwarriorRecomp/research/extract/decoded_pck/RIFPCK_TBL.decoded.bin,pck_object_0004_part_003_choice_000_frame_058,pck_object_0004,pck_object_0004_part_003,pck_object_0004_part_003_choice_000,3,0,58,0x0009AC,56,255,0x0009AE,38FFD00746009CFF,D00746009CFF4A01BAFF9CFF4A01BAFF
C:/Users/MadCat/Documents/GitHub/MechwarriorRecomp/research/extract/decoded_pck/RIFPCK_TBL.decoded.bin,pck_object_0004_part_003_choice_000_frame_059,pck_object_0004,pck_object_0004_part_003,pck_object_0004_part_003_choice_000,3,0,59,0x0009B4,74,1,0x0009B6,4A01BAFF9CFF4A01,BAFF9CFF4A01BAFFBAFF5E014600BAFF
C:/Users/MadCat/Documents/GitHub/MechwarriorRecomp/research/extract/decoded_pck/RIFPCK_TBL.decoded.bin,pck_object_0004_part_003_choice_000_frame_060,pck_object_0004,pck_object_0004_part_003,pck_object_0004_part_003_choice_000,3,0,60,0x0009BC,186,255,0x0009BE,BAFFBAFF5E014600,BAFF5E014600BAFF5E010A00B0FFFA00
C:/Users/MadCat/Documents/GitHub/MechwarriorRecomp/research/extract/decoded_pck/RIFPCK_TBL.decoded.bin,pck_object_0004_part_003_choice_000_frame_061,pck_object_0004,pck_object_0004_part_003,pck_object_0004_part_003_choice_000,3,0,61,0x0009C4,186,255,0x0009C6,BAFF5E010A00B0FF,5E010A00B0FFFA000A00B0FF5401F6FF
C:/Users/MadCat/Documents/GitHub/MechwarriorRecomp/research/extract/decoded_pck/RIFPCK_TBL.decoded.bin,pck_object_0004_part_003_choice_000_frame_062,pck_object_0004,pck_object_0004_part_003,pck_object_0004_part_003_choice_000,3,0,62,0x0009CC,250,0,0x0009CE,FA000A00B0FF5401,0A00B0FF5401F6FFB0FF5401F6FFB0FF
C:/Users/MadCat/Documents/GitHub/MechwarriorRecomp/research/extract/decoded_pck/RIFPCK_TBL.decoded.bin,pck_object_0004_part_003_choice_000_frame_063,pck_object_0004,pck_object_0004_part_003,pck_object_0004_part_003_choice_000,3,0,63,0x0009D4,246,255,0x0009D6,F6FFB0FF5401F6FF,B0FF5401F6FFB0FFFA00010014020000
C:/Users/MadCat/Documents/GitHub/MechwarriorRecomp/research/extract/decoded_pck/RIFPCK_TBL.decoded.bin,pck_object_0004_part_003_choice_000_frame_064,pck_object_0004,pck_object_0004_part_003,pck_object_0004_part_003_choice_000,3,0,64,0x0009DC,176,255,0x0009DE,B0FFFA0001001402,FA0001001402000004001C0208F88101
C:/Users/MadCat/Documents/GitHub/MechwarriorRecomp/research/extract/decoded_pck/RIFPCK_TBL.decoded.bin,pck_object_0004_part_003_choice_000_frame_065,pck_object_0004,pck_object_0004_part_003,pck_object_0004_part_003_choice_000,3,0,65,0x0009E4,0,0,0x0009E6,000004001C0208F8,04001C0208F88101010101013C028100
C:/Users/MadCat/Documents/GitHub/MechwarriorRecomp/research/extract/decoded_pck/RIFPCK_TBL.decoded.bin,pck_object_0004_part_003_choice_000_frame_066,pck_object_0004,pck_object_0004_part_003,pck_object_0004_part_003_choice_000,3,0,66,0x0009EC,129,1,0x0009EE,8101010101013C02,010101013C0281000000000642028100
C:/Users/MadCat/Documents/GitHub/MechwarriorRecomp/research/extract/decoded_pck/RIFPCK_TBL.decoded.bin,pck_object_0004_part_003_choice_000_frame_067,pck_object_0004,pck_object_0004_part_003,pck_object_0004_part_003_choice_000,3,0,67,0x0009F4,129,0,0x0009F6,8100000000064202,00000006420281000000000948028100
C:/Users/MadCat/Documents/GitHub/MechwarriorRecomp/research/extract/decoded_pck/RIFPCK_TBL.decoded.bin,pck_object_0004_part_003_choice_000_frame_068,pck_object_0004,pck_object_0004_part_003,pck_object_0004_part_003_choice_000,3,0,68,0x0009FC,129,0,0x0009FE,8100000000094802,00000009480281000000000E4E020202
C:/Users/MadCat/Documents/GitHub/MechwarriorRecomp/research/extract/decoded_pck/RIFPCK_TBL.decoded.bin,pck_object_0004_part_003_choice_000_frame_069,pck_object_0004,pck_object_0004_part_003,pck_object_0004_part_003_choice_000,3,0,69,0x000A04,129,0,0x000A06,81000000000E4E02,0000000E4E020202030405FF05050407
C:/Users/MadCat/Documents/GitHub/MechwarriorRecomp/research/extract/decoded_pck/RIFPCK_TBL.decoded.bin,pck_object_0004_part_003_choice_000_frame_070,pck_object_0004,pck_object_0004_part_003,pck_object_0004_part_003_choice_000,3,0,70,0x000A0C,2,2,0x000A0E,0202030405FF0505,030405FF0505040708FF0A0A0B0C0DFF
C:/Users/MadCat/Documents/GitHub/MechwarriorRecomp/research/extract/decoded_pck/RIFPCK_TBL.decoded.bin,pck_object_0004_part_003_choice_000_frame_071,pck_object_0004,pck_object_0004_part_003,pck_object_0004_part_003_choice_000,3,0,71,0x000A14,4,7,0x000A16,040708FF0A0A0B0C,08FF0A0A0B0C0DFF0F0F100302FF0100
C:/Users/MadCat/Documents/GitHub/MechwarriorRecomp/research/extract/decoded_pck/RIFPCK_TBL.decoded.bin,pck_object_0004_part_003_choice_000_frame_072,pck_object_0004,pck_object_0004_part_003,pck_object_0004_part_003_choice_000,3,0,72,0x000A1C,13,255,0x000A1E,0DFF0F0F100302FF,0F0F100302FF01005802000002006002
C:/Users/MadCat/Documents/GitHub/MechwarriorRecomp/research/extract/decoded_pck/RIFPCK_TBL.decoded.bin,pck_object_0004_part_003_choice_000_frame_073,pck_object_0004,pck_object_0004_part_003,pck_object_0004_part_003_choice_000,3,0,73,0x000A24,1,0,0x000A26,0100580200000200,5802000002006002FF07810707070712
C:/Users/MadCat/Documents/GitHub/MechwarriorRecomp/research/extract/decoded_pck/RIFPCK_TBL.decoded.bin,pck_object_0004_part_003_choice_000_frame_074,pck_object_0004,pck_object_0004_part_003,pck_object_0004_part_003_choice_000,3,0,74,0x000A2C,96,2,0x000A2E,6002FF0781070707,FF078107070707127002810000000013
C:/Users/MadCat/Documents/GitHub/MechwarriorRecomp/research/extract/decoded_pck/RIFPCK_TBL.decoded.bin,pck_object_0004_part_003_choice_000_frame_075,pck_object_0004,pck_object_0004_part_003,pck_object_0004_part_003_choice_000,3,0,75,0x000A34,7,18,0x000A36,0712700281000000,700281000000001376020F0F080710FF
C:/Users/MadCat/Documents/GitHub/MechwarriorRecomp/research/extract/decoded_pck/RIFPCK_TBL.decoded.bin,pck_object_0004_part_003_choice_000_frame_076,pck_object_0004,pck_object_0004_part_003,pck_object_0004_part_003_choice_000,3,0,76,0x000A3C,0,19,0x000A3E,001376020F0F0807,76020F0F080710FF1010141503FF0100
C:/Users/MadCat/Documents/GitHub/MechwarriorRecomp/research/extract/decoded_pck/RIFPCK_TBL.decoded.bin,pck_object_0004_part_003_choice_000_frame_077,pck_object_0004,pck_object_0004_part_003,pck_object_0004_part_003_choice_000,3,0,77,0x000A44,16,255,0x000A46,10FF1010141503FF,1010141503FF01008002000004008802
C:/Users/MadCat/Documents/GitHub/MechwarriorRecomp/research/extract/decoded_pck/RIFPCK_TBL.decoded.bin,pck_object_0004_part_003_choice_000_frame_078,pck_object_0004,pck_object_0004_part_003,pck_object_0004_part_003_choice_000,3,0,78,0x000A4C,1,0,0x000A4E,0100800200000400,80020000040088028DFE81000000000E
C:/Users/MadCat/Documents/GitHub/MechwarriorRecomp/research/extract/decoded_pck/RIFPCK_TBL.decoded.bin,pck_object_0004_part_003_choice_000_frame_079,pck_object_0004,pck_object_0004_part_003,pck_object_0004_part_003_choice_000,3,0,79,0x000A54,136,2,0x000A56,88028DFE81000000,8DFE81000000000EA802810909090918
C:/Users/MadCat/Documents/GitHub/MechwarriorRecomp/research/extract/decoded_pck/RIFPCK_TBL.decoded.bin,pck_object_0004_part_003_choice_000_frame_080,pck_object_0004,pck_object_0004_part_003,pck_object_0004_part_003_choice_000,3,0,80,0x000A5C,0,14,0x000A5E,000EA80281090909,A802810909090918AD02810808080806
C:/Users/MadCat/Documents/GitHub/MechwarriorRecomp/research/extract/decoded_pck/RIFPCK_TBL.decoded.bin,pck_object_0004_part_003_choice_000_frame_081,pck_object_0004,pck_object_0004_part_003,pck_object_0004_part_003_choice_000,3,0,81,0x000A64,9,24,0x000A66,0918AD0281080808,AD02810808080806B30281010101011A
C:/Users/MadCat/Documents/GitHub/MechwarriorRecomp/research/extract/decoded_pck/RIFPCK_TBL.decoded.bin,pck_object_0004_part_003_choice_000_frame_082,pck_object_0004,pck_object_0004_part_003,pck_object_0004_part_003_choice_000,3,0,82,0x000A6C,8,6,0x000A6E,0806B30281010101,B30281010101011AB8020202170FFF0C
C:/Users/MadCat/Documents/GitHub/MechwarriorRecomp/research/extract/decoded_pck/RIFPCK_TBL.decoded.bin,pck_object_0004_part_003_choice_000_frame_083,pck_object_0004,pck_object_0004_part_003,pck_object_0004_part_003_choice_000,3,0,83,0x000A74,1,26,0x000A76,011AB8020202170F,B8020202170FFF0C0C191702FF0B0B19
C:/Users/MadCat/Documents/GitHub/MechwarriorRecomp/research/extract/decoded_pck/RIFPCK_TBL.decoded.bin,pck_object_0004_part_003_choice_000_frame_084,pck_object_0004,pck_object_0004_part_003,pck_object_0004_part_003_choice_000,3,0,84,0x000A7C,255,12,0x000A7E,FF0C0C191702FF0B,0C191702FF0B0B190CFF19190B0F17FF
C:/Users/MadCat/Documents/GitHub/MechwarriorRecomp/research/extract/decoded_pck/RIFPCK_TBL.decoded.bin,pck_object_0004_part_003_choice_000_frame_085,pck_object_0004,pck_object_0004_part_003,pck_object_0004_part_003_choice_000,3,0,85,0x000A84,11,25,0x000A86,0B190CFF19190B0F,0CFF19190B0F17FF0100C20200000500
C:/Users/MadCat/Documents/GitHub/MechwarriorRecomp/research/extract/decoded_pck/RIFPCK_TBL.decoded.bin,pck_object_0004_part_003_choice_000_frame_086,pck_object_0004,pck_object_0004_part_003,pck_object_0004_part_003_choice_000,3,0,86,0x000A8C,23,255,0x000A8E,17FF0100C2020000,0100C20200000500CA02080181000000
C:/Users/MadCat/Documents/GitHub/MechwarriorRecomp/research/extract/decoded_pck/RIFPCK_TBL.decoded.bin,pck_object_0004_part_003_choice_000_frame_087,pck_object_0004,pck_object_0004_part_003,pck_object_0004_part_003_choice_000,3,0,87,0x000A94,5,0,0x000A96,0500CA0208018100,CA02080181000000000EF20281080808
C:/Users/MadCat/Documents/GitHub/MechwarriorRecomp/research/extract/decoded_pck/RIFPCK_TBL.decoded.bin,pck_object_0004_part_003_choice_000_frame_088,pck_object_0004,pck_object_0004_part_003,pck_object_0004_part_003_choice_000,3,0,88,0x000A9C,0,0,0x000A9E,0000000EF2028108,000EF202810808080821F90281000000
C:/Users/MadCat/Documents/GitHub/MechwarriorRecomp/research/extract/decoded_pck/RIFPCK_TBL.decoded.bin,pck_object_0004_part_003_choice_000_frame_089,pck_object_0004,pck_object_0004_part_003,pck_object_0004_part_003_choice_000,3,0,89,0x000AA4,8,8,0x000AA6,08080821F9028100,0821F902810000000024FF0281080808
C:/Users/MadCat/Documents/GitHub/MechwarriorRecomp/research/extract/decoded_pck/RIFPCK_TBL.decoded.bin,pck_object_0004_part_003_choice_000_frame_090,pck_object_0004,pck_object_0004_part_003,pck_object_0004_part_003_choice_000,3,0,90,0x000AAC,0,0,0x000AAE,00000024FF028108,0024FF02810808080826050381000000
C:/Users/MadCat/Documents/GitHub/MechwarriorRecomp/research/extract/decoded_pck/RIFPCK_TBL.decoded.bin,pck_object_0004_part_003_choice_000_frame_091,pck_object_0004,pck_object_0004_part_003,pck_object_0004_part_003_choice_000,3,0,91,0x000AB4,8,8,0x000AB6,0808082605038100,082605038100000000280B031C1C1D1E
C:/Users/MadCat/Documents/GitHub/MechwarriorRecomp/research/extract/decoded_pck/RIFPCK_TBL.decoded.bin,pck_object_0004_part_003_choice_000_frame_092,pck_object_0004,pck_object_0004_part_003,pck_object_0004_part_003_choice_000,3,0,92,0x000ABC,0,0,0x000ABE,000000280B031C1C,00280B031C1C1D1E1F20FF22221C2023
C:/Users/MadCat/Documents/GitHub/MechwarriorRecomp/research/extract/decoded_pck/RIFPCK_TBL.decoded.bin,pck_object_0004_part_003_choice_000_frame_093,pck_object_0004,pck_object_0004_part_003,pck_object_0004_part_003_choice_000,3,0,93,0x000AC4,29,30,0x000AC6,1D1E1F20FF22221C,1F20FF22221C2023FF25251D1C22FF27
C:/Users/MadCat/Documents/GitHub/MechwarriorRecomp/research/extract/decoded_pck/RIFPCK_TBL.decoded.bin,pck_object_0004_part_003_choice_000_frame_094,pck_object_0004,pck_object_0004_part_003,pck_object_0004_part_003_choice_000,3,0,94,0x000ACC,32,35,0x000ACE,2023FF25251D1C22,FF25251D1C22FF27271E1D25FF232320
C:/Users/MadCat/Documents/GitHub/MechwarriorRecomp/research/extract/decoded_pck/RIFPCK_TBL.decoded.bin,pck_object_0004_part_003_choice_000_frame_095,pck_object_0004,pck_object_0004_part_003,pck_object_0004_part_003_choice_000,3,0,95,0x000AD4,255,39,0x000AD6,FF27271E1D25FF23,271E1D25FF2323201E27FF0100150300
C:/Users/MadCat/Documents/GitHub/MechwarriorRecomp/research/extract/decoded_pck/RIFPCK_TBL.decoded.bin,pck_object_0004_part_003_choice_000_frame_096,pck_object_0004,pck_object_0004_part_003,pck_object_0004_part_003_choice_000,3,0,96,0x000ADC,35,32,0x000ADE,23201E27FF010015,1E27FF01001503000005001D03001281
C:/Users/MadCat/Documents/GitHub/MechwarriorRecomp/research/extract/decoded_pck/RIFPCK_TBL.decoded.bin,pck_object_0004_part_003_choice_000_frame_097,pck_object_0004,pck_object_0004_part_003,pck_object_0004_part_003_choice_000,3,0,97,0x000AE4,3,0,0x000AE6,03000005001D0300,0005001D030012810000000006450381
C:/Users/MadCat/Documents/GitHub/MechwarriorRecomp/research/extract/decoded_pck/RIFPCK_TBL.decoded.bin,pck_object_0004_part_003_choice_000_frame_098,pck_object_0004,pck_object_0004_part_003,pck_object_0004_part_003_choice_000,3,0,98,0x000AEC,18,129,0x000AEE,1281000000000645,000000000645038108080808214B0381
C:/Users/MadCat/Documents/GitHub/MechwarriorRecomp/research/extract/decoded_pck/RIFPCK_TBL.decoded.bin,pck_object_0004_part_003_choice_000_frame_099,pck_object_0004,pck_object_0004_part_003,pck_object_0004_part_003_choice_000,3,0,99,0x000AF4,3,129,0x000AF6,038108080808214B,08080808214B03810000000030510381
C:/Users/MadCat/Documents/GitHub/MechwarriorRecomp/research/extract/decoded_pck/RIFPCK_TBL.decoded.bin,pck_object_0004_part_003_choice_000_frame_100,pck_object_0004,pck_object_0004_part_003,pck_object_0004_part_003_choice_000,3,0,100,0x000AFC,3,129,0x000AFE,0381000000003051,00000000305103810808080826570381
C:/Users/MadCat/Documents/GitHub/MechwarriorRecomp/research/extract/decoded_pck/RIFPCK_TBL.decoded.bin,pck_object_0004_part_003_choice_000_frame_101,pck_object_0004,pck_object_0004_part_003,pck_object_0004_part_003_choice_000,3,0,101,0x000B04,3,129,0x000B06,0381080808082657,080808082657038100000000335D032A
C:/Users/MadCat/Documents/GitHub/MechwarriorRecomp/research/extract/decoded_pck/RIFPCK_TBL.decoded.bin,pck_object_0004_part_003_choice_000_frame_102,pck_object_0004,pck_object_0004_part_003,pck_object_0004_part_003_choice_000,3,0,102,0x000B0C,3,129,0x000B0E,038100000000335D,00000000335D032A2A2B2C2DFF2D2D2E
C:/Users/MadCat/Documents/GitHub/MechwarriorRecomp/research/extract/decoded_pck/RIFPCK_TBL.decoded.bin,pck_object_0004_part_003_choice_000_frame_103,pck_object_0004,pck_object_0004_part_003,pck_object_0004_part_003_choice_000,3,0,103,0x000B14,3,42,0x000B16,032A2A2B2C2DFF2D,2A2B2C2DFF2D2D2E2F2AFF2C2C312E2D
C:/Users/MadCat/Documents/GitHub/MechwarriorRecomp/research/extract/decoded_pck/RIFPCK_TBL.decoded.bin,pck_object_0004_part_003_choice_000_frame_104,pck_object_0004,pck_object_0004_part_003,pck_object_0004_part_003_choice_000,3,0,104,0x000B1C,45,46,0x000B1E,2D2E2F2AFF2C2C31,2F2AFF2C2C312E2DFF2B2B32312CFF2F
C:/Users/MadCat/Documents/GitHub/MechwarriorRecomp/research/extract/decoded_pck/RIFPCK_TBL.decoded.bin,pck_object_0004_part_003_choice_000_frame_105,pck_object_0004,pck_object_0004_part_003,pck_object_0004_part_003_choice_000,3,0,105,0x000B24,46,45,0x000B26,2E2DFF2B2B32312C,FF2B2B32312CFF2F2F322B2AFF010067
C:/Users/MadCat/Documents/GitHub/MechwarriorRecomp/research/extract/decoded_pck/RIFPCK_TBL.decoded.bin,pck_object_0004_part_003_choice_000_frame_106,pck_object_0004,pck_object_0004_part_003,pck_object_0004_part_003_choice_000,3,0,106,0x000B2C,255,47,0x000B2E,FF2F2F322B2AFF01,2F322B2AFF01006703000004006F031B
C:/Users/MadCat/Documents/GitHub/MechwarriorRecomp/research/extract/decoded_pck/RIFPCK_TBL.decoded.bin,pck_object_0004_part_003_choice_000_frame_107,pck_object_0004,pck_object_0004_part_003,pck_object_0004_part_003_choice_000,3,0,107,0x000B34,0,103,0x000B36,006703000004006F,03000004006F031B198100000000068F
C:/Users/MadCat/Documents/GitHub/MechwarriorRecomp/research/extract/decoded_pck/RIFPCK_TBL.decoded.bin,pck_object_0004_part_003_choice_000_frame_108,pck_object_0004,pck_object_0004_part_003,pck_object_0004_part_003_choice_000,3,0,108,0x000B3C,3,27,0x000B3E,031B198100000000,198100000000068F0381090909091894
C:/Users/MadCat/Documents/GitHub/MechwarriorRecomp/research/extract/decoded_pck/RIFPCK_TBL.decoded.bin,pck_object_0004_part_003_choice_000_frame_109,pck_object_0004,pck_object_0004_part_003,pck_object_0004_part_003_choice_000,3,0,109,0x000B44,6,143,0x000B46,068F038109090909,03810909090918940381080808080E9A
C:/Users/MadCat/Documents/GitHub/MechwarriorRecomp/research/extract/decoded_pck/RIFPCK_TBL.decoded.bin,pck_object_0004_part_003_choice_000_frame_110,pck_object_0004,pck_object_0004_part_003,pck_object_0004_part_003_choice_000,3,0,110,0x000B4C,24,148,0x000B4E,1894038108080808,0381080808080E9A0381010101011A9F
C:/Users/MadCat/Documents/GitHub/MechwarriorRecomp/research/extract/decoded_pck/RIFPCK_TBL.decoded.bin,pck_object_0004_part_003_choice_000_frame_111,pck_object_0004,pck_object_0004_part_003,pck_object_0004_part_003_choice_000,3,0,111,0x000B54,14,154,0x000B56,0E9A038101010101,0381010101011A9F0308083505FF3535
C:/Users/MadCat/Documents/GitHub/MechwarriorRecomp/research/extract/decoded_pck/RIFPCK_TBL.decoded.bin,pck_object_0004_part_003_choice_000_frame_112,pck_object_0004,pck_object_0004_part_003,pck_object_0004_part_003_choice_000,3,0,112,0x000B5C,26,159,0x000B5E,1A9F0308083505FF,0308083505FF3535360D05FF0D0D360A
C:/Users/MadCat/Documents/GitHub/MechwarriorRecomp/research/extract/decoded_pck/RIFPCK_TBL.decoded.bin,pck_object_0004_part_003_choice_000_frame_113,pck_object_0004,pck_object_0004_part_003,pck_object_0004_part_003_choice_000,3,0,113,0x000B64,53,53,0x000B66,3535360D05FF0D0D,360D05FF0D0D360AFF0A0A363508FF01
C:/Users/MadCat/Documents/GitHub/MechwarriorRecomp/research/extract/decoded_pck/RIFPCK_TBL.decoded.bin,pck_object_0004_part_003_choice_000_frame_114,pck_object_0004,pck_object_0004_part_003,pck_object_0004_part_003_choice_000,3,0,114,0x000B6C,54,10,0x000B6E,360AFF0A0A363508,FF0A0A363508FF0100A90300000500B1
C:/Users/MadCat/Documents/GitHub/MechwarriorRecomp/research/extract/decoded_pck/RIFPCK_TBL.decoded.bin,pck_object_0004_part_003_choice_000_frame_115,pck_object_0004,pck_object_0004_part_003,pck_object_0004_part_003_choice_000,3,0,115,0x000B74,255,1,0x000B76,FF0100A903000005,00A90300000500B10325168100000000
C:/Users/MadCat/Documents/GitHub/MechwarriorRecomp/research/extract/decoded_pck/RIFPCK_TBL.decoded.bin,pck_object_0004_part_003_choice_000_frame_116,pck_object_0004,pck_object_0004_part_003,pck_object_0004_part_003_choice_000,3,0,116,0x000B7C,0,177,0x000B7E,00B1032516810000,032516810000000013D9038100000000
C:/Users/MadCat/Documents/GitHub/MechwarriorRecomp/research/extract/decoded_pck/RIFPCK_TBL.decoded.bin,pck_object_0004_part_003_choice_000_frame_117,pck_object_0004,pck_object_0004_part_003,pck_object_0004_part_003_choice_000,3,0,117,0x000B84,0,0,0x000B86,000013D903810000,13D90381000000000EDF038101010101
C:/Users/MadCat/Documents/GitHub/MechwarriorRecomp/research/extract/decoded_pck/RIFPCK_TBL.decoded.bin,pck_object_0004_part_003_choice_000_frame_118,pck_object_0004,pck_object_0004_part_003,pck_object_0004_part_003_choice_000,3,0,118,0x000B8C,0,0,0x000B8E,00000EDF03810101,0EDF03810101010121E5038100000000
C:/Users/MadCat/Documents/GitHub/MechwarriorRecomp/research/extract/decoded_pck/RIFPCK_TBL.decoded.bin,pck_object_0004_part_003_choice_000_frame_119,pck_object_0004,pck_object_0004_part_003,pck_object_0004_part_003_choice_000,3,0,119,0x000B94,1,1,0x000B96,010121E503810000,21E503810000000006EB038107070707
C:/Users/MadCat/Documents/GitHub/MechwarriorRecomp/research/extract/decoded_pck/RIFPCK_TBL.decoded.bin,pck_object_0004_part_003_choice_000_frame_120,pck_object_0004,pck_object_0004_part_003,pck_object_0004_part_003_choice_000,3,0,120,0x000B9C,0,0,0x000B9E,000006EB03810707,06EB03810707070726F1033838393A3B
C:/Users/MadCat/Documents/GitHub/MechwarriorRecomp/research/extract/decoded_pck/RIFPCK_TBL.decoded.bin,pck_object_0004_part_003_choice_000_frame_121,pck_object_0004,pck_object_0004_part_003,pck_object_0004_part_003_choice_000,3,0,121,0x000BA4,7,7,0x000BA6,070726F103383839,26F1033838393A3BFF3C3C383B3DFF3D
C:/Users/MadCat/Documents/GitHub/MechwarriorRecomp/research/extract/decoded_pck/RIFPCK_TBL.decoded.bin,pck_object_0004_part_003_choice_000_frame_122,pck_object_0004,pck_object_0004_part_003,pck_object_0004_part_003_choice_000,3,0,122,0x000BAC,58,59,0x000BAE,3A3BFF3C3C383B3D,FF3C3C383B3DFF3D3D3B3A3EFF3E3E3A
C:/Users/MadCat/Documents/GitHub/MechwarriorRecomp/research/extract/decoded_pck/RIFPCK_TBL.decoded.bin,pck_object_0004_part_003_choice_000_frame_123,pck_object_0004,pck_object_0004_part_003,pck_object_0004_part_003_choice_000,3,0,123,0x000BB4,255,61,0x000BB6,FF3D3D3B3A3EFF3E,3D3B3A3EFF3E3E3A393FFF3F3F39383C
C:/Users/MadCat/Documents/GitHub/MechwarriorRecomp/research/extract/decoded_pck/RIFPCK_TBL.decoded.bin,pck_object_0004_part_003_choice_000_frame_124,pck_object_0004,pck_object_0004_part_003,pck_object_0004_part_003_choice_000,3,0,124,0x000BBC,62,58,0x000BBE,3E3A393FFF3F3F39,393FFF3F3F39383CFF0100FB03000002
C:/Users/MadCat/Documents/GitHub/MechwarriorRecomp/research/extract/decoded_pck/RIFPCK_TBL.decoded.bin,pck_object_0004_part_003_choice_000_frame_125,pck_object_0004,pck_object_0004_part_003,pck_object_0004_part_003_choice_000,3,0,125,0x000BC4,56,60,0x000BC6,383CFF0100FB0300,FF0100FB030000020003040808800000
C:/Users/MadCat/Documents/GitHub/MechwarriorRecomp/research/extract/decoded_pck/RIFPCK_TBL.decoded.bin,pck_object_0004_part_003_choice_000_frame_126,pck_object_0004,pck_object_0004_part_003,pck_object_0004_part_003_choice_000,3,0,126,0x000BCC,0,2,0x000BCE,0002000304080880,00030408088000000000FF1304800000
C:/Users/MadCat/Documents/GitHub/MechwarriorRecomp/research/extract/decoded_pck/RIFPCK_TBL.decoded.bin,pck_object_0004_part_003_choice_000_frame_127,pck_object_0004,pck_object_0004_part_003,pck_object_0004_part_003_choice_000,3,0,127,0x000BD4,0,0,0x000BD6,00000000FF130480,0000FF13048000000000FF1904414142
C:/Users/MadCat/Documents/GitHub/MechwarriorRecomp/research/extract/decoded_pck/RIFPCK_TBL.decoded.bin,pck_object_0004_part_003_choice_000_frame_128,pck_object_0004,pck_object_0004_part_003,pck_object_0004_part_003_choice_000,3,0,128,0x000BDC,0,0,0x000BDE,00000000FF190441,0000FF19044141424344FF4545464748
C:/Users/MadCat/Documents/GitHub/MechwarriorRecomp/research/extract/decoded_pck/RIFPCK_TBL.decoded.bin,pck_object_0004_part_004_choice_000_frame_000,pck_object_0004,pck_object_0004_part_004,pck_object_0004_part_004_choice_000,4,0,0,0x0007DC,128,0,0x0007DE,80006B0100000000,6B0100000000000008001A0000495A00
C:/Users/MadCat/Documents/GitHub/MechwarriorRecomp/research/extract/decoded_pck/RIFPCK_TBL.decoded.bin,pck_object_0004_part_004_choice_000_frame_001,pck_object_0004,pck_object_0004_part_004,pck_object_0004_part_004_choice_000,4,0,1,0x0007E4,0,0,0x0007E6,000008001A000049,08001A0000495A000100100211495A00
C:/Users/MadCat/Documents/GitHub/MechwarriorRecomp/research/extract/decoded_pck/RIFPCK_TBL.decoded.bin,pck_object_0004_part_004_choice_000_frame_002,pck_object_0004,pck_object_0004_part_004,pck_object_0004_part_004_choice_000,4,0,2,0x0007EC,90,0,0x0007EE,5A00010010021149,0100100211495A000100540216495A00
C:/Users/MadCat/Documents/GitHub/MechwarriorRecomp/research/extract/decoded_pck/RIFPCK_TBL.decoded.bin,pck_object_0004_part_004_choice_000_frame_003,pck_object_0004,pck_object_0004_part_004,pck_object_0004_part_004_choice_000,4,0,3,0x0007F4,90,0,0x0007F6,5A00010054021649,0100540216495A0001007C021B495A00
C:/Users/MadCat/Documents/GitHub/MechwarriorRecomp/research/extract/decoded_pck/RIFPCK_TBL.decoded.bin,pck_object_0004_part_004_choice_000_frame_004,pck_object_0004,pck_object_0004_part_004,pck_object_0004_part_004_choice_000,4,0,4,0x0007FC,90,0,0x0007FE,5A0001007C021B49,01007C021B495A000100BE0229495A00
C:/Users/MadCat/Documents/GitHub/MechwarriorRecomp/research/extract/decoded_pck/RIFPCK_TBL.decoded.bin,pck_object_0004_part_004_choice_000_frame_005,pck_object_0004,pck_object_0004_part_004,pck_object_0004_part_004_choice_000,4,0,5,0x000804,90,0,0x000806,5A000100BE022949,0100BE0229495A000100110334495A00
C:/Users/MadCat/Documents/GitHub/MechwarriorRecomp/research/extract/decoded_pck/RIFPCK_TBL.decoded.bin,pck_object_0004_part_004_choice_000_frame_006,pck_object_0004,pck_object_0004_part_004,pck_object_0004_part_004_choice_000,4,0,6,0x00080C,90,0,0x00080E,5A00010011033449,0100110334495A000100630337495A00
C:/Users/MadCat/Documents/GitHub/MechwarriorRecomp/research/extract/decoded_pck/RIFPCK_TBL.decoded.bin,pck_object_0004_part_004_choice_000_frame_007,pck_object_0004,pck_object_0004_part_004,pck_object_0004_part_004_choice_000,4,0,7,0x000814,90,0,0x000816,5A00010063033749,0100630337495A000100A50340495A00
C:/Users/MadCat/Documents/GitHub/MechwarriorRecomp/research/extract/decoded_pck/RIFPCK_TBL.decoded.bin,pck_object_0004_part_004_choice_000_frame_008,pck_object_0004,pck_object_0004_part_004,pck_object_0004_part_004_choice_000,4,0,8,0x00081C,90,0,0x00081E,5A000100A5034049,0100A50340495A000100F70300003200
C:/Users/MadCat/Documents/GitHub/MechwarriorRecomp/research/extract/decoded_pck/RIFPCK_TBL.decoded.bin,pck_object_0004_part_004_choice_000_frame_009,pck_object_0004,pck_object_0004_part_004,pck_object_0004_part_004_choice_000,4,0,9,0x000824,90,0,0x000826,5A000100F7030000,0100F7030000320064000000C20710FE
C:/Users/MadCat/Documents/GitHub/MechwarriorRecomp/research/extract/decoded_pck/RIFPCK_TBL.decoded.bin,pck_object_0004_part_004_choice_000_frame_010,pck_object_0004,pck_object_0004_part_004,pck_object_0004_part_004_choice_000,4,0,10,0x00082C,50,0,0x00082E,320064000000C207,64000000C20710FE88FF5000A00088FF
C:/Users/MadCat/Documents/GitHub/MechwarriorRecomp/research/extract/decoded_pck/RIFPCK_TBL.decoded.bin,pck_object_0004_part_004_choice_000_frame_011,pck_object_0004,pck_object_0004_part_004,pck_object_0004_part_004_choice_000,4,0,11,0x000834,16,254,0x000836,10FE88FF5000A000,88FF5000A00088FF2800000078002800
C:/Users/MadCat/Documents/GitHub/MechwarriorRecomp/research/extract/decoded_pck/RIFPCK_TBL.decoded.bin,pck_object_0004_part_004_choice_000_frame_012,pck_object_0004,pck_object_0004_part_004,pck_object_0004_part_004_choice_000,4,0,12,0x00083C,136,255,0x00083E,88FF280000007800,2800000078002800000078005000A000
C:/Users/MadCat/Documents/GitHub/MechwarriorRecomp/research/extract/decoded_pck/RIFPCK_TBL.decoded.bin,pck_object_0004_part_004_choice_000_frame_013,pck_object_0004,pck_object_0004_part_004,pck_object_0004_part_004_choice_000,4,0,13,0x000844,40,0,0x000846,2800000078005000,000078005000A0000008000000007800
C:/Users/MadCat/Documents/GitHub/MechwarriorRecomp/research/extract/decoded_pck/RIFPCK_TBL.decoded.bin,pck_object_0004_part_004_choice_000_frame_014,pck_object_0004,pck_object_0004_part_004,pck_object_0004_part_004_choice_000,4,0,14,0x00084C,160,0,0x00084E,A000000800000000,0008000000007800D8FF00007800B0FF
C:/Users/MadCat/Documents/GitHub/MechwarriorRecomp/research/extract/decoded_pck/RIFPCK_TBL.decoded.bin,pck_object_0004_part_004_choice_000_frame_015,pck_object_0004,pck_object_0004_part_004,pck_object_0004_part_004_choice_000,4,0,15,0x000854,120,0,0x000856,7800D8FF00007800,D8FF00007800B0FFFA000000EC03F806
C:/Users/MadCat/Documents/GitHub/MechwarriorRecomp/research/extract/decoded_pck/RIFPCK_TBL.decoded.bin,pck_object_0004_part_004_choice_000_frame_016,pck_object_0004,pck_object_0004_part_004,pck_object_0004_part_004_choice_000,4,0,16,0x00085C,176,255,0x00085E,B0FFFA000000EC03,FA000000EC03F8062800B0FFFA00D8FF
C:/Users/MadCat/Documents/GitHub/MechwarriorRecomp/research/extract/decoded_pck/RIFPCK_TBL.decoded.bin,pck_object_0004_part_004_choice_000_frame_017,pck_object_0004,pck_object_0004_part_004,pck_object_0004_part_004_choice_000,4,0,17,0x000864,248,6,0x000866,F8062800B0FFFA00,2800B0FFFA00D8FFB0FFFA00D8FF5000
C:/Users/MadCat/Documents/GitHub/MechwarriorRecomp/research/extract/decoded_pck/RIFPCK_TBL.decoded.bin,pck_object_0004_part_004_choice_000_frame_018,pck_object_0004,pck_object_0004_part_004,pck_object_0004_part_004_choice_000,4,0,18,0x00086C,216,255,0x00086E,D8FFB0FFFA00D8FF,B0FFFA00D8FF5000A00028005000A000
C:/Users/MadCat/Documents/GitHub/MechwarriorRecomp/research/extract/decoded_pck/RIFPCK_TBL.decoded.bin,pck_object_0004_part_004_choice_000_frame_019,pck_object_0004,pck_object_0004_part_004,pck_object_0004_part_004_choice_000,4,0,19,0x000874,80,0,0x000876,5000A00028005000,A00028005000A00000F80000000088FF
C:/Users/MadCat/Documents/GitHub/MechwarriorRecomp/research/extract/decoded_pck/RIFPCK_TBL.decoded.bin,pck_object_0004_part_004_choice_000_frame_020,pck_object_0004,pck_object_0004_part_004,pck_object_0004_part_004_choice_000,4,0,20,0x00087C,160,0,0x00087E,A00000F800000000,00F80000000088FFB0FFFA0088FFD8FF
C:/Users/MadCat/Documents/GitHub/MechwarriorRecomp/research/extract/decoded_pck/RIFPCK_TBL.decoded.bin,pck_object_0004_part_004_choice_000_frame_021,pck_object_0004,pck_object_0004_part_004,pck_object_0004_part_004_choice_000,4,0,21,0x000884,136,255,0x000886,88FFB0FFFA0088FF,B0FFFA0088FFD8FF000000000CFECEFF
C:/Users/MadCat/Documents/GitHub/MechwarriorRecomp/research/extract/decoded_pck/RIFPCK_TBL.decoded.bin,pck_object_0004_part_004_choice_000_frame_022,pck_object_0004,pck_object_0004_part_004,pck_object_0004_part_004_choice_000,4,0,22,0x00088C,216,255,0x00088E,D8FF000000000CFE,000000000CFECEFF00001AF8BDFE0000
C:/Users/MadCat/Documents/GitHub/MechwarriorRecomp/research/extract/decoded_pck/RIFPCK_TBL.decoded.bin,pck_object_0004_part_004_choice_000_frame_023,pck_object_0004,pck_object_0004_part_004,pck_object_0004_part_004_choice_000,4,0,23,0x000894,206,255,0x000896,CEFF00001AF8BDFE,00001AF8BDFE0000000000F86E00D8FF
C:/Users/MadCat/Documents/GitHub/MechwarriorRecomp/research/extract/decoded_pck/RIFPCK_TBL.decoded.bin,pck_object_0004_part_004_choice_000_frame_024,pck_object_0004,pck_object_0004_part_004,pck_object_0004_part_004_choice_000,4,0,24,0x00089C,0,0,0x00089E,0000000000F86E00,000000F86E00D8FF00006E0028000000
C:/Users/MadCat/Documents/GitHub/MechwarriorRecomp/research/extract/decoded_pck/RIFPCK_TBL.decoded.bin,pck_object_0004_part_004_choice_000_frame_025,pck_object_0004,pck_object_0004_part_004,pck_object_0004_part_004_choice_000,4,0,25,0x0008A4,216,255,0x0008A6,D8FF00006E002800,00006E00280000000CFEF401F40188FF
C:/Users/MadCat/Documents/GitHub/MechwarriorRecomp/research/extract/decoded_pck/RIFPCK_TBL.decoded.bin,pck_object_0004_part_004_choice_000_frame_026,pck_object_0004,pck_object_0004_part_004,pck_object_0004_part_004_choice_000,4,0,26,0x0008AC,0,0,0x0008AE,00000CFEF401F401,0CFEF401F40188FF00002C010000F206
C:/Users/MadCat/Documents/GitHub/MechwarriorRecomp/research/extract/decoded_pck/RIFPCK_TBL.decoded.bin,pck_object_0004_part_004_choice_000_frame_027,pck_object_0004,pck_object_0004_part_004,pck_object_0004_part_004_choice_000,4,0,27,0x0008B4,136,255,0x0008B6,88FF00002C010000,00002C010000F206F803D8FF00002C01
C:/Users/MadCat/Documents/GitHub/MechwarriorRecomp/research/extract/decoded_pck/RIFPCK_TBL.decoded.bin,pck_object_0004_part_004_choice_000_frame_028,pck_object_0004,pck_object_0004_part_004,pck_object_0004_part_004_choice_000,4,0,28,0x0008BC,242,6,0x0008BE,F206F803D8FF0000,F803D8FF00002C010000C3FBC80618FC
C:/Users/MadCat/Documents/GitHub/MechwarriorRecomp/research/extract/decoded_pck/RIFPCK_TBL.decoded.bin,pck_object_0004_part_004_choice_000_frame_029,pck_object_0004,pck_object_0004_part_004,pck_object_0004_part_004_choice_000,4,0,29,0x0008C4,44,1,0x0008C6,2C010000C3FBC806,0000C3FBC80618FC0000000056FF1E00
C:/Users/MadCat/Documents/GitHub/MechwarriorRecomp/research/extract/decoded_pck/RIFPCK_TBL.decoded.bin,pck_object_0004_part_004_choice_000_frame_030,pck_object_0004,pck_object_0004_part_004,pck_object_0004_part_004_choice_000,4,0,30,0x0008CC,24,252,0x0008CE,18FC0000000056FF,0000000056FF1E008C0056FFE2FF8C00
C:/Users/MadCat/Documents/GitHub/MechwarriorRecomp/research/extract/decoded_pck/RIFPCK_TBL.decoded.bin,pck_object_0004_part_004_choice_000_frame_031,pck_object_0004,pck_object_0004_part_004,pck_object_0004_part_004_choice_000,4,0,31,0x0008D4,30,0,0x0008D6,1E008C0056FFE2FF,8C0056FFE2FF8C0056FFE2FF640056FF
C:/Users/MadCat/Documents/GitHub/MechwarriorRecomp/research/extract/decoded_pck/RIFPCK_TBL.decoded.bin,pck_object_0004_part_004_choice_000_frame_032,pck_object_0004,pck_object_0004_part_004,pck_object_0004_part_004_choice_000,4,0,32,0x0008DC,140,0,0x0008DE,8C0056FFE2FF6400,56FFE2FF640056FF1400640056FF1E00
C:/Users/MadCat/Documents/GitHub/MechwarriorRecomp/research/extract/decoded_pck/RIFPCK_TBL.decoded.bin,pck_object_0004_part_004_choice_000_frame_033,pck_object_0004,pck_object_0004_part_004,pck_object_0004_part_004_choice_000,4,0,33,0x0008E4,86,255,0x0008E6,56FF1400640056FF,1400640056FF1E006400000000080000
C:/Users/MadCat/Documents/GitHub/MechwarriorRecomp/research/extract/decoded_pck/RIFPCK_TBL.decoded.bin,pck_object_0004_part_004_choice_000_frame_034,pck_object_0004,pck_object_0004_part_004,pck_object_0004_part_004_choice_000,4,0,34,0x0008EC,30,0,0x0008EE,1E00640000000008,640000000008000088FF1E00A00088FF
C:/Users/MadCat/Documents/GitHub/MechwarriorRecomp/research/extract/decoded_pck/RIFPCK_TBL.decoded.bin,pck_object_0004_part_004_choice_000_frame_035,pck_object_0004,pck_object_0004_part_004,pck_object_0004_part_004_choice_000,4,0,35,0x0008F4,0,0,0x0008F6,000088FF1E00A000,88FF1E00A00088FF1E00280008FD0000
C:/Users/MadCat/Documents/GitHub/MechwarriorRecomp/research/extract/decoded_pck/RIFPCK_TBL.decoded.bin,pck_object_0004_part_004_choice_000_frame_036,pck_object_0004,pck_object_0004_part_004,pck_object_0004_part_004_choice_000,4,0,36,0x0008FC,136,255,0x0008FE,88FF1E00280008FD,1E00280008FD00006D0788FFE2FFA000
C:/Users/MadCat/Documents/GitHub/MechwarriorRecomp/research/extract/decoded_pck/RIFPCK_TBL.decoded.bin,pck_object_0004_part_004_choice_000_frame_037,pck_object_0004,pck_object_0004_part_004,pck_object_0004_part_004_choice_000,4,0,37,0x000904,0,0,0x000906,00006D0788FFE2FF,6D0788FFE2FFA000000000F8000088FF
C:/Users/MadCat/Documents/GitHub/MechwarriorRecomp/research/extract/decoded_pck/RIFPCK_TBL.decoded.bin,pck_object_0004_part_004_choice_000_frame_038,pck_object_0004,pck_object_0004_part_004,pck_object_0004_part_004_choice_000,4,0,38,0x00090C,160,0,0x00090E,A000000000F80000,000000F8000088FFE2FF2800DBF90000
C:/Users/MadCat/Documents/GitHub/MechwarriorRecomp/research/extract/decoded_pck/RIFPCK_TBL.decoded.bin,pck_object_0004_part_004_choice_000_frame_039,pck_object_0004,pck_object_0004_part_004,pck_object_0004_part_004_choice_000,4,0,39,0x000914,136,255,0x000916,88FFE2FF2800DBF9,E2FF2800DBF90000E1FAE80300000000
C:/Users/MadCat/Documents/GitHub/MechwarriorRecomp/research/extract/decoded_pck/RIFPCK_TBL.decoded.bin,pck_object_0004_part_004_choice_000_frame_040,pck_object_0004,pck_object_0004_part_004,pck_object_0004_part_004_choice_000,4,0,40,0x00091C,0,0,0x00091E,0000E1FAE8030000,E1FAE80300000000AA001E006400AA00
C:/Users/MadCat/Documents/GitHub/MechwarriorRecomp/research/extract/decoded_pck/RIFPCK_TBL.decoded.bin,pck_object_0004_part_004_choice_000_frame_041,pck_object_0004,pck_object_0004_part_004,pck_object_0004_part_004_choice_000,4,0,41,0x000924,0,0,0x000926,0000AA001E006400,AA001E006400AA00E2FF6400AA00E2FF
C:/Users/MadCat/Documents/GitHub/MechwarriorRecomp/research/extract/decoded_pck/RIFPCK_TBL.decoded.bin,pck_object_0004_part_004_choice_000_frame_042,pck_object_0004,pck_object_0004_part_004,pck_object_0004_part_004_choice_000,4,0,42,0x00092C,170,0,0x00092E,AA00E2FF6400AA00,E2FF6400AA00E2FF8C00AA001E008C00
C:/Users/MadCat/Documents/GitHub/MechwarriorRecomp/research/extract/decoded_pck/RIFPCK_TBL.decoded.bin,pck_object_0004_part_004_choice_000_frame_043,pck_object_0004,pck_object_0004_part_004,pck_object_0004_part_004_choice_000,4,0,43,0x000934,226,255,0x000936,E2FF8C00AA001E00,8C00AA001E008C0078001E00A0007800
C:/Users/MadCat/Documents/GitHub/MechwarriorRecomp/research/extract/decoded_pck/RIFPCK_TBL.decoded.bin,pck_object_0004_part_004_choice_000_frame_044,pck_object_0004,pck_object_0004_part_004,pck_object_0004_part_004_choice_000,4,0,44,0x00093C,140,0,0x00093E,8C0078001E00A000,78001E00A00078001E002800F8020000
C:/Users/MadCat/Documents/GitHub/MechwarriorRecomp/research/extract/decoded_pck/RIFPCK_TBL.decoded.bin,pck_object_0004_part_004_choice_000_frame_045,pck_object_0004,pck_object_0004_part_004,pck_object_0004_part_004_choice_000,4,0,45,0x000944,120,0,0x000946,78001E002800F802,1E002800F80200006D077800E2FFA000
C:/Users/MadCat/Documents/GitHub/MechwarriorRecomp/research/extract/decoded_pck/RIFPCK_TBL.decoded.bin,pck_object_0004_part_004_choice_000_frame_046,pck_object_0004,pck_object_0004_part_004,pck_object_0004_part_004_choice_000,4,0,46,0x00094C,0,0,0x00094E,00006D077800E2FF,6D077800E2FFA0007800E2FF28002506
C:/Users/MadCat/Documents/GitHub/MechwarriorRecomp/research/extract/decoded_pck/RIFPCK_TBL.decoded.bin,pck_object_0004_part_004_choice_000_frame_047,pck_object_0004,pck_object_0004_part_004,pck_object_0004_part_004_choice_000,4,0,47,0x000954,160,0,0x000956,A0007800E2FF2800,7800E2FF280025060000E1FAF401F401
C:/Users/MadCat/Documents/GitHub/MechwarriorRecomp/research/extract/decoded_pck/RIFPCK_TBL.decoded.bin,pck_object_0004_part_004_choice_000_frame_048,pck_object_0004,pck_object_0004_part_004,pck_object_0004_part_004_choice_000,4,0,48,0x00095C,37,6,0x00095E,25060000E1FAF401,0000E1FAF401F401F401780000002C01
C:/Users/MadCat/Documents/GitHub/MechwarriorRecomp/research/extract/decoded_pck/RIFPCK_TBL.decoded.bin,pck_object_0004_part_004_choice_000_frame_049,pck_object_0004,pck_object_0004_part_004,pck_object_0004_part_004_choice_000,4,0,49,0x000964,244,1,0x000966,F401F40178000000,F401780000002C01280000002C010000
C:/Users/MadCat/Documents/GitHub/MechwarriorRecomp/research/extract/decoded_pck/RIFPCK_TBL.decoded.bin,pck_object_0004_part_004_choice_000_frame_050,pck_object_0004,pck_object_0004_part_004,pck_object_0004_part_004_choice_000,4,0,50,0x00096C,44,1,0x00096E,2C01280000002C01,280000002C010000320018FCD8FFD8FF
C:/Users/MadCat/Documents/GitHub/MechwarriorRecomp/research/extract/decoded_pck/RIFPCK_TBL.decoded.bin,pck_object_0004_part_004_choice_000_frame_051,pck_object_0004,pck_object_0004_part_004,pck_object_0004_part_004_choice_000,4,0,51,0x000974,0,0,0x000976,0000320018FCD8FF,320018FCD8FFD8FF9CFF2800D8FF9CFF
C:/Users/MadCat/Documents/GitHub/MechwarriorRecomp/research/extract/decoded_pck/RIFPCK_TBL.decoded.bin,pck_object_0004_part_004_choice_000_frame_052,pck_object_0004,pck_object_0004_part_004,pck_object_0004_part_004_choice_000,4,0,52,0x00097C,216,255,0x00097E,D8FF9CFF2800D8FF,9CFF2800D8FF9CFF280028009CFFD8FF
C:/Users/MadCat/Documents/GitHub/MechwarriorRecomp/research/extract/decoded_pck/RIFPCK_TBL.decoded.bin,pck_object_0004_part_004_choice_000_frame_053,pck_object_0004,pck_object_0004_part_004,pck_object_0004_part_004_choice_000,4,0,53,0x000984,156,255,0x000986,9CFF280028009CFF,280028009CFFD8FF28009CFFD8FFD8FF
C:/Users/MadCat/Documents/GitHub/MechwarriorRecomp/research/extract/decoded_pck/RIFPCK_TBL.decoded.bin,pck_object_0004_part_004_choice_000_frame_054,pck_object_0004,pck_object_0004_part_004,pck_object_0004_part_004_choice_000,4,0,54,0x00098C,216,255,0x00098E,D8FF28009CFFD8FF,28009CFFD8FFD8FF0000D8FF28000000
C:/Users/MadCat/Documents/GitHub/MechwarriorRecomp/research/extract/decoded_pck/RIFPCK_TBL.decoded.bin,pck_object_0004_part_004_choice_000_frame_055,pck_object_0004,pck_object_0004_part_004,pck_object_0004_part_004_choice_000,4,0,55,0x000994,216,255,0x000996,D8FF0000D8FF2800,0000D8FF280000002800280000002800
C:/Users/MadCat/Documents/GitHub/MechwarriorRecomp/research/extract/decoded_pck/RIFPCK_TBL.decoded.bin,pck_object_0004_part_004_choice_000_frame_056,pck_object_0004,pck_object_0004_part_004,pck_object_0004_part_004_choice_000,4,0,56,0x00099C,0,0,0x00099E,0000280028000000,2800280000002800D8FF0000000038FF
C:/Users/MadCat/Documents/GitHub/MechwarriorRecomp/research/extract/decoded_pck/RIFPCK_TBL.decoded.bin,pck_object_0004_part_004_choice_000_frame_057,pck_object_0004,pck_object_0004_part_004,pck_object_0004_part_004_choice_000,4,0,57,0x0009A4,40,0,0x0009A6,2800D8FF00000000,D8FF0000000038FFD00746009CFF4A01
C:/Users/MadCat/Documents/GitHub/MechwarriorRecomp/research/extract/decoded_pck/RIFPCK_TBL.decoded.bin,pck_object_0004_part_004_choice_000_frame_058,pck_object_0004,pck_object_0004_part_004,pck_object_0004_part_004_choice_000,4,0,58,0x0009AC,56,255,0x0009AE,38FFD00746009CFF,D00746009CFF4A01BAFF9CFF4A01BAFF
C:/Users/MadCat/Documents/GitHub/MechwarriorRecomp/research/extract/decoded_pck/RIFPCK_TBL.decoded.bin,pck_object_0004_part_004_choice_000_frame_059,pck_object_0004,pck_object_0004_part_004,pck_object_0004_part_004_choice_000,4,0,59,0x0009B4,74,1,0x0009B6,4A01BAFF9CFF4A01,BAFF9CFF4A01BAFFBAFF5E014600BAFF
C:/Users/MadCat/Documents/GitHub/MechwarriorRecomp/research/extract/decoded_pck/RIFPCK_TBL.decoded.bin,pck_object_0004_part_004_choice_000_frame_060,pck_object_0004,pck_object_0004_part_004,pck_object_0004_part_004_choice_000,4,0,60,0x0009BC,186,255,0x0009BE,BAFFBAFF5E014600,BAFF5E014600BAFF5E010A00B0FFFA00
C:/Users/MadCat/Documents/GitHub/MechwarriorRecomp/research/extract/decoded_pck/RIFPCK_TBL.decoded.bin,pck_object_0004_part_004_choice_000_frame_061,pck_object_0004,pck_object_0004_part_004,pck_object_0004_part_004_choice_000,4,0,61,0x0009C4,186,255,0x0009C6,BAFF5E010A00B0FF,5E010A00B0FFFA000A00B0FF5401F6FF
C:/Users/MadCat/Documents/GitHub/MechwarriorRecomp/research/extract/decoded_pck/RIFPCK_TBL.decoded.bin,pck_object_0004_part_004_choice_000_frame_062,pck_object_0004,pck_object_0004_part_004,pck_object_0004_part_004_choice_000,4,0,62,0x0009CC,250,0,0x0009CE,FA000A00B0FF5401,0A00B0FF5401F6FFB0FF5401F6FFB0FF
C:/Users/MadCat/Documents/GitHub/MechwarriorRecomp/research/extract/decoded_pck/RIFPCK_TBL.decoded.bin,pck_object_0004_part_004_choice_000_frame_063,pck_object_0004,pck_object_0004_part_004,pck_object_0004_part_004_choice_000,4,0,63,0x0009D4,246,255,0x0009D6,F6FFB0FF5401F6FF,B0FF5401F6FFB0FFFA00010014020000
C:/Users/MadCat/Documents/GitHub/MechwarriorRecomp/research/extract/decoded_pck/RIFPCK_TBL.decoded.bin,pck_object_0004_part_004_choice_000_frame_064,pck_object_0004,pck_object_0004_part_004,pck_object_0004_part_004_choice_000,4,0,64,0x0009DC,176,255,0x0009DE,B0FFFA0001001402,FA0001001402000004001C0208F88101
C:/Users/MadCat/Documents/GitHub/MechwarriorRecomp/research/extract/decoded_pck/RIFPCK_TBL.decoded.bin,pck_object_0004_part_004_choice_000_frame_065,pck_object_0004,pck_object_0004_part_004,pck_object_0004_part_004_choice_000,4,0,65,0x0009E4,0,0,0x0009E6,000004001C0208F8,04001C0208F88101010101013C028100
C:/Users/MadCat/Documents/GitHub/MechwarriorRecomp/research/extract/decoded_pck/RIFPCK_TBL.decoded.bin,pck_object_0004_part_004_choice_000_frame_066,pck_object_0004,pck_object_0004_part_004,pck_object_0004_part_004_choice_000,4,0,66,0x0009EC,129,1,0x0009EE,8101010101013C02,010101013C0281000000000642028100
C:/Users/MadCat/Documents/GitHub/MechwarriorRecomp/research/extract/decoded_pck/RIFPCK_TBL.decoded.bin,pck_object_0004_part_004_choice_000_frame_067,pck_object_0004,pck_object_0004_part_004,pck_object_0004_part_004_choice_000,4,0,67,0x0009F4,129,0,0x0009F6,8100000000064202,00000006420281000000000948028100
C:/Users/MadCat/Documents/GitHub/MechwarriorRecomp/research/extract/decoded_pck/RIFPCK_TBL.decoded.bin,pck_object_0004_part_004_choice_000_frame_068,pck_object_0004,pck_object_0004_part_004,pck_object_0004_part_004_choice_000,4,0,68,0x0009FC,129,0,0x0009FE,8100000000094802,00000009480281000000000E4E020202
C:/Users/MadCat/Documents/GitHub/MechwarriorRecomp/research/extract/decoded_pck/RIFPCK_TBL.decoded.bin,pck_object_0004_part_004_choice_000_frame_069,pck_object_0004,pck_object_0004_part_004,pck_object_0004_part_004_choice_000,4,0,69,0x000A04,129,0,0x000A06,81000000000E4E02,0000000E4E020202030405FF05050407
C:/Users/MadCat/Documents/GitHub/MechwarriorRecomp/research/extract/decoded_pck/RIFPCK_TBL.decoded.bin,pck_object_0004_part_004_choice_000_frame_070,pck_object_0004,pck_object_0004_part_004,pck_object_0004_part_004_choice_000,4,0,70,0x000A0C,2,2,0x000A0E,0202030405FF0505,030405FF0505040708FF0A0A0B0C0DFF
C:/Users/MadCat/Documents/GitHub/MechwarriorRecomp/research/extract/decoded_pck/RIFPCK_TBL.decoded.bin,pck_object_0004_part_004_choice_000_frame_071,pck_object_0004,pck_object_0004_part_004,pck_object_0004_part_004_choice_000,4,0,71,0x000A14,4,7,0x000A16,040708FF0A0A0B0C,08FF0A0A0B0C0DFF0F0F100302FF0100
C:/Users/MadCat/Documents/GitHub/MechwarriorRecomp/research/extract/decoded_pck/RIFPCK_TBL.decoded.bin,pck_object_0004_part_004_choice_000_frame_072,pck_object_0004,pck_object_0004_part_004,pck_object_0004_part_004_choice_000,4,0,72,0x000A1C,13,255,0x000A1E,0DFF0F0F100302FF,0F0F100302FF01005802000002006002
C:/Users/MadCat/Documents/GitHub/MechwarriorRecomp/research/extract/decoded_pck/RIFPCK_TBL.decoded.bin,pck_object_0004_part_004_choice_000_frame_073,pck_object_0004,pck_object_0004_part_004,pck_object_0004_part_004_choice_000,4,0,73,0x000A24,1,0,0x000A26,0100580200000200,5802000002006002FF07810707070712
C:/Users/MadCat/Documents/GitHub/MechwarriorRecomp/research/extract/decoded_pck/RIFPCK_TBL.decoded.bin,pck_object_0004_part_004_choice_000_frame_074,pck_object_0004,pck_object_0004_part_004,pck_object_0004_part_004_choice_000,4,0,74,0x000A2C,96,2,0x000A2E,6002FF0781070707,FF078107070707127002810000000013
C:/Users/MadCat/Documents/GitHub/MechwarriorRecomp/research/extract/decoded_pck/RIFPCK_TBL.decoded.bin,pck_object_0004_part_004_choice_000_frame_075,pck_object_0004,pck_object_0004_part_004,pck_object_0004_part_004_choice_000,4,0,75,0x000A34,7,18,0x000A36,0712700281000000,700281000000001376020F0F080710FF
C:/Users/MadCat/Documents/GitHub/MechwarriorRecomp/research/extract/decoded_pck/RIFPCK_TBL.decoded.bin,pck_object_0004_part_004_choice_000_frame_076,pck_object_0004,pck_object_0004_part_004,pck_object_0004_part_004_choice_000,4,0,76,0x000A3C,0,19,0x000A3E,001376020F0F0807,76020F0F080710FF1010141503FF0100
C:/Users/MadCat/Documents/GitHub/MechwarriorRecomp/research/extract/decoded_pck/RIFPCK_TBL.decoded.bin,pck_object_0004_part_004_choice_000_frame_077,pck_object_0004,pck_object_0004_part_004,pck_object_0004_part_004_choice_000,4,0,77,0x000A44,16,255,0x000A46,10FF1010141503FF,1010141503FF01008002000004008802
C:/Users/MadCat/Documents/GitHub/MechwarriorRecomp/research/extract/decoded_pck/RIFPCK_TBL.decoded.bin,pck_object_0004_part_004_choice_000_frame_078,pck_object_0004,pck_object_0004_part_004,pck_object_0004_part_004_choice_000,4,0,78,0x000A4C,1,0,0x000A4E,0100800200000400,80020000040088028DFE81000000000E
C:/Users/MadCat/Documents/GitHub/MechwarriorRecomp/research/extract/decoded_pck/RIFPCK_TBL.decoded.bin,pck_object_0004_part_004_choice_000_frame_079,pck_object_0004,pck_object_0004_part_004,pck_object_0004_part_004_choice_000,4,0,79,0x000A54,136,2,0x000A56,88028DFE81000000,8DFE81000000000EA802810909090918
C:/Users/MadCat/Documents/GitHub/MechwarriorRecomp/research/extract/decoded_pck/RIFPCK_TBL.decoded.bin,pck_object_0004_part_004_choice_000_frame_080,pck_object_0004,pck_object_0004_part_004,pck_object_0004_part_004_choice_000,4,0,80,0x000A5C,0,14,0x000A5E,000EA80281090909,A802810909090918AD02810808080806
C:/Users/MadCat/Documents/GitHub/MechwarriorRecomp/research/extract/decoded_pck/RIFPCK_TBL.decoded.bin,pck_object_0004_part_004_choice_000_frame_081,pck_object_0004,pck_object_0004_part_004,pck_object_0004_part_004_choice_000,4,0,81,0x000A64,9,24,0x000A66,0918AD0281080808,AD02810808080806B30281010101011A
C:/Users/MadCat/Documents/GitHub/MechwarriorRecomp/research/extract/decoded_pck/RIFPCK_TBL.decoded.bin,pck_object_0004_part_004_choice_000_frame_082,pck_object_0004,pck_object_0004_part_004,pck_object_0004_part_004_choice_000,4,0,82,0x000A6C,8,6,0x000A6E,0806B30281010101,B30281010101011AB8020202170FFF0C
C:/Users/MadCat/Documents/GitHub/MechwarriorRecomp/research/extract/decoded_pck/RIFPCK_TBL.decoded.bin,pck_object_0004_part_004_choice_000_frame_083,pck_object_0004,pck_object_0004_part_004,pck_object_0004_part_004_choice_000,4,0,83,0x000A74,1,26,0x000A76,011AB8020202170F,B8020202170FFF0C0C191702FF0B0B19
C:/Users/MadCat/Documents/GitHub/MechwarriorRecomp/research/extract/decoded_pck/RIFPCK_TBL.decoded.bin,pck_object_0004_part_004_choice_000_frame_084,pck_object_0004,pck_object_0004_part_004,pck_object_0004_part_004_choice_000,4,0,84,0x000A7C,255,12,0x000A7E,FF0C0C191702FF0B,0C191702FF0B0B190CFF19190B0F17FF
C:/Users/MadCat/Documents/GitHub/MechwarriorRecomp/research/extract/decoded_pck/RIFPCK_TBL.decoded.bin,pck_object_0004_part_004_choice_000_frame_085,pck_object_0004,pck_object_0004_part_004,pck_object_0004_part_004_choice_000,4,0,85,0x000A84,11,25,0x000A86,0B190CFF19190B0F,0CFF19190B0F17FF0100C20200000500
C:/Users/MadCat/Documents/GitHub/MechwarriorRecomp/research/extract/decoded_pck/RIFPCK_TBL.decoded.bin,pck_object_0004_part_004_choice_000_frame_086,pck_object_0004,pck_object_0004_part_004,pck_object_0004_part_004_choice_000,4,0,86,0x000A8C,23,255,0x000A8E,17FF0100C2020000,0100C20200000500CA02080181000000
C:/Users/MadCat/Documents/GitHub/MechwarriorRecomp/research/extract/decoded_pck/RIFPCK_TBL.decoded.bin,pck_object_0004_part_004_choice_000_frame_087,pck_object_0004,pck_object_0004_part_004,pck_object_0004_part_004_choice_000,4,0,87,0x000A94,5,0,0x000A96,0500CA0208018100,CA02080181000000000EF20281080808
C:/Users/MadCat/Documents/GitHub/MechwarriorRecomp/research/extract/decoded_pck/RIFPCK_TBL.decoded.bin,pck_object_0004_part_004_choice_000_frame_088,pck_object_0004,pck_object_0004_part_004,pck_object_0004_part_004_choice_000,4,0,88,0x000A9C,0,0,0x000A9E,0000000EF2028108,000EF202810808080821F90281000000
C:/Users/MadCat/Documents/GitHub/MechwarriorRecomp/research/extract/decoded_pck/RIFPCK_TBL.decoded.bin,pck_object_0004_part_004_choice_000_frame_089,pck_object_0004,pck_object_0004_part_004,pck_object_0004_part_004_choice_000,4,0,89,0x000AA4,8,8,0x000AA6,08080821F9028100,0821F902810000000024FF0281080808
C:/Users/MadCat/Documents/GitHub/MechwarriorRecomp/research/extract/decoded_pck/RIFPCK_TBL.decoded.bin,pck_object_0004_part_004_choice_000_frame_090,pck_object_0004,pck_object_0004_part_004,pck_object_0004_part_004_choice_000,4,0,90,0x000AAC,0,0,0x000AAE,00000024FF028108,0024FF02810808080826050381000000
C:/Users/MadCat/Documents/GitHub/MechwarriorRecomp/research/extract/decoded_pck/RIFPCK_TBL.decoded.bin,pck_object_0004_part_004_choice_000_frame_091,pck_object_0004,pck_object_0004_part_004,pck_object_0004_part_004_choice_000,4,0,91,0x000AB4,8,8,0x000AB6,0808082605038100,082605038100000000280B031C1C1D1E
C:/Users/MadCat/Documents/GitHub/MechwarriorRecomp/research/extract/decoded_pck/RIFPCK_TBL.decoded.bin,pck_object_0004_part_004_choice_000_frame_092,pck_object_0004,pck_object_0004_part_004,pck_object_0004_part_004_choice_000,4,0,92,0x000ABC,0,0,0x000ABE,000000280B031C1C,00280B031C1C1D1E1F20FF22221C2023
C:/Users/MadCat/Documents/GitHub/MechwarriorRecomp/research/extract/decoded_pck/RIFPCK_TBL.decoded.bin,pck_object_0004_part_004_choice_000_frame_093,pck_object_0004,pck_object_0004_part_004,pck_object_0004_part_004_choice_000,4,0,93,0x000AC4,29,30,0x000AC6,1D1E1F20FF22221C,1F20FF22221C2023FF25251D1C22FF27
C:/Users/MadCat/Documents/GitHub/MechwarriorRecomp/research/extract/decoded_pck/RIFPCK_TBL.decoded.bin,pck_object_0004_part_004_choice_000_frame_094,pck_object_0004,pck_object_0004_part_004,pck_object_0004_part_004_choice_000,4,0,94,0x000ACC,32,35,0x000ACE,2023FF25251D1C22,FF25251D1C22FF27271E1D25FF232320
C:/Users/MadCat/Documents/GitHub/MechwarriorRecomp/research/extract/decoded_pck/RIFPCK_TBL.decoded.bin,pck_object_0004_part_004_choice_000_frame_095,pck_object_0004,pck_object_0004_part_004,pck_object_0004_part_004_choice_000,4,0,95,0x000AD4,255,39,0x000AD6,FF27271E1D25FF23,271E1D25FF2323201E27FF0100150300
C:/Users/MadCat/Documents/GitHub/MechwarriorRecomp/research/extract/decoded_pck/RIFPCK_TBL.decoded.bin,pck_object_0004_part_004_choice_000_frame_096,pck_object_0004,pck_object_0004_part_004,pck_object_0004_part_004_choice_000,4,0,96,0x000ADC,35,32,0x000ADE,23201E27FF010015,1E27FF01001503000005001D03001281
C:/Users/MadCat/Documents/GitHub/MechwarriorRecomp/research/extract/decoded_pck/RIFPCK_TBL.decoded.bin,pck_object_0004_part_004_choice_000_frame_097,pck_object_0004,pck_object_0004_part_004,pck_object_0004_part_004_choice_000,4,0,97,0x000AE4,3,0,0x000AE6,03000005001D0300,0005001D030012810000000006450381
C:/Users/MadCat/Documents/GitHub/MechwarriorRecomp/research/extract/decoded_pck/RIFPCK_TBL.decoded.bin,pck_object_0004_part_004_choice_000_frame_098,pck_object_0004,pck_object_0004_part_004,pck_object_0004_part_004_choice_000,4,0,98,0x000AEC,18,129,0x000AEE,1281000000000645,000000000645038108080808214B0381
C:/Users/MadCat/Documents/GitHub/MechwarriorRecomp/research/extract/decoded_pck/RIFPCK_TBL.decoded.bin,pck_object_0004_part_004_choice_000_frame_099,pck_object_0004,pck_object_0004_part_004,pck_object_0004_part_004_choice_000,4,0,99,0x000AF4,3,129,0x000AF6,038108080808214B,08080808214B03810000000030510381
C:/Users/MadCat/Documents/GitHub/MechwarriorRecomp/research/extract/decoded_pck/RIFPCK_TBL.decoded.bin,pck_object_0004_part_004_choice_000_frame_100,pck_object_0004,pck_object_0004_part_004,pck_object_0004_part_004_choice_000,4,0,100,0x000AFC,3,129,0x000AFE,0381000000003051,00000000305103810808080826570381
C:/Users/MadCat/Documents/GitHub/MechwarriorRecomp/research/extract/decoded_pck/RIFPCK_TBL.decoded.bin,pck_object_0004_part_004_choice_000_frame_101,pck_object_0004,pck_object_0004_part_004,pck_object_0004_part_004_choice_000,4,0,101,0x000B04,3,129,0x000B06,0381080808082657,080808082657038100000000335D032A
C:/Users/MadCat/Documents/GitHub/MechwarriorRecomp/research/extract/decoded_pck/RIFPCK_TBL.decoded.bin,pck_object_0004_part_004_choice_000_frame_102,pck_object_0004,pck_object_0004_part_004,pck_object_0004_part_004_choice_000,4,0,102,0x000B0C,3,129,0x000B0E,038100000000335D,00000000335D032A2A2B2C2DFF2D2D2E
C:/Users/MadCat/Documents/GitHub/MechwarriorRecomp/research/extract/decoded_pck/RIFPCK_TBL.decoded.bin,pck_object_0004_part_004_choice_000_frame_103,pck_object_0004,pck_object_0004_part_004,pck_object_0004_part_004_choice_000,4,0,103,0x000B14,3,42,0x000B16,032A2A2B2C2DFF2D,2A2B2C2DFF2D2D2E2F2AFF2C2C312E2D
C:/Users/MadCat/Documents/GitHub/MechwarriorRecomp/research/extract/decoded_pck/RIFPCK_TBL.decoded.bin,pck_object_0004_part_004_choice_000_frame_104,pck_object_0004,pck_object_0004_part_004,pck_object_0004_part_004_choice_000,4,0,104,0x000B1C,45,46,0x000B1E,2D2E2F2AFF2C2C31,2F2AFF2C2C312E2DFF2B2B32312CFF2F
C:/Users/MadCat/Documents/GitHub/MechwarriorRecomp/research/extract/decoded_pck/RIFPCK_TBL.decoded.bin,pck_object_0004_part_004_choice_000_frame_105,pck_object_0004,pck_object_0004_part_004,pck_object_0004_part_004_choice_000,4,0,105,0x000B24,46,45,0x000B26,2E2DFF2B2B32312C,FF2B2B32312CFF2F2F322B2AFF010067
C:/Users/MadCat/Documents/GitHub/MechwarriorRecomp/research/extract/decoded_pck/RIFPCK_TBL.decoded.bin,pck_object_0004_part_004_choice_000_frame_106,pck_object_0004,pck_object_0004_part_004,pck_object_0004_part_004_choice_000,4,0,106,0x000B2C,255,47,0x000B2E,FF2F2F322B2AFF01,2F322B2AFF01006703000004006F031B
C:/Users/MadCat/Documents/GitHub/MechwarriorRecomp/research/extract/decoded_pck/RIFPCK_TBL.decoded.bin,pck_object_0004_part_004_choice_000_frame_107,pck_object_0004,pck_object_0004_part_004,pck_object_0004_part_004_choice_000,4,0,107,0x000B34,0,103,0x000B36,006703000004006F,03000004006F031B198100000000068F
C:/Users/MadCat/Documents/GitHub/MechwarriorRecomp/research/extract/decoded_pck/RIFPCK_TBL.decoded.bin,pck_object_0004_part_004_choice_000_frame_108,pck_object_0004,pck_object_0004_part_004,pck_object_0004_part_004_choice_000,4,0,108,0x000B3C,3,27,0x000B3E,031B198100000000,198100000000068F0381090909091894
C:/Users/MadCat/Documents/GitHub/MechwarriorRecomp/research/extract/decoded_pck/RIFPCK_TBL.decoded.bin,pck_object_0004_part_004_choice_000_frame_109,pck_object_0004,pck_object_0004_part_004,pck_object_0004_part_004_choice_000,4,0,109,0x000B44,6,143,0x000B46,068F038109090909,03810909090918940381080808080E9A
C:/Users/MadCat/Documents/GitHub/MechwarriorRecomp/research/extract/decoded_pck/RIFPCK_TBL.decoded.bin,pck_object_0004_part_004_choice_000_frame_110,pck_object_0004,pck_object_0004_part_004,pck_object_0004_part_004_choice_000,4,0,110,0x000B4C,24,148,0x000B4E,1894038108080808,0381080808080E9A0381010101011A9F
C:/Users/MadCat/Documents/GitHub/MechwarriorRecomp/research/extract/decoded_pck/RIFPCK_TBL.decoded.bin,pck_object_0004_part_004_choice_000_frame_111,pck_object_0004,pck_object_0004_part_004,pck_object_0004_part_004_choice_000,4,0,111,0x000B54,14,154,0x000B56,0E9A038101010101,0381010101011A9F0308083505FF3535
C:/Users/MadCat/Documents/GitHub/MechwarriorRecomp/research/extract/decoded_pck/RIFPCK_TBL.decoded.bin,pck_object_0004_part_004_choice_000_frame_112,pck_object_0004,pck_object_0004_part_004,pck_object_0004_part_004_choice_000,4,0,112,0x000B5C,26,159,0x000B5E,1A9F0308083505FF,0308083505FF3535360D05FF0D0D360A
C:/Users/MadCat/Documents/GitHub/MechwarriorRecomp/research/extract/decoded_pck/RIFPCK_TBL.decoded.bin,pck_object_0004_part_004_choice_000_frame_113,pck_object_0004,pck_object_0004_part_004,pck_object_0004_part_004_choice_000,4,0,113,0x000B64,53,53,0x000B66,3535360D05FF0D0D,360D05FF0D0D360AFF0A0A363508FF01
C:/Users/MadCat/Documents/GitHub/MechwarriorRecomp/research/extract/decoded_pck/RIFPCK_TBL.decoded.bin,pck_object_0004_part_004_choice_000_frame_114,pck_object_0004,pck_object_0004_part_004,pck_object_0004_part_004_choice_000,4,0,114,0x000B6C,54,10,0x000B6E,360AFF0A0A363508,FF0A0A363508FF0100A90300000500B1
C:/Users/MadCat/Documents/GitHub/MechwarriorRecomp/research/extract/decoded_pck/RIFPCK_TBL.decoded.bin,pck_object_0004_part_004_choice_000_frame_115,pck_object_0004,pck_object_0004_part_004,pck_object_0004_part_004_choice_000,4,0,115,0x000B74,255,1,0x000B76,FF0100A903000005,00A90300000500B10325168100000000
C:/Users/MadCat/Documents/GitHub/MechwarriorRecomp/research/extract/decoded_pck/RIFPCK_TBL.decoded.bin,pck_object_0004_part_004_choice_000_frame_116,pck_object_0004,pck_object_0004_part_004,pck_object_0004_part_004_choice_000,4,0,116,0x000B7C,0,177,0x000B7E,00B1032516810000,032516810000000013D9038100000000
C:/Users/MadCat/Documents/GitHub/MechwarriorRecomp/research/extract/decoded_pck/RIFPCK_TBL.decoded.bin,pck_object_0004_part_004_choice_000_frame_117,pck_object_0004,pck_object_0004_part_004,pck_object_0004_part_004_choice_000,4,0,117,0x000B84,0,0,0x000B86,000013D903810000,13D90381000000000EDF038101010101
C:/Users/MadCat/Documents/GitHub/MechwarriorRecomp/research/extract/decoded_pck/RIFPCK_TBL.decoded.bin,pck_object_0004_part_004_choice_000_frame_118,pck_object_0004,pck_object_0004_part_004,pck_object_0004_part_004_choice_000,4,0,118,0x000B8C,0,0,0x000B8E,00000EDF03810101,0EDF03810101010121E5038100000000
C:/Users/MadCat/Documents/GitHub/MechwarriorRecomp/research/extract/decoded_pck/RIFPCK_TBL.decoded.bin,pck_object_0004_part_004_choice_000_frame_119,pck_object_0004,pck_object_0004_part_004,pck_object_0004_part_004_choice_000,4,0,119,0x000B94,1,1,0x000B96,010121E503810000,21E503810000000006EB038107070707
C:/Users/MadCat/Documents/GitHub/MechwarriorRecomp/research/extract/decoded_pck/RIFPCK_TBL.decoded.bin,pck_object_0004_part_004_choice_000_frame_120,pck_object_0004,pck_object_0004_part_004,pck_object_0004_part_004_choice_000,4,0,120,0x000B9C,0,0,0x000B9E,000006EB03810707,06EB03810707070726F1033838393A3B
C:/Users/MadCat/Documents/GitHub/MechwarriorRecomp/research/extract/decoded_pck/RIFPCK_TBL.decoded.bin,pck_object_0004_part_004_choice_000_frame_121,pck_object_0004,pck_object_0004_part_004,pck_object_0004_part_004_choice_000,4,0,121,0x000BA4,7,7,0x000BA6,070726F103383839,26F1033838393A3BFF3C3C383B3DFF3D
C:/Users/MadCat/Documents/GitHub/MechwarriorRecomp/research/extract/decoded_pck/RIFPCK_TBL.decoded.bin,pck_object_0004_part_004_choice_000_frame_122,pck_object_0004,pck_object_0004_part_004,pck_object_0004_part_004_choice_000,4,0,122,0x000BAC,58,59,0x000BAE,3A3BFF3C3C383B3D,FF3C3C383B3DFF3D3D3B3A3EFF3E3E3A
C:/Users/MadCat/Documents/GitHub/MechwarriorRecomp/research/extract/decoded_pck/RIFPCK_TBL.decoded.bin,pck_object_0004_part_004_choice_000_frame_123,pck_object_0004,pck_object_0004_part_004,pck_object_0004_part_004_choice_000,4,0,123,0x000BB4,255,61,0x000BB6,FF3D3D3B3A3EFF3E,3D3B3A3EFF3E3E3A393FFF3F3F39383C
C:/Users/MadCat/Documents/GitHub/MechwarriorRecomp/research/extract/decoded_pck/RIFPCK_TBL.decoded.bin,pck_object_0004_part_004_choice_000_frame_124,pck_object_0004,pck_object_0004_part_004,pck_object_0004_part_004_choice_000,4,0,124,0x000BBC,62,58,0x000BBE,3E3A393FFF3F3F39,393FFF3F3F39383CFF0100FB03000002
C:/Users/MadCat/Documents/GitHub/MechwarriorRecomp/research/extract/decoded_pck/RIFPCK_TBL.decoded.bin,pck_object_0004_part_004_choice_000_frame_125,pck_object_0004,pck_object_0004_part_004,pck_object_0004_part_004_choice_000,4,0,125,0x000BC4,56,60,0x000BC6,383CFF0100FB0300,FF0100FB030000020003040808800000
C:/Users/MadCat/Documents/GitHub/MechwarriorRecomp/research/extract/decoded_pck/RIFPCK_TBL.decoded.bin,pck_object_0004_part_004_choice_000_frame_126,pck_object_0004,pck_object_0004_part_004,pck_object_0004_part_004_choice_000,4,0,126,0x000BCC,0,2,0x000BCE,0002000304080880,00030408088000000000FF1304800000
C:/Users/MadCat/Documents/GitHub/MechwarriorRecomp/research/extract/decoded_pck/RIFPCK_TBL.decoded.bin,pck_object_0004_part_004_choice_000_frame_127,pck_object_0004,pck_object_0004_part_004,pck_object_0004_part_004_choice_000,4,0,127,0x000BD4,0,0,0x000BD6,00000000FF130480,0000FF13048000000000FF1904414142
C:/Users/MadCat/Documents/GitHub/MechwarriorRecomp/research/extract/decoded_pck/RIFPCK_TBL.decoded.bin,pck_object_0004_part_004_choice_000_frame_128,pck_object_0004,pck_object_0004_part_004,pck_object_0004_part_004_choice_000,4,0,128,0x000BDC,0,0,0x000BDE,00000000FF190441,0000FF19044141424344FF4545464748
C:/Users/MadCat/Documents/GitHub/MechwarriorRecomp/research/extract/decoded_pck/RIFPCK_TBL.decoded.bin,pck_object_0004_part_005_choice_000_frame_000,pck_object_0004,pck_object_0004_part_005,pck_object_0004_part_005_choice_000,5,0,0,0x0007DC,128,0,0x0007DE,80006B0100000000,6B0100000000000008001A0000495A00
C:/Users/MadCat/Documents/GitHub/MechwarriorRecomp/research/extract/decoded_pck/RIFPCK_TBL.decoded.bin,pck_object_0004_part_005_choice_000_frame_001,pck_object_0004,pck_object_0004_part_005,pck_object_0004_part_005_choice_000,5,0,1,0x0007E4,0,0,0x0007E6,000008001A000049,08001A0000495A000100100211495A00
C:/Users/MadCat/Documents/GitHub/MechwarriorRecomp/research/extract/decoded_pck/RIFPCK_TBL.decoded.bin,pck_object_0004_part_005_choice_000_frame_002,pck_object_0004,pck_object_0004_part_005,pck_object_0004_part_005_choice_000,5,0,2,0x0007EC,90,0,0x0007EE,5A00010010021149,0100100211495A000100540216495A00
C:/Users/MadCat/Documents/GitHub/MechwarriorRecomp/research/extract/decoded_pck/RIFPCK_TBL.decoded.bin,pck_object_0004_part_005_choice_000_frame_003,pck_object_0004,pck_object_0004_part_005,pck_object_0004_part_005_choice_000,5,0,3,0x0007F4,90,0,0x0007F6,5A00010054021649,0100540216495A0001007C021B495A00
C:/Users/MadCat/Documents/GitHub/MechwarriorRecomp/research/extract/decoded_pck/RIFPCK_TBL.decoded.bin,pck_object_0004_part_005_choice_000_frame_004,pck_object_0004,pck_object_0004_part_005,pck_object_0004_part_005_choice_000,5,0,4,0x0007FC,90,0,0x0007FE,5A0001007C021B49,01007C021B495A000100BE0229495A00
C:/Users/MadCat/Documents/GitHub/MechwarriorRecomp/research/extract/decoded_pck/RIFPCK_TBL.decoded.bin,pck_object_0004_part_005_choice_000_frame_005,pck_object_0004,pck_object_0004_part_005,pck_object_0004_part_005_choice_000,5,0,5,0x000804,90,0,0x000806,5A000100BE022949,0100BE0229495A000100110334495A00
C:/Users/MadCat/Documents/GitHub/MechwarriorRecomp/research/extract/decoded_pck/RIFPCK_TBL.decoded.bin,pck_object_0004_part_005_choice_000_frame_006,pck_object_0004,pck_object_0004_part_005,pck_object_0004_part_005_choice_000,5,0,6,0x00080C,90,0,0x00080E,5A00010011033449,0100110334495A000100630337495A00
C:/Users/MadCat/Documents/GitHub/MechwarriorRecomp/research/extract/decoded_pck/RIFPCK_TBL.decoded.bin,pck_object_0004_part_005_choice_000_frame_007,pck_object_0004,pck_object_0004_part_005,pck_object_0004_part_005_choice_000,5,0,7,0x000814,90,0,0x000816,5A00010063033749,0100630337495A000100A50340495A00
C:/Users/MadCat/Documents/GitHub/MechwarriorRecomp/research/extract/decoded_pck/RIFPCK_TBL.decoded.bin,pck_object_0004_part_005_choice_000_frame_008,pck_object_0004,pck_object_0004_part_005,pck_object_0004_part_005_choice_000,5,0,8,0x00081C,90,0,0x00081E,5A000100A5034049,0100A50340495A000100F70300003200
C:/Users/MadCat/Documents/GitHub/MechwarriorRecomp/research/extract/decoded_pck/RIFPCK_TBL.decoded.bin,pck_object_0004_part_005_choice_000_frame_009,pck_object_0004,pck_object_0004_part_005,pck_object_0004_part_005_choice_000,5,0,9,0x000824,90,0,0x000826,5A000100F7030000,0100F7030000320064000000C20710FE
C:/Users/MadCat/Documents/GitHub/MechwarriorRecomp/research/extract/decoded_pck/RIFPCK_TBL.decoded.bin,pck_object_0004_part_005_choice_000_frame_010,pck_object_0004,pck_object_0004_part_005,pck_object_0004_part_005_choice_000,5,0,10,0x00082C,50,0,0x00082E,320064000000C207,64000000C20710FE88FF5000A00088FF
C:/Users/MadCat/Documents/GitHub/MechwarriorRecomp/research/extract/decoded_pck/RIFPCK_TBL.decoded.bin,pck_object_0004_part_005_choice_000_frame_011,pck_object_0004,pck_object_0004_part_005,pck_object_0004_part_005_choice_000,5,0,11,0x000834,16,254,0x000836,10FE88FF5000A000,88FF5000A00088FF2800000078002800
C:/Users/MadCat/Documents/GitHub/MechwarriorRecomp/research/extract/decoded_pck/RIFPCK_TBL.decoded.bin,pck_object_0004_part_005_choice_000_frame_012,pck_object_0004,pck_object_0004_part_005,pck_object_0004_part_005_choice_000,5,0,12,0x00083C,136,255,0x00083E,88FF280000007800,2800000078002800000078005000A000
C:/Users/MadCat/Documents/GitHub/MechwarriorRecomp/research/extract/decoded_pck/RIFPCK_TBL.decoded.bin,pck_object_0004_part_005_choice_000_frame_013,pck_object_0004,pck_object_0004_part_005,pck_object_0004_part_005_choice_000,5,0,13,0x000844,40,0,0x000846,2800000078005000,000078005000A0000008000000007800
C:/Users/MadCat/Documents/GitHub/MechwarriorRecomp/research/extract/decoded_pck/RIFPCK_TBL.decoded.bin,pck_object_0004_part_005_choice_000_frame_014,pck_object_0004,pck_object_0004_part_005,pck_object_0004_part_005_choice_000,5,0,14,0x00084C,160,0,0x00084E,A000000800000000,0008000000007800D8FF00007800B0FF
C:/Users/MadCat/Documents/GitHub/MechwarriorRecomp/research/extract/decoded_pck/RIFPCK_TBL.decoded.bin,pck_object_0004_part_005_choice_000_frame_015,pck_object_0004,pck_object_0004_part_005,pck_object_0004_part_005_choice_000,5,0,15,0x000854,120,0,0x000856,7800D8FF00007800,D8FF00007800B0FFFA000000EC03F806
C:/Users/MadCat/Documents/GitHub/MechwarriorRecomp/research/extract/decoded_pck/RIFPCK_TBL.decoded.bin,pck_object_0004_part_005_choice_000_frame_016,pck_object_0004,pck_object_0004_part_005,pck_object_0004_part_005_choice_000,5,0,16,0x00085C,176,255,0x00085E,B0FFFA000000EC03,FA000000EC03F8062800B0FFFA00D8FF
C:/Users/MadCat/Documents/GitHub/MechwarriorRecomp/research/extract/decoded_pck/RIFPCK_TBL.decoded.bin,pck_object_0004_part_005_choice_000_frame_017,pck_object_0004,pck_object_0004_part_005,pck_object_0004_part_005_choice_000,5,0,17,0x000864,248,6,0x000866,F8062800B0FFFA00,2800B0FFFA00D8FFB0FFFA00D8FF5000
C:/Users/MadCat/Documents/GitHub/MechwarriorRecomp/research/extract/decoded_pck/RIFPCK_TBL.decoded.bin,pck_object_0004_part_005_choice_000_frame_018,pck_object_0004,pck_object_0004_part_005,pck_object_0004_part_005_choice_000,5,0,18,0x00086C,216,255,0x00086E,D8FFB0FFFA00D8FF,B0FFFA00D8FF5000A00028005000A000
C:/Users/MadCat/Documents/GitHub/MechwarriorRecomp/research/extract/decoded_pck/RIFPCK_TBL.decoded.bin,pck_object_0004_part_005_choice_000_frame_019,pck_object_0004,pck_object_0004_part_005,pck_object_0004_part_005_choice_000,5,0,19,0x000874,80,0,0x000876,5000A00028005000,A00028005000A00000F80000000088FF
C:/Users/MadCat/Documents/GitHub/MechwarriorRecomp/research/extract/decoded_pck/RIFPCK_TBL.decoded.bin,pck_object_0004_part_005_choice_000_frame_020,pck_object_0004,pck_object_0004_part_005,pck_object_0004_part_005_choice_000,5,0,20,0x00087C,160,0,0x00087E,A00000F800000000,00F80000000088FFB0FFFA0088FFD8FF
C:/Users/MadCat/Documents/GitHub/MechwarriorRecomp/research/extract/decoded_pck/RIFPCK_TBL.decoded.bin,pck_object_0004_part_005_choice_000_frame_021,pck_object_0004,pck_object_0004_part_005,pck_object_0004_part_005_choice_000,5,0,21,0x000884,136,255,0x000886,88FFB0FFFA0088FF,B0FFFA0088FFD8FF000000000CFECEFF
C:/Users/MadCat/Documents/GitHub/MechwarriorRecomp/research/extract/decoded_pck/RIFPCK_TBL.decoded.bin,pck_object_0004_part_005_choice_000_frame_022,pck_object_0004,pck_object_0004_part_005,pck_object_0004_part_005_choice_000,5,0,22,0x00088C,216,255,0x00088E,D8FF000000000CFE,000000000CFECEFF00001AF8BDFE0000
C:/Users/MadCat/Documents/GitHub/MechwarriorRecomp/research/extract/decoded_pck/RIFPCK_TBL.decoded.bin,pck_object_0004_part_005_choice_000_frame_023,pck_object_0004,pck_object_0004_part_005,pck_object_0004_part_005_choice_000,5,0,23,0x000894,206,255,0x000896,CEFF00001AF8BDFE,00001AF8BDFE0000000000F86E00D8FF
C:/Users/MadCat/Documents/GitHub/MechwarriorRecomp/research/extract/decoded_pck/RIFPCK_TBL.decoded.bin,pck_object_0004_part_005_choice_000_frame_024,pck_object_0004,pck_object_0004_part_005,pck_object_0004_part_005_choice_000,5,0,24,0x00089C,0,0,0x00089E,0000000000F86E00,000000F86E00D8FF00006E0028000000
C:/Users/MadCat/Documents/GitHub/MechwarriorRecomp/research/extract/decoded_pck/RIFPCK_TBL.decoded.bin,pck_object_0004_part_005_choice_000_frame_025,pck_object_0004,pck_object_0004_part_005,pck_object_0004_part_005_choice_000,5,0,25,0x0008A4,216,255,0x0008A6,D8FF00006E002800,00006E00280000000CFEF401F40188FF
C:/Users/MadCat/Documents/GitHub/MechwarriorRecomp/research/extract/decoded_pck/RIFPCK_TBL.decoded.bin,pck_object_0004_part_005_choice_000_frame_026,pck_object_0004,pck_object_0004_part_005,pck_object_0004_part_005_choice_000,5,0,26,0x0008AC,0,0,0x0008AE,00000CFEF401F401,0CFEF401F40188FF00002C010000F206
C:/Users/MadCat/Documents/GitHub/MechwarriorRecomp/research/extract/decoded_pck/RIFPCK_TBL.decoded.bin,pck_object_0004_part_005_choice_000_frame_027,pck_object_0004,pck_object_0004_part_005,pck_object_0004_part_005_choice_000,5,0,27,0x0008B4,136,255,0x0008B6,88FF00002C010000,00002C010000F206F803D8FF00002C01
C:/Users/MadCat/Documents/GitHub/MechwarriorRecomp/research/extract/decoded_pck/RIFPCK_TBL.decoded.bin,pck_object_0004_part_005_choice_000_frame_028,pck_object_0004,pck_object_0004_part_005,pck_object_0004_part_005_choice_000,5,0,28,0x0008BC,242,6,0x0008BE,F206F803D8FF0000,F803D8FF00002C010000C3FBC80618FC
C:/Users/MadCat/Documents/GitHub/MechwarriorRecomp/research/extract/decoded_pck/RIFPCK_TBL.decoded.bin,pck_object_0004_part_005_choice_000_frame_029,pck_object_0004,pck_object_0004_part_005,pck_object_0004_part_005_choice_000,5,0,29,0x0008C4,44,1,0x0008C6,2C010000C3FBC806,0000C3FBC80618FC0000000056FF1E00
C:/Users/MadCat/Documents/GitHub/MechwarriorRecomp/research/extract/decoded_pck/RIFPCK_TBL.decoded.bin,pck_object_0004_part_005_choice_000_frame_030,pck_object_0004,pck_object_0004_part_005,pck_object_0004_part_005_choice_000,5,0,30,0x0008CC,24,252,0x0008CE,18FC0000000056FF,0000000056FF1E008C0056FFE2FF8C00
C:/Users/MadCat/Documents/GitHub/MechwarriorRecomp/research/extract/decoded_pck/RIFPCK_TBL.decoded.bin,pck_object_0004_part_005_choice_000_frame_031,pck_object_0004,pck_object_0004_part_005,pck_object_0004_part_005_choice_000,5,0,31,0x0008D4,30,0,0x0008D6,1E008C0056FFE2FF,8C0056FFE2FF8C0056FFE2FF640056FF
C:/Users/MadCat/Documents/GitHub/MechwarriorRecomp/research/extract/decoded_pck/RIFPCK_TBL.decoded.bin,pck_object_0004_part_005_choice_000_frame_032,pck_object_0004,pck_object_0004_part_005,pck_object_0004_part_005_choice_000,5,0,32,0x0008DC,140,0,0x0008DE,8C0056FFE2FF6400,56FFE2FF640056FF1400640056FF1E00
C:/Users/MadCat/Documents/GitHub/MechwarriorRecomp/research/extract/decoded_pck/RIFPCK_TBL.decoded.bin,pck_object_0004_part_005_choice_000_frame_033,pck_object_0004,pck_object_0004_part_005,pck_object_0004_part_005_choice_000,5,0,33,0x0008E4,86,255,0x0008E6,56FF1400640056FF,1400640056FF1E006400000000080000
C:/Users/MadCat/Documents/GitHub/MechwarriorRecomp/research/extract/decoded_pck/RIFPCK_TBL.decoded.bin,pck_object_0004_part_005_choice_000_frame_034,pck_object_0004,pck_object_0004_part_005,pck_object_0004_part_005_choice_000,5,0,34,0x0008EC,30,0,0x0008EE,1E00640000000008,640000000008000088FF1E00A00088FF
C:/Users/MadCat/Documents/GitHub/MechwarriorRecomp/research/extract/decoded_pck/RIFPCK_TBL.decoded.bin,pck_object_0004_part_005_choice_000_frame_035,pck_object_0004,pck_object_0004_part_005,pck_object_0004_part_005_choice_000,5,0,35,0x0008F4,0,0,0x0008F6,000088FF1E00A000,88FF1E00A00088FF1E00280008FD0000
C:/Users/MadCat/Documents/GitHub/MechwarriorRecomp/research/extract/decoded_pck/RIFPCK_TBL.decoded.bin,pck_object_0004_part_005_choice_000_frame_036,pck_object_0004,pck_object_0004_part_005,pck_object_0004_part_005_choice_000,5,0,36,0x0008FC,136,255,0x0008FE,88FF1E00280008FD,1E00280008FD00006D0788FFE2FFA000
C:/Users/MadCat/Documents/GitHub/MechwarriorRecomp/research/extract/decoded_pck/RIFPCK_TBL.decoded.bin,pck_object_0004_part_005_choice_000_frame_037,pck_object_0004,pck_object_0004_part_005,pck_object_0004_part_005_choice_000,5,0,37,0x000904,0,0,0x000906,00006D0788FFE2FF,6D0788FFE2FFA000000000F8000088FF
C:/Users/MadCat/Documents/GitHub/MechwarriorRecomp/research/extract/decoded_pck/RIFPCK_TBL.decoded.bin,pck_object_0004_part_005_choice_000_frame_038,pck_object_0004,pck_object_0004_part_005,pck_object_0004_part_005_choice_000,5,0,38,0x00090C,160,0,0x00090E,A000000000F80000,000000F8000088FFE2FF2800DBF90000
C:/Users/MadCat/Documents/GitHub/MechwarriorRecomp/research/extract/decoded_pck/RIFPCK_TBL.decoded.bin,pck_object_0004_part_005_choice_000_frame_039,pck_object_0004,pck_object_0004_part_005,pck_object_0004_part_005_choice_000,5,0,39,0x000914,136,255,0x000916,88FFE2FF2800DBF9,E2FF2800DBF90000E1FAE80300000000
C:/Users/MadCat/Documents/GitHub/MechwarriorRecomp/research/extract/decoded_pck/RIFPCK_TBL.decoded.bin,pck_object_0004_part_005_choice_000_frame_040,pck_object_0004,pck_object_0004_part_005,pck_object_0004_part_005_choice_000,5,0,40,0x00091C,0,0,0x00091E,0000E1FAE8030000,E1FAE80300000000AA001E006400AA00
C:/Users/MadCat/Documents/GitHub/MechwarriorRecomp/research/extract/decoded_pck/RIFPCK_TBL.decoded.bin,pck_object_0004_part_005_choice_000_frame_041,pck_object_0004,pck_object_0004_part_005,pck_object_0004_part_005_choice_000,5,0,41,0x000924,0,0,0x000926,0000AA001E006400,AA001E006400AA00E2FF6400AA00E2FF
C:/Users/MadCat/Documents/GitHub/MechwarriorRecomp/research/extract/decoded_pck/RIFPCK_TBL.decoded.bin,pck_object_0004_part_005_choice_000_frame_042,pck_object_0004,pck_object_0004_part_005,pck_object_0004_part_005_choice_000,5,0,42,0x00092C,170,0,0x00092E,AA00E2FF6400AA00,E2FF6400AA00E2FF8C00AA001E008C00
C:/Users/MadCat/Documents/GitHub/MechwarriorRecomp/research/extract/decoded_pck/RIFPCK_TBL.decoded.bin,pck_object_0004_part_005_choice_000_frame_043,pck_object_0004,pck_object_0004_part_005,pck_object_0004_part_005_choice_000,5,0,43,0x000934,226,255,0x000936,E2FF8C00AA001E00,8C00AA001E008C0078001E00A0007800
C:/Users/MadCat/Documents/GitHub/MechwarriorRecomp/research/extract/decoded_pck/RIFPCK_TBL.decoded.bin,pck_object_0004_part_005_choice_000_frame_044,pck_object_0004,pck_object_0004_part_005,pck_object_0004_part_005_choice_000,5,0,44,0x00093C,140,0,0x00093E,8C0078001E00A000,78001E00A00078001E002800F8020000
C:/Users/MadCat/Documents/GitHub/MechwarriorRecomp/research/extract/decoded_pck/RIFPCK_TBL.decoded.bin,pck_object_0004_part_005_choice_000_frame_045,pck_object_0004,pck_object_0004_part_005,pck_object_0004_part_005_choice_000,5,0,45,0x000944,120,0,0x000946,78001E002800F802,1E002800F80200006D077800E2FFA000
C:/Users/MadCat/Documents/GitHub/MechwarriorRecomp/research/extract/decoded_pck/RIFPCK_TBL.decoded.bin,pck_object_0004_part_005_choice_000_frame_046,pck_object_0004,pck_object_0004_part_005,pck_object_0004_part_005_choice_000,5,0,46,0x00094C,0,0,0x00094E,00006D077800E2FF,6D077800E2FFA0007800E2FF28002506
C:/Users/MadCat/Documents/GitHub/MechwarriorRecomp/research/extract/decoded_pck/RIFPCK_TBL.decoded.bin,pck_object_0004_part_005_choice_000_frame_047,pck_object_0004,pck_object_0004_part_005,pck_object_0004_part_005_choice_000,5,0,47,0x000954,160,0,0x000956,A0007800E2FF2800,7800E2FF280025060000E1FAF401F401
C:/Users/MadCat/Documents/GitHub/MechwarriorRecomp/research/extract/decoded_pck/RIFPCK_TBL.decoded.bin,pck_object_0004_part_005_choice_000_frame_048,pck_object_0004,pck_object_0004_part_005,pck_object_0004_part_005_choice_000,5,0,48,0x00095C,37,6,0x00095E,25060000E1FAF401,0000E1FAF401F401F401780000002C01
C:/Users/MadCat/Documents/GitHub/MechwarriorRecomp/research/extract/decoded_pck/RIFPCK_TBL.decoded.bin,pck_object_0004_part_005_choice_000_frame_049,pck_object_0004,pck_object_0004_part_005,pck_object_0004_part_005_choice_000,5,0,49,0x000964,244,1,0x000966,F401F40178000000,F401780000002C01280000002C010000
C:/Users/MadCat/Documents/GitHub/MechwarriorRecomp/research/extract/decoded_pck/RIFPCK_TBL.decoded.bin,pck_object_0004_part_005_choice_000_frame_050,pck_object_0004,pck_object_0004_part_005,pck_object_0004_part_005_choice_000,5,0,50,0x00096C,44,1,0x00096E,2C01280000002C01,280000002C010000320018FCD8FFD8FF
C:/Users/MadCat/Documents/GitHub/MechwarriorRecomp/research/extract/decoded_pck/RIFPCK_TBL.decoded.bin,pck_object_0004_part_005_choice_000_frame_051,pck_object_0004,pck_object_0004_part_005,pck_object_0004_part_005_choice_000,5,0,51,0x000974,0,0,0x000976,0000320018FCD8FF,320018FCD8FFD8FF9CFF2800D8FF9CFF
C:/Users/MadCat/Documents/GitHub/MechwarriorRecomp/research/extract/decoded_pck/RIFPCK_TBL.decoded.bin,pck_object_0004_part_005_choice_000_frame_052,pck_object_0004,pck_object_0004_part_005,pck_object_0004_part_005_choice_000,5,0,52,0x00097C,216,255,0x00097E,D8FF9CFF2800D8FF,9CFF2800D8FF9CFF280028009CFFD8FF
C:/Users/MadCat/Documents/GitHub/MechwarriorRecomp/research/extract/decoded_pck/RIFPCK_TBL.decoded.bin,pck_object_0004_part_005_choice_000_frame_053,pck_object_0004,pck_object_0004_part_005,pck_object_0004_part_005_choice_000,5,0,53,0x000984,156,255,0x000986,9CFF280028009CFF,280028009CFFD8FF28009CFFD8FFD8FF
C:/Users/MadCat/Documents/GitHub/MechwarriorRecomp/research/extract/decoded_pck/RIFPCK_TBL.decoded.bin,pck_object_0004_part_005_choice_000_frame_054,pck_object_0004,pck_object_0004_part_005,pck_object_0004_part_005_choice_000,5,0,54,0x00098C,216,255,0x00098E,D8FF28009CFFD8FF,28009CFFD8FFD8FF0000D8FF28000000
C:/Users/MadCat/Documents/GitHub/MechwarriorRecomp/research/extract/decoded_pck/RIFPCK_TBL.decoded.bin,pck_object_0004_part_005_choice_000_frame_055,pck_object_0004,pck_object_0004_part_005,pck_object_0004_part_005_choice_000,5,0,55,0x000994,216,255,0x000996,D8FF0000D8FF2800,0000D8FF280000002800280000002800
C:/Users/MadCat/Documents/GitHub/MechwarriorRecomp/research/extract/decoded_pck/RIFPCK_TBL.decoded.bin,pck_object_0004_part_005_choice_000_frame_056,pck_object_0004,pck_object_0004_part_005,pck_object_0004_part_005_choice_000,5,0,56,0x00099C,0,0,0x00099E,0000280028000000,2800280000002800D8FF0000000038FF
C:/Users/MadCat/Documents/GitHub/MechwarriorRecomp/research/extract/decoded_pck/RIFPCK_TBL.decoded.bin,pck_object_0004_part_005_choice_000_frame_057,pck_object_0004,pck_object_0004_part_005,pck_object_0004_part_005_choice_000,5,0,57,0x0009A4,40,0,0x0009A6,2800D8FF00000000,D8FF0000000038FFD00746009CFF4A01
C:/Users/MadCat/Documents/GitHub/MechwarriorRecomp/research/extract/decoded_pck/RIFPCK_TBL.decoded.bin,pck_object_0004_part_005_choice_000_frame_058,pck_object_0004,pck_object_0004_part_005,pck_object_0004_part_005_choice_000,5,0,58,0x0009AC,56,255,0x0009AE,38FFD00746009CFF,D00746009CFF4A01BAFF9CFF4A01BAFF
C:/Users/MadCat/Documents/GitHub/MechwarriorRecomp/research/extract/decoded_pck/RIFPCK_TBL.decoded.bin,pck_object_0004_part_005_choice_000_frame_059,pck_object_0004,pck_object_0004_part_005,pck_object_0004_part_005_choice_000,5,0,59,0x0009B4,74,1,0x0009B6,4A01BAFF9CFF4A01,BAFF9CFF4A01BAFFBAFF5E014600BAFF
C:/Users/MadCat/Documents/GitHub/MechwarriorRecomp/research/extract/decoded_pck/RIFPCK_TBL.decoded.bin,pck_object_0004_part_005_choice_000_frame_060,pck_object_0004,pck_object_0004_part_005,pck_object_0004_part_005_choice_000,5,0,60,0x0009BC,186,255,0x0009BE,BAFFBAFF5E014600,BAFF5E014600BAFF5E010A00B0FFFA00
C:/Users/MadCat/Documents/GitHub/MechwarriorRecomp/research/extract/decoded_pck/RIFPCK_TBL.decoded.bin,pck_object_0004_part_005_choice_000_frame_061,pck_object_0004,pck_object_0004_part_005,pck_object_0004_part_005_choice_000,5,0,61,0x0009C4,186,255,0x0009C6,BAFF5E010A00B0FF,5E010A00B0FFFA000A00B0FF5401F6FF
C:/Users/MadCat/Documents/GitHub/MechwarriorRecomp/research/extract/decoded_pck/RIFPCK_TBL.decoded.bin,pck_object_0004_part_005_choice_000_frame_062,pck_object_0004,pck_object_0004_part_005,pck_object_0004_part_005_choice_000,5,0,62,0x0009CC,250,0,0x0009CE,FA000A00B0FF5401,0A00B0FF5401F6FFB0FF5401F6FFB0FF
C:/Users/MadCat/Documents/GitHub/MechwarriorRecomp/research/extract/decoded_pck/RIFPCK_TBL.decoded.bin,pck_object_0004_part_005_choice_000_frame_063,pck_object_0004,pck_object_0004_part_005,pck_object_0004_part_005_choice_000,5,0,63,0x0009D4,246,255,0x0009D6,F6FFB0FF5401F6FF,B0FF5401F6FFB0FFFA00010014020000
C:/Users/MadCat/Documents/GitHub/MechwarriorRecomp/research/extract/decoded_pck/RIFPCK_TBL.decoded.bin,pck_object_0004_part_005_choice_000_frame_064,pck_object_0004,pck_object_0004_part_005,pck_object_0004_part_005_choice_000,5,0,64,0x0009DC,176,255,0x0009DE,B0FFFA0001001402,FA0001001402000004001C0208F88101
C:/Users/MadCat/Documents/GitHub/MechwarriorRecomp/research/extract/decoded_pck/RIFPCK_TBL.decoded.bin,pck_object_0004_part_005_choice_000_frame_065,pck_object_0004,pck_object_0004_part_005,pck_object_0004_part_005_choice_000,5,0,65,0x0009E4,0,0,0x0009E6,000004001C0208F8,04001C0208F88101010101013C028100
C:/Users/MadCat/Documents/GitHub/MechwarriorRecomp/research/extract/decoded_pck/RIFPCK_TBL.decoded.bin,pck_object_0004_part_005_choice_000_frame_066,pck_object_0004,pck_object_0004_part_005,pck_object_0004_part_005_choice_000,5,0,66,0x0009EC,129,1,0x0009EE,8101010101013C02,010101013C0281000000000642028100
C:/Users/MadCat/Documents/GitHub/MechwarriorRecomp/research/extract/decoded_pck/RIFPCK_TBL.decoded.bin,pck_object_0004_part_005_choice_000_frame_067,pck_object_0004,pck_object_0004_part_005,pck_object_0004_part_005_choice_000,5,0,67,0x0009F4,129,0,0x0009F6,8100000000064202,00000006420281000000000948028100
C:/Users/MadCat/Documents/GitHub/MechwarriorRecomp/research/extract/decoded_pck/RIFPCK_TBL.decoded.bin,pck_object_0004_part_005_choice_000_frame_068,pck_object_0004,pck_object_0004_part_005,pck_object_0004_part_005_choice_000,5,0,68,0x0009FC,129,0,0x0009FE,8100000000094802,00000009480281000000000E4E020202
C:/Users/MadCat/Documents/GitHub/MechwarriorRecomp/research/extract/decoded_pck/RIFPCK_TBL.decoded.bin,pck_object_0004_part_005_choice_000_frame_069,pck_object_0004,pck_object_0004_part_005,pck_object_0004_part_005_choice_000,5,0,69,0x000A04,129,0,0x000A06,81000000000E4E02,0000000E4E020202030405FF05050407
C:/Users/MadCat/Documents/GitHub/MechwarriorRecomp/research/extract/decoded_pck/RIFPCK_TBL.decoded.bin,pck_object_0004_part_005_choice_000_frame_070,pck_object_0004,pck_object_0004_part_005,pck_object_0004_part_005_choice_000,5,0,70,0x000A0C,2,2,0x000A0E,0202030405FF0505,030405FF0505040708FF0A0A0B0C0DFF
C:/Users/MadCat/Documents/GitHub/MechwarriorRecomp/research/extract/decoded_pck/RIFPCK_TBL.decoded.bin,pck_object_0004_part_005_choice_000_frame_071,pck_object_0004,pck_object_0004_part_005,pck_object_0004_part_005_choice_000,5,0,71,0x000A14,4,7,0x000A16,040708FF0A0A0B0C,08FF0A0A0B0C0DFF0F0F100302FF0100
C:/Users/MadCat/Documents/GitHub/MechwarriorRecomp/research/extract/decoded_pck/RIFPCK_TBL.decoded.bin,pck_object_0004_part_005_choice_000_frame_072,pck_object_0004,pck_object_0004_part_005,pck_object_0004_part_005_choice_000,5,0,72,0x000A1C,13,255,0x000A1E,0DFF0F0F100302FF,0F0F100302FF01005802000002006002
C:/Users/MadCat/Documents/GitHub/MechwarriorRecomp/research/extract/decoded_pck/RIFPCK_TBL.decoded.bin,pck_object_0004_part_005_choice_000_frame_073,pck_object_0004,pck_object_0004_part_005,pck_object_0004_part_005_choice_000,5,0,73,0x000A24,1,0,0x000A26,0100580200000200,5802000002006002FF07810707070712
C:/Users/MadCat/Documents/GitHub/MechwarriorRecomp/research/extract/decoded_pck/RIFPCK_TBL.decoded.bin,pck_object_0004_part_005_choice_000_frame_074,pck_object_0004,pck_object_0004_part_005,pck_object_0004_part_005_choice_000,5,0,74,0x000A2C,96,2,0x000A2E,6002FF0781070707,FF078107070707127002810000000013
C:/Users/MadCat/Documents/GitHub/MechwarriorRecomp/research/extract/decoded_pck/RIFPCK_TBL.decoded.bin,pck_object_0004_part_005_choice_000_frame_075,pck_object_0004,pck_object_0004_part_005,pck_object_0004_part_005_choice_000,5,0,75,0x000A34,7,18,0x000A36,0712700281000000,700281000000001376020F0F080710FF
C:/Users/MadCat/Documents/GitHub/MechwarriorRecomp/research/extract/decoded_pck/RIFPCK_TBL.decoded.bin,pck_object_0004_part_005_choice_000_frame_076,pck_object_0004,pck_object_0004_part_005,pck_object_0004_part_005_choice_000,5,0,76,0x000A3C,0,19,0x000A3E,001376020F0F0807,76020F0F080710FF1010141503FF0100
C:/Users/MadCat/Documents/GitHub/MechwarriorRecomp/research/extract/decoded_pck/RIFPCK_TBL.decoded.bin,pck_object_0004_part_005_choice_000_frame_077,pck_object_0004,pck_object_0004_part_005,pck_object_0004_part_005_choice_000,5,0,77,0x000A44,16,255,0x000A46,10FF1010141503FF,1010141503FF01008002000004008802
C:/Users/MadCat/Documents/GitHub/MechwarriorRecomp/research/extract/decoded_pck/RIFPCK_TBL.decoded.bin,pck_object_0004_part_005_choice_000_frame_078,pck_object_0004,pck_object_0004_part_005,pck_object_0004_part_005_choice_000,5,0,78,0x000A4C,1,0,0x000A4E,0100800200000400,80020000040088028DFE81000000000E
C:/Users/MadCat/Documents/GitHub/MechwarriorRecomp/research/extract/decoded_pck/RIFPCK_TBL.decoded.bin,pck_object_0004_part_005_choice_000_frame_079,pck_object_0004,pck_object_0004_part_005,pck_object_0004_part_005_choice_000,5,0,79,0x000A54,136,2,0x000A56,88028DFE81000000,8DFE81000000000EA802810909090918
C:/Users/MadCat/Documents/GitHub/MechwarriorRecomp/research/extract/decoded_pck/RIFPCK_TBL.decoded.bin,pck_object_0004_part_005_choice_000_frame_080,pck_object_0004,pck_object_0004_part_005,pck_object_0004_part_005_choice_000,5,0,80,0x000A5C,0,14,0x000A5E,000EA80281090909,A802810909090918AD02810808080806
C:/Users/MadCat/Documents/GitHub/MechwarriorRecomp/research/extract/decoded_pck/RIFPCK_TBL.decoded.bin,pck_object_0004_part_005_choice_000_frame_081,pck_object_0004,pck_object_0004_part_005,pck_object_0004_part_005_choice_000,5,0,81,0x000A64,9,24,0x000A66,0918AD0281080808,AD02810808080806B30281010101011A
C:/Users/MadCat/Documents/GitHub/MechwarriorRecomp/research/extract/decoded_pck/RIFPCK_TBL.decoded.bin,pck_object_0004_part_005_choice_000_frame_082,pck_object_0004,pck_object_0004_part_005,pck_object_0004_part_005_choice_000,5,0,82,0x000A6C,8,6,0x000A6E,0806B30281010101,B30281010101011AB8020202170FFF0C
C:/Users/MadCat/Documents/GitHub/MechwarriorRecomp/research/extract/decoded_pck/RIFPCK_TBL.decoded.bin,pck_object_0004_part_005_choice_000_frame_083,pck_object_0004,pck_object_0004_part_005,pck_object_0004_part_005_choice_000,5,0,83,0x000A74,1,26,0x000A76,011AB8020202170F,B8020202170FFF0C0C191702FF0B0B19
C:/Users/MadCat/Documents/GitHub/MechwarriorRecomp/research/extract/decoded_pck/RIFPCK_TBL.decoded.bin,pck_object_0004_part_005_choice_000_frame_084,pck_object_0004,pck_object_0004_part_005,pck_object_0004_part_005_choice_000,5,0,84,0x000A7C,255,12,0x000A7E,FF0C0C191702FF0B,0C191702FF0B0B190CFF19190B0F17FF
C:/Users/MadCat/Documents/GitHub/MechwarriorRecomp/research/extract/decoded_pck/RIFPCK_TBL.decoded.bin,pck_object_0004_part_005_choice_000_frame_085,pck_object_0004,pck_object_0004_part_005,pck_object_0004_part_005_choice_000,5,0,85,0x000A84,11,25,0x000A86,0B190CFF19190B0F,0CFF19190B0F17FF0100C20200000500
C:/Users/MadCat/Documents/GitHub/MechwarriorRecomp/research/extract/decoded_pck/RIFPCK_TBL.decoded.bin,pck_object_0004_part_005_choice_000_frame_086,pck_object_0004,pck_object_0004_part_005,pck_object_0004_part_005_choice_000,5,0,86,0x000A8C,23,255,0x000A8E,17FF0100C2020000,0100C20200000500CA02080181000000
C:/Users/MadCat/Documents/GitHub/MechwarriorRecomp/research/extract/decoded_pck/RIFPCK_TBL.decoded.bin,pck_object_0004_part_005_choice_000_frame_087,pck_object_0004,pck_object_0004_part_005,pck_object_0004_part_005_choice_000,5,0,87,0x000A94,5,0,0x000A96,0500CA0208018100,CA02080181000000000EF20281080808
C:/Users/MadCat/Documents/GitHub/MechwarriorRecomp/research/extract/decoded_pck/RIFPCK_TBL.decoded.bin,pck_object_0004_part_005_choice_000_frame_088,pck_object_0004,pck_object_0004_part_005,pck_object_0004_part_005_choice_000,5,0,88,0x000A9C,0,0,0x000A9E,0000000EF2028108,000EF202810808080821F90281000000
C:/Users/MadCat/Documents/GitHub/MechwarriorRecomp/research/extract/decoded_pck/RIFPCK_TBL.decoded.bin,pck_object_0004_part_005_choice_000_frame_089,pck_object_0004,pck_object_0004_part_005,pck_object_0004_part_005_choice_000,5,0,89,0x000AA4,8,8,0x000AA6,08080821F9028100,0821F902810000000024FF0281080808
C:/Users/MadCat/Documents/GitHub/MechwarriorRecomp/research/extract/decoded_pck/RIFPCK_TBL.decoded.bin,pck_object_0004_part_005_choice_000_frame_090,pck_object_0004,pck_object_0004_part_005,pck_object_0004_part_005_choice_000,5,0,90,0x000AAC,0,0,0x000AAE,00000024FF028108,0024FF02810808080826050381000000
C:/Users/MadCat/Documents/GitHub/MechwarriorRecomp/research/extract/decoded_pck/RIFPCK_TBL.decoded.bin,pck_object_0004_part_005_choice_000_frame_091,pck_object_0004,pck_object_0004_part_005,pck_object_0004_part_005_choice_000,5,0,91,0x000AB4,8,8,0x000AB6,0808082605038100,082605038100000000280B031C1C1D1E
C:/Users/MadCat/Documents/GitHub/MechwarriorRecomp/research/extract/decoded_pck/RIFPCK_TBL.decoded.bin,pck_object_0004_part_005_choice_000_frame_092,pck_object_0004,pck_object_0004_part_005,pck_object_0004_part_005_choice_000,5,0,92,0x000ABC,0,0,0x000ABE,000000280B031C1C,00280B031C1C1D1E1F20FF22221C2023
C:/Users/MadCat/Documents/GitHub/MechwarriorRecomp/research/extract/decoded_pck/RIFPCK_TBL.decoded.bin,pck_object_0004_part_005_choice_000_frame_093,pck_object_0004,pck_object_0004_part_005,pck_object_0004_part_005_choice_000,5,0,93,0x000AC4,29,30,0x000AC6,1D1E1F20FF22221C,1F20FF22221C2023FF25251D1C22FF27
C:/Users/MadCat/Documents/GitHub/MechwarriorRecomp/research/extract/decoded_pck/RIFPCK_TBL.decoded.bin,pck_object_0004_part_005_choice_000_frame_094,pck_object_0004,pck_object_0004_part_005,pck_object_0004_part_005_choice_000,5,0,94,0x000ACC,32,35,0x000ACE,2023FF25251D1C22,FF25251D1C22FF27271E1D25FF232320
C:/Users/MadCat/Documents/GitHub/MechwarriorRecomp/research/extract/decoded_pck/RIFPCK_TBL.decoded.bin,pck_object_0004_part_005_choice_000_frame_095,pck_object_0004,pck_object_0004_part_005,pck_object_0004_part_005_choice_000,5,0,95,0x000AD4,255,39,0x000AD6,FF27271E1D25FF23,271E1D25FF2323201E27FF0100150300
C:/Users/MadCat/Documents/GitHub/MechwarriorRecomp/research/extract/decoded_pck/RIFPCK_TBL.decoded.bin,pck_object_0004_part_005_choice_000_frame_096,pck_object_0004,pck_object_0004_part_005,pck_object_0004_part_005_choice_000,5,0,96,0x000ADC,35,32,0x000ADE,23201E27FF010015,1E27FF01001503000005001D03001281
C:/Users/MadCat/Documents/GitHub/MechwarriorRecomp/research/extract/decoded_pck/RIFPCK_TBL.decoded.bin,pck_object_0004_part_005_choice_000_frame_097,pck_object_0004,pck_object_0004_part_005,pck_object_0004_part_005_choice_000,5,0,97,0x000AE4,3,0,0x000AE6,03000005001D0300,0005001D030012810000000006450381
C:/Users/MadCat/Documents/GitHub/MechwarriorRecomp/research/extract/decoded_pck/RIFPCK_TBL.decoded.bin,pck_object_0004_part_005_choice_000_frame_098,pck_object_0004,pck_object_0004_part_005,pck_object_0004_part_005_choice_000,5,0,98,0x000AEC,18,129,0x000AEE,1281000000000645,000000000645038108080808214B0381
C:/Users/MadCat/Documents/GitHub/MechwarriorRecomp/research/extract/decoded_pck/RIFPCK_TBL.decoded.bin,pck_object_0004_part_005_choice_000_frame_099,pck_object_0004,pck_object_0004_part_005,pck_object_0004_part_005_choice_000,5,0,99,0x000AF4,3,129,0x000AF6,038108080808214B,08080808214B03810000000030510381
C:/Users/MadCat/Documents/GitHub/MechwarriorRecomp/research/extract/decoded_pck/RIFPCK_TBL.decoded.bin,pck_object_0004_part_005_choice_000_frame_100,pck_object_0004,pck_object_0004_part_005,pck_object_0004_part_005_choice_000,5,0,100,0x000AFC,3,129,0x000AFE,0381000000003051,00000000305103810808080826570381
C:/Users/MadCat/Documents/GitHub/MechwarriorRecomp/research/extract/decoded_pck/RIFPCK_TBL.decoded.bin,pck_object_0004_part_005_choice_000_frame_101,pck_object_0004,pck_object_0004_part_005,pck_object_0004_part_005_choice_000,5,0,101,0x000B04,3,129,0x000B06,0381080808082657,080808082657038100000000335D032A
C:/Users/MadCat/Documents/GitHub/MechwarriorRecomp/research/extract/decoded_pck/RIFPCK_TBL.decoded.bin,pck_object_0004_part_005_choice_000_frame_102,pck_object_0004,pck_object_0004_part_005,pck_object_0004_part_005_choice_000,5,0,102,0x000B0C,3,129,0x000B0E,038100000000335D,00000000335D032A2A2B2C2DFF2D2D2E
C:/Users/MadCat/Documents/GitHub/MechwarriorRecomp/research/extract/decoded_pck/RIFPCK_TBL.decoded.bin,pck_object_0004_part_005_choice_000_frame_103,pck_object_0004,pck_object_0004_part_005,pck_object_0004_part_005_choice_000,5,0,103,0x000B14,3,42,0x000B16,032A2A2B2C2DFF2D,2A2B2C2DFF2D2D2E2F2AFF2C2C312E2D
C:/Users/MadCat/Documents/GitHub/MechwarriorRecomp/research/extract/decoded_pck/RIFPCK_TBL.decoded.bin,pck_object_0004_part_005_choice_000_frame_104,pck_object_0004,pck_object_0004_part_005,pck_object_0004_part_005_choice_000,5,0,104,0x000B1C,45,46,0x000B1E,2D2E2F2AFF2C2C31,2F2AFF2C2C312E2DFF2B2B32312CFF2F
C:/Users/MadCat/Documents/GitHub/MechwarriorRecomp/research/extract/decoded_pck/RIFPCK_TBL.decoded.bin,pck_object_0004_part_005_choice_000_frame_105,pck_object_0004,pck_object_0004_part_005,pck_object_0004_part_005_choice_000,5,0,105,0x000B24,46,45,0x000B26,2E2DFF2B2B32312C,FF2B2B32312CFF2F2F322B2AFF010067
C:/Users/MadCat/Documents/GitHub/MechwarriorRecomp/research/extract/decoded_pck/RIFPCK_TBL.decoded.bin,pck_object_0004_part_005_choice_000_frame_106,pck_object_0004,pck_object_0004_part_005,pck_object_0004_part_005_choice_000,5,0,106,0x000B2C,255,47,0x000B2E,FF2F2F322B2AFF01,2F322B2AFF01006703000004006F031B
C:/Users/MadCat/Documents/GitHub/MechwarriorRecomp/research/extract/decoded_pck/RIFPCK_TBL.decoded.bin,pck_object_0004_part_005_choice_000_frame_107,pck_object_0004,pck_object_0004_part_005,pck_object_0004_part_005_choice_000,5,0,107,0x000B34,0,103,0x000B36,006703000004006F,03000004006F031B198100000000068F
C:/Users/MadCat/Documents/GitHub/MechwarriorRecomp/research/extract/decoded_pck/RIFPCK_TBL.decoded.bin,pck_object_0004_part_005_choice_000_frame_108,pck_object_0004,pck_object_0004_part_005,pck_object_0004_part_005_choice_000,5,0,108,0x000B3C,3,27,0x000B3E,031B198100000000,198100000000068F0381090909091894
C:/Users/MadCat/Documents/GitHub/MechwarriorRecomp/research/extract/decoded_pck/RIFPCK_TBL.decoded.bin,pck_object_0004_part_005_choice_000_frame_109,pck_object_0004,pck_object_0004_part_005,pck_object_0004_part_005_choice_000,5,0,109,0x000B44,6,143,0x000B46,068F038109090909,03810909090918940381080808080E9A
C:/Users/MadCat/Documents/GitHub/MechwarriorRecomp/research/extract/decoded_pck/RIFPCK_TBL.decoded.bin,pck_object_0004_part_005_choice_000_frame_110,pck_object_0004,pck_object_0004_part_005,pck_object_0004_part_005_choice_000,5,0,110,0x000B4C,24,148,0x000B4E,1894038108080808,0381080808080E9A0381010101011A9F
C:/Users/MadCat/Documents/GitHub/MechwarriorRecomp/research/extract/decoded_pck/RIFPCK_TBL.decoded.bin,pck_object_0004_part_005_choice_000_frame_111,pck_object_0004,pck_object_0004_part_005,pck_object_0004_part_005_choice_000,5,0,111,0x000B54,14,154,0x000B56,0E9A038101010101,0381010101011A9F0308083505FF3535
C:/Users/MadCat/Documents/GitHub/MechwarriorRecomp/research/extract/decoded_pck/RIFPCK_TBL.decoded.bin,pck_object_0004_part_005_choice_000_frame_112,pck_object_0004,pck_object_0004_part_005,pck_object_0004_part_005_choice_000,5,0,112,0x000B5C,26,159,0x000B5E,1A9F0308083505FF,0308083505FF3535360D05FF0D0D360A
C:/Users/MadCat/Documents/GitHub/MechwarriorRecomp/research/extract/decoded_pck/RIFPCK_TBL.decoded.bin,pck_object_0004_part_005_choice_000_frame_113,pck_object_0004,pck_object_0004_part_005,pck_object_0004_part_005_choice_000,5,0,113,0x000B64,53,53,0x000B66,3535360D05FF0D0D,360D05FF0D0D360AFF0A0A363508FF01
C:/Users/MadCat/Documents/GitHub/MechwarriorRecomp/research/extract/decoded_pck/RIFPCK_TBL.decoded.bin,pck_object_0004_part_005_choice_000_frame_114,pck_object_0004,pck_object_0004_part_005,pck_object_0004_part_005_choice_000,5,0,114,0x000B6C,54,10,0x000B6E,360AFF0A0A363508,FF0A0A363508FF0100A90300000500B1
C:/Users/MadCat/Documents/GitHub/MechwarriorRecomp/research/extract/decoded_pck/RIFPCK_TBL.decoded.bin,pck_object_0004_part_005_choice_000_frame_115,pck_object_0004,pck_object_0004_part_005,pck_object_0004_part_005_choice_000,5,0,115,0x000B74,255,1,0x000B76,FF0100A903000005,00A90300000500B10325168100000000
C:/Users/MadCat/Documents/GitHub/MechwarriorRecomp/research/extract/decoded_pck/RIFPCK_TBL.decoded.bin,pck_object_0004_part_005_choice_000_frame_116,pck_object_0004,pck_object_0004_part_005,pck_object_0004_part_005_choice_000,5,0,116,0x000B7C,0,177,0x000B7E,00B1032516810000,032516810000000013D9038100000000
C:/Users/MadCat/Documents/GitHub/MechwarriorRecomp/research/extract/decoded_pck/RIFPCK_TBL.decoded.bin,pck_object_0004_part_005_choice_000_frame_117,pck_object_0004,pck_object_0004_part_005,pck_object_0004_part_005_choice_000,5,0,117,0x000B84,0,0,0x000B86,000013D903810000,13D90381000000000EDF038101010101
C:/Users/MadCat/Documents/GitHub/MechwarriorRecomp/research/extract/decoded_pck/RIFPCK_TBL.decoded.bin,pck_object_0004_part_005_choice_000_frame_118,pck_object_0004,pck_object_0004_part_005,pck_object_0004_part_005_choice_000,5,0,118,0x000B8C,0,0,0x000B8E,00000EDF03810101,0EDF03810101010121E5038100000000
C:/Users/MadCat/Documents/GitHub/MechwarriorRecomp/research/extract/decoded_pck/RIFPCK_TBL.decoded.bin,pck_object_0004_part_005_choice_000_frame_119,pck_object_0004,pck_object_0004_part_005,pck_object_0004_part_005_choice_000,5,0,119,0x000B94,1,1,0x000B96,010121E503810000,21E503810000000006EB038107070707
C:/Users/MadCat/Documents/GitHub/MechwarriorRecomp/research/extract/decoded_pck/RIFPCK_TBL.decoded.bin,pck_object_0004_part_005_choice_000_frame_120,pck_object_0004,pck_object_0004_part_005,pck_object_0004_part_005_choice_000,5,0,120,0x000B9C,0,0,0x000B9E,000006EB03810707,06EB03810707070726F1033838393A3B
C:/Users/MadCat/Documents/GitHub/MechwarriorRecomp/research/extract/decoded_pck/RIFPCK_TBL.decoded.bin,pck_object_0004_part_005_choice_000_frame_121,pck_object_0004,pck_object_0004_part_005,pck_object_0004_part_005_choice_000,5,0,121,0x000BA4,7,7,0x000BA6,070726F103383839,26F1033838393A3BFF3C3C383B3DFF3D
C:/Users/MadCat/Documents/GitHub/MechwarriorRecomp/research/extract/decoded_pck/RIFPCK_TBL.decoded.bin,pck_object_0004_part_005_choice_000_frame_122,pck_object_0004,pck_object_0004_part_005,pck_object_0004_part_005_choice_000,5,0,122,0x000BAC,58,59,0x000BAE,3A3BFF3C3C383B3D,FF3C3C383B3DFF3D3D3B3A3EFF3E3E3A
C:/Users/MadCat/Documents/GitHub/MechwarriorRecomp/research/extract/decoded_pck/RIFPCK_TBL.decoded.bin,pck_object_0004_part_005_choice_000_frame_123,pck_object_0004,pck_object_0004_part_005,pck_object_0004_part_005_choice_000,5,0,123,0x000BB4,255,61,0x000BB6,FF3D3D3B3A3EFF3E,3D3B3A3EFF3E3E3A393FFF3F3F39383C
C:/Users/MadCat/Documents/GitHub/MechwarriorRecomp/research/extract/decoded_pck/RIFPCK_TBL.decoded.bin,pck_object_0004_part_005_choice_000_frame_124,pck_object_0004,pck_object_0004_part_005,pck_object_0004_part_005_choice_000,5,0,124,0x000BBC,62,58,0x000BBE,3E3A393FFF3F3F39,393FFF3F3F39383CFF0100FB03000002
C:/Users/MadCat/Documents/GitHub/MechwarriorRecomp/research/extract/decoded_pck/RIFPCK_TBL.decoded.bin,pck_object_0004_part_005_choice_000_frame_125,pck_object_0004,pck_object_0004_part_005,pck_object_0004_part_005_choice_000,5,0,125,0x000BC4,56,60,0x000BC6,383CFF0100FB0300,FF0100FB030000020003040808800000
C:/Users/MadCat/Documents/GitHub/MechwarriorRecomp/research/extract/decoded_pck/RIFPCK_TBL.decoded.bin,pck_object_0004_part_005_choice_000_frame_126,pck_object_0004,pck_object_0004_part_005,pck_object_0004_part_005_choice_000,5,0,126,0x000BCC,0,2,0x000BCE,0002000304080880,00030408088000000000FF1304800000
C:/Users/MadCat/Documents/GitHub/MechwarriorRecomp/research/extract/decoded_pck/RIFPCK_TBL.decoded.bin,pck_object_0004_part_005_choice_000_frame_127,pck_object_0004,pck_object_0004_part_005,pck_object_0004_part_005_choice_000,5,0,127,0x000BD4,0,0,0x000BD6,00000000FF130480,0000FF13048000000000FF1904414142
C:/Users/MadCat/Documents/GitHub/MechwarriorRecomp/research/extract/decoded_pck/RIFPCK_TBL.decoded.bin,pck_object_0004_part_005_choice_000_frame_128,pck_object_0004,pck_object_0004_part_005,pck_object_0004_part_005_choice_000,5,0,128,0x000BDC,0,0,0x000BDE,00000000FF190441,0000FF19044141424344FF4545464748
C:/Users/MadCat/Documents/GitHub/MechwarriorRecomp/research/extract/decoded_pck/RIFPCK_TBL.decoded.bin,pck_object_0004_part_006_choice_000_frame_000,pck_object_0004,pck_object_0004_part_006,pck_object_0004_part_006_choice_000,6,0,0,0x0007DC,128,0,0x0007DE,80006B0100000000,6B0100000000000008001A0000495A00
C:/Users/MadCat/Documents/GitHub/MechwarriorRecomp/research/extract/decoded_pck/RIFPCK_TBL.decoded.bin,pck_object_0004_part_006_choice_000_frame_001,pck_object_0004,pck_object_0004_part_006,pck_object_0004_part_006_choice_000,6,0,1,0x0007E4,0,0,0x0007E6,000008001A000049,08001A0000495A000100100211495A00
C:/Users/MadCat/Documents/GitHub/MechwarriorRecomp/research/extract/decoded_pck/RIFPCK_TBL.decoded.bin,pck_object_0004_part_006_choice_000_frame_002,pck_object_0004,pck_object_0004_part_006,pck_object_0004_part_006_choice_000,6,0,2,0x0007EC,90,0,0x0007EE,5A00010010021149,0100100211495A000100540216495A00
C:/Users/MadCat/Documents/GitHub/MechwarriorRecomp/research/extract/decoded_pck/RIFPCK_TBL.decoded.bin,pck_object_0004_part_006_choice_000_frame_003,pck_object_0004,pck_object_0004_part_006,pck_object_0004_part_006_choice_000,6,0,3,0x0007F4,90,0,0x0007F6,5A00010054021649,0100540216495A0001007C021B495A00
C:/Users/MadCat/Documents/GitHub/MechwarriorRecomp/research/extract/decoded_pck/RIFPCK_TBL.decoded.bin,pck_object_0004_part_006_choice_000_frame_004,pck_object_0004,pck_object_0004_part_006,pck_object_0004_part_006_choice_000,6,0,4,0x0007FC,90,0,0x0007FE,5A0001007C021B49,01007C021B495A000100BE0229495A00
C:/Users/MadCat/Documents/GitHub/MechwarriorRecomp/research/extract/decoded_pck/RIFPCK_TBL.decoded.bin,pck_object_0004_part_006_choice_000_frame_005,pck_object_0004,pck_object_0004_part_006,pck_object_0004_part_006_choice_000,6,0,5,0x000804,90,0,0x000806,5A000100BE022949,0100BE0229495A000100110334495A00
C:/Users/MadCat/Documents/GitHub/MechwarriorRecomp/research/extract/decoded_pck/RIFPCK_TBL.decoded.bin,pck_object_0004_part_006_choice_000_frame_006,pck_object_0004,pck_object_0004_part_006,pck_object_0004_part_006_choice_000,6,0,6,0x00080C,90,0,0x00080E,5A00010011033449,0100110334495A000100630337495A00
C:/Users/MadCat/Documents/GitHub/MechwarriorRecomp/research/extract/decoded_pck/RIFPCK_TBL.decoded.bin,pck_object_0004_part_006_choice_000_frame_007,pck_object_0004,pck_object_0004_part_006,pck_object_0004_part_006_choice_000,6,0,7,0x000814,90,0,0x000816,5A00010063033749,0100630337495A000100A50340495A00
C:/Users/MadCat/Documents/GitHub/MechwarriorRecomp/research/extract/decoded_pck/RIFPCK_TBL.decoded.bin,pck_object_0004_part_006_choice_000_frame_008,pck_object_0004,pck_object_0004_part_006,pck_object_0004_part_006_choice_000,6,0,8,0x00081C,90,0,0x00081E,5A000100A5034049,0100A50340495A000100F70300003200
C:/Users/MadCat/Documents/GitHub/MechwarriorRecomp/research/extract/decoded_pck/RIFPCK_TBL.decoded.bin,pck_object_0004_part_006_choice_000_frame_009,pck_object_0004,pck_object_0004_part_006,pck_object_0004_part_006_choice_000,6,0,9,0x000824,90,0,0x000826,5A000100F7030000,0100F7030000320064000000C20710FE
C:/Users/MadCat/Documents/GitHub/MechwarriorRecomp/research/extract/decoded_pck/RIFPCK_TBL.decoded.bin,pck_object_0004_part_006_choice_000_frame_010,pck_object_0004,pck_object_0004_part_006,pck_object_0004_part_006_choice_000,6,0,10,0x00082C,50,0,0x00082E,320064000000C207,64000000C20710FE88FF5000A00088FF
C:/Users/MadCat/Documents/GitHub/MechwarriorRecomp/research/extract/decoded_pck/RIFPCK_TBL.decoded.bin,pck_object_0004_part_006_choice_000_frame_011,pck_object_0004,pck_object_0004_part_006,pck_object_0004_part_006_choice_000,6,0,11,0x000834,16,254,0x000836,10FE88FF5000A000,88FF5000A00088FF2800000078002800
C:/Users/MadCat/Documents/GitHub/MechwarriorRecomp/research/extract/decoded_pck/RIFPCK_TBL.decoded.bin,pck_object_0004_part_006_choice_000_frame_012,pck_object_0004,pck_object_0004_part_006,pck_object_0004_part_006_choice_000,6,0,12,0x00083C,136,255,0x00083E,88FF280000007800,2800000078002800000078005000A000
C:/Users/MadCat/Documents/GitHub/MechwarriorRecomp/research/extract/decoded_pck/RIFPCK_TBL.decoded.bin,pck_object_0004_part_006_choice_000_frame_013,pck_object_0004,pck_object_0004_part_006,pck_object_0004_part_006_choice_000,6,0,13,0x000844,40,0,0x000846,2800000078005000,000078005000A0000008000000007800
C:/Users/MadCat/Documents/GitHub/MechwarriorRecomp/research/extract/decoded_pck/RIFPCK_TBL.decoded.bin,pck_object_0004_part_006_choice_000_frame_014,pck_object_0004,pck_object_0004_part_006,pck_object_0004_part_006_choice_000,6,0,14,0x00084C,160,0,0x00084E,A000000800000000,0008000000007800D8FF00007800B0FF
C:/Users/MadCat/Documents/GitHub/MechwarriorRecomp/research/extract/decoded_pck/RIFPCK_TBL.decoded.bin,pck_object_0004_part_006_choice_000_frame_015,pck_object_0004,pck_object_0004_part_006,pck_object_0004_part_006_choice_000,6,0,15,0x000854,120,0,0x000856,7800D8FF00007800,D8FF00007800B0FFFA000000EC03F806
C:/Users/MadCat/Documents/GitHub/MechwarriorRecomp/research/extract/decoded_pck/RIFPCK_TBL.decoded.bin,pck_object_0004_part_006_choice_000_frame_016,pck_object_0004,pck_object_0004_part_006,pck_object_0004_part_006_choice_000,6,0,16,0x00085C,176,255,0x00085E,B0FFFA000000EC03,FA000000EC03F8062800B0FFFA00D8FF
C:/Users/MadCat/Documents/GitHub/MechwarriorRecomp/research/extract/decoded_pck/RIFPCK_TBL.decoded.bin,pck_object_0004_part_006_choice_000_frame_017,pck_object_0004,pck_object_0004_part_006,pck_object_0004_part_006_choice_000,6,0,17,0x000864,248,6,0x000866,F8062800B0FFFA00,2800B0FFFA00D8FFB0FFFA00D8FF5000
C:/Users/MadCat/Documents/GitHub/MechwarriorRecomp/research/extract/decoded_pck/RIFPCK_TBL.decoded.bin,pck_object_0004_part_006_choice_000_frame_018,pck_object_0004,pck_object_0004_part_006,pck_object_0004_part_006_choice_000,6,0,18,0x00086C,216,255,0x00086E,D8FFB0FFFA00D8FF,B0FFFA00D8FF5000A00028005000A000
C:/Users/MadCat/Documents/GitHub/MechwarriorRecomp/research/extract/decoded_pck/RIFPCK_TBL.decoded.bin,pck_object_0004_part_006_choice_000_frame_019,pck_object_0004,pck_object_0004_part_006,pck_object_0004_part_006_choice_000,6,0,19,0x000874,80,0,0x000876,5000A00028005000,A00028005000A00000F80000000088FF
C:/Users/MadCat/Documents/GitHub/MechwarriorRecomp/research/extract/decoded_pck/RIFPCK_TBL.decoded.bin,pck_object_0004_part_006_choice_000_frame_020,pck_object_0004,pck_object_0004_part_006,pck_object_0004_part_006_choice_000,6,0,20,0x00087C,160,0,0x00087E,A00000F800000000,00F80000000088FFB0FFFA0088FFD8FF
C:/Users/MadCat/Documents/GitHub/MechwarriorRecomp/research/extract/decoded_pck/RIFPCK_TBL.decoded.bin,pck_object_0004_part_006_choice_000_frame_021,pck_object_0004,pck_object_0004_part_006,pck_object_0004_part_006_choice_000,6,0,21,0x000884,136,255,0x000886,88FFB0FFFA0088FF,B0FFFA0088FFD8FF000000000CFECEFF
C:/Users/MadCat/Documents/GitHub/MechwarriorRecomp/research/extract/decoded_pck/RIFPCK_TBL.decoded.bin,pck_object_0004_part_006_choice_000_frame_022,pck_object_0004,pck_object_0004_part_006,pck_object_0004_part_006_choice_000,6,0,22,0x00088C,216,255,0x00088E,D8FF000000000CFE,000000000CFECEFF00001AF8BDFE0000
C:/Users/MadCat/Documents/GitHub/MechwarriorRecomp/research/extract/decoded_pck/RIFPCK_TBL.decoded.bin,pck_object_0004_part_006_choice_000_frame_023,pck_object_0004,pck_object_0004_part_006,pck_object_0004_part_006_choice_000,6,0,23,0x000894,206,255,0x000896,CEFF00001AF8BDFE,00001AF8BDFE0000000000F86E00D8FF
C:/Users/MadCat/Documents/GitHub/MechwarriorRecomp/research/extract/decoded_pck/RIFPCK_TBL.decoded.bin,pck_object_0004_part_006_choice_000_frame_024,pck_object_0004,pck_object_0004_part_006,pck_object_0004_part_006_choice_000,6,0,24,0x00089C,0,0,0x00089E,0000000000F86E00,000000F86E00D8FF00006E0028000000
C:/Users/MadCat/Documents/GitHub/MechwarriorRecomp/research/extract/decoded_pck/RIFPCK_TBL.decoded.bin,pck_object_0004_part_006_choice_000_frame_025,pck_object_0004,pck_object_0004_part_006,pck_object_0004_part_006_choice_000,6,0,25,0x0008A4,216,255,0x0008A6,D8FF00006E002800,00006E00280000000CFEF401F40188FF
C:/Users/MadCat/Documents/GitHub/MechwarriorRecomp/research/extract/decoded_pck/RIFPCK_TBL.decoded.bin,pck_object_0004_part_006_choice_000_frame_026,pck_object_0004,pck_object_0004_part_006,pck_object_0004_part_006_choice_000,6,0,26,0x0008AC,0,0,0x0008AE,00000CFEF401F401,0CFEF401F40188FF00002C010000F206
C:/Users/MadCat/Documents/GitHub/MechwarriorRecomp/research/extract/decoded_pck/RIFPCK_TBL.decoded.bin,pck_object_0004_part_006_choice_000_frame_027,pck_object_0004,pck_object_0004_part_006,pck_object_0004_part_006_choice_000,6,0,27,0x0008B4,136,255,0x0008B6,88FF00002C010000,00002C010000F206F803D8FF00002C01
C:/Users/MadCat/Documents/GitHub/MechwarriorRecomp/research/extract/decoded_pck/RIFPCK_TBL.decoded.bin,pck_object_0004_part_006_choice_000_frame_028,pck_object_0004,pck_object_0004_part_006,pck_object_0004_part_006_choice_000,6,0,28,0x0008BC,242,6,0x0008BE,F206F803D8FF0000,F803D8FF00002C010000C3FBC80618FC
C:/Users/MadCat/Documents/GitHub/MechwarriorRecomp/research/extract/decoded_pck/RIFPCK_TBL.decoded.bin,pck_object_0004_part_006_choice_000_frame_029,pck_object_0004,pck_object_0004_part_006,pck_object_0004_part_006_choice_000,6,0,29,0x0008C4,44,1,0x0008C6,2C010000C3FBC806,0000C3FBC80618FC0000000056FF1E00
C:/Users/MadCat/Documents/GitHub/MechwarriorRecomp/research/extract/decoded_pck/RIFPCK_TBL.decoded.bin,pck_object_0004_part_006_choice_000_frame_030,pck_object_0004,pck_object_0004_part_006,pck_object_0004_part_006_choice_000,6,0,30,0x0008CC,24,252,0x0008CE,18FC0000000056FF,0000000056FF1E008C0056FFE2FF8C00
C:/Users/MadCat/Documents/GitHub/MechwarriorRecomp/research/extract/decoded_pck/RIFPCK_TBL.decoded.bin,pck_object_0004_part_006_choice_000_frame_031,pck_object_0004,pck_object_0004_part_006,pck_object_0004_part_006_choice_000,6,0,31,0x0008D4,30,0,0x0008D6,1E008C0056FFE2FF,8C0056FFE2FF8C0056FFE2FF640056FF
C:/Users/MadCat/Documents/GitHub/MechwarriorRecomp/research/extract/decoded_pck/RIFPCK_TBL.decoded.bin,pck_object_0004_part_006_choice_000_frame_032,pck_object_0004,pck_object_0004_part_006,pck_object_0004_part_006_choice_000,6,0,32,0x0008DC,140,0,0x0008DE,8C0056FFE2FF6400,56FFE2FF640056FF1400640056FF1E00
C:/Users/MadCat/Documents/GitHub/MechwarriorRecomp/research/extract/decoded_pck/RIFPCK_TBL.decoded.bin,pck_object_0004_part_006_choice_000_frame_033,pck_object_0004,pck_object_0004_part_006,pck_object_0004_part_006_choice_000,6,0,33,0x0008E4,86,255,0x0008E6,56FF1400640056FF,1400640056FF1E006400000000080000
C:/Users/MadCat/Documents/GitHub/MechwarriorRecomp/research/extract/decoded_pck/RIFPCK_TBL.decoded.bin,pck_object_0004_part_006_choice_000_frame_034,pck_object_0004,pck_object_0004_part_006,pck_object_0004_part_006_choice_000,6,0,34,0x0008EC,30,0,0x0008EE,1E00640000000008,640000000008000088FF1E00A00088FF
C:/Users/MadCat/Documents/GitHub/MechwarriorRecomp/research/extract/decoded_pck/RIFPCK_TBL.decoded.bin,pck_object_0004_part_006_choice_000_frame_035,pck_object_0004,pck_object_0004_part_006,pck_object_0004_part_006_choice_000,6,0,35,0x0008F4,0,0,0x0008F6,000088FF1E00A000,88FF1E00A00088FF1E00280008FD0000
C:/Users/MadCat/Documents/GitHub/MechwarriorRecomp/research/extract/decoded_pck/RIFPCK_TBL.decoded.bin,pck_object_0004_part_006_choice_000_frame_036,pck_object_0004,pck_object_0004_part_006,pck_object_0004_part_006_choice_000,6,0,36,0x0008FC,136,255,0x0008FE,88FF1E00280008FD,1E00280008FD00006D0788FFE2FFA000
C:/Users/MadCat/Documents/GitHub/MechwarriorRecomp/research/extract/decoded_pck/RIFPCK_TBL.decoded.bin,pck_object_0004_part_006_choice_000_frame_037,pck_object_0004,pck_object_0004_part_006,pck_object_0004_part_006_choice_000,6,0,37,0x000904,0,0,0x000906,00006D0788FFE2FF,6D0788FFE2FFA000000000F8000088FF
C:/Users/MadCat/Documents/GitHub/MechwarriorRecomp/research/extract/decoded_pck/RIFPCK_TBL.decoded.bin,pck_object_0004_part_006_choice_000_frame_038,pck_object_0004,pck_object_0004_part_006,pck_object_0004_part_006_choice_000,6,0,38,0x00090C,160,0,0x00090E,A000000000F80000,000000F8000088FFE2FF2800DBF90000
C:/Users/MadCat/Documents/GitHub/MechwarriorRecomp/research/extract/decoded_pck/RIFPCK_TBL.decoded.bin,pck_object_0004_part_006_choice_000_frame_039,pck_object_0004,pck_object_0004_part_006,pck_object_0004_part_006_choice_000,6,0,39,0x000914,136,255,0x000916,88FFE2FF2800DBF9,E2FF2800DBF90000E1FAE80300000000
C:/Users/MadCat/Documents/GitHub/MechwarriorRecomp/research/extract/decoded_pck/RIFPCK_TBL.decoded.bin,pck_object_0004_part_006_choice_000_frame_040,pck_object_0004,pck_object_0004_part_006,pck_object_0004_part_006_choice_000,6,0,40,0x00091C,0,0,0x00091E,0000E1FAE8030000,E1FAE80300000000AA001E006400AA00
C:/Users/MadCat/Documents/GitHub/MechwarriorRecomp/research/extract/decoded_pck/RIFPCK_TBL.decoded.bin,pck_object_0004_part_006_choice_000_frame_041,pck_object_0004,pck_object_0004_part_006,pck_object_0004_part_006_choice_000,6,0,41,0x000924,0,0,0x000926,0000AA001E006400,AA001E006400AA00E2FF6400AA00E2FF
C:/Users/MadCat/Documents/GitHub/MechwarriorRecomp/research/extract/decoded_pck/RIFPCK_TBL.decoded.bin,pck_object_0004_part_006_choice_000_frame_042,pck_object_0004,pck_object_0004_part_006,pck_object_0004_part_006_choice_000,6,0,42,0x00092C,170,0,0x00092E,AA00E2FF6400AA00,E2FF6400AA00E2FF8C00AA001E008C00
C:/Users/MadCat/Documents/GitHub/MechwarriorRecomp/research/extract/decoded_pck/RIFPCK_TBL.decoded.bin,pck_object_0004_part_006_choice_000_frame_043,pck_object_0004,pck_object_0004_part_006,pck_object_0004_part_006_choice_000,6,0,43,0x000934,226,255,0x000936,E2FF8C00AA001E00,8C00AA001E008C0078001E00A0007800
C:/Users/MadCat/Documents/GitHub/MechwarriorRecomp/research/extract/decoded_pck/RIFPCK_TBL.decoded.bin,pck_object_0004_part_006_choice_000_frame_044,pck_object_0004,pck_object_0004_part_006,pck_object_0004_part_006_choice_000,6,0,44,0x00093C,140,0,0x00093E,8C0078001E00A000,78001E00A00078001E002800F8020000
C:/Users/MadCat/Documents/GitHub/MechwarriorRecomp/research/extract/decoded_pck/RIFPCK_TBL.decoded.bin,pck_object_0004_part_006_choice_000_frame_045,pck_object_0004,pck_object_0004_part_006,pck_object_0004_part_006_choice_000,6,0,45,0x000944,120,0,0x000946,78001E002800F802,1E002800F80200006D077800E2FFA000
C:/Users/MadCat/Documents/GitHub/MechwarriorRecomp/research/extract/decoded_pck/RIFPCK_TBL.decoded.bin,pck_object_0004_part_006_choice_000_frame_046,pck_object_0004,pck_object_0004_part_006,pck_object_0004_part_006_choice_000,6,0,46,0x00094C,0,0,0x00094E,00006D077800E2FF,6D077800E2FFA0007800E2FF28002506
C:/Users/MadCat/Documents/GitHub/MechwarriorRecomp/research/extract/decoded_pck/RIFPCK_TBL.decoded.bin,pck_object_0004_part_006_choice_000_frame_047,pck_object_0004,pck_object_0004_part_006,pck_object_0004_part_006_choice_000,6,0,47,0x000954,160,0,0x000956,A0007800E2FF2800,7800E2FF280025060000E1FAF401F401
C:/Users/MadCat/Documents/GitHub/MechwarriorRecomp/research/extract/decoded_pck/RIFPCK_TBL.decoded.bin,pck_object_0004_part_006_choice_000_frame_048,pck_object_0004,pck_object_0004_part_006,pck_object_0004_part_006_choice_000,6,0,48,0x00095C,37,6,0x00095E,25060000E1FAF401,0000E1FAF401F401F401780000002C01
C:/Users/MadCat/Documents/GitHub/MechwarriorRecomp/research/extract/decoded_pck/RIFPCK_TBL.decoded.bin,pck_object_0004_part_006_choice_000_frame_049,pck_object_0004,pck_object_0004_part_006,pck_object_0004_part_006_choice_000,6,0,49,0x000964,244,1,0x000966,F401F40178000000,F401780000002C01280000002C010000
C:/Users/MadCat/Documents/GitHub/MechwarriorRecomp/research/extract/decoded_pck/RIFPCK_TBL.decoded.bin,pck_object_0004_part_006_choice_000_frame_050,pck_object_0004,pck_object_0004_part_006,pck_object_0004_part_006_choice_000,6,0,50,0x00096C,44,1,0x00096E,2C01280000002C01,280000002C010000320018FCD8FFD8FF
C:/Users/MadCat/Documents/GitHub/MechwarriorRecomp/research/extract/decoded_pck/RIFPCK_TBL.decoded.bin,pck_object_0004_part_006_choice_000_frame_051,pck_object_0004,pck_object_0004_part_006,pck_object_0004_part_006_choice_000,6,0,51,0x000974,0,0,0x000976,0000320018FCD8FF,320018FCD8FFD8FF9CFF2800D8FF9CFF
C:/Users/MadCat/Documents/GitHub/MechwarriorRecomp/research/extract/decoded_pck/RIFPCK_TBL.decoded.bin,pck_object_0004_part_006_choice_000_frame_052,pck_object_0004,pck_object_0004_part_006,pck_object_0004_part_006_choice_000,6,0,52,0x00097C,216,255,0x00097E,D8FF9CFF2800D8FF,9CFF2800D8FF9CFF280028009CFFD8FF
C:/Users/MadCat/Documents/GitHub/MechwarriorRecomp/research/extract/decoded_pck/RIFPCK_TBL.decoded.bin,pck_object_0004_part_006_choice_000_frame_053,pck_object_0004,pck_object_0004_part_006,pck_object_0004_part_006_choice_000,6,0,53,0x000984,156,255,0x000986,9CFF280028009CFF,280028009CFFD8FF28009CFFD8FFD8FF
C:/Users/MadCat/Documents/GitHub/MechwarriorRecomp/research/extract/decoded_pck/RIFPCK_TBL.decoded.bin,pck_object_0004_part_006_choice_000_frame_054,pck_object_0004,pck_object_0004_part_006,pck_object_0004_part_006_choice_000,6,0,54,0x00098C,216,255,0x00098E,D8FF28009CFFD8FF,28009CFFD8FFD8FF0000D8FF28000000
C:/Users/MadCat/Documents/GitHub/MechwarriorRecomp/research/extract/decoded_pck/RIFPCK_TBL.decoded.bin,pck_object_0004_part_006_choice_000_frame_055,pck_object_0004,pck_object_0004_part_006,pck_object_0004_part_006_choice_000,6,0,55,0x000994,216,255,0x000996,D8FF0000D8FF2800,0000D8FF280000002800280000002800
C:/Users/MadCat/Documents/GitHub/MechwarriorRecomp/research/extract/decoded_pck/RIFPCK_TBL.decoded.bin,pck_object_0004_part_006_choice_000_frame_056,pck_object_0004,pck_object_0004_part_006,pck_object_0004_part_006_choice_000,6,0,56,0x00099C,0,0,0x00099E,0000280028000000,2800280000002800D8FF0000000038FF
C:/Users/MadCat/Documents/GitHub/MechwarriorRecomp/research/extract/decoded_pck/RIFPCK_TBL.decoded.bin,pck_object_0004_part_006_choice_000_frame_057,pck_object_0004,pck_object_0004_part_006,pck_object_0004_part_006_choice_000,6,0,57,0x0009A4,40,0,0x0009A6,2800D8FF00000000,D8FF0000000038FFD00746009CFF4A01
C:/Users/MadCat/Documents/GitHub/MechwarriorRecomp/research/extract/decoded_pck/RIFPCK_TBL.decoded.bin,pck_object_0004_part_006_choice_000_frame_058,pck_object_0004,pck_object_0004_part_006,pck_object_0004_part_006_choice_000,6,0,58,0x0009AC,56,255,0x0009AE,38FFD00746009CFF,D00746009CFF4A01BAFF9CFF4A01BAFF
C:/Users/MadCat/Documents/GitHub/MechwarriorRecomp/research/extract/decoded_pck/RIFPCK_TBL.decoded.bin,pck_object_0004_part_006_choice_000_frame_059,pck_object_0004,pck_object_0004_part_006,pck_object_0004_part_006_choice_000,6,0,59,0x0009B4,74,1,0x0009B6,4A01BAFF9CFF4A01,BAFF9CFF4A01BAFFBAFF5E014600BAFF
C:/Users/MadCat/Documents/GitHub/MechwarriorRecomp/research/extract/decoded_pck/RIFPCK_TBL.decoded.bin,pck_object_0004_part_006_choice_000_frame_060,pck_object_0004,pck_object_0004_part_006,pck_object_0004_part_006_choice_000,6,0,60,0x0009BC,186,255,0x0009BE,BAFFBAFF5E014600,BAFF5E014600BAFF5E010A00B0FFFA00
C:/Users/MadCat/Documents/GitHub/MechwarriorRecomp/research/extract/decoded_pck/RIFPCK_TBL.decoded.bin,pck_object_0004_part_006_choice_000_frame_061,pck_object_0004,pck_object_0004_part_006,pck_object_0004_part_006_choice_000,6,0,61,0x0009C4,186,255,0x0009C6,BAFF5E010A00B0FF,5E010A00B0FFFA000A00B0FF5401F6FF
C:/Users/MadCat/Documents/GitHub/MechwarriorRecomp/research/extract/decoded_pck/RIFPCK_TBL.decoded.bin,pck_object_0004_part_006_choice_000_frame_062,pck_object_0004,pck_object_0004_part_006,pck_object_0004_part_006_choice_000,6,0,62,0x0009CC,250,0,0x0009CE,FA000A00B0FF5401,0A00B0FF5401F6FFB0FF5401F6FFB0FF
C:/Users/MadCat/Documents/GitHub/MechwarriorRecomp/research/extract/decoded_pck/RIFPCK_TBL.decoded.bin,pck_object_0004_part_006_choice_000_frame_063,pck_object_0004,pck_object_0004_part_006,pck_object_0004_part_006_choice_000,6,0,63,0x0009D4,246,255,0x0009D6,F6FFB0FF5401F6FF,B0FF5401F6FFB0FFFA00010014020000
C:/Users/MadCat/Documents/GitHub/MechwarriorRecomp/research/extract/decoded_pck/RIFPCK_TBL.decoded.bin,pck_object_0004_part_006_choice_000_frame_064,pck_object_0004,pck_object_0004_part_006,pck_object_0004_part_006_choice_000,6,0,64,0x0009DC,176,255,0x0009DE,B0FFFA0001001402,FA0001001402000004001C0208F88101
C:/Users/MadCat/Documents/GitHub/MechwarriorRecomp/research/extract/decoded_pck/RIFPCK_TBL.decoded.bin,pck_object_0004_part_006_choice_000_frame_065,pck_object_0004,pck_object_0004_part_006,pck_object_0004_part_006_choice_000,6,0,65,0x0009E4,0,0,0x0009E6,000004001C0208F8,04001C0208F88101010101013C028100
C:/Users/MadCat/Documents/GitHub/MechwarriorRecomp/research/extract/decoded_pck/RIFPCK_TBL.decoded.bin,pck_object_0004_part_006_choice_000_frame_066,pck_object_0004,pck_object_0004_part_006,pck_object_0004_part_006_choice_000,6,0,66,0x0009EC,129,1,0x0009EE,8101010101013C02,010101013C0281000000000642028100
C:/Users/MadCat/Documents/GitHub/MechwarriorRecomp/research/extract/decoded_pck/RIFPCK_TBL.decoded.bin,pck_object_0004_part_006_choice_000_frame_067,pck_object_0004,pck_object_0004_part_006,pck_object_0004_part_006_choice_000,6,0,67,0x0009F4,129,0,0x0009F6,8100000000064202,00000006420281000000000948028100
C:/Users/MadCat/Documents/GitHub/MechwarriorRecomp/research/extract/decoded_pck/RIFPCK_TBL.decoded.bin,pck_object_0004_part_006_choice_000_frame_068,pck_object_0004,pck_object_0004_part_006,pck_object_0004_part_006_choice_000,6,0,68,0x0009FC,129,0,0x0009FE,8100000000094802,00000009480281000000000E4E020202
C:/Users/MadCat/Documents/GitHub/MechwarriorRecomp/research/extract/decoded_pck/RIFPCK_TBL.decoded.bin,pck_object_0004_part_006_choice_000_frame_069,pck_object_0004,pck_object_0004_part_006,pck_object_0004_part_006_choice_000,6,0,69,0x000A04,129,0,0x000A06,81000000000E4E02,0000000E4E020202030405FF05050407
C:/Users/MadCat/Documents/GitHub/MechwarriorRecomp/research/extract/decoded_pck/RIFPCK_TBL.decoded.bin,pck_object_0004_part_006_choice_000_frame_070,pck_object_0004,pck_object_0004_part_006,pck_object_0004_part_006_choice_000,6,0,70,0x000A0C,2,2,0x000A0E,0202030405FF0505,030405FF0505040708FF0A0A0B0C0DFF
C:/Users/MadCat/Documents/GitHub/MechwarriorRecomp/research/extract/decoded_pck/RIFPCK_TBL.decoded.bin,pck_object_0004_part_006_choice_000_frame_071,pck_object_0004,pck_object_0004_part_006,pck_object_0004_part_006_choice_000,6,0,71,0x000A14,4,7,0x000A16,040708FF0A0A0B0C,08FF0A0A0B0C0DFF0F0F100302FF0100
C:/Users/MadCat/Documents/GitHub/MechwarriorRecomp/research/extract/decoded_pck/RIFPCK_TBL.decoded.bin,pck_object_0004_part_006_choice_000_frame_072,pck_object_0004,pck_object_0004_part_006,pck_object_0004_part_006_choice_000,6,0,72,0x000A1C,13,255,0x000A1E,0DFF0F0F100302FF,0F0F100302FF01005802000002006002
C:/Users/MadCat/Documents/GitHub/MechwarriorRecomp/research/extract/decoded_pck/RIFPCK_TBL.decoded.bin,pck_object_0004_part_006_choice_000_frame_073,pck_object_0004,pck_object_0004_part_006,pck_object_0004_part_006_choice_000,6,0,73,0x000A24,1,0,0x000A26,0100580200000200,5802000002006002FF07810707070712
C:/Users/MadCat/Documents/GitHub/MechwarriorRecomp/research/extract/decoded_pck/RIFPCK_TBL.decoded.bin,pck_object_0004_part_006_choice_000_frame_074,pck_object_0004,pck_object_0004_part_006,pck_object_0004_part_006_choice_000,6,0,74,0x000A2C,96,2,0x000A2E,6002FF0781070707,FF078107070707127002810000000013
C:/Users/MadCat/Documents/GitHub/MechwarriorRecomp/research/extract/decoded_pck/RIFPCK_TBL.decoded.bin,pck_object_0004_part_006_choice_000_frame_075,pck_object_0004,pck_object_0004_part_006,pck_object_0004_part_006_choice_000,6,0,75,0x000A34,7,18,0x000A36,0712700281000000,700281000000001376020F0F080710FF
C:/Users/MadCat/Documents/GitHub/MechwarriorRecomp/research/extract/decoded_pck/RIFPCK_TBL.decoded.bin,pck_object_0004_part_006_choice_000_frame_076,pck_object_0004,pck_object_0004_part_006,pck_object_0004_part_006_choice_000,6,0,76,0x000A3C,0,19,0x000A3E,001376020F0F0807,76020F0F080710FF1010141503FF0100
C:/Users/MadCat/Documents/GitHub/MechwarriorRecomp/research/extract/decoded_pck/RIFPCK_TBL.decoded.bin,pck_object_0004_part_006_choice_000_frame_077,pck_object_0004,pck_object_0004_part_006,pck_object_0004_part_006_choice_000,6,0,77,0x000A44,16,255,0x000A46,10FF1010141503FF,1010141503FF01008002000004008802
C:/Users/MadCat/Documents/GitHub/MechwarriorRecomp/research/extract/decoded_pck/RIFPCK_TBL.decoded.bin,pck_object_0004_part_006_choice_000_frame_078,pck_object_0004,pck_object_0004_part_006,pck_object_0004_part_006_choice_000,6,0,78,0x000A4C,1,0,0x000A4E,0100800200000400,80020000040088028DFE81000000000E
C:/Users/MadCat/Documents/GitHub/MechwarriorRecomp/research/extract/decoded_pck/RIFPCK_TBL.decoded.bin,pck_object_0004_part_006_choice_000_frame_079,pck_object_0004,pck_object_0004_part_006,pck_object_0004_part_006_choice_000,6,0,79,0x000A54,136,2,0x000A56,88028DFE81000000,8DFE81000000000EA802810909090918
C:/Users/MadCat/Documents/GitHub/MechwarriorRecomp/research/extract/decoded_pck/RIFPCK_TBL.decoded.bin,pck_object_0004_part_006_choice_000_frame_080,pck_object_0004,pck_object_0004_part_006,pck_object_0004_part_006_choice_000,6,0,80,0x000A5C,0,14,0x000A5E,000EA80281090909,A802810909090918AD02810808080806
C:/Users/MadCat/Documents/GitHub/MechwarriorRecomp/research/extract/decoded_pck/RIFPCK_TBL.decoded.bin,pck_object_0004_part_006_choice_000_frame_081,pck_object_0004,pck_object_0004_part_006,pck_object_0004_part_006_choice_000,6,0,81,0x000A64,9,24,0x000A66,0918AD0281080808,AD02810808080806B30281010101011A
C:/Users/MadCat/Documents/GitHub/MechwarriorRecomp/research/extract/decoded_pck/RIFPCK_TBL.decoded.bin,pck_object_0004_part_006_choice_000_frame_082,pck_object_0004,pck_object_0004_part_006,pck_object_0004_part_006_choice_000,6,0,82,0x000A6C,8,6,0x000A6E,0806B30281010101,B30281010101011AB8020202170FFF0C
C:/Users/MadCat/Documents/GitHub/MechwarriorRecomp/research/extract/decoded_pck/RIFPCK_TBL.decoded.bin,pck_object_0004_part_006_choice_000_frame_083,pck_object_0004,pck_object_0004_part_006,pck_object_0004_part_006_choice_000,6,0,83,0x000A74,1,26,0x000A76,011AB8020202170F,B8020202170FFF0C0C191702FF0B0B19
C:/Users/MadCat/Documents/GitHub/MechwarriorRecomp/research/extract/decoded_pck/RIFPCK_TBL.decoded.bin,pck_object_0004_part_006_choice_000_frame_084,pck_object_0004,pck_object_0004_part_006,pck_object_0004_part_006_choice_000,6,0,84,0x000A7C,255,12,0x000A7E,FF0C0C191702FF0B,0C191702FF0B0B190CFF19190B0F17FF
C:/Users/MadCat/Documents/GitHub/MechwarriorRecomp/research/extract/decoded_pck/RIFPCK_TBL.decoded.bin,pck_object_0004_part_006_choice_000_frame_085,pck_object_0004,pck_object_0004_part_006,pck_object_0004_part_006_choice_000,6,0,85,0x000A84,11,25,0x000A86,0B190CFF19190B0F,0CFF19190B0F17FF0100C20200000500
C:/Users/MadCat/Documents/GitHub/MechwarriorRecomp/research/extract/decoded_pck/RIFPCK_TBL.decoded.bin,pck_object_0004_part_006_choice_000_frame_086,pck_object_0004,pck_object_0004_part_006,pck_object_0004_part_006_choice_000,6,0,86,0x000A8C,23,255,0x000A8E,17FF0100C2020000,0100C20200000500CA02080181000000
C:/Users/MadCat/Documents/GitHub/MechwarriorRecomp/research/extract/decoded_pck/RIFPCK_TBL.decoded.bin,pck_object_0004_part_006_choice_000_frame_087,pck_object_0004,pck_object_0004_part_006,pck_object_0004_part_006_choice_000,6,0,87,0x000A94,5,0,0x000A96,0500CA0208018100,CA02080181000000000EF20281080808
C:/Users/MadCat/Documents/GitHub/MechwarriorRecomp/research/extract/decoded_pck/RIFPCK_TBL.decoded.bin,pck_object_0004_part_006_choice_000_frame_088,pck_object_0004,pck_object_0004_part_006,pck_object_0004_part_006_choice_000,6,0,88,0x000A9C,0,0,0x000A9E,0000000EF2028108,000EF202810808080821F90281000000
C:/Users/MadCat/Documents/GitHub/MechwarriorRecomp/research/extract/decoded_pck/RIFPCK_TBL.decoded.bin,pck_object_0004_part_006_choice_000_frame_089,pck_object_0004,pck_object_0004_part_006,pck_object_0004_part_006_choice_000,6,0,89,0x000AA4,8,8,0x000AA6,08080821F9028100,0821F902810000000024FF0281080808
C:/Users/MadCat/Documents/GitHub/MechwarriorRecomp/research/extract/decoded_pck/RIFPCK_TBL.decoded.bin,pck_object_0004_part_006_choice_000_frame_090,pck_object_0004,pck_object_0004_part_006,pck_object_0004_part_006_choice_000,6,0,90,0x000AAC,0,0,0x000AAE,00000024FF028108,0024FF02810808080826050381000000
C:/Users/MadCat/Documents/GitHub/MechwarriorRecomp/research/extract/decoded_pck/RIFPCK_TBL.decoded.bin,pck_object_0004_part_006_choice_000_frame_091,pck_object_0004,pck_object_0004_part_006,pck_object_0004_part_006_choice_000,6,0,91,0x000AB4,8,8,0x000AB6,0808082605038100,082605038100000000280B031C1C1D1E
C:/Users/MadCat/Documents/GitHub/MechwarriorRecomp/research/extract/decoded_pck/RIFPCK_TBL.decoded.bin,pck_object_0004_part_006_choice_000_frame_092,pck_object_0004,pck_object_0004_part_006,pck_object_0004_part_006_choice_000,6,0,92,0x000ABC,0,0,0x000ABE,000000280B031C1C,00280B031C1C1D1E1F20FF22221C2023
C:/Users/MadCat/Documents/GitHub/MechwarriorRecomp/research/extract/decoded_pck/RIFPCK_TBL.decoded.bin,pck_object_0004_part_006_choice_000_frame_093,pck_object_0004,pck_object_0004_part_006,pck_object_0004_part_006_choice_000,6,0,93,0x000AC4,29,30,0x000AC6,1D1E1F20FF22221C,1F20FF22221C2023FF25251D1C22FF27
C:/Users/MadCat/Documents/GitHub/MechwarriorRecomp/research/extract/decoded_pck/RIFPCK_TBL.decoded.bin,pck_object_0004_part_006_choice_000_frame_094,pck_object_0004,pck_object_0004_part_006,pck_object_0004_part_006_choice_000,6,0,94,0x000ACC,32,35,0x000ACE,2023FF25251D1C22,FF25251D1C22FF27271E1D25FF232320
C:/Users/MadCat/Documents/GitHub/MechwarriorRecomp/research/extract/decoded_pck/RIFPCK_TBL.decoded.bin,pck_object_0004_part_006_choice_000_frame_095,pck_object_0004,pck_object_0004_part_006,pck_object_0004_part_006_choice_000,6,0,95,0x000AD4,255,39,0x000AD6,FF27271E1D25FF23,271E1D25FF2323201E27FF0100150300
C:/Users/MadCat/Documents/GitHub/MechwarriorRecomp/research/extract/decoded_pck/RIFPCK_TBL.decoded.bin,pck_object_0004_part_006_choice_000_frame_096,pck_object_0004,pck_object_0004_part_006,pck_object_0004_part_006_choice_000,6,0,96,0x000ADC,35,32,0x000ADE,23201E27FF010015,1E27FF01001503000005001D03001281
C:/Users/MadCat/Documents/GitHub/MechwarriorRecomp/research/extract/decoded_pck/RIFPCK_TBL.decoded.bin,pck_object_0004_part_006_choice_000_frame_097,pck_object_0004,pck_object_0004_part_006,pck_object_0004_part_006_choice_000,6,0,97,0x000AE4,3,0,0x000AE6,03000005001D0300,0005001D030012810000000006450381
C:/Users/MadCat/Documents/GitHub/MechwarriorRecomp/research/extract/decoded_pck/RIFPCK_TBL.decoded.bin,pck_object_0004_part_006_choice_000_frame_098,pck_object_0004,pck_object_0004_part_006,pck_object_0004_part_006_choice_000,6,0,98,0x000AEC,18,129,0x000AEE,1281000000000645,000000000645038108080808214B0381
C:/Users/MadCat/Documents/GitHub/MechwarriorRecomp/research/extract/decoded_pck/RIFPCK_TBL.decoded.bin,pck_object_0004_part_006_choice_000_frame_099,pck_object_0004,pck_object_0004_part_006,pck_object_0004_part_006_choice_000,6,0,99,0x000AF4,3,129,0x000AF6,038108080808214B,08080808214B03810000000030510381
C:/Users/MadCat/Documents/GitHub/MechwarriorRecomp/research/extract/decoded_pck/RIFPCK_TBL.decoded.bin,pck_object_0004_part_006_choice_000_frame_100,pck_object_0004,pck_object_0004_part_006,pck_object_0004_part_006_choice_000,6,0,100,0x000AFC,3,129,0x000AFE,0381000000003051,00000000305103810808080826570381
C:/Users/MadCat/Documents/GitHub/MechwarriorRecomp/research/extract/decoded_pck/RIFPCK_TBL.decoded.bin,pck_object_0004_part_006_choice_000_frame_101,pck_object_0004,pck_object_0004_part_006,pck_object_0004_part_006_choice_000,6,0,101,0x000B04,3,129,0x000B06,0381080808082657,080808082657038100000000335D032A
C:/Users/MadCat/Documents/GitHub/MechwarriorRecomp/research/extract/decoded_pck/RIFPCK_TBL.decoded.bin,pck_object_0004_part_006_choice_000_frame_102,pck_object_0004,pck_object_0004_part_006,pck_object_0004_part_006_choice_000,6,0,102,0x000B0C,3,129,0x000B0E,038100000000335D,00000000335D032A2A2B2C2DFF2D2D2E
C:/Users/MadCat/Documents/GitHub/MechwarriorRecomp/research/extract/decoded_pck/RIFPCK_TBL.decoded.bin,pck_object_0004_part_006_choice_000_frame_103,pck_object_0004,pck_object_0004_part_006,pck_object_0004_part_006_choice_000,6,0,103,0x000B14,3,42,0x000B16,032A2A2B2C2DFF2D,2A2B2C2DFF2D2D2E2F2AFF2C2C312E2D
C:/Users/MadCat/Documents/GitHub/MechwarriorRecomp/research/extract/decoded_pck/RIFPCK_TBL.decoded.bin,pck_object_0004_part_006_choice_000_frame_104,pck_object_0004,pck_object_0004_part_006,pck_object_0004_part_006_choice_000,6,0,104,0x000B1C,45,46,0x000B1E,2D2E2F2AFF2C2C31,2F2AFF2C2C312E2DFF2B2B32312CFF2F
C:/Users/MadCat/Documents/GitHub/MechwarriorRecomp/research/extract/decoded_pck/RIFPCK_TBL.decoded.bin,pck_object_0004_part_006_choice_000_frame_105,pck_object_0004,pck_object_0004_part_006,pck_object_0004_part_006_choice_000,6,0,105,0x000B24,46,45,0x000B26,2E2DFF2B2B32312C,FF2B2B32312CFF2F2F322B2AFF010067
C:/Users/MadCat/Documents/GitHub/MechwarriorRecomp/research/extract/decoded_pck/RIFPCK_TBL.decoded.bin,pck_object_0004_part_006_choice_000_frame_106,pck_object_0004,pck_object_0004_part_006,pck_object_0004_part_006_choice_000,6,0,106,0x000B2C,255,47,0x000B2E,FF2F2F322B2AFF01,2F322B2AFF01006703000004006F031B
C:/Users/MadCat/Documents/GitHub/MechwarriorRecomp/research/extract/decoded_pck/RIFPCK_TBL.decoded.bin,pck_object_0004_part_006_choice_000_frame_107,pck_object_0004,pck_object_0004_part_006,pck_object_0004_part_006_choice_000,6,0,107,0x000B34,0,103,0x000B36,006703000004006F,03000004006F031B198100000000068F
C:/Users/MadCat/Documents/GitHub/MechwarriorRecomp/research/extract/decoded_pck/RIFPCK_TBL.decoded.bin,pck_object_0004_part_006_choice_000_frame_108,pck_object_0004,pck_object_0004_part_006,pck_object_0004_part_006_choice_000,6,0,108,0x000B3C,3,27,0x000B3E,031B198100000000,198100000000068F0381090909091894
C:/Users/MadCat/Documents/GitHub/MechwarriorRecomp/research/extract/decoded_pck/RIFPCK_TBL.decoded.bin,pck_object_0004_part_006_choice_000_frame_109,pck_object_0004,pck_object_0004_part_006,pck_object_0004_part_006_choice_000,6,0,109,0x000B44,6,143,0x000B46,068F038109090909,03810909090918940381080808080E9A
C:/Users/MadCat/Documents/GitHub/MechwarriorRecomp/research/extract/decoded_pck/RIFPCK_TBL.decoded.bin,pck_object_0004_part_006_choice_000_frame_110,pck_object_0004,pck_object_0004_part_006,pck_object_0004_part_006_choice_000,6,0,110,0x000B4C,24,148,0x000B4E,1894038108080808,0381080808080E9A0381010101011A9F
C:/Users/MadCat/Documents/GitHub/MechwarriorRecomp/research/extract/decoded_pck/RIFPCK_TBL.decoded.bin,pck_object_0004_part_006_choice_000_frame_111,pck_object_0004,pck_object_0004_part_006,pck_object_0004_part_006_choice_000,6,0,111,0x000B54,14,154,0x000B56,0E9A038101010101,0381010101011A9F0308083505FF3535
C:/Users/MadCat/Documents/GitHub/MechwarriorRecomp/research/extract/decoded_pck/RIFPCK_TBL.decoded.bin,pck_object_0004_part_006_choice_000_frame_112,pck_object_0004,pck_object_0004_part_006,pck_object_0004_part_006_choice_000,6,0,112,0x000B5C,26,159,0x000B5E,1A9F0308083505FF,0308083505FF3535360D05FF0D0D360A
C:/Users/MadCat/Documents/GitHub/MechwarriorRecomp/research/extract/decoded_pck/RIFPCK_TBL.decoded.bin,pck_object_0004_part_006_choice_000_frame_113,pck_object_0004,pck_object_0004_part_006,pck_object_0004_part_006_choice_000,6,0,113,0x000B64,53,53,0x000B66,3535360D05FF0D0D,360D05FF0D0D360AFF0A0A363508FF01
C:/Users/MadCat/Documents/GitHub/MechwarriorRecomp/research/extract/decoded_pck/RIFPCK_TBL.decoded.bin,pck_object_0004_part_006_choice_000_frame_114,pck_object_0004,pck_object_0004_part_006,pck_object_0004_part_006_choice_000,6,0,114,0x000B6C,54,10,0x000B6E,360AFF0A0A363508,FF0A0A363508FF0100A90300000500B1
C:/Users/MadCat/Documents/GitHub/MechwarriorRecomp/research/extract/decoded_pck/RIFPCK_TBL.decoded.bin,pck_object_0004_part_006_choice_000_frame_115,pck_object_0004,pck_object_0004_part_006,pck_object_0004_part_006_choice_000,6,0,115,0x000B74,255,1,0x000B76,FF0100A903000005,00A90300000500B10325168100000000
C:/Users/MadCat/Documents/GitHub/MechwarriorRecomp/research/extract/decoded_pck/RIFPCK_TBL.decoded.bin,pck_object_0004_part_006_choice_000_frame_116,pck_object_0004,pck_object_0004_part_006,pck_object_0004_part_006_choice_000,6,0,116,0x000B7C,0,177,0x000B7E,00B1032516810000,032516810000000013D9038100000000
C:/Users/MadCat/Documents/GitHub/MechwarriorRecomp/research/extract/decoded_pck/RIFPCK_TBL.decoded.bin,pck_object_0004_part_006_choice_000_frame_117,pck_object_0004,pck_object_0004_part_006,pck_object_0004_part_006_choice_000,6,0,117,0x000B84,0,0,0x000B86,000013D903810000,13D90381000000000EDF038101010101
C:/Users/MadCat/Documents/GitHub/MechwarriorRecomp/research/extract/decoded_pck/RIFPCK_TBL.decoded.bin,pck_object_0004_part_006_choice_000_frame_118,pck_object_0004,pck_object_0004_part_006,pck_object_0004_part_006_choice_000,6,0,118,0x000B8C,0,0,0x000B8E,00000EDF03810101,0EDF03810101010121E5038100000000
C:/Users/MadCat/Documents/GitHub/MechwarriorRecomp/research/extract/decoded_pck/RIFPCK_TBL.decoded.bin,pck_object_0004_part_006_choice_000_frame_119,pck_object_0004,pck_object_0004_part_006,pck_object_0004_part_006_choice_000,6,0,119,0x000B94,1,1,0x000B96,010121E503810000,21E503810000000006EB038107070707
C:/Users/MadCat/Documents/GitHub/MechwarriorRecomp/research/extract/decoded_pck/RIFPCK_TBL.decoded.bin,pck_object_0004_part_006_choice_000_frame_120,pck_object_0004,pck_object_0004_part_006,pck_object_0004_part_006_choice_000,6,0,120,0x000B9C,0,0,0x000B9E,000006EB03810707,06EB03810707070726F1033838393A3B
C:/Users/MadCat/Documents/GitHub/MechwarriorRecomp/research/extract/decoded_pck/RIFPCK_TBL.decoded.bin,pck_object_0004_part_006_choice_000_frame_121,pck_object_0004,pck_object_0004_part_006,pck_object_0004_part_006_choice_000,6,0,121,0x000BA4,7,7,0x000BA6,070726F103383839,26F1033838393A3BFF3C3C383B3DFF3D
C:/Users/MadCat/Documents/GitHub/MechwarriorRecomp/research/extract/decoded_pck/RIFPCK_TBL.decoded.bin,pck_object_0004_part_006_choice_000_frame_122,pck_object_0004,pck_object_0004_part_006,pck_object_0004_part_006_choice_000,6,0,122,0x000BAC,58,59,0x000BAE,3A3BFF3C3C383B3D,FF3C3C383B3DFF3D3D3B3A3EFF3E3E3A
C:/Users/MadCat/Documents/GitHub/MechwarriorRecomp/research/extract/decoded_pck/RIFPCK_TBL.decoded.bin,pck_object_0004_part_006_choice_000_frame_123,pck_object_0004,pck_object_0004_part_006,pck_object_0004_part_006_choice_000,6,0,123,0x000BB4,255,61,0x000BB6,FF3D3D3B3A3EFF3E,3D3B3A3EFF3E3E3A393FFF3F3F39383C
C:/Users/MadCat/Documents/GitHub/MechwarriorRecomp/research/extract/decoded_pck/RIFPCK_TBL.decoded.bin,pck_object_0004_part_006_choice_000_frame_124,pck_object_0004,pck_object_0004_part_006,pck_object_0004_part_006_choice_000,6,0,124,0x000BBC,62,58,0x000BBE,3E3A393FFF3F3F39,393FFF3F3F39383CFF0100FB03000002
C:/Users/MadCat/Documents/GitHub/MechwarriorRecomp/research/extract/decoded_pck/RIFPCK_TBL.decoded.bin,pck_object_0004_part_006_choice_000_frame_125,pck_object_0004,pck_object_0004_part_006,pck_object_0004_part_006_choice_000,6,0,125,0x000BC4,56,60,0x000BC6,383CFF0100FB0300,FF0100FB030000020003040808800000
C:/Users/MadCat/Documents/GitHub/MechwarriorRecomp/research/extract/decoded_pck/RIFPCK_TBL.decoded.bin,pck_object_0004_part_006_choice_000_frame_126,pck_object_0004,pck_object_0004_part_006,pck_object_0004_part_006_choice_000,6,0,126,0x000BCC,0,2,0x000BCE,0002000304080880,00030408088000000000FF1304800000
C:/Users/MadCat/Documents/GitHub/MechwarriorRecomp/research/extract/decoded_pck/RIFPCK_TBL.decoded.bin,pck_object_0004_part_006_choice_000_frame_127,pck_object_0004,pck_object_0004_part_006,pck_object_0004_part_006_choice_000,6,0,127,0x000BD4,0,0,0x000BD6,00000000FF130480,0000FF13048000000000FF1904414142
C:/Users/MadCat/Documents/GitHub/MechwarriorRecomp/research/extract/decoded_pck/RIFPCK_TBL.decoded.bin,pck_object_0004_part_006_choice_000_frame_128,pck_object_0004,pck_object_0004_part_006,pck_object_0004_part_006_choice_000,6,0,128,0x000BDC,0,0,0x000BDE,00000000FF190441,0000FF19044141424344FF4545464748
C:/Users/MadCat/Documents/GitHub/MechwarriorRecomp/research/extract/decoded_pck/RIFPCK_TBL.decoded.bin,pck_object_0004_part_007_choice_000_frame_000,pck_object_0004,pck_object_0004_part_007,pck_object_0004_part_007_choice_000,7,0,0,0x0007DC,128,0,0x0007DE,80006B0100000000,6B0100000000000008001A0000495A00
C:/Users/MadCat/Documents/GitHub/MechwarriorRecomp/research/extract/decoded_pck/RIFPCK_TBL.decoded.bin,pck_object_0004_part_007_choice_000_frame_001,pck_object_0004,pck_object_0004_part_007,pck_object_0004_part_007_choice_000,7,0,1,0x0007E4,0,0,0x0007E6,000008001A000049,08001A0000495A000100100211495A00
C:/Users/MadCat/Documents/GitHub/MechwarriorRecomp/research/extract/decoded_pck/RIFPCK_TBL.decoded.bin,pck_object_0004_part_007_choice_000_frame_002,pck_object_0004,pck_object_0004_part_007,pck_object_0004_part_007_choice_000,7,0,2,0x0007EC,90,0,0x0007EE,5A00010010021149,0100100211495A000100540216495A00
C:/Users/MadCat/Documents/GitHub/MechwarriorRecomp/research/extract/decoded_pck/RIFPCK_TBL.decoded.bin,pck_object_0004_part_007_choice_000_frame_003,pck_object_0004,pck_object_0004_part_007,pck_object_0004_part_007_choice_000,7,0,3,0x0007F4,90,0,0x0007F6,5A00010054021649,0100540216495A0001007C021B495A00
C:/Users/MadCat/Documents/GitHub/MechwarriorRecomp/research/extract/decoded_pck/RIFPCK_TBL.decoded.bin,pck_object_0004_part_007_choice_000_frame_004,pck_object_0004,pck_object_0004_part_007,pck_object_0004_part_007_choice_000,7,0,4,0x0007FC,90,0,0x0007FE,5A0001007C021B49,01007C021B495A000100BE0229495A00
C:/Users/MadCat/Documents/GitHub/MechwarriorRecomp/research/extract/decoded_pck/RIFPCK_TBL.decoded.bin,pck_object_0004_part_007_choice_000_frame_005,pck_object_0004,pck_object_0004_part_007,pck_object_0004_part_007_choice_000,7,0,5,0x000804,90,0,0x000806,5A000100BE022949,0100BE0229495A000100110334495A00
C:/Users/MadCat/Documents/GitHub/MechwarriorRecomp/research/extract/decoded_pck/RIFPCK_TBL.decoded.bin,pck_object_0004_part_007_choice_000_frame_006,pck_object_0004,pck_object_0004_part_007,pck_object_0004_part_007_choice_000,7,0,6,0x00080C,90,0,0x00080E,5A00010011033449,0100110334495A000100630337495A00
C:/Users/MadCat/Documents/GitHub/MechwarriorRecomp/research/extract/decoded_pck/RIFPCK_TBL.decoded.bin,pck_object_0004_part_007_choice_000_frame_007,pck_object_0004,pck_object_0004_part_007,pck_object_0004_part_007_choice_000,7,0,7,0x000814,90,0,0x000816,5A00010063033749,0100630337495A000100A50340495A00
C:/Users/MadCat/Documents/GitHub/MechwarriorRecomp/research/extract/decoded_pck/RIFPCK_TBL.decoded.bin,pck_object_0004_part_007_choice_000_frame_008,pck_object_0004,pck_object_0004_part_007,pck_object_0004_part_007_choice_000,7,0,8,0x00081C,90,0,0x00081E,5A000100A5034049,0100A50340495A000100F70300003200
C:/Users/MadCat/Documents/GitHub/MechwarriorRecomp/research/extract/decoded_pck/RIFPCK_TBL.decoded.bin,pck_object_0004_part_007_choice_000_frame_009,pck_object_0004,pck_object_0004_part_007,pck_object_0004_part_007_choice_000,7,0,9,0x000824,90,0,0x000826,5A000100F7030000,0100F7030000320064000000C20710FE
C:/Users/MadCat/Documents/GitHub/MechwarriorRecomp/research/extract/decoded_pck/RIFPCK_TBL.decoded.bin,pck_object_0004_part_007_choice_000_frame_010,pck_object_0004,pck_object_0004_part_007,pck_object_0004_part_007_choice_000,7,0,10,0x00082C,50,0,0x00082E,320064000000C207,64000000C20710FE88FF5000A00088FF
C:/Users/MadCat/Documents/GitHub/MechwarriorRecomp/research/extract/decoded_pck/RIFPCK_TBL.decoded.bin,pck_object_0004_part_007_choice_000_frame_011,pck_object_0004,pck_object_0004_part_007,pck_object_0004_part_007_choice_000,7,0,11,0x000834,16,254,0x000836,10FE88FF5000A000,88FF5000A00088FF2800000078002800
C:/Users/MadCat/Documents/GitHub/MechwarriorRecomp/research/extract/decoded_pck/RIFPCK_TBL.decoded.bin,pck_object_0004_part_007_choice_000_frame_012,pck_object_0004,pck_object_0004_part_007,pck_object_0004_part_007_choice_000,7,0,12,0x00083C,136,255,0x00083E,88FF280000007800,2800000078002800000078005000A000
C:/Users/MadCat/Documents/GitHub/MechwarriorRecomp/research/extract/decoded_pck/RIFPCK_TBL.decoded.bin,pck_object_0004_part_007_choice_000_frame_013,pck_object_0004,pck_object_0004_part_007,pck_object_0004_part_007_choice_000,7,0,13,0x000844,40,0,0x000846,2800000078005000,000078005000A0000008000000007800
C:/Users/MadCat/Documents/GitHub/MechwarriorRecomp/research/extract/decoded_pck/RIFPCK_TBL.decoded.bin,pck_object_0004_part_007_choice_000_frame_014,pck_object_0004,pck_object_0004_part_007,pck_object_0004_part_007_choice_000,7,0,14,0x00084C,160,0,0x00084E,A000000800000000,0008000000007800D8FF00007800B0FF
C:/Users/MadCat/Documents/GitHub/MechwarriorRecomp/research/extract/decoded_pck/RIFPCK_TBL.decoded.bin,pck_object_0004_part_007_choice_000_frame_015,pck_object_0004,pck_object_0004_part_007,pck_object_0004_part_007_choice_000,7,0,15,0x000854,120,0,0x000856,7800D8FF00007800,D8FF00007800B0FFFA000000EC03F806
C:/Users/MadCat/Documents/GitHub/MechwarriorRecomp/research/extract/decoded_pck/RIFPCK_TBL.decoded.bin,pck_object_0004_part_007_choice_000_frame_016,pck_object_0004,pck_object_0004_part_007,pck_object_0004_part_007_choice_000,7,0,16,0x00085C,176,255,0x00085E,B0FFFA000000EC03,FA000000EC03F8062800B0FFFA00D8FF
C:/Users/MadCat/Documents/GitHub/MechwarriorRecomp/research/extract/decoded_pck/RIFPCK_TBL.decoded.bin,pck_object_0004_part_007_choice_000_frame_017,pck_object_0004,pck_object_0004_part_007,pck_object_0004_part_007_choice_000,7,0,17,0x000864,248,6,0x000866,F8062800B0FFFA00,2800B0FFFA00D8FFB0FFFA00D8FF5000
C:/Users/MadCat/Documents/GitHub/MechwarriorRecomp/research/extract/decoded_pck/RIFPCK_TBL.decoded.bin,pck_object_0004_part_007_choice_000_frame_018,pck_object_0004,pck_object_0004_part_007,pck_object_0004_part_007_choice_000,7,0,18,0x00086C,216,255,0x00086E,D8FFB0FFFA00D8FF,B0FFFA00D8FF5000A00028005000A000
C:/Users/MadCat/Documents/GitHub/MechwarriorRecomp/research/extract/decoded_pck/RIFPCK_TBL.decoded.bin,pck_object_0004_part_007_choice_000_frame_019,pck_object_0004,pck_object_0004_part_007,pck_object_0004_part_007_choice_000,7,0,19,0x000874,80,0,0x000876,5000A00028005000,A00028005000A00000F80000000088FF
C:/Users/MadCat/Documents/GitHub/MechwarriorRecomp/research/extract/decoded_pck/RIFPCK_TBL.decoded.bin,pck_object_0004_part_007_choice_000_frame_020,pck_object_0004,pck_object_0004_part_007,pck_object_0004_part_007_choice_000,7,0,20,0x00087C,160,0,0x00087E,A00000F800000000,00F80000000088FFB0FFFA0088FFD8FF
C:/Users/MadCat/Documents/GitHub/MechwarriorRecomp/research/extract/decoded_pck/RIFPCK_TBL.decoded.bin,pck_object_0004_part_007_choice_000_frame_021,pck_object_0004,pck_object_0004_part_007,pck_object_0004_part_007_choice_000,7,0,21,0x000884,136,255,0x000886,88FFB0FFFA0088FF,B0FFFA0088FFD8FF000000000CFECEFF
C:/Users/MadCat/Documents/GitHub/MechwarriorRecomp/research/extract/decoded_pck/RIFPCK_TBL.decoded.bin,pck_object_0004_part_007_choice_000_frame_022,pck_object_0004,pck_object_0004_part_007,pck_object_0004_part_007_choice_000,7,0,22,0x00088C,216,255,0x00088E,D8FF000000000CFE,000000000CFECEFF00001AF8BDFE0000
C:/Users/MadCat/Documents/GitHub/MechwarriorRecomp/research/extract/decoded_pck/RIFPCK_TBL.decoded.bin,pck_object_0004_part_007_choice_000_frame_023,pck_object_0004,pck_object_0004_part_007,pck_object_0004_part_007_choice_000,7,0,23,0x000894,206,255,0x000896,CEFF00001AF8BDFE,00001AF8BDFE0000000000F86E00D8FF
C:/Users/MadCat/Documents/GitHub/MechwarriorRecomp/research/extract/decoded_pck/RIFPCK_TBL.decoded.bin,pck_object_0004_part_007_choice_000_frame_024,pck_object_0004,pck_object_0004_part_007,pck_object_0004_part_007_choice_000,7,0,24,0x00089C,0,0,0x00089E,0000000000F86E00,000000F86E00D8FF00006E0028000000
C:/Users/MadCat/Documents/GitHub/MechwarriorRecomp/research/extract/decoded_pck/RIFPCK_TBL.decoded.bin,pck_object_0004_part_007_choice_000_frame_025,pck_object_0004,pck_object_0004_part_007,pck_object_0004_part_007_choice_000,7,0,25,0x0008A4,216,255,0x0008A6,D8FF00006E002800,00006E00280000000CFEF401F40188FF
C:/Users/MadCat/Documents/GitHub/MechwarriorRecomp/research/extract/decoded_pck/RIFPCK_TBL.decoded.bin,pck_object_0004_part_007_choice_000_frame_026,pck_object_0004,pck_object_0004_part_007,pck_object_0004_part_007_choice_000,7,0,26,0x0008AC,0,0,0x0008AE,00000CFEF401F401,0CFEF401F40188FF00002C010000F206
C:/Users/MadCat/Documents/GitHub/MechwarriorRecomp/research/extract/decoded_pck/RIFPCK_TBL.decoded.bin,pck_object_0004_part_007_choice_000_frame_027,pck_object_0004,pck_object_0004_part_007,pck_object_0004_part_007_choice_000,7,0,27,0x0008B4,136,255,0x0008B6,88FF00002C010000,00002C010000F206F803D8FF00002C01
C:/Users/MadCat/Documents/GitHub/MechwarriorRecomp/research/extract/decoded_pck/RIFPCK_TBL.decoded.bin,pck_object_0004_part_007_choice_000_frame_028,pck_object_0004,pck_object_0004_part_007,pck_object_0004_part_007_choice_000,7,0,28,0x0008BC,242,6,0x0008BE,F206F803D8FF0000,F803D8FF00002C010000C3FBC80618FC
C:/Users/MadCat/Documents/GitHub/MechwarriorRecomp/research/extract/decoded_pck/RIFPCK_TBL.decoded.bin,pck_object_0004_part_007_choice_000_frame_029,pck_object_0004,pck_object_0004_part_007,pck_object_0004_part_007_choice_000,7,0,29,0x0008C4,44,1,0x0008C6,2C010000C3FBC806,0000C3FBC80618FC0000000056FF1E00
C:/Users/MadCat/Documents/GitHub/MechwarriorRecomp/research/extract/decoded_pck/RIFPCK_TBL.decoded.bin,pck_object_0004_part_007_choice_000_frame_030,pck_object_0004,pck_object_0004_part_007,pck_object_0004_part_007_choice_000,7,0,30,0x0008CC,24,252,0x0008CE,18FC0000000056FF,0000000056FF1E008C0056FFE2FF8C00
C:/Users/MadCat/Documents/GitHub/MechwarriorRecomp/research/extract/decoded_pck/RIFPCK_TBL.decoded.bin,pck_object_0004_part_007_choice_000_frame_031,pck_object_0004,pck_object_0004_part_007,pck_object_0004_part_007_choice_000,7,0,31,0x0008D4,30,0,0x0008D6,1E008C0056FFE2FF,8C0056FFE2FF8C0056FFE2FF640056FF
C:/Users/MadCat/Documents/GitHub/MechwarriorRecomp/research/extract/decoded_pck/RIFPCK_TBL.decoded.bin,pck_object_0004_part_007_choice_000_frame_032,pck_object_0004,pck_object_0004_part_007,pck_object_0004_part_007_choice_000,7,0,32,0x0008DC,140,0,0x0008DE,8C0056FFE2FF6400,56FFE2FF640056FF1400640056FF1E00
C:/Users/MadCat/Documents/GitHub/MechwarriorRecomp/research/extract/decoded_pck/RIFPCK_TBL.decoded.bin,pck_object_0004_part_007_choice_000_frame_033,pck_object_0004,pck_object_0004_part_007,pck_object_0004_part_007_choice_000,7,0,33,0x0008E4,86,255,0x0008E6,56FF1400640056FF,1400640056FF1E006400000000080000
C:/Users/MadCat/Documents/GitHub/MechwarriorRecomp/research/extract/decoded_pck/RIFPCK_TBL.decoded.bin,pck_object_0004_part_007_choice_000_frame_034,pck_object_0004,pck_object_0004_part_007,pck_object_0004_part_007_choice_000,7,0,34,0x0008EC,30,0,0x0008EE,1E00640000000008,640000000008000088FF1E00A00088FF
C:/Users/MadCat/Documents/GitHub/MechwarriorRecomp/research/extract/decoded_pck/RIFPCK_TBL.decoded.bin,pck_object_0004_part_007_choice_000_frame_035,pck_object_0004,pck_object_0004_part_007,pck_object_0004_part_007_choice_000,7,0,35,0x0008F4,0,0,0x0008F6,000088FF1E00A000,88FF1E00A00088FF1E00280008FD0000
C:/Users/MadCat/Documents/GitHub/MechwarriorRecomp/research/extract/decoded_pck/RIFPCK_TBL.decoded.bin,pck_object_0004_part_007_choice_000_frame_036,pck_object_0004,pck_object_0004_part_007,pck_object_0004_part_007_choice_000,7,0,36,0x0008FC,136,255,0x0008FE,88FF1E00280008FD,1E00280008FD00006D0788FFE2FFA000
C:/Users/MadCat/Documents/GitHub/MechwarriorRecomp/research/extract/decoded_pck/RIFPCK_TBL.decoded.bin,pck_object_0004_part_007_choice_000_frame_037,pck_object_0004,pck_object_0004_part_007,pck_object_0004_part_007_choice_000,7,0,37,0x000904,0,0,0x000906,00006D0788FFE2FF,6D0788FFE2FFA000000000F8000088FF
C:/Users/MadCat/Documents/GitHub/MechwarriorRecomp/research/extract/decoded_pck/RIFPCK_TBL.decoded.bin,pck_object_0004_part_007_choice_000_frame_038,pck_object_0004,pck_object_0004_part_007,pck_object_0004_part_007_choice_000,7,0,38,0x00090C,160,0,0x00090E,A000000000F80000,000000F8000088FFE2FF2800DBF90000
C:/Users/MadCat/Documents/GitHub/MechwarriorRecomp/research/extract/decoded_pck/RIFPCK_TBL.decoded.bin,pck_object_0004_part_007_choice_000_frame_039,pck_object_0004,pck_object_0004_part_007,pck_object_0004_part_007_choice_000,7,0,39,0x000914,136,255,0x000916,88FFE2FF2800DBF9,E2FF2800DBF90000E1FAE80300000000
C:/Users/MadCat/Documents/GitHub/MechwarriorRecomp/research/extract/decoded_pck/RIFPCK_TBL.decoded.bin,pck_object_0004_part_007_choice_000_frame_040,pck_object_0004,pck_object_0004_part_007,pck_object_0004_part_007_choice_000,7,0,40,0x00091C,0,0,0x00091E,0000E1FAE8030000,E1FAE80300000000AA001E006400AA00
C:/Users/MadCat/Documents/GitHub/MechwarriorRecomp/research/extract/decoded_pck/RIFPCK_TBL.decoded.bin,pck_object_0004_part_007_choice_000_frame_041,pck_object_0004,pck_object_0004_part_007,pck_object_0004_part_007_choice_000,7,0,41,0x000924,0,0,0x000926,0000AA001E006400,AA001E006400AA00E2FF6400AA00E2FF
C:/Users/MadCat/Documents/GitHub/MechwarriorRecomp/research/extract/decoded_pck/RIFPCK_TBL.decoded.bin,pck_object_0004_part_007_choice_000_frame_042,pck_object_0004,pck_object_0004_part_007,pck_object_0004_part_007_choice_000,7,0,42,0x00092C,170,0,0x00092E,AA00E2FF6400AA00,E2FF6400AA00E2FF8C00AA001E008C00
C:/Users/MadCat/Documents/GitHub/MechwarriorRecomp/research/extract/decoded_pck/RIFPCK_TBL.decoded.bin,pck_object_0004_part_007_choice_000_frame_043,pck_object_0004,pck_object_0004_part_007,pck_object_0004_part_007_choice_000,7,0,43,0x000934,226,255,0x000936,E2FF8C00AA001E00,8C00AA001E008C0078001E00A0007800
C:/Users/MadCat/Documents/GitHub/MechwarriorRecomp/research/extract/decoded_pck/RIFPCK_TBL.decoded.bin,pck_object_0004_part_007_choice_000_frame_044,pck_object_0004,pck_object_0004_part_007,pck_object_0004_part_007_choice_000,7,0,44,0x00093C,140,0,0x00093E,8C0078001E00A000,78001E00A00078001E002800F8020000
C:/Users/MadCat/Documents/GitHub/MechwarriorRecomp/research/extract/decoded_pck/RIFPCK_TBL.decoded.bin,pck_object_0004_part_007_choice_000_frame_045,pck_object_0004,pck_object_0004_part_007,pck_object_0004_part_007_choice_000,7,0,45,0x000944,120,0,0x000946,78001E002800F802,1E002800F80200006D077800E2FFA000
C:/Users/MadCat/Documents/GitHub/MechwarriorRecomp/research/extract/decoded_pck/RIFPCK_TBL.decoded.bin,pck_object_0004_part_007_choice_000_frame_046,pck_object_0004,pck_object_0004_part_007,pck_object_0004_part_007_choice_000,7,0,46,0x00094C,0,0,0x00094E,00006D077800E2FF,6D077800E2FFA0007800E2FF28002506
C:/Users/MadCat/Documents/GitHub/MechwarriorRecomp/research/extract/decoded_pck/RIFPCK_TBL.decoded.bin,pck_object_0004_part_007_choice_000_frame_047,pck_object_0004,pck_object_0004_part_007,pck_object_0004_part_007_choice_000,7,0,47,0x000954,160,0,0x000956,A0007800E2FF2800,7800E2FF280025060000E1FAF401F401
C:/Users/MadCat/Documents/GitHub/MechwarriorRecomp/research/extract/decoded_pck/RIFPCK_TBL.decoded.bin,pck_object_0004_part_007_choice_000_frame_048,pck_object_0004,pck_object_0004_part_007,pck_object_0004_part_007_choice_000,7,0,48,0x00095C,37,6,0x00095E,25060000E1FAF401,0000E1FAF401F401F401780000002C01
C:/Users/MadCat/Documents/GitHub/MechwarriorRecomp/research/extract/decoded_pck/RIFPCK_TBL.decoded.bin,pck_object_0004_part_007_choice_000_frame_049,pck_object_0004,pck_object_0004_part_007,pck_object_0004_part_007_choice_000,7,0,49,0x000964,244,1,0x000966,F401F40178000000,F401780000002C01280000002C010000
C:/Users/MadCat/Documents/GitHub/MechwarriorRecomp/research/extract/decoded_pck/RIFPCK_TBL.decoded.bin,pck_object_0004_part_007_choice_000_frame_050,pck_object_0004,pck_object_0004_part_007,pck_object_0004_part_007_choice_000,7,0,50,0x00096C,44,1,0x00096E,2C01280000002C01,280000002C010000320018FCD8FFD8FF
C:/Users/MadCat/Documents/GitHub/MechwarriorRecomp/research/extract/decoded_pck/RIFPCK_TBL.decoded.bin,pck_object_0004_part_007_choice_000_frame_051,pck_object_0004,pck_object_0004_part_007,pck_object_0004_part_007_choice_000,7,0,51,0x000974,0,0,0x000976,0000320018FCD8FF,320018FCD8FFD8FF9CFF2800D8FF9CFF
C:/Users/MadCat/Documents/GitHub/MechwarriorRecomp/research/extract/decoded_pck/RIFPCK_TBL.decoded.bin,pck_object_0004_part_007_choice_000_frame_052,pck_object_0004,pck_object_0004_part_007,pck_object_0004_part_007_choice_000,7,0,52,0x00097C,216,255,0x00097E,D8FF9CFF2800D8FF,9CFF2800D8FF9CFF280028009CFFD8FF
C:/Users/MadCat/Documents/GitHub/MechwarriorRecomp/research/extract/decoded_pck/RIFPCK_TBL.decoded.bin,pck_object_0004_part_007_choice_000_frame_053,pck_object_0004,pck_object_0004_part_007,pck_object_0004_part_007_choice_000,7,0,53,0x000984,156,255,0x000986,9CFF280028009CFF,280028009CFFD8FF28009CFFD8FFD8FF
C:/Users/MadCat/Documents/GitHub/MechwarriorRecomp/research/extract/decoded_pck/RIFPCK_TBL.decoded.bin,pck_object_0004_part_007_choice_000_frame_054,pck_object_0004,pck_object_0004_part_007,pck_object_0004_part_007_choice_000,7,0,54,0x00098C,216,255,0x00098E,D8FF28009CFFD8FF,28009CFFD8FFD8FF0000D8FF28000000
C:/Users/MadCat/Documents/GitHub/MechwarriorRecomp/research/extract/decoded_pck/RIFPCK_TBL.decoded.bin,pck_object_0004_part_007_choice_000_frame_055,pck_object_0004,pck_object_0004_part_007,pck_object_0004_part_007_choice_000,7,0,55,0x000994,216,255,0x000996,D8FF0000D8FF2800,0000D8FF280000002800280000002800
C:/Users/MadCat/Documents/GitHub/MechwarriorRecomp/research/extract/decoded_pck/RIFPCK_TBL.decoded.bin,pck_object_0004_part_007_choice_000_frame_056,pck_object_0004,pck_object_0004_part_007,pck_object_0004_part_007_choice_000,7,0,56,0x00099C,0,0,0x00099E,0000280028000000,2800280000002800D8FF0000000038FF
C:/Users/MadCat/Documents/GitHub/MechwarriorRecomp/research/extract/decoded_pck/RIFPCK_TBL.decoded.bin,pck_object_0004_part_007_choice_000_frame_057,pck_object_0004,pck_object_0004_part_007,pck_object_0004_part_007_choice_000,7,0,57,0x0009A4,40,0,0x0009A6,2800D8FF00000000,D8FF0000000038FFD00746009CFF4A01
C:/Users/MadCat/Documents/GitHub/MechwarriorRecomp/research/extract/decoded_pck/RIFPCK_TBL.decoded.bin,pck_object_0004_part_007_choice_000_frame_058,pck_object_0004,pck_object_0004_part_007,pck_object_0004_part_007_choice_000,7,0,58,0x0009AC,56,255,0x0009AE,38FFD00746009CFF,D00746009CFF4A01BAFF9CFF4A01BAFF
C:/Users/MadCat/Documents/GitHub/MechwarriorRecomp/research/extract/decoded_pck/RIFPCK_TBL.decoded.bin,pck_object_0004_part_007_choice_000_frame_059,pck_object_0004,pck_object_0004_part_007,pck_object_0004_part_007_choice_000,7,0,59,0x0009B4,74,1,0x0009B6,4A01BAFF9CFF4A01,BAFF9CFF4A01BAFFBAFF5E014600BAFF
C:/Users/MadCat/Documents/GitHub/MechwarriorRecomp/research/extract/decoded_pck/RIFPCK_TBL.decoded.bin,pck_object_0004_part_007_choice_000_frame_060,pck_object_0004,pck_object_0004_part_007,pck_object_0004_part_007_choice_000,7,0,60,0x0009BC,186,255,0x0009BE,BAFFBAFF5E014600,BAFF5E014600BAFF5E010A00B0FFFA00
C:/Users/MadCat/Documents/GitHub/MechwarriorRecomp/research/extract/decoded_pck/RIFPCK_TBL.decoded.bin,pck_object_0004_part_007_choice_000_frame_061,pck_object_0004,pck_object_0004_part_007,pck_object_0004_part_007_choice_000,7,0,61,0x0009C4,186,255,0x0009C6,BAFF5E010A00B0FF,5E010A00B0FFFA000A00B0FF5401F6FF
C:/Users/MadCat/Documents/GitHub/MechwarriorRecomp/research/extract/decoded_pck/RIFPCK_TBL.decoded.bin,pck_object_0004_part_007_choice_000_frame_062,pck_object_0004,pck_object_0004_part_007,pck_object_0004_part_007_choice_000,7,0,62,0x0009CC,250,0,0x0009CE,FA000A00B0FF5401,0A00B0FF5401F6FFB0FF5401F6FFB0FF
C:/Users/MadCat/Documents/GitHub/MechwarriorRecomp/research/extract/decoded_pck/RIFPCK_TBL.decoded.bin,pck_object_0004_part_007_choice_000_frame_063,pck_object_0004,pck_object_0004_part_007,pck_object_0004_part_007_choice_000,7,0,63,0x0009D4,246,255,0x0009D6,F6FFB0FF5401F6FF,B0FF5401F6FFB0FFFA00010014020000
C:/Users/MadCat/Documents/GitHub/MechwarriorRecomp/research/extract/decoded_pck/RIFPCK_TBL.decoded.bin,pck_object_0004_part_007_choice_000_frame_064,pck_object_0004,pck_object_0004_part_007,pck_object_0004_part_007_choice_000,7,0,64,0x0009DC,176,255,0x0009DE,B0FFFA0001001402,FA0001001402000004001C0208F88101
C:/Users/MadCat/Documents/GitHub/MechwarriorRecomp/research/extract/decoded_pck/RIFPCK_TBL.decoded.bin,pck_object_0004_part_007_choice_000_frame_065,pck_object_0004,pck_object_0004_part_007,pck_object_0004_part_007_choice_000,7,0,65,0x0009E4,0,0,0x0009E6,000004001C0208F8,04001C0208F88101010101013C028100
C:/Users/MadCat/Documents/GitHub/MechwarriorRecomp/research/extract/decoded_pck/RIFPCK_TBL.decoded.bin,pck_object_0004_part_007_choice_000_frame_066,pck_object_0004,pck_object_0004_part_007,pck_object_0004_part_007_choice_000,7,0,66,0x0009EC,129,1,0x0009EE,8101010101013C02,010101013C0281000000000642028100
C:/Users/MadCat/Documents/GitHub/MechwarriorRecomp/research/extract/decoded_pck/RIFPCK_TBL.decoded.bin,pck_object_0004_part_007_choice_000_frame_067,pck_object_0004,pck_object_0004_part_007,pck_object_0004_part_007_choice_000,7,0,67,0x0009F4,129,0,0x0009F6,8100000000064202,00000006420281000000000948028100
C:/Users/MadCat/Documents/GitHub/MechwarriorRecomp/research/extract/decoded_pck/RIFPCK_TBL.decoded.bin,pck_object_0004_part_007_choice_000_frame_068,pck_object_0004,pck_object_0004_part_007,pck_object_0004_part_007_choice_000,7,0,68,0x0009FC,129,0,0x0009FE,8100000000094802,00000009480281000000000E4E020202
C:/Users/MadCat/Documents/GitHub/MechwarriorRecomp/research/extract/decoded_pck/RIFPCK_TBL.decoded.bin,pck_object_0004_part_007_choice_000_frame_069,pck_object_0004,pck_object_0004_part_007,pck_object_0004_part_007_choice_000,7,0,69,0x000A04,129,0,0x000A06,81000000000E4E02,0000000E4E020202030405FF05050407
C:/Users/MadCat/Documents/GitHub/MechwarriorRecomp/research/extract/decoded_pck/RIFPCK_TBL.decoded.bin,pck_object_0004_part_007_choice_000_frame_070,pck_object_0004,pck_object_0004_part_007,pck_object_0004_part_007_choice_000,7,0,70,0x000A0C,2,2,0x000A0E,0202030405FF0505,030405FF0505040708FF0A0A0B0C0DFF
C:/Users/MadCat/Documents/GitHub/MechwarriorRecomp/research/extract/decoded_pck/RIFPCK_TBL.decoded.bin,pck_object_0004_part_007_choice_000_frame_071,pck_object_0004,pck_object_0004_part_007,pck_object_0004_part_007_choice_000,7,0,71,0x000A14,4,7,0x000A16,040708FF0A0A0B0C,08FF0A0A0B0C0DFF0F0F100302FF0100
C:/Users/MadCat/Documents/GitHub/MechwarriorRecomp/research/extract/decoded_pck/RIFPCK_TBL.decoded.bin,pck_object_0004_part_007_choice_000_frame_072,pck_object_0004,pck_object_0004_part_007,pck_object_0004_part_007_choice_000,7,0,72,0x000A1C,13,255,0x000A1E,0DFF0F0F100302FF,0F0F100302FF01005802000002006002
C:/Users/MadCat/Documents/GitHub/MechwarriorRecomp/research/extract/decoded_pck/RIFPCK_TBL.decoded.bin,pck_object_0004_part_007_choice_000_frame_073,pck_object_0004,pck_object_0004_part_007,pck_object_0004_part_007_choice_000,7,0,73,0x000A24,1,0,0x000A26,0100580200000200,5802000002006002FF07810707070712
C:/Users/MadCat/Documents/GitHub/MechwarriorRecomp/research/extract/decoded_pck/RIFPCK_TBL.decoded.bin,pck_object_0004_part_007_choice_000_frame_074,pck_object_0004,pck_object_0004_part_007,pck_object_0004_part_007_choice_000,7,0,74,0x000A2C,96,2,0x000A2E,6002FF0781070707,FF078107070707127002810000000013
C:/Users/MadCat/Documents/GitHub/MechwarriorRecomp/research/extract/decoded_pck/RIFPCK_TBL.decoded.bin,pck_object_0004_part_007_choice_000_frame_075,pck_object_0004,pck_object_0004_part_007,pck_object_0004_part_007_choice_000,7,0,75,0x000A34,7,18,0x000A36,0712700281000000,700281000000001376020F0F080710FF
C:/Users/MadCat/Documents/GitHub/MechwarriorRecomp/research/extract/decoded_pck/RIFPCK_TBL.decoded.bin,pck_object_0004_part_007_choice_000_frame_076,pck_object_0004,pck_object_0004_part_007,pck_object_0004_part_007_choice_000,7,0,76,0x000A3C,0,19,0x000A3E,001376020F0F0807,76020F0F080710FF1010141503FF0100
C:/Users/MadCat/Documents/GitHub/MechwarriorRecomp/research/extract/decoded_pck/RIFPCK_TBL.decoded.bin,pck_object_0004_part_007_choice_000_frame_077,pck_object_0004,pck_object_0004_part_007,pck_object_0004_part_007_choice_000,7,0,77,0x000A44,16,255,0x000A46,10FF1010141503FF,1010141503FF01008002000004008802
C:/Users/MadCat/Documents/GitHub/MechwarriorRecomp/research/extract/decoded_pck/RIFPCK_TBL.decoded.bin,pck_object_0004_part_007_choice_000_frame_078,pck_object_0004,pck_object_0004_part_007,pck_object_0004_part_007_choice_000,7,0,78,0x000A4C,1,0,0x000A4E,0100800200000400,80020000040088028DFE81000000000E
C:/Users/MadCat/Documents/GitHub/MechwarriorRecomp/research/extract/decoded_pck/RIFPCK_TBL.decoded.bin,pck_object_0004_part_007_choice_000_frame_079,pck_object_0004,pck_object_0004_part_007,pck_object_0004_part_007_choice_000,7,0,79,0x000A54,136,2,0x000A56,88028DFE81000000,8DFE81000000000EA802810909090918
C:/Users/MadCat/Documents/GitHub/MechwarriorRecomp/research/extract/decoded_pck/RIFPCK_TBL.decoded.bin,pck_object_0004_part_007_choice_000_frame_080,pck_object_0004,pck_object_0004_part_007,pck_object_0004_part_007_choice_000,7,0,80,0x000A5C,0,14,0x000A5E,000EA80281090909,A802810909090918AD02810808080806
C:/Users/MadCat/Documents/GitHub/MechwarriorRecomp/research/extract/decoded_pck/RIFPCK_TBL.decoded.bin,pck_object_0004_part_007_choice_000_frame_081,pck_object_0004,pck_object_0004_part_007,pck_object_0004_part_007_choice_000,7,0,81,0x000A64,9,24,0x000A66,0918AD0281080808,AD02810808080806B30281010101011A
C:/Users/MadCat/Documents/GitHub/MechwarriorRecomp/research/extract/decoded_pck/RIFPCK_TBL.decoded.bin,pck_object_0004_part_007_choice_000_frame_082,pck_object_0004,pck_object_0004_part_007,pck_object_0004_part_007_choice_000,7,0,82,0x000A6C,8,6,0x000A6E,0806B30281010101,B30281010101011AB8020202170FFF0C
C:/Users/MadCat/Documents/GitHub/MechwarriorRecomp/research/extract/decoded_pck/RIFPCK_TBL.decoded.bin,pck_object_0004_part_007_choice_000_frame_083,pck_object_0004,pck_object_0004_part_007,pck_object_0004_part_007_choice_000,7,0,83,0x000A74,1,26,0x000A76,011AB8020202170F,B8020202170FFF0C0C191702FF0B0B19
C:/Users/MadCat/Documents/GitHub/MechwarriorRecomp/research/extract/decoded_pck/RIFPCK_TBL.decoded.bin,pck_object_0004_part_007_choice_000_frame_084,pck_object_0004,pck_object_0004_part_007,pck_object_0004_part_007_choice_000,7,0,84,0x000A7C,255,12,0x000A7E,FF0C0C191702FF0B,0C191702FF0B0B190CFF19190B0F17FF
C:/Users/MadCat/Documents/GitHub/MechwarriorRecomp/research/extract/decoded_pck/RIFPCK_TBL.decoded.bin,pck_object_0004_part_007_choice_000_frame_085,pck_object_0004,pck_object_0004_part_007,pck_object_0004_part_007_choice_000,7,0,85,0x000A84,11,25,0x000A86,0B190CFF19190B0F,0CFF19190B0F17FF0100C20200000500
C:/Users/MadCat/Documents/GitHub/MechwarriorRecomp/research/extract/decoded_pck/RIFPCK_TBL.decoded.bin,pck_object_0004_part_007_choice_000_frame_086,pck_object_0004,pck_object_0004_part_007,pck_object_0004_part_007_choice_000,7,0,86,0x000A8C,23,255,0x000A8E,17FF0100C2020000,0100C20200000500CA02080181000000
C:/Users/MadCat/Documents/GitHub/MechwarriorRecomp/research/extract/decoded_pck/RIFPCK_TBL.decoded.bin,pck_object_0004_part_007_choice_000_frame_087,pck_object_0004,pck_object_0004_part_007,pck_object_0004_part_007_choice_000,7,0,87,0x000A94,5,0,0x000A96,0500CA0208018100,CA02080181000000000EF20281080808
C:/Users/MadCat/Documents/GitHub/MechwarriorRecomp/research/extract/decoded_pck/RIFPCK_TBL.decoded.bin,pck_object_0004_part_007_choice_000_frame_088,pck_object_0004,pck_object_0004_part_007,pck_object_0004_part_007_choice_000,7,0,88,0x000A9C,0,0,0x000A9E,0000000EF2028108,000EF202810808080821F90281000000
C:/Users/MadCat/Documents/GitHub/MechwarriorRecomp/research/extract/decoded_pck/RIFPCK_TBL.decoded.bin,pck_object_0004_part_007_choice_000_frame_089,pck_object_0004,pck_object_0004_part_007,pck_object_0004_part_007_choice_000,7,0,89,0x000AA4,8,8,0x000AA6,08080821F9028100,0821F902810000000024FF0281080808
C:/Users/MadCat/Documents/GitHub/MechwarriorRecomp/research/extract/decoded_pck/RIFPCK_TBL.decoded.bin,pck_object_0004_part_007_choice_000_frame_090,pck_object_0004,pck_object_0004_part_007,pck_object_0004_part_007_choice_000,7,0,90,0x000AAC,0,0,0x000AAE,00000024FF028108,0024FF02810808080826050381000000
C:/Users/MadCat/Documents/GitHub/MechwarriorRecomp/research/extract/decoded_pck/RIFPCK_TBL.decoded.bin,pck_object_0004_part_007_choice_000_frame_091,pck_object_0004,pck_object_0004_part_007,pck_object_0004_part_007_choice_000,7,0,91,0x000AB4,8,8,0x000AB6,0808082605038100,082605038100000000280B031C1C1D1E
C:/Users/MadCat/Documents/GitHub/MechwarriorRecomp/research/extract/decoded_pck/RIFPCK_TBL.decoded.bin,pck_object_0004_part_007_choice_000_frame_092,pck_object_0004,pck_object_0004_part_007,pck_object_0004_part_007_choice_000,7,0,92,0x000ABC,0,0,0x000ABE,000000280B031C1C,00280B031C1C1D1E1F20FF22221C2023
C:/Users/MadCat/Documents/GitHub/MechwarriorRecomp/research/extract/decoded_pck/RIFPCK_TBL.decoded.bin,pck_object_0004_part_007_choice_000_frame_093,pck_object_0004,pck_object_0004_part_007,pck_object_0004_part_007_choice_000,7,0,93,0x000AC4,29,30,0x000AC6,1D1E1F20FF22221C,1F20FF22221C2023FF25251D1C22FF27
C:/Users/MadCat/Documents/GitHub/MechwarriorRecomp/research/extract/decoded_pck/RIFPCK_TBL.decoded.bin,pck_object_0004_part_007_choice_000_frame_094,pck_object_0004,pck_object_0004_part_007,pck_object_0004_part_007_choice_000,7,0,94,0x000ACC,32,35,0x000ACE,2023FF25251D1C22,FF25251D1C22FF27271E1D25FF232320
C:/Users/MadCat/Documents/GitHub/MechwarriorRecomp/research/extract/decoded_pck/RIFPCK_TBL.decoded.bin,pck_object_0004_part_007_choice_000_frame_095,pck_object_0004,pck_object_0004_part_007,pck_object_0004_part_007_choice_000,7,0,95,0x000AD4,255,39,0x000AD6,FF27271E1D25FF23,271E1D25FF2323201E27FF0100150300
C:/Users/MadCat/Documents/GitHub/MechwarriorRecomp/research/extract/decoded_pck/RIFPCK_TBL.decoded.bin,pck_object_0004_part_007_choice_000_frame_096,pck_object_0004,pck_object_0004_part_007,pck_object_0004_part_007_choice_000,7,0,96,0x000ADC,35,32,0x000ADE,23201E27FF010015,1E27FF01001503000005001D03001281
C:/Users/MadCat/Documents/GitHub/MechwarriorRecomp/research/extract/decoded_pck/RIFPCK_TBL.decoded.bin,pck_object_0004_part_007_choice_000_frame_097,pck_object_0004,pck_object_0004_part_007,pck_object_0004_part_007_choice_000,7,0,97,0x000AE4,3,0,0x000AE6,03000005001D0300,0005001D030012810000000006450381
C:/Users/MadCat/Documents/GitHub/MechwarriorRecomp/research/extract/decoded_pck/RIFPCK_TBL.decoded.bin,pck_object_0004_part_007_choice_000_frame_098,pck_object_0004,pck_object_0004_part_007,pck_object_0004_part_007_choice_000,7,0,98,0x000AEC,18,129,0x000AEE,1281000000000645,000000000645038108080808214B0381
C:/Users/MadCat/Documents/GitHub/MechwarriorRecomp/research/extract/decoded_pck/RIFPCK_TBL.decoded.bin,pck_object_0004_part_007_choice_000_frame_099,pck_object_0004,pck_object_0004_part_007,pck_object_0004_part_007_choice_000,7,0,99,0x000AF4,3,129,0x000AF6,038108080808214B,08080808214B03810000000030510381
C:/Users/MadCat/Documents/GitHub/MechwarriorRecomp/research/extract/decoded_pck/RIFPCK_TBL.decoded.bin,pck_object_0004_part_007_choice_000_frame_100,pck_object_0004,pck_object_0004_part_007,pck_object_0004_part_007_choice_000,7,0,100,0x000AFC,3,129,0x000AFE,0381000000003051,00000000305103810808080826570381
C:/Users/MadCat/Documents/GitHub/MechwarriorRecomp/research/extract/decoded_pck/RIFPCK_TBL.decoded.bin,pck_object_0004_part_007_choice_000_frame_101,pck_object_0004,pck_object_0004_part_007,pck_object_0004_part_007_choice_000,7,0,101,0x000B04,3,129,0x000B06,0381080808082657,080808082657038100000000335D032A
C:/Users/MadCat/Documents/GitHub/MechwarriorRecomp/research/extract/decoded_pck/RIFPCK_TBL.decoded.bin,pck_object_0004_part_007_choice_000_frame_102,pck_object_0004,pck_object_0004_part_007,pck_object_0004_part_007_choice_000,7,0,102,0x000B0C,3,129,0x000B0E,038100000000335D,00000000335D032A2A2B2C2DFF2D2D2E
C:/Users/MadCat/Documents/GitHub/MechwarriorRecomp/research/extract/decoded_pck/RIFPCK_TBL.decoded.bin,pck_object_0004_part_007_choice_000_frame_103,pck_object_0004,pck_object_0004_part_007,pck_object_0004_part_007_choice_000,7,0,103,0x000B14,3,42,0x000B16,032A2A2B2C2DFF2D,2A2B2C2DFF2D2D2E2F2AFF2C2C312E2D
C:/Users/MadCat/Documents/GitHub/MechwarriorRecomp/research/extract/decoded_pck/RIFPCK_TBL.decoded.bin,pck_object_0004_part_007_choice_000_frame_104,pck_object_0004,pck_object_0004_part_007,pck_object_0004_part_007_choice_000,7,0,104,0x000B1C,45,46,0x000B1E,2D2E2F2AFF2C2C31,2F2AFF2C2C312E2DFF2B2B32312CFF2F
C:/Users/MadCat/Documents/GitHub/MechwarriorRecomp/research/extract/decoded_pck/RIFPCK_TBL.decoded.bin,pck_object_0004_part_007_choice_000_frame_105,pck_object_0004,pck_object_0004_part_007,pck_object_0004_part_007_choice_000,7,0,105,0x000B24,46,45,0x000B26,2E2DFF2B2B32312C,FF2B2B32312CFF2F2F322B2AFF010067
C:/Users/MadCat/Documents/GitHub/MechwarriorRecomp/research/extract/decoded_pck/RIFPCK_TBL.decoded.bin,pck_object_0004_part_007_choice_000_frame_106,pck_object_0004,pck_object_0004_part_007,pck_object_0004_part_007_choice_000,7,0,106,0x000B2C,255,47,0x000B2E,FF2F2F322B2AFF01,2F322B2AFF01006703000004006F031B
C:/Users/MadCat/Documents/GitHub/MechwarriorRecomp/research/extract/decoded_pck/RIFPCK_TBL.decoded.bin,pck_object_0004_part_007_choice_000_frame_107,pck_object_0004,pck_object_0004_part_007,pck_object_0004_part_007_choice_000,7,0,107,0x000B34,0,103,0x000B36,006703000004006F,03000004006F031B198100000000068F
C:/Users/MadCat/Documents/GitHub/MechwarriorRecomp/research/extract/decoded_pck/RIFPCK_TBL.decoded.bin,pck_object_0004_part_007_choice_000_frame_108,pck_object_0004,pck_object_0004_part_007,pck_object_0004_part_007_choice_000,7,0,108,0x000B3C,3,27,0x000B3E,031B198100000000,198100000000068F0381090909091894
C:/Users/MadCat/Documents/GitHub/MechwarriorRecomp/research/extract/decoded_pck/RIFPCK_TBL.decoded.bin,pck_object_0004_part_007_choice_000_frame_109,pck_object_0004,pck_object_0004_part_007,pck_object_0004_part_007_choice_000,7,0,109,0x000B44,6,143,0x000B46,068F038109090909,03810909090918940381080808080E9A
C:/Users/MadCat/Documents/GitHub/MechwarriorRecomp/research/extract/decoded_pck/RIFPCK_TBL.decoded.bin,pck_object_0004_part_007_choice_000_frame_110,pck_object_0004,pck_object_0004_part_007,pck_object_0004_part_007_choice_000,7,0,110,0x000B4C,24,148,0x000B4E,1894038108080808,0381080808080E9A0381010101011A9F
C:/Users/MadCat/Documents/GitHub/MechwarriorRecomp/research/extract/decoded_pck/RIFPCK_TBL.decoded.bin,pck_object_0004_part_007_choice_000_frame_111,pck_object_0004,pck_object_0004_part_007,pck_object_0004_part_007_choice_000,7,0,111,0x000B54,14,154,0x000B56,0E9A038101010101,0381010101011A9F0308083505FF3535
C:/Users/MadCat/Documents/GitHub/MechwarriorRecomp/research/extract/decoded_pck/RIFPCK_TBL.decoded.bin,pck_object_0004_part_007_choice_000_frame_112,pck_object_0004,pck_object_0004_part_007,pck_object_0004_part_007_choice_000,7,0,112,0x000B5C,26,159,0x000B5E,1A9F0308083505FF,0308083505FF3535360D05FF0D0D360A
C:/Users/MadCat/Documents/GitHub/MechwarriorRecomp/research/extract/decoded_pck/RIFPCK_TBL.decoded.bin,pck_object_0004_part_007_choice_000_frame_113,pck_object_0004,pck_object_0004_part_007,pck_object_0004_part_007_choice_000,7,0,113,0x000B64,53,53,0x000B66,3535360D05FF0D0D,360D05FF0D0D360AFF0A0A363508FF01
C:/Users/MadCat/Documents/GitHub/MechwarriorRecomp/research/extract/decoded_pck/RIFPCK_TBL.decoded.bin,pck_object_0004_part_007_choice_000_frame_114,pck_object_0004,pck_object_0004_part_007,pck_object_0004_part_007_choice_000,7,0,114,0x000B6C,54,10,0x000B6E,360AFF0A0A363508,FF0A0A363508FF0100A90300000500B1
C:/Users/MadCat/Documents/GitHub/MechwarriorRecomp/research/extract/decoded_pck/RIFPCK_TBL.decoded.bin,pck_object_0004_part_007_choice_000_frame_115,pck_object_0004,pck_object_0004_part_007,pck_object_0004_part_007_choice_000,7,0,115,0x000B74,255,1,0x000B76,FF0100A903000005,00A90300000500B10325168100000000
C:/Users/MadCat/Documents/GitHub/MechwarriorRecomp/research/extract/decoded_pck/RIFPCK_TBL.decoded.bin,pck_object_0004_part_007_choice_000_frame_116,pck_object_0004,pck_object_0004_part_007,pck_object_0004_part_007_choice_000,7,0,116,0x000B7C,0,177,0x000B7E,00B1032516810000,032516810000000013D9038100000000
C:/Users/MadCat/Documents/GitHub/MechwarriorRecomp/research/extract/decoded_pck/RIFPCK_TBL.decoded.bin,pck_object_0004_part_007_choice_000_frame_117,pck_object_0004,pck_object_0004_part_007,pck_object_0004_part_007_choice_000,7,0,117,0x000B84,0,0,0x000B86,000013D903810000,13D90381000000000EDF038101010101
C:/Users/MadCat/Documents/GitHub/MechwarriorRecomp/research/extract/decoded_pck/RIFPCK_TBL.decoded.bin,pck_object_0004_part_007_choice_000_frame_118,pck_object_0004,pck_object_0004_part_007,pck_object_0004_part_007_choice_000,7,0,118,0x000B8C,0,0,0x000B8E,00000EDF03810101,0EDF03810101010121E5038100000000
C:/Users/MadCat/Documents/GitHub/MechwarriorRecomp/research/extract/decoded_pck/RIFPCK_TBL.decoded.bin,pck_object_0004_part_007_choice_000_frame_119,pck_object_0004,pck_object_0004_part_007,pck_object_0004_part_007_choice_000,7,0,119,0x000B94,1,1,0x000B96,010121E503810000,21E503810000000006EB038107070707
C:/Users/MadCat/Documents/GitHub/MechwarriorRecomp/research/extract/decoded_pck/RIFPCK_TBL.decoded.bin,pck_object_0004_part_007_choice_000_frame_120,pck_object_0004,pck_object_0004_part_007,pck_object_0004_part_007_choice_000,7,0,120,0x000B9C,0,0,0x000B9E,000006EB03810707,06EB03810707070726F1033838393A3B
C:/Users/MadCat/Documents/GitHub/MechwarriorRecomp/research/extract/decoded_pck/RIFPCK_TBL.decoded.bin,pck_object_0004_part_007_choice_000_frame_121,pck_object_0004,pck_object_0004_part_007,pck_object_0004_part_007_choice_000,7,0,121,0x000BA4,7,7,0x000BA6,070726F103383839,26F1033838393A3BFF3C3C383B3DFF3D
C:/Users/MadCat/Documents/GitHub/MechwarriorRecomp/research/extract/decoded_pck/RIFPCK_TBL.decoded.bin,pck_object_0004_part_007_choice_000_frame_122,pck_object_0004,pck_object_0004_part_007,pck_object_0004_part_007_choice_000,7,0,122,0x000BAC,58,59,0x000BAE,3A3BFF3C3C383B3D,FF3C3C383B3DFF3D3D3B3A3EFF3E3E3A
C:/Users/MadCat/Documents/GitHub/MechwarriorRecomp/research/extract/decoded_pck/RIFPCK_TBL.decoded.bin,pck_object_0004_part_007_choice_000_frame_123,pck_object_0004,pck_object_0004_part_007,pck_object_0004_part_007_choice_000,7,0,123,0x000BB4,255,61,0x000BB6,FF3D3D3B3A3EFF3E,3D3B3A3EFF3E3E3A393FFF3F3F39383C
C:/Users/MadCat/Documents/GitHub/MechwarriorRecomp/research/extract/decoded_pck/RIFPCK_TBL.decoded.bin,pck_object_0004_part_007_choice_000_frame_124,pck_object_0004,pck_object_0004_part_007,pck_object_0004_part_007_choice_000,7,0,124,0x000BBC,62,58,0x000BBE,3E3A393FFF3F3F39,393FFF3F3F39383CFF0100FB03000002
C:/Users/MadCat/Documents/GitHub/MechwarriorRecomp/research/extract/decoded_pck/RIFPCK_TBL.decoded.bin,pck_object_0004_part_007_choice_000_frame_125,pck_object_0004,pck_object_0004_part_007,pck_object_0004_part_007_choice_000,7,0,125,0x000BC4,56,60,0x000BC6,383CFF0100FB0300,FF0100FB030000020003040808800000
C:/Users/MadCat/Documents/GitHub/MechwarriorRecomp/research/extract/decoded_pck/RIFPCK_TBL.decoded.bin,pck_object_0004_part_007_choice_000_frame_126,pck_object_0004,pck_object_0004_part_007,pck_object_0004_part_007_choice_000,7,0,126,0x000BCC,0,2,0x000BCE,0002000304080880,00030408088000000000FF1304800000
C:/Users/MadCat/Documents/GitHub/MechwarriorRecomp/research/extract/decoded_pck/RIFPCK_TBL.decoded.bin,pck_object_0004_part_007_choice_000_frame_127,pck_object_0004,pck_object_0004_part_007,pck_object_0004_part_007_choice_000,7,0,127,0x000BD4,0,0,0x000BD6,00000000FF130480,0000FF13048000000000FF1904414142
C:/Users/MadCat/Documents/GitHub/MechwarriorRecomp/research/extract/decoded_pck/RIFPCK_TBL.decoded.bin,pck_object_0025_part_000_choice_000_frame_000,pck_object_0025,pck_object_0025_part_000,pck_object_0025_part_000_choice_000,0,0,0,0x002F33,0,0,0x002F35,00000500CB01D701,0500CB01D70181000000001DF3018100
C:/Users/MadCat/Documents/GitHub/MechwarriorRecomp/research/extract/decoded_pck/RIFPCK_TBL.decoded.bin,pck_object_0025_part_001_choice_000_frame_000,pck_object_0025,pck_object_0025_part_001,pck_object_0025_part_001_choice_000,1,0,0,0x002D33,5,0,0x002D35,0500E90100008100,E901000081000000001F110281000000
C:/Users/MadCat/Documents/GitHub/MechwarriorRecomp/research/extract/decoded_pck/RIFPCK_TBL.decoded.bin,pck_object_0025_part_002_choice_000_frame_000,pck_object_0025,pck_object_0025_part_002,pck_object_0025_part_002_choice_000,2,0,0,0x002E33,202,254,0x002E35,CAFED2FF2000D9FE,D2FF2000D9FED1FF43008CFF000026F8
C:/Users/MadCat/Documents/GitHub/MechwarriorRecomp/research/extract/decoded_pck/RIFPCK_TBL.decoded.bin,pck_object_0029_part_000_choice_000_frame_000,pck_object_0029,pck_object_0029_part_000,pck_object_0029_part_000_choice_000,0,0,0,0x003783,0,36,0x003785,0024010281000000,0102810000000025070215151E1F17FF
C:/Users/MadCat/Documents/GitHub/MechwarriorRecomp/research/extract/decoded_pck/RIFPCK_TBL.decoded.bin,pck_object_0029_part_001_choice_000_frame_000,pck_object_0029,pck_object_0029_part_001,pck_object_0029_part_001_choice_000,1,0,0,0x003583,31,2,0x003585,1F0281000000002B,81000000002B25022020212223FF2323
C:/Users/MadCat/Documents/GitHub/MechwarriorRecomp/research/extract/decoded_pck/RIFPCK_TBL.decoded.bin,pck_object_0029_part_002_choice_000_frame_000,pck_object_0029,pck_object_0029_part_002,pck_object_0029_part_002_choice_000,2,0,0,0x003683,96,4,0x003685,600416004A005AFE,16004A005AFE92004A005AFE2F07BE01
C:/Users/MadCat/Documents/GitHub/MechwarriorRecomp/research/extract/decoded_pck/RIFPCK_TBL.decoded.bin,pck_object_0039_part_002_choice_000_frame_000,pck_object_0039,pck_object_0039_part_002,pck_object_0039_part_002_choice_000,2,0,0,0x0047FC,128,0,0x0047FE,8000CB0100000000,CB0100000000000008001A0000565A00
C:/Users/MadCat/Documents/GitHub/MechwarriorRecomp/research/extract/decoded_pck/RIFPCK_TBL.decoded.bin,pck_object_0039_part_002_choice_000_frame_001,pck_object_0039,pck_object_0039_part_002,pck_object_0039_part_002_choice_000,2,0,1,0x004804,0,0,0x004806,000008001A000056,08001A0000565A0001005E0211565A00
C:/Users/MadCat/Documents/GitHub/MechwarriorRecomp/research/extract/decoded_pck/RIFPCK_TBL.decoded.bin,pck_object_0039_part_002_choice_000_frame_002,pck_object_0039,pck_object_0039_part_002,pck_object_0039_part_002_choice_000,2,0,2,0x00480C,90,0,0x00480E,5A0001005E021156,01005E0211565A000100A20216565A00
C:/Users/MadCat/Documents/GitHub/MechwarriorRecomp/research/extract/decoded_pck/RIFPCK_TBL.decoded.bin,pck_object_0039_part_002_choice_000_frame_003,pck_object_0039,pck_object_0039_part_002,pck_object_0039_part_002_choice_000,2,0,3,0x004814,90,0,0x004816,5A000100A2021656,0100A20216565A000100CA021D565A00
C:/Users/MadCat/Documents/GitHub/MechwarriorRecomp/research/extract/decoded_pck/RIFPCK_TBL.decoded.bin,pck_object_0039_part_002_choice_000_frame_004,pck_object_0039,pck_object_0039_part_002,pck_object_0039_part_002_choice_000,2,0,4,0x00481C,90,0,0x00481E,5A000100CA021D56,0100CA021D565A0001000C032C565A00
C:/Users/MadCat/Documents/GitHub/MechwarriorRecomp/research/extract/decoded_pck/RIFPCK_TBL.decoded.bin,pck_object_0039_part_002_choice_000_frame_005,pck_object_0039,pck_object_0039_part_002,pck_object_0039_part_002_choice_000,2,0,5,0x004824,90,0,0x004826,5A0001000C032C56,01000C032C565A0001005F033A565A00
C:/Users/MadCat/Documents/GitHub/MechwarriorRecomp/research/extract/decoded_pck/RIFPCK_TBL.decoded.bin,pck_object_0039_part_002_choice_000_frame_006,pck_object_0039,pck_object_0039_part_002,pck_object_0039_part_002_choice_000,2,0,6,0x00482C,90,0,0x00482E,5A0001005F033A56,01005F033A565A000100B10341565A00
C:/Users/MadCat/Documents/GitHub/MechwarriorRecomp/research/extract/decoded_pck/RIFPCK_TBL.decoded.bin,pck_object_0039_part_002_choice_000_frame_007,pck_object_0039,pck_object_0039_part_002,pck_object_0039_part_002_choice_000,2,0,7,0x004834,90,0,0x004836,5A000100B1034156,0100B10341565A000100F3034D565A00
C:/Users/MadCat/Documents/GitHub/MechwarriorRecomp/research/extract/decoded_pck/RIFPCK_TBL.decoded.bin,pck_object_0039_part_002_choice_000_frame_008,pck_object_0039,pck_object_0039_part_002,pck_object_0039_part_002_choice_000,2,0,8,0x00483C,90,0,0x00483E,5A000100F3034D56,0100F3034D565A000100450408003100
C:/Users/MadCat/Documents/GitHub/MechwarriorRecomp/research/extract/decoded_pck/RIFPCK_TBL.decoded.bin,pck_object_0039_part_002_choice_000_frame_009,pck_object_0039,pck_object_0039_part_002,pck_object_0039_part_002_choice_000,2,0,9,0x004844,90,0,0x004846,5A00010045040800,010045040800310064005A01A50714FE
C:/Users/MadCat/Documents/GitHub/MechwarriorRecomp/research/extract/decoded_pck/RIFPCK_TBL.decoded.bin,pck_object_0039_part_002_choice_000_frame_010,pck_object_0039,pck_object_0039_part_002,pck_object_0039_part_002_choice_000,2,0,10,0x00484C,49,0,0x00484E,310064005A01A507,64005A01A50714FE8AFF6F00E80082FF
C:/Users/MadCat/Documents/GitHub/MechwarriorRecomp/research/extract/decoded_pck/RIFPCK_TBL.decoded.bin,pck_object_0039_part_002_choice_000_frame_011,pck_object_0039,pck_object_0039_part_002,pck_object_0039_part_002_choice_000,2,0,11,0x004854,20,254,0x004856,14FE8AFF6F00E800,8AFF6F00E80082FF430034008C001400
C:/Users/MadCat/Documents/GitHub/MechwarriorRecomp/research/extract/decoded_pck/RIFPCK_TBL.decoded.bin,pck_object_0039_part_002_choice_000_frame_012,pck_object_0039,pck_object_0039_part_002,pck_object_0039_part_002_choice_000,2,0,12,0x00485C,130,255,0x00485E,82FF430034008C00,430034008C001400340094004000E800
C:/Users/MadCat/Documents/GitHub/MechwarriorRecomp/research/extract/decoded_pck/RIFPCK_TBL.decoded.bin,pck_object_0039_part_002_choice_000_frame_013,pck_object_0039,pck_object_0039_part_002,pck_object_0039_part_002_choice_000,2,0,13,0x004864,20,0,0x004866,1400340094004000,340094004000E800E0079BFEFFFF7C00
C:/Users/MadCat/Documents/GitHub/MechwarriorRecomp/research/extract/decoded_pck/RIFPCK_TBL.decoded.bin,pck_object_0039_part_002_choice_000_frame_014,pck_object_0039,pck_object_0039_part_002,pck_object_0039_part_002_choice_000,2,0,14,0x00486C,232,0,0x00486E,E800E0079BFEFFFF,E0079BFEFFFF7C00BCFF3400750090FF
C:/Users/MadCat/Documents/GitHub/MechwarriorRecomp/research/extract/decoded_pck/RIFPCK_TBL.decoded.bin,pck_object_0039_part_002_choice_000_frame_015,pck_object_0039,pck_object_0039_part_002,pck_object_0039_part_002_choice_000,2,0,15,0x004874,124,0,0x004876,7C00BCFF34007500,BCFF3400750090FF4D01AF00DF03F706
C:/Users/MadCat/Documents/GitHub/MechwarriorRecomp/research/extract/decoded_pck/RIFPCK_TBL.decoded.bin,pck_object_0039_part_002_choice_000_frame_016,pck_object_0039,pck_object_0039_part_002,pck_object_0039_part_002_choice_000,2,0,16,0x00487C,144,255,0x00487E,90FF4D01AF00DF03,4D01AF00DF03F7061C00A0FF4D01C4FF
C:/Users/MadCat/Documents/GitHub/MechwarriorRecomp/research/extract/decoded_pck/RIFPCK_TBL.decoded.bin,pck_object_0039_part_002_choice_000_frame_017,pck_object_0039,pck_object_0039_part_002,pck_object_0039_part_002_choice_000,2,0,17,0x004884,247,6,0x004886,F7061C00A0FF4D01,1C00A0FF4D01C4FFAFFF4D01E3FF5F00
C:/Users/MadCat/Documents/GitHub/MechwarriorRecomp/research/extract/decoded_pck/RIFPCK_TBL.decoded.bin,pck_object_0039_part_002_choice_000_frame_018,pck_object_0039,pck_object_0039_part_002,pck_object_0039_part_002_choice_000,2,0,18,0x00488C,196,255,0x00488E,C4FFAFFF4D01E3FF,AFFF4D01E3FF5F00E8003B004F00E800
C:/Users/MadCat/Documents/GitHub/MechwarriorRecomp/research/extract/decoded_pck/RIFPCK_TBL.decoded.bin,pck_object_0039_part_002_choice_000_frame_019,pck_object_0039,pck_object_0039_part_002,pck_object_0039_part_002_choice_000,2,0,19,0x004894,95,0,0x004896,5F00E8003B004F00,E8003B004F00E80020F8650100006BFF
C:/Users/MadCat/Documents/GitHub/MechwarriorRecomp/research/extract/decoded_pck/RIFPCK_TBL.decoded.bin,pck_object_0039_part_002_choice_000_frame_020,pck_object_0039,pck_object_0039_part_002,pck_object_0039_part_002_choice_000,2,0,20,0x00489C,232,0,0x00489E,E80020F865010000,20F8650100006BFFBFFF4D0173FFEBFF
C:/Users/MadCat/Documents/GitHub/MechwarriorRecomp/research/extract/decoded_pck/RIFPCK_TBL.decoded.bin,pck_object_0039_part_002_choice_000_frame_021,pck_object_0039,pck_object_0039_part_002,pck_object_0039_part_002_choice_000,2,0,21,0x0048A4,107,255,0x0048A6,6BFFBFFF4D0173FF,BFFF4D0173FFEBFF3400A8FF13FECEFF
C:/Users/MadCat/Documents/GitHub/MechwarriorRecomp/research/extract/decoded_pck/RIFPCK_TBL.decoded.bin,pck_object_0039_part_002_choice_000_frame_022,pck_object_0039,pck_object_0039_part_002,pck_object_0039_part_002_choice_000,2,0,22,0x0048AC,235,255,0x0048AE,EBFF3400A8FF13FE,3400A8FF13FECEFFA0FE39F8C0FE0000
C:/Users/MadCat/Documents/GitHub/MechwarriorRecomp/research/extract/decoded_pck/RIFPCK_TBL.decoded.bin,pck_object_0039_part_002_choice_000_frame_023,pck_object_0039,pck_object_0039_part_002,pck_object_0039_part_002_choice_000,2,0,23,0x0048B4,206,255,0x0048B6,CEFFA0FE39F8C0FE,A0FE39F8C0FE0000000000F87100BEFF
C:/Users/MadCat/Documents/GitHub/MechwarriorRecomp/research/extract/decoded_pck/RIFPCK_TBL.decoded.bin,pck_object_0039_part_002_choice_000_frame_024,pck_object_0039,pck_object_0039_part_002,pck_object_0039_part_002_choice_000,2,0,24,0x0048BC,0,0,0x0048BE,0000000000F87100,000000F87100BEFF3400810016003400
C:/Users/MadCat/Documents/GitHub/MechwarriorRecomp/research/extract/decoded_pck/RIFPCK_TBL.decoded.bin,pck_object_0039_part_002_choice_000_frame_025,pck_object_0039,pck_object_0039_part_002,pck_object_0039_part_002_choice_000,2,0,25,0x0048C4,190,255,0x0048C6,BEFF340081001600,34008100160034006AFE4302F40121F8
C:/Users/MadCat/Documents/GitHub/MechwarriorRecomp/research/extract/decoded_pck/RIFPCK_TBL.decoded.bin,pck_object_0039_part_002_choice_000_frame_026,pck_object_0039,pck_object_0039_part_002,pck_object_0039_part_002_choice_000,2,0,26,0x0048CC,52,0,0x0048CE,34006AFE4302F401,6AFE4302F40121F8680101007BFF1600
C:/Users/MadCat/Documents/GitHub/MechwarriorRecomp/research/extract/decoded_pck/RIFPCK_TBL.decoded.bin,pck_object_0039_part_002_choice_000_frame_027,pck_object_0039,pck_object_0039_part_002,pck_object_0039_part_002_choice_000,2,0,27,0x0048D4,33,248,0x0048D6,21F8680101007BFF,680101007BFF160086013601D506FA03
C:/Users/MadCat/Documents/GitHub/MechwarriorRecomp/research/extract/decoded_pck/RIFPCK_TBL.decoded.bin,pck_object_0039_part_002_choice_000_frame_028,pck_object_0039,pck_object_0039_part_002,pck_object_0039_part_002_choice_000,2,0,28,0x0048DC,22,0,0x0048DE,160086013601D506,86013601D506FA03D3FF06008601DF07
C:/Users/MadCat/Documents/GitHub/MechwarriorRecomp/research/extract/decoded_pck/RIFPCK_TBL.decoded.bin,pck_object_0039_part_002_choice_000_frame_029,pck_object_0039,pck_object_0039_part_002,pck_object_0039_part_002_choice_000,2,0,29,0x0048E4,250,3,0x0048E6,FA03D3FF06008601,D3FF06008601DF0798FEFFFF42FFCCFB
C:/Users/MadCat/Documents/GitHub/MechwarriorRecomp/research/extract/decoded_pck/RIFPCK_TBL.decoded.bin,pck_object_0039_part_002_choice_000_frame_030,pck_object_0039,pck_object_0039_part_002,pck_object_0039_part_002_choice_000,2,0,30,0x0048EC,223,7,0x0048EE,DF0798FEFFFF42FF,98FEFFFF42FFCCFBC40627FCAE000000
C:/Users/MadCat/Documents/GitHub/MechwarriorRecomp/research/extract/decoded_pck/RIFPCK_TBL.decoded.bin,pck_object_0039_part_002_choice_000_frame_031,pck_object_0039,pck_object_0039_part_002,pck_object_0039_part_002_choice_000,2,0,31,0x0048F4,204,251,0x0048F6,CCFBC40627FCAE00,C40627FCAE0000001DF85601000049FF
C:/Users/MadCat/Documents/GitHub/MechwarriorRecomp/research/extract/decoded_pck/RIFPCK_TBL.decoded.bin,pck_object_0039_part_002_choice_000_frame_032,pck_object_0039,pck_object_0039_part_002,pck_object_0039_part_002_choice_000,2,0,32,0x0048FC,0,0,0x0048FE,00001DF856010000,1DF85601000049FF4200D2003EFF0000
C:/Users/MadCat/Documents/GitHub/MechwarriorRecomp/research/extract/decoded_pck/RIFPCK_TBL.decoded.bin,pck_object_0039_part_002_choice_000_frame_033,pck_object_0039,pck_object_0039_part_002,pck_object_0039_part_002_choice_000,2,0,33,0x004904,73,255,0x004906,49FF4200D2003EFF,4200D2003EFF0000D2003EFF0000A500
C:/Users/MadCat/Documents/GitHub/MechwarriorRecomp/research/extract/decoded_pck/RIFPCK_TBL.decoded.bin,pck_object_0039_part_002_choice_000_frame_034,pck_object_0039,pck_object_0039_part_002,pck_object_0039_part_002_choice_000,2,0,34,0x00490C,0,0,0x00490E,0000D2003EFF0000,D2003EFF0000A50048FF3700A50049FF
C:/Users/MadCat/Documents/GitHub/MechwarriorRecomp/research/extract/decoded_pck/RIFPCK_TBL.decoded.bin,pck_object_0039_part_002_choice_000_frame_035,pck_object_0039,pck_object_0039_part_002,pck_object_0039_part_002_choice_000,2,0,35,0x004914,165,0,0x004916,A50048FF3700A500,48FF3700A50049FF4200A5006A01DF07
C:/Users/MadCat/Documents/GitHub/MechwarriorRecomp/research/extract/decoded_pck/RIFPCK_TBL.decoded.bin,pck_object_0039_part_002_choice_000_frame_036,pck_object_0039,pck_object_0039_part_002,pck_object_0039_part_002_choice_000,2,0,36,0x00491C,73,255,0x00491E,49FF4200A5006A01,4200A5006A01DF07000081FF3800E800
C:/Users/MadCat/Documents/GitHub/MechwarriorRecomp/research/extract/decoded_pck/RIFPCK_TBL.decoded.bin,pck_object_0039_part_002_choice_000_frame_037,pck_object_0039,pck_object_0039_part_002,pck_object_0039_part_002_choice_000,2,0,37,0x004924,223,7,0x004926,DF07000081FF3800,000081FF3800E80081FF3800610010FD
C:/Users/MadCat/Documents/GitHub/MechwarriorRecomp/research/extract/decoded_pck/RIFPCK_TBL.decoded.bin,pck_object_0039_part_002_choice_000_frame_038,pck_object_0039,pck_object_0039_part_002,pck_object_0039_part_002_choice_000,2,0,38,0x00492C,232,0,0x00492E,E80081FF38006100,81FF3800610010FD7F006C0775FFF6FF
C:/Users/MadCat/Documents/GitHub/MechwarriorRecomp/research/extract/decoded_pck/RIFPCK_TBL.decoded.bin,pck_object_0039_part_002_choice_000_frame_039,pck_object_0039,pck_object_0039_part_002,pck_object_0039_part_002_choice_000,2,0,39,0x004934,16,253,0x004936,10FD7F006C0775FF,7F006C0775FFF6FFE8008FFE22F80000
C:/Users/MadCat/Documents/GitHub/MechwarriorRecomp/research/extract/decoded_pck/RIFPCK_TBL.decoded.bin,pck_object_0039_part_002_choice_000_frame_040,pck_object_0039,pck_object_0039_part_002,pck_object_0039_part_002_choice_000,2,0,40,0x00493C,246,255,0x00493E,F6FFE8008FFE22F8,E8008FFE22F8000075FFF6FF6100FBF9
C:/Users/MadCat/Documents/GitHub/MechwarriorRecomp/research/extract/decoded_pck/RIFPCK_TBL.decoded.bin,pck_object_0039_part_002_choice_000_frame_041,pck_object_0039,pck_object_0039_part_002,pck_object_0039_part_002_choice_000,2,0,41,0x004944,0,0,0x004946,000075FFF6FF6100,75FFF6FF6100FBF90501D5FAD80351FF
C:/Users/MadCat/Documents/GitHub/MechwarriorRecomp/research/extract/decoded_pck/RIFPCK_TBL.decoded.bin,pck_object_0039_part_002_choice_000_frame_042,pck_object_0039,pck_object_0039_part_002,pck_object_0039_part_002_choice_000,2,0,42,0x00494C,251,249,0x00494E,FBF90501D5FAD803,0501D5FAD80351FF0000E307AAFE0000
C:/Users/MadCat/Documents/GitHub/MechwarriorRecomp/research/extract/decoded_pck/RIFPCK_TBL.decoded.bin,pck_object_0039_part_002_choice_000_frame_043,pck_object_0039,pck_object_0039_part_002,pck_object_0039_part_002_choice_000,2,0,43,0x004954,81,255,0x004956,51FF0000E307AAFE,0000E307AAFE0000C100FFFFA500B600
C:/Users/MadCat/Documents/GitHub/MechwarriorRecomp/research/extract/decoded_pck/RIFPCK_TBL.decoded.bin,pck_object_0039_part_002_choice_000_frame_044,pck_object_0039,pck_object_0039_part_002,pck_object_0039_part_002_choice_000,2,0,44,0x00495C,0,0,0x00495E,0000C100FFFFA500,C100FFFFA500B600BDFFA500B600BDFF
C:/Users/MadCat/Documents/GitHub/MechwarriorRecomp/research/extract/decoded_pck/RIFPCK_TBL.decoded.bin,pck_object_0039_part_002_choice_000_frame_045,pck_object_0039,pck_object_0039_part_002,pck_object_0039_part_002_choice_000,2,0,45,0x004964,182,0,0x004966,B600BDFFA500B600,BDFFA500B600BDFFD200C100FFFFD200
C:/Users/MadCat/Documents/GitHub/MechwarriorRecomp/research/extract/decoded_pck/RIFPCK_TBL.decoded.bin,pck_object_0039_part_002_choice_000_frame_046,pck_object_0039,pck_object_0039_part_002,pck_object_0039_part_002_choice_000,2,0,46,0x00496C,189,255,0x00496E,BDFFD200C100FFFF,D200C100FFFFD2007101DE0700008A00
C:/Users/MadCat/Documents/GitHub/MechwarriorRecomp/research/extract/decoded_pck/RIFPCK_TBL.decoded.bin,pck_object_0039_part_002_choice_000_frame_047,pck_object_0039,pck_object_0039_part_002,pck_object_0039_part_002_choice_000,2,0,47,0x004974,210,0,0x004976,D2007101DE070000,7101DE0700008A000900E8008A000900
C:/Users/MadCat/Documents/GitHub/MechwarriorRecomp/research/extract/decoded_pck/RIFPCK_TBL.decoded.bin,pck_object_0039_part_002_choice_000_frame_048,pck_object_0039,pck_object_0039_part_002,pck_object_0039_part_002_choice_000,2,0,48,0x00497C,138,0,0x00497E,8A000900E8008A00,0900E8008A0009006100E10277FF7107
C:/Users/MadCat/Documents/GitHub/MechwarriorRecomp/research/extract/decoded_pck/RIFPCK_TBL.decoded.bin,pck_object_0039_part_002_choice_000_frame_049,pck_object_0039,pck_object_0039_part_002,pck_object_0039_part_002_choice_000,2,0,49,0x004984,9,0,0x004986,09006100E10277FF,6100E10277FF71077E00C7FFE80096FE
C:/Users/MadCat/Documents/GitHub/MechwarriorRecomp/research/extract/decoded_pck/RIFPCK_TBL.decoded.bin,pck_object_0039_part_002_choice_000_frame_050,pck_object_0039,pck_object_0039_part_002,pck_object_0039_part_002_choice_000,2,0,50,0x00498C,113,7,0x00498E,71077E00C7FFE800,7E00C7FFE80096FE21F800007E00C7FF
C:/Users/MadCat/Documents/GitHub/MechwarriorRecomp/research/extract/decoded_pck/RIFPCK_TBL.decoded.bin,pck_object_0039_part_002_choice_000_frame_051,pck_object_0039,pck_object_0039_part_002,pck_object_0039_part_002_choice_000,2,0,51,0x004994,150,254,0x004996,96FE21F800007E00,21F800007E00C7FF61000006E2FED5FA
C:/Users/MadCat/Documents/GitHub/MechwarriorRecomp/research/extract/decoded_pck/RIFPCK_TBL.decoded.bin,pck_object_0039_part_002_choice_000_frame_052,pck_object_0039,pck_object_0039_part_002,pck_object_0039_part_002_choice_000,2,0,52,0x00499C,199,255,0x00499E,C7FF61000006E2FE,61000006E2FED5FA43029501F401E007
C:/Users/MadCat/Documents/GitHub/MechwarriorRecomp/research/extract/decoded_pck/RIFPCK_TBL.decoded.bin,pck_object_0039_part_002_choice_000_frame_053,pck_object_0039,pck_object_0039_part_002,pck_object_0039_part_002_choice_000,2,0,53,0x0049A4,213,250,0x0049A6,D5FA43029501F401,43029501F401E0079AFE01008400E9FF
C:/Users/MadCat/Documents/GitHub/MechwarriorRecomp/research/extract/decoded_pck/RIFPCK_TBL.decoded.bin,pck_object_0039_part_002_choice_000_frame_054,pck_object_0039,pck_object_0039_part_002,pck_object_0039_part_002_choice_000,2,0,54,0x0049AC,224,7,0x0049AE,E0079AFE01008400,9AFE01008400E9FF86013701DA06F003
C:/Users/MadCat/Documents/GitHub/MechwarriorRecomp/research/extract/decoded_pck/RIFPCK_TBL.decoded.bin,pck_object_0039_part_002_choice_000_frame_055,pck_object_0039,pck_object_0039_part_002,pck_object_0039_part_002_choice_000,2,0,55,0x0049B4,233,255,0x0049B6,E9FF86013701DA06,86013701DA06F0032B00F9FF860120F8
C:/Users/MadCat/Documents/GitHub/MechwarriorRecomp/research/extract/decoded_pck/RIFPCK_TBL.decoded.bin,pck_object_0039_part_002_choice_000_frame_056,pck_object_0039,pck_object_0039_part_002,pck_object_0039_part_002_choice_000,2,0,56,0x0049BC,240,3,0x0049BE,F0032B00F9FF8601,2B00F9FF860120F86601FFFF43FFD6FB
C:/Users/MadCat/Documents/GitHub/MechwarriorRecomp/research/extract/decoded_pck/RIFPCK_TBL.decoded.bin,pck_object_0039_part_002_choice_000_frame_057,pck_object_0039,pck_object_0039_part_002,pck_object_0039_part_002_choice_000,2,0,57,0x0049C4,32,248,0x0049C6,20F86601FFFF43FF,6601FFFF43FFD6FBCA060800310018FC
C:/Users/MadCat/Documents/GitHub/MechwarriorRecomp/research/extract/decoded_pck/RIFPCK_TBL.decoded.bin,pck_object_0039_part_002_choice_000_frame_058,pck_object_0039,pck_object_0039_part_002,pck_object_0039_part_002_choice_000,2,0,58,0x0049CC,214,251,0x0049CE,D6FBCA0608003100,CA060800310018FCCCFFDBFFC4FF2400
C:/Users/MadCat/Documents/GitHub/MechwarriorRecomp/research/extract/decoded_pck/RIFPCK_TBL.decoded.bin,pck_object_0039_part_002_choice_000_frame_059,pck_object_0039,pck_object_0039_part_002,pck_object_0039_part_002_choice_000,2,0,59,0x0049D4,24,252,0x0049D6,18FCCCFFDBFFC4FF,CCFFDBFFC4FF2400CCFFC4FF33002400
C:/Users/MadCat/Documents/GitHub/MechwarriorRecomp/research/extract/decoded_pck/RIFPCK_TBL.decoded.bin,pck_object_0039_part_002_choice_000_frame_060,pck_object_0039,pck_object_0039_part_002,pck_object_0039_part_002_choice_000,2,0,60,0x0049DC,36,0,0x0049DE,2400CCFFC4FF3300,CCFFC4FF33002400C4FFDBFF3300C4FF
C:/Users/MadCat/Documents/GitHub/MechwarriorRecomp/research/extract/decoded_pck/RIFPCK_TBL.decoded.bin,pck_object_0039_part_002_choice_000_frame_061,pck_object_0039,pck_object_0039_part_002,pck_object_0039_part_002_choice_000,2,0,61,0x0049E4,36,0,0x0049E6,2400C4FFDBFF3300,C4FFDBFF3300C4FFCCFFDBFF3400DBFF
C:/Users/MadCat/Documents/GitHub/MechwarriorRecomp/research/extract/decoded_pck/RIFPCK_TBL.decoded.bin,pck_object_0039_part_002_choice_000_frame_062,pck_object_0039,pck_object_0039_part_002,pck_object_0039_part_002_choice_000,2,0,62,0x0049EC,196,255,0x0049EE,C4FFCCFFDBFF3400,CCFFDBFF3400DBFF330034006501E007
C:/Users/MadCat/Documents/GitHub/MechwarriorRecomp/research/extract/decoded_pck/RIFPCK_TBL.decoded.bin,pck_object_0039_part_002_choice_000_frame_063,pck_object_0039,pck_object_0039_part_002,pck_object_0039_part_002_choice_000,2,0,63,0x0049F4,219,255,0x0049F6,DBFF330034006501,330034006501E0070000330024003400
C:/Users/MadCat/Documents/GitHub/MechwarriorRecomp/research/extract/decoded_pck/RIFPCK_TBL.decoded.bin,pck_object_0039_part_002_choice_000_frame_064,pck_object_0039,pck_object_0039_part_002,pck_object_0039_part_002_choice_000,2,0,64,0x0049FC,224,7,0x0049FE,E007000033002400,0000330024003400E0079BFE00002400
C:/Users/MadCat/Documents/GitHub/MechwarriorRecomp/research/extract/decoded_pck/RIFPCK_TBL.decoded.bin,pck_object_0039_part_002_choice_000_frame_065,pck_object_0039,pck_object_0039_part_002,pck_object_0039_part_002_choice_000,2,0,65,0x004A04,52,0,0x004A06,3400E0079BFE0000,E0079BFE00002400CCFF34009BFE20F8
C:/Users/MadCat/Documents/GitHub/MechwarriorRecomp/research/extract/decoded_pck/RIFPCK_TBL.decoded.bin,pck_object_0039_part_002_choice_000_frame_066,pck_object_0039,pck_object_0039_part_002,pck_object_0039_part_002_choice_000,2,0,66,0x004A0C,36,0,0x004A0E,2400CCFF34009BFE,CCFF34009BFE20F80000DDFF3BFFD007
C:/Users/MadCat/Documents/GitHub/MechwarriorRecomp/research/extract/decoded_pck/RIFPCK_TBL.decoded.bin,pck_object_0039_part_002_choice_000_frame_067,pck_object_0039,pck_object_0039_part_002,pck_object_0039_part_002_choice_000,2,0,67,0x004A14,32,248,0x004A16,20F80000DDFF3BFF,0000DDFF3BFFD007390084FFA7019FFF
C:/Users/MadCat/Documents/GitHub/MechwarriorRecomp/research/extract/decoded_pck/RIFPCK_TBL.decoded.bin,pck_object_0039_part_002_choice_000_frame_068,pck_object_0039,pck_object_0039_part_002,pck_object_0039_part_002_choice_000,2,0,68,0x004A1C,208,7,0x004A1E,D007390084FFA701,390084FFA7019FFF9FFFA701A4FFC0FF
C:/Users/MadCat/Documents/GitHub/MechwarriorRecomp/research/extract/decoded_pck/RIFPCK_TBL.decoded.bin,pck_object_0039_part_002_choice_000_frame_069,pck_object_0039,pck_object_0039_part_002,pck_object_0039_part_002_choice_000,2,0,69,0x004A24,159,255,0x004A26,9FFF9FFFA701A4FF,9FFFA701A4FFC0FFBE013F00A4FFBE01
C:/Users/MadCat/Documents/GitHub/MechwarriorRecomp/research/extract/decoded_pck/RIFPCK_TBL.decoded.bin,pck_object_0039_part_002_choice_000_frame_070,pck_object_0039,pck_object_0039_part_002,pck_object_0039_part_002_choice_000,2,0,70,0x004A2C,192,255,0x004A2E,C0FFBE013F00A4FF,BE013F00A4FFBE01FBFFA5FF4D01FBFF
C:/Users/MadCat/Documents/GitHub/MechwarriorRecomp/research/extract/decoded_pck/RIFPCK_TBL.decoded.bin,pck_object_0039_part_002_choice_000_frame_071,pck_object_0039,pck_object_0039_part_002,pck_object_0039_part_002_choice_000,2,0,71,0x004A34,190,1,0x004A36,BE01FBFFA5FF4D01,FBFFA5FF4D01FBFFA5FFB301E5FFA9FF
C:/Users/MadCat/Documents/GitHub/MechwarriorRecomp/research/extract/decoded_pck/RIFPCK_TBL.decoded.bin,pck_object_0039_part_002_choice_000_frame_072,pck_object_0039,pck_object_0039_part_002,pck_object_0039_part_002_choice_000,2,0,72,0x004A3C,251,255,0x004A3E,FBFFA5FFB301E5FF,A5FFB301E5FFA9FFB301E5FFA9FF4D01
C:/Users/MadCat/Documents/GitHub/MechwarriorRecomp/research/extract/decoded_pck/RIFPCK_TBL.decoded.bin,pck_object_0039_part_002_choice_000_frame_073,pck_object_0039,pck_object_0039_part_002,pck_object_0039_part_002_choice_000,2,0,73,0x004A44,169,255,0x004A46,A9FFB301E5FFA9FF,B301E5FFA9FF4D010100620200000400
C:/Users/MadCat/Documents/GitHub/MechwarriorRecomp/research/extract/decoded_pck/RIFPCK_TBL.decoded.bin,pck_object_0039_part_002_choice_000_frame_074,pck_object_0039,pck_object_0039_part_002,pck_object_0039_part_002_choice_000,2,0,74,0x004A4C,77,1,0x004A4E,4D01010062020000,01006202000004006A02000E81010101
C:/Users/MadCat/Documents/GitHub/MechwarriorRecomp/research/extract/decoded_pck/RIFPCK_TBL.decoded.bin,pck_object_0039_part_002_choice_000_frame_075,pck_object_0039,pck_object_0039_part_002,pck_object_0039_part_002_choice_000,2,0,75,0x004A54,4,0,0x004A56,04006A02000E8101,6A02000E8101010101018A0281000000
C:/Users/MadCat/Documents/GitHub/MechwarriorRecomp/research/extract/decoded_pck/RIFPCK_TBL.decoded.bin,pck_object_0039_part_002_choice_000_frame_076,pck_object_0039,pck_object_0039_part_002,pck_object_0039_part_002_choice_000,2,0,76,0x004A5C,1,1,0x004A5E,010101018A028100,01018A02810000000006900281000000
C:/Users/MadCat/Documents/GitHub/MechwarriorRecomp/research/extract/decoded_pck/RIFPCK_TBL.decoded.bin,pck_object_0039_part_002_choice_000_frame_077,pck_object_0039,pck_object_0039_part_002,pck_object_0039_part_002_choice_000,2,0,77,0x004A64,0,0,0x004A66,0000000690028100,00069002810000000009960281000000
C:/Users/MadCat/Documents/GitHub/MechwarriorRecomp/research/extract/decoded_pck/RIFPCK_TBL.decoded.bin,pck_object_0039_part_002_choice_000_frame_078,pck_object_0039,pck_object_0039_part_002,pck_object_0039_part_002_choice_000,2,0,78,0x004A6C,0,0,0x004A6E,0000000996028100,0009960281000000000E9C0202020304
C:/Users/MadCat/Documents/GitHub/MechwarriorRecomp/research/extract/decoded_pck/RIFPCK_TBL.decoded.bin,pck_object_0039_part_002_choice_000_frame_079,pck_object_0039,pck_object_0039_part_002,pck_object_0039_part_002_choice_000,2,0,79,0x004A74,0,0,0x004A76,0000000E9C020202,000E9C020202030405FF0505040708FF
C:/Users/MadCat/Documents/GitHub/MechwarriorRecomp/research/extract/decoded_pck/RIFPCK_TBL.decoded.bin,pck_object_0039_part_002_choice_000_frame_080,pck_object_0039,pck_object_0039_part_002,pck_object_0039_part_002_choice_000,2,0,80,0x004A7C,3,4,0x004A7E,030405FF05050407,05FF0505040708FF0A0A0B0C0DFF0F0F
C:/Users/MadCat/Documents/GitHub/MechwarriorRecomp/research/extract/decoded_pck/RIFPCK_TBL.decoded.bin,pck_object_0039_part_002_choice_000_frame_081,pck_object_0039,pck_object_0039_part_002,pck_object_0039_part_002_choice_000,2,0,81,0x004A84,8,255,0x004A86,08FF0A0A0B0C0DFF,0A0A0B0C0DFF0F0F100302FF0100A602
C:/Users/MadCat/Documents/GitHub/MechwarriorRecomp/research/extract/decoded_pck/RIFPCK_TBL.decoded.bin,pck_object_0039_part_002_choice_000_frame_082,pck_object_0039,pck_object_0039_part_002,pck_object_0039_part_002_choice_000,2,0,82,0x004A8C,15,15,0x004A8E,0F0F100302FF0100,100302FF0100A60200000200AE020100
C:/Users/MadCat/Documents/GitHub/MechwarriorRecomp/research/extract/decoded_pck/RIFPCK_TBL.decoded.bin,pck_object_0039_part_002_choice_000_frame_083,pck_object_0039,pck_object_0039_part_002,pck_object_0039_part_002_choice_000,2,0,83,0x004A94,166,2,0x004A96,A60200000200AE02,00000200AE020100810707070712BE02
C:/Users/MadCat/Documents/GitHub/MechwarriorRecomp/research/extract/decoded_pck/RIFPCK_TBL.decoded.bin,pck_object_0039_part_002_choice_000_frame_084,pck_object_0039,pck_object_0039_part_002,pck_object_0039_part_002_choice_000,2,0,84,0x004A9C,1,0,0x004A9E,0100810707070712,810707070712BE02810000000013C402
C:/Users/MadCat/Documents/GitHub/MechwarriorRecomp/research/extract/decoded_pck/RIFPCK_TBL.decoded.bin,pck_object_0039_part_002_choice_000_frame_085,pck_object_0039,pck_object_0039_part_002,pck_object_0039_part_002_choice_000,2,0,85,0x004AA4,190,2,0x004AA6,BE02810000000013,810000000013C4020F0F080710FF1010
C:/Users/MadCat/Documents/GitHub/MechwarriorRecomp/research/extract/decoded_pck/RIFPCK_TBL.decoded.bin,pck_object_0039_part_002_choice_000_frame_086,pck_object_0039,pck_object_0039_part_002,pck_object_0039_part_002_choice_000,2,0,86,0x004AAC,196,2,0x004AAE,C4020F0F080710FF,0F0F080710FF1010141503FF0100CE02
C:/Users/MadCat/Documents/GitHub/MechwarriorRecomp/research/extract/decoded_pck/RIFPCK_TBL.decoded.bin,pck_object_0039_part_002_choice_000_frame_087,pck_object_0039,pck_object_0039_part_002,pck_object_0039_part_002_choice_000,2,0,87,0x004AB4,16,16,0x004AB6,1010141503FF0100,141503FF0100CE0200000400D602011C
C:/Users/MadCat/Documents/GitHub/MechwarriorRecomp/research/extract/decoded_pck/RIFPCK_TBL.decoded.bin,pck_object_0039_part_002_choice_000_frame_088,pck_object_0039,pck_object_0039_part_002,pck_object_0039_part_002_choice_000,2,0,88,0x004ABC,206,2,0x004ABE,CE0200000400D602,00000400D602011C810000000017F602
C:/Users/MadCat/Documents/GitHub/MechwarriorRecomp/research/extract/decoded_pck/RIFPCK_TBL.decoded.bin,pck_object_0039_part_002_choice_000_frame_089,pck_object_0039,pck_object_0039_part_002,pck_object_0039_part_002_choice_000,2,0,89,0x004AC4,1,28,0x004AC6,011C810000000017,810000000017F602810909090919FB02
C:/Users/MadCat/Documents/GitHub/MechwarriorRecomp/research/extract/decoded_pck/RIFPCK_TBL.decoded.bin,pck_object_0039_part_002_choice_000_frame_090,pck_object_0039,pck_object_0039_part_002,pck_object_0039_part_002_choice_000,2,0,90,0x004ACC,246,2,0x004ACE,F602810909090919,810909090919FB0281080808081B0103
C:/Users/MadCat/Documents/GitHub/MechwarriorRecomp/research/extract/decoded_pck/RIFPCK_TBL.decoded.bin,pck_object_0039_part_002_choice_000_frame_091,pck_object_0039,pck_object_0039_part_002,pck_object_0039_part_002_choice_000,2,0,91,0x004AD4,251,2,0x004AD6,FB0281080808081B,81080808081B010381010101011C0603
C:/Users/MadCat/Documents/GitHub/MechwarriorRecomp/research/extract/decoded_pck/RIFPCK_TBL.decoded.bin,pck_object_0039_part_002_choice_000_frame_092,pck_object_0039,pck_object_0039_part_002,pck_object_0039_part_002_choice_000,2,0,92,0x004ADC,1,3,0x004ADE,010381010101011C,81010101011C06030202180FFF0C0C1A
C:/Users/MadCat/Documents/GitHub/MechwarriorRecomp/research/extract/decoded_pck/RIFPCK_TBL.decoded.bin,pck_object_0039_part_002_choice_000_frame_093,pck_object_0039,pck_object_0039_part_002,pck_object_0039_part_002_choice_000,2,0,93,0x004AE4,6,3,0x004AE6,06030202180FFF0C,0202180FFF0C0C1A1802FF0B0B1A0CFF
C:/Users/MadCat/Documents/GitHub/MechwarriorRecomp/research/extract/decoded_pck/RIFPCK_TBL.decoded.bin,pck_object_0039_part_002_choice_000_frame_094,pck_object_0039,pck_object_0039_part_002,pck_object_0039_part_002_choice_000,2,0,94,0x004AEC,12,26,0x004AEE,0C1A1802FF0B0B1A,1802FF0B0B1A0CFF1A1A0B0F18FF0100
C:/Users/MadCat/Documents/GitHub/MechwarriorRecomp/research/extract/decoded_pck/RIFPCK_TBL.decoded.bin,pck_object_0039_part_002_choice_000_frame_095,pck_object_0039,pck_object_0039_part_002,pck_object_0039_part_002_choice_000,2,0,95,0x004AF4,12,255,0x004AF6,0CFF1A1A0B0F18FF,1A1A0B0F18FF01001003000005001803
C:/Users/MadCat/Documents/GitHub/MechwarriorRecomp/research/extract/decoded_pck/RIFPCK_TBL.decoded.bin,pck_object_0039_part_002_choice_000_frame_096,pck_object_0039,pck_object_0039_part_002,pck_object_0039_part_002_choice_000,2,0,96,0x004AFC,1,0,0x004AFE,0100100300000500,1003000005001803082981000000001E
C:/Users/MadCat/Documents/GitHub/MechwarriorRecomp/research/extract/decoded_pck/RIFPCK_TBL.decoded.bin,pck_object_0039_part_002_choice_000_frame_097,pck_object_0039,pck_object_0039_part_002,pck_object_0039_part_002_choice_000,2,0,97,0x004B04,24,3,0x004B06,1803082981000000,082981000000001E4003810808080824
C:/Users/MadCat/Documents/GitHub/MechwarriorRecomp/research/extract/decoded_pck/RIFPCK_TBL.decoded.bin,pck_object_0039_part_002_choice_000_frame_098,pck_object_0039,pck_object_0039_part_002,pck_object_0039_part_002_choice_000,2,0,98,0x004B0C,0,30,0x004B0E,001E400381080808,40038108080808244703810000000027
C:/Users/MadCat/Documents/GitHub/MechwarriorRecomp/research/extract/decoded_pck/RIFPCK_TBL.decoded.bin,pck_object_0039_part_002_choice_000_frame_099,pck_object_0039,pck_object_0039_part_002,pck_object_0039_part_002_choice_000,2,0,99,0x004B14,8,36,0x004B16,0824470381000000,47038100000000274D03810808080829
C:/Users/MadCat/Documents/GitHub/MechwarriorRecomp/research/extract/decoded_pck/RIFPCK_TBL.decoded.bin,pck_object_0039_part_002_choice_000_frame_100,pck_object_0039,pck_object_0039_part_002,pck_object_0039_part_002_choice_000,2,0,100,0x004B1C,0,39,0x004B1E,00274D0381080808,4D03810808080829530381000000002B
C:/Users/MadCat/Documents/GitHub/MechwarriorRecomp/research/extract/decoded_pck/RIFPCK_TBL.decoded.bin,pck_object_0039_part_002_choice_000_frame_101,pck_object_0039,pck_object_0039_part_002,pck_object_0039_part_002_choice_000,2,0,101,0x004B24,8,41,0x004B26,0829530381000000,530381000000002B59031F1F20212223
C:/Users/MadCat/Documents/GitHub/MechwarriorRecomp/research/extract/decoded_pck/RIFPCK_TBL.decoded.bin,pck_object_0039_part_002_choice_000_frame_102,pck_object_0039,pck_object_0039_part_002,pck_object_0039_part_002_choice_000,2,0,102,0x004B2C,0,43,0x004B2E,002B59031F1F2021,59031F1F20212223FF25251F2326FF28
C:/Users/MadCat/Documents/GitHub/MechwarriorRecomp/research/extract/decoded_pck/RIFPCK_TBL.decoded.bin,pck_object_0039_part_002_choice_000_frame_103,pck_object_0039,pck_object_0039_part_002,pck_object_0039_part_002_choice_000,2,0,103,0x004B34,34,35,0x004B36,2223FF25251F2326,FF25251F2326FF2828201F25FF2A2A21
C:/Users/MadCat/Documents/GitHub/MechwarriorRecomp/research/extract/decoded_pck/RIFPCK_TBL.decoded.bin,pck_object_0039_part_002_choice_000_frame_104,pck_object_0039,pck_object_0039_part_002,pck_object_0039_part_002_choice_000,2,0,104,0x004B3C,255,40,0x004B3E,FF2828201F25FF2A,28201F25FF2A2A212028FF262623212A
C:/Users/MadCat/Documents/GitHub/MechwarriorRecomp/research/extract/decoded_pck/RIFPCK_TBL.decoded.bin,pck_object_0039_part_002_choice_000_frame_105,pck_object_0039,pck_object_0039_part_002,pck_object_0039_part_002_choice_000,2,0,105,0x004B44,42,33,0x004B46,2A212028FF262623,2028FF262623212AFF01006303000005
C:/Users/MadCat/Documents/GitHub/MechwarriorRecomp/research/extract/decoded_pck/RIFPCK_TBL.decoded.bin,pck_object_0039_part_002_choice_000_frame_106,pck_object_0039,pck_object_0039_part_002,pck_object_0039_part_002_choice_000,2,0,106,0x004B4C,33,42,0x004B4E,212AFF0100630300,FF01006303000005006B030837810000
C:/Users/MadCat/Documents/GitHub/MechwarriorRecomp/research/extract/decoded_pck/RIFPCK_TBL.decoded.bin,pck_object_0039_part_002_choice_000_frame_107,pck_object_0039,pck_object_0039_part_002,pck_object_0039_part_002_choice_000,2,0,107,0x004B54,0,5,0x004B56,0005006B03083781,006B03083781000000002D9303810808
C:/Users/MadCat/Documents/GitHub/MechwarriorRecomp/research/extract/decoded_pck/RIFPCK_TBL.decoded.bin,pck_object_0039_part_002_choice_000_frame_108,pck_object_0039,pck_object_0039_part_002,pck_object_0039_part_002_choice_000,2,0,108,0x004B5C,0,0,0x004B5E,000000002D930381,00002D93038108080808329903810000
C:/Users/MadCat/Documents/GitHub/MechwarriorRecomp/research/extract/decoded_pck/RIFPCK_TBL.decoded.bin,pck_object_0039_part_002_choice_000_frame_109,pck_object_0039,pck_object_0039_part_002,pck_object_0039_part_002_choice_000,2,0,109,0x004B64,8,8,0x004B66,0808080832990381,08083299038100000000359F03810808
C:/Users/MadCat/Documents/GitHub/MechwarriorRecomp/research/extract/decoded_pck/RIFPCK_TBL.decoded.bin,pck_object_0039_part_002_choice_000_frame_110,pck_object_0039,pck_object_0039_part_002,pck_object_0039_part_002_choice_000,2,0,110,0x004B6C,0,0,0x004B6E,00000000359F0381,0000359F03810808080837A503810000
C:/Users/MadCat/Documents/GitHub/MechwarriorRecomp/research/extract/decoded_pck/RIFPCK_TBL.decoded.bin,pck_object_0039_part_002_choice_000_frame_111,pck_object_0039,pck_object_0039_part_002,pck_object_0039_part_002_choice_000,2,0,111,0x004B74,8,8,0x004B76,0808080837A50381,080837A503810000000039AB032E2E2F
C:/Users/MadCat/Documents/GitHub/MechwarriorRecomp/research/extract/decoded_pck/RIFPCK_TBL.decoded.bin,pck_object_0039_part_002_choice_000_frame_112,pck_object_0039,pck_object_0039_part_002,pck_object_0039_part_002_choice_000,2,0,112,0x004B7C,0,0,0x004B7E,0000000039AB032E,000039AB032E2E2F3031FF313133342E
C:/Users/MadCat/Documents/GitHub/MechwarriorRecomp/research/extract/decoded_pck/RIFPCK_TBL.decoded.bin,pck_object_0039_part_002_choice_000_frame_113,pck_object_0039,pck_object_0039_part_002,pck_object_0039_part_002_choice_000,2,0,113,0x004B84,46,47,0x004B86,2E2F3031FF313133,3031FF313133342EFF3030363331FF2F
C:/Users/MadCat/Documents/GitHub/MechwarriorRecomp/research/extract/decoded_pck/RIFPCK_TBL.decoded.bin,pck_object_0039_part_002_choice_000_frame_114,pck_object_0039,pck_object_0039_part_002,pck_object_0039_part_002_choice_000,2,0,114,0x004B8C,52,46,0x004B8E,342EFF3030363331,FF3030363331FF2F2F383630FF343438
C:/Users/MadCat/Documents/GitHub/MechwarriorRecomp/research/extract/decoded_pck/RIFPCK_TBL.decoded.bin,pck_object_0039_part_002_choice_000_frame_115,pck_object_0039,pck_object_0039_part_002,pck_object_0039_part_002_choice_000,2,0,115,0x004B94,255,47,0x004B96,FF2F2F383630FF34,2F383630FF3434382F2EFF0100B50300
C:/Users/MadCat/Documents/GitHub/MechwarriorRecomp/research/extract/decoded_pck/RIFPCK_TBL.decoded.bin,pck_object_0039_part_002_choice_000_frame_116,pck_object_0039,pck_object_0039_part_002,pck_object_0039_part_002_choice_000,2,0,116,0x004B9C,52,56,0x004B9E,34382F2EFF0100B5,2F2EFF0100B50300000400BD03011C81
C:/Users/MadCat/Documents/GitHub/MechwarriorRecomp/research/extract/decoded_pck/RIFPCK_TBL.decoded.bin,pck_object_0039_part_002_choice_000_frame_117,pck_object_0039,pck_object_0039_part_002,pck_object_0039_part_002_choice_000,2,0,117,0x004BA4,3,0,0x004BA6,0300000400BD0301,000400BD03011C81000000003BDD0381
C:/Users/MadCat/Documents/GitHub/MechwarriorRecomp/research/extract/decoded_pck/RIFPCK_TBL.decoded.bin,pck_object_0039_part_002_choice_000_frame_118,pck_object_0039,pck_object_0039_part_002,pck_object_0039_part_002_choice_000,2,0,118,0x004BAC,28,129,0x004BAE,1C81000000003BDD,000000003BDD0381090909093DE20381
C:/Users/MadCat/Documents/GitHub/MechwarriorRecomp/research/extract/decoded_pck/RIFPCK_TBL.decoded.bin,pck_object_0039_part_002_choice_000_frame_119,pck_object_0039,pck_object_0039_part_002,pck_object_0039_part_002_choice_000,2,0,119,0x004BB4,3,129,0x004BB6,0381090909093DE2,090909093DE20381080808083FE80381
C:/Users/MadCat/Documents/GitHub/MechwarriorRecomp/research/extract/decoded_pck/RIFPCK_TBL.decoded.bin,pck_object_0039_part_002_choice_000_frame_120,pck_object_0039,pck_object_0039_part_002,pck_object_0039_part_002_choice_000,2,0,120,0x004BBC,3,129,0x004BBE,0381080808083FE8,080808083FE803810101010140ED0308
C:/Users/MadCat/Documents/GitHub/MechwarriorRecomp/research/extract/decoded_pck/RIFPCK_TBL.decoded.bin,pck_object_0039_part_002_choice_000_frame_121,pck_object_0039,pck_object_0039_part_002,pck_object_0039_part_002_choice_000,2,0,121,0x004BC4,3,129,0x004BC6,03810101010140ED,0101010140ED0308083C05FF3C3C3E0D
C:/Users/MadCat/Documents/GitHub/MechwarriorRecomp/research/extract/decoded_pck/RIFPCK_TBL.decoded.bin,pck_object_0039_part_002_choice_000_frame_122,pck_object_0039,pck_object_0039_part_002,pck_object_0039_part_002_choice_000,2,0,122,0x004BCC,3,8,0x004BCE,0308083C05FF3C3C,083C05FF3C3C3E0D05FF0D0D3E0AFF0A
C:/Users/MadCat/Documents/GitHub/MechwarriorRecomp/research/extract/decoded_pck/RIFPCK_TBL.decoded.bin,pck_object_0039_part_002_choice_000_frame_123,pck_object_0039,pck_object_0039_part_002,pck_object_0039_part_002_choice_000,2,0,123,0x004BD4,62,13,0x004BD6,3E0D05FF0D0D3E0A,05FF0D0D3E0AFF0A0A3E3C08FF0100F7
C:/Users/MadCat/Documents/GitHub/MechwarriorRecomp/research/extract/decoded_pck/RIFPCK_TBL.decoded.bin,pck_object_0039_part_002_choice_000_frame_124,pck_object_0039,pck_object_0039_part_002,pck_object_0039_part_002_choice_000,2,0,124,0x004BDC,255,10,0x004BDE,FF0A0A3E3C08FF01,0A3E3C08FF0100F70300000500FF0300
C:/Users/MadCat/Documents/GitHub/MechwarriorRecomp/research/extract/decoded_pck/RIFPCK_TBL.decoded.bin,pck_object_0039_part_002_choice_000_frame_125,pck_object_0039,pck_object_0039_part_002,pck_object_0039_part_002_choice_000,2,0,125,0x004BE4,0,247,0x004BE6,00F70300000500FF,0300000500FF03001B81000000001327
C:/Users/MadCat/Documents/GitHub/MechwarriorRecomp/research/extract/decoded_pck/RIFPCK_TBL.decoded.bin,pck_object_0039_part_002_choice_000_frame_126,pck_object_0039,pck_object_0039_part_002,pck_object_0039_part_002_choice_000,2,0,126,0x004BEC,3,0,0x004BEE,03001B8100000000,1B810000000013270481000000000E2D
C:/Users/MadCat/Documents/GitHub/MechwarriorRecomp/research/extract/decoded_pck/RIFPCK_TBL.decoded.bin,pck_object_0039_part_002_choice_000_frame_127,pck_object_0039,pck_object_0039_part_002,pck_object_0039_part_002_choice_000,2,0,127,0x004BF4,19,39,0x004BF6,1327048100000000,0481000000000E2D0481010101014833
C:/Users/MadCat/Documents/GitHub/MechwarriorRecomp/research/extract/decoded_pck/RIFPCK_TBL.decoded.bin,pck_object_0039_part_002_choice_000_frame_128,pck_object_0039,pck_object_0039_part_002,pck_object_0039_part_002_choice_000,2,0,128,0x004BFC,14,45,0x004BFE,0E2D048101010101,04810101010148330481000000004A39
C:/Users/MadCat/Documents/GitHub/MechwarriorRecomp/research/extract/decoded_pck/RIFPCK_TBL.decoded.bin,pck_object_0039_part_003_choice_000_frame_000,pck_object_0039,pck_object_0039_part_003,pck_object_0039_part_003_choice_000,3,0,0,0x0047FC,128,0,0x0047FE,8000CB0100000000,CB0100000000000008001A0000565A00
C:/Users/MadCat/Documents/GitHub/MechwarriorRecomp/research/extract/decoded_pck/RIFPCK_TBL.decoded.bin,pck_object_0039_part_003_choice_000_frame_001,pck_object_0039,pck_object_0039_part_003,pck_object_0039_part_003_choice_000,3,0,1,0x004804,0,0,0x004806,000008001A000056,08001A0000565A0001005E0211565A00
C:/Users/MadCat/Documents/GitHub/MechwarriorRecomp/research/extract/decoded_pck/RIFPCK_TBL.decoded.bin,pck_object_0039_part_003_choice_000_frame_002,pck_object_0039,pck_object_0039_part_003,pck_object_0039_part_003_choice_000,3,0,2,0x00480C,90,0,0x00480E,5A0001005E021156,01005E0211565A000100A20216565A00
C:/Users/MadCat/Documents/GitHub/MechwarriorRecomp/research/extract/decoded_pck/RIFPCK_TBL.decoded.bin,pck_object_0039_part_003_choice_000_frame_003,pck_object_0039,pck_object_0039_part_003,pck_object_0039_part_003_choice_000,3,0,3,0x004814,90,0,0x004816,5A000100A2021656,0100A20216565A000100CA021D565A00
C:/Users/MadCat/Documents/GitHub/MechwarriorRecomp/research/extract/decoded_pck/RIFPCK_TBL.decoded.bin,pck_object_0039_part_003_choice_000_frame_004,pck_object_0039,pck_object_0039_part_003,pck_object_0039_part_003_choice_000,3,0,4,0x00481C,90,0,0x00481E,5A000100CA021D56,0100CA021D565A0001000C032C565A00
C:/Users/MadCat/Documents/GitHub/MechwarriorRecomp/research/extract/decoded_pck/RIFPCK_TBL.decoded.bin,pck_object_0039_part_003_choice_000_frame_005,pck_object_0039,pck_object_0039_part_003,pck_object_0039_part_003_choice_000,3,0,5,0x004824,90,0,0x004826,5A0001000C032C56,01000C032C565A0001005F033A565A00
C:/Users/MadCat/Documents/GitHub/MechwarriorRecomp/research/extract/decoded_pck/RIFPCK_TBL.decoded.bin,pck_object_0039_part_003_choice_000_frame_006,pck_object_0039,pck_object_0039_part_003,pck_object_0039_part_003_choice_000,3,0,6,0x00482C,90,0,0x00482E,5A0001005F033A56,01005F033A565A000100B10341565A00
C:/Users/MadCat/Documents/GitHub/MechwarriorRecomp/research/extract/decoded_pck/RIFPCK_TBL.decoded.bin,pck_object_0039_part_003_choice_000_frame_007,pck_object_0039,pck_object_0039_part_003,pck_object_0039_part_003_choice_000,3,0,7,0x004834,90,0,0x004836,5A000100B1034156,0100B10341565A000100F3034D565A00
C:/Users/MadCat/Documents/GitHub/MechwarriorRecomp/research/extract/decoded_pck/RIFPCK_TBL.decoded.bin,pck_object_0039_part_003_choice_000_frame_008,pck_object_0039,pck_object_0039_part_003,pck_object_0039_part_003_choice_000,3,0,8,0x00483C,90,0,0x00483E,5A000100F3034D56,0100F3034D565A000100450408003100
C:/Users/MadCat/Documents/GitHub/MechwarriorRecomp/research/extract/decoded_pck/RIFPCK_TBL.decoded.bin,pck_object_0039_part_003_choice_000_frame_009,pck_object_0039,pck_object_0039_part_003,pck_object_0039_part_003_choice_000,3,0,9,0x004844,90,0,0x004846,5A00010045040800,010045040800310064005A01A50714FE
C:/Users/MadCat/Documents/GitHub/MechwarriorRecomp/research/extract/decoded_pck/RIFPCK_TBL.decoded.bin,pck_object_0039_part_003_choice_000_frame_010,pck_object_0039,pck_object_0039_part_003,pck_object_0039_part_003_choice_000,3,0,10,0x00484C,49,0,0x00484E,310064005A01A507,64005A01A50714FE8AFF6F00E80082FF
C:/Users/MadCat/Documents/GitHub/MechwarriorRecomp/research/extract/decoded_pck/RIFPCK_TBL.decoded.bin,pck_object_0039_part_003_choice_000_frame_011,pck_object_0039,pck_object_0039_part_003,pck_object_0039_part_003_choice_000,3,0,11,0x004854,20,254,0x004856,14FE8AFF6F00E800,8AFF6F00E80082FF430034008C001400
C:/Users/MadCat/Documents/GitHub/MechwarriorRecomp/research/extract/decoded_pck/RIFPCK_TBL.decoded.bin,pck_object_0039_part_003_choice_000_frame_012,pck_object_0039,pck_object_0039_part_003,pck_object_0039_part_003_choice_000,3,0,12,0x00485C,130,255,0x00485E,82FF430034008C00,430034008C001400340094004000E800
C:/Users/MadCat/Documents/GitHub/MechwarriorRecomp/research/extract/decoded_pck/RIFPCK_TBL.decoded.bin,pck_object_0039_part_003_choice_000_frame_013,pck_object_0039,pck_object_0039_part_003,pck_object_0039_part_003_choice_000,3,0,13,0x004864,20,0,0x004866,1400340094004000,340094004000E800E0079BFEFFFF7C00
C:/Users/MadCat/Documents/GitHub/MechwarriorRecomp/research/extract/decoded_pck/RIFPCK_TBL.decoded.bin,pck_object_0039_part_003_choice_000_frame_014,pck_object_0039,pck_object_0039_part_003,pck_object_0039_part_003_choice_000,3,0,14,0x00486C,232,0,0x00486E,E800E0079BFEFFFF,E0079BFEFFFF7C00BCFF3400750090FF
C:/Users/MadCat/Documents/GitHub/MechwarriorRecomp/research/extract/decoded_pck/RIFPCK_TBL.decoded.bin,pck_object_0039_part_003_choice_000_frame_015,pck_object_0039,pck_object_0039_part_003,pck_object_0039_part_003_choice_000,3,0,15,0x004874,124,0,0x004876,7C00BCFF34007500,BCFF3400750090FF4D01AF00DF03F706
C:/Users/MadCat/Documents/GitHub/MechwarriorRecomp/research/extract/decoded_pck/RIFPCK_TBL.decoded.bin,pck_object_0039_part_003_choice_000_frame_016,pck_object_0039,pck_object_0039_part_003,pck_object_0039_part_003_choice_000,3,0,16,0x00487C,144,255,0x00487E,90FF4D01AF00DF03,4D01AF00DF03F7061C00A0FF4D01C4FF
C:/Users/MadCat/Documents/GitHub/MechwarriorRecomp/research/extract/decoded_pck/RIFPCK_TBL.decoded.bin,pck_object_0039_part_003_choice_000_frame_017,pck_object_0039,pck_object_0039_part_003,pck_object_0039_part_003_choice_000,3,0,17,0x004884,247,6,0x004886,F7061C00A0FF4D01,1C00A0FF4D01C4FFAFFF4D01E3FF5F00
C:/Users/MadCat/Documents/GitHub/MechwarriorRecomp/research/extract/decoded_pck/RIFPCK_TBL.decoded.bin,pck_object_0039_part_003_choice_000_frame_018,pck_object_0039,pck_object_0039_part_003,pck_object_0039_part_003_choice_000,3,0,18,0x00488C,196,255,0x00488E,C4FFAFFF4D01E3FF,AFFF4D01E3FF5F00E8003B004F00E800
C:/Users/MadCat/Documents/GitHub/MechwarriorRecomp/research/extract/decoded_pck/RIFPCK_TBL.decoded.bin,pck_object_0039_part_003_choice_000_frame_019,pck_object_0039,pck_object_0039_part_003,pck_object_0039_part_003_choice_000,3,0,19,0x004894,95,0,0x004896,5F00E8003B004F00,E8003B004F00E80020F8650100006BFF
C:/Users/MadCat/Documents/GitHub/MechwarriorRecomp/research/extract/decoded_pck/RIFPCK_TBL.decoded.bin,pck_object_0039_part_003_choice_000_frame_020,pck_object_0039,pck_object_0039_part_003,pck_object_0039_part_003_choice_000,3,0,20,0x00489C,232,0,0x00489E,E80020F865010000,20F8650100006BFFBFFF4D0173FFEBFF
C:/Users/MadCat/Documents/GitHub/MechwarriorRecomp/research/extract/decoded_pck/RIFPCK_TBL.decoded.bin,pck_object_0039_part_003_choice_000_frame_021,pck_object_0039,pck_object_0039_part_003,pck_object_0039_part_003_choice_000,3,0,21,0x0048A4,107,255,0x0048A6,6BFFBFFF4D0173FF,BFFF4D0173FFEBFF3400A8FF13FECEFF
C:/Users/MadCat/Documents/GitHub/MechwarriorRecomp/research/extract/decoded_pck/RIFPCK_TBL.decoded.bin,pck_object_0039_part_003_choice_000_frame_022,pck_object_0039,pck_object_0039_part_003,pck_object_0039_part_003_choice_000,3,0,22,0x0048AC,235,255,0x0048AE,EBFF3400A8FF13FE,3400A8FF13FECEFFA0FE39F8C0FE0000
C:/Users/MadCat/Documents/GitHub/MechwarriorRecomp/research/extract/decoded_pck/RIFPCK_TBL.decoded.bin,pck_object_0039_part_003_choice_000_frame_023,pck_object_0039,pck_object_0039_part_003,pck_object_0039_part_003_choice_000,3,0,23,0x0048B4,206,255,0x0048B6,CEFFA0FE39F8C0FE,A0FE39F8C0FE0000000000F87100BEFF
C:/Users/MadCat/Documents/GitHub/MechwarriorRecomp/research/extract/decoded_pck/RIFPCK_TBL.decoded.bin,pck_object_0039_part_003_choice_000_frame_024,pck_object_0039,pck_object_0039_part_003,pck_object_0039_part_003_choice_000,3,0,24,0x0048BC,0,0,0x0048BE,0000000000F87100,000000F87100BEFF3400810016003400
C:/Users/MadCat/Documents/GitHub/MechwarriorRecomp/research/extract/decoded_pck/RIFPCK_TBL.decoded.bin,pck_object_0039_part_003_choice_000_frame_025,pck_object_0039,pck_object_0039_part_003,pck_object_0039_part_003_choice_000,3,0,25,0x0048C4,190,255,0x0048C6,BEFF340081001600,34008100160034006AFE4302F40121F8
C:/Users/MadCat/Documents/GitHub/MechwarriorRecomp/research/extract/decoded_pck/RIFPCK_TBL.decoded.bin,pck_object_0039_part_003_choice_000_frame_026,pck_object_0039,pck_object_0039_part_003,pck_object_0039_part_003_choice_000,3,0,26,0x0048CC,52,0,0x0048CE,34006AFE4302F401,6AFE4302F40121F8680101007BFF1600
C:/Users/MadCat/Documents/GitHub/MechwarriorRecomp/research/extract/decoded_pck/RIFPCK_TBL.decoded.bin,pck_object_0039_part_003_choice_000_frame_027,pck_object_0039,pck_object_0039_part_003,pck_object_0039_part_003_choice_000,3,0,27,0x0048D4,33,248,0x0048D6,21F8680101007BFF,680101007BFF160086013601D506FA03
C:/Users/MadCat/Documents/GitHub/MechwarriorRecomp/research/extract/decoded_pck/RIFPCK_TBL.decoded.bin,pck_object_0039_part_003_choice_000_frame_028,pck_object_0039,pck_object_0039_part_003,pck_object_0039_part_003_choice_000,3,0,28,0x0048DC,22,0,0x0048DE,160086013601D506,86013601D506FA03D3FF06008601DF07
C:/Users/MadCat/Documents/GitHub/MechwarriorRecomp/research/extract/decoded_pck/RIFPCK_TBL.decoded.bin,pck_object_0039_part_003_choice_000_frame_029,pck_object_0039,pck_object_0039_part_003,pck_object_0039_part_003_choice_000,3,0,29,0x0048E4,250,3,0x0048E6,FA03D3FF06008601,D3FF06008601DF0798FEFFFF42FFCCFB
C:/Users/MadCat/Documents/GitHub/MechwarriorRecomp/research/extract/decoded_pck/RIFPCK_TBL.decoded.bin,pck_object_0039_part_003_choice_000_frame_030,pck_object_0039,pck_object_0039_part_003,pck_object_0039_part_003_choice_000,3,0,30,0x0048EC,223,7,0x0048EE,DF0798FEFFFF42FF,98FEFFFF42FFCCFBC40627FCAE000000
C:/Users/MadCat/Documents/GitHub/MechwarriorRecomp/research/extract/decoded_pck/RIFPCK_TBL.decoded.bin,pck_object_0039_part_003_choice_000_frame_031,pck_object_0039,pck_object_0039_part_003,pck_object_0039_part_003_choice_000,3,0,31,0x0048F4,204,251,0x0048F6,CCFBC40627FCAE00,C40627FCAE0000001DF85601000049FF
C:/Users/MadCat/Documents/GitHub/MechwarriorRecomp/research/extract/decoded_pck/RIFPCK_TBL.decoded.bin,pck_object_0039_part_003_choice_000_frame_032,pck_object_0039,pck_object_0039_part_003,pck_object_0039_part_003_choice_000,3,0,32,0x0048FC,0,0,0x0048FE,00001DF856010000,1DF85601000049FF4200D2003EFF0000
C:/Users/MadCat/Documents/GitHub/MechwarriorRecomp/research/extract/decoded_pck/RIFPCK_TBL.decoded.bin,pck_object_0039_part_003_choice_000_frame_033,pck_object_0039,pck_object_0039_part_003,pck_object_0039_part_003_choice_000,3,0,33,0x004904,73,255,0x004906,49FF4200D2003EFF,4200D2003EFF0000D2003EFF0000A500
C:/Users/MadCat/Documents/GitHub/MechwarriorRecomp/research/extract/decoded_pck/RIFPCK_TBL.decoded.bin,pck_object_0039_part_003_choice_000_frame_034,pck_object_0039,pck_object_0039_part_003,pck_object_0039_part_003_choice_000,3,0,34,0x00490C,0,0,0x00490E,0000D2003EFF0000,D2003EFF0000A50048FF3700A50049FF
C:/Users/MadCat/Documents/GitHub/MechwarriorRecomp/research/extract/decoded_pck/RIFPCK_TBL.decoded.bin,pck_object_0039_part_003_choice_000_frame_035,pck_object_0039,pck_object_0039_part_003,pck_object_0039_part_003_choice_000,3,0,35,0x004914,165,0,0x004916,A50048FF3700A500,48FF3700A50049FF4200A5006A01DF07
C:/Users/MadCat/Documents/GitHub/MechwarriorRecomp/research/extract/decoded_pck/RIFPCK_TBL.decoded.bin,pck_object_0039_part_003_choice_000_frame_036,pck_object_0039,pck_object_0039_part_003,pck_object_0039_part_003_choice_000,3,0,36,0x00491C,73,255,0x00491E,49FF4200A5006A01,4200A5006A01DF07000081FF3800E800
C:/Users/MadCat/Documents/GitHub/MechwarriorRecomp/research/extract/decoded_pck/RIFPCK_TBL.decoded.bin,pck_object_0039_part_003_choice_000_frame_037,pck_object_0039,pck_object_0039_part_003,pck_object_0039_part_003_choice_000,3,0,37,0x004924,223,7,0x004926,DF07000081FF3800,000081FF3800E80081FF3800610010FD
C:/Users/MadCat/Documents/GitHub/MechwarriorRecomp/research/extract/decoded_pck/RIFPCK_TBL.decoded.bin,pck_object_0039_part_003_choice_000_frame_038,pck_object_0039,pck_object_0039_part_003,pck_object_0039_part_003_choice_000,3,0,38,0x00492C,232,0,0x00492E,E80081FF38006100,81FF3800610010FD7F006C0775FFF6FF
C:/Users/MadCat/Documents/GitHub/MechwarriorRecomp/research/extract/decoded_pck/RIFPCK_TBL.decoded.bin,pck_object_0039_part_003_choice_000_frame_039,pck_object_0039,pck_object_0039_part_003,pck_object_0039_part_003_choice_000,3,0,39,0x004934,16,253,0x004936,10FD7F006C0775FF,7F006C0775FFF6FFE8008FFE22F80000
C:/Users/MadCat/Documents/GitHub/MechwarriorRecomp/research/extract/decoded_pck/RIFPCK_TBL.decoded.bin,pck_object_0039_part_003_choice_000_frame_040,pck_object_0039,pck_object_0039_part_003,pck_object_0039_part_003_choice_000,3,0,40,0x00493C,246,255,0x00493E,F6FFE8008FFE22F8,E8008FFE22F8000075FFF6FF6100FBF9
C:/Users/MadCat/Documents/GitHub/MechwarriorRecomp/research/extract/decoded_pck/RIFPCK_TBL.decoded.bin,pck_object_0039_part_003_choice_000_frame_041,pck_object_0039,pck_object_0039_part_003,pck_object_0039_part_003_choice_000,3,0,41,0x004944,0,0,0x004946,000075FFF6FF6100,75FFF6FF6100FBF90501D5FAD80351FF
C:/Users/MadCat/Documents/GitHub/MechwarriorRecomp/research/extract/decoded_pck/RIFPCK_TBL.decoded.bin,pck_object_0039_part_003_choice_000_frame_042,pck_object_0039,pck_object_0039_part_003,pck_object_0039_part_003_choice_000,3,0,42,0x00494C,251,249,0x00494E,FBF90501D5FAD803,0501D5FAD80351FF0000E307AAFE0000
C:/Users/MadCat/Documents/GitHub/MechwarriorRecomp/research/extract/decoded_pck/RIFPCK_TBL.decoded.bin,pck_object_0039_part_003_choice_000_frame_043,pck_object_0039,pck_object_0039_part_003,pck_object_0039_part_003_choice_000,3,0,43,0x004954,81,255,0x004956,51FF0000E307AAFE,0000E307AAFE0000C100FFFFA500B600
C:/Users/MadCat/Documents/GitHub/MechwarriorRecomp/research/extract/decoded_pck/RIFPCK_TBL.decoded.bin,pck_object_0039_part_003_choice_000_frame_044,pck_object_0039,pck_object_0039_part_003,pck_object_0039_part_003_choice_000,3,0,44,0x00495C,0,0,0x00495E,0000C100FFFFA500,C100FFFFA500B600BDFFA500B600BDFF
C:/Users/MadCat/Documents/GitHub/MechwarriorRecomp/research/extract/decoded_pck/RIFPCK_TBL.decoded.bin,pck_object_0039_part_003_choice_000_frame_045,pck_object_0039,pck_object_0039_part_003,pck_object_0039_part_003_choice_000,3,0,45,0x004964,182,0,0x004966,B600BDFFA500B600,BDFFA500B600BDFFD200C100FFFFD200
C:/Users/MadCat/Documents/GitHub/MechwarriorRecomp/research/extract/decoded_pck/RIFPCK_TBL.decoded.bin,pck_object_0039_part_003_choice_000_frame_046,pck_object_0039,pck_object_0039_part_003,pck_object_0039_part_003_choice_000,3,0,46,0x00496C,189,255,0x00496E,BDFFD200C100FFFF,D200C100FFFFD2007101DE0700008A00
C:/Users/MadCat/Documents/GitHub/MechwarriorRecomp/research/extract/decoded_pck/RIFPCK_TBL.decoded.bin,pck_object_0039_part_003_choice_000_frame_047,pck_object_0039,pck_object_0039_part_003,pck_object_0039_part_003_choice_000,3,0,47,0x004974,210,0,0x004976,D2007101DE070000,7101DE0700008A000900E8008A000900
C:/Users/MadCat/Documents/GitHub/MechwarriorRecomp/research/extract/decoded_pck/RIFPCK_TBL.decoded.bin,pck_object_0039_part_003_choice_000_frame_048,pck_object_0039,pck_object_0039_part_003,pck_object_0039_part_003_choice_000,3,0,48,0x00497C,138,0,0x00497E,8A000900E8008A00,0900E8008A0009006100E10277FF7107
C:/Users/MadCat/Documents/GitHub/MechwarriorRecomp/research/extract/decoded_pck/RIFPCK_TBL.decoded.bin,pck_object_0039_part_003_choice_000_frame_049,pck_object_0039,pck_object_0039_part_003,pck_object_0039_part_003_choice_000,3,0,49,0x004984,9,0,0x004986,09006100E10277FF,6100E10277FF71077E00C7FFE80096FE
C:/Users/MadCat/Documents/GitHub/MechwarriorRecomp/research/extract/decoded_pck/RIFPCK_TBL.decoded.bin,pck_object_0039_part_003_choice_000_frame_050,pck_object_0039,pck_object_0039_part_003,pck_object_0039_part_003_choice_000,3,0,50,0x00498C,113,7,0x00498E,71077E00C7FFE800,7E00C7FFE80096FE21F800007E00C7FF
C:/Users/MadCat/Documents/GitHub/MechwarriorRecomp/research/extract/decoded_pck/RIFPCK_TBL.decoded.bin,pck_object_0039_part_003_choice_000_frame_051,pck_object_0039,pck_object_0039_part_003,pck_object_0039_part_003_choice_000,3,0,51,0x004994,150,254,0x004996,96FE21F800007E00,21F800007E00C7FF61000006E2FED5FA
C:/Users/MadCat/Documents/GitHub/MechwarriorRecomp/research/extract/decoded_pck/RIFPCK_TBL.decoded.bin,pck_object_0039_part_003_choice_000_frame_052,pck_object_0039,pck_object_0039_part_003,pck_object_0039_part_003_choice_000,3,0,52,0x00499C,199,255,0x00499E,C7FF61000006E2FE,61000006E2FED5FA43029501F401E007
C:/Users/MadCat/Documents/GitHub/MechwarriorRecomp/research/extract/decoded_pck/RIFPCK_TBL.decoded.bin,pck_object_0039_part_003_choice_000_frame_053,pck_object_0039,pck_object_0039_part_003,pck_object_0039_part_003_choice_000,3,0,53,0x0049A4,213,250,0x0049A6,D5FA43029501F401,43029501F401E0079AFE01008400E9FF
C:/Users/MadCat/Documents/GitHub/MechwarriorRecomp/research/extract/decoded_pck/RIFPCK_TBL.decoded.bin,pck_object_0039_part_003_choice_000_frame_054,pck_object_0039,pck_object_0039_part_003,pck_object_0039_part_003_choice_000,3,0,54,0x0049AC,224,7,0x0049AE,E0079AFE01008400,9AFE01008400E9FF86013701DA06F003
C:/Users/MadCat/Documents/GitHub/MechwarriorRecomp/research/extract/decoded_pck/RIFPCK_TBL.decoded.bin,pck_object_0039_part_003_choice_000_frame_055,pck_object_0039,pck_object_0039_part_003,pck_object_0039_part_003_choice_000,3,0,55,0x0049B4,233,255,0x0049B6,E9FF86013701DA06,86013701DA06F0032B00F9FF860120F8
C:/Users/MadCat/Documents/GitHub/MechwarriorRecomp/research/extract/decoded_pck/RIFPCK_TBL.decoded.bin,pck_object_0039_part_003_choice_000_frame_056,pck_object_0039,pck_object_0039_part_003,pck_object_0039_part_003_choice_000,3,0,56,0x0049BC,240,3,0x0049BE,F0032B00F9FF8601,2B00F9FF860120F86601FFFF43FFD6FB
C:/Users/MadCat/Documents/GitHub/MechwarriorRecomp/research/extract/decoded_pck/RIFPCK_TBL.decoded.bin,pck_object_0039_part_003_choice_000_frame_057,pck_object_0039,pck_object_0039_part_003,pck_object_0039_part_003_choice_000,3,0,57,0x0049C4,32,248,0x0049C6,20F86601FFFF43FF,6601FFFF43FFD6FBCA060800310018FC
C:/Users/MadCat/Documents/GitHub/MechwarriorRecomp/research/extract/decoded_pck/RIFPCK_TBL.decoded.bin,pck_object_0039_part_003_choice_000_frame_058,pck_object_0039,pck_object_0039_part_003,pck_object_0039_part_003_choice_000,3,0,58,0x0049CC,214,251,0x0049CE,D6FBCA0608003100,CA060800310018FCCCFFDBFFC4FF2400
C:/Users/MadCat/Documents/GitHub/MechwarriorRecomp/research/extract/decoded_pck/RIFPCK_TBL.decoded.bin,pck_object_0039_part_003_choice_000_frame_059,pck_object_0039,pck_object_0039_part_003,pck_object_0039_part_003_choice_000,3,0,59,0x0049D4,24,252,0x0049D6,18FCCCFFDBFFC4FF,CCFFDBFFC4FF2400CCFFC4FF33002400
C:/Users/MadCat/Documents/GitHub/MechwarriorRecomp/research/extract/decoded_pck/RIFPCK_TBL.decoded.bin,pck_object_0039_part_003_choice_000_frame_060,pck_object_0039,pck_object_0039_part_003,pck_object_0039_part_003_choice_000,3,0,60,0x0049DC,36,0,0x0049DE,2400CCFFC4FF3300,CCFFC4FF33002400C4FFDBFF3300C4FF
C:/Users/MadCat/Documents/GitHub/MechwarriorRecomp/research/extract/decoded_pck/RIFPCK_TBL.decoded.bin,pck_object_0039_part_003_choice_000_frame_061,pck_object_0039,pck_object_0039_part_003,pck_object_0039_part_003_choice_000,3,0,61,0x0049E4,36,0,0x0049E6,2400C4FFDBFF3300,C4FFDBFF3300C4FFCCFFDBFF3400DBFF
C:/Users/MadCat/Documents/GitHub/MechwarriorRecomp/research/extract/decoded_pck/RIFPCK_TBL.decoded.bin,pck_object_0039_part_003_choice_000_frame_062,pck_object_0039,pck_object_0039_part_003,pck_object_0039_part_003_choice_000,3,0,62,0x0049EC,196,255,0x0049EE,C4FFCCFFDBFF3400,CCFFDBFF3400DBFF330034006501E007
C:/Users/MadCat/Documents/GitHub/MechwarriorRecomp/research/extract/decoded_pck/RIFPCK_TBL.decoded.bin,pck_object_0039_part_003_choice_000_frame_063,pck_object_0039,pck_object_0039_part_003,pck_object_0039_part_003_choice_000,3,0,63,0x0049F4,219,255,0x0049F6,DBFF330034006501,330034006501E0070000330024003400
C:/Users/MadCat/Documents/GitHub/MechwarriorRecomp/research/extract/decoded_pck/RIFPCK_TBL.decoded.bin,pck_object_0039_part_003_choice_000_frame_064,pck_object_0039,pck_object_0039_part_003,pck_object_0039_part_003_choice_000,3,0,64,0x0049FC,224,7,0x0049FE,E007000033002400,0000330024003400E0079BFE00002400
C:/Users/MadCat/Documents/GitHub/MechwarriorRecomp/research/extract/decoded_pck/RIFPCK_TBL.decoded.bin,pck_object_0039_part_003_choice_000_frame_065,pck_object_0039,pck_object_0039_part_003,pck_object_0039_part_003_choice_000,3,0,65,0x004A04,52,0,0x004A06,3400E0079BFE0000,E0079BFE00002400CCFF34009BFE20F8
C:/Users/MadCat/Documents/GitHub/MechwarriorRecomp/research/extract/decoded_pck/RIFPCK_TBL.decoded.bin,pck_object_0039_part_003_choice_000_frame_066,pck_object_0039,pck_object_0039_part_003,pck_object_0039_part_003_choice_000,3,0,66,0x004A0C,36,0,0x004A0E,2400CCFF34009BFE,CCFF34009BFE20F80000DDFF3BFFD007
C:/Users/MadCat/Documents/GitHub/MechwarriorRecomp/research/extract/decoded_pck/RIFPCK_TBL.decoded.bin,pck_object_0039_part_003_choice_000_frame_067,pck_object_0039,pck_object_0039_part_003,pck_object_0039_part_003_choice_000,3,0,67,0x004A14,32,248,0x004A16,20F80000DDFF3BFF,0000DDFF3BFFD007390084FFA7019FFF
C:/Users/MadCat/Documents/GitHub/MechwarriorRecomp/research/extract/decoded_pck/RIFPCK_TBL.decoded.bin,pck_object_0039_part_003_choice_000_frame_068,pck_object_0039,pck_object_0039_part_003,pck_object_0039_part_003_choice_000,3,0,68,0x004A1C,208,7,0x004A1E,D007390084FFA701,390084FFA7019FFF9FFFA701A4FFC0FF
C:/Users/MadCat/Documents/GitHub/MechwarriorRecomp/research/extract/decoded_pck/RIFPCK_TBL.decoded.bin,pck_object_0039_part_003_choice_000_frame_069,pck_object_0039,pck_object_0039_part_003,pck_object_0039_part_003_choice_000,3,0,69,0x004A24,159,255,0x004A26,9FFF9FFFA701A4FF,9FFFA701A4FFC0FFBE013F00A4FFBE01
C:/Users/MadCat/Documents/GitHub/MechwarriorRecomp/research/extract/decoded_pck/RIFPCK_TBL.decoded.bin,pck_object_0039_part_003_choice_000_frame_070,pck_object_0039,pck_object_0039_part_003,pck_object_0039_part_003_choice_000,3,0,70,0x004A2C,192,255,0x004A2E,C0FFBE013F00A4FF,BE013F00A4FFBE01FBFFA5FF4D01FBFF
C:/Users/MadCat/Documents/GitHub/MechwarriorRecomp/research/extract/decoded_pck/RIFPCK_TBL.decoded.bin,pck_object_0039_part_003_choice_000_frame_071,pck_object_0039,pck_object_0039_part_003,pck_object_0039_part_003_choice_000,3,0,71,0x004A34,190,1,0x004A36,BE01FBFFA5FF4D01,FBFFA5FF4D01FBFFA5FFB301E5FFA9FF
C:/Users/MadCat/Documents/GitHub/MechwarriorRecomp/research/extract/decoded_pck/RIFPCK_TBL.decoded.bin,pck_object_0039_part_003_choice_000_frame_072,pck_object_0039,pck_object_0039_part_003,pck_object_0039_part_003_choice_000,3,0,72,0x004A3C,251,255,0x004A3E,FBFFA5FFB301E5FF,A5FFB301E5FFA9FFB301E5FFA9FF4D01
C:/Users/MadCat/Documents/GitHub/MechwarriorRecomp/research/extract/decoded_pck/RIFPCK_TBL.decoded.bin,pck_object_0039_part_003_choice_000_frame_073,pck_object_0039,pck_object_0039_part_003,pck_object_0039_part_003_choice_000,3,0,73,0x004A44,169,255,0x004A46,A9FFB301E5FFA9FF,B301E5FFA9FF4D010100620200000400
C:/Users/MadCat/Documents/GitHub/MechwarriorRecomp/research/extract/decoded_pck/RIFPCK_TBL.decoded.bin,pck_object_0039_part_003_choice_000_frame_074,pck_object_0039,pck_object_0039_part_003,pck_object_0039_part_003_choice_000,3,0,74,0x004A4C,77,1,0x004A4E,4D01010062020000,01006202000004006A02000E81010101
C:/Users/MadCat/Documents/GitHub/MechwarriorRecomp/research/extract/decoded_pck/RIFPCK_TBL.decoded.bin,pck_object_0039_part_003_choice_000_frame_075,pck_object_0039,pck_object_0039_part_003,pck_object_0039_part_003_choice_000,3,0,75,0x004A54,4,0,0x004A56,04006A02000E8101,6A02000E8101010101018A0281000000
C:/Users/MadCat/Documents/GitHub/MechwarriorRecomp/research/extract/decoded_pck/RIFPCK_TBL.decoded.bin,pck_object_0039_part_003_choice_000_frame_076,pck_object_0039,pck_object_0039_part_003,pck_object_0039_part_003_choice_000,3,0,76,0x004A5C,1,1,0x004A5E,010101018A028100,01018A02810000000006900281000000
C:/Users/MadCat/Documents/GitHub/MechwarriorRecomp/research/extract/decoded_pck/RIFPCK_TBL.decoded.bin,pck_object_0039_part_003_choice_000_frame_077,pck_object_0039,pck_object_0039_part_003,pck_object_0039_part_003_choice_000,3,0,77,0x004A64,0,0,0x004A66,0000000690028100,00069002810000000009960281000000
C:/Users/MadCat/Documents/GitHub/MechwarriorRecomp/research/extract/decoded_pck/RIFPCK_TBL.decoded.bin,pck_object_0039_part_003_choice_000_frame_078,pck_object_0039,pck_object_0039_part_003,pck_object_0039_part_003_choice_000,3,0,78,0x004A6C,0,0,0x004A6E,0000000996028100,0009960281000000000E9C0202020304
C:/Users/MadCat/Documents/GitHub/MechwarriorRecomp/research/extract/decoded_pck/RIFPCK_TBL.decoded.bin,pck_object_0039_part_003_choice_000_frame_079,pck_object_0039,pck_object_0039_part_003,pck_object_0039_part_003_choice_000,3,0,79,0x004A74,0,0,0x004A76,0000000E9C020202,000E9C020202030405FF0505040708FF
C:/Users/MadCat/Documents/GitHub/MechwarriorRecomp/research/extract/decoded_pck/RIFPCK_TBL.decoded.bin,pck_object_0039_part_003_choice_000_frame_080,pck_object_0039,pck_object_0039_part_003,pck_object_0039_part_003_choice_000,3,0,80,0x004A7C,3,4,0x004A7E,030405FF05050407,05FF0505040708FF0A0A0B0C0DFF0F0F
C:/Users/MadCat/Documents/GitHub/MechwarriorRecomp/research/extract/decoded_pck/RIFPCK_TBL.decoded.bin,pck_object_0039_part_003_choice_000_frame_081,pck_object_0039,pck_object_0039_part_003,pck_object_0039_part_003_choice_000,3,0,81,0x004A84,8,255,0x004A86,08FF0A0A0B0C0DFF,0A0A0B0C0DFF0F0F100302FF0100A602
C:/Users/MadCat/Documents/GitHub/MechwarriorRecomp/research/extract/decoded_pck/RIFPCK_TBL.decoded.bin,pck_object_0039_part_003_choice_000_frame_082,pck_object_0039,pck_object_0039_part_003,pck_object_0039_part_003_choice_000,3,0,82,0x004A8C,15,15,0x004A8E,0F0F100302FF0100,100302FF0100A60200000200AE020100
C:/Users/MadCat/Documents/GitHub/MechwarriorRecomp/research/extract/decoded_pck/RIFPCK_TBL.decoded.bin,pck_object_0039_part_003_choice_000_frame_083,pck_object_0039,pck_object_0039_part_003,pck_object_0039_part_003_choice_000,3,0,83,0x004A94,166,2,0x004A96,A60200000200AE02,00000200AE020100810707070712BE02
C:/Users/MadCat/Documents/GitHub/MechwarriorRecomp/research/extract/decoded_pck/RIFPCK_TBL.decoded.bin,pck_object_0039_part_003_choice_000_frame_084,pck_object_0039,pck_object_0039_part_003,pck_object_0039_part_003_choice_000,3,0,84,0x004A9C,1,0,0x004A9E,0100810707070712,810707070712BE02810000000013C402
C:/Users/MadCat/Documents/GitHub/MechwarriorRecomp/research/extract/decoded_pck/RIFPCK_TBL.decoded.bin,pck_object_0039_part_003_choice_000_frame_085,pck_object_0039,pck_object_0039_part_003,pck_object_0039_part_003_choice_000,3,0,85,0x004AA4,190,2,0x004AA6,BE02810000000013,810000000013C4020F0F080710FF1010
C:/Users/MadCat/Documents/GitHub/MechwarriorRecomp/research/extract/decoded_pck/RIFPCK_TBL.decoded.bin,pck_object_0039_part_003_choice_000_frame_086,pck_object_0039,pck_object_0039_part_003,pck_object_0039_part_003_choice_000,3,0,86,0x004AAC,196,2,0x004AAE,C4020F0F080710FF,0F0F080710FF1010141503FF0100CE02
C:/Users/MadCat/Documents/GitHub/MechwarriorRecomp/research/extract/decoded_pck/RIFPCK_TBL.decoded.bin,pck_object_0039_part_003_choice_000_frame_087,pck_object_0039,pck_object_0039_part_003,pck_object_0039_part_003_choice_000,3,0,87,0x004AB4,16,16,0x004AB6,1010141503FF0100,141503FF0100CE0200000400D602011C
C:/Users/MadCat/Documents/GitHub/MechwarriorRecomp/research/extract/decoded_pck/RIFPCK_TBL.decoded.bin,pck_object_0039_part_003_choice_000_frame_088,pck_object_0039,pck_object_0039_part_003,pck_object_0039_part_003_choice_000,3,0,88,0x004ABC,206,2,0x004ABE,CE0200000400D602,00000400D602011C810000000017F602
C:/Users/MadCat/Documents/GitHub/MechwarriorRecomp/research/extract/decoded_pck/RIFPCK_TBL.decoded.bin,pck_object_0039_part_003_choice_000_frame_089,pck_object_0039,pck_object_0039_part_003,pck_object_0039_part_003_choice_000,3,0,89,0x004AC4,1,28,0x004AC6,011C810000000017,810000000017F602810909090919FB02
C:/Users/MadCat/Documents/GitHub/MechwarriorRecomp/research/extract/decoded_pck/RIFPCK_TBL.decoded.bin,pck_object_0039_part_003_choice_000_frame_090,pck_object_0039,pck_object_0039_part_003,pck_object_0039_part_003_choice_000,3,0,90,0x004ACC,246,2,0x004ACE,F602810909090919,810909090919FB0281080808081B0103
C:/Users/MadCat/Documents/GitHub/MechwarriorRecomp/research/extract/decoded_pck/RIFPCK_TBL.decoded.bin,pck_object_0039_part_003_choice_000_frame_091,pck_object_0039,pck_object_0039_part_003,pck_object_0039_part_003_choice_000,3,0,91,0x004AD4,251,2,0x004AD6,FB0281080808081B,81080808081B010381010101011C0603
C:/Users/MadCat/Documents/GitHub/MechwarriorRecomp/research/extract/decoded_pck/RIFPCK_TBL.decoded.bin,pck_object_0039_part_003_choice_000_frame_092,pck_object_0039,pck_object_0039_part_003,pck_object_0039_part_003_choice_000,3,0,92,0x004ADC,1,3,0x004ADE,010381010101011C,81010101011C06030202180FFF0C0C1A
C:/Users/MadCat/Documents/GitHub/MechwarriorRecomp/research/extract/decoded_pck/RIFPCK_TBL.decoded.bin,pck_object_0039_part_003_choice_000_frame_093,pck_object_0039,pck_object_0039_part_003,pck_object_0039_part_003_choice_000,3,0,93,0x004AE4,6,3,0x004AE6,06030202180FFF0C,0202180FFF0C0C1A1802FF0B0B1A0CFF
C:/Users/MadCat/Documents/GitHub/MechwarriorRecomp/research/extract/decoded_pck/RIFPCK_TBL.decoded.bin,pck_object_0039_part_003_choice_000_frame_094,pck_object_0039,pck_object_0039_part_003,pck_object_0039_part_003_choice_000,3,0,94,0x004AEC,12,26,0x004AEE,0C1A1802FF0B0B1A,1802FF0B0B1A0CFF1A1A0B0F18FF0100
C:/Users/MadCat/Documents/GitHub/MechwarriorRecomp/research/extract/decoded_pck/RIFPCK_TBL.decoded.bin,pck_object_0039_part_003_choice_000_frame_095,pck_object_0039,pck_object_0039_part_003,pck_object_0039_part_003_choice_000,3,0,95,0x004AF4,12,255,0x004AF6,0CFF1A1A0B0F18FF,1A1A0B0F18FF01001003000005001803
C:/Users/MadCat/Documents/GitHub/MechwarriorRecomp/research/extract/decoded_pck/RIFPCK_TBL.decoded.bin,pck_object_0039_part_003_choice_000_frame_096,pck_object_0039,pck_object_0039_part_003,pck_object_0039_part_003_choice_000,3,0,96,0x004AFC,1,0,0x004AFE,0100100300000500,1003000005001803082981000000001E
C:/Users/MadCat/Documents/GitHub/MechwarriorRecomp/research/extract/decoded_pck/RIFPCK_TBL.decoded.bin,pck_object_0039_part_003_choice_000_frame_097,pck_object_0039,pck_object_0039_part_003,pck_object_0039_part_003_choice_000,3,0,97,0x004B04,24,3,0x004B06,1803082981000000,082981000000001E4003810808080824
C:/Users/MadCat/Documents/GitHub/MechwarriorRecomp/research/extract/decoded_pck/RIFPCK_TBL.decoded.bin,pck_object_0039_part_003_choice_000_frame_098,pck_object_0039,pck_object_0039_part_003,pck_object_0039_part_003_choice_000,3,0,98,0x004B0C,0,30,0x004B0E,001E400381080808,40038108080808244703810000000027
C:/Users/MadCat/Documents/GitHub/MechwarriorRecomp/research/extract/decoded_pck/RIFPCK_TBL.decoded.bin,pck_object_0039_part_003_choice_000_frame_099,pck_object_0039,pck_object_0039_part_003,pck_object_0039_part_003_choice_000,3,0,99,0x004B14,8,36,0x004B16,0824470381000000,47038100000000274D03810808080829
C:/Users/MadCat/Documents/GitHub/MechwarriorRecomp/research/extract/decoded_pck/RIFPCK_TBL.decoded.bin,pck_object_0039_part_003_choice_000_frame_100,pck_object_0039,pck_object_0039_part_003,pck_object_0039_part_003_choice_000,3,0,100,0x004B1C,0,39,0x004B1E,00274D0381080808,4D03810808080829530381000000002B
C:/Users/MadCat/Documents/GitHub/MechwarriorRecomp/research/extract/decoded_pck/RIFPCK_TBL.decoded.bin,pck_object_0039_part_003_choice_000_frame_101,pck_object_0039,pck_object_0039_part_003,pck_object_0039_part_003_choice_000,3,0,101,0x004B24,8,41,0x004B26,0829530381000000,530381000000002B59031F1F20212223
C:/Users/MadCat/Documents/GitHub/MechwarriorRecomp/research/extract/decoded_pck/RIFPCK_TBL.decoded.bin,pck_object_0039_part_003_choice_000_frame_102,pck_object_0039,pck_object_0039_part_003,pck_object_0039_part_003_choice_000,3,0,102,0x004B2C,0,43,0x004B2E,002B59031F1F2021,59031F1F20212223FF25251F2326FF28
C:/Users/MadCat/Documents/GitHub/MechwarriorRecomp/research/extract/decoded_pck/RIFPCK_TBL.decoded.bin,pck_object_0039_part_003_choice_000_frame_103,pck_object_0039,pck_object_0039_part_003,pck_object_0039_part_003_choice_000,3,0,103,0x004B34,34,35,0x004B36,2223FF25251F2326,FF25251F2326FF2828201F25FF2A2A21
C:/Users/MadCat/Documents/GitHub/MechwarriorRecomp/research/extract/decoded_pck/RIFPCK_TBL.decoded.bin,pck_object_0039_part_003_choice_000_frame_104,pck_object_0039,pck_object_0039_part_003,pck_object_0039_part_003_choice_000,3,0,104,0x004B3C,255,40,0x004B3E,FF2828201F25FF2A,28201F25FF2A2A212028FF262623212A
C:/Users/MadCat/Documents/GitHub/MechwarriorRecomp/research/extract/decoded_pck/RIFPCK_TBL.decoded.bin,pck_object_0039_part_003_choice_000_frame_105,pck_object_0039,pck_object_0039_part_003,pck_object_0039_part_003_choice_000,3,0,105,0x004B44,42,33,0x004B46,2A212028FF262623,2028FF262623212AFF01006303000005
C:/Users/MadCat/Documents/GitHub/MechwarriorRecomp/research/extract/decoded_pck/RIFPCK_TBL.decoded.bin,pck_object_0039_part_003_choice_000_frame_106,pck_object_0039,pck_object_0039_part_003,pck_object_0039_part_003_choice_000,3,0,106,0x004B4C,33,42,0x004B4E,212AFF0100630300,FF01006303000005006B030837810000
C:/Users/MadCat/Documents/GitHub/MechwarriorRecomp/research/extract/decoded_pck/RIFPCK_TBL.decoded.bin,pck_object_0039_part_003_choice_000_frame_107,pck_object_0039,pck_object_0039_part_003,pck_object_0039_part_003_choice_000,3,0,107,0x004B54,0,5,0x004B56,0005006B03083781,006B03083781000000002D9303810808
C:/Users/MadCat/Documents/GitHub/MechwarriorRecomp/research/extract/decoded_pck/RIFPCK_TBL.decoded.bin,pck_object_0039_part_003_choice_000_frame_108,pck_object_0039,pck_object_0039_part_003,pck_object_0039_part_003_choice_000,3,0,108,0x004B5C,0,0,0x004B5E,000000002D930381,00002D93038108080808329903810000
C:/Users/MadCat/Documents/GitHub/MechwarriorRecomp/research/extract/decoded_pck/RIFPCK_TBL.decoded.bin,pck_object_0039_part_003_choice_000_frame_109,pck_object_0039,pck_object_0039_part_003,pck_object_0039_part_003_choice_000,3,0,109,0x004B64,8,8,0x004B66,0808080832990381,08083299038100000000359F03810808
C:/Users/MadCat/Documents/GitHub/MechwarriorRecomp/research/extract/decoded_pck/RIFPCK_TBL.decoded.bin,pck_object_0039_part_003_choice_000_frame_110,pck_object_0039,pck_object_0039_part_003,pck_object_0039_part_003_choice_000,3,0,110,0x004B6C,0,0,0x004B6E,00000000359F0381,0000359F03810808080837A503810000
C:/Users/MadCat/Documents/GitHub/MechwarriorRecomp/research/extract/decoded_pck/RIFPCK_TBL.decoded.bin,pck_object_0039_part_003_choice_000_frame_111,pck_object_0039,pck_object_0039_part_003,pck_object_0039_part_003_choice_000,3,0,111,0x004B74,8,8,0x004B76,0808080837A50381,080837A503810000000039AB032E2E2F
C:/Users/MadCat/Documents/GitHub/MechwarriorRecomp/research/extract/decoded_pck/RIFPCK_TBL.decoded.bin,pck_object_0039_part_003_choice_000_frame_112,pck_object_0039,pck_object_0039_part_003,pck_object_0039_part_003_choice_000,3,0,112,0x004B7C,0,0,0x004B7E,0000000039AB032E,000039AB032E2E2F3031FF313133342E
C:/Users/MadCat/Documents/GitHub/MechwarriorRecomp/research/extract/decoded_pck/RIFPCK_TBL.decoded.bin,pck_object_0039_part_003_choice_000_frame_113,pck_object_0039,pck_object_0039_part_003,pck_object_0039_part_003_choice_000,3,0,113,0x004B84,46,47,0x004B86,2E2F3031FF313133,3031FF313133342EFF3030363331FF2F
C:/Users/MadCat/Documents/GitHub/MechwarriorRecomp/research/extract/decoded_pck/RIFPCK_TBL.decoded.bin,pck_object_0039_part_003_choice_000_frame_114,pck_object_0039,pck_object_0039_part_003,pck_object_0039_part_003_choice_000,3,0,114,0x004B8C,52,46,0x004B8E,342EFF3030363331,FF3030363331FF2F2F383630FF343438
C:/Users/MadCat/Documents/GitHub/MechwarriorRecomp/research/extract/decoded_pck/RIFPCK_TBL.decoded.bin,pck_object_0039_part_003_choice_000_frame_115,pck_object_0039,pck_object_0039_part_003,pck_object_0039_part_003_choice_000,3,0,115,0x004B94,255,47,0x004B96,FF2F2F383630FF34,2F383630FF3434382F2EFF0100B50300
C:/Users/MadCat/Documents/GitHub/MechwarriorRecomp/research/extract/decoded_pck/RIFPCK_TBL.decoded.bin,pck_object_0039_part_003_choice_000_frame_116,pck_object_0039,pck_object_0039_part_003,pck_object_0039_part_003_choice_000,3,0,116,0x004B9C,52,56,0x004B9E,34382F2EFF0100B5,2F2EFF0100B50300000400BD03011C81
C:/Users/MadCat/Documents/GitHub/MechwarriorRecomp/research/extract/decoded_pck/RIFPCK_TBL.decoded.bin,pck_object_0039_part_003_choice_000_frame_117,pck_object_0039,pck_object_0039_part_003,pck_object_0039_part_003_choice_000,3,0,117,0x004BA4,3,0,0x004BA6,0300000400BD0301,000400BD03011C81000000003BDD0381
C:/Users/MadCat/Documents/GitHub/MechwarriorRecomp/research/extract/decoded_pck/RIFPCK_TBL.decoded.bin,pck_object_0039_part_003_choice_000_frame_118,pck_object_0039,pck_object_0039_part_003,pck_object_0039_part_003_choice_000,3,0,118,0x004BAC,28,129,0x004BAE,1C81000000003BDD,000000003BDD0381090909093DE20381
C:/Users/MadCat/Documents/GitHub/MechwarriorRecomp/research/extract/decoded_pck/RIFPCK_TBL.decoded.bin,pck_object_0039_part_003_choice_000_frame_119,pck_object_0039,pck_object_0039_part_003,pck_object_0039_part_003_choice_000,3,0,119,0x004BB4,3,129,0x004BB6,0381090909093DE2,090909093DE20381080808083FE80381
C:/Users/MadCat/Documents/GitHub/MechwarriorRecomp/research/extract/decoded_pck/RIFPCK_TBL.decoded.bin,pck_object_0039_part_003_choice_000_frame_120,pck_object_0039,pck_object_0039_part_003,pck_object_0039_part_003_choice_000,3,0,120,0x004BBC,3,129,0x004BBE,0381080808083FE8,080808083FE803810101010140ED0308
C:/Users/MadCat/Documents/GitHub/MechwarriorRecomp/research/extract/decoded_pck/RIFPCK_TBL.decoded.bin,pck_object_0039_part_003_choice_000_frame_121,pck_object_0039,pck_object_0039_part_003,pck_object_0039_part_003_choice_000,3,0,121,0x004BC4,3,129,0x004BC6,03810101010140ED,0101010140ED0308083C05FF3C3C3E0D
C:/Users/MadCat/Documents/GitHub/MechwarriorRecomp/research/extract/decoded_pck/RIFPCK_TBL.decoded.bin,pck_object_0039_part_003_choice_000_frame_122,pck_object_0039,pck_object_0039_part_003,pck_object_0039_part_003_choice_000,3,0,122,0x004BCC,3,8,0x004BCE,0308083C05FF3C3C,083C05FF3C3C3E0D05FF0D0D3E0AFF0A
C:/Users/MadCat/Documents/GitHub/MechwarriorRecomp/research/extract/decoded_pck/RIFPCK_TBL.decoded.bin,pck_object_0039_part_003_choice_000_frame_123,pck_object_0039,pck_object_0039_part_003,pck_object_0039_part_003_choice_000,3,0,123,0x004BD4,62,13,0x004BD6,3E0D05FF0D0D3E0A,05FF0D0D3E0AFF0A0A3E3C08FF0100F7
C:/Users/MadCat/Documents/GitHub/MechwarriorRecomp/research/extract/decoded_pck/RIFPCK_TBL.decoded.bin,pck_object_0039_part_003_choice_000_frame_124,pck_object_0039,pck_object_0039_part_003,pck_object_0039_part_003_choice_000,3,0,124,0x004BDC,255,10,0x004BDE,FF0A0A3E3C08FF01,0A3E3C08FF0100F70300000500FF0300
C:/Users/MadCat/Documents/GitHub/MechwarriorRecomp/research/extract/decoded_pck/RIFPCK_TBL.decoded.bin,pck_object_0039_part_003_choice_000_frame_125,pck_object_0039,pck_object_0039_part_003,pck_object_0039_part_003_choice_000,3,0,125,0x004BE4,0,247,0x004BE6,00F70300000500FF,0300000500FF03001B81000000001327
C:/Users/MadCat/Documents/GitHub/MechwarriorRecomp/research/extract/decoded_pck/RIFPCK_TBL.decoded.bin,pck_object_0039_part_003_choice_000_frame_126,pck_object_0039,pck_object_0039_part_003,pck_object_0039_part_003_choice_000,3,0,126,0x004BEC,3,0,0x004BEE,03001B8100000000,1B810000000013270481000000000E2D
C:/Users/MadCat/Documents/GitHub/MechwarriorRecomp/research/extract/decoded_pck/RIFPCK_TBL.decoded.bin,pck_object_0039_part_003_choice_000_frame_127,pck_object_0039,pck_object_0039_part_003,pck_object_0039_part_003_choice_000,3,0,127,0x004BF4,19,39,0x004BF6,1327048100000000,0481000000000E2D0481010101014833
C:/Users/MadCat/Documents/GitHub/MechwarriorRecomp/research/extract/decoded_pck/RIFPCK_TBL.decoded.bin,pck_object_0039_part_003_choice_000_frame_128,pck_object_0039,pck_object_0039_part_003,pck_object_0039_part_003_choice_000,3,0,128,0x004BFC,14,45,0x004BFE,0E2D048101010101,04810101010148330481000000004A39
C:/Users/MadCat/Documents/GitHub/MechwarriorRecomp/research/extract/decoded_pck/RIFPCK_TBL.decoded.bin,pck_object_0039_part_004_choice_000_frame_000,pck_object_0039,pck_object_0039_part_004,pck_object_0039_part_004_choice_000,4,0,0,0x0047FC,128,0,0x0047FE,8000CB0100000000,CB0100000000000008001A0000565A00
C:/Users/MadCat/Documents/GitHub/MechwarriorRecomp/research/extract/decoded_pck/RIFPCK_TBL.decoded.bin,pck_object_0039_part_004_choice_000_frame_001,pck_object_0039,pck_object_0039_part_004,pck_object_0039_part_004_choice_000,4,0,1,0x004804,0,0,0x004806,000008001A000056,08001A0000565A0001005E0211565A00
C:/Users/MadCat/Documents/GitHub/MechwarriorRecomp/research/extract/decoded_pck/RIFPCK_TBL.decoded.bin,pck_object_0039_part_004_choice_000_frame_002,pck_object_0039,pck_object_0039_part_004,pck_object_0039_part_004_choice_000,4,0,2,0x00480C,90,0,0x00480E,5A0001005E021156,01005E0211565A000100A20216565A00
C:/Users/MadCat/Documents/GitHub/MechwarriorRecomp/research/extract/decoded_pck/RIFPCK_TBL.decoded.bin,pck_object_0039_part_004_choice_000_frame_003,pck_object_0039,pck_object_0039_part_004,pck_object_0039_part_004_choice_000,4,0,3,0x004814,90,0,0x004816,5A000100A2021656,0100A20216565A000100CA021D565A00
C:/Users/MadCat/Documents/GitHub/MechwarriorRecomp/research/extract/decoded_pck/RIFPCK_TBL.decoded.bin,pck_object_0039_part_004_choice_000_frame_004,pck_object_0039,pck_object_0039_part_004,pck_object_0039_part_004_choice_000,4,0,4,0x00481C,90,0,0x00481E,5A000100CA021D56,0100CA021D565A0001000C032C565A00
C:/Users/MadCat/Documents/GitHub/MechwarriorRecomp/research/extract/decoded_pck/RIFPCK_TBL.decoded.bin,pck_object_0039_part_004_choice_000_frame_005,pck_object_0039,pck_object_0039_part_004,pck_object_0039_part_004_choice_000,4,0,5,0x004824,90,0,0x004826,5A0001000C032C56,01000C032C565A0001005F033A565A00
C:/Users/MadCat/Documents/GitHub/MechwarriorRecomp/research/extract/decoded_pck/RIFPCK_TBL.decoded.bin,pck_object_0039_part_004_choice_000_frame_006,pck_object_0039,pck_object_0039_part_004,pck_object_0039_part_004_choice_000,4,0,6,0x00482C,90,0,0x00482E,5A0001005F033A56,01005F033A565A000100B10341565A00
C:/Users/MadCat/Documents/GitHub/MechwarriorRecomp/research/extract/decoded_pck/RIFPCK_TBL.decoded.bin,pck_object_0039_part_004_choice_000_frame_007,pck_object_0039,pck_object_0039_part_004,pck_object_0039_part_004_choice_000,4,0,7,0x004834,90,0,0x004836,5A000100B1034156,0100B10341565A000100F3034D565A00
C:/Users/MadCat/Documents/GitHub/MechwarriorRecomp/research/extract/decoded_pck/RIFPCK_TBL.decoded.bin,pck_object_0039_part_004_choice_000_frame_008,pck_object_0039,pck_object_0039_part_004,pck_object_0039_part_004_choice_000,4,0,8,0x00483C,90,0,0x00483E,5A000100F3034D56,0100F3034D565A000100450408003100
C:/Users/MadCat/Documents/GitHub/MechwarriorRecomp/research/extract/decoded_pck/RIFPCK_TBL.decoded.bin,pck_object_0039_part_004_choice_000_frame_009,pck_object_0039,pck_object_0039_part_004,pck_object_0039_part_004_choice_000,4,0,9,0x004844,90,0,0x004846,5A00010045040800,010045040800310064005A01A50714FE
C:/Users/MadCat/Documents/GitHub/MechwarriorRecomp/research/extract/decoded_pck/RIFPCK_TBL.decoded.bin,pck_object_0039_part_004_choice_000_frame_010,pck_object_0039,pck_object_0039_part_004,pck_object_0039_part_004_choice_000,4,0,10,0x00484C,49,0,0x00484E,310064005A01A507,64005A01A50714FE8AFF6F00E80082FF
C:/Users/MadCat/Documents/GitHub/MechwarriorRecomp/research/extract/decoded_pck/RIFPCK_TBL.decoded.bin,pck_object_0039_part_004_choice_000_frame_011,pck_object_0039,pck_object_0039_part_004,pck_object_0039_part_004_choice_000,4,0,11,0x004854,20,254,0x004856,14FE8AFF6F00E800,8AFF6F00E80082FF430034008C001400
C:/Users/MadCat/Documents/GitHub/MechwarriorRecomp/research/extract/decoded_pck/RIFPCK_TBL.decoded.bin,pck_object_0039_part_004_choice_000_frame_012,pck_object_0039,pck_object_0039_part_004,pck_object_0039_part_004_choice_000,4,0,12,0x00485C,130,255,0x00485E,82FF430034008C00,430034008C001400340094004000E800
C:/Users/MadCat/Documents/GitHub/MechwarriorRecomp/research/extract/decoded_pck/RIFPCK_TBL.decoded.bin,pck_object_0039_part_004_choice_000_frame_013,pck_object_0039,pck_object_0039_part_004,pck_object_0039_part_004_choice_000,4,0,13,0x004864,20,0,0x004866,1400340094004000,340094004000E800E0079BFEFFFF7C00
C:/Users/MadCat/Documents/GitHub/MechwarriorRecomp/research/extract/decoded_pck/RIFPCK_TBL.decoded.bin,pck_object_0039_part_004_choice_000_frame_014,pck_object_0039,pck_object_0039_part_004,pck_object_0039_part_004_choice_000,4,0,14,0x00486C,232,0,0x00486E,E800E0079BFEFFFF,E0079BFEFFFF7C00BCFF3400750090FF
C:/Users/MadCat/Documents/GitHub/MechwarriorRecomp/research/extract/decoded_pck/RIFPCK_TBL.decoded.bin,pck_object_0039_part_004_choice_000_frame_015,pck_object_0039,pck_object_0039_part_004,pck_object_0039_part_004_choice_000,4,0,15,0x004874,124,0,0x004876,7C00BCFF34007500,BCFF3400750090FF4D01AF00DF03F706
C:/Users/MadCat/Documents/GitHub/MechwarriorRecomp/research/extract/decoded_pck/RIFPCK_TBL.decoded.bin,pck_object_0039_part_004_choice_000_frame_016,pck_object_0039,pck_object_0039_part_004,pck_object_0039_part_004_choice_000,4,0,16,0x00487C,144,255,0x00487E,90FF4D01AF00DF03,4D01AF00DF03F7061C00A0FF4D01C4FF
C:/Users/MadCat/Documents/GitHub/MechwarriorRecomp/research/extract/decoded_pck/RIFPCK_TBL.decoded.bin,pck_object_0039_part_004_choice_000_frame_017,pck_object_0039,pck_object_0039_part_004,pck_object_0039_part_004_choice_000,4,0,17,0x004884,247,6,0x004886,F7061C00A0FF4D01,1C00A0FF4D01C4FFAFFF4D01E3FF5F00
C:/Users/MadCat/Documents/GitHub/MechwarriorRecomp/research/extract/decoded_pck/RIFPCK_TBL.decoded.bin,pck_object_0039_part_004_choice_000_frame_018,pck_object_0039,pck_object_0039_part_004,pck_object_0039_part_004_choice_000,4,0,18,0x00488C,196,255,0x00488E,C4FFAFFF4D01E3FF,AFFF4D01E3FF5F00E8003B004F00E800
C:/Users/MadCat/Documents/GitHub/MechwarriorRecomp/research/extract/decoded_pck/RIFPCK_TBL.decoded.bin,pck_object_0039_part_004_choice_000_frame_019,pck_object_0039,pck_object_0039_part_004,pck_object_0039_part_004_choice_000,4,0,19,0x004894,95,0,0x004896,5F00E8003B004F00,E8003B004F00E80020F8650100006BFF
C:/Users/MadCat/Documents/GitHub/MechwarriorRecomp/research/extract/decoded_pck/RIFPCK_TBL.decoded.bin,pck_object_0039_part_004_choice_000_frame_020,pck_object_0039,pck_object_0039_part_004,pck_object_0039_part_004_choice_000,4,0,20,0x00489C,232,0,0x00489E,E80020F865010000,20F8650100006BFFBFFF4D0173FFEBFF
C:/Users/MadCat/Documents/GitHub/MechwarriorRecomp/research/extract/decoded_pck/RIFPCK_TBL.decoded.bin,pck_object_0039_part_004_choice_000_frame_021,pck_object_0039,pck_object_0039_part_004,pck_object_0039_part_004_choice_000,4,0,21,0x0048A4,107,255,0x0048A6,6BFFBFFF4D0173FF,BFFF4D0173FFEBFF3400A8FF13FECEFF
C:/Users/MadCat/Documents/GitHub/MechwarriorRecomp/research/extract/decoded_pck/RIFPCK_TBL.decoded.bin,pck_object_0039_part_004_choice_000_frame_022,pck_object_0039,pck_object_0039_part_004,pck_object_0039_part_004_choice_000,4,0,22,0x0048AC,235,255,0x0048AE,EBFF3400A8FF13FE,3400A8FF13FECEFFA0FE39F8C0FE0000
C:/Users/MadCat/Documents/GitHub/MechwarriorRecomp/research/extract/decoded_pck/RIFPCK_TBL.decoded.bin,pck_object_0039_part_004_choice_000_frame_023,pck_object_0039,pck_object_0039_part_004,pck_object_0039_part_004_choice_000,4,0,23,0x0048B4,206,255,0x0048B6,CEFFA0FE39F8C0FE,A0FE39F8C0FE0000000000F87100BEFF
C:/Users/MadCat/Documents/GitHub/MechwarriorRecomp/research/extract/decoded_pck/RIFPCK_TBL.decoded.bin,pck_object_0039_part_004_choice_000_frame_024,pck_object_0039,pck_object_0039_part_004,pck_object_0039_part_004_choice_000,4,0,24,0x0048BC,0,0,0x0048BE,0000000000F87100,000000F87100BEFF3400810016003400
C:/Users/MadCat/Documents/GitHub/MechwarriorRecomp/research/extract/decoded_pck/RIFPCK_TBL.decoded.bin,pck_object_0039_part_004_choice_000_frame_025,pck_object_0039,pck_object_0039_part_004,pck_object_0039_part_004_choice_000,4,0,25,0x0048C4,190,255,0x0048C6,BEFF340081001600,34008100160034006AFE4302F40121F8
C:/Users/MadCat/Documents/GitHub/MechwarriorRecomp/research/extract/decoded_pck/RIFPCK_TBL.decoded.bin,pck_object_0039_part_004_choice_000_frame_026,pck_object_0039,pck_object_0039_part_004,pck_object_0039_part_004_choice_000,4,0,26,0x0048CC,52,0,0x0048CE,34006AFE4302F401,6AFE4302F40121F8680101007BFF1600
C:/Users/MadCat/Documents/GitHub/MechwarriorRecomp/research/extract/decoded_pck/RIFPCK_TBL.decoded.bin,pck_object_0039_part_004_choice_000_frame_027,pck_object_0039,pck_object_0039_part_004,pck_object_0039_part_004_choice_000,4,0,27,0x0048D4,33,248,0x0048D6,21F8680101007BFF,680101007BFF160086013601D506FA03
C:/Users/MadCat/Documents/GitHub/MechwarriorRecomp/research/extract/decoded_pck/RIFPCK_TBL.decoded.bin,pck_object_0039_part_004_choice_000_frame_028,pck_object_0039,pck_object_0039_part_004,pck_object_0039_part_004_choice_000,4,0,28,0x0048DC,22,0,0x0048DE,160086013601D506,86013601D506FA03D3FF06008601DF07
C:/Users/MadCat/Documents/GitHub/MechwarriorRecomp/research/extract/decoded_pck/RIFPCK_TBL.decoded.bin,pck_object_0039_part_004_choice_000_frame_029,pck_object_0039,pck_object_0039_part_004,pck_object_0039_part_004_choice_000,4,0,29,0x0048E4,250,3,0x0048E6,FA03D3FF06008601,D3FF06008601DF0798FEFFFF42FFCCFB
C:/Users/MadCat/Documents/GitHub/MechwarriorRecomp/research/extract/decoded_pck/RIFPCK_TBL.decoded.bin,pck_object_0039_part_004_choice_000_frame_030,pck_object_0039,pck_object_0039_part_004,pck_object_0039_part_004_choice_000,4,0,30,0x0048EC,223,7,0x0048EE,DF0798FEFFFF42FF,98FEFFFF42FFCCFBC40627FCAE000000
C:/Users/MadCat/Documents/GitHub/MechwarriorRecomp/research/extract/decoded_pck/RIFPCK_TBL.decoded.bin,pck_object_0039_part_004_choice_000_frame_031,pck_object_0039,pck_object_0039_part_004,pck_object_0039_part_004_choice_000,4,0,31,0x0048F4,204,251,0x0048F6,CCFBC40627FCAE00,C40627FCAE0000001DF85601000049FF
C:/Users/MadCat/Documents/GitHub/MechwarriorRecomp/research/extract/decoded_pck/RIFPCK_TBL.decoded.bin,pck_object_0039_part_004_choice_000_frame_032,pck_object_0039,pck_object_0039_part_004,pck_object_0039_part_004_choice_000,4,0,32,0x0048FC,0,0,0x0048FE,00001DF856010000,1DF85601000049FF4200D2003EFF0000
C:/Users/MadCat/Documents/GitHub/MechwarriorRecomp/research/extract/decoded_pck/RIFPCK_TBL.decoded.bin,pck_object_0039_part_004_choice_000_frame_033,pck_object_0039,pck_object_0039_part_004,pck_object_0039_part_004_choice_000,4,0,33,0x004904,73,255,0x004906,49FF4200D2003EFF,4200D2003EFF0000D2003EFF0000A500
C:/Users/MadCat/Documents/GitHub/MechwarriorRecomp/research/extract/decoded_pck/RIFPCK_TBL.decoded.bin,pck_object_0039_part_004_choice_000_frame_034,pck_object_0039,pck_object_0039_part_004,pck_object_0039_part_004_choice_000,4,0,34,0x00490C,0,0,0x00490E,0000D2003EFF0000,D2003EFF0000A50048FF3700A50049FF
C:/Users/MadCat/Documents/GitHub/MechwarriorRecomp/research/extract/decoded_pck/RIFPCK_TBL.decoded.bin,pck_object_0039_part_004_choice_000_frame_035,pck_object_0039,pck_object_0039_part_004,pck_object_0039_part_004_choice_000,4,0,35,0x004914,165,0,0x004916,A50048FF3700A500,48FF3700A50049FF4200A5006A01DF07
C:/Users/MadCat/Documents/GitHub/MechwarriorRecomp/research/extract/decoded_pck/RIFPCK_TBL.decoded.bin,pck_object_0039_part_004_choice_000_frame_036,pck_object_0039,pck_object_0039_part_004,pck_object_0039_part_004_choice_000,4,0,36,0x00491C,73,255,0x00491E,49FF4200A5006A01,4200A5006A01DF07000081FF3800E800
C:/Users/MadCat/Documents/GitHub/MechwarriorRecomp/research/extract/decoded_pck/RIFPCK_TBL.decoded.bin,pck_object_0039_part_004_choice_000_frame_037,pck_object_0039,pck_object_0039_part_004,pck_object_0039_part_004_choice_000,4,0,37,0x004924,223,7,0x004926,DF07000081FF3800,000081FF3800E80081FF3800610010FD
C:/Users/MadCat/Documents/GitHub/MechwarriorRecomp/research/extract/decoded_pck/RIFPCK_TBL.decoded.bin,pck_object_0039_part_004_choice_000_frame_038,pck_object_0039,pck_object_0039_part_004,pck_object_0039_part_004_choice_000,4,0,38,0x00492C,232,0,0x00492E,E80081FF38006100,81FF3800610010FD7F006C0775FFF6FF
C:/Users/MadCat/Documents/GitHub/MechwarriorRecomp/research/extract/decoded_pck/RIFPCK_TBL.decoded.bin,pck_object_0039_part_004_choice_000_frame_039,pck_object_0039,pck_object_0039_part_004,pck_object_0039_part_004_choice_000,4,0,39,0x004934,16,253,0x004936,10FD7F006C0775FF,7F006C0775FFF6FFE8008FFE22F80000
C:/Users/MadCat/Documents/GitHub/MechwarriorRecomp/research/extract/decoded_pck/RIFPCK_TBL.decoded.bin,pck_object_0039_part_004_choice_000_frame_040,pck_object_0039,pck_object_0039_part_004,pck_object_0039_part_004_choice_000,4,0,40,0x00493C,246,255,0x00493E,F6FFE8008FFE22F8,E8008FFE22F8000075FFF6FF6100FBF9
C:/Users/MadCat/Documents/GitHub/MechwarriorRecomp/research/extract/decoded_pck/RIFPCK_TBL.decoded.bin,pck_object_0039_part_004_choice_000_frame_041,pck_object_0039,pck_object_0039_part_004,pck_object_0039_part_004_choice_000,4,0,41,0x004944,0,0,0x004946,000075FFF6FF6100,75FFF6FF6100FBF90501D5FAD80351FF
C:/Users/MadCat/Documents/GitHub/MechwarriorRecomp/research/extract/decoded_pck/RIFPCK_TBL.decoded.bin,pck_object_0039_part_004_choice_000_frame_042,pck_object_0039,pck_object_0039_part_004,pck_object_0039_part_004_choice_000,4,0,42,0x00494C,251,249,0x00494E,FBF90501D5FAD803,0501D5FAD80351FF0000E307AAFE0000
C:/Users/MadCat/Documents/GitHub/MechwarriorRecomp/research/extract/decoded_pck/RIFPCK_TBL.decoded.bin,pck_object_0039_part_004_choice_000_frame_043,pck_object_0039,pck_object_0039_part_004,pck_object_0039_part_004_choice_000,4,0,43,0x004954,81,255,0x004956,51FF0000E307AAFE,0000E307AAFE0000C100FFFFA500B600
C:/Users/MadCat/Documents/GitHub/MechwarriorRecomp/research/extract/decoded_pck/RIFPCK_TBL.decoded.bin,pck_object_0039_part_004_choice_000_frame_044,pck_object_0039,pck_object_0039_part_004,pck_object_0039_part_004_choice_000,4,0,44,0x00495C,0,0,0x00495E,0000C100FFFFA500,C100FFFFA500B600BDFFA500B600BDFF
C:/Users/MadCat/Documents/GitHub/MechwarriorRecomp/research/extract/decoded_pck/RIFPCK_TBL.decoded.bin,pck_object_0039_part_004_choice_000_frame_045,pck_object_0039,pck_object_0039_part_004,pck_object_0039_part_004_choice_000,4,0,45,0x004964,182,0,0x004966,B600BDFFA500B600,BDFFA500B600BDFFD200C100FFFFD200
C:/Users/MadCat/Documents/GitHub/MechwarriorRecomp/research/extract/decoded_pck/RIFPCK_TBL.decoded.bin,pck_object_0039_part_004_choice_000_frame_046,pck_object_0039,pck_object_0039_part_004,pck_object_0039_part_004_choice_000,4,0,46,0x00496C,189,255,0x00496E,BDFFD200C100FFFF,D200C100FFFFD2007101DE0700008A00
C:/Users/MadCat/Documents/GitHub/MechwarriorRecomp/research/extract/decoded_pck/RIFPCK_TBL.decoded.bin,pck_object_0039_part_004_choice_000_frame_047,pck_object_0039,pck_object_0039_part_004,pck_object_0039_part_004_choice_000,4,0,47,0x004974,210,0,0x004976,D2007101DE070000,7101DE0700008A000900E8008A000900
C:/Users/MadCat/Documents/GitHub/MechwarriorRecomp/research/extract/decoded_pck/RIFPCK_TBL.decoded.bin,pck_object_0039_part_004_choice_000_frame_048,pck_object_0039,pck_object_0039_part_004,pck_object_0039_part_004_choice_000,4,0,48,0x00497C,138,0,0x00497E,8A000900E8008A00,0900E8008A0009006100E10277FF7107
C:/Users/MadCat/Documents/GitHub/MechwarriorRecomp/research/extract/decoded_pck/RIFPCK_TBL.decoded.bin,pck_object_0039_part_004_choice_000_frame_049,pck_object_0039,pck_object_0039_part_004,pck_object_0039_part_004_choice_000,4,0,49,0x004984,9,0,0x004986,09006100E10277FF,6100E10277FF71077E00C7FFE80096FE
C:/Users/MadCat/Documents/GitHub/MechwarriorRecomp/research/extract/decoded_pck/RIFPCK_TBL.decoded.bin,pck_object_0039_part_004_choice_000_frame_050,pck_object_0039,pck_object_0039_part_004,pck_object_0039_part_004_choice_000,4,0,50,0x00498C,113,7,0x00498E,71077E00C7FFE800,7E00C7FFE80096FE21F800007E00C7FF
C:/Users/MadCat/Documents/GitHub/MechwarriorRecomp/research/extract/decoded_pck/RIFPCK_TBL.decoded.bin,pck_object_0039_part_004_choice_000_frame_051,pck_object_0039,pck_object_0039_part_004,pck_object_0039_part_004_choice_000,4,0,51,0x004994,150,254,0x004996,96FE21F800007E00,21F800007E00C7FF61000006E2FED5FA
C:/Users/MadCat/Documents/GitHub/MechwarriorRecomp/research/extract/decoded_pck/RIFPCK_TBL.decoded.bin,pck_object_0039_part_004_choice_000_frame_052,pck_object_0039,pck_object_0039_part_004,pck_object_0039_part_004_choice_000,4,0,52,0x00499C,199,255,0x00499E,C7FF61000006E2FE,61000006E2FED5FA43029501F401E007
C:/Users/MadCat/Documents/GitHub/MechwarriorRecomp/research/extract/decoded_pck/RIFPCK_TBL.decoded.bin,pck_object_0039_part_004_choice_000_frame_053,pck_object_0039,pck_object_0039_part_004,pck_object_0039_part_004_choice_000,4,0,53,0x0049A4,213,250,0x0049A6,D5FA43029501F401,43029501F401E0079AFE01008400E9FF
C:/Users/MadCat/Documents/GitHub/MechwarriorRecomp/research/extract/decoded_pck/RIFPCK_TBL.decoded.bin,pck_object_0039_part_004_choice_000_frame_054,pck_object_0039,pck_object_0039_part_004,pck_object_0039_part_004_choice_000,4,0,54,0x0049AC,224,7,0x0049AE,E0079AFE01008400,9AFE01008400E9FF86013701DA06F003
C:/Users/MadCat/Documents/GitHub/MechwarriorRecomp/research/extract/decoded_pck/RIFPCK_TBL.decoded.bin,pck_object_0039_part_004_choice_000_frame_055,pck_object_0039,pck_object_0039_part_004,pck_object_0039_part_004_choice_000,4,0,55,0x0049B4,233,255,0x0049B6,E9FF86013701DA06,86013701DA06F0032B00F9FF860120F8
C:/Users/MadCat/Documents/GitHub/MechwarriorRecomp/research/extract/decoded_pck/RIFPCK_TBL.decoded.bin,pck_object_0039_part_004_choice_000_frame_056,pck_object_0039,pck_object_0039_part_004,pck_object_0039_part_004_choice_000,4,0,56,0x0049BC,240,3,0x0049BE,F0032B00F9FF8601,2B00F9FF860120F86601FFFF43FFD6FB
C:/Users/MadCat/Documents/GitHub/MechwarriorRecomp/research/extract/decoded_pck/RIFPCK_TBL.decoded.bin,pck_object_0039_part_004_choice_000_frame_057,pck_object_0039,pck_object_0039_part_004,pck_object_0039_part_004_choice_000,4,0,57,0x0049C4,32,248,0x0049C6,20F86601FFFF43FF,6601FFFF43FFD6FBCA060800310018FC
C:/Users/MadCat/Documents/GitHub/MechwarriorRecomp/research/extract/decoded_pck/RIFPCK_TBL.decoded.bin,pck_object_0039_part_004_choice_000_frame_058,pck_object_0039,pck_object_0039_part_004,pck_object_0039_part_004_choice_000,4,0,58,0x0049CC,214,251,0x0049CE,D6FBCA0608003100,CA060800310018FCCCFFDBFFC4FF2400
C:/Users/MadCat/Documents/GitHub/MechwarriorRecomp/research/extract/decoded_pck/RIFPCK_TBL.decoded.bin,pck_object_0039_part_004_choice_000_frame_059,pck_object_0039,pck_object_0039_part_004,pck_object_0039_part_004_choice_000,4,0,59,0x0049D4,24,252,0x0049D6,18FCCCFFDBFFC4FF,CCFFDBFFC4FF2400CCFFC4FF33002400
C:/Users/MadCat/Documents/GitHub/MechwarriorRecomp/research/extract/decoded_pck/RIFPCK_TBL.decoded.bin,pck_object_0039_part_004_choice_000_frame_060,pck_object_0039,pck_object_0039_part_004,pck_object_0039_part_004_choice_000,4,0,60,0x0049DC,36,0,0x0049DE,2400CCFFC4FF3300,CCFFC4FF33002400C4FFDBFF3300C4FF
C:/Users/MadCat/Documents/GitHub/MechwarriorRecomp/research/extract/decoded_pck/RIFPCK_TBL.decoded.bin,pck_object_0039_part_004_choice_000_frame_061,pck_object_0039,pck_object_0039_part_004,pck_object_0039_part_004_choice_000,4,0,61,0x0049E4,36,0,0x0049E6,2400C4FFDBFF3300,C4FFDBFF3300C4FFCCFFDBFF3400DBFF
C:/Users/MadCat/Documents/GitHub/MechwarriorRecomp/research/extract/decoded_pck/RIFPCK_TBL.decoded.bin,pck_object_0039_part_004_choice_000_frame_062,pck_object_0039,pck_object_0039_part_004,pck_object_0039_part_004_choice_000,4,0,62,0x0049EC,196,255,0x0049EE,C4FFCCFFDBFF3400,CCFFDBFF3400DBFF330034006501E007
C:/Users/MadCat/Documents/GitHub/MechwarriorRecomp/research/extract/decoded_pck/RIFPCK_TBL.decoded.bin,pck_object_0039_part_004_choice_000_frame_063,pck_object_0039,pck_object_0039_part_004,pck_object_0039_part_004_choice_000,4,0,63,0x0049F4,219,255,0x0049F6,DBFF330034006501,330034006501E0070000330024003400
C:/Users/MadCat/Documents/GitHub/MechwarriorRecomp/research/extract/decoded_pck/RIFPCK_TBL.decoded.bin,pck_object_0039_part_004_choice_000_frame_064,pck_object_0039,pck_object_0039_part_004,pck_object_0039_part_004_choice_000,4,0,64,0x0049FC,224,7,0x0049FE,E007000033002400,0000330024003400E0079BFE00002400
C:/Users/MadCat/Documents/GitHub/MechwarriorRecomp/research/extract/decoded_pck/RIFPCK_TBL.decoded.bin,pck_object_0039_part_004_choice_000_frame_065,pck_object_0039,pck_object_0039_part_004,pck_object_0039_part_004_choice_000,4,0,65,0x004A04,52,0,0x004A06,3400E0079BFE0000,E0079BFE00002400CCFF34009BFE20F8
C:/Users/MadCat/Documents/GitHub/MechwarriorRecomp/research/extract/decoded_pck/RIFPCK_TBL.decoded.bin,pck_object_0039_part_004_choice_000_frame_066,pck_object_0039,pck_object_0039_part_004,pck_object_0039_part_004_choice_000,4,0,66,0x004A0C,36,0,0x004A0E,2400CCFF34009BFE,CCFF34009BFE20F80000DDFF3BFFD007
C:/Users/MadCat/Documents/GitHub/MechwarriorRecomp/research/extract/decoded_pck/RIFPCK_TBL.decoded.bin,pck_object_0039_part_004_choice_000_frame_067,pck_object_0039,pck_object_0039_part_004,pck_object_0039_part_004_choice_000,4,0,67,0x004A14,32,248,0x004A16,20F80000DDFF3BFF,0000DDFF3BFFD007390084FFA7019FFF
C:/Users/MadCat/Documents/GitHub/MechwarriorRecomp/research/extract/decoded_pck/RIFPCK_TBL.decoded.bin,pck_object_0039_part_004_choice_000_frame_068,pck_object_0039,pck_object_0039_part_004,pck_object_0039_part_004_choice_000,4,0,68,0x004A1C,208,7,0x004A1E,D007390084FFA701,390084FFA7019FFF9FFFA701A4FFC0FF
C:/Users/MadCat/Documents/GitHub/MechwarriorRecomp/research/extract/decoded_pck/RIFPCK_TBL.decoded.bin,pck_object_0039_part_004_choice_000_frame_069,pck_object_0039,pck_object_0039_part_004,pck_object_0039_part_004_choice_000,4,0,69,0x004A24,159,255,0x004A26,9FFF9FFFA701A4FF,9FFFA701A4FFC0FFBE013F00A4FFBE01
C:/Users/MadCat/Documents/GitHub/MechwarriorRecomp/research/extract/decoded_pck/RIFPCK_TBL.decoded.bin,pck_object_0039_part_004_choice_000_frame_070,pck_object_0039,pck_object_0039_part_004,pck_object_0039_part_004_choice_000,4,0,70,0x004A2C,192,255,0x004A2E,C0FFBE013F00A4FF,BE013F00A4FFBE01FBFFA5FF4D01FBFF
C:/Users/MadCat/Documents/GitHub/MechwarriorRecomp/research/extract/decoded_pck/RIFPCK_TBL.decoded.bin,pck_object_0039_part_004_choice_000_frame_071,pck_object_0039,pck_object_0039_part_004,pck_object_0039_part_004_choice_000,4,0,71,0x004A34,190,1,0x004A36,BE01FBFFA5FF4D01,FBFFA5FF4D01FBFFA5FFB301E5FFA9FF
C:/Users/MadCat/Documents/GitHub/MechwarriorRecomp/research/extract/decoded_pck/RIFPCK_TBL.decoded.bin,pck_object_0039_part_004_choice_000_frame_072,pck_object_0039,pck_object_0039_part_004,pck_object_0039_part_004_choice_000,4,0,72,0x004A3C,251,255,0x004A3E,FBFFA5FFB301E5FF,A5FFB301E5FFA9FFB301E5FFA9FF4D01
C:/Users/MadCat/Documents/GitHub/MechwarriorRecomp/research/extract/decoded_pck/RIFPCK_TBL.decoded.bin,pck_object_0039_part_004_choice_000_frame_073,pck_object_0039,pck_object_0039_part_004,pck_object_0039_part_004_choice_000,4,0,73,0x004A44,169,255,0x004A46,A9FFB301E5FFA9FF,B301E5FFA9FF4D010100620200000400
C:/Users/MadCat/Documents/GitHub/MechwarriorRecomp/research/extract/decoded_pck/RIFPCK_TBL.decoded.bin,pck_object_0039_part_004_choice_000_frame_074,pck_object_0039,pck_object_0039_part_004,pck_object_0039_part_004_choice_000,4,0,74,0x004A4C,77,1,0x004A4E,4D01010062020000,01006202000004006A02000E81010101
C:/Users/MadCat/Documents/GitHub/MechwarriorRecomp/research/extract/decoded_pck/RIFPCK_TBL.decoded.bin,pck_object_0039_part_004_choice_000_frame_075,pck_object_0039,pck_object_0039_part_004,pck_object_0039_part_004_choice_000,4,0,75,0x004A54,4,0,0x004A56,04006A02000E8101,6A02000E8101010101018A0281000000
C:/Users/MadCat/Documents/GitHub/MechwarriorRecomp/research/extract/decoded_pck/RIFPCK_TBL.decoded.bin,pck_object_0039_part_004_choice_000_frame_076,pck_object_0039,pck_object_0039_part_004,pck_object_0039_part_004_choice_000,4,0,76,0x004A5C,1,1,0x004A5E,010101018A028100,01018A02810000000006900281000000
C:/Users/MadCat/Documents/GitHub/MechwarriorRecomp/research/extract/decoded_pck/RIFPCK_TBL.decoded.bin,pck_object_0039_part_004_choice_000_frame_077,pck_object_0039,pck_object_0039_part_004,pck_object_0039_part_004_choice_000,4,0,77,0x004A64,0,0,0x004A66,0000000690028100,00069002810000000009960281000000
C:/Users/MadCat/Documents/GitHub/MechwarriorRecomp/research/extract/decoded_pck/RIFPCK_TBL.decoded.bin,pck_object_0039_part_004_choice_000_frame_078,pck_object_0039,pck_object_0039_part_004,pck_object_0039_part_004_choice_000,4,0,78,0x004A6C,0,0,0x004A6E,0000000996028100,0009960281000000000E9C0202020304
C:/Users/MadCat/Documents/GitHub/MechwarriorRecomp/research/extract/decoded_pck/RIFPCK_TBL.decoded.bin,pck_object_0039_part_004_choice_000_frame_079,pck_object_0039,pck_object_0039_part_004,pck_object_0039_part_004_choice_000,4,0,79,0x004A74,0,0,0x004A76,0000000E9C020202,000E9C020202030405FF0505040708FF
C:/Users/MadCat/Documents/GitHub/MechwarriorRecomp/research/extract/decoded_pck/RIFPCK_TBL.decoded.bin,pck_object_0039_part_004_choice_000_frame_080,pck_object_0039,pck_object_0039_part_004,pck_object_0039_part_004_choice_000,4,0,80,0x004A7C,3,4,0x004A7E,030405FF05050407,05FF0505040708FF0A0A0B0C0DFF0F0F
C:/Users/MadCat/Documents/GitHub/MechwarriorRecomp/research/extract/decoded_pck/RIFPCK_TBL.decoded.bin,pck_object_0039_part_004_choice_000_frame_081,pck_object_0039,pck_object_0039_part_004,pck_object_0039_part_004_choice_000,4,0,81,0x004A84,8,255,0x004A86,08FF0A0A0B0C0DFF,0A0A0B0C0DFF0F0F100302FF0100A602
C:/Users/MadCat/Documents/GitHub/MechwarriorRecomp/research/extract/decoded_pck/RIFPCK_TBL.decoded.bin,pck_object_0039_part_004_choice_000_frame_082,pck_object_0039,pck_object_0039_part_004,pck_object_0039_part_004_choice_000,4,0,82,0x004A8C,15,15,0x004A8E,0F0F100302FF0100,100302FF0100A60200000200AE020100
C:/Users/MadCat/Documents/GitHub/MechwarriorRecomp/research/extract/decoded_pck/RIFPCK_TBL.decoded.bin,pck_object_0039_part_004_choice_000_frame_083,pck_object_0039,pck_object_0039_part_004,pck_object_0039_part_004_choice_000,4,0,83,0x004A94,166,2,0x004A96,A60200000200AE02,00000200AE020100810707070712BE02
C:/Users/MadCat/Documents/GitHub/MechwarriorRecomp/research/extract/decoded_pck/RIFPCK_TBL.decoded.bin,pck_object_0039_part_004_choice_000_frame_084,pck_object_0039,pck_object_0039_part_004,pck_object_0039_part_004_choice_000,4,0,84,0x004A9C,1,0,0x004A9E,0100810707070712,810707070712BE02810000000013C402
C:/Users/MadCat/Documents/GitHub/MechwarriorRecomp/research/extract/decoded_pck/RIFPCK_TBL.decoded.bin,pck_object_0039_part_004_choice_000_frame_085,pck_object_0039,pck_object_0039_part_004,pck_object_0039_part_004_choice_000,4,0,85,0x004AA4,190,2,0x004AA6,BE02810000000013,810000000013C4020F0F080710FF1010
C:/Users/MadCat/Documents/GitHub/MechwarriorRecomp/research/extract/decoded_pck/RIFPCK_TBL.decoded.bin,pck_object_0039_part_004_choice_000_frame_086,pck_object_0039,pck_object_0039_part_004,pck_object_0039_part_004_choice_000,4,0,86,0x004AAC,196,2,0x004AAE,C4020F0F080710FF,0F0F080710FF1010141503FF0100CE02
C:/Users/MadCat/Documents/GitHub/MechwarriorRecomp/research/extract/decoded_pck/RIFPCK_TBL.decoded.bin,pck_object_0039_part_004_choice_000_frame_087,pck_object_0039,pck_object_0039_part_004,pck_object_0039_part_004_choice_000,4,0,87,0x004AB4,16,16,0x004AB6,1010141503FF0100,141503FF0100CE0200000400D602011C
C:/Users/MadCat/Documents/GitHub/MechwarriorRecomp/research/extract/decoded_pck/RIFPCK_TBL.decoded.bin,pck_object_0039_part_004_choice_000_frame_088,pck_object_0039,pck_object_0039_part_004,pck_object_0039_part_004_choice_000,4,0,88,0x004ABC,206,2,0x004ABE,CE0200000400D602,00000400D602011C810000000017F602
C:/Users/MadCat/Documents/GitHub/MechwarriorRecomp/research/extract/decoded_pck/RIFPCK_TBL.decoded.bin,pck_object_0039_part_004_choice_000_frame_089,pck_object_0039,pck_object_0039_part_004,pck_object_0039_part_004_choice_000,4,0,89,0x004AC4,1,28,0x004AC6,011C810000000017,810000000017F602810909090919FB02
C:/Users/MadCat/Documents/GitHub/MechwarriorRecomp/research/extract/decoded_pck/RIFPCK_TBL.decoded.bin,pck_object_0039_part_004_choice_000_frame_090,pck_object_0039,pck_object_0039_part_004,pck_object_0039_part_004_choice_000,4,0,90,0x004ACC,246,2,0x004ACE,F602810909090919,810909090919FB0281080808081B0103
C:/Users/MadCat/Documents/GitHub/MechwarriorRecomp/research/extract/decoded_pck/RIFPCK_TBL.decoded.bin,pck_object_0039_part_004_choice_000_frame_091,pck_object_0039,pck_object_0039_part_004,pck_object_0039_part_004_choice_000,4,0,91,0x004AD4,251,2,0x004AD6,FB0281080808081B,81080808081B010381010101011C0603
C:/Users/MadCat/Documents/GitHub/MechwarriorRecomp/research/extract/decoded_pck/RIFPCK_TBL.decoded.bin,pck_object_0039_part_004_choice_000_frame_092,pck_object_0039,pck_object_0039_part_004,pck_object_0039_part_004_choice_000,4,0,92,0x004ADC,1,3,0x004ADE,010381010101011C,81010101011C06030202180FFF0C0C1A
C:/Users/MadCat/Documents/GitHub/MechwarriorRecomp/research/extract/decoded_pck/RIFPCK_TBL.decoded.bin,pck_object_0039_part_004_choice_000_frame_093,pck_object_0039,pck_object_0039_part_004,pck_object_0039_part_004_choice_000,4,0,93,0x004AE4,6,3,0x004AE6,06030202180FFF0C,0202180FFF0C0C1A1802FF0B0B1A0CFF
C:/Users/MadCat/Documents/GitHub/MechwarriorRecomp/research/extract/decoded_pck/RIFPCK_TBL.decoded.bin,pck_object_0039_part_004_choice_000_frame_094,pck_object_0039,pck_object_0039_part_004,pck_object_0039_part_004_choice_000,4,0,94,0x004AEC,12,26,0x004AEE,0C1A1802FF0B0B1A,1802FF0B0B1A0CFF1A1A0B0F18FF0100
C:/Users/MadCat/Documents/GitHub/MechwarriorRecomp/research/extract/decoded_pck/RIFPCK_TBL.decoded.bin,pck_object_0039_part_004_choice_000_frame_095,pck_object_0039,pck_object_0039_part_004,pck_object_0039_part_004_choice_000,4,0,95,0x004AF4,12,255,0x004AF6,0CFF1A1A0B0F18FF,1A1A0B0F18FF01001003000005001803
C:/Users/MadCat/Documents/GitHub/MechwarriorRecomp/research/extract/decoded_pck/RIFPCK_TBL.decoded.bin,pck_object_0039_part_004_choice_000_frame_096,pck_object_0039,pck_object_0039_part_004,pck_object_0039_part_004_choice_000,4,0,96,0x004AFC,1,0,0x004AFE,0100100300000500,1003000005001803082981000000001E
C:/Users/MadCat/Documents/GitHub/MechwarriorRecomp/research/extract/decoded_pck/RIFPCK_TBL.decoded.bin,pck_object_0039_part_004_choice_000_frame_097,pck_object_0039,pck_object_0039_part_004,pck_object_0039_part_004_choice_000,4,0,97,0x004B04,24,3,0x004B06,1803082981000000,082981000000001E4003810808080824
C:/Users/MadCat/Documents/GitHub/MechwarriorRecomp/research/extract/decoded_pck/RIFPCK_TBL.decoded.bin,pck_object_0039_part_004_choice_000_frame_098,pck_object_0039,pck_object_0039_part_004,pck_object_0039_part_004_choice_000,4,0,98,0x004B0C,0,30,0x004B0E,001E400381080808,40038108080808244703810000000027
C:/Users/MadCat/Documents/GitHub/MechwarriorRecomp/research/extract/decoded_pck/RIFPCK_TBL.decoded.bin,pck_object_0039_part_004_choice_000_frame_099,pck_object_0039,pck_object_0039_part_004,pck_object_0039_part_004_choice_000,4,0,99,0x004B14,8,36,0x004B16,0824470381000000,47038100000000274D03810808080829
C:/Users/MadCat/Documents/GitHub/MechwarriorRecomp/research/extract/decoded_pck/RIFPCK_TBL.decoded.bin,pck_object_0039_part_004_choice_000_frame_100,pck_object_0039,pck_object_0039_part_004,pck_object_0039_part_004_choice_000,4,0,100,0x004B1C,0,39,0x004B1E,00274D0381080808,4D03810808080829530381000000002B
C:/Users/MadCat/Documents/GitHub/MechwarriorRecomp/research/extract/decoded_pck/RIFPCK_TBL.decoded.bin,pck_object_0039_part_004_choice_000_frame_101,pck_object_0039,pck_object_0039_part_004,pck_object_0039_part_004_choice_000,4,0,101,0x004B24,8,41,0x004B26,0829530381000000,530381000000002B59031F1F20212223
C:/Users/MadCat/Documents/GitHub/MechwarriorRecomp/research/extract/decoded_pck/RIFPCK_TBL.decoded.bin,pck_object_0039_part_004_choice_000_frame_102,pck_object_0039,pck_object_0039_part_004,pck_object_0039_part_004_choice_000,4,0,102,0x004B2C,0,43,0x004B2E,002B59031F1F2021,59031F1F20212223FF25251F2326FF28
C:/Users/MadCat/Documents/GitHub/MechwarriorRecomp/research/extract/decoded_pck/RIFPCK_TBL.decoded.bin,pck_object_0039_part_004_choice_000_frame_103,pck_object_0039,pck_object_0039_part_004,pck_object_0039_part_004_choice_000,4,0,103,0x004B34,34,35,0x004B36,2223FF25251F2326,FF25251F2326FF2828201F25FF2A2A21
C:/Users/MadCat/Documents/GitHub/MechwarriorRecomp/research/extract/decoded_pck/RIFPCK_TBL.decoded.bin,pck_object_0039_part_004_choice_000_frame_104,pck_object_0039,pck_object_0039_part_004,pck_object_0039_part_004_choice_000,4,0,104,0x004B3C,255,40,0x004B3E,FF2828201F25FF2A,28201F25FF2A2A212028FF262623212A
C:/Users/MadCat/Documents/GitHub/MechwarriorRecomp/research/extract/decoded_pck/RIFPCK_TBL.decoded.bin,pck_object_0039_part_004_choice_000_frame_105,pck_object_0039,pck_object_0039_part_004,pck_object_0039_part_004_choice_000,4,0,105,0x004B44,42,33,0x004B46,2A212028FF262623,2028FF262623212AFF01006303000005
C:/Users/MadCat/Documents/GitHub/MechwarriorRecomp/research/extract/decoded_pck/RIFPCK_TBL.decoded.bin,pck_object_0039_part_004_choice_000_frame_106,pck_object_0039,pck_object_0039_part_004,pck_object_0039_part_004_choice_000,4,0,106,0x004B4C,33,42,0x004B4E,212AFF0100630300,FF01006303000005006B030837810000
C:/Users/MadCat/Documents/GitHub/MechwarriorRecomp/research/extract/decoded_pck/RIFPCK_TBL.decoded.bin,pck_object_0039_part_004_choice_000_frame_107,pck_object_0039,pck_object_0039_part_004,pck_object_0039_part_004_choice_000,4,0,107,0x004B54,0,5,0x004B56,0005006B03083781,006B03083781000000002D9303810808
C:/Users/MadCat/Documents/GitHub/MechwarriorRecomp/research/extract/decoded_pck/RIFPCK_TBL.decoded.bin,pck_object_0039_part_004_choice_000_frame_108,pck_object_0039,pck_object_0039_part_004,pck_object_0039_part_004_choice_000,4,0,108,0x004B5C,0,0,0x004B5E,000000002D930381,00002D93038108080808329903810000
C:/Users/MadCat/Documents/GitHub/MechwarriorRecomp/research/extract/decoded_pck/RIFPCK_TBL.decoded.bin,pck_object_0039_part_004_choice_000_frame_109,pck_object_0039,pck_object_0039_part_004,pck_object_0039_part_004_choice_000,4,0,109,0x004B64,8,8,0x004B66,0808080832990381,08083299038100000000359F03810808
C:/Users/MadCat/Documents/GitHub/MechwarriorRecomp/research/extract/decoded_pck/RIFPCK_TBL.decoded.bin,pck_object_0039_part_004_choice_000_frame_110,pck_object_0039,pck_object_0039_part_004,pck_object_0039_part_004_choice_000,4,0,110,0x004B6C,0,0,0x004B6E,00000000359F0381,0000359F03810808080837A503810000
C:/Users/MadCat/Documents/GitHub/MechwarriorRecomp/research/extract/decoded_pck/RIFPCK_TBL.decoded.bin,pck_object_0039_part_004_choice_000_frame_111,pck_object_0039,pck_object_0039_part_004,pck_object_0039_part_004_choice_000,4,0,111,0x004B74,8,8,0x004B76,0808080837A50381,080837A503810000000039AB032E2E2F
C:/Users/MadCat/Documents/GitHub/MechwarriorRecomp/research/extract/decoded_pck/RIFPCK_TBL.decoded.bin,pck_object_0039_part_004_choice_000_frame_112,pck_object_0039,pck_object_0039_part_004,pck_object_0039_part_004_choice_000,4,0,112,0x004B7C,0,0,0x004B7E,0000000039AB032E,000039AB032E2E2F3031FF313133342E
C:/Users/MadCat/Documents/GitHub/MechwarriorRecomp/research/extract/decoded_pck/RIFPCK_TBL.decoded.bin,pck_object_0039_part_004_choice_000_frame_113,pck_object_0039,pck_object_0039_part_004,pck_object_0039_part_004_choice_000,4,0,113,0x004B84,46,47,0x004B86,2E2F3031FF313133,3031FF313133342EFF3030363331FF2F
C:/Users/MadCat/Documents/GitHub/MechwarriorRecomp/research/extract/decoded_pck/RIFPCK_TBL.decoded.bin,pck_object_0039_part_004_choice_000_frame_114,pck_object_0039,pck_object_0039_part_004,pck_object_0039_part_004_choice_000,4,0,114,0x004B8C,52,46,0x004B8E,342EFF3030363331,FF3030363331FF2F2F383630FF343438
C:/Users/MadCat/Documents/GitHub/MechwarriorRecomp/research/extract/decoded_pck/RIFPCK_TBL.decoded.bin,pck_object_0039_part_004_choice_000_frame_115,pck_object_0039,pck_object_0039_part_004,pck_object_0039_part_004_choice_000,4,0,115,0x004B94,255,47,0x004B96,FF2F2F383630FF34,2F383630FF3434382F2EFF0100B50300
C:/Users/MadCat/Documents/GitHub/MechwarriorRecomp/research/extract/decoded_pck/RIFPCK_TBL.decoded.bin,pck_object_0039_part_004_choice_000_frame_116,pck_object_0039,pck_object_0039_part_004,pck_object_0039_part_004_choice_000,4,0,116,0x004B9C,52,56,0x004B9E,34382F2EFF0100B5,2F2EFF0100B50300000400BD03011C81
C:/Users/MadCat/Documents/GitHub/MechwarriorRecomp/research/extract/decoded_pck/RIFPCK_TBL.decoded.bin,pck_object_0039_part_004_choice_000_frame_117,pck_object_0039,pck_object_0039_part_004,pck_object_0039_part_004_choice_000,4,0,117,0x004BA4,3,0,0x004BA6,0300000400BD0301,000400BD03011C81000000003BDD0381
C:/Users/MadCat/Documents/GitHub/MechwarriorRecomp/research/extract/decoded_pck/RIFPCK_TBL.decoded.bin,pck_object_0039_part_004_choice_000_frame_118,pck_object_0039,pck_object_0039_part_004,pck_object_0039_part_004_choice_000,4,0,118,0x004BAC,28,129,0x004BAE,1C81000000003BDD,000000003BDD0381090909093DE20381
C:/Users/MadCat/Documents/GitHub/MechwarriorRecomp/research/extract/decoded_pck/RIFPCK_TBL.decoded.bin,pck_object_0039_part_004_choice_000_frame_119,pck_object_0039,pck_object_0039_part_004,pck_object_0039_part_004_choice_000,4,0,119,0x004BB4,3,129,0x004BB6,0381090909093DE2,090909093DE20381080808083FE80381
C:/Users/MadCat/Documents/GitHub/MechwarriorRecomp/research/extract/decoded_pck/RIFPCK_TBL.decoded.bin,pck_object_0039_part_004_choice_000_frame_120,pck_object_0039,pck_object_0039_part_004,pck_object_0039_part_004_choice_000,4,0,120,0x004BBC,3,129,0x004BBE,0381080808083FE8,080808083FE803810101010140ED0308
C:/Users/MadCat/Documents/GitHub/MechwarriorRecomp/research/extract/decoded_pck/RIFPCK_TBL.decoded.bin,pck_object_0039_part_004_choice_000_frame_121,pck_object_0039,pck_object_0039_part_004,pck_object_0039_part_004_choice_000,4,0,121,0x004BC4,3,129,0x004BC6,03810101010140ED,0101010140ED0308083C05FF3C3C3E0D
C:/Users/MadCat/Documents/GitHub/MechwarriorRecomp/research/extract/decoded_pck/RIFPCK_TBL.decoded.bin,pck_object_0039_part_004_choice_000_frame_122,pck_object_0039,pck_object_0039_part_004,pck_object_0039_part_004_choice_000,4,0,122,0x004BCC,3,8,0x004BCE,0308083C05FF3C3C,083C05FF3C3C3E0D05FF0D0D3E0AFF0A
C:/Users/MadCat/Documents/GitHub/MechwarriorRecomp/research/extract/decoded_pck/RIFPCK_TBL.decoded.bin,pck_object_0039_part_004_choice_000_frame_123,pck_object_0039,pck_object_0039_part_004,pck_object_0039_part_004_choice_000,4,0,123,0x004BD4,62,13,0x004BD6,3E0D05FF0D0D3E0A,05FF0D0D3E0AFF0A0A3E3C08FF0100F7
C:/Users/MadCat/Documents/GitHub/MechwarriorRecomp/research/extract/decoded_pck/RIFPCK_TBL.decoded.bin,pck_object_0039_part_004_choice_000_frame_124,pck_object_0039,pck_object_0039_part_004,pck_object_0039_part_004_choice_000,4,0,124,0x004BDC,255,10,0x004BDE,FF0A0A3E3C08FF01,0A3E3C08FF0100F70300000500FF0300
C:/Users/MadCat/Documents/GitHub/MechwarriorRecomp/research/extract/decoded_pck/RIFPCK_TBL.decoded.bin,pck_object_0039_part_004_choice_000_frame_125,pck_object_0039,pck_object_0039_part_004,pck_object_0039_part_004_choice_000,4,0,125,0x004BE4,0,247,0x004BE6,00F70300000500FF,0300000500FF03001B81000000001327
C:/Users/MadCat/Documents/GitHub/MechwarriorRecomp/research/extract/decoded_pck/RIFPCK_TBL.decoded.bin,pck_object_0039_part_004_choice_000_frame_126,pck_object_0039,pck_object_0039_part_004,pck_object_0039_part_004_choice_000,4,0,126,0x004BEC,3,0,0x004BEE,03001B8100000000,1B810000000013270481000000000E2D
C:/Users/MadCat/Documents/GitHub/MechwarriorRecomp/research/extract/decoded_pck/RIFPCK_TBL.decoded.bin,pck_object_0039_part_004_choice_000_frame_127,pck_object_0039,pck_object_0039_part_004,pck_object_0039_part_004_choice_000,4,0,127,0x004BF4,19,39,0x004BF6,1327048100000000,0481000000000E2D0481010101014833
C:/Users/MadCat/Documents/GitHub/MechwarriorRecomp/research/extract/decoded_pck/RIFPCK_TBL.decoded.bin,pck_object_0039_part_004_choice_000_frame_128,pck_object_0039,pck_object_0039_part_004,pck_object_0039_part_004_choice_000,4,0,128,0x004BFC,14,45,0x004BFE,0E2D048101010101,04810101010148330481000000004A39
C:/Users/MadCat/Documents/GitHub/MechwarriorRecomp/research/extract/decoded_pck/RIFPCK_TBL.decoded.bin,pck_object_0039_part_005_choice_000_frame_000,pck_object_0039,pck_object_0039_part_005,pck_object_0039_part_005_choice_000,5,0,0,0x0047FC,128,0,0x0047FE,8000CB0100000000,CB0100000000000008001A0000565A00
C:/Users/MadCat/Documents/GitHub/MechwarriorRecomp/research/extract/decoded_pck/RIFPCK_TBL.decoded.bin,pck_object_0039_part_005_choice_000_frame_001,pck_object_0039,pck_object_0039_part_005,pck_object_0039_part_005_choice_000,5,0,1,0x004804,0,0,0x004806,000008001A000056,08001A0000565A0001005E0211565A00
C:/Users/MadCat/Documents/GitHub/MechwarriorRecomp/research/extract/decoded_pck/RIFPCK_TBL.decoded.bin,pck_object_0039_part_005_choice_000_frame_002,pck_object_0039,pck_object_0039_part_005,pck_object_0039_part_005_choice_000,5,0,2,0x00480C,90,0,0x00480E,5A0001005E021156,01005E0211565A000100A20216565A00
C:/Users/MadCat/Documents/GitHub/MechwarriorRecomp/research/extract/decoded_pck/RIFPCK_TBL.decoded.bin,pck_object_0039_part_005_choice_000_frame_003,pck_object_0039,pck_object_0039_part_005,pck_object_0039_part_005_choice_000,5,0,3,0x004814,90,0,0x004816,5A000100A2021656,0100A20216565A000100CA021D565A00
C:/Users/MadCat/Documents/GitHub/MechwarriorRecomp/research/extract/decoded_pck/RIFPCK_TBL.decoded.bin,pck_object_0039_part_005_choice_000_frame_004,pck_object_0039,pck_object_0039_part_005,pck_object_0039_part_005_choice_000,5,0,4,0x00481C,90,0,0x00481E,5A000100CA021D56,0100CA021D565A0001000C032C565A00
C:/Users/MadCat/Documents/GitHub/MechwarriorRecomp/research/extract/decoded_pck/RIFPCK_TBL.decoded.bin,pck_object_0039_part_005_choice_000_frame_005,pck_object_0039,pck_object_0039_part_005,pck_object_0039_part_005_choice_000,5,0,5,0x004824,90,0,0x004826,5A0001000C032C56,01000C032C565A0001005F033A565A00
C:/Users/MadCat/Documents/GitHub/MechwarriorRecomp/research/extract/decoded_pck/RIFPCK_TBL.decoded.bin,pck_object_0039_part_005_choice_000_frame_006,pck_object_0039,pck_object_0039_part_005,pck_object_0039_part_005_choice_000,5,0,6,0x00482C,90,0,0x00482E,5A0001005F033A56,01005F033A565A000100B10341565A00
C:/Users/MadCat/Documents/GitHub/MechwarriorRecomp/research/extract/decoded_pck/RIFPCK_TBL.decoded.bin,pck_object_0039_part_005_choice_000_frame_007,pck_object_0039,pck_object_0039_part_005,pck_object_0039_part_005_choice_000,5,0,7,0x004834,90,0,0x004836,5A000100B1034156,0100B10341565A000100F3034D565A00
C:/Users/MadCat/Documents/GitHub/MechwarriorRecomp/research/extract/decoded_pck/RIFPCK_TBL.decoded.bin,pck_object_0039_part_005_choice_000_frame_008,pck_object_0039,pck_object_0039_part_005,pck_object_0039_part_005_choice_000,5,0,8,0x00483C,90,0,0x00483E,5A000100F3034D56,0100F3034D565A000100450408003100
C:/Users/MadCat/Documents/GitHub/MechwarriorRecomp/research/extract/decoded_pck/RIFPCK_TBL.decoded.bin,pck_object_0039_part_005_choice_000_frame_009,pck_object_0039,pck_object_0039_part_005,pck_object_0039_part_005_choice_000,5,0,9,0x004844,90,0,0x004846,5A00010045040800,010045040800310064005A01A50714FE
C:/Users/MadCat/Documents/GitHub/MechwarriorRecomp/research/extract/decoded_pck/RIFPCK_TBL.decoded.bin,pck_object_0039_part_005_choice_000_frame_010,pck_object_0039,pck_object_0039_part_005,pck_object_0039_part_005_choice_000,5,0,10,0x00484C,49,0,0x00484E,310064005A01A507,64005A01A50714FE8AFF6F00E80082FF
C:/Users/MadCat/Documents/GitHub/MechwarriorRecomp/research/extract/decoded_pck/RIFPCK_TBL.decoded.bin,pck_object_0039_part_005_choice_000_frame_011,pck_object_0039,pck_object_0039_part_005,pck_object_0039_part_005_choice_000,5,0,11,0x004854,20,254,0x004856,14FE8AFF6F00E800,8AFF6F00E80082FF430034008C001400
C:/Users/MadCat/Documents/GitHub/MechwarriorRecomp/research/extract/decoded_pck/RIFPCK_TBL.decoded.bin,pck_object_0039_part_005_choice_000_frame_012,pck_object_0039,pck_object_0039_part_005,pck_object_0039_part_005_choice_000,5,0,12,0x00485C,130,255,0x00485E,82FF430034008C00,430034008C001400340094004000E800
C:/Users/MadCat/Documents/GitHub/MechwarriorRecomp/research/extract/decoded_pck/RIFPCK_TBL.decoded.bin,pck_object_0039_part_005_choice_000_frame_013,pck_object_0039,pck_object_0039_part_005,pck_object_0039_part_005_choice_000,5,0,13,0x004864,20,0,0x004866,1400340094004000,340094004000E800E0079BFEFFFF7C00
C:/Users/MadCat/Documents/GitHub/MechwarriorRecomp/research/extract/decoded_pck/RIFPCK_TBL.decoded.bin,pck_object_0039_part_005_choice_000_frame_014,pck_object_0039,pck_object_0039_part_005,pck_object_0039_part_005_choice_000,5,0,14,0x00486C,232,0,0x00486E,E800E0079BFEFFFF,E0079BFEFFFF7C00BCFF3400750090FF
C:/Users/MadCat/Documents/GitHub/MechwarriorRecomp/research/extract/decoded_pck/RIFPCK_TBL.decoded.bin,pck_object_0039_part_005_choice_000_frame_015,pck_object_0039,pck_object_0039_part_005,pck_object_0039_part_005_choice_000,5,0,15,0x004874,124,0,0x004876,7C00BCFF34007500,BCFF3400750090FF4D01AF00DF03F706
C:/Users/MadCat/Documents/GitHub/MechwarriorRecomp/research/extract/decoded_pck/RIFPCK_TBL.decoded.bin,pck_object_0039_part_005_choice_000_frame_016,pck_object_0039,pck_object_0039_part_005,pck_object_0039_part_005_choice_000,5,0,16,0x00487C,144,255,0x00487E,90FF4D01AF00DF03,4D01AF00DF03F7061C00A0FF4D01C4FF
C:/Users/MadCat/Documents/GitHub/MechwarriorRecomp/research/extract/decoded_pck/RIFPCK_TBL.decoded.bin,pck_object_0039_part_005_choice_000_frame_017,pck_object_0039,pck_object_0039_part_005,pck_object_0039_part_005_choice_000,5,0,17,0x004884,247,6,0x004886,F7061C00A0FF4D01,1C00A0FF4D01C4FFAFFF4D01E3FF5F00
C:/Users/MadCat/Documents/GitHub/MechwarriorRecomp/research/extract/decoded_pck/RIFPCK_TBL.decoded.bin,pck_object_0039_part_005_choice_000_frame_018,pck_object_0039,pck_object_0039_part_005,pck_object_0039_part_005_choice_000,5,0,18,0x00488C,196,255,0x00488E,C4FFAFFF4D01E3FF,AFFF4D01E3FF5F00E8003B004F00E800
C:/Users/MadCat/Documents/GitHub/MechwarriorRecomp/research/extract/decoded_pck/RIFPCK_TBL.decoded.bin,pck_object_0039_part_005_choice_000_frame_019,pck_object_0039,pck_object_0039_part_005,pck_object_0039_part_005_choice_000,5,0,19,0x004894,95,0,0x004896,5F00E8003B004F00,E8003B004F00E80020F8650100006BFF
C:/Users/MadCat/Documents/GitHub/MechwarriorRecomp/research/extract/decoded_pck/RIFPCK_TBL.decoded.bin,pck_object_0039_part_005_choice_000_frame_020,pck_object_0039,pck_object_0039_part_005,pck_object_0039_part_005_choice_000,5,0,20,0x00489C,232,0,0x00489E,E80020F865010000,20F8650100006BFFBFFF4D0173FFEBFF
C:/Users/MadCat/Documents/GitHub/MechwarriorRecomp/research/extract/decoded_pck/RIFPCK_TBL.decoded.bin,pck_object_0039_part_005_choice_000_frame_021,pck_object_0039,pck_object_0039_part_005,pck_object_0039_part_005_choice_000,5,0,21,0x0048A4,107,255,0x0048A6,6BFFBFFF4D0173FF,BFFF4D0173FFEBFF3400A8FF13FECEFF
C:/Users/MadCat/Documents/GitHub/MechwarriorRecomp/research/extract/decoded_pck/RIFPCK_TBL.decoded.bin,pck_object_0039_part_005_choice_000_frame_022,pck_object_0039,pck_object_0039_part_005,pck_object_0039_part_005_choice_000,5,0,22,0x0048AC,235,255,0x0048AE,EBFF3400A8FF13FE,3400A8FF13FECEFFA0FE39F8C0FE0000
C:/Users/MadCat/Documents/GitHub/MechwarriorRecomp/research/extract/decoded_pck/RIFPCK_TBL.decoded.bin,pck_object_0039_part_005_choice_000_frame_023,pck_object_0039,pck_object_0039_part_005,pck_object_0039_part_005_choice_000,5,0,23,0x0048B4,206,255,0x0048B6,CEFFA0FE39F8C0FE,A0FE39F8C0FE0000000000F87100BEFF
C:/Users/MadCat/Documents/GitHub/MechwarriorRecomp/research/extract/decoded_pck/RIFPCK_TBL.decoded.bin,pck_object_0039_part_005_choice_000_frame_024,pck_object_0039,pck_object_0039_part_005,pck_object_0039_part_005_choice_000,5,0,24,0x0048BC,0,0,0x0048BE,0000000000F87100,000000F87100BEFF3400810016003400
C:/Users/MadCat/Documents/GitHub/MechwarriorRecomp/research/extract/decoded_pck/RIFPCK_TBL.decoded.bin,pck_object_0039_part_005_choice_000_frame_025,pck_object_0039,pck_object_0039_part_005,pck_object_0039_part_005_choice_000,5,0,25,0x0048C4,190,255,0x0048C6,BEFF340081001600,34008100160034006AFE4302F40121F8
C:/Users/MadCat/Documents/GitHub/MechwarriorRecomp/research/extract/decoded_pck/RIFPCK_TBL.decoded.bin,pck_object_0039_part_005_choice_000_frame_026,pck_object_0039,pck_object_0039_part_005,pck_object_0039_part_005_choice_000,5,0,26,0x0048CC,52,0,0x0048CE,34006AFE4302F401,6AFE4302F40121F8680101007BFF1600
C:/Users/MadCat/Documents/GitHub/MechwarriorRecomp/research/extract/decoded_pck/RIFPCK_TBL.decoded.bin,pck_object_0039_part_005_choice_000_frame_027,pck_object_0039,pck_object_0039_part_005,pck_object_0039_part_005_choice_000,5,0,27,0x0048D4,33,248,0x0048D6,21F8680101007BFF,680101007BFF160086013601D506FA03
C:/Users/MadCat/Documents/GitHub/MechwarriorRecomp/research/extract/decoded_pck/RIFPCK_TBL.decoded.bin,pck_object_0039_part_005_choice_000_frame_028,pck_object_0039,pck_object_0039_part_005,pck_object_0039_part_005_choice_000,5,0,28,0x0048DC,22,0,0x0048DE,160086013601D506,86013601D506FA03D3FF06008601DF07
C:/Users/MadCat/Documents/GitHub/MechwarriorRecomp/research/extract/decoded_pck/RIFPCK_TBL.decoded.bin,pck_object_0039_part_005_choice_000_frame_029,pck_object_0039,pck_object_0039_part_005,pck_object_0039_part_005_choice_000,5,0,29,0x0048E4,250,3,0x0048E6,FA03D3FF06008601,D3FF06008601DF0798FEFFFF42FFCCFB
C:/Users/MadCat/Documents/GitHub/MechwarriorRecomp/research/extract/decoded_pck/RIFPCK_TBL.decoded.bin,pck_object_0039_part_005_choice_000_frame_030,pck_object_0039,pck_object_0039_part_005,pck_object_0039_part_005_choice_000,5,0,30,0x0048EC,223,7,0x0048EE,DF0798FEFFFF42FF,98FEFFFF42FFCCFBC40627FCAE000000
C:/Users/MadCat/Documents/GitHub/MechwarriorRecomp/research/extract/decoded_pck/RIFPCK_TBL.decoded.bin,pck_object_0039_part_005_choice_000_frame_031,pck_object_0039,pck_object_0039_part_005,pck_object_0039_part_005_choice_000,5,0,31,0x0048F4,204,251,0x0048F6,CCFBC40627FCAE00,C40627FCAE0000001DF85601000049FF
C:/Users/MadCat/Documents/GitHub/MechwarriorRecomp/research/extract/decoded_pck/RIFPCK_TBL.decoded.bin,pck_object_0039_part_005_choice_000_frame_032,pck_object_0039,pck_object_0039_part_005,pck_object_0039_part_005_choice_000,5,0,32,0x0048FC,0,0,0x0048FE,00001DF856010000,1DF85601000049FF4200D2003EFF0000
C:/Users/MadCat/Documents/GitHub/MechwarriorRecomp/research/extract/decoded_pck/RIFPCK_TBL.decoded.bin,pck_object_0039_part_005_choice_000_frame_033,pck_object_0039,pck_object_0039_part_005,pck_object_0039_part_005_choice_000,5,0,33,0x004904,73,255,0x004906,49FF4200D2003EFF,4200D2003EFF0000D2003EFF0000A500
C:/Users/MadCat/Documents/GitHub/MechwarriorRecomp/research/extract/decoded_pck/RIFPCK_TBL.decoded.bin,pck_object_0039_part_005_choice_000_frame_034,pck_object_0039,pck_object_0039_part_005,pck_object_0039_part_005_choice_000,5,0,34,0x00490C,0,0,0x00490E,0000D2003EFF0000,D2003EFF0000A50048FF3700A50049FF
C:/Users/MadCat/Documents/GitHub/MechwarriorRecomp/research/extract/decoded_pck/RIFPCK_TBL.decoded.bin,pck_object_0039_part_005_choice_000_frame_035,pck_object_0039,pck_object_0039_part_005,pck_object_0039_part_005_choice_000,5,0,35,0x004914,165,0,0x004916,A50048FF3700A500,48FF3700A50049FF4200A5006A01DF07
C:/Users/MadCat/Documents/GitHub/MechwarriorRecomp/research/extract/decoded_pck/RIFPCK_TBL.decoded.bin,pck_object_0039_part_005_choice_000_frame_036,pck_object_0039,pck_object_0039_part_005,pck_object_0039_part_005_choice_000,5,0,36,0x00491C,73,255,0x00491E,49FF4200A5006A01,4200A5006A01DF07000081FF3800E800
C:/Users/MadCat/Documents/GitHub/MechwarriorRecomp/research/extract/decoded_pck/RIFPCK_TBL.decoded.bin,pck_object_0039_part_005_choice_000_frame_037,pck_object_0039,pck_object_0039_part_005,pck_object_0039_part_005_choice_000,5,0,37,0x004924,223,7,0x004926,DF07000081FF3800,000081FF3800E80081FF3800610010FD
C:/Users/MadCat/Documents/GitHub/MechwarriorRecomp/research/extract/decoded_pck/RIFPCK_TBL.decoded.bin,pck_object_0039_part_005_choice_000_frame_038,pck_object_0039,pck_object_0039_part_005,pck_object_0039_part_005_choice_000,5,0,38,0x00492C,232,0,0x00492E,E80081FF38006100,81FF3800610010FD7F006C0775FFF6FF
C:/Users/MadCat/Documents/GitHub/MechwarriorRecomp/research/extract/decoded_pck/RIFPCK_TBL.decoded.bin,pck_object_0039_part_005_choice_000_frame_039,pck_object_0039,pck_object_0039_part_005,pck_object_0039_part_005_choice_000,5,0,39,0x004934,16,253,0x004936,10FD7F006C0775FF,7F006C0775FFF6FFE8008FFE22F80000
C:/Users/MadCat/Documents/GitHub/MechwarriorRecomp/research/extract/decoded_pck/RIFPCK_TBL.decoded.bin,pck_object_0039_part_005_choice_000_frame_040,pck_object_0039,pck_object_0039_part_005,pck_object_0039_part_005_choice_000,5,0,40,0x00493C,246,255,0x00493E,F6FFE8008FFE22F8,E8008FFE22F8000075FFF6FF6100FBF9
C:/Users/MadCat/Documents/GitHub/MechwarriorRecomp/research/extract/decoded_pck/RIFPCK_TBL.decoded.bin,pck_object_0039_part_005_choice_000_frame_041,pck_object_0039,pck_object_0039_part_005,pck_object_0039_part_005_choice_000,5,0,41,0x004944,0,0,0x004946,000075FFF6FF6100,75FFF6FF6100FBF90501D5FAD80351FF
C:/Users/MadCat/Documents/GitHub/MechwarriorRecomp/research/extract/decoded_pck/RIFPCK_TBL.decoded.bin,pck_object_0039_part_005_choice_000_frame_042,pck_object_0039,pck_object_0039_part_005,pck_object_0039_part_005_choice_000,5,0,42,0x00494C,251,249,0x00494E,FBF90501D5FAD803,0501D5FAD80351FF0000E307AAFE0000
C:/Users/MadCat/Documents/GitHub/MechwarriorRecomp/research/extract/decoded_pck/RIFPCK_TBL.decoded.bin,pck_object_0039_part_005_choice_000_frame_043,pck_object_0039,pck_object_0039_part_005,pck_object_0039_part_005_choice_000,5,0,43,0x004954,81,255,0x004956,51FF0000E307AAFE,0000E307AAFE0000C100FFFFA500B600
C:/Users/MadCat/Documents/GitHub/MechwarriorRecomp/research/extract/decoded_pck/RIFPCK_TBL.decoded.bin,pck_object_0039_part_005_choice_000_frame_044,pck_object_0039,pck_object_0039_part_005,pck_object_0039_part_005_choice_000,5,0,44,0x00495C,0,0,0x00495E,0000C100FFFFA500,C100FFFFA500B600BDFFA500B600BDFF
C:/Users/MadCat/Documents/GitHub/MechwarriorRecomp/research/extract/decoded_pck/RIFPCK_TBL.decoded.bin,pck_object_0039_part_005_choice_000_frame_045,pck_object_0039,pck_object_0039_part_005,pck_object_0039_part_005_choice_000,5,0,45,0x004964,182,0,0x004966,B600BDFFA500B600,BDFFA500B600BDFFD200C100FFFFD200
C:/Users/MadCat/Documents/GitHub/MechwarriorRecomp/research/extract/decoded_pck/RIFPCK_TBL.decoded.bin,pck_object_0039_part_005_choice_000_frame_046,pck_object_0039,pck_object_0039_part_005,pck_object_0039_part_005_choice_000,5,0,46,0x00496C,189,255,0x00496E,BDFFD200C100FFFF,D200C100FFFFD2007101DE0700008A00
C:/Users/MadCat/Documents/GitHub/MechwarriorRecomp/research/extract/decoded_pck/RIFPCK_TBL.decoded.bin,pck_object_0039_part_005_choice_000_frame_047,pck_object_0039,pck_object_0039_part_005,pck_object_0039_part_005_choice_000,5,0,47,0x004974,210,0,0x004976,D2007101DE070000,7101DE0700008A000900E8008A000900
C:/Users/MadCat/Documents/GitHub/MechwarriorRecomp/research/extract/decoded_pck/RIFPCK_TBL.decoded.bin,pck_object_0039_part_005_choice_000_frame_048,pck_object_0039,pck_object_0039_part_005,pck_object_0039_part_005_choice_000,5,0,48,0x00497C,138,0,0x00497E,8A000900E8008A00,0900E8008A0009006100E10277FF7107
C:/Users/MadCat/Documents/GitHub/MechwarriorRecomp/research/extract/decoded_pck/RIFPCK_TBL.decoded.bin,pck_object_0039_part_005_choice_000_frame_049,pck_object_0039,pck_object_0039_part_005,pck_object_0039_part_005_choice_000,5,0,49,0x004984,9,0,0x004986,09006100E10277FF,6100E10277FF71077E00C7FFE80096FE
C:/Users/MadCat/Documents/GitHub/MechwarriorRecomp/research/extract/decoded_pck/RIFPCK_TBL.decoded.bin,pck_object_0039_part_005_choice_000_frame_050,pck_object_0039,pck_object_0039_part_005,pck_object_0039_part_005_choice_000,5,0,50,0x00498C,113,7,0x00498E,71077E00C7FFE800,7E00C7FFE80096FE21F800007E00C7FF
C:/Users/MadCat/Documents/GitHub/MechwarriorRecomp/research/extract/decoded_pck/RIFPCK_TBL.decoded.bin,pck_object_0039_part_005_choice_000_frame_051,pck_object_0039,pck_object_0039_part_005,pck_object_0039_part_005_choice_000,5,0,51,0x004994,150,254,0x004996,96FE21F800007E00,21F800007E00C7FF61000006E2FED5FA
C:/Users/MadCat/Documents/GitHub/MechwarriorRecomp/research/extract/decoded_pck/RIFPCK_TBL.decoded.bin,pck_object_0039_part_005_choice_000_frame_052,pck_object_0039,pck_object_0039_part_005,pck_object_0039_part_005_choice_000,5,0,52,0x00499C,199,255,0x00499E,C7FF61000006E2FE,61000006E2FED5FA43029501F401E007
C:/Users/MadCat/Documents/GitHub/MechwarriorRecomp/research/extract/decoded_pck/RIFPCK_TBL.decoded.bin,pck_object_0039_part_005_choice_000_frame_053,pck_object_0039,pck_object_0039_part_005,pck_object_0039_part_005_choice_000,5,0,53,0x0049A4,213,250,0x0049A6,D5FA43029501F401,43029501F401E0079AFE01008400E9FF
C:/Users/MadCat/Documents/GitHub/MechwarriorRecomp/research/extract/decoded_pck/RIFPCK_TBL.decoded.bin,pck_object_0039_part_005_choice_000_frame_054,pck_object_0039,pck_object_0039_part_005,pck_object_0039_part_005_choice_000,5,0,54,0x0049AC,224,7,0x0049AE,E0079AFE01008400,9AFE01008400E9FF86013701DA06F003
C:/Users/MadCat/Documents/GitHub/MechwarriorRecomp/research/extract/decoded_pck/RIFPCK_TBL.decoded.bin,pck_object_0039_part_005_choice_000_frame_055,pck_object_0039,pck_object_0039_part_005,pck_object_0039_part_005_choice_000,5,0,55,0x0049B4,233,255,0x0049B6,E9FF86013701DA06,86013701DA06F0032B00F9FF860120F8
C:/Users/MadCat/Documents/GitHub/MechwarriorRecomp/research/extract/decoded_pck/RIFPCK_TBL.decoded.bin,pck_object_0039_part_005_choice_000_frame_056,pck_object_0039,pck_object_0039_part_005,pck_object_0039_part_005_choice_000,5,0,56,0x0049BC,240,3,0x0049BE,F0032B00F9FF8601,2B00F9FF860120F86601FFFF43FFD6FB
C:/Users/MadCat/Documents/GitHub/MechwarriorRecomp/research/extract/decoded_pck/RIFPCK_TBL.decoded.bin,pck_object_0039_part_005_choice_000_frame_057,pck_object_0039,pck_object_0039_part_005,pck_object_0039_part_005_choice_000,5,0,57,0x0049C4,32,248,0x0049C6,20F86601FFFF43FF,6601FFFF43FFD6FBCA060800310018FC
C:/Users/MadCat/Documents/GitHub/MechwarriorRecomp/research/extract/decoded_pck/RIFPCK_TBL.decoded.bin,pck_object_0039_part_005_choice_000_frame_058,pck_object_0039,pck_object_0039_part_005,pck_object_0039_part_005_choice_000,5,0,58,0x0049CC,214,251,0x0049CE,D6FBCA0608003100,CA060800310018FCCCFFDBFFC4FF2400
C:/Users/MadCat/Documents/GitHub/MechwarriorRecomp/research/extract/decoded_pck/RIFPCK_TBL.decoded.bin,pck_object_0039_part_005_choice_000_frame_059,pck_object_0039,pck_object_0039_part_005,pck_object_0039_part_005_choice_000,5,0,59,0x0049D4,24,252,0x0049D6,18FCCCFFDBFFC4FF,CCFFDBFFC4FF2400CCFFC4FF33002400
C:/Users/MadCat/Documents/GitHub/MechwarriorRecomp/research/extract/decoded_pck/RIFPCK_TBL.decoded.bin,pck_object_0039_part_005_choice_000_frame_060,pck_object_0039,pck_object_0039_part_005,pck_object_0039_part_005_choice_000,5,0,60,0x0049DC,36,0,0x0049DE,2400CCFFC4FF3300,CCFFC4FF33002400C4FFDBFF3300C4FF
C:/Users/MadCat/Documents/GitHub/MechwarriorRecomp/research/extract/decoded_pck/RIFPCK_TBL.decoded.bin,pck_object_0039_part_005_choice_000_frame_061,pck_object_0039,pck_object_0039_part_005,pck_object_0039_part_005_choice_000,5,0,61,0x0049E4,36,0,0x0049E6,2400C4FFDBFF3300,C4FFDBFF3300C4FFCCFFDBFF3400DBFF
C:/Users/MadCat/Documents/GitHub/MechwarriorRecomp/research/extract/decoded_pck/RIFPCK_TBL.decoded.bin,pck_object_0039_part_005_choice_000_frame_062,pck_object_0039,pck_object_0039_part_005,pck_object_0039_part_005_choice_000,5,0,62,0x0049EC,196,255,0x0049EE,C4FFCCFFDBFF3400,CCFFDBFF3400DBFF330034006501E007
C:/Users/MadCat/Documents/GitHub/MechwarriorRecomp/research/extract/decoded_pck/RIFPCK_TBL.decoded.bin,pck_object_0039_part_005_choice_000_frame_063,pck_object_0039,pck_object_0039_part_005,pck_object_0039_part_005_choice_000,5,0,63,0x0049F4,219,255,0x0049F6,DBFF330034006501,330034006501E0070000330024003400
C:/Users/MadCat/Documents/GitHub/MechwarriorRecomp/research/extract/decoded_pck/RIFPCK_TBL.decoded.bin,pck_object_0039_part_005_choice_000_frame_064,pck_object_0039,pck_object_0039_part_005,pck_object_0039_part_005_choice_000,5,0,64,0x0049FC,224,7,0x0049FE,E007000033002400,0000330024003400E0079BFE00002400
C:/Users/MadCat/Documents/GitHub/MechwarriorRecomp/research/extract/decoded_pck/RIFPCK_TBL.decoded.bin,pck_object_0039_part_005_choice_000_frame_065,pck_object_0039,pck_object_0039_part_005,pck_object_0039_part_005_choice_000,5,0,65,0x004A04,52,0,0x004A06,3400E0079BFE0000,E0079BFE00002400CCFF34009BFE20F8
C:/Users/MadCat/Documents/GitHub/MechwarriorRecomp/research/extract/decoded_pck/RIFPCK_TBL.decoded.bin,pck_object_0039_part_005_choice_000_frame_066,pck_object_0039,pck_object_0039_part_005,pck_object_0039_part_005_choice_000,5,0,66,0x004A0C,36,0,0x004A0E,2400CCFF34009BFE,CCFF34009BFE20F80000DDFF3BFFD007
C:/Users/MadCat/Documents/GitHub/MechwarriorRecomp/research/extract/decoded_pck/RIFPCK_TBL.decoded.bin,pck_object_0039_part_005_choice_000_frame_067,pck_object_0039,pck_object_0039_part_005,pck_object_0039_part_005_choice_000,5,0,67,0x004A14,32,248,0x004A16,20F80000DDFF3BFF,0000DDFF3BFFD007390084FFA7019FFF
C:/Users/MadCat/Documents/GitHub/MechwarriorRecomp/research/extract/decoded_pck/RIFPCK_TBL.decoded.bin,pck_object_0039_part_005_choice_000_frame_068,pck_object_0039,pck_object_0039_part_005,pck_object_0039_part_005_choice_000,5,0,68,0x004A1C,208,7,0x004A1E,D007390084FFA701,390084FFA7019FFF9FFFA701A4FFC0FF
C:/Users/MadCat/Documents/GitHub/MechwarriorRecomp/research/extract/decoded_pck/RIFPCK_TBL.decoded.bin,pck_object_0039_part_005_choice_000_frame_069,pck_object_0039,pck_object_0039_part_005,pck_object_0039_part_005_choice_000,5,0,69,0x004A24,159,255,0x004A26,9FFF9FFFA701A4FF,9FFFA701A4FFC0FFBE013F00A4FFBE01
C:/Users/MadCat/Documents/GitHub/MechwarriorRecomp/research/extract/decoded_pck/RIFPCK_TBL.decoded.bin,pck_object_0039_part_005_choice_000_frame_070,pck_object_0039,pck_object_0039_part_005,pck_object_0039_part_005_choice_000,5,0,70,0x004A2C,192,255,0x004A2E,C0FFBE013F00A4FF,BE013F00A4FFBE01FBFFA5FF4D01FBFF
C:/Users/MadCat/Documents/GitHub/MechwarriorRecomp/research/extract/decoded_pck/RIFPCK_TBL.decoded.bin,pck_object_0039_part_005_choice_000_frame_071,pck_object_0039,pck_object_0039_part_005,pck_object_0039_part_005_choice_000,5,0,71,0x004A34,190,1,0x004A36,BE01FBFFA5FF4D01,FBFFA5FF4D01FBFFA5FFB301E5FFA9FF
C:/Users/MadCat/Documents/GitHub/MechwarriorRecomp/research/extract/decoded_pck/RIFPCK_TBL.decoded.bin,pck_object_0039_part_005_choice_000_frame_072,pck_object_0039,pck_object_0039_part_005,pck_object_0039_part_005_choice_000,5,0,72,0x004A3C,251,255,0x004A3E,FBFFA5FFB301E5FF,A5FFB301E5FFA9FFB301E5FFA9FF4D01
C:/Users/MadCat/Documents/GitHub/MechwarriorRecomp/research/extract/decoded_pck/RIFPCK_TBL.decoded.bin,pck_object_0039_part_005_choice_000_frame_073,pck_object_0039,pck_object_0039_part_005,pck_object_0039_part_005_choice_000,5,0,73,0x004A44,169,255,0x004A46,A9FFB301E5FFA9FF,B301E5FFA9FF4D010100620200000400
C:/Users/MadCat/Documents/GitHub/MechwarriorRecomp/research/extract/decoded_pck/RIFPCK_TBL.decoded.bin,pck_object_0039_part_005_choice_000_frame_074,pck_object_0039,pck_object_0039_part_005,pck_object_0039_part_005_choice_000,5,0,74,0x004A4C,77,1,0x004A4E,4D01010062020000,01006202000004006A02000E81010101
C:/Users/MadCat/Documents/GitHub/MechwarriorRecomp/research/extract/decoded_pck/RIFPCK_TBL.decoded.bin,pck_object_0039_part_005_choice_000_frame_075,pck_object_0039,pck_object_0039_part_005,pck_object_0039_part_005_choice_000,5,0,75,0x004A54,4,0,0x004A56,04006A02000E8101,6A02000E8101010101018A0281000000
C:/Users/MadCat/Documents/GitHub/MechwarriorRecomp/research/extract/decoded_pck/RIFPCK_TBL.decoded.bin,pck_object_0039_part_005_choice_000_frame_076,pck_object_0039,pck_object_0039_part_005,pck_object_0039_part_005_choice_000,5,0,76,0x004A5C,1,1,0x004A5E,010101018A028100,01018A02810000000006900281000000
C:/Users/MadCat/Documents/GitHub/MechwarriorRecomp/research/extract/decoded_pck/RIFPCK_TBL.decoded.bin,pck_object_0039_part_005_choice_000_frame_077,pck_object_0039,pck_object_0039_part_005,pck_object_0039_part_005_choice_000,5,0,77,0x004A64,0,0,0x004A66,0000000690028100,00069002810000000009960281000000
C:/Users/MadCat/Documents/GitHub/MechwarriorRecomp/research/extract/decoded_pck/RIFPCK_TBL.decoded.bin,pck_object_0039_part_005_choice_000_frame_078,pck_object_0039,pck_object_0039_part_005,pck_object_0039_part_005_choice_000,5,0,78,0x004A6C,0,0,0x004A6E,0000000996028100,0009960281000000000E9C0202020304
C:/Users/MadCat/Documents/GitHub/MechwarriorRecomp/research/extract/decoded_pck/RIFPCK_TBL.decoded.bin,pck_object_0039_part_005_choice_000_frame_079,pck_object_0039,pck_object_0039_part_005,pck_object_0039_part_005_choice_000,5,0,79,0x004A74,0,0,0x004A76,0000000E9C020202,000E9C020202030405FF0505040708FF
C:/Users/MadCat/Documents/GitHub/MechwarriorRecomp/research/extract/decoded_pck/RIFPCK_TBL.decoded.bin,pck_object_0039_part_005_choice_000_frame_080,pck_object_0039,pck_object_0039_part_005,pck_object_0039_part_005_choice_000,5,0,80,0x004A7C,3,4,0x004A7E,030405FF05050407,05FF0505040708FF0A0A0B0C0DFF0F0F
C:/Users/MadCat/Documents/GitHub/MechwarriorRecomp/research/extract/decoded_pck/RIFPCK_TBL.decoded.bin,pck_object_0039_part_005_choice_000_frame_081,pck_object_0039,pck_object_0039_part_005,pck_object_0039_part_005_choice_000,5,0,81,0x004A84,8,255,0x004A86,08FF0A0A0B0C0DFF,0A0A0B0C0DFF0F0F100302FF0100A602
C:/Users/MadCat/Documents/GitHub/MechwarriorRecomp/research/extract/decoded_pck/RIFPCK_TBL.decoded.bin,pck_object_0039_part_005_choice_000_frame_082,pck_object_0039,pck_object_0039_part_005,pck_object_0039_part_005_choice_000,5,0,82,0x004A8C,15,15,0x004A8E,0F0F100302FF0100,100302FF0100A60200000200AE020100
C:/Users/MadCat/Documents/GitHub/MechwarriorRecomp/research/extract/decoded_pck/RIFPCK_TBL.decoded.bin,pck_object_0039_part_005_choice_000_frame_083,pck_object_0039,pck_object_0039_part_005,pck_object_0039_part_005_choice_000,5,0,83,0x004A94,166,2,0x004A96,A60200000200AE02,00000200AE020100810707070712BE02
C:/Users/MadCat/Documents/GitHub/MechwarriorRecomp/research/extract/decoded_pck/RIFPCK_TBL.decoded.bin,pck_object_0039_part_005_choice_000_frame_084,pck_object_0039,pck_object_0039_part_005,pck_object_0039_part_005_choice_000,5,0,84,0x004A9C,1,0,0x004A9E,0100810707070712,810707070712BE02810000000013C402
C:/Users/MadCat/Documents/GitHub/MechwarriorRecomp/research/extract/decoded_pck/RIFPCK_TBL.decoded.bin,pck_object_0039_part_005_choice_000_frame_085,pck_object_0039,pck_object_0039_part_005,pck_object_0039_part_005_choice_000,5,0,85,0x004AA4,190,2,0x004AA6,BE02810000000013,810000000013C4020F0F080710FF1010
C:/Users/MadCat/Documents/GitHub/MechwarriorRecomp/research/extract/decoded_pck/RIFPCK_TBL.decoded.bin,pck_object_0039_part_005_choice_000_frame_086,pck_object_0039,pck_object_0039_part_005,pck_object_0039_part_005_choice_000,5,0,86,0x004AAC,196,2,0x004AAE,C4020F0F080710FF,0F0F080710FF1010141503FF0100CE02
C:/Users/MadCat/Documents/GitHub/MechwarriorRecomp/research/extract/decoded_pck/RIFPCK_TBL.decoded.bin,pck_object_0039_part_005_choice_000_frame_087,pck_object_0039,pck_object_0039_part_005,pck_object_0039_part_005_choice_000,5,0,87,0x004AB4,16,16,0x004AB6,1010141503FF0100,141503FF0100CE0200000400D602011C
C:/Users/MadCat/Documents/GitHub/MechwarriorRecomp/research/extract/decoded_pck/RIFPCK_TBL.decoded.bin,pck_object_0039_part_005_choice_000_frame_088,pck_object_0039,pck_object_0039_part_005,pck_object_0039_part_005_choice_000,5,0,88,0x004ABC,206,2,0x004ABE,CE0200000400D602,00000400D602011C810000000017F602
C:/Users/MadCat/Documents/GitHub/MechwarriorRecomp/research/extract/decoded_pck/RIFPCK_TBL.decoded.bin,pck_object_0039_part_005_choice_000_frame_089,pck_object_0039,pck_object_0039_part_005,pck_object_0039_part_005_choice_000,5,0,89,0x004AC4,1,28,0x004AC6,011C810000000017,810000000017F602810909090919FB02
C:/Users/MadCat/Documents/GitHub/MechwarriorRecomp/research/extract/decoded_pck/RIFPCK_TBL.decoded.bin,pck_object_0039_part_005_choice_000_frame_090,pck_object_0039,pck_object_0039_part_005,pck_object_0039_part_005_choice_000,5,0,90,0x004ACC,246,2,0x004ACE,F602810909090919,810909090919FB0281080808081B0103
C:/Users/MadCat/Documents/GitHub/MechwarriorRecomp/research/extract/decoded_pck/RIFPCK_TBL.decoded.bin,pck_object_0039_part_005_choice_000_frame_091,pck_object_0039,pck_object_0039_part_005,pck_object_0039_part_005_choice_000,5,0,91,0x004AD4,251,2,0x004AD6,FB0281080808081B,81080808081B010381010101011C0603
C:/Users/MadCat/Documents/GitHub/MechwarriorRecomp/research/extract/decoded_pck/RIFPCK_TBL.decoded.bin,pck_object_0039_part_005_choice_000_frame_092,pck_object_0039,pck_object_0039_part_005,pck_object_0039_part_005_choice_000,5,0,92,0x004ADC,1,3,0x004ADE,010381010101011C,81010101011C06030202180FFF0C0C1A
C:/Users/MadCat/Documents/GitHub/MechwarriorRecomp/research/extract/decoded_pck/RIFPCK_TBL.decoded.bin,pck_object_0039_part_005_choice_000_frame_093,pck_object_0039,pck_object_0039_part_005,pck_object_0039_part_005_choice_000,5,0,93,0x004AE4,6,3,0x004AE6,06030202180FFF0C,0202180FFF0C0C1A1802FF0B0B1A0CFF
C:/Users/MadCat/Documents/GitHub/MechwarriorRecomp/research/extract/decoded_pck/RIFPCK_TBL.decoded.bin,pck_object_0039_part_005_choice_000_frame_094,pck_object_0039,pck_object_0039_part_005,pck_object_0039_part_005_choice_000,5,0,94,0x004AEC,12,26,0x004AEE,0C1A1802FF0B0B1A,1802FF0B0B1A0CFF1A1A0B0F18FF0100
C:/Users/MadCat/Documents/GitHub/MechwarriorRecomp/research/extract/decoded_pck/RIFPCK_TBL.decoded.bin,pck_object_0039_part_005_choice_000_frame_095,pck_object_0039,pck_object_0039_part_005,pck_object_0039_part_005_choice_000,5,0,95,0x004AF4,12,255,0x004AF6,0CFF1A1A0B0F18FF,1A1A0B0F18FF01001003000005001803
C:/Users/MadCat/Documents/GitHub/MechwarriorRecomp/research/extract/decoded_pck/RIFPCK_TBL.decoded.bin,pck_object_0039_part_005_choice_000_frame_096,pck_object_0039,pck_object_0039_part_005,pck_object_0039_part_005_choice_000,5,0,96,0x004AFC,1,0,0x004AFE,0100100300000500,1003000005001803082981000000001E
C:/Users/MadCat/Documents/GitHub/MechwarriorRecomp/research/extract/decoded_pck/RIFPCK_TBL.decoded.bin,pck_object_0039_part_005_choice_000_frame_097,pck_object_0039,pck_object_0039_part_005,pck_object_0039_part_005_choice_000,5,0,97,0x004B04,24,3,0x004B06,1803082981000000,082981000000001E4003810808080824
C:/Users/MadCat/Documents/GitHub/MechwarriorRecomp/research/extract/decoded_pck/RIFPCK_TBL.decoded.bin,pck_object_0039_part_005_choice_000_frame_098,pck_object_0039,pck_object_0039_part_005,pck_object_0039_part_005_choice_000,5,0,98,0x004B0C,0,30,0x004B0E,001E400381080808,40038108080808244703810000000027
C:/Users/MadCat/Documents/GitHub/MechwarriorRecomp/research/extract/decoded_pck/RIFPCK_TBL.decoded.bin,pck_object_0039_part_005_choice_000_frame_099,pck_object_0039,pck_object_0039_part_005,pck_object_0039_part_005_choice_000,5,0,99,0x004B14,8,36,0x004B16,0824470381000000,47038100000000274D03810808080829
C:/Users/MadCat/Documents/GitHub/MechwarriorRecomp/research/extract/decoded_pck/RIFPCK_TBL.decoded.bin,pck_object_0039_part_005_choice_000_frame_100,pck_object_0039,pck_object_0039_part_005,pck_object_0039_part_005_choice_000,5,0,100,0x004B1C,0,39,0x004B1E,00274D0381080808,4D03810808080829530381000000002B
C:/Users/MadCat/Documents/GitHub/MechwarriorRecomp/research/extract/decoded_pck/RIFPCK_TBL.decoded.bin,pck_object_0039_part_005_choice_000_frame_101,pck_object_0039,pck_object_0039_part_005,pck_object_0039_part_005_choice_000,5,0,101,0x004B24,8,41,0x004B26,0829530381000000,530381000000002B59031F1F20212223
C:/Users/MadCat/Documents/GitHub/MechwarriorRecomp/research/extract/decoded_pck/RIFPCK_TBL.decoded.bin,pck_object_0039_part_005_choice_000_frame_102,pck_object_0039,pck_object_0039_part_005,pck_object_0039_part_005_choice_000,5,0,102,0x004B2C,0,43,0x004B2E,002B59031F1F2021,59031F1F20212223FF25251F2326FF28
C:/Users/MadCat/Documents/GitHub/MechwarriorRecomp/research/extract/decoded_pck/RIFPCK_TBL.decoded.bin,pck_object_0039_part_005_choice_000_frame_103,pck_object_0039,pck_object_0039_part_005,pck_object_0039_part_005_choice_000,5,0,103,0x004B34,34,35,0x004B36,2223FF25251F2326,FF25251F2326FF2828201F25FF2A2A21
C:/Users/MadCat/Documents/GitHub/MechwarriorRecomp/research/extract/decoded_pck/RIFPCK_TBL.decoded.bin,pck_object_0039_part_005_choice_000_frame_104,pck_object_0039,pck_object_0039_part_005,pck_object_0039_part_005_choice_000,5,0,104,0x004B3C,255,40,0x004B3E,FF2828201F25FF2A,28201F25FF2A2A212028FF262623212A
C:/Users/MadCat/Documents/GitHub/MechwarriorRecomp/research/extract/decoded_pck/RIFPCK_TBL.decoded.bin,pck_object_0039_part_005_choice_000_frame_105,pck_object_0039,pck_object_0039_part_005,pck_object_0039_part_005_choice_000,5,0,105,0x004B44,42,33,0x004B46,2A212028FF262623,2028FF262623212AFF01006303000005
C:/Users/MadCat/Documents/GitHub/MechwarriorRecomp/research/extract/decoded_pck/RIFPCK_TBL.decoded.bin,pck_object_0039_part_005_choice_000_frame_106,pck_object_0039,pck_object_0039_part_005,pck_object_0039_part_005_choice_000,5,0,106,0x004B4C,33,42,0x004B4E,212AFF0100630300,FF01006303000005006B030837810000
C:/Users/MadCat/Documents/GitHub/MechwarriorRecomp/research/extract/decoded_pck/RIFPCK_TBL.decoded.bin,pck_object_0039_part_005_choice_000_frame_107,pck_object_0039,pck_object_0039_part_005,pck_object_0039_part_005_choice_000,5,0,107,0x004B54,0,5,0x004B56,0005006B03083781,006B03083781000000002D9303810808
C:/Users/MadCat/Documents/GitHub/MechwarriorRecomp/research/extract/decoded_pck/RIFPCK_TBL.decoded.bin,pck_object_0039_part_005_choice_000_frame_108,pck_object_0039,pck_object_0039_part_005,pck_object_0039_part_005_choice_000,5,0,108,0x004B5C,0,0,0x004B5E,000000002D930381,00002D93038108080808329903810000
C:/Users/MadCat/Documents/GitHub/MechwarriorRecomp/research/extract/decoded_pck/RIFPCK_TBL.decoded.bin,pck_object_0039_part_005_choice_000_frame_109,pck_object_0039,pck_object_0039_part_005,pck_object_0039_part_005_choice_000,5,0,109,0x004B64,8,8,0x004B66,0808080832990381,08083299038100000000359F03810808
C:/Users/MadCat/Documents/GitHub/MechwarriorRecomp/research/extract/decoded_pck/RIFPCK_TBL.decoded.bin,pck_object_0039_part_005_choice_000_frame_110,pck_object_0039,pck_object_0039_part_005,pck_object_0039_part_005_choice_000,5,0,110,0x004B6C,0,0,0x004B6E,00000000359F0381,0000359F03810808080837A503810000
C:/Users/MadCat/Documents/GitHub/MechwarriorRecomp/research/extract/decoded_pck/RIFPCK_TBL.decoded.bin,pck_object_0039_part_005_choice_000_frame_111,pck_object_0039,pck_object_0039_part_005,pck_object_0039_part_005_choice_000,5,0,111,0x004B74,8,8,0x004B76,0808080837A50381,080837A503810000000039AB032E2E2F
C:/Users/MadCat/Documents/GitHub/MechwarriorRecomp/research/extract/decoded_pck/RIFPCK_TBL.decoded.bin,pck_object_0039_part_005_choice_000_frame_112,pck_object_0039,pck_object_0039_part_005,pck_object_0039_part_005_choice_000,5,0,112,0x004B7C,0,0,0x004B7E,0000000039AB032E,000039AB032E2E2F3031FF313133342E
C:/Users/MadCat/Documents/GitHub/MechwarriorRecomp/research/extract/decoded_pck/RIFPCK_TBL.decoded.bin,pck_object_0039_part_005_choice_000_frame_113,pck_object_0039,pck_object_0039_part_005,pck_object_0039_part_005_choice_000,5,0,113,0x004B84,46,47,0x004B86,2E2F3031FF313133,3031FF313133342EFF3030363331FF2F
C:/Users/MadCat/Documents/GitHub/MechwarriorRecomp/research/extract/decoded_pck/RIFPCK_TBL.decoded.bin,pck_object_0039_part_005_choice_000_frame_114,pck_object_0039,pck_object_0039_part_005,pck_object_0039_part_005_choice_000,5,0,114,0x004B8C,52,46,0x004B8E,342EFF3030363331,FF3030363331FF2F2F383630FF343438
C:/Users/MadCat/Documents/GitHub/MechwarriorRecomp/research/extract/decoded_pck/RIFPCK_TBL.decoded.bin,pck_object_0039_part_005_choice_000_frame_115,pck_object_0039,pck_object_0039_part_005,pck_object_0039_part_005_choice_000,5,0,115,0x004B94,255,47,0x004B96,FF2F2F383630FF34,2F383630FF3434382F2EFF0100B50300
C:/Users/MadCat/Documents/GitHub/MechwarriorRecomp/research/extract/decoded_pck/RIFPCK_TBL.decoded.bin,pck_object_0039_part_005_choice_000_frame_116,pck_object_0039,pck_object_0039_part_005,pck_object_0039_part_005_choice_000,5,0,116,0x004B9C,52,56,0x004B9E,34382F2EFF0100B5,2F2EFF0100B50300000400BD03011C81
C:/Users/MadCat/Documents/GitHub/MechwarriorRecomp/research/extract/decoded_pck/RIFPCK_TBL.decoded.bin,pck_object_0039_part_005_choice_000_frame_117,pck_object_0039,pck_object_0039_part_005,pck_object_0039_part_005_choice_000,5,0,117,0x004BA4,3,0,0x004BA6,0300000400BD0301,000400BD03011C81000000003BDD0381
C:/Users/MadCat/Documents/GitHub/MechwarriorRecomp/research/extract/decoded_pck/RIFPCK_TBL.decoded.bin,pck_object_0039_part_005_choice_000_frame_118,pck_object_0039,pck_object_0039_part_005,pck_object_0039_part_005_choice_000,5,0,118,0x004BAC,28,129,0x004BAE,1C81000000003BDD,000000003BDD0381090909093DE20381
C:/Users/MadCat/Documents/GitHub/MechwarriorRecomp/research/extract/decoded_pck/RIFPCK_TBL.decoded.bin,pck_object_0039_part_005_choice_000_frame_119,pck_object_0039,pck_object_0039_part_005,pck_object_0039_part_005_choice_000,5,0,119,0x004BB4,3,129,0x004BB6,0381090909093DE2,090909093DE20381080808083FE80381
C:/Users/MadCat/Documents/GitHub/MechwarriorRecomp/research/extract/decoded_pck/RIFPCK_TBL.decoded.bin,pck_object_0039_part_005_choice_000_frame_120,pck_object_0039,pck_object_0039_part_005,pck_object_0039_part_005_choice_000,5,0,120,0x004BBC,3,129,0x004BBE,0381080808083FE8,080808083FE803810101010140ED0308
C:/Users/MadCat/Documents/GitHub/MechwarriorRecomp/research/extract/decoded_pck/RIFPCK_TBL.decoded.bin,pck_object_0039_part_005_choice_000_frame_121,pck_object_0039,pck_object_0039_part_005,pck_object_0039_part_005_choice_000,5,0,121,0x004BC4,3,129,0x004BC6,03810101010140ED,0101010140ED0308083C05FF3C3C3E0D
C:/Users/MadCat/Documents/GitHub/MechwarriorRecomp/research/extract/decoded_pck/RIFPCK_TBL.decoded.bin,pck_object_0039_part_005_choice_000_frame_122,pck_object_0039,pck_object_0039_part_005,pck_object_0039_part_005_choice_000,5,0,122,0x004BCC,3,8,0x004BCE,0308083C05FF3C3C,083C05FF3C3C3E0D05FF0D0D3E0AFF0A
C:/Users/MadCat/Documents/GitHub/MechwarriorRecomp/research/extract/decoded_pck/RIFPCK_TBL.decoded.bin,pck_object_0039_part_005_choice_000_frame_123,pck_object_0039,pck_object_0039_part_005,pck_object_0039_part_005_choice_000,5,0,123,0x004BD4,62,13,0x004BD6,3E0D05FF0D0D3E0A,05FF0D0D3E0AFF0A0A3E3C08FF0100F7
C:/Users/MadCat/Documents/GitHub/MechwarriorRecomp/research/extract/decoded_pck/RIFPCK_TBL.decoded.bin,pck_object_0039_part_005_choice_000_frame_124,pck_object_0039,pck_object_0039_part_005,pck_object_0039_part_005_choice_000,5,0,124,0x004BDC,255,10,0x004BDE,FF0A0A3E3C08FF01,0A3E3C08FF0100F70300000500FF0300
C:/Users/MadCat/Documents/GitHub/MechwarriorRecomp/research/extract/decoded_pck/RIFPCK_TBL.decoded.bin,pck_object_0039_part_005_choice_000_frame_125,pck_object_0039,pck_object_0039_part_005,pck_object_0039_part_005_choice_000,5,0,125,0x004BE4,0,247,0x004BE6,00F70300000500FF,0300000500FF03001B81000000001327
C:/Users/MadCat/Documents/GitHub/MechwarriorRecomp/research/extract/decoded_pck/RIFPCK_TBL.decoded.bin,pck_object_0039_part_005_choice_000_frame_126,pck_object_0039,pck_object_0039_part_005,pck_object_0039_part_005_choice_000,5,0,126,0x004BEC,3,0,0x004BEE,03001B8100000000,1B810000000013270481000000000E2D
C:/Users/MadCat/Documents/GitHub/MechwarriorRecomp/research/extract/decoded_pck/RIFPCK_TBL.decoded.bin,pck_object_0039_part_005_choice_000_frame_127,pck_object_0039,pck_object_0039_part_005,pck_object_0039_part_005_choice_000,5,0,127,0x004BF4,19,39,0x004BF6,1327048100000000,0481000000000E2D0481010101014833
C:/Users/MadCat/Documents/GitHub/MechwarriorRecomp/research/extract/decoded_pck/RIFPCK_TBL.decoded.bin,pck_object_0039_part_005_choice_000_frame_128,pck_object_0039,pck_object_0039_part_005,pck_object_0039_part_005_choice_000,5,0,128,0x004BFC,14,45,0x004BFE,0E2D048101010101,04810101010148330481000000004A39
C:/Users/MadCat/Documents/GitHub/MechwarriorRecomp/research/extract/decoded_pck/RIFPCK_TBL.decoded.bin,pck_object_0039_part_006_choice_000_frame_000,pck_object_0039,pck_object_0039_part_006,pck_object_0039_part_006_choice_000,6,0,0,0x0047FC,128,0,0x0047FE,8000CB0100000000,CB0100000000000008001A0000565A00
C:/Users/MadCat/Documents/GitHub/MechwarriorRecomp/research/extract/decoded_pck/RIFPCK_TBL.decoded.bin,pck_object_0039_part_006_choice_000_frame_001,pck_object_0039,pck_object_0039_part_006,pck_object_0039_part_006_choice_000,6,0,1,0x004804,0,0,0x004806,000008001A000056,08001A0000565A0001005E0211565A00
C:/Users/MadCat/Documents/GitHub/MechwarriorRecomp/research/extract/decoded_pck/RIFPCK_TBL.decoded.bin,pck_object_0039_part_006_choice_000_frame_002,pck_object_0039,pck_object_0039_part_006,pck_object_0039_part_006_choice_000,6,0,2,0x00480C,90,0,0x00480E,5A0001005E021156,01005E0211565A000100A20216565A00
C:/Users/MadCat/Documents/GitHub/MechwarriorRecomp/research/extract/decoded_pck/RIFPCK_TBL.decoded.bin,pck_object_0039_part_006_choice_000_frame_003,pck_object_0039,pck_object_0039_part_006,pck_object_0039_part_006_choice_000,6,0,3,0x004814,90,0,0x004816,5A000100A2021656,0100A20216565A000100CA021D565A00
C:/Users/MadCat/Documents/GitHub/MechwarriorRecomp/research/extract/decoded_pck/RIFPCK_TBL.decoded.bin,pck_object_0039_part_006_choice_000_frame_004,pck_object_0039,pck_object_0039_part_006,pck_object_0039_part_006_choice_000,6,0,4,0x00481C,90,0,0x00481E,5A000100CA021D56,0100CA021D565A0001000C032C565A00
C:/Users/MadCat/Documents/GitHub/MechwarriorRecomp/research/extract/decoded_pck/RIFPCK_TBL.decoded.bin,pck_object_0039_part_006_choice_000_frame_005,pck_object_0039,pck_object_0039_part_006,pck_object_0039_part_006_choice_000,6,0,5,0x004824,90,0,0x004826,5A0001000C032C56,01000C032C565A0001005F033A565A00
C:/Users/MadCat/Documents/GitHub/MechwarriorRecomp/research/extract/decoded_pck/RIFPCK_TBL.decoded.bin,pck_object_0039_part_006_choice_000_frame_006,pck_object_0039,pck_object_0039_part_006,pck_object_0039_part_006_choice_000,6,0,6,0x00482C,90,0,0x00482E,5A0001005F033A56,01005F033A565A000100B10341565A00
C:/Users/MadCat/Documents/GitHub/MechwarriorRecomp/research/extract/decoded_pck/RIFPCK_TBL.decoded.bin,pck_object_0039_part_006_choice_000_frame_007,pck_object_0039,pck_object_0039_part_006,pck_object_0039_part_006_choice_000,6,0,7,0x004834,90,0,0x004836,5A000100B1034156,0100B10341565A000100F3034D565A00
C:/Users/MadCat/Documents/GitHub/MechwarriorRecomp/research/extract/decoded_pck/RIFPCK_TBL.decoded.bin,pck_object_0039_part_006_choice_000_frame_008,pck_object_0039,pck_object_0039_part_006,pck_object_0039_part_006_choice_000,6,0,8,0x00483C,90,0,0x00483E,5A000100F3034D56,0100F3034D565A000100450408003100
C:/Users/MadCat/Documents/GitHub/MechwarriorRecomp/research/extract/decoded_pck/RIFPCK_TBL.decoded.bin,pck_object_0039_part_006_choice_000_frame_009,pck_object_0039,pck_object_0039_part_006,pck_object_0039_part_006_choice_000,6,0,9,0x004844,90,0,0x004846,5A00010045040800,010045040800310064005A01A50714FE
C:/Users/MadCat/Documents/GitHub/MechwarriorRecomp/research/extract/decoded_pck/RIFPCK_TBL.decoded.bin,pck_object_0039_part_006_choice_000_frame_010,pck_object_0039,pck_object_0039_part_006,pck_object_0039_part_006_choice_000,6,0,10,0x00484C,49,0,0x00484E,310064005A01A507,64005A01A50714FE8AFF6F00E80082FF
C:/Users/MadCat/Documents/GitHub/MechwarriorRecomp/research/extract/decoded_pck/RIFPCK_TBL.decoded.bin,pck_object_0039_part_006_choice_000_frame_011,pck_object_0039,pck_object_0039_part_006,pck_object_0039_part_006_choice_000,6,0,11,0x004854,20,254,0x004856,14FE8AFF6F00E800,8AFF6F00E80082FF430034008C001400
C:/Users/MadCat/Documents/GitHub/MechwarriorRecomp/research/extract/decoded_pck/RIFPCK_TBL.decoded.bin,pck_object_0039_part_006_choice_000_frame_012,pck_object_0039,pck_object_0039_part_006,pck_object_0039_part_006_choice_000,6,0,12,0x00485C,130,255,0x00485E,82FF430034008C00,430034008C001400340094004000E800
C:/Users/MadCat/Documents/GitHub/MechwarriorRecomp/research/extract/decoded_pck/RIFPCK_TBL.decoded.bin,pck_object_0039_part_006_choice_000_frame_013,pck_object_0039,pck_object_0039_part_006,pck_object_0039_part_006_choice_000,6,0,13,0x004864,20,0,0x004866,1400340094004000,340094004000E800E0079BFEFFFF7C00
C:/Users/MadCat/Documents/GitHub/MechwarriorRecomp/research/extract/decoded_pck/RIFPCK_TBL.decoded.bin,pck_object_0039_part_006_choice_000_frame_014,pck_object_0039,pck_object_0039_part_006,pck_object_0039_part_006_choice_000,6,0,14,0x00486C,232,0,0x00486E,E800E0079BFEFFFF,E0079BFEFFFF7C00BCFF3400750090FF
C:/Users/MadCat/Documents/GitHub/MechwarriorRecomp/research/extract/decoded_pck/RIFPCK_TBL.decoded.bin,pck_object_0039_part_006_choice_000_frame_015,pck_object_0039,pck_object_0039_part_006,pck_object_0039_part_006_choice_000,6,0,15,0x004874,124,0,0x004876,7C00BCFF34007500,BCFF3400750090FF4D01AF00DF03F706
C:/Users/MadCat/Documents/GitHub/MechwarriorRecomp/research/extract/decoded_pck/RIFPCK_TBL.decoded.bin,pck_object_0039_part_006_choice_000_frame_016,pck_object_0039,pck_object_0039_part_006,pck_object_0039_part_006_choice_000,6,0,16,0x00487C,144,255,0x00487E,90FF4D01AF00DF03,4D01AF00DF03F7061C00A0FF4D01C4FF
C:/Users/MadCat/Documents/GitHub/MechwarriorRecomp/research/extract/decoded_pck/RIFPCK_TBL.decoded.bin,pck_object_0039_part_006_choice_000_frame_017,pck_object_0039,pck_object_0039_part_006,pck_object_0039_part_006_choice_000,6,0,17,0x004884,247,6,0x004886,F7061C00A0FF4D01,1C00A0FF4D01C4FFAFFF4D01E3FF5F00
C:/Users/MadCat/Documents/GitHub/MechwarriorRecomp/research/extract/decoded_pck/RIFPCK_TBL.decoded.bin,pck_object_0039_part_006_choice_000_frame_018,pck_object_0039,pck_object_0039_part_006,pck_object_0039_part_006_choice_000,6,0,18,0x00488C,196,255,0x00488E,C4FFAFFF4D01E3FF,AFFF4D01E3FF5F00E8003B004F00E800
C:/Users/MadCat/Documents/GitHub/MechwarriorRecomp/research/extract/decoded_pck/RIFPCK_TBL.decoded.bin,pck_object_0039_part_006_choice_000_frame_019,pck_object_0039,pck_object_0039_part_006,pck_object_0039_part_006_choice_000,6,0,19,0x004894,95,0,0x004896,5F00E8003B004F00,E8003B004F00E80020F8650100006BFF
C:/Users/MadCat/Documents/GitHub/MechwarriorRecomp/research/extract/decoded_pck/RIFPCK_TBL.decoded.bin,pck_object_0039_part_006_choice_000_frame_020,pck_object_0039,pck_object_0039_part_006,pck_object_0039_part_006_choice_000,6,0,20,0x00489C,232,0,0x00489E,E80020F865010000,20F8650100006BFFBFFF4D0173FFEBFF
C:/Users/MadCat/Documents/GitHub/MechwarriorRecomp/research/extract/decoded_pck/RIFPCK_TBL.decoded.bin,pck_object_0039_part_006_choice_000_frame_021,pck_object_0039,pck_object_0039_part_006,pck_object_0039_part_006_choice_000,6,0,21,0x0048A4,107,255,0x0048A6,6BFFBFFF4D0173FF,BFFF4D0173FFEBFF3400A8FF13FECEFF
C:/Users/MadCat/Documents/GitHub/MechwarriorRecomp/research/extract/decoded_pck/RIFPCK_TBL.decoded.bin,pck_object_0039_part_006_choice_000_frame_022,pck_object_0039,pck_object_0039_part_006,pck_object_0039_part_006_choice_000,6,0,22,0x0048AC,235,255,0x0048AE,EBFF3400A8FF13FE,3400A8FF13FECEFFA0FE39F8C0FE0000
C:/Users/MadCat/Documents/GitHub/MechwarriorRecomp/research/extract/decoded_pck/RIFPCK_TBL.decoded.bin,pck_object_0039_part_006_choice_000_frame_023,pck_object_0039,pck_object_0039_part_006,pck_object_0039_part_006_choice_000,6,0,23,0x0048B4,206,255,0x0048B6,CEFFA0FE39F8C0FE,A0FE39F8C0FE0000000000F87100BEFF
C:/Users/MadCat/Documents/GitHub/MechwarriorRecomp/research/extract/decoded_pck/RIFPCK_TBL.decoded.bin,pck_object_0039_part_006_choice_000_frame_024,pck_object_0039,pck_object_0039_part_006,pck_object_0039_part_006_choice_000,6,0,24,0x0048BC,0,0,0x0048BE,0000000000F87100,000000F87100BEFF3400810016003400
C:/Users/MadCat/Documents/GitHub/MechwarriorRecomp/research/extract/decoded_pck/RIFPCK_TBL.decoded.bin,pck_object_0039_part_006_choice_000_frame_025,pck_object_0039,pck_object_0039_part_006,pck_object_0039_part_006_choice_000,6,0,25,0x0048C4,190,255,0x0048C6,BEFF340081001600,34008100160034006AFE4302F40121F8
C:/Users/MadCat/Documents/GitHub/MechwarriorRecomp/research/extract/decoded_pck/RIFPCK_TBL.decoded.bin,pck_object_0039_part_006_choice_000_frame_026,pck_object_0039,pck_object_0039_part_006,pck_object_0039_part_006_choice_000,6,0,26,0x0048CC,52,0,0x0048CE,34006AFE4302F401,6AFE4302F40121F8680101007BFF1600
C:/Users/MadCat/Documents/GitHub/MechwarriorRecomp/research/extract/decoded_pck/RIFPCK_TBL.decoded.bin,pck_object_0039_part_006_choice_000_frame_027,pck_object_0039,pck_object_0039_part_006,pck_object_0039_part_006_choice_000,6,0,27,0x0048D4,33,248,0x0048D6,21F8680101007BFF,680101007BFF160086013601D506FA03
C:/Users/MadCat/Documents/GitHub/MechwarriorRecomp/research/extract/decoded_pck/RIFPCK_TBL.decoded.bin,pck_object_0039_part_006_choice_000_frame_028,pck_object_0039,pck_object_0039_part_006,pck_object_0039_part_006_choice_000,6,0,28,0x0048DC,22,0,0x0048DE,160086013601D506,86013601D506FA03D3FF06008601DF07
C:/Users/MadCat/Documents/GitHub/MechwarriorRecomp/research/extract/decoded_pck/RIFPCK_TBL.decoded.bin,pck_object_0039_part_006_choice_000_frame_029,pck_object_0039,pck_object_0039_part_006,pck_object_0039_part_006_choice_000,6,0,29,0x0048E4,250,3,0x0048E6,FA03D3FF06008601,D3FF06008601DF0798FEFFFF42FFCCFB
C:/Users/MadCat/Documents/GitHub/MechwarriorRecomp/research/extract/decoded_pck/RIFPCK_TBL.decoded.bin,pck_object_0039_part_006_choice_000_frame_030,pck_object_0039,pck_object_0039_part_006,pck_object_0039_part_006_choice_000,6,0,30,0x0048EC,223,7,0x0048EE,DF0798FEFFFF42FF,98FEFFFF42FFCCFBC40627FCAE000000
C:/Users/MadCat/Documents/GitHub/MechwarriorRecomp/research/extract/decoded_pck/RIFPCK_TBL.decoded.bin,pck_object_0039_part_006_choice_000_frame_031,pck_object_0039,pck_object_0039_part_006,pck_object_0039_part_006_choice_000,6,0,31,0x0048F4,204,251,0x0048F6,CCFBC40627FCAE00,C40627FCAE0000001DF85601000049FF
C:/Users/MadCat/Documents/GitHub/MechwarriorRecomp/research/extract/decoded_pck/RIFPCK_TBL.decoded.bin,pck_object_0039_part_006_choice_000_frame_032,pck_object_0039,pck_object_0039_part_006,pck_object_0039_part_006_choice_000,6,0,32,0x0048FC,0,0,0x0048FE,00001DF856010000,1DF85601000049FF4200D2003EFF0000
C:/Users/MadCat/Documents/GitHub/MechwarriorRecomp/research/extract/decoded_pck/RIFPCK_TBL.decoded.bin,pck_object_0039_part_006_choice_000_frame_033,pck_object_0039,pck_object_0039_part_006,pck_object_0039_part_006_choice_000,6,0,33,0x004904,73,255,0x004906,49FF4200D2003EFF,4200D2003EFF0000D2003EFF0000A500
C:/Users/MadCat/Documents/GitHub/MechwarriorRecomp/research/extract/decoded_pck/RIFPCK_TBL.decoded.bin,pck_object_0039_part_006_choice_000_frame_034,pck_object_0039,pck_object_0039_part_006,pck_object_0039_part_006_choice_000,6,0,34,0x00490C,0,0,0x00490E,0000D2003EFF0000,D2003EFF0000A50048FF3700A50049FF
C:/Users/MadCat/Documents/GitHub/MechwarriorRecomp/research/extract/decoded_pck/RIFPCK_TBL.decoded.bin,pck_object_0039_part_006_choice_000_frame_035,pck_object_0039,pck_object_0039_part_006,pck_object_0039_part_006_choice_000,6,0,35,0x004914,165,0,0x004916,A50048FF3700A500,48FF3700A50049FF4200A5006A01DF07
C:/Users/MadCat/Documents/GitHub/MechwarriorRecomp/research/extract/decoded_pck/RIFPCK_TBL.decoded.bin,pck_object_0039_part_006_choice_000_frame_036,pck_object_0039,pck_object_0039_part_006,pck_object_0039_part_006_choice_000,6,0,36,0x00491C,73,255,0x00491E,49FF4200A5006A01,4200A5006A01DF07000081FF3800E800
C:/Users/MadCat/Documents/GitHub/MechwarriorRecomp/research/extract/decoded_pck/RIFPCK_TBL.decoded.bin,pck_object_0039_part_006_choice_000_frame_037,pck_object_0039,pck_object_0039_part_006,pck_object_0039_part_006_choice_000,6,0,37,0x004924,223,7,0x004926,DF07000081FF3800,000081FF3800E80081FF3800610010FD
C:/Users/MadCat/Documents/GitHub/MechwarriorRecomp/research/extract/decoded_pck/RIFPCK_TBL.decoded.bin,pck_object_0039_part_006_choice_000_frame_038,pck_object_0039,pck_object_0039_part_006,pck_object_0039_part_006_choice_000,6,0,38,0x00492C,232,0,0x00492E,E80081FF38006100,81FF3800610010FD7F006C0775FFF6FF
C:/Users/MadCat/Documents/GitHub/MechwarriorRecomp/research/extract/decoded_pck/RIFPCK_TBL.decoded.bin,pck_object_0039_part_006_choice_000_frame_039,pck_object_0039,pck_object_0039_part_006,pck_object_0039_part_006_choice_000,6,0,39,0x004934,16,253,0x004936,10FD7F006C0775FF,7F006C0775FFF6FFE8008FFE22F80000
C:/Users/MadCat/Documents/GitHub/MechwarriorRecomp/research/extract/decoded_pck/RIFPCK_TBL.decoded.bin,pck_object_0039_part_006_choice_000_frame_040,pck_object_0039,pck_object_0039_part_006,pck_object_0039_part_006_choice_000,6,0,40,0x00493C,246,255,0x00493E,F6FFE8008FFE22F8,E8008FFE22F8000075FFF6FF6100FBF9
C:/Users/MadCat/Documents/GitHub/MechwarriorRecomp/research/extract/decoded_pck/RIFPCK_TBL.decoded.bin,pck_object_0039_part_006_choice_000_frame_041,pck_object_0039,pck_object_0039_part_006,pck_object_0039_part_006_choice_000,6,0,41,0x004944,0,0,0x004946,000075FFF6FF6100,75FFF6FF6100FBF90501D5FAD80351FF
C:/Users/MadCat/Documents/GitHub/MechwarriorRecomp/research/extract/decoded_pck/RIFPCK_TBL.decoded.bin,pck_object_0039_part_006_choice_000_frame_042,pck_object_0039,pck_object_0039_part_006,pck_object_0039_part_006_choice_000,6,0,42,0x00494C,251,249,0x00494E,FBF90501D5FAD803,0501D5FAD80351FF0000E307AAFE0000
C:/Users/MadCat/Documents/GitHub/MechwarriorRecomp/research/extract/decoded_pck/RIFPCK_TBL.decoded.bin,pck_object_0039_part_006_choice_000_frame_043,pck_object_0039,pck_object_0039_part_006,pck_object_0039_part_006_choice_000,6,0,43,0x004954,81,255,0x004956,51FF0000E307AAFE,0000E307AAFE0000C100FFFFA500B600
C:/Users/MadCat/Documents/GitHub/MechwarriorRecomp/research/extract/decoded_pck/RIFPCK_TBL.decoded.bin,pck_object_0039_part_006_choice_000_frame_044,pck_object_0039,pck_object_0039_part_006,pck_object_0039_part_006_choice_000,6,0,44,0x00495C,0,0,0x00495E,0000C100FFFFA500,C100FFFFA500B600BDFFA500B600BDFF
C:/Users/MadCat/Documents/GitHub/MechwarriorRecomp/research/extract/decoded_pck/RIFPCK_TBL.decoded.bin,pck_object_0039_part_006_choice_000_frame_045,pck_object_0039,pck_object_0039_part_006,pck_object_0039_part_006_choice_000,6,0,45,0x004964,182,0,0x004966,B600BDFFA500B600,BDFFA500B600BDFFD200C100FFFFD200
C:/Users/MadCat/Documents/GitHub/MechwarriorRecomp/research/extract/decoded_pck/RIFPCK_TBL.decoded.bin,pck_object_0039_part_006_choice_000_frame_046,pck_object_0039,pck_object_0039_part_006,pck_object_0039_part_006_choice_000,6,0,46,0x00496C,189,255,0x00496E,BDFFD200C100FFFF,D200C100FFFFD2007101DE0700008A00
C:/Users/MadCat/Documents/GitHub/MechwarriorRecomp/research/extract/decoded_pck/RIFPCK_TBL.decoded.bin,pck_object_0039_part_006_choice_000_frame_047,pck_object_0039,pck_object_0039_part_006,pck_object_0039_part_006_choice_000,6,0,47,0x004974,210,0,0x004976,D2007101DE070000,7101DE0700008A000900E8008A000900
C:/Users/MadCat/Documents/GitHub/MechwarriorRecomp/research/extract/decoded_pck/RIFPCK_TBL.decoded.bin,pck_object_0039_part_006_choice_000_frame_048,pck_object_0039,pck_object_0039_part_006,pck_object_0039_part_006_choice_000,6,0,48,0x00497C,138,0,0x00497E,8A000900E8008A00,0900E8008A0009006100E10277FF7107
C:/Users/MadCat/Documents/GitHub/MechwarriorRecomp/research/extract/decoded_pck/RIFPCK_TBL.decoded.bin,pck_object_0039_part_006_choice_000_frame_049,pck_object_0039,pck_object_0039_part_006,pck_object_0039_part_006_choice_000,6,0,49,0x004984,9,0,0x004986,09006100E10277FF,6100E10277FF71077E00C7FFE80096FE
C:/Users/MadCat/Documents/GitHub/MechwarriorRecomp/research/extract/decoded_pck/RIFPCK_TBL.decoded.bin,pck_object_0039_part_006_choice_000_frame_050,pck_object_0039,pck_object_0039_part_006,pck_object_0039_part_006_choice_000,6,0,50,0x00498C,113,7,0x00498E,71077E00C7FFE800,7E00C7FFE80096FE21F800007E00C7FF
C:/Users/MadCat/Documents/GitHub/MechwarriorRecomp/research/extract/decoded_pck/RIFPCK_TBL.decoded.bin,pck_object_0039_part_006_choice_000_frame_051,pck_object_0039,pck_object_0039_part_006,pck_object_0039_part_006_choice_000,6,0,51,0x004994,150,254,0x004996,96FE21F800007E00,21F800007E00C7FF61000006E2FED5FA
C:/Users/MadCat/Documents/GitHub/MechwarriorRecomp/research/extract/decoded_pck/RIFPCK_TBL.decoded.bin,pck_object_0039_part_006_choice_000_frame_052,pck_object_0039,pck_object_0039_part_006,pck_object_0039_part_006_choice_000,6,0,52,0x00499C,199,255,0x00499E,C7FF61000006E2FE,61000006E2FED5FA43029501F401E007
C:/Users/MadCat/Documents/GitHub/MechwarriorRecomp/research/extract/decoded_pck/RIFPCK_TBL.decoded.bin,pck_object_0039_part_006_choice_000_frame_053,pck_object_0039,pck_object_0039_part_006,pck_object_0039_part_006_choice_000,6,0,53,0x0049A4,213,250,0x0049A6,D5FA43029501F401,43029501F401E0079AFE01008400E9FF
C:/Users/MadCat/Documents/GitHub/MechwarriorRecomp/research/extract/decoded_pck/RIFPCK_TBL.decoded.bin,pck_object_0039_part_006_choice_000_frame_054,pck_object_0039,pck_object_0039_part_006,pck_object_0039_part_006_choice_000,6,0,54,0x0049AC,224,7,0x0049AE,E0079AFE01008400,9AFE01008400E9FF86013701DA06F003
C:/Users/MadCat/Documents/GitHub/MechwarriorRecomp/research/extract/decoded_pck/RIFPCK_TBL.decoded.bin,pck_object_0039_part_006_choice_000_frame_055,pck_object_0039,pck_object_0039_part_006,pck_object_0039_part_006_choice_000,6,0,55,0x0049B4,233,255,0x0049B6,E9FF86013701DA06,86013701DA06F0032B00F9FF860120F8
C:/Users/MadCat/Documents/GitHub/MechwarriorRecomp/research/extract/decoded_pck/RIFPCK_TBL.decoded.bin,pck_object_0039_part_006_choice_000_frame_056,pck_object_0039,pck_object_0039_part_006,pck_object_0039_part_006_choice_000,6,0,56,0x0049BC,240,3,0x0049BE,F0032B00F9FF8601,2B00F9FF860120F86601FFFF43FFD6FB
C:/Users/MadCat/Documents/GitHub/MechwarriorRecomp/research/extract/decoded_pck/RIFPCK_TBL.decoded.bin,pck_object_0039_part_006_choice_000_frame_057,pck_object_0039,pck_object_0039_part_006,pck_object_0039_part_006_choice_000,6,0,57,0x0049C4,32,248,0x0049C6,20F86601FFFF43FF,6601FFFF43FFD6FBCA060800310018FC
C:/Users/MadCat/Documents/GitHub/MechwarriorRecomp/research/extract/decoded_pck/RIFPCK_TBL.decoded.bin,pck_object_0039_part_006_choice_000_frame_058,pck_object_0039,pck_object_0039_part_006,pck_object_0039_part_006_choice_000,6,0,58,0x0049CC,214,251,0x0049CE,D6FBCA0608003100,CA060800310018FCCCFFDBFFC4FF2400
C:/Users/MadCat/Documents/GitHub/MechwarriorRecomp/research/extract/decoded_pck/RIFPCK_TBL.decoded.bin,pck_object_0039_part_006_choice_000_frame_059,pck_object_0039,pck_object_0039_part_006,pck_object_0039_part_006_choice_000,6,0,59,0x0049D4,24,252,0x0049D6,18FCCCFFDBFFC4FF,CCFFDBFFC4FF2400CCFFC4FF33002400
C:/Users/MadCat/Documents/GitHub/MechwarriorRecomp/research/extract/decoded_pck/RIFPCK_TBL.decoded.bin,pck_object_0039_part_006_choice_000_frame_060,pck_object_0039,pck_object_0039_part_006,pck_object_0039_part_006_choice_000,6,0,60,0x0049DC,36,0,0x0049DE,2400CCFFC4FF3300,CCFFC4FF33002400C4FFDBFF3300C4FF
C:/Users/MadCat/Documents/GitHub/MechwarriorRecomp/research/extract/decoded_pck/RIFPCK_TBL.decoded.bin,pck_object_0039_part_006_choice_000_frame_061,pck_object_0039,pck_object_0039_part_006,pck_object_0039_part_006_choice_000,6,0,61,0x0049E4,36,0,0x0049E6,2400C4FFDBFF3300,C4FFDBFF3300C4FFCCFFDBFF3400DBFF
C:/Users/MadCat/Documents/GitHub/MechwarriorRecomp/research/extract/decoded_pck/RIFPCK_TBL.decoded.bin,pck_object_0039_part_006_choice_000_frame_062,pck_object_0039,pck_object_0039_part_006,pck_object_0039_part_006_choice_000,6,0,62,0x0049EC,196,255,0x0049EE,C4FFCCFFDBFF3400,CCFFDBFF3400DBFF330034006501E007
C:/Users/MadCat/Documents/GitHub/MechwarriorRecomp/research/extract/decoded_pck/RIFPCK_TBL.decoded.bin,pck_object_0039_part_006_choice_000_frame_063,pck_object_0039,pck_object_0039_part_006,pck_object_0039_part_006_choice_000,6,0,63,0x0049F4,219,255,0x0049F6,DBFF330034006501,330034006501E0070000330024003400
C:/Users/MadCat/Documents/GitHub/MechwarriorRecomp/research/extract/decoded_pck/RIFPCK_TBL.decoded.bin,pck_object_0039_part_006_choice_000_frame_064,pck_object_0039,pck_object_0039_part_006,pck_object_0039_part_006_choice_000,6,0,64,0x0049FC,224,7,0x0049FE,E007000033002400,0000330024003400E0079BFE00002400
C:/Users/MadCat/Documents/GitHub/MechwarriorRecomp/research/extract/decoded_pck/RIFPCK_TBL.decoded.bin,pck_object_0039_part_006_choice_000_frame_065,pck_object_0039,pck_object_0039_part_006,pck_object_0039_part_006_choice_000,6,0,65,0x004A04,52,0,0x004A06,3400E0079BFE0000,E0079BFE00002400CCFF34009BFE20F8
C:/Users/MadCat/Documents/GitHub/MechwarriorRecomp/research/extract/decoded_pck/RIFPCK_TBL.decoded.bin,pck_object_0039_part_006_choice_000_frame_066,pck_object_0039,pck_object_0039_part_006,pck_object_0039_part_006_choice_000,6,0,66,0x004A0C,36,0,0x004A0E,2400CCFF34009BFE,CCFF34009BFE20F80000DDFF3BFFD007
C:/Users/MadCat/Documents/GitHub/MechwarriorRecomp/research/extract/decoded_pck/RIFPCK_TBL.decoded.bin,pck_object_0039_part_006_choice_000_frame_067,pck_object_0039,pck_object_0039_part_006,pck_object_0039_part_006_choice_000,6,0,67,0x004A14,32,248,0x004A16,20F80000DDFF3BFF,0000DDFF3BFFD007390084FFA7019FFF
C:/Users/MadCat/Documents/GitHub/MechwarriorRecomp/research/extract/decoded_pck/RIFPCK_TBL.decoded.bin,pck_object_0039_part_006_choice_000_frame_068,pck_object_0039,pck_object_0039_part_006,pck_object_0039_part_006_choice_000,6,0,68,0x004A1C,208,7,0x004A1E,D007390084FFA701,390084FFA7019FFF9FFFA701A4FFC0FF
C:/Users/MadCat/Documents/GitHub/MechwarriorRecomp/research/extract/decoded_pck/RIFPCK_TBL.decoded.bin,pck_object_0039_part_006_choice_000_frame_069,pck_object_0039,pck_object_0039_part_006,pck_object_0039_part_006_choice_000,6,0,69,0x004A24,159,255,0x004A26,9FFF9FFFA701A4FF,9FFFA701A4FFC0FFBE013F00A4FFBE01
C:/Users/MadCat/Documents/GitHub/MechwarriorRecomp/research/extract/decoded_pck/RIFPCK_TBL.decoded.bin,pck_object_0039_part_006_choice_000_frame_070,pck_object_0039,pck_object_0039_part_006,pck_object_0039_part_006_choice_000,6,0,70,0x004A2C,192,255,0x004A2E,C0FFBE013F00A4FF,BE013F00A4FFBE01FBFFA5FF4D01FBFF
C:/Users/MadCat/Documents/GitHub/MechwarriorRecomp/research/extract/decoded_pck/RIFPCK_TBL.decoded.bin,pck_object_0039_part_006_choice_000_frame_071,pck_object_0039,pck_object_0039_part_006,pck_object_0039_part_006_choice_000,6,0,71,0x004A34,190,1,0x004A36,BE01FBFFA5FF4D01,FBFFA5FF4D01FBFFA5FFB301E5FFA9FF
C:/Users/MadCat/Documents/GitHub/MechwarriorRecomp/research/extract/decoded_pck/RIFPCK_TBL.decoded.bin,pck_object_0039_part_006_choice_000_frame_072,pck_object_0039,pck_object_0039_part_006,pck_object_0039_part_006_choice_000,6,0,72,0x004A3C,251,255,0x004A3E,FBFFA5FFB301E5FF,A5FFB301E5FFA9FFB301E5FFA9FF4D01
C:/Users/MadCat/Documents/GitHub/MechwarriorRecomp/research/extract/decoded_pck/RIFPCK_TBL.decoded.bin,pck_object_0039_part_006_choice_000_frame_073,pck_object_0039,pck_object_0039_part_006,pck_object_0039_part_006_choice_000,6,0,73,0x004A44,169,255,0x004A46,A9FFB301E5FFA9FF,B301E5FFA9FF4D010100620200000400
C:/Users/MadCat/Documents/GitHub/MechwarriorRecomp/research/extract/decoded_pck/RIFPCK_TBL.decoded.bin,pck_object_0039_part_006_choice_000_frame_074,pck_object_0039,pck_object_0039_part_006,pck_object_0039_part_006_choice_000,6,0,74,0x004A4C,77,1,0x004A4E,4D01010062020000,01006202000004006A02000E81010101
C:/Users/MadCat/Documents/GitHub/MechwarriorRecomp/research/extract/decoded_pck/RIFPCK_TBL.decoded.bin,pck_object_0039_part_006_choice_000_frame_075,pck_object_0039,pck_object_0039_part_006,pck_object_0039_part_006_choice_000,6,0,75,0x004A54,4,0,0x004A56,04006A02000E8101,6A02000E8101010101018A0281000000
C:/Users/MadCat/Documents/GitHub/MechwarriorRecomp/research/extract/decoded_pck/RIFPCK_TBL.decoded.bin,pck_object_0039_part_006_choice_000_frame_076,pck_object_0039,pck_object_0039_part_006,pck_object_0039_part_006_choice_000,6,0,76,0x004A5C,1,1,0x004A5E,010101018A028100,01018A02810000000006900281000000
C:/Users/MadCat/Documents/GitHub/MechwarriorRecomp/research/extract/decoded_pck/RIFPCK_TBL.decoded.bin,pck_object_0039_part_006_choice_000_frame_077,pck_object_0039,pck_object_0039_part_006,pck_object_0039_part_006_choice_000,6,0,77,0x004A64,0,0,0x004A66,0000000690028100,00069002810000000009960281000000
C:/Users/MadCat/Documents/GitHub/MechwarriorRecomp/research/extract/decoded_pck/RIFPCK_TBL.decoded.bin,pck_object_0039_part_006_choice_000_frame_078,pck_object_0039,pck_object_0039_part_006,pck_object_0039_part_006_choice_000,6,0,78,0x004A6C,0,0,0x004A6E,0000000996028100,0009960281000000000E9C0202020304
C:/Users/MadCat/Documents/GitHub/MechwarriorRecomp/research/extract/decoded_pck/RIFPCK_TBL.decoded.bin,pck_object_0039_part_006_choice_000_frame_079,pck_object_0039,pck_object_0039_part_006,pck_object_0039_part_006_choice_000,6,0,79,0x004A74,0,0,0x004A76,0000000E9C020202,000E9C020202030405FF0505040708FF
C:/Users/MadCat/Documents/GitHub/MechwarriorRecomp/research/extract/decoded_pck/RIFPCK_TBL.decoded.bin,pck_object_0039_part_006_choice_000_frame_080,pck_object_0039,pck_object_0039_part_006,pck_object_0039_part_006_choice_000,6,0,80,0x004A7C,3,4,0x004A7E,030405FF05050407,05FF0505040708FF0A0A0B0C0DFF0F0F
C:/Users/MadCat/Documents/GitHub/MechwarriorRecomp/research/extract/decoded_pck/RIFPCK_TBL.decoded.bin,pck_object_0039_part_006_choice_000_frame_081,pck_object_0039,pck_object_0039_part_006,pck_object_0039_part_006_choice_000,6,0,81,0x004A84,8,255,0x004A86,08FF0A0A0B0C0DFF,0A0A0B0C0DFF0F0F100302FF0100A602
C:/Users/MadCat/Documents/GitHub/MechwarriorRecomp/research/extract/decoded_pck/RIFPCK_TBL.decoded.bin,pck_object_0039_part_006_choice_000_frame_082,pck_object_0039,pck_object_0039_part_006,pck_object_0039_part_006_choice_000,6,0,82,0x004A8C,15,15,0x004A8E,0F0F100302FF0100,100302FF0100A60200000200AE020100
C:/Users/MadCat/Documents/GitHub/MechwarriorRecomp/research/extract/decoded_pck/RIFPCK_TBL.decoded.bin,pck_object_0039_part_006_choice_000_frame_083,pck_object_0039,pck_object_0039_part_006,pck_object_0039_part_006_choice_000,6,0,83,0x004A94,166,2,0x004A96,A60200000200AE02,00000200AE020100810707070712BE02
C:/Users/MadCat/Documents/GitHub/MechwarriorRecomp/research/extract/decoded_pck/RIFPCK_TBL.decoded.bin,pck_object_0039_part_006_choice_000_frame_084,pck_object_0039,pck_object_0039_part_006,pck_object_0039_part_006_choice_000,6,0,84,0x004A9C,1,0,0x004A9E,0100810707070712,810707070712BE02810000000013C402
C:/Users/MadCat/Documents/GitHub/MechwarriorRecomp/research/extract/decoded_pck/RIFPCK_TBL.decoded.bin,pck_object_0039_part_006_choice_000_frame_085,pck_object_0039,pck_object_0039_part_006,pck_object_0039_part_006_choice_000,6,0,85,0x004AA4,190,2,0x004AA6,BE02810000000013,810000000013C4020F0F080710FF1010
C:/Users/MadCat/Documents/GitHub/MechwarriorRecomp/research/extract/decoded_pck/RIFPCK_TBL.decoded.bin,pck_object_0039_part_006_choice_000_frame_086,pck_object_0039,pck_object_0039_part_006,pck_object_0039_part_006_choice_000,6,0,86,0x004AAC,196,2,0x004AAE,C4020F0F080710FF,0F0F080710FF1010141503FF0100CE02
C:/Users/MadCat/Documents/GitHub/MechwarriorRecomp/research/extract/decoded_pck/RIFPCK_TBL.decoded.bin,pck_object_0039_part_006_choice_000_frame_087,pck_object_0039,pck_object_0039_part_006,pck_object_0039_part_006_choice_000,6,0,87,0x004AB4,16,16,0x004AB6,1010141503FF0100,141503FF0100CE0200000400D602011C
C:/Users/MadCat/Documents/GitHub/MechwarriorRecomp/research/extract/decoded_pck/RIFPCK_TBL.decoded.bin,pck_object_0039_part_006_choice_000_frame_088,pck_object_0039,pck_object_0039_part_006,pck_object_0039_part_006_choice_000,6,0,88,0x004ABC,206,2,0x004ABE,CE0200000400D602,00000400D602011C810000000017F602
C:/Users/MadCat/Documents/GitHub/MechwarriorRecomp/research/extract/decoded_pck/RIFPCK_TBL.decoded.bin,pck_object_0039_part_006_choice_000_frame_089,pck_object_0039,pck_object_0039_part_006,pck_object_0039_part_006_choice_000,6,0,89,0x004AC4,1,28,0x004AC6,011C810000000017,810000000017F602810909090919FB02
C:/Users/MadCat/Documents/GitHub/MechwarriorRecomp/research/extract/decoded_pck/RIFPCK_TBL.decoded.bin,pck_object_0039_part_006_choice_000_frame_090,pck_object_0039,pck_object_0039_part_006,pck_object_0039_part_006_choice_000,6,0,90,0x004ACC,246,2,0x004ACE,F602810909090919,810909090919FB0281080808081B0103
C:/Users/MadCat/Documents/GitHub/MechwarriorRecomp/research/extract/decoded_pck/RIFPCK_TBL.decoded.bin,pck_object_0039_part_006_choice_000_frame_091,pck_object_0039,pck_object_0039_part_006,pck_object_0039_part_006_choice_000,6,0,91,0x004AD4,251,2,0x004AD6,FB0281080808081B,81080808081B010381010101011C0603
C:/Users/MadCat/Documents/GitHub/MechwarriorRecomp/research/extract/decoded_pck/RIFPCK_TBL.decoded.bin,pck_object_0039_part_006_choice_000_frame_092,pck_object_0039,pck_object_0039_part_006,pck_object_0039_part_006_choice_000,6,0,92,0x004ADC,1,3,0x004ADE,010381010101011C,81010101011C06030202180FFF0C0C1A
C:/Users/MadCat/Documents/GitHub/MechwarriorRecomp/research/extract/decoded_pck/RIFPCK_TBL.decoded.bin,pck_object_0039_part_006_choice_000_frame_093,pck_object_0039,pck_object_0039_part_006,pck_object_0039_part_006_choice_000,6,0,93,0x004AE4,6,3,0x004AE6,06030202180FFF0C,0202180FFF0C0C1A1802FF0B0B1A0CFF
C:/Users/MadCat/Documents/GitHub/MechwarriorRecomp/research/extract/decoded_pck/RIFPCK_TBL.decoded.bin,pck_object_0039_part_006_choice_000_frame_094,pck_object_0039,pck_object_0039_part_006,pck_object_0039_part_006_choice_000,6,0,94,0x004AEC,12,26,0x004AEE,0C1A1802FF0B0B1A,1802FF0B0B1A0CFF1A1A0B0F18FF0100
C:/Users/MadCat/Documents/GitHub/MechwarriorRecomp/research/extract/decoded_pck/RIFPCK_TBL.decoded.bin,pck_object_0039_part_006_choice_000_frame_095,pck_object_0039,pck_object_0039_part_006,pck_object_0039_part_006_choice_000,6,0,95,0x004AF4,12,255,0x004AF6,0CFF1A1A0B0F18FF,1A1A0B0F18FF01001003000005001803
C:/Users/MadCat/Documents/GitHub/MechwarriorRecomp/research/extract/decoded_pck/RIFPCK_TBL.decoded.bin,pck_object_0039_part_006_choice_000_frame_096,pck_object_0039,pck_object_0039_part_006,pck_object_0039_part_006_choice_000,6,0,96,0x004AFC,1,0,0x004AFE,0100100300000500,1003000005001803082981000000001E
C:/Users/MadCat/Documents/GitHub/MechwarriorRecomp/research/extract/decoded_pck/RIFPCK_TBL.decoded.bin,pck_object_0039_part_006_choice_000_frame_097,pck_object_0039,pck_object_0039_part_006,pck_object_0039_part_006_choice_000,6,0,97,0x004B04,24,3,0x004B06,1803082981000000,082981000000001E4003810808080824
C:/Users/MadCat/Documents/GitHub/MechwarriorRecomp/research/extract/decoded_pck/RIFPCK_TBL.decoded.bin,pck_object_0039_part_006_choice_000_frame_098,pck_object_0039,pck_object_0039_part_006,pck_object_0039_part_006_choice_000,6,0,98,0x004B0C,0,30,0x004B0E,001E400381080808,40038108080808244703810000000027
C:/Users/MadCat/Documents/GitHub/MechwarriorRecomp/research/extract/decoded_pck/RIFPCK_TBL.decoded.bin,pck_object_0039_part_006_choice_000_frame_099,pck_object_0039,pck_object_0039_part_006,pck_object_0039_part_006_choice_000,6,0,99,0x004B14,8,36,0x004B16,0824470381000000,47038100000000274D03810808080829
C:/Users/MadCat/Documents/GitHub/MechwarriorRecomp/research/extract/decoded_pck/RIFPCK_TBL.decoded.bin,pck_object_0039_part_006_choice_000_frame_100,pck_object_0039,pck_object_0039_part_006,pck_object_0039_part_006_choice_000,6,0,100,0x004B1C,0,39,0x004B1E,00274D0381080808,4D03810808080829530381000000002B
C:/Users/MadCat/Documents/GitHub/MechwarriorRecomp/research/extract/decoded_pck/RIFPCK_TBL.decoded.bin,pck_object_0039_part_006_choice_000_frame_101,pck_object_0039,pck_object_0039_part_006,pck_object_0039_part_006_choice_000,6,0,101,0x004B24,8,41,0x004B26,0829530381000000,530381000000002B59031F1F20212223
C:/Users/MadCat/Documents/GitHub/MechwarriorRecomp/research/extract/decoded_pck/RIFPCK_TBL.decoded.bin,pck_object_0039_part_006_choice_000_frame_102,pck_object_0039,pck_object_0039_part_006,pck_object_0039_part_006_choice_000,6,0,102,0x004B2C,0,43,0x004B2E,002B59031F1F2021,59031F1F20212223FF25251F2326FF28
C:/Users/MadCat/Documents/GitHub/MechwarriorRecomp/research/extract/decoded_pck/RIFPCK_TBL.decoded.bin,pck_object_0039_part_006_choice_000_frame_103,pck_object_0039,pck_object_0039_part_006,pck_object_0039_part_006_choice_000,6,0,103,0x004B34,34,35,0x004B36,2223FF25251F2326,FF25251F2326FF2828201F25FF2A2A21
C:/Users/MadCat/Documents/GitHub/MechwarriorRecomp/research/extract/decoded_pck/RIFPCK_TBL.decoded.bin,pck_object_0039_part_006_choice_000_frame_104,pck_object_0039,pck_object_0039_part_006,pck_object_0039_part_006_choice_000,6,0,104,0x004B3C,255,40,0x004B3E,FF2828201F25FF2A,28201F25FF2A2A212028FF262623212A
C:/Users/MadCat/Documents/GitHub/MechwarriorRecomp/research/extract/decoded_pck/RIFPCK_TBL.decoded.bin,pck_object_0039_part_006_choice_000_frame_105,pck_object_0039,pck_object_0039_part_006,pck_object_0039_part_006_choice_000,6,0,105,0x004B44,42,33,0x004B46,2A212028FF262623,2028FF262623212AFF01006303000005
C:/Users/MadCat/Documents/GitHub/MechwarriorRecomp/research/extract/decoded_pck/RIFPCK_TBL.decoded.bin,pck_object_0039_part_006_choice_000_frame_106,pck_object_0039,pck_object_0039_part_006,pck_object_0039_part_006_choice_000,6,0,106,0x004B4C,33,42,0x004B4E,212AFF0100630300,FF01006303000005006B030837810000
C:/Users/MadCat/Documents/GitHub/MechwarriorRecomp/research/extract/decoded_pck/RIFPCK_TBL.decoded.bin,pck_object_0039_part_006_choice_000_frame_107,pck_object_0039,pck_object_0039_part_006,pck_object_0039_part_006_choice_000,6,0,107,0x004B54,0,5,0x004B56,0005006B03083781,006B03083781000000002D9303810808
C:/Users/MadCat/Documents/GitHub/MechwarriorRecomp/research/extract/decoded_pck/RIFPCK_TBL.decoded.bin,pck_object_0039_part_006_choice_000_frame_108,pck_object_0039,pck_object_0039_part_006,pck_object_0039_part_006_choice_000,6,0,108,0x004B5C,0,0,0x004B5E,000000002D930381,00002D93038108080808329903810000
C:/Users/MadCat/Documents/GitHub/MechwarriorRecomp/research/extract/decoded_pck/RIFPCK_TBL.decoded.bin,pck_object_0039_part_006_choice_000_frame_109,pck_object_0039,pck_object_0039_part_006,pck_object_0039_part_006_choice_000,6,0,109,0x004B64,8,8,0x004B66,0808080832990381,08083299038100000000359F03810808
C:/Users/MadCat/Documents/GitHub/MechwarriorRecomp/research/extract/decoded_pck/RIFPCK_TBL.decoded.bin,pck_object_0039_part_006_choice_000_frame_110,pck_object_0039,pck_object_0039_part_006,pck_object_0039_part_006_choice_000,6,0,110,0x004B6C,0,0,0x004B6E,00000000359F0381,0000359F03810808080837A503810000
C:/Users/MadCat/Documents/GitHub/MechwarriorRecomp/research/extract/decoded_pck/RIFPCK_TBL.decoded.bin,pck_object_0039_part_006_choice_000_frame_111,pck_object_0039,pck_object_0039_part_006,pck_object_0039_part_006_choice_000,6,0,111,0x004B74,8,8,0x004B76,0808080837A50381,080837A503810000000039AB032E2E2F
C:/Users/MadCat/Documents/GitHub/MechwarriorRecomp/research/extract/decoded_pck/RIFPCK_TBL.decoded.bin,pck_object_0039_part_006_choice_000_frame_112,pck_object_0039,pck_object_0039_part_006,pck_object_0039_part_006_choice_000,6,0,112,0x004B7C,0,0,0x004B7E,0000000039AB032E,000039AB032E2E2F3031FF313133342E
C:/Users/MadCat/Documents/GitHub/MechwarriorRecomp/research/extract/decoded_pck/RIFPCK_TBL.decoded.bin,pck_object_0039_part_006_choice_000_frame_113,pck_object_0039,pck_object_0039_part_006,pck_object_0039_part_006_choice_000,6,0,113,0x004B84,46,47,0x004B86,2E2F3031FF313133,3031FF313133342EFF3030363331FF2F
C:/Users/MadCat/Documents/GitHub/MechwarriorRecomp/research/extract/decoded_pck/RIFPCK_TBL.decoded.bin,pck_object_0039_part_006_choice_000_frame_114,pck_object_0039,pck_object_0039_part_006,pck_object_0039_part_006_choice_000,6,0,114,0x004B8C,52,46,0x004B8E,342EFF3030363331,FF3030363331FF2F2F383630FF343438
C:/Users/MadCat/Documents/GitHub/MechwarriorRecomp/research/extract/decoded_pck/RIFPCK_TBL.decoded.bin,pck_object_0039_part_006_choice_000_frame_115,pck_object_0039,pck_object_0039_part_006,pck_object_0039_part_006_choice_000,6,0,115,0x004B94,255,47,0x004B96,FF2F2F383630FF34,2F383630FF3434382F2EFF0100B50300
C:/Users/MadCat/Documents/GitHub/MechwarriorRecomp/research/extract/decoded_pck/RIFPCK_TBL.decoded.bin,pck_object_0039_part_006_choice_000_frame_116,pck_object_0039,pck_object_0039_part_006,pck_object_0039_part_006_choice_000,6,0,116,0x004B9C,52,56,0x004B9E,34382F2EFF0100B5,2F2EFF0100B50300000400BD03011C81
C:/Users/MadCat/Documents/GitHub/MechwarriorRecomp/research/extract/decoded_pck/RIFPCK_TBL.decoded.bin,pck_object_0039_part_006_choice_000_frame_117,pck_object_0039,pck_object_0039_part_006,pck_object_0039_part_006_choice_000,6,0,117,0x004BA4,3,0,0x004BA6,0300000400BD0301,000400BD03011C81000000003BDD0381
C:/Users/MadCat/Documents/GitHub/MechwarriorRecomp/research/extract/decoded_pck/RIFPCK_TBL.decoded.bin,pck_object_0039_part_006_choice_000_frame_118,pck_object_0039,pck_object_0039_part_006,pck_object_0039_part_006_choice_000,6,0,118,0x004BAC,28,129,0x004BAE,1C81000000003BDD,000000003BDD0381090909093DE20381
C:/Users/MadCat/Documents/GitHub/MechwarriorRecomp/research/extract/decoded_pck/RIFPCK_TBL.decoded.bin,pck_object_0039_part_006_choice_000_frame_119,pck_object_0039,pck_object_0039_part_006,pck_object_0039_part_006_choice_000,6,0,119,0x004BB4,3,129,0x004BB6,0381090909093DE2,090909093DE20381080808083FE80381
C:/Users/MadCat/Documents/GitHub/MechwarriorRecomp/research/extract/decoded_pck/RIFPCK_TBL.decoded.bin,pck_object_0039_part_006_choice_000_frame_120,pck_object_0039,pck_object_0039_part_006,pck_object_0039_part_006_choice_000,6,0,120,0x004BBC,3,129,0x004BBE,0381080808083FE8,080808083FE803810101010140ED0308
C:/Users/MadCat/Documents/GitHub/MechwarriorRecomp/research/extract/decoded_pck/RIFPCK_TBL.decoded.bin,pck_object_0039_part_006_choice_000_frame_121,pck_object_0039,pck_object_0039_part_006,pck_object_0039_part_006_choice_000,6,0,121,0x004BC4,3,129,0x004BC6,03810101010140ED,0101010140ED0308083C05FF3C3C3E0D
C:/Users/MadCat/Documents/GitHub/MechwarriorRecomp/research/extract/decoded_pck/RIFPCK_TBL.decoded.bin,pck_object_0039_part_006_choice_000_frame_122,pck_object_0039,pck_object_0039_part_006,pck_object_0039_part_006_choice_000,6,0,122,0x004BCC,3,8,0x004BCE,0308083C05FF3C3C,083C05FF3C3C3E0D05FF0D0D3E0AFF0A
C:/Users/MadCat/Documents/GitHub/MechwarriorRecomp/research/extract/decoded_pck/RIFPCK_TBL.decoded.bin,pck_object_0039_part_006_choice_000_frame_123,pck_object_0039,pck_object_0039_part_006,pck_object_0039_part_006_choice_000,6,0,123,0x004BD4,62,13,0x004BD6,3E0D05FF0D0D3E0A,05FF0D0D3E0AFF0A0A3E3C08FF0100F7
C:/Users/MadCat/Documents/GitHub/MechwarriorRecomp/research/extract/decoded_pck/RIFPCK_TBL.decoded.bin,pck_object_0039_part_006_choice_000_frame_124,pck_object_0039,pck_object_0039_part_006,pck_object_0039_part_006_choice_000,6,0,124,0x004BDC,255,10,0x004BDE,FF0A0A3E3C08FF01,0A3E3C08FF0100F70300000500FF0300
C:/Users/MadCat/Documents/GitHub/MechwarriorRecomp/research/extract/decoded_pck/RIFPCK_TBL.decoded.bin,pck_object_0039_part_006_choice_000_frame_125,pck_object_0039,pck_object_0039_part_006,pck_object_0039_part_006_choice_000,6,0,125,0x004BE4,0,247,0x004BE6,00F70300000500FF,0300000500FF03001B81000000001327
C:/Users/MadCat/Documents/GitHub/MechwarriorRecomp/research/extract/decoded_pck/RIFPCK_TBL.decoded.bin,pck_object_0039_part_006_choice_000_frame_126,pck_object_0039,pck_object_0039_part_006,pck_object_0039_part_006_choice_000,6,0,126,0x004BEC,3,0,0x004BEE,03001B8100000000,1B810000000013270481000000000E2D
C:/Users/MadCat/Documents/GitHub/MechwarriorRecomp/research/extract/decoded_pck/RIFPCK_TBL.decoded.bin,pck_object_0039_part_006_choice_000_frame_127,pck_object_0039,pck_object_0039_part_006,pck_object_0039_part_006_choice_000,6,0,127,0x004BF4,19,39,0x004BF6,1327048100000000,0481000000000E2D0481010101014833
C:/Users/MadCat/Documents/GitHub/MechwarriorRecomp/research/extract/decoded_pck/RIFPCK_TBL.decoded.bin,pck_object_0039_part_006_choice_000_frame_128,pck_object_0039,pck_object_0039_part_006,pck_object_0039_part_006_choice_000,6,0,128,0x004BFC,14,45,0x004BFE,0E2D048101010101,04810101010148330481000000004A39
C:/Users/MadCat/Documents/GitHub/MechwarriorRecomp/research/extract/decoded_pck/RIFPCK_TBL.decoded.bin,pck_object_0039_part_007_choice_000_frame_000,pck_object_0039,pck_object_0039_part_007,pck_object_0039_part_007_choice_000,7,0,0,0x0047FC,128,0,0x0047FE,8000CB0100000000,CB0100000000000008001A0000565A00
C:/Users/MadCat/Documents/GitHub/MechwarriorRecomp/research/extract/decoded_pck/RIFPCK_TBL.decoded.bin,pck_object_0039_part_007_choice_000_frame_001,pck_object_0039,pck_object_0039_part_007,pck_object_0039_part_007_choice_000,7,0,1,0x004804,0,0,0x004806,000008001A000056,08001A0000565A0001005E0211565A00
C:/Users/MadCat/Documents/GitHub/MechwarriorRecomp/research/extract/decoded_pck/RIFPCK_TBL.decoded.bin,pck_object_0039_part_007_choice_000_frame_002,pck_object_0039,pck_object_0039_part_007,pck_object_0039_part_007_choice_000,7,0,2,0x00480C,90,0,0x00480E,5A0001005E021156,01005E0211565A000100A20216565A00
C:/Users/MadCat/Documents/GitHub/MechwarriorRecomp/research/extract/decoded_pck/RIFPCK_TBL.decoded.bin,pck_object_0039_part_007_choice_000_frame_003,pck_object_0039,pck_object_0039_part_007,pck_object_0039_part_007_choice_000,7,0,3,0x004814,90,0,0x004816,5A000100A2021656,0100A20216565A000100CA021D565A00
C:/Users/MadCat/Documents/GitHub/MechwarriorRecomp/research/extract/decoded_pck/RIFPCK_TBL.decoded.bin,pck_object_0039_part_007_choice_000_frame_004,pck_object_0039,pck_object_0039_part_007,pck_object_0039_part_007_choice_000,7,0,4,0x00481C,90,0,0x00481E,5A000100CA021D56,0100CA021D565A0001000C032C565A00
C:/Users/MadCat/Documents/GitHub/MechwarriorRecomp/research/extract/decoded_pck/RIFPCK_TBL.decoded.bin,pck_object_0039_part_007_choice_000_frame_005,pck_object_0039,pck_object_0039_part_007,pck_object_0039_part_007_choice_000,7,0,5,0x004824,90,0,0x004826,5A0001000C032C56,01000C032C565A0001005F033A565A00
C:/Users/MadCat/Documents/GitHub/MechwarriorRecomp/research/extract/decoded_pck/RIFPCK_TBL.decoded.bin,pck_object_0039_part_007_choice_000_frame_006,pck_object_0039,pck_object_0039_part_007,pck_object_0039_part_007_choice_000,7,0,6,0x00482C,90,0,0x00482E,5A0001005F033A56,01005F033A565A000100B10341565A00
C:/Users/MadCat/Documents/GitHub/MechwarriorRecomp/research/extract/decoded_pck/RIFPCK_TBL.decoded.bin,pck_object_0039_part_007_choice_000_frame_007,pck_object_0039,pck_object_0039_part_007,pck_object_0039_part_007_choice_000,7,0,7,0x004834,90,0,0x004836,5A000100B1034156,0100B10341565A000100F3034D565A00
C:/Users/MadCat/Documents/GitHub/MechwarriorRecomp/research/extract/decoded_pck/RIFPCK_TBL.decoded.bin,pck_object_0039_part_007_choice_000_frame_008,pck_object_0039,pck_object_0039_part_007,pck_object_0039_part_007_choice_000,7,0,8,0x00483C,90,0,0x00483E,5A000100F3034D56,0100F3034D565A000100450408003100
C:/Users/MadCat/Documents/GitHub/MechwarriorRecomp/research/extract/decoded_pck/RIFPCK_TBL.decoded.bin,pck_object_0039_part_007_choice_000_frame_009,pck_object_0039,pck_object_0039_part_007,pck_object_0039_part_007_choice_000,7,0,9,0x004844,90,0,0x004846,5A00010045040800,010045040800310064005A01A50714FE
C:/Users/MadCat/Documents/GitHub/MechwarriorRecomp/research/extract/decoded_pck/RIFPCK_TBL.decoded.bin,pck_object_0039_part_007_choice_000_frame_010,pck_object_0039,pck_object_0039_part_007,pck_object_0039_part_007_choice_000,7,0,10,0x00484C,49,0,0x00484E,310064005A01A507,64005A01A50714FE8AFF6F00E80082FF
C:/Users/MadCat/Documents/GitHub/MechwarriorRecomp/research/extract/decoded_pck/RIFPCK_TBL.decoded.bin,pck_object_0039_part_007_choice_000_frame_011,pck_object_0039,pck_object_0039_part_007,pck_object_0039_part_007_choice_000,7,0,11,0x004854,20,254,0x004856,14FE8AFF6F00E800,8AFF6F00E80082FF430034008C001400
C:/Users/MadCat/Documents/GitHub/MechwarriorRecomp/research/extract/decoded_pck/RIFPCK_TBL.decoded.bin,pck_object_0039_part_007_choice_000_frame_012,pck_object_0039,pck_object_0039_part_007,pck_object_0039_part_007_choice_000,7,0,12,0x00485C,130,255,0x00485E,82FF430034008C00,430034008C001400340094004000E800
C:/Users/MadCat/Documents/GitHub/MechwarriorRecomp/research/extract/decoded_pck/RIFPCK_TBL.decoded.bin,pck_object_0039_part_007_choice_000_frame_013,pck_object_0039,pck_object_0039_part_007,pck_object_0039_part_007_choice_000,7,0,13,0x004864,20,0,0x004866,1400340094004000,340094004000E800E0079BFEFFFF7C00
C:/Users/MadCat/Documents/GitHub/MechwarriorRecomp/research/extract/decoded_pck/RIFPCK_TBL.decoded.bin,pck_object_0039_part_007_choice_000_frame_014,pck_object_0039,pck_object_0039_part_007,pck_object_0039_part_007_choice_000,7,0,14,0x00486C,232,0,0x00486E,E800E0079BFEFFFF,E0079BFEFFFF7C00BCFF3400750090FF
C:/Users/MadCat/Documents/GitHub/MechwarriorRecomp/research/extract/decoded_pck/RIFPCK_TBL.decoded.bin,pck_object_0039_part_007_choice_000_frame_015,pck_object_0039,pck_object_0039_part_007,pck_object_0039_part_007_choice_000,7,0,15,0x004874,124,0,0x004876,7C00BCFF34007500,BCFF3400750090FF4D01AF00DF03F706
C:/Users/MadCat/Documents/GitHub/MechwarriorRecomp/research/extract/decoded_pck/RIFPCK_TBL.decoded.bin,pck_object_0039_part_007_choice_000_frame_016,pck_object_0039,pck_object_0039_part_007,pck_object_0039_part_007_choice_000,7,0,16,0x00487C,144,255,0x00487E,90FF4D01AF00DF03,4D01AF00DF03F7061C00A0FF4D01C4FF
C:/Users/MadCat/Documents/GitHub/MechwarriorRecomp/research/extract/decoded_pck/RIFPCK_TBL.decoded.bin,pck_object_0039_part_007_choice_000_frame_017,pck_object_0039,pck_object_0039_part_007,pck_object_0039_part_007_choice_000,7,0,17,0x004884,247,6,0x004886,F7061C00A0FF4D01,1C00A0FF4D01C4FFAFFF4D01E3FF5F00
C:/Users/MadCat/Documents/GitHub/MechwarriorRecomp/research/extract/decoded_pck/RIFPCK_TBL.decoded.bin,pck_object_0039_part_007_choice_000_frame_018,pck_object_0039,pck_object_0039_part_007,pck_object_0039_part_007_choice_000,7,0,18,0x00488C,196,255,0x00488E,C4FFAFFF4D01E3FF,AFFF4D01E3FF5F00E8003B004F00E800
C:/Users/MadCat/Documents/GitHub/MechwarriorRecomp/research/extract/decoded_pck/RIFPCK_TBL.decoded.bin,pck_object_0039_part_007_choice_000_frame_019,pck_object_0039,pck_object_0039_part_007,pck_object_0039_part_007_choice_000,7,0,19,0x004894,95,0,0x004896,5F00E8003B004F00,E8003B004F00E80020F8650100006BFF
C:/Users/MadCat/Documents/GitHub/MechwarriorRecomp/research/extract/decoded_pck/RIFPCK_TBL.decoded.bin,pck_object_0039_part_007_choice_000_frame_020,pck_object_0039,pck_object_0039_part_007,pck_object_0039_part_007_choice_000,7,0,20,0x00489C,232,0,0x00489E,E80020F865010000,20F8650100006BFFBFFF4D0173FFEBFF
C:/Users/MadCat/Documents/GitHub/MechwarriorRecomp/research/extract/decoded_pck/RIFPCK_TBL.decoded.bin,pck_object_0039_part_007_choice_000_frame_021,pck_object_0039,pck_object_0039_part_007,pck_object_0039_part_007_choice_000,7,0,21,0x0048A4,107,255,0x0048A6,6BFFBFFF4D0173FF,BFFF4D0173FFEBFF3400A8FF13FECEFF
C:/Users/MadCat/Documents/GitHub/MechwarriorRecomp/research/extract/decoded_pck/RIFPCK_TBL.decoded.bin,pck_object_0039_part_007_choice_000_frame_022,pck_object_0039,pck_object_0039_part_007,pck_object_0039_part_007_choice_000,7,0,22,0x0048AC,235,255,0x0048AE,EBFF3400A8FF13FE,3400A8FF13FECEFFA0FE39F8C0FE0000
C:/Users/MadCat/Documents/GitHub/MechwarriorRecomp/research/extract/decoded_pck/RIFPCK_TBL.decoded.bin,pck_object_0039_part_007_choice_000_frame_023,pck_object_0039,pck_object_0039_part_007,pck_object_0039_part_007_choice_000,7,0,23,0x0048B4,206,255,0x0048B6,CEFFA0FE39F8C0FE,A0FE39F8C0FE0000000000F87100BEFF
C:/Users/MadCat/Documents/GitHub/MechwarriorRecomp/research/extract/decoded_pck/RIFPCK_TBL.decoded.bin,pck_object_0039_part_007_choice_000_frame_024,pck_object_0039,pck_object_0039_part_007,pck_object_0039_part_007_choice_000,7,0,24,0x0048BC,0,0,0x0048BE,0000000000F87100,000000F87100BEFF3400810016003400
C:/Users/MadCat/Documents/GitHub/MechwarriorRecomp/research/extract/decoded_pck/RIFPCK_TBL.decoded.bin,pck_object_0039_part_007_choice_000_frame_025,pck_object_0039,pck_object_0039_part_007,pck_object_0039_part_007_choice_000,7,0,25,0x0048C4,190,255,0x0048C6,BEFF340081001600,34008100160034006AFE4302F40121F8
C:/Users/MadCat/Documents/GitHub/MechwarriorRecomp/research/extract/decoded_pck/RIFPCK_TBL.decoded.bin,pck_object_0039_part_007_choice_000_frame_026,pck_object_0039,pck_object_0039_part_007,pck_object_0039_part_007_choice_000,7,0,26,0x0048CC,52,0,0x0048CE,34006AFE4302F401,6AFE4302F40121F8680101007BFF1600
C:/Users/MadCat/Documents/GitHub/MechwarriorRecomp/research/extract/decoded_pck/RIFPCK_TBL.decoded.bin,pck_object_0039_part_007_choice_000_frame_027,pck_object_0039,pck_object_0039_part_007,pck_object_0039_part_007_choice_000,7,0,27,0x0048D4,33,248,0x0048D6,21F8680101007BFF,680101007BFF160086013601D506FA03
C:/Users/MadCat/Documents/GitHub/MechwarriorRecomp/research/extract/decoded_pck/RIFPCK_TBL.decoded.bin,pck_object_0039_part_007_choice_000_frame_028,pck_object_0039,pck_object_0039_part_007,pck_object_0039_part_007_choice_000,7,0,28,0x0048DC,22,0,0x0048DE,160086013601D506,86013601D506FA03D3FF06008601DF07
C:/Users/MadCat/Documents/GitHub/MechwarriorRecomp/research/extract/decoded_pck/RIFPCK_TBL.decoded.bin,pck_object_0039_part_007_choice_000_frame_029,pck_object_0039,pck_object_0039_part_007,pck_object_0039_part_007_choice_000,7,0,29,0x0048E4,250,3,0x0048E6,FA03D3FF06008601,D3FF06008601DF0798FEFFFF42FFCCFB
C:/Users/MadCat/Documents/GitHub/MechwarriorRecomp/research/extract/decoded_pck/RIFPCK_TBL.decoded.bin,pck_object_0039_part_007_choice_000_frame_030,pck_object_0039,pck_object_0039_part_007,pck_object_0039_part_007_choice_000,7,0,30,0x0048EC,223,7,0x0048EE,DF0798FEFFFF42FF,98FEFFFF42FFCCFBC40627FCAE000000
C:/Users/MadCat/Documents/GitHub/MechwarriorRecomp/research/extract/decoded_pck/RIFPCK_TBL.decoded.bin,pck_object_0039_part_007_choice_000_frame_031,pck_object_0039,pck_object_0039_part_007,pck_object_0039_part_007_choice_000,7,0,31,0x0048F4,204,251,0x0048F6,CCFBC40627FCAE00,C40627FCAE0000001DF85601000049FF
C:/Users/MadCat/Documents/GitHub/MechwarriorRecomp/research/extract/decoded_pck/RIFPCK_TBL.decoded.bin,pck_object_0039_part_007_choice_000_frame_032,pck_object_0039,pck_object_0039_part_007,pck_object_0039_part_007_choice_000,7,0,32,0x0048FC,0,0,0x0048FE,00001DF856010000,1DF85601000049FF4200D2003EFF0000
C:/Users/MadCat/Documents/GitHub/MechwarriorRecomp/research/extract/decoded_pck/RIFPCK_TBL.decoded.bin,pck_object_0039_part_007_choice_000_frame_033,pck_object_0039,pck_object_0039_part_007,pck_object_0039_part_007_choice_000,7,0,33,0x004904,73,255,0x004906,49FF4200D2003EFF,4200D2003EFF0000D2003EFF0000A500
C:/Users/MadCat/Documents/GitHub/MechwarriorRecomp/research/extract/decoded_pck/RIFPCK_TBL.decoded.bin,pck_object_0039_part_007_choice_000_frame_034,pck_object_0039,pck_object_0039_part_007,pck_object_0039_part_007_choice_000,7,0,34,0x00490C,0,0,0x00490E,0000D2003EFF0000,D2003EFF0000A50048FF3700A50049FF
C:/Users/MadCat/Documents/GitHub/MechwarriorRecomp/research/extract/decoded_pck/RIFPCK_TBL.decoded.bin,pck_object_0039_part_007_choice_000_frame_035,pck_object_0039,pck_object_0039_part_007,pck_object_0039_part_007_choice_000,7,0,35,0x004914,165,0,0x004916,A50048FF3700A500,48FF3700A50049FF4200A5006A01DF07
C:/Users/MadCat/Documents/GitHub/MechwarriorRecomp/research/extract/decoded_pck/RIFPCK_TBL.decoded.bin,pck_object_0039_part_007_choice_000_frame_036,pck_object_0039,pck_object_0039_part_007,pck_object_0039_part_007_choice_000,7,0,36,0x00491C,73,255,0x00491E,49FF4200A5006A01,4200A5006A01DF07000081FF3800E800
C:/Users/MadCat/Documents/GitHub/MechwarriorRecomp/research/extract/decoded_pck/RIFPCK_TBL.decoded.bin,pck_object_0039_part_007_choice_000_frame_037,pck_object_0039,pck_object_0039_part_007,pck_object_0039_part_007_choice_000,7,0,37,0x004924,223,7,0x004926,DF07000081FF3800,000081FF3800E80081FF3800610010FD
C:/Users/MadCat/Documents/GitHub/MechwarriorRecomp/research/extract/decoded_pck/RIFPCK_TBL.decoded.bin,pck_object_0039_part_007_choice_000_frame_038,pck_object_0039,pck_object_0039_part_007,pck_object_0039_part_007_choice_000,7,0,38,0x00492C,232,0,0x00492E,E80081FF38006100,81FF3800610010FD7F006C0775FFF6FF
C:/Users/MadCat/Documents/GitHub/MechwarriorRecomp/research/extract/decoded_pck/RIFPCK_TBL.decoded.bin,pck_object_0039_part_007_choice_000_frame_039,pck_object_0039,pck_object_0039_part_007,pck_object_0039_part_007_choice_000,7,0,39,0x004934,16,253,0x004936,10FD7F006C0775FF,7F006C0775FFF6FFE8008FFE22F80000
C:/Users/MadCat/Documents/GitHub/MechwarriorRecomp/research/extract/decoded_pck/RIFPCK_TBL.decoded.bin,pck_object_0039_part_007_choice_000_frame_040,pck_object_0039,pck_object_0039_part_007,pck_object_0039_part_007_choice_000,7,0,40,0x00493C,246,255,0x00493E,F6FFE8008FFE22F8,E8008FFE22F8000075FFF6FF6100FBF9
C:/Users/MadCat/Documents/GitHub/MechwarriorRecomp/research/extract/decoded_pck/RIFPCK_TBL.decoded.bin,pck_object_0039_part_007_choice_000_frame_041,pck_object_0039,pck_object_0039_part_007,pck_object_0039_part_007_choice_000,7,0,41,0x004944,0,0,0x004946,000075FFF6FF6100,75FFF6FF6100FBF90501D5FAD80351FF
C:/Users/MadCat/Documents/GitHub/MechwarriorRecomp/research/extract/decoded_pck/RIFPCK_TBL.decoded.bin,pck_object_0039_part_007_choice_000_frame_042,pck_object_0039,pck_object_0039_part_007,pck_object_0039_part_007_choice_000,7,0,42,0x00494C,251,249,0x00494E,FBF90501D5FAD803,0501D5FAD80351FF0000E307AAFE0000
C:/Users/MadCat/Documents/GitHub/MechwarriorRecomp/research/extract/decoded_pck/RIFPCK_TBL.decoded.bin,pck_object_0039_part_007_choice_000_frame_043,pck_object_0039,pck_object_0039_part_007,pck_object_0039_part_007_choice_000,7,0,43,0x004954,81,255,0x004956,51FF0000E307AAFE,0000E307AAFE0000C100FFFFA500B600
C:/Users/MadCat/Documents/GitHub/MechwarriorRecomp/research/extract/decoded_pck/RIFPCK_TBL.decoded.bin,pck_object_0039_part_007_choice_000_frame_044,pck_object_0039,pck_object_0039_part_007,pck_object_0039_part_007_choice_000,7,0,44,0x00495C,0,0,0x00495E,0000C100FFFFA500,C100FFFFA500B600BDFFA500B600BDFF
C:/Users/MadCat/Documents/GitHub/MechwarriorRecomp/research/extract/decoded_pck/RIFPCK_TBL.decoded.bin,pck_object_0039_part_007_choice_000_frame_045,pck_object_0039,pck_object_0039_part_007,pck_object_0039_part_007_choice_000,7,0,45,0x004964,182,0,0x004966,B600BDFFA500B600,BDFFA500B600BDFFD200C100FFFFD200
C:/Users/MadCat/Documents/GitHub/MechwarriorRecomp/research/extract/decoded_pck/RIFPCK_TBL.decoded.bin,pck_object_0039_part_007_choice_000_frame_046,pck_object_0039,pck_object_0039_part_007,pck_object_0039_part_007_choice_000,7,0,46,0x00496C,189,255,0x00496E,BDFFD200C100FFFF,D200C100FFFFD2007101DE0700008A00
C:/Users/MadCat/Documents/GitHub/MechwarriorRecomp/research/extract/decoded_pck/RIFPCK_TBL.decoded.bin,pck_object_0039_part_007_choice_000_frame_047,pck_object_0039,pck_object_0039_part_007,pck_object_0039_part_007_choice_000,7,0,47,0x004974,210,0,0x004976,D2007101DE070000,7101DE0700008A000900E8008A000900
C:/Users/MadCat/Documents/GitHub/MechwarriorRecomp/research/extract/decoded_pck/RIFPCK_TBL.decoded.bin,pck_object_0039_part_007_choice_000_frame_048,pck_object_0039,pck_object_0039_part_007,pck_object_0039_part_007_choice_000,7,0,48,0x00497C,138,0,0x00497E,8A000900E8008A00,0900E8008A0009006100E10277FF7107
C:/Users/MadCat/Documents/GitHub/MechwarriorRecomp/research/extract/decoded_pck/RIFPCK_TBL.decoded.bin,pck_object_0039_part_007_choice_000_frame_049,pck_object_0039,pck_object_0039_part_007,pck_object_0039_part_007_choice_000,7,0,49,0x004984,9,0,0x004986,09006100E10277FF,6100E10277FF71077E00C7FFE80096FE
C:/Users/MadCat/Documents/GitHub/MechwarriorRecomp/research/extract/decoded_pck/RIFPCK_TBL.decoded.bin,pck_object_0039_part_007_choice_000_frame_050,pck_object_0039,pck_object_0039_part_007,pck_object_0039_part_007_choice_000,7,0,50,0x00498C,113,7,0x00498E,71077E00C7FFE800,7E00C7FFE80096FE21F800007E00C7FF
C:/Users/MadCat/Documents/GitHub/MechwarriorRecomp/research/extract/decoded_pck/RIFPCK_TBL.decoded.bin,pck_object_0039_part_007_choice_000_frame_051,pck_object_0039,pck_object_0039_part_007,pck_object_0039_part_007_choice_000,7,0,51,0x004994,150,254,0x004996,96FE21F800007E00,21F800007E00C7FF61000006E2FED5FA
C:/Users/MadCat/Documents/GitHub/MechwarriorRecomp/research/extract/decoded_pck/RIFPCK_TBL.decoded.bin,pck_object_0039_part_007_choice_000_frame_052,pck_object_0039,pck_object_0039_part_007,pck_object_0039_part_007_choice_000,7,0,52,0x00499C,199,255,0x00499E,C7FF61000006E2FE,61000006E2FED5FA43029501F401E007
C:/Users/MadCat/Documents/GitHub/MechwarriorRecomp/research/extract/decoded_pck/RIFPCK_TBL.decoded.bin,pck_object_0039_part_007_choice_000_frame_053,pck_object_0039,pck_object_0039_part_007,pck_object_0039_part_007_choice_000,7,0,53,0x0049A4,213,250,0x0049A6,D5FA43029501F401,43029501F401E0079AFE01008400E9FF
C:/Users/MadCat/Documents/GitHub/MechwarriorRecomp/research/extract/decoded_pck/RIFPCK_TBL.decoded.bin,pck_object_0039_part_007_choice_000_frame_054,pck_object_0039,pck_object_0039_part_007,pck_object_0039_part_007_choice_000,7,0,54,0x0049AC,224,7,0x0049AE,E0079AFE01008400,9AFE01008400E9FF86013701DA06F003
C:/Users/MadCat/Documents/GitHub/MechwarriorRecomp/research/extract/decoded_pck/RIFPCK_TBL.decoded.bin,pck_object_0039_part_007_choice_000_frame_055,pck_object_0039,pck_object_0039_part_007,pck_object_0039_part_007_choice_000,7,0,55,0x0049B4,233,255,0x0049B6,E9FF86013701DA06,86013701DA06F0032B00F9FF860120F8
C:/Users/MadCat/Documents/GitHub/MechwarriorRecomp/research/extract/decoded_pck/RIFPCK_TBL.decoded.bin,pck_object_0039_part_007_choice_000_frame_056,pck_object_0039,pck_object_0039_part_007,pck_object_0039_part_007_choice_000,7,0,56,0x0049BC,240,3,0x0049BE,F0032B00F9FF8601,2B00F9FF860120F86601FFFF43FFD6FB
C:/Users/MadCat/Documents/GitHub/MechwarriorRecomp/research/extract/decoded_pck/RIFPCK_TBL.decoded.bin,pck_object_0039_part_007_choice_000_frame_057,pck_object_0039,pck_object_0039_part_007,pck_object_0039_part_007_choice_000,7,0,57,0x0049C4,32,248,0x0049C6,20F86601FFFF43FF,6601FFFF43FFD6FBCA060800310018FC
C:/Users/MadCat/Documents/GitHub/MechwarriorRecomp/research/extract/decoded_pck/RIFPCK_TBL.decoded.bin,pck_object_0039_part_007_choice_000_frame_058,pck_object_0039,pck_object_0039_part_007,pck_object_0039_part_007_choice_000,7,0,58,0x0049CC,214,251,0x0049CE,D6FBCA0608003100,CA060800310018FCCCFFDBFFC4FF2400
C:/Users/MadCat/Documents/GitHub/MechwarriorRecomp/research/extract/decoded_pck/RIFPCK_TBL.decoded.bin,pck_object_0039_part_007_choice_000_frame_059,pck_object_0039,pck_object_0039_part_007,pck_object_0039_part_007_choice_000,7,0,59,0x0049D4,24,252,0x0049D6,18FCCCFFDBFFC4FF,CCFFDBFFC4FF2400CCFFC4FF33002400
C:/Users/MadCat/Documents/GitHub/MechwarriorRecomp/research/extract/decoded_pck/RIFPCK_TBL.decoded.bin,pck_object_0039_part_007_choice_000_frame_060,pck_object_0039,pck_object_0039_part_007,pck_object_0039_part_007_choice_000,7,0,60,0x0049DC,36,0,0x0049DE,2400CCFFC4FF3300,CCFFC4FF33002400C4FFDBFF3300C4FF
C:/Users/MadCat/Documents/GitHub/MechwarriorRecomp/research/extract/decoded_pck/RIFPCK_TBL.decoded.bin,pck_object_0039_part_007_choice_000_frame_061,pck_object_0039,pck_object_0039_part_007,pck_object_0039_part_007_choice_000,7,0,61,0x0049E4,36,0,0x0049E6,2400C4FFDBFF3300,C4FFDBFF3300C4FFCCFFDBFF3400DBFF
C:/Users/MadCat/Documents/GitHub/MechwarriorRecomp/research/extract/decoded_pck/RIFPCK_TBL.decoded.bin,pck_object_0039_part_007_choice_000_frame_062,pck_object_0039,pck_object_0039_part_007,pck_object_0039_part_007_choice_000,7,0,62,0x0049EC,196,255,0x0049EE,C4FFCCFFDBFF3400,CCFFDBFF3400DBFF330034006501E007
C:/Users/MadCat/Documents/GitHub/MechwarriorRecomp/research/extract/decoded_pck/RIFPCK_TBL.decoded.bin,pck_object_0039_part_007_choice_000_frame_063,pck_object_0039,pck_object_0039_part_007,pck_object_0039_part_007_choice_000,7,0,63,0x0049F4,219,255,0x0049F6,DBFF330034006501,330034006501E0070000330024003400
C:/Users/MadCat/Documents/GitHub/MechwarriorRecomp/research/extract/decoded_pck/RIFPCK_TBL.decoded.bin,pck_object_0039_part_007_choice_000_frame_064,pck_object_0039,pck_object_0039_part_007,pck_object_0039_part_007_choice_000,7,0,64,0x0049FC,224,7,0x0049FE,E007000033002400,0000330024003400E0079BFE00002400
C:/Users/MadCat/Documents/GitHub/MechwarriorRecomp/research/extract/decoded_pck/RIFPCK_TBL.decoded.bin,pck_object_0039_part_007_choice_000_frame_065,pck_object_0039,pck_object_0039_part_007,pck_object_0039_part_007_choice_000,7,0,65,0x004A04,52,0,0x004A06,3400E0079BFE0000,E0079BFE00002400CCFF34009BFE20F8
C:/Users/MadCat/Documents/GitHub/MechwarriorRecomp/research/extract/decoded_pck/RIFPCK_TBL.decoded.bin,pck_object_0039_part_007_choice_000_frame_066,pck_object_0039,pck_object_0039_part_007,pck_object_0039_part_007_choice_000,7,0,66,0x004A0C,36,0,0x004A0E,2400CCFF34009BFE,CCFF34009BFE20F80000DDFF3BFFD007
C:/Users/MadCat/Documents/GitHub/MechwarriorRecomp/research/extract/decoded_pck/RIFPCK_TBL.decoded.bin,pck_object_0039_part_007_choice_000_frame_067,pck_object_0039,pck_object_0039_part_007,pck_object_0039_part_007_choice_000,7,0,67,0x004A14,32,248,0x004A16,20F80000DDFF3BFF,0000DDFF3BFFD007390084FFA7019FFF
C:/Users/MadCat/Documents/GitHub/MechwarriorRecomp/research/extract/decoded_pck/RIFPCK_TBL.decoded.bin,pck_object_0039_part_007_choice_000_frame_068,pck_object_0039,pck_object_0039_part_007,pck_object_0039_part_007_choice_000,7,0,68,0x004A1C,208,7,0x004A1E,D007390084FFA701,390084FFA7019FFF9FFFA701A4FFC0FF
C:/Users/MadCat/Documents/GitHub/MechwarriorRecomp/research/extract/decoded_pck/RIFPCK_TBL.decoded.bin,pck_object_0039_part_007_choice_000_frame_069,pck_object_0039,pck_object_0039_part_007,pck_object_0039_part_007_choice_000,7,0,69,0x004A24,159,255,0x004A26,9FFF9FFFA701A4FF,9FFFA701A4FFC0FFBE013F00A4FFBE01
C:/Users/MadCat/Documents/GitHub/MechwarriorRecomp/research/extract/decoded_pck/RIFPCK_TBL.decoded.bin,pck_object_0039_part_007_choice_000_frame_070,pck_object_0039,pck_object_0039_part_007,pck_object_0039_part_007_choice_000,7,0,70,0x004A2C,192,255,0x004A2E,C0FFBE013F00A4FF,BE013F00A4FFBE01FBFFA5FF4D01FBFF
C:/Users/MadCat/Documents/GitHub/MechwarriorRecomp/research/extract/decoded_pck/RIFPCK_TBL.decoded.bin,pck_object_0039_part_007_choice_000_frame_071,pck_object_0039,pck_object_0039_part_007,pck_object_0039_part_007_choice_000,7,0,71,0x004A34,190,1,0x004A36,BE01FBFFA5FF4D01,FBFFA5FF4D01FBFFA5FFB301E5FFA9FF
C:/Users/MadCat/Documents/GitHub/MechwarriorRecomp/research/extract/decoded_pck/RIFPCK_TBL.decoded.bin,pck_object_0039_part_007_choice_000_frame_072,pck_object_0039,pck_object_0039_part_007,pck_object_0039_part_007_choice_000,7,0,72,0x004A3C,251,255,0x004A3E,FBFFA5FFB301E5FF,A5FFB301E5FFA9FFB301E5FFA9FF4D01
C:/Users/MadCat/Documents/GitHub/MechwarriorRecomp/research/extract/decoded_pck/RIFPCK_TBL.decoded.bin,pck_object_0039_part_007_choice_000_frame_073,pck_object_0039,pck_object_0039_part_007,pck_object_0039_part_007_choice_000,7,0,73,0x004A44,169,255,0x004A46,A9FFB301E5FFA9FF,B301E5FFA9FF4D010100620200000400
C:/Users/MadCat/Documents/GitHub/MechwarriorRecomp/research/extract/decoded_pck/RIFPCK_TBL.decoded.bin,pck_object_0039_part_007_choice_000_frame_074,pck_object_0039,pck_object_0039_part_007,pck_object_0039_part_007_choice_000,7,0,74,0x004A4C,77,1,0x004A4E,4D01010062020000,01006202000004006A02000E81010101
C:/Users/MadCat/Documents/GitHub/MechwarriorRecomp/research/extract/decoded_pck/RIFPCK_TBL.decoded.bin,pck_object_0039_part_007_choice_000_frame_075,pck_object_0039,pck_object_0039_part_007,pck_object_0039_part_007_choice_000,7,0,75,0x004A54,4,0,0x004A56,04006A02000E8101,6A02000E8101010101018A0281000000
C:/Users/MadCat/Documents/GitHub/MechwarriorRecomp/research/extract/decoded_pck/RIFPCK_TBL.decoded.bin,pck_object_0039_part_007_choice_000_frame_076,pck_object_0039,pck_object_0039_part_007,pck_object_0039_part_007_choice_000,7,0,76,0x004A5C,1,1,0x004A5E,010101018A028100,01018A02810000000006900281000000
C:/Users/MadCat/Documents/GitHub/MechwarriorRecomp/research/extract/decoded_pck/RIFPCK_TBL.decoded.bin,pck_object_0039_part_007_choice_000_frame_077,pck_object_0039,pck_object_0039_part_007,pck_object_0039_part_007_choice_000,7,0,77,0x004A64,0,0,0x004A66,0000000690028100,00069002810000000009960281000000
C:/Users/MadCat/Documents/GitHub/MechwarriorRecomp/research/extract/decoded_pck/RIFPCK_TBL.decoded.bin,pck_object_0039_part_007_choice_000_frame_078,pck_object_0039,pck_object_0039_part_007,pck_object_0039_part_007_choice_000,7,0,78,0x004A6C,0,0,0x004A6E,0000000996028100,0009960281000000000E9C0202020304
C:/Users/MadCat/Documents/GitHub/MechwarriorRecomp/research/extract/decoded_pck/RIFPCK_TBL.decoded.bin,pck_object_0039_part_007_choice_000_frame_079,pck_object_0039,pck_object_0039_part_007,pck_object_0039_part_007_choice_000,7,0,79,0x004A74,0,0,0x004A76,0000000E9C020202,000E9C020202030405FF0505040708FF
C:/Users/MadCat/Documents/GitHub/MechwarriorRecomp/research/extract/decoded_pck/RIFPCK_TBL.decoded.bin,pck_object_0039_part_007_choice_000_frame_080,pck_object_0039,pck_object_0039_part_007,pck_object_0039_part_007_choice_000,7,0,80,0x004A7C,3,4,0x004A7E,030405FF05050407,05FF0505040708FF0A0A0B0C0DFF0F0F
C:/Users/MadCat/Documents/GitHub/MechwarriorRecomp/research/extract/decoded_pck/RIFPCK_TBL.decoded.bin,pck_object_0039_part_007_choice_000_frame_081,pck_object_0039,pck_object_0039_part_007,pck_object_0039_part_007_choice_000,7,0,81,0x004A84,8,255,0x004A86,08FF0A0A0B0C0DFF,0A0A0B0C0DFF0F0F100302FF0100A602
C:/Users/MadCat/Documents/GitHub/MechwarriorRecomp/research/extract/decoded_pck/RIFPCK_TBL.decoded.bin,pck_object_0039_part_007_choice_000_frame_082,pck_object_0039,pck_object_0039_part_007,pck_object_0039_part_007_choice_000,7,0,82,0x004A8C,15,15,0x004A8E,0F0F100302FF0100,100302FF0100A60200000200AE020100
C:/Users/MadCat/Documents/GitHub/MechwarriorRecomp/research/extract/decoded_pck/RIFPCK_TBL.decoded.bin,pck_object_0039_part_007_choice_000_frame_083,pck_object_0039,pck_object_0039_part_007,pck_object_0039_part_007_choice_000,7,0,83,0x004A94,166,2,0x004A96,A60200000200AE02,00000200AE020100810707070712BE02
C:/Users/MadCat/Documents/GitHub/MechwarriorRecomp/research/extract/decoded_pck/RIFPCK_TBL.decoded.bin,pck_object_0039_part_007_choice_000_frame_084,pck_object_0039,pck_object_0039_part_007,pck_object_0039_part_007_choice_000,7,0,84,0x004A9C,1,0,0x004A9E,0100810707070712,810707070712BE02810000000013C402
C:/Users/MadCat/Documents/GitHub/MechwarriorRecomp/research/extract/decoded_pck/RIFPCK_TBL.decoded.bin,pck_object_0039_part_007_choice_000_frame_085,pck_object_0039,pck_object_0039_part_007,pck_object_0039_part_007_choice_000,7,0,85,0x004AA4,190,2,0x004AA6,BE02810000000013,810000000013C4020F0F080710FF1010
C:/Users/MadCat/Documents/GitHub/MechwarriorRecomp/research/extract/decoded_pck/RIFPCK_TBL.decoded.bin,pck_object_0039_part_007_choice_000_frame_086,pck_object_0039,pck_object_0039_part_007,pck_object_0039_part_007_choice_000,7,0,86,0x004AAC,196,2,0x004AAE,C4020F0F080710FF,0F0F080710FF1010141503FF0100CE02
C:/Users/MadCat/Documents/GitHub/MechwarriorRecomp/research/extract/decoded_pck/RIFPCK_TBL.decoded.bin,pck_object_0039_part_007_choice_000_frame_087,pck_object_0039,pck_object_0039_part_007,pck_object_0039_part_007_choice_000,7,0,87,0x004AB4,16,16,0x004AB6,1010141503FF0100,141503FF0100CE0200000400D602011C
C:/Users/MadCat/Documents/GitHub/MechwarriorRecomp/research/extract/decoded_pck/RIFPCK_TBL.decoded.bin,pck_object_0039_part_007_choice_000_frame_088,pck_object_0039,pck_object_0039_part_007,pck_object_0039_part_007_choice_000,7,0,88,0x004ABC,206,2,0x004ABE,CE0200000400D602,00000400D602011C810000000017F602
C:/Users/MadCat/Documents/GitHub/MechwarriorRecomp/research/extract/decoded_pck/RIFPCK_TBL.decoded.bin,pck_object_0039_part_007_choice_000_frame_089,pck_object_0039,pck_object_0039_part_007,pck_object_0039_part_007_choice_000,7,0,89,0x004AC4,1,28,0x004AC6,011C810000000017,810000000017F602810909090919FB02
C:/Users/MadCat/Documents/GitHub/MechwarriorRecomp/research/extract/decoded_pck/RIFPCK_TBL.decoded.bin,pck_object_0039_part_007_choice_000_frame_090,pck_object_0039,pck_object_0039_part_007,pck_object_0039_part_007_choice_000,7,0,90,0x004ACC,246,2,0x004ACE,F602810909090919,810909090919FB0281080808081B0103
C:/Users/MadCat/Documents/GitHub/MechwarriorRecomp/research/extract/decoded_pck/RIFPCK_TBL.decoded.bin,pck_object_0039_part_007_choice_000_frame_091,pck_object_0039,pck_object_0039_part_007,pck_object_0039_part_007_choice_000,7,0,91,0x004AD4,251,2,0x004AD6,FB0281080808081B,81080808081B010381010101011C0603
C:/Users/MadCat/Documents/GitHub/MechwarriorRecomp/research/extract/decoded_pck/RIFPCK_TBL.decoded.bin,pck_object_0039_part_007_choice_000_frame_092,pck_object_0039,pck_object_0039_part_007,pck_object_0039_part_007_choice_000,7,0,92,0x004ADC,1,3,0x004ADE,010381010101011C,81010101011C06030202180FFF0C0C1A
C:/Users/MadCat/Documents/GitHub/MechwarriorRecomp/research/extract/decoded_pck/RIFPCK_TBL.decoded.bin,pck_object_0039_part_007_choice_000_frame_093,pck_object_0039,pck_object_0039_part_007,pck_object_0039_part_007_choice_000,7,0,93,0x004AE4,6,3,0x004AE6,06030202180FFF0C,0202180FFF0C0C1A1802FF0B0B1A0CFF
C:/Users/MadCat/Documents/GitHub/MechwarriorRecomp/research/extract/decoded_pck/RIFPCK_TBL.decoded.bin,pck_object_0039_part_007_choice_000_frame_094,pck_object_0039,pck_object_0039_part_007,pck_object_0039_part_007_choice_000,7,0,94,0x004AEC,12,26,0x004AEE,0C1A1802FF0B0B1A,1802FF0B0B1A0CFF1A1A0B0F18FF0100
C:/Users/MadCat/Documents/GitHub/MechwarriorRecomp/research/extract/decoded_pck/RIFPCK_TBL.decoded.bin,pck_object_0039_part_007_choice_000_frame_095,pck_object_0039,pck_object_0039_part_007,pck_object_0039_part_007_choice_000,7,0,95,0x004AF4,12,255,0x004AF6,0CFF1A1A0B0F18FF,1A1A0B0F18FF01001003000005001803
C:/Users/MadCat/Documents/GitHub/MechwarriorRecomp/research/extract/decoded_pck/RIFPCK_TBL.decoded.bin,pck_object_0039_part_007_choice_000_frame_096,pck_object_0039,pck_object_0039_part_007,pck_object_0039_part_007_choice_000,7,0,96,0x004AFC,1,0,0x004AFE,0100100300000500,1003000005001803082981000000001E
C:/Users/MadCat/Documents/GitHub/MechwarriorRecomp/research/extract/decoded_pck/RIFPCK_TBL.decoded.bin,pck_object_0039_part_007_choice_000_frame_097,pck_object_0039,pck_object_0039_part_007,pck_object_0039_part_007_choice_000,7,0,97,0x004B04,24,3,0x004B06,1803082981000000,082981000000001E4003810808080824
C:/Users/MadCat/Documents/GitHub/MechwarriorRecomp/research/extract/decoded_pck/RIFPCK_TBL.decoded.bin,pck_object_0039_part_007_choice_000_frame_098,pck_object_0039,pck_object_0039_part_007,pck_object_0039_part_007_choice_000,7,0,98,0x004B0C,0,30,0x004B0E,001E400381080808,40038108080808244703810000000027
C:/Users/MadCat/Documents/GitHub/MechwarriorRecomp/research/extract/decoded_pck/RIFPCK_TBL.decoded.bin,pck_object_0039_part_007_choice_000_frame_099,pck_object_0039,pck_object_0039_part_007,pck_object_0039_part_007_choice_000,7,0,99,0x004B14,8,36,0x004B16,0824470381000000,47038100000000274D03810808080829
C:/Users/MadCat/Documents/GitHub/MechwarriorRecomp/research/extract/decoded_pck/RIFPCK_TBL.decoded.bin,pck_object_0039_part_007_choice_000_frame_100,pck_object_0039,pck_object_0039_part_007,pck_object_0039_part_007_choice_000,7,0,100,0x004B1C,0,39,0x004B1E,00274D0381080808,4D03810808080829530381000000002B
C:/Users/MadCat/Documents/GitHub/MechwarriorRecomp/research/extract/decoded_pck/RIFPCK_TBL.decoded.bin,pck_object_0039_part_007_choice_000_frame_101,pck_object_0039,pck_object_0039_part_007,pck_object_0039_part_007_choice_000,7,0,101,0x004B24,8,41,0x004B26,0829530381000000,530381000000002B59031F1F20212223
C:/Users/MadCat/Documents/GitHub/MechwarriorRecomp/research/extract/decoded_pck/RIFPCK_TBL.decoded.bin,pck_object_0039_part_007_choice_000_frame_102,pck_object_0039,pck_object_0039_part_007,pck_object_0039_part_007_choice_000,7,0,102,0x004B2C,0,43,0x004B2E,002B59031F1F2021,59031F1F20212223FF25251F2326FF28
C:/Users/MadCat/Documents/GitHub/MechwarriorRecomp/research/extract/decoded_pck/RIFPCK_TBL.decoded.bin,pck_object_0039_part_007_choice_000_frame_103,pck_object_0039,pck_object_0039_part_007,pck_object_0039_part_007_choice_000,7,0,103,0x004B34,34,35,0x004B36,2223FF25251F2326,FF25251F2326FF2828201F25FF2A2A21
C:/Users/MadCat/Documents/GitHub/MechwarriorRecomp/research/extract/decoded_pck/RIFPCK_TBL.decoded.bin,pck_object_0039_part_007_choice_000_frame_104,pck_object_0039,pck_object_0039_part_007,pck_object_0039_part_007_choice_000,7,0,104,0x004B3C,255,40,0x004B3E,FF2828201F25FF2A,28201F25FF2A2A212028FF262623212A
C:/Users/MadCat/Documents/GitHub/MechwarriorRecomp/research/extract/decoded_pck/RIFPCK_TBL.decoded.bin,pck_object_0039_part_007_choice_000_frame_105,pck_object_0039,pck_object_0039_part_007,pck_object_0039_part_007_choice_000,7,0,105,0x004B44,42,33,0x004B46,2A212028FF262623,2028FF262623212AFF01006303000005
C:/Users/MadCat/Documents/GitHub/MechwarriorRecomp/research/extract/decoded_pck/RIFPCK_TBL.decoded.bin,pck_object_0039_part_007_choice_000_frame_106,pck_object_0039,pck_object_0039_part_007,pck_object_0039_part_007_choice_000,7,0,106,0x004B4C,33,42,0x004B4E,212AFF0100630300,FF01006303000005006B030837810000
C:/Users/MadCat/Documents/GitHub/MechwarriorRecomp/research/extract/decoded_pck/RIFPCK_TBL.decoded.bin,pck_object_0039_part_007_choice_000_frame_107,pck_object_0039,pck_object_0039_part_007,pck_object_0039_part_007_choice_000,7,0,107,0x004B54,0,5,0x004B56,0005006B03083781,006B03083781000000002D9303810808
C:/Users/MadCat/Documents/GitHub/MechwarriorRecomp/research/extract/decoded_pck/RIFPCK_TBL.decoded.bin,pck_object_0039_part_007_choice_000_frame_108,pck_object_0039,pck_object_0039_part_007,pck_object_0039_part_007_choice_000,7,0,108,0x004B5C,0,0,0x004B5E,000000002D930381,00002D93038108080808329903810000
C:/Users/MadCat/Documents/GitHub/MechwarriorRecomp/research/extract/decoded_pck/RIFPCK_TBL.decoded.bin,pck_object_0039_part_007_choice_000_frame_109,pck_object_0039,pck_object_0039_part_007,pck_object_0039_part_007_choice_000,7,0,109,0x004B64,8,8,0x004B66,0808080832990381,08083299038100000000359F03810808
C:/Users/MadCat/Documents/GitHub/MechwarriorRecomp/research/extract/decoded_pck/RIFPCK_TBL.decoded.bin,pck_object_0039_part_007_choice_000_frame_110,pck_object_0039,pck_object_0039_part_007,pck_object_0039_part_007_choice_000,7,0,110,0x004B6C,0,0,0x004B6E,00000000359F0381,0000359F03810808080837A503810000
C:/Users/MadCat/Documents/GitHub/MechwarriorRecomp/research/extract/decoded_pck/RIFPCK_TBL.decoded.bin,pck_object_0039_part_007_choice_000_frame_111,pck_object_0039,pck_object_0039_part_007,pck_object_0039_part_007_choice_000,7,0,111,0x004B74,8,8,0x004B76,0808080837A50381,080837A503810000000039AB032E2E2F
C:/Users/MadCat/Documents/GitHub/MechwarriorRecomp/research/extract/decoded_pck/RIFPCK_TBL.decoded.bin,pck_object_0039_part_007_choice_000_frame_112,pck_object_0039,pck_object_0039_part_007,pck_object_0039_part_007_choice_000,7,0,112,0x004B7C,0,0,0x004B7E,0000000039AB032E,000039AB032E2E2F3031FF313133342E
C:/Users/MadCat/Documents/GitHub/MechwarriorRecomp/research/extract/decoded_pck/RIFPCK_TBL.decoded.bin,pck_object_0039_part_007_choice_000_frame_113,pck_object_0039,pck_object_0039_part_007,pck_object_0039_part_007_choice_000,7,0,113,0x004B84,46,47,0x004B86,2E2F3031FF313133,3031FF313133342EFF3030363331FF2F
C:/Users/MadCat/Documents/GitHub/MechwarriorRecomp/research/extract/decoded_pck/RIFPCK_TBL.decoded.bin,pck_object_0039_part_007_choice_000_frame_114,pck_object_0039,pck_object_0039_part_007,pck_object_0039_part_007_choice_000,7,0,114,0x004B8C,52,46,0x004B8E,342EFF3030363331,FF3030363331FF2F2F383630FF343438
C:/Users/MadCat/Documents/GitHub/MechwarriorRecomp/research/extract/decoded_pck/RIFPCK_TBL.decoded.bin,pck_object_0039_part_007_choice_000_frame_115,pck_object_0039,pck_object_0039_part_007,pck_object_0039_part_007_choice_000,7,0,115,0x004B94,255,47,0x004B96,FF2F2F383630FF34,2F383630FF3434382F2EFF0100B50300
C:/Users/MadCat/Documents/GitHub/MechwarriorRecomp/research/extract/decoded_pck/RIFPCK_TBL.decoded.bin,pck_object_0039_part_007_choice_000_frame_116,pck_object_0039,pck_object_0039_part_007,pck_object_0039_part_007_choice_000,7,0,116,0x004B9C,52,56,0x004B9E,34382F2EFF0100B5,2F2EFF0100B50300000400BD03011C81
C:/Users/MadCat/Documents/GitHub/MechwarriorRecomp/research/extract/decoded_pck/RIFPCK_TBL.decoded.bin,pck_object_0039_part_007_choice_000_frame_117,pck_object_0039,pck_object_0039_part_007,pck_object_0039_part_007_choice_000,7,0,117,0x004BA4,3,0,0x004BA6,0300000400BD0301,000400BD03011C81000000003BDD0381
C:/Users/MadCat/Documents/GitHub/MechwarriorRecomp/research/extract/decoded_pck/RIFPCK_TBL.decoded.bin,pck_object_0039_part_007_choice_000_frame_118,pck_object_0039,pck_object_0039_part_007,pck_object_0039_part_007_choice_000,7,0,118,0x004BAC,28,129,0x004BAE,1C81000000003BDD,000000003BDD0381090909093DE20381
C:/Users/MadCat/Documents/GitHub/MechwarriorRecomp/research/extract/decoded_pck/RIFPCK_TBL.decoded.bin,pck_object_0039_part_007_choice_000_frame_119,pck_object_0039,pck_object_0039_part_007,pck_object_0039_part_007_choice_000,7,0,119,0x004BB4,3,129,0x004BB6,0381090909093DE2,090909093DE20381080808083FE80381
C:/Users/MadCat/Documents/GitHub/MechwarriorRecomp/research/extract/decoded_pck/RIFPCK_TBL.decoded.bin,pck_object_0039_part_007_choice_000_frame_120,pck_object_0039,pck_object_0039_part_007,pck_object_0039_part_007_choice_000,7,0,120,0x004BBC,3,129,0x004BBE,0381080808083FE8,080808083FE803810101010140ED0308
C:/Users/MadCat/Documents/GitHub/MechwarriorRecomp/research/extract/decoded_pck/RIFPCK_TBL.decoded.bin,pck_object_0039_part_007_choice_000_frame_121,pck_object_0039,pck_object_0039_part_007,pck_object_0039_part_007_choice_000,7,0,121,0x004BC4,3,129,0x004BC6,03810101010140ED,0101010140ED0308083C05FF3C3C3E0D
C:/Users/MadCat/Documents/GitHub/MechwarriorRecomp/research/extract/decoded_pck/RIFPCK_TBL.decoded.bin,pck_object_0039_part_007_choice_000_frame_122,pck_object_0039,pck_object_0039_part_007,pck_object_0039_part_007_choice_000,7,0,122,0x004BCC,3,8,0x004BCE,0308083C05FF3C3C,083C05FF3C3C3E0D05FF0D0D3E0AFF0A
C:/Users/MadCat/Documents/GitHub/MechwarriorRecomp/research/extract/decoded_pck/RIFPCK_TBL.decoded.bin,pck_object_0039_part_007_choice_000_frame_123,pck_object_0039,pck_object_0039_part_007,pck_object_0039_part_007_choice_000,7,0,123,0x004BD4,62,13,0x004BD6,3E0D05FF0D0D3E0A,05FF0D0D3E0AFF0A0A3E3C08FF0100F7
C:/Users/MadCat/Documents/GitHub/MechwarriorRecomp/research/extract/decoded_pck/RIFPCK_TBL.decoded.bin,pck_object_0039_part_007_choice_000_frame_124,pck_object_0039,pck_object_0039_part_007,pck_object_0039_part_007_choice_000,7,0,124,0x004BDC,255,10,0x004BDE,FF0A0A3E3C08FF01,0A3E3C08FF0100F70300000500FF0300
C:/Users/MadCat/Documents/GitHub/MechwarriorRecomp/research/extract/decoded_pck/RIFPCK_TBL.decoded.bin,pck_object_0039_part_007_choice_000_frame_125,pck_object_0039,pck_object_0039_part_007,pck_object_0039_part_007_choice_000,7,0,125,0x004BE4,0,247,0x004BE6,00F70300000500FF,0300000500FF03001B81000000001327
C:/Users/MadCat/Documents/GitHub/MechwarriorRecomp/research/extract/decoded_pck/RIFPCK_TBL.decoded.bin,pck_object_0039_part_007_choice_000_frame_126,pck_object_0039,pck_object_0039_part_007,pck_object_0039_part_007_choice_000,7,0,126,0x004BEC,3,0,0x004BEE,03001B8100000000,1B810000000013270481000000000E2D
C:/Users/MadCat/Documents/GitHub/MechwarriorRecomp/research/extract/decoded_pck/RIFPCK_TBL.decoded.bin,pck_object_0039_part_007_choice_000_frame_127,pck_object_0039,pck_object_0039_part_007,pck_object_0039_part_007_choice_000,7,0,127,0x004BF4,19,39,0x004BF6,1327048100000000,0481000000000E2D0481010101014833
C:/Users/MadCat/Documents/GitHub/MechwarriorRecomp/research/extract/decoded_pck/RIFPCK_TBL.decoded.bin,pck_object_0041_part_000_choice_000_frame_000,pck_object_0041,pck_object_0041_part_000,pck_object_0041_part_000_choice_000,0,0,0,0x0052A8,0,0,0x0052AA,0000040010029C01,040010029C0181010101010130028100
C:/Users/MadCat/Documents/GitHub/MechwarriorRecomp/research/extract/decoded_pck/RIFPCK_TBL.decoded.bin,pck_object_0041_part_001_choice_000_frame_000,pck_object_0041,pck_object_0041_part_001,pck_object_0041_part_001_choice_000,1,0,0,0x0052EC,0,0,0x0052EE,0000020054020000,02005402000081070707071264028100
C:/Users/MadCat/Documents/GitHub/MechwarriorRecomp/research/extract/decoded_pck/RIFPCK_TBL.decoded.bin,pck_object_0041_part_002_choice_000_frame_000,pck_object_0041,pck_object_0041_part_002,pck_object_0041_part_002_choice_000,2,0,0,0x005314,0,0,0x005316,000004007C028902,04007C02890281000000000E9C028109
C:/Users/MadCat/Documents/GitHub/MechwarriorRecomp/research/extract/decoded_pck/RIFPCK_TBL.decoded.bin,pck_object_0041_part_003_choice_000_frame_000,pck_object_0041,pck_object_0041_part_003,pck_object_0041_part_003_choice_000,3,0,0,0x005356,0,0,0x005358,00000500BE028108,0500BE02810881000000000EE6028108
C:/Users/MadCat/Documents/GitHub/MechwarriorRecomp/research/extract/decoded_pck/RIFPCK_TBL.decoded.bin,pck_object_0041_part_004_choice_000_frame_000,pck_object_0041,pck_object_0041_part_004,pck_object_0041_part_004_choice_000,4,0,0,0x0053A9,0,0,0x0053AB,0000050011030000,05001103000081000000000639038108
C:/Users/MadCat/Documents/GitHub/MechwarriorRecomp/research/extract/decoded_pck/RIFPCK_TBL.decoded.bin,pck_object_0041_part_005_choice_000_frame_000,pck_object_0041,pck_object_0041_part_005,pck_object_0041_part_005_choice_000,5,0,0,0x0053FB,0,0,0x0053FD,0000040063038100,04006303810081000000000683038109
C:/Users/MadCat/Documents/GitHub/MechwarriorRecomp/research/extract/decoded_pck/RIFPCK_TBL.decoded.bin,pck_object_0041_part_006_choice_000_frame_000,pck_object_0041,pck_object_0041_part_006,pck_object_0041_part_006_choice_000,6,0,0,0x00543D,0,0,0x00543F,00000500A5038108,0500A5038108810000000013CD038100
C:/Users/MadCat/Documents/GitHub/MechwarriorRecomp/research/extract/decoded_pck/RIFPCK_TBL.decoded.bin,pck_object_0041_part_007_choice_000_frame_000,pck_object_0041,pck_object_0041_part_007,pck_object_0041_part_007_choice_000,7,0,0,0x00548F,0,0,0x005491,00000200F7038107,0200F70381078000000000FF07048000
C:/Users/MadCat/Documents/GitHub/MechwarriorRecomp/research/extract/decoded_pck/RIFPCK_TBL.decoded.bin,pck_object_0042_part_000_choice_000_frame_000,pck_object_0042,pck_object_0042_part_000,pck_object_0042_part_000_choice_000,0,0,0,0x0058B3,0,0,0x0058B5,000000001B240481,00001B240481070707074A2A04414142
C:/Users/MadCat/Documents/GitHub/MechwarriorRecomp/research/extract/decoded_pck/RIFPCK_TBL.decoded.bin,pck_object_0042_part_000_choice_000_frame_001,pck_object_0042,pck_object_0042_part_000,pck_object_0042_part_000_choice_000,0,0,1,0x0058BB,7,7,0x0058BD,070707074A2A0441,07074A2A044141424344FF4545414446
C:/Users/MadCat/Documents/GitHub/MechwarriorRecomp/research/extract/decoded_pck/RIFPCK_TBL.decoded.bin,pck_object_0042_part_001_choice_000_frame_000,pck_object_0042,pck_object_0042_part_001,pck_object_0042_part_001_choice_000,1,0,0,0x0056B3,48,0,0x0056B5,300029003000D7FF,29003000D7FF2900B20008F800001100
C:/Users/MadCat/Documents/GitHub/MechwarriorRecomp/research/extract/decoded_pck/RIFPCK_TBL.decoded.bin,pck_object_0042_part_001_choice_000_frame_001,pck_object_0042,pck_object_0042_part_001,pck_object_0042_part_001_choice_000,1,0,1,0x0056BB,41,0,0x0056BD,2900B20008F80000,B20008F80000110038FFD007570097FF
C:/Users/MadCat/Documents/GitHub/MechwarriorRecomp/research/extract/decoded_pck/RIFPCK_TBL.decoded.bin,pck_object_0042_part_002_choice_000_frame_000,pck_object_0042,pck_object_0042_part_002,pck_object_0042_part_002_choice_000,2,0,0,0x0058B3,0,0,0x0058B5,000000001B240481,00001B240481070707074A2A04414142
C:/Users/MadCat/Documents/GitHub/MechwarriorRecomp/research/extract/decoded_pck/RIFPCK_TBL.decoded.bin,pck_object_0042_part_002_choice_000_frame_001,pck_object_0042,pck_object_0042_part_002,pck_object_0042_part_002_choice_000,2,0,1,0x0058BB,7,7,0x0058BD,070707074A2A0441,07074A2A044141424344FF4545414446
C:/Users/MadCat/Documents/GitHub/MechwarriorRecomp/research/extract/decoded_pck/RIFPCK_TBL.decoded.bin,pck_object_0042_part_003_choice_000_frame_000,pck_object_0042,pck_object_0042_part_003,pck_object_0042_part_003_choice_000,3,0,0,0x0059B3,255,77,0x0059B5,FF4D0182FFBCFF34,0182FFBCFF3400560013FECEFF5A0139
C:/Users/MadCat/Documents/GitHub/MechwarriorRecomp/research/extract/decoded_pck/RIFPCK_TBL.decoded.bin,pck_object_0042_part_003_choice_000_frame_001,pck_object_0042,pck_object_0042_part_003,pck_object_0042_part_003_choice_000,3,0,1,0x0059BB,0,86,0x0059BD,00560013FECEFF5A,0013FECEFF5A0139F8B9FE0000000000
C:/Users/MadCat/Documents/GitHub/MechwarriorRecomp/research/extract/decoded_pck/RIFPCK_TBL.decoded.bin,pck_object_0042_part_004_choice_000_frame_000,pck_object_0042,pck_object_0042_part_004,pck_object_0042_part_004_choice_000,4,0,0,0x0059B3,255,77,0x0059B5,FF4D0182FFBCFF34,0182FFBCFF3400560013FECEFF5A0139
C:/Users/MadCat/Documents/GitHub/MechwarriorRecomp/research/extract/decoded_pck/RIFPCK_TBL.decoded.bin,pck_object_0042_part_004_choice_000_frame_001,pck_object_0042,pck_object_0042_part_004,pck_object_0042_part_004_choice_000,4,0,1,0x0059BB,0,86,0x0059BD,00560013FECEFF5A,0013FECEFF5A0139F8B9FE0000000000
C:/Users/MadCat/Documents/GitHub/MechwarriorRecomp/research/extract/decoded_pck/RIFPCK_TBL.decoded.bin,pck_object_0042_part_004_choice_000_frame_002,pck_object_0042,pck_object_0042_part_004,pck_object_0042_part_004_choice_000,4,0,2,0x0059C3,1,57,0x0059C5,0139F8B9FE000000,F8B9FE0000000000F88100E9FF340071
C:/Users/MadCat/Documents/GitHub/MechwarriorRecomp/research/extract/decoded_pck/RIFPCK_TBL.decoded.bin,pck_object_0042_part_005_choice_000_frame_000,pck_object_0042,pck_object_0042_part_005,pck_object_0042_part_005_choice_000,5,0,0,0x0058B3,0,0,0x0058B5,000000001B240481,00001B240481070707074A2A04414142
C:/Users/MadCat/Documents/GitHub/MechwarriorRecomp/research/extract/decoded_pck/RIFPCK_TBL.decoded.bin,pck_object_0042_part_005_choice_000_frame_001,pck_object_0042,pck_object_0042_part_005,pck_object_0042_part_005_choice_000,5,0,1,0x0058BB,7,7,0x0058BD,070707074A2A0441,07074A2A044141424344FF4545414446
C:/Users/MadCat/Documents/GitHub/MechwarriorRecomp/research/extract/decoded_pck/RIFPCK_TBL.decoded.bin,pck_object_0042_part_005_choice_000_frame_002,pck_object_0042,pck_object_0042_part_005,pck_object_0042_part_005_choice_000,5,0,2,0x0058C3,65,66,0x0058C5,41424344FF454541,4344FF4545414446FF4646444348FF48
C:/Users/MadCat/Documents/GitHub/MechwarriorRecomp/research/extract/decoded_pck/RIFPCK_TBL.decoded.bin,pck_object_0042_part_006_choice_000_frame_000,pck_object_0042,pck_object_0042_part_006,pck_object_0042_part_006_choice_000,6,0,0,0x0059B3,255,77,0x0059B5,FF4D0182FFBCFF34,0182FFBCFF3400560013FECEFF5A0139
C:/Users/MadCat/Documents/GitHub/MechwarriorRecomp/research/extract/decoded_pck/RIFPCK_TBL.decoded.bin,pck_object_0042_part_006_choice_000_frame_001,pck_object_0042,pck_object_0042_part_006,pck_object_0042_part_006_choice_000,6,0,1,0x0059BB,0,86,0x0059BD,00560013FECEFF5A,0013FECEFF5A0139F8B9FE0000000000
C:/Users/MadCat/Documents/GitHub/MechwarriorRecomp/research/extract/decoded_pck/RIFPCK_TBL.decoded.bin,pck_object_0042_part_006_choice_000_frame_002,pck_object_0042,pck_object_0042_part_006,pck_object_0042_part_006_choice_000,6,0,2,0x0059C3,1,57,0x0059C5,0139F8B9FE000000,F8B9FE0000000000F88100E9FF340071
C:/Users/MadCat/Documents/GitHub/MechwarriorRecomp/research/extract/decoded_pck/RIFPCK_TBL.decoded.bin,pck_object_0042_part_007_choice_000_frame_000,pck_object_0042,pck_object_0042_part_007,pck_object_0042_part_007_choice_000,7,0,0,0x0056B3,48,0,0x0056B5,300029003000D7FF,29003000D7FF2900B20008F800001100
C:/Users/MadCat/Documents/GitHub/MechwarriorRecomp/research/extract/decoded_pck/RIFPCK_TBL.decoded.bin,pck_object_0042_part_007_choice_000_frame_001,pck_object_0042,pck_object_0042_part_007,pck_object_0042_part_007_choice_000,7,0,1,0x0056BB,41,0,0x0056BD,2900B20008F80000,B20008F80000110038FFD007570097FF
C:/Users/MadCat/Documents/GitHub/MechwarriorRecomp/research/extract/decoded_pck/RIFPCK_TBL.decoded.bin,pck_object_0042_part_007_choice_000_frame_002,pck_object_0042,pck_object_0042_part_007,pck_object_0042_part_007_choice_000,7,0,2,0x0056C3,17,0,0x0056C5,110038FFD0075700,38FFD007570097FF9C01BBFF89FF9C01
C:/Users/MadCat/Documents/GitHub/MechwarriorRecomp/research/extract/decoded_pck/RIFPCK_TBL.decoded.bin,pck_object_0042_part_007_choice_000_frame_003,pck_object_0042,pck_object_0042_part_007,pck_object_0042_part_007_choice_000,7,0,3,0x0056CB,151,255,0x0056CD,97FF9C01BBFF89FF,9C01BBFF89FF9C01B8FFABFFB3015400
C:/Users/MadCat/Documents/GitHub/MechwarriorRecomp/research/extract/decoded_pck/RIFPCK_TBL.decoded.bin,pck_object_0075_part_000_choice_000_frame_000,pck_object_0075,pck_object_0075_part_000,pck_object_0075_part_000_choice_000,0,0,0,0x00939A,0,0,0x00939C,0000040052020000,04005202000081010101010172028100
C:/Users/MadCat/Documents/GitHub/MechwarriorRecomp/research/extract/decoded_pck/RIFPCK_TBL.decoded.bin,pck_object_0075_part_001_choice_000_frame_000,pck_object_0075,pck_object_0075_part_001,pck_object_0075_part_001_choice_000,1,0,0,0x0093DE,0,0,0x0093E0,0000020096020000,020096020000810707070712A6028100
C:/Users/MadCat/Documents/GitHub/MechwarriorRecomp/research/extract/decoded_pck/RIFPCK_TBL.decoded.bin,pck_object_0075_part_002_choice_000_frame_000,pck_object_0075,pck_object_0075_part_002,pck_object_0075_part_002_choice_000,2,0,0,0x009406,0,0,0x009408,00000400BE020000,0400BE020000810000000017DE028109
C:/Users/MadCat/Documents/GitHub/MechwarriorRecomp/research/extract/decoded_pck/RIFPCK_TBL.decoded.bin,pck_object_0075_part_003_choice_000_frame_000,pck_object_0075,pck_object_0075_part_003,pck_object_0075_part_003_choice_000,3,0,0,0x009448,0,0,0x00944A,0000050000030000,05000003000081000000001E28038108
C:/Users/MadCat/Documents/GitHub/MechwarriorRecomp/research/extract/decoded_pck/RIFPCK_TBL.decoded.bin,pck_object_0075_part_004_choice_000_frame_000,pck_object_0075,pck_object_0075_part_004,pck_object_0075_part_004_choice_000,4,0,0,0x00949B,0,0,0x00949D,0000050053030000,05005303000081000000002D7B038108
C:/Users/MadCat/Documents/GitHub/MechwarriorRecomp/research/extract/decoded_pck/RIFPCK_TBL.decoded.bin,pck_object_0075_part_005_choice_000_frame_000,pck_object_0075,pck_object_0075_part_005,pck_object_0075_part_005_choice_000,5,0,0,0x0094ED,0,0,0x0094EF,00000400A5030000,0400A503000081000000001BC5038109
C:/Users/MadCat/Documents/GitHub/MechwarriorRecomp/research/extract/decoded_pck/RIFPCK_TBL.decoded.bin,pck_object_0075_part_006_choice_000_frame_000,pck_object_0075,pck_object_0075_part_006,pck_object_0075_part_006_choice_000,6,0,0,0x00952F,0,0,0x009531,00000500E7030000,0500E703000081000000003E0F048100
C:/Users/MadCat/Documents/GitHub/MechwarriorRecomp/research/extract/decoded_pck/RIFPCK_TBL.decoded.bin,pck_object_0075_part_007_choice_000_frame_000,pck_object_0075,pck_object_0075_part_007,pck_object_0075_part_007_choice_000,7,0,0,0x009581,0,0,0x009583,0000020039040000,0200390400008000000000FF49048000
C:/Users/MadCat/Documents/GitHub/MechwarriorRecomp/research/extract/decoded_pck/RIFPCK_TBL.decoded.bin,pck_object_0081_part_000_choice_000_frame_000,pck_object_0081,pck_object_0081_part_000,pck_object_0081_part_000_choice_000,0,0,0,0x00A4A2,164,0,0x00A4A4,A400810000000006,810000000006AA00810808080809B000
C:/Users/MadCat/Documents/GitHub/MechwarriorRecomp/research/extract/decoded_pck/RIFPCK_TBL.decoded.bin,pck_object_0081_part_000_choice_000_frame_001,pck_object_0081,pck_object_0081_part_000,pck_object_0081_part_000_choice_000,0,0,1,0x00A4AA,170,0,0x00A4AC,AA00810808080809,810808080809B00081070707070BB600
C:/Users/MadCat/Documents/GitHub/MechwarriorRecomp/research/extract/decoded_pck/RIFPCK_TBL.decoded.bin,pck_object_0081_part_000_choice_000_frame_002,pck_object_0081,pck_object_0081_part_000,pck_object_0081_part_000_choice_000,0,0,2,0x00A4B2,176,0,0x00A4B4,B00081070707070B,81070707070BB60081000000000DBC00
C:/Users/MadCat/Documents/GitHub/MechwarriorRecomp/research/extract/decoded_pck/RIFPCK_TBL.decoded.bin,pck_object_0081_part_000_choice_000_frame_003,pck_object_0081,pck_object_0081_part_000,pck_object_0081_part_000_choice_000,0,0,3,0x00A4BA,182,0,0x00A4BC,B60081000000000D,81000000000DBC000202030405FF0202
C:/Users/MadCat/Documents/GitHub/MechwarriorRecomp/research/extract/decoded_pck/RIFPCK_TBL.decoded.bin,pck_object_0081_part_000_choice_000_frame_004,pck_object_0081,pck_object_0081_part_000,pck_object_0081_part_000_choice_000,0,0,4,0x00A4C2,188,0,0x00A4C4,BC000202030405FF,0202030405FF0202050708FF08080A03
